Godot Engine v4.5.1.stable.official.f62fdbde1 - https://godotengine.org
Vulkan 1.2.283 - Forward+ - Using Device #0: Apple - Apple M1 Pro

WARNING: res://traffic/npc_lada_2109.tscn:4 - ext_resource, invalid UID: uid://bvnqxj3m4y5oa - using text path instead: res://car/models/lada_2109_dps/scene.gltf
     at: load (scene/resources/resource_format_text.cpp:444)
WARNING: res://traffic/npc_taxi.tscn:4 - ext_resource, invalid UID: uid://taxi_model - using text path instead: res://car/models/lada_2109_taxi/scene.gltf
     at: load (scene/resources/resource_format_text.cpp:444)
ERROR: Error opening file 'res://icon.svg'.
   at: load_image (core/io/image_loader.cpp:89)
MusicManager: Now playing track 0: Петя Павлов - Я хочу скорости
OSM: Initializing textures...
WARNING: Loaded resource as image file, this will not work on export: 'res://textures/Grass004_1K-JPG_Color.jpg'. Instead, import the image file as an Image resource and load it normally as a resource.
     at: load_from_file (core/io/image.cpp:2541)
     GDScript backtrace (most recent call first):
         [0] _init_textures (res://osm/osm_terrain_generator.gd:299)
         [1] _ready (res://osm/osm_terrain_generator.gd:226)
OSM: Textures initialized in 1516 ms
OSM: Initializing window shader (compile once, reuse for all batches)...
OSM: Window shader compiled
=== Performance Profiler Started ===
[OSMTerrain] Profiler created for diagnostics
OSMTerrainGenerator: Profiler connected - road performance will be measured

========== Bottleneck Analyzer Started ==========
Collecting performance data...
=================================================


========== DETAILED PERFORMANCE TEST ==========
Random seed: 12345 (fixed for reproducibility)
Location: Cherepovets (59.1167, 37.9000)
Duration: 90 seconds
Spike threshold: 25.0 ms
Tracking: Every spike > 25.0 ms
Night mode: ENABLED
==============================================

2026-01-31 06:44:12.253 Godot[67537:2093849] +[IMKClient subclass]: chose IMKClient_Modern
2026-01-31 06:44:12.254 Godot[67537:2093849] +[IMKInputSession subclass]: chose IMKInputSession_Modern
OSM: Night mode enabled
OSM: Chunk distances - load: 700, unload: 900
OSM: Fog enabled (density: 0.0013 for 600m)
OSM: Ready for loading (waiting for start_loading call)...
Nexia: Found mesh: body_Car Paint PL_0
  -> Created override material for surface 0
  -> Material: Car_Paint_PL (StandardMaterial3D)
  -> Changed body color to cherry (glossy)
Nexia: Found mesh: body_Car Paint PL_02
  -> Created override material for surface 0
  -> Material: Car_Paint_PL (StandardMaterial3D)
  -> Changed body color to cherry (glossy)
Nexia: Found mesh: body_Car Paint PL_03
  -> Created override material for surface 0
  -> Material: Car_Paint_PL (StandardMaterial3D)
  -> Changed body color to cherry (glossy)
Nexia: Found mesh: body_Black leather_0
  -> Skipping (light/wheel/chrome/interior)
Nexia: Found mesh: body_Black leather_02
  -> Skipping (light/wheel/chrome/interior)
Nexia: Found mesh: body_Black leather_03
  -> Skipping (light/wheel/chrome/interior)
Nexia: Found mesh: body_Black Opaque  Glass_0
  -> Created override material for surface 0
  -> Material: Black_Opaque__Glass (StandardMaterial3D)
  -> Changed glass to tinted (day mode)
Nexia: Found mesh: body_mattemetal_0
  -> Skipping (light/wheel/chrome/interior)
Nexia: Found mesh: body_orangeglass_0
  -> Skipping (light/wheel/chrome/interior)
Nexia: Found mesh: body_chrome_0
  -> Skipping (light/wheel/chrome/interior)
Nexia: Found mesh: body_chrome_02
  -> Skipping (light/wheel/chrome/interior)
Nexia: Found mesh: body_chrome_03
  -> Skipping (light/wheel/chrome/interior)
Nexia: Found mesh: body_chrome_04
  -> Skipping (light/wheel/chrome/interior)
Nexia: Found mesh: body_redglass_0
  -> Skipping (light/wheel/chrome/interior)
Nexia: Found mesh: body_AR3DMat Procedural Realistic Mirror_0
  -> Skipping (light/wheel/chrome/interior)
Nexia: Found mesh: wheel_front_left_TireProcedural_0
  -> Skipping (light/wheel/chrome/interior)
Nexia: Found mesh: wheel_front_left_rim_0
  -> Skipping (light/wheel/chrome/interior)
Nexia: Found mesh: wheel_front_left_black_0
  -> Skipping (light/wheel/chrome/interior)
Nexia: Found mesh: wheel_front_left_brakedisk_0
  -> Skipping (light/wheel/chrome/interior)
Nexia: Found mesh: wheel_front_left_mattemetal_0
  -> Skipping (light/wheel/chrome/interior)
Nexia: Found mesh: wheel_front_right_TireProcedural_0
  -> Skipping (light/wheel/chrome/interior)
Nexia: Found mesh: wheel_front_right_rim_0
  -> Skipping (light/wheel/chrome/interior)
Nexia: Found mesh: wheel_front_right_black_0
  -> Skipping (light/wheel/chrome/interior)
Nexia: Found mesh: wheel_front_right_brakedisk_0
  -> Skipping (light/wheel/chrome/interior)
Nexia: Found mesh: wheel_front_right_mattemetal_0
  -> Skipping (light/wheel/chrome/interior)
Nexia: Found mesh: wheel_rear_left_TireProcedural_0
  -> Skipping (light/wheel/chrome/interior)
Nexia: Found mesh: wheel_rear_left_black_0
  -> Skipping (light/wheel/chrome/interior)
Nexia: Found mesh: wheel_rear_left_brakedisk_0
  -> Skipping (light/wheel/chrome/interior)
Nexia: Found mesh: wheel_rear_left_rim_0
  -> Skipping (light/wheel/chrome/interior)
Nexia: Found mesh: wheel_rear_left_mattemetal_0
  -> Skipping (light/wheel/chrome/interior)
Nexia: Found mesh: wheel_rear_right_TireProcedural_0
  -> Skipping (light/wheel/chrome/interior)
Nexia: Found mesh: wheel_rear_right_black_0
  -> Skipping (light/wheel/chrome/interior)
Nexia: Found mesh: wheel_rear_right_brakedisk_0
  -> Skipping (light/wheel/chrome/interior)
Nexia: Found mesh: wheel_rear_right_rim_0
  -> Skipping (light/wheel/chrome/interior)
Nexia: Found mesh: wheel_rear_right_mattemetal_0
  -> Skipping (light/wheel/chrome/interior)
Nexia: Found taillight mesh: body_redglass_0
  -> Added taillight material
  -> Created brake SpotLight at (-0.5, 0.9, 1.95)
  -> Created brake SpotLight at (0.5, 0.9, 1.95)
Nexia: Found front marker mesh: body_orangeglass_0
  -> Added front marker material
  -> Created headlight SpotLight at (-0.55, 0.75, -1.9)
  -> Created headlight SpotLight at (0.55, 0.75, -1.9)
  -> Created underglow with 16 lights
Nexia model setup complete
=== Performance Profiler Started ===
[TrafficManager] Profiler created for diagnostics
TrafficManager: Initialized (max 200 NPCs)
NightModeManager: Ready (day mode, no rain)
GraphicsSettings: Found WorldEnvironment
GraphicsSettings: Found Camera3D: Camera3D
GraphicsSettings: Loading settings from file...
GraphicsSettings: Settings loaded - FXAA: false, TAA: true, MSAA: 1
GraphicsSettings: Applying initial settings...
SSR: OFF
Fog: ON
Glow: ON
SSAO: ON
TAA: ON
MSAA: 2X
FXAA disabled on root viewport
DOF: ON (far distance: 100m)
GraphicsSettings: Ready
[Systems Found]
  OSMTerrain: NO
  TrafficManager: NO
  NightModeManager: NO
  Player Car: YES

[PerformanceTestDetailed] Found nodes:
  Car: YES
  VehicleInput: YES
  OSMTerrain: YES
[PerformanceTestDetailed] Night mode ENABLED (windows + lights + moon)
[PerformanceTestDetailed] Connected to terrain loading signals
[PerformanceTestDetailed] Starting terrain loading...
OSM: Starting initial loading... (generation 0)
OSM: State before start: _loaded_chunks=0, _loading_chunks=0
OSM: Loading chunks around car position (0.0, 0.9, 0.0)
OSM: Need to load 16 chunks for initial area
OSM: Emitting initial_load_started signal...
OSM: initial_load_started signal emitted
OSM: Loading chunk -2,-2 at lat=59.1208, lon=37.8921
OSM: Loaded from cache: osm_v2_59.1208_37.8921_250.json
OSM: Loading chunk -2,-1 at lat=59.1181, lon=37.8921
OSM: Loaded from cache: osm_v2_59.1181_37.8921_250.json
OSM: Loading chunk -2,0 at lat=59.1153, lon=37.8921
OSM: Loaded from cache: osm_v2_59.1153_37.8921_250.json
OSM: Loading chunk -2,1 at lat=59.1126, lon=37.8921
OSM: Loaded from cache: osm_v2_59.1126_37.8921_250.json
OSM: Loading chunk -1,-2 at lat=59.1208, lon=37.8974
OSM: Loaded from cache: osm_v2_59.1208_37.8974_250.json
OSM: Loading chunk -1,-1 at lat=59.1181, lon=37.8974
OSM: Loaded from cache: osm_v2_59.1181_37.8974_250.json
OSM: Loading chunk -1,0 at lat=59.1153, lon=37.8974
OSM: Loaded from cache: osm_v2_59.1153_37.8974_250.json
OSM: Loading chunk -1,1 at lat=59.1126, lon=37.8974
OSM: Loaded from cache: osm_v2_59.1126_37.8974_250.json
OSM: Loading chunk 0,-2 at lat=59.1208, lon=37.9026
OSM: Loaded from cache: osm_v2_59.1208_37.9026_250.json
OSM: Loading chunk 0,-1 at lat=59.1181, lon=37.9026
OSM: Loaded from cache: osm_v2_59.1181_37.9026_250.json
OSM: Loading chunk 0,0 at lat=59.1153, lon=37.9026
OSM: Loaded from cache: osm_v2_59.1153_37.9026_250.json
OSM: Loading chunk 0,1 at lat=59.1126, lon=37.9026
OSM: Loaded from cache: osm_v2_59.1126_37.9026_250.json
OSM: Loading chunk 1,-2 at lat=59.1208, lon=37.9079
OSM: Loaded from cache: osm_v2_59.1208_37.9079_250.json
OSM: Loading chunk 1,-1 at lat=59.1181, lon=37.9079
OSM: Loaded from cache: osm_v2_59.1181_37.9079_250.json
OSM: Loading chunk 1,0 at lat=59.1153, lon=37.9079
OSM: Loaded from cache: osm_v2_59.1153_37.9079_250.json
OSM: Loading chunk 1,1 at lat=59.1126, lon=37.9079
OSM: Loaded from cache: osm_v2_59.1126_37.9079_250.json
OSM: Started loading 16 chunks (total needed: 16, already loaded: 0)
OSM: Chunk -2,-2 data loaded
OSM: Found 7 POI nodes in chunk
POI_DEBUG: Found 'Магнит' inside building at local (-583.6, -540.7)
POI_DEBUG: Found 'Бристоль' inside building at local (-593.0, -497.7)
POI_DEBUG: Found 'Антей' inside building at local (-591.1, -510.1)
BusinessSign: Found logo for 'магнит' -> res://textures/brand_logos/magnit.png
POI_DEBUG: Found 'Ozon' inside building at local (-577.4, -467.7)
POI_DEBUG: Found 'Пятёрочка' inside building at local (-583.9, -471.4)
BusinessSign: Found logo for 'ozon' -> res://textures/brand_logos/ozon.png
BusinessSign: Found logo for 'пятёрочка' -> res://textures/brand_logos/pyaterochka.png
OSM: Generated 39 roads, 29 buildings, 0 trees, 0 signs, 0 lamps, 22 intersections
OSM: Marked chunk '-2,-2' for road batch finalization
OSM DEBUG: Missing chunks (15): ["-2,-1", "-2,0", "-2,1", "-1,-2", "-1,-1", "-1,0", "-1,1", "0,-2", "0,-1", "0,0", "0,1", "1,-2", "1,-1", "1,0", "1,1"]
  - Currently loading: ["-2,-1", "-2,0", "-2,1", "-1,-2", "-1,-1", "-1,0", "-1,1", "0,-2", "0,-1", "0,0", "0,1", "1,-2", "1,-1", "1,0", "1,1"]
OSM: Chunk -2,-1 data loaded
OSM: Generated 30 roads, 10 buildings, 0 trees, 0 signs, 0 lamps, 6 intersections
OSM: Marked chunk '-2,-1' for road batch finalization
OSM DEBUG: Missing chunks (14): ["-2,0", "-2,1", "-1,-2", "-1,-1", "-1,0", "-1,1", "0,-2", "0,-1", "0,0", "0,1", "1,-2", "1,-1", "1,0", "1,1"]
  - Currently loading: ["-2,0", "-2,1", "-1,-2", "-1,-1", "-1,0", "-1,1", "0,-2", "0,-1", "0,0", "0,1", "1,-2", "1,-1", "1,0", "1,1"]
OSM: Chunk -2,0 data loaded
OSM: Generated 13 roads, 3 buildings, 0 trees, 0 signs, 0 lamps, 1 intersections
OSM: Marked chunk '-2,0' for road batch finalization
OSM DEBUG: Missing chunks (13): ["-2,1", "-1,-2", "-1,-1", "-1,0", "-1,1", "0,-2", "0,-1", "0,0", "0,1", "1,-2", "1,-1", "1,0", "1,1"]
  - Currently loading: ["-2,1", "-1,-2", "-1,-1", "-1,0", "-1,1", "0,-2", "0,-1", "0,0", "0,1", "1,-2", "1,-1", "1,0", "1,1"]
OSM: Chunk -2,1 data loaded
OSM: Generated 0 roads, 0 buildings, 0 trees, 0 signs, 0 lamps, 0 intersections
OSM: Marked chunk '-2,1' for road batch finalization
OSM DEBUG: Missing chunks (12): ["-1,-2", "-1,-1", "-1,0", "-1,1", "0,-2", "0,-1", "0,0", "0,1", "1,-2", "1,-1", "1,0", "1,1"]
  - Currently loading: ["-1,-2", "-1,-1", "-1,0", "-1,1", "0,-2", "0,-1", "0,0", "0,1", "1,-2", "1,-1", "1,0", "1,1"]
OSM: Chunk -1,-2 data loaded
OSM: Found 5 entrance nodes in chunk
OSM: Found 6 POI nodes in chunk
OSM: Generated 33 roads, 31 buildings, 0 trees, 0 signs, 0 lamps, 13 intersections
OSM: Marked chunk '-1,-2' for road batch finalization
OSM DEBUG: Missing chunks (11): ["-1,-1", "-1,0", "-1,1", "0,-2", "0,-1", "0,0", "0,1", "1,-2", "1,-1", "1,0", "1,1"]
  - Currently loading: ["-1,-1", "-1,0", "-1,1", "0,-2", "0,-1", "0,0", "0,1", "1,-2", "1,-1", "1,0", "1,1"]
OSM: Chunk -1,-1 data loaded
OSM: Found 3 POI nodes in chunk
POI_DEBUG: Found 'Магнит' inside building at local (-106.5, -187.7)
BusinessSign: Found logo for 'магнит' -> res://textures/brand_logos/magnit.png
POI_DEBUG: Found 'Северный градус' inside building at local (-108.4, -158.5)
BusinessSign: Found logo for 'северный градус' -> res://textures/brand_logos/severniy-gradus.png
OSM: Generated 55 roads, 21 buildings, 1 trees, 0 signs, 0 lamps, 27 intersections
OSM: Marked chunk '-1,-1' for road batch finalization
OSM DEBUG: Missing chunks (10): ["-1,0", "-1,1", "0,-2", "0,-1", "0,0", "0,1", "1,-2", "1,-1", "1,0", "1,1"]
  - Currently loading: ["-1,0", "-1,1", "0,-2", "0,-1", "0,0", "0,1", "1,-2", "1,-1", "1,0", "1,1"]
OSM: Chunk -1,0 data loaded
OSM: Found 1 POI nodes in chunk
OSM: Generated 20 roads, 11 buildings, 0 trees, 0 signs, 0 lamps, 9 intersections
OSM: Marked chunk '-1,0' for road batch finalization
OSM DEBUG: Missing chunks (9): ["-1,1", "0,-2", "0,-1", "0,0", "0,1", "1,-2", "1,-1", "1,0", "1,1"]
  - Currently loading: ["-1,1", "0,-2", "0,-1", "0,0", "0,1", "1,-2", "1,-1", "1,0", "1,1"]
OSM: Chunk -1,1 data loaded
OSM: Generated 0 roads, 0 buildings, 0 trees, 0 signs, 0 lamps, 0 intersections
OSM: Marked chunk '-1,1' for road batch finalization
OSM DEBUG: Missing chunks (8): ["0,-2", "0,-1", "0,0", "0,1", "1,-2", "1,-1", "1,0", "1,1"]
  - Currently loading: ["0,-2", "0,-1", "0,0", "0,1", "1,-2", "1,-1", "1,0", "1,1"]
OSM: Chunk 0,-2 data loaded
OSM: Found 10 POI nodes in chunk
POI_DEBUG: Found 'Антей' inside building at local (29.3, -584.4)
POI_DEBUG: Found 'Coffee Like' inside building at local (88.6, -413.9)
OSM: Generated 59 roads, 20 buildings, 0 trees, 0 signs, 0 lamps, 15 intersections
OSM: Marked chunk '0,-2' for road batch finalization
OSM DEBUG: Missing chunks (7): ["0,-1", "0,0", "0,1", "1,-2", "1,-1", "1,0", "1,1"]
  - Currently loading: ["0,-1", "0,0", "0,1", "1,-2", "1,-1", "1,0", "1,1"]
OSM: Chunk 0,-1 data loaded
OSM: Found 3 entrance nodes in chunk
OSM: Found 4 POI nodes in chunk
POI_DEBUG: Found 'Фонд капитального ремонта многоквартирных домов Вологодской области' inside building at local (283.4, -263.6)
POI_DEBUG: Found 'Пионер-сервис. Сервисный центр Самсунг' inside building at local (240.9, -141.4)
OSM: Generated 61 roads, 15 buildings, 0 trees, 0 signs, 0 lamps, 17 intersections
OSM: Marked chunk '0,-1' for road batch finalization
OSM DEBUG: Missing chunks (6): ["0,0", "0,1", "1,-2", "1,-1", "1,0", "1,1"]
  - Currently loading: ["0,0", "0,1", "1,-2", "1,-1", "1,0", "1,1"]
OSM: Chunk 0,0 data loaded
OSM: Found 2 entrance nodes in chunk
OSM: Generated 42 roads, 0 buildings, 0 trees, 0 signs, 0 lamps, 4 intersections
OSM: Marked chunk '0,0' for road batch finalization
OSM DEBUG: Missing chunks (5): ["0,1", "1,-2", "1,-1", "1,0", "1,1"]
  - Currently loading: ["0,1", "1,-2", "1,-1", "1,0", "1,1"]
OSM: Chunk 0,1 data loaded
OSM: Generated 1 roads, 0 buildings, 0 trees, 0 signs, 0 lamps, 0 intersections
OSM: Marked chunk '0,1' for road batch finalization
OSM DEBUG: Missing chunks (4): ["1,-2", "1,-1", "1,0", "1,1"]
  - Currently loading: ["1,-2", "1,-1", "1,0", "1,1"]
OSM: Chunk 1,-2 data loaded
OSM: Found 4 entrance nodes in chunk
OSM: Found 11 POI nodes in chunk
POI_DEBUG: Found 'Ли Лу' inside building at local (337.6, -257.6)
POI_DEBUG: Found 'ВТБ' inside building at local (407.3, -531.1)
BusinessSign: Found logo for 'втб' -> res://textures/brand_logos/vtb.png
POI_DEBUG: Found 'OTP-банк' inside building at local (592.3, -604.5)
POI_DEBUG: Found 'ВТБ' inside building at local (594.8, -612.1)
POI_DEBUG: Found 'Шашлычек' inside building at local (589.3, -592.4)
POI_DEBUG: Found 'Easy Slip' inside building at local (581.6, -593.1)
BusinessSign: Found logo for 'втб' -> res://textures/brand_logos/vtb.png
OSM: Generated 52 roads, 35 buildings, 0 trees, 0 signs, 0 lamps, 34 intersections
OSM: Marked chunk '1,-2' for road batch finalization
OSM DEBUG: Missing chunks (3): ["1,-1", "1,0", "1,1"]
  - Currently loading: ["1,-1", "1,0", "1,1"]
OSM: Chunk 1,-1 data loaded
OSM: Found 8 entrance nodes in chunk
OSM: Found 5 POI nodes in chunk
POI_DEBUG: Found 'Фонд капитального ремонта многоквартирных домов Вологодской области' inside building at local (283.4, -263.6)
POI_DEBUG: Found 'Ли Лу' inside building at local (337.6, -257.6)
OSM: Generated 51 roads, 33 buildings, 0 trees, 0 signs, 0 lamps, 41 intersections
OSM: Marked chunk '1,-1' for road batch finalization
OSM DEBUG: Missing chunks (2): ["1,0", "1,1"]
  - Currently loading: ["1,0", "1,1"]
OSM: Chunk 1,0 data loaded
OSM: Found 4 entrance nodes in chunk
OSM: Generated 2 roads, 2 buildings, 0 trees, 0 signs, 0 lamps, 0 intersections
OSM: Marked chunk '1,0' for road batch finalization
OSM DEBUG: Missing chunks (1): ["1,1"]
  - Currently loading: ["1,1"]
OSM: Chunk 1,1 data loaded
OSM: Generated 0 roads, 0 buildings, 0 trees, 0 signs, 0 lamps, 0 intersections
OSM: Marked chunk '1,1' for road batch finalization
OSM DEBUG: Chunks loaded 16/16, but queues not empty:
  - _building_results: 176
  - _road_queue: 458
  - _terrain_objects_queue: 97
  - _infrastructure_queue: 177
  - _pending_building_tasks: 0
OSM: DEBUG _add_road_to_batch - first road for chunk '0,0', parent.name='Chunk_0,0'
OSM: DEBUG _add_road_to_batch - first road for chunk '-1,0', parent.name='Chunk_-1,0'
OSM: DEBUG _add_road_to_batch - first road for chunk '0,-1', parent.name='Chunk_0,-1'
OSM: DEBUG _add_road_to_batch - first road for chunk '-1,-1', parent.name='Chunk_-1,-1'
⚠️ SLOW FRAME 95.1ms: building=1.2 road=8.0 terrain=69.2 infra=1.2 veg=15.5 curb=0.0ms
OSM DEBUG: Chunks loaded 16/16, but queues not empty:
  - _building_results: 175
  - _road_queue: 437
  - _terrain_objects_queue: 95
  - _infrastructure_queue: 176
  - _pending_building_tasks: 0
OSM: DEBUG _add_road_to_batch - first road for chunk '-2,-1', parent.name='Chunk_-2,-1'
⚠️ SLOW FRAME 17.6ms: building=0.9 road=15.4 terrain=0.6 infra=0.7 veg=0.0 curb=0.0ms
OSM DEBUG: Chunks loaded 16/16, but queues not empty:
  - _building_results: 174
  - _road_queue: 422
  - _terrain_objects_queue: 93
  - _infrastructure_queue: 175
  - _pending_building_tasks: 0
⚠️ SLOW FRAME 12.9ms: building=0.9 road=10.6 terrain=0.6 infra=0.7 veg=0.0 curb=0.0ms
OSM DEBUG: Chunks loaded 16/16, but queues not empty:
  - _building_results: 173
  - _road_queue: 421
  - _terrain_objects_queue: 91
  - _infrastructure_queue: 174
  - _pending_building_tasks: 0
OSM: DEBUG _add_road_to_batch - first road for chunk '0,-2', parent.name='Chunk_0,-2'
OSM: DEBUG _add_road_to_batch - first road for chunk '-1,-2', parent.name='Chunk_-1,-2'
OSM DEBUG: Chunks loaded 16/16, but queues not empty:
  - _building_results: 172
  - _road_queue: 383
  - _terrain_objects_queue: 89
  - _infrastructure_queue: 173
  - _pending_building_tasks: 0
OSM DEBUG: Chunks loaded 16/16, but queues not empty:
  - _building_results: 171
  - _road_queue: 365
  - _terrain_objects_queue: 87
  - _infrastructure_queue: 172
  - _pending_building_tasks: 0
OSM DEBUG: Chunks loaded 16/16, but queues not empty:
  - _building_results: 170
  - _road_queue: 356
  - _terrain_objects_queue: 85
  - _infrastructure_queue: 171
  - _pending_building_tasks: 0
⚠️ SLOW FRAME 10.4ms: building=1.0 road=7.9 terrain=0.5 infra=1.0 veg=0.0 curb=0.0ms
OSM DEBUG: Chunks loaded 16/16, but queues not empty:
  - _building_results: 169
  - _road_queue: 345
  - _terrain_objects_queue: 83
  - _infrastructure_queue: 170
  - _pending_building_tasks: 0
OSM: DEBUG _add_road_to_batch - first road for chunk '-2,0', parent.name='Chunk_-2,0'
OSM DEBUG: Chunks loaded 16/16, but queues not empty:
  - _building_results: 168
  - _road_queue: 313
  - _terrain_objects_queue: 81
  - _infrastructure_queue: 169
  - _pending_building_tasks: 0
OSM: DEBUG _add_road_to_batch - first road for chunk '1,-1', parent.name='Chunk_1,-1'
OSM DEBUG: Chunks loaded 16/16, but queues not empty:
  - _building_results: 167
  - _road_queue: 289
  - _terrain_objects_queue: 79
  - _infrastructure_queue: 168
  - _pending_building_tasks: 0
OSM DEBUG: Chunks loaded 16/16, but queues not empty:
  - _building_results: 166
  - _road_queue: 278
  - _terrain_objects_queue: 77
  - _infrastructure_queue: 167
  - _pending_building_tasks: 0
OSM: DEBUG _add_road_to_batch - first road for chunk '1,0', parent.name='Chunk_1,0'
OSM: DEBUG _add_road_to_batch - first road for chunk '1,-2', parent.name='Chunk_1,-2'
OSM: DEBUG _add_road_to_batch - first road for chunk '-2,-2', parent.name='Chunk_-2,-2'
OSM DEBUG: Chunks loaded 16/16, but queues not empty:
  - _building_results: 165
  - _road_queue: 237
  - _terrain_objects_queue: 75
  - _infrastructure_queue: 166
  - _pending_building_tasks: 0
OSM DEBUG: Chunks loaded 16/16, but queues not empty:
  - _building_results: 164
  - _road_queue: 218
  - _terrain_objects_queue: 73
  - _infrastructure_queue: 165
  - _pending_building_tasks: 0
OSM DEBUG: Chunks loaded 16/16, but queues not empty:
  - _building_results: 163
  - _road_queue: 204
  - _terrain_objects_queue: 71
  - _infrastructure_queue: 164
  - _pending_building_tasks: 0
OSM DEBUG: Chunks loaded 16/16, but queues not empty:
  - _building_results: 162
  - _road_queue: 177
  - _terrain_objects_queue: 69
  - _infrastructure_queue: 163
  - _pending_building_tasks: 0
OSM DEBUG: Chunks loaded 16/16, but queues not empty:
  - _building_results: 161
  - _road_queue: 112
  - _terrain_objects_queue: 67
  - _infrastructure_queue: 162
  - _pending_building_tasks: 0
OSM DEBUG: Chunks loaded 16/16, but queues not empty:
  - _building_results: 160
  - _road_queue: 80
  - _terrain_objects_queue: 65
  - _infrastructure_queue: 161
  - _pending_building_tasks: 0
OSM DEBUG: Chunks loaded 16/16, but queues not empty:
  - _building_results: 159
  - _road_queue: 58
  - _terrain_objects_queue: 63
  - _infrastructure_queue: 160
  - _pending_building_tasks: 0
OSM DEBUG: Chunks loaded 16/16, but queues not empty:
  - _building_results: 158
  - _road_queue: 20
  - _terrain_objects_queue: 61
  - _infrastructure_queue: 159
  - _pending_building_tasks: 0
OSM: DEBUG _add_road_to_batch - first road for chunk '0,1', parent.name='Chunk_0,1'
OSM DEBUG: Chunks loaded 16/16, but queues not empty:
  - _building_results: 157
  - _road_queue: 6
  - _terrain_objects_queue: 59
  - _infrastructure_queue: 158
  - _pending_building_tasks: 0
⚠️ SLOW FRAME 14.3ms: building=0.9 road=11.9 terrain=0.8 infra=0.8 veg=0.0 curb=0.0ms
OSM DEBUG: Chunks loaded 16/16, but queues not empty:
  - _building_results: 156
  - _road_queue: 1
  - _terrain_objects_queue: 57
  - _infrastructure_queue: 157
  - _pending_building_tasks: 0
⚠️ SLOW FRAME 12.5ms: building=0.9 road=10.3 terrain=0.5 infra=0.7 veg=0.0 curb=0.0ms
OSM DEBUG: Chunks loaded 16/16, but queues not empty:
  - _building_results: 155
  - _road_queue: 0
  - _terrain_objects_queue: 55
  - _infrastructure_queue: 156
  - _pending_building_tasks: 0
🔴 FREEZE: road collision shape creation took 12.8 ms for chunk -2,-2 (type: residential)
OSM: ✅ Finalized road batch -2,-2/residential: 1688 vertices, 1638 triangles, material: <ImageTexture#-9223371972681922551>
OSM: ✅ Finalized road batch -2,-2/path: 494 vertices, 466 triangles, material: <ImageTexture#-9223371972598036470>
⚠️ SLOW: road batch finalization took 15.5 ms for chunk -2,-2
⚠️ SLOW FRAME 17.8ms: building=0.9 road=15.6 terrain=0.6 infra=0.6 veg=0.0 curb=0.0ms
OSM DEBUG: Chunks loaded 16/16, but queues not empty:
  - _building_results: 154
  - _road_queue: 0
  - _terrain_objects_queue: 53
  - _infrastructure_queue: 155
  - _pending_building_tasks: 0
🔴 FREEZE: road collision shape creation took 12.0 ms for chunk -2,-1 (type: primary)
OSM: ✅ Finalized road batch -2,-1/primary: 962 vertices, 958 triangles, material: <ImageTexture#-9223371972765808632>
OSM: ✅ Finalized road batch -2,-1/residential: 390 vertices, 372 triangles, material: <ImageTexture#-9223371972681922551>
OSM: ✅ Finalized road batch -2,-1/path: 1904 vertices, 1866 triangles, material: <ImageTexture#-9223371972598036470>
⚠️ SLOW: road batch finalization took 18.0 ms for chunk -2,-1
⚠️ SLOW FRAME 20.0ms: building=0.9 road=18.0 terrain=0.4 infra=0.6 veg=0.0 curb=0.0ms
OSM DEBUG: Chunks loaded 16/16, but queues not empty:
  - _building_results: 153
  - _road_queue: 0
  - _terrain_objects_queue: 51
  - _infrastructure_queue: 154
  - _pending_building_tasks: 0
🔴 FREEZE: road collision shape creation took 12.0 ms for chunk -2,0 (type: residential)
OSM: ✅ Finalized road batch -2,0/residential: 386 vertices, 376 triangles, material: <ImageTexture#-9223371972681922551>
OSM: ✅ Finalized road batch -2,0/path: 1336 vertices, 1320 triangles, material: <ImageTexture#-9223371972598036470>
⚠️ SLOW: road batch finalization took 15.6 ms for chunk -2,0
⚠️ SLOW FRAME 17.6ms: building=0.9 road=15.7 terrain=0.4 infra=0.7 veg=0.0 curb=0.0ms
OSM DEBUG: Chunks loaded 16/16, but queues not empty:
  - _building_results: 152
  - _road_queue: 0
  - _terrain_objects_queue: 49
  - _infrastructure_queue: 153
  - _pending_building_tasks: 0
⚠️ SLOW FRAME 35.6ms: building=0.9 road=0.0 terrain=12.4 infra=0.7 veg=21.6 curb=0.0ms
OSM DEBUG: Chunks loaded 16/16, but queues not empty:
  - _building_results: 151
  - _road_queue: 0
  - _terrain_objects_queue: 47
  - _infrastructure_queue: 152
  - _pending_building_tasks: 0
OSM: ✅ Finalized road batch -1,-2/path: 522 vertices, 500 triangles, material: <ImageTexture#-9223371972598036470>
OSM: ✅ Finalized road batch -1,-2/residential: 1384 vertices, 1340 triangles, material: <ImageTexture#-9223371972681922551>
OSM DEBUG: Chunks loaded 16/16, but queues not empty:
  - _building_results: 150
  - _road_queue: 0
  - _terrain_objects_queue: 45
  - _infrastructure_queue: 151
  - _pending_building_tasks: 0
OSM: ✅ Finalized road batch -1,-1/path: 1720 vertices, 1672 triangles, material: <ImageTexture#-9223371972598036470>
OSM: ✅ Finalized road batch -1,-1/primary: 1152 vertices, 1144 triangles, material: <ImageTexture#-9223371972765808632>
OSM: ✅ Finalized road batch -1,-1/residential: 1666 vertices, 1612 triangles, material: <ImageTexture#-9223371972681922551>
⚠️ SLOW: road batch finalization took 11.7 ms for chunk -1,-1
⚠️ SLOW FRAME 13.7ms: building=0.8 road=11.8 terrain=0.4 infra=0.7 veg=0.0 curb=0.0ms
OSM DEBUG: Chunks loaded 16/16, but queues not empty:
  - _building_results: 149
  - _road_queue: 0
  - _terrain_objects_queue: 43
  - _infrastructure_queue: 150
  - _pending_building_tasks: 0
🔴 FREEZE: road collision shape creation took 16.7 ms for chunk -1,0 (type: path)
OSM: ✅ Finalized road batch -1,0/path: 246 vertices, 234 triangles, material: <ImageTexture#-9223371972598036470>
OSM: ✅ Finalized road batch -1,0/residential: 928 vertices, 900 triangles, material: <ImageTexture#-9223371972681922551>
⚠️ SLOW: road batch finalization took 19.4 ms for chunk -1,0
⚠️ SLOW FRAME 21.4ms: building=0.9 road=19.5 terrain=0.4 infra=0.6 veg=0.0 curb=0.0ms
OSM DEBUG: Chunks loaded 16/16, but queues not empty:
  - _building_results: 148
  - _road_queue: 0
  - _terrain_objects_queue: 41
  - _infrastructure_queue: 149
  - _pending_building_tasks: 0
OSM DEBUG: Chunks loaded 16/16, but queues not empty:
  - _building_results: 147
  - _road_queue: 0
  - _terrain_objects_queue: 39
  - _infrastructure_queue: 148
  - _pending_building_tasks: 0
🔴 FREEZE: road collision shape creation took 11.8 ms for chunk 0,-2 (type: path)
OSM: ✅ Finalized road batch 0,-2/path: 1494 vertices, 1434 triangles, material: <ImageTexture#-9223371972598036470>
OSM: ✅ Finalized road batch 0,-2/residential: 2208 vertices, 2158 triangles, material: <ImageTexture#-9223371972681922551>
OSM: ✅ Finalized road batch 0,-2/primary: 362 vertices, 354 triangles, material: <ImageTexture#-9223371972765808632>
⚠️ SLOW: road batch finalization took 19.0 ms for chunk 0,-2
⚠️ SLOW FRAME 20.9ms: building=0.9 road=19.0 terrain=0.3 infra=0.6 veg=0.0 curb=0.0ms
OSM DEBUG: Chunks loaded 16/16, but queues not empty:
  - _building_results: 146
  - _road_queue: 0
  - _terrain_objects_queue: 37
  - _infrastructure_queue: 147
  - _pending_building_tasks: 0
🔴 FREEZE: road collision shape creation took 12.3 ms for chunk 0,-1 (type: path)
OSM: ✅ Finalized road batch 0,-1/path: 2306 vertices, 2236 triangles, material: <ImageTexture#-9223371972598036470>
OSM: ✅ Finalized road batch 0,-1/primary: 1070 vertices, 1046 triangles, material: <ImageTexture#-9223371972765808632>
OSM: ✅ Finalized road batch 0,-1/residential: 1164 vertices, 1136 triangles, material: <ImageTexture#-9223371972681922551>
⚠️ SLOW: road batch finalization took 19.5 ms for chunk 0,-1
⚠️ SLOW FRAME 21.8ms: building=1.0 road=19.6 terrain=0.4 infra=0.9 veg=0.0 curb=0.0ms
OSM DEBUG: Chunks loaded 16/16, but queues not empty:
  - _building_results: 145
  - _road_queue: 0
  - _terrain_objects_queue: 35
  - _infrastructure_queue: 146
  - _pending_building_tasks: 0
🔴 FREEZE: road collision shape creation took 10.9 ms for chunk 0,0 (type: path)
OSM: ✅ Finalized road batch 0,0/path: 1540 vertices, 1486 triangles, material: <ImageTexture#-9223371972598036470>
OSM: ✅ Finalized road batch 0,0/primary: 446 vertices, 432 triangles, material: <ImageTexture#-9223371972765808632>
OSM: ✅ Finalized road batch 0,0/residential: 336 vertices, 320 triangles, material: <ImageTexture#-9223371972681922551>
⚠️ SLOW: road batch finalization took 14.6 ms for chunk 0,0
⚠️ SLOW FRAME 17.0ms: building=1.0 road=14.6 terrain=0.4 infra=1.0 veg=0.0 curb=0.0ms
OSM DEBUG: Chunks loaded 16/16, but queues not empty:
  - _building_results: 144
  - _road_queue: 0
  - _terrain_objects_queue: 33
  - _infrastructure_queue: 145
  - _pending_building_tasks: 0
🔴 FREEZE: road collision shape creation took 10.1 ms for chunk 0,1 (type: path)
OSM: ✅ Finalized road batch 0,1/path: 156 vertices, 154 triangles, material: <ImageTexture#-9223371972598036470>
⚠️ SLOW: road batch finalization took 10.3 ms for chunk 0,1
⚠️ SLOW FRAME 12.3ms: building=0.9 road=10.4 terrain=0.4 infra=0.6 veg=0.0 curb=0.0ms
OSM DEBUG: Chunks loaded 16/16, but queues not empty:
  - _building_results: 143
  - _road_queue: 0
  - _terrain_objects_queue: 31
  - _infrastructure_queue: 144
  - _pending_building_tasks: 0
🔴 FREEZE: road collision shape creation took 12.5 ms for chunk 1,-2 (type: residential)
OSM: ✅ Finalized road batch 1,-2/residential: 2176 vertices, 2108 triangles, material: <ImageTexture#-9223371972681922551>
OSM: ✅ Finalized road batch 1,-2/path: 916 vertices, 880 triangles, material: <ImageTexture#-9223371972598036470>
⚠️ SLOW: road batch finalization took 15.5 ms for chunk 1,-2
⚠️ SLOW FRAME 17.5ms: building=0.9 road=15.5 terrain=0.3 infra=0.6 veg=0.0 curb=0.0ms
OSM DEBUG: Chunks loaded 16/16, but queues not empty:
  - _building_results: 142
  - _road_queue: 0
  - _terrain_objects_queue: 29
  - _infrastructure_queue: 143
  - _pending_building_tasks: 0
🔴 FREEZE: road collision shape creation took 12.8 ms for chunk 1,-1 (type: residential)
OSM: ✅ Finalized road batch 1,-1/residential: 2006 vertices, 1930 triangles, material: <ImageTexture#-9223371972681922551>
OSM: ✅ Finalized road batch 1,-1/path: 840 vertices, 818 triangles, material: <ImageTexture#-9223371972598036470>
OSM: ✅ Finalized road batch 1,-1/primary: 254 vertices, 250 triangles, material: <ImageTexture#-9223371972765808632>
⚠️ SLOW: road batch finalization took 17.4 ms for chunk 1,-1
⚠️ SLOW FRAME 19.3ms: building=0.9 road=17.5 terrain=0.3 infra=0.6 veg=0.0 curb=0.0ms
OSM DEBUG: Chunks loaded 16/16, but queues not empty:
  - _building_results: 141
  - _road_queue: 0
  - _terrain_objects_queue: 27
  - _infrastructure_queue: 142
  - _pending_building_tasks: 0
🔴 FREEZE: road collision shape creation took 10.7 ms for chunk 1,0 (type: path)
OSM: ✅ Finalized road batch 1,0/path: 398 vertices, 394 triangles, material: <ImageTexture#-9223371972598036470>
⚠️ SLOW: road batch finalization took 11.0 ms for chunk 1,0
⚠️ SLOW FRAME 13.7ms: building=0.8 road=11.0 terrain=1.2 infra=0.6 veg=0.0 curb=0.0ms
OSM DEBUG: Chunks loaded 16/16, but queues not empty:
  - _building_results: 140
  - _road_queue: 0
  - _terrain_objects_queue: 25
  - _infrastructure_queue: 141
  - _pending_building_tasks: 0
=== PAZ Model Meshes Debug ===
Total meshes found: 1
  - Mesh: bus_low_Material_006_0 (MeshInstance3D)
PAZ-32053 model setup complete
OSM DEBUG: Chunks loaded 16/16, but queues not empty:
  - _building_results: 139
  - _road_queue: 0
  - _terrain_objects_queue: 23
  - _infrastructure_queue: 140
  - _pending_building_tasks: 0
⚠️ SLOW FRAME 13.5ms: building=0.8 road=11.4 terrain=0.3 infra=0.7 veg=0.0 curb=0.3ms
OSM DEBUG: Chunks loaded 16/16, but queues not empty:
  - _building_results: 138
  - _road_queue: 0
  - _terrain_objects_queue: 21
  - _infrastructure_queue: 139
  - _pending_building_tasks: 0
OSM DEBUG: Chunks loaded 16/16, but queues not empty:
  - _building_results: 137
  - _road_queue: 0
  - _terrain_objects_queue: 19
  - _infrastructure_queue: 138
  - _pending_building_tasks: 0
⚠️ SLOW FRAME 13.5ms: building=0.8 road=0.4 terrain=9.3 infra=0.8 veg=2.1 curb=0.0ms
OSM DEBUG: Chunks loaded 16/16, but queues not empty:
  - _building_results: 136
  - _road_queue: 0
  - _terrain_objects_queue: 17
  - _infrastructure_queue: 137
  - _pending_building_tasks: 0
⚠️ SLOW FRAME 10.3ms: building=0.8 road=1.0 terrain=7.4 infra=0.6 veg=0.0 curb=0.4ms
OSM DEBUG: Chunks loaded 16/16, but queues not empty:
  - _building_results: 135
  - _road_queue: 0
  - _terrain_objects_queue: 15
  - _infrastructure_queue: 136
  - _pending_building_tasks: 0
⚠️ SLOW FRAME 12.5ms: building=0.9 road=1.1 terrain=9.5 infra=0.6 veg=0.0 curb=0.4ms
OSM DEBUG: Chunks loaded 16/16, but queues not empty:
  - _building_results: 134
  - _road_queue: 0
  - _terrain_objects_queue: 13
  - _infrastructure_queue: 135
  - _pending_building_tasks: 0
OSM DEBUG: Chunks loaded 16/16, but queues not empty:
  - _building_results: 133
  - _road_queue: 0
  - _terrain_objects_queue: 11
  - _infrastructure_queue: 134
  - _pending_building_tasks: 0
OSM DEBUG: Chunks loaded 16/16, but queues not empty:
  - _building_results: 132
  - _road_queue: 0
  - _terrain_objects_queue: 9
  - _infrastructure_queue: 133
  - _pending_building_tasks: 0
OSM DEBUG: Chunks loaded 16/16, but queues not empty:
  - _building_results: 131
  - _road_queue: 0
  - _terrain_objects_queue: 7
  - _infrastructure_queue: 132
  - _pending_building_tasks: 0
OSM DEBUG: Chunks loaded 16/16, but queues not empty:
  - _building_results: 130
  - _road_queue: 0
  - _terrain_objects_queue: 5
  - _infrastructure_queue: 131
  - _pending_building_tasks: 0
OSM DEBUG: Chunks loaded 16/16, but queues not empty:
  - _building_results: 129
  - _road_queue: 0
  - _terrain_objects_queue: 3
  - _infrastructure_queue: 130
  - _pending_building_tasks: 0
OSM DEBUG: Chunks loaded 16/16, but queues not empty:
  - _building_results: 128
  - _road_queue: 0
  - _terrain_objects_queue: 1
  - _infrastructure_queue: 129
  - _pending_building_tasks: 0
OSM DEBUG: Chunks loaded 16/16, but queues not empty:
  - _building_results: 127
  - _road_queue: 0
  - _terrain_objects_queue: 0
  - _infrastructure_queue: 128
  - _pending_building_tasks: 0
OSM DEBUG: Chunks loaded 16/16, but queues not empty:
  - _building_results: 126
  - _road_queue: 0
  - _terrain_objects_queue: 0
  - _infrastructure_queue: 127
  - _pending_building_tasks: 0
OSM DEBUG: Chunks loaded 16/16, but queues not empty:
  - _building_results: 125
  - _road_queue: 0
  - _terrain_objects_queue: 0
  - _infrastructure_queue: 126
  - _pending_building_tasks: 0
OSM DEBUG: Chunks loaded 16/16, but queues not empty:
  - _building_results: 124
  - _road_queue: 0
  - _terrain_objects_queue: 0
  - _infrastructure_queue: 125
  - _pending_building_tasks: 0
OSM DEBUG: Chunks loaded 16/16, but queues not empty:
  - _building_results: 123
  - _road_queue: 0
  - _terrain_objects_queue: 0
  - _infrastructure_queue: 124
  - _pending_building_tasks: 0
OSM DEBUG: Chunks loaded 16/16, but queues not empty:
  - _building_results: 122
  - _road_queue: 0
  - _terrain_objects_queue: 0
  - _infrastructure_queue: 123
  - _pending_building_tasks: 0
OSM DEBUG: Chunks loaded 16/16, but queues not empty:
  - _building_results: 121
  - _road_queue: 0
  - _terrain_objects_queue: 0
  - _infrastructure_queue: 122
  - _pending_building_tasks: 0
OSM DEBUG: Chunks loaded 16/16, but queues not empty:
  - _building_results: 120
  - _road_queue: 0
  - _terrain_objects_queue: 0
  - _infrastructure_queue: 121
  - _pending_building_tasks: 0
OSM DEBUG: Chunks loaded 16/16, but queues not empty:
  - _building_results: 119
  - _road_queue: 0
  - _terrain_objects_queue: 0
  - _infrastructure_queue: 120
  - _pending_building_tasks: 0
OSM DEBUG: Chunks loaded 16/16, but queues not empty:
  - _building_results: 118
  - _road_queue: 0
  - _terrain_objects_queue: 0
  - _infrastructure_queue: 119
  - _pending_building_tasks: 0
OSM DEBUG: Chunks loaded 16/16, but queues not empty:
  - _building_results: 117
  - _road_queue: 0
  - _terrain_objects_queue: 0
  - _infrastructure_queue: 118
  - _pending_building_tasks: 0
OSM DEBUG: Chunks loaded 16/16, but queues not empty:
  - _building_results: 116
  - _road_queue: 0
  - _terrain_objects_queue: 0
  - _infrastructure_queue: 117
  - _pending_building_tasks: 0
OSM DEBUG: Chunks loaded 16/16, but queues not empty:
  - _building_results: 115
  - _road_queue: 0
  - _terrain_objects_queue: 0
  - _infrastructure_queue: 116
  - _pending_building_tasks: 0
OSM DEBUG: Chunks loaded 16/16, but queues not empty:
  - _building_results: 114
  - _road_queue: 0
  - _terrain_objects_queue: 0
  - _infrastructure_queue: 115
  - _pending_building_tasks: 0
OSM DEBUG: Chunks loaded 16/16, but queues not empty:
  - _building_results: 113
  - _road_queue: 0
  - _terrain_objects_queue: 0
  - _infrastructure_queue: 114
  - _pending_building_tasks: 0
OSM DEBUG: Chunks loaded 16/16, but queues not empty:
  - _building_results: 112
  - _road_queue: 0
  - _terrain_objects_queue: 0
  - _infrastructure_queue: 113
  - _pending_building_tasks: 0
OSM DEBUG: Chunks loaded 16/16, but queues not empty:
  - _building_results: 111
  - _road_queue: 0
  - _terrain_objects_queue: 0
  - _infrastructure_queue: 112
  - _pending_building_tasks: 0
OSM DEBUG: Chunks loaded 16/16, but queues not empty:
  - _building_results: 110
  - _road_queue: 0
  - _terrain_objects_queue: 0
  - _infrastructure_queue: 111
  - _pending_building_tasks: 0
OSM DEBUG: Chunks loaded 16/16, but queues not empty:
  - _building_results: 109
  - _road_queue: 0
  - _terrain_objects_queue: 0
  - _infrastructure_queue: 110
  - _pending_building_tasks: 0
OSM DEBUG: Chunks loaded 16/16, but queues not empty:
  - _building_results: 108
  - _road_queue: 0
  - _terrain_objects_queue: 0
  - _infrastructure_queue: 109
  - _pending_building_tasks: 0
OSM DEBUG: Chunks loaded 16/16, but queues not empty:
  - _building_results: 107
  - _road_queue: 0
  - _terrain_objects_queue: 0
  - _infrastructure_queue: 108
  - _pending_building_tasks: 0
OSM DEBUG: Chunks loaded 16/16, but queues not empty:
  - _building_results: 106
  - _road_queue: 0
  - _terrain_objects_queue: 0
  - _infrastructure_queue: 107
  - _pending_building_tasks: 0
OSM DEBUG: Chunks loaded 16/16, but queues not empty:
  - _building_results: 105
  - _road_queue: 0
  - _terrain_objects_queue: 0
  - _infrastructure_queue: 106
  - _pending_building_tasks: 0
OSM DEBUG: Chunks loaded 16/16, but queues not empty:
  - _building_results: 104
  - _road_queue: 0
  - _terrain_objects_queue: 0
  - _infrastructure_queue: 105
  - _pending_building_tasks: 0
OSM DEBUG: Chunks loaded 16/16, but queues not empty:
  - _building_results: 103
  - _road_queue: 0
  - _terrain_objects_queue: 0
  - _infrastructure_queue: 104
  - _pending_building_tasks: 0
OSM DEBUG: Chunks loaded 16/16, but queues not empty:
  - _building_results: 102
  - _road_queue: 0
  - _terrain_objects_queue: 0
  - _infrastructure_queue: 103
  - _pending_building_tasks: 0
OSM DEBUG: Chunks loaded 16/16, but queues not empty:
  - _building_results: 101
  - _road_queue: 0
  - _terrain_objects_queue: 0
  - _infrastructure_queue: 102
  - _pending_building_tasks: 0
OSM DEBUG: Chunks loaded 16/16, but queues not empty:
  - _building_results: 100
  - _road_queue: 0
  - _terrain_objects_queue: 0
  - _infrastructure_queue: 101
  - _pending_building_tasks: 0
OSM DEBUG: Chunks loaded 16/16, but queues not empty:
  - _building_results: 99
  - _road_queue: 0
  - _terrain_objects_queue: 0
  - _infrastructure_queue: 100
  - _pending_building_tasks: 0
OSM DEBUG: Chunks loaded 16/16, but queues not empty:
  - _building_results: 98
  - _road_queue: 0
  - _terrain_objects_queue: 0
  - _infrastructure_queue: 99
  - _pending_building_tasks: 0
OSM DEBUG: Chunks loaded 16/16, but queues not empty:
  - _building_results: 97
  - _road_queue: 0
  - _terrain_objects_queue: 0
  - _infrastructure_queue: 98
  - _pending_building_tasks: 0
OSM DEBUG: Chunks loaded 16/16, but queues not empty:
  - _building_results: 96
  - _road_queue: 0
  - _terrain_objects_queue: 0
  - _infrastructure_queue: 97
  - _pending_building_tasks: 0
OSM DEBUG: Chunks loaded 16/16, but queues not empty:
  - _building_results: 95
  - _road_queue: 0
  - _terrain_objects_queue: 0
  - _infrastructure_queue: 96
  - _pending_building_tasks: 0
OSM DEBUG: Chunks loaded 16/16, but queues not empty:
  - _building_results: 94
  - _road_queue: 0
  - _terrain_objects_queue: 0
  - _infrastructure_queue: 95
  - _pending_building_tasks: 0
OSM DEBUG: Chunks loaded 16/16, but queues not empty:
  - _building_results: 93
  - _road_queue: 0
  - _terrain_objects_queue: 0
  - _infrastructure_queue: 94
  - _pending_building_tasks: 0
OSM DEBUG: Chunks loaded 16/16, but queues not empty:
  - _building_results: 92
  - _road_queue: 0
  - _terrain_objects_queue: 0
  - _infrastructure_queue: 93
  - _pending_building_tasks: 0
OSM DEBUG: Chunks loaded 16/16, but queues not empty:
  - _building_results: 91
  - _road_queue: 0
  - _terrain_objects_queue: 0
  - _infrastructure_queue: 92
  - _pending_building_tasks: 0
OSM DEBUG: Chunks loaded 16/16, but queues not empty:
  - _building_results: 90
  - _road_queue: 0
  - _terrain_objects_queue: 0
  - _infrastructure_queue: 91
  - _pending_building_tasks: 0
OSM DEBUG: Chunks loaded 16/16, but queues not empty:
  - _building_results: 89
  - _road_queue: 0
  - _terrain_objects_queue: 0
  - _infrastructure_queue: 90
  - _pending_building_tasks: 0
OSM DEBUG: Chunks loaded 16/16, but queues not empty:
  - _building_results: 88
  - _road_queue: 0
  - _terrain_objects_queue: 0
  - _infrastructure_queue: 89
  - _pending_building_tasks: 0
OSM DEBUG: Chunks loaded 16/16, but queues not empty:
  - _building_results: 87
  - _road_queue: 0
  - _terrain_objects_queue: 0
  - _infrastructure_queue: 88
  - _pending_building_tasks: 0
OSM DEBUG: Chunks loaded 16/16, but queues not empty:
  - _building_results: 86
  - _road_queue: 0
  - _terrain_objects_queue: 0
  - _infrastructure_queue: 87
  - _pending_building_tasks: 0
🚗 Traffic: 5 active NPCs (Near: 1, Mid: 4, Far: 0), 0 pooled
  → Physics bodies from NPCs: 5 (All: 5×1, было бы 5×5=25)

========== Bottleneck Analysis Report ==========
Time: 6.3s | Frames: 90

📊 PERFORMANCE OVERVIEW:
  FPS: 21.5 avg | 1.0 min
  Frame Time: 45.03 ms avg | 673.27 ms max
  Physics Time: 1.43 ms avg

🔍 BOTTLENECK IDENTIFICATION:
  🔴 [CRITICAL] Frame Time
      Value: 45.03 ms (target: 16.67 ms)
      Impact: Overall performance bottleneck
      Suggestions:
        • Reduce draw calls
        • Optimize scripts in _process()
        • Check for expensive operations per frame

  🟡 [MEDIUM] Draw Calls
      Value: 2009 calls/frame
      Impact: GPU rendering overhead
      Suggestions:
        • Batch meshes by material
        • Use MultiMeshInstance3D
        • Implement LOD system
        • Enable frustum culling

  🟡 [MEDIUM] Vertex Count
      Value: 51498424 vertices/frame
      Impact: GPU vertex processing
      Suggestions:
        • Implement LOD for distant objects
        • Simplify building meshes
        • Use lower poly models

  🟡 [MEDIUM] Post-Processing Effects
      Value: SSAO, Glow/Bloom, Volumetric Fog
      Impact: GPU shader overhead
      Suggestions:
        • Reduce SSR quality
        • Disable SSAO on low-end hardware
        • Use simpler fog

  🟢 [LOW] Node Count
      Value: 5033 nodes
      Impact: Scene tree traversal overhead
      Suggestions:
        • Unload distant chunks
        • Pool and reuse nodes
        • Flatten hierarchy where possible

📈 DETAILED STATS:
  Draw Calls: 2009 avg | 2572 max
  Vertices: 51498424 avg | 52287224 max
  Physics Bodies: 53
  Nodes: 5033
  VRAM: 706.6 MB

=================================================

OSM DEBUG: Chunks loaded 16/16, but queues not empty:
  - _building_results: 85
  - _road_queue: 0
  - _terrain_objects_queue: 0
  - _infrastructure_queue: 86
  - _pending_building_tasks: 0
OSM DEBUG: Chunks loaded 16/16, but queues not empty:
  - _building_results: 84
  - _road_queue: 0
  - _terrain_objects_queue: 0
  - _infrastructure_queue: 85
  - _pending_building_tasks: 0
OSM DEBUG: Chunks loaded 16/16, but queues not empty:
  - _building_results: 83
  - _road_queue: 0
  - _terrain_objects_queue: 0
  - _infrastructure_queue: 84
  - _pending_building_tasks: 0
OSM DEBUG: Chunks loaded 16/16, but queues not empty:
  - _building_results: 82
  - _road_queue: 0
  - _terrain_objects_queue: 0
  - _infrastructure_queue: 83
  - _pending_building_tasks: 0
OSM DEBUG: Chunks loaded 16/16, but queues not empty:
  - _building_results: 81
  - _road_queue: 0
  - _terrain_objects_queue: 0
  - _infrastructure_queue: 82
  - _pending_building_tasks: 0
OSM DEBUG: Chunks loaded 16/16, but queues not empty:
  - _building_results: 80
  - _road_queue: 0
  - _terrain_objects_queue: 0
  - _infrastructure_queue: 81
  - _pending_building_tasks: 0
OSM DEBUG: Chunks loaded 16/16, but queues not empty:
  - _building_results: 79
  - _road_queue: 0
  - _terrain_objects_queue: 0
  - _infrastructure_queue: 80
  - _pending_building_tasks: 0
OSM DEBUG: Chunks loaded 16/16, but queues not empty:
  - _building_results: 78
  - _road_queue: 0
  - _terrain_objects_queue: 0
  - _infrastructure_queue: 79
  - _pending_building_tasks: 0
OSM DEBUG: Chunks loaded 16/16, but queues not empty:
  - _building_results: 77
  - _road_queue: 0
  - _terrain_objects_queue: 0
  - _infrastructure_queue: 78
  - _pending_building_tasks: 0
OSM DEBUG: Chunks loaded 16/16, but queues not empty:
  - _building_results: 76
  - _road_queue: 0
  - _terrain_objects_queue: 0
  - _infrastructure_queue: 77
  - _pending_building_tasks: 0
OSM DEBUG: Chunks loaded 16/16, but queues not empty:
  - _building_results: 75
  - _road_queue: 0
  - _terrain_objects_queue: 0
  - _infrastructure_queue: 76
  - _pending_building_tasks: 0
=== PAZ Model Meshes Debug ===
Total meshes found: 1
  - Mesh: bus_low_Material_006_0 (MeshInstance3D)
PAZ-32053 model setup complete
OSM DEBUG: Chunks loaded 16/16, but queues not empty:
  - _building_results: 74
  - _road_queue: 0
  - _terrain_objects_queue: 0
  - _infrastructure_queue: 75
  - _pending_building_tasks: 0
OSM DEBUG: Chunks loaded 16/16, but queues not empty:
  - _building_results: 73
  - _road_queue: 0
  - _terrain_objects_queue: 0
  - _infrastructure_queue: 74
  - _pending_building_tasks: 0
OSM DEBUG: Chunks loaded 16/16, but queues not empty:
  - _building_results: 72
  - _road_queue: 0
  - _terrain_objects_queue: 0
  - _infrastructure_queue: 73
  - _pending_building_tasks: 0
OSM DEBUG: Chunks loaded 16/16, but queues not empty:
  - _building_results: 71
  - _road_queue: 0
  - _terrain_objects_queue: 0
  - _infrastructure_queue: 72
  - _pending_building_tasks: 0
OSM DEBUG: Chunks loaded 16/16, but queues not empty:
  - _building_results: 70
  - _road_queue: 0
  - _terrain_objects_queue: 0
  - _infrastructure_queue: 71
  - _pending_building_tasks: 0
OSM DEBUG: Chunks loaded 16/16, but queues not empty:
  - _building_results: 69
  - _road_queue: 0
  - _terrain_objects_queue: 0
  - _infrastructure_queue: 70
  - _pending_building_tasks: 0
OSM DEBUG: Chunks loaded 16/16, but queues not empty:
  - _building_results: 68
  - _road_queue: 0
  - _terrain_objects_queue: 0
  - _infrastructure_queue: 69
  - _pending_building_tasks: 0
OSM DEBUG: Chunks loaded 16/16, but queues not empty:
  - _building_results: 67
  - _road_queue: 0
  - _terrain_objects_queue: 0
  - _infrastructure_queue: 68
  - _pending_building_tasks: 0
OSM DEBUG: Chunks loaded 16/16, but queues not empty:
  - _building_results: 66
  - _road_queue: 0
  - _terrain_objects_queue: 0
  - _infrastructure_queue: 67
  - _pending_building_tasks: 0
OSM DEBUG: Chunks loaded 16/16, but queues not empty:
  - _building_results: 65
  - _road_queue: 0
  - _terrain_objects_queue: 0
  - _infrastructure_queue: 66
  - _pending_building_tasks: 0
OSM DEBUG: Chunks loaded 16/16, but queues not empty:
  - _building_results: 64
  - _road_queue: 0
  - _terrain_objects_queue: 0
  - _infrastructure_queue: 65
  - _pending_building_tasks: 0
OSM DEBUG: Chunks loaded 16/16, but queues not empty:
  - _building_results: 63
  - _road_queue: 0
  - _terrain_objects_queue: 0
  - _infrastructure_queue: 64
  - _pending_building_tasks: 0
OSM DEBUG: Chunks loaded 16/16, but queues not empty:
  - _building_results: 62
  - _road_queue: 0
  - _terrain_objects_queue: 0
  - _infrastructure_queue: 63
  - _pending_building_tasks: 0
OSM DEBUG: Chunks loaded 16/16, but queues not empty:
  - _building_results: 61
  - _road_queue: 0
  - _terrain_objects_queue: 0
  - _infrastructure_queue: 62
  - _pending_building_tasks: 0
OSM DEBUG: Chunks loaded 16/16, but queues not empty:
  - _building_results: 60
  - _road_queue: 0
  - _terrain_objects_queue: 0
  - _infrastructure_queue: 61
  - _pending_building_tasks: 0
OSM DEBUG: Chunks loaded 16/16, but queues not empty:
  - _building_results: 59
  - _road_queue: 0
  - _terrain_objects_queue: 0
  - _infrastructure_queue: 60
  - _pending_building_tasks: 0
OSM DEBUG: Chunks loaded 16/16, but queues not empty:
  - _building_results: 58
  - _road_queue: 0
  - _terrain_objects_queue: 0
  - _infrastructure_queue: 59
  - _pending_building_tasks: 0
OSM DEBUG: Chunks loaded 16/16, but queues not empty:
  - _building_results: 57
  - _road_queue: 0
  - _terrain_objects_queue: 0
  - _infrastructure_queue: 58
  - _pending_building_tasks: 0
OSM DEBUG: Chunks loaded 16/16, but queues not empty:
  - _building_results: 56
  - _road_queue: 0
  - _terrain_objects_queue: 0
  - _infrastructure_queue: 57
  - _pending_building_tasks: 0
OSM DEBUG: Chunks loaded 16/16, but queues not empty:
  - _building_results: 55
  - _road_queue: 0
  - _terrain_objects_queue: 0
  - _infrastructure_queue: 56
  - _pending_building_tasks: 0
OSM DEBUG: Chunks loaded 16/16, but queues not empty:
  - _building_results: 54
  - _road_queue: 0
  - _terrain_objects_queue: 0
  - _infrastructure_queue: 55
  - _pending_building_tasks: 0
OSM DEBUG: Chunks loaded 16/16, but queues not empty:
  - _building_results: 53
  - _road_queue: 0
  - _terrain_objects_queue: 0
  - _infrastructure_queue: 54
  - _pending_building_tasks: 0
OSM DEBUG: Chunks loaded 16/16, but queues not empty:
  - _building_results: 52
  - _road_queue: 0
  - _terrain_objects_queue: 0
  - _infrastructure_queue: 53
  - _pending_building_tasks: 0
OSM DEBUG: Chunks loaded 16/16, but queues not empty:
  - _building_results: 51
  - _road_queue: 0
  - _terrain_objects_queue: 0
  - _infrastructure_queue: 52
  - _pending_building_tasks: 0
OSM DEBUG: Chunks loaded 16/16, but queues not empty:
  - _building_results: 50
  - _road_queue: 0
  - _terrain_objects_queue: 0
  - _infrastructure_queue: 51
  - _pending_building_tasks: 0
OSM DEBUG: Chunks loaded 16/16, but queues not empty:
  - _building_results: 49
  - _road_queue: 0
  - _terrain_objects_queue: 0
  - _infrastructure_queue: 50
  - _pending_building_tasks: 0
OSM DEBUG: Chunks loaded 16/16, but queues not empty:
  - _building_results: 48
  - _road_queue: 0
  - _terrain_objects_queue: 0
  - _infrastructure_queue: 49
  - _pending_building_tasks: 0
OSM DEBUG: Chunks loaded 16/16, but queues not empty:
  - _building_results: 47
  - _road_queue: 0
  - _terrain_objects_queue: 0
  - _infrastructure_queue: 48
  - _pending_building_tasks: 0
OSM DEBUG: Chunks loaded 16/16, but queues not empty:
  - _building_results: 46
  - _road_queue: 0
  - _terrain_objects_queue: 0
  - _infrastructure_queue: 47
  - _pending_building_tasks: 0
OSM DEBUG: Chunks loaded 16/16, but queues not empty:
  - _building_results: 45
  - _road_queue: 0
  - _terrain_objects_queue: 0
  - _infrastructure_queue: 46
  - _pending_building_tasks: 0
OSM DEBUG: Chunks loaded 16/16, but queues not empty:
  - _building_results: 44
  - _road_queue: 0
  - _terrain_objects_queue: 0
  - _infrastructure_queue: 45
  - _pending_building_tasks: 0
OSM DEBUG: Chunks loaded 16/16, but queues not empty:
  - _building_results: 43
  - _road_queue: 0
  - _terrain_objects_queue: 0
  - _infrastructure_queue: 44
  - _pending_building_tasks: 0
OSM DEBUG: Chunks loaded 16/16, but queues not empty:
  - _building_results: 42
  - _road_queue: 0
  - _terrain_objects_queue: 0
  - _infrastructure_queue: 43
  - _pending_building_tasks: 0
OSM DEBUG: Chunks loaded 16/16, but queues not empty:
  - _building_results: 41
  - _road_queue: 0
  - _terrain_objects_queue: 0
  - _infrastructure_queue: 42
  - _pending_building_tasks: 0
OSM DEBUG: Chunks loaded 16/16, but queues not empty:
  - _building_results: 40
  - _road_queue: 0
  - _terrain_objects_queue: 0
  - _infrastructure_queue: 41
  - _pending_building_tasks: 0
OSM DEBUG: Chunks loaded 16/16, but queues not empty:
  - _building_results: 39
  - _road_queue: 0
  - _terrain_objects_queue: 0
  - _infrastructure_queue: 40
  - _pending_building_tasks: 0
OSM DEBUG: Chunks loaded 16/16, but queues not empty:
  - _building_results: 38
  - _road_queue: 0
  - _terrain_objects_queue: 0
  - _infrastructure_queue: 39
  - _pending_building_tasks: 0
OSM DEBUG: Chunks loaded 16/16, but queues not empty:
  - _building_results: 37
  - _road_queue: 0
  - _terrain_objects_queue: 0
  - _infrastructure_queue: 38
  - _pending_building_tasks: 0
OSM DEBUG: Chunks loaded 16/16, but queues not empty:
  - _building_results: 36
  - _road_queue: 0
  - _terrain_objects_queue: 0
  - _infrastructure_queue: 37
  - _pending_building_tasks: 0
OSM DEBUG: Chunks loaded 16/16, but queues not empty:
  - _building_results: 35
  - _road_queue: 0
  - _terrain_objects_queue: 0
  - _infrastructure_queue: 36
  - _pending_building_tasks: 0
OSM DEBUG: Chunks loaded 16/16, but queues not empty:
  - _building_results: 34
  - _road_queue: 0
  - _terrain_objects_queue: 0
  - _infrastructure_queue: 35
  - _pending_building_tasks: 0
OSM DEBUG: Chunks loaded 16/16, but queues not empty:
  - _building_results: 33
  - _road_queue: 0
  - _terrain_objects_queue: 0
  - _infrastructure_queue: 34
  - _pending_building_tasks: 0
OSM DEBUG: Chunks loaded 16/16, but queues not empty:
  - _building_results: 32
  - _road_queue: 0
  - _terrain_objects_queue: 0
  - _infrastructure_queue: 33
  - _pending_building_tasks: 0
OSM DEBUG: Chunks loaded 16/16, but queues not empty:
  - _building_results: 31
  - _road_queue: 0
  - _terrain_objects_queue: 0
  - _infrastructure_queue: 32
  - _pending_building_tasks: 0
OSM DEBUG: Chunks loaded 16/16, but queues not empty:
  - _building_results: 30
  - _road_queue: 0
  - _terrain_objects_queue: 0
  - _infrastructure_queue: 31
  - _pending_building_tasks: 0
OSM DEBUG: Chunks loaded 16/16, but queues not empty:
  - _building_results: 29
  - _road_queue: 0
  - _terrain_objects_queue: 0
  - _infrastructure_queue: 30
  - _pending_building_tasks: 0
OSM DEBUG: Chunks loaded 16/16, but queues not empty:
  - _building_results: 28
  - _road_queue: 0
  - _terrain_objects_queue: 0
  - _infrastructure_queue: 29
  - _pending_building_tasks: 0
OSM DEBUG: Chunks loaded 16/16, but queues not empty:
  - _building_results: 27
  - _road_queue: 0
  - _terrain_objects_queue: 0
  - _infrastructure_queue: 28
  - _pending_building_tasks: 0
OSM DEBUG: Chunks loaded 16/16, but queues not empty:
  - _building_results: 26
  - _road_queue: 0
  - _terrain_objects_queue: 0
  - _infrastructure_queue: 27
  - _pending_building_tasks: 0
OSM DEBUG: Chunks loaded 16/16, but queues not empty:
  - _building_results: 25
  - _road_queue: 0
  - _terrain_objects_queue: 0
  - _infrastructure_queue: 26
  - _pending_building_tasks: 0
OSM DEBUG: Chunks loaded 16/16, but queues not empty:
  - _building_results: 24
  - _road_queue: 0
  - _terrain_objects_queue: 0
  - _infrastructure_queue: 25
  - _pending_building_tasks: 0
OSM DEBUG: Chunks loaded 16/16, but queues not empty:
  - _building_results: 23
  - _road_queue: 0
  - _terrain_objects_queue: 0
  - _infrastructure_queue: 24
  - _pending_building_tasks: 0
OSM DEBUG: Chunks loaded 16/16, but queues not empty:
  - _building_results: 22
  - _road_queue: 0
  - _terrain_objects_queue: 0
  - _infrastructure_queue: 23
  - _pending_building_tasks: 0
OSM DEBUG: Chunks loaded 16/16, but queues not empty:
  - _building_results: 21
  - _road_queue: 0
  - _terrain_objects_queue: 0
  - _infrastructure_queue: 22
  - _pending_building_tasks: 0
OSM DEBUG: Chunks loaded 16/16, but queues not empty:
  - _building_results: 20
  - _road_queue: 0
  - _terrain_objects_queue: 0
  - _infrastructure_queue: 21
  - _pending_building_tasks: 0
OSM DEBUG: Chunks loaded 16/16, but queues not empty:
  - _building_results: 19
  - _road_queue: 0
  - _terrain_objects_queue: 0
  - _infrastructure_queue: 20
  - _pending_building_tasks: 0
OSM DEBUG: Chunks loaded 16/16, but queues not empty:
  - _building_results: 18
  - _road_queue: 0
  - _terrain_objects_queue: 0
  - _infrastructure_queue: 19
  - _pending_building_tasks: 0
=== PAZ Model Meshes Debug ===
Total meshes found: 1
  - Mesh: bus_low_Material_006_0 (MeshInstance3D)
PAZ-32053 model setup complete
OSM DEBUG: Chunks loaded 16/16, but queues not empty:
  - _building_results: 17
  - _road_queue: 0
  - _terrain_objects_queue: 0
  - _infrastructure_queue: 18
  - _pending_building_tasks: 0
OSM DEBUG: Chunks loaded 16/16, but queues not empty:
  - _building_results: 16
  - _road_queue: 0
  - _terrain_objects_queue: 0
  - _infrastructure_queue: 17
  - _pending_building_tasks: 0
OSM DEBUG: Chunks loaded 16/16, but queues not empty:
  - _building_results: 15
  - _road_queue: 0
  - _terrain_objects_queue: 0
  - _infrastructure_queue: 16
  - _pending_building_tasks: 0
OSM DEBUG: Chunks loaded 16/16, but queues not empty:
  - _building_results: 14
  - _road_queue: 0
  - _terrain_objects_queue: 0
  - _infrastructure_queue: 15
  - _pending_building_tasks: 0
OSM DEBUG: Chunks loaded 16/16, but queues not empty:
  - _building_results: 13
  - _road_queue: 0
  - _terrain_objects_queue: 0
  - _infrastructure_queue: 14
  - _pending_building_tasks: 0
OSM DEBUG: Chunks loaded 16/16, but queues not empty:
  - _building_results: 12
  - _road_queue: 0
  - _terrain_objects_queue: 0
  - _infrastructure_queue: 13
  - _pending_building_tasks: 0
OSM DEBUG: Chunks loaded 16/16, but queues not empty:
  - _building_results: 11
  - _road_queue: 0
  - _terrain_objects_queue: 0
  - _infrastructure_queue: 12
  - _pending_building_tasks: 0
OSM DEBUG: Chunks loaded 16/16, but queues not empty:
  - _building_results: 10
  - _road_queue: 0
  - _terrain_objects_queue: 0
  - _infrastructure_queue: 11
  - _pending_building_tasks: 0
OSM DEBUG: Chunks loaded 16/16, but queues not empty:
  - _building_results: 9
  - _road_queue: 0
  - _terrain_objects_queue: 0
  - _infrastructure_queue: 10
  - _pending_building_tasks: 0
OSM DEBUG: Chunks loaded 16/16, but queues not empty:
  - _building_results: 8
  - _road_queue: 0
  - _terrain_objects_queue: 0
  - _infrastructure_queue: 9
  - _pending_building_tasks: 0
OSM DEBUG: Chunks loaded 16/16, but queues not empty:
  - _building_results: 7
  - _road_queue: 0
  - _terrain_objects_queue: 0
  - _infrastructure_queue: 8
  - _pending_building_tasks: 0
OSM DEBUG: Chunks loaded 16/16, but queues not empty:
  - _building_results: 6
  - _road_queue: 0
  - _terrain_objects_queue: 0
  - _infrastructure_queue: 7
  - _pending_building_tasks: 0
OSM DEBUG: Chunks loaded 16/16, but queues not empty:
  - _building_results: 5
  - _road_queue: 0
  - _terrain_objects_queue: 0
  - _infrastructure_queue: 6
  - _pending_building_tasks: 0
OSM DEBUG: Chunks loaded 16/16, but queues not empty:
  - _building_results: 4
  - _road_queue: 0
  - _terrain_objects_queue: 0
  - _infrastructure_queue: 5
  - _pending_building_tasks: 0
OSM DEBUG: Chunks loaded 16/16, but queues not empty:
  - _building_results: 3
  - _road_queue: 0
  - _terrain_objects_queue: 0
  - _infrastructure_queue: 4
  - _pending_building_tasks: 0
OSM DEBUG: Chunks loaded 16/16, but queues not empty:
  - _building_results: 2
  - _road_queue: 0
  - _terrain_objects_queue: 0
  - _infrastructure_queue: 3
  - _pending_building_tasks: 0
OSM DEBUG: Chunks loaded 16/16, but queues not empty:
  - _building_results: 1
  - _road_queue: 0
  - _terrain_objects_queue: 0
  - _infrastructure_queue: 2
  - _pending_building_tasks: 0
OSM: 🌙 NIGHT Window batch 0,-1 | night_mgr: CACHED | is_night value: true
OSM: ✅ Finalized window batch 0,-1: 1555 windows (was 1555 draw calls before batching)
⚠️ SLOW FRAME 14.4ms: building=0.0 road=13.8 terrain=0.0 infra=0.4 veg=0.0 curb=0.1ms
OSM DEBUG: Chunks loaded 16/16, but queues not empty:
  - _building_results: 0
  - _road_queue: 0
  - _terrain_objects_queue: 0
  - _infrastructure_queue: 1
  - _pending_building_tasks: 0
OSM: 🌙 NIGHT Window batch -1,-1 | night_mgr: CACHED | is_night value: true
OSM: ✅ Finalized window batch -1,-1: 4286 windows (was 4286 draw calls before batching)
OSM: Starting finalization...
OSM: _create_pending_lamps started, count=942
OSM: Created 404 lamps, skipped 538 (on parking or chunk not loaded)
OSM: Lamps done, starting parking signs...
OSM: _create_pending_parking_signs started, count=16, road_segments=2377
OSM: Created 16 parking signs
OSM: Parking signs done
OSM: Initial loading complete! 16 chunks loaded

[PerformanceTestDetailed] ✓ Terrain loaded! Starting test in 2 seconds...
OSM: 🌙 NIGHT Window batch -1,0 | night_mgr: CACHED | is_night value: true
OSM: ✅ Finalized window batch -1,0: 728 windows (was 728 draw calls before batching)
OSM: 🌙 NIGHT Window batch -2,0 | night_mgr: CACHED | is_night value: true
OSM: ✅ Finalized window batch -2,0: 96 windows (was 96 draw calls before batching)
OSM: 🌙 NIGHT Window batch -2,-1 | night_mgr: CACHED | is_night value: true
OSM: ✅ Finalized window batch -2,-1: 2311 windows (was 2311 draw calls before batching)
OSM: 🌙 NIGHT Window batch -1,-2 | night_mgr: CACHED | is_night value: true
OSM: ✅ Finalized window batch -1,-2: 5365 windows (was 5365 draw calls before batching)
OSM: 🌙 NIGHT Window batch 1,0 | night_mgr: CACHED | is_night value: true
OSM: ✅ Finalized window batch 1,0: 40 windows (was 40 draw calls before batching)
OSM: 🌙 NIGHT Window batch 1,-1 | night_mgr: CACHED | is_night value: true
OSM: ✅ Finalized window batch 1,-1: 4967 windows (was 4967 draw calls before batching)
OSM: 🌙 NIGHT Window batch 0,-2 | night_mgr: CACHED | is_night value: true
OSM: ✅ Finalized window batch 0,-2: 2148 windows (was 2148 draw calls before batching)
OSM: 🌙 NIGHT Window batch -2,-2 | night_mgr: CACHED | is_night value: true
OSM: ✅ Finalized window batch -2,-2: 5534 windows (was 5534 draw calls before batching)
OSM: 🌙 NIGHT Window batch 1,-2 | night_mgr: CACHED | is_night value: true
OSM: ✅ Finalized window batch 1,-2: 4954 windows (was 4954 draw calls before batching)
🚗 Traffic: 10 active NPCs (Near: 1, Mid: 9, Far: 0), 0 pooled
  → Physics bodies from NPCs: 10 (All: 10×1, было бы 10×5=50)

========== Bottleneck Analysis Report ==========
Time: 8.3s | Frames: 193

📊 PERFORMANCE OVERVIEW:
  FPS: 54.2 avg | 49.0 min
  Frame Time: 40.26 ms avg | 53.14 ms max
  Physics Time: 2.79 ms avg

🔍 BOTTLENECK IDENTIFICATION:
  🔴 [CRITICAL] Frame Time
      Value: 40.26 ms (target: 16.67 ms)
      Impact: Overall performance bottleneck
      Suggestions:
        • Reduce draw calls
        • Optimize scripts in _process()
        • Check for expensive operations per frame

  🟡 [MEDIUM] Draw Calls
      Value: 2877 calls/frame
      Impact: GPU rendering overhead
      Suggestions:
        • Batch meshes by material
        • Use MultiMeshInstance3D
        • Implement LOD system
        • Enable frustum culling

  🟡 [MEDIUM] Vertex Count
      Value: 52442173 vertices/frame
      Impact: GPU vertex processing
      Suggestions:
        • Implement LOD for distant objects
        • Simplify building meshes
        • Use lower poly models

  🟡 [MEDIUM] Node Count
      Value: 10446 nodes
      Impact: Scene tree traversal overhead
      Suggestions:
        • Unload distant chunks
        • Pool and reuse nodes
        • Flatten hierarchy where possible

  🟡 [MEDIUM] Post-Processing Effects
      Value: SSAO, Glow/Bloom, Volumetric Fog
      Impact: GPU shader overhead
      Suggestions:
        • Reduce SSR quality
        • Disable SSAO on low-end hardware
        • Use simpler fog

📈 DETAILED STATS:
  Draw Calls: 2877 avg | 3388 max
  Vertices: 52442173 avg | 53395150 max
  Physics Bodies: 142
  Nodes: 10446
  VRAM: 716.0 MB

=================================================

=== PAZ Model Meshes Debug ===
Total meshes found: 1
  - Mesh: bus_low_Material_006_0 (MeshInstance3D)
PAZ-32053 model setup complete

=== PERFORMANCE METRICS ===
FPS: 45 | Frame: 20.8 ms (max 148.2) | Physics: 18.1 ms (max 674.5)
Godot Process: 75.29 ms | Physics: 5.71 ms
Objects: 29275 | Nodes: 12024 | Resources: 535
Draw calls: 3905 | Vertices: 54328396 | VRAM: 724.2 MB
Physics bodies: 193 | Collision pairs: 1792
--- System Times ---
  road_batch_finalize_total_-1,-1: 11.69 ms (max 11.69)
  road_batch_finalize_total_-1,-2: 5.78 ms (max 5.78)
  road_batch_finalize_total_-1,0: 19.43 ms (max 19.43)
  road_batch_finalize_total_-2,-1: 17.95 ms (max 17.95)
  road_batch_finalize_total_-2,-2: 15.50 ms (max 15.50)
  road_batch_finalize_total_-2,0: 15.64 ms (max 15.64)
  road_batch_finalize_total_0,-1: 19.50 ms (max 19.50)
  road_batch_finalize_total_0,-2: 18.98 ms (max 18.98)
  road_batch_finalize_total_0,0: 14.58 ms (max 14.58)
  road_batch_finalize_total_0,1: 10.33 ms (max 10.33)
  road_batch_finalize_total_1,-1: 17.43 ms (max 17.43)
  road_batch_finalize_total_1,-2: 15.50 ms (max 15.50)
  road_batch_finalize_total_1,0: 10.98 ms (max 10.98)
  road_collision_create_-1,-1: 3.59 ms (max 4.29)
  road_collision_create_-1,-2: 2.64 ms (max 3.20)
  road_collision_create_-1,0: 9.45 ms (max 16.64)
  road_collision_create_-2,-1: 5.74 ms (max 11.96)
  road_collision_create_-2,-2: 7.40 ms (max 12.74)
  road_collision_create_-2,0: 7.45 ms (max 11.90)
  road_collision_create_0,-1: 6.21 ms (max 12.30)
  road_collision_create_0,-2: 6.03 ms (max 11.80)
  road_collision_create_0,0: 4.62 ms (max 10.86)
  road_collision_create_0,1: 10.06 ms (max 10.06)
  road_collision_create_1,-1: 5.58 ms (max 12.81)
  road_collision_create_1,-2: 7.47 ms (max 12.45)
  road_collision_create_1,0: 10.68 ms (max 10.68)
===========================

=== PERFORMANCE METRICS ===
FPS: 45 | Frame: 20.8 ms (max 148.2) | Physics: 16.3 ms (max 81.8)
Godot Process: 75.29 ms | Physics: 5.71 ms
Objects: 29275 | Nodes: 12024 | Resources: 535
Draw calls: 3905 | Vertices: 54328396 | VRAM: 724.2 MB
Physics bodies: 193 | Collision pairs: 1792
===========================
=== PAZ Model Meshes Debug ===
Total meshes found: 1
  - Mesh: bus_low_Material_006_0 (MeshInstance3D)
PAZ-32053 model setup complete
[PerformanceLogger] Started logging: detailed_test_90s
🚀 Test started!

🚗 Traffic: 16 active NPCs (Near: 3, Mid: 13, Far: 0), 0 pooled
  → Physics bodies from NPCs: 16 (All: 16×1, было бы 16×5=80)

========== Bottleneck Analysis Report ==========
Time: 10.3s | Frames: 283

📊 PERFORMANCE OVERVIEW:
  FPS: 49.9 avg | 43.0 min
  Frame Time: 56.76 ms avg | 75.29 ms max
  Physics Time: 4.24 ms avg

🔍 BOTTLENECK IDENTIFICATION:
  🔴 [CRITICAL] Frame Time
      Value: 56.76 ms (target: 16.67 ms)
      Impact: Overall performance bottleneck
      Suggestions:
        • Reduce draw calls
        • Optimize scripts in _process()
        • Check for expensive operations per frame

  🟠 [HIGH] Draw Calls
      Value: 4035 calls/frame
      Impact: GPU rendering overhead
      Suggestions:
        • Batch meshes by material
        • Use MultiMeshInstance3D
        • Implement LOD system
        • Enable frustum culling

  🟡 [MEDIUM] Vertex Count
      Value: 53932065 vertices/frame
      Impact: GPU vertex processing
      Suggestions:
        • Implement LOD for distant objects
        • Simplify building meshes
        • Use lower poly models

  🟡 [MEDIUM] Physics Bodies
      Value: 191 active bodies
      Impact: Physics engine load
      Suggestions:
        • Reduce NPC count
        • Convert distant NPCs to kinematic
        • Disable physics for far objects

  🟡 [MEDIUM] Node Count
      Value: 12533 nodes
      Impact: Scene tree traversal overhead
      Suggestions:
        • Unload distant chunks
        • Pool and reuse nodes
        • Flatten hierarchy where possible

  🟡 [MEDIUM] Post-Processing Effects
      Value: SSAO, Glow/Bloom, Volumetric Fog
      Impact: GPU shader overhead
      Suggestions:
        • Reduce SSR quality
        • Disable SSAO on low-end hardware
        • Use simpler fog

📈 DETAILED STATS:
  Draw Calls: 4035 avg | 5612 max
  Vertices: 53932065 avg | 55238174 max
  Physics Bodies: 191
  Nodes: 12533
  VRAM: 730.1 MB

=================================================

⚡ FRAME SPIKE #1: 26.0 ms at 0.8s (Draw: 5747, Bodies: 197)
⚡ FRAME SPIKE #2: 26.4 ms at 0.8s (Draw: 5753, Bodies: 197)
⚡ FRAME SPIKE #3: 25.9 ms at 0.9s (Draw: 5777, Bodies: 197)
⚡ FRAME SPIKE #4: 26.6 ms at 0.9s (Draw: 5803, Bodies: 197)
⚡ FRAME SPIKE #5: 26.6 ms at 1.0s (Draw: 5799, Bodies: 197)
⚡ FRAME SPIKE #6: 25.8 ms at 1.0s (Draw: 5801, Bodies: 197)
⚡ FRAME SPIKE #7: 25.8 ms at 1.0s (Draw: 5813, Bodies: 198)
⚡ FRAME SPIKE #8: 25.8 ms at 1.0s (Draw: 5815, Bodies: 198)
⚡ FRAME SPIKE #9: 25.8 ms at 1.1s (Draw: 5821, Bodies: 198)
⚡ FRAME SPIKE #10: 25.8 ms at 1.1s (Draw: 5822, Bodies: 198)
⚡ FRAME SPIKE #11: 25.8 ms at 1.1s (Draw: 5839, Bodies: 198)
⚡ FRAME SPIKE #12: 25.8 ms at 1.1s (Draw: 5838, Bodies: 198)
⚡ FRAME SPIKE #13: 25.6 ms at 1.2s (Draw: 5846, Bodies: 198)
⚡ FRAME SPIKE #14: 25.8 ms at 1.2s (Draw: 5851, Bodies: 198)
⚡ FRAME SPIKE #15: 25.8 ms at 1.2s (Draw: 5853, Bodies: 198)
⚡ FRAME SPIKE #16: 25.9 ms at 1.2s (Draw: 5871, Bodies: 198)
⚡ FRAME SPIKE #17: 25.8 ms at 1.3s (Draw: 5879, Bodies: 199)
⚡ FRAME SPIKE #18: 26.3 ms at 1.3s (Draw: 5880, Bodies: 199)
⚡ FRAME SPIKE #19: 25.8 ms at 1.3s (Draw: 5876, Bodies: 199)
⚡ FRAME SPIKE #20: 26.5 ms at 1.4s (Draw: 5884, Bodies: 199)
⚡ FRAME SPIKE #21: 25.8 ms at 1.4s (Draw: 5879, Bodies: 199)
⚡ FRAME SPIKE #22: 26.5 ms at 1.4s (Draw: 5882, Bodies: 199)
⚡ FRAME SPIKE #23: 27.6 ms at 1.4s (Draw: 5889, Bodies: 199)
⚡ FRAME SPIKE #24: 26.2 ms at 1.5s (Draw: 5896, Bodies: 200)
⚡ FRAME SPIKE #25: 26.5 ms at 1.5s (Draw: 5904, Bodies: 200)
⚡ FRAME SPIKE #26: 26.2 ms at 1.5s (Draw: 5908, Bodies: 200)
⚡ FRAME SPIKE #27: 26.2 ms at 1.5s (Draw: 5907, Bodies: 200)
⚡ FRAME SPIKE #28: 26.2 ms at 1.6s (Draw: 5912, Bodies: 200)
⚡ FRAME SPIKE #29: 26.2 ms at 1.6s (Draw: 5920, Bodies: 200)
⚡ FRAME SPIKE #30: 28.2 ms at 1.6s (Draw: 5927, Bodies: 200)
⚡ FRAME SPIKE #31: 26.2 ms at 1.6s (Draw: 5930, Bodies: 200)
⚡ FRAME SPIKE #32: 28.7 ms at 1.7s (Draw: 5968, Bodies: 201)
⚡ FRAME SPIKE #33: 30.8 ms at 1.7s (Draw: 5963, Bodies: 201)
⚡ FRAME SPIKE #34: 26.7 ms at 1.7s (Draw: 5958, Bodies: 201)
⚡ FRAME SPIKE #35: 27.3 ms at 1.8s (Draw: 5968, Bodies: 201)
⚡ FRAME SPIKE #36: 27.8 ms at 1.8s (Draw: 5964, Bodies: 201)
⚡ FRAME SPIKE #37: 27.3 ms at 1.8s (Draw: 5940, Bodies: 201)
⚡ FRAME SPIKE #38: 27.8 ms at 1.8s (Draw: 5893, Bodies: 201)
⚡ FRAME SPIKE #39: 27.8 ms at 1.9s (Draw: 5833, Bodies: 202)
⚡ FRAME SPIKE #40: 27.8 ms at 1.9s (Draw: 5808, Bodies: 202)
⚡ FRAME SPIKE #41: 27.8 ms at 1.9s (Draw: 5750, Bodies: 202)
⚡ FRAME SPIKE #42: 27.8 ms at 1.9s (Draw: 5684, Bodies: 202)
⚡ FRAME SPIKE #43: 27.8 ms at 2.0s (Draw: 5652, Bodies: 203)
⚡ FRAME SPIKE #44: 27.8 ms at 2.0s (Draw: 5584, Bodies: 203)
⚡ FRAME SPIKE #45: 27.8 ms at 2.0s (Draw: 5517, Bodies: 203)
⚡ FRAME SPIKE #46: 27.3 ms at 2.1s (Draw: 5513, Bodies: 203)
⚡ FRAME SPIKE #47: 27.3 ms at 2.1s (Draw: 5472, Bodies: 203)
⚡ FRAME SPIKE #48: 27.3 ms at 2.1s (Draw: 5445, Bodies: 204)
⚡ FRAME SPIKE #49: 27.3 ms at 2.1s (Draw: 5452, Bodies: 204)
⚡ FRAME SPIKE #50: 26.8 ms at 2.2s (Draw: 5444, Bodies: 204)
⚡ FRAME SPIKE #51: 27.3 ms at 2.2s (Draw: 5454, Bodies: 204)
⚡ FRAME SPIKE #52: 27.2 ms at 2.2s (Draw: 5452, Bodies: 204)
⚡ FRAME SPIKE #53: 26.6 ms at 2.2s (Draw: 5450, Bodies: 204)
⚡ FRAME SPIKE #54: 26.7 ms at 2.3s (Draw: 5448, Bodies: 205)
⚡ FRAME SPIKE #55: 26.4 ms at 2.4s (Draw: 5432, Bodies: 205)
⚡ FRAME SPIKE #56: 25.9 ms at 2.4s (Draw: 5421, Bodies: 206)
⚡ FRAME SPIKE #57: 25.4 ms at 2.4s (Draw: 5416, Bodies: 206)
⚡ FRAME SPIKE #58: 26.7 ms at 2.5s (Draw: 5408, Bodies: 206)
🚗 Traffic: 18 active NPCs (Near: 4, Mid: 13, Far: 1), 1 pooled
  → Physics bodies from NPCs: 18 (All: 18×1, было бы 18×5=90)

========== Bottleneck Analysis Report ==========
Time: 12.3s | Frames: 360

📊 PERFORMANCE OVERVIEW:
  FPS: 42.1 avg | 37.0 min
  Frame Time: 43.58 ms avg | 75.29 ms max
  Physics Time: 4.60 ms avg

🔍 BOTTLENECK IDENTIFICATION:
  🔴 [CRITICAL] Frame Time
      Value: 43.58 ms (target: 16.67 ms)
      Impact: Overall performance bottleneck
      Suggestions:
        • Reduce draw calls
        • Optimize scripts in _process()
        • Check for expensive operations per frame

  🟠 [HIGH] Draw Calls
      Value: 5477 calls/frame
      Impact: GPU rendering overhead
      Suggestions:
        • Batch meshes by material
        • Use MultiMeshInstance3D
        • Implement LOD system
        • Enable frustum culling

  🟡 [MEDIUM] Vertex Count
      Value: 55354245 vertices/frame
      Impact: GPU vertex processing
      Suggestions:
        • Implement LOD for distant objects
        • Simplify building meshes
        • Use lower poly models

  🟡 [MEDIUM] Physics Bodies
      Value: 198 active bodies
      Impact: Physics engine load
      Suggestions:
        • Reduce NPC count
        • Convert distant NPCs to kinematic
        • Disable physics for far objects

  🟡 [MEDIUM] Node Count
      Value: 13127 nodes
      Impact: Scene tree traversal overhead
      Suggestions:
        • Unload distant chunks
        • Pool and reuse nodes
        • Flatten hierarchy where possible

  🟡 [MEDIUM] Post-Processing Effects
      Value: SSAO, Glow/Bloom, Volumetric Fog
      Impact: GPU shader overhead
      Suggestions:
        • Reduce SSR quality
        • Disable SSAO on low-end hardware
        • Use simpler fog

📈 DETAILED STATS:
  Draw Calls: 5477 avg | 5968 max
  Vertices: 55354245 avg | 55955922 max
  Physics Bodies: 198
  Nodes: 13127
  VRAM: 738.5 MB

=================================================

⚡ FRAME SPIKE #59: 25.9 ms at 2.5s (Draw: 5377, Bodies: 206)
⚡ FRAME SPIKE #60: 25.9 ms at 2.5s (Draw: 5366, Bodies: 206)
⚡ FRAME SPIKE #61: 25.9 ms at 2.5s (Draw: 5373, Bodies: 206)
⚡ FRAME SPIKE #62: 25.9 ms at 2.6s (Draw: 5370, Bodies: 206)
⚡ FRAME SPIKE #63: 25.9 ms at 2.6s (Draw: 5387, Bodies: 206)
⚡ FRAME SPIKE #64: 25.9 ms at 2.7s (Draw: 5385, Bodies: 206)
⚡ FRAME SPIKE #65: 29.6 ms at 2.7s (Draw: 5404, Bodies: 208)
⚡ FRAME SPIKE #66: 35.5 ms at 2.7s (Draw: 5398, Bodies: 208)
⚡ FRAME SPIKE #67: 30.0 ms at 2.7s (Draw: 5410, Bodies: 208)
⚡ FRAME SPIKE #68: 27.8 ms at 2.8s (Draw: 5416, Bodies: 208)
⚡ FRAME SPIKE #69: 27.8 ms at 2.8s (Draw: 5409, Bodies: 208)
⚡ FRAME SPIKE #70: 27.8 ms at 2.8s (Draw: 5410, Bodies: 208)
⚡ FRAME SPIKE #71: 27.8 ms at 2.9s (Draw: 5419, Bodies: 208)
⚡ FRAME SPIKE #72: 27.8 ms at 2.9s (Draw: 5425, Bodies: 208)
⚡ FRAME SPIKE #73: 27.8 ms at 2.9s (Draw: 5422, Bodies: 208)
⚡ FRAME SPIKE #74: 27.8 ms at 2.9s (Draw: 5425, Bodies: 208)
⚡ FRAME SPIKE #75: 28.3 ms at 3.0s (Draw: 5428, Bodies: 208)
⚡ FRAME SPIKE #76: 28.4 ms at 3.0s (Draw: 5437, Bodies: 208)
⚡ FRAME SPIKE #77: 28.3 ms at 3.0s (Draw: 5446, Bodies: 208)
⚡ FRAME SPIKE #78: 27.8 ms at 3.1s (Draw: 5447, Bodies: 208)
⚡ FRAME SPIKE #79: 27.8 ms at 3.1s (Draw: 5439, Bodies: 208)
⚡ FRAME SPIKE #80: 27.8 ms at 3.1s (Draw: 5440, Bodies: 208)
⚡ FRAME SPIKE #81: 27.8 ms at 3.1s (Draw: 5442, Bodies: 208)
⚡ FRAME SPIKE #82: 27.8 ms at 3.2s (Draw: 5449, Bodies: 208)
⚡ FRAME SPIKE #83: 27.8 ms at 3.2s (Draw: 5446, Bodies: 208)
⚡ FRAME SPIKE #84: 27.8 ms at 3.2s (Draw: 5447, Bodies: 208)
⚡ FRAME SPIKE #85: 27.8 ms at 3.3s (Draw: 5450, Bodies: 208)
⚡ FRAME SPIKE #86: 27.8 ms at 3.3s (Draw: 5448, Bodies: 208)
⚡ FRAME SPIKE #87: 27.8 ms at 3.3s (Draw: 5452, Bodies: 208)
⚡ FRAME SPIKE #88: 27.8 ms at 3.3s (Draw: 5457, Bodies: 208)
⚡ FRAME SPIKE #89: 27.8 ms at 3.4s (Draw: 5456, Bodies: 208)
⚡ FRAME SPIKE #90: 27.8 ms at 3.4s (Draw: 5454, Bodies: 208)
⚡ FRAME SPIKE #91: 27.8 ms at 3.4s (Draw: 5454, Bodies: 208)
⚡ FRAME SPIKE #92: 27.8 ms at 3.4s (Draw: 5458, Bodies: 208)
⚡ FRAME SPIKE #93: 25.9 ms at 3.5s (Draw: 5467, Bodies: 208)
⚡ FRAME SPIKE #94: 27.3 ms at 3.5s (Draw: 5468, Bodies: 208)
⚡ FRAME SPIKE #95: 25.2 ms at 3.5s (Draw: 5477, Bodies: 208)
⚡ FRAME SPIKE #96: 27.3 ms at 3.6s (Draw: 5478, Bodies: 209)
⚡ FRAME SPIKE #97: 27.3 ms at 3.6s (Draw: 5479, Bodies: 209)
⚡ FRAME SPIKE #98: 26.0 ms at 3.6s (Draw: 5474, Bodies: 210)
⚡ FRAME SPIKE #99: 26.7 ms at 3.6s (Draw: 5477, Bodies: 210)
⚡ FRAME SPIKE #100: 26.0 ms at 3.7s (Draw: 5473, Bodies: 210)
⚡ FRAME SPIKE #101: 26.7 ms at 3.7s (Draw: 5530, Bodies: 213)
⚡ FRAME SPIKE #102: 46.2 ms at 3.7s (Draw: 5562, Bodies: 213)
⚡ FRAME SPIKE #103: 30.7 ms at 3.8s (Draw: 5565, Bodies: 214)
⚡ FRAME SPIKE #104: 30.6 ms at 3.8s (Draw: 5569, Bodies: 213)
⚡ FRAME SPIKE #105: 31.0 ms at 3.8s (Draw: 5560, Bodies: 213)
⚡ FRAME SPIKE #106: 28.3 ms at 3.9s (Draw: 5564, Bodies: 213)
⚡ FRAME SPIKE #107: 31.0 ms at 3.9s (Draw: 5567, Bodies: 213)
⚡ FRAME SPIKE #108: 31.0 ms at 3.9s (Draw: 5558, Bodies: 213)
⚡ FRAME SPIKE #109: 30.6 ms at 3.9s (Draw: 5549, Bodies: 213)
⚡ FRAME SPIKE #110: 30.6 ms at 4.0s (Draw: 5540, Bodies: 214)
⚡ FRAME SPIKE #111: 30.6 ms at 4.0s (Draw: 5529, Bodies: 214)
⚡ FRAME SPIKE #112: 29.8 ms at 4.0s (Draw: 5508, Bodies: 214)
⚡ FRAME SPIKE #113: 26.2 ms at 4.1s (Draw: 5504, Bodies: 214)
⚡ FRAME SPIKE #114: 28.9 ms at 4.1s (Draw: 5494, Bodies: 214)
⚡ FRAME SPIKE #115: 28.1 ms at 4.1s (Draw: 5471, Bodies: 214)
⚡ FRAME SPIKE #116: 28.1 ms at 4.2s (Draw: 5442, Bodies: 214)
⚡ FRAME SPIKE #117: 28.0 ms at 4.2s (Draw: 5437, Bodies: 214)
⚡ FRAME SPIKE #118: 27.1 ms at 4.2s (Draw: 5443, Bodies: 214)
⚡ FRAME SPIKE #119: 28.0 ms at 4.3s (Draw: 5447, Bodies: 214)
⚡ FRAME SPIKE #120: 27.3 ms at 4.3s (Draw: 5443, Bodies: 214)
⚡ FRAME SPIKE #121: 26.0 ms at 4.4s (Draw: 5440, Bodies: 214)
⚡ FRAME SPIKE #122: 26.7 ms at 4.4s (Draw: 5445, Bodies: 214)
⚡ FRAME SPIKE #123: 26.6 ms at 4.4s (Draw: 5440, Bodies: 214)
⚡ FRAME SPIKE #124: 26.8 ms at 4.4s (Draw: 5439, Bodies: 214)

=== PERFORMANCE METRICS ===
FPS: 35 | Frame: 24.4 ms (max 67.3) | Physics: 16.6 ms (max 49.9)
Godot Process: 44.77 ms | Physics: 5.15 ms
Objects: 32674 | Nodes: 13892 | Resources: 535
Draw calls: 5439 | Vertices: 55901442 | VRAM: 744.7 MB
Physics bodies: 214 | Collision pairs: 2042
--- System Times ---
  road_batch_finalize_total_-1,-1: 11.69 ms (max 11.69)
  road_batch_finalize_total_-1,-2: 5.78 ms (max 5.78)
  road_batch_finalize_total_-1,0: 19.43 ms (max 19.43)
  road_batch_finalize_total_-2,-1: 17.95 ms (max 17.95)
  road_batch_finalize_total_-2,-2: 15.50 ms (max 15.50)
  road_batch_finalize_total_-2,0: 15.64 ms (max 15.64)
  road_batch_finalize_total_0,-1: 19.50 ms (max 19.50)
  road_batch_finalize_total_0,-2: 18.98 ms (max 18.98)
  road_batch_finalize_total_0,0: 14.58 ms (max 14.58)
  road_batch_finalize_total_0,1: 10.33 ms (max 10.33)
  road_batch_finalize_total_1,-1: 17.43 ms (max 17.43)
  road_batch_finalize_total_1,-2: 15.50 ms (max 15.50)
  road_batch_finalize_total_1,0: 10.98 ms (max 10.98)
  road_collision_create_-1,-1: 3.59 ms (max 4.29)
  road_collision_create_-1,-2: 2.64 ms (max 3.20)
  road_collision_create_-1,0: 9.45 ms (max 16.64)
  road_collision_create_-2,-1: 5.74 ms (max 11.96)
  road_collision_create_-2,-2: 7.40 ms (max 12.74)
  road_collision_create_-2,0: 7.45 ms (max 11.90)
  road_collision_create_0,-1: 6.21 ms (max 12.30)
  road_collision_create_0,-2: 6.03 ms (max 11.80)
  road_collision_create_0,0: 4.62 ms (max 10.86)
  road_collision_create_0,1: 10.06 ms (max 10.06)
  road_collision_create_1,-1: 5.58 ms (max 12.81)
  road_collision_create_1,-2: 7.47 ms (max 12.45)
  road_collision_create_1,0: 10.68 ms (max 10.68)
===========================

=== PERFORMANCE METRICS ===
FPS: 35 | Frame: 24.4 ms (max 67.3) | Physics: 16.6 ms (max 50.0)
Godot Process: 44.77 ms | Physics: 5.15 ms
Objects: 32674 | Nodes: 13892 | Resources: 535
Draw calls: 5439 | Vertices: 55901442 | VRAM: 744.7 MB
Physics bodies: 214 | Collision pairs: 2042
===========================
⚡ FRAME SPIKE #125: 26.7 ms at 4.5s (Draw: 5446, Bodies: 214)
🚗 Traffic: 22 active NPCs (Near: 4, Mid: 16, Far: 2), 1 pooled
  → Physics bodies from NPCs: 22 (All: 22×1, было бы 22×5=110)

========== Bottleneck Analysis Report ==========
Time: 14.3s | Frames: 432

📊 PERFORMANCE OVERVIEW:
  FPS: 37.7 avg | 35.0 min
  Frame Time: 30.23 ms avg | 44.77 ms max
  Physics Time: 4.65 ms avg

🔍 BOTTLENECK IDENTIFICATION:
  🟠 [HIGH] Frame Time
      Value: 30.23 ms (target: 16.67 ms)
      Impact: Overall performance bottleneck
      Suggestions:
        • Reduce draw calls
        • Optimize scripts in _process()
        • Check for expensive operations per frame

  🟠 [HIGH] Draw Calls
      Value: 5562 calls/frame
      Impact: GPU rendering overhead
      Suggestions:
        • Batch meshes by material
        • Use MultiMeshInstance3D
        • Implement LOD system
        • Enable frustum culling

  🟠 [HIGH] Physics Bodies
      Value: 206 active bodies
      Impact: Physics engine load
      Suggestions:
        • Reduce NPC count
        • Convert distant NPCs to kinematic
        • Disable physics for far objects

  🟡 [MEDIUM] Vertex Count
      Value: 55904138 vertices/frame
      Impact: GPU vertex processing
      Suggestions:
        • Implement LOD for distant objects
        • Simplify building meshes
        • Use lower poly models

  🟡 [MEDIUM] Node Count
      Value: 13892 nodes
      Impact: Scene tree traversal overhead
      Suggestions:
        • Unload distant chunks
        • Pool and reuse nodes
        • Flatten hierarchy where possible

  🟡 [MEDIUM] Post-Processing Effects
      Value: SSAO, Glow/Bloom, Volumetric Fog
      Impact: GPU shader overhead
      Suggestions:
        • Reduce SSR quality
        • Disable SSAO on low-end hardware
        • Use simpler fog

📈 DETAILED STATS:
  Draw Calls: 5562 avg | 5968 max
  Vertices: 55904138 avg | 56034397 max
  Physics Bodies: 206
  Nodes: 13892
  VRAM: 744.7 MB

=================================================

⚡ FRAME SPIKE #126: 26.7 ms at 4.5s (Draw: 5444, Bodies: 214)
⚡ FRAME SPIKE #127: 26.7 ms at 4.5s (Draw: 5444, Bodies: 214)
⚡ FRAME SPIKE #128: 26.7 ms at 4.5s (Draw: 5447, Bodies: 214)
⚡ FRAME SPIKE #129: 26.7 ms at 4.6s (Draw: 5429, Bodies: 214)
⚡ FRAME SPIKE #130: 26.7 ms at 4.6s (Draw: 5428, Bodies: 214)
⚡ FRAME SPIKE #131: 26.7 ms at 4.6s (Draw: 5450, Bodies: 214)
⚡ FRAME SPIKE #132: 26.7 ms at 4.6s (Draw: 5479, Bodies: 214)
⚡ FRAME SPIKE #133: 26.7 ms at 4.7s (Draw: 5496, Bodies: 214)
⚡ FRAME SPIKE #134: 26.7 ms at 4.7s (Draw: 6575, Bodies: 216)
⚡ FRAME SPIKE #135: 27.1 ms at 4.7s (Draw: 6580, Bodies: 216)
⚡ FRAME SPIKE #136: 27.1 ms at 4.8s (Draw: 6593, Bodies: 216)
⚡ FRAME SPIKE #137: 29.2 ms at 4.8s (Draw: 6589, Bodies: 216)
⚡ FRAME SPIKE #138: 30.2 ms at 4.8s (Draw: 6576, Bodies: 216)
⚡ FRAME SPIKE #139: 27.1 ms at 4.8s (Draw: 6566, Bodies: 216)
⚡ FRAME SPIKE #140: 30.2 ms at 4.9s (Draw: 6549, Bodies: 216)
⚡ FRAME SPIKE #141: 31.3 ms at 4.9s (Draw: 6529, Bodies: 216)
⚡ FRAME SPIKE #142: 30.7 ms at 4.9s (Draw: 6519, Bodies: 216)
⚡ FRAME SPIKE #143: 27.8 ms at 5.0s (Draw: 6527, Bodies: 216)
⚡ FRAME SPIKE #144: 29.6 ms at 5.0s (Draw: 6547, Bodies: 216)
⚡ FRAME SPIKE #145: 31.8 ms at 5.0s (Draw: 6581, Bodies: 216)
⚡ FRAME SPIKE #146: 31.2 ms at 5.1s (Draw: 6599, Bodies: 216)
⚡ FRAME SPIKE #147: 31.6 ms at 5.1s (Draw: 6611, Bodies: 216)
⚡ FRAME SPIKE #148: 31.9 ms at 5.1s (Draw: 6607, Bodies: 216)
⚡ FRAME SPIKE #149: 30.0 ms at 5.1s (Draw: 6608, Bodies: 216)
⚡ FRAME SPIKE #150: 30.0 ms at 5.2s (Draw: 6611, Bodies: 216)
⚡ FRAME SPIKE #151: 30.0 ms at 5.2s (Draw: 6622, Bodies: 216)
⚡ FRAME SPIKE #152: 31.2 ms at 5.2s (Draw: 6617, Bodies: 216)
⚡ FRAME SPIKE #153: 31.1 ms at 5.3s (Draw: 6622, Bodies: 216)
⚡ FRAME SPIKE #154: 30.6 ms at 5.3s (Draw: 6624, Bodies: 216)
⚡ FRAME SPIKE #155: 30.6 ms at 5.3s (Draw: 6623, Bodies: 216)
⚡ FRAME SPIKE #156: 30.6 ms at 5.4s (Draw: 6620, Bodies: 216)
⚡ FRAME SPIKE #157: 30.6 ms at 5.4s (Draw: 6623, Bodies: 216)
⚡ FRAME SPIKE #158: 30.6 ms at 5.4s (Draw: 6616, Bodies: 216)
⚡ FRAME SPIKE #159: 30.6 ms at 5.5s (Draw: 6611, Bodies: 216)
⚡ FRAME SPIKE #160: 30.6 ms at 5.5s (Draw: 6604, Bodies: 216)
⚡ FRAME SPIKE #161: 30.6 ms at 5.5s (Draw: 6604, Bodies: 216)
⚡ FRAME SPIKE #162: 30.6 ms at 5.5s (Draw: 6599, Bodies: 216)
⚡ FRAME SPIKE #163: 30.6 ms at 5.6s (Draw: 6597, Bodies: 216)
⚡ FRAME SPIKE #164: 30.6 ms at 5.6s (Draw: 6593, Bodies: 216)
⚡ FRAME SPIKE #165: 30.6 ms at 5.6s (Draw: 6582, Bodies: 216)
⚡ FRAME SPIKE #166: 30.6 ms at 5.7s (Draw: 6572, Bodies: 216)
⚡ FRAME SPIKE #167: 30.6 ms at 5.7s (Draw: 6571, Bodies: 216)
=== PAZ Model Meshes Debug ===
Total meshes found: 1
  - Mesh: bus_low_Material_006_0 (MeshInstance3D)
PAZ-32053 model setup complete
⚡ FRAME SPIKE #168: 30.6 ms at 5.7s (Draw: 6600, Bodies: 219)
⚡ FRAME SPIKE #169: 53.8 ms at 5.8s (Draw: 6605, Bodies: 219)
⚡ FRAME SPIKE #170: 41.7 ms at 5.8s (Draw: 6618, Bodies: 219)
⚡ FRAME SPIKE #171: 41.7 ms at 5.9s (Draw: 6632, Bodies: 219)
⚡ FRAME SPIKE #172: 40.7 ms at 5.9s (Draw: 6633, Bodies: 219)
⚡ FRAME SPIKE #173: 37.1 ms at 5.9s (Draw: 6641, Bodies: 219)
⚡ FRAME SPIKE #174: 31.8 ms at 6.0s (Draw: 6636, Bodies: 219)
⚡ FRAME SPIKE #175: 33.7 ms at 6.0s (Draw: 6641, Bodies: 218)
⚡ FRAME SPIKE #176: 31.8 ms at 6.0s (Draw: 6300, Bodies: 218)
⚡ FRAME SPIKE #177: 30.9 ms at 6.1s (Draw: 6309, Bodies: 218)
⚡ FRAME SPIKE #178: 31.3 ms at 6.1s (Draw: 6335, Bodies: 218)
⚡ FRAME SPIKE #179: 31.7 ms at 6.1s (Draw: 6346, Bodies: 218)
⚡ FRAME SPIKE #180: 26.7 ms at 6.2s (Draw: 6351, Bodies: 218)
⚡ FRAME SPIKE #181: 30.9 ms at 6.2s (Draw: 6347, Bodies: 218)
⚡ FRAME SPIKE #182: 30.8 ms at 6.2s (Draw: 6352, Bodies: 218)
⚡ FRAME SPIKE #183: 31.3 ms at 6.3s (Draw: 6353, Bodies: 218)
⚡ FRAME SPIKE #184: 31.0 ms at 6.3s (Draw: 6347, Bodies: 218)
⚡ FRAME SPIKE #185: 30.6 ms at 6.3s (Draw: 6338, Bodies: 218)
⚡ FRAME SPIKE #186: 27.5 ms at 6.3s (Draw: 6338, Bodies: 218)
⚡ FRAME SPIKE #187: 30.6 ms at 6.4s (Draw: 6341, Bodies: 218)
⚡ FRAME SPIKE #188: 30.6 ms at 6.4s (Draw: 6341, Bodies: 218)
⚡ FRAME SPIKE #189: 30.6 ms at 6.4s (Draw: 6336, Bodies: 218)
⚡ FRAME SPIKE #190: 32.9 ms at 6.5s (Draw: 6334, Bodies: 218)
🚗 Traffic: 26 active NPCs (Near: 7, Mid: 17, Far: 2), 1 pooled
  → Physics bodies from NPCs: 26 (All: 26×1, было бы 26×5=130)

========== Bottleneck Analysis Report ==========
Time: 16.3s | Frames: 497

📊 PERFORMANCE OVERVIEW:
  FPS: 35.4 avg | 31.0 min
  Frame Time: 37.18 ms avg | 44.77 ms max
  Physics Time: 5.21 ms avg

🔍 BOTTLENECK IDENTIFICATION:
  🔴 [CRITICAL] Frame Time
      Value: 37.18 ms (target: 16.67 ms)
      Impact: Overall performance bottleneck
      Suggestions:
        • Reduce draw calls
        • Optimize scripts in _process()
        • Check for expensive operations per frame

  🟠 [HIGH] Draw Calls
      Value: 5973 calls/frame
      Impact: GPU rendering overhead
      Suggestions:
        • Batch meshes by material
        • Use MultiMeshInstance3D
        • Implement LOD system
        • Enable frustum culling

  🟠 [HIGH] Physics Bodies
      Value: 214 active bodies
      Impact: Physics engine load
      Suggestions:
        • Reduce NPC count
        • Convert distant NPCs to kinematic
        • Disable physics for far objects

  🟡 [MEDIUM] Physics Time
      Value: 5.21 ms
      Impact: Physics simulation overhead
      Suggestions:
        • Reduce number of active physics bodies
        • Simplify collision shapes
        • Disable physics for distant objects

  🟡 [MEDIUM] Vertex Count
      Value: 55870565 vertices/frame
      Impact: GPU vertex processing
      Suggestions:
        • Implement LOD for distant objects
        • Simplify building meshes
        • Use lower poly models

  🟡 [MEDIUM] Node Count
      Value: 14128 nodes
      Impact: Scene tree traversal overhead
      Suggestions:
        • Unload distant chunks
        • Pool and reuse nodes
        • Flatten hierarchy where possible

  🟡 [MEDIUM] Post-Processing Effects
      Value: SSAO, Glow/Bloom, Volumetric Fog
      Impact: GPU shader overhead
      Suggestions:
        • Reduce SSR quality
        • Disable SSAO on low-end hardware
        • Use simpler fog

📈 DETAILED STATS:
  Draw Calls: 5973 avg | 6641 max
  Vertices: 55870565 avg | 56034397 max
  Physics Bodies: 214
  Nodes: 14128
  VRAM: 744.7 MB

=================================================

⚡ FRAME SPIKE #191: 30.6 ms at 6.5s (Draw: 6332, Bodies: 218)
⚡ FRAME SPIKE #192: 28.4 ms at 6.5s (Draw: 6333, Bodies: 218)
⚡ FRAME SPIKE #193: 30.6 ms at 6.6s (Draw: 6328, Bodies: 218)
⚡ FRAME SPIKE #194: 30.6 ms at 6.6s (Draw: 6331, Bodies: 218)
⚡ FRAME SPIKE #195: 30.6 ms at 6.6s (Draw: 6320, Bodies: 218)
⚡ FRAME SPIKE #196: 32.7 ms at 6.6s (Draw: 6318, Bodies: 218)
⚡ FRAME SPIKE #197: 30.6 ms at 6.7s (Draw: 6321, Bodies: 218)
⚡ FRAME SPIKE #198: 28.7 ms at 6.7s (Draw: 6319, Bodies: 218)
=== PAZ Model Meshes Debug ===
Total meshes found: 1
  - Mesh: bus_low_Material_006_0 (MeshInstance3D)
PAZ-32053 model setup complete
⚡ FRAME SPIKE #199: 30.6 ms at 6.7s (Draw: 7510, Bodies: 220)
⚡ FRAME SPIKE #200: 31.0 ms at 6.8s (Draw: 7526, Bodies: 220)
⚡ FRAME SPIKE #201: 31.4 ms at 6.8s (Draw: 7525, Bodies: 220)
⚡ FRAME SPIKE #202: 35.1 ms at 6.8s (Draw: 7533, Bodies: 220)
⚡ FRAME SPIKE #203: 33.6 ms at 6.9s (Draw: 7529, Bodies: 220)
⚡ FRAME SPIKE #204: 34.3 ms at 6.9s (Draw: 7524, Bodies: 220)
⚡ FRAME SPIKE #205: 32.9 ms at 6.9s (Draw: 7530, Bodies: 220)
⚡ FRAME SPIKE #206: 33.6 ms at 7.0s (Draw: 7524, Bodies: 220)
⚡ FRAME SPIKE #207: 33.8 ms at 7.0s (Draw: 7526, Bodies: 220)
⚡ FRAME SPIKE #208: 33.4 ms at 7.0s (Draw: 7522, Bodies: 220)
⚡ FRAME SPIKE #209: 37.5 ms at 7.1s (Draw: 7529, Bodies: 220)
⚡ FRAME SPIKE #210: 34.9 ms at 7.1s (Draw: 7520, Bodies: 220)
⚡ FRAME SPIKE #211: 34.4 ms at 7.1s (Draw: 7510, Bodies: 220)
⚡ FRAME SPIKE #212: 34.4 ms at 7.2s (Draw: 7504, Bodies: 220)
⚡ FRAME SPIKE #213: 34.6 ms at 7.2s (Draw: 7506, Bodies: 220)
⚡ FRAME SPIKE #214: 34.3 ms at 7.2s (Draw: 7496, Bodies: 220)
⚡ FRAME SPIKE #215: 34.2 ms at 7.3s (Draw: 7490, Bodies: 220)
⚡ FRAME SPIKE #216: 34.7 ms at 7.3s (Draw: 7486, Bodies: 220)
⚡ FRAME SPIKE #217: 38.3 ms at 7.3s (Draw: 7493, Bodies: 220)
⚡ FRAME SPIKE #218: 34.7 ms at 7.4s (Draw: 7494, Bodies: 220)
⚡ FRAME SPIKE #219: 34.8 ms at 7.4s (Draw: 7495, Bodies: 220)
⚡ FRAME SPIKE #220: 34.7 ms at 7.5s (Draw: 7481, Bodies: 220)
⚡ FRAME SPIKE #221: 34.7 ms at 7.5s (Draw: 7487, Bodies: 220)
⚡ FRAME SPIKE #222: 34.7 ms at 7.5s (Draw: 7498, Bodies: 220)
⚡ FRAME SPIKE #223: 34.7 ms at 7.6s (Draw: 7504, Bodies: 220)
⚡ FRAME SPIKE #224: 34.7 ms at 7.6s (Draw: 7503, Bodies: 220)
⚡ FRAME SPIKE #225: 33.9 ms at 7.6s (Draw: 7497, Bodies: 220)
⚡ FRAME SPIKE #226: 35.0 ms at 7.7s (Draw: 7495, Bodies: 220)
⚡ FRAME SPIKE #227: 37.8 ms at 7.7s (Draw: 7494, Bodies: 220)
⚡ FRAME SPIKE #228: 35.2 ms at 7.7s (Draw: 7491, Bodies: 220)
⚡ FRAME SPIKE #229: 39.3 ms at 7.8s (Draw: 7525, Bodies: 222)
⚡ FRAME SPIKE #230: 66.9 ms at 7.8s (Draw: 7516, Bodies: 222)
⚡ FRAME SPIKE #231: 45.9 ms at 7.9s (Draw: 7502, Bodies: 222)
⚡ FRAME SPIKE #232: 48.2 ms at 7.9s (Draw: 7464, Bodies: 222)
⚡ FRAME SPIKE #233: 40.9 ms at 8.0s (Draw: 7437, Bodies: 222)
⚡ FRAME SPIKE #234: 34.3 ms at 8.0s (Draw: 7392, Bodies: 222)
⚡ FRAME SPIKE #235: 39.1 ms at 8.0s (Draw: 7312, Bodies: 222)
⚡ FRAME SPIKE #236: 34.5 ms at 8.1s (Draw: 7289, Bodies: 222)
⚡ FRAME SPIKE #237: 34.7 ms at 8.1s (Draw: 7254, Bodies: 222)
⚡ FRAME SPIKE #238: 34.0 ms at 8.2s (Draw: 7165, Bodies: 222)
⚡ FRAME SPIKE #239: 34.2 ms at 8.2s (Draw: 7070, Bodies: 222)
⚡ FRAME SPIKE #240: 34.4 ms at 8.2s (Draw: 7056, Bodies: 222)
⚡ FRAME SPIKE #241: 33.9 ms at 8.3s (Draw: 7053, Bodies: 222)
⚡ FRAME SPIKE #242: 34.6 ms at 8.3s (Draw: 7065, Bodies: 222)
⚡ FRAME SPIKE #243: 33.9 ms at 8.3s (Draw: 7068, Bodies: 222)
⚡ FRAME SPIKE #244: 33.7 ms at 8.4s (Draw: 7077, Bodies: 222)
⚡ FRAME SPIKE #245: 33.3 ms at 8.4s (Draw: 7067, Bodies: 222)
⚡ FRAME SPIKE #246: 33.2 ms at 8.4s (Draw: 7063, Bodies: 222)
⚡ FRAME SPIKE #247: 33.3 ms at 8.5s (Draw: 7025, Bodies: 222)
⚡ FRAME SPIKE #248: 32.9 ms at 8.5s (Draw: 7007, Bodies: 222)
🚗 Traffic: 30 active NPCs (Near: 10, Mid: 18, Far: 2), 1 pooled
  → Physics bodies from NPCs: 30 (All: 30×1, было бы 30×5=150)

========== Bottleneck Analysis Report ==========
Time: 18.4s | Frames: 555

📊 PERFORMANCE OVERVIEW:
  FPS: 32.4 avg | 27.0 min
  Frame Time: 36.04 ms avg | 47.42 ms max
  Physics Time: 5.68 ms avg

🔍 BOTTLENECK IDENTIFICATION:
  🔴 [CRITICAL] Frame Time
      Value: 36.04 ms (target: 16.67 ms)
      Impact: Overall performance bottleneck
      Suggestions:
        • Reduce draw calls
        • Optimize scripts in _process()
        • Check for expensive operations per frame

  🟠 [HIGH] Draw Calls
      Value: 6830 calls/frame
      Impact: GPU rendering overhead
      Suggestions:
        • Batch meshes by material
        • Use MultiMeshInstance3D
        • Implement LOD system
        • Enable frustum culling

  🟠 [HIGH] Physics Bodies
      Value: 218 active bodies
      Impact: Physics engine load
      Suggestions:
        • Reduce NPC count
        • Convert distant NPCs to kinematic
        • Disable physics for far objects

  🟡 [MEDIUM] Physics Time
      Value: 5.68 ms
      Impact: Physics simulation overhead
      Suggestions:
        • Reduce number of active physics bodies
        • Simplify collision shapes
        • Disable physics for distant objects

  🟡 [MEDIUM] Vertex Count
      Value: 55665606 vertices/frame
      Impact: GPU vertex processing
      Suggestions:
        • Implement LOD for distant objects
        • Simplify building meshes
        • Use lower poly models

  🟡 [MEDIUM] Node Count
      Value: 14396 nodes
      Impact: Scene tree traversal overhead
      Suggestions:
        • Unload distant chunks
        • Pool and reuse nodes
        • Flatten hierarchy where possible

  🟡 [MEDIUM] Post-Processing Effects
      Value: SSAO, Glow/Bloom, Volumetric Fog
      Impact: GPU shader overhead
      Suggestions:
        • Reduce SSR quality
        • Disable SSAO on low-end hardware
        • Use simpler fog

📈 DETAILED STATS:
  Draw Calls: 6830 avg | 7533 max
  Vertices: 55665606 avg | 55882309 max
  Physics Bodies: 218
  Nodes: 14396
  VRAM: 744.8 MB

=================================================

⚡ FRAME SPIKE #249: 33.3 ms at 8.5s (Draw: 7009, Bodies: 222)
⚡ FRAME SPIKE #250: 33.3 ms at 8.6s (Draw: 7009, Bodies: 222)
⚡ FRAME SPIKE #251: 33.3 ms at 8.6s (Draw: 6991, Bodies: 222)
⚡ FRAME SPIKE #252: 33.3 ms at 8.6s (Draw: 6994, Bodies: 222)
⚡ FRAME SPIKE #253: 33.3 ms at 8.7s (Draw: 6993, Bodies: 221)
⚡ FRAME SPIKE #254: 33.3 ms at 8.7s (Draw: 6949, Bodies: 221)
⚡ FRAME SPIKE #255: 33.3 ms at 8.7s (Draw: 6949, Bodies: 221)
⚡ FRAME SPIKE #256: 33.3 ms at 8.8s (Draw: 6946, Bodies: 221)
⚡ FRAME SPIKE #257: 33.3 ms at 8.8s (Draw: 8159, Bodies: 223)
⚡ FRAME SPIKE #258: 36.8 ms at 8.8s (Draw: 8151, Bodies: 223)
⚡ FRAME SPIKE #259: 36.2 ms at 8.9s (Draw: 8127, Bodies: 223)
⚡ FRAME SPIKE #260: 36.6 ms at 8.9s (Draw: 8126, Bodies: 223)
⚡ FRAME SPIKE #261: 35.9 ms at 8.9s (Draw: 8116, Bodies: 223)
⚡ FRAME SPIKE #262: 36.4 ms at 9.0s (Draw: 8112, Bodies: 223)
⚡ FRAME SPIKE #263: 36.6 ms at 9.0s (Draw: 8096, Bodies: 223)
⚡ FRAME SPIKE #264: 36.1 ms at 9.0s (Draw: 8083, Bodies: 223)
⚡ FRAME SPIKE #265: 40.6 ms at 9.1s (Draw: 8080, Bodies: 223)
⚡ FRAME SPIKE #266: 36.1 ms at 9.1s (Draw: 8082, Bodies: 223)
⚡ FRAME SPIKE #267: 36.1 ms at 9.2s (Draw: 8091, Bodies: 223)
⚡ FRAME SPIKE #268: 36.1 ms at 9.2s (Draw: 8091, Bodies: 223)
⚡ FRAME SPIKE #269: 39.9 ms at 9.2s (Draw: 8073, Bodies: 223)
⚡ FRAME SPIKE #270: 43.4 ms at 9.3s (Draw: 7999, Bodies: 223)
⚡ FRAME SPIKE #271: 36.1 ms at 9.3s (Draw: 7908, Bodies: 223)
⚡ FRAME SPIKE #272: 36.1 ms at 9.3s (Draw: 7866, Bodies: 223)
⚡ FRAME SPIKE #273: 36.1 ms at 9.4s (Draw: 7744, Bodies: 223)
⚡ FRAME SPIKE #274: 36.1 ms at 9.4s (Draw: 7708, Bodies: 223)
⚡ FRAME SPIKE #275: 36.1 ms at 9.5s (Draw: 7650, Bodies: 222)

=== PERFORMANCE METRICS ===
FPS: 29 | Frame: 30.2 ms (max 66.9) | Physics: 16.7 ms (max 53.3)
Godot Process: 28.65 ms | Physics: 6.23 ms
Objects: 33559 | Nodes: 14417 | Resources: 535
Draw calls: 7650 | Vertices: 48747531 | VRAM: 744.8 MB
Physics bodies: 222 | Collision pairs: 2140
--- System Times ---
  road_batch_finalize_total_-1,-1: 11.69 ms (max 11.69)
  road_batch_finalize_total_-1,-2: 5.78 ms (max 5.78)
  road_batch_finalize_total_-1,0: 19.43 ms (max 19.43)
  road_batch_finalize_total_-2,-1: 17.95 ms (max 17.95)
  road_batch_finalize_total_-2,-2: 15.50 ms (max 15.50)
  road_batch_finalize_total_-2,0: 15.64 ms (max 15.64)
  road_batch_finalize_total_0,-1: 19.50 ms (max 19.50)
  road_batch_finalize_total_0,-2: 18.98 ms (max 18.98)
  road_batch_finalize_total_0,0: 14.58 ms (max 14.58)
  road_batch_finalize_total_0,1: 10.33 ms (max 10.33)
  road_batch_finalize_total_1,-1: 17.43 ms (max 17.43)
  road_batch_finalize_total_1,-2: 15.50 ms (max 15.50)
  road_batch_finalize_total_1,0: 10.98 ms (max 10.98)
  road_collision_create_-1,-1: 3.59 ms (max 4.29)
  road_collision_create_-1,-2: 2.64 ms (max 3.20)
  road_collision_create_-1,0: 9.45 ms (max 16.64)
  road_collision_create_-2,-1: 5.74 ms (max 11.96)
  road_collision_create_-2,-2: 7.40 ms (max 12.74)
  road_collision_create_-2,0: 7.45 ms (max 11.90)
  road_collision_create_0,-1: 6.21 ms (max 12.30)
  road_collision_create_0,-2: 6.03 ms (max 11.80)
  road_collision_create_0,0: 4.62 ms (max 10.86)
  road_collision_create_0,1: 10.06 ms (max 10.06)
  road_collision_create_1,-1: 5.58 ms (max 12.81)
  road_collision_create_1,-2: 7.47 ms (max 12.45)
  road_collision_create_1,0: 10.68 ms (max 10.68)
===========================

=== PERFORMANCE METRICS ===
FPS: 29 | Frame: 30.2 ms (max 66.9) | Physics: 16.7 ms (max 53.3)
Godot Process: 28.65 ms | Physics: 6.23 ms
Objects: 33559 | Nodes: 14417 | Resources: 535
Draw calls: 7650 | Vertices: 48747531 | VRAM: 744.8 MB
Physics bodies: 222 | Collision pairs: 2140
===========================
⚡ FRAME SPIKE #276: 36.1 ms at 9.5s (Draw: 7579, Bodies: 222)
⚡ FRAME SPIKE #277: 36.8 ms at 9.5s (Draw: 7466, Bodies: 221)
⚡ FRAME SPIKE #278: 36.1 ms at 9.6s (Draw: 7483, Bodies: 221)
⚡ FRAME SPIKE #279: 36.1 ms at 9.6s (Draw: 7559, Bodies: 221)
⚡ FRAME SPIKE #280: 36.1 ms at 9.6s (Draw: 7718, Bodies: 221)
⚡ FRAME SPIKE #281: 36.1 ms at 9.7s (Draw: 8240, Bodies: 221)
⚡ FRAME SPIKE #282: 36.1 ms at 9.7s (Draw: 8337, Bodies: 221)
⚡ FRAME SPIKE #283: 36.1 ms at 9.7s (Draw: 8351, Bodies: 221)
⚡ FRAME SPIKE #284: 36.1 ms at 9.8s (Draw: 8361, Bodies: 221)
⚡ FRAME SPIKE #285: 36.1 ms at 9.8s (Draw: 8375, Bodies: 222)
⚡ FRAME SPIKE #286: 36.1 ms at 9.9s (Draw: 8352, Bodies: 222)
⚡ FRAME SPIKE #287: 36.1 ms at 9.9s (Draw: 8355, Bodies: 222)
⚡ FRAME SPIKE #288: 36.1 ms at 9.9s (Draw: 8358, Bodies: 222)
⚡ FRAME SPIKE #289: 37.3 ms at 10.0s (Draw: 8350, Bodies: 222)
⚡ FRAME SPIKE #290: 36.1 ms at 10.0s (Draw: 8338, Bodies: 222)
⚡ FRAME SPIKE #291: 36.1 ms at 10.0s (Draw: 8335, Bodies: 222)
⚡ FRAME SPIKE #292: 36.4 ms at 10.1s (Draw: 8297, Bodies: 222)
⚡ FRAME SPIKE #293: 36.1 ms at 10.1s (Draw: 8215, Bodies: 222)

========== PERFORMANCE METRICS ==========
Frames: 600
  total_frame: avg=2.04 ms, median=0.04 ms, max=95.13 ms, calls=600, total=1223.3 ms
  road_queue: avg=0.92 ms, median=0.01 ms, max=19.56 ms, calls=600, total=549.3 ms
  infra_queue: avg=0.53 ms, median=0.00 ms, max=1.60 ms, calls=600, total=318.5 ms
  road_batch_finalize: avg=14.90 ms, median=15.56 ms, max=19.54 ms, calls=13, total=193.8 ms
  curb_mesh: avg=0.27 ms, median=0.00 ms, max=11.29 ms, calls=552, total=146.6 ms
  infra_lamp: avg=0.64 ms, median=0.68 ms, max=0.95 ms, calls=223, total=143.4 ms
  road_create: avg=0.29 ms, median=0.15 ms, max=10.28 ms, calls=458, total=133.1 ms
  terrain_queue: avg=0.21 ms, median=0.00 ms, max=69.20 ms, calls=600, total=128.8 ms
  building_results: avg=0.19 ms, median=0.00 ms, max=1.20 ms, calls=600, total=112.1 ms
  infra_sort: avg=0.29 ms, median=0.17 ms, max=1.01 ms, calls=373, total=108.6 ms
  terrain_leisure: avg=6.01 ms, median=0.14 ms, max=68.29 ms, calls=18, total=108.1 ms
  curb_collisions: avg=0.10 ms, median=0.00 ms, max=1.80 ms, calls=600, total=58.9 ms
  building_sort: avg=0.33 ms, median=0.20 ms, max=0.93 ms, calls=166, total=55.5 ms
  infra_yield_sign: avg=0.29 ms, median=0.31 ms, max=0.42 ms, calls=169, total=49.5 ms
  building_apply: avg=0.27 ms, median=0.27 ms, max=0.38 ms, calls=176, total=47.6 ms
  vegetation_queue: avg=0.07 ms, median=0.00 ms, max=21.57 ms, calls=600, total=42.2 ms
  veg_trees: avg=10.33 ms, median=15.50 ms, max=21.55 ms, calls=4, total=41.3 ms
  window_batch_finalize: avg=2.69 ms, median=2.12 ms, max=13.76 ms, calls=11, total=29.6 ms
  road_sort: avg=1.23 ms, median=1.39 ms, max=2.74 ms, calls=18, total=22.1 ms
  terrain_landuse: avg=0.12 ms, median=0.11 ms, max=0.40 ms, calls=78, total=9.7 ms
  terrain_sort: avg=0.21 ms, median=0.22 ms, max=0.46 ms, calls=39, total=8.2 ms
  curb_smooth: avg=0.03 ms, median=0.03 ms, max=0.19 ms, calls=252, total=7.9 ms
  infra_parking_sign: avg=0.54 ms, median=0.54 ms, max=0.66 ms, calls=13, total=7.1 ms
  infra_traffic_light: avg=0.54 ms, median=0.56 ms, max=0.60 ms, calls=8, total=4.3 ms
  curb_latlon: avg=0.01 ms, median=0.01 ms, max=0.04 ms, calls=252, total=3.0 ms
  terrain_natural: avg=0.07 ms, median=0.07 ms, max=0.07 ms, calls=1, total=0.1 ms
  veg_bushes_grass: avg=0.02 ms, median=0.02 ms, max=0.02 ms, calls=4, total=0.1 ms
==========================================


========== DRAW CALL BREAKDOWN ==========
Total tracked draw calls: 1553

  Lamps       :   669 ( 43.1%) ████████
  Vegetation  :   370 ( 23.8%) ████
  Buildings   :   350 ( 22.5%) ████
  Terrain     :    97 (  6.2%) █
  Roads       :    30 (  1.9%) 
  Signs       :    26 (  1.7%) 
  Windows     :    11 (  0.7%) 

💡 RECOMMENDATIONS:
  🟠 Infrastructure: 44.8% of draw calls
     → Use MultiMesh for curbs, lamps, signs
=========================================

⚡ FRAME SPIKE #294: 36.1 ms at 10.1s (Draw: 8089, Bodies: 222)
⚡ FRAME SPIKE #295: 39.1 ms at 10.2s (Draw: 7936, Bodies: 222)
⚡ FRAME SPIKE #296: 36.1 ms at 10.2s (Draw: 7689, Bodies: 222)
⚡ FRAME SPIKE #297: 36.1 ms at 10.3s (Draw: 7568, Bodies: 222)
⚡ FRAME SPIKE #298: 36.1 ms at 10.3s (Draw: 7373, Bodies: 222)
⚡ FRAME SPIKE #299: 33.8 ms at 10.3s (Draw: 7166, Bodies: 222)
⚡ FRAME SPIKE #300: 36.1 ms at 10.4s (Draw: 6944, Bodies: 222)
⚡ FRAME SPIKE #301: 36.1 ms at 10.4s (Draw: 6713, Bodies: 222)
⚡ FRAME SPIKE #302: 36.1 ms at 10.4s (Draw: 6545, Bodies: 222)
⚡ FRAME SPIKE #303: 35.7 ms at 10.5s (Draw: 6491, Bodies: 222)
⚡ FRAME SPIKE #304: 35.7 ms at 10.5s (Draw: 6492, Bodies: 222)
🚗 Traffic: 30 active NPCs (Near: 11, Mid: 14, Far: 5), 2 pooled
  → Physics bodies from NPCs: 30 (All: 30×1, было бы 30×5=150)

========== Bottleneck Analysis Report ==========
Time: 20.4s | Frames: 611

📊 PERFORMANCE OVERVIEW:
  FPS: 29.2 avg | 27.0 min
  Frame Time: 36.47 ms avg | 47.42 ms max
  Physics Time: 6.04 ms avg

🔍 BOTTLENECK IDENTIFICATION:
  🔴 [CRITICAL] Frame Time
      Value: 36.47 ms (target: 16.67 ms)
      Impact: Overall performance bottleneck
      Suggestions:
        • Reduce draw calls
        • Optimize scripts in _process()
        • Check for expensive operations per frame

  🟠 [HIGH] Draw Calls
      Value: 7428 calls/frame
      Impact: GPU rendering overhead
      Suggestions:
        • Batch meshes by material
        • Use MultiMeshInstance3D
        • Implement LOD system
        • Enable frustum culling

  🟠 [HIGH] Physics Bodies
      Value: 221 active bodies
      Impact: Physics engine load
      Suggestions:
        • Reduce NPC count
        • Convert distant NPCs to kinematic
        • Disable physics for far objects

  🟡 [MEDIUM] Physics Time
      Value: 6.04 ms
      Impact: Physics simulation overhead
      Suggestions:
        • Reduce number of active physics bodies
        • Simplify collision shapes
        • Disable physics for distant objects

  🟡 [MEDIUM] Vertex Count
      Value: 55266763 vertices/frame
      Impact: GPU vertex processing
      Suggestions:
        • Implement LOD for distant objects
        • Simplify building meshes
        • Use lower poly models

  🟡 [MEDIUM] Node Count
      Value: 14417 nodes
      Impact: Scene tree traversal overhead
      Suggestions:
        • Unload distant chunks
        • Pool and reuse nodes
        • Flatten hierarchy where possible

  🟡 [MEDIUM] Post-Processing Effects
      Value: SSAO, Glow/Bloom, Volumetric Fog
      Impact: GPU shader overhead
      Suggestions:
        • Reduce SSR quality
        • Disable SSAO on low-end hardware
        • Use simpler fog

📈 DETAILED STATS:
  Draw Calls: 7428 avg | 8375 max
  Vertices: 55266763 avg | 56226652 max
  Physics Bodies: 221
  Nodes: 14417
  VRAM: 744.8 MB

=================================================

⚡ FRAME SPIKE #305: 35.7 ms at 10.5s (Draw: 6490, Bodies: 222)
⚡ FRAME SPIKE #306: 33.1 ms at 10.6s (Draw: 6477, Bodies: 222)
⚡ FRAME SPIKE #307: 32.7 ms at 10.6s (Draw: 6453, Bodies: 222)
⚡ FRAME SPIKE #308: 31.8 ms at 10.6s (Draw: 6447, Bodies: 222)
⚡ FRAME SPIKE #309: 32.8 ms at 10.7s (Draw: 6431, Bodies: 222)
⚡ FRAME SPIKE #310: 32.2 ms at 10.7s (Draw: 6403, Bodies: 222)
⚡ FRAME SPIKE #311: 32.2 ms at 10.7s (Draw: 6376, Bodies: 222)
⚡ FRAME SPIKE #312: 31.6 ms at 10.8s (Draw: 6364, Bodies: 222)
⚡ FRAME SPIKE #313: 32.1 ms at 10.8s (Draw: 6343, Bodies: 222)
⚡ FRAME SPIKE #314: 33.3 ms at 10.8s (Draw: 6343, Bodies: 224)
⚡ FRAME SPIKE #315: 42.5 ms at 10.9s (Draw: 6332, Bodies: 224)
⚡ FRAME SPIKE #316: 36.7 ms at 10.9s (Draw: 6311, Bodies: 224)
⚡ FRAME SPIKE #317: 34.7 ms at 10.9s (Draw: 6308, Bodies: 224)
⚡ FRAME SPIKE #318: 34.7 ms at 11.0s (Draw: 6290, Bodies: 224)
⚡ FRAME SPIKE #319: 34.7 ms at 11.0s (Draw: 6280, Bodies: 224)
⚡ FRAME SPIKE #320: 34.7 ms at 11.1s (Draw: 6286, Bodies: 224)
⚡ FRAME SPIKE #321: 33.3 ms at 11.1s (Draw: 6277, Bodies: 224)
⚡ FRAME SPIKE #322: 33.3 ms at 11.1s (Draw: 6278, Bodies: 224)
⚡ FRAME SPIKE #323: 33.3 ms at 11.2s (Draw: 6275, Bodies: 224)
⚡ FRAME SPIKE #324: 33.3 ms at 11.2s (Draw: 6280, Bodies: 224)
⚡ FRAME SPIKE #325: 33.3 ms at 11.2s (Draw: 6280, Bodies: 224)
⚡ FRAME SPIKE #326: 33.3 ms at 11.3s (Draw: 6267, Bodies: 224)
⚡ FRAME SPIKE #327: 33.3 ms at 11.3s (Draw: 6260, Bodies: 224)
⚡ FRAME SPIKE #328: 33.3 ms at 11.3s (Draw: 6252, Bodies: 224)
⚡ FRAME SPIKE #329: 33.3 ms at 11.4s (Draw: 6230, Bodies: 224)
OSM: Loading chunk -1,-3 at lat=59.1235, lon=37.8974
OSM: Loaded from cache: osm_v2_59.1235_37.8974_250.json
OSM: Loading chunk 0,-3 at lat=59.1235, lon=37.9026
OSM: Loaded from cache: osm_v2_59.1235_37.9026_250.json
OSM: Chunk -1,-3 data loaded
OSM: Found 2 entrance nodes in chunk
OSM: Found 10 POI nodes in chunk
POI_DEBUG: Found 'unknown' inside building at local (-132.4, -816.5)
BusinessSign: Found logo for 'втб' -> res://textures/brand_logos/vtb.png
POI_DEBUG: Found 'Ozon' inside building at local (-208.3, -750.2)
BusinessSign: Found logo for 'ozon' -> res://textures/brand_logos/ozon.png
POI_DEBUG: Found 'Сбербанк' inside building at local (-151.6, -859.4)
BusinessSign: Found logo for 'сбербанк' -> res://textures/brand_logos/sberbank.png
BusinessSign: Found logo for 'сбербанк' -> res://textures/brand_logos/sberbank.png
POI_DEBUG: Found 'Ozon' inside building at local (-59.7, -662.5)
BusinessSign: Found logo for 'ozon' -> res://textures/brand_logos/ozon.png
OSM: Generated 38 roads, 35 buildings, 0 trees, 0 signs, 0 lamps, 28 intersections
OSM: Marked chunk '-1,-3' for road batch finalization
OSM: Post-initial chunk loaded, pending_lamps=0
OSM: _create_pending_lamps started, count=0
OSM: No pending lamps
OSM: Chunk 0,-3 data loaded
OSM: Found 14 POI nodes in chunk
POI_DEBUG: Found 'Антей' inside building at local (29.3, -584.4)
OSM: Generated 79 roads, 17 buildings, 0 trees, 0 signs, 0 lamps, 37 intersections
OSM: Marked chunk '0,-3' for road batch finalization
OSM: Post-initial chunk loaded, pending_lamps=0
OSM: _create_pending_lamps started, count=0
OSM: No pending lamps
⚡ FRAME SPIKE #330: 102.5 ms at 11.4s (Draw: 6267, Bodies: 232)
OSM: DEBUG _add_road_to_batch - first road for chunk '0,-3', parent.name='Chunk_0,-3'
OSM: DEBUG _add_road_to_batch - first road for chunk '-1,-3', parent.name='Chunk_-1,-3'
⚡ FRAME SPIKE #331: 72.0 ms at 11.5s (Draw: 6297, Bodies: 233)
⚠️ SLOW FRAME 10.2ms: building=0.4 road=8.9 terrain=0.3 infra=0.6 veg=0.0 curb=0.0ms
⚡ FRAME SPIKE #332: 57.4 ms at 11.6s (Draw: 6325, Bodies: 234)
⚡ FRAME SPIKE #333: 49.7 ms at 11.6s (Draw: 6321, Bodies: 235)
⚡ FRAME SPIKE #334: 48.0 ms at 11.7s (Draw: 6309, Bodies: 236)
⚡ FRAME SPIKE #335: 50.0 ms at 11.7s (Draw: 6306, Bodies: 237)
⚡ FRAME SPIKE #336: 50.0 ms at 11.8s (Draw: 6296, Bodies: 238)
⚡ FRAME SPIKE #337: 50.0 ms at 11.8s (Draw: 6302, Bodies: 239)
⚠️ SLOW FRAME 12.0ms: building=0.4 road=7.3 terrain=0.2 infra=0.5 veg=3.6 curb=0.0ms
⚡ FRAME SPIKE #338: 50.0 ms at 11.9s (Draw: 6978, Bodies: 242)
⚡ FRAME SPIKE #339: 50.0 ms at 11.9s (Draw: 6987, Bodies: 243)
OSM: ✅ Finalized road batch -1,-3/residential: 2166 vertices, 2110 triangles, material: <ImageTexture#-9223371972681922551>
OSM: ✅ Finalized road batch -1,-3/path: 792 vertices, 776 triangles, material: <ImageTexture#-9223371972598036470>
OSM: ✅ Finalized road batch -1,-3/primary: 410 vertices, 406 triangles, material: <ImageTexture#-9223371972765808632>
⚠️ SLOW: road batch finalization took 8.3 ms for chunk -1,-3
⚠️ SLOW FRAME 31.2ms: building=0.4 road=8.4 terrain=0.2 infra=0.4 veg=21.7 curb=0.0ms
⚡ FRAME SPIKE #340: 61.6 ms at 12.0s (Draw: 6987, Bodies: 244)
OSM: ✅ Finalized road batch 0,-3/path: 2286 vertices, 2210 triangles, material: <ImageTexture#-9223371972598036470>
OSM: ✅ Finalized road batch 0,-3/primary: 962 vertices, 944 triangles, material: <ImageTexture#-9223371972765808632>
OSM: ✅ Finalized road batch 0,-3/residential: 1688 vertices, 1624 triangles, material: <ImageTexture#-9223371972681922551>
⚠️ SLOW: road batch finalization took 10.9 ms for chunk 0,-3
⚠️ SLOW FRAME 12.2ms: building=0.4 road=11.0 terrain=0.2 infra=0.6 veg=0.0 curb=0.0ms
⚡ FRAME SPIKE #341: 58.9 ms at 12.0s (Draw: 6994, Bodies: 244)
⚠️ SLOW FRAME 17.9ms: building=0.4 road=1.0 terrain=0.2 infra=0.6 veg=15.2 curb=0.5ms
⚡ FRAME SPIKE #342: 62.9 ms at 12.1s (Draw: 7014, Bodies: 245)
⚡ FRAME SPIKE #343: 55.6 ms at 12.2s (Draw: 7022, Bodies: 246)
⚡ FRAME SPIKE #344: 55.6 ms at 12.2s (Draw: 7036, Bodies: 247)
⚡ FRAME SPIKE #345: 48.6 ms at 12.3s (Draw: 7018, Bodies: 248)
⚡ FRAME SPIKE #346: 47.5 ms at 12.3s (Draw: 7019, Bodies: 249)
⚡ FRAME SPIKE #347: 45.5 ms at 12.4s (Draw: 7021, Bodies: 250)
⚡ FRAME SPIKE #348: 45.5 ms at 12.4s (Draw: 7026, Bodies: 251)
⚡ FRAME SPIKE #349: 45.5 ms at 12.4s (Draw: 6978, Bodies: 252)
⚡ FRAME SPIKE #350: 40.3 ms at 12.5s (Draw: 6976, Bodies: 252)
⚡ FRAME SPIKE #351: 44.0 ms at 12.5s (Draw: 6966, Bodies: 253)
🚗 Traffic: 34 active NPCs (Near: 11, Mid: 16, Far: 7), 0 pooled
  → Physics bodies from NPCs: 34 (All: 34×1, было бы 34×5=170)

========== Bottleneck Analysis Report ==========
Time: 22.4s | Frames: 658

📊 PERFORMANCE OVERVIEW:
  FPS: 27.6 avg | 20.0 min
  Frame Time: 39.65 ms avg | 98.64 ms max
  Physics Time: 6.28 ms avg

🔍 BOTTLENECK IDENTIFICATION:
  🔴 [CRITICAL] Frame Time
      Value: 39.65 ms (target: 16.67 ms)
      Impact: Overall performance bottleneck
      Suggestions:
        • Reduce draw calls
        • Optimize scripts in _process()
        • Check for expensive operations per frame

  🟠 [HIGH] Draw Calls
      Value: 7181 calls/frame
      Impact: GPU rendering overhead
      Suggestions:
        • Batch meshes by material
        • Use MultiMeshInstance3D
        • Implement LOD system
        • Enable frustum culling

  🟠 [HIGH] Physics Bodies
      Value: 226 active bodies
      Impact: Physics engine load
      Suggestions:
        • Reduce NPC count
        • Convert distant NPCs to kinematic
        • Disable physics for far objects

  🟡 [MEDIUM] Physics Time
      Value: 6.28 ms
      Impact: Physics simulation overhead
      Suggestions:
        • Reduce number of active physics bodies
        • Simplify collision shapes
        • Disable physics for distant objects

  🟡 [MEDIUM] Vertex Count
      Value: 55092127 vertices/frame
      Impact: GPU vertex processing
      Suggestions:
        • Implement LOD for distant objects
        • Simplify building meshes
        • Use lower poly models

  🟡 [MEDIUM] Node Count
      Value: 15899 nodes
      Impact: Scene tree traversal overhead
      Suggestions:
        • Unload distant chunks
        • Pool and reuse nodes
        • Flatten hierarchy where possible

  🟡 [MEDIUM] Post-Processing Effects
      Value: SSAO, Glow/Bloom, Volumetric Fog
      Impact: GPU shader overhead
      Suggestions:
        • Reduce SSR quality
        • Disable SSAO on low-end hardware
        • Use simpler fog

📈 DETAILED STATS:
  Draw Calls: 7181 avg | 8375 max
  Vertices: 55092127 avg | 56226652 max
  Physics Bodies: 226
  Nodes: 15899
  VRAM: 751.4 MB

=================================================

⚡ FRAME SPIKE #352: 39.3 ms at 12.6s (Draw: 6957, Bodies: 252)
⚡ FRAME SPIKE #353: 44.4 ms at 12.6s (Draw: 6776, Bodies: 253)
⚡ FRAME SPIKE #354: 44.4 ms at 12.7s (Draw: 6671, Bodies: 253)
⚡ FRAME SPIKE #355: 38.5 ms at 12.7s (Draw: 6525, Bodies: 254)
⚡ FRAME SPIKE #356: 37.2 ms at 12.7s (Draw: 6357, Bodies: 255)
⚡ FRAME SPIKE #357: 41.7 ms at 12.8s (Draw: 6339, Bodies: 256)
⚡ FRAME SPIKE #358: 39.5 ms at 12.8s (Draw: 6347, Bodies: 257)
⚡ FRAME SPIKE #359: 41.7 ms at 12.9s (Draw: 6347, Bodies: 258)
⚡ FRAME SPIKE #360: 40.9 ms at 12.9s (Draw: 6346, Bodies: 259)
⚡ FRAME SPIKE #361: 41.7 ms at 12.9s (Draw: 6345, Bodies: 260)
⚡ FRAME SPIKE #362: 36.8 ms at 13.0s (Draw: 6347, Bodies: 260)
⚡ FRAME SPIKE #363: 38.9 ms at 13.0s (Draw: 6334, Bodies: 261)
⚡ FRAME SPIKE #364: 40.5 ms at 13.1s (Draw: 6331, Bodies: 262)
⚡ FRAME SPIKE #365: 40.0 ms at 13.1s (Draw: 6268, Bodies: 263)
⚡ FRAME SPIKE #366: 38.4 ms at 13.1s (Draw: 6200, Bodies: 264)
⚡ FRAME SPIKE #367: 40.0 ms at 13.2s (Draw: 6045, Bodies: 265)
⚡ FRAME SPIKE #368: 37.8 ms at 13.2s (Draw: 6016, Bodies: 266)
⚡ FRAME SPIKE #369: 36.4 ms at 13.3s (Draw: 6032, Bodies: 267)
⚡ FRAME SPIKE #370: 39.4 ms at 13.3s (Draw: 6034, Bodies: 268)
⚡ FRAME SPIKE #371: 38.9 ms at 13.3s (Draw: 6029, Bodies: 269)
⚡ FRAME SPIKE #372: 35.3 ms at 13.4s (Draw: 6020, Bodies: 270)
⚡ FRAME SPIKE #373: 35.2 ms at 13.4s (Draw: 6010, Bodies: 271)
⚡ FRAME SPIKE #374: 35.7 ms at 13.4s (Draw: 6009, Bodies: 272)
⚡ FRAME SPIKE #375: 37.5 ms at 13.5s (Draw: 6013, Bodies: 273)
OSM: 🌙 NIGHT Window batch 0,-3 | night_mgr: CACHED | is_night value: true
OSM: ✅ Finalized window batch 0,-3: 2329 windows (was 2329 draw calls before batching)
⚡ FRAME SPIKE #376: 37.5 ms at 13.5s (Draw: 6008, Bodies: 274)
OSM: 🌙 NIGHT Window batch -1,-3 | night_mgr: CACHED | is_night value: true
OSM: ✅ Finalized window batch -1,-3: 4341 windows (was 4341 draw calls before batching)
⚡ FRAME SPIKE #377: 37.5 ms at 13.6s (Draw: 6002, Bodies: 275)
⚡ FRAME SPIKE #378: 37.5 ms at 13.6s (Draw: 6002, Bodies: 276)
⚡ FRAME SPIKE #379: 37.5 ms at 13.6s (Draw: 6002, Bodies: 277)
⚡ FRAME SPIKE #380: 37.5 ms at 13.7s (Draw: 6003, Bodies: 277)
⚡ FRAME SPIKE #381: 37.0 ms at 13.7s (Draw: 6011, Bodies: 278)
⚡ FRAME SPIKE #382: 35.6 ms at 13.7s (Draw: 6002, Bodies: 279)
⚡ FRAME SPIKE #383: 35.8 ms at 13.8s (Draw: 6012, Bodies: 280)
⚡ FRAME SPIKE #384: 37.0 ms at 13.8s (Draw: 6001, Bodies: 281)
⚡ FRAME SPIKE #385: 37.0 ms at 13.9s (Draw: 6008, Bodies: 282)
⚡ FRAME SPIKE #386: 35.1 ms at 13.9s (Draw: 6010, Bodies: 283)
⚡ FRAME SPIKE #387: 36.0 ms at 13.9s (Draw: 6017, Bodies: 284)
⚡ FRAME SPIKE #388: 34.4 ms at 14.0s (Draw: 6017, Bodies: 285)
⚡ FRAME SPIKE #389: 34.2 ms at 14.0s (Draw: 6013, Bodies: 286)
⚡ FRAME SPIKE #390: 35.9 ms at 14.0s (Draw: 6016, Bodies: 286)
⚡ FRAME SPIKE #391: 36.1 ms at 14.1s (Draw: 6024, Bodies: 287)
⚡ FRAME SPIKE #392: 36.1 ms at 14.1s (Draw: 6025, Bodies: 288)
⚡ FRAME SPIKE #393: 36.1 ms at 14.1s (Draw: 6026, Bodies: 288)
⚡ FRAME SPIKE #394: 36.1 ms at 14.2s (Draw: 6029, Bodies: 288)
⚡ FRAME SPIKE #395: 36.1 ms at 14.2s (Draw: 6038, Bodies: 288)
⚡ FRAME SPIKE #396: 36.1 ms at 14.2s (Draw: 6039, Bodies: 288)
⚡ FRAME SPIKE #397: 36.1 ms at 14.3s (Draw: 6049, Bodies: 288)
⚡ FRAME SPIKE #398: 36.1 ms at 14.3s (Draw: 6054, Bodies: 288)
⚡ FRAME SPIKE #399: 36.1 ms at 14.4s (Draw: 6051, Bodies: 288)
⚡ FRAME SPIKE #400: 36.1 ms at 14.4s (Draw: 6043, Bodies: 288)
⚡ FRAME SPIKE #401: 36.1 ms at 14.4s (Draw: 6047, Bodies: 288)
⚡ FRAME SPIKE #402: 36.1 ms at 14.5s (Draw: 6040, Bodies: 288)

=== PERFORMANCE METRICS ===
FPS: 27 | Frame: 35.5 ms (max 102.5) | Physics: 16.6 ms (max 104.7)
Godot Process: 24.23 ms | Physics: 7.40 ms
Objects: 42101 | Nodes: 17984 | Resources: 536
Draw calls: 6040 | Vertices: 5729971 | VRAM: 754.0 MB
Physics bodies: 288 | Collision pairs: 3089
--- System Times ---
  road_batch_finalize_total_-1,-1: 11.69 ms (max 11.69)
  road_batch_finalize_total_-1,-2: 5.78 ms (max 5.78)
  road_batch_finalize_total_-1,-3: 8.34 ms (max 8.34)
  road_batch_finalize_total_-1,0: 19.43 ms (max 19.43)
  road_batch_finalize_total_-2,-1: 17.95 ms (max 17.95)
  road_batch_finalize_total_-2,-2: 15.50 ms (max 15.50)
  road_batch_finalize_total_-2,0: 15.64 ms (max 15.64)
  road_batch_finalize_total_0,-1: 19.50 ms (max 19.50)
  road_batch_finalize_total_0,-2: 18.98 ms (max 18.98)
  road_batch_finalize_total_0,-3: 10.92 ms (max 10.92)
  road_batch_finalize_total_0,0: 14.58 ms (max 14.58)
  road_batch_finalize_total_0,1: 10.33 ms (max 10.33)
  road_batch_finalize_total_1,-1: 17.43 ms (max 17.43)
  road_batch_finalize_total_1,-2: 15.50 ms (max 15.50)
  road_batch_finalize_total_1,0: 10.98 ms (max 10.98)
  road_collision_create_-1,-1: 3.59 ms (max 4.29)
  road_collision_create_-1,-2: 2.64 ms (max 3.20)
  road_collision_create_-1,-3: 2.53 ms (max 4.39)
  road_collision_create_-1,0: 9.45 ms (max 16.64)
  road_collision_create_-2,-1: 5.74 ms (max 11.96)
  road_collision_create_-2,-2: 7.40 ms (max 12.74)
  road_collision_create_-2,0: 7.45 ms (max 11.90)
  road_collision_create_0,-1: 6.21 ms (max 12.30)
  road_collision_create_0,-2: 6.03 ms (max 11.80)
  road_collision_create_0,-3: 3.35 ms (max 4.30)
  road_collision_create_0,0: 4.62 ms (max 10.86)
  road_collision_create_0,1: 10.06 ms (max 10.06)
  road_collision_create_1,-1: 5.58 ms (max 12.81)
  road_collision_create_1,-2: 7.47 ms (max 12.45)
  road_collision_create_1,0: 10.68 ms (max 10.68)
===========================

=== PERFORMANCE METRICS ===
FPS: 27 | Frame: 35.5 ms (max 102.5) | Physics: 16.6 ms (max 105.0)
Godot Process: 24.23 ms | Physics: 7.40 ms
Objects: 42101 | Nodes: 17984 | Resources: 536
Draw calls: 6040 | Vertices: 5729971 | VRAM: 754.0 MB
Physics bodies: 288 | Collision pairs: 3089
===========================
⚡ FRAME SPIKE #403: 36.4 ms at 14.5s (Draw: 6054, Bodies: 288)
⚡ FRAME SPIKE #404: 36.1 ms at 14.5s (Draw: 6077, Bodies: 288)
⚡ FRAME SPIKE #405: 36.1 ms at 14.6s (Draw: 6083, Bodies: 288)
🚗 Traffic: 30 active NPCs (Near: 12, Mid: 12, Far: 6), 4 pooled
  → Physics bodies from NPCs: 30 (All: 30×1, было бы 30×5=150)

========== Bottleneck Analysis Report ==========
Time: 24.4s | Frames: 712

📊 PERFORMANCE OVERVIEW:
  FPS: 25.4 avg | 20.0 min
  Frame Time: 44.00 ms avg | 98.64 ms max
  Physics Time: 6.86 ms avg

🔍 BOTTLENECK IDENTIFICATION:
  🔴 [CRITICAL] Frame Time
      Value: 44.00 ms (target: 16.67 ms)
      Impact: Overall performance bottleneck
      Suggestions:
        • Reduce draw calls
        • Optimize scripts in _process()
        • Check for expensive operations per frame

  🟠 [HIGH] Draw Calls
      Value: 6532 calls/frame
      Impact: GPU rendering overhead
      Suggestions:
        • Batch meshes by material
        • Use MultiMeshInstance3D
        • Implement LOD system
        • Enable frustum culling

  🟠 [HIGH] Physics Bodies
      Value: 249 active bodies
      Impact: Physics engine load
      Suggestions:
        • Reduce NPC count
        • Convert distant NPCs to kinematic
        • Disable physics for far objects

  🟡 [MEDIUM] Physics Time
      Value: 6.86 ms
      Impact: Physics simulation overhead
      Suggestions:
        • Reduce number of active physics bodies
        • Simplify collision shapes
        • Disable physics for distant objects

  🟡 [MEDIUM] Vertex Count
      Value: 37153471 vertices/frame
      Impact: GPU vertex processing
      Suggestions:
        • Implement LOD for distant objects
        • Simplify building meshes
        • Use lower poly models

  🟡 [MEDIUM] Node Count
      Value: 17984 nodes
      Impact: Scene tree traversal overhead
      Suggestions:
        • Unload distant chunks
        • Pool and reuse nodes
        • Flatten hierarchy where possible

  🟡 [MEDIUM] Post-Processing Effects
      Value: SSAO, Glow/Bloom, Volumetric Fog
      Impact: GPU shader overhead
      Suggestions:
        • Reduce SSR quality
        • Disable SSAO on low-end hardware
        • Use simpler fog

📈 DETAILED STATS:
  Draw Calls: 6532 avg | 8358 max
  Vertices: 37153471 avg | 56226652 max
  Physics Bodies: 249
  Nodes: 17984
  VRAM: 754.0 MB

=================================================

⚡ FRAME SPIKE #406: 36.1 ms at 14.6s (Draw: 6076, Bodies: 288)
⚡ FRAME SPIKE #407: 36.1 ms at 14.6s (Draw: 6077, Bodies: 288)
⚡ FRAME SPIKE #408: 36.1 ms at 14.7s (Draw: 6044, Bodies: 288)
⚡ FRAME SPIKE #409: 38.2 ms at 14.7s (Draw: 5985, Bodies: 288)
⚡ FRAME SPIKE #410: 36.1 ms at 14.8s (Draw: 5879, Bodies: 288)
⚡ FRAME SPIKE #411: 36.1 ms at 14.8s (Draw: 5774, Bodies: 288)
⚡ FRAME SPIKE #412: 36.1 ms at 14.8s (Draw: 5684, Bodies: 288)
⚡ FRAME SPIKE #413: 34.5 ms at 14.9s (Draw: 5596, Bodies: 288)
⚡ FRAME SPIKE #414: 36.1 ms at 14.9s (Draw: 5424, Bodies: 288)
⚡ FRAME SPIKE #415: 47.2 ms at 14.9s (Draw: 5342, Bodies: 290)
⚡ FRAME SPIKE #416: 35.7 ms at 15.0s (Draw: 5365, Bodies: 290)
⚡ FRAME SPIKE #417: 35.7 ms at 15.0s (Draw: 5388, Bodies: 290)
⚡ FRAME SPIKE #418: 35.7 ms at 15.1s (Draw: 5405, Bodies: 290)
⚡ FRAME SPIKE #419: 35.7 ms at 15.1s (Draw: 5404, Bodies: 290)
⚡ FRAME SPIKE #420: 35.7 ms at 15.1s (Draw: 5405, Bodies: 290)
⚡ FRAME SPIKE #421: 35.2 ms at 15.2s (Draw: 5395, Bodies: 290)
⚡ FRAME SPIKE #422: 32.3 ms at 15.2s (Draw: 5363, Bodies: 290)
⚡ FRAME SPIKE #423: 33.4 ms at 15.2s (Draw: 5322, Bodies: 290)
⚡ FRAME SPIKE #424: 33.5 ms at 15.3s (Draw: 5315, Bodies: 290)
⚡ FRAME SPIKE #425: 32.7 ms at 15.3s (Draw: 5306, Bodies: 290)
⚡ FRAME SPIKE #426: 32.6 ms at 15.3s (Draw: 5303, Bodies: 290)
⚡ FRAME SPIKE #427: 32.5 ms at 15.4s (Draw: 5304, Bodies: 290)
⚡ FRAME SPIKE #428: 33.3 ms at 15.4s (Draw: 5305, Bodies: 290)
⚡ FRAME SPIKE #429: 33.3 ms at 15.4s (Draw: 5306, Bodies: 290)
⚡ FRAME SPIKE #430: 33.3 ms at 15.5s (Draw: 5305, Bodies: 290)
⚡ FRAME SPIKE #431: 33.3 ms at 15.5s (Draw: 5287, Bodies: 290)
⚡ FRAME SPIKE #432: 33.3 ms at 15.5s (Draw: 5301, Bodies: 290)
⚡ FRAME SPIKE #433: 33.3 ms at 15.6s (Draw: 5311, Bodies: 290)
⚡ FRAME SPIKE #434: 32.9 ms at 15.6s (Draw: 5309, Bodies: 290)
⚡ FRAME SPIKE #435: 32.5 ms at 15.6s (Draw: 5302, Bodies: 290)
⚡ FRAME SPIKE #436: 32.5 ms at 15.7s (Draw: 5308, Bodies: 290)
⚡ FRAME SPIKE #437: 33.3 ms at 15.7s (Draw: 5315, Bodies: 290)
⚡ FRAME SPIKE #438: 33.3 ms at 15.7s (Draw: 5314, Bodies: 290)
⚡ FRAME SPIKE #439: 33.3 ms at 15.8s (Draw: 5323, Bodies: 290)
⚡ FRAME SPIKE #440: 33.2 ms at 15.8s (Draw: 5312, Bodies: 290)
⚡ FRAME SPIKE #441: 32.5 ms at 15.8s (Draw: 5325, Bodies: 290)
⚡ FRAME SPIKE #442: 32.8 ms at 15.9s (Draw: 5312, Bodies: 290)
⚡ FRAME SPIKE #443: 33.3 ms at 15.9s (Draw: 5312, Bodies: 290)
⚡ FRAME SPIKE #444: 33.3 ms at 15.9s (Draw: 5308, Bodies: 290)
⚡ FRAME SPIKE #445: 33.3 ms at 16.0s (Draw: 5327, Bodies: 293)
⚡ FRAME SPIKE #446: 33.9 ms at 16.0s (Draw: 5312, Bodies: 293)
⚡ FRAME SPIKE #447: 33.3 ms at 16.0s (Draw: 5257, Bodies: 293)
⚡ FRAME SPIKE #448: 34.7 ms at 16.1s (Draw: 5207, Bodies: 292)
⚡ FRAME SPIKE #449: 33.8 ms at 16.1s (Draw: 5141, Bodies: 292)
⚡ FRAME SPIKE #450: 34.7 ms at 16.1s (Draw: 5106, Bodies: 292)
⚡ FRAME SPIKE #451: 34.3 ms at 16.2s (Draw: 5077, Bodies: 292)
⚡ FRAME SPIKE #452: 33.4 ms at 16.2s (Draw: 5075, Bodies: 292)
⚡ FRAME SPIKE #453: 33.6 ms at 16.2s (Draw: 5072, Bodies: 292)
⚡ FRAME SPIKE #454: 33.7 ms at 16.3s (Draw: 5083, Bodies: 292)
⚡ FRAME SPIKE #455: 33.3 ms at 16.3s (Draw: 5095, Bodies: 292)
⚡ FRAME SPIKE #456: 33.3 ms at 16.3s (Draw: 5114, Bodies: 292)
⚡ FRAME SPIKE #457: 33.3 ms at 16.4s (Draw: 5128, Bodies: 292)
⚡ FRAME SPIKE #458: 33.3 ms at 16.4s (Draw: 5136, Bodies: 292)
⚡ FRAME SPIKE #459: 33.3 ms at 16.4s (Draw: 5137, Bodies: 292)
⚡ FRAME SPIKE #460: 33.3 ms at 16.5s (Draw: 5130, Bodies: 292)
⚡ FRAME SPIKE #461: 33.8 ms at 16.5s (Draw: 5111, Bodies: 292)
⚡ FRAME SPIKE #462: 33.3 ms at 16.5s (Draw: 5113, Bodies: 292)
⚡ FRAME SPIKE #463: 33.3 ms at 16.6s (Draw: 5112, Bodies: 292)
⚡ FRAME SPIKE #464: 33.3 ms at 16.6s (Draw: 5115, Bodies: 292)
🚗 Traffic: 34 active NPCs (Near: 8, Mid: 18, Far: 8), 1 pooled
  → Physics bodies from NPCs: 34 (All: 34×1, было бы 34×5=170)

========== Bottleneck Analysis Report ==========
Time: 26.5s | Frames: 771

📊 PERFORMANCE OVERVIEW:
  FPS: 25.3 avg | 20.0 min
  Frame Time: 39.16 ms avg | 98.64 ms max
  Physics Time: 7.50 ms avg

🔍 BOTTLENECK IDENTIFICATION:
  🔴 [CRITICAL] Frame Time
      Value: 39.16 ms (target: 16.67 ms)
      Impact: Overall performance bottleneck
      Suggestions:
        • Reduce draw calls
        • Optimize scripts in _process()
        • Check for expensive operations per frame

  🟠 [HIGH] Draw Calls
      Value: 5798 calls/frame
      Impact: GPU rendering overhead
      Suggestions:
        • Batch meshes by material
        • Use MultiMeshInstance3D
        • Implement LOD system
        • Enable frustum culling

  🟠 [HIGH] Physics Bodies
      Value: 280 active bodies
      Impact: Physics engine load
      Suggestions:
        • Reduce NPC count
        • Convert distant NPCs to kinematic
        • Disable physics for far objects

  🟡 [MEDIUM] Physics Time
      Value: 7.50 ms
      Impact: Physics simulation overhead
      Suggestions:
        • Reduce number of active physics bodies
        • Simplify collision shapes
        • Disable physics for distant objects

  🟡 [MEDIUM] Vertex Count
      Value: 12644937 vertices/frame
      Impact: GPU vertex processing
      Suggestions:
        • Implement LOD for distant objects
        • Simplify building meshes
        • Use lower poly models

  🟡 [MEDIUM] Node Count
      Value: 18023 nodes
      Impact: Scene tree traversal overhead
      Suggestions:
        • Unload distant chunks
        • Pool and reuse nodes
        • Flatten hierarchy where possible

  🟡 [MEDIUM] Post-Processing Effects
      Value: SSAO, Glow/Bloom, Volumetric Fog
      Impact: GPU shader overhead
      Suggestions:
        • Reduce SSR quality
        • Disable SSAO on low-end hardware
        • Use simpler fog

📈 DETAILED STATS:
  Draw Calls: 5798 avg | 7026 max
  Vertices: 12644937 avg | 55043879 max
  Physics Bodies: 280
  Nodes: 18023
  VRAM: 754.0 MB

=================================================

⚡ FRAME SPIKE #465: 33.6 ms at 16.6s (Draw: 5099, Bodies: 292)
⚡ FRAME SPIKE #466: 33.5 ms at 16.7s (Draw: 5083, Bodies: 292)
⚡ FRAME SPIKE #467: 33.3 ms at 16.7s (Draw: 5074, Bodies: 292)
⚡ FRAME SPIKE #468: 33.3 ms at 16.7s (Draw: 5065, Bodies: 292)
⚡ FRAME SPIKE #469: 33.3 ms at 16.8s (Draw: 5065, Bodies: 292)
⚡ FRAME SPIKE #470: 33.3 ms at 16.8s (Draw: 5047, Bodies: 292)
⚡ FRAME SPIKE #471: 33.3 ms at 16.8s (Draw: 5049, Bodies: 292)
⚡ FRAME SPIKE #472: 33.3 ms at 16.9s (Draw: 5048, Bodies: 292)
⚡ FRAME SPIKE #473: 33.3 ms at 16.9s (Draw: 5058, Bodies: 292)
⚡ FRAME SPIKE #474: 33.3 ms at 16.9s (Draw: 5051, Bodies: 292)
⚡ FRAME SPIKE #475: 36.8 ms at 17.0s (Draw: 5852, Bodies: 294)
⚡ FRAME SPIKE #476: 61.1 ms at 17.0s (Draw: 5880, Bodies: 294)
⚡ FRAME SPIKE #477: 45.8 ms at 17.1s (Draw: 5888, Bodies: 294)
⚡ FRAME SPIKE #478: 43.0 ms at 17.1s (Draw: 5890, Bodies: 294)
⚡ FRAME SPIKE #479: 44.4 ms at 17.1s (Draw: 5890, Bodies: 294)
⚡ FRAME SPIKE #480: 44.4 ms at 17.2s (Draw: 5709, Bodies: 294)
⚡ FRAME SPIKE #481: 44.4 ms at 17.2s (Draw: 5562, Bodies: 294)
⚡ FRAME SPIKE #482: 38.6 ms at 17.3s (Draw: 5581, Bodies: 294)
⚡ FRAME SPIKE #483: 41.9 ms at 17.3s (Draw: 5607, Bodies: 294)
⚡ FRAME SPIKE #484: 35.7 ms at 17.4s (Draw: 5624, Bodies: 294)
⚡ FRAME SPIKE #485: 35.2 ms at 17.4s (Draw: 5638, Bodies: 294)
⚡ FRAME SPIKE #486: 41.7 ms at 17.4s (Draw: 5655, Bodies: 294)
⚡ FRAME SPIKE #487: 36.3 ms at 17.5s (Draw: 5689, Bodies: 294)
⚡ FRAME SPIKE #488: 35.8 ms at 17.5s (Draw: 5698, Bodies: 294)
⚡ FRAME SPIKE #489: 36.0 ms at 17.5s (Draw: 5702, Bodies: 294)
⚡ FRAME SPIKE #490: 38.9 ms at 17.6s (Draw: 5706, Bodies: 294)
⚡ FRAME SPIKE #491: 38.9 ms at 17.6s (Draw: 5698, Bodies: 294)
⚡ FRAME SPIKE #492: 36.0 ms at 17.7s (Draw: 5682, Bodies: 294)
⚡ FRAME SPIKE #493: 35.8 ms at 17.7s (Draw: 5695, Bodies: 293)
⚡ FRAME SPIKE #494: 37.9 ms at 17.7s (Draw: 5687, Bodies: 293)
⚡ FRAME SPIKE #495: 37.9 ms at 17.8s (Draw: 5688, Bodies: 293)
⚡ FRAME SPIKE #496: 37.5 ms at 17.8s (Draw: 5683, Bodies: 293)
⚡ FRAME SPIKE #497: 36.2 ms at 17.8s (Draw: 5688, Bodies: 293)
⚡ FRAME SPIKE #498: 37.5 ms at 17.9s (Draw: 5680, Bodies: 293)
⚡ FRAME SPIKE #499: 37.5 ms at 17.9s (Draw: 5659, Bodies: 292)
⚡ FRAME SPIKE #500: 36.4 ms at 18.0s (Draw: 5637, Bodies: 292)
⚡ FRAME SPIKE #501: 36.6 ms at 18.0s (Draw: 5655, Bodies: 293)
⚡ FRAME SPIKE #502: 35.5 ms at 18.0s (Draw: 5647, Bodies: 293)
⚡ FRAME SPIKE #503: 37.0 ms at 18.1s (Draw: 5630, Bodies: 293)
⚡ FRAME SPIKE #504: 37.0 ms at 18.1s (Draw: 5623, Bodies: 293)
OSM: Loading chunk 1,-3 at lat=59.1235, lon=37.9079
OSM: Loaded from cache: osm_v2_59.1235_37.9079_250.json
OSM: Loading chunk 2,-1 at lat=59.1181, lon=37.9132
OSM: Loaded from cache: osm_v2_59.1181_37.9132_250.json
OSM: Chunk 1,-3 data loaded
OSM: Found 4 entrance nodes in chunk
OSM: Found 29 POI nodes in chunk
POI_DEBUG: Found 'Бон Аппетит' inside building at local (536.3, -777.3)
POI_DEBUG: Found 'Осетинские пироги' inside building at local (571.7, -769.5)
POI_DEBUG: Found 'Ткани для Вас' inside building at local (630.6, -755.6)
POI_DEBUG: Found 'Аста-запчасти' inside building at local (556.2, -773.0)
POI_DEBUG: Found 'Coffee Like' inside building at local (572.0, -760.4)
POI_DEBUG: Found 'Шексна' inside building at local (409.3, -852.9)
POI_DEBUG: Found 'Ozon' inside building at local (392.2, -869.7)
BusinessSign: Found logo for 'ozon' -> res://textures/brand_logos/ozon.png
POI_DEBUG: Found 'Академия слуха' inside building at local (369.2, -911.4)
POI_DEBUG: Found 'DNS' inside building at local (364.5, -739.9)
POI_DEBUG: Found 'Пятёрочка' inside building at local (336.8, -729.4)
POI_DEBUG: Found 'Антей' inside building at local (359.3, -721.5)
BusinessSign: Found logo for 'dns' -> res://textures/brand_logos/dns.png
BusinessSign: Found logo for 'пятёрочка' -> res://textures/brand_logos/pyaterochka.png
POI_DEBUG: Found 'Десяточка' inside building at local (434.3, -758.0)
POI_DEBUG: Found 'Алоэ' inside building at local (425.4, -758.1)
POI_DEBUG: Found 'МТС' inside building at local (420.4, -759.2)
BusinessSign: Found logo for 'мтс' -> res://textures/brand_logos/mts.png
POI_DEBUG: Found 'Россельхозбанк' inside building at local (465.8, -706.4)
POI_DEBUG: Found 'OTP-банк' inside building at local (592.3, -604.5)
POI_DEBUG: Found 'ВТБ' inside building at local (594.8, -612.1)
POI_DEBUG: Found 'Шашлычек' inside building at local (589.3, -592.4)
POI_DEBUG: Found 'Easy Slip' inside building at local (581.6, -593.1)
BusinessSign: Found logo for 'втб' -> res://textures/brand_logos/vtb.png
POI_DEBUG: Found 'СДЭК' inside building at local (536.8, -743.2)
POI_DEBUG: Found 'Ozon' inside building at local (559.0, -660.9)
BusinessSign: Found logo for 'ozon' -> res://textures/brand_logos/ozon.png
BusinessSign: Found logo for 'пятёрочка' -> res://textures/brand_logos/pyaterochka.png
OSM: Generated 55 roads, 18 buildings, 0 trees, 0 signs, 0 lamps, 28 intersections
OSM: Marked chunk '1,-3' for road batch finalization
OSM: Post-initial chunk loaded, pending_lamps=442
OSM: _create_pending_lamps started, count=442
OSM: Created 189 lamps, skipped 253 (on parking or chunk not loaded)
OSM: Chunk 2,-1 data loaded
OSM: Found 3 entrance nodes in chunk
OSM: Found 3 POI nodes in chunk
POI_DEBUG: Found 'Морг' inside building at local (697.8, -100.2)
OSM: Generated 23 roads, 19 buildings, 0 trees, 0 signs, 0 lamps, 13 intersections
OSM: Marked chunk '2,-1' for road batch finalization
OSM: Post-initial chunk loaded, pending_lamps=0
OSM: _create_pending_lamps started, count=0
OSM: No pending lamps
⚡ FRAME SPIKE #505: 122.8 ms at 18.1s (Draw: 5847, Bodies: 294)
OSM: DEBUG _add_road_to_batch - first road for chunk '1,-3', parent.name='Chunk_1,-3'
OSM: DEBUG _add_road_to_batch - first road for chunk '2,-1', parent.name='Chunk_2,-1'
⚡ FRAME SPIKE #506: 86.0 ms at 18.3s (Draw: 5840, Bodies: 294)
⚡ FRAME SPIKE #507: 68.3 ms at 18.3s (Draw: 5832, Bodies: 294)
⚠️ SLOW FRAME 10.0ms: building=0.5 road=3.0 terrain=0.2 infra=1.1 veg=5.2 curb=0.0ms
⚡ FRAME SPIKE #508: 65.0 ms at 18.4s (Draw: 5840, Bodies: 294)
OSM: ✅ Finalized road batch 1,-3/residential: 1686 vertices, 1624 triangles, material: <ImageTexture#-9223371972681922551>
OSM: ✅ Finalized road batch 1,-3/path: 1238 vertices, 1192 triangles, material: <ImageTexture#-9223371972598036470>
OSM: ✅ Finalized road batch 1,-3/primary: 180 vertices, 178 triangles, material: <ImageTexture#-9223371972765808632>
⚠️ SLOW: road batch finalization took 9.1 ms for chunk 1,-3
⚠️ SLOW FRAME 10.7ms: building=0.4 road=9.2 terrain=0.2 infra=0.9 veg=0.0 curb=0.0ms
⚡ FRAME SPIKE #509: 56.9 ms at 18.5s (Draw: 5851, Bodies: 292)
OSM: ✅ Finalized road batch 2,-1/residential: 840 vertices, 808 triangles, material: <ImageTexture#-9223371972681922551>
OSM: ✅ Finalized road batch 2,-1/path: 260 vertices, 246 triangles, material: <ImageTexture#-9223371972598036470>
⚡ FRAME SPIKE #510: 57.4 ms at 18.5s (Draw: 5863, Bodies: 292)
⚡ FRAME SPIKE #511: 45.7 ms at 18.6s (Draw: 5872, Bodies: 292)
🚗 Traffic: 33 active NPCs (Near: 4, Mid: 22, Far: 7), 4 pooled
  → Physics bodies from NPCs: 33 (All: 33×1, было бы 33×5=165)

========== Bottleneck Analysis Report ==========
Time: 28.5s | Frames: 818

📊 PERFORMANCE OVERVIEW:
  FPS: 27.8 avg | 24.0 min
  Frame Time: 33.11 ms avg | 114.01 ms max
  Physics Time: 7.69 ms avg

🔍 BOTTLENECK IDENTIFICATION:
  🟠 [HIGH] Frame Time
      Value: 33.11 ms (target: 16.67 ms)
      Impact: Overall performance bottleneck
      Suggestions:
        • Reduce draw calls
        • Optimize scripts in _process()
        • Check for expensive operations per frame

  🟠 [HIGH] Draw Calls
      Value: 5520 calls/frame
      Impact: GPU rendering overhead
      Suggestions:
        • Batch meshes by material
        • Use MultiMeshInstance3D
        • Implement LOD system
        • Enable frustum culling

  🟠 [HIGH] Physics Bodies
      Value: 291 active bodies
      Impact: Physics engine load
      Suggestions:
        • Reduce NPC count
        • Convert distant NPCs to kinematic
        • Disable physics for far objects

  🟡 [MEDIUM] Physics Time
      Value: 7.69 ms
      Impact: Physics simulation overhead
      Suggestions:
        • Reduce number of active physics bodies
        • Simplify collision shapes
        • Disable physics for distant objects

  🟡 [MEDIUM] Vertex Count
      Value: 5572305 vertices/frame
      Impact: GPU vertex processing
      Suggestions:
        • Implement LOD for distant objects
        • Simplify building meshes
        • Use lower poly models

  🟡 [MEDIUM] Node Count
      Value: 18989 nodes
      Impact: Scene tree traversal overhead
      Suggestions:
        • Unload distant chunks
        • Pool and reuse nodes
        • Flatten hierarchy where possible

  🟡 [MEDIUM] Post-Processing Effects
      Value: SSAO, Glow/Bloom, Volumetric Fog
      Impact: GPU shader overhead
      Suggestions:
        • Reduce SSR quality
        • Disable SSAO on low-end hardware
        • Use simpler fog

📈 DETAILED STATS:
  Draw Calls: 5520 avg | 6083 max
  Vertices: 5572305 avg | 5804166 max
  Physics Bodies: 291
  Nodes: 18989
  VRAM: 755.6 MB

=================================================

⚡ FRAME SPIKE #512: 44.7 ms at 18.6s (Draw: 5871, Bodies: 292)
⚡ FRAME SPIKE #513: 46.4 ms at 18.7s (Draw: 5884, Bodies: 292)
⚡ FRAME SPIKE #514: 50.4 ms at 18.7s (Draw: 5899, Bodies: 292)
⚡ FRAME SPIKE #515: 45.1 ms at 18.8s (Draw: 5900, Bodies: 292)
⚠️ SLOW FRAME 21.2ms: building=0.4 road=0.6 terrain=0.0 infra=1.0 veg=18.7 curb=0.5ms
⚡ FRAME SPIKE #516: 50.0 ms at 18.8s (Draw: 5924, Bodies: 292)
⚡ FRAME SPIKE #517: 50.0 ms at 18.9s (Draw: 5939, Bodies: 292)
⚡ FRAME SPIKE #518: 47.2 ms at 18.9s (Draw: 5882, Bodies: 292)
⚡ FRAME SPIKE #519: 44.7 ms at 19.0s (Draw: 5850, Bodies: 292)
⚡ FRAME SPIKE #520: 48.3 ms at 19.0s (Draw: 5861, Bodies: 294)
⚡ FRAME SPIKE #521: 46.4 ms at 19.1s (Draw: 5884, Bodies: 294)
⚡ FRAME SPIKE #522: 39.3 ms at 19.1s (Draw: 5893, Bodies: 294)
⚡ FRAME SPIKE #523: 45.8 ms at 19.2s (Draw: 5913, Bodies: 294)
⚡ FRAME SPIKE #524: 45.8 ms at 19.2s (Draw: 5923, Bodies: 294)
⚡ FRAME SPIKE #525: 40.2 ms at 19.2s (Draw: 5932, Bodies: 294)
⚡ FRAME SPIKE #526: 44.4 ms at 19.3s (Draw: 5925, Bodies: 294)
⚡ FRAME SPIKE #527: 39.5 ms at 19.3s (Draw: 5925, Bodies: 294)
⚡ FRAME SPIKE #528: 45.3 ms at 19.4s (Draw: 5952, Bodies: 294)
⚡ FRAME SPIKE #529: 44.4 ms at 19.4s (Draw: 5987, Bodies: 294)
⚡ FRAME SPIKE #530: 42.8 ms at 19.5s (Draw: 6002, Bodies: 294)

=== PERFORMANCE METRICS ===
FPS: 18 | Frame: 38.7 ms (max 122.8) | Physics: 16.6 ms (max 121.1)
Godot Process: 42.87 ms | Physics: 7.63 ms
Objects: 46667 | Nodes: 20295 | Resources: 538
Draw calls: 6002 | Vertices: 5773819 | VRAM: 758.2 MB
Physics bodies: 294 | Collision pairs: 3323
--- System Times ---
  road_batch_finalize_total_-1,-1: 11.69 ms (max 11.69)
  road_batch_finalize_total_-1,-2: 5.78 ms (max 5.78)
  road_batch_finalize_total_-1,-3: 8.34 ms (max 8.34)
  road_batch_finalize_total_-1,0: 19.43 ms (max 19.43)
  road_batch_finalize_total_-2,-1: 17.95 ms (max 17.95)
  road_batch_finalize_total_-2,-2: 15.50 ms (max 15.50)
  road_batch_finalize_total_-2,0: 15.64 ms (max 15.64)
  road_batch_finalize_total_0,-1: 19.50 ms (max 19.50)
  road_batch_finalize_total_0,-2: 18.98 ms (max 18.98)
  road_batch_finalize_total_0,-3: 10.92 ms (max 10.92)
  road_batch_finalize_total_0,0: 14.58 ms (max 14.58)
  road_batch_finalize_total_0,1: 10.33 ms (max 10.33)
  road_batch_finalize_total_1,-1: 17.43 ms (max 17.43)
  road_batch_finalize_total_1,-2: 15.50 ms (max 15.50)
  road_batch_finalize_total_1,-3: 9.12 ms (max 9.12)
  road_batch_finalize_total_1,0: 10.98 ms (max 10.98)
  road_batch_finalize_total_2,-1: 4.08 ms (max 4.08)
  road_collision_create_-1,-1: 3.59 ms (max 4.29)
  road_collision_create_-1,-2: 2.64 ms (max 3.20)
  road_collision_create_-1,-3: 2.53 ms (max 4.39)
  road_collision_create_-1,0: 9.45 ms (max 16.64)
  road_collision_create_-2,-1: 5.74 ms (max 11.96)
  road_collision_create_-2,-2: 7.40 ms (max 12.74)
  road_collision_create_-2,0: 7.45 ms (max 11.90)
  road_collision_create_0,-1: 6.21 ms (max 12.30)
  road_collision_create_0,-2: 6.03 ms (max 11.80)
  road_collision_create_0,-3: 3.35 ms (max 4.30)
  road_collision_create_0,0: 4.62 ms (max 10.86)
  road_collision_create_0,1: 10.06 ms (max 10.06)
  road_collision_create_1,-1: 5.58 ms (max 12.81)
  road_collision_create_1,-2: 7.47 ms (max 12.45)
  road_collision_create_1,-3: 2.73 ms (max 3.94)
  road_collision_create_1,0: 10.68 ms (max 10.68)
  road_collision_create_2,-1: 1.76 ms (max 2.26)
===========================

=== PERFORMANCE METRICS ===
FPS: 18 | Frame: 38.7 ms (max 122.8) | Physics: 16.6 ms (max 121.2)
Godot Process: 42.87 ms | Physics: 7.63 ms
Objects: 46667 | Nodes: 20295 | Resources: 538
Draw calls: 6002 | Vertices: 5773819 | VRAM: 758.2 MB
Physics bodies: 294 | Collision pairs: 3323
===========================
⚡ FRAME SPIKE #531: 46.1 ms at 19.5s (Draw: 6004, Bodies: 294)
⚡ FRAME SPIKE #532: 43.9 ms at 19.5s (Draw: 6010, Bodies: 294)
⚡ FRAME SPIKE #533: 41.6 ms at 19.6s (Draw: 6019, Bodies: 294)
⚡ FRAME SPIKE #534: 43.8 ms at 19.6s (Draw: 6008, Bodies: 294)
⚡ FRAME SPIKE #535: 42.0 ms at 19.7s (Draw: 6023, Bodies: 294)
⚡ FRAME SPIKE #536: 45.4 ms at 19.7s (Draw: 6025, Bodies: 294)
⚡ FRAME SPIKE #537: 43.8 ms at 19.8s (Draw: 6045, Bodies: 294)
⚡ FRAME SPIKE #538: 43.2 ms at 19.8s (Draw: 6057, Bodies: 293)
⚡ FRAME SPIKE #539: 46.4 ms at 19.8s (Draw: 6079, Bodies: 293)
OSM: 🌙 NIGHT Window batch 1,-3 | night_mgr: CACHED | is_night value: true
OSM: ✅ Finalized window batch 1,-3: 4506 windows (was 4506 draw calls before batching)
⚡ FRAME SPIKE #540: 43.8 ms at 19.9s (Draw: 6143, Bodies: 293)
OSM: 🌙 NIGHT Window batch 2,-1 | night_mgr: CACHED | is_night value: true
OSM: ✅ Finalized window batch 2,-1: 2124 windows (was 2124 draw calls before batching)
⚡ FRAME SPIKE #541: 43.8 ms at 19.9s (Draw: 6178, Bodies: 293)
⚡ FRAME SPIKE #542: 43.8 ms at 20.0s (Draw: 6224, Bodies: 293)
⚡ FRAME SPIKE #543: 41.7 ms at 20.0s (Draw: 6291, Bodies: 296)
⚡ FRAME SPIKE #544: 43.8 ms at 20.1s (Draw: 6332, Bodies: 296)
⚡ FRAME SPIKE #545: 43.8 ms at 20.1s (Draw: 6342, Bodies: 296)
⚡ FRAME SPIKE #546: 43.0 ms at 20.2s (Draw: 6376, Bodies: 296)
⚡ FRAME SPIKE #547: 43.3 ms at 20.2s (Draw: 6396, Bodies: 296)
⚡ FRAME SPIKE #548: 40.9 ms at 20.2s (Draw: 6423, Bodies: 296)
⚡ FRAME SPIKE #549: 43.1 ms at 20.3s (Draw: 6440, Bodies: 296)
⚡ FRAME SPIKE #550: 40.6 ms at 20.3s (Draw: 6432, Bodies: 296)
⚡ FRAME SPIKE #551: 45.4 ms at 20.4s (Draw: 6427, Bodies: 295)
⚡ FRAME SPIKE #552: 43.1 ms at 20.4s (Draw: 6438, Bodies: 295)
⚡ FRAME SPIKE #553: 43.1 ms at 20.5s (Draw: 6443, Bodies: 295)
⚡ FRAME SPIKE #554: 43.1 ms at 20.5s (Draw: 6477, Bodies: 295)
⚡ FRAME SPIKE #555: 43.1 ms at 20.5s (Draw: 6488, Bodies: 295)
⚡ FRAME SPIKE #556: 44.4 ms at 20.6s (Draw: 6504, Bodies: 294)
⚡ FRAME SPIKE #557: 43.1 ms at 20.6s (Draw: 6520, Bodies: 294)
🚗 Traffic: 35 active NPCs (Near: 2, Mid: 19, Far: 14), 2 pooled
  → Physics bodies from NPCs: 35 (All: 35×1, было бы 35×5=175)

========== Bottleneck Analysis Report ==========
Time: 30.5s | Frames: 864

📊 PERFORMANCE OVERVIEW:
  FPS: 25.7 avg | 18.0 min
  Frame Time: 45.82 ms avg | 114.01 ms max
  Physics Time: 7.79 ms avg

🔍 BOTTLENECK IDENTIFICATION:
  🔴 [CRITICAL] Frame Time
      Value: 45.82 ms (target: 16.67 ms)
      Impact: Overall performance bottleneck
      Suggestions:
        • Reduce draw calls
        • Optimize scripts in _process()
        • Check for expensive operations per frame

  🟠 [HIGH] Draw Calls
      Value: 5700 calls/frame
      Impact: GPU rendering overhead
      Suggestions:
        • Batch meshes by material
        • Use MultiMeshInstance3D
        • Implement LOD system
        • Enable frustum culling

  🟠 [HIGH] Physics Bodies
      Value: 293 active bodies
      Impact: Physics engine load
      Suggestions:
        • Reduce NPC count
        • Convert distant NPCs to kinematic
        • Disable physics for far objects

  🟡 [MEDIUM] Physics Time
      Value: 7.79 ms
      Impact: Physics simulation overhead
      Suggestions:
        • Reduce number of active physics bodies
        • Simplify collision shapes
        • Disable physics for distant objects

  🟡 [MEDIUM] Vertex Count
      Value: 5662073 vertices/frame
      Impact: GPU vertex processing
      Suggestions:
        • Implement LOD for distant objects
        • Simplify building meshes
        • Use lower poly models

  🟡 [MEDIUM] Node Count
      Value: 20792 nodes
      Impact: Scene tree traversal overhead
      Suggestions:
        • Unload distant chunks
        • Pool and reuse nodes
        • Flatten hierarchy where possible

  🟡 [MEDIUM] Post-Processing Effects
      Value: SSAO, Glow/Bloom, Volumetric Fog
      Impact: GPU shader overhead
      Suggestions:
        • Reduce SSR quality
        • Disable SSAO on low-end hardware
        • Use simpler fog

📈 DETAILED STATS:
  Draw Calls: 5700 avg | 6520 max
  Vertices: 5662073 avg | 6403840 max
  Physics Bodies: 293
  Nodes: 20792
  VRAM: 762.4 MB

=================================================

⚡ FRAME SPIKE #558: 43.1 ms at 20.7s (Draw: 6531, Bodies: 294)
⚡ FRAME SPIKE #559: 43.1 ms at 20.7s (Draw: 6560, Bodies: 294)
⚡ FRAME SPIKE #560: 42.6 ms at 20.8s (Draw: 6586, Bodies: 294)
⚡ FRAME SPIKE #561: 43.1 ms at 20.8s (Draw: 6588, Bodies: 294)
⚡ FRAME SPIKE #562: 40.7 ms at 20.8s (Draw: 6599, Bodies: 295)
⚡ FRAME SPIKE #563: 44.5 ms at 20.9s (Draw: 6620, Bodies: 295)
⚡ FRAME SPIKE #564: 43.1 ms at 20.9s (Draw: 6649, Bodies: 295)
⚡ FRAME SPIKE #565: 43.1 ms at 21.0s (Draw: 6651, Bodies: 296)
⚡ FRAME SPIKE #566: 43.1 ms at 21.0s (Draw: 6406, Bodies: 296)
⚡ FRAME SPIKE #567: 43.1 ms at 21.1s (Draw: 6286, Bodies: 298)
⚡ FRAME SPIKE #568: 44.4 ms at 21.1s (Draw: 6187, Bodies: 297)
⚡ FRAME SPIKE #569: 43.1 ms at 21.1s (Draw: 6208, Bodies: 297)
⚡ FRAME SPIKE #570: 42.7 ms at 21.2s (Draw: 6197, Bodies: 297)
OSM: Loading chunk 2,-2 at lat=59.1208, lon=37.9132
OSM: Loaded from cache: osm_v2_59.1208_37.9132_250.json
OSM: Chunk 2,-2 data loaded
OSM: Found 3 entrance nodes in chunk
OSM: Found 9 POI nodes in chunk
POI_DEBUG: Found 'Пятёрочка' inside building at local (809.4, -384.8)
POI_DEBUG: Found 'Ozon' inside building at local (830.6, -390.9)
BusinessSign: Found logo for 'пятёрочка' -> res://textures/brand_logos/pyaterochka.png
BusinessSign: Found logo for 'ozon' -> res://textures/brand_logos/ozon.png
OSM: Generated 30 roads, 28 buildings, 0 trees, 0 signs, 0 lamps, 26 intersections
OSM: Marked chunk '2,-2' for road batch finalization
OSM: Post-initial chunk loaded, pending_lamps=62
OSM: _create_pending_lamps started, count=62
OSM: Created 34 lamps, skipped 28 (on parking or chunk not loaded)
⚡ FRAME SPIKE #571: 66.1 ms at 21.2s (Draw: 6247, Bodies: 300)
OSM: DEBUG _add_road_to_batch - first road for chunk '2,-2', parent.name='Chunk_2,-2'
⚡ FRAME SPIKE #572: 78.1 ms at 21.3s (Draw: 6271, Bodies: 300)
⚡ FRAME SPIKE #573: 53.5 ms at 21.4s (Draw: 6282, Bodies: 299)
⚡ FRAME SPIKE #574: 58.3 ms at 21.4s (Draw: 6302, Bodies: 299)
OSM: ✅ Finalized road batch 2,-2/residential: 1718 vertices, 1670 triangles, material: <ImageTexture#-9223371972681922551>
OSM: ✅ Finalized road batch 2,-2/path: 430 vertices, 424 triangles, material: <ImageTexture#-9223371972598036470>
OSM: ✅ Finalized road batch 2,-2/primary: 324 vertices, 318 triangles, material: <ImageTexture#-9223371972765808632>
⚠️ SLOW: road batch finalization took 8.1 ms for chunk 2,-2
⚡ FRAME SPIKE #575: 58.3 ms at 21.5s (Draw: 6331, Bodies: 299)
⚡ FRAME SPIKE #576: 56.7 ms at 21.5s (Draw: 6334, Bodies: 299)
⚡ FRAME SPIKE #577: 55.6 ms at 21.6s (Draw: 6365, Bodies: 300)
⚡ FRAME SPIKE #578: 49.3 ms at 21.7s (Draw: 6371, Bodies: 300)
⚡ FRAME SPIKE #579: 48.0 ms at 21.7s (Draw: 6397, Bodies: 301)
⚡ FRAME SPIKE #580: 48.4 ms at 21.8s (Draw: 6403, Bodies: 301)
⚡ FRAME SPIKE #581: 48.4 ms at 21.8s (Draw: 6411, Bodies: 301)
⚡ FRAME SPIKE #582: 47.2 ms at 21.9s (Draw: 6425, Bodies: 301)
⚡ FRAME SPIKE #583: 48.9 ms at 21.9s (Draw: 6427, Bodies: 301)
⚡ FRAME SPIKE #584: 48.6 ms at 21.9s (Draw: 6435, Bodies: 301)
⚡ FRAME SPIKE #585: 49.8 ms at 22.0s (Draw: 6430, Bodies: 301)
⚡ FRAME SPIKE #586: 48.2 ms at 22.0s (Draw: 6435, Bodies: 301)
⚡ FRAME SPIKE #587: 44.1 ms at 22.1s (Draw: 6447, Bodies: 302)
⚡ FRAME SPIKE #588: 48.6 ms at 22.1s (Draw: 6453, Bodies: 302)
⚡ FRAME SPIKE #589: 48.6 ms at 22.2s (Draw: 6462, Bodies: 302)
⚡ FRAME SPIKE #590: 48.6 ms at 22.2s (Draw: 6479, Bodies: 302)
⚡ FRAME SPIKE #591: 48.1 ms at 22.3s (Draw: 6481, Bodies: 301)
⚡ FRAME SPIKE #592: 46.9 ms at 22.3s (Draw: 6269, Bodies: 301)
⚡ FRAME SPIKE #593: 46.9 ms at 22.4s (Draw: 5976, Bodies: 302)
⚡ FRAME SPIKE #594: 40.6 ms at 22.4s (Draw: 5910, Bodies: 303)
⚡ FRAME SPIKE #595: 46.2 ms at 22.5s (Draw: 5907, Bodies: 303)
OSM: 🌙 NIGHT Window batch 2,-2 | night_mgr: CACHED | is_night value: true
OSM: ✅ Finalized window batch 2,-2: 5313 windows (was 5313 draw calls before batching)
⚡ FRAME SPIKE #596: 45.8 ms at 22.5s (Draw: 5906, Bodies: 304)
OSM: 🌙 NIGHT Window batch 2,-2 | night_mgr: CACHED | is_night value: true
OSM: ✅ Finalized window batch 2,-2: 154 windows (was 154 draw calls before batching)
⚡ FRAME SPIKE #597: 40.5 ms at 22.6s (Draw: 5903, Bodies: 305)
⚡ FRAME SPIKE #598: 44.4 ms at 22.6s (Draw: 5913, Bodies: 305)
⚡ FRAME SPIKE #599: 38.5 ms at 22.6s (Draw: 5910, Bodies: 305)
🚗 Traffic: 34 active NPCs (Near: 5, Mid: 13, Far: 16), 3 pooled
  → Physics bodies from NPCs: 34 (All: 34×1, было бы 34×5=170)

========== Bottleneck Analysis Report ==========
Time: 32.5s | Frames: 906

📊 PERFORMANCE OVERVIEW:
  FPS: 23.2 avg | 18.0 min
  Frame Time: 49.79 ms avg | 114.01 ms max
  Physics Time: 7.93 ms avg

🔍 BOTTLENECK IDENTIFICATION:
  🔴 [CRITICAL] Frame Time
      Value: 49.79 ms (target: 16.67 ms)
      Impact: Overall performance bottleneck
      Suggestions:
        • Reduce draw calls
        • Optimize scripts in _process()
        • Check for expensive operations per frame

  🟠 [HIGH] Draw Calls
      Value: 6082 calls/frame
      Impact: GPU rendering overhead
      Suggestions:
        • Batch meshes by material
        • Use MultiMeshInstance3D
        • Implement LOD system
        • Enable frustum culling

  🟠 [HIGH] Physics Bodies
      Value: 295 active bodies
      Impact: Physics engine load
      Suggestions:
        • Reduce NPC count
        • Convert distant NPCs to kinematic
        • Disable physics for far objects

  🟡 [MEDIUM] Physics Time
      Value: 7.93 ms
      Impact: Physics simulation overhead
      Suggestions:
        • Reduce number of active physics bodies
        • Simplify collision shapes
        • Disable physics for distant objects

  🟡 [MEDIUM] Vertex Count
      Value: 6093976 vertices/frame
      Impact: GPU vertex processing
      Suggestions:
        • Implement LOD for distant objects
        • Simplify building meshes
        • Use lower poly models

  🟡 [MEDIUM] Node Count
      Value: 22145 nodes
      Impact: Scene tree traversal overhead
      Suggestions:
        • Unload distant chunks
        • Pool and reuse nodes
        • Flatten hierarchy where possible

  🟡 [MEDIUM] Post-Processing Effects
      Value: SSAO, Glow/Bloom, Volumetric Fog
      Impact: GPU shader overhead
      Suggestions:
        • Reduce SSR quality
        • Disable SSAO on low-end hardware
        • Use simpler fog

📈 DETAILED STATS:
  Draw Calls: 6082 avg | 6651 max
  Vertices: 6093976 avg | 7059049 max
  Physics Bodies: 295
  Nodes: 22145
  VRAM: 767.9 MB

=================================================

⚡ FRAME SPIKE #600: 43.3 ms at 22.7s (Draw: 5877, Bodies: 304)
⚡ FRAME SPIKE #601: 42.3 ms at 22.7s (Draw: 5883, Bodies: 304)
⚡ FRAME SPIKE #602: 44.0 ms at 22.8s (Draw: 5888, Bodies: 305)
OSM: Unloaded chunk -2,1
⚡ FRAME SPIKE #603: 43.3 ms at 22.8s (Draw: 5859, Bodies: 305)
⚡ FRAME SPIKE #604: 39.9 ms at 22.9s (Draw: 5871, Bodies: 305)
⚡ FRAME SPIKE #605: 37.0 ms at 22.9s (Draw: 5865, Bodies: 305)
⚡ FRAME SPIKE #606: 41.7 ms at 22.9s (Draw: 5867, Bodies: 305)
⚡ FRAME SPIKE #607: 40.0 ms at 23.0s (Draw: 5875, Bodies: 306)
⚡ FRAME SPIKE #608: 41.7 ms at 23.0s (Draw: 5870, Bodies: 305)
⚡ FRAME SPIKE #609: 40.1 ms at 23.1s (Draw: 5875, Bodies: 306)
⚡ FRAME SPIKE #610: 41.7 ms at 23.1s (Draw: 5878, Bodies: 308)
⚡ FRAME SPIKE #611: 41.5 ms at 23.1s (Draw: 5873, Bodies: 309)
⚡ FRAME SPIKE #612: 41.7 ms at 23.2s (Draw: 5865, Bodies: 310)
⚡ FRAME SPIKE #613: 40.7 ms at 23.2s (Draw: 5861, Bodies: 310)
⚡ FRAME SPIKE #614: 37.6 ms at 23.3s (Draw: 5859, Bodies: 310)
⚡ FRAME SPIKE #615: 40.7 ms at 23.3s (Draw: 5860, Bodies: 311)
⚡ FRAME SPIKE #616: 40.4 ms at 23.3s (Draw: 5851, Bodies: 311)
⚡ FRAME SPIKE #617: 40.7 ms at 23.4s (Draw: 5825, Bodies: 311)
⚡ FRAME SPIKE #618: 41.1 ms at 23.4s (Draw: 5820, Bodies: 312)
⚡ FRAME SPIKE #619: 40.7 ms at 23.5s (Draw: 5803, Bodies: 313)
⚡ FRAME SPIKE #620: 42.6 ms at 23.5s (Draw: 5798, Bodies: 314)
⚡ FRAME SPIKE #621: 40.7 ms at 23.5s (Draw: 5804, Bodies: 314)
⚡ FRAME SPIKE #622: 40.7 ms at 23.6s (Draw: 5836, Bodies: 314)
⚡ FRAME SPIKE #623: 38.7 ms at 23.6s (Draw: 5815, Bodies: 314)
⚡ FRAME SPIKE #624: 40.7 ms at 23.7s (Draw: 5810, Bodies: 315)
⚡ FRAME SPIKE #625: 40.2 ms at 23.7s (Draw: 5816, Bodies: 315)
⚡ FRAME SPIKE #626: 40.7 ms at 23.7s (Draw: 5824, Bodies: 315)
⚡ FRAME SPIKE #627: 39.9 ms at 23.8s (Draw: 5927, Bodies: 316)
⚡ FRAME SPIKE #628: 38.2 ms at 23.8s (Draw: 6100, Bodies: 317)
⚡ FRAME SPIKE #629: 40.3 ms at 23.9s (Draw: 6104, Bodies: 317)
⚡ FRAME SPIKE #630: 40.3 ms at 23.9s (Draw: 6119, Bodies: 317)
⚡ FRAME SPIKE #631: 40.3 ms at 23.9s (Draw: 6117, Bodies: 317)
⚡ FRAME SPIKE #632: 40.0 ms at 24.0s (Draw: 6129, Bodies: 318)
⚡ FRAME SPIKE #633: 36.9 ms at 24.0s (Draw: 6109, Bodies: 318)
⚡ FRAME SPIKE #634: 40.0 ms at 24.1s (Draw: 6113, Bodies: 318)
⚡ FRAME SPIKE #635: 42.2 ms at 24.1s (Draw: 7032, Bodies: 319)
⚡ FRAME SPIKE #636: 40.3 ms at 24.1s (Draw: 7028, Bodies: 320)
⚡ FRAME SPIKE #637: 40.3 ms at 24.2s (Draw: 7028, Bodies: 320)
⚡ FRAME SPIKE #638: 40.0 ms at 24.2s (Draw: 7020, Bodies: 321)
⚡ FRAME SPIKE #639: 40.3 ms at 24.3s (Draw: 7016, Bodies: 321)
⚡ FRAME SPIKE #640: 40.3 ms at 24.3s (Draw: 7000, Bodies: 321)
⚡ FRAME SPIKE #641: 42.1 ms at 24.3s (Draw: 7011, Bodies: 322)
⚡ FRAME SPIKE #642: 40.3 ms at 24.4s (Draw: 7007, Bodies: 322)
⚡ FRAME SPIKE #643: 44.9 ms at 24.4s (Draw: 6989, Bodies: 322)
⚡ FRAME SPIKE #644: 40.7 ms at 24.5s (Draw: 6986, Bodies: 322)

=== PERFORMANCE METRICS ===
FPS: 24 | Frame: 40.8 ms (max 122.8) | Physics: 16.7 ms (max 68.3)
Godot Process: 25.90 ms | Physics: 8.42 ms
Objects: 51063 | Nodes: 22395 | Resources: 538
Draw calls: 6986 | Vertices: 7030115 | VRAM: 771.1 MB
Physics bodies: 322 | Collision pairs: 3661
--- System Times ---
  road_batch_finalize_total_-1,-1: 11.69 ms (max 11.69)
  road_batch_finalize_total_-1,-2: 5.78 ms (max 5.78)
  road_batch_finalize_total_-1,-3: 8.34 ms (max 8.34)
  road_batch_finalize_total_-1,0: 19.43 ms (max 19.43)
  road_batch_finalize_total_-2,-1: 17.95 ms (max 17.95)
  road_batch_finalize_total_-2,-2: 15.50 ms (max 15.50)
  road_batch_finalize_total_-2,0: 15.64 ms (max 15.64)
  road_batch_finalize_total_0,-1: 19.50 ms (max 19.50)
  road_batch_finalize_total_0,-2: 18.98 ms (max 18.98)
  road_batch_finalize_total_0,-3: 10.92 ms (max 10.92)
  road_batch_finalize_total_0,0: 14.58 ms (max 14.58)
  road_batch_finalize_total_0,1: 10.33 ms (max 10.33)
  road_batch_finalize_total_1,-1: 17.43 ms (max 17.43)
  road_batch_finalize_total_1,-2: 15.50 ms (max 15.50)
  road_batch_finalize_total_1,-3: 9.12 ms (max 9.12)
  road_batch_finalize_total_1,0: 10.98 ms (max 10.98)
  road_batch_finalize_total_2,-1: 4.08 ms (max 4.08)
  road_batch_finalize_total_2,-2: 8.09 ms (max 8.09)
  road_collision_create_-1,-1: 3.59 ms (max 4.29)
  road_collision_create_-1,-2: 2.64 ms (max 3.20)
  road_collision_create_-1,-3: 2.53 ms (max 4.39)
  road_collision_create_-1,0: 9.45 ms (max 16.64)
  road_collision_create_-2,-1: 5.74 ms (max 11.96)
  road_collision_create_-2,-2: 7.40 ms (max 12.74)
  road_collision_create_-2,0: 7.45 ms (max 11.90)
  road_collision_create_0,-1: 6.21 ms (max 12.30)
  road_collision_create_0,-2: 6.03 ms (max 11.80)
  road_collision_create_0,-3: 3.35 ms (max 4.30)
  road_collision_create_0,0: 4.62 ms (max 10.86)
  road_collision_create_0,1: 10.06 ms (max 10.06)
  road_collision_create_1,-1: 5.58 ms (max 12.81)
  road_collision_create_1,-2: 7.47 ms (max 12.45)
  road_collision_create_1,-3: 2.73 ms (max 3.94)
  road_collision_create_1,0: 10.68 ms (max 10.68)
  road_collision_create_2,-1: 1.76 ms (max 2.26)
  road_collision_create_2,-2: 2.40 ms (max 4.32)
===========================

=== PERFORMANCE METRICS ===
FPS: 24 | Frame: 40.8 ms (max 122.8) | Physics: 16.7 ms (max 68.6)
Godot Process: 25.90 ms | Physics: 8.42 ms
Objects: 51063 | Nodes: 22395 | Resources: 538
Draw calls: 6986 | Vertices: 7030115 | VRAM: 771.1 MB
Physics bodies: 322 | Collision pairs: 3661
===========================
⚡ FRAME SPIKE #645: 45.9 ms at 24.5s (Draw: 6978, Bodies: 322)
⚡ FRAME SPIKE #646: 40.9 ms at 24.6s (Draw: 6953, Bodies: 323)
⚡ FRAME SPIKE #647: 42.7 ms at 24.6s (Draw: 6923, Bodies: 323)
⚡ FRAME SPIKE #648: 41.7 ms at 24.6s (Draw: 6910, Bodies: 324)
🚗 Traffic: 31 active NPCs (Near: 7, Mid: 5, Far: 19), 6 pooled
  → Physics bodies from NPCs: 31 (All: 31×1, было бы 31×5=155)

========== Bottleneck Analysis Report ==========
Time: 34.5s | Frames: 955

📊 PERFORMANCE OVERVIEW:
  FPS: 21.8 avg | 18.0 min
  Frame Time: 35.22 ms avg | 60.80 ms max
  Physics Time: 8.17 ms avg

🔍 BOTTLENECK IDENTIFICATION:
  🔴 [CRITICAL] Frame Time
      Value: 35.22 ms (target: 16.67 ms)
      Impact: Overall performance bottleneck
      Suggestions:
        • Reduce draw calls
        • Optimize scripts in _process()
        • Check for expensive operations per frame

  🟠 [HIGH] Draw Calls
      Value: 6263 calls/frame
      Impact: GPU rendering overhead
      Suggestions:
        • Batch meshes by material
        • Use MultiMeshInstance3D
        • Implement LOD system
        • Enable frustum culling

  🟠 [HIGH] Physics Bodies
      Value: 304 active bodies
      Impact: Physics engine load
      Suggestions:
        • Reduce NPC count
        • Convert distant NPCs to kinematic
        • Disable physics for far objects

  🟡 [MEDIUM] Physics Time
      Value: 8.17 ms
      Impact: Physics simulation overhead
      Suggestions:
        • Reduce number of active physics bodies
        • Simplify collision shapes
        • Disable physics for distant objects

  🟡 [MEDIUM] Vertex Count
      Value: 6722073 vertices/frame
      Impact: GPU vertex processing
      Suggestions:
        • Implement LOD for distant objects
        • Simplify building meshes
        • Use lower poly models

  🟡 [MEDIUM] Node Count
      Value: 22417 nodes
      Impact: Scene tree traversal overhead
      Suggestions:
        • Unload distant chunks
        • Pool and reuse nodes
        • Flatten hierarchy where possible

  🟡 [MEDIUM] Post-Processing Effects
      Value: SSAO, Glow/Bloom, Volumetric Fog
      Impact: GPU shader overhead
      Suggestions:
        • Reduce SSR quality
        • Disable SSAO on low-end hardware
        • Use simpler fog

📈 DETAILED STATS:
  Draw Calls: 6263 avg | 7032 max
  Vertices: 6722073 avg | 7170998 max
  Physics Bodies: 304
  Nodes: 22417
  VRAM: 771.4 MB

=================================================

⚡ FRAME SPIKE #649: 44.4 ms at 24.7s (Draw: 6868, Bodies: 324)
⚡ FRAME SPIKE #650: 45.3 ms at 24.7s (Draw: 6867, Bodies: 323)
⚡ FRAME SPIKE #651: 42.4 ms at 24.8s (Draw: 6866, Bodies: 324)
⚡ FRAME SPIKE #652: 42.4 ms at 24.8s (Draw: 6892, Bodies: 323)
⚡ FRAME SPIKE #653: 42.4 ms at 24.9s (Draw: 6907, Bodies: 324)
⚡ FRAME SPIKE #654: 42.4 ms at 24.9s (Draw: 6915, Bodies: 323)
⚡ FRAME SPIKE #655: 41.7 ms at 24.9s (Draw: 6917, Bodies: 324)
⚡ FRAME SPIKE #656: 41.7 ms at 25.0s (Draw: 6948, Bodies: 324)
⚡ FRAME SPIKE #657: 41.7 ms at 25.0s (Draw: 6956, Bodies: 324)
⚡ FRAME SPIKE #658: 41.7 ms at 25.1s (Draw: 6960, Bodies: 325)
⚡ FRAME SPIKE #659: 41.7 ms at 25.1s (Draw: 6976, Bodies: 325)
⚡ FRAME SPIKE #660: 41.7 ms at 25.2s (Draw: 6983, Bodies: 326)
⚡ FRAME SPIKE #661: 37.7 ms at 25.2s (Draw: 6997, Bodies: 326)
⚡ FRAME SPIKE #662: 41.7 ms at 25.2s (Draw: 6998, Bodies: 326)
⚡ FRAME SPIKE #663: 40.2 ms at 25.3s (Draw: 7006, Bodies: 326)
⚡ FRAME SPIKE #664: 41.7 ms at 25.3s (Draw: 6986, Bodies: 327)
⚡ FRAME SPIKE #665: 40.8 ms at 25.4s (Draw: 6967, Bodies: 328)
⚡ FRAME SPIKE #666: 41.7 ms at 25.4s (Draw: 6876, Bodies: 328)
⚡ FRAME SPIKE #667: 38.5 ms at 25.4s (Draw: 6762, Bodies: 329)
⚡ FRAME SPIKE #668: 36.0 ms at 25.5s (Draw: 6661, Bodies: 329)
⚡ FRAME SPIKE #669: 40.9 ms at 25.5s (Draw: 6533, Bodies: 329)
⚡ FRAME SPIKE #670: 36.9 ms at 25.6s (Draw: 6453, Bodies: 329)
⚡ FRAME SPIKE #671: 35.0 ms at 25.6s (Draw: 6438, Bodies: 330)
⚡ FRAME SPIKE #672: 36.1 ms at 25.6s (Draw: 6419, Bodies: 330)
⚡ FRAME SPIKE #673: 38.9 ms at 25.7s (Draw: 6420, Bodies: 331)
⚡ FRAME SPIKE #674: 38.3 ms at 25.7s (Draw: 6422, Bodies: 332)
⚡ FRAME SPIKE #675: 35.6 ms at 25.7s (Draw: 6431, Bodies: 331)
⚡ FRAME SPIKE #676: 36.6 ms at 25.8s (Draw: 6432, Bodies: 332)
⚡ FRAME SPIKE #677: 35.8 ms at 25.8s (Draw: 6421, Bodies: 333)
⚡ FRAME SPIKE #678: 37.5 ms at 25.8s (Draw: 6405, Bodies: 334)
⚡ FRAME SPIKE #679: 37.5 ms at 25.9s (Draw: 6390, Bodies: 335)
⚡ FRAME SPIKE #680: 36.8 ms at 25.9s (Draw: 6389, Bodies: 336)
OSM: Loading chunk -2,-3 at lat=59.1235, lon=37.8921
OSM: Loaded from cache: osm_v2_59.1235_37.8921_250.json
OSM: Loading chunk 0,-4 at lat=59.1262, lon=37.9026
OSM: Loaded from cache: osm_v2_59.1262_37.9026_250.json
OSM: Chunk -2,-3 data loaded
OSM: Found 14 POI nodes in chunk
POI_DEBUG: Found 'Аптека+' inside building at local (-584.9, -728.9)
OSM: Generated 36 roads, 41 buildings, 0 trees, 0 signs, 0 lamps, 26 intersections
OSM: Marked chunk '-2,-3' for road batch finalization
OSM: Post-initial chunk loaded, pending_lamps=48
OSM: _create_pending_lamps started, count=48
OSM: Created 27 lamps, skipped 21 (on parking or chunk not loaded)
OSM: Chunk 0,-4 data loaded
OSM: Found 9 POI nodes in chunk
OSM: Generated 21 roads, 15 buildings, 0 trees, 0 signs, 0 lamps, 12 intersections
OSM: Marked chunk '0,-4' for road batch finalization
OSM: Post-initial chunk loaded, pending_lamps=0
OSM: _create_pending_lamps started, count=0
OSM: No pending lamps
⚡ FRAME SPIKE #681: 85.2 ms at 26.0s (Draw: 6397, Bodies: 342)
OSM: DEBUG _add_road_to_batch - first road for chunk '-2,-3', parent.name='Chunk_-2,-3'
⚠️ SLOW FRAME 13.3ms: building=0.6 road=11.6 terrain=0.2 infra=0.9 veg=0.0 curb=0.0ms
⚡ FRAME SPIKE #682: 77.9 ms at 26.0s (Draw: 6404, Bodies: 342)
OSM: DEBUG _add_road_to_batch - first road for chunk '0,-4', parent.name='Chunk_0,-4'
⚡ FRAME SPIKE #683: 64.3 ms at 26.1s (Draw: 6428, Bodies: 343)
⚡ FRAME SPIKE #684: 67.0 ms at 26.2s (Draw: 6435, Bodies: 341)
⚠️ SLOW FRAME 14.3ms: building=0.4 road=12.0 terrain=1.5 infra=0.4 veg=0.0 curb=0.0ms
⚡ FRAME SPIKE #685: 64.3 ms at 26.3s (Draw: 6429, Bodies: 342)
OSM: ✅ Finalized road batch -2,-3/primary: 410 vertices, 406 triangles, material: <ImageTexture#-9223371972765808632>
OSM: ✅ Finalized road batch -2,-3/path: 658 vertices, 646 triangles, material: <ImageTexture#-9223371972598036470>
OSM: ✅ Finalized road batch -2,-3/residential: 1996 vertices, 1940 triangles, material: <ImageTexture#-9223371972681922551>
⚠️ SLOW: road batch finalization took 8.4 ms for chunk -2,-3
⚡ FRAME SPIKE #686: 59.6 ms at 26.3s (Draw: 6449, Bodies: 342)
OSM: ✅ Finalized road batch 0,-4/residential: 1086 vertices, 1060 triangles, material: <ImageTexture#-9223371972681922551>
OSM: ✅ Finalized road batch 0,-4/path: 414 vertices, 400 triangles, material: <ImageTexture#-9223371972598036470>
OSM: ✅ Finalized road batch 0,-4/primary: 108 vertices, 106 triangles, material: <ImageTexture#-9223371972765808632>
⚡ FRAME SPIKE #687: 51.9 ms at 26.4s (Draw: 6445, Bodies: 343)
⚡ FRAME SPIKE #688: 56.4 ms at 26.4s (Draw: 6428, Bodies: 343)
OSM: Unloaded chunk -2,-3
⚡ FRAME SPIKE #689: 54.5 ms at 26.5s (Draw: 6385, Bodies: 339)
⚡ FRAME SPIKE #690: 47.0 ms at 26.5s (Draw: 6371, Bodies: 338)
⚡ FRAME SPIKE #691: 43.3 ms at 26.6s (Draw: 6347, Bodies: 339)
⚡ FRAME SPIKE #692: 42.2 ms at 26.6s (Draw: 6326, Bodies: 340)
⚡ FRAME SPIKE #693: 37.3 ms at 26.7s (Draw: 6324, Bodies: 340)
🚗 Traffic: 20 active NPCs (Near: 4, Mid: 5, Far: 11), 17 pooled
  → Physics bodies from NPCs: 20 (All: 20×1, было бы 20×5=100)

========== Bottleneck Analysis Report ==========
Time: 36.5s | Frames: 1000

📊 PERFORMANCE OVERVIEW:
  FPS: 22.8 avg | 19.0 min
  Frame Time: 37.07 ms avg | 79.82 ms max
  Physics Time: 8.21 ms avg

🔍 BOTTLENECK IDENTIFICATION:
  🔴 [CRITICAL] Frame Time
      Value: 37.07 ms (target: 16.67 ms)
      Impact: Overall performance bottleneck
      Suggestions:
        • Reduce draw calls
        • Optimize scripts in _process()
        • Check for expensive operations per frame

  🟠 [HIGH] Draw Calls
      Value: 6385 calls/frame
      Impact: GPU rendering overhead
      Suggestions:
        • Batch meshes by material
        • Use MultiMeshInstance3D
        • Implement LOD system
        • Enable frustum culling

  🟠 [HIGH] Physics Bodies
      Value: 318 active bodies
      Impact: Physics engine load
      Suggestions:
        • Reduce NPC count
        • Convert distant NPCs to kinematic
        • Disable physics for far objects

  🟡 [MEDIUM] Physics Time
      Value: 8.21 ms
      Impact: Physics simulation overhead
      Suggestions:
        • Reduce number of active physics bodies
        • Simplify collision shapes
        • Disable physics for distant objects

  🟡 [MEDIUM] Vertex Count
      Value: 7001314 vertices/frame
      Impact: GPU vertex processing
      Suggestions:
        • Implement LOD for distant objects
        • Simplify building meshes
        • Use lower poly models

  🟡 [MEDIUM] Node Count
      Value: 22966 nodes
      Impact: Scene tree traversal overhead
      Suggestions:
        • Unload distant chunks
        • Pool and reuse nodes
        • Flatten hierarchy where possible

  🟡 [MEDIUM] Post-Processing Effects
      Value: SSAO, Glow/Bloom, Volumetric Fog
      Impact: GPU shader overhead
      Suggestions:
        • Reduce SSR quality
        • Disable SSAO on low-end hardware
        • Use simpler fog

📈 DETAILED STATS:
  Draw Calls: 6385 avg | 7032 max
  Vertices: 7001314 avg | 7170998 max
  Physics Bodies: 318
  Nodes: 22966
  VRAM: 774.3 MB

=================================================

⚡ FRAME SPIKE #694: 36.1 ms at 26.7s (Draw: 6288, Bodies: 341)
⚡ FRAME SPIKE #695: 41.7 ms at 26.7s (Draw: 6251, Bodies: 341)
⚡ FRAME SPIKE #696: 37.3 ms at 26.8s (Draw: 6250, Bodies: 341)
⚡ FRAME SPIKE #697: 35.8 ms at 26.8s (Draw: 6254, Bodies: 341)
⚡ FRAME SPIKE #698: 35.7 ms at 26.9s (Draw: 6260, Bodies: 341)
⚡ FRAME SPIKE #699: 38.9 ms at 26.9s (Draw: 6263, Bodies: 341)
⚡ FRAME SPIKE #700: 36.7 ms at 26.9s (Draw: 6260, Bodies: 341)
⚡ FRAME SPIKE #701: 35.3 ms at 27.0s (Draw: 6269, Bodies: 341)
OSM: Loading chunk -2,-3 at lat=59.1235, lon=37.8921
OSM: Loaded from cache: osm_v2_59.1235_37.8921_250.json
OSM: Chunk -2,-3 data loaded
OSM: Found 14 POI nodes in chunk
POI_DEBUG: Found 'Аптека+' inside building at local (-584.9, -728.9)
OSM: Generated 36 roads, 41 buildings, 0 trees, 0 signs, 0 lamps, 26 intersections
OSM: Marked chunk '-2,-3' for road batch finalization
OSM: Post-initial chunk loaded, pending_lamps=196
OSM: _create_pending_lamps started, count=196
OSM: Created 111 lamps, skipped 85 (on parking or chunk not loaded)
⚡ FRAME SPIKE #702: 68.7 ms at 27.0s (Draw: 6296, Bodies: 343)
OSM: DEBUG _add_road_to_batch - first road for chunk '-2,-3', parent.name='Chunk_-2,-3'
⚠️ SLOW FRAME 13.6ms: building=0.6 road=11.8 terrain=0.2 infra=1.0 veg=0.0 curb=0.0ms
⚡ FRAME SPIKE #703: 65.9 ms at 27.1s (Draw: 6392, Bodies: 343)
⚡ FRAME SPIKE #704: 56.7 ms at 27.1s (Draw: 6424, Bodies: 344)
⚠️ SLOW FRAME 12.5ms: building=0.5 road=11.2 terrain=0.0 infra=0.8 veg=0.0 curb=0.0ms
⚡ FRAME SPIKE #705: 61.1 ms at 27.2s (Draw: 6452, Bodies: 344)
OSM: ✅ Finalized road batch -2,-3/primary: 410 vertices, 406 triangles, material: <ImageTexture#-9223371972765808632>
OSM: ✅ Finalized road batch -2,-3/path: 658 vertices, 646 triangles, material: <ImageTexture#-9223371972598036470>
OSM: ✅ Finalized road batch -2,-3/residential: 1996 vertices, 1940 triangles, material: <ImageTexture#-9223371972681922551>
⚠️ SLOW: road batch finalization took 8.4 ms for chunk -2,-3
⚡ FRAME SPIKE #706: 59.1 ms at 27.3s (Draw: 6462, Bodies: 344)
⚡ FRAME SPIKE #707: 51.5 ms at 27.3s (Draw: 6477, Bodies: 344)
⚡ FRAME SPIKE #708: 43.9 ms at 27.4s (Draw: 6493, Bodies: 344)
⚡ FRAME SPIKE #709: 44.5 ms at 27.4s (Draw: 6495, Bodies: 343)
⚡ FRAME SPIKE #710: 39.1 ms at 27.5s (Draw: 6520, Bodies: 343)
⚡ FRAME SPIKE #711: 43.3 ms at 27.5s (Draw: 6564, Bodies: 343)
⚡ FRAME SPIKE #712: 36.4 ms at 27.5s (Draw: 6577, Bodies: 343)
⚡ FRAME SPIKE #713: 38.1 ms at 27.6s (Draw: 6589, Bodies: 343)
⚡ FRAME SPIKE #714: 41.7 ms at 27.6s (Draw: 6581, Bodies: 343)
⚡ FRAME SPIKE #715: 39.2 ms at 27.7s (Draw: 6564, Bodies: 343)
⚡ FRAME SPIKE #716: 41.7 ms at 27.7s (Draw: 6540, Bodies: 342)
⚡ FRAME SPIKE #717: 39.4 ms at 27.7s (Draw: 6498, Bodies: 342)
⚡ FRAME SPIKE #718: 36.8 ms at 27.8s (Draw: 6486, Bodies: 342)
⚡ FRAME SPIKE #719: 40.3 ms at 27.8s (Draw: 6499, Bodies: 342)
⚡ FRAME SPIKE #720: 38.1 ms at 27.9s (Draw: 6476, Bodies: 341)
⚡ FRAME SPIKE #721: 36.0 ms at 27.9s (Draw: 6452, Bodies: 341)
⚡ FRAME SPIKE #722: 39.6 ms at 27.9s (Draw: 6411, Bodies: 340)
⚡ FRAME SPIKE #723: 39.4 ms at 28.0s (Draw: 6389, Bodies: 340)
⚡ FRAME SPIKE #724: 34.7 ms at 28.0s (Draw: 6371, Bodies: 340)
OSM: Loading chunk 2,-3 at lat=59.1235, lon=37.9132
OSM: Loaded from cache: osm_v2_59.1235_37.9132_250.json
OSM: Chunk 2,-3 data loaded
OSM: Found 3 entrance nodes in chunk
OSM: Found 16 POI nodes in chunk
POI_DEBUG: Found 'Бон Аппетит' inside building at local (536.3, -777.3)
POI_DEBUG: Found 'Осетинские пироги' inside building at local (571.7, -769.5)
POI_DEBUG: Found 'Ткани для Вас' inside building at local (630.6, -755.6)
POI_DEBUG: Found 'Аста-запчасти' inside building at local (556.2, -773.0)
POI_DEBUG: Found 'Coffee Like' inside building at local (572.0, -760.4)
POI_DEBUG: Found 'Отделение связи №162602' inside building at local (678.3, -792.8)
POI_DEBUG: Found 'Почта России' inside building at local (652.9, -803.9)
POI_DEBUG: Found 'Ozon' inside building at local (712.1, -787.8)
BusinessSign: Found logo for 'ozon' -> res://textures/brand_logos/ozon.png
POI_DEBUG: Found 'СДЭК' inside building at local (536.8, -743.2)
POI_DEBUG: Found 'Ozon' inside building at local (559.0, -660.9)
BusinessSign: Found logo for 'ozon' -> res://textures/brand_logos/ozon.png
OSM: Generated 37 roads, 41 buildings, 0 trees, 0 signs, 0 lamps, 20 intersections
OSM: Marked chunk '2,-3' for road batch finalization
OSM: Post-initial chunk loaded, pending_lamps=172
OSM: _create_pending_lamps started, count=172
OSM: Created 107 lamps, skipped 65 (on parking or chunk not loaded)
⚡ FRAME SPIKE #725: 85.9 ms at 28.0s (Draw: 6595, Bodies: 343)
OSM: DEBUG _add_road_to_batch - first road for chunk '2,-3', parent.name='Chunk_2,-3'
⚠️ SLOW FRAME 11.1ms: building=0.7 road=9.4 terrain=0.2 infra=0.7 veg=0.0 curb=0.0ms
⚡ FRAME SPIKE #726: 77.2 ms at 28.1s (Draw: 6599, Bodies: 343)
⚡ FRAME SPIKE #727: 60.6 ms at 28.2s (Draw: 6597, Bodies: 346)
OSM: ✅ Finalized road batch 2,-3/residential: 1746 vertices, 1698 triangles, material: <ImageTexture#-9223371972681922551>
OSM: ✅ Finalized road batch 2,-3/path: 798 vertices, 772 triangles, material: <ImageTexture#-9223371972598036470>
⚡ FRAME SPIKE #728: 65.2 ms at 28.3s (Draw: 6604, Bodies: 347)
⚡ FRAME SPIKE #729: 51.8 ms at 28.3s (Draw: 6613, Bodies: 347)
⚡ FRAME SPIKE #730: 36.3 ms at 28.4s (Draw: 6512, Bodies: 348)
⚡ FRAME SPIKE #731: 47.2 ms at 28.4s (Draw: 6433, Bodies: 349)
⚡ FRAME SPIKE #732: 41.7 ms at 28.5s (Draw: 6285, Bodies: 350)
⚡ FRAME SPIKE #733: 39.1 ms at 28.5s (Draw: 6253, Bodies: 351)
⚡ FRAME SPIKE #734: 41.7 ms at 28.5s (Draw: 6262, Bodies: 351)
⚡ FRAME SPIKE #735: 38.6 ms at 28.6s (Draw: 6274, Bodies: 352)
⚡ FRAME SPIKE #736: 36.8 ms at 28.6s (Draw: 6277, Bodies: 353)
⚡ FRAME SPIKE #737: 40.7 ms at 28.7s (Draw: 6289, Bodies: 353)
⚡ FRAME SPIKE #738: 40.2 ms at 28.7s (Draw: 6303, Bodies: 354)
🚗 Traffic: 14 active NPCs (Near: 6, Mid: 6, Far: 2), 23 pooled
  → Physics bodies from NPCs: 14 (All: 14×1, было бы 14×5=70)

========== Bottleneck Analysis Report ==========
Time: 38.6s | Frames: 1045

📊 PERFORMANCE OVERVIEW:
  FPS: 23.1 avg | 21.0 min
  Frame Time: 48.03 ms avg | 86.43 ms max
  Physics Time: 8.00 ms avg

🔍 BOTTLENECK IDENTIFICATION:
  🔴 [CRITICAL] Frame Time
      Value: 48.03 ms (target: 16.67 ms)
      Impact: Overall performance bottleneck
      Suggestions:
        • Reduce draw calls
        • Optimize scripts in _process()
        • Check for expensive operations per frame

  🟠 [HIGH] Draw Calls
      Value: 6506 calls/frame
      Impact: GPU rendering overhead
      Suggestions:
        • Batch meshes by material
        • Use MultiMeshInstance3D
        • Implement LOD system
        • Enable frustum culling

  🟠 [HIGH] Physics Bodies
      Value: 333 active bodies
      Impact: Physics engine load
      Suggestions:
        • Reduce NPC count
        • Convert distant NPCs to kinematic
        • Disable physics for far objects

  🟡 [MEDIUM] Physics Time
      Value: 8.00 ms
      Impact: Physics simulation overhead
      Suggestions:
        • Reduce number of active physics bodies
        • Simplify collision shapes
        • Disable physics for distant objects

  🟡 [MEDIUM] Vertex Count
      Value: 6981086 vertices/frame
      Impact: GPU vertex processing
      Suggestions:
        • Implement LOD for distant objects
        • Simplify building meshes
        • Use lower poly models

  🟡 [MEDIUM] Node Count
      Value: 25343 nodes
      Impact: Scene tree traversal overhead
      Suggestions:
        • Unload distant chunks
        • Pool and reuse nodes
        • Flatten hierarchy where possible

  🟡 [MEDIUM] Post-Processing Effects
      Value: SSAO, Glow/Bloom, Volumetric Fog
      Impact: GPU shader overhead
      Suggestions:
        • Reduce SSR quality
        • Disable SSAO on low-end hardware
        • Use simpler fog

📈 DETAILED STATS:
  Draw Calls: 6506 avg | 7032 max
  Vertices: 6981086 avg | 7094213 max
  Physics Bodies: 333
  Nodes: 25343
  VRAM: 778.2 MB

=================================================

⚡ FRAME SPIKE #739: 40.9 ms at 28.7s (Draw: 6303, Bodies: 353)
⚡ FRAME SPIKE #740: 39.3 ms at 28.8s (Draw: 6344, Bodies: 353)
⚡ FRAME SPIKE #741: 35.9 ms at 28.8s (Draw: 6365, Bodies: 354)
⚡ FRAME SPIKE #742: 36.1 ms at 28.9s (Draw: 6372, Bodies: 354)
⚡ FRAME SPIKE #743: 38.9 ms at 28.9s (Draw: 6368, Bodies: 354)
⚡ FRAME SPIKE #744: 38.9 ms at 28.9s (Draw: 6389, Bodies: 354)
⚡ FRAME SPIKE #745: 38.3 ms at 29.0s (Draw: 6392, Bodies: 355)
⚡ FRAME SPIKE #746: 38.9 ms at 29.0s (Draw: 6405, Bodies: 355)
OSM: Loading chunk -1,-4 at lat=59.1262, lon=37.8974
OSM: Loaded from cache: osm_v2_59.1262_37.8974_250.json
OSM: Loading chunk 1,-4 at lat=59.1262, lon=37.9079
OSM: Loaded from cache: osm_v2_59.1262_37.9079_250.json
OSM: Chunk -1,-4 data loaded
OSM: Found 12 POI nodes in chunk
POI_DEBUG: Found 'Муниципальное учреждение здравоохранения Стомотологическая п-ка №1. Протезирование' inside building at local (-317.5, -1042.1)
POI_DEBUG: Found 'Сбербанк' inside building at local (-151.6, -859.4)
BusinessSign: Found logo for 'сбербанк' -> res://textures/brand_logos/sberbank.png
BusinessSign: Found logo for 'сбербанк' -> res://textures/brand_logos/sberbank.png
OSM: Generated 49 roads, 50 buildings, 0 trees, 0 signs, 0 lamps, 21 intersections
OSM: Marked chunk '-1,-4' for road batch finalization
OSM: Post-initial chunk loaded, pending_lamps=56
OSM: _create_pending_lamps started, count=56
OSM: Created 42 lamps, skipped 14 (on parking or chunk not loaded)
OSM: Chunk 1,-4 data loaded
OSM: Found 23 POI nodes in chunk
POI_DEBUG: Found 'Барбершоп Borodach' inside building at local (598.1, -1152.7)
POI_DEBUG: Found 'Laparet' inside building at local (515.0, -1168.2)
POI_DEBUG: Found 'Буквоед' inside building at local (439.2, -1181.7)
POI_DEBUG: Found 'Эдельвейс' inside building at local (364.3, -1199.0)
POI_DEBUG: Found 'Совкомбанк' inside building at local (328.8, -1220.7)
POI_DEBUG: Found 'Теплэко' inside building at local (458.7, -1132.0)
POI_DEBUG: Found 'Роскедр' inside building at local (472.2, -1125.1)
POI_DEBUG: Found 'Ozon' inside building at local (549.4, -1105.1)
BusinessSign: Found logo for 'ozon' -> res://textures/brand_logos/ozon.png
POI_DEBUG: Found 'Академия слуха' inside building at local (369.2, -911.4)
POI_DEBUG: Found 'Лабиринт' inside building at local (380.4, -997.8)
POI_DEBUG: Found 'Управдом' inside building at local (387.6, -1001.8)
POI_DEBUG: Found 'ИнжЭкон' inside building at local (480.2, -1020.0)
OSM: Generated 56 roads, 21 buildings, 0 trees, 0 signs, 0 lamps, 33 intersections
OSM: Marked chunk '1,-4' for road batch finalization
OSM: Post-initial chunk loaded, pending_lamps=0
OSM: _create_pending_lamps started, count=0
OSM: No pending lamps
⚡ FRAME SPIKE #747: 125.7 ms at 29.1s (Draw: 6515, Bodies: 363)
OSM: DEBUG _add_road_to_batch - first road for chunk '1,-4', parent.name='Chunk_1,-4'
⚡ FRAME SPIKE #748: 94.7 ms at 29.2s (Draw: 6654, Bodies: 364)
OSM: DEBUG _add_road_to_batch - first road for chunk '-1,-4', parent.name='Chunk_-1,-4'
⚡ FRAME SPIKE #749: 74.7 ms at 29.3s (Draw: 7531, Bodies: 368)
⚡ FRAME SPIKE #750: 67.4 ms at 29.3s (Draw: 7715, Bodies: 369)
⚡ FRAME SPIKE #751: 63.2 ms at 29.4s (Draw: 7768, Bodies: 370)
⚡ FRAME SPIKE #752: 69.4 ms at 29.5s (Draw: 7767, Bodies: 371)

=== PERFORMANCE METRICS ===
FPS: 21 | Frame: 44.4 ms (max 125.7) | Physics: 16.6 ms (max 125.3)
Godot Process: 118.34 ms | Physics: 7.21 ms
Objects: 61112 | Nodes: 26439 | Resources: 538
Draw calls: 7767 | Vertices: 7046004 | VRAM: 779.4 MB
Physics bodies: 371 | Collision pairs: 4466
--- System Times ---
  road_batch_finalize_total_-1,-1: 11.69 ms (max 11.69)
  road_batch_finalize_total_-1,-2: 5.78 ms (max 5.78)
  road_batch_finalize_total_-1,-3: 8.34 ms (max 8.34)
  road_batch_finalize_total_-1,0: 19.43 ms (max 19.43)
  road_batch_finalize_total_-2,-1: 17.95 ms (max 17.95)
  road_batch_finalize_total_-2,-2: 15.50 ms (max 15.50)
  road_batch_finalize_total_-2,-3: 8.38 ms (max 8.39)
  road_batch_finalize_total_-2,0: 15.64 ms (max 15.64)
  road_batch_finalize_total_0,-1: 19.50 ms (max 19.50)
  road_batch_finalize_total_0,-2: 18.98 ms (max 18.98)
  road_batch_finalize_total_0,-3: 10.92 ms (max 10.92)
  road_batch_finalize_total_0,-4: 6.25 ms (max 6.25)
  road_batch_finalize_total_0,0: 14.58 ms (max 14.58)
  road_batch_finalize_total_0,1: 10.33 ms (max 10.33)
  road_batch_finalize_total_1,-1: 17.43 ms (max 17.43)
  road_batch_finalize_total_1,-2: 15.50 ms (max 15.50)
  road_batch_finalize_total_1,-3: 9.12 ms (max 9.12)
  road_batch_finalize_total_1,0: 10.98 ms (max 10.98)
  road_batch_finalize_total_2,-1: 4.08 ms (max 4.08)
  road_batch_finalize_total_2,-2: 8.09 ms (max 8.09)
  road_batch_finalize_total_2,-3: 6.81 ms (max 6.81)
  road_collision_create_-1,-1: 3.59 ms (max 4.29)
  road_collision_create_-1,-2: 2.64 ms (max 3.20)
  road_collision_create_-1,-3: 2.53 ms (max 4.39)
  road_collision_create_-1,0: 9.45 ms (max 16.64)
  road_collision_create_-2,-1: 5.74 ms (max 11.96)
  road_collision_create_-2,-2: 7.40 ms (max 12.74)
  road_collision_create_-2,-3: 2.49 ms (max 3.77)
  road_collision_create_-2,0: 7.45 ms (max 11.90)
  road_collision_create_0,-1: 6.21 ms (max 12.30)
  road_collision_create_0,-2: 6.03 ms (max 11.80)
  road_collision_create_0,-3: 3.35 ms (max 4.30)
  road_collision_create_0,-4: 1.80 ms (max 3.04)
  road_collision_create_0,0: 4.62 ms (max 10.86)
  road_collision_create_0,1: 10.06 ms (max 10.06)
  road_collision_create_1,-1: 5.58 ms (max 12.81)
  road_collision_create_1,-2: 7.47 ms (max 12.45)
  road_collision_create_1,-3: 2.73 ms (max 3.94)
  road_collision_create_1,0: 10.68 ms (max 10.68)
  road_collision_create_2,-1: 1.76 ms (max 2.26)
  road_collision_create_2,-2: 2.40 ms (max 4.32)
  road_collision_create_2,-3: 3.07 ms (max 3.90)
===========================

=== PERFORMANCE METRICS ===
FPS: 21 | Frame: 44.4 ms (max 125.7) | Physics: 16.6 ms (max 125.6)
Godot Process: 118.34 ms | Physics: 7.21 ms
Objects: 61112 | Nodes: 26439 | Resources: 538
Draw calls: 7767 | Vertices: 7046004 | VRAM: 779.4 MB
Physics bodies: 371 | Collision pairs: 4466
===========================
⚡ FRAME SPIKE #753: 62.3 ms at 29.5s (Draw: 7780, Bodies: 371)
⚡ FRAME SPIKE #754: 54.8 ms at 29.6s (Draw: 7797, Bodies: 371)
⚡ FRAME SPIKE #755: 56.2 ms at 29.7s (Draw: 7813, Bodies: 372)
OSM: ✅ Finalized road batch -1,-4/path: 1590 vertices, 1538 triangles, material: <ImageTexture#-9223371972598036470>
OSM: ✅ Finalized road batch -1,-4/residential: 2272 vertices, 2226 triangles, material: <ImageTexture#-9223371972681922551>
⚠️ SLOW: road batch finalization took 9.4 ms for chunk -1,-4
⚠️ SLOW FRAME 10.9ms: building=0.6 road=9.4 terrain=0.3 infra=0.5 veg=0.0 curb=0.0ms
⚡ FRAME SPIKE #756: 59.3 ms at 29.7s (Draw: 7883, Bodies: 373)
OSM: ✅ Finalized road batch 1,-4/path: 1222 vertices, 1190 triangles, material: <ImageTexture#-9223371972598036470>
OSM: ✅ Finalized road batch 1,-4/primary: 446 vertices, 432 triangles, material: <ImageTexture#-9223371972765808632>
OSM: ✅ Finalized road batch 1,-4/residential: 2004 vertices, 1938 triangles, material: <ImageTexture#-9223371972681922551>
⚠️ SLOW: road batch finalization took 9.7 ms for chunk 1,-4
⚠️ SLOW FRAME 11.1ms: building=0.6 road=9.7 terrain=0.3 infra=0.5 veg=0.0 curb=0.0ms
⚡ FRAME SPIKE #757: 64.7 ms at 29.8s (Draw: 7948, Bodies: 374)
⚠️ SLOW FRAME 21.8ms: building=0.6 road=1.2 terrain=1.6 infra=0.5 veg=17.5 curb=0.3ms
⚡ FRAME SPIKE #758: 62.3 ms at 29.8s (Draw: 7973, Bodies: 375)
⚡ FRAME SPIKE #759: 61.1 ms at 29.9s (Draw: 7996, Bodies: 375)
⚡ FRAME SPIKE #760: 61.1 ms at 30.0s (Draw: 8002, Bodies: 375)
⚡ FRAME SPIKE #761: 61.0 ms at 30.0s (Draw: 7987, Bodies: 376)
⚡ FRAME SPIKE #762: 51.3 ms at 30.1s (Draw: 7981, Bodies: 377)
⚡ FRAME SPIKE #763: 52.3 ms at 30.1s (Draw: 7982, Bodies: 377)
⚡ FRAME SPIKE #764: 51.7 ms at 30.2s (Draw: 7989, Bodies: 378)
⚡ FRAME SPIKE #765: 55.6 ms at 30.2s (Draw: 8009, Bodies: 378)
⚡ FRAME SPIKE #766: 54.2 ms at 30.3s (Draw: 8012, Bodies: 381)
⚡ FRAME SPIKE #767: 53.2 ms at 30.4s (Draw: 8055, Bodies: 381)
⚡ FRAME SPIKE #768: 52.6 ms at 30.4s (Draw: 8075, Bodies: 382)
⚡ FRAME SPIKE #769: 49.9 ms at 30.5s (Draw: 8079, Bodies: 383)
⚡ FRAME SPIKE #770: 51.9 ms at 30.5s (Draw: 8087, Bodies: 383)
⚡ FRAME SPIKE #771: 53.3 ms at 30.6s (Draw: 8108, Bodies: 384)
⚡ FRAME SPIKE #772: 53.3 ms at 30.6s (Draw: 8107, Bodies: 385)
OSM: Unloaded chunk -2,0
⚡ FRAME SPIKE #773: 53.3 ms at 30.7s (Draw: 8109, Bodies: 382)
⚡ FRAME SPIKE #774: 53.0 ms at 30.7s (Draw: 8087, Bodies: 383)
🚗 Traffic: 18 active NPCs (Near: 4, Mid: 6, Far: 8), 19 pooled
  → Physics bodies from NPCs: 18 (All: 18×1, было бы 18×5=90)

========== Bottleneck Analysis Report ==========
Time: 40.6s | Frames: 1081

📊 PERFORMANCE OVERVIEW:
  FPS: 21.8 avg | 16.0 min
  Frame Time: 66.94 ms avg | 118.34 ms max
  Physics Time: 7.72 ms avg

🔍 BOTTLENECK IDENTIFICATION:
  🔴 [CRITICAL] Frame Time
      Value: 66.94 ms (target: 16.67 ms)
      Impact: Overall performance bottleneck
      Suggestions:
        • Reduce draw calls
        • Optimize scripts in _process()
        • Check for expensive operations per frame

  🟠 [HIGH] Draw Calls
      Value: 6808 calls/frame
      Impact: GPU rendering overhead
      Suggestions:
        • Batch meshes by material
        • Use MultiMeshInstance3D
        • Implement LOD system
        • Enable frustum culling

  🟠 [HIGH] Physics Bodies
      Value: 348 active bodies
      Impact: Physics engine load
      Suggestions:
        • Reduce NPC count
        • Convert distant NPCs to kinematic
        • Disable physics for far objects

  🟡 [MEDIUM] Physics Time
      Value: 7.72 ms
      Impact: Physics simulation overhead
      Suggestions:
        • Reduce number of active physics bodies
        • Simplify collision shapes
        • Disable physics for distant objects

  🟡 [MEDIUM] Vertex Count
      Value: 6992900 vertices/frame
      Impact: GPU vertex processing
      Suggestions:
        • Implement LOD for distant objects
        • Simplify building meshes
        • Use lower poly models

  🟡 [MEDIUM] Node Count
      Value: 27330 nodes
      Impact: Scene tree traversal overhead
      Suggestions:
        • Unload distant chunks
        • Pool and reuse nodes
        • Flatten hierarchy where possible

  🟡 [MEDIUM] Post-Processing Effects
      Value: SSAO, Glow/Bloom, Volumetric Fog
      Impact: GPU shader overhead
      Suggestions:
        • Reduce SSR quality
        • Disable SSAO on low-end hardware
        • Use simpler fog

📈 DETAILED STATS:
  Draw Calls: 6808 avg | 8109 max
  Vertices: 6992900 avg | 7328363 max
  Physics Bodies: 348
  Nodes: 27330
  VRAM: 781.0 MB

=================================================

⚡ FRAME SPIKE #775: 53.0 ms at 30.8s (Draw: 8082, Bodies: 383)
⚡ FRAME SPIKE #776: 53.3 ms at 30.8s (Draw: 8127, Bodies: 383)
⚡ FRAME SPIKE #777: 53.3 ms at 30.9s (Draw: 8159, Bodies: 384)
⚡ FRAME SPIKE #778: 53.2 ms at 30.9s (Draw: 8195, Bodies: 384)
⚡ FRAME SPIKE #779: 53.0 ms at 31.0s (Draw: 8197, Bodies: 385)
⚡ FRAME SPIKE #780: 52.8 ms at 31.0s (Draw: 8195, Bodies: 386)
⚡ FRAME SPIKE #781: 52.8 ms at 31.1s (Draw: 8155, Bodies: 386)
⚡ FRAME SPIKE #782: 63.9 ms at 31.1s (Draw: 8203, Bodies: 387)
OSM: Unloaded chunk -1,1
⚡ FRAME SPIKE #783: 52.8 ms at 31.2s (Draw: 8250, Bodies: 388)
⚡ FRAME SPIKE #784: 52.8 ms at 31.3s (Draw: 8034, Bodies: 389)
⚡ FRAME SPIKE #785: 52.8 ms at 31.3s (Draw: 8113, Bodies: 391)
⚡ FRAME SPIKE #786: 52.8 ms at 31.4s (Draw: 8342, Bodies: 392)
⚡ FRAME SPIKE #787: 52.8 ms at 31.4s (Draw: 8342, Bodies: 393)
⚡ FRAME SPIKE #788: 52.8 ms at 31.5s (Draw: 8397, Bodies: 393)
⚡ FRAME SPIKE #789: 53.8 ms at 31.5s (Draw: 8476, Bodies: 393)
⚡ FRAME SPIKE #790: 52.8 ms at 31.6s (Draw: 8466, Bodies: 394)
⚡ FRAME SPIKE #791: 53.1 ms at 31.6s (Draw: 8451, Bodies: 395)
⚡ FRAME SPIKE #792: 52.9 ms at 31.7s (Draw: 8448, Bodies: 396)
⚡ FRAME SPIKE #793: 54.0 ms at 31.7s (Draw: 8485, Bodies: 397)
⚡ FRAME SPIKE #794: 52.8 ms at 31.8s (Draw: 8556, Bodies: 397)
⚡ FRAME SPIKE #795: 60.9 ms at 31.8s (Draw: 8486, Bodies: 398)
⚡ FRAME SPIKE #796: 52.9 ms at 31.9s (Draw: 8440, Bodies: 399)
⚡ FRAME SPIKE #797: 54.4 ms at 32.0s (Draw: 8432, Bodies: 399)
⚡ FRAME SPIKE #798: 61.5 ms at 32.0s (Draw: 8442, Bodies: 399)
⚡ FRAME SPIKE #799: 55.6 ms at 32.1s (Draw: 8447, Bodies: 400)
⚡ FRAME SPIKE #800: 56.6 ms at 32.1s (Draw: 8454, Bodies: 401)
⚡ FRAME SPIKE #801: 55.4 ms at 32.2s (Draw: 8455, Bodies: 401)
⚡ FRAME SPIKE #802: 55.6 ms at 32.2s (Draw: 8438, Bodies: 401)
⚡ FRAME SPIKE #803: 55.6 ms at 32.3s (Draw: 8428, Bodies: 401)
⚡ FRAME SPIKE #804: 55.6 ms at 32.4s (Draw: 8427, Bodies: 403)
⚡ FRAME SPIKE #805: 56.1 ms at 32.4s (Draw: 8424, Bodies: 404)
⚡ FRAME SPIKE #806: 56.1 ms at 32.5s (Draw: 8409, Bodies: 405)
⚡ FRAME SPIKE #807: 54.5 ms at 32.5s (Draw: 8415, Bodies: 405)
⚡ FRAME SPIKE #808: 55.6 ms at 32.6s (Draw: 8409, Bodies: 405)
⚡ FRAME SPIKE #809: 56.1 ms at 32.6s (Draw: 8390, Bodies: 405)
⚡ FRAME SPIKE #810: 55.1 ms at 32.7s (Draw: 8379, Bodies: 406)
⚡ FRAME SPIKE #811: 55.6 ms at 32.7s (Draw: 8392, Bodies: 406)
🚗 Traffic: 19 active NPCs (Near: 5, Mid: 7, Far: 7), 18 pooled
  → Physics bodies from NPCs: 19 (All: 19×1, было бы 19×5=95)

========== Bottleneck Analysis Report ==========
Time: 42.7s | Frames: 1118

📊 PERFORMANCE OVERVIEW:
  FPS: 20.0 avg | 16.0 min
  Frame Time: 65.90 ms avg | 118.34 ms max
  Physics Time: 8.00 ms avg

🔍 BOTTLENECK IDENTIFICATION:
  🔴 [CRITICAL] Frame Time
      Value: 65.90 ms (target: 16.67 ms)
      Impact: Overall performance bottleneck
      Suggestions:
        • Reduce draw calls
        • Optimize scripts in _process()
        • Check for expensive operations per frame

  🟠 [HIGH] Draw Calls
      Value: 7344 calls/frame
      Impact: GPU rendering overhead
      Suggestions:
        • Batch meshes by material
        • Use MultiMeshInstance3D
        • Implement LOD system
        • Enable frustum culling

  🟠 [HIGH] Physics Bodies
      Value: 367 active bodies
      Impact: Physics engine load
      Suggestions:
        • Reduce NPC count
        • Convert distant NPCs to kinematic
        • Disable physics for far objects

  🟡 [MEDIUM] Physics Time
      Value: 8.00 ms
      Impact: Physics simulation overhead
      Suggestions:
        • Reduce number of active physics bodies
        • Simplify collision shapes
        • Disable physics for distant objects

  🟡 [MEDIUM] Vertex Count
      Value: 7056813 vertices/frame
      Impact: GPU vertex processing
      Suggestions:
        • Implement LOD for distant objects
        • Simplify building meshes
        • Use lower poly models

  🟡 [MEDIUM] Node Count
      Value: 28978 nodes
      Impact: Scene tree traversal overhead
      Suggestions:
        • Unload distant chunks
        • Pool and reuse nodes
        • Flatten hierarchy where possible

  🟡 [MEDIUM] Post-Processing Effects
      Value: SSAO, Glow/Bloom, Volumetric Fog
      Impact: GPU shader overhead
      Suggestions:
        • Reduce SSR quality
        • Disable SSAO on low-end hardware
        • Use simpler fog

📈 DETAILED STATS:
  Draw Calls: 7344 avg | 8556 max
  Vertices: 7056813 avg | 7494009 max
  Physics Bodies: 367
  Nodes: 28978
  VRAM: 783.8 MB

=================================================

⚡ FRAME SPIKE #812: 55.6 ms at 32.8s (Draw: 8399, Bodies: 407)
⚡ FRAME SPIKE #813: 55.6 ms at 32.9s (Draw: 8352, Bodies: 408)
⚡ FRAME SPIKE #814: 55.6 ms at 32.9s (Draw: 8308, Bodies: 408)
⚡ FRAME SPIKE #815: 54.2 ms at 33.0s (Draw: 8300, Bodies: 409)
⚡ FRAME SPIKE #816: 56.9 ms at 33.0s (Draw: 8309, Bodies: 409)
⚡ FRAME SPIKE #817: 54.2 ms at 33.1s (Draw: 8331, Bodies: 410)
⚡ FRAME SPIKE #818: 54.2 ms at 33.1s (Draw: 8309, Bodies: 411)
⚡ FRAME SPIKE #819: 54.2 ms at 33.2s (Draw: 8287, Bodies: 412)
⚡ FRAME SPIKE #820: 50.7 ms at 33.2s (Draw: 8311, Bodies: 413)
⚡ FRAME SPIKE #821: 50.9 ms at 33.3s (Draw: 8320, Bodies: 414)
⚡ FRAME SPIKE #822: 51.1 ms at 33.3s (Draw: 8337, Bodies: 415)
⚡ FRAME SPIKE #823: 52.4 ms at 33.4s (Draw: 8354, Bodies: 418)
⚡ FRAME SPIKE #824: 52.8 ms at 33.4s (Draw: 8303, Bodies: 417)
⚡ FRAME SPIKE #825: 52.8 ms at 33.5s (Draw: 8289, Bodies: 417)
⚡ FRAME SPIKE #826: 52.8 ms at 33.6s (Draw: 8282, Bodies: 418)
⚡ FRAME SPIKE #827: 52.8 ms at 33.6s (Draw: 8172, Bodies: 418)
⚡ FRAME SPIKE #828: 52.4 ms at 33.7s (Draw: 8128, Bodies: 418)
⚡ FRAME SPIKE #829: 52.3 ms at 33.7s (Draw: 8122, Bodies: 419)
⚡ FRAME SPIKE #830: 52.4 ms at 33.8s (Draw: 8133, Bodies: 420)
⚡ FRAME SPIKE #831: 52.8 ms at 33.8s (Draw: 8133, Bodies: 421)
⚡ FRAME SPIKE #832: 52.8 ms at 33.9s (Draw: 8134, Bodies: 422)
⚡ FRAME SPIKE #833: 52.4 ms at 33.9s (Draw: 8112, Bodies: 423)
⚡ FRAME SPIKE #834: 52.4 ms at 34.0s (Draw: 8060, Bodies: 424)
⚡ FRAME SPIKE #835: 52.4 ms at 34.0s (Draw: 8032, Bodies: 424)
⚡ FRAME SPIKE #836: 51.6 ms at 34.1s (Draw: 7864, Bodies: 425)
⚡ FRAME SPIKE #837: 52.4 ms at 34.1s (Draw: 7207, Bodies: 425)
⚡ FRAME SPIKE #838: 51.9 ms at 34.2s (Draw: 7077, Bodies: 426)
⚡ FRAME SPIKE #839: 51.7 ms at 34.2s (Draw: 7095, Bodies: 425)
⚡ FRAME SPIKE #840: 51.2 ms at 34.3s (Draw: 7088, Bodies: 426)
⚡ FRAME SPIKE #841: 48.2 ms at 34.3s (Draw: 7106, Bodies: 426)
⚡ FRAME SPIKE #842: 48.4 ms at 34.4s (Draw: 7135, Bodies: 426)
⚡ FRAME SPIKE #843: 50.0 ms at 34.4s (Draw: 7833, Bodies: 427)
⚡ FRAME SPIKE #844: 50.0 ms at 34.5s (Draw: 7841, Bodies: 427)
⚡ FRAME SPIKE #845: 49.4 ms at 34.5s (Draw: 7824, Bodies: 427)

=== PERFORMANCE METRICS ===
FPS: 19 | Frame: 48.1 ms (max 125.7) | Physics: 16.6 ms (max 54.6)
Godot Process: 27.34 ms | Physics: 9.08 ms
Objects: 67125 | Nodes: 29364 | Resources: 538
Draw calls: 7824 | Vertices: 7038249 | VRAM: 785.6 MB
Physics bodies: 427 | Collision pairs: 5313
--- System Times ---
  road_batch_finalize_total_-1,-1: 11.69 ms (max 11.69)
  road_batch_finalize_total_-1,-2: 5.78 ms (max 5.78)
  road_batch_finalize_total_-1,-3: 8.34 ms (max 8.34)
  road_batch_finalize_total_-1,-4: 9.39 ms (max 9.39)
  road_batch_finalize_total_-1,0: 19.43 ms (max 19.43)
  road_batch_finalize_total_-2,-1: 17.95 ms (max 17.95)
  road_batch_finalize_total_-2,-2: 15.50 ms (max 15.50)
  road_batch_finalize_total_-2,-3: 8.38 ms (max 8.39)
  road_batch_finalize_total_-2,0: 15.64 ms (max 15.64)
  road_batch_finalize_total_0,-1: 19.50 ms (max 19.50)
  road_batch_finalize_total_0,-2: 18.98 ms (max 18.98)
  road_batch_finalize_total_0,-3: 10.92 ms (max 10.92)
  road_batch_finalize_total_0,-4: 6.25 ms (max 6.25)
  road_batch_finalize_total_0,0: 14.58 ms (max 14.58)
  road_batch_finalize_total_0,1: 10.33 ms (max 10.33)
  road_batch_finalize_total_1,-1: 17.43 ms (max 17.43)
  road_batch_finalize_total_1,-2: 15.50 ms (max 15.50)
  road_batch_finalize_total_1,-3: 9.12 ms (max 9.12)
  road_batch_finalize_total_1,-4: 9.66 ms (max 9.66)
  road_batch_finalize_total_1,0: 10.98 ms (max 10.98)
  road_batch_finalize_total_2,-1: 4.08 ms (max 4.08)
  road_batch_finalize_total_2,-2: 8.09 ms (max 8.09)
  road_batch_finalize_total_2,-3: 6.81 ms (max 6.81)
  road_collision_create_-1,-1: 3.59 ms (max 4.29)
  road_collision_create_-1,-2: 2.64 ms (max 3.20)
  road_collision_create_-1,-3: 2.53 ms (max 4.39)
  road_collision_create_-1,-4: 4.36 ms (max 4.96)
  road_collision_create_-1,0: 9.45 ms (max 16.64)
  road_collision_create_-2,-1: 5.74 ms (max 11.96)
  road_collision_create_-2,-2: 7.40 ms (max 12.74)
  road_collision_create_-2,-3: 2.49 ms (max 3.77)
  road_collision_create_-2,0: 7.45 ms (max 11.90)
  road_collision_create_0,-1: 6.21 ms (max 12.30)
  road_collision_create_0,-2: 6.03 ms (max 11.80)
  road_collision_create_0,-3: 3.35 ms (max 4.30)
  road_collision_create_0,-4: 1.80 ms (max 3.04)
  road_collision_create_0,0: 4.62 ms (max 10.86)
  road_collision_create_0,1: 10.06 ms (max 10.06)
  road_collision_create_1,-1: 5.58 ms (max 12.81)
  road_collision_create_1,-2: 7.47 ms (max 12.45)
  road_collision_create_1,-3: 2.73 ms (max 3.94)
  road_collision_create_1,-4: 2.95 ms (max 4.02)
  road_collision_create_1,0: 10.68 ms (max 10.68)
  road_collision_create_2,-1: 1.76 ms (max 2.26)
  road_collision_create_2,-2: 2.40 ms (max 4.32)
  road_collision_create_2,-3: 3.07 ms (max 3.90)
===========================

=== PERFORMANCE METRICS ===
FPS: 19 | Frame: 48.1 ms (max 125.7) | Physics: 16.6 ms (max 54.8)
Godot Process: 27.34 ms | Physics: 9.08 ms
Objects: 67125 | Nodes: 29364 | Resources: 538
Draw calls: 7824 | Vertices: 7038249 | VRAM: 785.6 MB
Physics bodies: 427 | Collision pairs: 5313
===========================
⚡ FRAME SPIKE #846: 50.0 ms at 34.6s (Draw: 7831, Bodies: 428)
⚡ FRAME SPIKE #847: 50.0 ms at 34.6s (Draw: 7808, Bodies: 429)
⚡ FRAME SPIKE #848: 50.0 ms at 34.7s (Draw: 7792, Bodies: 429)
⚡ FRAME SPIKE #849: 50.0 ms at 34.7s (Draw: 7779, Bodies: 429)
⚡ FRAME SPIKE #850: 50.0 ms at 34.8s (Draw: 7789, Bodies: 429)
OSM: 🌙 NIGHT Window batch 0,-4 | night_mgr: CACHED | is_night value: true
OSM: ✅ Finalized window batch 0,-4: 2132 windows (was 2132 draw calls before batching)
🚗 Traffic: 18 active NPCs (Near: 5, Mid: 8, Far: 5), 19 pooled
  → Physics bodies from NPCs: 18 (All: 18×1, было бы 18×5=90)

========== Bottleneck Analysis Report ==========
Time: 44.7s | Frames: 1157

📊 PERFORMANCE OVERVIEW:
  FPS: 18.9 avg | 16.0 min
  Frame Time: 52.41 ms avg | 118.34 ms max
  Physics Time: 8.43 ms avg

🔍 BOTTLENECK IDENTIFICATION:
  🔴 [CRITICAL] Frame Time
      Value: 52.41 ms (target: 16.67 ms)
      Impact: Overall performance bottleneck
      Suggestions:
        • Reduce draw calls
        • Optimize scripts in _process()
        • Check for expensive operations per frame

  🟠 [HIGH] Draw Calls
      Value: 7841 calls/frame
      Impact: GPU rendering overhead
      Suggestions:
        • Batch meshes by material
        • Use MultiMeshInstance3D
        • Implement LOD system
        • Enable frustum culling

  🟠 [HIGH] Physics Bodies
      Value: 393 active bodies
      Impact: Physics engine load
      Suggestions:
        • Reduce NPC count
        • Convert distant NPCs to kinematic
        • Disable physics for far objects

  🟡 [MEDIUM] Physics Time
      Value: 8.43 ms
      Impact: Physics simulation overhead
      Suggestions:
        • Reduce number of active physics bodies
        • Simplify collision shapes
        • Disable physics for distant objects

  🟡 [MEDIUM] Vertex Count
      Value: 7116509 vertices/frame
      Impact: GPU vertex processing
      Suggestions:
        • Implement LOD for distant objects
        • Simplify building meshes
        • Use lower poly models

  🟡 [MEDIUM] Node Count
      Value: 29413 nodes
      Impact: Scene tree traversal overhead
      Suggestions:
        • Unload distant chunks
        • Pool and reuse nodes
        • Flatten hierarchy where possible

  🟡 [MEDIUM] Post-Processing Effects
      Value: SSAO, Glow/Bloom, Volumetric Fog
      Impact: GPU shader overhead
      Suggestions:
        • Reduce SSR quality
        • Disable SSAO on low-end hardware
        • Use simpler fog

📈 DETAILED STATS:
  Draw Calls: 7841 avg | 8556 max
  Vertices: 7116509 avg | 7494009 max
  Physics Bodies: 393
  Nodes: 29413
  VRAM: 785.9 MB

=================================================

⚡ FRAME SPIKE #851: 50.0 ms at 34.8s (Draw: 7845, Bodies: 429)
OSM: 🌙 NIGHT Window batch -2,-3 | night_mgr: CACHED | is_night value: true
OSM: ✅ Finalized window batch -2,-3: 5753 windows (was 5753 draw calls before batching)
⚡ FRAME SPIKE #852: 50.0 ms at 34.9s (Draw: 7821, Bodies: 429)
OSM: 🌙 NIGHT Window batch 2,-3 | night_mgr: CACHED | is_night value: true
OSM: ✅ Finalized window batch 2,-3: 5869 windows (was 5869 draw calls before batching)
⚡ FRAME SPIKE #853: 50.0 ms at 34.9s (Draw: 7779, Bodies: 430)
OSM: 🌙 NIGHT Window batch -1,-4 | night_mgr: CACHED | is_night value: true
OSM: ✅ Finalized window batch -1,-4: 6171 windows (was 6171 draw calls before batching)
⚡ FRAME SPIKE #854: 50.0 ms at 35.0s (Draw: 7773, Bodies: 430)
OSM: 🌙 NIGHT Window batch 1,-4 | night_mgr: CACHED | is_night value: true
OSM: ✅ Finalized window batch 1,-4: 6566 windows (was 6566 draw calls before batching)
⚡ FRAME SPIKE #855: 51.4 ms at 35.0s (Draw: 7758, Bodies: 430)
⚡ FRAME SPIKE #856: 50.0 ms at 35.1s (Draw: 7715, Bodies: 430)
⚡ FRAME SPIKE #857: 50.0 ms at 35.1s (Draw: 7672, Bodies: 429)
⚡ FRAME SPIKE #858: 50.0 ms at 35.2s (Draw: 7649, Bodies: 429)
⚡ FRAME SPIKE #859: 50.0 ms at 35.2s (Draw: 7586, Bodies: 429)
⚡ FRAME SPIKE #860: 50.0 ms at 35.3s (Draw: 7570, Bodies: 429)
⚡ FRAME SPIKE #861: 48.1 ms at 35.3s (Draw: 7570, Bodies: 429)
⚡ FRAME SPIKE #862: 47.4 ms at 35.4s (Draw: 7589, Bodies: 429)
OSM: Unloaded chunk 0,1
⚡ FRAME SPIKE #863: 50.0 ms at 35.4s (Draw: 7562, Bodies: 429)
⚡ FRAME SPIKE #864: 50.0 ms at 35.5s (Draw: 7599, Bodies: 430)
⚡ FRAME SPIKE #865: 50.0 ms at 35.5s (Draw: 7585, Bodies: 430)
⚡ FRAME SPIKE #866: 48.6 ms at 35.6s (Draw: 7532, Bodies: 430)
⚡ FRAME SPIKE #867: 40.9 ms at 35.6s (Draw: 7501, Bodies: 429)
⚡ FRAME SPIKE #868: 48.0 ms at 35.7s (Draw: 7470, Bodies: 429)
⚡ FRAME SPIKE #869: 47.8 ms at 35.7s (Draw: 7474, Bodies: 428)
⚡ FRAME SPIKE #870: 48.6 ms at 35.8s (Draw: 7460, Bodies: 428)
⚡ FRAME SPIKE #871: 47.2 ms at 35.8s (Draw: 7428, Bodies: 428)
⚡ FRAME SPIKE #872: 41.7 ms at 35.9s (Draw: 7412, Bodies: 428)
⚡ FRAME SPIKE #873: 47.2 ms at 35.9s (Draw: 7417, Bodies: 428)
OSM: Loading chunk 2,-4 at lat=59.1262, lon=37.9132
OSM: Loaded from cache: osm_v2_59.1262_37.9132_250.json
OSM: Unloaded chunk 1,1
OSM: Chunk 2,-4 data loaded
OSM: Found 14 POI nodes in chunk
POI_DEBUG: Found 'Антей' inside building at local (679.5, -1123.0)
POI_DEBUG: Found 'Барбершоп Borodach' inside building at local (598.1, -1152.7)
POI_DEBUG: Found 'Laparet' inside building at local (515.0, -1168.2)
POI_DEBUG: Found 'Coffee Like' inside building at local (789.7, -1105.2)
POI_DEBUG: Found 'Пятёрочка' inside building at local (735.9, -1116.9)
BusinessSign: Found logo for 'пятёрочка' -> res://textures/brand_logos/pyaterochka.png
OSM: Generated 56 roads, 27 buildings, 0 trees, 0 signs, 0 lamps, 25 intersections
OSM: Marked chunk '2,-4' for road batch finalization
OSM: Post-initial chunk loaded, pending_lamps=150
OSM: _create_pending_lamps started, count=150
OSM: Created 85 lamps, skipped 65 (on parking or chunk not loaded)
⚡ FRAME SPIKE #874: 93.8 ms at 35.9s (Draw: 7536, Bodies: 431)
OSM: DEBUG _add_road_to_batch - first road for chunk '2,-4', parent.name='Chunk_2,-4'
⚡ FRAME SPIKE #875: 84.1 ms at 36.0s (Draw: 7532, Bodies: 431)
⚡ FRAME SPIKE #876: 71.3 ms at 36.1s (Draw: 7549, Bodies: 431)
⚡ FRAME SPIKE #877: 77.8 ms at 36.2s (Draw: 7593, Bodies: 431)
⚡ FRAME SPIKE #878: 60.1 ms at 36.3s (Draw: 7576, Bodies: 431)
OSM: ✅ Finalized road batch 2,-4/path: 1352 vertices, 1292 triangles, material: <ImageTexture#-9223371972598036470>
OSM: ✅ Finalized road batch 2,-4/residential: 2000 vertices, 1948 triangles, material: <ImageTexture#-9223371972681922551>
⚠️ SLOW: road batch finalization took 8.3 ms for chunk 2,-4
⚡ FRAME SPIKE #879: 66.9 ms at 36.3s (Draw: 7586, Bodies: 431)
⚡ FRAME SPIKE #880: 60.4 ms at 36.4s (Draw: 7649, Bodies: 431)
⚡ FRAME SPIKE #881: 59.0 ms at 36.5s (Draw: 7670, Bodies: 431)
⚡ FRAME SPIKE #882: 55.6 ms at 36.5s (Draw: 7649, Bodies: 433)
⚡ FRAME SPIKE #883: 52.3 ms at 36.6s (Draw: 7611, Bodies: 433)
⚡ FRAME SPIKE #884: 58.3 ms at 36.6s (Draw: 7582, Bodies: 433)
⚡ FRAME SPIKE #885: 55.4 ms at 36.7s (Draw: 7566, Bodies: 433)
⚡ FRAME SPIKE #886: 52.5 ms at 36.7s (Draw: 7581, Bodies: 433)
⚡ FRAME SPIKE #887: 56.2 ms at 36.8s (Draw: 7543, Bodies: 433)
🚗 Traffic: 18 active NPCs (Near: 4, Mid: 9, Far: 5), 19 pooled
  → Physics bodies from NPCs: 18 (All: 18×1, было бы 18×5=90)

========== Bottleneck Analysis Report ==========
Time: 46.7s | Frames: 1194

📊 PERFORMANCE OVERVIEW:
  FPS: 18.5 avg | 16.0 min
  Frame Time: 35.75 ms avg | 76.97 ms max
  Physics Time: 8.94 ms avg

🔍 BOTTLENECK IDENTIFICATION:
  🔴 [CRITICAL] Frame Time
      Value: 35.75 ms (target: 16.67 ms)
      Impact: Overall performance bottleneck
      Suggestions:
        • Reduce draw calls
        • Optimize scripts in _process()
        • Check for expensive operations per frame

  🟠 [HIGH] Draw Calls
      Value: 7978 calls/frame
      Impact: GPU rendering overhead
      Suggestions:
        • Batch meshes by material
        • Use MultiMeshInstance3D
        • Implement LOD system
        • Enable frustum culling

  🟠 [HIGH] Physics Bodies
      Value: 413 active bodies
      Impact: Physics engine load
      Suggestions:
        • Reduce NPC count
        • Convert distant NPCs to kinematic
        • Disable physics for far objects

  🟡 [MEDIUM] Physics Time
      Value: 8.94 ms
      Impact: Physics simulation overhead
      Suggestions:
        • Reduce number of active physics bodies
        • Simplify collision shapes
        • Disable physics for distant objects

  🟡 [MEDIUM] Vertex Count
      Value: 7074404 vertices/frame
      Impact: GPU vertex processing
      Suggestions:
        • Implement LOD for distant objects
        • Simplify building meshes
        • Use lower poly models

  🟡 [MEDIUM] Node Count
      Value: 30224 nodes
      Impact: Scene tree traversal overhead
      Suggestions:
        • Unload distant chunks
        • Pool and reuse nodes
        • Flatten hierarchy where possible

  🟡 [MEDIUM] Post-Processing Effects
      Value: SSAO, Glow/Bloom, Volumetric Fog
      Impact: GPU shader overhead
      Suggestions:
        • Reduce SSR quality
        • Disable SSAO on low-end hardware
        • Use simpler fog

📈 DETAILED STATS:
  Draw Calls: 7978 avg | 8556 max
  Vertices: 7074404 avg | 7494009 max
  Physics Bodies: 413
  Nodes: 30224
  VRAM: 791.3 MB

=================================================

⚡ FRAME SPIKE #888: 55.6 ms at 36.9s (Draw: 7517, Bodies: 433)
⚡ FRAME SPIKE #889: 54.4 ms at 36.9s (Draw: 7501, Bodies: 433)
⚡ FRAME SPIKE #890: 56.1 ms at 37.0s (Draw: 7529, Bodies: 433)
⚡ FRAME SPIKE #891: 55.6 ms at 37.0s (Draw: 7546, Bodies: 432)
⚡ FRAME SPIKE #892: 53.2 ms at 37.1s (Draw: 7571, Bodies: 432)
⚡ FRAME SPIKE #893: 53.0 ms at 37.1s (Draw: 7551, Bodies: 432)
OSM: 🌙 NIGHT Window batch 2,-4 | night_mgr: CACHED | is_night value: true
OSM: ✅ Finalized window batch 2,-4: 5959 windows (was 5959 draw calls before batching)

========== PERFORMANCE METRICS ==========
Frames: 600
  total_frame: avg=1.99 ms, median=1.14 ms, max=31.16 ms, calls=600, total=1196.7 ms
  road_queue: avg=0.89 ms, median=0.01 ms, max=12.01 ms, calls=600, total=533.5 ms
  infra_queue: avg=0.56 ms, median=0.78 ms, max=1.31 ms, calls=600, total=336.6 ms
  road_create: avg=0.41 ms, median=0.11 ms, max=11.63 ms, calls=516, total=210.0 ms
  curb_mesh: avg=0.31 ms, median=0.00 ms, max=1.62 ms, calls=540, total=169.6 ms
  infra_lamp: avg=0.70 ms, median=0.67 ms, max=0.89 ms, calls=223, total=155.6 ms
  building_results: avg=0.21 ms, median=0.33 ms, max=0.96 ms, calls=600, total=123.9 ms
  road_batch_finalize: avg=8.18 ms, median=8.43 ms, max=10.95 ms, calls=12, total=98.2 ms
  infra_yield_sign: avg=0.50 ms, median=0.48 ms, max=0.74 ms, calls=198, total=98.1 ms
  vegetation_queue: avg=0.15 ms, median=0.00 ms, max=21.75 ms, calls=600, total=87.5 ms
  veg_trees: avg=9.62 ms, median=5.22 ms, max=21.74 ms, calls=9, total=86.5 ms
  building_apply: avg=0.27 ms, median=0.30 ms, max=0.46 ms, calls=296, total=78.5 ms
  curb_collisions: avg=0.12 ms, median=0.00 ms, max=1.53 ms, calls=600, total=73.5 ms
  infra_sort: avg=0.18 ms, median=0.17 ms, max=0.64 ms, calls=405, total=72.0 ms
  building_sort: avg=0.14 ms, median=0.15 ms, max=0.49 ms, calls=246, total=34.7 ms
  terrain_queue: avg=0.05 ms, median=0.00 ms, max=4.14 ms, calls=600, total=32.0 ms
  window_batch_finalize: avg=2.02 ms, median=2.32 ms, max=2.99 ms, calls=12, total=24.2 ms
  terrain_leisure: avg=1.01 ms, median=1.12 ms, max=3.92 ms, calls=20, total=20.2 ms
  curb_smooth: avg=0.03 ms, median=0.03 ms, max=0.14 ms, calls=307, total=10.2 ms
  terrain_landuse: avg=0.10 ms, median=0.10 ms, max=0.21 ms, calls=80, total=8.2 ms
  road_sort: avg=0.27 ms, median=0.25 ms, max=0.60 ms, calls=19, total=5.1 ms
  infra_traffic_light: avg=0.68 ms, median=0.70 ms, max=0.80 ms, calls=7, total=4.8 ms
  curb_latlon: avg=0.01 ms, median=0.01 ms, max=0.03 ms, calls=307, total=3.8 ms
  terrain_natural: avg=0.10 ms, median=0.10 ms, max=0.12 ms, calls=7, total=0.7 ms
  terrain_sort: avg=0.08 ms, median=0.08 ms, max=0.12 ms, calls=7, total=0.6 ms
  veg_bushes_grass: avg=0.01 ms, median=0.01 ms, max=0.02 ms, calls=9, total=0.1 ms
==========================================


========== DRAW CALL BREAKDOWN ==========
Total tracked draw calls: 3491

  Lamps       :  1338 ( 38.3%) ███████
  Vegetation  :   960 ( 27.5%) █████
  Buildings   :   878 ( 25.2%) █████
  Terrain     :   204 (  5.8%) █
  Roads       :    62 (  1.8%) 
  Signs       :    26 (  0.7%) 
  Windows     :    23 (  0.7%) 

💡 RECOMMENDATIONS:
  🟠 Infrastructure: 39.1% of draw calls
     → Use MultiMesh for curbs, lamps, signs
=========================================

⚡ FRAME SPIKE #894: 55.0 ms at 37.2s (Draw: 7554, Bodies: 432)
OSM: 🌙 NIGHT Window batch 2,-4 | night_mgr: CACHED | is_night value: true
OSM: ✅ Finalized window batch 2,-4: 138 windows (was 138 draw calls before batching)
⚡ FRAME SPIKE #895: 55.0 ms at 37.2s (Draw: 7568, Bodies: 432)
⚡ FRAME SPIKE #896: 54.5 ms at 37.3s (Draw: 7662, Bodies: 432)
⚡ FRAME SPIKE #897: 49.6 ms at 37.3s (Draw: 7556, Bodies: 432)
⚡ FRAME SPIKE #898: 50.4 ms at 37.4s (Draw: 7409, Bodies: 432)
⚡ FRAME SPIKE #899: 51.1 ms at 37.4s (Draw: 7323, Bodies: 432)
⚡ FRAME SPIKE #900: 53.3 ms at 37.5s (Draw: 7166, Bodies: 432)
OSM: Unloaded chunk -2,-1
⚡ FRAME SPIKE #901: 53.3 ms at 37.5s (Draw: 8184, Bodies: 429)
⚡ FRAME SPIKE #902: 60.9 ms at 37.6s (Draw: 8184, Bodies: 429)
⚡ FRAME SPIKE #903: 60.1 ms at 37.7s (Draw: 8202, Bodies: 429)
⚡ FRAME SPIKE #904: 54.2 ms at 37.7s (Draw: 8220, Bodies: 429)
⚡ FRAME SPIKE #905: 55.0 ms at 37.8s (Draw: 8253, Bodies: 429)
⚡ FRAME SPIKE #906: 59.5 ms at 37.8s (Draw: 8294, Bodies: 429)
⚡ FRAME SPIKE #907: 52.9 ms at 37.9s (Draw: 8326, Bodies: 429)
⚡ FRAME SPIKE #908: 60.9 ms at 37.9s (Draw: 8452, Bodies: 429)
⚡ FRAME SPIKE #909: 55.7 ms at 38.0s (Draw: 8458, Bodies: 429)
⚡ FRAME SPIKE #910: 59.0 ms at 38.1s (Draw: 8587, Bodies: 429)
⚡ FRAME SPIKE #911: 55.0 ms at 38.1s (Draw: 8552, Bodies: 429)
⚡ FRAME SPIKE #912: 55.0 ms at 38.2s (Draw: 8518, Bodies: 430)
⚡ FRAME SPIKE #913: 59.6 ms at 38.2s (Draw: 8557, Bodies: 430)
⚡ FRAME SPIKE #914: 54.7 ms at 38.3s (Draw: 8550, Bodies: 430)
⚡ FRAME SPIKE #915: 66.7 ms at 38.3s (Draw: 8620, Bodies: 430)
⚡ FRAME SPIKE #916: 55.1 ms at 38.4s (Draw: 8424, Bodies: 430)
⚡ FRAME SPIKE #917: 55.0 ms at 38.5s (Draw: 8349, Bodies: 431)
⚡ FRAME SPIKE #918: 55.0 ms at 38.5s (Draw: 8174, Bodies: 431)
⚡ FRAME SPIKE #919: 55.0 ms at 38.6s (Draw: 9106, Bodies: 434)
⚡ FRAME SPIKE #920: 62.7 ms at 38.6s (Draw: 9117, Bodies: 434)
⚡ FRAME SPIKE #921: 55.6 ms at 38.7s (Draw: 9117, Bodies: 434)
⚡ FRAME SPIKE #922: 66.1 ms at 38.8s (Draw: 9106, Bodies: 434)
⚡ FRAME SPIKE #923: 66.8 ms at 38.8s (Draw: 9250, Bodies: 434)
🚗 Traffic: 23 active NPCs (Near: 6, Mid: 12, Far: 5), 14 pooled
  → Physics bodies from NPCs: 23 (All: 23×1, было бы 23×5=115)

========== Bottleneck Analysis Report ==========
Time: 48.8s | Frames: 1230

📊 PERFORMANCE OVERVIEW:
  FPS: 18.5 avg | 17.0 min
  Frame Time: 37.42 ms avg | 76.97 ms max
  Physics Time: 9.13 ms avg

🔍 BOTTLENECK IDENTIFICATION:
  🔴 [CRITICAL] Frame Time
      Value: 37.42 ms (target: 16.67 ms)
      Impact: Overall performance bottleneck
      Suggestions:
        • Reduce draw calls
        • Optimize scripts in _process()
        • Check for expensive operations per frame

  🟠 [HIGH] Draw Calls
      Value: 7943 calls/frame
      Impact: GPU rendering overhead
      Suggestions:
        • Batch meshes by material
        • Use MultiMeshInstance3D
        • Implement LOD system
        • Enable frustum culling

  🟠 [HIGH] Physics Bodies
      Value: 425 active bodies
      Impact: Physics engine load
      Suggestions:
        • Reduce NPC count
        • Convert distant NPCs to kinematic
        • Disable physics for far objects

  🟡 [MEDIUM] Physics Time
      Value: 9.13 ms
      Impact: Physics simulation overhead
      Suggestions:
        • Reduce number of active physics bodies
        • Simplify collision shapes
        • Disable physics for distant objects

  🟡 [MEDIUM] Vertex Count
      Value: 7279004 vertices/frame
      Impact: GPU vertex processing
      Suggestions:
        • Implement LOD for distant objects
        • Simplify building meshes
        • Use lower poly models

  🟡 [MEDIUM] Node Count
      Value: 29998 nodes
      Impact: Scene tree traversal overhead
      Suggestions:
        • Unload distant chunks
        • Pool and reuse nodes
        • Flatten hierarchy where possible

  🟡 [MEDIUM] Post-Processing Effects
      Value: SSAO, Glow/Bloom, Volumetric Fog
      Impact: GPU shader overhead
      Suggestions:
        • Reduce SSR quality
        • Disable SSAO on low-end hardware
        • Use simpler fog

📈 DETAILED STATS:
  Draw Calls: 7943 avg | 9250 max
  Vertices: 7279004 avg | 8208580 max
  Physics Bodies: 425
  Nodes: 29998
  VRAM: 793.1 MB

=================================================

⚡ FRAME SPIKE #924: 66.8 ms at 38.9s (Draw: 9291, Bodies: 434)
⚡ FRAME SPIKE #925: 66.0 ms at 39.0s (Draw: 9290, Bodies: 434)
⚡ FRAME SPIKE #926: 65.1 ms at 39.0s (Draw: 9253, Bodies: 434)
⚡ FRAME SPIKE #927: 66.3 ms at 39.1s (Draw: 9208, Bodies: 435)
⚡ FRAME SPIKE #928: 64.5 ms at 39.1s (Draw: 9128, Bodies: 436)
⚡ PHYSICS SPIKE #1: 10.3 ms at 39.2s (Bodies: 436)
⚡ PHYSICS SPIKE #2: 10.3 ms at 39.2s (Bodies: 436)
⚡ PHYSICS SPIKE #3: 10.3 ms at 39.2s (Bodies: 436)
⚡ PHYSICS SPIKE #4: 10.3 ms at 39.2s (Bodies: 436)
⚡ FRAME SPIKE #929: 64.3 ms at 39.2s (Draw: 9128, Bodies: 436)
⚡ PHYSICS SPIKE #5: 10.3 ms at 39.3s (Bodies: 436)
⚡ PHYSICS SPIKE #6: 10.3 ms at 39.3s (Bodies: 436)
⚡ PHYSICS SPIKE #7: 10.3 ms at 39.3s (Bodies: 436)
⚡ PHYSICS SPIKE #8: 10.3 ms at 39.3s (Bodies: 436)
⚡ FRAME SPIKE #930: 64.3 ms at 39.3s (Draw: 9133, Bodies: 436)
⚡ PHYSICS SPIKE #9: 10.3 ms at 39.3s (Bodies: 436)
⚡ PHYSICS SPIKE #10: 10.3 ms at 39.3s (Bodies: 436)
⚡ PHYSICS SPIKE #11: 10.3 ms at 39.3s (Bodies: 436)
⚡ PHYSICS SPIKE #12: 10.3 ms at 39.3s (Bodies: 436)
⚡ FRAME SPIKE #931: 64.6 ms at 39.3s (Draw: 9131, Bodies: 436)
⚡ PHYSICS SPIKE #13: 10.3 ms at 39.4s (Bodies: 436)
⚡ PHYSICS SPIKE #14: 10.3 ms at 39.4s (Bodies: 436)
⚡ PHYSICS SPIKE #15: 10.3 ms at 39.4s (Bodies: 436)
⚡ PHYSICS SPIKE #16: 10.3 ms at 39.4s (Bodies: 436)
⚡ FRAME SPIKE #932: 64.6 ms at 39.4s (Draw: 9140, Bodies: 436)
⚡ PHYSICS SPIKE #17: 10.3 ms at 39.5s (Bodies: 436)
⚡ PHYSICS SPIKE #18: 10.3 ms at 39.5s (Bodies: 437)
⚡ PHYSICS SPIKE #19: 10.3 ms at 39.5s (Bodies: 437)
⚡ PHYSICS SPIKE #20: 10.3 ms at 39.5s (Bodies: 437)
⚡ FRAME SPIKE #933: 64.6 ms at 39.5s (Draw: 9184, Bodies: 437)
⚡ PHYSICS SPIKE #21: 10.3 ms at 39.5s (Bodies: 437)
⚡ PHYSICS SPIKE #22: 10.3 ms at 39.5s (Bodies: 437)
⚡ PHYSICS SPIKE #23: 10.3 ms at 39.5s (Bodies: 437)
⚡ PHYSICS SPIKE #24: 10.3 ms at 39.5s (Bodies: 437)
⚡ FRAME SPIKE #934: 64.6 ms at 39.5s (Draw: 9215, Bodies: 437)

=== PERFORMANCE METRICS ===
FPS: 17 | Frame: 51.7 ms (max 125.7) | Physics: 16.7 ms (max 85.6)
Godot Process: 31.78 ms | Physics: 10.28 ms
Objects: 68680 | Nodes: 30066 | Resources: 538
Draw calls: 9215 | Vertices: 8254349 | VRAM: 792.5 MB
Physics bodies: 437 | Collision pairs: 5390
--- System Times ---
  road_batch_finalize_total_-1,-1: 11.69 ms (max 11.69)
  road_batch_finalize_total_-1,-2: 5.78 ms (max 5.78)
  road_batch_finalize_total_-1,-3: 8.34 ms (max 8.34)
  road_batch_finalize_total_-1,-4: 9.39 ms (max 9.39)
  road_batch_finalize_total_-1,0: 19.43 ms (max 19.43)
  road_batch_finalize_total_-2,-1: 17.95 ms (max 17.95)
  road_batch_finalize_total_-2,-2: 15.50 ms (max 15.50)
  road_batch_finalize_total_-2,-3: 8.38 ms (max 8.39)
  road_batch_finalize_total_-2,0: 15.64 ms (max 15.64)
  road_batch_finalize_total_0,-1: 19.50 ms (max 19.50)
  road_batch_finalize_total_0,-2: 18.98 ms (max 18.98)
  road_batch_finalize_total_0,-3: 10.92 ms (max 10.92)
  road_batch_finalize_total_0,-4: 6.25 ms (max 6.25)
  road_batch_finalize_total_0,0: 14.58 ms (max 14.58)
  road_batch_finalize_total_0,1: 10.33 ms (max 10.33)
  road_batch_finalize_total_1,-1: 17.43 ms (max 17.43)
  road_batch_finalize_total_1,-2: 15.50 ms (max 15.50)
  road_batch_finalize_total_1,-3: 9.12 ms (max 9.12)
  road_batch_finalize_total_1,-4: 9.66 ms (max 9.66)
  road_batch_finalize_total_1,0: 10.98 ms (max 10.98)
  road_batch_finalize_total_2,-1: 4.08 ms (max 4.08)
  road_batch_finalize_total_2,-2: 8.09 ms (max 8.09)
  road_batch_finalize_total_2,-3: 6.81 ms (max 6.81)
  road_batch_finalize_total_2,-4: 8.34 ms (max 8.34)
  road_collision_create_-1,-1: 3.59 ms (max 4.29)
  road_collision_create_-1,-2: 2.64 ms (max 3.20)
  road_collision_create_-1,-3: 2.53 ms (max 4.39)
  road_collision_create_-1,-4: 4.36 ms (max 4.96)
  road_collision_create_-1,0: 9.45 ms (max 16.64)
  road_collision_create_-2,-1: 5.74 ms (max 11.96)
  road_collision_create_-2,-2: 7.40 ms (max 12.74)
  road_collision_create_-2,-3: 2.49 ms (max 3.77)
  road_collision_create_-2,0: 7.45 ms (max 11.90)
  road_collision_create_0,-1: 6.21 ms (max 12.30)
  road_collision_create_0,-2: 6.03 ms (max 11.80)
  road_collision_create_0,-3: 3.35 ms (max 4.30)
  road_collision_create_0,-4: 1.80 ms (max 3.04)
  road_collision_create_0,0: 4.62 ms (max 10.86)
  road_collision_create_0,1: 10.06 ms (max 10.06)
  road_collision_create_1,-1: 5.58 ms (max 12.81)
  road_collision_create_1,-2: 7.47 ms (max 12.45)
  road_collision_create_1,-3: 2.73 ms (max 3.94)
  road_collision_create_1,-4: 2.95 ms (max 4.02)
  road_collision_create_1,0: 10.68 ms (max 10.68)
  road_collision_create_2,-1: 1.76 ms (max 2.26)
  road_collision_create_2,-2: 2.40 ms (max 4.32)
  road_collision_create_2,-3: 3.07 ms (max 3.90)
  road_collision_create_2,-4: 3.76 ms (max 4.23)
===========================

=== PERFORMANCE METRICS ===
FPS: 17 | Frame: 51.7 ms (max 125.7) | Physics: 16.7 ms (max 85.6)
Godot Process: 31.78 ms | Physics: 10.28 ms
Objects: 68680 | Nodes: 30066 | Resources: 538
Draw calls: 9215 | Vertices: 8254349 | VRAM: 792.5 MB
Physics bodies: 437 | Collision pairs: 5390
===========================
⚡ PHYSICS SPIKE #25: 10.3 ms at 39.6s (Bodies: 437)
⚡ PHYSICS SPIKE #26: 10.3 ms at 39.6s (Bodies: 437)
⚡ PHYSICS SPIKE #27: 10.3 ms at 39.6s (Bodies: 437)
⚡ PHYSICS SPIKE #28: 10.3 ms at 39.6s (Bodies: 437)
⚡ FRAME SPIKE #935: 64.6 ms at 39.6s (Draw: 9217, Bodies: 437)
⚡ PHYSICS SPIKE #29: 10.3 ms at 39.7s (Bodies: 437)
⚡ PHYSICS SPIKE #30: 10.3 ms at 39.7s (Bodies: 438)
⚡ PHYSICS SPIKE #31: 10.3 ms at 39.7s (Bodies: 438)
⚡ PHYSICS SPIKE #32: 10.3 ms at 39.7s (Bodies: 438)
⚡ FRAME SPIKE #936: 66.7 ms at 39.7s (Draw: 9221, Bodies: 438)
⚡ PHYSICS SPIKE #33: 10.3 ms at 39.7s (Bodies: 438)
⚡ PHYSICS SPIKE #34: 10.3 ms at 39.7s (Bodies: 439)
⚡ PHYSICS SPIKE #35: 10.3 ms at 39.7s (Bodies: 439)
⚡ FRAME SPIKE #937: 64.8 ms at 39.7s (Draw: 9193, Bodies: 439)
⚡ PHYSICS SPIKE #36: 10.3 ms at 39.8s (Bodies: 439)
⚡ PHYSICS SPIKE #37: 10.3 ms at 39.8s (Bodies: 439)
⚡ PHYSICS SPIKE #38: 10.3 ms at 39.8s (Bodies: 439)
⚡ PHYSICS SPIKE #39: 10.3 ms at 39.8s (Bodies: 439)
⚡ FRAME SPIKE #938: 64.8 ms at 39.8s (Draw: 9198, Bodies: 439)
⚡ PHYSICS SPIKE #40: 10.3 ms at 39.9s (Bodies: 439)
⚡ PHYSICS SPIKE #41: 10.3 ms at 39.9s (Bodies: 439)
⚡ PHYSICS SPIKE #42: 10.3 ms at 39.9s (Bodies: 439)
⚡ PHYSICS SPIKE #43: 10.3 ms at 39.9s (Bodies: 439)
⚡ FRAME SPIKE #939: 64.6 ms at 39.9s (Draw: 9164, Bodies: 439)
⚡ PHYSICS SPIKE #44: 10.3 ms at 39.9s (Bodies: 439)
⚡ PHYSICS SPIKE #45: 10.3 ms at 39.9s (Bodies: 439)
⚡ PHYSICS SPIKE #46: 10.3 ms at 39.9s (Bodies: 439)
⚡ PHYSICS SPIKE #47: 10.3 ms at 39.9s (Bodies: 439)
⚡ FRAME SPIKE #940: 64.8 ms at 39.9s (Draw: 9165, Bodies: 439)
⚡ PHYSICS SPIKE #48: 10.3 ms at 40.0s (Bodies: 439)
⚡ PHYSICS SPIKE #49: 10.3 ms at 40.0s (Bodies: 439)
⚡ PHYSICS SPIKE #50: 10.3 ms at 40.0s (Bodies: 439)
⚡ PHYSICS SPIKE #51: 10.3 ms at 40.0s (Bodies: 439)
⚡ FRAME SPIKE #941: 64.8 ms at 40.0s (Draw: 9160, Bodies: 439)
⚡ PHYSICS SPIKE #52: 10.3 ms at 40.1s (Bodies: 439)
⚡ PHYSICS SPIKE #53: 10.3 ms at 40.1s (Bodies: 440)
⚡ PHYSICS SPIKE #54: 10.3 ms at 40.1s (Bodies: 440)
⚡ PHYSICS SPIKE #55: 10.3 ms at 40.1s (Bodies: 440)
⚡ FRAME SPIKE #942: 64.8 ms at 40.1s (Draw: 9173, Bodies: 440)
⚡ PHYSICS SPIKE #56: 10.3 ms at 40.1s (Bodies: 440)
⚡ PHYSICS SPIKE #57: 10.3 ms at 40.1s (Bodies: 441)
⚡ PHYSICS SPIKE #58: 10.3 ms at 40.1s (Bodies: 441)
⚡ PHYSICS SPIKE #59: 10.3 ms at 40.1s (Bodies: 441)
⚡ FRAME SPIKE #943: 64.8 ms at 40.1s (Draw: 9172, Bodies: 441)
⚡ PHYSICS SPIKE #60: 10.6 ms at 40.2s (Bodies: 441)
⚡ PHYSICS SPIKE #61: 10.6 ms at 40.2s (Bodies: 441)
⚡ PHYSICS SPIKE #62: 10.6 ms at 40.2s (Bodies: 441)
⚡ PHYSICS SPIKE #63: 10.6 ms at 40.2s (Bodies: 441)
⚡ FRAME SPIKE #944: 64.8 ms at 40.2s (Draw: 9185, Bodies: 441)
⚡ PHYSICS SPIKE #64: 10.6 ms at 40.2s (Bodies: 441)
⚡ PHYSICS SPIKE #65: 10.6 ms at 40.2s (Bodies: 441)
⚡ PHYSICS SPIKE #66: 10.6 ms at 40.2s (Bodies: 441)
⚡ PHYSICS SPIKE #67: 10.6 ms at 40.2s (Bodies: 441)
⚡ FRAME SPIKE #945: 66.0 ms at 40.2s (Draw: 9178, Bodies: 441)
⚡ PHYSICS SPIKE #68: 10.6 ms at 40.3s (Bodies: 441)
⚡ PHYSICS SPIKE #69: 10.6 ms at 40.3s (Bodies: 442)
⚡ PHYSICS SPIKE #70: 10.6 ms at 40.3s (Bodies: 442)
⚡ PHYSICS SPIKE #71: 10.6 ms at 40.3s (Bodies: 442)
⚡ FRAME SPIKE #946: 65.0 ms at 40.3s (Draw: 9173, Bodies: 442)
⚡ PHYSICS SPIKE #72: 10.6 ms at 40.4s (Bodies: 442)
⚡ PHYSICS SPIKE #73: 10.6 ms at 40.4s (Bodies: 442)
⚡ PHYSICS SPIKE #74: 10.6 ms at 40.4s (Bodies: 442)
⚡ FRAME SPIKE #947: 65.1 ms at 40.4s (Draw: 9184, Bodies: 442)
⚡ PHYSICS SPIKE #75: 10.6 ms at 40.4s (Bodies: 442)
⚡ PHYSICS SPIKE #76: 10.6 ms at 40.4s (Bodies: 442)
⚡ PHYSICS SPIKE #77: 10.6 ms at 40.4s (Bodies: 442)
⚡ PHYSICS SPIKE #78: 10.6 ms at 40.4s (Bodies: 442)
⚡ FRAME SPIKE #948: 65.0 ms at 40.4s (Draw: 9187, Bodies: 442)
⚡ PHYSICS SPIKE #79: 10.6 ms at 40.5s (Bodies: 442)
⚡ PHYSICS SPIKE #80: 10.6 ms at 40.5s (Bodies: 442)
⚡ PHYSICS SPIKE #81: 10.6 ms at 40.5s (Bodies: 442)
⚡ PHYSICS SPIKE #82: 10.6 ms at 40.5s (Bodies: 442)
⚡ FRAME SPIKE #949: 65.0 ms at 40.5s (Draw: 9192, Bodies: 442)
⚡ PHYSICS SPIKE #83: 10.6 ms at 40.6s (Bodies: 442)
⚡ PHYSICS SPIKE #84: 10.6 ms at 40.6s (Bodies: 442)
⚡ PHYSICS SPIKE #85: 10.6 ms at 40.6s (Bodies: 442)
⚡ PHYSICS SPIKE #86: 10.6 ms at 40.6s (Bodies: 442)
⚡ FRAME SPIKE #950: 65.0 ms at 40.6s (Draw: 9195, Bodies: 442)
⚡ PHYSICS SPIKE #87: 10.6 ms at 40.6s (Bodies: 442)
⚡ PHYSICS SPIKE #88: 10.6 ms at 40.6s (Bodies: 444)
⚡ PHYSICS SPIKE #89: 10.6 ms at 40.6s (Bodies: 444)
⚡ PHYSICS SPIKE #90: 10.6 ms at 40.6s (Bodies: 444)
⚡ FRAME SPIKE #951: 67.1 ms at 40.6s (Draw: 9200, Bodies: 444)
⚡ PHYSICS SPIKE #91: 10.6 ms at 40.7s (Bodies: 444)
⚡ PHYSICS SPIKE #92: 10.6 ms at 40.7s (Bodies: 445)
⚡ PHYSICS SPIKE #93: 10.6 ms at 40.7s (Bodies: 445)
⚡ PHYSICS SPIKE #94: 10.6 ms at 40.7s (Bodies: 445)
⚡ FRAME SPIKE #952: 67.5 ms at 40.7s (Draw: 9231, Bodies: 445)
⚡ PHYSICS SPIKE #95: 10.6 ms at 40.8s (Bodies: 445)
⚡ PHYSICS SPIKE #96: 10.6 ms at 40.8s (Bodies: 445)
⚡ PHYSICS SPIKE #97: 10.6 ms at 40.8s (Bodies: 445)
⚡ PHYSICS SPIKE #98: 10.6 ms at 40.8s (Bodies: 445)
⚡ FRAME SPIKE #953: 66.1 ms at 40.8s (Draw: 9268, Bodies: 445)
⚡ PHYSICS SPIKE #99: 10.6 ms at 40.8s (Bodies: 445)
⚡ PHYSICS SPIKE #100: 10.6 ms at 40.8s (Bodies: 446)
⚡ PHYSICS SPIKE #101: 10.6 ms at 40.8s (Bodies: 446)
⚡ PHYSICS SPIKE #102: 10.6 ms at 40.8s (Bodies: 446)
⚡ FRAME SPIKE #954: 65.8 ms at 40.8s (Draw: 9279, Bodies: 446)
🚗 Traffic: 24 active NPCs (Near: 7, Mid: 12, Far: 5), 13 pooled
  → Physics bodies from NPCs: 24 (All: 24×1, было бы 24×5=120)

========== Bottleneck Analysis Report ==========
Time: 50.8s | Frames: 1261

📊 PERFORMANCE OVERVIEW:
  FPS: 18.1 avg | 15.0 min
  Frame Time: 37.85 ms avg | 76.97 ms max
  Physics Time: 9.48 ms avg

🔍 BOTTLENECK IDENTIFICATION:
  🔴 [CRITICAL] Frame Time
      Value: 37.85 ms (target: 16.67 ms)
      Impact: Overall performance bottleneck
      Suggestions:
        • Reduce draw calls
        • Optimize scripts in _process()
        • Check for expensive operations per frame

  🟠 [HIGH] Draw Calls
      Value: 8176 calls/frame
      Impact: GPU rendering overhead
      Suggestions:
        • Batch meshes by material
        • Use MultiMeshInstance3D
        • Implement LOD system
        • Enable frustum culling

  🟠 [HIGH] Physics Bodies
      Value: 432 active bodies
      Impact: Physics engine load
      Suggestions:
        • Reduce NPC count
        • Convert distant NPCs to kinematic
        • Disable physics for far objects

  🟡 [MEDIUM] Physics Time
      Value: 9.48 ms
      Impact: Physics simulation overhead
      Suggestions:
        • Reduce number of active physics bodies
        • Simplify collision shapes
        • Disable physics for distant objects

  🟡 [MEDIUM] Vertex Count
      Value: 7564462 vertices/frame
      Impact: GPU vertex processing
      Suggestions:
        • Implement LOD for distant objects
        • Simplify building meshes
        • Use lower poly models

  🟡 [MEDIUM] Node Count
      Value: 30179 nodes
      Impact: Scene tree traversal overhead
      Suggestions:
        • Unload distant chunks
        • Pool and reuse nodes
        • Flatten hierarchy where possible

  🟡 [MEDIUM] Post-Processing Effects
      Value: SSAO, Glow/Bloom, Volumetric Fog
      Impact: GPU shader overhead
      Suggestions:
        • Reduce SSR quality
        • Disable SSAO on low-end hardware
        • Use simpler fog

📈 DETAILED STATS:
  Draw Calls: 8176 avg | 9291 max
  Vertices: 7564462 avg | 8326303 max
  Physics Bodies: 432
  Nodes: 30179
  VRAM: 794.1 MB

=================================================

⚡ PHYSICS SPIKE #103: 10.6 ms at 40.9s (Bodies: 446)
⚡ PHYSICS SPIKE #104: 10.6 ms at 40.9s (Bodies: 447)
⚡ PHYSICS SPIKE #105: 10.6 ms at 40.9s (Bodies: 447)
⚡ PHYSICS SPIKE #106: 10.6 ms at 40.9s (Bodies: 447)
⚡ FRAME SPIKE #955: 67.1 ms at 40.9s (Draw: 9290, Bodies: 447)
⚡ PHYSICS SPIKE #107: 10.6 ms at 41.0s (Bodies: 447)
⚡ PHYSICS SPIKE #108: 10.6 ms at 41.0s (Bodies: 448)
⚡ PHYSICS SPIKE #109: 10.6 ms at 41.0s (Bodies: 448)
⚡ PHYSICS SPIKE #110: 10.6 ms at 41.0s (Bodies: 448)
⚡ FRAME SPIKE #956: 66.8 ms at 41.0s (Draw: 9295, Bodies: 448)
⚡ PHYSICS SPIKE #111: 10.6 ms at 41.0s (Bodies: 448)
⚡ PHYSICS SPIKE #112: 10.6 ms at 41.0s (Bodies: 449)
⚡ PHYSICS SPIKE #113: 10.6 ms at 41.0s (Bodies: 449)
⚡ PHYSICS SPIKE #114: 10.6 ms at 41.0s (Bodies: 449)
⚡ FRAME SPIKE #957: 67.7 ms at 41.0s (Draw: 9291, Bodies: 449)
⚡ PHYSICS SPIKE #115: 10.6 ms at 41.1s (Bodies: 449)
⚡ PHYSICS SPIKE #116: 10.6 ms at 41.1s (Bodies: 450)
⚡ PHYSICS SPIKE #117: 10.6 ms at 41.1s (Bodies: 450)
⚡ PHYSICS SPIKE #118: 10.6 ms at 41.1s (Bodies: 450)
⚡ FRAME SPIKE #958: 66.3 ms at 41.1s (Draw: 9296, Bodies: 450)
⚡ PHYSICS SPIKE #119: 10.5 ms at 41.2s (Bodies: 450)
⚡ PHYSICS SPIKE #120: 10.5 ms at 41.2s (Bodies: 451)
⚡ PHYSICS SPIKE #121: 10.5 ms at 41.2s (Bodies: 451)
⚡ PHYSICS SPIKE #122: 10.5 ms at 41.2s (Bodies: 451)
⚡ FRAME SPIKE #959: 66.7 ms at 41.2s (Draw: 9304, Bodies: 451)
⚡ PHYSICS SPIKE #123: 10.5 ms at 41.2s (Bodies: 451)
⚡ PHYSICS SPIKE #124: 10.5 ms at 41.2s (Bodies: 452)
⚡ PHYSICS SPIKE #125: 10.5 ms at 41.2s (Bodies: 452)
⚡ PHYSICS SPIKE #126: 10.5 ms at 41.2s (Bodies: 452)
⚡ FRAME SPIKE #960: 67.3 ms at 41.2s (Draw: 9302, Bodies: 452)
⚡ PHYSICS SPIKE #127: 10.5 ms at 41.3s (Bodies: 452)
⚡ PHYSICS SPIKE #128: 10.5 ms at 41.3s (Bodies: 453)
⚡ PHYSICS SPIKE #129: 10.5 ms at 41.3s (Bodies: 453)
⚡ PHYSICS SPIKE #130: 10.5 ms at 41.3s (Bodies: 453)
⚡ FRAME SPIKE #961: 67.0 ms at 41.3s (Draw: 9305, Bodies: 453)
⚡ PHYSICS SPIKE #131: 10.5 ms at 41.4s (Bodies: 453)
⚡ PHYSICS SPIKE #132: 10.5 ms at 41.4s (Bodies: 454)
⚡ PHYSICS SPIKE #133: 10.5 ms at 41.4s (Bodies: 454)
⚡ PHYSICS SPIKE #134: 10.5 ms at 41.4s (Bodies: 454)
⚡ FRAME SPIKE #962: 66.7 ms at 41.4s (Draw: 9322, Bodies: 454)
⚡ PHYSICS SPIKE #135: 10.5 ms at 41.4s (Bodies: 454)
⚡ PHYSICS SPIKE #136: 10.5 ms at 41.4s (Bodies: 455)
⚡ PHYSICS SPIKE #137: 10.5 ms at 41.4s (Bodies: 455)
⚡ PHYSICS SPIKE #138: 10.5 ms at 41.4s (Bodies: 455)
⚡ FRAME SPIKE #963: 67.7 ms at 41.4s (Draw: 9322, Bodies: 455)
⚡ PHYSICS SPIKE #139: 10.5 ms at 41.5s (Bodies: 455)
⚡ PHYSICS SPIKE #140: 10.5 ms at 41.5s (Bodies: 456)
⚡ PHYSICS SPIKE #141: 10.5 ms at 41.5s (Bodies: 456)
⚡ PHYSICS SPIKE #142: 10.5 ms at 41.5s (Bodies: 456)
⚡ FRAME SPIKE #964: 67.9 ms at 41.5s (Draw: 9336, Bodies: 456)
⚡ PHYSICS SPIKE #143: 10.5 ms at 41.6s (Bodies: 456)
⚡ PHYSICS SPIKE #144: 10.5 ms at 41.6s (Bodies: 457)
⚡ PHYSICS SPIKE #145: 10.5 ms at 41.6s (Bodies: 457)
⚡ PHYSICS SPIKE #146: 10.5 ms at 41.6s (Bodies: 457)
⚡ FRAME SPIKE #965: 66.7 ms at 41.6s (Draw: 9355, Bodies: 457)
⚡ PHYSICS SPIKE #147: 10.5 ms at 41.6s (Bodies: 457)
⚡ PHYSICS SPIKE #148: 10.5 ms at 41.6s (Bodies: 459)
⚡ PHYSICS SPIKE #149: 10.5 ms at 41.6s (Bodies: 459)
⚡ PHYSICS SPIKE #150: 10.5 ms at 41.6s (Bodies: 459)
⚡ PHYSICS SPIKE #151: 10.5 ms at 41.6s (Bodies: 459)
⚡ FRAME SPIKE #966: 71.0 ms at 41.6s (Draw: 10157, Bodies: 459)
⚡ PHYSICS SPIKE #152: 10.5 ms at 41.7s (Bodies: 459)
⚡ PHYSICS SPIKE #153: 10.5 ms at 41.7s (Bodies: 459)
⚡ PHYSICS SPIKE #154: 10.5 ms at 41.7s (Bodies: 459)
⚡ PHYSICS SPIKE #155: 10.5 ms at 41.7s (Bodies: 459)
⚡ PHYSICS SPIKE #156: 10.5 ms at 41.7s (Bodies: 459)
⚡ FRAME SPIKE #967: 82.3 ms at 41.7s (Draw: 10171, Bodies: 459)
⚡ PHYSICS SPIKE #157: 10.5 ms at 41.8s (Bodies: 459)
⚡ PHYSICS SPIKE #158: 10.5 ms at 41.8s (Bodies: 459)
⚡ PHYSICS SPIKE #159: 10.5 ms at 41.8s (Bodies: 459)
⚡ PHYSICS SPIKE #160: 10.5 ms at 41.8s (Bodies: 459)
⚡ FRAME SPIKE #968: 78.5 ms at 41.8s (Draw: 10205, Bodies: 459)
⚡ PHYSICS SPIKE #161: 10.5 ms at 41.9s (Bodies: 459)
⚡ PHYSICS SPIKE #162: 10.5 ms at 41.9s (Bodies: 459)
⚡ PHYSICS SPIKE #163: 10.5 ms at 41.9s (Bodies: 459)
⚡ PHYSICS SPIKE #164: 10.5 ms at 41.9s (Bodies: 459)
⚡ PHYSICS SPIKE #165: 10.5 ms at 41.9s (Bodies: 459)
⚡ FRAME SPIKE #969: 75.0 ms at 41.9s (Draw: 10200, Bodies: 459)
⚡ PHYSICS SPIKE #166: 10.5 ms at 42.0s (Bodies: 459)
⚡ PHYSICS SPIKE #167: 10.5 ms at 42.0s (Bodies: 459)
⚡ PHYSICS SPIKE #168: 10.5 ms at 42.0s (Bodies: 459)
⚡ PHYSICS SPIKE #169: 10.5 ms at 42.0s (Bodies: 459)
⚡ FRAME SPIKE #970: 75.3 ms at 42.0s (Draw: 10232, Bodies: 459)
⚡ PHYSICS SPIKE #170: 10.5 ms at 42.0s (Bodies: 459)
⚡ PHYSICS SPIKE #171: 10.5 ms at 42.0s (Bodies: 459)
⚡ PHYSICS SPIKE #172: 10.5 ms at 42.0s (Bodies: 459)
⚡ PHYSICS SPIKE #173: 10.5 ms at 42.0s (Bodies: 459)
⚡ PHYSICS SPIKE #174: 10.5 ms at 42.0s (Bodies: 459)
⚡ FRAME SPIKE #971: 75.0 ms at 42.0s (Draw: 10241, Bodies: 459)
⚡ PHYSICS SPIKE #175: 10.5 ms at 42.1s (Bodies: 459)
⚡ PHYSICS SPIKE #176: 10.5 ms at 42.1s (Bodies: 459)
⚡ PHYSICS SPIKE #177: 10.5 ms at 42.1s (Bodies: 459)
⚡ PHYSICS SPIKE #178: 10.5 ms at 42.1s (Bodies: 459)
⚡ FRAME SPIKE #972: 75.0 ms at 42.1s (Draw: 10256, Bodies: 459)
⚡ PHYSICS SPIKE #179: 10.9 ms at 42.2s (Bodies: 459)
⚡ PHYSICS SPIKE #180: 10.9 ms at 42.2s (Bodies: 459)
⚡ PHYSICS SPIKE #181: 10.9 ms at 42.2s (Bodies: 459)
⚡ PHYSICS SPIKE #182: 10.9 ms at 42.2s (Bodies: 459)
⚡ PHYSICS SPIKE #183: 10.9 ms at 42.2s (Bodies: 459)
⚡ FRAME SPIKE #973: 75.0 ms at 42.2s (Draw: 10246, Bodies: 459)
⚡ PHYSICS SPIKE #184: 10.9 ms at 42.3s (Bodies: 459)
⚡ PHYSICS SPIKE #185: 10.9 ms at 42.3s (Bodies: 459)
⚡ PHYSICS SPIKE #186: 10.9 ms at 42.3s (Bodies: 459)
⚡ PHYSICS SPIKE #187: 10.9 ms at 42.3s (Bodies: 459)
⚡ FRAME SPIKE #974: 75.0 ms at 42.3s (Draw: 10227, Bodies: 459)
⚡ PHYSICS SPIKE #188: 10.9 ms at 42.3s (Bodies: 459)
⚡ PHYSICS SPIKE #189: 10.9 ms at 42.3s (Bodies: 459)
⚡ PHYSICS SPIKE #190: 10.9 ms at 42.3s (Bodies: 459)
⚡ PHYSICS SPIKE #191: 10.9 ms at 42.3s (Bodies: 459)
⚡ PHYSICS SPIKE #192: 10.9 ms at 42.3s (Bodies: 459)
⚡ FRAME SPIKE #975: 75.0 ms at 42.3s (Draw: 10212, Bodies: 459)
⚡ PHYSICS SPIKE #193: 10.9 ms at 42.4s (Bodies: 459)
⚡ PHYSICS SPIKE #194: 10.9 ms at 42.4s (Bodies: 459)
⚡ PHYSICS SPIKE #195: 10.9 ms at 42.4s (Bodies: 459)
⚡ PHYSICS SPIKE #196: 10.9 ms at 42.4s (Bodies: 459)
⚡ FRAME SPIKE #976: 75.0 ms at 42.4s (Draw: 10208, Bodies: 459)
⚡ PHYSICS SPIKE #197: 10.9 ms at 42.5s (Bodies: 459)
⚡ PHYSICS SPIKE #198: 10.9 ms at 42.5s (Bodies: 459)
⚡ PHYSICS SPIKE #199: 10.9 ms at 42.5s (Bodies: 459)
⚡ PHYSICS SPIKE #200: 10.9 ms at 42.5s (Bodies: 459)
⚡ PHYSICS SPIKE #201: 10.9 ms at 42.5s (Bodies: 459)
⚡ FRAME SPIKE #977: 75.0 ms at 42.5s (Draw: 10202, Bodies: 459)
⚡ PHYSICS SPIKE #202: 10.9 ms at 42.6s (Bodies: 459)
⚡ PHYSICS SPIKE #203: 10.9 ms at 42.6s (Bodies: 459)
⚡ PHYSICS SPIKE #204: 10.9 ms at 42.6s (Bodies: 459)
⚡ PHYSICS SPIKE #205: 10.9 ms at 42.6s (Bodies: 459)
⚡ PHYSICS SPIKE #206: 10.9 ms at 42.6s (Bodies: 459)
⚡ FRAME SPIKE #978: 77.8 ms at 42.6s (Draw: 10201, Bodies: 459)
⚡ PHYSICS SPIKE #207: 10.9 ms at 42.6s (Bodies: 459)
⚡ PHYSICS SPIKE #208: 10.9 ms at 42.6s (Bodies: 459)
⚡ PHYSICS SPIKE #209: 10.9 ms at 42.6s (Bodies: 459)
⚡ PHYSICS SPIKE #210: 10.9 ms at 42.6s (Bodies: 459)
⚡ FRAME SPIKE #979: 75.8 ms at 42.6s (Draw: 10187, Bodies: 459)
⚡ PHYSICS SPIKE #211: 10.9 ms at 42.7s (Bodies: 459)
⚡ PHYSICS SPIKE #212: 10.9 ms at 42.7s (Bodies: 460)
⚡ PHYSICS SPIKE #213: 10.9 ms at 42.7s (Bodies: 460)
⚡ PHYSICS SPIKE #214: 10.9 ms at 42.7s (Bodies: 460)
⚡ PHYSICS SPIKE #215: 10.9 ms at 42.7s (Bodies: 460)
⚡ FRAME SPIKE #980: 75.8 ms at 42.7s (Draw: 10186, Bodies: 460)
⚡ PHYSICS SPIKE #216: 10.9 ms at 42.8s (Bodies: 460)
⚡ PHYSICS SPIKE #217: 10.9 ms at 42.8s (Bodies: 460)
⚡ PHYSICS SPIKE #218: 10.9 ms at 42.8s (Bodies: 460)
⚡ PHYSICS SPIKE #219: 10.9 ms at 42.8s (Bodies: 460)
⚡ FRAME SPIKE #981: 75.8 ms at 42.8s (Draw: 10176, Bodies: 460)
⚡ PHYSICS SPIKE #220: 10.9 ms at 42.9s (Bodies: 460)
⚡ PHYSICS SPIKE #221: 10.9 ms at 42.9s (Bodies: 460)
⚡ PHYSICS SPIKE #222: 10.9 ms at 42.9s (Bodies: 460)
⚡ PHYSICS SPIKE #223: 10.9 ms at 42.9s (Bodies: 460)
⚡ PHYSICS SPIKE #224: 10.9 ms at 42.9s (Bodies: 460)
⚡ FRAME SPIKE #982: 75.0 ms at 42.9s (Draw: 10170, Bodies: 460)
🚗 Traffic: 27 active NPCs (Near: 10, Mid: 11, Far: 6), 10 pooled
  → Physics bodies from NPCs: 27 (All: 27×1, было бы 27×5=135)

========== Bottleneck Analysis Report ==========
Time: 52.8s | Frames: 1289

📊 PERFORMANCE OVERVIEW:
  FPS: 17.1 avg | 14.0 min
  Frame Time: 38.87 ms avg | 76.97 ms max
  Physics Time: 9.85 ms avg

🔍 BOTTLENECK IDENTIFICATION:
  🔴 [CRITICAL] Frame Time
      Value: 38.87 ms (target: 16.67 ms)
      Impact: Overall performance bottleneck
      Suggestions:
        • Reduce draw calls
        • Optimize scripts in _process()
        • Check for expensive operations per frame

  🟠 [HIGH] Draw Calls
      Value: 8697 calls/frame
      Impact: GPU rendering overhead
      Suggestions:
        • Batch meshes by material
        • Use MultiMeshInstance3D
        • Implement LOD system
        • Enable frustum culling

  🟠 [HIGH] Physics Bodies
      Value: 438 active bodies
      Impact: Physics engine load
      Suggestions:
        • Reduce NPC count
        • Convert distant NPCs to kinematic
        • Disable physics for far objects

  🟡 [MEDIUM] Physics Time
      Value: 9.85 ms
      Impact: Physics simulation overhead
      Suggestions:
        • Reduce number of active physics bodies
        • Simplify collision shapes
        • Disable physics for distant objects

  🟡 [MEDIUM] Vertex Count
      Value: 7874527 vertices/frame
      Impact: GPU vertex processing
      Suggestions:
        • Implement LOD for distant objects
        • Simplify building meshes
        • Use lower poly models

  🟡 [MEDIUM] Node Count
      Value: 30233 nodes
      Impact: Scene tree traversal overhead
      Suggestions:
        • Unload distant chunks
        • Pool and reuse nodes
        • Flatten hierarchy where possible

  🟡 [MEDIUM] Post-Processing Effects
      Value: SSAO, Glow/Bloom, Volumetric Fog
      Impact: GPU shader overhead
      Suggestions:
        • Reduce SSR quality
        • Disable SSAO on low-end hardware
        • Use simpler fog

📈 DETAILED STATS:
  Draw Calls: 8697 avg | 10256 max
  Vertices: 7874527 avg | 8383607 max
  Physics Bodies: 438
  Nodes: 30233
  VRAM: 794.6 MB

=================================================

⚡ PHYSICS SPIKE #225: 10.9 ms at 42.9s (Bodies: 460)
⚡ PHYSICS SPIKE #226: 10.9 ms at 42.9s (Bodies: 460)
⚡ PHYSICS SPIKE #227: 10.9 ms at 42.9s (Bodies: 460)
⚡ PHYSICS SPIKE #228: 10.9 ms at 42.9s (Bodies: 460)
⚡ FRAME SPIKE #983: 75.8 ms at 42.9s (Draw: 10164, Bodies: 460)
⚡ PHYSICS SPIKE #229: 10.9 ms at 43.0s (Bodies: 460)
⚡ PHYSICS SPIKE #230: 10.9 ms at 43.0s (Bodies: 460)
⚡ PHYSICS SPIKE #231: 10.9 ms at 43.0s (Bodies: 460)
⚡ PHYSICS SPIKE #232: 10.9 ms at 43.0s (Bodies: 460)
⚡ PHYSICS SPIKE #233: 10.9 ms at 43.0s (Bodies: 460)
⚡ FRAME SPIKE #984: 75.0 ms at 43.0s (Draw: 10160, Bodies: 459)
⚡ PHYSICS SPIKE #234: 10.9 ms at 43.1s (Bodies: 459)
⚡ PHYSICS SPIKE #235: 10.9 ms at 43.1s (Bodies: 459)
⚡ PHYSICS SPIKE #236: 10.9 ms at 43.1s (Bodies: 459)
⚡ PHYSICS SPIKE #237: 10.9 ms at 43.1s (Bodies: 459)
⚡ FRAME SPIKE #985: 75.8 ms at 43.1s (Draw: 10175, Bodies: 459)
⚡ PHYSICS SPIKE #238: 10.9 ms at 43.2s (Bodies: 459)
⚡ PHYSICS SPIKE #239: 10.9 ms at 43.2s (Bodies: 459)
⚡ PHYSICS SPIKE #240: 10.9 ms at 43.2s (Bodies: 459)
⚡ PHYSICS SPIKE #241: 10.9 ms at 43.2s (Bodies: 459)
⚡ PHYSICS SPIKE #242: 10.9 ms at 43.2s (Bodies: 459)
⚡ FRAME SPIKE #986: 75.0 ms at 43.2s (Draw: 10175, Bodies: 459)
⚡ PHYSICS SPIKE #243: 11.2 ms at 43.2s (Bodies: 459)
⚡ PHYSICS SPIKE #244: 11.2 ms at 43.2s (Bodies: 459)
⚡ PHYSICS SPIKE #245: 11.2 ms at 43.2s (Bodies: 459)
⚡ PHYSICS SPIKE #246: 11.2 ms at 43.2s (Bodies: 459)
⚡ FRAME SPIKE #987: 75.8 ms at 43.2s (Draw: 10152, Bodies: 459)
⚡ PHYSICS SPIKE #247: 11.2 ms at 43.3s (Bodies: 459)
⚡ PHYSICS SPIKE #248: 11.2 ms at 43.3s (Bodies: 459)
⚡ PHYSICS SPIKE #249: 11.2 ms at 43.3s (Bodies: 459)
⚡ PHYSICS SPIKE #250: 11.2 ms at 43.3s (Bodies: 459)
⚡ PHYSICS SPIKE #251: 11.2 ms at 43.3s (Bodies: 459)
⚡ FRAME SPIKE #988: 75.0 ms at 43.3s (Draw: 10165, Bodies: 459)
⚡ PHYSICS SPIKE #252: 11.2 ms at 43.4s (Bodies: 459)
⚡ PHYSICS SPIKE #253: 11.2 ms at 43.4s (Bodies: 459)
⚡ PHYSICS SPIKE #254: 11.2 ms at 43.4s (Bodies: 459)
⚡ PHYSICS SPIKE #255: 11.2 ms at 43.4s (Bodies: 459)
⚡ FRAME SPIKE #989: 75.0 ms at 43.4s (Draw: 10157, Bodies: 459)
⚡ PHYSICS SPIKE #256: 11.2 ms at 43.5s (Bodies: 459)
⚡ PHYSICS SPIKE #257: 11.2 ms at 43.5s (Bodies: 459)
⚡ PHYSICS SPIKE #258: 11.2 ms at 43.5s (Bodies: 459)
⚡ PHYSICS SPIKE #259: 11.2 ms at 43.5s (Bodies: 459)
⚡ PHYSICS SPIKE #260: 11.2 ms at 43.5s (Bodies: 459)
⚡ FRAME SPIKE #990: 75.0 ms at 43.5s (Draw: 10166, Bodies: 459)
⚡ PHYSICS SPIKE #261: 11.2 ms at 43.5s (Bodies: 459)
⚡ PHYSICS SPIKE #262: 11.2 ms at 43.5s (Bodies: 459)
⚡ PHYSICS SPIKE #263: 11.2 ms at 43.5s (Bodies: 459)
⚡ PHYSICS SPIKE #264: 11.2 ms at 43.5s (Bodies: 459)
⚡ FRAME SPIKE #991: 75.0 ms at 43.5s (Draw: 10160, Bodies: 459)
⚡ PHYSICS SPIKE #265: 11.2 ms at 43.6s (Bodies: 459)
⚡ PHYSICS SPIKE #266: 11.2 ms at 43.6s (Bodies: 459)
⚡ PHYSICS SPIKE #267: 11.2 ms at 43.6s (Bodies: 459)
⚡ PHYSICS SPIKE #268: 11.2 ms at 43.6s (Bodies: 459)
⚡ PHYSICS SPIKE #269: 11.2 ms at 43.6s (Bodies: 459)
⚡ FRAME SPIKE #992: 73.3 ms at 43.6s (Draw: 10170, Bodies: 459)
⚡ PHYSICS SPIKE #270: 11.2 ms at 43.7s (Bodies: 459)
⚡ PHYSICS SPIKE #271: 11.2 ms at 43.7s (Bodies: 459)
⚡ PHYSICS SPIKE #272: 11.2 ms at 43.7s (Bodies: 459)
⚡ PHYSICS SPIKE #273: 11.2 ms at 43.7s (Bodies: 459)
⚡ FRAME SPIKE #993: 75.0 ms at 43.7s (Draw: 10185, Bodies: 459)
⚡ PHYSICS SPIKE #274: 11.2 ms at 43.8s (Bodies: 459)
⚡ PHYSICS SPIKE #275: 11.2 ms at 43.8s (Bodies: 460)
⚡ PHYSICS SPIKE #276: 11.2 ms at 43.8s (Bodies: 460)
⚡ PHYSICS SPIKE #277: 11.2 ms at 43.8s (Bodies: 460)
⚡ PHYSICS SPIKE #278: 11.2 ms at 43.8s (Bodies: 460)
⚡ FRAME SPIKE #994: 75.0 ms at 43.8s (Draw: 10182, Bodies: 460)
⚡ PHYSICS SPIKE #279: 11.2 ms at 43.8s (Bodies: 460)
⚡ PHYSICS SPIKE #280: 11.2 ms at 43.8s (Bodies: 460)
⚡ PHYSICS SPIKE #281: 11.2 ms at 43.8s (Bodies: 460)
⚡ PHYSICS SPIKE #282: 11.2 ms at 43.8s (Bodies: 460)
⚡ FRAME SPIKE #995: 75.0 ms at 43.8s (Draw: 10185, Bodies: 460)
⚡ PHYSICS SPIKE #283: 11.2 ms at 43.9s (Bodies: 460)
⚡ PHYSICS SPIKE #284: 11.2 ms at 43.9s (Bodies: 460)
⚡ PHYSICS SPIKE #285: 11.2 ms at 43.9s (Bodies: 460)
⚡ PHYSICS SPIKE #286: 11.2 ms at 43.9s (Bodies: 460)
⚡ PHYSICS SPIKE #287: 11.2 ms at 43.9s (Bodies: 460)
⚡ FRAME SPIKE #996: 75.0 ms at 43.9s (Draw: 10185, Bodies: 460)
⚡ PHYSICS SPIKE #288: 11.2 ms at 44.0s (Bodies: 460)
⚡ PHYSICS SPIKE #289: 11.2 ms at 44.0s (Bodies: 460)
⚡ PHYSICS SPIKE #290: 11.2 ms at 44.0s (Bodies: 460)
⚡ PHYSICS SPIKE #291: 11.2 ms at 44.0s (Bodies: 460)
⚡ FRAME SPIKE #997: 75.0 ms at 44.0s (Draw: 10164, Bodies: 460)
⚡ PHYSICS SPIKE #292: 11.2 ms at 44.1s (Bodies: 460)
⚡ PHYSICS SPIKE #293: 11.2 ms at 44.1s (Bodies: 460)
⚡ PHYSICS SPIKE #294: 11.2 ms at 44.1s (Bodies: 460)
⚡ PHYSICS SPIKE #295: 11.2 ms at 44.1s (Bodies: 460)
⚡ PHYSICS SPIKE #296: 11.2 ms at 44.1s (Bodies: 460)
⚡ FRAME SPIKE #998: 75.0 ms at 44.1s (Draw: 10140, Bodies: 460)
⚡ PHYSICS SPIKE #297: 11.2 ms at 44.1s (Bodies: 460)
⚡ PHYSICS SPIKE #298: 11.2 ms at 44.1s (Bodies: 460)
⚡ PHYSICS SPIKE #299: 11.2 ms at 44.1s (Bodies: 460)
⚡ PHYSICS SPIKE #300: 11.2 ms at 44.1s (Bodies: 460)
⚡ FRAME SPIKE #999: 75.0 ms at 44.1s (Draw: 10103, Bodies: 460)
⚡ PHYSICS SPIKE #301: 11.2 ms at 44.2s (Bodies: 460)
⚡ PHYSICS SPIKE #302: 11.2 ms at 44.2s (Bodies: 460)
⚡ PHYSICS SPIKE #303: 11.2 ms at 44.2s (Bodies: 460)
⚡ PHYSICS SPIKE #304: 11.2 ms at 44.2s (Bodies: 460)
⚡ PHYSICS SPIKE #305: 11.2 ms at 44.2s (Bodies: 460)
⚡ FRAME SPIKE #1000: 74.6 ms at 44.2s (Draw: 10099, Bodies: 460)
⚡ PHYSICS SPIKE #306: 11.2 ms at 44.3s (Bodies: 460)
⚡ PHYSICS SPIKE #307: 11.2 ms at 44.3s (Bodies: 460)
⚡ PHYSICS SPIKE #308: 11.2 ms at 44.3s (Bodies: 460)
⚡ PHYSICS SPIKE #309: 11.2 ms at 44.3s (Bodies: 460)
⚡ FRAME SPIKE #1001: 75.0 ms at 44.3s (Draw: 10082, Bodies: 460)
⚡ PHYSICS SPIKE #310: 11.2 ms at 44.4s (Bodies: 460)
⚡ PHYSICS SPIKE #311: 11.2 ms at 44.4s (Bodies: 460)
⚡ PHYSICS SPIKE #312: 11.2 ms at 44.4s (Bodies: 460)
⚡ PHYSICS SPIKE #313: 11.2 ms at 44.4s (Bodies: 460)
⚡ PHYSICS SPIKE #314: 11.2 ms at 44.4s (Bodies: 460)
⚡ FRAME SPIKE #1002: 73.7 ms at 44.4s (Draw: 10075, Bodies: 460)
⚡ PHYSICS SPIKE #315: 11.2 ms at 44.4s (Bodies: 460)
⚡ PHYSICS SPIKE #316: 11.2 ms at 44.4s (Bodies: 460)
⚡ PHYSICS SPIKE #317: 11.2 ms at 44.4s (Bodies: 460)
⚡ PHYSICS SPIKE #318: 11.2 ms at 44.4s (Bodies: 460)
⚡ FRAME SPIKE #1003: 75.0 ms at 44.4s (Draw: 10064, Bodies: 460)
⚡ PHYSICS SPIKE #319: 11.2 ms at 44.5s (Bodies: 460)
⚡ PHYSICS SPIKE #320: 11.2 ms at 44.5s (Bodies: 460)
⚡ PHYSICS SPIKE #321: 11.2 ms at 44.5s (Bodies: 460)
⚡ PHYSICS SPIKE #322: 11.2 ms at 44.5s (Bodies: 460)
⚡ PHYSICS SPIKE #323: 11.2 ms at 44.5s (Bodies: 460)
⚡ FRAME SPIKE #1004: 75.0 ms at 44.5s (Draw: 10058, Bodies: 460)
⚡ PHYSICS SPIKE #324: 11.2 ms at 44.6s (Bodies: 460)
⚡ PHYSICS SPIKE #325: 11.2 ms at 44.6s (Bodies: 460)
⚡ PHYSICS SPIKE #326: 11.2 ms at 44.6s (Bodies: 460)
⚡ PHYSICS SPIKE #327: 11.2 ms at 44.6s (Bodies: 460)
⚡ FRAME SPIKE #1005: 75.0 ms at 44.6s (Draw: 10051, Bodies: 460)

=== PERFORMANCE METRICS ===
FPS: 13 | Frame: 58.0 ms (max 125.7) | Physics: 16.6 ms (max 43.1)
Godot Process: 31.80 ms | Physics: 11.19 ms
Objects: 69039 | Nodes: 30233 | Resources: 538
Draw calls: 10051 | Vertices: 8377950 | VRAM: 794.6 MB
Physics bodies: 460 | Collision pairs: 5571
--- System Times ---
  road_batch_finalize_total_-1,-1: 11.69 ms (max 11.69)
  road_batch_finalize_total_-1,-2: 5.78 ms (max 5.78)
  road_batch_finalize_total_-1,-3: 8.34 ms (max 8.34)
  road_batch_finalize_total_-1,-4: 9.39 ms (max 9.39)
  road_batch_finalize_total_-1,0: 19.43 ms (max 19.43)
  road_batch_finalize_total_-2,-1: 17.95 ms (max 17.95)
  road_batch_finalize_total_-2,-2: 15.50 ms (max 15.50)
  road_batch_finalize_total_-2,-3: 8.38 ms (max 8.39)
  road_batch_finalize_total_-2,0: 15.64 ms (max 15.64)
  road_batch_finalize_total_0,-1: 19.50 ms (max 19.50)
  road_batch_finalize_total_0,-2: 18.98 ms (max 18.98)
  road_batch_finalize_total_0,-3: 10.92 ms (max 10.92)
  road_batch_finalize_total_0,-4: 6.25 ms (max 6.25)
  road_batch_finalize_total_0,0: 14.58 ms (max 14.58)
  road_batch_finalize_total_0,1: 10.33 ms (max 10.33)
  road_batch_finalize_total_1,-1: 17.43 ms (max 17.43)
  road_batch_finalize_total_1,-2: 15.50 ms (max 15.50)
  road_batch_finalize_total_1,-3: 9.12 ms (max 9.12)
  road_batch_finalize_total_1,-4: 9.66 ms (max 9.66)
  road_batch_finalize_total_1,0: 10.98 ms (max 10.98)
  road_batch_finalize_total_2,-1: 4.08 ms (max 4.08)
  road_batch_finalize_total_2,-2: 8.09 ms (max 8.09)
  road_batch_finalize_total_2,-3: 6.81 ms (max 6.81)
  road_batch_finalize_total_2,-4: 8.34 ms (max 8.34)
  road_collision_create_-1,-1: 3.59 ms (max 4.29)
  road_collision_create_-1,-2: 2.64 ms (max 3.20)
  road_collision_create_-1,-3: 2.53 ms (max 4.39)
  road_collision_create_-1,-4: 4.36 ms (max 4.96)
  road_collision_create_-1,0: 9.45 ms (max 16.64)
  road_collision_create_-2,-1: 5.74 ms (max 11.96)
  road_collision_create_-2,-2: 7.40 ms (max 12.74)
  road_collision_create_-2,-3: 2.49 ms (max 3.77)
  road_collision_create_-2,0: 7.45 ms (max 11.90)
  road_collision_create_0,-1: 6.21 ms (max 12.30)
  road_collision_create_0,-2: 6.03 ms (max 11.80)
  road_collision_create_0,-3: 3.35 ms (max 4.30)
  road_collision_create_0,-4: 1.80 ms (max 3.04)
  road_collision_create_0,0: 4.62 ms (max 10.86)
  road_collision_create_0,1: 10.06 ms (max 10.06)
  road_collision_create_1,-1: 5.58 ms (max 12.81)
  road_collision_create_1,-2: 7.47 ms (max 12.45)
  road_collision_create_1,-3: 2.73 ms (max 3.94)
  road_collision_create_1,-4: 2.95 ms (max 4.02)
  road_collision_create_1,0: 10.68 ms (max 10.68)
  road_collision_create_2,-1: 1.76 ms (max 2.26)
  road_collision_create_2,-2: 2.40 ms (max 4.32)
  road_collision_create_2,-3: 3.07 ms (max 3.90)
  road_collision_create_2,-4: 3.76 ms (max 4.23)
===========================

=== PERFORMANCE METRICS ===
FPS: 13 | Frame: 58.0 ms (max 125.7) | Physics: 16.6 ms (max 43.2)
Godot Process: 31.80 ms | Physics: 11.19 ms
Objects: 69039 | Nodes: 30233 | Resources: 538
Draw calls: 10051 | Vertices: 8377950 | VRAM: 794.6 MB
Physics bodies: 460 | Collision pairs: 5571
===========================
⚡ PHYSICS SPIKE #328: 11.2 ms at 44.7s (Bodies: 460)
⚡ PHYSICS SPIKE #329: 11.2 ms at 44.7s (Bodies: 460)
⚡ PHYSICS SPIKE #330: 11.2 ms at 44.7s (Bodies: 460)
⚡ PHYSICS SPIKE #331: 11.2 ms at 44.7s (Bodies: 460)
⚡ PHYSICS SPIKE #332: 11.2 ms at 44.7s (Bodies: 460)
⚡ FRAME SPIKE #1006: 75.0 ms at 44.7s (Draw: 10052, Bodies: 460)
⚡ PHYSICS SPIKE #333: 11.2 ms at 44.7s (Bodies: 460)
⚡ PHYSICS SPIKE #334: 11.2 ms at 44.7s (Bodies: 460)
⚡ PHYSICS SPIKE #335: 11.2 ms at 44.7s (Bodies: 460)
⚡ PHYSICS SPIKE #336: 11.2 ms at 44.7s (Bodies: 460)
⚡ FRAME SPIKE #1007: 75.0 ms at 44.7s (Draw: 10053, Bodies: 460)
⚡ PHYSICS SPIKE #337: 11.2 ms at 44.8s (Bodies: 460)
⚡ PHYSICS SPIKE #338: 11.2 ms at 44.8s (Bodies: 462)
⚡ PHYSICS SPIKE #339: 11.2 ms at 44.8s (Bodies: 462)
⚡ PHYSICS SPIKE #340: 11.2 ms at 44.8s (Bodies: 462)
⚡ PHYSICS SPIKE #341: 11.2 ms at 44.8s (Bodies: 462)
⚡ FRAME SPIKE #1008: 75.0 ms at 44.8s (Draw: 10980, Bodies: 462)
⚡ PHYSICS SPIKE #342: 11.2 ms at 44.9s (Bodies: 462)
⚡ PHYSICS SPIKE #343: 11.2 ms at 44.9s (Bodies: 462)
⚡ PHYSICS SPIKE #344: 11.2 ms at 44.9s (Bodies: 462)
⚡ PHYSICS SPIKE #345: 11.2 ms at 44.9s (Bodies: 462)
⚡ PHYSICS SPIKE #346: 11.2 ms at 44.9s (Bodies: 462)
⚡ FRAME SPIKE #1009: 82.3 ms at 44.9s (Draw: 10976, Bodies: 462)
🚗 Traffic: 29 active NPCs (Near: 11, Mid: 12, Far: 6), 8 pooled
  → Physics bodies from NPCs: 29 (All: 29×1, было бы 29×5=145)

========== Bottleneck Analysis Report ==========
Time: 54.8s | Frames: 1316

📊 PERFORMANCE OVERVIEW:
  FPS: 15.7 avg | 13.0 min
  Frame Time: 34.57 ms avg | 76.97 ms max
  Physics Time: 10.32 ms avg

🔍 BOTTLENECK IDENTIFICATION:
  🔴 [CRITICAL] Frame Time
      Value: 34.57 ms (target: 16.67 ms)
      Impact: Overall performance bottleneck
      Suggestions:
        • Reduce draw calls
        • Optimize scripts in _process()
        • Check for expensive operations per frame

  🔴 [CRITICAL] Physics Time
      Value: 10.32 ms
      Impact: Physics simulation overhead
      Suggestions:
        • Reduce number of active physics bodies
        • Simplify collision shapes
        • Disable physics for distant objects

  🟠 [HIGH] Draw Calls
      Value: 9293 calls/frame
      Impact: GPU rendering overhead
      Suggestions:
        • Batch meshes by material
        • Use MultiMeshInstance3D
        • Implement LOD system
        • Enable frustum culling

  🟠 [HIGH] Physics Bodies
      Value: 445 active bodies
      Impact: Physics engine load
      Suggestions:
        • Reduce NPC count
        • Convert distant NPCs to kinematic
        • Disable physics for far objects

  🟡 [MEDIUM] Vertex Count
      Value: 8220232 vertices/frame
      Impact: GPU vertex processing
      Suggestions:
        • Implement LOD for distant objects
        • Simplify building meshes
        • Use lower poly models

  🟡 [MEDIUM] Node Count
      Value: 30233 nodes
      Impact: Scene tree traversal overhead
      Suggestions:
        • Unload distant chunks
        • Pool and reuse nodes
        • Flatten hierarchy where possible

  🟡 [MEDIUM] Post-Processing Effects
      Value: SSAO, Glow/Bloom, Volumetric Fog
      Impact: GPU shader overhead
      Suggestions:
        • Reduce SSR quality
        • Disable SSAO on low-end hardware
        • Use simpler fog

📈 DETAILED STATS:
  Draw Calls: 9293 avg | 10980 max
  Vertices: 8220232 avg | 8418746 max
  Physics Bodies: 445
  Nodes: 30233
  VRAM: 794.6 MB

=================================================

⚡ PHYSICS SPIKE #347: 11.2 ms at 45.0s (Bodies: 462)
⚡ PHYSICS SPIKE #348: 11.2 ms at 45.0s (Bodies: 462)
⚡ PHYSICS SPIKE #349: 11.2 ms at 45.0s (Bodies: 462)
⚡ PHYSICS SPIKE #350: 11.2 ms at 45.0s (Bodies: 462)
⚡ FRAME SPIKE #1010: 77.5 ms at 45.0s (Draw: 10990, Bodies: 462)
⚡ PHYSICS SPIKE #351: 11.2 ms at 45.0s (Bodies: 462)
⚡ PHYSICS SPIKE #352: 11.2 ms at 45.0s (Bodies: 462)
⚡ PHYSICS SPIKE #353: 11.2 ms at 45.0s (Bodies: 462)
⚡ PHYSICS SPIKE #354: 11.2 ms at 45.0s (Bodies: 462)
⚡ PHYSICS SPIKE #355: 11.2 ms at 45.0s (Bodies: 462)
⚡ FRAME SPIKE #1011: 75.8 ms at 45.0s (Draw: 10997, Bodies: 462)
⚡ PHYSICS SPIKE #356: 11.2 ms at 45.1s (Bodies: 462)
⚡ PHYSICS SPIKE #357: 11.2 ms at 45.1s (Bodies: 462)
⚡ PHYSICS SPIKE #358: 11.2 ms at 45.1s (Bodies: 462)
⚡ PHYSICS SPIKE #359: 11.2 ms at 45.1s (Bodies: 462)
⚡ PHYSICS SPIKE #360: 11.2 ms at 45.1s (Bodies: 462)
⚡ FRAME SPIKE #1012: 81.3 ms at 45.1s (Draw: 11001, Bodies: 462)
⚡ PHYSICS SPIKE #361: 11.4 ms at 45.2s (Bodies: 462)
⚡ PHYSICS SPIKE #362: 11.4 ms at 45.2s (Bodies: 462)
⚡ PHYSICS SPIKE #363: 11.4 ms at 45.2s (Bodies: 462)
⚡ PHYSICS SPIKE #364: 11.4 ms at 45.2s (Bodies: 462)
⚡ PHYSICS SPIKE #365: 11.4 ms at 45.2s (Bodies: 462)
⚡ FRAME SPIKE #1013: 83.1 ms at 45.2s (Draw: 11004, Bodies: 462)
⚡ PHYSICS SPIKE #366: 11.4 ms at 45.3s (Bodies: 462)
⚡ PHYSICS SPIKE #367: 11.4 ms at 45.3s (Bodies: 462)
⚡ PHYSICS SPIKE #368: 11.4 ms at 45.3s (Bodies: 462)
⚡ PHYSICS SPIKE #369: 11.4 ms at 45.3s (Bodies: 462)
⚡ PHYSICS SPIKE #370: 11.4 ms at 45.3s (Bodies: 462)
⚡ FRAME SPIKE #1014: 84.1 ms at 45.3s (Draw: 11005, Bodies: 462)
⚡ PHYSICS SPIKE #371: 11.4 ms at 45.4s (Bodies: 462)
⚡ PHYSICS SPIKE #372: 11.4 ms at 45.4s (Bodies: 462)
⚡ PHYSICS SPIKE #373: 11.4 ms at 45.4s (Bodies: 462)
⚡ PHYSICS SPIKE #374: 11.4 ms at 45.4s (Bodies: 462)
⚡ PHYSICS SPIKE #375: 11.4 ms at 45.4s (Bodies: 462)
⚡ FRAME SPIKE #1015: 83.6 ms at 45.4s (Draw: 11001, Bodies: 462)
⚡ PHYSICS SPIKE #376: 11.4 ms at 45.4s (Bodies: 462)
⚡ PHYSICS SPIKE #377: 11.4 ms at 45.4s (Bodies: 462)
⚡ PHYSICS SPIKE #378: 11.4 ms at 45.4s (Bodies: 462)
⚡ PHYSICS SPIKE #379: 11.4 ms at 45.4s (Bodies: 462)
⚡ PHYSICS SPIKE #380: 11.4 ms at 45.4s (Bodies: 462)
⚡ FRAME SPIKE #1016: 85.0 ms at 45.4s (Draw: 10999, Bodies: 462)
⚡ PHYSICS SPIKE #381: 11.4 ms at 45.5s (Bodies: 462)
⚡ PHYSICS SPIKE #382: 11.4 ms at 45.5s (Bodies: 462)
⚡ PHYSICS SPIKE #383: 11.4 ms at 45.5s (Bodies: 462)
⚡ PHYSICS SPIKE #384: 11.4 ms at 45.5s (Bodies: 462)
⚡ PHYSICS SPIKE #385: 11.4 ms at 45.5s (Bodies: 462)
⚡ FRAME SPIKE #1017: 84.7 ms at 45.5s (Draw: 11007, Bodies: 462)
⚡ PHYSICS SPIKE #386: 11.4 ms at 45.6s (Bodies: 462)
⚡ PHYSICS SPIKE #387: 11.4 ms at 45.6s (Bodies: 462)
⚡ PHYSICS SPIKE #388: 11.4 ms at 45.6s (Bodies: 462)
⚡ PHYSICS SPIKE #389: 11.4 ms at 45.6s (Bodies: 462)
⚡ PHYSICS SPIKE #390: 11.4 ms at 45.6s (Bodies: 462)
⚡ FRAME SPIKE #1018: 83.3 ms at 45.6s (Draw: 11006, Bodies: 461)
⚡ PHYSICS SPIKE #391: 11.4 ms at 45.7s (Bodies: 461)
⚡ PHYSICS SPIKE #392: 11.4 ms at 45.7s (Bodies: 461)
⚡ PHYSICS SPIKE #393: 11.4 ms at 45.7s (Bodies: 461)
⚡ PHYSICS SPIKE #394: 11.4 ms at 45.7s (Bodies: 461)
⚡ PHYSICS SPIKE #395: 11.4 ms at 45.7s (Bodies: 461)
⚡ FRAME SPIKE #1019: 85.3 ms at 45.7s (Draw: 11003, Bodies: 461)
⚡ PHYSICS SPIKE #396: 11.4 ms at 45.8s (Bodies: 461)
⚡ PHYSICS SPIKE #397: 11.4 ms at 45.8s (Bodies: 461)
⚡ PHYSICS SPIKE #398: 11.4 ms at 45.8s (Bodies: 461)
⚡ PHYSICS SPIKE #399: 11.4 ms at 45.8s (Bodies: 461)
⚡ PHYSICS SPIKE #400: 11.4 ms at 45.8s (Bodies: 461)
⚡ FRAME SPIKE #1020: 83.2 ms at 45.8s (Draw: 10999, Bodies: 461)
⚡ PHYSICS SPIKE #401: 11.4 ms at 45.9s (Bodies: 461)
⚡ PHYSICS SPIKE #402: 11.4 ms at 45.9s (Bodies: 462)
⚡ PHYSICS SPIKE #403: 11.4 ms at 45.9s (Bodies: 462)
⚡ PHYSICS SPIKE #404: 11.4 ms at 45.9s (Bodies: 462)
⚡ PHYSICS SPIKE #405: 11.4 ms at 45.9s (Bodies: 462)
⚡ FRAME SPIKE #1021: 85.7 ms at 45.9s (Draw: 11002, Bodies: 462)
⚡ PHYSICS SPIKE #406: 11.4 ms at 46.0s (Bodies: 462)
⚡ PHYSICS SPIKE #407: 11.4 ms at 46.0s (Bodies: 462)
⚡ PHYSICS SPIKE #408: 11.4 ms at 46.0s (Bodies: 462)
⚡ PHYSICS SPIKE #409: 11.4 ms at 46.0s (Bodies: 462)
⚡ PHYSICS SPIKE #410: 11.4 ms at 46.0s (Bodies: 462)
⚡ FRAME SPIKE #1022: 83.3 ms at 46.0s (Draw: 11002, Bodies: 462)
⚡ PHYSICS SPIKE #411: 11.4 ms at 46.0s (Bodies: 462)
⚡ PHYSICS SPIKE #412: 11.4 ms at 46.0s (Bodies: 462)
⚡ PHYSICS SPIKE #413: 11.4 ms at 46.0s (Bodies: 462)
⚡ PHYSICS SPIKE #414: 11.4 ms at 46.0s (Bodies: 462)
⚡ PHYSICS SPIKE #415: 11.4 ms at 46.0s (Bodies: 462)
⚡ FRAME SPIKE #1023: 83.3 ms at 46.0s (Draw: 11003, Bodies: 462)
⚡ PHYSICS SPIKE #416: 11.4 ms at 46.1s (Bodies: 462)
⚡ PHYSICS SPIKE #417: 11.4 ms at 46.1s (Bodies: 462)
⚡ PHYSICS SPIKE #418: 11.4 ms at 46.1s (Bodies: 462)
⚡ PHYSICS SPIKE #419: 11.4 ms at 46.1s (Bodies: 462)
⚡ PHYSICS SPIKE #420: 11.4 ms at 46.1s (Bodies: 462)
⚡ FRAME SPIKE #1024: 83.5 ms at 46.1s (Draw: 11003, Bodies: 462)
⚡ PHYSICS SPIKE #421: 11.6 ms at 46.2s (Bodies: 462)
⚡ PHYSICS SPIKE #422: 11.6 ms at 46.2s (Bodies: 462)
⚡ PHYSICS SPIKE #423: 11.6 ms at 46.2s (Bodies: 462)
⚡ PHYSICS SPIKE #424: 11.6 ms at 46.2s (Bodies: 462)
⚡ PHYSICS SPIKE #425: 11.6 ms at 46.2s (Bodies: 462)
⚡ FRAME SPIKE #1025: 85.4 ms at 46.2s (Draw: 11010, Bodies: 462)
⚡ PHYSICS SPIKE #426: 11.6 ms at 46.3s (Bodies: 462)
⚡ PHYSICS SPIKE #427: 11.6 ms at 46.3s (Bodies: 462)
⚡ PHYSICS SPIKE #428: 11.6 ms at 46.3s (Bodies: 462)
⚡ PHYSICS SPIKE #429: 11.6 ms at 46.3s (Bodies: 462)
⚡ PHYSICS SPIKE #430: 11.6 ms at 46.3s (Bodies: 462)
⚡ FRAME SPIKE #1026: 83.9 ms at 46.3s (Draw: 11030, Bodies: 462)
⚡ PHYSICS SPIKE #431: 11.6 ms at 46.4s (Bodies: 462)
⚡ PHYSICS SPIKE #432: 11.6 ms at 46.4s (Bodies: 462)
⚡ PHYSICS SPIKE #433: 11.6 ms at 46.4s (Bodies: 462)
⚡ PHYSICS SPIKE #434: 11.6 ms at 46.4s (Bodies: 462)
⚡ PHYSICS SPIKE #435: 11.6 ms at 46.4s (Bodies: 462)
⚡ FRAME SPIKE #1027: 83.3 ms at 46.4s (Draw: 11060, Bodies: 462)
⚡ PHYSICS SPIKE #436: 11.6 ms at 46.5s (Bodies: 462)
⚡ PHYSICS SPIKE #437: 11.6 ms at 46.5s (Bodies: 462)
⚡ PHYSICS SPIKE #438: 11.6 ms at 46.5s (Bodies: 462)
⚡ PHYSICS SPIKE #439: 11.6 ms at 46.5s (Bodies: 462)
⚡ PHYSICS SPIKE #440: 11.6 ms at 46.5s (Bodies: 462)
⚡ FRAME SPIKE #1028: 84.7 ms at 46.5s (Draw: 11084, Bodies: 462)
⚡ PHYSICS SPIKE #441: 11.6 ms at 46.5s (Bodies: 462)
⚡ PHYSICS SPIKE #442: 11.6 ms at 46.5s (Bodies: 462)
⚡ PHYSICS SPIKE #443: 11.6 ms at 46.5s (Bodies: 462)
⚡ PHYSICS SPIKE #444: 11.6 ms at 46.5s (Bodies: 462)
⚡ PHYSICS SPIKE #445: 11.6 ms at 46.5s (Bodies: 462)
⚡ FRAME SPIKE #1029: 83.3 ms at 46.5s (Draw: 11097, Bodies: 462)
⚡ PHYSICS SPIKE #446: 11.6 ms at 46.6s (Bodies: 462)
⚡ PHYSICS SPIKE #447: 11.6 ms at 46.6s (Bodies: 462)
⚡ PHYSICS SPIKE #448: 11.6 ms at 46.6s (Bodies: 462)
⚡ PHYSICS SPIKE #449: 11.6 ms at 46.6s (Bodies: 462)
⚡ PHYSICS SPIKE #450: 11.6 ms at 46.6s (Bodies: 462)
⚡ FRAME SPIKE #1030: 84.6 ms at 46.6s (Draw: 11107, Bodies: 462)
⚡ PHYSICS SPIKE #451: 11.6 ms at 46.7s (Bodies: 462)
⚡ PHYSICS SPIKE #452: 11.6 ms at 46.7s (Bodies: 462)
⚡ PHYSICS SPIKE #453: 11.6 ms at 46.7s (Bodies: 462)
⚡ PHYSICS SPIKE #454: 11.6 ms at 46.7s (Bodies: 462)
⚡ PHYSICS SPIKE #455: 11.6 ms at 46.7s (Bodies: 462)
⚡ FRAME SPIKE #1031: 84.3 ms at 46.7s (Draw: 11106, Bodies: 462)
⚡ PHYSICS SPIKE #456: 11.6 ms at 46.8s (Bodies: 462)
⚡ PHYSICS SPIKE #457: 11.6 ms at 46.8s (Bodies: 462)
⚡ PHYSICS SPIKE #458: 11.6 ms at 46.8s (Bodies: 462)
⚡ PHYSICS SPIKE #459: 11.6 ms at 46.8s (Bodies: 462)
⚡ PHYSICS SPIKE #460: 11.6 ms at 46.8s (Bodies: 462)
⚡ FRAME SPIKE #1032: 83.3 ms at 46.8s (Draw: 11106, Bodies: 462)
⚡ PHYSICS SPIKE #461: 11.6 ms at 46.9s (Bodies: 462)
⚡ PHYSICS SPIKE #462: 11.6 ms at 46.9s (Bodies: 463)
⚡ PHYSICS SPIKE #463: 11.6 ms at 46.9s (Bodies: 463)
⚡ PHYSICS SPIKE #464: 11.6 ms at 46.9s (Bodies: 463)
⚡ PHYSICS SPIKE #465: 11.6 ms at 46.9s (Bodies: 463)
⚡ PHYSICS SPIKE #466: 11.6 ms at 46.9s (Bodies: 463)
⚡ FRAME SPIKE #1033: 89.1 ms at 46.9s (Draw: 11892, Bodies: 463)
🚗 Traffic: 30 active NPCs (Near: 11, Mid: 13, Far: 6), 7 pooled
  → Physics bodies from NPCs: 30 (All: 30×1, было бы 30×5=150)

========== Bottleneck Analysis Report ==========
Time: 56.9s | Frames: 1340

📊 PERFORMANCE OVERVIEW:
  FPS: 14.6 avg | 12.0 min
  Frame Time: 32.90 ms avg | 36.63 ms max
  Physics Time: 10.75 ms avg

🔍 BOTTLENECK IDENTIFICATION:
  🔴 [CRITICAL] Physics Time
      Value: 10.75 ms
      Impact: Physics simulation overhead
      Suggestions:
        • Reduce number of active physics bodies
        • Simplify collision shapes
        • Disable physics for distant objects

  🟠 [HIGH] Frame Time
      Value: 32.90 ms (target: 16.67 ms)
      Impact: Overall performance bottleneck
      Suggestions:
        • Reduce draw calls
        • Optimize scripts in _process()
        • Check for expensive operations per frame

  🟠 [HIGH] Draw Calls
      Value: 9912 calls/frame
      Impact: GPU rendering overhead
      Suggestions:
        • Batch meshes by material
        • Use MultiMeshInstance3D
        • Implement LOD system
        • Enable frustum culling

  🟠 [HIGH] Physics Bodies
      Value: 451 active bodies
      Impact: Physics engine load
      Suggestions:
        • Reduce NPC count
        • Convert distant NPCs to kinematic
        • Disable physics for far objects

  🟡 [MEDIUM] Vertex Count
      Value: 8325618 vertices/frame
      Impact: GPU vertex processing
      Suggestions:
        • Implement LOD for distant objects
        • Simplify building meshes
        • Use lower poly models

  🟡 [MEDIUM] Node Count
      Value: 30233 nodes
      Impact: Scene tree traversal overhead
      Suggestions:
        • Unload distant chunks
        • Pool and reuse nodes
        • Flatten hierarchy where possible

  🟡 [MEDIUM] Post-Processing Effects
      Value: SSAO, Glow/Bloom, Volumetric Fog
      Impact: GPU shader overhead
      Suggestions:
        • Reduce SSR quality
        • Disable SSAO on low-end hardware
        • Use simpler fog

📈 DETAILED STATS:
  Draw Calls: 9912 avg | 11892 max
  Vertices: 8325618 avg | 8450046 max
  Physics Bodies: 451
  Nodes: 30233
  VRAM: 794.6 MB

=================================================

⚡ PHYSICS SPIKE #467: 11.6 ms at 47.0s (Bodies: 463)
⚡ PHYSICS SPIKE #468: 11.6 ms at 47.0s (Bodies: 463)
⚡ PHYSICS SPIKE #469: 11.6 ms at 47.0s (Bodies: 463)
⚡ PHYSICS SPIKE #470: 11.6 ms at 47.0s (Bodies: 463)
⚡ PHYSICS SPIKE #471: 11.6 ms at 47.0s (Bodies: 463)
⚡ PHYSICS SPIKE #472: 11.6 ms at 47.0s (Bodies: 463)
⚡ FRAME SPIKE #1034: 97.4 ms at 47.0s (Draw: 11864, Bodies: 463)
⚡ PHYSICS SPIKE #473: 11.6 ms at 47.1s (Bodies: 463)
⚡ PHYSICS SPIKE #474: 11.6 ms at 47.1s (Bodies: 463)
⚡ PHYSICS SPIKE #475: 11.6 ms at 47.1s (Bodies: 463)
⚡ PHYSICS SPIKE #476: 11.6 ms at 47.1s (Bodies: 463)
⚡ PHYSICS SPIKE #477: 11.6 ms at 47.1s (Bodies: 463)
⚡ PHYSICS SPIKE #478: 11.6 ms at 47.1s (Bodies: 463)
⚡ FRAME SPIKE #1035: 98.4 ms at 47.1s (Draw: 11840, Bodies: 463)
⚡ PHYSICS SPIKE #479: 11.6 ms at 47.2s (Bodies: 463)
⚡ PHYSICS SPIKE #480: 11.6 ms at 47.2s (Bodies: 463)
⚡ PHYSICS SPIKE #481: 11.6 ms at 47.2s (Bodies: 463)
⚡ PHYSICS SPIKE #482: 11.6 ms at 47.2s (Bodies: 463)
⚡ PHYSICS SPIKE #483: 11.6 ms at 47.2s (Bodies: 463)
⚡ FRAME SPIKE #1036: 97.0 ms at 47.2s (Draw: 11825, Bodies: 463)
⚡ PHYSICS SPIKE #484: 11.9 ms at 47.3s (Bodies: 463)
⚡ PHYSICS SPIKE #485: 11.9 ms at 47.3s (Bodies: 463)
⚡ PHYSICS SPIKE #486: 11.9 ms at 47.3s (Bodies: 463)
⚡ PHYSICS SPIKE #487: 11.9 ms at 47.3s (Bodies: 463)
⚡ PHYSICS SPIKE #488: 11.9 ms at 47.3s (Bodies: 463)
⚡ PHYSICS SPIKE #489: 11.9 ms at 47.3s (Bodies: 463)
⚡ FRAME SPIKE #1037: 94.4 ms at 47.3s (Draw: 11814, Bodies: 463)
⚡ PHYSICS SPIKE #490: 11.9 ms at 47.4s (Bodies: 463)
⚡ PHYSICS SPIKE #491: 11.9 ms at 47.4s (Bodies: 463)
⚡ PHYSICS SPIKE #492: 11.9 ms at 47.4s (Bodies: 463)
⚡ PHYSICS SPIKE #493: 11.9 ms at 47.4s (Bodies: 463)
⚡ PHYSICS SPIKE #494: 11.9 ms at 47.4s (Bodies: 463)
⚡ PHYSICS SPIKE #495: 11.9 ms at 47.4s (Bodies: 463)
⚡ FRAME SPIKE #1038: 95.2 ms at 47.4s (Draw: 11834, Bodies: 463)
⚡ PHYSICS SPIKE #496: 11.9 ms at 47.4s (Bodies: 463)
⚡ PHYSICS SPIKE #497: 11.9 ms at 47.4s (Bodies: 463)
⚡ PHYSICS SPIKE #498: 11.9 ms at 47.4s (Bodies: 463)
⚡ PHYSICS SPIKE #499: 11.9 ms at 47.4s (Bodies: 463)
⚡ PHYSICS SPIKE #500: 11.9 ms at 47.4s (Bodies: 463)
⚡ FRAME SPIKE #1039: 95.2 ms at 47.4s (Draw: 11855, Bodies: 463)
⚡ PHYSICS SPIKE #501: 11.9 ms at 47.5s (Bodies: 463)
⚡ PHYSICS SPIKE #502: 11.9 ms at 47.5s (Bodies: 463)
⚡ PHYSICS SPIKE #503: 11.9 ms at 47.5s (Bodies: 463)
⚡ PHYSICS SPIKE #504: 11.9 ms at 47.5s (Bodies: 463)
⚡ PHYSICS SPIKE #505: 11.9 ms at 47.5s (Bodies: 463)
⚡ PHYSICS SPIKE #506: 11.9 ms at 47.5s (Bodies: 463)
⚡ FRAME SPIKE #1040: 94.4 ms at 47.5s (Draw: 11891, Bodies: 462)
⚡ PHYSICS SPIKE #507: 11.9 ms at 47.6s (Bodies: 462)
⚡ PHYSICS SPIKE #508: 11.9 ms at 47.6s (Bodies: 462)
⚡ PHYSICS SPIKE #509: 11.9 ms at 47.6s (Bodies: 462)
⚡ PHYSICS SPIKE #510: 11.9 ms at 47.6s (Bodies: 462)
⚡ PHYSICS SPIKE #511: 11.9 ms at 47.6s (Bodies: 462)
⚡ PHYSICS SPIKE #512: 11.9 ms at 47.6s (Bodies: 462)
⚡ FRAME SPIKE #1041: 95.0 ms at 47.6s (Draw: 11931, Bodies: 462)
⚡ PHYSICS SPIKE #513: 11.9 ms at 47.7s (Bodies: 462)
⚡ PHYSICS SPIKE #514: 11.9 ms at 47.7s (Bodies: 462)
⚡ PHYSICS SPIKE #515: 11.9 ms at 47.7s (Bodies: 462)
⚡ PHYSICS SPIKE #516: 11.9 ms at 47.7s (Bodies: 462)
⚡ PHYSICS SPIKE #517: 11.9 ms at 47.7s (Bodies: 462)
⚡ FRAME SPIKE #1042: 94.8 ms at 47.7s (Draw: 11982, Bodies: 462)
⚡ PHYSICS SPIKE #518: 11.9 ms at 47.8s (Bodies: 462)
⚡ PHYSICS SPIKE #519: 11.9 ms at 47.8s (Bodies: 462)
⚡ PHYSICS SPIKE #520: 11.9 ms at 47.8s (Bodies: 462)
⚡ PHYSICS SPIKE #521: 11.9 ms at 47.8s (Bodies: 462)
⚡ PHYSICS SPIKE #522: 11.9 ms at 47.8s (Bodies: 462)
⚡ PHYSICS SPIKE #523: 11.9 ms at 47.8s (Bodies: 462)
⚡ FRAME SPIKE #1043: 94.4 ms at 47.8s (Draw: 12019, Bodies: 462)
⚡ PHYSICS SPIKE #524: 11.9 ms at 47.9s (Bodies: 462)
⚡ PHYSICS SPIKE #525: 11.9 ms at 47.9s (Bodies: 462)
⚡ PHYSICS SPIKE #526: 11.9 ms at 47.9s (Bodies: 462)
⚡ PHYSICS SPIKE #527: 11.9 ms at 47.9s (Bodies: 462)
⚡ PHYSICS SPIKE #528: 11.9 ms at 47.9s (Bodies: 462)
⚡ PHYSICS SPIKE #529: 11.9 ms at 47.9s (Bodies: 462)
⚡ FRAME SPIKE #1044: 95.0 ms at 47.9s (Draw: 12021, Bodies: 462)
⚡ PHYSICS SPIKE #530: 11.9 ms at 48.0s (Bodies: 462)
⚡ PHYSICS SPIKE #531: 11.9 ms at 48.0s (Bodies: 462)
⚡ PHYSICS SPIKE #532: 11.9 ms at 48.0s (Bodies: 462)
⚡ PHYSICS SPIKE #533: 11.9 ms at 48.0s (Bodies: 462)
⚡ PHYSICS SPIKE #534: 11.9 ms at 48.0s (Bodies: 462)
⚡ PHYSICS SPIKE #535: 11.9 ms at 48.0s (Bodies: 462)
⚡ FRAME SPIKE #1045: 95.0 ms at 48.0s (Draw: 12018, Bodies: 462)
⚡ PHYSICS SPIKE #536: 11.9 ms at 48.1s (Bodies: 462)
⚡ PHYSICS SPIKE #537: 11.9 ms at 48.1s (Bodies: 462)
⚡ PHYSICS SPIKE #538: 11.9 ms at 48.1s (Bodies: 462)
⚡ PHYSICS SPIKE #539: 11.9 ms at 48.1s (Bodies: 462)
⚡ PHYSICS SPIKE #540: 11.9 ms at 48.1s (Bodies: 462)
⚡ FRAME SPIKE #1046: 95.0 ms at 48.1s (Draw: 12020, Bodies: 462)
⚡ PHYSICS SPIKE #541: 11.8 ms at 48.2s (Bodies: 462)
⚡ PHYSICS SPIKE #542: 11.8 ms at 48.2s (Bodies: 462)
⚡ PHYSICS SPIKE #543: 11.8 ms at 48.2s (Bodies: 462)
⚡ PHYSICS SPIKE #544: 11.8 ms at 48.2s (Bodies: 462)
⚡ PHYSICS SPIKE #545: 11.8 ms at 48.2s (Bodies: 462)
⚡ PHYSICS SPIKE #546: 11.8 ms at 48.2s (Bodies: 462)
⚡ FRAME SPIKE #1047: 94.4 ms at 48.2s (Draw: 12025, Bodies: 462)
⚡ PHYSICS SPIKE #547: 11.8 ms at 48.3s (Bodies: 462)
⚡ PHYSICS SPIKE #548: 11.8 ms at 48.3s (Bodies: 462)
⚡ PHYSICS SPIKE #549: 11.8 ms at 48.3s (Bodies: 462)
⚡ PHYSICS SPIKE #550: 11.8 ms at 48.3s (Bodies: 462)
⚡ PHYSICS SPIKE #551: 11.8 ms at 48.3s (Bodies: 462)
⚡ PHYSICS SPIKE #552: 11.8 ms at 48.3s (Bodies: 462)
⚡ FRAME SPIKE #1048: 94.6 ms at 48.3s (Draw: 12026, Bodies: 462)
⚡ PHYSICS SPIKE #553: 11.8 ms at 48.4s (Bodies: 462)
⚡ PHYSICS SPIKE #554: 11.8 ms at 48.4s (Bodies: 462)
⚡ PHYSICS SPIKE #555: 11.8 ms at 48.4s (Bodies: 462)
⚡ PHYSICS SPIKE #556: 11.8 ms at 48.4s (Bodies: 462)
⚡ PHYSICS SPIKE #557: 11.8 ms at 48.4s (Bodies: 462)
⚡ FRAME SPIKE #1049: 95.0 ms at 48.4s (Draw: 12028, Bodies: 462)
⚡ PHYSICS SPIKE #558: 11.8 ms at 48.5s (Bodies: 462)
⚡ PHYSICS SPIKE #559: 11.8 ms at 48.5s (Bodies: 462)
⚡ PHYSICS SPIKE #560: 11.8 ms at 48.5s (Bodies: 462)
⚡ PHYSICS SPIKE #561: 11.8 ms at 48.5s (Bodies: 462)
⚡ PHYSICS SPIKE #562: 11.8 ms at 48.5s (Bodies: 462)
⚡ PHYSICS SPIKE #563: 11.8 ms at 48.5s (Bodies: 462)
⚡ FRAME SPIKE #1050: 94.4 ms at 48.5s (Draw: 12029, Bodies: 462)
⚡ PHYSICS SPIKE #564: 11.8 ms at 48.6s (Bodies: 462)
⚡ PHYSICS SPIKE #565: 11.8 ms at 48.6s (Bodies: 462)
⚡ PHYSICS SPIKE #566: 11.8 ms at 48.6s (Bodies: 462)
⚡ PHYSICS SPIKE #567: 11.8 ms at 48.6s (Bodies: 462)
⚡ PHYSICS SPIKE #568: 11.8 ms at 48.6s (Bodies: 462)
⚡ PHYSICS SPIKE #569: 11.8 ms at 48.6s (Bodies: 462)
⚡ FRAME SPIKE #1051: 94.4 ms at 48.6s (Draw: 12027, Bodies: 462)
⚡ PHYSICS SPIKE #570: 11.8 ms at 48.7s (Bodies: 462)
⚡ PHYSICS SPIKE #571: 11.8 ms at 48.7s (Bodies: 462)
⚡ PHYSICS SPIKE #572: 11.8 ms at 48.7s (Bodies: 462)
⚡ PHYSICS SPIKE #573: 11.8 ms at 48.7s (Bodies: 462)
⚡ PHYSICS SPIKE #574: 11.8 ms at 48.7s (Bodies: 462)
⚡ FRAME SPIKE #1052: 94.4 ms at 48.7s (Draw: 12028, Bodies: 462)
⚡ PHYSICS SPIKE #575: 11.8 ms at 48.8s (Bodies: 462)
⚡ PHYSICS SPIKE #576: 11.8 ms at 48.8s (Bodies: 462)
⚡ PHYSICS SPIKE #577: 11.8 ms at 48.8s (Bodies: 462)
⚡ PHYSICS SPIKE #578: 11.8 ms at 48.8s (Bodies: 462)
⚡ PHYSICS SPIKE #579: 11.8 ms at 48.8s (Bodies: 462)
⚡ PHYSICS SPIKE #580: 11.8 ms at 48.8s (Bodies: 462)
⚡ FRAME SPIKE #1053: 91.9 ms at 48.8s (Draw: 12026, Bodies: 462)
⚡ PHYSICS SPIKE #581: 11.8 ms at 48.9s (Bodies: 462)
⚡ PHYSICS SPIKE #582: 11.8 ms at 48.9s (Bodies: 462)
⚡ PHYSICS SPIKE #583: 11.8 ms at 48.9s (Bodies: 462)
⚡ PHYSICS SPIKE #584: 11.8 ms at 48.9s (Bodies: 462)
⚡ PHYSICS SPIKE #585: 11.8 ms at 48.9s (Bodies: 462)
⚡ PHYSICS SPIKE #586: 11.8 ms at 48.9s (Bodies: 462)
⚡ FRAME SPIKE #1054: 94.6 ms at 48.9s (Draw: 12031, Bodies: 462)
⚡ PHYSICS SPIKE #587: 11.8 ms at 49.0s (Bodies: 462)
⚡ PHYSICS SPIKE #588: 11.8 ms at 49.0s (Bodies: 463)
⚡ PHYSICS SPIKE #589: 11.8 ms at 49.0s (Bodies: 463)
⚡ PHYSICS SPIKE #590: 11.8 ms at 49.0s (Bodies: 463)
⚡ PHYSICS SPIKE #591: 11.8 ms at 49.0s (Bodies: 463)
⚡ FRAME SPIKE #1055: 94.4 ms at 49.0s (Draw: 12027, Bodies: 463)
🚗 Traffic: 30 active NPCs (Near: 12, Mid: 12, Far: 6), 7 pooled
  → Physics bodies from NPCs: 30 (All: 30×1, было бы 30×5=150)

========== Bottleneck Analysis Report ==========
Time: 58.9s | Frames: 1362

📊 PERFORMANCE OVERVIEW:
  FPS: 13.6 avg | 10.0 min
  Frame Time: 32.97 ms avg | 36.08 ms max
  Physics Time: 11.11 ms avg

🔍 BOTTLENECK IDENTIFICATION:
  🔴 [CRITICAL] Physics Time
      Value: 11.11 ms
      Impact: Physics simulation overhead
      Suggestions:
        • Reduce number of active physics bodies
        • Simplify collision shapes
        • Disable physics for distant objects

  🟠 [HIGH] Frame Time
      Value: 32.97 ms (target: 16.67 ms)
      Impact: Overall performance bottleneck
      Suggestions:
        • Reduce draw calls
        • Optimize scripts in _process()
        • Check for expensive operations per frame

  🟠 [HIGH] Draw Calls
      Value: 10454 calls/frame
      Impact: GPU rendering overhead
      Suggestions:
        • Batch meshes by material
        • Use MultiMeshInstance3D
        • Implement LOD system
        • Enable frustum culling

  🟠 [HIGH] Physics Bodies
      Value: 456 active bodies
      Impact: Physics engine load
      Suggestions:
        • Reduce NPC count
        • Convert distant NPCs to kinematic
        • Disable physics for far objects

  🟡 [MEDIUM] Vertex Count
      Value: 8377859 vertices/frame
      Impact: GPU vertex processing
      Suggestions:
        • Implement LOD for distant objects
        • Simplify building meshes
        • Use lower poly models

  🟡 [MEDIUM] Node Count
      Value: 30233 nodes
      Impact: Scene tree traversal overhead
      Suggestions:
        • Unload distant chunks
        • Pool and reuse nodes
        • Flatten hierarchy where possible

  🟡 [MEDIUM] Post-Processing Effects
      Value: SSAO, Glow/Bloom, Volumetric Fog
      Impact: GPU shader overhead
      Suggestions:
        • Reduce SSR quality
        • Disable SSAO on low-end hardware
        • Use simpler fog

📈 DETAILED STATS:
  Draw Calls: 10454 avg | 12031 max
  Vertices: 8377859 avg | 8481925 max
  Physics Bodies: 456
  Nodes: 30233
  VRAM: 794.6 MB

=================================================

⚡ PHYSICS SPIKE #592: 11.8 ms at 49.1s (Bodies: 463)
⚡ PHYSICS SPIKE #593: 11.8 ms at 49.1s (Bodies: 463)
⚡ PHYSICS SPIKE #594: 11.8 ms at 49.1s (Bodies: 463)
⚡ PHYSICS SPIKE #595: 11.8 ms at 49.1s (Bodies: 463)
⚡ PHYSICS SPIKE #596: 11.8 ms at 49.1s (Bodies: 463)
⚡ PHYSICS SPIKE #597: 11.8 ms at 49.1s (Bodies: 462)
⚡ FRAME SPIKE #1056: 93.6 ms at 49.1s (Draw: 12023, Bodies: 462)
⚡ PHYSICS SPIKE #598: 11.8 ms at 49.2s (Bodies: 462)
⚡ PHYSICS SPIKE #599: 11.8 ms at 49.2s (Bodies: 462)
⚡ PHYSICS SPIKE #600: 11.8 ms at 49.2s (Bodies: 462)
⚡ PHYSICS SPIKE #601: 11.8 ms at 49.2s (Bodies: 462)
⚡ PHYSICS SPIKE #602: 11.8 ms at 49.2s (Bodies: 462)
⚡ PHYSICS SPIKE #603: 11.8 ms at 49.2s (Bodies: 462)
⚡ FRAME SPIKE #1057: 95.3 ms at 49.2s (Draw: 12026, Bodies: 462)
⚡ PHYSICS SPIKE #604: 11.7 ms at 49.2s (Bodies: 462)
⚡ PHYSICS SPIKE #605: 11.7 ms at 49.2s (Bodies: 462)
⚡ PHYSICS SPIKE #606: 11.7 ms at 49.2s (Bodies: 462)
⚡ PHYSICS SPIKE #607: 11.7 ms at 49.2s (Bodies: 462)
⚡ PHYSICS SPIKE #608: 11.7 ms at 49.2s (Bodies: 462)
⚡ FRAME SPIKE #1058: 94.4 ms at 49.2s (Draw: 12022, Bodies: 462)
⚡ PHYSICS SPIKE #609: 11.7 ms at 49.3s (Bodies: 462)
⚡ PHYSICS SPIKE #610: 11.7 ms at 49.3s (Bodies: 462)
⚡ PHYSICS SPIKE #611: 11.7 ms at 49.3s (Bodies: 462)
⚡ PHYSICS SPIKE #612: 11.7 ms at 49.3s (Bodies: 462)
⚡ PHYSICS SPIKE #613: 11.7 ms at 49.3s (Bodies: 462)
⚡ PHYSICS SPIKE #614: 11.7 ms at 49.3s (Bodies: 462)
⚡ FRAME SPIKE #1059: 91.1 ms at 49.3s (Draw: 12016, Bodies: 462)
⚡ PHYSICS SPIKE #615: 11.7 ms at 49.4s (Bodies: 462)
⚡ PHYSICS SPIKE #616: 11.7 ms at 49.4s (Bodies: 462)
⚡ PHYSICS SPIKE #617: 11.7 ms at 49.4s (Bodies: 462)
⚡ PHYSICS SPIKE #618: 11.7 ms at 49.4s (Bodies: 462)
⚡ PHYSICS SPIKE #619: 11.7 ms at 49.4s (Bodies: 462)
⚡ FRAME SPIKE #1060: 93.9 ms at 49.4s (Draw: 12018, Bodies: 462)
⚡ PHYSICS SPIKE #620: 11.7 ms at 49.5s (Bodies: 462)
⚡ PHYSICS SPIKE #621: 11.7 ms at 49.5s (Bodies: 462)
⚡ PHYSICS SPIKE #622: 11.7 ms at 49.5s (Bodies: 462)
⚡ PHYSICS SPIKE #623: 11.7 ms at 49.5s (Bodies: 462)
⚡ PHYSICS SPIKE #624: 11.7 ms at 49.5s (Bodies: 462)
⚡ PHYSICS SPIKE #625: 11.7 ms at 49.5s (Bodies: 462)
⚡ FRAME SPIKE #1061: 88.7 ms at 49.5s (Draw: 12018, Bodies: 462)
⚡ PHYSICS SPIKE #626: 11.7 ms at 49.6s (Bodies: 462)
⚡ PHYSICS SPIKE #627: 11.7 ms at 49.6s (Bodies: 462)
⚡ PHYSICS SPIKE #628: 11.7 ms at 49.6s (Bodies: 462)
⚡ PHYSICS SPIKE #629: 11.7 ms at 49.6s (Bodies: 462)
⚡ PHYSICS SPIKE #630: 11.7 ms at 49.6s (Bodies: 462)
⚡ FRAME SPIKE #1062: 93.3 ms at 49.6s (Draw: 12029, Bodies: 462)

=== PERFORMANCE METRICS ===
FPS: 11 | Frame: 65.2 ms (max 98.4) | Physics: 16.7 ms (max 47.3)
Godot Process: 35.58 ms | Physics: 11.69 ms
Objects: 69039 | Nodes: 30233 | Resources: 538
Draw calls: 12029 | Vertices: 8451004 | VRAM: 794.6 MB
Physics bodies: 462 | Collision pairs: 5610
--- System Times ---
  road_batch_finalize_total_-1,-1: 11.69 ms (max 11.69)
  road_batch_finalize_total_-1,-2: 5.78 ms (max 5.78)
  road_batch_finalize_total_-1,-3: 8.34 ms (max 8.34)
  road_batch_finalize_total_-1,-4: 9.39 ms (max 9.39)
  road_batch_finalize_total_-1,0: 19.43 ms (max 19.43)
  road_batch_finalize_total_-2,-1: 17.95 ms (max 17.95)
  road_batch_finalize_total_-2,-2: 15.50 ms (max 15.50)
  road_batch_finalize_total_-2,-3: 8.38 ms (max 8.39)
  road_batch_finalize_total_-2,0: 15.64 ms (max 15.64)
  road_batch_finalize_total_0,-1: 19.50 ms (max 19.50)
  road_batch_finalize_total_0,-2: 18.98 ms (max 18.98)
  road_batch_finalize_total_0,-3: 10.92 ms (max 10.92)
  road_batch_finalize_total_0,-4: 6.25 ms (max 6.25)
  road_batch_finalize_total_0,0: 14.58 ms (max 14.58)
  road_batch_finalize_total_0,1: 10.33 ms (max 10.33)
  road_batch_finalize_total_1,-1: 17.43 ms (max 17.43)
  road_batch_finalize_total_1,-2: 15.50 ms (max 15.50)
  road_batch_finalize_total_1,-3: 9.12 ms (max 9.12)
  road_batch_finalize_total_1,-4: 9.66 ms (max 9.66)
  road_batch_finalize_total_1,0: 10.98 ms (max 10.98)
  road_batch_finalize_total_2,-1: 4.08 ms (max 4.08)
  road_batch_finalize_total_2,-2: 8.09 ms (max 8.09)
  road_batch_finalize_total_2,-3: 6.81 ms (max 6.81)
  road_batch_finalize_total_2,-4: 8.34 ms (max 8.34)
  road_collision_create_-1,-1: 3.59 ms (max 4.29)
  road_collision_create_-1,-2: 2.64 ms (max 3.20)
  road_collision_create_-1,-3: 2.53 ms (max 4.39)
  road_collision_create_-1,-4: 4.36 ms (max 4.96)
  road_collision_create_-1,0: 9.45 ms (max 16.64)
  road_collision_create_-2,-1: 5.74 ms (max 11.96)
  road_collision_create_-2,-2: 7.40 ms (max 12.74)
  road_collision_create_-2,-3: 2.49 ms (max 3.77)
  road_collision_create_-2,0: 7.45 ms (max 11.90)
  road_collision_create_0,-1: 6.21 ms (max 12.30)
  road_collision_create_0,-2: 6.03 ms (max 11.80)
  road_collision_create_0,-3: 3.35 ms (max 4.30)
  road_collision_create_0,-4: 1.80 ms (max 3.04)
  road_collision_create_0,0: 4.62 ms (max 10.86)
  road_collision_create_0,1: 10.06 ms (max 10.06)
  road_collision_create_1,-1: 5.58 ms (max 12.81)
  road_collision_create_1,-2: 7.47 ms (max 12.45)
  road_collision_create_1,-3: 2.73 ms (max 3.94)
  road_collision_create_1,-4: 2.95 ms (max 4.02)
  road_collision_create_1,0: 10.68 ms (max 10.68)
  road_collision_create_2,-1: 1.76 ms (max 2.26)
  road_collision_create_2,-2: 2.40 ms (max 4.32)
  road_collision_create_2,-3: 3.07 ms (max 3.90)
  road_collision_create_2,-4: 3.76 ms (max 4.23)
===========================

=== PERFORMANCE METRICS ===
FPS: 11 | Frame: 65.2 ms (max 98.4) | Physics: 16.7 ms (max 47.3)
Godot Process: 35.58 ms | Physics: 11.69 ms
Objects: 69039 | Nodes: 30233 | Resources: 538
Draw calls: 12029 | Vertices: 8451004 | VRAM: 794.6 MB
Physics bodies: 462 | Collision pairs: 5610
===========================
⚡ PHYSICS SPIKE #631: 11.7 ms at 49.7s (Bodies: 462)
⚡ PHYSICS SPIKE #632: 11.7 ms at 49.7s (Bodies: 462)
⚡ PHYSICS SPIKE #633: 11.7 ms at 49.7s (Bodies: 462)
⚡ PHYSICS SPIKE #634: 11.7 ms at 49.7s (Bodies: 462)
⚡ PHYSICS SPIKE #635: 11.7 ms at 49.7s (Bodies: 462)
⚡ PHYSICS SPIKE #636: 11.7 ms at 49.7s (Bodies: 462)
⚡ FRAME SPIKE #1063: 93.3 ms at 49.7s (Draw: 12039, Bodies: 462)
⚡ PHYSICS SPIKE #637: 11.7 ms at 49.8s (Bodies: 462)
⚡ PHYSICS SPIKE #638: 11.7 ms at 49.8s (Bodies: 462)
⚡ PHYSICS SPIKE #639: 11.7 ms at 49.8s (Bodies: 462)
⚡ PHYSICS SPIKE #640: 11.7 ms at 49.8s (Bodies: 461)
⚡ PHYSICS SPIKE #641: 11.7 ms at 49.8s (Bodies: 461)
⚡ PHYSICS SPIKE #642: 11.7 ms at 49.8s (Bodies: 461)
⚡ FRAME SPIKE #1064: 95.1 ms at 49.8s (Draw: 12043, Bodies: 461)
⚡ PHYSICS SPIKE #643: 11.7 ms at 49.9s (Bodies: 461)
⚡ PHYSICS SPIKE #644: 11.7 ms at 49.9s (Bodies: 461)
⚡ PHYSICS SPIKE #645: 11.7 ms at 49.9s (Bodies: 461)
⚡ PHYSICS SPIKE #646: 11.7 ms at 49.9s (Bodies: 461)
⚡ PHYSICS SPIKE #647: 11.7 ms at 49.9s (Bodies: 461)
⚡ FRAME SPIKE #1065: 93.3 ms at 49.9s (Draw: 12054, Bodies: 461)
⚡ PHYSICS SPIKE #648: 11.7 ms at 50.0s (Bodies: 461)
⚡ PHYSICS SPIKE #649: 11.7 ms at 50.0s (Bodies: 463)
⚡ PHYSICS SPIKE #650: 11.7 ms at 50.0s (Bodies: 463)
⚡ PHYSICS SPIKE #651: 11.7 ms at 50.0s (Bodies: 463)
⚡ PHYSICS SPIKE #652: 11.7 ms at 50.0s (Bodies: 463)
⚡ PHYSICS SPIKE #653: 11.7 ms at 50.0s (Bodies: 463)
⚡ FRAME SPIKE #1066: 93.3 ms at 50.0s (Draw: 12059, Bodies: 463)
⚡ PHYSICS SPIKE #654: 11.7 ms at 50.1s (Bodies: 463)
⚡ PHYSICS SPIKE #655: 11.7 ms at 50.1s (Bodies: 463)
⚡ PHYSICS SPIKE #656: 11.7 ms at 50.1s (Bodies: 463)
⚡ PHYSICS SPIKE #657: 11.7 ms at 50.1s (Bodies: 463)
⚡ PHYSICS SPIKE #658: 11.7 ms at 50.1s (Bodies: 463)
⚡ FRAME SPIKE #1067: 93.1 ms at 50.1s (Draw: 12061, Bodies: 463)
⚡ PHYSICS SPIKE #659: 11.7 ms at 50.2s (Bodies: 463)
⚡ PHYSICS SPIKE #660: 11.7 ms at 50.2s (Bodies: 463)
⚡ PHYSICS SPIKE #661: 11.7 ms at 50.2s (Bodies: 463)
⚡ PHYSICS SPIKE #662: 11.7 ms at 50.2s (Bodies: 463)
⚡ PHYSICS SPIKE #663: 11.7 ms at 50.2s (Bodies: 463)
⚡ PHYSICS SPIKE #664: 11.7 ms at 50.2s (Bodies: 463)
⚡ FRAME SPIKE #1068: 92.4 ms at 50.2s (Draw: 12062, Bodies: 463)
⚡ PHYSICS SPIKE #665: 11.5 ms at 50.3s (Bodies: 463)
⚡ PHYSICS SPIKE #666: 11.5 ms at 50.3s (Bodies: 463)
⚡ PHYSICS SPIKE #667: 11.5 ms at 50.3s (Bodies: 463)
⚡ PHYSICS SPIKE #668: 11.5 ms at 50.3s (Bodies: 463)
⚡ PHYSICS SPIKE #669: 11.5 ms at 50.3s (Bodies: 463)
⚡ PHYSICS SPIKE #670: 11.5 ms at 50.3s (Bodies: 463)
⚡ FRAME SPIKE #1069: 94.5 ms at 50.3s (Draw: 12062, Bodies: 463)
⚡ PHYSICS SPIKE #671: 11.5 ms at 50.4s (Bodies: 463)
⚡ PHYSICS SPIKE #672: 11.5 ms at 50.4s (Bodies: 463)
⚡ PHYSICS SPIKE #673: 11.5 ms at 50.4s (Bodies: 463)
⚡ PHYSICS SPIKE #674: 11.5 ms at 50.4s (Bodies: 463)
⚡ PHYSICS SPIKE #675: 11.5 ms at 50.4s (Bodies: 463)
⚡ FRAME SPIKE #1070: 93.1 ms at 50.4s (Draw: 12066, Bodies: 463)
⚡ PHYSICS SPIKE #676: 11.5 ms at 50.5s (Bodies: 463)
⚡ PHYSICS SPIKE #677: 11.5 ms at 50.5s (Bodies: 463)
⚡ PHYSICS SPIKE #678: 11.5 ms at 50.5s (Bodies: 463)
⚡ PHYSICS SPIKE #679: 11.5 ms at 50.5s (Bodies: 463)
⚡ PHYSICS SPIKE #680: 11.5 ms at 50.5s (Bodies: 463)
⚡ PHYSICS SPIKE #681: 11.5 ms at 50.5s (Bodies: 463)
⚡ FRAME SPIKE #1071: 93.1 ms at 50.5s (Draw: 12092, Bodies: 463)
⚡ PHYSICS SPIKE #682: 11.5 ms at 50.5s (Bodies: 463)
⚡ PHYSICS SPIKE #683: 11.5 ms at 50.5s (Bodies: 463)
⚡ PHYSICS SPIKE #684: 11.5 ms at 50.5s (Bodies: 463)
⚡ PHYSICS SPIKE #685: 11.5 ms at 50.5s (Bodies: 463)
⚡ PHYSICS SPIKE #686: 11.5 ms at 50.5s (Bodies: 463)
⚡ FRAME SPIKE #1072: 93.1 ms at 50.5s (Draw: 12120, Bodies: 463)
⚡ PHYSICS SPIKE #687: 11.5 ms at 50.6s (Bodies: 463)
⚡ PHYSICS SPIKE #688: 11.5 ms at 50.6s (Bodies: 463)
⚡ PHYSICS SPIKE #689: 11.5 ms at 50.6s (Bodies: 463)
⚡ PHYSICS SPIKE #690: 11.5 ms at 50.6s (Bodies: 463)
⚡ PHYSICS SPIKE #691: 11.5 ms at 50.6s (Bodies: 463)
⚡ PHYSICS SPIKE #692: 11.5 ms at 50.6s (Bodies: 463)
⚡ FRAME SPIKE #1073: 93.1 ms at 50.6s (Draw: 12158, Bodies: 463)
⚡ PHYSICS SPIKE #693: 11.5 ms at 50.7s (Bodies: 463)
⚡ PHYSICS SPIKE #694: 11.5 ms at 50.7s (Bodies: 463)
⚡ PHYSICS SPIKE #695: 11.5 ms at 50.7s (Bodies: 463)
⚡ PHYSICS SPIKE #696: 11.5 ms at 50.7s (Bodies: 463)
⚡ PHYSICS SPIKE #697: 11.5 ms at 50.7s (Bodies: 463)
⚡ FRAME SPIKE #1074: 93.1 ms at 50.7s (Draw: 12174, Bodies: 463)
⚡ PHYSICS SPIKE #698: 11.5 ms at 50.8s (Bodies: 463)
⚡ PHYSICS SPIKE #699: 11.5 ms at 50.8s (Bodies: 463)
⚡ PHYSICS SPIKE #700: 11.5 ms at 50.8s (Bodies: 463)
⚡ PHYSICS SPIKE #701: 11.5 ms at 50.8s (Bodies: 463)
⚡ PHYSICS SPIKE #702: 11.5 ms at 50.8s (Bodies: 463)
⚡ PHYSICS SPIKE #703: 11.5 ms at 50.8s (Bodies: 463)
⚡ FRAME SPIKE #1075: 92.7 ms at 50.8s (Draw: 12074, Bodies: 463)
⚡ PHYSICS SPIKE #704: 11.5 ms at 50.9s (Bodies: 463)
⚡ PHYSICS SPIKE #705: 11.5 ms at 50.9s (Bodies: 463)
⚡ PHYSICS SPIKE #706: 11.5 ms at 50.9s (Bodies: 463)
⚡ PHYSICS SPIKE #707: 11.5 ms at 50.9s (Bodies: 463)
⚡ PHYSICS SPIKE #708: 11.5 ms at 50.9s (Bodies: 463)
⚡ PHYSICS SPIKE #709: 11.5 ms at 50.9s (Bodies: 463)
⚡ FRAME SPIKE #1076: 93.1 ms at 50.9s (Draw: 11879, Bodies: 463)
⚡ PHYSICS SPIKE #710: 11.5 ms at 51.0s (Bodies: 463)
⚡ PHYSICS SPIKE #711: 11.5 ms at 51.0s (Bodies: 464)
⚡ PHYSICS SPIKE #712: 11.5 ms at 51.0s (Bodies: 464)
⚡ PHYSICS SPIKE #713: 11.5 ms at 51.0s (Bodies: 464)
⚡ PHYSICS SPIKE #714: 11.5 ms at 51.0s (Bodies: 464)
⚡ FRAME SPIKE #1077: 93.3 ms at 51.0s (Draw: 11679, Bodies: 464)
🚗 Traffic: 31 active NPCs (Near: 16, Mid: 10, Far: 5), 6 pooled
  → Physics bodies from NPCs: 31 (All: 31×1, было бы 31×5=155)

========== Bottleneck Analysis Report ==========
Time: 61.0s | Frames: 1384

📊 PERFORMANCE OVERVIEW:
  FPS: 12.7 avg | 10.0 min
  Frame Time: 33.76 ms avg | 36.08 ms max
  Physics Time: 11.32 ms avg

🔍 BOTTLENECK IDENTIFICATION:
  🔴 [CRITICAL] Frame Time
      Value: 33.76 ms (target: 16.67 ms)
      Impact: Overall performance bottleneck
      Suggestions:
        • Reduce draw calls
        • Optimize scripts in _process()
        • Check for expensive operations per frame

  🔴 [CRITICAL] Physics Time
      Value: 11.32 ms
      Impact: Physics simulation overhead
      Suggestions:
        • Reduce number of active physics bodies
        • Simplify collision shapes
        • Disable physics for distant objects

  🟠 [HIGH] Draw Calls
      Value: 10972 calls/frame
      Impact: GPU rendering overhead
      Suggestions:
        • Batch meshes by material
        • Use MultiMeshInstance3D
        • Implement LOD system
        • Enable frustum culling

  🟠 [HIGH] Physics Bodies
      Value: 460 active bodies
      Impact: Physics engine load
      Suggestions:
        • Reduce NPC count
        • Convert distant NPCs to kinematic
        • Disable physics for far objects

  🟡 [MEDIUM] Vertex Count
      Value: 8393396 vertices/frame
      Impact: GPU vertex processing
      Suggestions:
        • Implement LOD for distant objects
        • Simplify building meshes
        • Use lower poly models

  🟡 [MEDIUM] Node Count
      Value: 30233 nodes
      Impact: Scene tree traversal overhead
      Suggestions:
        • Unload distant chunks
        • Pool and reuse nodes
        • Flatten hierarchy where possible

  🟡 [MEDIUM] Post-Processing Effects
      Value: SSAO, Glow/Bloom, Volumetric Fog
      Impact: GPU shader overhead
      Suggestions:
        • Reduce SSR quality
        • Disable SSAO on low-end hardware
        • Use simpler fog

📈 DETAILED STATS:
  Draw Calls: 10972 avg | 12174 max
  Vertices: 8393396 avg | 8481925 max
  Physics Bodies: 460
  Nodes: 30233
  VRAM: 794.6 MB

=================================================

⚡ PHYSICS SPIKE #715: 11.5 ms at 51.1s (Bodies: 464)
⚡ PHYSICS SPIKE #716: 11.5 ms at 51.1s (Bodies: 464)
⚡ PHYSICS SPIKE #717: 11.5 ms at 51.1s (Bodies: 464)
⚡ PHYSICS SPIKE #718: 11.5 ms at 51.1s (Bodies: 464)
⚡ PHYSICS SPIKE #719: 11.5 ms at 51.1s (Bodies: 464)
⚡ PHYSICS SPIKE #720: 11.5 ms at 51.1s (Bodies: 464)
⚡ FRAME SPIKE #1078: 93.1 ms at 51.1s (Draw: 11597, Bodies: 464)
⚡ PHYSICS SPIKE #721: 11.9 ms at 51.2s (Bodies: 464)
⚡ PHYSICS SPIKE #722: 11.9 ms at 51.2s (Bodies: 464)
⚡ PHYSICS SPIKE #723: 11.9 ms at 51.2s (Bodies: 464)
⚡ PHYSICS SPIKE #724: 11.9 ms at 51.2s (Bodies: 464)
⚡ PHYSICS SPIKE #725: 11.9 ms at 51.2s (Bodies: 464)
⚡ FRAME SPIKE #1079: 93.3 ms at 51.2s (Draw: 11624, Bodies: 464)
⚡ PHYSICS SPIKE #726: 11.9 ms at 51.3s (Bodies: 464)
⚡ PHYSICS SPIKE #727: 11.9 ms at 51.3s (Bodies: 464)
⚡ PHYSICS SPIKE #728: 11.9 ms at 51.3s (Bodies: 464)
⚡ PHYSICS SPIKE #729: 11.9 ms at 51.3s (Bodies: 464)
⚡ PHYSICS SPIKE #730: 11.9 ms at 51.3s (Bodies: 464)
⚡ PHYSICS SPIKE #731: 11.9 ms at 51.3s (Bodies: 464)
⚡ FRAME SPIKE #1080: 93.1 ms at 51.3s (Draw: 11651, Bodies: 464)
⚡ PHYSICS SPIKE #732: 11.9 ms at 51.4s (Bodies: 464)
⚡ PHYSICS SPIKE #733: 11.9 ms at 51.4s (Bodies: 464)
⚡ PHYSICS SPIKE #734: 11.9 ms at 51.4s (Bodies: 464)
⚡ PHYSICS SPIKE #735: 11.9 ms at 51.4s (Bodies: 464)
⚡ PHYSICS SPIKE #736: 11.9 ms at 51.4s (Bodies: 464)
⚡ PHYSICS SPIKE #737: 11.9 ms at 51.4s (Bodies: 464)
⚡ FRAME SPIKE #1081: 93.3 ms at 51.4s (Draw: 11680, Bodies: 464)
⚡ PHYSICS SPIKE #738: 11.9 ms at 51.5s (Bodies: 464)
⚡ PHYSICS SPIKE #739: 11.9 ms at 51.5s (Bodies: 464)
⚡ PHYSICS SPIKE #740: 11.9 ms at 51.5s (Bodies: 464)
⚡ PHYSICS SPIKE #741: 11.9 ms at 51.5s (Bodies: 464)
⚡ PHYSICS SPIKE #742: 11.9 ms at 51.5s (Bodies: 464)
⚡ FRAME SPIKE #1082: 93.3 ms at 51.5s (Draw: 11688, Bodies: 464)
⚡ PHYSICS SPIKE #743: 11.9 ms at 51.6s (Bodies: 464)
⚡ PHYSICS SPIKE #744: 11.9 ms at 51.6s (Bodies: 464)
⚡ PHYSICS SPIKE #745: 11.9 ms at 51.6s (Bodies: 464)
⚡ PHYSICS SPIKE #746: 11.9 ms at 51.6s (Bodies: 464)
⚡ PHYSICS SPIKE #747: 11.9 ms at 51.6s (Bodies: 464)
⚡ PHYSICS SPIKE #748: 11.9 ms at 51.6s (Bodies: 464)
⚡ FRAME SPIKE #1083: 93.3 ms at 51.6s (Draw: 11688, Bodies: 464)
⚡ PHYSICS SPIKE #749: 11.9 ms at 51.7s (Bodies: 464)
⚡ PHYSICS SPIKE #750: 11.9 ms at 51.7s (Bodies: 464)
⚡ PHYSICS SPIKE #751: 11.9 ms at 51.7s (Bodies: 464)
⚡ PHYSICS SPIKE #752: 11.9 ms at 51.7s (Bodies: 464)
⚡ PHYSICS SPIKE #753: 11.9 ms at 51.7s (Bodies: 463)
⚡ FRAME SPIKE #1084: 93.3 ms at 51.7s (Draw: 11688, Bodies: 463)
⚡ PHYSICS SPIKE #754: 11.9 ms at 51.8s (Bodies: 463)
⚡ PHYSICS SPIKE #755: 11.9 ms at 51.8s (Bodies: 463)
⚡ PHYSICS SPIKE #756: 11.9 ms at 51.8s (Bodies: 463)
⚡ PHYSICS SPIKE #757: 11.9 ms at 51.8s (Bodies: 463)
⚡ PHYSICS SPIKE #758: 11.9 ms at 51.8s (Bodies: 463)
⚡ PHYSICS SPIKE #759: 11.9 ms at 51.8s (Bodies: 463)
⚡ FRAME SPIKE #1085: 93.3 ms at 51.8s (Draw: 11682, Bodies: 463)
⚡ PHYSICS SPIKE #760: 11.9 ms at 51.9s (Bodies: 463)
⚡ PHYSICS SPIKE #761: 11.9 ms at 51.9s (Bodies: 463)
⚡ PHYSICS SPIKE #762: 11.9 ms at 51.9s (Bodies: 463)
⚡ PHYSICS SPIKE #763: 11.9 ms at 51.9s (Bodies: 463)
⚡ PHYSICS SPIKE #764: 11.9 ms at 51.9s (Bodies: 463)
⚡ PHYSICS SPIKE #765: 11.9 ms at 51.9s (Bodies: 463)
⚡ FRAME SPIKE #1086: 93.3 ms at 51.9s (Draw: 11688, Bodies: 463)
⚡ PHYSICS SPIKE #766: 11.9 ms at 51.9s (Bodies: 463)
⚡ PHYSICS SPIKE #767: 11.9 ms at 51.9s (Bodies: 463)
⚡ PHYSICS SPIKE #768: 11.9 ms at 51.9s (Bodies: 463)
⚡ PHYSICS SPIKE #769: 11.9 ms at 51.9s (Bodies: 463)
⚡ PHYSICS SPIKE #770: 11.9 ms at 51.9s (Bodies: 463)
⚡ FRAME SPIKE #1087: 93.3 ms at 51.9s (Draw: 11717, Bodies: 463)
⚡ PHYSICS SPIKE #771: 11.9 ms at 52.0s (Bodies: 463)
⚡ PHYSICS SPIKE #772: 11.9 ms at 52.0s (Bodies: 463)
⚡ PHYSICS SPIKE #773: 11.9 ms at 52.0s (Bodies: 463)
⚡ PHYSICS SPIKE #774: 11.9 ms at 52.0s (Bodies: 463)
⚡ PHYSICS SPIKE #775: 11.9 ms at 52.0s (Bodies: 463)
⚡ PHYSICS SPIKE #776: 11.9 ms at 52.0s (Bodies: 463)
⚡ FRAME SPIKE #1088: 93.3 ms at 52.0s (Draw: 11740, Bodies: 463)
⚡ PHYSICS SPIKE #777: 11.9 ms at 52.1s (Bodies: 463)
⚡ PHYSICS SPIKE #778: 11.9 ms at 52.1s (Bodies: 463)
⚡ PHYSICS SPIKE #779: 11.9 ms at 52.1s (Bodies: 463)
⚡ PHYSICS SPIKE #780: 11.9 ms at 52.1s (Bodies: 463)
⚡ PHYSICS SPIKE #781: 11.9 ms at 52.1s (Bodies: 463)
⚡ FRAME SPIKE #1089: 93.4 ms at 52.1s (Draw: 11774, Bodies: 463)
⚡ PHYSICS SPIKE #782: 14.9 ms at 52.2s (Bodies: 463)
⚡ PHYSICS SPIKE #783: 14.9 ms at 52.2s (Bodies: 463)
⚡ PHYSICS SPIKE #784: 14.9 ms at 52.2s (Bodies: 463)
⚡ PHYSICS SPIKE #785: 14.9 ms at 52.2s (Bodies: 463)
⚡ PHYSICS SPIKE #786: 14.9 ms at 52.2s (Bodies: 463)
⚡ PHYSICS SPIKE #787: 14.9 ms at 52.2s (Bodies: 463)
⚡ FRAME SPIKE #1090: 93.3 ms at 52.2s (Draw: 11791, Bodies: 463)
⚡ PHYSICS SPIKE #788: 14.9 ms at 52.3s (Bodies: 463)
⚡ PHYSICS SPIKE #789: 14.9 ms at 52.3s (Bodies: 463)
⚡ PHYSICS SPIKE #790: 14.9 ms at 52.3s (Bodies: 463)
⚡ PHYSICS SPIKE #791: 14.9 ms at 52.3s (Bodies: 463)
⚡ PHYSICS SPIKE #792: 14.9 ms at 52.3s (Bodies: 463)
⚡ PHYSICS SPIKE #793: 14.9 ms at 52.3s (Bodies: 463)
⚡ FRAME SPIKE #1091: 93.3 ms at 52.3s (Draw: 11805, Bodies: 463)
⚡ PHYSICS SPIKE #794: 14.9 ms at 52.4s (Bodies: 463)
⚡ PHYSICS SPIKE #795: 14.9 ms at 52.4s (Bodies: 463)
⚡ PHYSICS SPIKE #796: 14.9 ms at 52.4s (Bodies: 463)
⚡ PHYSICS SPIKE #797: 14.9 ms at 52.4s (Bodies: 463)
⚡ PHYSICS SPIKE #798: 14.9 ms at 52.4s (Bodies: 463)
⚡ FRAME SPIKE #1092: 94.5 ms at 52.4s (Draw: 11813, Bodies: 463)
⚡ PHYSICS SPIKE #799: 14.9 ms at 52.5s (Bodies: 463)
⚡ PHYSICS SPIKE #800: 14.9 ms at 52.5s (Bodies: 463)
⚡ PHYSICS SPIKE #801: 14.9 ms at 52.5s (Bodies: 463)
⚡ PHYSICS SPIKE #802: 14.9 ms at 52.5s (Bodies: 463)
⚡ PHYSICS SPIKE #803: 14.9 ms at 52.5s (Bodies: 463)
⚡ PHYSICS SPIKE #804: 14.9 ms at 52.5s (Bodies: 463)
⚡ FRAME SPIKE #1093: 93.3 ms at 52.5s (Draw: 11817, Bodies: 463)
⚡ PHYSICS SPIKE #805: 14.9 ms at 52.6s (Bodies: 463)
⚡ PHYSICS SPIKE #806: 14.9 ms at 52.6s (Bodies: 463)
⚡ PHYSICS SPIKE #807: 14.9 ms at 52.6s (Bodies: 463)
⚡ PHYSICS SPIKE #808: 14.9 ms at 52.6s (Bodies: 463)
⚡ PHYSICS SPIKE #809: 14.9 ms at 52.6s (Bodies: 463)
⚡ FRAME SPIKE #1094: 93.3 ms at 52.6s (Draw: 11818, Bodies: 463)
⚡ PHYSICS SPIKE #810: 14.9 ms at 52.7s (Bodies: 463)
⚡ PHYSICS SPIKE #811: 14.9 ms at 52.7s (Bodies: 463)
⚡ PHYSICS SPIKE #812: 14.9 ms at 52.7s (Bodies: 463)
⚡ PHYSICS SPIKE #813: 14.9 ms at 52.7s (Bodies: 463)
⚡ PHYSICS SPIKE #814: 14.9 ms at 52.7s (Bodies: 463)
⚡ PHYSICS SPIKE #815: 14.9 ms at 52.7s (Bodies: 463)
⚡ FRAME SPIKE #1095: 93.1 ms at 52.7s (Draw: 11820, Bodies: 463)
⚡ PHYSICS SPIKE #816: 14.9 ms at 52.8s (Bodies: 463)
⚡ PHYSICS SPIKE #817: 14.9 ms at 52.8s (Bodies: 463)
⚡ PHYSICS SPIKE #818: 14.9 ms at 52.8s (Bodies: 463)
⚡ PHYSICS SPIKE #819: 14.9 ms at 52.8s (Bodies: 463)
⚡ PHYSICS SPIKE #820: 14.9 ms at 52.8s (Bodies: 463)
⚡ PHYSICS SPIKE #821: 14.9 ms at 52.8s (Bodies: 463)
⚡ FRAME SPIKE #1096: 93.3 ms at 52.8s (Draw: 11824, Bodies: 463)
⚡ PHYSICS SPIKE #822: 14.9 ms at 52.9s (Bodies: 463)
⚡ PHYSICS SPIKE #823: 14.9 ms at 52.9s (Bodies: 463)
⚡ PHYSICS SPIKE #824: 14.9 ms at 52.9s (Bodies: 463)
⚡ PHYSICS SPIKE #825: 14.9 ms at 52.9s (Bodies: 463)
⚡ PHYSICS SPIKE #826: 14.9 ms at 52.9s (Bodies: 463)
⚡ FRAME SPIKE #1097: 93.3 ms at 52.9s (Draw: 11823, Bodies: 463)
⚡ PHYSICS SPIKE #827: 14.9 ms at 53.0s (Bodies: 463)
⚡ PHYSICS SPIKE #828: 14.9 ms at 53.0s (Bodies: 463)
⚡ PHYSICS SPIKE #829: 14.9 ms at 53.0s (Bodies: 463)
⚡ PHYSICS SPIKE #830: 14.9 ms at 53.0s (Bodies: 463)
⚡ PHYSICS SPIKE #831: 14.9 ms at 53.0s (Bodies: 463)
⚡ PHYSICS SPIKE #832: 14.9 ms at 53.0s (Bodies: 463)
⚡ FRAME SPIKE #1098: 93.3 ms at 53.0s (Draw: 11824, Bodies: 463)
⚡ PHYSICS SPIKE #833: 14.9 ms at 53.1s (Bodies: 463)
⚡ PHYSICS SPIKE #834: 14.9 ms at 53.1s (Bodies: 465)
⚡ PHYSICS SPIKE #835: 14.9 ms at 53.1s (Bodies: 465)
⚡ PHYSICS SPIKE #836: 14.9 ms at 53.1s (Bodies: 465)
⚡ PHYSICS SPIKE #837: 14.9 ms at 53.1s (Bodies: 465)
⚡ PHYSICS SPIKE #838: 14.9 ms at 53.1s (Bodies: 465)
⚡ FRAME SPIKE #1099: 96.1 ms at 53.1s (Draw: 12635, Bodies: 465)
🚗 Traffic: 32 active NPCs (Near: 14, Mid: 11, Far: 7), 5 pooled
  → Physics bodies from NPCs: 32 (All: 32×1, было бы 32×5=160)

========== Bottleneck Analysis Report ==========
Time: 63.1s | Frames: 1406

📊 PERFORMANCE OVERVIEW:
  FPS: 11.9 avg | 10.0 min
  Frame Time: 34.40 ms avg | 36.08 ms max
  Physics Time: 11.81 ms avg

🔍 BOTTLENECK IDENTIFICATION:
  🔴 [CRITICAL] Frame Time
      Value: 34.40 ms (target: 16.67 ms)
      Impact: Overall performance bottleneck
      Suggestions:
        • Reduce draw calls
        • Optimize scripts in _process()
        • Check for expensive operations per frame

  🔴 [CRITICAL] Physics Time
      Value: 11.81 ms
      Impact: Physics simulation overhead
      Suggestions:
        • Reduce number of active physics bodies
        • Simplify collision shapes
        • Disable physics for distant objects

  🟠 [HIGH] Draw Calls
      Value: 11320 calls/frame
      Impact: GPU rendering overhead
      Suggestions:
        • Batch meshes by material
        • Use MultiMeshInstance3D
        • Implement LOD system
        • Enable frustum culling

  🟠 [HIGH] Physics Bodies
      Value: 461 active bodies
      Impact: Physics engine load
      Suggestions:
        • Reduce NPC count
        • Convert distant NPCs to kinematic
        • Disable physics for far objects

  🟡 [MEDIUM] Vertex Count
      Value: 8372940 vertices/frame
      Impact: GPU vertex processing
      Suggestions:
        • Implement LOD for distant objects
        • Simplify building meshes
        • Use lower poly models

  🟡 [MEDIUM] Node Count
      Value: 30233 nodes
      Impact: Scene tree traversal overhead
      Suggestions:
        • Unload distant chunks
        • Pool and reuse nodes
        • Flatten hierarchy where possible

  🟡 [MEDIUM] Post-Processing Effects
      Value: SSAO, Glow/Bloom, Volumetric Fog
      Impact: GPU shader overhead
      Suggestions:
        • Reduce SSR quality
        • Disable SSAO on low-end hardware
        • Use simpler fog

📈 DETAILED STATS:
  Draw Calls: 11320 avg | 12635 max
  Vertices: 8372940 avg | 8481925 max
  Physics Bodies: 461
  Nodes: 30233
  VRAM: 794.6 MB

=================================================

⚡ PHYSICS SPIKE #839: 14.9 ms at 53.2s (Bodies: 465)
⚡ PHYSICS SPIKE #840: 14.9 ms at 53.2s (Bodies: 465)
⚡ PHYSICS SPIKE #841: 14.9 ms at 53.2s (Bodies: 465)
⚡ PHYSICS SPIKE #842: 14.9 ms at 53.2s (Bodies: 465)
⚡ PHYSICS SPIKE #843: 14.9 ms at 53.2s (Bodies: 465)
⚡ PHYSICS SPIKE #844: 14.9 ms at 53.2s (Bodies: 465)
⚡ FRAME SPIKE #1100: 101.4 ms at 53.2s (Draw: 12632, Bodies: 465)
⚡ PHYSICS SPIKE #845: 11.7 ms at 53.3s (Bodies: 465)
⚡ PHYSICS SPIKE #846: 11.7 ms at 53.3s (Bodies: 465)
⚡ PHYSICS SPIKE #847: 11.7 ms at 53.3s (Bodies: 465)
⚡ PHYSICS SPIKE #848: 11.7 ms at 53.3s (Bodies: 465)
⚡ PHYSICS SPIKE #849: 11.7 ms at 53.3s (Bodies: 465)
⚡ PHYSICS SPIKE #850: 11.7 ms at 53.3s (Bodies: 465)
⚡ FRAME SPIKE #1101: 101.0 ms at 53.3s (Draw: 12632, Bodies: 465)
⚡ PHYSICS SPIKE #851: 11.7 ms at 53.4s (Bodies: 465)
⚡ PHYSICS SPIKE #852: 11.7 ms at 53.4s (Bodies: 465)
⚡ PHYSICS SPIKE #853: 11.7 ms at 53.4s (Bodies: 465)
⚡ PHYSICS SPIKE #854: 11.7 ms at 53.4s (Bodies: 465)
⚡ PHYSICS SPIKE #855: 11.7 ms at 53.4s (Bodies: 465)
⚡ PHYSICS SPIKE #856: 11.7 ms at 53.4s (Bodies: 465)
⚡ FRAME SPIKE #1102: 100.8 ms at 53.4s (Draw: 12630, Bodies: 465)
⚡ PHYSICS SPIKE #857: 11.7 ms at 53.5s (Bodies: 465)
⚡ PHYSICS SPIKE #858: 11.7 ms at 53.5s (Bodies: 465)
⚡ PHYSICS SPIKE #859: 11.7 ms at 53.5s (Bodies: 465)
⚡ PHYSICS SPIKE #860: 11.7 ms at 53.5s (Bodies: 465)
⚡ PHYSICS SPIKE #861: 11.7 ms at 53.5s (Bodies: 465)
⚡ PHYSICS SPIKE #862: 11.7 ms at 53.5s (Bodies: 465)
⚡ PHYSICS SPIKE #863: 11.7 ms at 53.5s (Bodies: 465)
⚡ FRAME SPIKE #1103: 120.8 ms at 53.5s (Draw: 12630, Bodies: 465)
⚡ PHYSICS SPIKE #864: 11.7 ms at 53.6s (Bodies: 465)
⚡ PHYSICS SPIKE #865: 11.7 ms at 53.6s (Bodies: 465)
⚡ PHYSICS SPIKE #866: 11.7 ms at 53.6s (Bodies: 465)
⚡ PHYSICS SPIKE #867: 11.7 ms at 53.6s (Bodies: 465)
⚡ PHYSICS SPIKE #868: 11.7 ms at 53.6s (Bodies: 465)
⚡ PHYSICS SPIKE #869: 11.7 ms at 53.6s (Bodies: 465)
⚡ PHYSICS SPIKE #870: 11.7 ms at 53.6s (Bodies: 465)
⚡ FRAME SPIKE #1104: 121.1 ms at 53.6s (Draw: 12625, Bodies: 465)
⚡ PHYSICS SPIKE #871: 11.7 ms at 53.7s (Bodies: 465)
⚡ PHYSICS SPIKE #872: 11.7 ms at 53.7s (Bodies: 465)
⚡ PHYSICS SPIKE #873: 11.7 ms at 53.7s (Bodies: 465)
⚡ PHYSICS SPIKE #874: 11.7 ms at 53.7s (Bodies: 465)
⚡ PHYSICS SPIKE #875: 11.7 ms at 53.7s (Bodies: 465)
⚡ PHYSICS SPIKE #876: 11.7 ms at 53.7s (Bodies: 465)
⚡ PHYSICS SPIKE #877: 11.7 ms at 53.7s (Bodies: 465)
⚡ PHYSICS SPIKE #878: 11.7 ms at 53.7s (Bodies: 465)
⚡ FRAME SPIKE #1105: 121.6 ms at 53.7s (Draw: 12627, Bodies: 465)
⚡ PHYSICS SPIKE #879: 11.7 ms at 53.8s (Bodies: 465)
⚡ PHYSICS SPIKE #880: 11.7 ms at 53.8s (Bodies: 465)
⚡ PHYSICS SPIKE #881: 11.7 ms at 53.8s (Bodies: 465)
⚡ PHYSICS SPIKE #882: 11.7 ms at 53.8s (Bodies: 465)
⚡ PHYSICS SPIKE #883: 11.7 ms at 53.8s (Bodies: 465)
⚡ PHYSICS SPIKE #884: 11.7 ms at 53.8s (Bodies: 465)
⚡ PHYSICS SPIKE #885: 11.7 ms at 53.8s (Bodies: 465)
⚡ FRAME SPIKE #1106: 130.6 ms at 53.8s (Draw: 12630, Bodies: 465)
⚡ PHYSICS SPIKE #886: 11.7 ms at 54.0s (Bodies: 465)
⚡ PHYSICS SPIKE #887: 11.7 ms at 54.0s (Bodies: 465)
⚡ PHYSICS SPIKE #888: 11.7 ms at 54.0s (Bodies: 465)
⚡ PHYSICS SPIKE #889: 11.7 ms at 54.0s (Bodies: 465)
⚡ PHYSICS SPIKE #890: 11.7 ms at 54.0s (Bodies: 465)
⚡ PHYSICS SPIKE #891: 11.7 ms at 54.0s (Bodies: 465)
⚡ PHYSICS SPIKE #892: 11.7 ms at 54.0s (Bodies: 465)
⚡ PHYSICS SPIKE #893: 11.7 ms at 54.0s (Bodies: 465)
⚡ FRAME SPIKE #1107: 123.3 ms at 54.0s (Draw: 12628, Bodies: 465)
⚡ PHYSICS SPIKE #894: 11.7 ms at 54.1s (Bodies: 465)
⚡ PHYSICS SPIKE #895: 11.7 ms at 54.1s (Bodies: 467)
⚡ PHYSICS SPIKE #896: 11.7 ms at 54.1s (Bodies: 467)
⚡ PHYSICS SPIKE #897: 11.7 ms at 54.1s (Bodies: 467)
⚡ PHYSICS SPIKE #898: 11.7 ms at 54.1s (Bodies: 467)
⚡ PHYSICS SPIKE #899: 11.7 ms at 54.1s (Bodies: 467)
⚡ PHYSICS SPIKE #900: 11.7 ms at 54.1s (Bodies: 467)
⚡ PHYSICS SPIKE #901: 11.7 ms at 54.1s (Bodies: 467)
⚡ FRAME SPIKE #1108: 133.1 ms at 54.1s (Draw: 13548, Bodies: 467)
⚡ PHYSICS SPIKE #902: 12.7 ms at 54.2s (Bodies: 467)
⚡ PHYSICS SPIKE #903: 12.7 ms at 54.2s (Bodies: 467)
⚡ PHYSICS SPIKE #904: 12.7 ms at 54.2s (Bodies: 467)
⚡ PHYSICS SPIKE #905: 12.7 ms at 54.2s (Bodies: 467)
⚡ PHYSICS SPIKE #906: 12.7 ms at 54.2s (Bodies: 467)
⚡ PHYSICS SPIKE #907: 12.7 ms at 54.2s (Bodies: 467)
⚡ PHYSICS SPIKE #908: 12.7 ms at 54.2s (Bodies: 467)
⚡ PHYSICS SPIKE #909: 12.7 ms at 54.2s (Bodies: 467)
⚡ FRAME SPIKE #1109: 133.0 ms at 54.2s (Draw: 13548, Bodies: 467)
⚡ PHYSICS SPIKE #910: 12.7 ms at 54.3s (Bodies: 467)
⚡ PHYSICS SPIKE #911: 12.7 ms at 54.3s (Bodies: 467)
⚡ PHYSICS SPIKE #912: 12.7 ms at 54.3s (Bodies: 467)
⚡ PHYSICS SPIKE #913: 12.7 ms at 54.3s (Bodies: 467)
⚡ PHYSICS SPIKE #914: 12.7 ms at 54.3s (Bodies: 467)
⚡ PHYSICS SPIKE #915: 12.7 ms at 54.3s (Bodies: 467)
⚡ PHYSICS SPIKE #916: 12.7 ms at 54.3s (Bodies: 467)
⚡ PHYSICS SPIKE #917: 12.7 ms at 54.3s (Bodies: 467)
⚡ FRAME SPIKE #1110: 132.5 ms at 54.3s (Draw: 13545, Bodies: 467)
⚡ PHYSICS SPIKE #918: 12.7 ms at 54.5s (Bodies: 467)
⚡ PHYSICS SPIKE #919: 12.7 ms at 54.5s (Bodies: 467)
⚡ PHYSICS SPIKE #920: 12.7 ms at 54.5s (Bodies: 467)
⚡ PHYSICS SPIKE #921: 12.7 ms at 54.5s (Bodies: 467)
⚡ PHYSICS SPIKE #922: 12.7 ms at 54.5s (Bodies: 467)
⚡ PHYSICS SPIKE #923: 12.7 ms at 54.5s (Bodies: 467)
⚡ PHYSICS SPIKE #924: 12.7 ms at 54.5s (Bodies: 467)
⚡ PHYSICS SPIKE #925: 12.7 ms at 54.5s (Bodies: 467)
⚡ FRAME SPIKE #1111: 142.1 ms at 54.5s (Draw: 13545, Bodies: 467)
⚡ PHYSICS SPIKE #926: 12.7 ms at 54.6s (Bodies: 467)
⚡ PHYSICS SPIKE #927: 12.7 ms at 54.6s (Bodies: 467)
⚡ PHYSICS SPIKE #928: 12.7 ms at 54.6s (Bodies: 467)
⚡ PHYSICS SPIKE #929: 12.7 ms at 54.6s (Bodies: 467)
⚡ PHYSICS SPIKE #930: 12.7 ms at 54.6s (Bodies: 467)
⚡ PHYSICS SPIKE #931: 12.7 ms at 54.6s (Bodies: 467)
⚡ PHYSICS SPIKE #932: 12.7 ms at 54.6s (Bodies: 467)
⚡ PHYSICS SPIKE #933: 12.7 ms at 54.6s (Bodies: 467)
⚡ FRAME SPIKE #1112: 121.2 ms at 54.6s (Draw: 13548, Bodies: 467)

=== PERFORMANCE METRICS ===
FPS: 8 | Frame: 73.0 ms (max 142.1) | Physics: 16.9 ms (max 69.8)
Godot Process: 43.58 ms | Physics: 12.72 ms
Objects: 69039 | Nodes: 30233 | Resources: 538
Draw calls: 13548 | Vertices: 8329700 | VRAM: 794.6 MB
Physics bodies: 467 | Collision pairs: 5671
--- System Times ---
  road_batch_finalize_total_-1,-1: 11.69 ms (max 11.69)
  road_batch_finalize_total_-1,-2: 5.78 ms (max 5.78)
  road_batch_finalize_total_-1,-3: 8.34 ms (max 8.34)
  road_batch_finalize_total_-1,-4: 9.39 ms (max 9.39)
  road_batch_finalize_total_-1,0: 19.43 ms (max 19.43)
  road_batch_finalize_total_-2,-1: 17.95 ms (max 17.95)
  road_batch_finalize_total_-2,-2: 15.50 ms (max 15.50)
  road_batch_finalize_total_-2,-3: 8.38 ms (max 8.39)
  road_batch_finalize_total_-2,0: 15.64 ms (max 15.64)
  road_batch_finalize_total_0,-1: 19.50 ms (max 19.50)
  road_batch_finalize_total_0,-2: 18.98 ms (max 18.98)
  road_batch_finalize_total_0,-3: 10.92 ms (max 10.92)
  road_batch_finalize_total_0,-4: 6.25 ms (max 6.25)
  road_batch_finalize_total_0,0: 14.58 ms (max 14.58)
  road_batch_finalize_total_0,1: 10.33 ms (max 10.33)
  road_batch_finalize_total_1,-1: 17.43 ms (max 17.43)
  road_batch_finalize_total_1,-2: 15.50 ms (max 15.50)
  road_batch_finalize_total_1,-3: 9.12 ms (max 9.12)
  road_batch_finalize_total_1,-4: 9.66 ms (max 9.66)
  road_batch_finalize_total_1,0: 10.98 ms (max 10.98)
  road_batch_finalize_total_2,-1: 4.08 ms (max 4.08)
  road_batch_finalize_total_2,-2: 8.09 ms (max 8.09)
  road_batch_finalize_total_2,-3: 6.81 ms (max 6.81)
  road_batch_finalize_total_2,-4: 8.34 ms (max 8.34)
  road_collision_create_-1,-1: 3.59 ms (max 4.29)
  road_collision_create_-1,-2: 2.64 ms (max 3.20)
  road_collision_create_-1,-3: 2.53 ms (max 4.39)
  road_collision_create_-1,-4: 4.36 ms (max 4.96)
  road_collision_create_-1,0: 9.45 ms (max 16.64)
  road_collision_create_-2,-1: 5.74 ms (max 11.96)
  road_collision_create_-2,-2: 7.40 ms (max 12.74)
  road_collision_create_-2,-3: 2.49 ms (max 3.77)
  road_collision_create_-2,0: 7.45 ms (max 11.90)
  road_collision_create_0,-1: 6.21 ms (max 12.30)
  road_collision_create_0,-2: 6.03 ms (max 11.80)
  road_collision_create_0,-3: 3.35 ms (max 4.30)
  road_collision_create_0,-4: 1.80 ms (max 3.04)
  road_collision_create_0,0: 4.62 ms (max 10.86)
  road_collision_create_0,1: 10.06 ms (max 10.06)
  road_collision_create_1,-1: 5.58 ms (max 12.81)
  road_collision_create_1,-2: 7.47 ms (max 12.45)
  road_collision_create_1,-3: 2.73 ms (max 3.94)
  road_collision_create_1,-4: 2.95 ms (max 4.02)
  road_collision_create_1,0: 10.68 ms (max 10.68)
  road_collision_create_2,-1: 1.76 ms (max 2.26)
  road_collision_create_2,-2: 2.40 ms (max 4.32)
  road_collision_create_2,-3: 3.07 ms (max 3.90)
  road_collision_create_2,-4: 3.76 ms (max 4.23)
===========================

=== PERFORMANCE METRICS ===
FPS: 8 | Frame: 73.0 ms (max 142.1) | Physics: 16.9 ms (max 70.2)
Godot Process: 43.58 ms | Physics: 12.72 ms
Objects: 69039 | Nodes: 30233 | Resources: 538
Draw calls: 13548 | Vertices: 8329700 | VRAM: 794.6 MB
Physics bodies: 467 | Collision pairs: 5671
===========================
⚡ PHYSICS SPIKE #934: 12.7 ms at 54.7s (Bodies: 467)
⚡ PHYSICS SPIKE #935: 12.7 ms at 54.7s (Bodies: 467)
⚡ PHYSICS SPIKE #936: 12.7 ms at 54.7s (Bodies: 467)
⚡ PHYSICS SPIKE #937: 12.7 ms at 54.7s (Bodies: 467)
⚡ PHYSICS SPIKE #938: 12.7 ms at 54.7s (Bodies: 467)
⚡ PHYSICS SPIKE #939: 12.7 ms at 54.7s (Bodies: 467)
⚡ PHYSICS SPIKE #940: 12.7 ms at 54.7s (Bodies: 467)
⚡ PHYSICS SPIKE #941: 12.7 ms at 54.7s (Bodies: 467)
⚡ FRAME SPIKE #1113: 134.8 ms at 54.7s (Draw: 13547, Bodies: 467)
⚡ PHYSICS SPIKE #942: 12.7 ms at 54.9s (Bodies: 467)
⚡ PHYSICS SPIKE #943: 12.7 ms at 54.9s (Bodies: 467)
⚡ PHYSICS SPIKE #944: 12.7 ms at 54.9s (Bodies: 467)
⚡ PHYSICS SPIKE #945: 12.7 ms at 54.9s (Bodies: 467)
⚡ PHYSICS SPIKE #946: 12.7 ms at 54.9s (Bodies: 467)
⚡ PHYSICS SPIKE #947: 12.7 ms at 54.9s (Bodies: 467)
⚡ PHYSICS SPIKE #948: 12.7 ms at 54.9s (Bodies: 467)
⚡ FRAME SPIKE #1114: 122.1 ms at 54.9s (Draw: 13544, Bodies: 467)
⚡ PHYSICS SPIKE #949: 12.7 ms at 55.0s (Bodies: 467)
⚡ PHYSICS SPIKE #950: 12.7 ms at 55.0s (Bodies: 467)
⚡ PHYSICS SPIKE #951: 12.7 ms at 55.0s (Bodies: 467)
⚡ PHYSICS SPIKE #952: 12.7 ms at 55.0s (Bodies: 467)
⚡ PHYSICS SPIKE #953: 12.7 ms at 55.0s (Bodies: 467)
⚡ PHYSICS SPIKE #954: 12.7 ms at 55.0s (Bodies: 467)
⚡ PHYSICS SPIKE #955: 12.7 ms at 55.0s (Bodies: 467)
⚡ PHYSICS SPIKE #956: 12.7 ms at 55.0s (Bodies: 467)
⚡ FRAME SPIKE #1115: 126.7 ms at 55.0s (Draw: 13545, Bodies: 467)
⚡ PHYSICS SPIKE #957: 12.7 ms at 55.1s (Bodies: 467)
⚡ PHYSICS SPIKE #958: 12.7 ms at 55.1s (Bodies: 468)
⚡ PHYSICS SPIKE #959: 12.7 ms at 55.1s (Bodies: 468)
⚡ PHYSICS SPIKE #960: 12.7 ms at 55.1s (Bodies: 468)
⚡ PHYSICS SPIKE #961: 12.7 ms at 55.1s (Bodies: 468)
⚡ PHYSICS SPIKE #962: 12.7 ms at 55.1s (Bodies: 468)
⚡ PHYSICS SPIKE #963: 12.7 ms at 55.1s (Bodies: 468)
⚡ FRAME SPIKE #1116: 125.0 ms at 55.1s (Draw: 13573, Bodies: 468)
🚗 Traffic: 35 active NPCs (Near: 16, Mid: 12, Far: 7), 2 pooled
  → Physics bodies from NPCs: 35 (All: 35×1, было бы 35×5=175)

========== Bottleneck Analysis Report ==========
Time: 65.2s | Frames: 1423

📊 PERFORMANCE OVERVIEW:
  FPS: 11.3 avg | 8.0 min
  Frame Time: 35.57 ms avg | 43.58 ms max
  Physics Time: 11.99 ms avg

🔍 BOTTLENECK IDENTIFICATION:
  🔴 [CRITICAL] Frame Time
      Value: 35.57 ms (target: 16.67 ms)
      Impact: Overall performance bottleneck
      Suggestions:
        • Reduce draw calls
        • Optimize scripts in _process()
        • Check for expensive operations per frame

  🔴 [CRITICAL] Physics Time
      Value: 11.99 ms
      Impact: Physics simulation overhead
      Suggestions:
        • Reduce number of active physics bodies
        • Simplify collision shapes
        • Disable physics for distant objects

  🟠 [HIGH] Draw Calls
      Value: 11737 calls/frame
      Impact: GPU rendering overhead
      Suggestions:
        • Batch meshes by material
        • Use MultiMeshInstance3D
        • Implement LOD system
        • Enable frustum culling

  🟠 [HIGH] Physics Bodies
      Value: 462 active bodies
      Impact: Physics engine load
      Suggestions:
        • Reduce NPC count
        • Convert distant NPCs to kinematic
        • Disable physics for far objects

  🟡 [MEDIUM] Vertex Count
      Value: 8365167 vertices/frame
      Impact: GPU vertex processing
      Suggestions:
        • Implement LOD for distant objects
        • Simplify building meshes
        • Use lower poly models

  🟡 [MEDIUM] Node Count
      Value: 30233 nodes
      Impact: Scene tree traversal overhead
      Suggestions:
        • Unload distant chunks
        • Pool and reuse nodes
        • Flatten hierarchy where possible

  🟡 [MEDIUM] Post-Processing Effects
      Value: SSAO, Glow/Bloom, Volumetric Fog
      Impact: GPU shader overhead
      Suggestions:
        • Reduce SSR quality
        • Disable SSAO on low-end hardware
        • Use simpler fog

📈 DETAILED STATS:
  Draw Calls: 11737 avg | 13573 max
  Vertices: 8365167 avg | 8481925 max
  Physics Bodies: 462
  Nodes: 30233
  VRAM: 794.6 MB

=================================================

⚡ PHYSICS SPIKE #964: 16.5 ms at 55.3s (Bodies: 468)
⚡ PHYSICS SPIKE #965: 16.5 ms at 55.3s (Bodies: 468)
⚡ PHYSICS SPIKE #966: 16.5 ms at 55.3s (Bodies: 468)
⚡ PHYSICS SPIKE #967: 16.5 ms at 55.3s (Bodies: 468)
⚡ PHYSICS SPIKE #968: 16.5 ms at 55.3s (Bodies: 468)
⚡ PHYSICS SPIKE #969: 16.5 ms at 55.3s (Bodies: 468)
⚡ PHYSICS SPIKE #970: 16.5 ms at 55.3s (Bodies: 467)
⚡ PHYSICS SPIKE #971: 16.5 ms at 55.3s (Bodies: 467)
⚡ FRAME SPIKE #1117: 126.7 ms at 55.3s (Draw: 13618, Bodies: 467)
⚡ PHYSICS SPIKE #972: 16.5 ms at 55.4s (Bodies: 467)
⚡ PHYSICS SPIKE #973: 16.5 ms at 55.4s (Bodies: 467)
⚡ PHYSICS SPIKE #974: 16.5 ms at 55.4s (Bodies: 467)
⚡ PHYSICS SPIKE #975: 16.5 ms at 55.4s (Bodies: 467)
⚡ PHYSICS SPIKE #976: 16.5 ms at 55.4s (Bodies: 467)
⚡ PHYSICS SPIKE #977: 16.5 ms at 55.4s (Bodies: 467)
⚡ PHYSICS SPIKE #978: 16.5 ms at 55.4s (Bodies: 467)
⚡ PHYSICS SPIKE #979: 16.5 ms at 55.4s (Bodies: 467)
⚡ FRAME SPIKE #1118: 131.4 ms at 55.4s (Draw: 13670, Bodies: 467)
⚡ PHYSICS SPIKE #980: 16.5 ms at 55.5s (Bodies: 467)
⚡ PHYSICS SPIKE #981: 16.5 ms at 55.5s (Bodies: 467)
⚡ PHYSICS SPIKE #982: 16.5 ms at 55.5s (Bodies: 467)
⚡ PHYSICS SPIKE #983: 16.5 ms at 55.5s (Bodies: 467)
⚡ PHYSICS SPIKE #984: 16.5 ms at 55.5s (Bodies: 467)
⚡ PHYSICS SPIKE #985: 16.5 ms at 55.5s (Bodies: 467)
⚡ PHYSICS SPIKE #986: 16.5 ms at 55.5s (Bodies: 467)
⚡ FRAME SPIKE #1119: 126.7 ms at 55.5s (Draw: 13718, Bodies: 467)
⚡ PHYSICS SPIKE #987: 16.5 ms at 55.6s (Bodies: 467)
⚡ PHYSICS SPIKE #988: 16.5 ms at 55.6s (Bodies: 467)
⚡ PHYSICS SPIKE #989: 16.5 ms at 55.6s (Bodies: 467)
⚡ PHYSICS SPIKE #990: 16.5 ms at 55.6s (Bodies: 467)
⚡ PHYSICS SPIKE #991: 16.5 ms at 55.6s (Bodies: 466)
⚡ PHYSICS SPIKE #992: 16.5 ms at 55.6s (Bodies: 466)
⚡ PHYSICS SPIKE #993: 16.5 ms at 55.6s (Bodies: 466)
⚡ PHYSICS SPIKE #994: 16.5 ms at 55.6s (Bodies: 466)
⚡ FRAME SPIKE #1120: 127.1 ms at 55.6s (Draw: 13762, Bodies: 466)
⚡ PHYSICS SPIKE #995: 16.5 ms at 55.8s (Bodies: 466)
⚡ PHYSICS SPIKE #996: 16.5 ms at 55.8s (Bodies: 466)
⚡ PHYSICS SPIKE #997: 16.5 ms at 55.8s (Bodies: 466)
⚡ PHYSICS SPIKE #998: 16.5 ms at 55.8s (Bodies: 466)
⚡ PHYSICS SPIKE #999: 16.5 ms at 55.8s (Bodies: 466)
⚡ PHYSICS SPIKE #1000: 16.5 ms at 55.8s (Bodies: 466)
⚡ PHYSICS SPIKE #1001: 16.5 ms at 55.8s (Bodies: 466)
⚡ PHYSICS SPIKE #1002: 16.5 ms at 55.8s (Bodies: 466)
⚡ FRAME SPIKE #1121: 129.6 ms at 55.8s (Draw: 13829, Bodies: 466)
⚡ PHYSICS SPIKE #1003: 16.5 ms at 55.9s (Bodies: 466)
⚡ PHYSICS SPIKE #1004: 16.5 ms at 55.9s (Bodies: 466)
⚡ PHYSICS SPIKE #1005: 16.5 ms at 55.9s (Bodies: 466)
⚡ PHYSICS SPIKE #1006: 16.5 ms at 55.9s (Bodies: 466)
⚡ PHYSICS SPIKE #1007: 16.5 ms at 55.9s (Bodies: 465)
⚡ PHYSICS SPIKE #1008: 16.5 ms at 55.9s (Bodies: 465)
⚡ PHYSICS SPIKE #1009: 16.5 ms at 55.9s (Bodies: 465)
⚡ FRAME SPIKE #1122: 127.1 ms at 55.9s (Draw: 13915, Bodies: 465)
⚡ PHYSICS SPIKE #1010: 16.5 ms at 56.0s (Bodies: 465)
⚡ PHYSICS SPIKE #1011: 16.5 ms at 56.0s (Bodies: 465)
⚡ PHYSICS SPIKE #1012: 16.5 ms at 56.0s (Bodies: 465)
⚡ PHYSICS SPIKE #1013: 16.5 ms at 56.0s (Bodies: 465)
⚡ PHYSICS SPIKE #1014: 16.5 ms at 56.0s (Bodies: 465)
⚡ PHYSICS SPIKE #1015: 16.5 ms at 56.0s (Bodies: 465)
⚡ PHYSICS SPIKE #1016: 16.5 ms at 56.0s (Bodies: 465)
⚡ FRAME SPIKE #1123: 117.7 ms at 56.0s (Draw: 13895, Bodies: 465)
⚡ PHYSICS SPIKE #1017: 13.2 ms at 56.1s (Bodies: 465)
⚡ PHYSICS SPIKE #1018: 13.2 ms at 56.1s (Bodies: 466)
⚡ PHYSICS SPIKE #1019: 13.2 ms at 56.1s (Bodies: 466)
⚡ PHYSICS SPIKE #1020: 13.2 ms at 56.1s (Bodies: 466)
⚡ PHYSICS SPIKE #1021: 13.2 ms at 56.1s (Bodies: 466)
⚡ PHYSICS SPIKE #1022: 13.2 ms at 56.1s (Bodies: 466)
⚡ PHYSICS SPIKE #1023: 13.2 ms at 56.1s (Bodies: 466)
⚡ FRAME SPIKE #1124: 118.1 ms at 56.1s (Draw: 13889, Bodies: 466)
⚡ PHYSICS SPIKE #1024: 13.2 ms at 56.3s (Bodies: 466)
⚡ PHYSICS SPIKE #1025: 13.2 ms at 56.3s (Bodies: 466)
⚡ PHYSICS SPIKE #1026: 13.2 ms at 56.3s (Bodies: 466)
⚡ PHYSICS SPIKE #1027: 13.2 ms at 56.3s (Bodies: 466)
⚡ PHYSICS SPIKE #1028: 13.2 ms at 56.3s (Bodies: 466)
⚡ PHYSICS SPIKE #1029: 13.2 ms at 56.3s (Bodies: 466)
⚡ PHYSICS SPIKE #1030: 13.2 ms at 56.3s (Bodies: 466)
⚡ FRAME SPIKE #1125: 115.5 ms at 56.3s (Draw: 13905, Bodies: 466)
⚡ PHYSICS SPIKE #1031: 13.2 ms at 56.4s (Bodies: 466)
⚡ PHYSICS SPIKE #1032: 13.2 ms at 56.4s (Bodies: 466)
⚡ PHYSICS SPIKE #1033: 13.2 ms at 56.4s (Bodies: 466)
⚡ PHYSICS SPIKE #1034: 13.2 ms at 56.4s (Bodies: 466)
⚡ PHYSICS SPIKE #1035: 13.2 ms at 56.4s (Bodies: 466)
⚡ PHYSICS SPIKE #1036: 13.2 ms at 56.4s (Bodies: 466)
⚡ PHYSICS SPIKE #1037: 13.2 ms at 56.4s (Bodies: 466)
⚡ FRAME SPIKE #1126: 116.4 ms at 56.4s (Draw: 13926, Bodies: 466)
⚡ PHYSICS SPIKE #1038: 13.2 ms at 56.5s (Bodies: 466)
⚡ PHYSICS SPIKE #1039: 13.2 ms at 56.5s (Bodies: 466)
⚡ PHYSICS SPIKE #1040: 13.2 ms at 56.5s (Bodies: 466)
⚡ PHYSICS SPIKE #1041: 13.2 ms at 56.5s (Bodies: 466)
⚡ PHYSICS SPIKE #1042: 13.2 ms at 56.5s (Bodies: 466)
⚡ PHYSICS SPIKE #1043: 13.2 ms at 56.5s (Bodies: 466)
⚡ PHYSICS SPIKE #1044: 13.2 ms at 56.5s (Bodies: 466)
⚡ FRAME SPIKE #1127: 117.9 ms at 56.5s (Draw: 14060, Bodies: 466)
⚡ PHYSICS SPIKE #1045: 13.2 ms at 56.6s (Bodies: 466)
⚡ PHYSICS SPIKE #1046: 13.2 ms at 56.6s (Bodies: 466)
⚡ PHYSICS SPIKE #1047: 13.2 ms at 56.6s (Bodies: 466)
⚡ PHYSICS SPIKE #1048: 13.2 ms at 56.6s (Bodies: 466)
⚡ PHYSICS SPIKE #1049: 13.2 ms at 56.6s (Bodies: 466)
⚡ PHYSICS SPIKE #1050: 13.2 ms at 56.6s (Bodies: 466)
⚡ PHYSICS SPIKE #1051: 13.2 ms at 56.6s (Bodies: 466)
⚡ FRAME SPIKE #1128: 116.7 ms at 56.6s (Draw: 14068, Bodies: 466)
⚡ PHYSICS SPIKE #1052: 13.2 ms at 56.7s (Bodies: 466)
⚡ PHYSICS SPIKE #1053: 13.2 ms at 56.7s (Bodies: 466)
⚡ PHYSICS SPIKE #1054: 13.2 ms at 56.7s (Bodies: 466)
⚡ PHYSICS SPIKE #1055: 13.2 ms at 56.7s (Bodies: 466)
⚡ PHYSICS SPIKE #1056: 13.2 ms at 56.7s (Bodies: 466)
⚡ PHYSICS SPIKE #1057: 13.2 ms at 56.7s (Bodies: 466)
⚡ PHYSICS SPIKE #1058: 13.2 ms at 56.7s (Bodies: 466)
⚡ FRAME SPIKE #1129: 114.8 ms at 56.7s (Draw: 13924, Bodies: 466)
⚡ PHYSICS SPIKE #1059: 13.2 ms at 56.8s (Bodies: 466)
⚡ PHYSICS SPIKE #1060: 13.2 ms at 56.8s (Bodies: 466)
⚡ PHYSICS SPIKE #1061: 13.2 ms at 56.8s (Bodies: 466)
⚡ PHYSICS SPIKE #1062: 13.2 ms at 56.8s (Bodies: 466)
⚡ PHYSICS SPIKE #1063: 13.2 ms at 56.8s (Bodies: 466)
⚡ PHYSICS SPIKE #1064: 13.2 ms at 56.8s (Bodies: 466)
⚡ PHYSICS SPIKE #1065: 13.2 ms at 56.8s (Bodies: 466)
⚡ FRAME SPIKE #1130: 116.5 ms at 56.8s (Draw: 13905, Bodies: 466)
⚡ PHYSICS SPIKE #1066: 13.2 ms at 57.0s (Bodies: 466)
⚡ PHYSICS SPIKE #1067: 13.2 ms at 57.0s (Bodies: 466)
⚡ PHYSICS SPIKE #1068: 13.2 ms at 57.0s (Bodies: 466)
⚡ PHYSICS SPIKE #1069: 13.2 ms at 57.0s (Bodies: 466)
⚡ PHYSICS SPIKE #1070: 13.2 ms at 57.0s (Bodies: 466)
⚡ PHYSICS SPIKE #1071: 13.2 ms at 57.0s (Bodies: 466)
⚡ PHYSICS SPIKE #1072: 13.2 ms at 57.0s (Bodies: 466)
⚡ FRAME SPIKE #1131: 117.0 ms at 57.0s (Draw: 13904, Bodies: 466)
⚡ PHYSICS SPIKE #1073: 13.2 ms at 57.1s (Bodies: 466)
⚡ PHYSICS SPIKE #1074: 13.2 ms at 57.1s (Bodies: 466)
⚡ PHYSICS SPIKE #1075: 13.2 ms at 57.1s (Bodies: 466)
⚡ PHYSICS SPIKE #1076: 13.2 ms at 57.1s (Bodies: 466)
⚡ PHYSICS SPIKE #1077: 13.2 ms at 57.1s (Bodies: 466)
⚡ PHYSICS SPIKE #1078: 13.2 ms at 57.1s (Bodies: 466)
⚡ PHYSICS SPIKE #1079: 13.2 ms at 57.1s (Bodies: 466)
⚡ FRAME SPIKE #1132: 116.5 ms at 57.1s (Draw: 13896, Bodies: 466)
⚡ PHYSICS SPIKE #1080: 12.3 ms at 57.2s (Bodies: 466)
⚡ PHYSICS SPIKE #1081: 12.3 ms at 57.2s (Bodies: 467)
⚡ PHYSICS SPIKE #1082: 12.3 ms at 57.2s (Bodies: 467)
⚡ PHYSICS SPIKE #1083: 12.3 ms at 57.2s (Bodies: 467)
⚡ PHYSICS SPIKE #1084: 12.3 ms at 57.2s (Bodies: 467)
⚡ PHYSICS SPIKE #1085: 12.3 ms at 57.2s (Bodies: 467)
⚡ PHYSICS SPIKE #1086: 12.3 ms at 57.2s (Bodies: 467)
⚡ FRAME SPIKE #1133: 116.7 ms at 57.2s (Draw: 14821, Bodies: 467)
🚗 Traffic: 34 active NPCs (Near: 15, Mid: 11, Far: 8), 3 pooled
  → Physics bodies from NPCs: 34 (All: 34×1, было бы 34×5=170)

========== Bottleneck Analysis Report ==========
Time: 67.3s | Frames: 1440

📊 PERFORMANCE OVERVIEW:
  FPS: 10.5 avg | 7.0 min
  Frame Time: 36.79 ms avg | 43.58 ms max
  Physics Time: 12.46 ms avg

🔍 BOTTLENECK IDENTIFICATION:
  🔴 [CRITICAL] Frame Time
      Value: 36.79 ms (target: 16.67 ms)
      Impact: Overall performance bottleneck
      Suggestions:
        • Reduce draw calls
        • Optimize scripts in _process()
        • Check for expensive operations per frame

  🔴 [CRITICAL] Physics Time
      Value: 12.46 ms
      Impact: Physics simulation overhead
      Suggestions:
        • Reduce number of active physics bodies
        • Simplify collision shapes
        • Disable physics for distant objects

  🟠 [HIGH] Draw Calls
      Value: 12236 calls/frame
      Impact: GPU rendering overhead
      Suggestions:
        • Batch meshes by material
        • Use MultiMeshInstance3D
        • Implement LOD system
        • Enable frustum culling

  🟠 [HIGH] Physics Bodies
      Value: 463 active bodies
      Impact: Physics engine load
      Suggestions:
        • Reduce NPC count
        • Convert distant NPCs to kinematic
        • Disable physics for far objects

  🟡 [MEDIUM] Vertex Count
      Value: 8358953 vertices/frame
      Impact: GPU vertex processing
      Suggestions:
        • Implement LOD for distant objects
        • Simplify building meshes
        • Use lower poly models

  🟡 [MEDIUM] Node Count
      Value: 30233 nodes
      Impact: Scene tree traversal overhead
      Suggestions:
        • Unload distant chunks
        • Pool and reuse nodes
        • Flatten hierarchy where possible

  🟡 [MEDIUM] Post-Processing Effects
      Value: SSAO, Glow/Bloom, Volumetric Fog
      Impact: GPU shader overhead
      Suggestions:
        • Reduce SSR quality
        • Disable SSAO on low-end hardware
        • Use simpler fog

📈 DETAILED STATS:
  Draw Calls: 12236 avg | 14821 max
  Vertices: 8358953 avg | 8481925 max
  Physics Bodies: 463
  Nodes: 30233
  VRAM: 794.6 MB

=================================================

⚡ PHYSICS SPIKE #1087: 12.3 ms at 57.3s (Bodies: 467)
⚡ PHYSICS SPIKE #1088: 12.3 ms at 57.3s (Bodies: 467)
⚡ PHYSICS SPIKE #1089: 12.3 ms at 57.3s (Bodies: 467)
⚡ PHYSICS SPIKE #1090: 12.3 ms at 57.3s (Bodies: 467)
⚡ PHYSICS SPIKE #1091: 12.3 ms at 57.3s (Bodies: 467)
⚡ PHYSICS SPIKE #1092: 12.3 ms at 57.3s (Bodies: 467)
⚡ PHYSICS SPIKE #1093: 12.3 ms at 57.3s (Bodies: 467)
⚡ FRAME SPIKE #1134: 118.1 ms at 57.3s (Draw: 14840, Bodies: 467)
⚡ PHYSICS SPIKE #1094: 12.3 ms at 57.4s (Bodies: 467)
⚡ PHYSICS SPIKE #1095: 12.3 ms at 57.4s (Bodies: 467)
⚡ PHYSICS SPIKE #1096: 12.3 ms at 57.4s (Bodies: 467)
⚡ PHYSICS SPIKE #1097: 12.3 ms at 57.4s (Bodies: 467)
⚡ PHYSICS SPIKE #1098: 12.3 ms at 57.4s (Bodies: 467)
⚡ PHYSICS SPIKE #1099: 12.3 ms at 57.4s (Bodies: 467)
⚡ PHYSICS SPIKE #1100: 12.3 ms at 57.4s (Bodies: 467)
⚡ FRAME SPIKE #1135: 118.1 ms at 57.4s (Draw: 14905, Bodies: 467)
⚡ PHYSICS SPIKE #1101: 12.3 ms at 57.5s (Bodies: 467)
⚡ PHYSICS SPIKE #1102: 12.3 ms at 57.5s (Bodies: 467)
⚡ PHYSICS SPIKE #1103: 12.3 ms at 57.5s (Bodies: 467)
⚡ PHYSICS SPIKE #1104: 12.3 ms at 57.5s (Bodies: 467)
⚡ PHYSICS SPIKE #1105: 12.3 ms at 57.5s (Bodies: 467)
⚡ PHYSICS SPIKE #1106: 12.3 ms at 57.5s (Bodies: 467)
⚡ PHYSICS SPIKE #1107: 12.3 ms at 57.5s (Bodies: 467)
⚡ PHYSICS SPIKE #1108: 12.3 ms at 57.5s (Bodies: 467)
⚡ FRAME SPIKE #1136: 119.8 ms at 57.5s (Draw: 14963, Bodies: 467)
⚡ PHYSICS SPIKE #1109: 12.3 ms at 57.7s (Bodies: 467)
⚡ PHYSICS SPIKE #1110: 12.3 ms at 57.7s (Bodies: 467)
⚡ PHYSICS SPIKE #1111: 12.3 ms at 57.7s (Bodies: 467)
⚡ PHYSICS SPIKE #1112: 12.3 ms at 57.7s (Bodies: 467)
⚡ PHYSICS SPIKE #1113: 12.3 ms at 57.7s (Bodies: 467)
⚡ PHYSICS SPIKE #1114: 12.3 ms at 57.7s (Bodies: 467)
⚡ PHYSICS SPIKE #1115: 12.3 ms at 57.7s (Bodies: 467)
⚡ FRAME SPIKE #1137: 126.4 ms at 57.7s (Draw: 14931, Bodies: 467)
⚡ PHYSICS SPIKE #1116: 12.3 ms at 57.8s (Bodies: 467)
⚡ PHYSICS SPIKE #1117: 12.3 ms at 57.8s (Bodies: 467)
⚡ PHYSICS SPIKE #1118: 12.3 ms at 57.8s (Bodies: 467)
⚡ PHYSICS SPIKE #1119: 12.3 ms at 57.8s (Bodies: 467)
⚡ PHYSICS SPIKE #1120: 12.3 ms at 57.8s (Bodies: 467)
⚡ PHYSICS SPIKE #1121: 12.3 ms at 57.8s (Bodies: 467)
⚡ PHYSICS SPIKE #1122: 12.3 ms at 57.8s (Bodies: 467)
⚡ FRAME SPIKE #1138: 120.1 ms at 57.8s (Draw: 15122, Bodies: 467)
⚡ PHYSICS SPIKE #1123: 12.3 ms at 57.9s (Bodies: 467)
⚡ PHYSICS SPIKE #1124: 12.3 ms at 57.9s (Bodies: 467)
⚡ PHYSICS SPIKE #1125: 12.3 ms at 57.9s (Bodies: 467)
⚡ PHYSICS SPIKE #1126: 12.3 ms at 57.9s (Bodies: 467)
⚡ PHYSICS SPIKE #1127: 12.3 ms at 57.9s (Bodies: 467)
⚡ PHYSICS SPIKE #1128: 12.3 ms at 57.9s (Bodies: 467)
⚡ PHYSICS SPIKE #1129: 12.3 ms at 57.9s (Bodies: 467)
⚡ PHYSICS SPIKE #1130: 12.3 ms at 57.9s (Bodies: 466)
⚡ FRAME SPIKE #1139: 121.5 ms at 57.9s (Draw: 15374, Bodies: 466)
⚡ PHYSICS SPIKE #1131: 12.3 ms at 58.0s (Bodies: 466)
⚡ PHYSICS SPIKE #1132: 12.3 ms at 58.0s (Bodies: 466)
⚡ PHYSICS SPIKE #1133: 12.3 ms at 58.0s (Bodies: 466)
⚡ PHYSICS SPIKE #1134: 12.3 ms at 58.0s (Bodies: 466)
⚡ PHYSICS SPIKE #1135: 12.3 ms at 58.0s (Bodies: 466)
⚡ PHYSICS SPIKE #1136: 12.3 ms at 58.0s (Bodies: 466)
⚡ PHYSICS SPIKE #1137: 12.3 ms at 58.0s (Bodies: 466)
⚡ FRAME SPIKE #1140: 131.2 ms at 58.0s (Draw: 14461, Bodies: 466)
⚡ PHYSICS SPIKE #1138: 12.9 ms at 58.2s (Bodies: 466)
⚡ PHYSICS SPIKE #1139: 12.9 ms at 58.2s (Bodies: 466)
⚡ PHYSICS SPIKE #1140: 12.9 ms at 58.2s (Bodies: 466)
⚡ PHYSICS SPIKE #1141: 12.9 ms at 58.2s (Bodies: 466)
⚡ PHYSICS SPIKE #1142: 12.9 ms at 58.2s (Bodies: 466)
⚡ PHYSICS SPIKE #1143: 12.9 ms at 58.2s (Bodies: 466)
⚡ PHYSICS SPIKE #1144: 12.9 ms at 58.2s (Bodies: 466)
⚡ PHYSICS SPIKE #1145: 12.9 ms at 58.2s (Bodies: 466)
⚡ FRAME SPIKE #1141: 122.2 ms at 58.2s (Draw: 14453, Bodies: 466)
⚡ PHYSICS SPIKE #1146: 12.9 ms at 58.3s (Bodies: 466)
⚡ PHYSICS SPIKE #1147: 12.9 ms at 58.3s (Bodies: 467)
⚡ PHYSICS SPIKE #1148: 12.9 ms at 58.3s (Bodies: 467)
⚡ PHYSICS SPIKE #1149: 12.9 ms at 58.3s (Bodies: 467)
⚡ PHYSICS SPIKE #1150: 12.9 ms at 58.3s (Bodies: 467)
⚡ PHYSICS SPIKE #1151: 12.9 ms at 58.3s (Bodies: 467)
⚡ PHYSICS SPIKE #1152: 12.9 ms at 58.3s (Bodies: 467)
⚡ FRAME SPIKE #1142: 125.7 ms at 58.3s (Draw: 14432, Bodies: 467)
⚡ PHYSICS SPIKE #1153: 12.9 ms at 58.4s (Bodies: 467)
⚡ PHYSICS SPIKE #1154: 12.9 ms at 58.4s (Bodies: 467)
⚡ PHYSICS SPIKE #1155: 12.9 ms at 58.4s (Bodies: 467)
⚡ PHYSICS SPIKE #1156: 12.9 ms at 58.4s (Bodies: 467)
⚡ PHYSICS SPIKE #1157: 12.9 ms at 58.4s (Bodies: 467)
⚡ PHYSICS SPIKE #1158: 12.9 ms at 58.4s (Bodies: 467)
⚡ PHYSICS SPIKE #1159: 12.9 ms at 58.4s (Bodies: 467)
⚡ FRAME SPIKE #1143: 119.4 ms at 58.4s (Draw: 14405, Bodies: 467)
⚡ PHYSICS SPIKE #1160: 12.9 ms at 58.5s (Bodies: 467)
⚡ PHYSICS SPIKE #1161: 12.9 ms at 58.5s (Bodies: 467)
⚡ PHYSICS SPIKE #1162: 12.9 ms at 58.5s (Bodies: 467)
⚡ PHYSICS SPIKE #1163: 12.9 ms at 58.5s (Bodies: 467)
⚡ PHYSICS SPIKE #1164: 12.9 ms at 58.5s (Bodies: 467)
⚡ PHYSICS SPIKE #1165: 12.9 ms at 58.5s (Bodies: 466)
⚡ PHYSICS SPIKE #1166: 12.9 ms at 58.5s (Bodies: 466)
⚡ PHYSICS SPIKE #1167: 12.9 ms at 58.5s (Bodies: 466)
⚡ FRAME SPIKE #1144: 122.2 ms at 58.5s (Draw: 14364, Bodies: 466)
⚡ PHYSICS SPIKE #1168: 12.9 ms at 58.7s (Bodies: 466)
⚡ PHYSICS SPIKE #1169: 12.9 ms at 58.7s (Bodies: 466)
⚡ PHYSICS SPIKE #1170: 12.9 ms at 58.7s (Bodies: 466)
⚡ PHYSICS SPIKE #1171: 12.9 ms at 58.7s (Bodies: 466)
⚡ PHYSICS SPIKE #1172: 12.9 ms at 58.7s (Bodies: 466)
⚡ PHYSICS SPIKE #1173: 12.9 ms at 58.7s (Bodies: 466)
⚡ PHYSICS SPIKE #1174: 12.9 ms at 58.7s (Bodies: 466)
⚡ FRAME SPIKE #1145: 126.6 ms at 58.7s (Draw: 14235, Bodies: 466)
⚡ PHYSICS SPIKE #1175: 12.9 ms at 58.8s (Bodies: 466)
⚡ PHYSICS SPIKE #1176: 12.9 ms at 58.8s (Bodies: 466)
⚡ PHYSICS SPIKE #1177: 12.9 ms at 58.8s (Bodies: 466)
⚡ PHYSICS SPIKE #1178: 12.9 ms at 58.8s (Bodies: 466)
⚡ PHYSICS SPIKE #1179: 12.9 ms at 58.8s (Bodies: 466)
⚡ PHYSICS SPIKE #1180: 12.9 ms at 58.8s (Bodies: 466)
⚡ PHYSICS SPIKE #1181: 12.9 ms at 58.8s (Bodies: 466)
⚡ PHYSICS SPIKE #1182: 12.9 ms at 58.8s (Bodies: 466)
⚡ FRAME SPIKE #1146: 123.3 ms at 58.8s (Draw: 14212, Bodies: 466)
⚡ PHYSICS SPIKE #1183: 12.9 ms at 58.9s (Bodies: 466)
⚡ PHYSICS SPIKE #1184: 12.9 ms at 58.9s (Bodies: 466)
⚡ PHYSICS SPIKE #1185: 12.9 ms at 58.9s (Bodies: 466)
⚡ PHYSICS SPIKE #1186: 12.9 ms at 58.9s (Bodies: 466)
⚡ PHYSICS SPIKE #1187: 12.9 ms at 58.9s (Bodies: 466)
⚡ PHYSICS SPIKE #1188: 12.9 ms at 58.9s (Bodies: 466)
⚡ PHYSICS SPIKE #1189: 12.9 ms at 58.9s (Bodies: 466)
⚡ FRAME SPIKE #1147: 123.3 ms at 58.9s (Draw: 14162, Bodies: 466)
⚡ PHYSICS SPIKE #1190: 12.9 ms at 59.0s (Bodies: 466)
⚡ PHYSICS SPIKE #1191: 12.9 ms at 59.0s (Bodies: 466)
⚡ PHYSICS SPIKE #1192: 12.9 ms at 59.0s (Bodies: 466)
⚡ PHYSICS SPIKE #1193: 12.9 ms at 59.0s (Bodies: 466)
⚡ PHYSICS SPIKE #1194: 12.9 ms at 59.0s (Bodies: 466)
⚡ PHYSICS SPIKE #1195: 12.9 ms at 59.0s (Bodies: 466)
⚡ PHYSICS SPIKE #1196: 12.9 ms at 59.0s (Bodies: 466)
⚡ FRAME SPIKE #1148: 121.2 ms at 59.0s (Draw: 14126, Bodies: 466)
⚡ PHYSICS SPIKE #1197: 12.5 ms at 59.1s (Bodies: 466)
⚡ PHYSICS SPIKE #1198: 12.5 ms at 59.1s (Bodies: 466)
⚡ PHYSICS SPIKE #1199: 12.5 ms at 59.1s (Bodies: 466)
⚡ PHYSICS SPIKE #1200: 12.5 ms at 59.1s (Bodies: 466)
⚡ PHYSICS SPIKE #1201: 12.5 ms at 59.1s (Bodies: 466)
⚡ PHYSICS SPIKE #1202: 12.5 ms at 59.1s (Bodies: 466)
⚡ PHYSICS SPIKE #1203: 12.5 ms at 59.1s (Bodies: 466)
⚡ PHYSICS SPIKE #1204: 12.5 ms at 59.1s (Bodies: 466)
⚡ FRAME SPIKE #1149: 123.3 ms at 59.1s (Draw: 14105, Bodies: 466)
⚡ PHYSICS SPIKE #1205: 12.5 ms at 59.3s (Bodies: 466)
⚡ PHYSICS SPIKE #1206: 12.5 ms at 59.3s (Bodies: 466)
⚡ PHYSICS SPIKE #1207: 12.5 ms at 59.3s (Bodies: 466)
⚡ PHYSICS SPIKE #1208: 12.5 ms at 59.3s (Bodies: 466)
⚡ PHYSICS SPIKE #1209: 12.5 ms at 59.3s (Bodies: 466)
⚡ PHYSICS SPIKE #1210: 12.5 ms at 59.3s (Bodies: 466)
⚡ PHYSICS SPIKE #1211: 12.5 ms at 59.3s (Bodies: 466)
⚡ PHYSICS SPIKE #1212: 12.5 ms at 59.3s (Bodies: 466)
⚡ FRAME SPIKE #1150: 128.4 ms at 59.3s (Draw: 14108, Bodies: 466)
🚗 Traffic: 34 active NPCs (Near: 13, Mid: 13, Far: 8), 3 pooled
  → Physics bodies from NPCs: 34 (All: 34×1, было бы 34×5=170)

========== Bottleneck Analysis Report ==========
Time: 69.4s | Frames: 1457

📊 PERFORMANCE OVERVIEW:
  FPS: 9.9 avg | 7.0 min
  Frame Time: 37.89 ms avg | 43.58 ms max
  Physics Time: 12.62 ms avg

🔍 BOTTLENECK IDENTIFICATION:
  🔴 [CRITICAL] Frame Time
      Value: 37.89 ms (target: 16.67 ms)
      Impact: Overall performance bottleneck
      Suggestions:
        • Reduce draw calls
        • Optimize scripts in _process()
        • Check for expensive operations per frame

  🔴 [CRITICAL] Physics Time
      Value: 12.62 ms
      Impact: Physics simulation overhead
      Suggestions:
        • Reduce number of active physics bodies
        • Simplify collision shapes
        • Disable physics for distant objects

  🟠 [HIGH] Draw Calls
      Value: 12734 calls/frame
      Impact: GPU rendering overhead
      Suggestions:
        • Batch meshes by material
        • Use MultiMeshInstance3D
        • Implement LOD system
        • Enable frustum culling

  🟠 [HIGH] Physics Bodies
      Value: 464 active bodies
      Impact: Physics engine load
      Suggestions:
        • Reduce NPC count
        • Convert distant NPCs to kinematic
        • Disable physics for far objects

  🟡 [MEDIUM] Vertex Count
      Value: 8355745 vertices/frame
      Impact: GPU vertex processing
      Suggestions:
        • Implement LOD for distant objects
        • Simplify building meshes
        • Use lower poly models

  🟡 [MEDIUM] Node Count
      Value: 30233 nodes
      Impact: Scene tree traversal overhead
      Suggestions:
        • Unload distant chunks
        • Pool and reuse nodes
        • Flatten hierarchy where possible

  🟡 [MEDIUM] Post-Processing Effects
      Value: SSAO, Glow/Bloom, Volumetric Fog
      Impact: GPU shader overhead
      Suggestions:
        • Reduce SSR quality
        • Disable SSAO on low-end hardware
        • Use simpler fog

📈 DETAILED STATS:
  Draw Calls: 12734 avg | 15374 max
  Vertices: 8355745 avg | 8481925 max
  Physics Bodies: 464
  Nodes: 30233
  VRAM: 794.6 MB

=================================================

⚡ PHYSICS SPIKE #1213: 12.5 ms at 59.4s (Bodies: 466)
⚡ PHYSICS SPIKE #1214: 12.5 ms at 59.4s (Bodies: 467)
⚡ PHYSICS SPIKE #1215: 12.5 ms at 59.4s (Bodies: 467)
⚡ PHYSICS SPIKE #1216: 12.5 ms at 59.4s (Bodies: 467)
⚡ PHYSICS SPIKE #1217: 12.5 ms at 59.4s (Bodies: 467)
⚡ PHYSICS SPIKE #1218: 12.5 ms at 59.4s (Bodies: 467)
⚡ PHYSICS SPIKE #1219: 12.5 ms at 59.4s (Bodies: 467)
⚡ PHYSICS SPIKE #1220: 12.5 ms at 59.4s (Bodies: 467)
⚡ FRAME SPIKE #1151: 135.7 ms at 59.4s (Draw: 14144, Bodies: 467)
⚡ PHYSICS SPIKE #1221: 12.5 ms at 59.5s (Bodies: 467)
⚡ PHYSICS SPIKE #1222: 12.5 ms at 59.5s (Bodies: 467)
⚡ PHYSICS SPIKE #1223: 12.5 ms at 59.5s (Bodies: 467)
⚡ PHYSICS SPIKE #1224: 12.5 ms at 59.5s (Bodies: 467)
⚡ PHYSICS SPIKE #1225: 12.5 ms at 59.5s (Bodies: 467)
⚡ PHYSICS SPIKE #1226: 12.5 ms at 59.5s (Bodies: 467)
⚡ PHYSICS SPIKE #1227: 12.5 ms at 59.5s (Bodies: 467)
⚡ PHYSICS SPIKE #1228: 12.5 ms at 59.5s (Bodies: 467)
⚡ FRAME SPIKE #1152: 135.0 ms at 59.5s (Draw: 14172, Bodies: 467)
⚡ PHYSICS SPIKE #1229: 12.5 ms at 59.7s (Bodies: 467)
⚡ PHYSICS SPIKE #1230: 12.5 ms at 59.7s (Bodies: 467)
⚡ PHYSICS SPIKE #1231: 12.5 ms at 59.7s (Bodies: 467)
⚡ PHYSICS SPIKE #1232: 12.5 ms at 59.7s (Bodies: 467)
⚡ PHYSICS SPIKE #1233: 12.5 ms at 59.7s (Bodies: 467)
⚡ PHYSICS SPIKE #1234: 12.5 ms at 59.7s (Bodies: 467)
⚡ PHYSICS SPIKE #1235: 12.5 ms at 59.7s (Bodies: 467)
⚡ PHYSICS SPIKE #1236: 12.5 ms at 59.7s (Bodies: 467)
⚡ FRAME SPIKE #1153: 131.7 ms at 59.7s (Draw: 14178, Bodies: 467)

=== PERFORMANCE METRICS ===
FPS: 8 | Frame: 82.7 ms (max 142.1) | Physics: 16.6 ms (max 54.7)
Godot Process: 41.48 ms | Physics: 12.49 ms
Objects: 69040 | Nodes: 30233 | Resources: 538
Draw calls: 14178 | Vertices: 8324212 | VRAM: 794.6 MB
Physics bodies: 467 | Collision pairs: 5688
--- System Times ---
  road_batch_finalize_total_-1,-1: 11.69 ms (max 11.69)
  road_batch_finalize_total_-1,-2: 5.78 ms (max 5.78)
  road_batch_finalize_total_-1,-3: 8.34 ms (max 8.34)
  road_batch_finalize_total_-1,-4: 9.39 ms (max 9.39)
  road_batch_finalize_total_-1,0: 19.43 ms (max 19.43)
  road_batch_finalize_total_-2,-1: 17.95 ms (max 17.95)
  road_batch_finalize_total_-2,-2: 15.50 ms (max 15.50)
  road_batch_finalize_total_-2,-3: 8.38 ms (max 8.39)
  road_batch_finalize_total_-2,0: 15.64 ms (max 15.64)
  road_batch_finalize_total_0,-1: 19.50 ms (max 19.50)
  road_batch_finalize_total_0,-2: 18.98 ms (max 18.98)
  road_batch_finalize_total_0,-3: 10.92 ms (max 10.92)
  road_batch_finalize_total_0,-4: 6.25 ms (max 6.25)
  road_batch_finalize_total_0,0: 14.58 ms (max 14.58)
  road_batch_finalize_total_0,1: 10.33 ms (max 10.33)
  road_batch_finalize_total_1,-1: 17.43 ms (max 17.43)
  road_batch_finalize_total_1,-2: 15.50 ms (max 15.50)
  road_batch_finalize_total_1,-3: 9.12 ms (max 9.12)
  road_batch_finalize_total_1,-4: 9.66 ms (max 9.66)
  road_batch_finalize_total_1,0: 10.98 ms (max 10.98)
  road_batch_finalize_total_2,-1: 4.08 ms (max 4.08)
  road_batch_finalize_total_2,-2: 8.09 ms (max 8.09)
  road_batch_finalize_total_2,-3: 6.81 ms (max 6.81)
  road_batch_finalize_total_2,-4: 8.34 ms (max 8.34)
  road_collision_create_-1,-1: 3.59 ms (max 4.29)
  road_collision_create_-1,-2: 2.64 ms (max 3.20)
  road_collision_create_-1,-3: 2.53 ms (max 4.39)
  road_collision_create_-1,-4: 4.36 ms (max 4.96)
  road_collision_create_-1,0: 9.45 ms (max 16.64)
  road_collision_create_-2,-1: 5.74 ms (max 11.96)
  road_collision_create_-2,-2: 7.40 ms (max 12.74)
  road_collision_create_-2,-3: 2.49 ms (max 3.77)
  road_collision_create_-2,0: 7.45 ms (max 11.90)
  road_collision_create_0,-1: 6.21 ms (max 12.30)
  road_collision_create_0,-2: 6.03 ms (max 11.80)
  road_collision_create_0,-3: 3.35 ms (max 4.30)
  road_collision_create_0,-4: 1.80 ms (max 3.04)
  road_collision_create_0,0: 4.62 ms (max 10.86)
  road_collision_create_0,1: 10.06 ms (max 10.06)
  road_collision_create_1,-1: 5.58 ms (max 12.81)
  road_collision_create_1,-2: 7.47 ms (max 12.45)
  road_collision_create_1,-3: 2.73 ms (max 3.94)
  road_collision_create_1,-4: 2.95 ms (max 4.02)
  road_collision_create_1,0: 10.68 ms (max 10.68)
  road_collision_create_2,-1: 1.76 ms (max 2.26)
  road_collision_create_2,-2: 2.40 ms (max 4.32)
  road_collision_create_2,-3: 3.07 ms (max 3.90)
  road_collision_create_2,-4: 3.76 ms (max 4.23)
===========================

=== PERFORMANCE METRICS ===
FPS: 8 | Frame: 82.7 ms (max 142.1) | Physics: 16.6 ms (max 54.6)
Godot Process: 41.48 ms | Physics: 12.49 ms
Objects: 69040 | Nodes: 30233 | Resources: 538
Draw calls: 14178 | Vertices: 8324212 | VRAM: 794.6 MB
Physics bodies: 467 | Collision pairs: 5688
===========================
⚡ PHYSICS SPIKE #1237: 12.5 ms at 59.8s (Bodies: 467)
⚡ PHYSICS SPIKE #1238: 12.5 ms at 59.8s (Bodies: 467)
⚡ PHYSICS SPIKE #1239: 12.5 ms at 59.8s (Bodies: 467)
⚡ PHYSICS SPIKE #1240: 12.5 ms at 59.8s (Bodies: 467)
⚡ PHYSICS SPIKE #1241: 12.5 ms at 59.8s (Bodies: 467)
⚡ PHYSICS SPIKE #1242: 12.5 ms at 59.8s (Bodies: 467)
⚡ PHYSICS SPIKE #1243: 12.5 ms at 59.8s (Bodies: 467)
⚡ PHYSICS SPIKE #1244: 12.5 ms at 59.8s (Bodies: 467)
⚡ FRAME SPIKE #1154: 132.7 ms at 59.8s (Draw: 14221, Bodies: 467)
⚡ PHYSICS SPIKE #1245: 12.5 ms at 59.9s (Bodies: 467)
⚡ PHYSICS SPIKE #1246: 12.5 ms at 59.9s (Bodies: 467)
⚡ PHYSICS SPIKE #1247: 12.5 ms at 59.9s (Bodies: 467)
⚡ PHYSICS SPIKE #1248: 12.5 ms at 59.9s (Bodies: 467)
⚡ PHYSICS SPIKE #1249: 12.5 ms at 59.9s (Bodies: 467)
⚡ PHYSICS SPIKE #1250: 12.5 ms at 59.9s (Bodies: 467)
⚡ PHYSICS SPIKE #1251: 12.5 ms at 59.9s (Bodies: 467)
⚡ PHYSICS SPIKE #1252: 12.5 ms at 59.9s (Bodies: 467)
⚡ FRAME SPIKE #1155: 131.4 ms at 59.9s (Draw: 14248, Bodies: 467)
⚡ PHYSICS SPIKE #1253: 12.5 ms at 60.1s (Bodies: 467)
⚡ PHYSICS SPIKE #1254: 12.5 ms at 60.1s (Bodies: 466)
⚡ PHYSICS SPIKE #1255: 12.5 ms at 60.1s (Bodies: 466)
⚡ PHYSICS SPIKE #1256: 12.5 ms at 60.1s (Bodies: 466)
⚡ PHYSICS SPIKE #1257: 12.5 ms at 60.1s (Bodies: 466)
⚡ PHYSICS SPIKE #1258: 12.5 ms at 60.1s (Bodies: 466)
⚡ PHYSICS SPIKE #1259: 12.5 ms at 60.1s (Bodies: 466)
⚡ FRAME SPIKE #1156: 131.3 ms at 60.1s (Draw: 14301, Bodies: 466)
⚡ PHYSICS SPIKE #1260: 12.7 ms at 60.2s (Bodies: 466)
⚡ PHYSICS SPIKE #1261: 12.7 ms at 60.2s (Bodies: 466)
⚡ PHYSICS SPIKE #1262: 12.7 ms at 60.2s (Bodies: 466)
⚡ PHYSICS SPIKE #1263: 12.7 ms at 60.2s (Bodies: 466)
⚡ PHYSICS SPIKE #1264: 12.7 ms at 60.2s (Bodies: 466)
⚡ PHYSICS SPIKE #1265: 12.7 ms at 60.2s (Bodies: 466)
⚡ PHYSICS SPIKE #1266: 12.7 ms at 60.2s (Bodies: 466)
⚡ PHYSICS SPIKE #1267: 12.7 ms at 60.2s (Bodies: 466)
⚡ FRAME SPIKE #1157: 131.0 ms at 60.2s (Draw: 14323, Bodies: 466)
⚡ PHYSICS SPIKE #1268: 12.7 ms at 60.3s (Bodies: 466)
⚡ PHYSICS SPIKE #1269: 12.7 ms at 60.3s (Bodies: 466)
⚡ PHYSICS SPIKE #1270: 12.7 ms at 60.3s (Bodies: 466)
⚡ PHYSICS SPIKE #1271: 12.7 ms at 60.3s (Bodies: 466)
⚡ PHYSICS SPIKE #1272: 12.7 ms at 60.3s (Bodies: 466)
⚡ PHYSICS SPIKE #1273: 12.7 ms at 60.3s (Bodies: 466)
⚡ PHYSICS SPIKE #1274: 12.7 ms at 60.3s (Bodies: 466)
⚡ PHYSICS SPIKE #1275: 12.7 ms at 60.3s (Bodies: 466)
⚡ FRAME SPIKE #1158: 131.0 ms at 60.3s (Draw: 14362, Bodies: 466)
⚡ PHYSICS SPIKE #1276: 12.7 ms at 60.5s (Bodies: 466)
⚡ PHYSICS SPIKE #1277: 12.7 ms at 60.5s (Bodies: 466)
⚡ PHYSICS SPIKE #1278: 12.7 ms at 60.5s (Bodies: 466)
⚡ PHYSICS SPIKE #1279: 12.7 ms at 60.5s (Bodies: 466)
⚡ PHYSICS SPIKE #1280: 12.7 ms at 60.5s (Bodies: 466)
⚡ PHYSICS SPIKE #1281: 12.7 ms at 60.5s (Bodies: 466)
⚡ PHYSICS SPIKE #1282: 12.7 ms at 60.5s (Bodies: 466)
⚡ PHYSICS SPIKE #1283: 12.7 ms at 60.5s (Bodies: 466)
⚡ FRAME SPIKE #1159: 131.0 ms at 60.5s (Draw: 14366, Bodies: 466)
⚡ PHYSICS SPIKE #1284: 12.7 ms at 60.6s (Bodies: 466)
⚡ PHYSICS SPIKE #1285: 12.7 ms at 60.6s (Bodies: 466)
⚡ PHYSICS SPIKE #1286: 12.7 ms at 60.6s (Bodies: 466)
⚡ PHYSICS SPIKE #1287: 12.7 ms at 60.6s (Bodies: 466)
⚡ PHYSICS SPIKE #1288: 12.7 ms at 60.6s (Bodies: 466)
⚡ PHYSICS SPIKE #1289: 12.7 ms at 60.6s (Bodies: 466)
⚡ PHYSICS SPIKE #1290: 12.7 ms at 60.6s (Bodies: 466)
⚡ PHYSICS SPIKE #1291: 12.7 ms at 60.6s (Bodies: 466)
⚡ FRAME SPIKE #1160: 131.0 ms at 60.6s (Draw: 14371, Bodies: 466)
⚡ PHYSICS SPIKE #1292: 12.7 ms at 60.7s (Bodies: 466)
⚡ PHYSICS SPIKE #1293: 12.7 ms at 60.7s (Bodies: 466)
⚡ PHYSICS SPIKE #1294: 12.7 ms at 60.7s (Bodies: 466)
⚡ PHYSICS SPIKE #1295: 12.7 ms at 60.7s (Bodies: 466)
⚡ PHYSICS SPIKE #1296: 12.7 ms at 60.7s (Bodies: 466)
⚡ PHYSICS SPIKE #1297: 12.7 ms at 60.7s (Bodies: 466)
⚡ PHYSICS SPIKE #1298: 12.7 ms at 60.7s (Bodies: 466)
⚡ PHYSICS SPIKE #1299: 12.7 ms at 60.7s (Bodies: 466)
⚡ FRAME SPIKE #1161: 131.0 ms at 60.7s (Draw: 14374, Bodies: 466)
⚡ PHYSICS SPIKE #1300: 12.7 ms at 60.8s (Bodies: 466)
⚡ PHYSICS SPIKE #1301: 12.7 ms at 60.8s (Bodies: 466)
⚡ PHYSICS SPIKE #1302: 12.7 ms at 60.8s (Bodies: 466)
⚡ PHYSICS SPIKE #1303: 12.7 ms at 60.8s (Bodies: 466)
⚡ PHYSICS SPIKE #1304: 12.7 ms at 60.8s (Bodies: 466)
⚡ PHYSICS SPIKE #1305: 12.7 ms at 60.8s (Bodies: 466)
⚡ PHYSICS SPIKE #1306: 12.7 ms at 60.8s (Bodies: 466)
⚡ PHYSICS SPIKE #1307: 12.7 ms at 60.8s (Bodies: 466)
⚡ FRAME SPIKE #1162: 131.0 ms at 60.8s (Draw: 14248, Bodies: 466)
⚡ PHYSICS SPIKE #1308: 12.7 ms at 61.0s (Bodies: 466)
⚡ PHYSICS SPIKE #1309: 12.7 ms at 61.0s (Bodies: 466)
⚡ PHYSICS SPIKE #1310: 12.7 ms at 61.0s (Bodies: 466)
⚡ PHYSICS SPIKE #1311: 12.7 ms at 61.0s (Bodies: 466)
⚡ PHYSICS SPIKE #1312: 12.7 ms at 61.0s (Bodies: 466)
⚡ PHYSICS SPIKE #1313: 12.7 ms at 61.0s (Bodies: 466)
⚡ PHYSICS SPIKE #1314: 12.7 ms at 61.0s (Bodies: 466)
⚡ FRAME SPIKE #1163: 131.0 ms at 61.0s (Draw: 13930, Bodies: 466)
⚡ PHYSICS SPIKE #1315: 12.7 ms at 61.1s (Bodies: 466)
⚡ PHYSICS SPIKE #1316: 12.7 ms at 61.1s (Bodies: 466)
⚡ PHYSICS SPIKE #1317: 12.7 ms at 61.1s (Bodies: 466)
⚡ PHYSICS SPIKE #1318: 12.7 ms at 61.1s (Bodies: 466)
⚡ PHYSICS SPIKE #1319: 12.7 ms at 61.1s (Bodies: 466)
⚡ PHYSICS SPIKE #1320: 12.7 ms at 61.1s (Bodies: 466)
⚡ PHYSICS SPIKE #1321: 12.7 ms at 61.1s (Bodies: 466)
⚡ PHYSICS SPIKE #1322: 12.7 ms at 61.1s (Bodies: 466)
⚡ FRAME SPIKE #1164: 117.6 ms at 61.1s (Draw: 13740, Bodies: 466)
⚡ PHYSICS SPIKE #1323: 12.5 ms at 61.2s (Bodies: 466)
⚡ PHYSICS SPIKE #1324: 12.5 ms at 61.2s (Bodies: 466)
⚡ PHYSICS SPIKE #1325: 12.5 ms at 61.2s (Bodies: 466)
⚡ PHYSICS SPIKE #1326: 12.5 ms at 61.2s (Bodies: 465)
⚡ PHYSICS SPIKE #1327: 12.5 ms at 61.2s (Bodies: 465)
⚡ PHYSICS SPIKE #1328: 12.5 ms at 61.2s (Bodies: 465)
⚡ PHYSICS SPIKE #1329: 12.5 ms at 61.2s (Bodies: 464)
⚡ FRAME SPIKE #1165: 127.2 ms at 61.2s (Draw: 13715, Bodies: 464)
⚡ PHYSICS SPIKE #1330: 12.5 ms at 61.4s (Bodies: 464)
⚡ PHYSICS SPIKE #1331: 12.5 ms at 61.4s (Bodies: 464)
⚡ PHYSICS SPIKE #1332: 12.5 ms at 61.4s (Bodies: 464)
⚡ PHYSICS SPIKE #1333: 12.5 ms at 61.4s (Bodies: 464)
⚡ PHYSICS SPIKE #1334: 12.5 ms at 61.4s (Bodies: 464)
⚡ PHYSICS SPIKE #1335: 12.5 ms at 61.4s (Bodies: 464)
⚡ PHYSICS SPIKE #1336: 12.5 ms at 61.4s (Bodies: 464)
⚡ FRAME SPIKE #1166: 117.7 ms at 61.4s (Draw: 13713, Bodies: 464)
🚗 Traffic: 32 active NPCs (Near: 13, Mid: 12, Far: 7), 5 pooled
  → Physics bodies from NPCs: 32 (All: 32×1, было бы 32×5=160)

========== Bottleneck Analysis Report ==========
Time: 71.4s | Frames: 1473

📊 PERFORMANCE OVERVIEW:
  FPS: 9.4 avg | 7.0 min
  Frame Time: 38.80 ms avg | 43.58 ms max
  Physics Time: 12.73 ms avg

🔍 BOTTLENECK IDENTIFICATION:
  🔴 [CRITICAL] Frame Time
      Value: 38.80 ms (target: 16.67 ms)
      Impact: Overall performance bottleneck
      Suggestions:
        • Reduce draw calls
        • Optimize scripts in _process()
        • Check for expensive operations per frame

  🔴 [CRITICAL] Physics Time
      Value: 12.73 ms
      Impact: Physics simulation overhead
      Suggestions:
        • Reduce number of active physics bodies
        • Simplify collision shapes
        • Disable physics for distant objects

  🟠 [HIGH] Draw Calls
      Value: 13045 calls/frame
      Impact: GPU rendering overhead
      Suggestions:
        • Batch meshes by material
        • Use MultiMeshInstance3D
        • Implement LOD system
        • Enable frustum culling

  🟠 [HIGH] Physics Bodies
      Value: 464 active bodies
      Impact: Physics engine load
      Suggestions:
        • Reduce NPC count
        • Convert distant NPCs to kinematic
        • Disable physics for far objects

  🟡 [MEDIUM] Vertex Count
      Value: 8319938 vertices/frame
      Impact: GPU vertex processing
      Suggestions:
        • Implement LOD for distant objects
        • Simplify building meshes
        • Use lower poly models

  🟡 [MEDIUM] Node Count
      Value: 30233 nodes
      Impact: Scene tree traversal overhead
      Suggestions:
        • Unload distant chunks
        • Pool and reuse nodes
        • Flatten hierarchy where possible

  🟡 [MEDIUM] Post-Processing Effects
      Value: SSAO, Glow/Bloom, Volumetric Fog
      Impact: GPU shader overhead
      Suggestions:
        • Reduce SSR quality
        • Disable SSAO on low-end hardware
        • Use simpler fog

📈 DETAILED STATS:
  Draw Calls: 13045 avg | 15374 max
  Vertices: 8319938 avg | 8481925 max
  Physics Bodies: 464
  Nodes: 30233
  VRAM: 794.6 MB

=================================================

⚡ PHYSICS SPIKE #1337: 12.5 ms at 61.5s (Bodies: 464)
⚡ PHYSICS SPIKE #1338: 12.5 ms at 61.5s (Bodies: 465)
⚡ PHYSICS SPIKE #1339: 12.5 ms at 61.5s (Bodies: 465)
⚡ PHYSICS SPIKE #1340: 12.5 ms at 61.5s (Bodies: 465)
⚡ PHYSICS SPIKE #1341: 12.5 ms at 61.5s (Bodies: 465)
⚡ PHYSICS SPIKE #1342: 12.5 ms at 61.5s (Bodies: 465)
⚡ PHYSICS SPIKE #1343: 12.5 ms at 61.5s (Bodies: 465)
⚡ FRAME SPIKE #1167: 119.6 ms at 61.5s (Draw: 13712, Bodies: 465)
⚡ PHYSICS SPIKE #1344: 12.5 ms at 61.6s (Bodies: 465)
⚡ PHYSICS SPIKE #1345: 12.5 ms at 61.6s (Bodies: 465)
⚡ PHYSICS SPIKE #1346: 12.5 ms at 61.6s (Bodies: 465)
⚡ PHYSICS SPIKE #1347: 12.5 ms at 61.6s (Bodies: 465)
⚡ PHYSICS SPIKE #1348: 12.5 ms at 61.6s (Bodies: 465)
⚡ PHYSICS SPIKE #1349: 12.5 ms at 61.6s (Bodies: 465)
⚡ PHYSICS SPIKE #1350: 12.5 ms at 61.6s (Bodies: 465)
⚡ FRAME SPIKE #1168: 116.1 ms at 61.6s (Draw: 13716, Bodies: 465)
⚡ PHYSICS SPIKE #1351: 12.5 ms at 61.7s (Bodies: 465)
⚡ PHYSICS SPIKE #1352: 12.5 ms at 61.7s (Bodies: 465)
⚡ PHYSICS SPIKE #1353: 12.5 ms at 61.7s (Bodies: 465)
⚡ PHYSICS SPIKE #1354: 12.5 ms at 61.7s (Bodies: 465)
⚡ PHYSICS SPIKE #1355: 12.5 ms at 61.7s (Bodies: 464)
⚡ PHYSICS SPIKE #1356: 12.5 ms at 61.7s (Bodies: 464)
⚡ PHYSICS SPIKE #1357: 12.5 ms at 61.7s (Bodies: 464)
⚡ FRAME SPIKE #1169: 116.8 ms at 61.7s (Draw: 13724, Bodies: 464)
⚡ PHYSICS SPIKE #1358: 12.5 ms at 61.8s (Bodies: 464)
⚡ PHYSICS SPIKE #1359: 12.5 ms at 61.8s (Bodies: 464)
⚡ PHYSICS SPIKE #1360: 12.5 ms at 61.8s (Bodies: 464)
⚡ PHYSICS SPIKE #1361: 12.5 ms at 61.8s (Bodies: 464)
⚡ PHYSICS SPIKE #1362: 12.5 ms at 61.8s (Bodies: 464)
⚡ PHYSICS SPIKE #1363: 12.5 ms at 61.8s (Bodies: 464)
⚡ PHYSICS SPIKE #1364: 12.5 ms at 61.8s (Bodies: 464)
⚡ FRAME SPIKE #1170: 114.7 ms at 61.8s (Draw: 12534, Bodies: 464)
⚡ PHYSICS SPIKE #1365: 12.5 ms at 61.9s (Bodies: 464)
⚡ PHYSICS SPIKE #1366: 12.5 ms at 61.9s (Bodies: 464)
⚡ PHYSICS SPIKE #1367: 12.5 ms at 61.9s (Bodies: 464)
⚡ PHYSICS SPIKE #1368: 12.5 ms at 61.9s (Bodies: 464)
⚡ PHYSICS SPIKE #1369: 12.5 ms at 61.9s (Bodies: 464)
⚡ PHYSICS SPIKE #1370: 12.5 ms at 61.9s (Bodies: 464)
⚡ PHYSICS SPIKE #1371: 12.5 ms at 61.9s (Bodies: 464)
⚡ FRAME SPIKE #1171: 112.4 ms at 61.9s (Draw: 12534, Bodies: 464)
⚡ PHYSICS SPIKE #1372: 12.5 ms at 62.1s (Bodies: 464)
⚡ PHYSICS SPIKE #1373: 12.5 ms at 62.1s (Bodies: 464)
⚡ PHYSICS SPIKE #1374: 12.5 ms at 62.1s (Bodies: 464)
⚡ PHYSICS SPIKE #1375: 12.5 ms at 62.1s (Bodies: 464)
⚡ PHYSICS SPIKE #1376: 12.5 ms at 62.1s (Bodies: 464)
⚡ PHYSICS SPIKE #1377: 12.5 ms at 62.1s (Bodies: 464)
⚡ PHYSICS SPIKE #1378: 12.5 ms at 62.1s (Bodies: 464)
⚡ FRAME SPIKE #1172: 112.4 ms at 62.1s (Draw: 12536, Bodies: 464)
⚡ PHYSICS SPIKE #1379: 12.2 ms at 62.2s (Bodies: 464)
⚡ PHYSICS SPIKE #1380: 12.2 ms at 62.2s (Bodies: 464)
⚡ PHYSICS SPIKE #1381: 12.2 ms at 62.2s (Bodies: 464)
⚡ PHYSICS SPIKE #1382: 12.2 ms at 62.2s (Bodies: 464)
⚡ PHYSICS SPIKE #1383: 12.2 ms at 62.2s (Bodies: 464)
⚡ PHYSICS SPIKE #1384: 12.2 ms at 62.2s (Bodies: 464)
⚡ PHYSICS SPIKE #1385: 12.2 ms at 62.2s (Bodies: 464)
⚡ FRAME SPIKE #1173: 114.2 ms at 62.2s (Draw: 12537, Bodies: 464)
⚡ PHYSICS SPIKE #1386: 12.2 ms at 62.3s (Bodies: 464)
⚡ PHYSICS SPIKE #1387: 12.2 ms at 62.3s (Bodies: 464)
⚡ PHYSICS SPIKE #1388: 12.2 ms at 62.3s (Bodies: 464)
⚡ PHYSICS SPIKE #1389: 12.2 ms at 62.3s (Bodies: 464)
⚡ PHYSICS SPIKE #1390: 12.2 ms at 62.3s (Bodies: 464)
⚡ PHYSICS SPIKE #1391: 12.2 ms at 62.3s (Bodies: 464)
⚡ FRAME SPIKE #1174: 111.9 ms at 62.3s (Draw: 12544, Bodies: 464)
⚡ PHYSICS SPIKE #1392: 12.2 ms at 62.4s (Bodies: 464)
⚡ PHYSICS SPIKE #1393: 12.2 ms at 62.4s (Bodies: 464)
⚡ PHYSICS SPIKE #1394: 12.2 ms at 62.4s (Bodies: 464)
⚡ PHYSICS SPIKE #1395: 12.2 ms at 62.4s (Bodies: 464)
⚡ PHYSICS SPIKE #1396: 12.2 ms at 62.4s (Bodies: 464)
⚡ PHYSICS SPIKE #1397: 12.2 ms at 62.4s (Bodies: 464)
⚡ FRAME SPIKE #1175: 100.5 ms at 62.4s (Draw: 12524, Bodies: 464)
⚡ PHYSICS SPIKE #1398: 12.2 ms at 62.5s (Bodies: 464)
⚡ PHYSICS SPIKE #1399: 12.2 ms at 62.5s (Bodies: 466)
⚡ PHYSICS SPIKE #1400: 12.2 ms at 62.5s (Bodies: 466)
⚡ PHYSICS SPIKE #1401: 12.2 ms at 62.5s (Bodies: 466)
⚡ PHYSICS SPIKE #1402: 12.2 ms at 62.5s (Bodies: 466)
⚡ PHYSICS SPIKE #1403: 12.2 ms at 62.5s (Bodies: 466)
⚡ PHYSICS SPIKE #1404: 12.2 ms at 62.5s (Bodies: 466)
⚡ FRAME SPIKE #1176: 104.2 ms at 62.5s (Draw: 12468, Bodies: 466)
⚡ PHYSICS SPIKE #1405: 12.2 ms at 62.6s (Bodies: 466)
⚡ PHYSICS SPIKE #1406: 12.2 ms at 62.6s (Bodies: 466)
⚡ PHYSICS SPIKE #1407: 12.2 ms at 62.6s (Bodies: 466)
⚡ PHYSICS SPIKE #1408: 12.2 ms at 62.6s (Bodies: 466)
⚡ PHYSICS SPIKE #1409: 12.2 ms at 62.6s (Bodies: 466)
⚡ PHYSICS SPIKE #1410: 12.2 ms at 62.6s (Bodies: 466)
⚡ FRAME SPIKE #1177: 108.3 ms at 62.6s (Draw: 12422, Bodies: 466)
⚡ PHYSICS SPIKE #1411: 12.2 ms at 62.7s (Bodies: 466)
⚡ PHYSICS SPIKE #1412: 12.2 ms at 62.7s (Bodies: 466)
⚡ PHYSICS SPIKE #1413: 12.2 ms at 62.7s (Bodies: 466)
⚡ PHYSICS SPIKE #1414: 12.2 ms at 62.7s (Bodies: 466)
⚡ PHYSICS SPIKE #1415: 12.2 ms at 62.7s (Bodies: 466)
⚡ PHYSICS SPIKE #1416: 12.2 ms at 62.7s (Bodies: 466)
⚡ PHYSICS SPIKE #1417: 12.2 ms at 62.7s (Bodies: 466)
⚡ FRAME SPIKE #1178: 108.3 ms at 62.7s (Draw: 12400, Bodies: 466)
⚡ PHYSICS SPIKE #1418: 12.2 ms at 62.8s (Bodies: 466)
⚡ PHYSICS SPIKE #1419: 12.2 ms at 62.8s (Bodies: 466)
⚡ PHYSICS SPIKE #1420: 12.2 ms at 62.8s (Bodies: 466)
⚡ PHYSICS SPIKE #1421: 12.2 ms at 62.8s (Bodies: 466)
⚡ PHYSICS SPIKE #1422: 12.2 ms at 62.8s (Bodies: 466)
⚡ PHYSICS SPIKE #1423: 12.2 ms at 62.8s (Bodies: 466)
⚡ FRAME SPIKE #1179: 108.3 ms at 62.8s (Draw: 12401, Bodies: 466)
⚡ PHYSICS SPIKE #1424: 12.2 ms at 62.9s (Bodies: 466)
⚡ PHYSICS SPIKE #1425: 12.2 ms at 62.9s (Bodies: 465)
⚡ PHYSICS SPIKE #1426: 12.2 ms at 62.9s (Bodies: 465)
⚡ PHYSICS SPIKE #1427: 12.2 ms at 62.9s (Bodies: 465)
⚡ PHYSICS SPIKE #1428: 12.2 ms at 62.9s (Bodies: 465)
⚡ PHYSICS SPIKE #1429: 12.2 ms at 62.9s (Bodies: 465)
⚡ PHYSICS SPIKE #1430: 12.2 ms at 62.9s (Bodies: 465)
⚡ FRAME SPIKE #1180: 108.3 ms at 62.9s (Draw: 12414, Bodies: 465)
⚡ PHYSICS SPIKE #1431: 12.2 ms at 63.0s (Bodies: 465)
⚡ PHYSICS SPIKE #1432: 12.2 ms at 63.0s (Bodies: 465)
⚡ PHYSICS SPIKE #1433: 12.2 ms at 63.0s (Bodies: 465)
⚡ PHYSICS SPIKE #1434: 12.2 ms at 63.0s (Bodies: 465)
⚡ PHYSICS SPIKE #1435: 12.2 ms at 63.0s (Bodies: 465)
⚡ PHYSICS SPIKE #1436: 12.2 ms at 63.0s (Bodies: 465)
⚡ FRAME SPIKE #1181: 108.3 ms at 63.0s (Draw: 12337, Bodies: 465)
⚡ PHYSICS SPIKE #1437: 12.8 ms at 63.1s (Bodies: 465)
⚡ PHYSICS SPIKE #1438: 12.8 ms at 63.1s (Bodies: 465)
⚡ PHYSICS SPIKE #1439: 12.8 ms at 63.1s (Bodies: 464)
⚡ PHYSICS SPIKE #1440: 12.8 ms at 63.1s (Bodies: 464)
⚡ PHYSICS SPIKE #1441: 12.8 ms at 63.1s (Bodies: 464)
⚡ PHYSICS SPIKE #1442: 12.8 ms at 63.1s (Bodies: 464)
⚡ PHYSICS SPIKE #1443: 12.8 ms at 63.1s (Bodies: 464)
⚡ FRAME SPIKE #1182: 108.3 ms at 63.1s (Draw: 12344, Bodies: 464)
⚡ PHYSICS SPIKE #1444: 12.8 ms at 63.2s (Bodies: 464)
⚡ PHYSICS SPIKE #1445: 12.8 ms at 63.2s (Bodies: 463)
⚡ PHYSICS SPIKE #1446: 12.8 ms at 63.2s (Bodies: 463)
⚡ PHYSICS SPIKE #1447: 12.8 ms at 63.2s (Bodies: 463)
⚡ PHYSICS SPIKE #1448: 12.8 ms at 63.2s (Bodies: 463)
⚡ PHYSICS SPIKE #1449: 12.8 ms at 63.2s (Bodies: 463)
⚡ FRAME SPIKE #1183: 108.3 ms at 63.2s (Draw: 12331, Bodies: 463)
⚡ PHYSICS SPIKE #1450: 12.8 ms at 63.4s (Bodies: 463)
⚡ PHYSICS SPIKE #1451: 12.8 ms at 63.4s (Bodies: 463)
⚡ PHYSICS SPIKE #1452: 12.8 ms at 63.4s (Bodies: 463)
⚡ PHYSICS SPIKE #1453: 12.8 ms at 63.4s (Bodies: 463)
⚡ PHYSICS SPIKE #1454: 12.8 ms at 63.4s (Bodies: 463)
⚡ PHYSICS SPIKE #1455: 12.8 ms at 63.4s (Bodies: 463)
⚡ PHYSICS SPIKE #1456: 12.8 ms at 63.4s (Bodies: 463)
⚡ FRAME SPIKE #1184: 107.8 ms at 63.4s (Draw: 12325, Bodies: 463)
⚡ PHYSICS SPIKE #1457: 12.8 ms at 63.5s (Bodies: 463)
⚡ PHYSICS SPIKE #1458: 12.8 ms at 63.5s (Bodies: 463)
⚡ PHYSICS SPIKE #1459: 12.8 ms at 63.5s (Bodies: 463)
⚡ PHYSICS SPIKE #1460: 12.8 ms at 63.5s (Bodies: 463)
⚡ PHYSICS SPIKE #1461: 12.8 ms at 63.5s (Bodies: 463)
⚡ PHYSICS SPIKE #1462: 12.8 ms at 63.5s (Bodies: 463)
⚡ FRAME SPIKE #1185: 107.6 ms at 63.5s (Draw: 12333, Bodies: 463)
🚗 Traffic: 32 active NPCs (Near: 13, Mid: 11, Far: 8), 5 pooled
  → Physics bodies from NPCs: 32 (All: 32×1, было бы 32×5=160)

========== Bottleneck Analysis Report ==========
Time: 73.5s | Frames: 1492

📊 PERFORMANCE OVERVIEW:
  FPS: 9.0 avg | 7.0 min
  Frame Time: 39.66 ms avg | 43.58 ms max
  Physics Time: 12.84 ms avg

🔍 BOTTLENECK IDENTIFICATION:
  🔴 [CRITICAL] Frame Time
      Value: 39.66 ms (target: 16.67 ms)
      Impact: Overall performance bottleneck
      Suggestions:
        • Reduce draw calls
        • Optimize scripts in _process()
        • Check for expensive operations per frame

  🔴 [CRITICAL] Physics Time
      Value: 12.84 ms
      Impact: Physics simulation overhead
      Suggestions:
        • Reduce number of active physics bodies
        • Simplify collision shapes
        • Disable physics for distant objects

  🟠 [HIGH] Draw Calls
      Value: 13142 calls/frame
      Impact: GPU rendering overhead
      Suggestions:
        • Batch meshes by material
        • Use MultiMeshInstance3D
        • Implement LOD system
        • Enable frustum culling

  🟠 [HIGH] Physics Bodies
      Value: 465 active bodies
      Impact: Physics engine load
      Suggestions:
        • Reduce NPC count
        • Convert distant NPCs to kinematic
        • Disable physics for far objects

  🟡 [MEDIUM] Vertex Count
      Value: 8238676 vertices/frame
      Impact: GPU vertex processing
      Suggestions:
        • Implement LOD for distant objects
        • Simplify building meshes
        • Use lower poly models

  🟡 [MEDIUM] Node Count
      Value: 30233 nodes
      Impact: Scene tree traversal overhead
      Suggestions:
        • Unload distant chunks
        • Pool and reuse nodes
        • Flatten hierarchy where possible

  🟡 [MEDIUM] Post-Processing Effects
      Value: SSAO, Glow/Bloom, Volumetric Fog
      Impact: GPU shader overhead
      Suggestions:
        • Reduce SSR quality
        • Disable SSAO on low-end hardware
        • Use simpler fog

📈 DETAILED STATS:
  Draw Calls: 13142 avg | 15374 max
  Vertices: 8238676 avg | 8444999 max
  Physics Bodies: 465
  Nodes: 30233
  VRAM: 794.6 MB

=================================================

⚡ PHYSICS SPIKE #1463: 12.8 ms at 63.6s (Bodies: 463)
⚡ PHYSICS SPIKE #1464: 12.8 ms at 63.6s (Bodies: 465)
⚡ PHYSICS SPIKE #1465: 12.8 ms at 63.6s (Bodies: 465)
⚡ PHYSICS SPIKE #1466: 12.8 ms at 63.6s (Bodies: 465)
⚡ PHYSICS SPIKE #1467: 12.8 ms at 63.6s (Bodies: 465)
⚡ PHYSICS SPIKE #1468: 12.8 ms at 63.6s (Bodies: 465)
⚡ FRAME SPIKE #1186: 107.6 ms at 63.6s (Draw: 12345, Bodies: 465)
⚡ PHYSICS SPIKE #1469: 12.8 ms at 63.7s (Bodies: 465)
⚡ PHYSICS SPIKE #1470: 12.8 ms at 63.7s (Bodies: 465)
⚡ PHYSICS SPIKE #1471: 12.8 ms at 63.7s (Bodies: 465)
⚡ PHYSICS SPIKE #1472: 12.8 ms at 63.7s (Bodies: 465)
⚡ PHYSICS SPIKE #1473: 12.8 ms at 63.7s (Bodies: 465)
⚡ PHYSICS SPIKE #1474: 12.8 ms at 63.7s (Bodies: 465)
⚡ PHYSICS SPIKE #1475: 12.8 ms at 63.7s (Bodies: 465)
⚡ FRAME SPIKE #1187: 104.0 ms at 63.7s (Draw: 12344, Bodies: 465)
⚡ PHYSICS SPIKE #1476: 12.8 ms at 63.8s (Bodies: 465)
⚡ PHYSICS SPIKE #1477: 12.8 ms at 63.8s (Bodies: 465)
⚡ PHYSICS SPIKE #1478: 12.8 ms at 63.8s (Bodies: 465)
⚡ PHYSICS SPIKE #1479: 12.8 ms at 63.8s (Bodies: 465)
⚡ PHYSICS SPIKE #1480: 12.8 ms at 63.8s (Bodies: 465)
⚡ PHYSICS SPIKE #1481: 12.8 ms at 63.8s (Bodies: 465)
⚡ FRAME SPIKE #1188: 107.6 ms at 63.8s (Draw: 12396, Bodies: 465)
⚡ PHYSICS SPIKE #1482: 12.8 ms at 63.9s (Bodies: 465)
⚡ PHYSICS SPIKE #1483: 12.8 ms at 63.9s (Bodies: 465)
⚡ PHYSICS SPIKE #1484: 12.8 ms at 63.9s (Bodies: 465)
⚡ PHYSICS SPIKE #1485: 12.8 ms at 63.9s (Bodies: 465)
⚡ PHYSICS SPIKE #1486: 12.8 ms at 63.9s (Bodies: 465)
⚡ PHYSICS SPIKE #1487: 12.8 ms at 63.9s (Bodies: 465)
⚡ PHYSICS SPIKE #1488: 12.8 ms at 63.9s (Bodies: 465)
⚡ FRAME SPIKE #1189: 107.6 ms at 63.9s (Draw: 12551, Bodies: 465)
⚡ PHYSICS SPIKE #1489: 12.8 ms at 64.0s (Bodies: 465)
⚡ PHYSICS SPIKE #1490: 12.8 ms at 64.0s (Bodies: 465)
⚡ PHYSICS SPIKE #1491: 12.8 ms at 64.0s (Bodies: 465)
⚡ PHYSICS SPIKE #1492: 12.8 ms at 64.0s (Bodies: 465)
⚡ PHYSICS SPIKE #1493: 12.8 ms at 64.0s (Bodies: 465)
⚡ PHYSICS SPIKE #1494: 12.8 ms at 64.0s (Bodies: 465)
⚡ FRAME SPIKE #1190: 108.3 ms at 64.0s (Draw: 12771, Bodies: 465)
⚡ PHYSICS SPIKE #1495: 12.8 ms at 64.1s (Bodies: 465)
⚡ PHYSICS SPIKE #1496: 12.8 ms at 64.1s (Bodies: 465)
⚡ PHYSICS SPIKE #1497: 12.8 ms at 64.1s (Bodies: 465)
⚡ PHYSICS SPIKE #1498: 12.8 ms at 64.1s (Bodies: 465)
⚡ PHYSICS SPIKE #1499: 12.8 ms at 64.1s (Bodies: 465)
⚡ PHYSICS SPIKE #1500: 12.8 ms at 64.1s (Bodies: 465)
⚡ PHYSICS SPIKE #1501: 12.8 ms at 64.1s (Bodies: 465)
⚡ FRAME SPIKE #1191: 108.3 ms at 64.1s (Draw: 12851, Bodies: 465)
⚡ PHYSICS SPIKE #1502: 12.2 ms at 64.2s (Bodies: 465)
⚡ PHYSICS SPIKE #1503: 12.2 ms at 64.2s (Bodies: 465)
⚡ PHYSICS SPIKE #1504: 12.2 ms at 64.2s (Bodies: 465)
⚡ PHYSICS SPIKE #1505: 12.2 ms at 64.2s (Bodies: 465)
⚡ PHYSICS SPIKE #1506: 12.2 ms at 64.2s (Bodies: 465)
⚡ PHYSICS SPIKE #1507: 12.2 ms at 64.2s (Bodies: 465)
⚡ FRAME SPIKE #1192: 108.7 ms at 64.2s (Draw: 12849, Bodies: 465)
⚡ PHYSICS SPIKE #1508: 12.2 ms at 64.3s (Bodies: 465)
⚡ PHYSICS SPIKE #1509: 12.2 ms at 64.3s (Bodies: 465)
⚡ PHYSICS SPIKE #1510: 12.2 ms at 64.3s (Bodies: 465)
⚡ PHYSICS SPIKE #1511: 12.2 ms at 64.3s (Bodies: 465)
⚡ PHYSICS SPIKE #1512: 12.2 ms at 64.3s (Bodies: 465)
⚡ PHYSICS SPIKE #1513: 12.2 ms at 64.3s (Bodies: 465)
⚡ PHYSICS SPIKE #1514: 12.2 ms at 64.3s (Bodies: 465)
⚡ FRAME SPIKE #1193: 108.3 ms at 64.3s (Draw: 12848, Bodies: 465)
⚡ PHYSICS SPIKE #1515: 12.2 ms at 64.4s (Bodies: 465)
⚡ PHYSICS SPIKE #1516: 12.2 ms at 64.4s (Bodies: 465)
⚡ PHYSICS SPIKE #1517: 12.2 ms at 64.4s (Bodies: 465)
⚡ PHYSICS SPIKE #1518: 12.2 ms at 64.4s (Bodies: 465)
⚡ PHYSICS SPIKE #1519: 12.2 ms at 64.4s (Bodies: 465)
⚡ PHYSICS SPIKE #1520: 12.2 ms at 64.4s (Bodies: 465)
⚡ FRAME SPIKE #1194: 112.4 ms at 64.4s (Draw: 12837, Bodies: 464)
⚡ PHYSICS SPIKE #1521: 12.2 ms at 64.5s (Bodies: 464)
⚡ PHYSICS SPIKE #1522: 12.2 ms at 64.5s (Bodies: 464)
⚡ PHYSICS SPIKE #1523: 12.2 ms at 64.5s (Bodies: 464)
⚡ PHYSICS SPIKE #1524: 12.2 ms at 64.5s (Bodies: 464)
⚡ PHYSICS SPIKE #1525: 12.2 ms at 64.5s (Bodies: 464)
⚡ PHYSICS SPIKE #1526: 12.2 ms at 64.5s (Bodies: 464)
⚡ PHYSICS SPIKE #1527: 12.2 ms at 64.5s (Bodies: 464)
⚡ FRAME SPIKE #1195: 108.3 ms at 64.5s (Draw: 12832, Bodies: 464)
⚡ PHYSICS SPIKE #1528: 12.2 ms at 64.7s (Bodies: 464)
⚡ PHYSICS SPIKE #1529: 12.2 ms at 64.7s (Bodies: 466)
⚡ PHYSICS SPIKE #1530: 12.2 ms at 64.7s (Bodies: 466)
⚡ PHYSICS SPIKE #1531: 12.2 ms at 64.7s (Bodies: 466)
⚡ PHYSICS SPIKE #1532: 12.2 ms at 64.7s (Bodies: 466)
⚡ PHYSICS SPIKE #1533: 12.2 ms at 64.7s (Bodies: 466)
⚡ PHYSICS SPIKE #1534: 12.2 ms at 64.7s (Bodies: 466)
⚡ FRAME SPIKE #1196: 115.2 ms at 64.7s (Draw: 12912, Bodies: 466)
⚡ PHYSICS SPIKE #1535: 12.2 ms at 64.8s (Bodies: 466)
⚡ PHYSICS SPIKE #1536: 12.2 ms at 64.8s (Bodies: 466)
⚡ PHYSICS SPIKE #1537: 12.2 ms at 64.8s (Bodies: 466)
⚡ PHYSICS SPIKE #1538: 12.2 ms at 64.8s (Bodies: 466)
⚡ PHYSICS SPIKE #1539: 12.2 ms at 64.8s (Bodies: 466)
⚡ PHYSICS SPIKE #1540: 12.2 ms at 64.8s (Bodies: 466)
⚡ PHYSICS SPIKE #1541: 12.2 ms at 64.8s (Bodies: 466)
⚡ FRAME SPIKE #1197: 115.1 ms at 64.8s (Draw: 12911, Bodies: 466)

=== PERFORMANCE METRICS ===
FPS: 10 | Frame: 91.6 ms (max 142.1) | Physics: 16.6 ms (max 53.8)
Godot Process: 38.73 ms | Physics: 12.25 ms
Objects: 69040 | Nodes: 30233 | Resources: 538
Draw calls: 12911 | Vertices: 7931036 | VRAM: 794.6 MB
Physics bodies: 466 | Collision pairs: 5630
--- System Times ---
  road_batch_finalize_total_-1,-1: 11.69 ms (max 11.69)
  road_batch_finalize_total_-1,-2: 5.78 ms (max 5.78)
  road_batch_finalize_total_-1,-3: 8.34 ms (max 8.34)
  road_batch_finalize_total_-1,-4: 9.39 ms (max 9.39)
  road_batch_finalize_total_-1,0: 19.43 ms (max 19.43)
  road_batch_finalize_total_-2,-1: 17.95 ms (max 17.95)
  road_batch_finalize_total_-2,-2: 15.50 ms (max 15.50)
  road_batch_finalize_total_-2,-3: 8.38 ms (max 8.39)
  road_batch_finalize_total_-2,0: 15.64 ms (max 15.64)
  road_batch_finalize_total_0,-1: 19.50 ms (max 19.50)
  road_batch_finalize_total_0,-2: 18.98 ms (max 18.98)
  road_batch_finalize_total_0,-3: 10.92 ms (max 10.92)
  road_batch_finalize_total_0,-4: 6.25 ms (max 6.25)
  road_batch_finalize_total_0,0: 14.58 ms (max 14.58)
  road_batch_finalize_total_0,1: 10.33 ms (max 10.33)
  road_batch_finalize_total_1,-1: 17.43 ms (max 17.43)
  road_batch_finalize_total_1,-2: 15.50 ms (max 15.50)
  road_batch_finalize_total_1,-3: 9.12 ms (max 9.12)
  road_batch_finalize_total_1,-4: 9.66 ms (max 9.66)
  road_batch_finalize_total_1,0: 10.98 ms (max 10.98)
  road_batch_finalize_total_2,-1: 4.08 ms (max 4.08)
  road_batch_finalize_total_2,-2: 8.09 ms (max 8.09)
  road_batch_finalize_total_2,-3: 6.81 ms (max 6.81)
  road_batch_finalize_total_2,-4: 8.34 ms (max 8.34)
  road_collision_create_-1,-1: 3.59 ms (max 4.29)
  road_collision_create_-1,-2: 2.64 ms (max 3.20)
  road_collision_create_-1,-3: 2.53 ms (max 4.39)
  road_collision_create_-1,-4: 4.36 ms (max 4.96)
  road_collision_create_-1,0: 9.45 ms (max 16.64)
  road_collision_create_-2,-1: 5.74 ms (max 11.96)
  road_collision_create_-2,-2: 7.40 ms (max 12.74)
  road_collision_create_-2,-3: 2.49 ms (max 3.77)
  road_collision_create_-2,0: 7.45 ms (max 11.90)
  road_collision_create_0,-1: 6.21 ms (max 12.30)
  road_collision_create_0,-2: 6.03 ms (max 11.80)
  road_collision_create_0,-3: 3.35 ms (max 4.30)
  road_collision_create_0,-4: 1.80 ms (max 3.04)
  road_collision_create_0,0: 4.62 ms (max 10.86)
  road_collision_create_0,1: 10.06 ms (max 10.06)
  road_collision_create_1,-1: 5.58 ms (max 12.81)
  road_collision_create_1,-2: 7.47 ms (max 12.45)
  road_collision_create_1,-3: 2.73 ms (max 3.94)
  road_collision_create_1,-4: 2.95 ms (max 4.02)
  road_collision_create_1,0: 10.68 ms (max 10.68)
  road_collision_create_2,-1: 1.76 ms (max 2.26)
  road_collision_create_2,-2: 2.40 ms (max 4.32)
  road_collision_create_2,-3: 3.07 ms (max 3.90)
  road_collision_create_2,-4: 3.76 ms (max 4.23)
===========================

=== PERFORMANCE METRICS ===
FPS: 10 | Frame: 91.6 ms (max 142.1) | Physics: 16.6 ms (max 53.8)
Godot Process: 38.73 ms | Physics: 12.25 ms
Objects: 69040 | Nodes: 30233 | Resources: 538
Draw calls: 12911 | Vertices: 7931036 | VRAM: 794.6 MB
Physics bodies: 466 | Collision pairs: 5630
===========================
⚡ PHYSICS SPIKE #1542: 12.2 ms at 64.9s (Bodies: 466)
⚡ PHYSICS SPIKE #1543: 12.2 ms at 64.9s (Bodies: 466)
⚡ PHYSICS SPIKE #1544: 12.2 ms at 64.9s (Bodies: 466)
⚡ PHYSICS SPIKE #1545: 12.2 ms at 64.9s (Bodies: 466)
⚡ PHYSICS SPIKE #1546: 12.2 ms at 64.9s (Bodies: 466)
⚡ PHYSICS SPIKE #1547: 12.2 ms at 64.9s (Bodies: 466)
⚡ PHYSICS SPIKE #1548: 12.2 ms at 64.9s (Bodies: 466)
⚡ FRAME SPIKE #1198: 115.5 ms at 64.9s (Draw: 12914, Bodies: 466)
⚡ PHYSICS SPIKE #1549: 12.2 ms at 65.0s (Bodies: 466)
⚡ PHYSICS SPIKE #1550: 12.2 ms at 65.0s (Bodies: 466)
⚡ PHYSICS SPIKE #1551: 12.2 ms at 65.0s (Bodies: 466)
⚡ PHYSICS SPIKE #1552: 12.2 ms at 65.0s (Bodies: 466)
⚡ PHYSICS SPIKE #1553: 12.2 ms at 65.0s (Bodies: 466)
⚡ PHYSICS SPIKE #1554: 12.2 ms at 65.0s (Bodies: 466)
⚡ FRAME SPIKE #1199: 114.0 ms at 65.0s (Draw: 12916, Bodies: 466)
⚡ PHYSICS SPIKE #1555: 12.2 ms at 65.1s (Bodies: 466)
⚡ PHYSICS SPIKE #1556: 12.2 ms at 65.1s (Bodies: 466)
⚡ PHYSICS SPIKE #1557: 12.2 ms at 65.1s (Bodies: 466)
⚡ PHYSICS SPIKE #1558: 12.2 ms at 65.1s (Bodies: 466)
⚡ PHYSICS SPIKE #1559: 12.2 ms at 65.1s (Bodies: 466)
⚡ PHYSICS SPIKE #1560: 12.2 ms at 65.1s (Bodies: 466)
⚡ PHYSICS SPIKE #1561: 12.2 ms at 65.1s (Bodies: 466)
⚡ FRAME SPIKE #1200: 112.5 ms at 65.1s (Draw: 12924, Bodies: 466)
⚡ PHYSICS SPIKE #1562: 12.4 ms at 65.2s (Bodies: 466)
⚡ PHYSICS SPIKE #1563: 12.4 ms at 65.2s (Bodies: 466)
⚡ PHYSICS SPIKE #1564: 12.4 ms at 65.2s (Bodies: 466)
⚡ PHYSICS SPIKE #1565: 12.4 ms at 65.2s (Bodies: 466)
⚡ PHYSICS SPIKE #1566: 12.4 ms at 65.2s (Bodies: 466)
⚡ PHYSICS SPIKE #1567: 12.4 ms at 65.2s (Bodies: 466)
⚡ PHYSICS SPIKE #1568: 12.4 ms at 65.2s (Bodies: 466)
⚡ FRAME SPIKE #1201: 112.5 ms at 65.2s (Draw: 12926, Bodies: 466)
⚡ PHYSICS SPIKE #1569: 12.4 ms at 65.3s (Bodies: 466)
⚡ PHYSICS SPIKE #1570: 12.4 ms at 65.3s (Bodies: 466)
⚡ PHYSICS SPIKE #1571: 12.4 ms at 65.3s (Bodies: 466)
⚡ PHYSICS SPIKE #1572: 12.4 ms at 65.3s (Bodies: 466)
⚡ PHYSICS SPIKE #1573: 12.4 ms at 65.3s (Bodies: 466)
⚡ PHYSICS SPIKE #1574: 12.4 ms at 65.3s (Bodies: 466)
⚡ PHYSICS SPIKE #1575: 12.4 ms at 65.3s (Bodies: 466)
⚡ FRAME SPIKE #1202: 113.0 ms at 65.3s (Draw: 12927, Bodies: 466)
⚡ PHYSICS SPIKE #1576: 12.4 ms at 65.4s (Bodies: 466)
⚡ PHYSICS SPIKE #1577: 12.4 ms at 65.4s (Bodies: 466)
⚡ PHYSICS SPIKE #1578: 12.4 ms at 65.4s (Bodies: 466)
⚡ PHYSICS SPIKE #1579: 12.4 ms at 65.4s (Bodies: 466)
⚡ PHYSICS SPIKE #1580: 12.4 ms at 65.4s (Bodies: 466)
⚡ PHYSICS SPIKE #1581: 12.4 ms at 65.4s (Bodies: 466)
⚡ FRAME SPIKE #1203: 112.4 ms at 65.4s (Draw: 12937, Bodies: 466)
⚡ PHYSICS SPIKE #1582: 12.4 ms at 65.6s (Bodies: 466)
⚡ PHYSICS SPIKE #1583: 12.4 ms at 65.6s (Bodies: 466)
⚡ PHYSICS SPIKE #1584: 12.4 ms at 65.6s (Bodies: 466)
⚡ PHYSICS SPIKE #1585: 12.4 ms at 65.6s (Bodies: 466)
⚡ PHYSICS SPIKE #1586: 12.4 ms at 65.6s (Bodies: 466)
⚡ PHYSICS SPIKE #1587: 12.4 ms at 65.6s (Bodies: 466)
⚡ PHYSICS SPIKE #1588: 12.4 ms at 65.6s (Bodies: 466)
⚡ FRAME SPIKE #1204: 112.5 ms at 65.6s (Draw: 12950, Bodies: 466)
🚗 Traffic: 33 active NPCs (Near: 14, Mid: 12, Far: 7), 4 pooled
  → Physics bodies from NPCs: 33 (All: 33×1, было бы 33×5=165)

========== Bottleneck Analysis Report ==========
Time: 75.6s | Frames: 1511

📊 PERFORMANCE OVERVIEW:
  FPS: 8.8 avg | 7.0 min
  Frame Time: 40.14 ms avg | 43.58 ms max
  Physics Time: 12.96 ms avg

🔍 BOTTLENECK IDENTIFICATION:
  🔴 [CRITICAL] Frame Time
      Value: 40.14 ms (target: 16.67 ms)
      Impact: Overall performance bottleneck
      Suggestions:
        • Reduce draw calls
        • Optimize scripts in _process()
        • Check for expensive operations per frame

  🔴 [CRITICAL] Physics Time
      Value: 12.96 ms
      Impact: Physics simulation overhead
      Suggestions:
        • Reduce number of active physics bodies
        • Simplify collision shapes
        • Disable physics for distant objects

  🟠 [HIGH] Draw Calls
      Value: 13282 calls/frame
      Impact: GPU rendering overhead
      Suggestions:
        • Batch meshes by material
        • Use MultiMeshInstance3D
        • Implement LOD system
        • Enable frustum culling

  🟠 [HIGH] Physics Bodies
      Value: 465 active bodies
      Impact: Physics engine load
      Suggestions:
        • Reduce NPC count
        • Convert distant NPCs to kinematic
        • Disable physics for far objects

  🟡 [MEDIUM] Vertex Count
      Value: 8179325 vertices/frame
      Impact: GPU vertex processing
      Suggestions:
        • Implement LOD for distant objects
        • Simplify building meshes
        • Use lower poly models

  🟡 [MEDIUM] Node Count
      Value: 30233 nodes
      Impact: Scene tree traversal overhead
      Suggestions:
        • Unload distant chunks
        • Pool and reuse nodes
        • Flatten hierarchy where possible

  🟡 [MEDIUM] Post-Processing Effects
      Value: SSAO, Glow/Bloom, Volumetric Fog
      Impact: GPU shader overhead
      Suggestions:
        • Reduce SSR quality
        • Disable SSAO on low-end hardware
        • Use simpler fog

📈 DETAILED STATS:
  Draw Calls: 13282 avg | 15374 max
  Vertices: 8179325 avg | 8432977 max
  Physics Bodies: 465
  Nodes: 30233
  VRAM: 794.6 MB

=================================================

⚡ PHYSICS SPIKE #1589: 12.4 ms at 65.7s (Bodies: 466)
⚡ PHYSICS SPIKE #1590: 12.4 ms at 65.7s (Bodies: 466)
⚡ PHYSICS SPIKE #1591: 12.4 ms at 65.7s (Bodies: 466)
⚡ PHYSICS SPIKE #1592: 12.4 ms at 65.7s (Bodies: 466)
⚡ PHYSICS SPIKE #1593: 12.4 ms at 65.7s (Bodies: 466)
⚡ PHYSICS SPIKE #1594: 12.4 ms at 65.7s (Bodies: 466)
⚡ PHYSICS SPIKE #1595: 12.4 ms at 65.7s (Bodies: 466)
⚡ FRAME SPIKE #1205: 112.5 ms at 65.7s (Draw: 12924, Bodies: 466)
⚡ PHYSICS SPIKE #1596: 12.4 ms at 65.8s (Bodies: 466)
⚡ PHYSICS SPIKE #1597: 12.4 ms at 65.8s (Bodies: 466)
⚡ PHYSICS SPIKE #1598: 12.4 ms at 65.8s (Bodies: 466)
⚡ PHYSICS SPIKE #1599: 12.4 ms at 65.8s (Bodies: 466)
⚡ PHYSICS SPIKE #1600: 12.4 ms at 65.8s (Bodies: 466)
⚡ PHYSICS SPIKE #1601: 12.4 ms at 65.8s (Bodies: 466)
⚡ PHYSICS SPIKE #1602: 12.4 ms at 65.8s (Bodies: 466)
⚡ FRAME SPIKE #1206: 113.0 ms at 65.8s (Draw: 12916, Bodies: 466)
⚡ PHYSICS SPIKE #1603: 12.4 ms at 65.9s (Bodies: 466)
⚡ PHYSICS SPIKE #1604: 12.4 ms at 65.9s (Bodies: 466)
⚡ PHYSICS SPIKE #1605: 12.4 ms at 65.9s (Bodies: 466)
⚡ PHYSICS SPIKE #1606: 12.4 ms at 65.9s (Bodies: 466)
⚡ PHYSICS SPIKE #1607: 12.4 ms at 65.9s (Bodies: 466)
⚡ PHYSICS SPIKE #1608: 12.4 ms at 65.9s (Bodies: 466)
⚡ PHYSICS SPIKE #1609: 12.4 ms at 65.9s (Bodies: 466)
⚡ FRAME SPIKE #1207: 113.0 ms at 65.9s (Draw: 12943, Bodies: 466)
⚡ PHYSICS SPIKE #1610: 12.4 ms at 66.0s (Bodies: 466)
⚡ PHYSICS SPIKE #1611: 12.4 ms at 66.0s (Bodies: 466)
⚡ PHYSICS SPIKE #1612: 12.4 ms at 66.0s (Bodies: 466)
⚡ PHYSICS SPIKE #1613: 12.4 ms at 66.0s (Bodies: 465)
⚡ PHYSICS SPIKE #1614: 12.4 ms at 66.0s (Bodies: 465)
⚡ PHYSICS SPIKE #1615: 12.4 ms at 66.0s (Bodies: 465)
⚡ FRAME SPIKE #1208: 113.0 ms at 66.0s (Draw: 12985, Bodies: 465)
⚡ PHYSICS SPIKE #1616: 12.4 ms at 66.1s (Bodies: 465)
⚡ PHYSICS SPIKE #1617: 12.4 ms at 66.1s (Bodies: 464)
⚡ PHYSICS SPIKE #1618: 12.4 ms at 66.1s (Bodies: 464)
⚡ PHYSICS SPIKE #1619: 12.4 ms at 66.1s (Bodies: 464)
⚡ PHYSICS SPIKE #1620: 12.4 ms at 66.1s (Bodies: 464)
⚡ PHYSICS SPIKE #1621: 12.4 ms at 66.1s (Bodies: 464)
⚡ PHYSICS SPIKE #1622: 12.4 ms at 66.1s (Bodies: 464)
⚡ FRAME SPIKE #1209: 112.5 ms at 66.1s (Draw: 12373, Bodies: 464)
⚡ PHYSICS SPIKE #1623: 12.4 ms at 66.2s (Bodies: 464)
⚡ PHYSICS SPIKE #1624: 12.4 ms at 66.2s (Bodies: 464)
⚡ PHYSICS SPIKE #1625: 12.4 ms at 66.2s (Bodies: 464)
⚡ PHYSICS SPIKE #1626: 12.4 ms at 66.2s (Bodies: 464)
⚡ PHYSICS SPIKE #1627: 12.4 ms at 66.2s (Bodies: 464)
⚡ PHYSICS SPIKE #1628: 12.4 ms at 66.2s (Bodies: 464)
⚡ PHYSICS SPIKE #1629: 12.4 ms at 66.2s (Bodies: 464)
⚡ FRAME SPIKE #1210: 112.5 ms at 66.2s (Draw: 12416, Bodies: 464)
⚡ PHYSICS SPIKE #1630: 12.4 ms at 66.4s (Bodies: 464)
⚡ PHYSICS SPIKE #1631: 12.4 ms at 66.4s (Bodies: 464)
⚡ PHYSICS SPIKE #1632: 12.4 ms at 66.4s (Bodies: 464)
⚡ PHYSICS SPIKE #1633: 12.4 ms at 66.4s (Bodies: 464)
⚡ PHYSICS SPIKE #1634: 12.4 ms at 66.4s (Bodies: 464)
⚡ PHYSICS SPIKE #1635: 12.4 ms at 66.4s (Bodies: 464)
⚡ PHYSICS SPIKE #1636: 12.4 ms at 66.4s (Bodies: 464)
⚡ FRAME SPIKE #1211: 112.5 ms at 66.4s (Draw: 12434, Bodies: 464)
⚡ PHYSICS SPIKE #1637: 12.4 ms at 66.5s (Bodies: 464)
⚡ PHYSICS SPIKE #1638: 12.4 ms at 66.5s (Bodies: 464)
⚡ PHYSICS SPIKE #1639: 12.4 ms at 66.5s (Bodies: 464)
⚡ PHYSICS SPIKE #1640: 12.4 ms at 66.5s (Bodies: 464)
⚡ PHYSICS SPIKE #1641: 12.4 ms at 66.5s (Bodies: 464)
⚡ PHYSICS SPIKE #1642: 12.4 ms at 66.5s (Bodies: 464)
⚡ FRAME SPIKE #1212: 112.5 ms at 66.5s (Draw: 12447, Bodies: 464)
⚡ PHYSICS SPIKE #1643: 12.4 ms at 66.6s (Bodies: 464)
⚡ PHYSICS SPIKE #1644: 12.4 ms at 66.6s (Bodies: 464)
⚡ PHYSICS SPIKE #1645: 12.4 ms at 66.6s (Bodies: 464)
⚡ PHYSICS SPIKE #1646: 12.4 ms at 66.6s (Bodies: 464)
⚡ PHYSICS SPIKE #1647: 12.4 ms at 66.6s (Bodies: 464)
⚡ PHYSICS SPIKE #1648: 12.4 ms at 66.6s (Bodies: 464)
⚡ FRAME SPIKE #1213: 102.2 ms at 66.6s (Draw: 12448, Bodies: 464)
⚡ PHYSICS SPIKE #1649: 12.4 ms at 66.7s (Bodies: 464)
⚡ PHYSICS SPIKE #1650: 12.4 ms at 66.7s (Bodies: 464)
⚡ PHYSICS SPIKE #1651: 12.4 ms at 66.7s (Bodies: 464)
⚡ PHYSICS SPIKE #1652: 12.4 ms at 66.7s (Bodies: 464)
⚡ PHYSICS SPIKE #1653: 12.4 ms at 66.7s (Bodies: 464)
⚡ PHYSICS SPIKE #1654: 12.4 ms at 66.7s (Bodies: 464)
⚡ PHYSICS SPIKE #1655: 12.4 ms at 66.7s (Bodies: 464)
⚡ FRAME SPIKE #1214: 104.2 ms at 66.7s (Draw: 12457, Bodies: 463)
⚡ PHYSICS SPIKE #1656: 12.4 ms at 66.8s (Bodies: 463)
⚡ PHYSICS SPIKE #1657: 12.4 ms at 66.8s (Bodies: 463)
⚡ PHYSICS SPIKE #1658: 12.4 ms at 66.8s (Bodies: 463)
⚡ PHYSICS SPIKE #1659: 12.4 ms at 66.8s (Bodies: 463)
⚡ PHYSICS SPIKE #1660: 12.4 ms at 66.8s (Bodies: 463)
⚡ PHYSICS SPIKE #1661: 12.4 ms at 66.8s (Bodies: 463)
⚡ FRAME SPIKE #1215: 108.3 ms at 66.8s (Draw: 12462, Bodies: 463)
⚡ PHYSICS SPIKE #1662: 12.4 ms at 66.9s (Bodies: 463)
⚡ PHYSICS SPIKE #1663: 12.4 ms at 66.9s (Bodies: 463)
⚡ PHYSICS SPIKE #1664: 12.4 ms at 66.9s (Bodies: 463)
⚡ PHYSICS SPIKE #1665: 12.4 ms at 66.9s (Bodies: 463)
⚡ PHYSICS SPIKE #1666: 12.4 ms at 66.9s (Bodies: 463)
⚡ PHYSICS SPIKE #1667: 12.4 ms at 66.9s (Bodies: 463)
⚡ FRAME SPIKE #1216: 104.4 ms at 66.9s (Draw: 12444, Bodies: 463)
⚡ PHYSICS SPIKE #1668: 12.4 ms at 67.0s (Bodies: 463)
⚡ PHYSICS SPIKE #1669: 12.4 ms at 67.0s (Bodies: 463)
⚡ PHYSICS SPIKE #1670: 12.4 ms at 67.0s (Bodies: 463)
⚡ PHYSICS SPIKE #1671: 12.4 ms at 67.0s (Bodies: 463)
⚡ PHYSICS SPIKE #1672: 12.4 ms at 67.0s (Bodies: 463)
⚡ PHYSICS SPIKE #1673: 12.4 ms at 67.0s (Bodies: 463)
⚡ PHYSICS SPIKE #1674: 12.4 ms at 67.0s (Bodies: 463)
⚡ FRAME SPIKE #1217: 105.6 ms at 67.0s (Draw: 12444, Bodies: 463)
⚡ PHYSICS SPIKE #1675: 12.4 ms at 67.1s (Bodies: 463)
⚡ PHYSICS SPIKE #1676: 12.4 ms at 67.1s (Bodies: 463)
⚡ PHYSICS SPIKE #1677: 12.4 ms at 67.1s (Bodies: 463)
⚡ PHYSICS SPIKE #1678: 12.4 ms at 67.1s (Bodies: 463)
⚡ PHYSICS SPIKE #1679: 12.4 ms at 67.1s (Bodies: 463)
⚡ PHYSICS SPIKE #1680: 12.4 ms at 67.1s (Bodies: 463)
⚡ FRAME SPIKE #1218: 106.7 ms at 67.1s (Draw: 12453, Bodies: 463)
⚡ PHYSICS SPIKE #1681: 18.9 ms at 67.2s (Bodies: 463)
⚡ PHYSICS SPIKE #1682: 18.9 ms at 67.2s (Bodies: 463)
⚡ PHYSICS SPIKE #1683: 18.9 ms at 67.2s (Bodies: 463)
⚡ PHYSICS SPIKE #1684: 18.9 ms at 67.2s (Bodies: 463)
⚡ PHYSICS SPIKE #1685: 18.9 ms at 67.2s (Bodies: 463)
⚡ PHYSICS SPIKE #1686: 18.9 ms at 67.2s (Bodies: 463)
⚡ PHYSICS SPIKE #1687: 18.9 ms at 67.2s (Bodies: 463)
⚡ FRAME SPIKE #1219: 106.7 ms at 67.2s (Draw: 12461, Bodies: 463)
⚡ PHYSICS SPIKE #1688: 18.9 ms at 67.3s (Bodies: 463)
⚡ PHYSICS SPIKE #1689: 18.9 ms at 67.3s (Bodies: 463)
⚡ PHYSICS SPIKE #1690: 18.9 ms at 67.3s (Bodies: 463)
⚡ PHYSICS SPIKE #1691: 18.9 ms at 67.3s (Bodies: 463)
⚡ PHYSICS SPIKE #1692: 18.9 ms at 67.3s (Bodies: 463)
⚡ PHYSICS SPIKE #1693: 18.9 ms at 67.3s (Bodies: 463)
⚡ FRAME SPIKE #1220: 106.7 ms at 67.3s (Draw: 12469, Bodies: 463)
⚡ PHYSICS SPIKE #1694: 18.9 ms at 67.4s (Bodies: 463)
⚡ PHYSICS SPIKE #1695: 18.9 ms at 67.4s (Bodies: 463)
⚡ PHYSICS SPIKE #1696: 18.9 ms at 67.4s (Bodies: 463)
⚡ PHYSICS SPIKE #1697: 18.9 ms at 67.4s (Bodies: 463)
⚡ PHYSICS SPIKE #1698: 18.9 ms at 67.4s (Bodies: 463)
⚡ PHYSICS SPIKE #1699: 18.9 ms at 67.4s (Bodies: 463)
⚡ FRAME SPIKE #1221: 106.7 ms at 67.4s (Draw: 12450, Bodies: 463)
⚡ PHYSICS SPIKE #1700: 18.9 ms at 67.5s (Bodies: 463)
⚡ PHYSICS SPIKE #1701: 18.9 ms at 67.5s (Bodies: 463)
⚡ PHYSICS SPIKE #1702: 18.9 ms at 67.5s (Bodies: 463)
⚡ PHYSICS SPIKE #1703: 18.9 ms at 67.5s (Bodies: 463)
⚡ PHYSICS SPIKE #1704: 18.9 ms at 67.5s (Bodies: 463)
⚡ PHYSICS SPIKE #1705: 18.9 ms at 67.5s (Bodies: 463)
⚡ PHYSICS SPIKE #1706: 18.9 ms at 67.5s (Bodies: 463)
⚡ FRAME SPIKE #1222: 106.2 ms at 67.5s (Draw: 12385, Bodies: 463)
⚡ PHYSICS SPIKE #1707: 18.9 ms at 67.6s (Bodies: 463)
⚡ PHYSICS SPIKE #1708: 18.9 ms at 67.6s (Bodies: 463)
⚡ PHYSICS SPIKE #1709: 18.9 ms at 67.6s (Bodies: 463)
⚡ PHYSICS SPIKE #1710: 18.9 ms at 67.6s (Bodies: 463)
⚡ PHYSICS SPIKE #1711: 18.9 ms at 67.6s (Bodies: 463)
⚡ PHYSICS SPIKE #1712: 18.9 ms at 67.6s (Bodies: 463)
⚡ FRAME SPIKE #1223: 106.2 ms at 67.6s (Draw: 12230, Bodies: 463)
🚗 Traffic: 31 active NPCs (Near: 12, Mid: 11, Far: 8), 6 pooled
  → Physics bodies from NPCs: 31 (All: 31×1, было бы 31×5=155)

========== Bottleneck Analysis Report ==========
Time: 77.7s | Frames: 1530

📊 PERFORMANCE OVERVIEW:
  FPS: 8.5 avg | 7.0 min
  Frame Time: 40.73 ms avg | 43.58 ms max
  Physics Time: 13.04 ms avg

🔍 BOTTLENECK IDENTIFICATION:
  🔴 [CRITICAL] Frame Time
      Value: 40.73 ms (target: 16.67 ms)
      Impact: Overall performance bottleneck
      Suggestions:
        • Reduce draw calls
        • Optimize scripts in _process()
        • Check for expensive operations per frame

  🔴 [CRITICAL] Physics Time
      Value: 13.04 ms
      Impact: Physics simulation overhead
      Suggestions:
        • Reduce number of active physics bodies
        • Simplify collision shapes
        • Disable physics for distant objects

  🟠 [HIGH] Draw Calls
      Value: 13366 calls/frame
      Impact: GPU rendering overhead
      Suggestions:
        • Batch meshes by material
        • Use MultiMeshInstance3D
        • Implement LOD system
        • Enable frustum culling

  🟠 [HIGH] Physics Bodies
      Value: 465 active bodies
      Impact: Physics engine load
      Suggestions:
        • Reduce NPC count
        • Convert distant NPCs to kinematic
        • Disable physics for far objects

  🟡 [MEDIUM] Vertex Count
      Value: 8098713 vertices/frame
      Impact: GPU vertex processing
      Suggestions:
        • Implement LOD for distant objects
        • Simplify building meshes
        • Use lower poly models

  🟡 [MEDIUM] Node Count
      Value: 30233 nodes
      Impact: Scene tree traversal overhead
      Suggestions:
        • Unload distant chunks
        • Pool and reuse nodes
        • Flatten hierarchy where possible

  🟡 [MEDIUM] Post-Processing Effects
      Value: SSAO, Glow/Bloom, Volumetric Fog
      Impact: GPU shader overhead
      Suggestions:
        • Reduce SSR quality
        • Disable SSAO on low-end hardware
        • Use simpler fog

📈 DETAILED STATS:
  Draw Calls: 13366 avg | 15374 max
  Vertices: 8098713 avg | 8432977 max
  Physics Bodies: 465
  Nodes: 30233
  VRAM: 794.6 MB

=================================================

⚡ PHYSICS SPIKE #1713: 18.9 ms at 67.7s (Bodies: 463)
⚡ PHYSICS SPIKE #1714: 18.9 ms at 67.7s (Bodies: 464)
⚡ PHYSICS SPIKE #1715: 18.9 ms at 67.7s (Bodies: 464)
⚡ PHYSICS SPIKE #1716: 18.9 ms at 67.7s (Bodies: 464)
⚡ PHYSICS SPIKE #1717: 18.9 ms at 67.7s (Bodies: 464)
⚡ PHYSICS SPIKE #1718: 18.9 ms at 67.7s (Bodies: 464)
⚡ FRAME SPIKE #1224: 105.6 ms at 67.7s (Draw: 12113, Bodies: 463)
⚡ PHYSICS SPIKE #1719: 18.9 ms at 67.8s (Bodies: 463)
⚡ PHYSICS SPIKE #1720: 18.9 ms at 67.8s (Bodies: 463)
⚡ PHYSICS SPIKE #1721: 18.9 ms at 67.8s (Bodies: 463)
⚡ PHYSICS SPIKE #1722: 18.9 ms at 67.8s (Bodies: 463)
⚡ PHYSICS SPIKE #1723: 18.9 ms at 67.8s (Bodies: 463)
⚡ PHYSICS SPIKE #1724: 18.9 ms at 67.8s (Bodies: 463)
⚡ PHYSICS SPIKE #1725: 18.9 ms at 67.8s (Bodies: 463)
⚡ FRAME SPIKE #1225: 104.9 ms at 67.8s (Draw: 10940, Bodies: 463)
⚡ PHYSICS SPIKE #1726: 18.9 ms at 68.0s (Bodies: 463)
⚡ PHYSICS SPIKE #1727: 18.9 ms at 68.0s (Bodies: 463)
⚡ PHYSICS SPIKE #1728: 18.9 ms at 68.0s (Bodies: 463)
⚡ PHYSICS SPIKE #1729: 18.9 ms at 68.0s (Bodies: 463)
⚡ PHYSICS SPIKE #1730: 18.9 ms at 68.0s (Bodies: 463)
⚡ PHYSICS SPIKE #1731: 18.9 ms at 68.0s (Bodies: 463)
⚡ FRAME SPIKE #1226: 106.2 ms at 68.0s (Draw: 10934, Bodies: 463)
⚡ PHYSICS SPIKE #1732: 18.9 ms at 68.1s (Bodies: 463)
⚡ PHYSICS SPIKE #1733: 18.9 ms at 68.1s (Bodies: 463)
⚡ PHYSICS SPIKE #1734: 18.9 ms at 68.1s (Bodies: 463)
⚡ PHYSICS SPIKE #1735: 18.9 ms at 68.1s (Bodies: 463)
⚡ PHYSICS SPIKE #1736: 18.9 ms at 68.1s (Bodies: 463)
⚡ PHYSICS SPIKE #1737: 18.9 ms at 68.1s (Bodies: 463)
⚡ FRAME SPIKE #1227: 98.3 ms at 68.1s (Draw: 10971, Bodies: 463)
⚡ PHYSICS SPIKE #1738: 12.0 ms at 68.2s (Bodies: 463)
⚡ PHYSICS SPIKE #1739: 12.0 ms at 68.2s (Bodies: 463)
⚡ PHYSICS SPIKE #1740: 12.0 ms at 68.2s (Bodies: 463)
⚡ PHYSICS SPIKE #1741: 12.0 ms at 68.2s (Bodies: 463)
⚡ PHYSICS SPIKE #1742: 12.0 ms at 68.2s (Bodies: 463)
⚡ PHYSICS SPIKE #1743: 12.0 ms at 68.2s (Bodies: 463)
⚡ FRAME SPIKE #1228: 96.4 ms at 68.2s (Draw: 11082, Bodies: 463)
⚡ PHYSICS SPIKE #1744: 12.0 ms at 68.3s (Bodies: 463)
⚡ PHYSICS SPIKE #1745: 12.0 ms at 68.3s (Bodies: 463)
⚡ PHYSICS SPIKE #1746: 12.0 ms at 68.3s (Bodies: 463)
⚡ PHYSICS SPIKE #1747: 12.0 ms at 68.3s (Bodies: 463)
⚡ PHYSICS SPIKE #1748: 12.0 ms at 68.3s (Bodies: 463)
⚡ PHYSICS SPIKE #1749: 12.0 ms at 68.3s (Bodies: 463)
⚡ FRAME SPIKE #1229: 96.6 ms at 68.3s (Draw: 11149, Bodies: 463)
⚡ PHYSICS SPIKE #1750: 12.0 ms at 68.3s (Bodies: 463)
⚡ PHYSICS SPIKE #1751: 12.0 ms at 68.3s (Bodies: 463)
⚡ PHYSICS SPIKE #1752: 12.0 ms at 68.3s (Bodies: 463)
⚡ PHYSICS SPIKE #1753: 12.0 ms at 68.3s (Bodies: 463)
⚡ PHYSICS SPIKE #1754: 12.0 ms at 68.3s (Bodies: 463)
⚡ PHYSICS SPIKE #1755: 12.0 ms at 68.3s (Bodies: 463)
⚡ FRAME SPIKE #1230: 98.0 ms at 68.3s (Draw: 11206, Bodies: 463)
⚡ PHYSICS SPIKE #1756: 12.0 ms at 68.4s (Bodies: 463)
⚡ PHYSICS SPIKE #1757: 12.0 ms at 68.4s (Bodies: 462)
⚡ PHYSICS SPIKE #1758: 12.0 ms at 68.4s (Bodies: 462)
⚡ PHYSICS SPIKE #1759: 12.0 ms at 68.4s (Bodies: 462)
⚡ PHYSICS SPIKE #1760: 12.0 ms at 68.4s (Bodies: 462)
⚡ FRAME SPIKE #1231: 94.5 ms at 68.4s (Draw: 10580, Bodies: 462)
⚡ PHYSICS SPIKE #1761: 12.0 ms at 68.5s (Bodies: 462)
⚡ PHYSICS SPIKE #1762: 12.0 ms at 68.5s (Bodies: 462)
⚡ PHYSICS SPIKE #1763: 12.0 ms at 68.5s (Bodies: 462)
⚡ PHYSICS SPIKE #1764: 12.0 ms at 68.5s (Bodies: 462)
⚡ PHYSICS SPIKE #1765: 12.0 ms at 68.5s (Bodies: 462)
⚡ FRAME SPIKE #1232: 83.1 ms at 68.5s (Draw: 10579, Bodies: 462)
⚡ PHYSICS SPIKE #1766: 12.0 ms at 68.6s (Bodies: 462)
⚡ PHYSICS SPIKE #1767: 12.0 ms at 68.6s (Bodies: 462)
⚡ PHYSICS SPIKE #1768: 12.0 ms at 68.6s (Bodies: 462)
⚡ PHYSICS SPIKE #1769: 12.0 ms at 68.6s (Bodies: 462)
⚡ PHYSICS SPIKE #1770: 12.0 ms at 68.6s (Bodies: 462)
⚡ FRAME SPIKE #1233: 84.5 ms at 68.6s (Draw: 10560, Bodies: 462)
⚡ PHYSICS SPIKE #1771: 12.0 ms at 68.7s (Bodies: 462)
⚡ PHYSICS SPIKE #1772: 12.0 ms at 68.7s (Bodies: 462)
⚡ PHYSICS SPIKE #1773: 12.0 ms at 68.7s (Bodies: 462)
⚡ PHYSICS SPIKE #1774: 12.0 ms at 68.7s (Bodies: 462)
⚡ PHYSICS SPIKE #1775: 12.0 ms at 68.7s (Bodies: 462)
⚡ FRAME SPIKE #1234: 84.9 ms at 68.7s (Draw: 10534, Bodies: 462)
⚡ PHYSICS SPIKE #1776: 12.0 ms at 68.8s (Bodies: 462)
⚡ PHYSICS SPIKE #1777: 12.0 ms at 68.8s (Bodies: 463)
⚡ PHYSICS SPIKE #1778: 12.0 ms at 68.8s (Bodies: 463)
⚡ PHYSICS SPIKE #1779: 12.0 ms at 68.8s (Bodies: 463)
⚡ PHYSICS SPIKE #1780: 12.0 ms at 68.8s (Bodies: 463)
⚡ PHYSICS SPIKE #1781: 12.0 ms at 68.8s (Bodies: 463)
⚡ FRAME SPIKE #1235: 86.7 ms at 68.8s (Draw: 11318, Bodies: 463)
⚡ PHYSICS SPIKE #1782: 12.0 ms at 68.9s (Bodies: 463)
⚡ PHYSICS SPIKE #1783: 12.0 ms at 68.9s (Bodies: 463)
⚡ PHYSICS SPIKE #1784: 12.0 ms at 68.9s (Bodies: 463)
⚡ PHYSICS SPIKE #1785: 12.0 ms at 68.9s (Bodies: 463)
⚡ PHYSICS SPIKE #1786: 12.0 ms at 68.9s (Bodies: 463)
⚡ FRAME SPIKE #1236: 87.5 ms at 68.9s (Draw: 11229, Bodies: 463)
⚡ PHYSICS SPIKE #1787: 12.0 ms at 69.0s (Bodies: 463)
⚡ PHYSICS SPIKE #1788: 12.0 ms at 69.0s (Bodies: 463)
⚡ PHYSICS SPIKE #1789: 12.0 ms at 69.0s (Bodies: 463)
⚡ PHYSICS SPIKE #1790: 12.0 ms at 69.0s (Bodies: 463)
⚡ PHYSICS SPIKE #1791: 12.0 ms at 69.0s (Bodies: 463)
⚡ FRAME SPIKE #1237: 87.5 ms at 69.0s (Draw: 11198, Bodies: 463)
⚡ PHYSICS SPIKE #1792: 12.0 ms at 69.1s (Bodies: 463)
⚡ PHYSICS SPIKE #1793: 12.0 ms at 69.1s (Bodies: 463)
⚡ PHYSICS SPIKE #1794: 12.0 ms at 69.1s (Bodies: 463)
⚡ PHYSICS SPIKE #1795: 12.0 ms at 69.1s (Bodies: 463)
⚡ PHYSICS SPIKE #1796: 12.0 ms at 69.1s (Bodies: 463)
⚡ FRAME SPIKE #1238: 87.5 ms at 69.1s (Draw: 11140, Bodies: 463)
⚡ PHYSICS SPIKE #1797: 12.1 ms at 69.1s (Bodies: 463)
⚡ PHYSICS SPIKE #1798: 12.1 ms at 69.1s (Bodies: 463)
⚡ PHYSICS SPIKE #1799: 12.1 ms at 69.1s (Bodies: 463)
⚡ PHYSICS SPIKE #1800: 12.1 ms at 69.1s (Bodies: 463)
⚡ PHYSICS SPIKE #1801: 12.1 ms at 69.1s (Bodies: 463)
⚡ PHYSICS SPIKE #1802: 12.1 ms at 69.1s (Bodies: 463)
⚡ FRAME SPIKE #1239: 88.1 ms at 69.1s (Draw: 11069, Bodies: 463)
⚡ PHYSICS SPIKE #1803: 12.1 ms at 69.2s (Bodies: 463)
⚡ PHYSICS SPIKE #1804: 12.1 ms at 69.2s (Bodies: 463)
⚡ PHYSICS SPIKE #1805: 12.1 ms at 69.2s (Bodies: 463)
⚡ PHYSICS SPIKE #1806: 12.1 ms at 69.2s (Bodies: 463)
⚡ PHYSICS SPIKE #1807: 12.1 ms at 69.2s (Bodies: 463)
⚡ PHYSICS SPIKE #1808: 12.1 ms at 69.2s (Bodies: 463)
⚡ FRAME SPIKE #1240: 99.8 ms at 69.2s (Draw: 10921, Bodies: 463)
⚡ PHYSICS SPIKE #1809: 12.1 ms at 69.3s (Bodies: 463)
⚡ PHYSICS SPIKE #1810: 12.1 ms at 69.3s (Bodies: 463)
⚡ PHYSICS SPIKE #1811: 12.1 ms at 69.3s (Bodies: 463)
⚡ PHYSICS SPIKE #1812: 12.1 ms at 69.3s (Bodies: 463)
⚡ PHYSICS SPIKE #1813: 12.1 ms at 69.3s (Bodies: 463)
⚡ PHYSICS SPIKE #1814: 12.1 ms at 69.3s (Bodies: 463)
⚡ FRAME SPIKE #1241: 99.3 ms at 69.3s (Draw: 10854, Bodies: 463)
⚡ PHYSICS SPIKE #1815: 12.1 ms at 69.4s (Bodies: 463)
⚡ PHYSICS SPIKE #1816: 12.1 ms at 69.4s (Bodies: 463)
⚡ PHYSICS SPIKE #1817: 12.1 ms at 69.4s (Bodies: 463)
⚡ PHYSICS SPIKE #1818: 12.1 ms at 69.4s (Bodies: 463)
⚡ PHYSICS SPIKE #1819: 12.1 ms at 69.4s (Bodies: 463)
⚡ FRAME SPIKE #1242: 97.2 ms at 69.4s (Draw: 10826, Bodies: 463)
⚡ PHYSICS SPIKE #1820: 12.1 ms at 69.5s (Bodies: 463)
⚡ PHYSICS SPIKE #1821: 12.1 ms at 69.5s (Bodies: 463)
⚡ PHYSICS SPIKE #1822: 12.1 ms at 69.5s (Bodies: 463)
⚡ PHYSICS SPIKE #1823: 12.1 ms at 69.5s (Bodies: 463)
⚡ PHYSICS SPIKE #1824: 12.1 ms at 69.5s (Bodies: 463)
⚡ PHYSICS SPIKE #1825: 12.1 ms at 69.5s (Bodies: 463)
⚡ FRAME SPIKE #1243: 94.4 ms at 69.5s (Draw: 10823, Bodies: 463)
⚡ PHYSICS SPIKE #1826: 12.1 ms at 69.6s (Bodies: 463)
⚡ PHYSICS SPIKE #1827: 12.1 ms at 69.6s (Bodies: 463)
⚡ PHYSICS SPIKE #1828: 12.1 ms at 69.6s (Bodies: 463)
⚡ PHYSICS SPIKE #1829: 12.1 ms at 69.6s (Bodies: 463)
⚡ PHYSICS SPIKE #1830: 12.1 ms at 69.6s (Bodies: 463)
⚡ PHYSICS SPIKE #1831: 12.1 ms at 69.6s (Bodies: 463)
⚡ FRAME SPIKE #1244: 95.2 ms at 69.6s (Draw: 10830, Bodies: 463)
⚡ PHYSICS SPIKE #1832: 12.1 ms at 69.7s (Bodies: 463)
⚡ PHYSICS SPIKE #1833: 12.1 ms at 69.7s (Bodies: 463)
⚡ PHYSICS SPIKE #1834: 12.1 ms at 69.7s (Bodies: 463)
⚡ PHYSICS SPIKE #1835: 12.1 ms at 69.7s (Bodies: 463)
⚡ PHYSICS SPIKE #1836: 12.1 ms at 69.7s (Bodies: 463)
⚡ FRAME SPIKE #1245: 95.2 ms at 69.7s (Draw: 10826, Bodies: 463)
🚗 Traffic: 32 active NPCs (Near: 13, Mid: 11, Far: 8), 5 pooled
  → Physics bodies from NPCs: 32 (All: 32×1, было бы 32×5=160)

========== Bottleneck Analysis Report ==========
Time: 79.7s | Frames: 1552

📊 PERFORMANCE OVERVIEW:
  FPS: 8.7 avg | 7.0 min
  Frame Time: 40.06 ms avg | 42.86 ms max
  Physics Time: 12.96 ms avg

🔍 BOTTLENECK IDENTIFICATION:
  🔴 [CRITICAL] Frame Time
      Value: 40.06 ms (target: 16.67 ms)
      Impact: Overall performance bottleneck
      Suggestions:
        • Reduce draw calls
        • Optimize scripts in _process()
        • Check for expensive operations per frame

  🔴 [CRITICAL] Physics Time
      Value: 12.96 ms
      Impact: Physics simulation overhead
      Suggestions:
        • Reduce number of active physics bodies
        • Simplify collision shapes
        • Disable physics for distant objects

  🟠 [HIGH] Draw Calls
      Value: 12908 calls/frame
      Impact: GPU rendering overhead
      Suggestions:
        • Batch meshes by material
        • Use MultiMeshInstance3D
        • Implement LOD system
        • Enable frustum culling

  🟠 [HIGH] Physics Bodies
      Value: 464 active bodies
      Impact: Physics engine load
      Suggestions:
        • Reduce NPC count
        • Convert distant NPCs to kinematic
        • Disable physics for far objects

  🟡 [MEDIUM] Vertex Count
      Value: 7958988 vertices/frame
      Impact: GPU vertex processing
      Suggestions:
        • Implement LOD for distant objects
        • Simplify building meshes
        • Use lower poly models

  🟡 [MEDIUM] Node Count
      Value: 30233 nodes
      Impact: Scene tree traversal overhead
      Suggestions:
        • Unload distant chunks
        • Pool and reuse nodes
        • Flatten hierarchy where possible

  🟡 [MEDIUM] Post-Processing Effects
      Value: SSAO, Glow/Bloom, Volumetric Fog
      Impact: GPU shader overhead
      Suggestions:
        • Reduce SSR quality
        • Disable SSAO on low-end hardware
        • Use simpler fog

📈 DETAILED STATS:
  Draw Calls: 12908 avg | 15374 max
  Vertices: 7958988 avg | 8432977 max
  Physics Bodies: 464
  Nodes: 30233
  VRAM: 794.6 MB

=================================================

⚡ PHYSICS SPIKE #1837: 12.1 ms at 69.8s (Bodies: 463)
⚡ PHYSICS SPIKE #1838: 12.1 ms at 69.8s (Bodies: 465)
⚡ PHYSICS SPIKE #1839: 12.1 ms at 69.8s (Bodies: 465)
⚡ PHYSICS SPIKE #1840: 12.1 ms at 69.8s (Bodies: 465)
⚡ PHYSICS SPIKE #1841: 12.1 ms at 69.8s (Bodies: 465)
⚡ PHYSICS SPIKE #1842: 12.1 ms at 69.8s (Bodies: 465)
⚡ FRAME SPIKE #1246: 94.4 ms at 69.8s (Draw: 11752, Bodies: 465)

=== PERFORMANCE METRICS ===
FPS: 11 | Frame: 98.4 ms (max 142.1) | Physics: 16.5 ms (max 51.7)
Godot Process: 35.46 ms | Physics: 12.09 ms
Objects: 69040 | Nodes: 30233 | Resources: 538
Draw calls: 11752 | Vertices: 7591278 | VRAM: 794.6 MB
Physics bodies: 465 | Collision pairs: 5645
--- System Times ---
  road_batch_finalize_total_-1,-1: 11.69 ms (max 11.69)
  road_batch_finalize_total_-1,-2: 5.78 ms (max 5.78)
  road_batch_finalize_total_-1,-3: 8.34 ms (max 8.34)
  road_batch_finalize_total_-1,-4: 9.39 ms (max 9.39)
  road_batch_finalize_total_-1,0: 19.43 ms (max 19.43)
  road_batch_finalize_total_-2,-1: 17.95 ms (max 17.95)
  road_batch_finalize_total_-2,-2: 15.50 ms (max 15.50)
  road_batch_finalize_total_-2,-3: 8.38 ms (max 8.39)
  road_batch_finalize_total_-2,0: 15.64 ms (max 15.64)
  road_batch_finalize_total_0,-1: 19.50 ms (max 19.50)
  road_batch_finalize_total_0,-2: 18.98 ms (max 18.98)
  road_batch_finalize_total_0,-3: 10.92 ms (max 10.92)
  road_batch_finalize_total_0,-4: 6.25 ms (max 6.25)
  road_batch_finalize_total_0,0: 14.58 ms (max 14.58)
  road_batch_finalize_total_0,1: 10.33 ms (max 10.33)
  road_batch_finalize_total_1,-1: 17.43 ms (max 17.43)
  road_batch_finalize_total_1,-2: 15.50 ms (max 15.50)
  road_batch_finalize_total_1,-3: 9.12 ms (max 9.12)
  road_batch_finalize_total_1,-4: 9.66 ms (max 9.66)
  road_batch_finalize_total_1,0: 10.98 ms (max 10.98)
  road_batch_finalize_total_2,-1: 4.08 ms (max 4.08)
  road_batch_finalize_total_2,-2: 8.09 ms (max 8.09)
  road_batch_finalize_total_2,-3: 6.81 ms (max 6.81)
  road_batch_finalize_total_2,-4: 8.34 ms (max 8.34)
  road_collision_create_-1,-1: 3.59 ms (max 4.29)
  road_collision_create_-1,-2: 2.64 ms (max 3.20)
  road_collision_create_-1,-3: 2.53 ms (max 4.39)
  road_collision_create_-1,-4: 4.36 ms (max 4.96)
  road_collision_create_-1,0: 9.45 ms (max 16.64)
  road_collision_create_-2,-1: 5.74 ms (max 11.96)
  road_collision_create_-2,-2: 7.40 ms (max 12.74)
  road_collision_create_-2,-3: 2.49 ms (max 3.77)
  road_collision_create_-2,0: 7.45 ms (max 11.90)
  road_collision_create_0,-1: 6.21 ms (max 12.30)
  road_collision_create_0,-2: 6.03 ms (max 11.80)
  road_collision_create_0,-3: 3.35 ms (max 4.30)
  road_collision_create_0,-4: 1.80 ms (max 3.04)
  road_collision_create_0,0: 4.62 ms (max 10.86)
  road_collision_create_0,1: 10.06 ms (max 10.06)
  road_collision_create_1,-1: 5.58 ms (max 12.81)
  road_collision_create_1,-2: 7.47 ms (max 12.45)
  road_collision_create_1,-3: 2.73 ms (max 3.94)
  road_collision_create_1,-4: 2.95 ms (max 4.02)
  road_collision_create_1,0: 10.68 ms (max 10.68)
  road_collision_create_2,-1: 1.76 ms (max 2.26)
  road_collision_create_2,-2: 2.40 ms (max 4.32)
  road_collision_create_2,-3: 3.07 ms (max 3.90)
  road_collision_create_2,-4: 3.76 ms (max 4.23)
===========================

=== PERFORMANCE METRICS ===
FPS: 11 | Frame: 98.4 ms (max 142.1) | Physics: 16.5 ms (max 51.6)
Godot Process: 35.46 ms | Physics: 12.09 ms
Objects: 69040 | Nodes: 30233 | Resources: 538
Draw calls: 11752 | Vertices: 7591278 | VRAM: 794.6 MB
Physics bodies: 465 | Collision pairs: 5645
===========================
⚡ PHYSICS SPIKE #1843: 12.1 ms at 69.9s (Bodies: 465)
⚡ PHYSICS SPIKE #1844: 12.1 ms at 69.9s (Bodies: 465)
⚡ PHYSICS SPIKE #1845: 12.1 ms at 69.9s (Bodies: 465)
⚡ PHYSICS SPIKE #1846: 12.1 ms at 69.9s (Bodies: 465)
⚡ PHYSICS SPIKE #1847: 12.1 ms at 69.9s (Bodies: 465)
⚡ PHYSICS SPIKE #1848: 12.1 ms at 69.9s (Bodies: 465)
⚡ FRAME SPIKE #1247: 98.2 ms at 69.9s (Draw: 11743, Bodies: 465)
⚡ PHYSICS SPIKE #1849: 12.1 ms at 70.0s (Bodies: 465)
⚡ PHYSICS SPIKE #1850: 12.1 ms at 70.0s (Bodies: 465)
⚡ PHYSICS SPIKE #1851: 12.1 ms at 70.0s (Bodies: 465)
⚡ PHYSICS SPIKE #1852: 12.1 ms at 70.0s (Bodies: 465)
⚡ PHYSICS SPIKE #1853: 12.1 ms at 70.0s (Bodies: 465)
⚡ PHYSICS SPIKE #1854: 12.1 ms at 70.0s (Bodies: 465)
⚡ FRAME SPIKE #1248: 100.9 ms at 70.0s (Draw: 11753, Bodies: 465)
⚡ PHYSICS SPIKE #1855: 12.1 ms at 70.1s (Bodies: 465)
⚡ PHYSICS SPIKE #1856: 12.1 ms at 70.1s (Bodies: 465)
⚡ PHYSICS SPIKE #1857: 12.1 ms at 70.1s (Bodies: 465)
⚡ PHYSICS SPIKE #1858: 12.1 ms at 70.1s (Bodies: 465)
⚡ PHYSICS SPIKE #1859: 12.1 ms at 70.1s (Bodies: 465)
⚡ PHYSICS SPIKE #1860: 12.1 ms at 70.1s (Bodies: 465)
⚡ FRAME SPIKE #1249: 100.3 ms at 70.1s (Draw: 11753, Bodies: 465)
⚡ PHYSICS SPIKE #1861: 12.3 ms at 70.2s (Bodies: 465)
⚡ PHYSICS SPIKE #1862: 12.3 ms at 70.2s (Bodies: 465)
⚡ PHYSICS SPIKE #1863: 12.3 ms at 70.2s (Bodies: 465)
⚡ PHYSICS SPIKE #1864: 12.3 ms at 70.2s (Bodies: 465)
⚡ PHYSICS SPIKE #1865: 12.3 ms at 70.2s (Bodies: 465)
⚡ PHYSICS SPIKE #1866: 12.3 ms at 70.2s (Bodies: 465)
⚡ FRAME SPIKE #1250: 101.7 ms at 70.2s (Draw: 11758, Bodies: 465)
⚡ PHYSICS SPIKE #1867: 12.3 ms at 70.3s (Bodies: 465)
⚡ PHYSICS SPIKE #1868: 12.3 ms at 70.3s (Bodies: 465)
⚡ PHYSICS SPIKE #1869: 12.3 ms at 70.3s (Bodies: 465)
⚡ PHYSICS SPIKE #1870: 12.3 ms at 70.3s (Bodies: 465)
⚡ PHYSICS SPIKE #1871: 12.3 ms at 70.3s (Bodies: 465)
⚡ PHYSICS SPIKE #1872: 12.3 ms at 70.3s (Bodies: 465)
⚡ FRAME SPIKE #1251: 100.8 ms at 70.3s (Draw: 11757, Bodies: 465)
⚡ PHYSICS SPIKE #1873: 12.3 ms at 70.4s (Bodies: 465)
⚡ PHYSICS SPIKE #1874: 12.3 ms at 70.4s (Bodies: 465)
⚡ PHYSICS SPIKE #1875: 12.3 ms at 70.4s (Bodies: 465)
⚡ PHYSICS SPIKE #1876: 12.3 ms at 70.4s (Bodies: 465)
⚡ PHYSICS SPIKE #1877: 12.3 ms at 70.4s (Bodies: 465)
⚡ PHYSICS SPIKE #1878: 12.3 ms at 70.4s (Bodies: 465)
⚡ FRAME SPIKE #1252: 98.4 ms at 70.4s (Draw: 11759, Bodies: 465)
⚡ PHYSICS SPIKE #1879: 12.3 ms at 70.5s (Bodies: 465)
⚡ PHYSICS SPIKE #1880: 12.3 ms at 70.5s (Bodies: 465)
⚡ PHYSICS SPIKE #1881: 12.3 ms at 70.5s (Bodies: 465)
⚡ PHYSICS SPIKE #1882: 12.3 ms at 70.5s (Bodies: 465)
⚡ PHYSICS SPIKE #1883: 12.3 ms at 70.5s (Bodies: 465)
⚡ PHYSICS SPIKE #1884: 12.3 ms at 70.5s (Bodies: 465)
⚡ FRAME SPIKE #1253: 99.3 ms at 70.5s (Draw: 11666, Bodies: 465)
⚡ PHYSICS SPIKE #1885: 12.3 ms at 70.6s (Bodies: 465)
⚡ PHYSICS SPIKE #1886: 12.3 ms at 70.6s (Bodies: 465)
⚡ PHYSICS SPIKE #1887: 12.3 ms at 70.6s (Bodies: 465)
⚡ PHYSICS SPIKE #1888: 12.3 ms at 70.6s (Bodies: 465)
⚡ PHYSICS SPIKE #1889: 12.3 ms at 70.6s (Bodies: 465)
⚡ PHYSICS SPIKE #1890: 12.3 ms at 70.6s (Bodies: 465)
⚡ FRAME SPIKE #1254: 98.9 ms at 70.6s (Draw: 11454, Bodies: 465)
⚡ PHYSICS SPIKE #1891: 12.3 ms at 70.7s (Bodies: 465)
⚡ PHYSICS SPIKE #1892: 12.3 ms at 70.7s (Bodies: 465)
⚡ PHYSICS SPIKE #1893: 12.3 ms at 70.7s (Bodies: 465)
⚡ PHYSICS SPIKE #1894: 12.3 ms at 70.7s (Bodies: 465)
⚡ PHYSICS SPIKE #1895: 12.3 ms at 70.7s (Bodies: 465)
⚡ PHYSICS SPIKE #1896: 12.3 ms at 70.7s (Bodies: 465)
⚡ FRAME SPIKE #1255: 99.0 ms at 70.7s (Draw: 11263, Bodies: 465)
⚡ PHYSICS SPIKE #1897: 12.3 ms at 70.8s (Bodies: 465)
⚡ PHYSICS SPIKE #1898: 12.3 ms at 70.8s (Bodies: 465)
⚡ PHYSICS SPIKE #1899: 12.3 ms at 70.8s (Bodies: 465)
⚡ PHYSICS SPIKE #1900: 12.3 ms at 70.8s (Bodies: 465)
⚡ PHYSICS SPIKE #1901: 12.3 ms at 70.8s (Bodies: 465)
⚡ PHYSICS SPIKE #1902: 12.3 ms at 70.8s (Bodies: 465)
⚡ FRAME SPIKE #1256: 98.6 ms at 70.8s (Draw: 11247, Bodies: 465)
⚡ PHYSICS SPIKE #1903: 12.3 ms at 70.9s (Bodies: 465)
⚡ PHYSICS SPIKE #1904: 12.3 ms at 70.9s (Bodies: 465)
⚡ PHYSICS SPIKE #1905: 12.3 ms at 70.9s (Bodies: 465)
⚡ PHYSICS SPIKE #1906: 12.3 ms at 70.9s (Bodies: 465)
⚡ PHYSICS SPIKE #1907: 12.3 ms at 70.9s (Bodies: 465)
⚡ PHYSICS SPIKE #1908: 12.3 ms at 70.9s (Bodies: 465)
⚡ FRAME SPIKE #1257: 101.1 ms at 70.9s (Draw: 11257, Bodies: 465)
⚡ PHYSICS SPIKE #1909: 12.3 ms at 71.0s (Bodies: 465)
⚡ PHYSICS SPIKE #1910: 12.3 ms at 71.0s (Bodies: 465)
⚡ PHYSICS SPIKE #1911: 12.3 ms at 71.0s (Bodies: 465)
⚡ PHYSICS SPIKE #1912: 12.3 ms at 71.0s (Bodies: 465)
⚡ PHYSICS SPIKE #1913: 12.3 ms at 71.0s (Bodies: 465)
⚡ PHYSICS SPIKE #1914: 12.3 ms at 71.0s (Bodies: 465)
⚡ FRAME SPIKE #1258: 100.0 ms at 71.0s (Draw: 11265, Bodies: 465)
⚡ PHYSICS SPIKE #1915: 12.3 ms at 71.1s (Bodies: 465)
⚡ PHYSICS SPIKE #1916: 12.3 ms at 71.1s (Bodies: 465)
⚡ PHYSICS SPIKE #1917: 12.3 ms at 71.1s (Bodies: 465)
⚡ PHYSICS SPIKE #1918: 12.3 ms at 71.1s (Bodies: 465)
⚡ PHYSICS SPIKE #1919: 12.3 ms at 71.1s (Bodies: 465)
⚡ PHYSICS SPIKE #1920: 12.3 ms at 71.1s (Bodies: 465)
⚡ FRAME SPIKE #1259: 100.0 ms at 71.1s (Draw: 11261, Bodies: 465)
⚡ PHYSICS SPIKE #1921: 12.1 ms at 71.2s (Bodies: 465)
⚡ PHYSICS SPIKE #1922: 12.1 ms at 71.2s (Bodies: 465)
⚡ PHYSICS SPIKE #1923: 12.1 ms at 71.2s (Bodies: 465)
⚡ PHYSICS SPIKE #1924: 12.1 ms at 71.2s (Bodies: 465)
⚡ PHYSICS SPIKE #1925: 12.1 ms at 71.2s (Bodies: 465)
⚡ PHYSICS SPIKE #1926: 12.1 ms at 71.2s (Bodies: 465)
⚡ FRAME SPIKE #1260: 100.0 ms at 71.2s (Draw: 11262, Bodies: 465)
⚡ PHYSICS SPIKE #1927: 12.1 ms at 71.3s (Bodies: 465)
⚡ PHYSICS SPIKE #1928: 12.1 ms at 71.3s (Bodies: 464)
⚡ PHYSICS SPIKE #1929: 12.1 ms at 71.3s (Bodies: 464)
⚡ PHYSICS SPIKE #1930: 12.1 ms at 71.3s (Bodies: 464)
⚡ PHYSICS SPIKE #1931: 12.1 ms at 71.3s (Bodies: 464)
⚡ PHYSICS SPIKE #1932: 12.1 ms at 71.3s (Bodies: 464)
⚡ FRAME SPIKE #1261: 100.0 ms at 71.3s (Draw: 11260, Bodies: 464)
⚡ PHYSICS SPIKE #1933: 12.1 ms at 71.4s (Bodies: 464)
⚡ PHYSICS SPIKE #1934: 12.1 ms at 71.4s (Bodies: 464)
⚡ PHYSICS SPIKE #1935: 12.1 ms at 71.4s (Bodies: 464)
⚡ PHYSICS SPIKE #1936: 12.1 ms at 71.4s (Bodies: 464)
⚡ PHYSICS SPIKE #1937: 12.1 ms at 71.4s (Bodies: 464)
⚡ PHYSICS SPIKE #1938: 12.1 ms at 71.4s (Bodies: 464)
⚡ FRAME SPIKE #1262: 99.8 ms at 71.4s (Draw: 11261, Bodies: 464)
⚡ PHYSICS SPIKE #1939: 12.1 ms at 71.5s (Bodies: 464)
⚡ PHYSICS SPIKE #1940: 12.1 ms at 71.5s (Bodies: 463)
⚡ PHYSICS SPIKE #1941: 12.1 ms at 71.5s (Bodies: 463)
⚡ PHYSICS SPIKE #1942: 12.1 ms at 71.5s (Bodies: 463)
⚡ PHYSICS SPIKE #1943: 12.1 ms at 71.5s (Bodies: 463)
⚡ PHYSICS SPIKE #1944: 12.1 ms at 71.5s (Bodies: 463)
⚡ FRAME SPIKE #1263: 98.6 ms at 71.5s (Draw: 11260, Bodies: 463)
⚡ PHYSICS SPIKE #1945: 12.1 ms at 71.6s (Bodies: 463)
⚡ PHYSICS SPIKE #1946: 12.1 ms at 71.6s (Bodies: 463)
⚡ PHYSICS SPIKE #1947: 12.1 ms at 71.6s (Bodies: 463)
⚡ PHYSICS SPIKE #1948: 12.1 ms at 71.6s (Bodies: 463)
⚡ PHYSICS SPIKE #1949: 12.1 ms at 71.6s (Bodies: 463)
⚡ PHYSICS SPIKE #1950: 12.1 ms at 71.6s (Bodies: 463)
⚡ FRAME SPIKE #1264: 98.6 ms at 71.6s (Draw: 11257, Bodies: 463)
⚡ PHYSICS SPIKE #1951: 12.1 ms at 71.7s (Bodies: 463)
⚡ PHYSICS SPIKE #1952: 12.1 ms at 71.7s (Bodies: 463)
⚡ PHYSICS SPIKE #1953: 12.1 ms at 71.7s (Bodies: 463)
⚡ PHYSICS SPIKE #1954: 12.1 ms at 71.7s (Bodies: 463)
⚡ PHYSICS SPIKE #1955: 12.1 ms at 71.7s (Bodies: 463)
⚡ PHYSICS SPIKE #1956: 12.1 ms at 71.7s (Bodies: 463)
⚡ FRAME SPIKE #1265: 98.6 ms at 71.7s (Draw: 11261, Bodies: 463)
⚡ PHYSICS SPIKE #1957: 12.1 ms at 71.8s (Bodies: 463)
⚡ PHYSICS SPIKE #1958: 12.1 ms at 71.8s (Bodies: 463)
⚡ PHYSICS SPIKE #1959: 12.1 ms at 71.8s (Bodies: 463)
⚡ PHYSICS SPIKE #1960: 12.1 ms at 71.8s (Bodies: 463)
⚡ PHYSICS SPIKE #1961: 12.1 ms at 71.8s (Bodies: 463)
⚡ FRAME SPIKE #1266: 96.5 ms at 71.8s (Draw: 11264, Bodies: 463)
🚗 Traffic: 30 active NPCs (Near: 12, Mid: 10, Far: 8), 7 pooled
  → Physics bodies from NPCs: 30 (All: 30×1, было бы 30×5=150)

========== Bottleneck Analysis Report ==========
Time: 81.8s | Frames: 1573

📊 PERFORMANCE OVERVIEW:
  FPS: 9.2 avg | 8.0 min
  Frame Time: 39.13 ms avg | 42.48 ms max
  Physics Time: 12.85 ms avg

🔍 BOTTLENECK IDENTIFICATION:
  🔴 [CRITICAL] Frame Time
      Value: 39.13 ms (target: 16.67 ms)
      Impact: Overall performance bottleneck
      Suggestions:
        • Reduce draw calls
        • Optimize scripts in _process()
        • Check for expensive operations per frame

  🔴 [CRITICAL] Physics Time
      Value: 12.85 ms
      Impact: Physics simulation overhead
      Suggestions:
        • Reduce number of active physics bodies
        • Simplify collision shapes
        • Disable physics for distant objects

  🟠 [HIGH] Draw Calls
      Value: 12386 calls/frame
      Impact: GPU rendering overhead
      Suggestions:
        • Batch meshes by material
        • Use MultiMeshInstance3D
        • Implement LOD system
        • Enable frustum culling

  🟠 [HIGH] Physics Bodies
      Value: 464 active bodies
      Impact: Physics engine load
      Suggestions:
        • Reduce NPC count
        • Convert distant NPCs to kinematic
        • Disable physics for far objects

  🟡 [MEDIUM] Vertex Count
      Value: 7817643 vertices/frame
      Impact: GPU vertex processing
      Suggestions:
        • Implement LOD for distant objects
        • Simplify building meshes
        • Use lower poly models

  🟡 [MEDIUM] Node Count
      Value: 30233 nodes
      Impact: Scene tree traversal overhead
      Suggestions:
        • Unload distant chunks
        • Pool and reuse nodes
        • Flatten hierarchy where possible

  🟡 [MEDIUM] Post-Processing Effects
      Value: SSAO, Glow/Bloom, Volumetric Fog
      Impact: GPU shader overhead
      Suggestions:
        • Reduce SSR quality
        • Disable SSAO on low-end hardware
        • Use simpler fog

📈 DETAILED STATS:
  Draw Calls: 12386 avg | 14374 max
  Vertices: 7817643 avg | 8345984 max
  Physics Bodies: 464
  Nodes: 30233
  VRAM: 794.6 MB

=================================================

⚡ PHYSICS SPIKE #1962: 12.1 ms at 71.9s (Bodies: 463)
⚡ PHYSICS SPIKE #1963: 12.1 ms at 71.9s (Bodies: 463)
⚡ PHYSICS SPIKE #1964: 12.1 ms at 71.9s (Bodies: 463)
⚡ PHYSICS SPIKE #1965: 12.1 ms at 71.9s (Bodies: 463)
⚡ PHYSICS SPIKE #1966: 12.1 ms at 71.9s (Bodies: 463)
⚡ PHYSICS SPIKE #1967: 12.1 ms at 71.9s (Bodies: 463)
⚡ FRAME SPIKE #1267: 92.7 ms at 71.9s (Draw: 11260, Bodies: 463)
⚡ PHYSICS SPIKE #1968: 12.1 ms at 72.0s (Bodies: 463)
⚡ PHYSICS SPIKE #1969: 12.1 ms at 72.0s (Bodies: 463)
⚡ PHYSICS SPIKE #1970: 12.1 ms at 72.0s (Bodies: 463)
⚡ PHYSICS SPIKE #1971: 12.1 ms at 72.0s (Bodies: 463)
⚡ PHYSICS SPIKE #1972: 12.1 ms at 72.0s (Bodies: 463)
⚡ PHYSICS SPIKE #1973: 12.1 ms at 72.0s (Bodies: 463)
⚡ FRAME SPIKE #1268: 98.6 ms at 72.0s (Draw: 11264, Bodies: 463)
⚡ PHYSICS SPIKE #1974: 12.1 ms at 72.1s (Bodies: 463)
⚡ PHYSICS SPIKE #1975: 12.1 ms at 72.1s (Bodies: 462)
⚡ PHYSICS SPIKE #1976: 12.1 ms at 72.1s (Bodies: 462)
⚡ PHYSICS SPIKE #1977: 12.1 ms at 72.1s (Bodies: 462)
⚡ PHYSICS SPIKE #1978: 12.1 ms at 72.1s (Bodies: 462)
⚡ PHYSICS SPIKE #1979: 12.1 ms at 72.1s (Bodies: 462)
⚡ FRAME SPIKE #1269: 98.3 ms at 72.1s (Draw: 11260, Bodies: 462)
⚡ PHYSICS SPIKE #1980: 12.1 ms at 72.2s (Bodies: 462)
⚡ PHYSICS SPIKE #1981: 12.1 ms at 72.2s (Bodies: 462)
⚡ PHYSICS SPIKE #1982: 12.1 ms at 72.2s (Bodies: 462)
⚡ PHYSICS SPIKE #1983: 12.1 ms at 72.2s (Bodies: 462)
⚡ PHYSICS SPIKE #1984: 12.1 ms at 72.2s (Bodies: 462)
⚡ PHYSICS SPIKE #1985: 12.1 ms at 72.2s (Bodies: 462)
⚡ FRAME SPIKE #1270: 97.1 ms at 72.2s (Draw: 11290, Bodies: 462)
⚡ PHYSICS SPIKE #1986: 12.1 ms at 72.3s (Bodies: 462)
⚡ PHYSICS SPIKE #1987: 12.1 ms at 72.3s (Bodies: 462)
⚡ PHYSICS SPIKE #1988: 12.1 ms at 72.3s (Bodies: 462)
⚡ PHYSICS SPIKE #1989: 12.1 ms at 72.3s (Bodies: 462)
⚡ PHYSICS SPIKE #1990: 12.1 ms at 72.3s (Bodies: 462)
⚡ FRAME SPIKE #1271: 96.4 ms at 72.3s (Draw: 11311, Bodies: 462)
⚡ PHYSICS SPIKE #1991: 12.1 ms at 72.4s (Bodies: 462)
⚡ PHYSICS SPIKE #1992: 12.1 ms at 72.4s (Bodies: 462)
⚡ PHYSICS SPIKE #1993: 12.1 ms at 72.4s (Bodies: 462)
⚡ PHYSICS SPIKE #1994: 12.1 ms at 72.4s (Bodies: 462)
⚡ PHYSICS SPIKE #1995: 12.1 ms at 72.4s (Bodies: 462)
⚡ PHYSICS SPIKE #1996: 12.1 ms at 72.4s (Bodies: 461)
⚡ FRAME SPIKE #1272: 87.7 ms at 72.4s (Draw: 11338, Bodies: 461)
⚡ PHYSICS SPIKE #1997: 12.1 ms at 72.5s (Bodies: 461)
⚡ PHYSICS SPIKE #1998: 12.1 ms at 72.5s (Bodies: 461)
⚡ PHYSICS SPIKE #1999: 12.1 ms at 72.5s (Bodies: 461)
⚡ PHYSICS SPIKE #2000: 12.1 ms at 72.5s (Bodies: 461)
⚡ PHYSICS SPIKE #2001: 12.1 ms at 72.5s (Bodies: 461)
⚡ PHYSICS SPIKE #2002: 12.1 ms at 72.5s (Bodies: 461)
⚡ FRAME SPIKE #1273: 96.3 ms at 72.5s (Draw: 11376, Bodies: 461)
⚡ PHYSICS SPIKE #2003: 12.1 ms at 72.6s (Bodies: 461)
⚡ PHYSICS SPIKE #2004: 12.1 ms at 72.6s (Bodies: 461)
⚡ PHYSICS SPIKE #2005: 12.1 ms at 72.6s (Bodies: 461)
⚡ PHYSICS SPIKE #2006: 12.1 ms at 72.6s (Bodies: 461)
⚡ PHYSICS SPIKE #2007: 12.1 ms at 72.6s (Bodies: 461)
⚡ FRAME SPIKE #1274: 95.8 ms at 72.6s (Draw: 11563, Bodies: 461)
⚡ PHYSICS SPIKE #2008: 12.1 ms at 72.7s (Bodies: 461)
⚡ PHYSICS SPIKE #2009: 12.1 ms at 72.7s (Bodies: 461)
⚡ PHYSICS SPIKE #2010: 12.1 ms at 72.7s (Bodies: 461)
⚡ PHYSICS SPIKE #2011: 12.1 ms at 72.7s (Bodies: 461)
⚡ PHYSICS SPIKE #2012: 12.1 ms at 72.7s (Bodies: 461)
⚡ PHYSICS SPIKE #2013: 12.1 ms at 72.7s (Bodies: 461)
⚡ FRAME SPIKE #1275: 88.9 ms at 72.7s (Draw: 11800, Bodies: 461)
⚡ PHYSICS SPIKE #2014: 12.1 ms at 72.7s (Bodies: 461)
⚡ PHYSICS SPIKE #2015: 12.1 ms at 72.7s (Bodies: 461)
⚡ PHYSICS SPIKE #2016: 12.1 ms at 72.7s (Bodies: 461)
⚡ PHYSICS SPIKE #2017: 12.1 ms at 72.7s (Bodies: 461)
⚡ PHYSICS SPIKE #2018: 12.1 ms at 72.7s (Bodies: 461)
⚡ FRAME SPIKE #1276: 94.4 ms at 72.7s (Draw: 12064, Bodies: 461)
⚡ PHYSICS SPIKE #2019: 12.1 ms at 72.8s (Bodies: 461)
⚡ PHYSICS SPIKE #2020: 12.1 ms at 72.8s (Bodies: 461)
⚡ PHYSICS SPIKE #2021: 12.1 ms at 72.8s (Bodies: 461)
⚡ PHYSICS SPIKE #2022: 12.1 ms at 72.8s (Bodies: 461)
⚡ PHYSICS SPIKE #2023: 12.1 ms at 72.8s (Bodies: 461)
⚡ PHYSICS SPIKE #2024: 12.1 ms at 72.8s (Bodies: 461)
⚡ FRAME SPIKE #1277: 91.6 ms at 72.8s (Draw: 12208, Bodies: 461)
⚡ PHYSICS SPIKE #2025: 12.1 ms at 72.9s (Bodies: 461)
⚡ PHYSICS SPIKE #2026: 12.1 ms at 72.9s (Bodies: 461)
⚡ PHYSICS SPIKE #2027: 12.1 ms at 72.9s (Bodies: 461)
⚡ PHYSICS SPIKE #2028: 12.1 ms at 72.9s (Bodies: 461)
⚡ PHYSICS SPIKE #2029: 12.1 ms at 72.9s (Bodies: 461)
⚡ PHYSICS SPIKE #2030: 12.1 ms at 72.9s (Bodies: 461)
⚡ FRAME SPIKE #1278: 95.5 ms at 72.9s (Draw: 12333, Bodies: 461)
⚡ PHYSICS SPIKE #2031: 12.1 ms at 73.0s (Bodies: 461)
⚡ PHYSICS SPIKE #2032: 12.1 ms at 73.0s (Bodies: 464)
⚡ PHYSICS SPIKE #2033: 12.1 ms at 73.0s (Bodies: 464)
⚡ PHYSICS SPIKE #2034: 12.1 ms at 73.0s (Bodies: 464)
⚡ PHYSICS SPIKE #2035: 12.1 ms at 73.0s (Bodies: 464)
⚡ FRAME SPIKE #1279: 94.4 ms at 73.0s (Draw: 12441, Bodies: 464)
⚡ PHYSICS SPIKE #2036: 12.1 ms at 73.1s (Bodies: 464)
⚡ PHYSICS SPIKE #2037: 12.1 ms at 73.1s (Bodies: 464)
⚡ PHYSICS SPIKE #2038: 12.1 ms at 73.1s (Bodies: 464)
⚡ PHYSICS SPIKE #2039: 12.1 ms at 73.1s (Bodies: 464)
⚡ PHYSICS SPIKE #2040: 12.1 ms at 73.1s (Bodies: 464)
⚡ PHYSICS SPIKE #2041: 12.1 ms at 73.1s (Bodies: 464)
⚡ FRAME SPIKE #1280: 94.4 ms at 73.1s (Draw: 12474, Bodies: 464)
⚡ PHYSICS SPIKE #2042: 11.6 ms at 73.2s (Bodies: 464)
⚡ PHYSICS SPIKE #2043: 11.6 ms at 73.2s (Bodies: 464)
⚡ PHYSICS SPIKE #2044: 11.6 ms at 73.2s (Bodies: 464)
⚡ PHYSICS SPIKE #2045: 11.6 ms at 73.2s (Bodies: 464)
⚡ PHYSICS SPIKE #2046: 11.6 ms at 73.2s (Bodies: 464)
⚡ PHYSICS SPIKE #2047: 11.6 ms at 73.2s (Bodies: 464)
⚡ FRAME SPIKE #1281: 94.4 ms at 73.2s (Draw: 12473, Bodies: 464)
⚡ PHYSICS SPIKE #2048: 11.6 ms at 73.3s (Bodies: 464)
⚡ PHYSICS SPIKE #2049: 11.6 ms at 73.3s (Bodies: 464)
⚡ PHYSICS SPIKE #2050: 11.6 ms at 73.3s (Bodies: 464)
⚡ PHYSICS SPIKE #2051: 11.6 ms at 73.3s (Bodies: 464)
⚡ PHYSICS SPIKE #2052: 11.6 ms at 73.3s (Bodies: 464)
⚡ FRAME SPIKE #1282: 94.8 ms at 73.3s (Draw: 12473, Bodies: 464)
⚡ PHYSICS SPIKE #2053: 11.6 ms at 73.4s (Bodies: 464)
⚡ PHYSICS SPIKE #2054: 11.6 ms at 73.4s (Bodies: 464)
⚡ PHYSICS SPIKE #2055: 11.6 ms at 73.4s (Bodies: 464)
⚡ PHYSICS SPIKE #2056: 11.6 ms at 73.4s (Bodies: 464)
⚡ PHYSICS SPIKE #2057: 11.6 ms at 73.4s (Bodies: 464)
⚡ PHYSICS SPIKE #2058: 11.6 ms at 73.4s (Bodies: 464)
⚡ FRAME SPIKE #1283: 94.4 ms at 73.4s (Draw: 12482, Bodies: 464)
⚡ PHYSICS SPIKE #2059: 11.6 ms at 73.5s (Bodies: 464)
⚡ PHYSICS SPIKE #2060: 11.6 ms at 73.5s (Bodies: 464)
⚡ PHYSICS SPIKE #2061: 11.6 ms at 73.5s (Bodies: 464)
⚡ PHYSICS SPIKE #2062: 11.6 ms at 73.5s (Bodies: 464)
⚡ PHYSICS SPIKE #2063: 11.6 ms at 73.5s (Bodies: 464)
⚡ PHYSICS SPIKE #2064: 11.6 ms at 73.5s (Bodies: 464)
⚡ FRAME SPIKE #1284: 97.7 ms at 73.5s (Draw: 12517, Bodies: 464)
⚡ PHYSICS SPIKE #2065: 11.6 ms at 73.6s (Bodies: 464)
⚡ PHYSICS SPIKE #2066: 11.6 ms at 73.6s (Bodies: 464)
⚡ PHYSICS SPIKE #2067: 11.6 ms at 73.6s (Bodies: 464)
⚡ PHYSICS SPIKE #2068: 11.6 ms at 73.6s (Bodies: 464)
⚡ PHYSICS SPIKE #2069: 11.6 ms at 73.6s (Bodies: 464)
⚡ PHYSICS SPIKE #2070: 11.6 ms at 73.6s (Bodies: 464)
⚡ FRAME SPIKE #1285: 101.5 ms at 73.6s (Draw: 12549, Bodies: 464)
⚡ PHYSICS SPIKE #2071: 11.6 ms at 73.7s (Bodies: 464)
⚡ PHYSICS SPIKE #2072: 11.6 ms at 73.7s (Bodies: 464)
⚡ PHYSICS SPIKE #2073: 11.6 ms at 73.7s (Bodies: 464)
⚡ PHYSICS SPIKE #2074: 11.6 ms at 73.7s (Bodies: 464)
⚡ PHYSICS SPIKE #2075: 11.6 ms at 73.7s (Bodies: 464)
⚡ PHYSICS SPIKE #2076: 11.6 ms at 73.7s (Bodies: 464)
⚡ FRAME SPIKE #1286: 101.0 ms at 73.7s (Draw: 12561, Bodies: 464)
⚡ PHYSICS SPIKE #2077: 11.6 ms at 73.8s (Bodies: 464)
⚡ PHYSICS SPIKE #2078: 11.6 ms at 73.8s (Bodies: 464)
⚡ PHYSICS SPIKE #2079: 11.6 ms at 73.8s (Bodies: 464)
⚡ PHYSICS SPIKE #2080: 11.6 ms at 73.8s (Bodies: 464)
⚡ PHYSICS SPIKE #2081: 11.6 ms at 73.8s (Bodies: 464)
⚡ PHYSICS SPIKE #2082: 11.6 ms at 73.8s (Bodies: 464)
⚡ FRAME SPIKE #1287: 102.5 ms at 73.8s (Draw: 12560, Bodies: 464)
🚗 Traffic: 31 active NPCs (Near: 13, Mid: 10, Far: 8), 6 pooled
  → Physics bodies from NPCs: 31 (All: 31×1, было бы 31×5=155)

========== Bottleneck Analysis Report ==========
Time: 83.8s | Frames: 1594

📊 PERFORMANCE OVERVIEW:
  FPS: 9.6 avg | 8.0 min
  Frame Time: 38.14 ms avg | 42.06 ms max
  Physics Time: 12.73 ms avg

🔍 BOTTLENECK IDENTIFICATION:
  🔴 [CRITICAL] Frame Time
      Value: 38.14 ms (target: 16.67 ms)
      Impact: Overall performance bottleneck
      Suggestions:
        • Reduce draw calls
        • Optimize scripts in _process()
        • Check for expensive operations per frame

  🔴 [CRITICAL] Physics Time
      Value: 12.73 ms
      Impact: Physics simulation overhead
      Suggestions:
        • Reduce number of active physics bodies
        • Simplify collision shapes
        • Disable physics for distant objects

  🟠 [HIGH] Draw Calls
      Value: 12010 calls/frame
      Impact: GPU rendering overhead
      Suggestions:
        • Batch meshes by material
        • Use MultiMeshInstance3D
        • Implement LOD system
        • Enable frustum culling

  🟠 [HIGH] Physics Bodies
      Value: 463 active bodies
      Impact: Physics engine load
      Suggestions:
        • Reduce NPC count
        • Convert distant NPCs to kinematic
        • Disable physics for far objects

  🟡 [MEDIUM] Vertex Count
      Value: 7707613 vertices/frame
      Impact: GPU vertex processing
      Suggestions:
        • Implement LOD for distant objects
        • Simplify building meshes
        • Use lower poly models

  🟡 [MEDIUM] Node Count
      Value: 30233 nodes
      Impact: Scene tree traversal overhead
      Suggestions:
        • Unload distant chunks
        • Pool and reuse nodes
        • Flatten hierarchy where possible

  🟡 [MEDIUM] Post-Processing Effects
      Value: SSAO, Glow/Bloom, Volumetric Fog
      Impact: GPU shader overhead
      Suggestions:
        • Reduce SSR quality
        • Disable SSAO on low-end hardware
        • Use simpler fog

📈 DETAILED STATS:
  Draw Calls: 12010 avg | 13724 max
  Vertices: 7707613 avg | 8066394 max
  Physics Bodies: 463
  Nodes: 30233
  VRAM: 794.6 MB

=================================================

⚡ PHYSICS SPIKE #2083: 11.6 ms at 73.9s (Bodies: 464)
⚡ PHYSICS SPIKE #2084: 11.6 ms at 73.9s (Bodies: 464)
⚡ PHYSICS SPIKE #2085: 11.6 ms at 73.9s (Bodies: 463)
⚡ PHYSICS SPIKE #2086: 11.6 ms at 73.9s (Bodies: 463)
⚡ PHYSICS SPIKE #2087: 11.6 ms at 73.9s (Bodies: 463)
⚡ PHYSICS SPIKE #2088: 11.6 ms at 73.9s (Bodies: 463)
⚡ FRAME SPIKE #1288: 101.6 ms at 73.9s (Draw: 12566, Bodies: 463)
⚡ PHYSICS SPIKE #2089: 11.6 ms at 74.0s (Bodies: 463)
⚡ PHYSICS SPIKE #2090: 11.6 ms at 74.0s (Bodies: 463)
⚡ PHYSICS SPIKE #2091: 11.6 ms at 74.0s (Bodies: 463)
⚡ PHYSICS SPIKE #2092: 11.6 ms at 74.0s (Bodies: 463)
⚡ PHYSICS SPIKE #2093: 11.6 ms at 74.0s (Bodies: 463)
⚡ PHYSICS SPIKE #2094: 11.6 ms at 74.0s (Bodies: 463)
⚡ FRAME SPIKE #1289: 103.4 ms at 74.0s (Draw: 12567, Bodies: 463)
⚡ PHYSICS SPIKE #2095: 11.6 ms at 74.1s (Bodies: 463)
⚡ PHYSICS SPIKE #2096: 11.6 ms at 74.1s (Bodies: 462)
⚡ PHYSICS SPIKE #2097: 11.6 ms at 74.1s (Bodies: 462)
⚡ PHYSICS SPIKE #2098: 11.6 ms at 74.1s (Bodies: 462)
⚡ PHYSICS SPIKE #2099: 11.6 ms at 74.1s (Bodies: 462)
⚡ PHYSICS SPIKE #2100: 11.6 ms at 74.1s (Bodies: 462)
⚡ PHYSICS SPIKE #2101: 11.6 ms at 74.1s (Bodies: 462)
⚡ FRAME SPIKE #1290: 105.2 ms at 74.1s (Draw: 12567, Bodies: 462)
⚡ PHYSICS SPIKE #2102: 11.9 ms at 74.2s (Bodies: 462)
⚡ PHYSICS SPIKE #2103: 11.9 ms at 74.2s (Bodies: 462)
⚡ PHYSICS SPIKE #2104: 11.9 ms at 74.2s (Bodies: 462)
⚡ PHYSICS SPIKE #2105: 11.9 ms at 74.2s (Bodies: 462)
⚡ PHYSICS SPIKE #2106: 11.9 ms at 74.2s (Bodies: 462)
⚡ PHYSICS SPIKE #2107: 11.9 ms at 74.2s (Bodies: 462)
⚡ FRAME SPIKE #1291: 111.9 ms at 74.2s (Draw: 12569, Bodies: 462)
⚡ PHYSICS SPIKE #2108: 11.9 ms at 74.3s (Bodies: 462)
⚡ PHYSICS SPIKE #2109: 11.9 ms at 74.3s (Bodies: 462)
⚡ PHYSICS SPIKE #2110: 11.9 ms at 74.3s (Bodies: 462)
⚡ PHYSICS SPIKE #2111: 11.9 ms at 74.3s (Bodies: 462)
⚡ PHYSICS SPIKE #2112: 11.9 ms at 74.3s (Bodies: 462)
⚡ PHYSICS SPIKE #2113: 11.9 ms at 74.3s (Bodies: 462)
⚡ FRAME SPIKE #1292: 100.1 ms at 74.3s (Draw: 12571, Bodies: 462)
⚡ PHYSICS SPIKE #2114: 11.9 ms at 74.4s (Bodies: 462)
⚡ PHYSICS SPIKE #2115: 11.9 ms at 74.4s (Bodies: 462)
⚡ PHYSICS SPIKE #2116: 11.9 ms at 74.4s (Bodies: 462)
⚡ PHYSICS SPIKE #2117: 11.9 ms at 74.4s (Bodies: 462)
⚡ PHYSICS SPIKE #2118: 11.9 ms at 74.4s (Bodies: 462)
⚡ PHYSICS SPIKE #2119: 11.9 ms at 74.4s (Bodies: 462)
⚡ FRAME SPIKE #1293: 100.5 ms at 74.4s (Draw: 12569, Bodies: 462)
⚡ PHYSICS SPIKE #2120: 11.9 ms at 74.5s (Bodies: 462)
⚡ PHYSICS SPIKE #2121: 11.9 ms at 74.5s (Bodies: 462)
⚡ PHYSICS SPIKE #2122: 11.9 ms at 74.5s (Bodies: 462)
⚡ PHYSICS SPIKE #2123: 11.9 ms at 74.5s (Bodies: 462)
⚡ PHYSICS SPIKE #2124: 11.9 ms at 74.5s (Bodies: 462)
⚡ PHYSICS SPIKE #2125: 11.9 ms at 74.5s (Bodies: 462)
⚡ FRAME SPIKE #1294: 101.4 ms at 74.5s (Draw: 12567, Bodies: 462)
⚡ PHYSICS SPIKE #2126: 11.9 ms at 74.6s (Bodies: 462)
⚡ PHYSICS SPIKE #2127: 11.9 ms at 74.6s (Bodies: 462)
⚡ PHYSICS SPIKE #2128: 11.9 ms at 74.6s (Bodies: 462)
⚡ PHYSICS SPIKE #2129: 11.9 ms at 74.6s (Bodies: 462)
⚡ PHYSICS SPIKE #2130: 11.9 ms at 74.6s (Bodies: 462)
⚡ PHYSICS SPIKE #2131: 11.9 ms at 74.6s (Bodies: 462)
⚡ PHYSICS SPIKE #2132: 11.9 ms at 74.6s (Bodies: 462)
⚡ FRAME SPIKE #1295: 102.8 ms at 74.6s (Draw: 12577, Bodies: 462)
⚡ PHYSICS SPIKE #2133: 11.9 ms at 74.7s (Bodies: 462)
⚡ PHYSICS SPIKE #2134: 11.9 ms at 74.7s (Bodies: 462)
⚡ PHYSICS SPIKE #2135: 11.9 ms at 74.7s (Bodies: 462)
⚡ PHYSICS SPIKE #2136: 11.9 ms at 74.7s (Bodies: 462)
⚡ PHYSICS SPIKE #2137: 11.9 ms at 74.7s (Bodies: 462)
⚡ PHYSICS SPIKE #2138: 11.9 ms at 74.7s (Bodies: 462)
⚡ FRAME SPIKE #1296: 111.1 ms at 74.7s (Draw: 12581, Bodies: 462)
⚡ PHYSICS SPIKE #2139: 11.9 ms at 74.8s (Bodies: 462)
⚡ PHYSICS SPIKE #2140: 11.9 ms at 74.8s (Bodies: 462)
⚡ PHYSICS SPIKE #2141: 11.9 ms at 74.8s (Bodies: 461)
⚡ PHYSICS SPIKE #2142: 11.9 ms at 74.8s (Bodies: 461)
⚡ PHYSICS SPIKE #2143: 11.9 ms at 74.8s (Bodies: 461)
⚡ PHYSICS SPIKE #2144: 11.9 ms at 74.8s (Bodies: 461)
⚡ FRAME SPIKE #1297: 102.8 ms at 74.8s (Draw: 12592, Bodies: 461)

=== PERFORMANCE METRICS ===
FPS: 10 | Frame: 103.0 ms (max 142.1) | Physics: 16.6 ms (max 49.9)
Godot Process: 38.54 ms | Physics: 11.90 ms
Objects: 69040 | Nodes: 30233 | Resources: 538
Draw calls: 12592 | Vertices: 7574815 | VRAM: 794.6 MB
Physics bodies: 461 | Collision pairs: 5574
--- System Times ---
  road_batch_finalize_total_-1,-1: 11.69 ms (max 11.69)
  road_batch_finalize_total_-1,-2: 5.78 ms (max 5.78)
  road_batch_finalize_total_-1,-3: 8.34 ms (max 8.34)
  road_batch_finalize_total_-1,-4: 9.39 ms (max 9.39)
  road_batch_finalize_total_-1,0: 19.43 ms (max 19.43)
  road_batch_finalize_total_-2,-1: 17.95 ms (max 17.95)
  road_batch_finalize_total_-2,-2: 15.50 ms (max 15.50)
  road_batch_finalize_total_-2,-3: 8.38 ms (max 8.39)
  road_batch_finalize_total_-2,0: 15.64 ms (max 15.64)
  road_batch_finalize_total_0,-1: 19.50 ms (max 19.50)
  road_batch_finalize_total_0,-2: 18.98 ms (max 18.98)
  road_batch_finalize_total_0,-3: 10.92 ms (max 10.92)
  road_batch_finalize_total_0,-4: 6.25 ms (max 6.25)
  road_batch_finalize_total_0,0: 14.58 ms (max 14.58)
  road_batch_finalize_total_0,1: 10.33 ms (max 10.33)
  road_batch_finalize_total_1,-1: 17.43 ms (max 17.43)
  road_batch_finalize_total_1,-2: 15.50 ms (max 15.50)
  road_batch_finalize_total_1,-3: 9.12 ms (max 9.12)
  road_batch_finalize_total_1,-4: 9.66 ms (max 9.66)
  road_batch_finalize_total_1,0: 10.98 ms (max 10.98)
  road_batch_finalize_total_2,-1: 4.08 ms (max 4.08)
  road_batch_finalize_total_2,-2: 8.09 ms (max 8.09)
  road_batch_finalize_total_2,-3: 6.81 ms (max 6.81)
  road_batch_finalize_total_2,-4: 8.34 ms (max 8.34)
  road_collision_create_-1,-1: 3.59 ms (max 4.29)
  road_collision_create_-1,-2: 2.64 ms (max 3.20)
  road_collision_create_-1,-3: 2.53 ms (max 4.39)
  road_collision_create_-1,-4: 4.36 ms (max 4.96)
  road_collision_create_-1,0: 9.45 ms (max 16.64)
  road_collision_create_-2,-1: 5.74 ms (max 11.96)
  road_collision_create_-2,-2: 7.40 ms (max 12.74)
  road_collision_create_-2,-3: 2.49 ms (max 3.77)
  road_collision_create_-2,0: 7.45 ms (max 11.90)
  road_collision_create_0,-1: 6.21 ms (max 12.30)
  road_collision_create_0,-2: 6.03 ms (max 11.80)
  road_collision_create_0,-3: 3.35 ms (max 4.30)
  road_collision_create_0,-4: 1.80 ms (max 3.04)
  road_collision_create_0,0: 4.62 ms (max 10.86)
  road_collision_create_0,1: 10.06 ms (max 10.06)
  road_collision_create_1,-1: 5.58 ms (max 12.81)
  road_collision_create_1,-2: 7.47 ms (max 12.45)
  road_collision_create_1,-3: 2.73 ms (max 3.94)
  road_collision_create_1,-4: 2.95 ms (max 4.02)
  road_collision_create_1,0: 10.68 ms (max 10.68)
  road_collision_create_2,-1: 1.76 ms (max 2.26)
  road_collision_create_2,-2: 2.40 ms (max 4.32)
  road_collision_create_2,-3: 3.07 ms (max 3.90)
  road_collision_create_2,-4: 3.76 ms (max 4.23)
===========================

=== PERFORMANCE METRICS ===
FPS: 10 | Frame: 103.0 ms (max 142.1) | Physics: 16.6 ms (max 50.1)
Godot Process: 38.54 ms | Physics: 11.90 ms
Objects: 69040 | Nodes: 30233 | Resources: 538
Draw calls: 12592 | Vertices: 7574815 | VRAM: 794.6 MB
Physics bodies: 461 | Collision pairs: 5574
===========================
⚡ PHYSICS SPIKE #2145: 11.9 ms at 74.9s (Bodies: 461)
⚡ PHYSICS SPIKE #2146: 11.9 ms at 74.9s (Bodies: 461)
⚡ PHYSICS SPIKE #2147: 11.9 ms at 74.9s (Bodies: 461)
⚡ PHYSICS SPIKE #2148: 11.9 ms at 74.9s (Bodies: 461)
⚡ PHYSICS SPIKE #2149: 11.9 ms at 74.9s (Bodies: 461)
⚡ PHYSICS SPIKE #2150: 11.9 ms at 74.9s (Bodies: 461)
⚡ FRAME SPIKE #1298: 100.6 ms at 74.9s (Draw: 12594, Bodies: 461)
⚡ PHYSICS SPIKE #2151: 11.9 ms at 75.0s (Bodies: 461)
⚡ PHYSICS SPIKE #2152: 11.9 ms at 75.0s (Bodies: 461)
⚡ PHYSICS SPIKE #2153: 11.9 ms at 75.0s (Bodies: 461)
⚡ PHYSICS SPIKE #2154: 11.9 ms at 75.0s (Bodies: 461)
⚡ PHYSICS SPIKE #2155: 11.9 ms at 75.0s (Bodies: 461)
⚡ PHYSICS SPIKE #2156: 11.9 ms at 75.0s (Bodies: 461)
⚡ FRAME SPIKE #1299: 100.0 ms at 75.0s (Draw: 12604, Bodies: 461)
⚡ PHYSICS SPIKE #2157: 12.0 ms at 75.1s (Bodies: 461)
⚡ PHYSICS SPIKE #2158: 12.0 ms at 75.1s (Bodies: 463)
⚡ PHYSICS SPIKE #2159: 12.0 ms at 75.1s (Bodies: 463)
⚡ PHYSICS SPIKE #2160: 12.0 ms at 75.1s (Bodies: 463)
⚡ PHYSICS SPIKE #2161: 12.0 ms at 75.1s (Bodies: 463)
⚡ PHYSICS SPIKE #2162: 12.0 ms at 75.1s (Bodies: 463)
⚡ FRAME SPIKE #1300: 100.0 ms at 75.1s (Draw: 12621, Bodies: 463)
⚡ PHYSICS SPIKE #2163: 12.0 ms at 75.2s (Bodies: 463)
⚡ PHYSICS SPIKE #2164: 12.0 ms at 75.2s (Bodies: 463)
⚡ PHYSICS SPIKE #2165: 12.0 ms at 75.2s (Bodies: 463)
⚡ PHYSICS SPIKE #2166: 12.0 ms at 75.2s (Bodies: 463)
⚡ PHYSICS SPIKE #2167: 12.0 ms at 75.2s (Bodies: 463)
⚡ PHYSICS SPIKE #2168: 12.0 ms at 75.2s (Bodies: 463)
⚡ PHYSICS SPIKE #2169: 12.0 ms at 75.2s (Bodies: 463)
⚡ FRAME SPIKE #1301: 103.0 ms at 75.2s (Draw: 12630, Bodies: 463)
⚡ PHYSICS SPIKE #2170: 12.0 ms at 75.3s (Bodies: 463)
⚡ PHYSICS SPIKE #2171: 12.0 ms at 75.3s (Bodies: 463)
⚡ PHYSICS SPIKE #2172: 12.0 ms at 75.3s (Bodies: 462)
⚡ PHYSICS SPIKE #2173: 12.0 ms at 75.3s (Bodies: 462)
⚡ PHYSICS SPIKE #2174: 12.0 ms at 75.3s (Bodies: 462)
⚡ PHYSICS SPIKE #2175: 12.0 ms at 75.3s (Bodies: 462)
⚡ FRAME SPIKE #1302: 103.7 ms at 75.3s (Draw: 12639, Bodies: 462)
⚡ PHYSICS SPIKE #2176: 12.0 ms at 75.5s (Bodies: 462)
⚡ PHYSICS SPIKE #2177: 12.0 ms at 75.5s (Bodies: 462)
⚡ PHYSICS SPIKE #2178: 12.0 ms at 75.5s (Bodies: 462)
⚡ PHYSICS SPIKE #2179: 12.0 ms at 75.5s (Bodies: 462)
⚡ PHYSICS SPIKE #2180: 12.0 ms at 75.5s (Bodies: 462)
⚡ PHYSICS SPIKE #2181: 12.0 ms at 75.5s (Bodies: 462)
⚡ FRAME SPIKE #1303: 103.0 ms at 75.5s (Draw: 12610, Bodies: 462)
⚡ PHYSICS SPIKE #2182: 12.0 ms at 75.6s (Bodies: 462)
⚡ PHYSICS SPIKE #2183: 12.0 ms at 75.6s (Bodies: 462)
⚡ PHYSICS SPIKE #2184: 12.0 ms at 75.6s (Bodies: 462)
⚡ PHYSICS SPIKE #2185: 12.0 ms at 75.6s (Bodies: 462)
⚡ PHYSICS SPIKE #2186: 12.0 ms at 75.6s (Bodies: 462)
⚡ PHYSICS SPIKE #2187: 12.0 ms at 75.6s (Bodies: 462)
⚡ FRAME SPIKE #1304: 103.0 ms at 75.6s (Draw: 12626, Bodies: 462)
⚡ PHYSICS SPIKE #2188: 12.0 ms at 75.7s (Bodies: 462)
⚡ PHYSICS SPIKE #2189: 12.0 ms at 75.7s (Bodies: 462)
⚡ PHYSICS SPIKE #2190: 12.0 ms at 75.7s (Bodies: 462)
⚡ PHYSICS SPIKE #2191: 12.0 ms at 75.7s (Bodies: 462)
⚡ PHYSICS SPIKE #2192: 12.0 ms at 75.7s (Bodies: 462)
⚡ PHYSICS SPIKE #2193: 12.0 ms at 75.7s (Bodies: 462)
⚡ FRAME SPIKE #1305: 102.8 ms at 75.7s (Draw: 12650, Bodies: 462)
⚡ PHYSICS SPIKE #2194: 12.0 ms at 75.8s (Bodies: 462)
⚡ PHYSICS SPIKE #2195: 12.0 ms at 75.8s (Bodies: 462)
⚡ PHYSICS SPIKE #2196: 12.0 ms at 75.8s (Bodies: 462)
⚡ PHYSICS SPIKE #2197: 12.0 ms at 75.8s (Bodies: 462)
⚡ PHYSICS SPIKE #2198: 12.0 ms at 75.8s (Bodies: 462)
⚡ PHYSICS SPIKE #2199: 12.0 ms at 75.8s (Bodies: 462)
⚡ FRAME SPIKE #1306: 101.1 ms at 75.8s (Draw: 12655, Bodies: 462)
⚡ PHYSICS SPIKE #2200: 12.0 ms at 75.9s (Bodies: 462)
⚡ PHYSICS SPIKE #2201: 12.0 ms at 75.9s (Bodies: 462)
⚡ PHYSICS SPIKE #2202: 12.0 ms at 75.9s (Bodies: 462)
⚡ PHYSICS SPIKE #2203: 12.0 ms at 75.9s (Bodies: 462)
⚡ PHYSICS SPIKE #2204: 12.0 ms at 75.9s (Bodies: 462)
⚡ PHYSICS SPIKE #2205: 12.0 ms at 75.9s (Bodies: 462)
⚡ PHYSICS SPIKE #2206: 12.0 ms at 75.9s (Bodies: 462)
⚡ FRAME SPIKE #1307: 102.8 ms at 75.9s (Draw: 12670, Bodies: 462)
🚗 Traffic: 29 active NPCs (Near: 10, Mid: 10, Far: 9), 8 pooled
  → Physics bodies from NPCs: 29 (All: 29×1, было бы 29×5=145)

========== Bottleneck Analysis Report ==========
Time: 85.9s | Frames: 1614

📊 PERFORMANCE OVERVIEW:
  FPS: 9.8 avg | 8.0 min
  Frame Time: 37.74 ms avg | 39.87 ms max
  Physics Time: 12.63 ms avg

🔍 BOTTLENECK IDENTIFICATION:
  🔴 [CRITICAL] Frame Time
      Value: 37.74 ms (target: 16.67 ms)
      Impact: Overall performance bottleneck
      Suggestions:
        • Reduce draw calls
        • Optimize scripts in _process()
        • Check for expensive operations per frame

  🔴 [CRITICAL] Physics Time
      Value: 12.63 ms
      Impact: Physics simulation overhead
      Suggestions:
        • Reduce number of active physics bodies
        • Simplify collision shapes
        • Disable physics for distant objects

  🟠 [HIGH] Draw Calls
      Value: 12018 calls/frame
      Impact: GPU rendering overhead
      Suggestions:
        • Batch meshes by material
        • Use MultiMeshInstance3D
        • Implement LOD system
        • Enable frustum culling

  🟠 [HIGH] Physics Bodies
      Value: 463 active bodies
      Impact: Physics engine load
      Suggestions:
        • Reduce NPC count
        • Convert distant NPCs to kinematic
        • Disable physics for far objects

  🟡 [MEDIUM] Vertex Count
      Value: 7645477 vertices/frame
      Impact: GPU vertex processing
      Suggestions:
        • Implement LOD for distant objects
        • Simplify building meshes
        • Use lower poly models

  🟡 [MEDIUM] Node Count
      Value: 30233 nodes
      Impact: Scene tree traversal overhead
      Suggestions:
        • Unload distant chunks
        • Pool and reuse nodes
        • Flatten hierarchy where possible

  🟡 [MEDIUM] Post-Processing Effects
      Value: SSAO, Glow/Bloom, Volumetric Fog
      Impact: GPU shader overhead
      Suggestions:
        • Reduce SSR quality
        • Disable SSAO on low-end hardware
        • Use simpler fog

📈 DETAILED STATS:
  Draw Calls: 12018 avg | 12985 max
  Vertices: 7645477 avg | 7948840 max
  Physics Bodies: 463
  Nodes: 30233
  VRAM: 794.6 MB

=================================================

⚡ PHYSICS SPIKE #2207: 12.0 ms at 76.0s (Bodies: 462)
⚡ PHYSICS SPIKE #2208: 12.0 ms at 76.0s (Bodies: 462)
⚡ PHYSICS SPIKE #2209: 12.0 ms at 76.0s (Bodies: 462)
⚡ PHYSICS SPIKE #2210: 12.0 ms at 76.0s (Bodies: 462)
⚡ PHYSICS SPIKE #2211: 12.0 ms at 76.0s (Bodies: 462)
⚡ PHYSICS SPIKE #2212: 12.0 ms at 76.0s (Bodies: 462)
⚡ FRAME SPIKE #1308: 103.0 ms at 76.0s (Draw: 12683, Bodies: 462)
⚡ PHYSICS SPIKE #2213: 12.0 ms at 76.1s (Bodies: 462)
⚡ PHYSICS SPIKE #2214: 12.0 ms at 76.1s (Bodies: 462)
⚡ PHYSICS SPIKE #2215: 12.0 ms at 76.1s (Bodies: 462)
⚡ PHYSICS SPIKE #2216: 12.0 ms at 76.1s (Bodies: 462)
⚡ PHYSICS SPIKE #2217: 12.0 ms at 76.1s (Bodies: 462)
⚡ PHYSICS SPIKE #2218: 12.0 ms at 76.1s (Bodies: 462)
⚡ FRAME SPIKE #1309: 103.0 ms at 76.1s (Draw: 12683, Bodies: 462)
⚡ PHYSICS SPIKE #2219: 11.8 ms at 76.2s (Bodies: 462)
⚡ PHYSICS SPIKE #2220: 11.8 ms at 76.2s (Bodies: 464)
⚡ PHYSICS SPIKE #2221: 11.8 ms at 76.2s (Bodies: 464)
⚡ PHYSICS SPIKE #2222: 11.8 ms at 76.2s (Bodies: 464)
⚡ PHYSICS SPIKE #2223: 11.8 ms at 76.2s (Bodies: 464)
⚡ PHYSICS SPIKE #2224: 11.8 ms at 76.2s (Bodies: 464)
⚡ FRAME SPIKE #1310: 102.8 ms at 76.2s (Draw: 12682, Bodies: 464)
⚡ PHYSICS SPIKE #2225: 11.8 ms at 76.3s (Bodies: 464)
⚡ PHYSICS SPIKE #2226: 11.8 ms at 76.3s (Bodies: 464)
⚡ PHYSICS SPIKE #2227: 11.8 ms at 76.3s (Bodies: 463)
⚡ PHYSICS SPIKE #2228: 11.8 ms at 76.3s (Bodies: 463)
⚡ PHYSICS SPIKE #2229: 11.8 ms at 76.3s (Bodies: 463)
⚡ PHYSICS SPIKE #2230: 11.8 ms at 76.3s (Bodies: 463)
⚡ FRAME SPIKE #1311: 102.8 ms at 76.3s (Draw: 12697, Bodies: 463)
⚡ PHYSICS SPIKE #2231: 11.8 ms at 76.4s (Bodies: 463)
⚡ PHYSICS SPIKE #2232: 11.8 ms at 76.4s (Bodies: 463)
⚡ PHYSICS SPIKE #2233: 11.8 ms at 76.4s (Bodies: 463)
⚡ PHYSICS SPIKE #2234: 11.8 ms at 76.4s (Bodies: 463)
⚡ PHYSICS SPIKE #2235: 11.8 ms at 76.4s (Bodies: 463)
⚡ PHYSICS SPIKE #2236: 11.8 ms at 76.4s (Bodies: 463)
⚡ FRAME SPIKE #1312: 102.3 ms at 76.4s (Draw: 12696, Bodies: 463)
⚡ PHYSICS SPIKE #2237: 11.8 ms at 76.5s (Bodies: 463)
⚡ PHYSICS SPIKE #2238: 11.8 ms at 76.5s (Bodies: 463)
⚡ PHYSICS SPIKE #2239: 11.8 ms at 76.5s (Bodies: 463)
⚡ PHYSICS SPIKE #2240: 11.8 ms at 76.5s (Bodies: 463)
⚡ PHYSICS SPIKE #2241: 11.8 ms at 76.5s (Bodies: 463)
⚡ PHYSICS SPIKE #2242: 11.8 ms at 76.5s (Bodies: 463)
⚡ PHYSICS SPIKE #2243: 11.8 ms at 76.5s (Bodies: 463)
⚡ FRAME SPIKE #1313: 102.8 ms at 76.5s (Draw: 12711, Bodies: 463)
⚡ PHYSICS SPIKE #2244: 11.8 ms at 76.6s (Bodies: 463)
⚡ PHYSICS SPIKE #2245: 11.8 ms at 76.6s (Bodies: 463)
⚡ PHYSICS SPIKE #2246: 11.8 ms at 76.6s (Bodies: 463)
⚡ PHYSICS SPIKE #2247: 11.8 ms at 76.6s (Bodies: 463)
⚡ PHYSICS SPIKE #2248: 11.8 ms at 76.6s (Bodies: 463)
⚡ PHYSICS SPIKE #2249: 11.8 ms at 76.6s (Bodies: 463)
⚡ FRAME SPIKE #1314: 102.8 ms at 76.6s (Draw: 12713, Bodies: 463)
⚡ PHYSICS SPIKE #2250: 11.8 ms at 76.7s (Bodies: 463)
⚡ PHYSICS SPIKE #2251: 11.8 ms at 76.7s (Bodies: 463)
⚡ PHYSICS SPIKE #2252: 11.8 ms at 76.7s (Bodies: 463)
⚡ PHYSICS SPIKE #2253: 11.8 ms at 76.7s (Bodies: 463)
⚡ PHYSICS SPIKE #2254: 11.8 ms at 76.7s (Bodies: 463)
⚡ PHYSICS SPIKE #2255: 11.8 ms at 76.7s (Bodies: 463)
⚡ FRAME SPIKE #1315: 102.8 ms at 76.7s (Draw: 12714, Bodies: 463)
⚡ PHYSICS SPIKE #2256: 11.8 ms at 76.8s (Bodies: 463)
⚡ PHYSICS SPIKE #2257: 11.8 ms at 76.8s (Bodies: 463)
⚡ PHYSICS SPIKE #2258: 11.8 ms at 76.8s (Bodies: 463)
⚡ PHYSICS SPIKE #2259: 11.8 ms at 76.8s (Bodies: 463)
⚡ PHYSICS SPIKE #2260: 11.8 ms at 76.8s (Bodies: 463)
⚡ PHYSICS SPIKE #2261: 11.8 ms at 76.8s (Bodies: 463)
⚡ FRAME SPIKE #1316: 102.8 ms at 76.8s (Draw: 12714, Bodies: 463)
⚡ PHYSICS SPIKE #2262: 11.8 ms at 76.9s (Bodies: 463)
⚡ PHYSICS SPIKE #2263: 11.8 ms at 76.9s (Bodies: 463)
⚡ PHYSICS SPIKE #2264: 11.8 ms at 76.9s (Bodies: 463)
⚡ PHYSICS SPIKE #2265: 11.8 ms at 76.9s (Bodies: 463)
⚡ PHYSICS SPIKE #2266: 11.8 ms at 76.9s (Bodies: 463)
⚡ PHYSICS SPIKE #2267: 11.8 ms at 76.9s (Bodies: 463)
⚡ FRAME SPIKE #1317: 102.8 ms at 76.9s (Draw: 12689, Bodies: 463)
⚡ PHYSICS SPIKE #2268: 11.8 ms at 77.0s (Bodies: 463)
⚡ PHYSICS SPIKE #2269: 11.8 ms at 77.0s (Bodies: 463)
⚡ PHYSICS SPIKE #2270: 11.8 ms at 77.0s (Bodies: 463)
⚡ PHYSICS SPIKE #2271: 11.8 ms at 77.0s (Bodies: 463)
⚡ PHYSICS SPIKE #2272: 11.8 ms at 77.0s (Bodies: 463)
⚡ PHYSICS SPIKE #2273: 11.8 ms at 77.0s (Bodies: 463)
⚡ FRAME SPIKE #1318: 101.5 ms at 77.0s (Draw: 12662, Bodies: 463)
⚡ PHYSICS SPIKE #2274: 11.8 ms at 77.1s (Bodies: 463)
⚡ PHYSICS SPIKE #2275: 11.8 ms at 77.1s (Bodies: 463)
⚡ PHYSICS SPIKE #2276: 11.8 ms at 77.1s (Bodies: 463)
⚡ PHYSICS SPIKE #2277: 11.8 ms at 77.1s (Bodies: 463)
⚡ PHYSICS SPIKE #2278: 11.8 ms at 77.1s (Bodies: 463)
⚡ PHYSICS SPIKE #2279: 11.8 ms at 77.1s (Bodies: 463)
⚡ FRAME SPIKE #1319: 100.3 ms at 77.1s (Draw: 12702, Bodies: 463)
⚡ PHYSICS SPIKE #2280: 11.8 ms at 77.2s (Bodies: 463)
⚡ PHYSICS SPIKE #2281: 11.8 ms at 77.2s (Bodies: 464)
⚡ PHYSICS SPIKE #2282: 11.8 ms at 77.2s (Bodies: 463)
⚡ PHYSICS SPIKE #2283: 11.8 ms at 77.2s (Bodies: 463)
⚡ PHYSICS SPIKE #2284: 11.8 ms at 77.2s (Bodies: 463)
⚡ PHYSICS SPIKE #2285: 11.8 ms at 77.2s (Bodies: 463)
⚡ PHYSICS SPIKE #2286: 11.8 ms at 77.2s (Bodies: 463)
⚡ FRAME SPIKE #1320: 102.4 ms at 77.2s (Draw: 12723, Bodies: 463)
⚡ PHYSICS SPIKE #2287: 11.8 ms at 77.3s (Bodies: 463)
⚡ PHYSICS SPIKE #2288: 11.8 ms at 77.3s (Bodies: 463)
⚡ PHYSICS SPIKE #2289: 11.8 ms at 77.3s (Bodies: 463)
⚡ PHYSICS SPIKE #2290: 11.8 ms at 77.3s (Bodies: 463)
⚡ PHYSICS SPIKE #2291: 11.8 ms at 77.3s (Bodies: 463)
⚡ PHYSICS SPIKE #2292: 11.8 ms at 77.3s (Bodies: 463)
⚡ FRAME SPIKE #1321: 102.4 ms at 77.3s (Draw: 12722, Bodies: 463)
⚡ PHYSICS SPIKE #2293: 11.8 ms at 77.4s (Bodies: 463)
⚡ PHYSICS SPIKE #2294: 11.8 ms at 77.4s (Bodies: 463)
⚡ PHYSICS SPIKE #2295: 11.8 ms at 77.4s (Bodies: 463)
⚡ PHYSICS SPIKE #2296: 11.8 ms at 77.4s (Bodies: 463)
⚡ PHYSICS SPIKE #2297: 11.8 ms at 77.4s (Bodies: 463)
⚡ PHYSICS SPIKE #2298: 11.8 ms at 77.4s (Bodies: 463)
⚡ FRAME SPIKE #1322: 102.4 ms at 77.4s (Draw: 12732, Bodies: 463)
⚡ PHYSICS SPIKE #2299: 11.8 ms at 77.5s (Bodies: 463)
⚡ PHYSICS SPIKE #2300: 11.8 ms at 77.5s (Bodies: 463)
⚡ PHYSICS SPIKE #2301: 11.8 ms at 77.5s (Bodies: 463)
⚡ PHYSICS SPIKE #2302: 11.8 ms at 77.5s (Bodies: 463)
⚡ PHYSICS SPIKE #2303: 11.8 ms at 77.5s (Bodies: 463)
⚡ PHYSICS SPIKE #2304: 11.8 ms at 77.5s (Bodies: 463)
⚡ FRAME SPIKE #1323: 102.4 ms at 77.5s (Draw: 12734, Bodies: 463)
⚡ PHYSICS SPIKE #2305: 11.8 ms at 77.6s (Bodies: 463)
⚡ PHYSICS SPIKE #2306: 11.8 ms at 77.6s (Bodies: 463)
⚡ PHYSICS SPIKE #2307: 11.8 ms at 77.6s (Bodies: 463)
⚡ PHYSICS SPIKE #2308: 11.8 ms at 77.6s (Bodies: 463)
⚡ PHYSICS SPIKE #2309: 11.8 ms at 77.6s (Bodies: 463)
⚡ PHYSICS SPIKE #2310: 11.8 ms at 77.6s (Bodies: 463)
⚡ FRAME SPIKE #1324: 102.4 ms at 77.6s (Draw: 12742, Bodies: 463)
⚡ PHYSICS SPIKE #2311: 11.8 ms at 77.7s (Bodies: 463)
⚡ PHYSICS SPIKE #2312: 11.8 ms at 77.7s (Bodies: 463)
⚡ PHYSICS SPIKE #2313: 11.8 ms at 77.7s (Bodies: 463)
⚡ PHYSICS SPIKE #2314: 11.8 ms at 77.7s (Bodies: 463)
⚡ PHYSICS SPIKE #2315: 11.8 ms at 77.7s (Bodies: 463)
⚡ PHYSICS SPIKE #2316: 11.8 ms at 77.7s (Bodies: 463)
⚡ FRAME SPIKE #1325: 102.4 ms at 77.7s (Draw: 12739, Bodies: 463)
⚡ PHYSICS SPIKE #2317: 11.8 ms at 77.8s (Bodies: 463)
⚡ PHYSICS SPIKE #2318: 11.8 ms at 77.8s (Bodies: 463)
⚡ PHYSICS SPIKE #2319: 11.8 ms at 77.8s (Bodies: 463)
⚡ PHYSICS SPIKE #2320: 11.8 ms at 77.8s (Bodies: 463)
⚡ PHYSICS SPIKE #2321: 11.8 ms at 77.8s (Bodies: 463)
⚡ PHYSICS SPIKE #2322: 11.8 ms at 77.8s (Bodies: 463)
⚡ FRAME SPIKE #1326: 102.4 ms at 77.8s (Draw: 12736, Bodies: 463)
⚡ PHYSICS SPIKE #2323: 11.8 ms at 77.9s (Bodies: 463)
⚡ PHYSICS SPIKE #2324: 11.8 ms at 77.9s (Bodies: 463)
⚡ PHYSICS SPIKE #2325: 11.8 ms at 77.9s (Bodies: 463)
⚡ PHYSICS SPIKE #2326: 11.8 ms at 77.9s (Bodies: 463)
⚡ PHYSICS SPIKE #2327: 11.8 ms at 77.9s (Bodies: 463)
⚡ PHYSICS SPIKE #2328: 11.8 ms at 77.9s (Bodies: 463)
⚡ PHYSICS SPIKE #2329: 11.8 ms at 77.9s (Bodies: 463)
⚡ FRAME SPIKE #1327: 102.4 ms at 77.9s (Draw: 12751, Bodies: 463)
🚗 Traffic: 30 active NPCs (Near: 10, Mid: 13, Far: 7), 7 pooled
  → Physics bodies from NPCs: 30 (All: 30×1, было бы 30×5=150)

========== Bottleneck Analysis Report ==========
Time: 88.0s | Frames: 1634

📊 PERFORMANCE OVERVIEW:
  FPS: 9.9 avg | 8.0 min
  Frame Time: 37.57 ms avg | 39.87 ms max
  Physics Time: 12.53 ms avg

🔍 BOTTLENECK IDENTIFICATION:
  🔴 [CRITICAL] Frame Time
      Value: 37.57 ms (target: 16.67 ms)
      Impact: Overall performance bottleneck
      Suggestions:
        • Reduce draw calls
        • Optimize scripts in _process()
        • Check for expensive operations per frame

  🔴 [CRITICAL] Physics Time
      Value: 12.53 ms
      Impact: Physics simulation overhead
      Suggestions:
        • Reduce number of active physics bodies
        • Simplify collision shapes
        • Disable physics for distant objects

  🟠 [HIGH] Draw Calls
      Value: 11995 calls/frame
      Impact: GPU rendering overhead
      Suggestions:
        • Batch meshes by material
        • Use MultiMeshInstance3D
        • Implement LOD system
        • Enable frustum culling

  🟠 [HIGH] Physics Bodies
      Value: 463 active bodies
      Impact: Physics engine load
      Suggestions:
        • Reduce NPC count
        • Convert distant NPCs to kinematic
        • Disable physics for far objects

  🟡 [MEDIUM] Vertex Count
      Value: 7592065 vertices/frame
      Impact: GPU vertex processing
      Suggestions:
        • Implement LOD for distant objects
        • Simplify building meshes
        • Use lower poly models

  🟡 [MEDIUM] Node Count
      Value: 30233 nodes
      Impact: Scene tree traversal overhead
      Suggestions:
        • Unload distant chunks
        • Pool and reuse nodes
        • Flatten hierarchy where possible

  🟡 [MEDIUM] Post-Processing Effects
      Value: SSAO, Glow/Bloom, Volumetric Fog
      Impact: GPU shader overhead
      Suggestions:
        • Reduce SSR quality
        • Disable SSAO on low-end hardware
        • Use simpler fog

📈 DETAILED STATS:
  Draw Calls: 11995 avg | 12985 max
  Vertices: 7592065 avg | 7881560 max
  Physics Bodies: 463
  Nodes: 30233
  VRAM: 794.6 MB

=================================================

⚡ PHYSICS SPIKE #2330: 11.8 ms at 78.0s (Bodies: 463)
⚡ PHYSICS SPIKE #2331: 11.8 ms at 78.0s (Bodies: 463)
⚡ PHYSICS SPIKE #2332: 11.8 ms at 78.0s (Bodies: 463)
⚡ PHYSICS SPIKE #2333: 11.8 ms at 78.0s (Bodies: 463)
⚡ PHYSICS SPIKE #2334: 11.8 ms at 78.0s (Bodies: 463)
⚡ PHYSICS SPIKE #2335: 11.8 ms at 78.0s (Bodies: 463)
⚡ FRAME SPIKE #1328: 102.8 ms at 78.0s (Draw: 12754, Bodies: 463)
⚡ PHYSICS SPIKE #2336: 11.8 ms at 78.1s (Bodies: 463)
⚡ PHYSICS SPIKE #2337: 11.8 ms at 78.1s (Bodies: 463)
⚡ PHYSICS SPIKE #2338: 11.8 ms at 78.1s (Bodies: 463)
⚡ PHYSICS SPIKE #2339: 11.8 ms at 78.1s (Bodies: 463)
⚡ PHYSICS SPIKE #2340: 11.8 ms at 78.1s (Bodies: 463)
⚡ PHYSICS SPIKE #2341: 11.8 ms at 78.1s (Bodies: 463)
⚡ FRAME SPIKE #1329: 102.8 ms at 78.1s (Draw: 12752, Bodies: 463)
⚡ PHYSICS SPIKE #2342: 11.8 ms at 78.2s (Bodies: 463)
⚡ PHYSICS SPIKE #2343: 11.8 ms at 78.2s (Bodies: 465)
⚡ PHYSICS SPIKE #2344: 11.8 ms at 78.2s (Bodies: 465)
⚡ PHYSICS SPIKE #2345: 11.8 ms at 78.2s (Bodies: 465)
⚡ PHYSICS SPIKE #2346: 11.8 ms at 78.2s (Bodies: 465)
⚡ PHYSICS SPIKE #2347: 11.8 ms at 78.2s (Bodies: 465)
⚡ FRAME SPIKE #1330: 102.8 ms at 78.2s (Draw: 12759, Bodies: 465)
⚡ PHYSICS SPIKE #2348: 11.8 ms at 78.3s (Bodies: 465)
⚡ PHYSICS SPIKE #2349: 11.8 ms at 78.3s (Bodies: 465)
⚡ PHYSICS SPIKE #2350: 11.8 ms at 78.3s (Bodies: 465)
⚡ PHYSICS SPIKE #2351: 11.8 ms at 78.3s (Bodies: 465)
⚡ PHYSICS SPIKE #2352: 11.8 ms at 78.3s (Bodies: 465)
⚡ PHYSICS SPIKE #2353: 11.8 ms at 78.3s (Bodies: 464)
⚡ FRAME SPIKE #1331: 102.8 ms at 78.3s (Draw: 12775, Bodies: 464)
⚡ PHYSICS SPIKE #2354: 11.8 ms at 78.4s (Bodies: 464)
⚡ PHYSICS SPIKE #2355: 11.8 ms at 78.4s (Bodies: 464)
⚡ PHYSICS SPIKE #2356: 11.8 ms at 78.4s (Bodies: 464)
⚡ PHYSICS SPIKE #2357: 11.8 ms at 78.4s (Bodies: 464)
⚡ PHYSICS SPIKE #2358: 11.8 ms at 78.4s (Bodies: 464)
⚡ PHYSICS SPIKE #2359: 11.8 ms at 78.4s (Bodies: 464)
⚡ FRAME SPIKE #1332: 102.8 ms at 78.4s (Draw: 12779, Bodies: 464)
⚡ PHYSICS SPIKE #2360: 11.8 ms at 78.5s (Bodies: 464)
⚡ PHYSICS SPIKE #2361: 11.8 ms at 78.5s (Bodies: 464)
⚡ PHYSICS SPIKE #2362: 11.8 ms at 78.5s (Bodies: 464)
⚡ PHYSICS SPIKE #2363: 11.8 ms at 78.5s (Bodies: 464)
⚡ PHYSICS SPIKE #2364: 11.8 ms at 78.5s (Bodies: 464)
⚡ PHYSICS SPIKE #2365: 11.8 ms at 78.5s (Bodies: 464)
⚡ PHYSICS SPIKE #2366: 11.8 ms at 78.5s (Bodies: 464)
⚡ FRAME SPIKE #1333: 102.8 ms at 78.5s (Draw: 12791, Bodies: 464)
⚡ PHYSICS SPIKE #2367: 11.8 ms at 78.6s (Bodies: 464)
⚡ PHYSICS SPIKE #2368: 11.8 ms at 78.6s (Bodies: 464)
⚡ PHYSICS SPIKE #2369: 11.8 ms at 78.6s (Bodies: 464)
⚡ PHYSICS SPIKE #2370: 11.8 ms at 78.6s (Bodies: 464)
⚡ PHYSICS SPIKE #2371: 11.8 ms at 78.6s (Bodies: 464)
⚡ PHYSICS SPIKE #2372: 11.8 ms at 78.6s (Bodies: 464)
⚡ FRAME SPIKE #1334: 106.3 ms at 78.6s (Draw: 12804, Bodies: 464)
⚡ PHYSICS SPIKE #2373: 11.8 ms at 78.7s (Bodies: 464)
⚡ PHYSICS SPIKE #2374: 11.8 ms at 78.7s (Bodies: 464)
⚡ PHYSICS SPIKE #2375: 11.8 ms at 78.7s (Bodies: 464)
⚡ PHYSICS SPIKE #2376: 11.8 ms at 78.7s (Bodies: 464)
⚡ PHYSICS SPIKE #2377: 11.8 ms at 78.7s (Bodies: 464)
⚡ PHYSICS SPIKE #2378: 11.8 ms at 78.7s (Bodies: 464)
⚡ FRAME SPIKE #1335: 104.3 ms at 78.7s (Draw: 12806, Bodies: 464)
⚡ PHYSICS SPIKE #2379: 11.8 ms at 78.8s (Bodies: 464)
⚡ PHYSICS SPIKE #2380: 11.8 ms at 78.8s (Bodies: 464)
⚡ PHYSICS SPIKE #2381: 11.8 ms at 78.8s (Bodies: 464)
⚡ PHYSICS SPIKE #2382: 11.8 ms at 78.8s (Bodies: 464)
⚡ PHYSICS SPIKE #2383: 11.8 ms at 78.8s (Bodies: 464)
⚡ PHYSICS SPIKE #2384: 11.8 ms at 78.8s (Bodies: 464)
⚡ FRAME SPIKE #1336: 103.4 ms at 78.8s (Draw: 12809, Bodies: 464)
⚡ PHYSICS SPIKE #2385: 11.8 ms at 78.9s (Bodies: 464)
⚡ PHYSICS SPIKE #2386: 11.8 ms at 78.9s (Bodies: 463)
⚡ PHYSICS SPIKE #2387: 11.8 ms at 78.9s (Bodies: 463)
⚡ PHYSICS SPIKE #2388: 11.8 ms at 78.9s (Bodies: 463)
⚡ PHYSICS SPIKE #2389: 11.8 ms at 78.9s (Bodies: 463)
⚡ PHYSICS SPIKE #2390: 11.8 ms at 78.9s (Bodies: 463)
⚡ PHYSICS SPIKE #2391: 11.8 ms at 78.9s (Bodies: 463)
⚡ FRAME SPIKE #1337: 104.9 ms at 78.9s (Draw: 12788, Bodies: 463)
⚡ PHYSICS SPIKE #2392: 11.8 ms at 79.0s (Bodies: 463)
⚡ PHYSICS SPIKE #2393: 11.8 ms at 79.0s (Bodies: 463)
⚡ PHYSICS SPIKE #2394: 11.8 ms at 79.0s (Bodies: 463)
⚡ PHYSICS SPIKE #2395: 11.8 ms at 79.0s (Bodies: 463)
⚡ PHYSICS SPIKE #2396: 11.8 ms at 79.0s (Bodies: 463)
⚡ PHYSICS SPIKE #2397: 11.8 ms at 79.0s (Bodies: 463)
⚡ PHYSICS SPIKE #2398: 11.8 ms at 79.0s (Bodies: 463)
⚡ FRAME SPIKE #1338: 113.8 ms at 79.0s (Draw: 11701, Bodies: 463)
⚡ PHYSICS SPIKE #2399: 12.4 ms at 79.2s (Bodies: 463)
⚡ PHYSICS SPIKE #2400: 12.4 ms at 79.2s (Bodies: 462)
⚡ PHYSICS SPIKE #2401: 12.4 ms at 79.2s (Bodies: 462)
⚡ PHYSICS SPIKE #2402: 12.4 ms at 79.2s (Bodies: 462)
⚡ PHYSICS SPIKE #2403: 12.4 ms at 79.2s (Bodies: 462)
⚡ PHYSICS SPIKE #2404: 12.4 ms at 79.2s (Bodies: 462)
⚡ FRAME SPIKE #1339: 112.4 ms at 79.2s (Draw: 11009, Bodies: 462)
⚡ PHYSICS SPIKE #2405: 12.4 ms at 79.3s (Bodies: 462)
⚡ PHYSICS SPIKE #2406: 12.4 ms at 79.3s (Bodies: 463)
⚡ PHYSICS SPIKE #2407: 12.4 ms at 79.3s (Bodies: 463)
⚡ PHYSICS SPIKE #2408: 12.4 ms at 79.3s (Bodies: 463)
⚡ PHYSICS SPIKE #2409: 12.4 ms at 79.3s (Bodies: 463)
⚡ PHYSICS SPIKE #2410: 12.4 ms at 79.3s (Bodies: 463)
⚡ PHYSICS SPIKE #2411: 12.4 ms at 79.3s (Bodies: 463)
⚡ FRAME SPIKE #1340: 108.3 ms at 79.3s (Draw: 12048, Bodies: 463)
⚡ PHYSICS SPIKE #2412: 12.4 ms at 79.4s (Bodies: 463)
⚡ PHYSICS SPIKE #2413: 12.4 ms at 79.4s (Bodies: 463)
⚡ PHYSICS SPIKE #2414: 12.4 ms at 79.4s (Bodies: 463)
⚡ PHYSICS SPIKE #2415: 12.4 ms at 79.4s (Bodies: 463)
⚡ PHYSICS SPIKE #2416: 12.4 ms at 79.4s (Bodies: 463)
⚡ PHYSICS SPIKE #2417: 12.4 ms at 79.4s (Bodies: 463)
⚡ FRAME SPIKE #1341: 108.3 ms at 79.4s (Draw: 12034, Bodies: 463)
⚡ PHYSICS SPIKE #2418: 12.4 ms at 79.5s (Bodies: 463)
⚡ PHYSICS SPIKE #2419: 12.4 ms at 79.5s (Bodies: 463)
⚡ PHYSICS SPIKE #2420: 12.4 ms at 79.5s (Bodies: 463)
⚡ PHYSICS SPIKE #2421: 12.4 ms at 79.5s (Bodies: 463)
⚡ PHYSICS SPIKE #2422: 12.4 ms at 79.5s (Bodies: 463)
⚡ PHYSICS SPIKE #2423: 12.4 ms at 79.5s (Bodies: 463)
⚡ PHYSICS SPIKE #2424: 12.4 ms at 79.5s (Bodies: 463)
⚡ FRAME SPIKE #1342: 108.3 ms at 79.5s (Draw: 12043, Bodies: 463)
⚡ PHYSICS SPIKE #2425: 12.4 ms at 79.6s (Bodies: 463)
⚡ PHYSICS SPIKE #2426: 12.4 ms at 79.6s (Bodies: 463)
⚡ PHYSICS SPIKE #2427: 12.4 ms at 79.6s (Bodies: 463)
⚡ PHYSICS SPIKE #2428: 12.4 ms at 79.6s (Bodies: 463)
⚡ PHYSICS SPIKE #2429: 12.4 ms at 79.6s (Bodies: 463)
⚡ PHYSICS SPIKE #2430: 12.4 ms at 79.6s (Bodies: 463)
⚡ FRAME SPIKE #1343: 108.3 ms at 79.6s (Draw: 12042, Bodies: 463)
⚡ PHYSICS SPIKE #2431: 12.4 ms at 79.7s (Bodies: 463)
⚡ PHYSICS SPIKE #2432: 12.4 ms at 79.7s (Bodies: 463)
⚡ PHYSICS SPIKE #2433: 12.4 ms at 79.7s (Bodies: 463)
⚡ PHYSICS SPIKE #2434: 12.4 ms at 79.7s (Bodies: 463)
⚡ PHYSICS SPIKE #2435: 12.4 ms at 79.7s (Bodies: 463)
⚡ PHYSICS SPIKE #2436: 12.4 ms at 79.7s (Bodies: 463)
⚡ PHYSICS SPIKE #2437: 12.4 ms at 79.7s (Bodies: 463)
⚡ FRAME SPIKE #1344: 108.3 ms at 79.7s (Draw: 12027, Bodies: 463)
⚡ PHYSICS SPIKE #2438: 12.4 ms at 79.8s (Bodies: 463)
⚡ PHYSICS SPIKE #2439: 12.4 ms at 79.8s (Bodies: 463)
⚡ PHYSICS SPIKE #2440: 12.4 ms at 79.8s (Bodies: 463)
⚡ PHYSICS SPIKE #2441: 12.4 ms at 79.8s (Bodies: 463)
⚡ PHYSICS SPIKE #2442: 12.4 ms at 79.8s (Bodies: 463)
⚡ PHYSICS SPIKE #2443: 12.4 ms at 79.8s (Bodies: 463)
⚡ FRAME SPIKE #1345: 108.3 ms at 79.8s (Draw: 12020, Bodies: 463)
⚡ PHYSICS SPIKE #2444: 12.4 ms at 79.9s (Bodies: 463)
⚡ PHYSICS SPIKE #2445: 12.4 ms at 79.9s (Bodies: 463)
⚡ PHYSICS SPIKE #2446: 12.4 ms at 79.9s (Bodies: 463)
⚡ PHYSICS SPIKE #2447: 12.4 ms at 79.9s (Bodies: 463)
⚡ PHYSICS SPIKE #2448: 12.4 ms at 79.9s (Bodies: 463)
⚡ PHYSICS SPIKE #2449: 12.4 ms at 79.9s (Bodies: 463)
⚡ PHYSICS SPIKE #2450: 12.4 ms at 79.9s (Bodies: 463)
⚡ FRAME SPIKE #1346: 108.3 ms at 79.9s (Draw: 12019, Bodies: 463)

=== PERFORMANCE METRICS ===
FPS: 9 | Frame: 106.1 ms (max 142.1) | Physics: 16.6 ms (max 50.2)
Godot Process: 37.06 ms | Physics: 12.38 ms
Objects: 69040 | Nodes: 30233 | Resources: 538
Draw calls: 12019 | Vertices: 7723661 | VRAM: 794.6 MB
Physics bodies: 463 | Collision pairs: 5625
--- System Times ---
  road_batch_finalize_total_-1,-1: 11.69 ms (max 11.69)
  road_batch_finalize_total_-1,-2: 5.78 ms (max 5.78)
  road_batch_finalize_total_-1,-3: 8.34 ms (max 8.34)
  road_batch_finalize_total_-1,-4: 9.39 ms (max 9.39)
  road_batch_finalize_total_-1,0: 19.43 ms (max 19.43)
  road_batch_finalize_total_-2,-1: 17.95 ms (max 17.95)
  road_batch_finalize_total_-2,-2: 15.50 ms (max 15.50)
  road_batch_finalize_total_-2,-3: 8.38 ms (max 8.39)
  road_batch_finalize_total_-2,0: 15.64 ms (max 15.64)
  road_batch_finalize_total_0,-1: 19.50 ms (max 19.50)
  road_batch_finalize_total_0,-2: 18.98 ms (max 18.98)
  road_batch_finalize_total_0,-3: 10.92 ms (max 10.92)
  road_batch_finalize_total_0,-4: 6.25 ms (max 6.25)
  road_batch_finalize_total_0,0: 14.58 ms (max 14.58)
  road_batch_finalize_total_0,1: 10.33 ms (max 10.33)
  road_batch_finalize_total_1,-1: 17.43 ms (max 17.43)
  road_batch_finalize_total_1,-2: 15.50 ms (max 15.50)
  road_batch_finalize_total_1,-3: 9.12 ms (max 9.12)
  road_batch_finalize_total_1,-4: 9.66 ms (max 9.66)
  road_batch_finalize_total_1,0: 10.98 ms (max 10.98)
  road_batch_finalize_total_2,-1: 4.08 ms (max 4.08)
  road_batch_finalize_total_2,-2: 8.09 ms (max 8.09)
  road_batch_finalize_total_2,-3: 6.81 ms (max 6.81)
  road_batch_finalize_total_2,-4: 8.34 ms (max 8.34)
  road_collision_create_-1,-1: 3.59 ms (max 4.29)
  road_collision_create_-1,-2: 2.64 ms (max 3.20)
  road_collision_create_-1,-3: 2.53 ms (max 4.39)
  road_collision_create_-1,-4: 4.36 ms (max 4.96)
  road_collision_create_-1,0: 9.45 ms (max 16.64)
  road_collision_create_-2,-1: 5.74 ms (max 11.96)
  road_collision_create_-2,-2: 7.40 ms (max 12.74)
  road_collision_create_-2,-3: 2.49 ms (max 3.77)
  road_collision_create_-2,0: 7.45 ms (max 11.90)
  road_collision_create_0,-1: 6.21 ms (max 12.30)
  road_collision_create_0,-2: 6.03 ms (max 11.80)
  road_collision_create_0,-3: 3.35 ms (max 4.30)
  road_collision_create_0,-4: 1.80 ms (max 3.04)
  road_collision_create_0,0: 4.62 ms (max 10.86)
  road_collision_create_0,1: 10.06 ms (max 10.06)
  road_collision_create_1,-1: 5.58 ms (max 12.81)
  road_collision_create_1,-2: 7.47 ms (max 12.45)
  road_collision_create_1,-3: 2.73 ms (max 3.94)
  road_collision_create_1,-4: 2.95 ms (max 4.02)
  road_collision_create_1,0: 10.68 ms (max 10.68)
  road_collision_create_2,-1: 1.76 ms (max 2.26)
  road_collision_create_2,-2: 2.40 ms (max 4.32)
  road_collision_create_2,-3: 3.07 ms (max 3.90)
  road_collision_create_2,-4: 3.76 ms (max 4.23)
===========================
🚗 Traffic: 31 active NPCs (Near: 12, Mid: 12, Far: 7), 6 pooled
  → Physics bodies from NPCs: 31 (All: 31×1, было бы 31×5=155)

=== PERFORMANCE METRICS ===
FPS: 9 | Frame: 106.1 ms (max 142.1) | Physics: 16.6 ms (max 50.4)
Godot Process: 37.06 ms | Physics: 12.38 ms
Objects: 69040 | Nodes: 30233 | Resources: 538
Draw calls: 12019 | Vertices: 7723661 | VRAM: 794.6 MB
Physics bodies: 463 | Collision pairs: 5625
===========================

========== Bottleneck Analysis Report ==========
Time: 90.0s | Frames: 1653

📊 PERFORMANCE OVERVIEW:
  FPS: 10.0 avg | 9.0 min
  Frame Time: 37.37 ms avg | 39.19 ms max
  Physics Time: 12.04 ms avg

🔍 BOTTLENECK IDENTIFICATION:
  🔴 [CRITICAL] Frame Time
      Value: 37.37 ms (target: 16.67 ms)
      Impact: Overall performance bottleneck
      Suggestions:
        • Reduce draw calls
        • Optimize scripts in _process()
        • Check for expensive operations per frame

  🔴 [CRITICAL] Physics Time
      Value: 12.04 ms
      Impact: Physics simulation overhead
      Suggestions:
        • Reduce number of active physics bodies
        • Simplify collision shapes
        • Disable physics for distant objects

  🟠 [HIGH] Draw Calls
      Value: 12006 calls/frame
      Impact: GPU rendering overhead
      Suggestions:
        • Batch meshes by material
        • Use MultiMeshInstance3D
        • Implement LOD system
        • Enable frustum culling

  🟠 [HIGH] Physics Bodies
      Value: 463 active bodies
      Impact: Physics engine load
      Suggestions:
        • Reduce NPC count
        • Convert distant NPCs to kinematic
        • Disable physics for far objects

  🟡 [MEDIUM] Vertex Count
      Value: 7580215 vertices/frame
      Impact: GPU vertex processing
      Suggestions:
        • Implement LOD for distant objects
        • Simplify building meshes
        • Use lower poly models

  🟡 [MEDIUM] Node Count
      Value: 30233 nodes
      Impact: Scene tree traversal overhead
      Suggestions:
        • Unload distant chunks
        • Pool and reuse nodes
        • Flatten hierarchy where possible

  🟡 [MEDIUM] Post-Processing Effects
      Value: SSAO, Glow/Bloom, Volumetric Fog
      Impact: GPU shader overhead
      Suggestions:
        • Reduce SSR quality
        • Disable SSAO on low-end hardware
        • Use simpler fog

📈 DETAILED STATS:
  Draw Calls: 12006 avg | 12809 max
  Vertices: 7580215 avg | 7723661 max
  Physics Bodies: 463
  Nodes: 30233
  VRAM: 794.6 MB

=================================================

⚡ PHYSICS SPIKE #2451: 12.4 ms at 80.0s (Bodies: 463)
⚡ PHYSICS SPIKE #2452: 12.4 ms at 80.0s (Bodies: 463)
⚡ PHYSICS SPIKE #2453: 12.4 ms at 80.0s (Bodies: 463)
⚡ PHYSICS SPIKE #2454: 12.4 ms at 80.0s (Bodies: 463)
⚡ PHYSICS SPIKE #2455: 12.4 ms at 80.0s (Bodies: 463)
⚡ PHYSICS SPIKE #2456: 12.4 ms at 80.0s (Bodies: 463)
⚡ FRAME SPIKE #1347: 108.3 ms at 80.0s (Draw: 12029, Bodies: 463)
⚡ PHYSICS SPIKE #2457: 11.9 ms at 80.1s (Bodies: 463)
⚡ PHYSICS SPIKE #2458: 11.9 ms at 80.1s (Bodies: 463)
⚡ PHYSICS SPIKE #2459: 11.9 ms at 80.1s (Bodies: 463)
⚡ PHYSICS SPIKE #2460: 11.9 ms at 80.1s (Bodies: 463)
⚡ PHYSICS SPIKE #2461: 11.9 ms at 80.1s (Bodies: 463)
⚡ PHYSICS SPIKE #2462: 11.9 ms at 80.1s (Bodies: 463)
⚡ PHYSICS SPIKE #2463: 11.9 ms at 80.1s (Bodies: 463)
⚡ FRAME SPIKE #1348: 104.8 ms at 80.1s (Draw: 12034, Bodies: 463)
⚡ PHYSICS SPIKE #2464: 11.9 ms at 80.2s (Bodies: 463)
⚡ PHYSICS SPIKE #2465: 11.9 ms at 80.2s (Bodies: 463)
⚡ PHYSICS SPIKE #2466: 11.9 ms at 80.2s (Bodies: 463)
⚡ PHYSICS SPIKE #2467: 11.9 ms at 80.2s (Bodies: 463)
⚡ PHYSICS SPIKE #2468: 11.9 ms at 80.2s (Bodies: 463)
⚡ PHYSICS SPIKE #2469: 11.9 ms at 80.2s (Bodies: 463)
⚡ FRAME SPIKE #1349: 108.3 ms at 80.2s (Draw: 12065, Bodies: 463)
⚡ PHYSICS SPIKE #2470: 11.9 ms at 80.4s (Bodies: 463)
⚡ PHYSICS SPIKE #2471: 11.9 ms at 80.4s (Bodies: 466)
⚡ PHYSICS SPIKE #2472: 11.9 ms at 80.4s (Bodies: 466)
⚡ PHYSICS SPIKE #2473: 11.9 ms at 80.4s (Bodies: 466)
⚡ PHYSICS SPIKE #2474: 11.9 ms at 80.4s (Bodies: 466)
⚡ PHYSICS SPIKE #2475: 11.9 ms at 80.4s (Bodies: 466)
⚡ FRAME SPIKE #1350: 103.1 ms at 80.4s (Draw: 12115, Bodies: 466)
⚡ PHYSICS SPIKE #2476: 11.9 ms at 80.5s (Bodies: 466)
⚡ PHYSICS SPIKE #2477: 11.9 ms at 80.5s (Bodies: 466)
⚡ PHYSICS SPIKE #2478: 11.9 ms at 80.5s (Bodies: 466)
⚡ PHYSICS SPIKE #2479: 11.9 ms at 80.5s (Bodies: 466)
⚡ PHYSICS SPIKE #2480: 11.9 ms at 80.5s (Bodies: 466)
⚡ PHYSICS SPIKE #2481: 11.9 ms at 80.5s (Bodies: 466)
⚡ PHYSICS SPIKE #2482: 11.9 ms at 80.5s (Bodies: 466)
⚡ FRAME SPIKE #1351: 104.1 ms at 80.5s (Draw: 12151, Bodies: 466)
⚡ PHYSICS SPIKE #2483: 11.9 ms at 80.6s (Bodies: 466)
⚡ PHYSICS SPIKE #2484: 11.9 ms at 80.6s (Bodies: 466)
⚡ PHYSICS SPIKE #2485: 11.9 ms at 80.6s (Bodies: 466)
⚡ PHYSICS SPIKE #2486: 11.9 ms at 80.6s (Bodies: 466)
⚡ PHYSICS SPIKE #2487: 11.9 ms at 80.6s (Bodies: 466)
⚡ PHYSICS SPIKE #2488: 11.9 ms at 80.6s (Bodies: 466)
⚡ FRAME SPIKE #1352: 107.6 ms at 80.6s (Draw: 12175, Bodies: 466)
⚡ PHYSICS SPIKE #2489: 11.9 ms at 80.7s (Bodies: 466)
⚡ PHYSICS SPIKE #2490: 11.9 ms at 80.7s (Bodies: 466)
⚡ PHYSICS SPIKE #2491: 11.9 ms at 80.7s (Bodies: 466)
⚡ PHYSICS SPIKE #2492: 11.9 ms at 80.7s (Bodies: 466)
⚡ PHYSICS SPIKE #2493: 11.9 ms at 80.7s (Bodies: 466)
⚡ PHYSICS SPIKE #2494: 11.9 ms at 80.7s (Bodies: 466)
⚡ PHYSICS SPIKE #2495: 11.9 ms at 80.7s (Bodies: 466)
⚡ FRAME SPIKE #1353: 108.8 ms at 80.7s (Draw: 12192, Bodies: 466)
⚡ PHYSICS SPIKE #2496: 11.9 ms at 80.8s (Bodies: 466)
⚡ PHYSICS SPIKE #2497: 11.9 ms at 80.8s (Bodies: 466)
⚡ PHYSICS SPIKE #2498: 11.9 ms at 80.8s (Bodies: 466)
⚡ PHYSICS SPIKE #2499: 11.9 ms at 80.8s (Bodies: 466)
⚡ PHYSICS SPIKE #2500: 11.9 ms at 80.8s (Bodies: 466)
⚡ PHYSICS SPIKE #2501: 11.9 ms at 80.8s (Bodies: 466)
⚡ FRAME SPIKE #1354: 107.6 ms at 80.8s (Draw: 12195, Bodies: 466)
⚡ PHYSICS SPIKE #2502: 11.9 ms at 80.9s (Bodies: 466)
⚡ PHYSICS SPIKE #2503: 11.9 ms at 80.9s (Bodies: 466)
⚡ PHYSICS SPIKE #2504: 11.9 ms at 80.9s (Bodies: 466)
⚡ PHYSICS SPIKE #2505: 11.9 ms at 80.9s (Bodies: 466)
⚡ PHYSICS SPIKE #2506: 11.9 ms at 80.9s (Bodies: 466)
⚡ PHYSICS SPIKE #2507: 11.9 ms at 80.9s (Bodies: 466)
⚡ FRAME SPIKE #1355: 106.9 ms at 80.9s (Draw: 12184, Bodies: 466)
⚡ PHYSICS SPIKE #2508: 11.9 ms at 81.0s (Bodies: 466)
⚡ PHYSICS SPIKE #2509: 11.9 ms at 81.0s (Bodies: 466)
⚡ PHYSICS SPIKE #2510: 11.9 ms at 81.0s (Bodies: 466)
⚡ PHYSICS SPIKE #2511: 11.9 ms at 81.0s (Bodies: 466)
⚡ PHYSICS SPIKE #2512: 11.9 ms at 81.0s (Bodies: 466)
⚡ PHYSICS SPIKE #2513: 11.9 ms at 81.0s (Bodies: 466)
⚡ PHYSICS SPIKE #2514: 11.9 ms at 81.0s (Bodies: 466)
⚡ FRAME SPIKE #1356: 104.4 ms at 81.0s (Draw: 12174, Bodies: 466)
⚡ PHYSICS SPIKE #2515: 11.9 ms at 81.1s (Bodies: 466)
⚡ PHYSICS SPIKE #2516: 11.9 ms at 81.1s (Bodies: 466)
⚡ PHYSICS SPIKE #2517: 11.9 ms at 81.1s (Bodies: 466)
⚡ PHYSICS SPIKE #2518: 11.9 ms at 81.1s (Bodies: 466)
⚡ PHYSICS SPIKE #2519: 11.9 ms at 81.1s (Bodies: 466)
⚡ PHYSICS SPIKE #2520: 11.9 ms at 81.1s (Bodies: 466)
⚡ FRAME SPIKE #1357: 106.9 ms at 81.1s (Draw: 12182, Bodies: 466)
⚡ PHYSICS SPIKE #2521: 12.2 ms at 81.2s (Bodies: 466)
⚡ PHYSICS SPIKE #2522: 12.2 ms at 81.2s (Bodies: 466)
⚡ PHYSICS SPIKE #2523: 12.2 ms at 81.2s (Bodies: 465)
⚡ PHYSICS SPIKE #2524: 12.2 ms at 81.2s (Bodies: 465)
⚡ PHYSICS SPIKE #2525: 12.2 ms at 81.2s (Bodies: 465)
⚡ PHYSICS SPIKE #2526: 12.2 ms at 81.2s (Bodies: 465)
⚡ PHYSICS SPIKE #2527: 12.2 ms at 81.2s (Bodies: 465)
⚡ FRAME SPIKE #1358: 107.4 ms at 81.2s (Draw: 12345, Bodies: 465)
⚡ PHYSICS SPIKE #2528: 12.2 ms at 81.3s (Bodies: 465)
⚡ PHYSICS SPIKE #2529: 12.2 ms at 81.3s (Bodies: 465)
⚡ PHYSICS SPIKE #2530: 12.2 ms at 81.3s (Bodies: 465)
⚡ PHYSICS SPIKE #2531: 12.2 ms at 81.3s (Bodies: 465)
⚡ PHYSICS SPIKE #2532: 12.2 ms at 81.3s (Bodies: 465)
⚡ PHYSICS SPIKE #2533: 12.2 ms at 81.3s (Bodies: 465)
⚡ FRAME SPIKE #1359: 107.1 ms at 81.3s (Draw: 12446, Bodies: 465)
⚡ PHYSICS SPIKE #2534: 12.2 ms at 81.4s (Bodies: 465)
⚡ PHYSICS SPIKE #2535: 12.2 ms at 81.4s (Bodies: 466)
⚡ PHYSICS SPIKE #2536: 12.2 ms at 81.4s (Bodies: 466)
⚡ PHYSICS SPIKE #2537: 12.2 ms at 81.4s (Bodies: 466)
⚡ PHYSICS SPIKE #2538: 12.2 ms at 81.4s (Bodies: 466)
⚡ PHYSICS SPIKE #2539: 12.2 ms at 81.4s (Bodies: 466)
⚡ PHYSICS SPIKE #2540: 12.2 ms at 81.4s (Bodies: 466)
⚡ FRAME SPIKE #1360: 109.5 ms at 81.4s (Draw: 13293, Bodies: 466)
⚡ PHYSICS SPIKE #2541: 12.2 ms at 81.5s (Bodies: 466)
⚡ PHYSICS SPIKE #2542: 12.2 ms at 81.5s (Bodies: 466)
⚡ PHYSICS SPIKE #2543: 12.2 ms at 81.5s (Bodies: 466)
⚡ PHYSICS SPIKE #2544: 12.2 ms at 81.5s (Bodies: 466)
⚡ PHYSICS SPIKE #2545: 12.2 ms at 81.5s (Bodies: 466)
⚡ PHYSICS SPIKE #2546: 12.2 ms at 81.5s (Bodies: 466)
⚡ FRAME SPIKE #1361: 107.4 ms at 81.5s (Draw: 13326, Bodies: 466)
⚡ PHYSICS SPIKE #2547: 12.2 ms at 81.6s (Bodies: 466)
⚡ PHYSICS SPIKE #2548: 12.2 ms at 81.6s (Bodies: 466)
⚡ PHYSICS SPIKE #2549: 12.2 ms at 81.6s (Bodies: 466)
⚡ PHYSICS SPIKE #2550: 12.2 ms at 81.6s (Bodies: 466)
⚡ PHYSICS SPIKE #2551: 12.2 ms at 81.6s (Bodies: 466)
⚡ PHYSICS SPIKE #2552: 12.2 ms at 81.6s (Bodies: 466)
⚡ FRAME SPIKE #1362: 107.1 ms at 81.6s (Draw: 13336, Bodies: 466)
⚡ PHYSICS SPIKE #2553: 12.2 ms at 81.7s (Bodies: 466)
⚡ PHYSICS SPIKE #2554: 12.2 ms at 81.7s (Bodies: 466)
⚡ PHYSICS SPIKE #2555: 12.2 ms at 81.7s (Bodies: 466)
⚡ PHYSICS SPIKE #2556: 12.2 ms at 81.7s (Bodies: 466)
⚡ PHYSICS SPIKE #2557: 12.2 ms at 81.7s (Bodies: 466)
⚡ PHYSICS SPIKE #2558: 12.2 ms at 81.7s (Bodies: 466)
⚡ PHYSICS SPIKE #2559: 12.2 ms at 81.7s (Bodies: 466)
⚡ FRAME SPIKE #1363: 107.1 ms at 81.7s (Draw: 13318, Bodies: 466)
⚡ PHYSICS SPIKE #2560: 12.2 ms at 81.9s (Bodies: 466)
⚡ PHYSICS SPIKE #2561: 12.2 ms at 81.9s (Bodies: 466)
⚡ PHYSICS SPIKE #2562: 12.2 ms at 81.9s (Bodies: 466)
⚡ PHYSICS SPIKE #2563: 12.2 ms at 81.9s (Bodies: 466)
⚡ PHYSICS SPIKE #2564: 12.2 ms at 81.9s (Bodies: 466)
⚡ PHYSICS SPIKE #2565: 12.2 ms at 81.9s (Bodies: 466)
⚡ PHYSICS SPIKE #2566: 12.2 ms at 81.9s (Bodies: 466)
⚡ FRAME SPIKE #1364: 112.2 ms at 81.9s (Draw: 13282, Bodies: 466)
⚡ PHYSICS SPIKE #2567: 12.2 ms at 82.0s (Bodies: 466)
⚡ PHYSICS SPIKE #2568: 12.2 ms at 82.0s (Bodies: 466)
⚡ PHYSICS SPIKE #2569: 12.2 ms at 82.0s (Bodies: 466)
⚡ PHYSICS SPIKE #2570: 12.2 ms at 82.0s (Bodies: 466)
⚡ PHYSICS SPIKE #2571: 12.2 ms at 82.0s (Bodies: 466)
⚡ PHYSICS SPIKE #2572: 12.2 ms at 82.0s (Bodies: 466)
⚡ PHYSICS SPIKE #2573: 12.2 ms at 82.0s (Bodies: 466)
⚡ FRAME SPIKE #1365: 117.0 ms at 82.0s (Draw: 13279, Bodies: 466)
🚗 Traffic: 34 active NPCs (Near: 13, Mid: 14, Far: 7), 3 pooled
  → Physics bodies from NPCs: 34 (All: 34×1, было бы 34×5=170)

========== Bottleneck Analysis Report ==========
Time: 92.0s | Frames: 1672

📊 PERFORMANCE OVERVIEW:
  FPS: 10.0 avg | 9.0 min
  Frame Time: 37.23 ms avg | 39.19 ms max
  Physics Time: 11.99 ms avg

🔍 BOTTLENECK IDENTIFICATION:
  🔴 [CRITICAL] Frame Time
      Value: 37.23 ms (target: 16.67 ms)
      Impact: Overall performance bottleneck
      Suggestions:
        • Reduce draw calls
        • Optimize scripts in _process()
        • Check for expensive operations per frame

  🔴 [CRITICAL] Physics Time
      Value: 11.99 ms
      Impact: Physics simulation overhead
      Suggestions:
        • Reduce number of active physics bodies
        • Simplify collision shapes
        • Disable physics for distant objects

  🟠 [HIGH] Draw Calls
      Value: 12260 calls/frame
      Impact: GPU rendering overhead
      Suggestions:
        • Batch meshes by material
        • Use MultiMeshInstance3D
        • Implement LOD system
        • Enable frustum culling

  🟠 [HIGH] Physics Bodies
      Value: 463 active bodies
      Impact: Physics engine load
      Suggestions:
        • Reduce NPC count
        • Convert distant NPCs to kinematic
        • Disable physics for far objects

  🟡 [MEDIUM] Vertex Count
      Value: 7617652 vertices/frame
      Impact: GPU vertex processing
      Suggestions:
        • Implement LOD for distant objects
        • Simplify building meshes
        • Use lower poly models

  🟡 [MEDIUM] Node Count
      Value: 30233 nodes
      Impact: Scene tree traversal overhead
      Suggestions:
        • Unload distant chunks
        • Pool and reuse nodes
        • Flatten hierarchy where possible

  🟡 [MEDIUM] Post-Processing Effects
      Value: SSAO, Glow/Bloom, Volumetric Fog
      Impact: GPU shader overhead
      Suggestions:
        • Reduce SSR quality
        • Disable SSAO on low-end hardware
        • Use simpler fog

📈 DETAILED STATS:
  Draw Calls: 12260 avg | 13336 max
  Vertices: 7617652 avg | 7869844 max
  Physics Bodies: 463
  Nodes: 30233
  VRAM: 794.6 MB

=================================================

⚡ PHYSICS SPIKE #2574: 12.2 ms at 82.1s (Bodies: 466)
⚡ PHYSICS SPIKE #2575: 12.2 ms at 82.1s (Bodies: 466)
⚡ PHYSICS SPIKE #2576: 12.2 ms at 82.1s (Bodies: 466)
⚡ PHYSICS SPIKE #2577: 12.2 ms at 82.1s (Bodies: 466)
⚡ PHYSICS SPIKE #2578: 12.2 ms at 82.1s (Bodies: 466)
⚡ PHYSICS SPIKE #2579: 12.2 ms at 82.1s (Bodies: 466)
⚡ PHYSICS SPIKE #2580: 12.2 ms at 82.1s (Bodies: 466)
⚡ FRAME SPIKE #1366: 117.1 ms at 82.1s (Draw: 13262, Bodies: 466)
⚡ PHYSICS SPIKE #2581: 12.4 ms at 82.2s (Bodies: 466)
⚡ PHYSICS SPIKE #2582: 12.4 ms at 82.2s (Bodies: 466)
⚡ PHYSICS SPIKE #2583: 12.4 ms at 82.2s (Bodies: 466)
⚡ PHYSICS SPIKE #2584: 12.4 ms at 82.2s (Bodies: 466)
⚡ PHYSICS SPIKE #2585: 12.4 ms at 82.2s (Bodies: 466)
⚡ PHYSICS SPIKE #2586: 12.4 ms at 82.2s (Bodies: 466)
⚡ FRAME SPIKE #1367: 114.6 ms at 82.2s (Draw: 13266, Bodies: 466)
⚡ PHYSICS SPIKE #2587: 12.4 ms at 82.3s (Bodies: 466)
⚡ PHYSICS SPIKE #2588: 12.4 ms at 82.3s (Bodies: 466)
⚡ PHYSICS SPIKE #2589: 12.4 ms at 82.3s (Bodies: 466)
⚡ PHYSICS SPIKE #2590: 12.4 ms at 82.3s (Bodies: 466)
⚡ PHYSICS SPIKE #2591: 12.4 ms at 82.3s (Bodies: 466)
⚡ PHYSICS SPIKE #2592: 12.4 ms at 82.3s (Bodies: 466)
⚡ PHYSICS SPIKE #2593: 12.4 ms at 82.3s (Bodies: 466)
⚡ FRAME SPIKE #1368: 113.3 ms at 82.3s (Draw: 13260, Bodies: 466)
⚡ PHYSICS SPIKE #2594: 12.4 ms at 82.4s (Bodies: 466)
⚡ PHYSICS SPIKE #2595: 12.4 ms at 82.4s (Bodies: 468)
⚡ PHYSICS SPIKE #2596: 12.4 ms at 82.4s (Bodies: 467)
⚡ PHYSICS SPIKE #2597: 12.4 ms at 82.4s (Bodies: 467)
⚡ PHYSICS SPIKE #2598: 12.4 ms at 82.4s (Bodies: 467)
⚡ PHYSICS SPIKE #2599: 12.4 ms at 82.4s (Bodies: 467)
⚡ PHYSICS SPIKE #2600: 12.4 ms at 82.4s (Bodies: 467)
⚡ FRAME SPIKE #1369: 112.5 ms at 82.4s (Draw: 13262, Bodies: 467)
⚡ PHYSICS SPIKE #2601: 12.4 ms at 82.5s (Bodies: 467)
⚡ PHYSICS SPIKE #2602: 12.4 ms at 82.5s (Bodies: 467)
⚡ PHYSICS SPIKE #2603: 12.4 ms at 82.5s (Bodies: 467)
⚡ PHYSICS SPIKE #2604: 12.4 ms at 82.5s (Bodies: 467)
⚡ PHYSICS SPIKE #2605: 12.4 ms at 82.5s (Bodies: 467)
⚡ PHYSICS SPIKE #2606: 12.4 ms at 82.5s (Bodies: 467)
⚡ PHYSICS SPIKE #2607: 12.4 ms at 82.5s (Bodies: 467)
⚡ FRAME SPIKE #1370: 115.3 ms at 82.5s (Draw: 13262, Bodies: 467)
⚡ PHYSICS SPIKE #2608: 12.4 ms at 82.7s (Bodies: 467)
⚡ PHYSICS SPIKE #2609: 12.4 ms at 82.7s (Bodies: 467)
⚡ PHYSICS SPIKE #2610: 12.4 ms at 82.7s (Bodies: 467)
⚡ PHYSICS SPIKE #2611: 12.4 ms at 82.7s (Bodies: 467)
⚡ PHYSICS SPIKE #2612: 12.4 ms at 82.7s (Bodies: 467)
⚡ PHYSICS SPIKE #2613: 12.4 ms at 82.7s (Bodies: 467)
⚡ PHYSICS SPIKE #2614: 12.4 ms at 82.7s (Bodies: 467)
⚡ FRAME SPIKE #1371: 116.2 ms at 82.7s (Draw: 13224, Bodies: 467)
⚡ PHYSICS SPIKE #2615: 12.4 ms at 82.8s (Bodies: 467)
⚡ PHYSICS SPIKE #2616: 12.4 ms at 82.8s (Bodies: 467)
⚡ PHYSICS SPIKE #2617: 12.4 ms at 82.8s (Bodies: 467)
⚡ PHYSICS SPIKE #2618: 12.4 ms at 82.8s (Bodies: 467)
⚡ PHYSICS SPIKE #2619: 12.4 ms at 82.8s (Bodies: 467)
⚡ PHYSICS SPIKE #2620: 12.4 ms at 82.8s (Bodies: 467)
⚡ PHYSICS SPIKE #2621: 12.4 ms at 82.8s (Bodies: 467)
⚡ FRAME SPIKE #1372: 117.3 ms at 82.8s (Draw: 13221, Bodies: 467)
⚡ PHYSICS SPIKE #2622: 12.4 ms at 82.9s (Bodies: 467)
⚡ PHYSICS SPIKE #2623: 12.4 ms at 82.9s (Bodies: 467)
⚡ PHYSICS SPIKE #2624: 12.4 ms at 82.9s (Bodies: 467)
⚡ PHYSICS SPIKE #2625: 12.4 ms at 82.9s (Bodies: 467)
⚡ PHYSICS SPIKE #2626: 12.4 ms at 82.9s (Bodies: 467)
⚡ PHYSICS SPIKE #2627: 12.4 ms at 82.9s (Bodies: 467)
⚡ PHYSICS SPIKE #2628: 12.4 ms at 82.9s (Bodies: 467)
⚡ FRAME SPIKE #1373: 115.9 ms at 82.9s (Draw: 13255, Bodies: 467)
⚡ PHYSICS SPIKE #2629: 12.4 ms at 83.0s (Bodies: 467)
⚡ PHYSICS SPIKE #2630: 12.4 ms at 83.0s (Bodies: 467)
⚡ PHYSICS SPIKE #2631: 12.4 ms at 83.0s (Bodies: 467)
⚡ PHYSICS SPIKE #2632: 12.4 ms at 83.0s (Bodies: 467)
⚡ PHYSICS SPIKE #2633: 12.4 ms at 83.0s (Bodies: 467)
⚡ PHYSICS SPIKE #2634: 12.4 ms at 83.0s (Bodies: 467)
⚡ PHYSICS SPIKE #2635: 12.4 ms at 83.0s (Bodies: 467)
⚡ FRAME SPIKE #1374: 116.9 ms at 83.0s (Draw: 13259, Bodies: 467)
⚡ PHYSICS SPIKE #2636: 12.4 ms at 83.1s (Bodies: 467)
⚡ PHYSICS SPIKE #2637: 12.4 ms at 83.1s (Bodies: 467)
⚡ PHYSICS SPIKE #2638: 12.4 ms at 83.1s (Bodies: 467)
⚡ PHYSICS SPIKE #2639: 12.4 ms at 83.1s (Bodies: 467)
⚡ PHYSICS SPIKE #2640: 12.4 ms at 83.1s (Bodies: 467)
⚡ PHYSICS SPIKE #2641: 12.4 ms at 83.1s (Bodies: 467)
⚡ PHYSICS SPIKE #2642: 12.4 ms at 83.1s (Bodies: 467)
⚡ FRAME SPIKE #1375: 117.9 ms at 83.1s (Draw: 13247, Bodies: 467)
⚡ PHYSICS SPIKE #2643: 13.0 ms at 83.2s (Bodies: 467)
⚡ PHYSICS SPIKE #2644: 13.0 ms at 83.2s (Bodies: 467)
⚡ PHYSICS SPIKE #2645: 13.0 ms at 83.2s (Bodies: 467)
⚡ PHYSICS SPIKE #2646: 13.0 ms at 83.2s (Bodies: 467)
⚡ PHYSICS SPIKE #2647: 13.0 ms at 83.2s (Bodies: 467)
⚡ PHYSICS SPIKE #2648: 13.0 ms at 83.2s (Bodies: 467)
⚡ PHYSICS SPIKE #2649: 13.0 ms at 83.2s (Bodies: 467)
⚡ FRAME SPIKE #1376: 115.3 ms at 83.2s (Draw: 13167, Bodies: 467)
⚡ PHYSICS SPIKE #2650: 13.0 ms at 83.4s (Bodies: 467)
⚡ PHYSICS SPIKE #2651: 13.0 ms at 83.4s (Bodies: 467)
⚡ PHYSICS SPIKE #2652: 13.0 ms at 83.4s (Bodies: 467)
⚡ PHYSICS SPIKE #2653: 13.0 ms at 83.4s (Bodies: 467)
⚡ PHYSICS SPIKE #2654: 13.0 ms at 83.4s (Bodies: 467)
⚡ PHYSICS SPIKE #2655: 13.0 ms at 83.4s (Bodies: 467)
⚡ PHYSICS SPIKE #2656: 13.0 ms at 83.4s (Bodies: 467)
⚡ FRAME SPIKE #1377: 118.2 ms at 83.4s (Draw: 13117, Bodies: 467)
⚡ PHYSICS SPIKE #2657: 13.0 ms at 83.5s (Bodies: 467)
⚡ PHYSICS SPIKE #2658: 13.0 ms at 83.5s (Bodies: 469)
⚡ PHYSICS SPIKE #2659: 13.0 ms at 83.5s (Bodies: 469)
⚡ PHYSICS SPIKE #2660: 13.0 ms at 83.5s (Bodies: 469)
⚡ PHYSICS SPIKE #2661: 13.0 ms at 83.5s (Bodies: 469)
⚡ PHYSICS SPIKE #2662: 13.0 ms at 83.5s (Bodies: 469)
⚡ PHYSICS SPIKE #2663: 13.0 ms at 83.5s (Bodies: 469)
⚡ FRAME SPIKE #1378: 121.2 ms at 83.5s (Draw: 13184, Bodies: 469)
⚡ PHYSICS SPIKE #2664: 13.0 ms at 83.6s (Bodies: 469)
⚡ PHYSICS SPIKE #2665: 13.0 ms at 83.6s (Bodies: 469)
⚡ PHYSICS SPIKE #2666: 13.0 ms at 83.6s (Bodies: 469)
⚡ PHYSICS SPIKE #2667: 13.0 ms at 83.6s (Bodies: 469)
⚡ PHYSICS SPIKE #2668: 13.0 ms at 83.6s (Bodies: 469)
⚡ PHYSICS SPIKE #2669: 13.0 ms at 83.6s (Bodies: 469)
⚡ PHYSICS SPIKE #2670: 13.0 ms at 83.6s (Bodies: 469)
⚡ FRAME SPIKE #1379: 117.3 ms at 83.6s (Draw: 13184, Bodies: 469)
⚡ PHYSICS SPIKE #2671: 13.0 ms at 83.7s (Bodies: 469)
⚡ PHYSICS SPIKE #2672: 13.0 ms at 83.7s (Bodies: 469)
⚡ PHYSICS SPIKE #2673: 13.0 ms at 83.7s (Bodies: 469)
⚡ PHYSICS SPIKE #2674: 13.0 ms at 83.7s (Bodies: 469)
⚡ PHYSICS SPIKE #2675: 13.0 ms at 83.7s (Bodies: 469)
⚡ PHYSICS SPIKE #2676: 13.0 ms at 83.7s (Bodies: 469)
⚡ PHYSICS SPIKE #2677: 13.0 ms at 83.7s (Bodies: 469)
⚡ FRAME SPIKE #1380: 119.2 ms at 83.7s (Draw: 13182, Bodies: 469)
⚡ PHYSICS SPIKE #2678: 13.0 ms at 83.8s (Bodies: 469)
⚡ PHYSICS SPIKE #2679: 13.0 ms at 83.8s (Bodies: 469)
⚡ PHYSICS SPIKE #2680: 13.0 ms at 83.8s (Bodies: 469)
⚡ PHYSICS SPIKE #2681: 13.0 ms at 83.8s (Bodies: 469)
⚡ PHYSICS SPIKE #2682: 13.0 ms at 83.8s (Bodies: 469)
⚡ PHYSICS SPIKE #2683: 13.0 ms at 83.8s (Bodies: 469)
⚡ PHYSICS SPIKE #2684: 13.0 ms at 83.8s (Bodies: 469)
⚡ PHYSICS SPIKE #2685: 13.0 ms at 83.8s (Bodies: 469)
⚡ FRAME SPIKE #1381: 118.5 ms at 83.8s (Draw: 13187, Bodies: 469)
⚡ PHYSICS SPIKE #2686: 13.0 ms at 83.9s (Bodies: 469)
⚡ PHYSICS SPIKE #2687: 13.0 ms at 83.9s (Bodies: 469)
⚡ PHYSICS SPIKE #2688: 13.0 ms at 83.9s (Bodies: 469)
⚡ PHYSICS SPIKE #2689: 13.0 ms at 83.9s (Bodies: 469)
⚡ PHYSICS SPIKE #2690: 13.0 ms at 83.9s (Bodies: 469)
⚡ PHYSICS SPIKE #2691: 13.0 ms at 83.9s (Bodies: 469)
⚡ PHYSICS SPIKE #2692: 13.0 ms at 83.9s (Bodies: 469)
⚡ FRAME SPIKE #1382: 131.5 ms at 83.9s (Draw: 13189, Bodies: 469)
⚡ PHYSICS SPIKE #2693: 13.0 ms at 84.1s (Bodies: 469)
⚡ PHYSICS SPIKE #2694: 13.0 ms at 84.1s (Bodies: 469)
⚡ PHYSICS SPIKE #2695: 13.0 ms at 84.1s (Bodies: 469)
⚡ PHYSICS SPIKE #2696: 13.0 ms at 84.1s (Bodies: 469)
⚡ PHYSICS SPIKE #2697: 13.0 ms at 84.1s (Bodies: 469)
⚡ PHYSICS SPIKE #2698: 13.0 ms at 84.1s (Bodies: 469)
⚡ PHYSICS SPIKE #2699: 13.0 ms at 84.1s (Bodies: 469)
⚡ PHYSICS SPIKE #2700: 13.0 ms at 84.1s (Bodies: 469)
⚡ FRAME SPIKE #1383: 122.8 ms at 84.1s (Draw: 13174, Bodies: 469)
🚗 Traffic: 37 active NPCs (Near: 13, Mid: 17, Far: 7), 0 pooled
  → Physics bodies from NPCs: 37 (All: 37×1, было бы 37×5=185)

========== Bottleneck Analysis Report ==========
Time: 94.2s | Frames: 1690

📊 PERFORMANCE OVERVIEW:
  FPS: 9.7 avg | 9.0 min
  Frame Time: 37.69 ms avg | 40.01 ms max
  Physics Time: 12.06 ms avg

🔍 BOTTLENECK IDENTIFICATION:
  🔴 [CRITICAL] Frame Time
      Value: 37.69 ms (target: 16.67 ms)
      Impact: Overall performance bottleneck
      Suggestions:
        • Reduce draw calls
        • Optimize scripts in _process()
        • Check for expensive operations per frame

  🔴 [CRITICAL] Physics Time
      Value: 12.06 ms
      Impact: Physics simulation overhead
      Suggestions:
        • Reduce number of active physics bodies
        • Simplify collision shapes
        • Disable physics for distant objects

  🟠 [HIGH] Draw Calls
      Value: 12520 calls/frame
      Impact: GPU rendering overhead
      Suggestions:
        • Batch meshes by material
        • Use MultiMeshInstance3D
        • Implement LOD system
        • Enable frustum culling

  🟠 [HIGH] Physics Bodies
      Value: 463 active bodies
      Impact: Physics engine load
      Suggestions:
        • Reduce NPC count
        • Convert distant NPCs to kinematic
        • Disable physics for far objects

  🟡 [MEDIUM] Vertex Count
      Value: 7657553 vertices/frame
      Impact: GPU vertex processing
      Suggestions:
        • Implement LOD for distant objects
        • Simplify building meshes
        • Use lower poly models

  🟡 [MEDIUM] Node Count
      Value: 30233 nodes
      Impact: Scene tree traversal overhead
      Suggestions:
        • Unload distant chunks
        • Pool and reuse nodes
        • Flatten hierarchy where possible

  🟡 [MEDIUM] Post-Processing Effects
      Value: SSAO, Glow/Bloom, Volumetric Fog
      Impact: GPU shader overhead
      Suggestions:
        • Reduce SSR quality
        • Disable SSAO on low-end hardware
        • Use simpler fog

📈 DETAILED STATS:
  Draw Calls: 12520 avg | 13336 max
  Vertices: 7657553 avg | 7869844 max
  Physics Bodies: 463
  Nodes: 30233
  VRAM: 794.6 MB

=================================================

⚡ PHYSICS SPIKE #2701: 13.2 ms at 84.2s (Bodies: 469)
⚡ PHYSICS SPIKE #2702: 13.2 ms at 84.2s (Bodies: 469)
⚡ PHYSICS SPIKE #2703: 13.2 ms at 84.2s (Bodies: 469)
⚡ PHYSICS SPIKE #2704: 13.2 ms at 84.2s (Bodies: 469)
⚡ PHYSICS SPIKE #2705: 13.2 ms at 84.2s (Bodies: 469)
⚡ PHYSICS SPIKE #2706: 13.2 ms at 84.2s (Bodies: 469)
⚡ PHYSICS SPIKE #2707: 13.2 ms at 84.2s (Bodies: 469)
⚡ PHYSICS SPIKE #2708: 13.2 ms at 84.2s (Bodies: 469)
⚡ FRAME SPIKE #1384: 135.4 ms at 84.2s (Draw: 13161, Bodies: 469)
⚡ PHYSICS SPIKE #2709: 13.2 ms at 84.3s (Bodies: 469)
⚡ PHYSICS SPIKE #2710: 13.2 ms at 84.3s (Bodies: 469)
⚡ PHYSICS SPIKE #2711: 13.2 ms at 84.3s (Bodies: 469)
⚡ PHYSICS SPIKE #2712: 13.2 ms at 84.3s (Bodies: 469)
⚡ PHYSICS SPIKE #2713: 13.2 ms at 84.3s (Bodies: 469)
⚡ PHYSICS SPIKE #2714: 13.2 ms at 84.3s (Bodies: 469)
⚡ PHYSICS SPIKE #2715: 13.2 ms at 84.3s (Bodies: 469)
⚡ PHYSICS SPIKE #2716: 13.2 ms at 84.3s (Bodies: 469)
⚡ FRAME SPIKE #1385: 134.6 ms at 84.3s (Draw: 13192, Bodies: 469)
⚡ PHYSICS SPIKE #2717: 13.2 ms at 84.5s (Bodies: 469)
⚡ PHYSICS SPIKE #2718: 13.2 ms at 84.5s (Bodies: 469)
⚡ PHYSICS SPIKE #2719: 13.2 ms at 84.5s (Bodies: 469)
⚡ PHYSICS SPIKE #2720: 13.2 ms at 84.5s (Bodies: 469)
⚡ PHYSICS SPIKE #2721: 13.2 ms at 84.5s (Bodies: 469)
⚡ PHYSICS SPIKE #2722: 13.2 ms at 84.5s (Bodies: 469)
⚡ PHYSICS SPIKE #2723: 13.2 ms at 84.5s (Bodies: 469)
⚡ PHYSICS SPIKE #2724: 13.2 ms at 84.5s (Bodies: 469)
⚡ FRAME SPIKE #1386: 140.2 ms at 84.5s (Draw: 13205, Bodies: 469)
⚡ PHYSICS SPIKE #2725: 13.2 ms at 84.6s (Bodies: 469)
⚡ PHYSICS SPIKE #2726: 13.2 ms at 84.6s (Bodies: 469)
⚡ PHYSICS SPIKE #2727: 13.2 ms at 84.6s (Bodies: 469)
⚡ PHYSICS SPIKE #2728: 13.2 ms at 84.6s (Bodies: 469)
⚡ PHYSICS SPIKE #2729: 13.2 ms at 84.6s (Bodies: 469)
⚡ PHYSICS SPIKE #2730: 13.2 ms at 84.6s (Bodies: 469)
⚡ PHYSICS SPIKE #2731: 13.2 ms at 84.6s (Bodies: 469)
⚡ PHYSICS SPIKE #2732: 13.2 ms at 84.6s (Bodies: 469)
⚡ FRAME SPIKE #1387: 133.4 ms at 84.6s (Draw: 13206, Bodies: 469)
⚡ PHYSICS SPIKE #2733: 13.2 ms at 84.7s (Bodies: 469)
⚡ PHYSICS SPIKE #2734: 13.2 ms at 84.7s (Bodies: 469)
⚡ PHYSICS SPIKE #2735: 13.2 ms at 84.7s (Bodies: 469)
⚡ PHYSICS SPIKE #2736: 13.2 ms at 84.7s (Bodies: 469)
⚡ PHYSICS SPIKE #2737: 13.2 ms at 84.7s (Bodies: 469)
⚡ PHYSICS SPIKE #2738: 13.2 ms at 84.7s (Bodies: 469)
⚡ PHYSICS SPIKE #2739: 13.2 ms at 84.7s (Bodies: 469)
⚡ PHYSICS SPIKE #2740: 13.2 ms at 84.7s (Bodies: 469)
⚡ FRAME SPIKE #1388: 118.0 ms at 84.7s (Draw: 13171, Bodies: 469)
⚡ PHYSICS SPIKE #2741: 13.2 ms at 84.9s (Bodies: 469)
⚡ PHYSICS SPIKE #2742: 13.2 ms at 84.9s (Bodies: 469)
⚡ PHYSICS SPIKE #2743: 13.2 ms at 84.9s (Bodies: 469)
⚡ PHYSICS SPIKE #2744: 13.2 ms at 84.9s (Bodies: 469)
⚡ PHYSICS SPIKE #2745: 13.2 ms at 84.9s (Bodies: 469)
⚡ PHYSICS SPIKE #2746: 13.2 ms at 84.9s (Bodies: 469)
⚡ PHYSICS SPIKE #2747: 13.2 ms at 84.9s (Bodies: 469)
⚡ PHYSICS SPIKE #2748: 13.2 ms at 84.9s (Bodies: 469)
⚡ FRAME SPIKE #1389: 140.0 ms at 84.9s (Draw: 13056, Bodies: 469)
⚡ PHYSICS SPIKE #2749: 13.2 ms at 85.0s (Bodies: 469)
⚡ PHYSICS SPIKE #2750: 13.2 ms at 85.0s (Bodies: 469)
⚡ PHYSICS SPIKE #2751: 13.2 ms at 85.0s (Bodies: 469)
⚡ PHYSICS SPIKE #2752: 13.2 ms at 85.0s (Bodies: 469)
⚡ PHYSICS SPIKE #2753: 13.2 ms at 85.0s (Bodies: 469)
⚡ PHYSICS SPIKE #2754: 13.2 ms at 85.0s (Bodies: 469)
⚡ PHYSICS SPIKE #2755: 13.2 ms at 85.0s (Bodies: 469)
⚡ PHYSICS SPIKE #2756: 13.2 ms at 85.0s (Bodies: 469)
⚡ FRAME SPIKE #1390: 130.9 ms at 85.0s (Draw: 13079, Bodies: 469)

=== PERFORMANCE METRICS ===
FPS: 8 | Frame: 109.4 ms (max 142.1) | Physics: 16.9 ms (max 75.3)
Godot Process: 39.65 ms | Physics: 13.18 ms
Objects: 69352 | Nodes: 30403 | Resources: 538
Draw calls: 13079 | Vertices: 7838138 | VRAM: 794.6 MB
Physics bodies: 469 | Collision pairs: 5756
--- System Times ---
  road_batch_finalize_total_-1,-1: 11.69 ms (max 11.69)
  road_batch_finalize_total_-1,-2: 5.78 ms (max 5.78)
  road_batch_finalize_total_-1,-3: 8.34 ms (max 8.34)
  road_batch_finalize_total_-1,-4: 9.39 ms (max 9.39)
  road_batch_finalize_total_-1,0: 19.43 ms (max 19.43)
  road_batch_finalize_total_-2,-1: 17.95 ms (max 17.95)
  road_batch_finalize_total_-2,-2: 15.50 ms (max 15.50)
  road_batch_finalize_total_-2,-3: 8.38 ms (max 8.39)
  road_batch_finalize_total_-2,0: 15.64 ms (max 15.64)
  road_batch_finalize_total_0,-1: 19.50 ms (max 19.50)
  road_batch_finalize_total_0,-2: 18.98 ms (max 18.98)
  road_batch_finalize_total_0,-3: 10.92 ms (max 10.92)
  road_batch_finalize_total_0,-4: 6.25 ms (max 6.25)
  road_batch_finalize_total_0,0: 14.58 ms (max 14.58)
  road_batch_finalize_total_0,1: 10.33 ms (max 10.33)
  road_batch_finalize_total_1,-1: 17.43 ms (max 17.43)
  road_batch_finalize_total_1,-2: 15.50 ms (max 15.50)
  road_batch_finalize_total_1,-3: 9.12 ms (max 9.12)
  road_batch_finalize_total_1,-4: 9.66 ms (max 9.66)
  road_batch_finalize_total_1,0: 10.98 ms (max 10.98)
  road_batch_finalize_total_2,-1: 4.08 ms (max 4.08)
  road_batch_finalize_total_2,-2: 8.09 ms (max 8.09)
  road_batch_finalize_total_2,-3: 6.81 ms (max 6.81)
  road_batch_finalize_total_2,-4: 8.34 ms (max 8.34)
  road_collision_create_-1,-1: 3.59 ms (max 4.29)
  road_collision_create_-1,-2: 2.64 ms (max 3.20)
  road_collision_create_-1,-3: 2.53 ms (max 4.39)
  road_collision_create_-1,-4: 4.36 ms (max 4.96)
  road_collision_create_-1,0: 9.45 ms (max 16.64)
  road_collision_create_-2,-1: 5.74 ms (max 11.96)
  road_collision_create_-2,-2: 7.40 ms (max 12.74)
  road_collision_create_-2,-3: 2.49 ms (max 3.77)
  road_collision_create_-2,0: 7.45 ms (max 11.90)
  road_collision_create_0,-1: 6.21 ms (max 12.30)
  road_collision_create_0,-2: 6.03 ms (max 11.80)
  road_collision_create_0,-3: 3.35 ms (max 4.30)
  road_collision_create_0,-4: 1.80 ms (max 3.04)
  road_collision_create_0,0: 4.62 ms (max 10.86)
  road_collision_create_0,1: 10.06 ms (max 10.06)
  road_collision_create_1,-1: 5.58 ms (max 12.81)
  road_collision_create_1,-2: 7.47 ms (max 12.45)
  road_collision_create_1,-3: 2.73 ms (max 3.94)
  road_collision_create_1,-4: 2.95 ms (max 4.02)
  road_collision_create_1,0: 10.68 ms (max 10.68)
  road_collision_create_2,-1: 1.76 ms (max 2.26)
  road_collision_create_2,-2: 2.40 ms (max 4.32)
  road_collision_create_2,-3: 3.07 ms (max 3.90)
  road_collision_create_2,-4: 3.76 ms (max 4.23)
===========================

=== PERFORMANCE METRICS ===
FPS: 8 | Frame: 109.4 ms (max 142.1) | Physics: 16.9 ms (max 75.3)
Godot Process: 39.65 ms | Physics: 13.18 ms
Objects: 69352 | Nodes: 30403 | Resources: 538
Draw calls: 13079 | Vertices: 7838138 | VRAM: 794.6 MB
Physics bodies: 469 | Collision pairs: 5756
===========================
⚡ PHYSICS SPIKE #2757: 14.0 ms at 85.1s (Bodies: 469)
⚡ PHYSICS SPIKE #2758: 14.0 ms at 85.1s (Bodies: 469)
⚡ PHYSICS SPIKE #2759: 14.0 ms at 85.1s (Bodies: 469)
⚡ PHYSICS SPIKE #2760: 14.0 ms at 85.1s (Bodies: 469)
⚡ PHYSICS SPIKE #2761: 14.0 ms at 85.1s (Bodies: 469)
⚡ PHYSICS SPIKE #2762: 14.0 ms at 85.1s (Bodies: 469)
⚡ PHYSICS SPIKE #2763: 14.0 ms at 85.1s (Bodies: 469)
⚡ PHYSICS SPIKE #2764: 14.0 ms at 85.1s (Bodies: 469)
⚡ FRAME SPIKE #1391: 130.4 ms at 85.1s (Draw: 13206, Bodies: 469)
⚡ PHYSICS SPIKE #2765: 14.0 ms at 85.3s (Bodies: 469)
⚡ PHYSICS SPIKE #2766: 14.0 ms at 85.3s (Bodies: 469)
⚡ PHYSICS SPIKE #2767: 14.0 ms at 85.3s (Bodies: 469)
⚡ PHYSICS SPIKE #2768: 14.0 ms at 85.3s (Bodies: 469)
⚡ PHYSICS SPIKE #2769: 14.0 ms at 85.3s (Bodies: 469)
⚡ PHYSICS SPIKE #2770: 14.0 ms at 85.3s (Bodies: 469)
⚡ PHYSICS SPIKE #2771: 14.0 ms at 85.3s (Bodies: 469)
⚡ FRAME SPIKE #1392: 130.1 ms at 85.3s (Draw: 13175, Bodies: 469)
⚡ PHYSICS SPIKE #2772: 14.0 ms at 85.4s (Bodies: 469)
⚡ PHYSICS SPIKE #2773: 14.0 ms at 85.4s (Bodies: 469)
⚡ PHYSICS SPIKE #2774: 14.0 ms at 85.4s (Bodies: 469)
⚡ PHYSICS SPIKE #2775: 14.0 ms at 85.4s (Bodies: 469)
⚡ PHYSICS SPIKE #2776: 14.0 ms at 85.4s (Bodies: 469)
⚡ PHYSICS SPIKE #2777: 14.0 ms at 85.4s (Bodies: 469)
⚡ PHYSICS SPIKE #2778: 14.0 ms at 85.4s (Bodies: 469)
⚡ PHYSICS SPIKE #2779: 14.0 ms at 85.4s (Bodies: 469)
⚡ FRAME SPIKE #1393: 119.2 ms at 85.4s (Draw: 12992, Bodies: 469)
⚡ PHYSICS SPIKE #2780: 14.0 ms at 85.5s (Bodies: 469)
⚡ PHYSICS SPIKE #2781: 14.0 ms at 85.5s (Bodies: 471)
⚡ PHYSICS SPIKE #2782: 14.0 ms at 85.5s (Bodies: 471)
⚡ PHYSICS SPIKE #2783: 14.0 ms at 85.5s (Bodies: 471)
⚡ PHYSICS SPIKE #2784: 14.0 ms at 85.5s (Bodies: 471)
⚡ PHYSICS SPIKE #2785: 14.0 ms at 85.5s (Bodies: 471)
⚡ PHYSICS SPIKE #2786: 14.0 ms at 85.5s (Bodies: 471)
⚡ PHYSICS SPIKE #2787: 14.0 ms at 85.5s (Bodies: 471)
⚡ FRAME SPIKE #1394: 133.3 ms at 85.5s (Draw: 12684, Bodies: 471)
⚡ PHYSICS SPIKE #2788: 14.0 ms at 85.6s (Bodies: 471)
⚡ PHYSICS SPIKE #2789: 14.0 ms at 85.6s (Bodies: 470)
⚡ PHYSICS SPIKE #2790: 14.0 ms at 85.6s (Bodies: 470)
⚡ PHYSICS SPIKE #2791: 14.0 ms at 85.6s (Bodies: 470)
⚡ PHYSICS SPIKE #2792: 14.0 ms at 85.6s (Bodies: 470)
⚡ PHYSICS SPIKE #2793: 14.0 ms at 85.6s (Bodies: 470)
⚡ PHYSICS SPIKE #2794: 14.0 ms at 85.6s (Bodies: 470)
⚡ PHYSICS SPIKE #2795: 14.0 ms at 85.6s (Bodies: 470)
⚡ FRAME SPIKE #1395: 133.3 ms at 85.6s (Draw: 12475, Bodies: 470)
⚡ PHYSICS SPIKE #2796: 14.0 ms at 85.8s (Bodies: 470)
⚡ PHYSICS SPIKE #2797: 14.0 ms at 85.8s (Bodies: 470)
⚡ PHYSICS SPIKE #2798: 14.0 ms at 85.8s (Bodies: 470)
⚡ PHYSICS SPIKE #2799: 14.0 ms at 85.8s (Bodies: 470)
⚡ PHYSICS SPIKE #2800: 14.0 ms at 85.8s (Bodies: 470)
⚡ PHYSICS SPIKE #2801: 14.0 ms at 85.8s (Bodies: 470)
⚡ PHYSICS SPIKE #2802: 14.0 ms at 85.8s (Bodies: 470)
⚡ PHYSICS SPIKE #2803: 14.0 ms at 85.8s (Bodies: 470)
⚡ FRAME SPIKE #1396: 133.3 ms at 85.8s (Draw: 11551, Bodies: 470)
⚡ PHYSICS SPIKE #2804: 14.0 ms at 85.9s (Bodies: 470)
⚡ PHYSICS SPIKE #2805: 14.0 ms at 85.9s (Bodies: 470)
⚡ PHYSICS SPIKE #2806: 14.0 ms at 85.9s (Bodies: 470)
⚡ PHYSICS SPIKE #2807: 14.0 ms at 85.9s (Bodies: 470)
⚡ PHYSICS SPIKE #2808: 14.0 ms at 85.9s (Bodies: 469)
⚡ PHYSICS SPIKE #2809: 14.0 ms at 85.9s (Bodies: 469)
⚡ PHYSICS SPIKE #2810: 14.0 ms at 85.9s (Bodies: 469)
⚡ FRAME SPIKE #1397: 127.3 ms at 85.9s (Draw: 11566, Bodies: 469)
⚡ PHYSICS SPIKE #2811: 14.0 ms at 86.0s (Bodies: 469)
⚡ PHYSICS SPIKE #2812: 14.0 ms at 86.0s (Bodies: 469)
⚡ PHYSICS SPIKE #2813: 14.0 ms at 86.0s (Bodies: 469)
⚡ PHYSICS SPIKE #2814: 14.0 ms at 86.0s (Bodies: 469)
⚡ PHYSICS SPIKE #2815: 14.0 ms at 86.0s (Bodies: 469)
⚡ PHYSICS SPIKE #2816: 14.0 ms at 86.0s (Bodies: 469)
⚡ PHYSICS SPIKE #2817: 14.0 ms at 86.0s (Bodies: 469)
⚡ FRAME SPIKE #1398: 117.2 ms at 86.0s (Draw: 11686, Bodies: 468)
⚡ PHYSICS SPIKE #2818: 13.2 ms at 86.2s (Bodies: 468)
⚡ PHYSICS SPIKE #2819: 13.2 ms at 86.2s (Bodies: 468)
⚡ PHYSICS SPIKE #2820: 13.2 ms at 86.2s (Bodies: 468)
⚡ PHYSICS SPIKE #2821: 13.2 ms at 86.2s (Bodies: 468)
⚡ PHYSICS SPIKE #2822: 13.2 ms at 86.2s (Bodies: 468)
⚡ PHYSICS SPIKE #2823: 13.2 ms at 86.2s (Bodies: 468)
⚡ PHYSICS SPIKE #2824: 13.2 ms at 86.2s (Bodies: 468)
⚡ FRAME SPIKE #1399: 118.7 ms at 86.2s (Draw: 11811, Bodies: 467)
🚗 Traffic: 34 active NPCs (Near: 12, Mid: 15, Far: 7), 5 pooled
  → Physics bodies from NPCs: 34 (All: 34×1, было бы 34×5=170)

========== Bottleneck Analysis Report ==========
Time: 96.3s | Frames: 1706

📊 PERFORMANCE OVERVIEW:
  FPS: 9.4 avg | 7.0 min
  Frame Time: 39.79 ms avg | 62.93 ms max
  Physics Time: 12.26 ms avg

🔍 BOTTLENECK IDENTIFICATION:
  🔴 [CRITICAL] Frame Time
      Value: 39.79 ms (target: 16.67 ms)
      Impact: Overall performance bottleneck
      Suggestions:
        • Reduce draw calls
        • Optimize scripts in _process()
        • Check for expensive operations per frame

  🔴 [CRITICAL] Physics Time
      Value: 12.26 ms
      Impact: Physics simulation overhead
      Suggestions:
        • Reduce number of active physics bodies
        • Simplify collision shapes
        • Disable physics for distant objects

  🟠 [HIGH] Draw Calls
      Value: 12669 calls/frame
      Impact: GPU rendering overhead
      Suggestions:
        • Batch meshes by material
        • Use MultiMeshInstance3D
        • Implement LOD system
        • Enable frustum culling

  🟠 [HIGH] Physics Bodies
      Value: 464 active bodies
      Impact: Physics engine load
      Suggestions:
        • Reduce NPC count
        • Convert distant NPCs to kinematic
        • Disable physics for far objects

  🟡 [MEDIUM] Vertex Count
      Value: 7690408 vertices/frame
      Impact: GPU vertex processing
      Suggestions:
        • Implement LOD for distant objects
        • Simplify building meshes
        • Use lower poly models

  🟡 [MEDIUM] Node Count
      Value: 30424 nodes
      Impact: Scene tree traversal overhead
      Suggestions:
        • Unload distant chunks
        • Pool and reuse nodes
        • Flatten hierarchy where possible

  🟡 [MEDIUM] Post-Processing Effects
      Value: SSAO, Glow/Bloom, Volumetric Fog
      Impact: GPU shader overhead
      Suggestions:
        • Reduce SSR quality
        • Disable SSAO on low-end hardware
        • Use simpler fog

📈 DETAILED STATS:
  Draw Calls: 12669 avg | 13336 max
  Vertices: 7690408 avg | 7869844 max
  Physics Bodies: 464
  Nodes: 30424
  VRAM: 794.6 MB

=================================================

⚡ PHYSICS SPIKE #2825: 13.2 ms at 86.3s (Bodies: 467)
⚡ PHYSICS SPIKE #2826: 13.2 ms at 86.3s (Bodies: 466)
⚡ PHYSICS SPIKE #2827: 13.2 ms at 86.3s (Bodies: 466)
⚡ PHYSICS SPIKE #2828: 13.2 ms at 86.3s (Bodies: 466)
⚡ PHYSICS SPIKE #2829: 13.2 ms at 86.3s (Bodies: 466)
⚡ PHYSICS SPIKE #2830: 13.2 ms at 86.3s (Bodies: 466)
⚡ PHYSICS SPIKE #2831: 13.2 ms at 86.3s (Bodies: 466)
⚡ FRAME SPIKE #1400: 116.5 ms at 86.3s (Draw: 11196, Bodies: 466)
⚡ PHYSICS SPIKE #2832: 13.2 ms at 86.4s (Bodies: 466)
⚡ PHYSICS SPIKE #2833: 13.2 ms at 86.4s (Bodies: 466)
⚡ PHYSICS SPIKE #2834: 13.2 ms at 86.4s (Bodies: 466)
⚡ PHYSICS SPIKE #2835: 13.2 ms at 86.4s (Bodies: 466)
⚡ PHYSICS SPIKE #2836: 13.2 ms at 86.4s (Bodies: 466)
⚡ PHYSICS SPIKE #2837: 13.2 ms at 86.4s (Bodies: 466)
⚡ PHYSICS SPIKE #2838: 13.2 ms at 86.4s (Bodies: 466)
⚡ FRAME SPIKE #1401: 112.2 ms at 86.4s (Draw: 11256, Bodies: 466)
⚡ PHYSICS SPIKE #2839: 13.2 ms at 86.5s (Bodies: 466)
⚡ PHYSICS SPIKE #2840: 13.2 ms at 86.5s (Bodies: 465)
⚡ PHYSICS SPIKE #2841: 13.2 ms at 86.5s (Bodies: 465)
⚡ PHYSICS SPIKE #2842: 13.2 ms at 86.5s (Bodies: 465)
⚡ PHYSICS SPIKE #2843: 13.2 ms at 86.5s (Bodies: 465)
⚡ PHYSICS SPIKE #2844: 13.2 ms at 86.5s (Bodies: 465)
⚡ PHYSICS SPIKE #2845: 13.2 ms at 86.5s (Bodies: 465)
⚡ FRAME SPIKE #1402: 112.8 ms at 86.5s (Draw: 11313, Bodies: 465)
⚡ PHYSICS SPIKE #2846: 13.2 ms at 86.6s (Bodies: 465)
⚡ PHYSICS SPIKE #2847: 13.2 ms at 86.6s (Bodies: 465)
⚡ PHYSICS SPIKE #2848: 13.2 ms at 86.6s (Bodies: 465)
⚡ PHYSICS SPIKE #2849: 13.2 ms at 86.6s (Bodies: 465)
⚡ PHYSICS SPIKE #2850: 13.2 ms at 86.6s (Bodies: 465)
⚡ PHYSICS SPIKE #2851: 13.2 ms at 86.6s (Bodies: 465)
⚡ PHYSICS SPIKE #2852: 13.2 ms at 86.6s (Bodies: 465)
⚡ FRAME SPIKE #1403: 115.5 ms at 86.6s (Draw: 11343, Bodies: 465)
⚡ PHYSICS SPIKE #2853: 13.2 ms at 86.7s (Bodies: 465)
⚡ PHYSICS SPIKE #2854: 13.2 ms at 86.7s (Bodies: 465)
⚡ PHYSICS SPIKE #2855: 13.2 ms at 86.7s (Bodies: 465)
⚡ PHYSICS SPIKE #2856: 13.2 ms at 86.7s (Bodies: 465)
⚡ PHYSICS SPIKE #2857: 13.2 ms at 86.7s (Bodies: 465)
⚡ PHYSICS SPIKE #2858: 13.2 ms at 86.7s (Bodies: 465)
⚡ FRAME SPIKE #1404: 111.7 ms at 86.7s (Draw: 11379, Bodies: 465)
⚡ PHYSICS SPIKE #2859: 13.2 ms at 86.8s (Bodies: 465)
⚡ PHYSICS SPIKE #2860: 13.2 ms at 86.8s (Bodies: 465)
⚡ PHYSICS SPIKE #2861: 13.2 ms at 86.8s (Bodies: 465)
⚡ PHYSICS SPIKE #2862: 13.2 ms at 86.8s (Bodies: 465)
⚡ PHYSICS SPIKE #2863: 13.2 ms at 86.8s (Bodies: 465)
⚡ PHYSICS SPIKE #2864: 13.2 ms at 86.8s (Bodies: 465)
⚡ FRAME SPIKE #1405: 100.3 ms at 86.8s (Draw: 11404, Bodies: 465)
⚡ PHYSICS SPIKE #2865: 13.2 ms at 86.9s (Bodies: 465)
⚡ PHYSICS SPIKE #2866: 13.2 ms at 86.9s (Bodies: 465)
⚡ PHYSICS SPIKE #2867: 13.2 ms at 86.9s (Bodies: 465)
⚡ PHYSICS SPIKE #2868: 13.2 ms at 86.9s (Bodies: 464)
⚡ PHYSICS SPIKE #2869: 13.2 ms at 86.9s (Bodies: 464)
⚡ PHYSICS SPIKE #2870: 13.2 ms at 86.9s (Bodies: 464)
⚡ PHYSICS SPIKE #2871: 13.2 ms at 86.9s (Bodies: 464)
⚡ FRAME SPIKE #1406: 101.4 ms at 86.9s (Draw: 11415, Bodies: 464)
⚡ PHYSICS SPIKE #2872: 13.2 ms at 87.0s (Bodies: 464)
⚡ PHYSICS SPIKE #2873: 13.2 ms at 87.0s (Bodies: 464)
⚡ PHYSICS SPIKE #2874: 13.2 ms at 87.0s (Bodies: 464)
⚡ PHYSICS SPIKE #2875: 13.2 ms at 87.0s (Bodies: 464)
⚡ PHYSICS SPIKE #2876: 13.2 ms at 87.0s (Bodies: 464)
⚡ PHYSICS SPIKE #2877: 13.2 ms at 87.0s (Bodies: 464)
⚡ FRAME SPIKE #1407: 108.3 ms at 87.0s (Draw: 10340, Bodies: 464)
⚡ PHYSICS SPIKE #2878: 12.4 ms at 87.2s (Bodies: 464)
⚡ PHYSICS SPIKE #2879: 12.4 ms at 87.2s (Bodies: 464)
⚡ PHYSICS SPIKE #2880: 12.4 ms at 87.2s (Bodies: 464)
⚡ PHYSICS SPIKE #2881: 12.4 ms at 87.2s (Bodies: 464)
⚡ PHYSICS SPIKE #2882: 12.4 ms at 87.2s (Bodies: 464)
⚡ PHYSICS SPIKE #2883: 12.4 ms at 87.2s (Bodies: 464)
⚡ FRAME SPIKE #1408: 98.2 ms at 87.2s (Draw: 10328, Bodies: 464)
⚡ PHYSICS SPIKE #2884: 12.4 ms at 87.3s (Bodies: 464)
⚡ PHYSICS SPIKE #2885: 12.4 ms at 87.3s (Bodies: 464)
⚡ PHYSICS SPIKE #2886: 12.4 ms at 87.3s (Bodies: 464)
⚡ PHYSICS SPIKE #2887: 12.4 ms at 87.3s (Bodies: 464)
⚡ PHYSICS SPIKE #2888: 12.4 ms at 87.3s (Bodies: 464)
⚡ PHYSICS SPIKE #2889: 12.4 ms at 87.3s (Bodies: 464)
⚡ FRAME SPIKE #1409: 97.1 ms at 87.3s (Draw: 10333, Bodies: 464)
⚡ PHYSICS SPIKE #2890: 12.4 ms at 87.4s (Bodies: 464)
⚡ PHYSICS SPIKE #2891: 12.4 ms at 87.4s (Bodies: 464)
⚡ PHYSICS SPIKE #2892: 12.4 ms at 87.4s (Bodies: 464)
⚡ PHYSICS SPIKE #2893: 12.4 ms at 87.4s (Bodies: 464)
⚡ PHYSICS SPIKE #2894: 12.4 ms at 87.4s (Bodies: 464)
⚡ PHYSICS SPIKE #2895: 12.4 ms at 87.4s (Bodies: 464)
⚡ FRAME SPIKE #1410: 95.8 ms at 87.4s (Draw: 10346, Bodies: 464)
⚡ PHYSICS SPIKE #2896: 12.4 ms at 87.4s (Bodies: 464)
⚡ PHYSICS SPIKE #2897: 12.4 ms at 87.4s (Bodies: 464)
⚡ PHYSICS SPIKE #2898: 12.4 ms at 87.4s (Bodies: 464)
⚡ PHYSICS SPIKE #2899: 12.4 ms at 87.4s (Bodies: 464)
⚡ PHYSICS SPIKE #2900: 12.4 ms at 87.4s (Bodies: 464)
⚡ FRAME SPIKE #1411: 98.1 ms at 87.4s (Draw: 10366, Bodies: 464)
⚡ PHYSICS SPIKE #2901: 12.4 ms at 87.5s (Bodies: 464)
⚡ PHYSICS SPIKE #2902: 12.4 ms at 87.5s (Bodies: 464)
⚡ PHYSICS SPIKE #2903: 12.4 ms at 87.5s (Bodies: 464)
⚡ PHYSICS SPIKE #2904: 12.4 ms at 87.5s (Bodies: 464)
⚡ PHYSICS SPIKE #2905: 12.4 ms at 87.5s (Bodies: 464)
⚡ PHYSICS SPIKE #2906: 12.4 ms at 87.5s (Bodies: 464)
⚡ FRAME SPIKE #1412: 87.4 ms at 87.5s (Draw: 10386, Bodies: 464)
⚡ PHYSICS SPIKE #2907: 12.4 ms at 87.6s (Bodies: 464)
⚡ PHYSICS SPIKE #2908: 12.4 ms at 87.6s (Bodies: 465)
⚡ PHYSICS SPIKE #2909: 12.4 ms at 87.6s (Bodies: 465)
⚡ PHYSICS SPIKE #2910: 12.4 ms at 87.6s (Bodies: 465)
⚡ PHYSICS SPIKE #2911: 12.4 ms at 87.6s (Bodies: 465)
⚡ PHYSICS SPIKE #2912: 12.4 ms at 87.6s (Bodies: 465)
⚡ FRAME SPIKE #1413: 99.6 ms at 87.6s (Draw: 10377, Bodies: 465)
⚡ PHYSICS SPIKE #2913: 12.4 ms at 87.7s (Bodies: 465)
⚡ PHYSICS SPIKE #2914: 12.4 ms at 87.7s (Bodies: 465)
⚡ PHYSICS SPIKE #2915: 12.4 ms at 87.7s (Bodies: 465)
⚡ PHYSICS SPIKE #2916: 12.4 ms at 87.7s (Bodies: 465)
⚡ PHYSICS SPIKE #2917: 12.4 ms at 87.7s (Bodies: 465)
⚡ FRAME SPIKE #1414: 95.8 ms at 87.7s (Draw: 10382, Bodies: 465)
⚡ PHYSICS SPIKE #2918: 12.4 ms at 87.8s (Bodies: 465)
⚡ PHYSICS SPIKE #2919: 12.4 ms at 87.8s (Bodies: 465)
⚡ PHYSICS SPIKE #2920: 12.4 ms at 87.8s (Bodies: 465)
⚡ PHYSICS SPIKE #2921: 12.4 ms at 87.8s (Bodies: 465)
⚡ PHYSICS SPIKE #2922: 12.4 ms at 87.8s (Bodies: 465)
⚡ PHYSICS SPIKE #2923: 12.4 ms at 87.8s (Bodies: 465)
⚡ FRAME SPIKE #1415: 88.9 ms at 87.8s (Draw: 10381, Bodies: 465)
⚡ PHYSICS SPIKE #2924: 12.4 ms at 87.9s (Bodies: 465)
⚡ PHYSICS SPIKE #2925: 12.4 ms at 87.9s (Bodies: 465)
⚡ PHYSICS SPIKE #2926: 12.4 ms at 87.9s (Bodies: 465)
⚡ PHYSICS SPIKE #2927: 12.4 ms at 87.9s (Bodies: 465)
⚡ PHYSICS SPIKE #2928: 12.4 ms at 87.9s (Bodies: 465)
⚡ PHYSICS SPIKE #2929: 12.4 ms at 87.9s (Bodies: 465)
⚡ FRAME SPIKE #1416: 96.2 ms at 87.9s (Draw: 10374, Bodies: 465)
⚡ PHYSICS SPIKE #2930: 12.4 ms at 88.0s (Bodies: 465)
⚡ PHYSICS SPIKE #2931: 12.4 ms at 88.0s (Bodies: 465)
⚡ PHYSICS SPIKE #2932: 12.4 ms at 88.0s (Bodies: 465)
⚡ PHYSICS SPIKE #2933: 12.4 ms at 88.0s (Bodies: 465)
⚡ PHYSICS SPIKE #2934: 12.4 ms at 88.0s (Bodies: 465)
⚡ PHYSICS SPIKE #2935: 12.4 ms at 88.0s (Bodies: 465)
⚡ FRAME SPIKE #1417: 100.0 ms at 88.0s (Draw: 10383, Bodies: 465)
⚡ PHYSICS SPIKE #2936: 12.5 ms at 88.1s (Bodies: 465)
⚡ PHYSICS SPIKE #2937: 12.5 ms at 88.1s (Bodies: 465)
⚡ PHYSICS SPIKE #2938: 12.5 ms at 88.1s (Bodies: 465)
⚡ PHYSICS SPIKE #2939: 12.5 ms at 88.1s (Bodies: 465)
⚡ PHYSICS SPIKE #2940: 12.5 ms at 88.1s (Bodies: 465)
⚡ FRAME SPIKE #1418: 95.8 ms at 88.1s (Draw: 10380, Bodies: 465)
⚡ PHYSICS SPIKE #2941: 12.5 ms at 88.2s (Bodies: 465)
⚡ PHYSICS SPIKE #2942: 12.5 ms at 88.2s (Bodies: 465)
⚡ PHYSICS SPIKE #2943: 12.5 ms at 88.2s (Bodies: 465)
⚡ PHYSICS SPIKE #2944: 12.5 ms at 88.2s (Bodies: 465)
⚡ PHYSICS SPIKE #2945: 12.5 ms at 88.2s (Bodies: 465)
⚡ PHYSICS SPIKE #2946: 12.5 ms at 88.2s (Bodies: 465)
⚡ FRAME SPIKE #1419: 89.0 ms at 88.2s (Draw: 10367, Bodies: 465)
🚗 Traffic: 33 active NPCs (Near: 10, Mid: 16, Far: 7), 6 pooled
  → Physics bodies from NPCs: 33 (All: 33×1, было бы 33×5=165)

========== Bottleneck Analysis Report ==========
Time: 98.3s | Frames: 1726

📊 PERFORMANCE OVERVIEW:
  FPS: 9.1 avg | 7.0 min
  Frame Time: 39.84 ms avg | 62.93 ms max
  Physics Time: 12.42 ms avg

🔍 BOTTLENECK IDENTIFICATION:
  🔴 [CRITICAL] Frame Time
      Value: 39.84 ms (target: 16.67 ms)
      Impact: Overall performance bottleneck
      Suggestions:
        • Reduce draw calls
        • Optimize scripts in _process()
        • Check for expensive operations per frame

  🔴 [CRITICAL] Physics Time
      Value: 12.42 ms
      Impact: Physics simulation overhead
      Suggestions:
        • Reduce number of active physics bodies
        • Simplify collision shapes
        • Disable physics for distant objects

  🟠 [HIGH] Draw Calls
      Value: 12361 calls/frame
      Impact: GPU rendering overhead
      Suggestions:
        • Batch meshes by material
        • Use MultiMeshInstance3D
        • Implement LOD system
        • Enable frustum culling

  🟠 [HIGH] Physics Bodies
      Value: 465 active bodies
      Impact: Physics engine load
      Suggestions:
        • Reduce NPC count
        • Convert distant NPCs to kinematic
        • Disable physics for far objects

  🟡 [MEDIUM] Vertex Count
      Value: 7722430 vertices/frame
      Impact: GPU vertex processing
      Suggestions:
        • Implement LOD for distant objects
        • Simplify building meshes
        • Use lower poly models

  🟡 [MEDIUM] Node Count
      Value: 30424 nodes
      Impact: Scene tree traversal overhead
      Suggestions:
        • Unload distant chunks
        • Pool and reuse nodes
        • Flatten hierarchy where possible

  🟡 [MEDIUM] Post-Processing Effects
      Value: SSAO, Glow/Bloom, Volumetric Fog
      Impact: GPU shader overhead
      Suggestions:
        • Reduce SSR quality
        • Disable SSAO on low-end hardware
        • Use simpler fog

📈 DETAILED STATS:
  Draw Calls: 12361 avg | 13336 max
  Vertices: 7722430 avg | 7869844 max
  Physics Bodies: 465
  Nodes: 30424
  VRAM: 794.6 MB

=================================================

⚡ PHYSICS SPIKE #2947: 12.5 ms at 88.3s (Bodies: 465)
⚡ PHYSICS SPIKE #2948: 12.5 ms at 88.3s (Bodies: 465)
⚡ PHYSICS SPIKE #2949: 12.5 ms at 88.3s (Bodies: 465)
⚡ PHYSICS SPIKE #2950: 12.5 ms at 88.3s (Bodies: 465)
⚡ PHYSICS SPIKE #2951: 12.5 ms at 88.3s (Bodies: 465)
⚡ FRAME SPIKE #1420: 94.4 ms at 88.3s (Draw: 10384, Bodies: 465)
⚡ PHYSICS SPIKE #2952: 12.5 ms at 88.4s (Bodies: 465)
⚡ PHYSICS SPIKE #2953: 12.5 ms at 88.4s (Bodies: 465)
⚡ PHYSICS SPIKE #2954: 12.5 ms at 88.4s (Bodies: 465)
⚡ PHYSICS SPIKE #2955: 12.5 ms at 88.4s (Bodies: 465)
⚡ PHYSICS SPIKE #2956: 12.5 ms at 88.4s (Bodies: 465)
⚡ PHYSICS SPIKE #2957: 12.5 ms at 88.4s (Bodies: 465)
⚡ FRAME SPIKE #1421: 91.2 ms at 88.4s (Draw: 10395, Bodies: 465)
⚡ PHYSICS SPIKE #2958: 12.5 ms at 88.5s (Bodies: 465)
⚡ PHYSICS SPIKE #2959: 12.5 ms at 88.5s (Bodies: 465)
⚡ PHYSICS SPIKE #2960: 12.5 ms at 88.5s (Bodies: 465)
⚡ PHYSICS SPIKE #2961: 12.5 ms at 88.5s (Bodies: 465)
⚡ PHYSICS SPIKE #2962: 12.5 ms at 88.5s (Bodies: 465)
⚡ PHYSICS SPIKE #2963: 12.5 ms at 88.5s (Bodies: 465)
⚡ FRAME SPIKE #1422: 96.2 ms at 88.5s (Draw: 10399, Bodies: 465)
⚡ PHYSICS SPIKE #2964: 12.5 ms at 88.6s (Bodies: 465)
⚡ PHYSICS SPIKE #2965: 12.5 ms at 88.6s (Bodies: 465)
⚡ PHYSICS SPIKE #2966: 12.5 ms at 88.6s (Bodies: 465)
⚡ PHYSICS SPIKE #2967: 12.5 ms at 88.6s (Bodies: 465)
⚡ PHYSICS SPIKE #2968: 12.5 ms at 88.6s (Bodies: 465)
⚡ FRAME SPIKE #1423: 94.4 ms at 88.6s (Draw: 10396, Bodies: 465)
⚡ PHYSICS SPIKE #2969: 12.5 ms at 88.7s (Bodies: 465)
⚡ PHYSICS SPIKE #2970: 12.5 ms at 88.7s (Bodies: 467)
⚡ PHYSICS SPIKE #2971: 12.5 ms at 88.7s (Bodies: 467)
⚡ PHYSICS SPIKE #2972: 12.5 ms at 88.7s (Bodies: 467)
⚡ PHYSICS SPIKE #2973: 12.5 ms at 88.7s (Bodies: 467)
⚡ PHYSICS SPIKE #2974: 12.5 ms at 88.7s (Bodies: 467)
⚡ FRAME SPIKE #1424: 94.4 ms at 88.7s (Draw: 10396, Bodies: 467)
⚡ PHYSICS SPIKE #2975: 12.5 ms at 88.8s (Bodies: 467)
⚡ PHYSICS SPIKE #2976: 12.5 ms at 88.8s (Bodies: 467)
⚡ PHYSICS SPIKE #2977: 12.5 ms at 88.8s (Bodies: 467)
⚡ PHYSICS SPIKE #2978: 12.5 ms at 88.8s (Bodies: 467)
⚡ PHYSICS SPIKE #2979: 12.5 ms at 88.8s (Bodies: 467)
⚡ PHYSICS SPIKE #2980: 12.5 ms at 88.8s (Bodies: 467)
⚡ FRAME SPIKE #1425: 94.4 ms at 88.8s (Draw: 10397, Bodies: 467)
⚡ PHYSICS SPIKE #2981: 12.5 ms at 88.9s (Bodies: 467)
⚡ PHYSICS SPIKE #2982: 12.5 ms at 88.9s (Bodies: 467)
⚡ PHYSICS SPIKE #2983: 12.5 ms at 88.9s (Bodies: 467)
⚡ PHYSICS SPIKE #2984: 12.5 ms at 88.9s (Bodies: 467)
⚡ PHYSICS SPIKE #2985: 12.5 ms at 88.9s (Bodies: 467)
⚡ FRAME SPIKE #1426: 94.4 ms at 88.9s (Draw: 10385, Bodies: 467)
⚡ PHYSICS SPIKE #2986: 12.5 ms at 89.0s (Bodies: 467)
⚡ PHYSICS SPIKE #2987: 12.5 ms at 89.0s (Bodies: 467)
⚡ PHYSICS SPIKE #2988: 12.5 ms at 89.0s (Bodies: 467)
⚡ PHYSICS SPIKE #2989: 12.5 ms at 89.0s (Bodies: 467)
⚡ PHYSICS SPIKE #2990: 12.5 ms at 89.0s (Bodies: 466)
⚡ PHYSICS SPIKE #2991: 12.5 ms at 89.0s (Bodies: 466)
⚡ FRAME SPIKE #1427: 94.4 ms at 89.0s (Draw: 10388, Bodies: 466)
⚡ PHYSICS SPIKE #2992: 12.5 ms at 89.1s (Bodies: 466)
⚡ PHYSICS SPIKE #2993: 12.5 ms at 89.1s (Bodies: 466)
⚡ PHYSICS SPIKE #2994: 12.5 ms at 89.1s (Bodies: 466)
⚡ PHYSICS SPIKE #2995: 12.5 ms at 89.1s (Bodies: 466)
⚡ PHYSICS SPIKE #2996: 12.5 ms at 89.1s (Bodies: 466)
⚡ PHYSICS SPIKE #2997: 12.5 ms at 89.1s (Bodies: 466)
⚡ FRAME SPIKE #1428: 94.4 ms at 89.1s (Draw: 10411, Bodies: 466)
⚡ PHYSICS SPIKE #2998: 12.6 ms at 89.1s (Bodies: 466)
⚡ PHYSICS SPIKE #2999: 12.6 ms at 89.1s (Bodies: 466)
⚡ PHYSICS SPIKE #3000: 12.6 ms at 89.1s (Bodies: 466)
⚡ PHYSICS SPIKE #3001: 12.6 ms at 89.1s (Bodies: 466)
⚡ PHYSICS SPIKE #3002: 12.6 ms at 89.1s (Bodies: 466)
⚡ FRAME SPIKE #1429: 94.4 ms at 89.1s (Draw: 10462, Bodies: 466)
⚡ PHYSICS SPIKE #3003: 12.6 ms at 89.2s (Bodies: 466)
⚡ PHYSICS SPIKE #3004: 12.6 ms at 89.2s (Bodies: 466)
⚡ PHYSICS SPIKE #3005: 12.6 ms at 89.2s (Bodies: 466)
⚡ PHYSICS SPIKE #3006: 12.6 ms at 89.2s (Bodies: 466)
⚡ PHYSICS SPIKE #3007: 12.6 ms at 89.2s (Bodies: 466)
⚡ PHYSICS SPIKE #3008: 12.6 ms at 89.2s (Bodies: 466)
⚡ FRAME SPIKE #1430: 94.4 ms at 89.2s (Draw: 10506, Bodies: 466)
⚡ PHYSICS SPIKE #3009: 12.6 ms at 89.3s (Bodies: 466)
⚡ PHYSICS SPIKE #3010: 12.6 ms at 89.3s (Bodies: 466)
⚡ PHYSICS SPIKE #3011: 12.6 ms at 89.3s (Bodies: 466)
⚡ PHYSICS SPIKE #3012: 12.6 ms at 89.3s (Bodies: 466)
⚡ PHYSICS SPIKE #3013: 12.6 ms at 89.3s (Bodies: 466)
⚡ PHYSICS SPIKE #3014: 12.6 ms at 89.3s (Bodies: 466)
⚡ FRAME SPIKE #1431: 94.4 ms at 89.3s (Draw: 10539, Bodies: 466)
⚡ PHYSICS SPIKE #3015: 12.6 ms at 89.4s (Bodies: 466)
⚡ PHYSICS SPIKE #3016: 12.6 ms at 89.4s (Bodies: 466)
⚡ PHYSICS SPIKE #3017: 12.6 ms at 89.4s (Bodies: 466)
⚡ PHYSICS SPIKE #3018: 12.6 ms at 89.4s (Bodies: 466)
⚡ PHYSICS SPIKE #3019: 12.6 ms at 89.4s (Bodies: 466)
⚡ PHYSICS SPIKE #3020: 12.6 ms at 89.4s (Bodies: 466)
⚡ FRAME SPIKE #1432: 100.8 ms at 89.4s (Draw: 10549, Bodies: 466)
⚡ PHYSICS SPIKE #3021: 12.6 ms at 89.5s (Bodies: 466)
⚡ PHYSICS SPIKE #3022: 12.6 ms at 89.5s (Bodies: 466)
⚡ PHYSICS SPIKE #3023: 12.6 ms at 89.5s (Bodies: 466)
⚡ PHYSICS SPIKE #3024: 12.6 ms at 89.5s (Bodies: 466)
⚡ PHYSICS SPIKE #3025: 12.6 ms at 89.5s (Bodies: 466)
⚡ PHYSICS SPIKE #3026: 12.6 ms at 89.5s (Bodies: 466)
⚡ FRAME SPIKE #1433: 101.9 ms at 89.5s (Draw: 10550, Bodies: 466)
⚡ PHYSICS SPIKE #3027: 12.6 ms at 89.6s (Bodies: 466)
⚡ PHYSICS SPIKE #3028: 12.6 ms at 89.6s (Bodies: 466)
⚡ PHYSICS SPIKE #3029: 12.6 ms at 89.6s (Bodies: 466)
⚡ PHYSICS SPIKE #3030: 12.6 ms at 89.6s (Bodies: 466)
⚡ PHYSICS SPIKE #3031: 12.6 ms at 89.6s (Bodies: 466)
⚡ PHYSICS SPIKE #3032: 12.6 ms at 89.6s (Bodies: 466)
⚡ FRAME SPIKE #1434: 101.1 ms at 89.6s (Draw: 10547, Bodies: 466)
⚡ PHYSICS SPIKE #3033: 12.6 ms at 89.7s (Bodies: 466)
⚡ PHYSICS SPIKE #3034: 12.6 ms at 89.7s (Bodies: 467)
⚡ PHYSICS SPIKE #3035: 12.6 ms at 89.7s (Bodies: 467)
⚡ PHYSICS SPIKE #3036: 12.6 ms at 89.7s (Bodies: 467)
⚡ PHYSICS SPIKE #3037: 12.6 ms at 89.7s (Bodies: 467)
⚡ PHYSICS SPIKE #3038: 12.6 ms at 89.7s (Bodies: 467)
⚡ FRAME SPIKE #1435: 103.8 ms at 89.7s (Draw: 10555, Bodies: 467)
⚡ PHYSICS SPIKE #3039: 12.6 ms at 89.8s (Bodies: 467)
⚡ PHYSICS SPIKE #3040: 12.6 ms at 89.8s (Bodies: 467)
⚡ PHYSICS SPIKE #3041: 12.6 ms at 89.8s (Bodies: 467)
⚡ PHYSICS SPIKE #3042: 12.6 ms at 89.8s (Bodies: 467)
⚡ PHYSICS SPIKE #3043: 12.6 ms at 89.8s (Bodies: 467)
⚡ PHYSICS SPIKE #3044: 12.6 ms at 89.8s (Bodies: 467)
⚡ FRAME SPIKE #1436: 99.9 ms at 89.8s (Draw: 10559, Bodies: 467)
⚡ PHYSICS SPIKE #3045: 12.6 ms at 89.9s (Bodies: 467)
⚡ PHYSICS SPIKE #3046: 12.6 ms at 89.9s (Bodies: 467)
⚡ PHYSICS SPIKE #3047: 12.6 ms at 89.9s (Bodies: 467)
⚡ PHYSICS SPIKE #3048: 12.6 ms at 89.9s (Bodies: 467)
⚡ PHYSICS SPIKE #3049: 12.6 ms at 89.9s (Bodies: 467)
⚡ PHYSICS SPIKE #3050: 12.6 ms at 89.9s (Bodies: 467)
⚡ FRAME SPIKE #1437: 100.1 ms at 89.9s (Draw: 10567, Bodies: 467)

========== DETAILED TEST RESULTS ==========
Test duration: 90.0 seconds

📊 FRAME SPIKES (> 25.0 ms): 1437 total
  Early (0-30s): 760 spikes
  Mid (30-60s): 395 spikes
  Late (60-90s): 282 spikes

  🔴 WORST SPIKE:
    Time: 54.5s
    Frame time: 142.1 ms
    FPS: 8
    Draw calls: 13545
    Vertices: 8329712
    Physics bodies: 467
    Nodes: 30233

  First 5 spikes:
    0.8s: 26.0 ms (Draw: 5747, Bodies: 197)
    0.8s: 26.4 ms (Draw: 5753, Bodies: 197)
    0.9s: 25.9 ms (Draw: 5777, Bodies: 197)
    0.9s: 26.6 ms (Draw: 5803, Bodies: 197)
    1.0s: 26.6 ms (Draw: 5799, Bodies: 197)

📊 PHYSICS SPIKES (> 10ms): 3050 total
  🔴 WORST PHYSICS SPIKE:
    Time: 67.2s
    Physics time: 18.9 ms
    Bodies: 463

✅ Detailed spike data saved to:
   /Users/sergey/Library/Application Support/Godot/app_userdata/OSM Racing/detailed_performance.json
[PerformanceLogger] Stopped logging: detailed_test_90s
[PerformanceLogger] Exported metrics to: user://detailed_test_90s.csv

========== Performance Test Summary ==========
Test: detailed_test_90s
Duration: 90.24 seconds
Frames: 1480

FPS:
  Average: 21.3
  Median (50th): 20.0
  95th Percentile: 40.0
  5th Percentile: 8.0
  Min: 7.0
  Max: 45.0

Frame Time (ms):
  Average: 40.15
  Min: 22.40
  Max: 118.34

Rendering:
  Avg Draw Calls: 8397
  Max Draw Calls: 15374
  Avg Vertices: 20440887
  Max Vertices: 56226652
  VRAM: 794.6 MB

Physics:
  Active Bodies: 467

Scene:
  Node Count: 30424
==============================================


===========================================

Quitting application...

=== PERFORMANCE METRICS ===
FPS: 11 | Frame: 107.6 ms (max 142.5) | Physics: 16.6 ms (max 84.1)
Godot Process: 34.07 ms | Physics: 12.62 ms
Objects: 69387 | Nodes: 30424 | Resources: 538
Draw calls: 10569 | Vertices: 7941785 | VRAM: 794.6 MB
Physics bodies: 467 | Collision pairs: 5716
--- System Times ---
  road_batch_finalize_total_-1,-1: 11.69 ms (max 11.69)
  road_batch_finalize_total_-1,-2: 5.78 ms (max 5.78)
  road_batch_finalize_total_-1,-3: 8.34 ms (max 8.34)
  road_batch_finalize_total_-1,-4: 9.39 ms (max 9.39)
  road_batch_finalize_total_-1,0: 19.43 ms (max 19.43)
  road_batch_finalize_total_-2,-1: 17.95 ms (max 17.95)
  road_batch_finalize_total_-2,-2: 15.50 ms (max 15.50)
  road_batch_finalize_total_-2,-3: 8.38 ms (max 8.39)
  road_batch_finalize_total_-2,0: 15.64 ms (max 15.64)
  road_batch_finalize_total_0,-1: 19.50 ms (max 19.50)
  road_batch_finalize_total_0,-2: 18.98 ms (max 18.98)
  road_batch_finalize_total_0,-3: 10.92 ms (max 10.92)
  road_batch_finalize_total_0,-4: 6.25 ms (max 6.25)
  road_batch_finalize_total_0,0: 14.58 ms (max 14.58)
  road_batch_finalize_total_0,1: 10.33 ms (max 10.33)
  road_batch_finalize_total_1,-1: 17.43 ms (max 17.43)
  road_batch_finalize_total_1,-2: 15.50 ms (max 15.50)
  road_batch_finalize_total_1,-3: 9.12 ms (max 9.12)
  road_batch_finalize_total_1,-4: 9.66 ms (max 9.66)
  road_batch_finalize_total_1,0: 10.98 ms (max 10.98)
  road_batch_finalize_total_2,-1: 4.08 ms (max 4.08)
  road_batch_finalize_total_2,-2: 8.09 ms (max 8.09)
  road_batch_finalize_total_2,-3: 6.81 ms (max 6.81)
  road_batch_finalize_total_2,-4: 8.34 ms (max 8.34)
  road_collision_create_-1,-1: 3.59 ms (max 4.29)
  road_collision_create_-1,-2: 2.64 ms (max 3.20)
  road_collision_create_-1,-3: 2.53 ms (max 4.39)
  road_collision_create_-1,-4: 4.36 ms (max 4.96)
  road_collision_create_-1,0: 9.45 ms (max 16.64)
  road_collision_create_-2,-1: 5.74 ms (max 11.96)
  road_collision_create_-2,-2: 7.40 ms (max 12.74)
  road_collision_create_-2,-3: 2.49 ms (max 3.77)
  road_collision_create_-2,0: 7.45 ms (max 11.90)
  road_collision_create_0,-1: 6.21 ms (max 12.30)
  road_collision_create_0,-2: 6.03 ms (max 11.80)
  road_collision_create_0,-3: 3.35 ms (max 4.30)
  road_collision_create_0,-4: 1.80 ms (max 3.04)
  road_collision_create_0,0: 4.62 ms (max 10.86)
  road_collision_create_0,1: 10.06 ms (max 10.06)
  road_collision_create_1,-1: 5.58 ms (max 12.81)
  road_collision_create_1,-2: 7.47 ms (max 12.45)
  road_collision_create_1,-3: 2.73 ms (max 3.94)
  road_collision_create_1,-4: 2.95 ms (max 4.02)
  road_collision_create_1,0: 10.68 ms (max 10.68)
  road_collision_create_2,-1: 1.76 ms (max 2.26)
  road_collision_create_2,-2: 2.40 ms (max 4.32)
  road_collision_create_2,-3: 3.07 ms (max 3.90)
  road_collision_create_2,-4: 3.76 ms (max 4.23)
===========================

=== PERFORMANCE METRICS ===
FPS: 11 | Frame: 107.6 ms (max 142.5) | Physics: 16.6 ms (max 84.3)
Godot Process: 34.07 ms | Physics: 12.62 ms
Objects: 69387 | Nodes: 30424 | Resources: 538
Draw calls: 10569 | Vertices: 7941785 | VRAM: 794.6 MB
Physics bodies: 467 | Collision pairs: 5716
===========================
🚗 Traffic: 34 active NPCs (Near: 11, Mid: 15, Far: 8), 5 pooled
  → Physics bodies from NPCs: 34 (All: 34×1, было бы 34×5=170)

========== Bottleneck Analysis Report ==========
Time: 100.3s | Frames: 1746

📊 PERFORMANCE OVERVIEW:
  FPS: 9.2 avg | 7.0 min
  Frame Time: 39.46 ms avg | 72.88 ms max
  Physics Time: 12.53 ms avg

🔍 BOTTLENECK IDENTIFICATION:
  🔴 [CRITICAL] Frame Time
      Value: 39.46 ms (target: 16.67 ms)
      Impact: Overall performance bottleneck
      Suggestions:
        • Reduce draw calls
        • Optimize scripts in _process()
        • Check for expensive operations per frame

  🔴 [CRITICAL] Physics Time
      Value: 12.53 ms
      Impact: Physics simulation overhead
      Suggestions:
        • Reduce number of active physics bodies
        • Simplify collision shapes
        • Disable physics for distant objects

  🟠 [HIGH] Draw Calls
      Value: 11995 calls/frame
      Impact: GPU rendering overhead
      Suggestions:
        • Batch meshes by material
        • Use MultiMeshInstance3D
        • Implement LOD system
        • Enable frustum culling

  🟠 [HIGH] Physics Bodies
      Value: 465 active bodies
      Impact: Physics engine load
      Suggestions:
        • Reduce NPC count
        • Convert distant NPCs to kinematic
        • Disable physics for far objects

  🟡 [MEDIUM] Vertex Count
      Value: 7759226 vertices/frame
      Impact: GPU vertex processing
      Suggestions:
        • Implement LOD for distant objects
        • Simplify building meshes
        • Use lower poly models

  🟡 [MEDIUM] Node Count
      Value: 30424 nodes
      Impact: Scene tree traversal overhead
      Suggestions:
        • Unload distant chunks
        • Pool and reuse nodes
        • Flatten hierarchy where possible

  🟡 [MEDIUM] Post-Processing Effects
      Value: SSAO, Glow/Bloom, Volumetric Fog
      Impact: GPU shader overhead
      Suggestions:
        • Reduce SSR quality
        • Disable SSAO on low-end hardware
        • Use simpler fog

📈 DETAILED STATS:
  Draw Calls: 11995 avg | 13336 max
  Vertices: 7759226 avg | 7941785 max
  Physics Bodies: 465
  Nodes: 30424
  VRAM: 794.6 MB

=================================================

WARNING: ObjectDB instances leaked at exit (run with --verbose for details).
     at: cleanup (core/object/object.cpp:2514)
ERROR: 1 resources still in use at exit (run with --verbose for details).
   at: clear (core/io/resource.cpp:795)
