WorkerThreadPool: 10 threads, 3 max low-priority.
Godot Engine v4.5.1.stable.official.f62fdbde1 - https://godotengine.org
TextServer: Added interface "Dummy"
TextServer: Added interface "ICU / HarfBuzz / Graphite (Built-in)"
Unrecognized output string "misc2" in mapping:
030000007e0500006920000001010000,Nintendo Switch 2 Pro Controller,a:b0,b:b1,back:b14,dpdown:b8,dpleft:b10,dpright:b9,dpup:b11,guide:b16,leftshoulder:b12,leftstick:b15,lefttrigger:b13,leftx:a0,lefty:a1~,misc1:b17,misc2:b20,paddle1:b18,paddle2:b19,rightshoulder:b4,rightstick:b7,righttrigger:b5,rightx:a2,righty:a3~,start:b6,x:b2,y:b3,platform:Mac OS X,
SDL: Init OK!
[mvk-info] MoltenVK version 1.2.9, supporting Vulkan version 1.2.283.
	The following 110 Vulkan extensions are supported:
		VK_KHR_16bit_storage v1
		VK_KHR_8bit_storage v1
		VK_KHR_bind_memory2 v1
		VK_KHR_buffer_device_address v1
		VK_KHR_calibrated_timestamps v1
		VK_KHR_copy_commands2 v1
		VK_KHR_create_renderpass2 v1
		VK_KHR_dedicated_allocation v3
		VK_KHR_deferred_host_operations v4
		VK_KHR_depth_stencil_resolve v1
		VK_KHR_descriptor_update_template v1
		VK_KHR_device_group v4
		VK_KHR_device_group_creation v1
		VK_KHR_driver_properties v1
		VK_KHR_dynamic_rendering v1
		VK_KHR_external_fence v1
		VK_KHR_external_fence_capabilities v1
		VK_KHR_external_memory v1
		VK_KHR_external_memory_capabilities v1
		VK_KHR_external_semaphore v1
		VK_KHR_external_semaphore_capabilities v1
		VK_KHR_fragment_shader_barycentric v1
		VK_KHR_format_feature_flags2 v2
		VK_KHR_get_memory_requirements2 v1
		VK_KHR_get_physical_device_properties2 v2
		VK_KHR_get_surface_capabilities2 v1
		VK_KHR_imageless_framebuffer v1
		VK_KHR_image_format_list v1
		VK_KHR_incremental_present v2
		VK_KHR_maintenance1 v2
		VK_KHR_maintenance2 v1
		VK_KHR_maintenance3 v1
		VK_KHR_map_memory2 v1
		VK_KHR_multiview v1
		VK_KHR_portability_subset v1
		VK_KHR_push_descriptor v2
		VK_KHR_relaxed_block_layout v1
		VK_KHR_sampler_mirror_clamp_to_edge v3
		VK_KHR_sampler_ycbcr_conversion v14
		VK_KHR_separate_depth_stencil_layouts v1
		VK_KHR_shader_draw_parameters v1
		VK_KHR_shader_float_controls v4
		VK_KHR_shader_float16_int8 v1
		VK_KHR_shader_integer_dot_product v1
		VK_KHR_shader_non_semantic_info v1
		VK_KHR_shader_subgroup_extended_types v1
		VK_KHR_spirv_1_4 v1
		VK_KHR_storage_buffer_storage_class v1
		VK_KHR_surface v25
		VK_KHR_swapchain v70
		VK_KHR_swapchain_mutable_format v1
		VK_KHR_synchronization2 v1
		VK_KHR_timeline_semaphore v2
		VK_KHR_uniform_buffer_standard_layout v1
		VK_KHR_variable_pointers v1
		VK_KHR_vertex_attribute_divisor v1
		VK_EXT_4444_formats v1
		VK_EXT_buffer_device_address v2
		VK_EXT_calibrated_timestamps v2
		VK_EXT_debug_marker v4
		VK_EXT_debug_report v10
		VK_EXT_debug_utils v2
		VK_EXT_descriptor_indexing v2
		VK_EXT_extended_dynamic_state v1
		VK_EXT_extended_dynamic_state2 v1
		VK_EXT_extended_dynamic_state3 v2
		VK_EXT_external_memory_host v1
		VK_EXT_fragment_shader_interlock v1
		VK_EXT_hdr_metadata v2
		VK_EXT_headless_surface v1
		VK_EXT_host_image_copy v1
		VK_EXT_host_query_reset v1
		VK_EXT_image_robustness v1
		VK_EXT_inline_uniform_block v1
		VK_EXT_layer_settings v2
		VK_EXT_memory_budget v1
		VK_EXT_metal_objects v2
		VK_EXT_metal_surface v1
		VK_EXT_pipeline_creation_cache_control v3
		VK_EXT_pipeline_creation_feedback v1
		VK_EXT_post_depth_coverage v1
		VK_EXT_private_data v1
		VK_EXT_robustness2 v1
		VK_EXT_sample_locations v1
		VK_EXT_scalar_block_layout v1
		VK_EXT_separate_stencil_usage v1
		VK_EXT_shader_atomic_float v1
		VK_EXT_shader_demote_to_helper_invocation v1
		VK_EXT_shader_stencil_export v1
		VK_EXT_shader_subgroup_ballot v1
		VK_EXT_shader_subgroup_vote v1
		VK_EXT_shader_viewport_index_layer v1
		VK_EXT_subgroup_size_control v2
		VK_EXT_surface_maintenance1 v1
		VK_EXT_swapchain_colorspace v4
		VK_EXT_swapchain_maintenance1 v1
		VK_EXT_texel_buffer_alignment v1
		VK_EXT_texture_compression_astc_hdr v1
		VK_EXT_vertex_attribute_divisor v3
		VK_AMD_gpu_shader_half_float v2
		VK_AMD_negative_viewport_height v1
		VK_AMD_shader_image_load_store_lod v1
		VK_AMD_shader_trinary_minmax v1
		VK_IMG_format_pvrtc v1
		VK_INTEL_shader_integer_functions2 v1
		VK_GOOGLE_display_timing v1
		VK_MVK_macos_surface v3
		VK_MVK_moltenvk v37
		VK_NV_fragment_shader_barycentric v1
		VK_NV_glsl_shader v1
[mvk-info] GPU device:
		model: Apple M1 Pro
		type: Integrated
		vendorID: 0x106b
		deviceID: 0xf0103ef
		pipelineCacheUUID: BF097EDC-0F01-03EF-0000-000000000000
		GPU memory available: 21845 MB
		GPU memory used: 0 MB
	supports the following Metal Versions, GPU's and Feature Sets:
		Metal Shading Language 3.1
		GPU Family Apple 7
		GPU Family Apple 6
		GPU Family Apple 5
		GPU Family Apple 4
		GPU Family Apple 3
		GPU Family Apple 2
		GPU Family Apple 1
		GPU Family Mac 2
		GPU Family Mac 1
		GPU Family Common 3
		GPU Family Common 2
		GPU Family Common 1
		macOS GPU Family 2 v1
		macOS GPU Family 1 v4
		macOS GPU Family 1 v3
		macOS GPU Family 1 v2
		macOS GPU Family 1 v1
[mvk-info] Created VkInstance for Vulkan version 1.2.0, as requested by app, with the following 4 Vulkan extensions enabled:
		VK_KHR_get_physical_device_properties2 v2
		VK_KHR_surface v25
		VK_EXT_debug_utils v2
		VK_EXT_metal_surface v1
Devices:
  #0: Apple Apple M1 Pro - Supported, Integrated
Optional extension VK_KHR_fragment_shading_rate not found
Optional extension VK_EXT_fragment_density_map not found
Optional extension VK_EXT_astc_decode_mode not found
Optional extension VK_KHR_vulkan_memory_model not found
Optional extension VK_KHR_external_memory_fd not found
Optional extension VK_EXT_device_fault not found
- Vulkan Variable Rate Shading not supported
- Vulkan Fragment Density Map not supported
- Vulkan multiview supported:
  max view count: 32
  max instances: 134217727
- Vulkan subgroup:
  size: 32
  min size: 32
  max size: 32
  stages: STAGE_TESSELLATION_CONTROL, STAGE_FRAGMENT, STAGE_COMPUTE
  supported ops: FEATURE_BASIC, FEATURE_VOTE, FEATURE_ARITHMETIC, FEATURE_BALLOT, FEATURE_SHUFFLE, FEATURE_SHUFFLE_RELATIVE, FEATURE_QUAD
  quad operations in all stages
[mvk-info] Vulkan semaphores using Metal implicit guarantees within a single queue.
[mvk-info] Created VkDevice to run on GPU Apple M1 Pro with the following 13 Vulkan extensions enabled:
		VK_KHR_16bit_storage v1
		VK_KHR_buffer_device_address v1
		VK_KHR_create_renderpass2 v1
		VK_KHR_image_format_list v1
		VK_KHR_maintenance2 v1
		VK_KHR_multiview v1
		VK_KHR_shader_float16_int8 v1
		VK_KHR_storage_buffer_storage_class v1
		VK_KHR_swapchain v70
		VK_EXT_debug_marker v4
		VK_EXT_pipeline_creation_cache_control v3
		VK_EXT_subgroup_size_control v2
		VK_EXT_texture_compression_astc_hdr v1
Vulkan 1.2.283 - Forward+ - Using Device #0: Apple - Apple M1 Pro
Startup PSO cache (41.1 MiB)
Using "default" pen tablet driver...
Creating VMA small objects pool for memory type index 0
Shader 'CanvasSdfShaderRD' (group 0) SHA256: e3e36a196484fd7752bf3d5dca5d9ff7512a4e981b5f5f57e6f0a0fc50640721
Loading cache for shader CanvasSdfShaderRD, variant 0
Loading cache for shader CanvasSdfShaderRD, variant 1
Loading cache for shader CanvasSdfShaderRD, variant 2
Loading cache for shader CanvasSdfShaderRD, variant 3
Loading cache for shader CanvasSdfShaderRD, variant 4
Loading cache for shader CanvasSdfShaderRD, variant 5
Shader 'SkeletonShaderRD' (group 0) SHA256: e0325885d3b45ea42d045525d1c732805f14a5a6cc4b6b67ce336626653e9573
Loading cache for shader SkeletonShaderRD, variant 0
Loading cache for shader SkeletonShaderRD, variant 1
Shader 'SortShaderRD' (group 0) SHA256: ce9b4120b1d1a35c1bea19b12a6206dee2526af5e61fd4520555d6b447f15e34
Loading cache for shader SortShaderRD, variant 0
Loading cache for shader SortShaderRD, variant 1
Loading cache for shader SortShaderRD, variant 2
Shader 'ParticlesShaderRD' (group 0) SHA256: c77129ff51da9b8bd8037785c1a2afcdca1f25aa602d8d22c4973640d55305a4
Loading cache for shader ParticlesShaderRD, variant 0
Shader 'ParticlesCopyShaderRD' (group 0) SHA256: 76ee6b7648ff369a05e8340a639ce08c065370fd23e6d18634d522db1c3ac055
Loading cache for shader ParticlesCopyShaderRD, variant 0
Loading cache for shader ParticlesCopyShaderRD, variant 1
Loading cache for shader ParticlesCopyShaderRD, variant 2
Loading cache for shader ParticlesCopyShaderRD, variant 3
Loading cache for shader ParticlesCopyShaderRD, variant 4
Loading cache for shader ParticlesCopyShaderRD, variant 5
Loading cache for shader ParticlesCopyShaderRD, variant 6
Loading cache for shader ParticlesCopyShaderRD, variant 7
Loading cache for shader ParticlesCopyShaderRD, variant 8
Loading cache for shader ParticlesCopyShaderRD, variant 9
Loading cache for shader ParticlesCopyShaderRD, variant 10
Loading cache for shader ParticlesCopyShaderRD, variant 11
Loading cache for shader ParticlesCopyShaderRD, variant 12
Loading cache for shader ParticlesCopyShaderRD, variant 13
Loading cache for shader ParticlesCopyShaderRD, variant 14
Loading cache for shader ParticlesCopyShaderRD, variant 15
Loading cache for shader ParticlesCopyShaderRD, variant 16
Loading cache for shader ParticlesCopyShaderRD, variant 17
Loading cache for shader ParticlesCopyShaderRD, variant 18
Loading cache for shader ParticlesCopyShaderRD, variant 19
Loading cache for shader ParticlesCopyShaderRD, variant 20
Shader 'CanvasShaderRD' (group 0) SHA256: 8f73ea59600218c7f4a72f38f0a825d4b9edae392f00688807259ea2faf43974
Loading cache for shader CanvasShaderRD, variant 0
Loading cache for shader CanvasShaderRD, variant 1
Loading cache for shader CanvasShaderRD, variant 2
Loading cache for shader CanvasShaderRD, variant 3
Loading cache for shader CanvasShaderRD, variant 4
Loading cache for shader CanvasShaderRD, variant 5
Shader 'CanvasOcclusionShaderRD' (group 0) SHA256: 2e1e40e085c85bd3960b7bad3be9bad88a3e02174708138d2eb3215933437ede
Loading cache for shader CanvasOcclusionShaderRD, variant 0
Loading cache for shader CanvasOcclusionShaderRD, variant 1
Loading cache for shader CanvasOcclusionShaderRD, variant 2
Loading cache for shader CanvasShaderRD, variant 0
Loading cache for shader CanvasShaderRD, variant 1
Loading cache for shader CanvasShaderRD, variant 2
Loading cache for shader CanvasShaderRD, variant 3
Loading cache for shader CanvasShaderRD, variant 4
Loading cache for shader CanvasShaderRD, variant 5
Loading cache for shader CanvasShaderRD, variant 0
Loading cache for shader CanvasShaderRD, variant 1
Loading cache for shader CanvasShaderRD, variant 2
Loading cache for shader CanvasShaderRD, variant 3
Loading cache for shader CanvasShaderRD, variant 4
Loading cache for shader CanvasShaderRD, variant 5
Shader 'ClusterRenderShaderRD' (group 0) SHA256: 5520632edde9dc7efc467666b1888d0f07fe10e4c2e113e68f1757bab97a847b
Loading cache for shader ClusterRenderShaderRD, variant 2
Loading cache for shader ClusterRenderShaderRD, variant 3
Shader 'ClusterStoreShaderRD' (group 0) SHA256: 9ca626ebec243544ae7398e49713da5e69391ab29de1ced02b03e718a013c28f
Loading cache for shader ClusterStoreShaderRD, variant 0
Shader 'ClusterDebugShaderRD' (group 0) SHA256: 7253e84e6deaaf9cd1391aff49a754db31e162f9ecaf776485fde4bc31121aa6
Loading cache for shader ClusterDebugShaderRD, variant 0
Shader 'SceneForwardClusteredShaderRD' (group 0) SHA256: df8d1dbb6fb950c04bcc78fb1667a6eb52d604ac1f0317023833936c838ed75f
Shader 'SceneForwardClusteredShaderRD' (group 1) SHA256: 6a184745fdc168cf1854f82e467b075c7754389099dd4260c7cfd820f974abb7
Shader 'SceneForwardClusteredShaderRD' (group 2) SHA256: e54e15eb9546bd2ff28fdb8fc19e33bec138fb364a5418eb6d90e784252ee190
Shader 'SceneForwardClusteredShaderRD' (group 3) SHA256: 210d14d006d21a3471e63300f334a93a8076f61ad1c3147dbd14466d95970249
Loading cache for shader SceneForwardClusteredShaderRD, variant 0
Loading cache for shader SceneForwardClusteredShaderRD, variant 1
Loading cache for shader SceneForwardClusteredShaderRD, variant 2
Loading cache for shader SceneForwardClusteredShaderRD, variant 3
Loading cache for shader SceneForwardClusteredShaderRD, variant 4
Loading cache for shader SceneForwardClusteredShaderRD, variant 5
Loading cache for shader SceneForwardClusteredShaderRD, variant 6
Loading cache for shader SceneForwardClusteredShaderRD, variant 7
Loading cache for shader SceneForwardClusteredShaderRD, variant 0
Loading cache for shader SceneForwardClusteredShaderRD, variant 1
Loading cache for shader SceneForwardClusteredShaderRD, variant 2
Loading cache for shader SceneForwardClusteredShaderRD, variant 3
Loading cache for shader SceneForwardClusteredShaderRD, variant 4
Loading cache for shader SceneForwardClusteredShaderRD, variant 5
Loading cache for shader SceneForwardClusteredShaderRD, variant 6
Loading cache for shader SceneForwardClusteredShaderRD, variant 7
Loading cache for shader SceneForwardClusteredShaderRD, variant 0
Loading cache for shader SceneForwardClusteredShaderRD, variant 1
Loading cache for shader SceneForwardClusteredShaderRD, variant 2
Loading cache for shader SceneForwardClusteredShaderRD, variant 3
Loading cache for shader SceneForwardClusteredShaderRD, variant 4
Loading cache for shader SceneForwardClusteredShaderRD, variant 5
Loading cache for shader SceneForwardClusteredShaderRD, variant 6
Loading cache for shader SceneForwardClusteredShaderRD, variant 7
Shader 'BestFitNormalShaderRD' (group 0) SHA256: 8c748b5176971d04b037d61fe8ee9c0da50efc42fb21ff2f4fc11dbf138ac284
Loading cache for shader BestFitNormalShaderRD, variant 0
Shader 'IntegrateDfgShaderRD' (group 0) SHA256: 287328d7c084c243ad82ac05423c4a58662ea18582b5b369f3288be49e4a66d8
Loading cache for shader IntegrateDfgShaderRD, variant 0
Shader 'ResolveShaderRD' (group 0) SHA256: 5e0937d6a862fc03f2a42b11dd8fcc8ca9fa948bc51bc5504f3e3a92e954cc33
Loading cache for shader ResolveShaderRD, variant 0
Loading cache for shader ResolveShaderRD, variant 1
Loading cache for shader ResolveShaderRD, variant 2
Shader 'TaaResolveShaderRD' (group 0) SHA256: 8e863ed5b6e6cf5b67a722559308f90a5653d397bdedd8d8c2abe45a89893049
Loading cache for shader TaaResolveShaderRD, variant 0
Shader 'Fsr2DepthClipPassShaderRD' (group 0) SHA256: 4130c931008b9d81bce5757c91876fb1c64a992525002d1a9d24c756cdaeb55f
Shader 'Fsr2ReconstructPreviousDepthPassShaderRD' (group 0) SHA256: 7ef7cdf239edd510c42b9e6ef2ca760f08ac92b57c6b2e5562cf430770b69d49
Shader 'Fsr2LockPassShaderRD' (group 0) SHA256: 50c95f98dbda1ad902b8fac4668d32cbfc11a3e86b890460da50600750d6d636
Shader 'Fsr2AccumulatePassShaderRD' (group 0) SHA256: acf7ce56f0f217fbe6fc54b42313d025af58be39a197ea6e6a9c10b1c03de903
Shader 'Fsr2RcasPassShaderRD' (group 0) SHA256: 3f4d394a0080ce37da6dc5f05c36e082efc8f3a0a333428f23697d21a1e665cd
Shader 'Fsr2ComputeLuminancePyramidPassShaderRD' (group 0) SHA256: 246789de2d6807e12325bb146b5b960cbec70a2119fe15f67d12c0a1d55213dd
Shader 'Fsr2AutogenReactivePassShaderRD' (group 0) SHA256: ea81f3d2612452e92eebad3230c8885356cf352779194322ac0b390d949e0a9f
Shader 'Fsr2TcrAutogenPassShaderRD' (group 0) SHA256: c6b965d8d141ea41ff88aa0df571ed29f4b8b5c974713f24b7fa44f23e3db020
Shader 'SsEffectsDownsampleShaderRD' (group 0) SHA256: 47ce5b07a7399a4ea52ee0ba0ba0016f7c1b3429f72c2ef29b4382bf8f1d92e7
Loading cache for shader SsEffectsDownsampleShaderRD, variant 0
Loading cache for shader SsEffectsDownsampleShaderRD, variant 1
Loading cache for shader SsEffectsDownsampleShaderRD, variant 2
Loading cache for shader SsEffectsDownsampleShaderRD, variant 3
Loading cache for shader SsEffectsDownsampleShaderRD, variant 4
Loading cache for shader SsEffectsDownsampleShaderRD, variant 5
Loading cache for shader SsEffectsDownsampleShaderRD, variant 6
Shader 'SsilShaderRD' (group 0) SHA256: 335e8f9954286db1ee28430b2c9ef17fb01fb4bb8b74d688be9cec967dee41e6
Loading cache for shader SsilShaderRD, variant 0
Loading cache for shader SsilShaderRD, variant 1
Loading cache for shader SsilShaderRD, variant 2
Shader 'SsilImportanceMapShaderRD' (group 0) SHA256: 3d668b995f5f00c0cdb73fd8c13cd3bed37bf5f45c10621fcc2475eefd50a7bd
Loading cache for shader SsilImportanceMapShaderRD, variant 0
Loading cache for shader SsilImportanceMapShaderRD, variant 1
Loading cache for shader SsilImportanceMapShaderRD, variant 2
Shader 'SsilBlurShaderRD' (group 0) SHA256: 9d2d3e521c5d1601e636d8fc3e533a52362ad011112fde07a344fe3511cea943
Loading cache for shader SsilBlurShaderRD, variant 0
Loading cache for shader SsilBlurShaderRD, variant 1
Loading cache for shader SsilBlurShaderRD, variant 2
Shader 'SsilInterleaveShaderRD' (group 0) SHA256: 36d769d4532c446edf161d4b3d932557d4fad2904fda9c5f6861ae7fd162c9ee
Loading cache for shader SsilInterleaveShaderRD, variant 0
Loading cache for shader SsilInterleaveShaderRD, variant 1
Loading cache for shader SsilInterleaveShaderRD, variant 2
Shader 'SsaoShaderRD' (group 0) SHA256: 6831fded981ced729634af4cf4f5515538ff84cbb773c0d583873e29462e1080
Loading cache for shader SsaoShaderRD, variant 0
Loading cache for shader SsaoShaderRD, variant 1
Loading cache for shader SsaoShaderRD, variant 2
Shader 'SsaoImportanceMapShaderRD' (group 0) SHA256: fe84d24f104b577d6ae2183f611ddfa9ef6ba4834d972f00460c66aa67c6e788
Loading cache for shader SsaoImportanceMapShaderRD, variant 0
Loading cache for shader SsaoImportanceMapShaderRD, variant 1
Loading cache for shader SsaoImportanceMapShaderRD, variant 2
Shader 'SsaoBlurShaderRD' (group 0) SHA256: 4d3910b2d37af6bb5a68153677dd3f49c424b932871284ee1bb2e31936b31ca0
Loading cache for shader SsaoBlurShaderRD, variant 0
Loading cache for shader SsaoBlurShaderRD, variant 1
Loading cache for shader SsaoBlurShaderRD, variant 2
Shader 'SsaoInterleaveShaderRD' (group 0) SHA256: b804d0579b589636ca331298d9f8885e277e5fd8be1d20d4560044000a029a49
Loading cache for shader SsaoInterleaveShaderRD, variant 0
Loading cache for shader SsaoInterleaveShaderRD, variant 1
Loading cache for shader SsaoInterleaveShaderRD, variant 2
Shader 'ScreenSpaceReflectionScaleShaderRD' (group 0) SHA256: f028513910f44db288a6d0d7315df152a910214dd680426d7817a0db185bb512
Loading cache for shader ScreenSpaceReflectionScaleShaderRD, variant 0
Shader 'ScreenSpaceReflectionShaderRD' (group 0) SHA256: aa7798f702ec7502be62da736ef869c792a69bb4310d9a535e0b6596ad1c4c8f
Loading cache for shader ScreenSpaceReflectionShaderRD, variant 0
Loading cache for shader ScreenSpaceReflectionShaderRD, variant 1
Shader 'ScreenSpaceReflectionFilterShaderRD' (group 0) SHA256: b8974626c582dd282d9ca1bd58b6ffeda45b41e5b160baa199088657ad7eca95
Loading cache for shader ScreenSpaceReflectionFilterShaderRD, variant 0
Loading cache for shader ScreenSpaceReflectionFilterShaderRD, variant 1
Shader 'SubsurfaceScatteringShaderRD' (group 0) SHA256: cfc79a4166aa45746b6bfa4b2a3345978e68ace79a0a82ab13fdda9f32a7a0b0
Loading cache for shader SubsurfaceScatteringShaderRD, variant 0
Loading cache for shader SubsurfaceScatteringShaderRD, variant 1
Loading cache for shader SubsurfaceScatteringShaderRD, variant 2
Shader 'SkyShaderRD' (group 0) SHA256: 9c26bd5dc001c975a8ec36520d74f1e5aa9d8125c8172a160acf52f8ebf362f3
Loading cache for shader SkyShaderRD, variant 0
Loading cache for shader SkyShaderRD, variant 1
Loading cache for shader SkyShaderRD, variant 2
Loading cache for shader SkyShaderRD, variant 3
Loading cache for shader SkyShaderRD, variant 4
Loading cache for shader SkyShaderRD, variant 5
Loading cache for shader SkyShaderRD, variant 0
Loading cache for shader SkyShaderRD, variant 1
Loading cache for shader SkyShaderRD, variant 2
Loading cache for shader SkyShaderRD, variant 3
Loading cache for shader SkyShaderRD, variant 4
Loading cache for shader SkyShaderRD, variant 5
Shader 'VoxelGiShaderRD' (group 0) SHA256: 3d7b0b0258a2977a47dc0a84db7cb49a5e1bfaa74053e42ffae7d3e87d48965f
Loading cache for shader VoxelGiShaderRD, variant 0
Loading cache for shader VoxelGiShaderRD, variant 1
Loading cache for shader VoxelGiShaderRD, variant 2
Loading cache for shader VoxelGiShaderRD, variant 3
Loading cache for shader VoxelGiShaderRD, variant 4
Loading cache for shader VoxelGiShaderRD, variant 5
Loading cache for shader VoxelGiShaderRD, variant 6
Loading cache for shader VoxelGiShaderRD, variant 7
Shader 'VoxelGiDebugShaderRD' (group 0) SHA256: 49ee1e463ded1be1341dc6ee222f492cd9f8484aabe4cf39ca46f519abecbb6c
Loading cache for shader VoxelGiDebugShaderRD, variant 0
Loading cache for shader VoxelGiDebugShaderRD, variant 1
Loading cache for shader VoxelGiDebugShaderRD, variant 2
Loading cache for shader VoxelGiDebugShaderRD, variant 3
Shader 'SdfgiPreprocessShaderRD' (group 0) SHA256: 60c77a38319fd7cc123270bcc0dfbdddd8f74e985d1907c08c726e3d4dbf7b06
Loading cache for shader SdfgiPreprocessShaderRD, variant 0
Loading cache for shader SdfgiPreprocessShaderRD, variant 1
Loading cache for shader SdfgiPreprocessShaderRD, variant 2
Loading cache for shader SdfgiPreprocessShaderRD, variant 3
Loading cache for shader SdfgiPreprocessShaderRD, variant 4
Loading cache for shader SdfgiPreprocessShaderRD, variant 5
Loading cache for shader SdfgiPreprocessShaderRD, variant 6
Loading cache for shader SdfgiPreprocessShaderRD, variant 7
Loading cache for shader SdfgiPreprocessShaderRD, variant 8
Shader 'SdfgiDirectLightShaderRD' (group 0) SHA256: a3474a0b60ebab5bb7010596e49cfb91bbfc3689c4df741b809ddc92e1fa90e9
Loading cache for shader SdfgiDirectLightShaderRD, variant 0
Loading cache for shader SdfgiDirectLightShaderRD, variant 1
Shader 'SdfgiIntegrateShaderRD' (group 0) SHA256: 62e2ae895bf90996b40c48aeab6a59c24d27c6c843ef9ee94adf3f6de80b26ac
Loading cache for shader SdfgiIntegrateShaderRD, variant 0
Loading cache for shader SdfgiIntegrateShaderRD, variant 1
Loading cache for shader SdfgiIntegrateShaderRD, variant 2
Loading cache for shader SdfgiIntegrateShaderRD, variant 3
Shader 'GiShaderRD' (group 0) SHA256: e4e3882307beba471cbf1d2ebf8ca49fedccbba528ef384e7d1e2461d14a71f0
Shader 'GiShaderRD' (group 1) SHA256: 69ca96412569cbef4a05e515b55b5744ab10048a32a6d2fef2a7c2ad984c9155
Loading cache for shader GiShaderRD, variant 0
Loading cache for shader GiShaderRD, variant 1
Loading cache for shader GiShaderRD, variant 2
Loading cache for shader GiShaderRD, variant 3
Loading cache for shader GiShaderRD, variant 4
Shader 'SdfgiDebugShaderRD' (group 0) SHA256: 6de37bb5aa871af3d348d47b0cbfc09f6873bf5a2500f0cf9280e404ff4ce97b
Loading cache for shader SdfgiDebugShaderRD, variant 0
Shader 'SdfgiDebugProbesShaderRD' (group 0) SHA256: c25d7a81827da688487a69637d3e61ae9f31c125940f4fbf05b6de4a2c1e78a9
Loading cache for shader SdfgiDebugProbesShaderRD, variant 0
Loading cache for shader SdfgiDebugProbesShaderRD, variant 1
Loading cache for shader SdfgiDebugProbesShaderRD, variant 2
Loading cache for shader SdfgiDebugProbesShaderRD, variant 3
Shader 'VolumetricFogShaderRD' (group 0) SHA256: 6120947dc0a3cd4bff5b217e63490686b128f0319aabd6f96d597268f68d60e3
Shader 'VolumetricFogShaderRD' (group 1) SHA256: f44655a2103d6cb3b1d0a206e66c4427aca3de3b5de59f72bf7e08db5144f83c
Shader 'VolumetricFogShaderRD' (group 2) SHA256: 963b90021bd602c144aa8f80b75ecdf64c2abe48940f55cf2f25f2deda808186
Shader 'VolumetricFogShaderRD' (group 3) SHA256: 5929600387c20b3c1eead45ba7f6c87fde922e0e4f78f80366f58cdfb10e63f7
Loading cache for shader VolumetricFogShaderRD, variant 0
Shader 'VolumetricFogProcessShaderRD' (group 0) SHA256: 2749f17fe5049db6df987d401e0fb5a52692635224ca129e06c3d6e15dd2dc29
Shader 'VolumetricFogProcessShaderRD' (group 1) SHA256: 8333ba62fcdf5c0ffe915641fe9faa88286844b2bb245d94b41eb48eca8e881d
Shader 'VolumetricFogProcessShaderRD' (group 2) SHA256: 6b05211651f14a1593c8b3be3b5932c64a3beba37ce1e1649b4ea67ac36d3c47
Shader 'VolumetricFogProcessShaderRD' (group 3) SHA256: 14fbd4a37cc30a2991dbfa525da8e6182def041c1eeaa20638fb2597e98f3c52
Loading cache for shader VolumetricFogProcessShaderRD, variant 0
Loading cache for shader VolumetricFogProcessShaderRD, variant 1
Loading cache for shader VolumetricFogProcessShaderRD, variant 2
Loading cache for shader VolumetricFogProcessShaderRD, variant 3
Loading cache for shader VolumetricFogProcessShaderRD, variant 4
Shader 'BokehDofShaderRD' (group 0) SHA256: 5a14c722b7cad6a5d1853b764825b687b8e8c26d08a7edef6f50a28c2a237b9c
Loading cache for shader BokehDofShaderRD, variant 0
Loading cache for shader BokehDofShaderRD, variant 1
Loading cache for shader BokehDofShaderRD, variant 3
Loading cache for shader BokehDofShaderRD, variant 5
Loading cache for shader BokehDofShaderRD, variant 6
Shader 'CopyShaderRD' (group 0) SHA256: 363226e4e754f4dd97b1000777a12a1e717a0202ef34a8bb5cbbee343880d1a3
Loading cache for shader CopyShaderRD, variant 0
Loading cache for shader CopyShaderRD, variant 1
Loading cache for shader CopyShaderRD, variant 2
Loading cache for shader CopyShaderRD, variant 3
Loading cache for shader CopyShaderRD, variant 4
Loading cache for shader CopyShaderRD, variant 5
Loading cache for shader CopyShaderRD, variant 6
Loading cache for shader CopyShaderRD, variant 7
Loading cache for shader CopyShaderRD, variant 8
Loading cache for shader CopyShaderRD, variant 9
Loading cache for shader CopyShaderRD, variant 10
Loading cache for shader CopyShaderRD, variant 11
Loading cache for shader CopyShaderRD, variant 12
Shader 'CopyToFbShaderRD' (group 0) SHA256: 0adebb67e6205ddab89bef68d0541718044b8408d301ef90fcc572ab1f1dc3c1
Loading cache for shader CopyToFbShaderRD, variant 0
Loading cache for shader CopyToFbShaderRD, variant 1
Loading cache for shader CopyToFbShaderRD, variant 2
Loading cache for shader CopyToFbShaderRD, variant 3
Shader 'CubeToDpShaderRD' (group 0) SHA256: f3ba78a7ce282686c1bace415c6d4852f8b5df07fd90aff0139030354b9c53e6
Loading cache for shader CubeToDpShaderRD, variant 0
Shader 'CubemapDownsamplerShaderRD' (group 0) SHA256: 831be8c39044041b2e1da3b55ee6c2d5d5242c0c11326369eda23b7ae42ee04c
Loading cache for shader CubemapDownsamplerShaderRD, variant 0
Shader 'CubemapFilterShaderRD' (group 0) SHA256: 73d1b21cf27dc843bbcc28dc35d902623419ae7f0c17dba1d9c725d82959f576
Loading cache for shader CubemapFilterShaderRD, variant 0
Loading cache for shader CubemapFilterShaderRD, variant 1
Loading cache for shader CubemapFilterShaderRD, variant 2
Loading cache for shader CubemapFilterShaderRD, variant 3
Shader 'CubemapRoughnessShaderRD' (group 0) SHA256: bb92ea060a11d89f9121ad84bf077cdf954f39a59c3cc78038611f19f3d94533
Loading cache for shader CubemapRoughnessShaderRD, variant 0
Shader 'SpecularMergeShaderRD' (group 0) SHA256: 99444119f03d2c92d5ab325e0fa261255c819d4cb4b019c0eaa369b2d0383a8f
Loading cache for shader SpecularMergeShaderRD, variant 0
Loading cache for shader SpecularMergeShaderRD, variant 1
Loading cache for shader SpecularMergeShaderRD, variant 2
Loading cache for shader SpecularMergeShaderRD, variant 3
Shader 'ShadowFrustumShaderRD' (group 0) SHA256: 851c9007fbee11476e65c3cbb595c7113c7e98676c38d49b88056bdb1eb5904b
Loading cache for shader ShadowFrustumShaderRD, variant 0
Shader 'MotionVectorsShaderRD' (group 0) SHA256: e9ac9ae0667a399f458196d55204937c545356cd64ba755844d9c9943cffdc55
Loading cache for shader MotionVectorsShaderRD, variant 0
Shader 'LuminanceReduceShaderRD' (group 0) SHA256: 62fd065f2a03f76e82ff0efdd729b029811828e67b3dc62b0dd4c1b2a8eb2c23
Loading cache for shader LuminanceReduceShaderRD, variant 0
Loading cache for shader LuminanceReduceShaderRD, variant 1
Loading cache for shader LuminanceReduceShaderRD, variant 2
Shader 'SmaaEdgeDetectionShaderRD' (group 0) SHA256: e4c623cbbd80f252ca1afe76f478a818c89eb124cff6ca285865b0ba733f1f07
Loading cache for shader SmaaEdgeDetectionShaderRD, variant 0
Shader 'SmaaWeightCalculationShaderRD' (group 0) SHA256: 604beebafad6f83aaaead58113c3a3e5b0ed7a7c5605fd197dd952e3821b5878
Loading cache for shader SmaaWeightCalculationShaderRD, variant 0
Shader 'SmaaBlendingShaderRD' (group 0) SHA256: 9f3b4dcf01e8d340348bba93235fb3c9c13964b1e1bd23e7d59891cc9748a71c
Loading cache for shader SmaaBlendingShaderRD, variant 0
Shader 'TonemapShaderRD' (group 0) SHA256: 06d49e3e1e33f4e3f9069e4df65b734ffc54e7ad36b2b03be9c40766a30f7576
Loading cache for shader TonemapShaderRD, variant 0
Loading cache for shader TonemapShaderRD, variant 1
Loading cache for shader TonemapShaderRD, variant 2
Loading cache for shader TonemapShaderRD, variant 3
Loading cache for shader TonemapShaderRD, variant 4
Loading cache for shader TonemapShaderRD, variant 5
Shader 'FsrUpscaleShaderRD' (group 0) SHA256: 0715ca028e84f0a9b6f91a4ac308d37a5c185438f466e254fac8b7377dc10759
Loading cache for shader FsrUpscaleShaderRD, variant 0
Loading cache for shader FsrUpscaleShaderRD, variant 1
Shader 'BlitShaderRD' (group 0) SHA256: 25c59c709fcd7c8e69780f3edeaebc055b68c06b660c69bb43d8246614325591
Loading cache for shader BlitShaderRD, variant 0
Loading cache for shader BlitShaderRD, variant 1
Loading cache for shader BlitShaderRD, variant 2
Loading cache for shader BlitShaderRD, variant 3
CoreAudio: detected 2 channels
CoreAudio: output sampling rate: 48000 Hz
CoreAudio: output audio buffer frames: 512 calculated latency: 10ms

[mvk-info] Created 3 swapchain images with size (3024, 1890) and contents scale 2.0 in layer CAMetalLayer: GodotContentView (0x7f7cb252b8e0) on screen Built-in Retina Display.
TextServer: Primary interface set to: "ICU / HarfBuzz / Graphite (Built-in)".
Loading resource: res://audio/default_bus_layout.tres
CORE API HASH: 937899573
EDITOR API HASH: 1777164193
SceneTreeFTI: traversal method DEFAULT
Loading resource: res://audio/music_manager.gd
Loading resource: res://race/race_state.gd
Loaded system CA certificates
Loading resource: res://tests/performance_test_detailed.tscn
Loading resource: res://addons/gevp/scenes/nexia_car.tscn
Loading resource: res://addons/gevp/scripts/vehicle.gd
Loading resource: res://car/models/nexia/scene.gltf
Loading resource: res://.godot/imported/scene.gltf-da3723215ad592219a17a8e3f5ec4079.scn
Loading resource: res://car/models/nexia/textures/Black_leather_baseColor.jpeg
Loading resource: res://.godot/imported/Black_leather_baseColor.jpeg-27dd6f30fef7f3a67c1452b21a139442.s3tc.ctex
Loading resource: res://car/models/nexia/textures/Black_leather_normal.png
Loading resource: res://.godot/imported/Black_leather_normal.png-645df4b6ce11f1f4aba9288d250b742d.s3tc.ctex
Loading resource: res://car/models/nexia/textures/Black_Opaque__Glass_baseColor.png
Loading resource: res://.godot/imported/Black_Opaque__Glass_baseColor.png-8658f51f68c57f44cb0f6d55f3c25917.s3tc.ctex
Loading resource: res://car/models/nexia/textures/Black_Opaque__Glass_emissive.jpeg
Loading resource: res://.godot/imported/Black_Opaque__Glass_emissive.jpeg-c45eddde3afb26a113f3ebe2e1d65d70.s3tc.ctex
Loading resource: res://car/models/nexia/textures/Black_Opaque__Glass_normal.png
Loading resource: res://.godot/imported/Black_Opaque__Glass_normal.png-483320fc9a3689ffc546bb08f7e8d3e6.s3tc.ctex
Loading cache for shader SceneForwardClusteredShaderRD, variant 0
Loading cache for shader SceneForwardClusteredShaderRD, variant 1
Loading cache for shader SceneForwardClusteredShaderRD, variant 2
Loading cache for shader SceneForwardClusteredShaderRD, variant 3
Loading cache for shader SceneForwardClusteredShaderRD, variant 4
Loading cache for shader SceneForwardClusteredShaderRD, variant 5
Loading cache for shader SceneForwardClusteredShaderRD, variant 6
Loading cache for shader SceneForwardClusteredShaderRD, variant 7
Loading cache for shader SceneForwardClusteredShaderRD, variant 0
Loading cache for shader SceneForwardClusteredShaderRD, variant 1
Loading cache for shader SceneForwardClusteredShaderRD, variant 2
Loading cache for shader SceneForwardClusteredShaderRD, variant 3
Loading cache for shader SceneForwardClusteredShaderRD, variant 4
Loading cache for shader SceneForwardClusteredShaderRD, variant 5
Loading cache for shader SceneForwardClusteredShaderRD, variant 6
Loading cache for shader SceneForwardClusteredShaderRD, variant 7
Loading cache for shader SceneForwardClusteredShaderRD, variant 0
Loading cache for shader SceneForwardClusteredShaderRD, variant 1
Loading cache for shader SceneForwardClusteredShaderRD, variant 2
Loading cache for shader SceneForwardClusteredShaderRD, variant 3
Loading cache for shader SceneForwardClusteredShaderRD, variant 4
Loading cache for shader SceneForwardClusteredShaderRD, variant 5
Loading cache for shader SceneForwardClusteredShaderRD, variant 6
Loading cache for shader SceneForwardClusteredShaderRD, variant 7
Loading resource: res://car/nexia_setup.gd
Loading resource: res://addons/gevp/scripts/wheel_visibility.gd
Loading resource: res://addons/gevp/scripts/vehicle_input.gd
Loading resource: res://addons/gevp/scripts/engine_sound.gd
Loading resource: res://addons/gevp/scripts/tire_squeal_sound.gd
Loading resource: res://addons/gevp/sounds/4000.wav
Loading resource: res://.godot/imported/4000.wav-5b7af0defc40e9d8fb80f07cca8d9fcd.sample
Loading resource: res://addons/gevp/sounds/tire_squeal.wav
Loading resource: res://.godot/imported/tire_squeal.wav-c8a8ffb33767ae9357a23caee4b04892.sample
Loading cache for shader SceneForwardClusteredShaderRD, variant 0
Loading cache for shader SceneForwardClusteredShaderRD, variant 1
Loading cache for shader SceneForwardClusteredShaderRD, variant 2
Loading cache for shader SceneForwardClusteredShaderRD, variant 3
Loading cache for shader SceneForwardClusteredShaderRD, variant 4
Loading cache for shader SceneForwardClusteredShaderRD, variant 5
Loading cache for shader SceneForwardClusteredShaderRD, variant 6
Loading cache for shader SceneForwardClusteredShaderRD, variant 7
Loading cache for shader SceneForwardClusteredShaderRD, variant 0
Loading cache for shader SceneForwardClusteredShaderRD, variant 1
Loading cache for shader SceneForwardClusteredShaderRD, variant 2
Loading cache for shader SceneForwardClusteredShaderRD, variant 3
Loading cache for shader SceneForwardClusteredShaderRD, variant 4
Loading cache for shader SceneForwardClusteredShaderRD, variant 5
Loading cache for shader SceneForwardClusteredShaderRD, variant 6
Loading cache for shader SceneForwardClusteredShaderRD, variant 7
Loading resource: res://tests/performance_test_detailed.gd
Loading resource: res://camera/follow_camera.gd
Loading resource: res://osm/osm_terrain_generator.gd
Loading resource: res://osm/building_wall.gdshader
Loading resource: res://models/trees/birch/scene.gltf
Loading resource: res://.godot/imported/scene.gltf-79a80a6e289860ce24a364f86dd8e784.scn
Loading resource: res://models/trees/birch/textures/Trunk_baseColor.png
Loading resource: res://.godot/imported/Trunk_baseColor.png-327e2ef3ab35d7fea241a502c77c236d.s3tc.ctex
Loading resource: res://traffic/npc_car.tscn
Loading resource: res://traffic/npc_car.gd
Loading resource: res://traffic/npc_lada_2109.tscn
WARNING: res://traffic/npc_lada_2109.tscn:4 - ext_resource, invalid UID: uid://bvnqxj3m4y5oa - using text path instead: res://car/models/lada_2109_dps/scene.gltf
     at: load (scene/resources/resource_format_text.cpp:444)
Loading resource: res://car/models/lada_2109_dps/scene.gltf
Loading resource: res://.godot/imported/scene.gltf-f24f699731375136b32f89ade3a8eddc.scn
Loading resource: res://car/models/lada_2109_dps/textures/Flashlight_lambert_baseColor.png
Loading resource: res://.godot/imported/Flashlight_lambert_baseColor.png-b355e794557fe548f6fa216b11a43455.s3tc.ctex
Loading resource: res://car/models/lada_2109_dps/textures/Flashlight_lambert_metallicRoughness.png
Loading resource: res://.godot/imported/Flashlight_lambert_metallicRoughness.png-b6f98fc79bf4819e1df6cfc74708587a.s3tc.ctex
Loading resource: res://car/models/lada_2109_dps/textures/Flashlight_lambert_normal.png
Loading resource: res://.godot/imported/Flashlight_lambert_normal.png-769f16b6d1cab547b5b4600e43f7af03.s3tc.ctex
Loading resource: res://car/models/lada_2109_dps/textures/Cleaner_lambert_baseColor.png
Loading resource: res://.godot/imported/Cleaner_lambert_baseColor.png-bb2ae7fcd466234fc794558247c635b5.s3tc.ctex
Loading resource: res://car/models/lada_2109_dps/textures/Mirror_lambert_baseColor.png
Loading resource: res://.godot/imported/Mirror_lambert_baseColor.png-5112edd329aff07d78e1ab96052b3e78.s3tc.ctex
Loading resource: res://car/models/lada_2109_dps/textures/Mirror_lambert_metallicRoughness.png
Loading resource: res://.godot/imported/Mirror_lambert_metallicRoughness.png-bbcd66006f159de42aba40ee24912bbc.s3tc.ctex
Loading resource: res://car/models/lada_2109_dps/textures/Mirror_lambert_normal.png
Loading resource: res://.godot/imported/Mirror_lambert_normal.png-58a0ac522a99e7fae172c676b4a29831.s3tc.ctex
Loading resource: res://car/models/lada_2109_dps/textures/taxycap_lambert_baseColor.png
Loading resource: res://.godot/imported/taxycap_lambert_baseColor.png-80673c8306ea25f20d6161d594f81adc.s3tc.ctex
Loading resource: res://car/models/lada_2109_dps/textures/taxycap_lambert_metallicRoughness.png
Loading resource: res://.godot/imported/taxycap_lambert_metallicRoughness.png-e537f5ae30215425bae2808fc2b3b833.s3tc.ctex
Loading resource: res://car/models/lada_2109_dps/textures/taxycap_lambert_normal.png
Loading resource: res://.godot/imported/taxycap_lambert_normal.png-a8eec270eb4e388f2bd7ac1cc98f65b7.s3tc.ctex
Loading resource: res://car/models/lada_2109_dps/textures/Whells3_lambert_baseColor.png
Loading resource: res://.godot/imported/Whells3_lambert_baseColor.png-534e942fd1713c61b1afb676d297402d.s3tc.ctex
Loading resource: res://car/models/lada_2109_dps/textures/Whells3_lambert_metallicRoughness.png
Loading resource: res://.godot/imported/Whells3_lambert_metallicRoughness.png-53a41be61f57b913febcf41fdd10c606.s3tc.ctex
Loading resource: res://car/models/lada_2109_dps/textures/Whells1_lambert_metallicRoughness.png
Loading resource: res://.godot/imported/Whells1_lambert_metallicRoughness.png-6b7c4747eed5d5f4d04e1d581b984c48.s3tc.ctex
Loading resource: res://car/models/lada_2109_dps/textures/CarBody_lambert_baseColor.png
Loading resource: res://.godot/imported/CarBody_lambert_baseColor.png-f4491e448971bed28d689a53e30c796d.s3tc.ctex
Loading resource: res://car/models/lada_2109_dps/textures/CarBody_lambert_metallicRoughness.png
Loading resource: res://.godot/imported/CarBody_lambert_metallicRoughness.png-e54ab5111cd11d73f9bb0c07746ae0d0.s3tc.ctex
Loading resource: res://car/models/lada_2109_dps/textures/CarBody_lambert_normal.png
Loading resource: res://.godot/imported/CarBody_lambert_normal.png-b5c3687dea7001e21bf71938599ff44a.s3tc.ctex
Loading cache for shader SceneForwardClusteredShaderRD, variant 0
Loading cache for shader SceneForwardClusteredShaderRD, variant 1
Loading cache for shader SceneForwardClusteredShaderRD, variant 2
Loading cache for shader SceneForwardClusteredShaderRD, variant 3
Loading cache for shader SceneForwardClusteredShaderRD, variant 4
Loading cache for shader SceneForwardClusteredShaderRD, variant 5
Loading cache for shader SceneForwardClusteredShaderRD, variant 6
Loading cache for shader SceneForwardClusteredShaderRD, variant 7
Loading cache for shader SceneForwardClusteredShaderRD, variant 0
Loading cache for shader SceneForwardClusteredShaderRD, variant 1
Loading cache for shader SceneForwardClusteredShaderRD, variant 2
Loading cache for shader SceneForwardClusteredShaderRD, variant 3
Loading cache for shader SceneForwardClusteredShaderRD, variant 4
Loading cache for shader SceneForwardClusteredShaderRD, variant 5
Loading cache for shader SceneForwardClusteredShaderRD, variant 6
Loading cache for shader SceneForwardClusteredShaderRD, variant 7
Loading resource: res://car/lada_2109_setup.gd
Loading resource: res://traffic/npc_taxi.tscn
WARNING: res://traffic/npc_taxi.tscn:4 - ext_resource, invalid UID: uid://taxi_model - using text path instead: res://car/models/lada_2109_taxi/scene.gltf
     at: load (scene/resources/resource_format_text.cpp:444)
Loading resource: res://car/models/lada_2109_taxi/scene.gltf
Loading resource: res://.godot/imported/scene.gltf-b52ab687efc1f0120251ce55fdab14dd.scn
Loading resource: res://car/models/lada_2109_taxi/textures/Cleaner_lambert_baseColor.png
Loading resource: res://.godot/imported/Cleaner_lambert_baseColor.png-bcf9981b53946007b4a8647d2cfcc91a.s3tc.ctex
Loading resource: res://car/models/lada_2109_taxi/textures/Mirror_lambert_baseColor.png
Loading resource: res://.godot/imported/Mirror_lambert_baseColor.png-427a768a217cd62a68b2ecded39220b3.s3tc.ctex
Loading resource: res://car/models/lada_2109_taxi/textures/Mirror_lambert_metallicRoughness.png
Loading resource: res://.godot/imported/Mirror_lambert_metallicRoughness.png-91c03a15ed7a5008d133f552f2119f55.s3tc.ctex
Loading resource: res://car/models/lada_2109_taxi/textures/taxycap_lambert_baseColor.png
Loading resource: res://.godot/imported/taxycap_lambert_baseColor.png-0bc8f32a9cd7551fd571d5415cd35c78.s3tc.ctex
Loading resource: res://car/models/lada_2109_taxi/textures/taxycap_lambert_metallicRoughness.png
Loading resource: res://.godot/imported/taxycap_lambert_metallicRoughness.png-a68effdd3bfc7b4fcef90951717e7a3d.s3tc.ctex
Loading resource: res://car/models/lada_2109_taxi/textures/Whells3_lambert_baseColor.png
Loading resource: res://.godot/imported/Whells3_lambert_baseColor.png-5d8885656e4f1d67fb2e2281623b52b2.s3tc.ctex
Loading resource: res://car/models/lada_2109_taxi/textures/Whells2_lambert_metallicRoughness.png
Loading resource: res://.godot/imported/Whells2_lambert_metallicRoughness.png-aaa6575caface87bf44297abb8c9b821.s3tc.ctex
Loading resource: res://car/models/lada_2109_taxi/textures/Whells3_lambert_metallicRoughness.png
Loading resource: res://.godot/imported/Whells3_lambert_metallicRoughness.png-a3ef1c1cc236839d0f7707a7d8869f9f.s3tc.ctex
Loading resource: res://car/models/lada_2109_taxi/textures/VAZ2109_BASE_lambert_baseColor.png
Loading resource: res://.godot/imported/VAZ2109_BASE_lambert_baseColor.png-bf15a1e211e98d1b58e2bab566b66185.s3tc.ctex
Loading resource: res://car/models/lada_2109_taxi/textures/VAZ2109_BASE_lambert_metallicRoughness.png
Loading resource: res://.godot/imported/VAZ2109_BASE_lambert_metallicRoughness.png-977fe43c5d7cc17bdc9b17cf06c70ef1.s3tc.ctex
Loading resource: res://car/models/lada_2109_taxi/textures/VAZ2109_BASE_lambert_normal.png
Loading resource: res://.godot/imported/VAZ2109_BASE_lambert_normal.png-cfeb2c0af6329849102c29c2e9bd8a65.s3tc.ctex
Loading resource: res://traffic/traffic_manager.gd
Loading resource: res://traffic/npc_paz.tscn
Loading resource: res://car/models/paz_32053/scene.gltf
Loading resource: res://.godot/imported/scene.gltf-e2ef1de0e6e96c2fdc37a92edd0871d3.scn
Loading resource: res://car/models/paz_32053/textures/Material.006_baseColor.png
Loading resource: res://.godot/imported/Material.006_baseColor.png-cfb6d2383ff6937aac0fe6a6e3e13a87.s3tc.ctex
Loading resource: res://car/models/paz_32053/textures/Material.006_metallicRoughness.png
Loading resource: res://.godot/imported/Material.006_metallicRoughness.png-b65e4d33e5f2d1bdd59486b591a744e1.s3tc.ctex
Loading resource: res://car/models/paz_32053/textures/Material.006_normal.png
Loading resource: res://.godot/imported/Material.006_normal.png-d1ec12af03a9dc62e01eb28b35da9f97.s3tc.ctex
Loading resource: res://car/paz_setup.gd
Loading resource: res://traffic/npc_vaz_2107.tscn
Loading resource: res://car/models/vaz_2107/scene.gltf
Loading resource: res://.godot/imported/scene.gltf-d7b131791e86e600027f4f17262117df.scn
Loading resource: res://car/models/vaz_2107/scene_0.png
Loading resource: res://.godot/imported/scene_0.png-e25bcb14a0f0651912c08347d50bbdc8.s3tc.ctex
Loading resource: res://car/models/vaz_2107/scene_1.png
Loading resource: res://.godot/imported/scene_1.png-4c7a5d36203d9d437746c6449e41c734.s3tc.ctex
Loading resource: res://car/models/vaz_2107/scene_2.png
Loading resource: res://.godot/imported/scene_2.png-1981eda6296e0043ff00aad2572e0abb.s3tc.ctex
Loading resource: res://car/models/vaz_2107/scene_3.png
Loading resource: res://.godot/imported/scene_3.png-d38c00ebf4e93dae6de409b7897aca58.s3tc.ctex
Loading resource: res://car/models/vaz_2107/scene_4.png
Loading resource: res://.godot/imported/scene_4.png-b3bddbd8efa4d8603c141a84c096ee55.s3tc.ctex
Loading cache for shader SceneForwardClusteredShaderRD, variant 0
Loading cache for shader SceneForwardClusteredShaderRD, variant 1
Loading cache for shader SceneForwardClusteredShaderRD, variant 2
Loading cache for shader SceneForwardClusteredShaderRD, variant 3
Loading cache for shader SceneForwardClusteredShaderRD, variant 4
Loading cache for shader SceneForwardClusteredShaderRD, variant 5
Loading cache for shader SceneForwardClusteredShaderRD, variant 6
Loading cache for shader SceneForwardClusteredShaderRD, variant 7
Loading resource: res://car/vaz_2107_setup.gd
Loading resource: res://night_mode/night_mode_manager.gd
Loading resource: res://settings/graphics_settings.gd
Loading resource: res://textures/ground_setup.gd
Loading resource: res://tests/bottleneck_analyzer.gd
Loading cache for shader SkyShaderRD, variant 0
Loading cache for shader SkyShaderRD, variant 1
Loading cache for shader SkyShaderRD, variant 2
Loading cache for shader SkyShaderRD, variant 3
Loading cache for shader SkyShaderRD, variant 4
Loading cache for shader SkyShaderRD, variant 5
ERROR: Error opening file 'res://icon.svg'.
   at: load_image (core/io/image_loader.cpp:89)
Loading resource: res://audio/music/petya_pavlov_ya_hochu_skorosti.ogg
Loading resource: res://.godot/imported/petya_pavlov_ya_hochu_skorosti.ogg-1975faad5a524bfffff2345ac5d67add.oggvorbisstr
MusicManager: Now playing track 0: Петя Павлов - Я хочу скорости
OSM: Initializing textures...
WARNING: Image format RGB8 not supported by hardware, converting to RGBA8.
     at: _validate_texture_format (servers/rendering/renderer_rd/storage_rd/texture_storage.cpp:2265)
     GDScript backtrace (most recent call first):
         [0] create_highway_texture (res://textures/texture_generator.gd:111)
         [1] _init_textures (res://osm/osm_terrain_generator.gd:291)
         [2] _ready (res://osm/osm_terrain_generator.gd:231)
WARNING: Image format RGB8 not supported by hardware, converting to RGBA8.
     at: _validate_texture_format (servers/rendering/renderer_rd/storage_rd/texture_storage.cpp:2265)
     GDScript backtrace (most recent call first):
         [0] create_primary_texture (res://textures/texture_generator.gd:160)
         [1] _init_textures (res://osm/osm_terrain_generator.gd:292)
         [2] _ready (res://osm/osm_terrain_generator.gd:231)
WARNING: Image format RGB8 not supported by hardware, converting to RGBA8.
     at: _validate_texture_format (servers/rendering/renderer_rd/storage_rd/texture_storage.cpp:2265)
     GDScript backtrace (most recent call first):
         [0] create_road_texture (res://textures/texture_generator.gd:61)
         [1] _init_textures (res://osm/osm_terrain_generator.gd:293)
         [2] _ready (res://osm/osm_terrain_generator.gd:231)
WARNING: Image format RGB8 not supported by hardware, converting to RGBA8.
     at: _validate_texture_format (servers/rendering/renderer_rd/storage_rd/texture_storage.cpp:2265)
     GDScript backtrace (most recent call first):
         [0] create_sidewalk_texture (res://textures/texture_generator.gd:209)
         [1] _init_textures (res://osm/osm_terrain_generator.gd:294)
         [2] _ready (res://osm/osm_terrain_generator.gd:231)
WARNING: Image format RGB8 not supported by hardware, converting to RGBA8.
     at: _validate_texture_format (servers/rendering/renderer_rd/storage_rd/texture_storage.cpp:2265)
     GDScript backtrace (most recent call first):
         [0] create_intersection_texture (res://textures/texture_generator.gd:184)
         [1] _init_textures (res://osm/osm_terrain_generator.gd:295)
         [2] _ready (res://osm/osm_terrain_generator.gd:231)
WARNING: Image format RGB8 not supported by hardware, converting to RGBA8.
     at: _validate_texture_format (servers/rendering/renderer_rd/storage_rd/texture_storage.cpp:2265)
     GDScript backtrace (most recent call first):
         [0] create_panel_building_no_windows (res://textures/texture_generator.gd:367)
         [1] _init_textures (res://osm/osm_terrain_generator.gd:298)
         [2] _ready (res://osm/osm_terrain_generator.gd:231)
WARNING: Image format RGB8 not supported by hardware, converting to RGBA8.
     at: _validate_texture_format (servers/rendering/renderer_rd/storage_rd/texture_storage.cpp:2265)
     GDScript backtrace (most recent call first):
         [0] create_brick_building_no_windows (res://textures/texture_generator.gd:401)
         [1] _init_textures (res://osm/osm_terrain_generator.gd:299)
         [2] _ready (res://osm/osm_terrain_generator.gd:231)
WARNING: Image format RGB8 not supported by hardware, converting to RGBA8.
     at: _validate_texture_format (servers/rendering/renderer_rd/storage_rd/texture_storage.cpp:2265)
     GDScript backtrace (most recent call first):
         [0] create_wall_texture (res://textures/texture_generator.gd:325)
         [1] _init_textures (res://osm/osm_terrain_generator.gd:300)
         [2] _ready (res://osm/osm_terrain_generator.gd:231)
WARNING: Image format RGB8 not supported by hardware, converting to RGBA8.
     at: _validate_texture_format (servers/rendering/renderer_rd/storage_rd/texture_storage.cpp:2265)
     GDScript backtrace (most recent call first):
         [0] create_roof_texture (res://textures/texture_generator.gd:309)
         [1] _init_textures (res://osm/osm_terrain_generator.gd:301)
         [2] _ready (res://osm/osm_terrain_generator.gd:231)
WARNING: Loaded resource as image file, this will not work on export: 'res://textures/Grass004_1K-JPG_Color.jpg'. Instead, import the image file as an Image resource and load it normally as a resource.
     at: load_from_file (core/io/image.cpp:2541)
     GDScript backtrace (most recent call first):
         [0] _init_textures (res://osm/osm_terrain_generator.gd:304)
         [1] _ready (res://osm/osm_terrain_generator.gd:231)
WARNING: Image format RGB8 not supported by hardware, converting to RGBA8.
     at: _validate_texture_format (servers/rendering/renderer_rd/storage_rd/texture_storage.cpp:2265)
     GDScript backtrace (most recent call first):
         [0] _init_textures (res://osm/osm_terrain_generator.gd:306)
         [1] _ready (res://osm/osm_terrain_generator.gd:231)
WARNING: Image format RGB8 not supported by hardware, converting to RGBA8.
     at: _validate_texture_format (servers/rendering/renderer_rd/storage_rd/texture_storage.cpp:2265)
     GDScript backtrace (most recent call first):
         [0] create_forest_texture (res://textures/texture_generator.gd:575)
         [1] _init_textures (res://osm/osm_terrain_generator.gd:309)
         [2] _ready (res://osm/osm_terrain_generator.gd:231)
WARNING: Image format RGB8 not supported by hardware, converting to RGBA8.
     at: _validate_texture_format (servers/rendering/renderer_rd/storage_rd/texture_storage.cpp:2265)
     GDScript backtrace (most recent call first):
         [0] create_asphalt_normal (res://textures/texture_generator.gd:627)
         [1] _init_textures (res://osm/osm_terrain_generator.gd:313)
         [2] _ready (res://osm/osm_terrain_generator.gd:231)
WARNING: Image format RGB8 not supported by hardware, converting to RGBA8.
     at: _validate_texture_format (servers/rendering/renderer_rd/storage_rd/texture_storage.cpp:2265)
     GDScript backtrace (most recent call first):
         [0] create_brick_normal (res://textures/texture_generator.gd:657)
         [1] _init_textures (res://osm/osm_terrain_generator.gd:314)
         [2] _ready (res://osm/osm_terrain_generator.gd:231)
WARNING: Image format RGB8 not supported by hardware, converting to RGBA8.
     at: _validate_texture_format (servers/rendering/renderer_rd/storage_rd/texture_storage.cpp:2265)
     GDScript backtrace (most recent call first):
         [0] create_concrete_normal (res://textures/texture_generator.gd:693)
         [1] _init_textures (res://osm/osm_terrain_generator.gd:315)
         [2] _ready (res://osm/osm_terrain_generator.gd:231)
WARNING: Image format RGB8 not supported by hardware, converting to RGBA8.
     at: _validate_texture_format (servers/rendering/renderer_rd/storage_rd/texture_storage.cpp:2265)
     GDScript backtrace (most recent call first):
         [0] create_panel_building_normal (res://textures/texture_generator.gd:744)
         [1] _init_textures (res://osm/osm_terrain_generator.gd:316)
         [2] _ready (res://osm/osm_terrain_generator.gd:231)
OSM: Textures initialized in 1390 ms
OSM: Initializing window shader (compile once, reuse for all batches)...
OSM: Window shader compiled
=== Performance Profiler Started ===
[OSMTerrain] Profiler created for diagnostics
OSMTerrainGenerator: Profiler connected - road performance will be measured

========== Bottleneck Analyzer Started ==========
Collecting performance data...
=================================================

Loading resource: res://tests/performance_logger.gd

========== DETAILED PERFORMANCE TEST ==========
Random seed: 12345 (fixed for reproducibility)
Location: Cherepovets (59.1167, 37.9000)
Duration: 90 seconds
Spike threshold: 25.0 ms
Tracking: Every spike > 25.0 ms
Night mode: ENABLED
==============================================

2026-01-31 07:16:17.230 Godot[69140:2123724] +[IMKClient subclass]: chose IMKClient_Modern
OSM: Night mode enabled
OSM: Chunk distances - load: 700, unload: 900
OSM: Fog enabled (density: 0.0013 for 600m)
OSM: Ready for loading (waiting for start_loading call)...
Nexia: Found mesh: body_Car Paint PL_0
  -> Created override material for surface 0
  -> Material: Car_Paint_PL (StandardMaterial3D)
  -> Changed body color to cherry (glossy)
Nexia: Found mesh: body_Car Paint PL_02
  -> Created override material for surface 0
  -> Material: Car_Paint_PL (StandardMaterial3D)
  -> Changed body color to cherry (glossy)
Nexia: Found mesh: body_Car Paint PL_03
  -> Created override material for surface 0
  -> Material: Car_Paint_PL (StandardMaterial3D)
  -> Changed body color to cherry (glossy)
Nexia: Found mesh: body_Black leather_0
  -> Skipping (light/wheel/chrome/interior)
Nexia: Found mesh: body_Black leather_02
  -> Skipping (light/wheel/chrome/interior)
Nexia: Found mesh: body_Black leather_03
  -> Skipping (light/wheel/chrome/interior)
Nexia: Found mesh: body_Black Opaque  Glass_0
  -> Created override material for surface 0
  -> Material: Black_Opaque__Glass (StandardMaterial3D)
  -> Changed glass to tinted (day mode)
Nexia: Found mesh: body_mattemetal_0
  -> Skipping (light/wheel/chrome/interior)
Nexia: Found mesh: body_orangeglass_0
  -> Skipping (light/wheel/chrome/interior)
Nexia: Found mesh: body_chrome_0
  -> Skipping (light/wheel/chrome/interior)
Nexia: Found mesh: body_chrome_02
  -> Skipping (light/wheel/chrome/interior)
Nexia: Found mesh: body_chrome_03
  -> Skipping (light/wheel/chrome/interior)
Nexia: Found mesh: body_chrome_04
  -> Skipping (light/wheel/chrome/interior)
Nexia: Found mesh: body_redglass_0
  -> Skipping (light/wheel/chrome/interior)
Nexia: Found mesh: body_AR3DMat Procedural Realistic Mirror_0
  -> Skipping (light/wheel/chrome/interior)
Nexia: Found mesh: wheel_front_left_TireProcedural_0
  -> Skipping (light/wheel/chrome/interior)
Nexia: Found mesh: wheel_front_left_rim_0
  -> Skipping (light/wheel/chrome/interior)
Nexia: Found mesh: wheel_front_left_black_0
  -> Skipping (light/wheel/chrome/interior)
Nexia: Found mesh: wheel_front_left_brakedisk_0
  -> Skipping (light/wheel/chrome/interior)
Nexia: Found mesh: wheel_front_left_mattemetal_0
  -> Skipping (light/wheel/chrome/interior)
Nexia: Found mesh: wheel_front_right_TireProcedural_0
  -> Skipping (light/wheel/chrome/interior)
Nexia: Found mesh: wheel_front_right_rim_0
  -> Skipping (light/wheel/chrome/interior)
Nexia: Found mesh: wheel_front_right_black_0
  -> Skipping (light/wheel/chrome/interior)
Nexia: Found mesh: wheel_front_right_brakedisk_0
  -> Skipping (light/wheel/chrome/interior)
Nexia: Found mesh: wheel_front_right_mattemetal_0
  -> Skipping (light/wheel/chrome/interior)
Nexia: Found mesh: wheel_rear_left_TireProcedural_0
  -> Skipping (light/wheel/chrome/interior)
Nexia: Found mesh: wheel_rear_left_black_0
  -> Skipping (light/wheel/chrome/interior)
Nexia: Found mesh: wheel_rear_left_brakedisk_0
  -> Skipping (light/wheel/chrome/interior)
Nexia: Found mesh: wheel_rear_left_rim_0
  -> Skipping (light/wheel/chrome/interior)
Nexia: Found mesh: wheel_rear_left_mattemetal_0
  -> Skipping (light/wheel/chrome/interior)
Nexia: Found mesh: wheel_rear_right_TireProcedural_0
  -> Skipping (light/wheel/chrome/interior)
Nexia: Found mesh: wheel_rear_right_black_0
  -> Skipping (light/wheel/chrome/interior)
Nexia: Found mesh: wheel_rear_right_brakedisk_0
  -> Skipping (light/wheel/chrome/interior)
Nexia: Found mesh: wheel_rear_right_rim_0
  -> Skipping (light/wheel/chrome/interior)
Nexia: Found mesh: wheel_rear_right_mattemetal_0
  -> Skipping (light/wheel/chrome/interior)
Nexia: Found taillight mesh: body_redglass_0
  -> Added taillight material
  -> Created brake SpotLight at (-0.5, 0.9, 1.95)
  -> Created brake SpotLight at (0.5, 0.9, 1.95)
Nexia: Found front marker mesh: body_orangeglass_0
  -> Added front marker material
  -> Created headlight SpotLight at (-0.55, 0.75, -1.9)
  -> Created headlight SpotLight at (0.55, 0.75, -1.9)
  -> Created underglow with 16 lights
Nexia model setup complete
=== Performance Profiler Started ===
[TrafficManager] Profiler created for diagnostics
TrafficManager: Initialized (max 200 NPCs)
Loading cache for shader SkyShaderRD, variant 0
Loading cache for shader SkyShaderRD, variant 1
Loading cache for shader SkyShaderRD, variant 2
Loading cache for shader SkyShaderRD, variant 3
Loading cache for shader SkyShaderRD, variant 4
Loading cache for shader SkyShaderRD, variant 5
Loading cache for shader SkyShaderRD, variant 0
Loading cache for shader SkyShaderRD, variant 1
Loading cache for shader SkyShaderRD, variant 2
Loading cache for shader SkyShaderRD, variant 3
Loading cache for shader SkyShaderRD, variant 4
Loading cache for shader SkyShaderRD, variant 5
Loading cache for shader ParticlesShaderRD, variant 0
Loading cache for shader SceneForwardClusteredShaderRD, variant 0
Loading cache for shader SceneForwardClusteredShaderRD, variant 1
Loading cache for shader SceneForwardClusteredShaderRD, variant 2
Loading cache for shader SceneForwardClusteredShaderRD, variant 3
Loading cache for shader SceneForwardClusteredShaderRD, variant 4
Loading cache for shader SceneForwardClusteredShaderRD, variant 5
Loading cache for shader SceneForwardClusteredShaderRD, variant 6
Loading cache for shader SceneForwardClusteredShaderRD, variant 7
NightModeManager: Ready (day mode, no rain)
GraphicsSettings: Found WorldEnvironment
GraphicsSettings: Found Camera3D: Camera3D
GraphicsSettings: Loading settings from file...
GraphicsSettings: Settings loaded - FXAA: false, TAA: true, MSAA: 1
GraphicsSettings: Applying initial settings...
SSR: OFF
Fog: ON
Glow: ON
SSAO: ON
TAA: ON
MSAA: 2X
FXAA disabled on root viewport
DOF: ON (far distance: 100m)
GraphicsSettings: Ready
[Systems Found]
  OSMTerrain: NO
  TrafficManager: NO
  NightModeManager: NO
  Player Car: YES

[PerformanceTestDetailed] Found nodes:
  Car: YES
  VehicleInput: YES
  OSMTerrain: YES
[PerformanceTestDetailed] Night mode ENABLED (windows + lights + moon)
[PerformanceTestDetailed] Connected to terrain loading signals
[PerformanceTestDetailed] Starting terrain loading...
OSM: Starting initial loading... (generation 0)
OSM: State before start: _loaded_chunks=0, _loading_chunks=0
OSM: Loading chunks around car position (0.0, 0.9, 0.0)
OSM: Need to load 16 chunks for initial area
OSM: Emitting initial_load_started signal...
OSM: initial_load_started signal emitted
OSM: Loading chunk -2,-2 at lat=59.1208, lon=37.8921
OSM: Loaded from cache: osm_v2_59.1208_37.8921_250.json
OSM: Loading chunk -2,-1 at lat=59.1181, lon=37.8921
OSM: Loaded from cache: osm_v2_59.1181_37.8921_250.json
OSM: Loading chunk -2,0 at lat=59.1153, lon=37.8921
OSM: Loaded from cache: osm_v2_59.1153_37.8921_250.json
OSM: Loading chunk -2,1 at lat=59.1126, lon=37.8921
OSM: Loaded from cache: osm_v2_59.1126_37.8921_250.json
OSM: Loading chunk -1,-2 at lat=59.1208, lon=37.8974
OSM: Loaded from cache: osm_v2_59.1208_37.8974_250.json
OSM: Loading chunk -1,-1 at lat=59.1181, lon=37.8974
OSM: Loaded from cache: osm_v2_59.1181_37.8974_250.json
OSM: Loading chunk -1,0 at lat=59.1153, lon=37.8974
OSM: Loaded from cache: osm_v2_59.1153_37.8974_250.json
OSM: Loading chunk -1,1 at lat=59.1126, lon=37.8974
OSM: Loaded from cache: osm_v2_59.1126_37.8974_250.json
OSM: Loading chunk 0,-2 at lat=59.1208, lon=37.9026
OSM: Loaded from cache: osm_v2_59.1208_37.9026_250.json
OSM: Loading chunk 0,-1 at lat=59.1181, lon=37.9026
OSM: Loaded from cache: osm_v2_59.1181_37.9026_250.json
OSM: Loading chunk 0,0 at lat=59.1153, lon=37.9026
OSM: Loaded from cache: osm_v2_59.1153_37.9026_250.json
OSM: Loading chunk 0,1 at lat=59.1126, lon=37.9026
OSM: Loaded from cache: osm_v2_59.1126_37.9026_250.json
OSM: Loading chunk 1,-2 at lat=59.1208, lon=37.9079
OSM: Loaded from cache: osm_v2_59.1208_37.9079_250.json
OSM: Loading chunk 1,-1 at lat=59.1181, lon=37.9079
OSM: Loaded from cache: osm_v2_59.1181_37.9079_250.json
OSM: Loading chunk 1,0 at lat=59.1153, lon=37.9079
OSM: Loaded from cache: osm_v2_59.1153_37.9079_250.json
OSM: Loading chunk 1,1 at lat=59.1126, lon=37.9079
OSM: Loaded from cache: osm_v2_59.1126_37.9079_250.json
OSM: Started loading 16 chunks (total needed: 16, already loaded: 0)
OSM: Chunk -2,-2 data loaded
OSM: Found 7 POI nodes in chunk
POI_DEBUG: Found 'Магнит' inside building at local (-583.6, -540.7)
POI_DEBUG: Found 'Бристоль' inside building at local (-593.0, -497.7)
POI_DEBUG: Found 'Антей' inside building at local (-591.1, -510.1)
BusinessSign: Found logo for 'магнит' -> res://textures/brand_logos/magnit.png
Loading resource: res://textures/brand_logos/magnit.png
Loading resource: res://.godot/imported/magnit.png-31fdba21c9aa2a67aac0029f80d6b4cb.ctex
Loading cache for shader SceneForwardClusteredShaderRD, variant 0
Loading cache for shader SceneForwardClusteredShaderRD, variant 1
Loading cache for shader SceneForwardClusteredShaderRD, variant 2
Loading cache for shader SceneForwardClusteredShaderRD, variant 3
Loading cache for shader SceneForwardClusteredShaderRD, variant 4
Loading cache for shader SceneForwardClusteredShaderRD, variant 5
Loading cache for shader SceneForwardClusteredShaderRD, variant 6
Loading cache for shader SceneForwardClusteredShaderRD, variant 7
Loading cache for shader SceneForwardClusteredShaderRD, variant 0
Loading cache for shader SceneForwardClusteredShaderRD, variant 1
Loading cache for shader SceneForwardClusteredShaderRD, variant 2
Loading cache for shader SceneForwardClusteredShaderRD, variant 3
Loading cache for shader SceneForwardClusteredShaderRD, variant 4
Loading cache for shader SceneForwardClusteredShaderRD, variant 5
Loading cache for shader SceneForwardClusteredShaderRD, variant 6
Loading cache for shader SceneForwardClusteredShaderRD, variant 7
POI_DEBUG: Found 'Ozon' inside building at local (-577.4, -467.7)
POI_DEBUG: Found 'Пятёрочка' inside building at local (-583.9, -471.4)
BusinessSign: Found logo for 'ozon' -> res://textures/brand_logos/ozon.png
Loading resource: res://textures/brand_logos/ozon.png
Loading resource: res://.godot/imported/ozon.png-cc772cb0e65a53f513cfd9ec9f032a08.ctex
BusinessSign: Found logo for 'пятёрочка' -> res://textures/brand_logos/pyaterochka.png
Loading resource: res://textures/brand_logos/pyaterochka.png
Loading resource: res://.godot/imported/pyaterochka.png-384b1f6c66bb2386d37f8481b233ca9c.ctex
Loading cache for shader SceneForwardClusteredShaderRD, variant 0
Loading cache for shader SceneForwardClusteredShaderRD, variant 1
Loading cache for shader SceneForwardClusteredShaderRD, variant 2
Loading cache for shader SceneForwardClusteredShaderRD, variant 3
Loading cache for shader SceneForwardClusteredShaderRD, variant 4
Loading cache for shader SceneForwardClusteredShaderRD, variant 5
Loading cache for shader SceneForwardClusteredShaderRD, variant 6
Loading cache for shader SceneForwardClusteredShaderRD, variant 7
OSM: Generated 39 roads, 29 buildings, 0 trees, 0 signs, 0 lamps, 22 intersections
OSM: Marked chunk '-2,-2' for road batch finalization
OSM DEBUG: Missing chunks (15): ["-2,-1", "-2,0", "-2,1", "-1,-2", "-1,-1", "-1,0", "-1,1", "0,-2", "0,-1", "0,0", "0,1", "1,-2", "1,-1", "1,0", "1,1"]
  - Currently loading: ["-2,-1", "-2,0", "-2,1", "-1,-2", "-1,-1", "-1,0", "-1,1", "0,-2", "0,-1", "0,0", "0,1", "1,-2", "1,-1", "1,0", "1,1"]
OSM: Chunk -2,-1 data loaded
OSM: Generated 30 roads, 10 buildings, 0 trees, 0 signs, 0 lamps, 6 intersections
OSM: Marked chunk '-2,-1' for road batch finalization
OSM DEBUG: Missing chunks (14): ["-2,0", "-2,1", "-1,-2", "-1,-1", "-1,0", "-1,1", "0,-2", "0,-1", "0,0", "0,1", "1,-2", "1,-1", "1,0", "1,1"]
  - Currently loading: ["-2,0", "-2,1", "-1,-2", "-1,-1", "-1,0", "-1,1", "0,-2", "0,-1", "0,0", "0,1", "1,-2", "1,-1", "1,0", "1,1"]
OSM: Chunk -2,0 data loaded
Loading cache for shader SceneForwardClusteredShaderRD, variant 0
Loading cache for shader SceneForwardClusteredShaderRD, variant 1
Loading cache for shader SceneForwardClusteredShaderRD, variant 2
Loading cache for shader SceneForwardClusteredShaderRD, variant 3
Loading cache for shader SceneForwardClusteredShaderRD, variant 4
Loading cache for shader SceneForwardClusteredShaderRD, variant 5
Loading cache for shader SceneForwardClusteredShaderRD, variant 6
Loading cache for shader SceneForwardClusteredShaderRD, variant 7
OSM: Generated 13 roads, 3 buildings, 0 trees, 0 signs, 0 lamps, 1 intersections
OSM: Marked chunk '-2,0' for road batch finalization
OSM DEBUG: Missing chunks (13): ["-2,1", "-1,-2", "-1,-1", "-1,0", "-1,1", "0,-2", "0,-1", "0,0", "0,1", "1,-2", "1,-1", "1,0", "1,1"]
  - Currently loading: ["-2,1", "-1,-2", "-1,-1", "-1,0", "-1,1", "0,-2", "0,-1", "0,0", "0,1", "1,-2", "1,-1", "1,0", "1,1"]
OSM: Chunk -2,1 data loaded
OSM: Generated 0 roads, 0 buildings, 0 trees, 0 signs, 0 lamps, 0 intersections
OSM: Marked chunk '-2,1' for road batch finalization
OSM DEBUG: Missing chunks (12): ["-1,-2", "-1,-1", "-1,0", "-1,1", "0,-2", "0,-1", "0,0", "0,1", "1,-2", "1,-1", "1,0", "1,1"]
  - Currently loading: ["-1,-2", "-1,-1", "-1,0", "-1,1", "0,-2", "0,-1", "0,0", "0,1", "1,-2", "1,-1", "1,0", "1,1"]
OSM: Chunk -1,-2 data loaded
OSM: Found 5 entrance nodes in chunk
OSM: Found 6 POI nodes in chunk
Loading cache for shader SceneForwardClusteredShaderRD, variant 0
Loading cache for shader SceneForwardClusteredShaderRD, variant 1
Loading cache for shader SceneForwardClusteredShaderRD, variant 2
Loading cache for shader SceneForwardClusteredShaderRD, variant 3
Loading cache for shader SceneForwardClusteredShaderRD, variant 4
Loading cache for shader SceneForwardClusteredShaderRD, variant 5
Loading cache for shader SceneForwardClusteredShaderRD, variant 6
Loading cache for shader SceneForwardClusteredShaderRD, variant 7
OSM: Generated 33 roads, 31 buildings, 0 trees, 0 signs, 0 lamps, 13 intersections
OSM: Marked chunk '-1,-2' for road batch finalization
OSM DEBUG: Missing chunks (11): ["-1,-1", "-1,0", "-1,1", "0,-2", "0,-1", "0,0", "0,1", "1,-2", "1,-1", "1,0", "1,1"]
  - Currently loading: ["-1,-1", "-1,0", "-1,1", "0,-2", "0,-1", "0,0", "0,1", "1,-2", "1,-1", "1,0", "1,1"]
OSM: Chunk -1,-1 data loaded
OSM: Found 3 POI nodes in chunk
POI_DEBUG: Found 'Магнит' inside building at local (-106.5, -187.7)
BusinessSign: Found logo for 'магнит' -> res://textures/brand_logos/magnit.png
POI_DEBUG: Found 'Северный градус' inside building at local (-108.4, -158.5)
BusinessSign: Found logo for 'северный градус' -> res://textures/brand_logos/severniy-gradus.png
Loading resource: res://textures/brand_logos/severniy-gradus.png
Loading resource: res://.godot/imported/severniy-gradus.png-79cfe55b765c858de7f261949750f3ce.ctex
OSM: Generated 55 roads, 21 buildings, 1 trees, 0 signs, 0 lamps, 27 intersections
OSM: Marked chunk '-1,-1' for road batch finalization
OSM DEBUG: Missing chunks (10): ["-1,0", "-1,1", "0,-2", "0,-1", "0,0", "0,1", "1,-2", "1,-1", "1,0", "1,1"]
  - Currently loading: ["-1,0", "-1,1", "0,-2", "0,-1", "0,0", "0,1", "1,-2", "1,-1", "1,0", "1,1"]
OSM: Chunk -1,0 data loaded
OSM: Found 1 POI nodes in chunk
OSM: Generated 20 roads, 11 buildings, 0 trees, 0 signs, 0 lamps, 9 intersections
OSM: Marked chunk '-1,0' for road batch finalization
OSM DEBUG: Missing chunks (9): ["-1,1", "0,-2", "0,-1", "0,0", "0,1", "1,-2", "1,-1", "1,0", "1,1"]
  - Currently loading: ["-1,1", "0,-2", "0,-1", "0,0", "0,1", "1,-2", "1,-1", "1,0", "1,1"]
OSM: Chunk -1,1 data loaded
OSM: Generated 0 roads, 0 buildings, 0 trees, 0 signs, 0 lamps, 0 intersections
OSM: Marked chunk '-1,1' for road batch finalization
OSM DEBUG: Missing chunks (8): ["0,-2", "0,-1", "0,0", "0,1", "1,-2", "1,-1", "1,0", "1,1"]
  - Currently loading: ["0,-2", "0,-1", "0,0", "0,1", "1,-2", "1,-1", "1,0", "1,1"]
OSM: Chunk 0,-2 data loaded
OSM: Found 10 POI nodes in chunk
POI_DEBUG: Found 'Антей' inside building at local (29.3, -584.4)
POI_DEBUG: Found 'Coffee Like' inside building at local (88.6, -413.9)
OSM: Generated 59 roads, 20 buildings, 0 trees, 0 signs, 0 lamps, 15 intersections
OSM: Marked chunk '0,-2' for road batch finalization
OSM DEBUG: Missing chunks (7): ["0,-1", "0,0", "0,1", "1,-2", "1,-1", "1,0", "1,1"]
  - Currently loading: ["0,-1", "0,0", "0,1", "1,-2", "1,-1", "1,0", "1,1"]
OSM: Chunk 0,-1 data loaded
OSM: Found 3 entrance nodes in chunk
OSM: Found 4 POI nodes in chunk
POI_DEBUG: Found 'Фонд капитального ремонта многоквартирных домов Вологодской области' inside building at local (283.4, -263.6)
POI_DEBUG: Found 'Пионер-сервис. Сервисный центр Самсунг' inside building at local (240.9, -141.4)
OSM: Generated 61 roads, 15 buildings, 0 trees, 0 signs, 0 lamps, 17 intersections
OSM: Marked chunk '0,-1' for road batch finalization
OSM DEBUG: Missing chunks (6): ["0,0", "0,1", "1,-2", "1,-1", "1,0", "1,1"]
  - Currently loading: ["0,0", "0,1", "1,-2", "1,-1", "1,0", "1,1"]
OSM: Chunk 0,0 data loaded
OSM: Found 2 entrance nodes in chunk
OSM: Generated 42 roads, 0 buildings, 0 trees, 0 signs, 0 lamps, 4 intersections
OSM: Marked chunk '0,0' for road batch finalization
OSM DEBUG: Missing chunks (5): ["0,1", "1,-2", "1,-1", "1,0", "1,1"]
  - Currently loading: ["0,1", "1,-2", "1,-1", "1,0", "1,1"]
OSM: Chunk 0,1 data loaded
OSM: Generated 1 roads, 0 buildings, 0 trees, 0 signs, 0 lamps, 0 intersections
OSM: Marked chunk '0,1' for road batch finalization
OSM DEBUG: Missing chunks (4): ["1,-2", "1,-1", "1,0", "1,1"]
  - Currently loading: ["1,-2", "1,-1", "1,0", "1,1"]
OSM: Chunk 1,-2 data loaded
OSM: Found 4 entrance nodes in chunk
OSM: Found 11 POI nodes in chunk
POI_DEBUG: Found 'Ли Лу' inside building at local (337.6, -257.6)
POI_DEBUG: Found 'ВТБ' inside building at local (407.3, -531.1)
BusinessSign: Found logo for 'втб' -> res://textures/brand_logos/vtb.png
Loading resource: res://textures/brand_logos/vtb.png
Loading resource: res://.godot/imported/vtb.png-4da497bc31ee73b71092cb16c05ad0ec.ctex
POI_DEBUG: Found 'OTP-банк' inside building at local (592.3, -604.5)
POI_DEBUG: Found 'ВТБ' inside building at local (594.8, -612.1)
POI_DEBUG: Found 'Шашлычек' inside building at local (589.3, -592.4)
POI_DEBUG: Found 'Easy Slip' inside building at local (581.6, -593.1)
BusinessSign: Found logo for 'втб' -> res://textures/brand_logos/vtb.png
OSM: Generated 52 roads, 35 buildings, 0 trees, 0 signs, 0 lamps, 34 intersections
OSM: Marked chunk '1,-2' for road batch finalization
OSM DEBUG: Missing chunks (3): ["1,-1", "1,0", "1,1"]
  - Currently loading: ["1,-1", "1,0", "1,1"]
OSM: Chunk 1,-1 data loaded
OSM: Found 8 entrance nodes in chunk
OSM: Found 5 POI nodes in chunk
POI_DEBUG: Found 'Фонд капитального ремонта многоквартирных домов Вологодской области' inside building at local (283.4, -263.6)
POI_DEBUG: Found 'Ли Лу' inside building at local (337.6, -257.6)
OSM: Generated 51 roads, 33 buildings, 0 trees, 0 signs, 0 lamps, 41 intersections
OSM: Marked chunk '1,-1' for road batch finalization
OSM DEBUG: Missing chunks (2): ["1,0", "1,1"]
  - Currently loading: ["1,0", "1,1"]
OSM: Chunk 1,0 data loaded
OSM: Found 4 entrance nodes in chunk
OSM: Generated 2 roads, 2 buildings, 0 trees, 0 signs, 0 lamps, 0 intersections
OSM: Marked chunk '1,0' for road batch finalization
OSM DEBUG: Missing chunks (1): ["1,1"]
  - Currently loading: ["1,1"]
OSM: Chunk 1,1 data loaded
OSM: Generated 0 roads, 0 buildings, 0 trees, 0 signs, 0 lamps, 0 intersections
OSM: Marked chunk '1,1' for road batch finalization
OSM DEBUG: Chunks loaded 16/16, but queues not empty:
  - _building_results: 176
  - _road_queue: 458
  - _terrain_objects_queue: 97
  - _infrastructure_queue: 177
  - _pending_building_tasks: 0
Loading cache for shader SceneForwardClusteredShaderRD, variant 0
Loading cache for shader SceneForwardClusteredShaderRD, variant 1
Loading cache for shader SceneForwardClusteredShaderRD, variant 2
Loading cache for shader SceneForwardClusteredShaderRD, variant 3
Loading cache for shader SceneForwardClusteredShaderRD, variant 4
Loading cache for shader SceneForwardClusteredShaderRD, variant 5
Loading cache for shader SceneForwardClusteredShaderRD, variant 6
Loading cache for shader SceneForwardClusteredShaderRD, variant 7
Loading cache for shader SceneForwardClusteredShaderRD, variant 0
Loading cache for shader SceneForwardClusteredShaderRD, variant 1
Loading cache for shader SceneForwardClusteredShaderRD, variant 2
Loading cache for shader SceneForwardClusteredShaderRD, variant 3
Loading cache for shader SceneForwardClusteredShaderRD, variant 4
Loading cache for shader SceneForwardClusteredShaderRD, variant 5
Loading cache for shader SceneForwardClusteredShaderRD, variant 6
Loading cache for shader SceneForwardClusteredShaderRD, variant 7
OSM: DEBUG _add_road_to_batch - first road for chunk '0,0', parent.name='Chunk_0,0'
OSM: DEBUG _add_road_to_batch - first road for chunk '-1,0', parent.name='Chunk_-1,0'
OSM: DEBUG _add_road_to_batch - first road for chunk '0,-1', parent.name='Chunk_0,-1'
OSM: DEBUG _add_road_to_batch - first road for chunk '-1,-1', parent.name='Chunk_-1,-1'
⚠️ SLOW FRAME 94.0ms: building=1.3 road=8.1 terrain=69.3 infra=1.2 veg=14.1 curb=0.0ms
OSM DEBUG: Chunks loaded 16/16, but queues not empty:
  - _building_results: 175
  - _road_queue: 436
  - _terrain_objects_queue: 95
  - _infrastructure_queue: 176
  - _pending_building_tasks: 0
Loading cache for shader SceneForwardClusteredShaderRD, variant 0
Loading cache for shader SceneForwardClusteredShaderRD, variant 1
Loading cache for shader SceneForwardClusteredShaderRD, variant 2
Loading cache for shader SceneForwardClusteredShaderRD, variant 3
Loading cache for shader SceneForwardClusteredShaderRD, variant 4
Loading cache for shader SceneForwardClusteredShaderRD, variant 5
Loading cache for shader SceneForwardClusteredShaderRD, variant 6
Loading cache for shader SceneForwardClusteredShaderRD, variant 7
Loading cache for shader SceneForwardClusteredShaderRD, variant 0
Loading cache for shader SceneForwardClusteredShaderRD, variant 1
Loading cache for shader SceneForwardClusteredShaderRD, variant 2
Loading cache for shader SceneForwardClusteredShaderRD, variant 3
Loading cache for shader SceneForwardClusteredShaderRD, variant 4
Loading cache for shader SceneForwardClusteredShaderRD, variant 5
Loading cache for shader SceneForwardClusteredShaderRD, variant 6
Loading cache for shader SceneForwardClusteredShaderRD, variant 7
Loading cache for shader SceneForwardClusteredShaderRD, variant 0
Loading cache for shader SceneForwardClusteredShaderRD, variant 1
Loading cache for shader SceneForwardClusteredShaderRD, variant 2
Loading cache for shader SceneForwardClusteredShaderRD, variant 3
Loading cache for shader SceneForwardClusteredShaderRD, variant 4
Loading cache for shader SceneForwardClusteredShaderRD, variant 5
Loading cache for shader SceneForwardClusteredShaderRD, variant 6
Loading cache for shader SceneForwardClusteredShaderRD, variant 7
Loading cache for shader SceneForwardClusteredShaderRD, variant 8
Loading cache for shader SceneForwardClusteredShaderRD, variant 9
Loading cache for shader SceneForwardClusteredShaderRD, variant 10
Loading cache for shader SceneForwardClusteredShaderRD, variant 11
Loading cache for shader SceneForwardClusteredShaderRD, variant 12
Loading cache for shader SceneForwardClusteredShaderRD, variant 13
Loading cache for shader SceneForwardClusteredShaderRD, variant 14
Loading cache for shader SceneForwardClusteredShaderRD, variant 15
Loading cache for shader SceneForwardClusteredShaderRD, variant 16
Loading cache for shader SceneForwardClusteredShaderRD, variant 17
Loading cache for shader SceneForwardClusteredShaderRD, variant 0
Loading cache for shader SceneForwardClusteredShaderRD, variant 1
Loading cache for shader SceneForwardClusteredShaderRD, variant 2
Loading cache for shader SceneForwardClusteredShaderRD, variant 3
Loading cache for shader SceneForwardClusteredShaderRD, variant 4
Loading cache for shader SceneForwardClusteredShaderRD, variant 5
Loading cache for shader SceneForwardClusteredShaderRD, variant 6
Loading cache for shader SceneForwardClusteredShaderRD, variant 7
Loading cache for shader SceneForwardClusteredShaderRD, variant 8
Loading cache for shader SceneForwardClusteredShaderRD, variant 9
Loading cache for shader SceneForwardClusteredShaderRD, variant 10
Loading cache for shader SceneForwardClusteredShaderRD, variant 11
Loading cache for shader SceneForwardClusteredShaderRD, variant 12
Loading cache for shader SceneForwardClusteredShaderRD, variant 13
Loading cache for shader SceneForwardClusteredShaderRD, variant 14
Loading cache for shader SceneForwardClusteredShaderRD, variant 15
Loading cache for shader SceneForwardClusteredShaderRD, variant 16
Loading cache for shader SceneForwardClusteredShaderRD, variant 17
Loading cache for shader SceneForwardClusteredShaderRD, variant 0
Loading cache for shader SceneForwardClusteredShaderRD, variant 1
Loading cache for shader SceneForwardClusteredShaderRD, variant 2
Loading cache for shader SceneForwardClusteredShaderRD, variant 3
Loading cache for shader SceneForwardClusteredShaderRD, variant 4
Loading cache for shader SceneForwardClusteredShaderRD, variant 5
Loading cache for shader SceneForwardClusteredShaderRD, variant 6
Loading cache for shader SceneForwardClusteredShaderRD, variant 7
Loading cache for shader SceneForwardClusteredShaderRD, variant 8
Loading cache for shader SceneForwardClusteredShaderRD, variant 9
Loading cache for shader SceneForwardClusteredShaderRD, variant 10
Loading cache for shader SceneForwardClusteredShaderRD, variant 11
Loading cache for shader SceneForwardClusteredShaderRD, variant 12
Loading cache for shader SceneForwardClusteredShaderRD, variant 13
Loading cache for shader SceneForwardClusteredShaderRD, variant 14
Loading cache for shader SceneForwardClusteredShaderRD, variant 15
Loading cache for shader SceneForwardClusteredShaderRD, variant 16
Loading cache for shader SceneForwardClusteredShaderRD, variant 17
Loading cache for shader SceneForwardClusteredShaderRD, variant 0
Loading cache for shader SceneForwardClusteredShaderRD, variant 1
Loading cache for shader SceneForwardClusteredShaderRD, variant 2
Loading cache for shader SceneForwardClusteredShaderRD, variant 3
Loading cache for shader SceneForwardClusteredShaderRD, variant 4
Loading cache for shader SceneForwardClusteredShaderRD, variant 5
Loading cache for shader SceneForwardClusteredShaderRD, variant 6
Loading cache for shader SceneForwardClusteredShaderRD, variant 7
Loading cache for shader SceneForwardClusteredShaderRD, variant 8
Loading cache for shader SceneForwardClusteredShaderRD, variant 9
Loading cache for shader SceneForwardClusteredShaderRD, variant 10
Loading cache for shader SceneForwardClusteredShaderRD, variant 11
Loading cache for shader SceneForwardClusteredShaderRD, variant 12
Loading cache for shader SceneForwardClusteredShaderRD, variant 13
Loading cache for shader SceneForwardClusteredShaderRD, variant 14
Loading cache for shader SceneForwardClusteredShaderRD, variant 15
Loading cache for shader SceneForwardClusteredShaderRD, variant 16
Loading cache for shader SceneForwardClusteredShaderRD, variant 17
Loading cache for shader SceneForwardClusteredShaderRD, variant 0
Loading cache for shader SceneForwardClusteredShaderRD, variant 1
Loading cache for shader SceneForwardClusteredShaderRD, variant 2
Loading cache for shader SceneForwardClusteredShaderRD, variant 3
Loading cache for shader SceneForwardClusteredShaderRD, variant 4
Loading cache for shader SceneForwardClusteredShaderRD, variant 5
Loading cache for shader SceneForwardClusteredShaderRD, variant 6
Loading cache for shader SceneForwardClusteredShaderRD, variant 7
Loading cache for shader SceneForwardClusteredShaderRD, variant 8
Loading cache for shader SceneForwardClusteredShaderRD, variant 9
Loading cache for shader SceneForwardClusteredShaderRD, variant 10
Loading cache for shader SceneForwardClusteredShaderRD, variant 11
Loading cache for shader SceneForwardClusteredShaderRD, variant 12
Loading cache for shader SceneForwardClusteredShaderRD, variant 13
Loading cache for shader SceneForwardClusteredShaderRD, variant 14
Loading cache for shader SceneForwardClusteredShaderRD, variant 15
Loading cache for shader SceneForwardClusteredShaderRD, variant 16
Loading cache for shader SceneForwardClusteredShaderRD, variant 17
Loading cache for shader SceneForwardClusteredShaderRD, variant 0
Loading cache for shader SceneForwardClusteredShaderRD, variant 1
Loading cache for shader SceneForwardClusteredShaderRD, variant 2
Loading cache for shader SceneForwardClusteredShaderRD, variant 3
Loading cache for shader SceneForwardClusteredShaderRD, variant 4
Loading cache for shader SceneForwardClusteredShaderRD, variant 5
Loading cache for shader SceneForwardClusteredShaderRD, variant 6
Loading cache for shader SceneForwardClusteredShaderRD, variant 7
Loading cache for shader SceneForwardClusteredShaderRD, variant 8
Loading cache for shader SceneForwardClusteredShaderRD, variant 9
Loading cache for shader SceneForwardClusteredShaderRD, variant 10
Loading cache for shader SceneForwardClusteredShaderRD, variant 11
Loading cache for shader SceneForwardClusteredShaderRD, variant 12
Loading cache for shader SceneForwardClusteredShaderRD, variant 13
Loading cache for shader SceneForwardClusteredShaderRD, variant 14
Loading cache for shader SceneForwardClusteredShaderRD, variant 15
Loading cache for shader SceneForwardClusteredShaderRD, variant 16
Loading cache for shader SceneForwardClusteredShaderRD, variant 17
Loading cache for shader SceneForwardClusteredShaderRD, variant 0
Loading cache for shader SceneForwardClusteredShaderRD, variant 1
Loading cache for shader SceneForwardClusteredShaderRD, variant 2
Loading cache for shader SceneForwardClusteredShaderRD, variant 3
Loading cache for shader SceneForwardClusteredShaderRD, variant 4
Loading cache for shader SceneForwardClusteredShaderRD, variant 5
Loading cache for shader SceneForwardClusteredShaderRD, variant 6
Loading cache for shader SceneForwardClusteredShaderRD, variant 7
Loading cache for shader SceneForwardClusteredShaderRD, variant 8
Loading cache for shader SceneForwardClusteredShaderRD, variant 9
Loading cache for shader SceneForwardClusteredShaderRD, variant 10
Loading cache for shader SceneForwardClusteredShaderRD, variant 11
Loading cache for shader SceneForwardClusteredShaderRD, variant 12
Loading cache for shader SceneForwardClusteredShaderRD, variant 13
Loading cache for shader SceneForwardClusteredShaderRD, variant 14
Loading cache for shader SceneForwardClusteredShaderRD, variant 15
Loading cache for shader SceneForwardClusteredShaderRD, variant 16
Loading cache for shader SceneForwardClusteredShaderRD, variant 17
Loading cache for shader SceneForwardClusteredShaderRD, variant 0
Loading cache for shader SceneForwardClusteredShaderRD, variant 1
Loading cache for shader SceneForwardClusteredShaderRD, variant 2
Loading cache for shader SceneForwardClusteredShaderRD, variant 3
Loading cache for shader SceneForwardClusteredShaderRD, variant 4
Loading cache for shader SceneForwardClusteredShaderRD, variant 5
Loading cache for shader SceneForwardClusteredShaderRD, variant 6
Loading cache for shader SceneForwardClusteredShaderRD, variant 7
Loading cache for shader SceneForwardClusteredShaderRD, variant 8
Loading cache for shader SceneForwardClusteredShaderRD, variant 9
Loading cache for shader SceneForwardClusteredShaderRD, variant 10
Loading cache for shader SceneForwardClusteredShaderRD, variant 11
Loading cache for shader SceneForwardClusteredShaderRD, variant 12
Loading cache for shader SceneForwardClusteredShaderRD, variant 13
Loading cache for shader SceneForwardClusteredShaderRD, variant 14
Loading cache for shader SceneForwardClusteredShaderRD, variant 15
Loading cache for shader SceneForwardClusteredShaderRD, variant 16
Loading cache for shader SceneForwardClusteredShaderRD, variant 17
Loading cache for shader SceneForwardClusteredShaderRD, variant 0
Loading cache for shader SceneForwardClusteredShaderRD, variant 1
Loading cache for shader SceneForwardClusteredShaderRD, variant 2
Loading cache for shader SceneForwardClusteredShaderRD, variant 3
Loading cache for shader SceneForwardClusteredShaderRD, variant 4
Loading cache for shader SceneForwardClusteredShaderRD, variant 5
Loading cache for shader SceneForwardClusteredShaderRD, variant 6
Loading cache for shader SceneForwardClusteredShaderRD, variant 7
Loading cache for shader SceneForwardClusteredShaderRD, variant 8
Loading cache for shader SceneForwardClusteredShaderRD, variant 9
Loading cache for shader SceneForwardClusteredShaderRD, variant 10
Loading cache for shader SceneForwardClusteredShaderRD, variant 11
Loading cache for shader SceneForwardClusteredShaderRD, variant 12
Loading cache for shader SceneForwardClusteredShaderRD, variant 13
Loading cache for shader SceneForwardClusteredShaderRD, variant 14
Loading cache for shader SceneForwardClusteredShaderRD, variant 15
Loading cache for shader SceneForwardClusteredShaderRD, variant 16
Loading cache for shader SceneForwardClusteredShaderRD, variant 17
Loading cache for shader SceneForwardClusteredShaderRD, variant 0
Loading cache for shader SceneForwardClusteredShaderRD, variant 1
Loading cache for shader SceneForwardClusteredShaderRD, variant 2
Loading cache for shader SceneForwardClusteredShaderRD, variant 3
Loading cache for shader SceneForwardClusteredShaderRD, variant 4
Loading cache for shader SceneForwardClusteredShaderRD, variant 5
Loading cache for shader SceneForwardClusteredShaderRD, variant 6
Loading cache for shader SceneForwardClusteredShaderRD, variant 7
Loading cache for shader SceneForwardClusteredShaderRD, variant 8
Loading cache for shader SceneForwardClusteredShaderRD, variant 9
Loading cache for shader SceneForwardClusteredShaderRD, variant 10
Loading cache for shader SceneForwardClusteredShaderRD, variant 11
Loading cache for shader SceneForwardClusteredShaderRD, variant 12
Loading cache for shader SceneForwardClusteredShaderRD, variant 13
Loading cache for shader SceneForwardClusteredShaderRD, variant 14
Loading cache for shader SceneForwardClusteredShaderRD, variant 15
Loading cache for shader SceneForwardClusteredShaderRD, variant 16
Loading cache for shader SceneForwardClusteredShaderRD, variant 17
Loading cache for shader SceneForwardClusteredShaderRD, variant 0
Loading cache for shader SceneForwardClusteredShaderRD, variant 1
Loading cache for shader SceneForwardClusteredShaderRD, variant 2
Loading cache for shader SceneForwardClusteredShaderRD, variant 3
Loading cache for shader SceneForwardClusteredShaderRD, variant 4
Loading cache for shader SceneForwardClusteredShaderRD, variant 5
Loading cache for shader SceneForwardClusteredShaderRD, variant 6
Loading cache for shader SceneForwardClusteredShaderRD, variant 7
Loading cache for shader SceneForwardClusteredShaderRD, variant 8
Loading cache for shader SceneForwardClusteredShaderRD, variant 9
Loading cache for shader SceneForwardClusteredShaderRD, variant 10
Loading cache for shader SceneForwardClusteredShaderRD, variant 11
Loading cache for shader SceneForwardClusteredShaderRD, variant 12
Loading cache for shader SceneForwardClusteredShaderRD, variant 13
Loading cache for shader SceneForwardClusteredShaderRD, variant 14
Loading cache for shader SceneForwardClusteredShaderRD, variant 15
Loading cache for shader SceneForwardClusteredShaderRD, variant 16
Loading cache for shader SceneForwardClusteredShaderRD, variant 17
Loading cache for shader SceneForwardClusteredShaderRD, variant 0
Loading cache for shader SceneForwardClusteredShaderRD, variant 1
Loading cache for shader SceneForwardClusteredShaderRD, variant 2
Loading cache for shader SceneForwardClusteredShaderRD, variant 3
Loading cache for shader SceneForwardClusteredShaderRD, variant 4
Loading cache for shader SceneForwardClusteredShaderRD, variant 5
Loading cache for shader SceneForwardClusteredShaderRD, variant 6
Loading cache for shader SceneForwardClusteredShaderRD, variant 7
Loading cache for shader SceneForwardClusteredShaderRD, variant 8
Loading cache for shader SceneForwardClusteredShaderRD, variant 9
Loading cache for shader SceneForwardClusteredShaderRD, variant 10
Loading cache for shader SceneForwardClusteredShaderRD, variant 11
Loading cache for shader SceneForwardClusteredShaderRD, variant 12
Loading cache for shader SceneForwardClusteredShaderRD, variant 13
Loading cache for shader SceneForwardClusteredShaderRD, variant 14
Loading cache for shader SceneForwardClusteredShaderRD, variant 15
Loading cache for shader SceneForwardClusteredShaderRD, variant 16
Loading cache for shader SceneForwardClusteredShaderRD, variant 17
Loading cache for shader SceneForwardClusteredShaderRD, variant 0
Loading cache for shader SceneForwardClusteredShaderRD, variant 1
Loading cache for shader SceneForwardClusteredShaderRD, variant 2
Loading cache for shader SceneForwardClusteredShaderRD, variant 3
Loading cache for shader SceneForwardClusteredShaderRD, variant 4
Loading cache for shader SceneForwardClusteredShaderRD, variant 5
Loading cache for shader SceneForwardClusteredShaderRD, variant 6
Loading cache for shader SceneForwardClusteredShaderRD, variant 7
Loading cache for shader SceneForwardClusteredShaderRD, variant 8
Loading cache for shader SceneForwardClusteredShaderRD, variant 9
Loading cache for shader SceneForwardClusteredShaderRD, variant 10
Loading cache for shader SceneForwardClusteredShaderRD, variant 11
Loading cache for shader SceneForwardClusteredShaderRD, variant 12
Loading cache for shader SceneForwardClusteredShaderRD, variant 13
Loading cache for shader SceneForwardClusteredShaderRD, variant 14
Loading cache for shader SceneForwardClusteredShaderRD, variant 15
Loading cache for shader SceneForwardClusteredShaderRD, variant 16
Loading cache for shader SceneForwardClusteredShaderRD, variant 17
Loading cache for shader SceneForwardClusteredShaderRD, variant 0
Loading cache for shader SceneForwardClusteredShaderRD, variant 1
Loading cache for shader SceneForwardClusteredShaderRD, variant 2
Loading cache for shader SceneForwardClusteredShaderRD, variant 3
Loading cache for shader SceneForwardClusteredShaderRD, variant 4
Loading cache for shader SceneForwardClusteredShaderRD, variant 5
Loading cache for shader SceneForwardClusteredShaderRD, variant 6
Loading cache for shader SceneForwardClusteredShaderRD, variant 7
Loading cache for shader SceneForwardClusteredShaderRD, variant 8
Loading cache for shader SceneForwardClusteredShaderRD, variant 9
Loading cache for shader SceneForwardClusteredShaderRD, variant 10
Loading cache for shader SceneForwardClusteredShaderRD, variant 11
Loading cache for shader SceneForwardClusteredShaderRD, variant 12
Loading cache for shader SceneForwardClusteredShaderRD, variant 13
Loading cache for shader SceneForwardClusteredShaderRD, variant 14
Loading cache for shader SceneForwardClusteredShaderRD, variant 15
Loading cache for shader SceneForwardClusteredShaderRD, variant 16
Loading cache for shader SceneForwardClusteredShaderRD, variant 17
Loading cache for shader SceneForwardClusteredShaderRD, variant 0
Loading cache for shader SceneForwardClusteredShaderRD, variant 1
Loading cache for shader SceneForwardClusteredShaderRD, variant 2
Loading cache for shader SceneForwardClusteredShaderRD, variant 3
Loading cache for shader SceneForwardClusteredShaderRD, variant 4
Loading cache for shader SceneForwardClusteredShaderRD, variant 5
Loading cache for shader SceneForwardClusteredShaderRD, variant 6
Loading cache for shader SceneForwardClusteredShaderRD, variant 7
Loading cache for shader SceneForwardClusteredShaderRD, variant 8
Loading cache for shader SceneForwardClusteredShaderRD, variant 9
Loading cache for shader SceneForwardClusteredShaderRD, variant 10
Loading cache for shader SceneForwardClusteredShaderRD, variant 11
Loading cache for shader SceneForwardClusteredShaderRD, variant 12
Loading cache for shader SceneForwardClusteredShaderRD, variant 13
Loading cache for shader SceneForwardClusteredShaderRD, variant 14
Loading cache for shader SceneForwardClusteredShaderRD, variant 15
Loading cache for shader SceneForwardClusteredShaderRD, variant 16
Loading cache for shader SceneForwardClusteredShaderRD, variant 17
Loading cache for shader SceneForwardClusteredShaderRD, variant 0
Loading cache for shader SceneForwardClusteredShaderRD, variant 1
Loading cache for shader SceneForwardClusteredShaderRD, variant 2
Loading cache for shader SceneForwardClusteredShaderRD, variant 3
Loading cache for shader SceneForwardClusteredShaderRD, variant 4
Loading cache for shader SceneForwardClusteredShaderRD, variant 5
Loading cache for shader SceneForwardClusteredShaderRD, variant 6
Loading cache for shader SceneForwardClusteredShaderRD, variant 7
Loading cache for shader SceneForwardClusteredShaderRD, variant 8
Loading cache for shader SceneForwardClusteredShaderRD, variant 9
Loading cache for shader SceneForwardClusteredShaderRD, variant 10
Loading cache for shader SceneForwardClusteredShaderRD, variant 11
Loading cache for shader SceneForwardClusteredShaderRD, variant 12
Loading cache for shader SceneForwardClusteredShaderRD, variant 13
Loading cache for shader SceneForwardClusteredShaderRD, variant 14
Loading cache for shader SceneForwardClusteredShaderRD, variant 15
Loading cache for shader SceneForwardClusteredShaderRD, variant 16
Loading cache for shader SceneForwardClusteredShaderRD, variant 17
Loading cache for shader SceneForwardClusteredShaderRD, variant 0
Loading cache for shader SceneForwardClusteredShaderRD, variant 1
Loading cache for shader SceneForwardClusteredShaderRD, variant 2
Loading cache for shader SceneForwardClusteredShaderRD, variant 3
Loading cache for shader SceneForwardClusteredShaderRD, variant 4
Loading cache for shader SceneForwardClusteredShaderRD, variant 5
Loading cache for shader SceneForwardClusteredShaderRD, variant 6
Loading cache for shader SceneForwardClusteredShaderRD, variant 7
Loading cache for shader SceneForwardClusteredShaderRD, variant 8
Loading cache for shader SceneForwardClusteredShaderRD, variant 9
Loading cache for shader SceneForwardClusteredShaderRD, variant 10
Loading cache for shader SceneForwardClusteredShaderRD, variant 11
Loading cache for shader SceneForwardClusteredShaderRD, variant 12
Loading cache for shader SceneForwardClusteredShaderRD, variant 13
Loading cache for shader SceneForwardClusteredShaderRD, variant 14
Loading cache for shader SceneForwardClusteredShaderRD, variant 15
Loading cache for shader SceneForwardClusteredShaderRD, variant 16
Loading cache for shader SceneForwardClusteredShaderRD, variant 17
Loading cache for shader SceneForwardClusteredShaderRD, variant 0
Loading cache for shader SceneForwardClusteredShaderRD, variant 1
Loading cache for shader SceneForwardClusteredShaderRD, variant 2
Loading cache for shader SceneForwardClusteredShaderRD, variant 3
Loading cache for shader SceneForwardClusteredShaderRD, variant 4
Loading cache for shader SceneForwardClusteredShaderRD, variant 5
Loading cache for shader SceneForwardClusteredShaderRD, variant 6
Loading cache for shader SceneForwardClusteredShaderRD, variant 7
Loading cache for shader SceneForwardClusteredShaderRD, variant 8
Loading cache for shader SceneForwardClusteredShaderRD, variant 9
Loading cache for shader SceneForwardClusteredShaderRD, variant 10
Loading cache for shader SceneForwardClusteredShaderRD, variant 11
Loading cache for shader SceneForwardClusteredShaderRD, variant 12
Loading cache for shader SceneForwardClusteredShaderRD, variant 13
Loading cache for shader SceneForwardClusteredShaderRD, variant 14
Loading cache for shader SceneForwardClusteredShaderRD, variant 15
Loading cache for shader SceneForwardClusteredShaderRD, variant 16
Loading cache for shader SceneForwardClusteredShaderRD, variant 17
Loading cache for shader SceneForwardClusteredShaderRD, variant 0
Loading cache for shader SceneForwardClusteredShaderRD, variant 1
Loading cache for shader SceneForwardClusteredShaderRD, variant 2
Loading cache for shader SceneForwardClusteredShaderRD, variant 3
Loading cache for shader SceneForwardClusteredShaderRD, variant 4
Loading cache for shader SceneForwardClusteredShaderRD, variant 5
Loading cache for shader SceneForwardClusteredShaderRD, variant 6
Loading cache for shader SceneForwardClusteredShaderRD, variant 7
Loading cache for shader SceneForwardClusteredShaderRD, variant 8
Loading cache for shader SceneForwardClusteredShaderRD, variant 9
Loading cache for shader SceneForwardClusteredShaderRD, variant 10
Loading cache for shader SceneForwardClusteredShaderRD, variant 11
Loading cache for shader SceneForwardClusteredShaderRD, variant 12
Loading cache for shader SceneForwardClusteredShaderRD, variant 13
Loading cache for shader SceneForwardClusteredShaderRD, variant 14
Loading cache for shader SceneForwardClusteredShaderRD, variant 15
Loading cache for shader SceneForwardClusteredShaderRD, variant 16
Loading cache for shader SceneForwardClusteredShaderRD, variant 17
Loading cache for shader SceneForwardClusteredShaderRD, variant 0
Loading cache for shader SceneForwardClusteredShaderRD, variant 1
Loading cache for shader SceneForwardClusteredShaderRD, variant 2
Loading cache for shader SceneForwardClusteredShaderRD, variant 3
Loading cache for shader SceneForwardClusteredShaderRD, variant 4
Loading cache for shader SceneForwardClusteredShaderRD, variant 5
Loading cache for shader SceneForwardClusteredShaderRD, variant 6
Loading cache for shader SceneForwardClusteredShaderRD, variant 7
Loading cache for shader SceneForwardClusteredShaderRD, variant 8
Loading cache for shader SceneForwardClusteredShaderRD, variant 9
Loading cache for shader SceneForwardClusteredShaderRD, variant 10
Loading cache for shader SceneForwardClusteredShaderRD, variant 11
Loading cache for shader SceneForwardClusteredShaderRD, variant 12
Loading cache for shader SceneForwardClusteredShaderRD, variant 13
Loading cache for shader SceneForwardClusteredShaderRD, variant 14
Loading cache for shader SceneForwardClusteredShaderRD, variant 15
Loading cache for shader SceneForwardClusteredShaderRD, variant 16
Loading cache for shader SceneForwardClusteredShaderRD, variant 17
[mvk-info] Created 3 swapchain images with size (3024, 1890) and contents scale 2.0 in layer CAMetalLayer: GodotContentView (0x7f7cb252b8e0) on screen Built-in Retina Display.
⚠️ SLOW FRAME 15.8ms: building=0.9 road=13.6 terrain=0.5 infra=0.8 veg=0.0 curb=0.0ms
OSM DEBUG: Chunks loaded 16/16, but queues not empty:
  - _building_results: 174
  - _road_queue: 422
  - _terrain_objects_queue: 93
  - _infrastructure_queue: 175
  - _pending_building_tasks: 0
OSM: DEBUG _add_road_to_batch - first road for chunk '-2,-1', parent.name='Chunk_-2,-1'
⚠️ SLOW FRAME 13.5ms: building=1.1 road=11.1 terrain=0.7 infra=0.7 veg=0.0 curb=0.0ms
OSM DEBUG: Chunks loaded 16/16, but queues not empty:
  - _building_results: 173
  - _road_queue: 421
  - _terrain_objects_queue: 91
  - _infrastructure_queue: 174
  - _pending_building_tasks: 0
Loading cache for shader SceneForwardClusteredShaderRD, variant 0
Loading cache for shader SceneForwardClusteredShaderRD, variant 1
Loading cache for shader SceneForwardClusteredShaderRD, variant 2
Loading cache for shader SceneForwardClusteredShaderRD, variant 3
Loading cache for shader SceneForwardClusteredShaderRD, variant 4
Loading cache for shader SceneForwardClusteredShaderRD, variant 5
Loading cache for shader SceneForwardClusteredShaderRD, variant 6
Loading cache for shader SceneForwardClusteredShaderRD, variant 7
Loading cache for shader SceneForwardClusteredShaderRD, variant 0
Loading cache for shader SceneForwardClusteredShaderRD, variant 1
Loading cache for shader SceneForwardClusteredShaderRD, variant 2
Loading cache for shader SceneForwardClusteredShaderRD, variant 3
Loading cache for shader SceneForwardClusteredShaderRD, variant 4
Loading cache for shader SceneForwardClusteredShaderRD, variant 5
Loading cache for shader SceneForwardClusteredShaderRD, variant 6
Loading cache for shader SceneForwardClusteredShaderRD, variant 7
Loading cache for shader SceneForwardClusteredShaderRD, variant 8
Loading cache for shader SceneForwardClusteredShaderRD, variant 9
Loading cache for shader SceneForwardClusteredShaderRD, variant 10
Loading cache for shader SceneForwardClusteredShaderRD, variant 11
Loading cache for shader SceneForwardClusteredShaderRD, variant 12
Loading cache for shader SceneForwardClusteredShaderRD, variant 13
Loading cache for shader SceneForwardClusteredShaderRD, variant 14
Loading cache for shader SceneForwardClusteredShaderRD, variant 15
Loading cache for shader SceneForwardClusteredShaderRD, variant 16
Loading cache for shader SceneForwardClusteredShaderRD, variant 17
OSM: DEBUG _add_road_to_batch - first road for chunk '0,-2', parent.name='Chunk_0,-2'
OSM: DEBUG _add_road_to_batch - first road for chunk '-1,-2', parent.name='Chunk_-1,-2'
OSM DEBUG: Chunks loaded 16/16, but queues not empty:
  - _building_results: 172
  - _road_queue: 385
  - _terrain_objects_queue: 89
  - _infrastructure_queue: 173
  - _pending_building_tasks: 0
OSM DEBUG: Chunks loaded 16/16, but queues not empty:
  - _building_results: 171
  - _road_queue: 367
  - _terrain_objects_queue: 87
  - _infrastructure_queue: 172
  - _pending_building_tasks: 0
OSM DEBUG: Chunks loaded 16/16, but queues not empty:
  - _building_results: 170
  - _road_queue: 356
  - _terrain_objects_queue: 85
  - _infrastructure_queue: 171
  - _pending_building_tasks: 0
⚠️ SLOW FRAME 10.5ms: building=0.9 road=8.2 terrain=0.5 infra=1.0 veg=0.0 curb=0.0ms
OSM DEBUG: Chunks loaded 16/16, but queues not empty:
  - _building_results: 169
  - _road_queue: 345
  - _terrain_objects_queue: 83
  - _infrastructure_queue: 170
  - _pending_building_tasks: 0
OSM: DEBUG _add_road_to_batch - first road for chunk '-2,0', parent.name='Chunk_-2,0'
OSM DEBUG: Chunks loaded 16/16, but queues not empty:
  - _building_results: 168
  - _road_queue: 312
  - _terrain_objects_queue: 81
  - _infrastructure_queue: 169
  - _pending_building_tasks: 0
OSM: DEBUG _add_road_to_batch - first road for chunk '1,-1', parent.name='Chunk_1,-1'
OSM DEBUG: Chunks loaded 16/16, but queues not empty:
  - _building_results: 167
  - _road_queue: 289
  - _terrain_objects_queue: 79
  - _infrastructure_queue: 168
  - _pending_building_tasks: 0
OSM DEBUG: Chunks loaded 16/16, but queues not empty:
  - _building_results: 166
  - _road_queue: 278
  - _terrain_objects_queue: 77
  - _infrastructure_queue: 167
  - _pending_building_tasks: 0
OSM: DEBUG _add_road_to_batch - first road for chunk '1,0', parent.name='Chunk_1,0'
OSM: DEBUG _add_road_to_batch - first road for chunk '1,-2', parent.name='Chunk_1,-2'
OSM: DEBUG _add_road_to_batch - first road for chunk '-2,-2', parent.name='Chunk_-2,-2'
OSM DEBUG: Chunks loaded 16/16, but queues not empty:
  - _building_results: 165
  - _road_queue: 236
  - _terrain_objects_queue: 75
  - _infrastructure_queue: 166
  - _pending_building_tasks: 0
OSM DEBUG: Chunks loaded 16/16, but queues not empty:
  - _building_results: 164
  - _road_queue: 217
  - _terrain_objects_queue: 73
  - _infrastructure_queue: 165
  - _pending_building_tasks: 0
OSM DEBUG: Chunks loaded 16/16, but queues not empty:
  - _building_results: 163
  - _road_queue: 205
  - _terrain_objects_queue: 71
  - _infrastructure_queue: 164
  - _pending_building_tasks: 0
OSM DEBUG: Chunks loaded 16/16, but queues not empty:
  - _building_results: 162
  - _road_queue: 167
  - _terrain_objects_queue: 69
  - _infrastructure_queue: 163
  - _pending_building_tasks: 0
OSM DEBUG: Chunks loaded 16/16, but queues not empty:
  - _building_results: 161
  - _road_queue: 97
  - _terrain_objects_queue: 67
  - _infrastructure_queue: 162
  - _pending_building_tasks: 0
OSM DEBUG: Chunks loaded 16/16, but queues not empty:
  - _building_results: 160
  - _road_queue: 77
  - _terrain_objects_queue: 65
  - _infrastructure_queue: 161
  - _pending_building_tasks: 0
2026-01-31 07:16:18.295 Godot[69140:2123724] +[IMKInputSession subclass]: chose IMKInputSession_Modern
OSM DEBUG: Chunks loaded 16/16, but queues not empty:
  - _building_results: 159
  - _road_queue: 52
  - _terrain_objects_queue: 63
  - _infrastructure_queue: 160
  - _pending_building_tasks: 0
[mvk-info] Created 3 swapchain images with size (3024, 1890) and contents scale 2.0 in layer CAMetalLayer: GodotContentView (0x7f7cb252b8e0) on screen Built-in Retina Display.
OSM DEBUG: Chunks loaded 16/16, but queues not empty:
  - _building_results: 158
  - _road_queue: 17
  - _terrain_objects_queue: 61
  - _infrastructure_queue: 159
  - _pending_building_tasks: 0
OSM: DEBUG _add_road_to_batch - first road for chunk '0,1', parent.name='Chunk_0,1'
OSM DEBUG: Chunks loaded 16/16, but queues not empty:
  - _building_results: 157
  - _road_queue: 6
  - _terrain_objects_queue: 59
  - _infrastructure_queue: 158
  - _pending_building_tasks: 0
⚠️ SLOW FRAME 14.0ms: building=0.9 road=11.9 terrain=0.5 infra=0.7 veg=0.0 curb=0.0ms
OSM DEBUG: Chunks loaded 16/16, but queues not empty:
  - _building_results: 156
  - _road_queue: 1
  - _terrain_objects_queue: 57
  - _infrastructure_queue: 157
  - _pending_building_tasks: 0
⚠️ SLOW FRAME 11.7ms: building=0.9 road=9.7 terrain=0.4 infra=0.7 veg=0.0 curb=0.0ms
OSM DEBUG: Chunks loaded 16/16, but queues not empty:
  - _building_results: 155
  - _road_queue: 0
  - _terrain_objects_queue: 55
  - _infrastructure_queue: 156
  - _pending_building_tasks: 0
🔴 FREEZE: road collision shape creation took 14.5 ms for chunk -2,-2 (type: residential)
OSM: ✅ Finalized road batch -2,-2/residential: 1688 vertices, 1638 triangles, material: <ImageTexture#-9223371972648368119>
OSM: ✅ Finalized road batch -2,-2/path: 494 vertices, 466 triangles, material: <ImageTexture#-9223371972547704822>
⚠️ SLOW: road batch finalization took 16.6 ms for chunk -2,-2
⚠️ SLOW FRAME 18.7ms: building=0.9 road=16.6 terrain=0.4 infra=0.7 veg=0.0 curb=0.0ms
OSM DEBUG: Chunks loaded 16/16, but queues not empty:
  - _building_results: 154
  - _road_queue: 0
  - _terrain_objects_queue: 53
  - _infrastructure_queue: 155
  - _pending_building_tasks: 0
🔴 FREEZE: road collision shape creation took 11.2 ms for chunk -2,-1 (type: primary)
OSM: ✅ Finalized road batch -2,-1/primary: 962 vertices, 958 triangles, material: <ImageTexture#-9223371972749031416>
OSM: ✅ Finalized road batch -2,-1/residential: 390 vertices, 372 triangles, material: <ImageTexture#-9223371972648368119>
OSM: ✅ Finalized road batch -2,-1/path: 1904 vertices, 1866 triangles, material: <ImageTexture#-9223371972547704822>
⚠️ SLOW: road batch finalization took 17.2 ms for chunk -2,-1
⚠️ SLOW FRAME 19.2ms: building=0.9 road=17.3 terrain=0.4 infra=0.6 veg=0.0 curb=0.0ms
OSM DEBUG: Chunks loaded 16/16, but queues not empty:
  - _building_results: 153
  - _road_queue: 0
  - _terrain_objects_queue: 51
  - _infrastructure_queue: 154
  - _pending_building_tasks: 0
🔴 FREEZE: road collision shape creation took 11.8 ms for chunk -2,0 (type: residential)
OSM: ✅ Finalized road batch -2,0/residential: 386 vertices, 376 triangles, material: <ImageTexture#-9223371972648368119>
OSM: ✅ Finalized road batch -2,0/path: 1336 vertices, 1320 triangles, material: <ImageTexture#-9223371972547704822>
⚠️ SLOW: road batch finalization took 15.3 ms for chunk -2,0
⚠️ SLOW FRAME 17.3ms: building=0.9 road=15.4 terrain=0.4 infra=0.6 veg=0.0 curb=0.0ms
OSM DEBUG: Chunks loaded 16/16, but queues not empty:
  - _building_results: 152
  - _road_queue: 0
  - _terrain_objects_queue: 49
  - _infrastructure_queue: 153
  - _pending_building_tasks: 0
⚠️ SLOW FRAME 31.3ms: building=0.9 road=0.0 terrain=9.8 infra=0.6 veg=20.0 curb=0.0ms
OSM DEBUG: Chunks loaded 16/16, but queues not empty:
  - _building_results: 151
  - _road_queue: 0
  - _terrain_objects_queue: 47
  - _infrastructure_queue: 152
  - _pending_building_tasks: 0
OSM: ✅ Finalized road batch -1,-2/path: 522 vertices, 500 triangles, material: <ImageTexture#-9223371972547704822>
OSM: ✅ Finalized road batch -1,-2/residential: 1384 vertices, 1340 triangles, material: <ImageTexture#-9223371972648368119>
OSM DEBUG: Chunks loaded 16/16, but queues not empty:
  - _building_results: 150
  - _road_queue: 0
  - _terrain_objects_queue: 45
  - _infrastructure_queue: 151
  - _pending_building_tasks: 0
[mvk-info] Created 3 swapchain images with size (3024, 1890) and contents scale 2.0 in layer CAMetalLayer: GodotContentView (0x7f7cb252b8e0) on screen Built-in Retina Display.
OSM: ✅ Finalized road batch -1,-1/path: 1720 vertices, 1672 triangles, material: <ImageTexture#-9223371972547704822>
OSM: ✅ Finalized road batch -1,-1/primary: 1152 vertices, 1144 triangles, material: <ImageTexture#-9223371972749031416>
OSM: ✅ Finalized road batch -1,-1/residential: 1666 vertices, 1612 triangles, material: <ImageTexture#-9223371972648368119>
⚠️ SLOW: road batch finalization took 10.7 ms for chunk -1,-1
⚠️ SLOW FRAME 12.6ms: building=0.8 road=10.7 terrain=0.4 infra=0.6 veg=0.0 curb=0.0ms
OSM DEBUG: Chunks loaded 16/16, but queues not empty:
  - _building_results: 149
  - _road_queue: 0
  - _terrain_objects_queue: 43
  - _infrastructure_queue: 150
  - _pending_building_tasks: 0
🔴 FREEZE: road collision shape creation took 29.4 ms for chunk -1,0 (type: path)
OSM: ✅ Finalized road batch -1,0/path: 246 vertices, 234 triangles, material: <ImageTexture#-9223371972547704822>
OSM: ✅ Finalized road batch -1,0/residential: 928 vertices, 900 triangles, material: <ImageTexture#-9223371972648368119>
⚠️ SLOW: road batch finalization took 32.1 ms for chunk -1,0
⚠️ SLOW FRAME 34.1ms: building=0.8 road=32.2 terrain=0.4 infra=0.7 veg=0.0 curb=0.0ms
OSM DEBUG: Chunks loaded 16/16, but queues not empty:
  - _building_results: 148
  - _road_queue: 0
  - _terrain_objects_queue: 41
  - _infrastructure_queue: 149
  - _pending_building_tasks: 0
OSM DEBUG: Chunks loaded 16/16, but queues not empty:
  - _building_results: 147
  - _road_queue: 0
  - _terrain_objects_queue: 39
  - _infrastructure_queue: 148
  - _pending_building_tasks: 0
🔴 FREEZE: road collision shape creation took 13.9 ms for chunk 0,-2 (type: path)
OSM: ✅ Finalized road batch 0,-2/path: 1494 vertices, 1434 triangles, material: <ImageTexture#-9223371972547704822>
OSM: ✅ Finalized road batch 0,-2/residential: 2208 vertices, 2158 triangles, material: <ImageTexture#-9223371972648368119>
OSM: ✅ Finalized road batch 0,-2/primary: 362 vertices, 354 triangles, material: <ImageTexture#-9223371972749031416>
⚠️ SLOW: road batch finalization took 20.8 ms for chunk 0,-2
⚠️ SLOW FRAME 22.7ms: building=0.8 road=20.9 terrain=0.3 infra=0.6 veg=0.0 curb=0.0ms
OSM DEBUG: Chunks loaded 16/16, but queues not empty:
  - _building_results: 146
  - _road_queue: 0
  - _terrain_objects_queue: 37
  - _infrastructure_queue: 147
  - _pending_building_tasks: 0
🔴 FREEZE: road collision shape creation took 15.4 ms for chunk 0,-1 (type: path)
OSM: ✅ Finalized road batch 0,-1/path: 2306 vertices, 2236 triangles, material: <ImageTexture#-9223371972547704822>
OSM: ✅ Finalized road batch 0,-1/primary: 1070 vertices, 1046 triangles, material: <ImageTexture#-9223371972749031416>
OSM: ✅ Finalized road batch 0,-1/residential: 1164 vertices, 1136 triangles, material: <ImageTexture#-9223371972648368119>
⚠️ SLOW: road batch finalization took 21.8 ms for chunk 0,-1
⚠️ SLOW FRAME 24.1ms: building=0.9 road=21.9 terrain=0.4 infra=0.9 veg=0.0 curb=0.0ms
OSM DEBUG: Chunks loaded 16/16, but queues not empty:
  - _building_results: 145
  - _road_queue: 0
  - _terrain_objects_queue: 35
  - _infrastructure_queue: 146
  - _pending_building_tasks: 0
🔴 FREEZE: road collision shape creation took 16.5 ms for chunk 0,0 (type: path)
OSM: ✅ Finalized road batch 0,0/path: 1540 vertices, 1486 triangles, material: <ImageTexture#-9223371972547704822>
OSM: ✅ Finalized road batch 0,0/primary: 446 vertices, 432 triangles, material: <ImageTexture#-9223371972749031416>
OSM: ✅ Finalized road batch 0,0/residential: 336 vertices, 320 triangles, material: <ImageTexture#-9223371972648368119>
⚠️ SLOW: road batch finalization took 20.0 ms for chunk 0,0
⚠️ SLOW FRAME 22.2ms: building=0.8 road=20.1 terrain=0.3 infra=1.0 veg=0.0 curb=0.0ms
OSM DEBUG: Chunks loaded 16/16, but queues not empty:
  - _building_results: 144
  - _road_queue: 0
  - _terrain_objects_queue: 33
  - _infrastructure_queue: 145
  - _pending_building_tasks: 0
🔴 FREEZE: road collision shape creation took 15.0 ms for chunk 0,1 (type: path)
OSM: ✅ Finalized road batch 0,1/path: 156 vertices, 154 triangles, material: <ImageTexture#-9223371972547704822>
⚠️ SLOW: road batch finalization took 15.3 ms for chunk 0,1
⚠️ SLOW FRAME 17.3ms: building=0.8 road=15.3 terrain=0.5 infra=0.6 veg=0.0 curb=0.0ms
OSM DEBUG: Chunks loaded 16/16, but queues not empty:
  - _building_results: 143
  - _road_queue: 0
  - _terrain_objects_queue: 31
  - _infrastructure_queue: 144
  - _pending_building_tasks: 0
🔴 FREEZE: road collision shape creation took 18.1 ms for chunk 1,-2 (type: residential)
OSM: ✅ Finalized road batch 1,-2/residential: 2176 vertices, 2108 triangles, material: <ImageTexture#-9223371972648368119>
OSM: ✅ Finalized road batch 1,-2/path: 916 vertices, 880 triangles, material: <ImageTexture#-9223371972547704822>
⚠️ SLOW: road batch finalization took 21.4 ms for chunk 1,-2
⚠️ SLOW FRAME 23.4ms: building=0.9 road=21.4 terrain=0.3 infra=0.7 veg=0.0 curb=0.0ms
OSM DEBUG: Chunks loaded 16/16, but queues not empty:
  - _building_results: 142
  - _road_queue: 0
  - _terrain_objects_queue: 29
  - _infrastructure_queue: 143
  - _pending_building_tasks: 0
🔴 FREEZE: road collision shape creation took 19.3 ms for chunk 1,-1 (type: residential)
OSM: ✅ Finalized road batch 1,-1/residential: 2006 vertices, 1930 triangles, material: <ImageTexture#-9223371972648368119>
OSM: ✅ Finalized road batch 1,-1/path: 840 vertices, 818 triangles, material: <ImageTexture#-9223371972547704822>
OSM: ✅ Finalized road batch 1,-1/primary: 254 vertices, 250 triangles, material: <ImageTexture#-9223371972749031416>
⚠️ SLOW: road batch finalization took 23.5 ms for chunk 1,-1
⚠️ SLOW FRAME 25.2ms: building=0.8 road=23.5 terrain=0.3 infra=0.6 veg=0.0 curb=0.0ms
OSM DEBUG: Chunks loaded 16/16, but queues not empty:
  - _building_results: 141
  - _road_queue: 0
  - _terrain_objects_queue: 27
  - _infrastructure_queue: 142
  - _pending_building_tasks: 0
=== PAZ Model Meshes Debug ===
Total meshes found: 1
  - Mesh: bus_low_Material_006_0 (MeshInstance3D)
PAZ-32053 model setup complete
=== PAZ Model Meshes Debug ===
Total meshes found: 1
  - Mesh: bus_low_Material_006_0 (MeshInstance3D)
PAZ-32053 model setup complete
🔴 FREEZE: road collision shape creation took 19.1 ms for chunk 1,0 (type: path)
OSM: ✅ Finalized road batch 1,0/path: 398 vertices, 394 triangles, material: <ImageTexture#-9223371972547704822>
⚠️ SLOW: road batch finalization took 19.3 ms for chunk 1,0
⚠️ SLOW FRAME 21.9ms: building=0.8 road=19.4 terrain=1.0 infra=0.6 veg=0.0 curb=0.0ms
OSM DEBUG: Chunks loaded 16/16, but queues not empty:
  - _building_results: 140
  - _road_queue: 0
  - _terrain_objects_queue: 25
  - _infrastructure_queue: 141
  - _pending_building_tasks: 0
OSM DEBUG: Chunks loaded 16/16, but queues not empty:
  - _building_results: 139
  - _road_queue: 0
  - _terrain_objects_queue: 23
  - _infrastructure_queue: 140
  - _pending_building_tasks: 0
Loading cache for shader SceneForwardClusteredShaderRD, variant 0
Loading cache for shader SceneForwardClusteredShaderRD, variant 1
Loading cache for shader SceneForwardClusteredShaderRD, variant 2
Loading cache for shader SceneForwardClusteredShaderRD, variant 3
Loading cache for shader SceneForwardClusteredShaderRD, variant 4
Loading cache for shader SceneForwardClusteredShaderRD, variant 5
Loading cache for shader SceneForwardClusteredShaderRD, variant 6
Loading cache for shader SceneForwardClusteredShaderRD, variant 7
Loading cache for shader SceneForwardClusteredShaderRD, variant 0
Loading cache for shader SceneForwardClusteredShaderRD, variant 1
Loading cache for shader SceneForwardClusteredShaderRD, variant 2
Loading cache for shader SceneForwardClusteredShaderRD, variant 3
Loading cache for shader SceneForwardClusteredShaderRD, variant 4
Loading cache for shader SceneForwardClusteredShaderRD, variant 5
Loading cache for shader SceneForwardClusteredShaderRD, variant 6
Loading cache for shader SceneForwardClusteredShaderRD, variant 7
Loading cache for shader SceneForwardClusteredShaderRD, variant 8
Loading cache for shader SceneForwardClusteredShaderRD, variant 9
Loading cache for shader SceneForwardClusteredShaderRD, variant 10
Loading cache for shader SceneForwardClusteredShaderRD, variant 11
Loading cache for shader SceneForwardClusteredShaderRD, variant 12
Loading cache for shader SceneForwardClusteredShaderRD, variant 13
Loading cache for shader SceneForwardClusteredShaderRD, variant 14
Loading cache for shader SceneForwardClusteredShaderRD, variant 15
Loading cache for shader SceneForwardClusteredShaderRD, variant 16
Loading cache for shader SceneForwardClusteredShaderRD, variant 17
⚠️ SLOW FRAME 14.7ms: building=0.8 road=12.5 terrain=0.3 infra=0.7 veg=0.0 curb=0.3ms
OSM DEBUG: Chunks loaded 16/16, but queues not empty:
  - _building_results: 138
  - _road_queue: 0
  - _terrain_objects_queue: 21
  - _infrastructure_queue: 139
  - _pending_building_tasks: 0
OSM DEBUG: Chunks loaded 16/16, but queues not empty:
  - _building_results: 137
  - _road_queue: 0
  - _terrain_objects_queue: 19
  - _infrastructure_queue: 138
  - _pending_building_tasks: 0
⚠️ SLOW FRAME 15.2ms: building=0.9 road=0.4 terrain=11.2 infra=0.7 veg=2.0 curb=0.0ms
OSM DEBUG: Chunks loaded 16/16, but queues not empty:
  - _building_results: 136
  - _road_queue: 0
  - _terrain_objects_queue: 17
  - _infrastructure_queue: 137
  - _pending_building_tasks: 0
⚠️ SLOW FRAME 13.5ms: building=0.8 road=1.0 terrain=10.6 infra=0.6 veg=0.0 curb=0.4ms
OSM DEBUG: Chunks loaded 16/16, but queues not empty:
  - _building_results: 135
  - _road_queue: 0
  - _terrain_objects_queue: 15
  - _infrastructure_queue: 136
  - _pending_building_tasks: 0
⚠️ SLOW FRAME 13.5ms: building=0.7 road=1.1 terrain=10.6 infra=0.6 veg=0.0 curb=0.4ms
OSM DEBUG: Chunks loaded 16/16, but queues not empty:
  - _building_results: 134
  - _road_queue: 0
  - _terrain_objects_queue: 13
  - _infrastructure_queue: 135
  - _pending_building_tasks: 0
OSM DEBUG: Chunks loaded 16/16, but queues not empty:
  - _building_results: 133
  - _road_queue: 0
  - _terrain_objects_queue: 11
  - _infrastructure_queue: 134
  - _pending_building_tasks: 0
OSM DEBUG: Chunks loaded 16/16, but queues not empty:
  - _building_results: 132
  - _road_queue: 0
  - _terrain_objects_queue: 9
  - _infrastructure_queue: 133
  - _pending_building_tasks: 0
OSM DEBUG: Chunks loaded 16/16, but queues not empty:
  - _building_results: 131
  - _road_queue: 0
  - _terrain_objects_queue: 7
  - _infrastructure_queue: 132
  - _pending_building_tasks: 0
OSM DEBUG: Chunks loaded 16/16, but queues not empty:
  - _building_results: 130
  - _road_queue: 0
  - _terrain_objects_queue: 5
  - _infrastructure_queue: 131
  - _pending_building_tasks: 0
OSM DEBUG: Chunks loaded 16/16, but queues not empty:
  - _building_results: 129
  - _road_queue: 0
  - _terrain_objects_queue: 3
  - _infrastructure_queue: 130
  - _pending_building_tasks: 0
OSM DEBUG: Chunks loaded 16/16, but queues not empty:
  - _building_results: 128
  - _road_queue: 0
  - _terrain_objects_queue: 1
  - _infrastructure_queue: 129
  - _pending_building_tasks: 0
OSM DEBUG: Chunks loaded 16/16, but queues not empty:
  - _building_results: 127
  - _road_queue: 0
  - _terrain_objects_queue: 0
  - _infrastructure_queue: 128
  - _pending_building_tasks: 0
OSM DEBUG: Chunks loaded 16/16, but queues not empty:
  - _building_results: 126
  - _road_queue: 0
  - _terrain_objects_queue: 0
  - _infrastructure_queue: 127
  - _pending_building_tasks: 0
OSM DEBUG: Chunks loaded 16/16, but queues not empty:
  - _building_results: 125
  - _road_queue: 0
  - _terrain_objects_queue: 0
  - _infrastructure_queue: 126
  - _pending_building_tasks: 0
OSM DEBUG: Chunks loaded 16/16, but queues not empty:
  - _building_results: 124
  - _road_queue: 0
  - _terrain_objects_queue: 0
  - _infrastructure_queue: 125
  - _pending_building_tasks: 0
OSM DEBUG: Chunks loaded 16/16, but queues not empty:
  - _building_results: 123
  - _road_queue: 0
  - _terrain_objects_queue: 0
  - _infrastructure_queue: 124
  - _pending_building_tasks: 0
OSM DEBUG: Chunks loaded 16/16, but queues not empty:
  - _building_results: 122
  - _road_queue: 0
  - _terrain_objects_queue: 0
  - _infrastructure_queue: 123
  - _pending_building_tasks: 0
OSM DEBUG: Chunks loaded 16/16, but queues not empty:
  - _building_results: 121
  - _road_queue: 0
  - _terrain_objects_queue: 0
  - _infrastructure_queue: 122
  - _pending_building_tasks: 0
OSM DEBUG: Chunks loaded 16/16, but queues not empty:
  - _building_results: 120
  - _road_queue: 0
  - _terrain_objects_queue: 0
  - _infrastructure_queue: 121
  - _pending_building_tasks: 0
OSM DEBUG: Chunks loaded 16/16, but queues not empty:
  - _building_results: 119
  - _road_queue: 0
  - _terrain_objects_queue: 0
  - _infrastructure_queue: 120
  - _pending_building_tasks: 0
OSM DEBUG: Chunks loaded 16/16, but queues not empty:
  - _building_results: 118
  - _road_queue: 0
  - _terrain_objects_queue: 0
  - _infrastructure_queue: 119
  - _pending_building_tasks: 0
OSM DEBUG: Chunks loaded 16/16, but queues not empty:
  - _building_results: 117
  - _road_queue: 0
  - _terrain_objects_queue: 0
  - _infrastructure_queue: 118
  - _pending_building_tasks: 0
OSM DEBUG: Chunks loaded 16/16, but queues not empty:
  - _building_results: 116
  - _road_queue: 0
  - _terrain_objects_queue: 0
  - _infrastructure_queue: 117
  - _pending_building_tasks: 0
OSM DEBUG: Chunks loaded 16/16, but queues not empty:
  - _building_results: 115
  - _road_queue: 0
  - _terrain_objects_queue: 0
  - _infrastructure_queue: 116
  - _pending_building_tasks: 0
OSM DEBUG: Chunks loaded 16/16, but queues not empty:
  - _building_results: 114
  - _road_queue: 0
  - _terrain_objects_queue: 0
  - _infrastructure_queue: 115
  - _pending_building_tasks: 0
OSM DEBUG: Chunks loaded 16/16, but queues not empty:
  - _building_results: 113
  - _road_queue: 0
  - _terrain_objects_queue: 0
  - _infrastructure_queue: 114
  - _pending_building_tasks: 0
OSM DEBUG: Chunks loaded 16/16, but queues not empty:
  - _building_results: 112
  - _road_queue: 0
  - _terrain_objects_queue: 0
  - _infrastructure_queue: 113
  - _pending_building_tasks: 0
OSM DEBUG: Chunks loaded 16/16, but queues not empty:
  - _building_results: 111
  - _road_queue: 0
  - _terrain_objects_queue: 0
  - _infrastructure_queue: 112
  - _pending_building_tasks: 0
OSM DEBUG: Chunks loaded 16/16, but queues not empty:
  - _building_results: 110
  - _road_queue: 0
  - _terrain_objects_queue: 0
  - _infrastructure_queue: 111
  - _pending_building_tasks: 0
OSM DEBUG: Chunks loaded 16/16, but queues not empty:
  - _building_results: 109
  - _road_queue: 0
  - _terrain_objects_queue: 0
  - _infrastructure_queue: 110
  - _pending_building_tasks: 0
OSM DEBUG: Chunks loaded 16/16, but queues not empty:
  - _building_results: 108
  - _road_queue: 0
  - _terrain_objects_queue: 0
  - _infrastructure_queue: 109
  - _pending_building_tasks: 0
OSM DEBUG: Chunks loaded 16/16, but queues not empty:
  - _building_results: 107
  - _road_queue: 0
  - _terrain_objects_queue: 0
  - _infrastructure_queue: 108
  - _pending_building_tasks: 0
OSM DEBUG: Chunks loaded 16/16, but queues not empty:
  - _building_results: 106
  - _road_queue: 0
  - _terrain_objects_queue: 0
  - _infrastructure_queue: 107
  - _pending_building_tasks: 0
OSM DEBUG: Chunks loaded 16/16, but queues not empty:
  - _building_results: 105
  - _road_queue: 0
  - _terrain_objects_queue: 0
  - _infrastructure_queue: 106
  - _pending_building_tasks: 0
OSM DEBUG: Chunks loaded 16/16, but queues not empty:
  - _building_results: 104
  - _road_queue: 0
  - _terrain_objects_queue: 0
  - _infrastructure_queue: 105
  - _pending_building_tasks: 0
OSM DEBUG: Chunks loaded 16/16, but queues not empty:
  - _building_results: 103
  - _road_queue: 0
  - _terrain_objects_queue: 0
  - _infrastructure_queue: 104
  - _pending_building_tasks: 0
OSM DEBUG: Chunks loaded 16/16, but queues not empty:
  - _building_results: 102
  - _road_queue: 0
  - _terrain_objects_queue: 0
  - _infrastructure_queue: 103
  - _pending_building_tasks: 0
OSM DEBUG: Chunks loaded 16/16, but queues not empty:
  - _building_results: 101
  - _road_queue: 0
  - _terrain_objects_queue: 0
  - _infrastructure_queue: 102
  - _pending_building_tasks: 0
OSM DEBUG: Chunks loaded 16/16, but queues not empty:
  - _building_results: 100
  - _road_queue: 0
  - _terrain_objects_queue: 0
  - _infrastructure_queue: 101
  - _pending_building_tasks: 0
OSM DEBUG: Chunks loaded 16/16, but queues not empty:
  - _building_results: 99
  - _road_queue: 0
  - _terrain_objects_queue: 0
  - _infrastructure_queue: 100
  - _pending_building_tasks: 0
OSM DEBUG: Chunks loaded 16/16, but queues not empty:
  - _building_results: 98
  - _road_queue: 0
  - _terrain_objects_queue: 0
  - _infrastructure_queue: 99
  - _pending_building_tasks: 0
OSM DEBUG: Chunks loaded 16/16, but queues not empty:
  - _building_results: 97
  - _road_queue: 0
  - _terrain_objects_queue: 0
  - _infrastructure_queue: 98
  - _pending_building_tasks: 0
OSM DEBUG: Chunks loaded 16/16, but queues not empty:
  - _building_results: 96
  - _road_queue: 0
  - _terrain_objects_queue: 0
  - _infrastructure_queue: 97
  - _pending_building_tasks: 0
OSM DEBUG: Chunks loaded 16/16, but queues not empty:
  - _building_results: 95
  - _road_queue: 0
  - _terrain_objects_queue: 0
  - _infrastructure_queue: 96
  - _pending_building_tasks: 0
OSM DEBUG: Chunks loaded 16/16, but queues not empty:
  - _building_results: 94
  - _road_queue: 0
  - _terrain_objects_queue: 0
  - _infrastructure_queue: 95
  - _pending_building_tasks: 0
OSM DEBUG: Chunks loaded 16/16, but queues not empty:
  - _building_results: 93
  - _road_queue: 0
  - _terrain_objects_queue: 0
  - _infrastructure_queue: 94
  - _pending_building_tasks: 0
OSM DEBUG: Chunks loaded 16/16, but queues not empty:
  - _building_results: 92
  - _road_queue: 0
  - _terrain_objects_queue: 0
  - _infrastructure_queue: 93
  - _pending_building_tasks: 0
OSM DEBUG: Chunks loaded 16/16, but queues not empty:
  - _building_results: 91
  - _road_queue: 0
  - _terrain_objects_queue: 0
  - _infrastructure_queue: 92
  - _pending_building_tasks: 0
OSM DEBUG: Chunks loaded 16/16, but queues not empty:
  - _building_results: 90
  - _road_queue: 0
  - _terrain_objects_queue: 0
  - _infrastructure_queue: 91
  - _pending_building_tasks: 0
🚗 Traffic: 6 active NPCs (Near: 2, Mid: 4, Far: 0), 0 pooled
  → Physics bodies from NPCs: 6 (All: 6×1, было бы 6×5=30)

========== Bottleneck Analysis Report ==========
Time: 6.3s | Frames: 86

📊 PERFORMANCE OVERVIEW:
  FPS: 20.7 avg | 1.0 min
  Frame Time: 46.21 ms avg | 693.07 ms max
  Physics Time: 1.41 ms avg

🔍 BOTTLENECK IDENTIFICATION:
  🔴 [CRITICAL] Frame Time
      Value: 46.21 ms (target: 16.67 ms)
      Impact: Overall performance bottleneck
      Suggestions:
        • Reduce draw calls
        • Optimize scripts in _process()
        • Check for expensive operations per frame

  🟡 [MEDIUM] Vertex Count
      Value: 51462806 vertices/frame
      Impact: GPU vertex processing
      Suggestions:
        • Implement LOD for distant objects
        • Simplify building meshes
        • Use lower poly models

  🟡 [MEDIUM] Post-Processing Effects
      Value: SSAO, Glow/Bloom, Volumetric Fog
      Impact: GPU shader overhead
      Suggestions:
        • Reduce SSR quality
        • Disable SSAO on low-end hardware
        • Use simpler fog

📈 DETAILED STATS:
  Draw Calls: 1985 avg | 2541 max
  Vertices: 51462806 avg | 52283239 max
  Physics Bodies: 52
  Nodes: 4849
  VRAM: 706.4 MB

=================================================

OSM DEBUG: Chunks loaded 16/16, but queues not empty:
  - _building_results: 89
  - _road_queue: 0
  - _terrain_objects_queue: 0
  - _infrastructure_queue: 90
  - _pending_building_tasks: 0
OSM DEBUG: Chunks loaded 16/16, but queues not empty:
  - _building_results: 88
  - _road_queue: 0
  - _terrain_objects_queue: 0
  - _infrastructure_queue: 89
  - _pending_building_tasks: 0
OSM DEBUG: Chunks loaded 16/16, but queues not empty:
  - _building_results: 87
  - _road_queue: 0
  - _terrain_objects_queue: 0
  - _infrastructure_queue: 88
  - _pending_building_tasks: 0
OSM DEBUG: Chunks loaded 16/16, but queues not empty:
  - _building_results: 86
  - _road_queue: 0
  - _terrain_objects_queue: 0
  - _infrastructure_queue: 87
  - _pending_building_tasks: 0
OSM DEBUG: Chunks loaded 16/16, but queues not empty:
  - _building_results: 85
  - _road_queue: 0
  - _terrain_objects_queue: 0
  - _infrastructure_queue: 86
  - _pending_building_tasks: 0
OSM DEBUG: Chunks loaded 16/16, but queues not empty:
  - _building_results: 84
  - _road_queue: 0
  - _terrain_objects_queue: 0
  - _infrastructure_queue: 85
  - _pending_building_tasks: 0
OSM DEBUG: Chunks loaded 16/16, but queues not empty:
  - _building_results: 83
  - _road_queue: 0
  - _terrain_objects_queue: 0
  - _infrastructure_queue: 84
  - _pending_building_tasks: 0
OSM DEBUG: Chunks loaded 16/16, but queues not empty:
  - _building_results: 82
  - _road_queue: 0
  - _terrain_objects_queue: 0
  - _infrastructure_queue: 83
  - _pending_building_tasks: 0
OSM DEBUG: Chunks loaded 16/16, but queues not empty:
  - _building_results: 81
  - _road_queue: 0
  - _terrain_objects_queue: 0
  - _infrastructure_queue: 82
  - _pending_building_tasks: 0
=== PAZ Model Meshes Debug ===
Total meshes found: 1
  - Mesh: bus_low_Material_006_0 (MeshInstance3D)
PAZ-32053 model setup complete
OSM DEBUG: Chunks loaded 16/16, but queues not empty:
  - _building_results: 80
  - _road_queue: 0
  - _terrain_objects_queue: 0
  - _infrastructure_queue: 81
  - _pending_building_tasks: 0
OSM DEBUG: Chunks loaded 16/16, but queues not empty:
  - _building_results: 79
  - _road_queue: 0
  - _terrain_objects_queue: 0
  - _infrastructure_queue: 80
  - _pending_building_tasks: 0
OSM DEBUG: Chunks loaded 16/16, but queues not empty:
  - _building_results: 78
  - _road_queue: 0
  - _terrain_objects_queue: 0
  - _infrastructure_queue: 79
  - _pending_building_tasks: 0
OSM DEBUG: Chunks loaded 16/16, but queues not empty:
  - _building_results: 77
  - _road_queue: 0
  - _terrain_objects_queue: 0
  - _infrastructure_queue: 78
  - _pending_building_tasks: 0
OSM DEBUG: Chunks loaded 16/16, but queues not empty:
  - _building_results: 76
  - _road_queue: 0
  - _terrain_objects_queue: 0
  - _infrastructure_queue: 77
  - _pending_building_tasks: 0
OSM DEBUG: Chunks loaded 16/16, but queues not empty:
  - _building_results: 75
  - _road_queue: 0
  - _terrain_objects_queue: 0
  - _infrastructure_queue: 76
  - _pending_building_tasks: 0
OSM DEBUG: Chunks loaded 16/16, but queues not empty:
  - _building_results: 74
  - _road_queue: 0
  - _terrain_objects_queue: 0
  - _infrastructure_queue: 75
  - _pending_building_tasks: 0
OSM DEBUG: Chunks loaded 16/16, but queues not empty:
  - _building_results: 73
  - _road_queue: 0
  - _terrain_objects_queue: 0
  - _infrastructure_queue: 74
  - _pending_building_tasks: 0
OSM DEBUG: Chunks loaded 16/16, but queues not empty:
  - _building_results: 72
  - _road_queue: 0
  - _terrain_objects_queue: 0
  - _infrastructure_queue: 73
  - _pending_building_tasks: 0
OSM DEBUG: Chunks loaded 16/16, but queues not empty:
  - _building_results: 71
  - _road_queue: 0
  - _terrain_objects_queue: 0
  - _infrastructure_queue: 72
  - _pending_building_tasks: 0
OSM DEBUG: Chunks loaded 16/16, but queues not empty:
  - _building_results: 70
  - _road_queue: 0
  - _terrain_objects_queue: 0
  - _infrastructure_queue: 71
  - _pending_building_tasks: 0
OSM DEBUG: Chunks loaded 16/16, but queues not empty:
  - _building_results: 69
  - _road_queue: 0
  - _terrain_objects_queue: 0
  - _infrastructure_queue: 70
  - _pending_building_tasks: 0
OSM DEBUG: Chunks loaded 16/16, but queues not empty:
  - _building_results: 68
  - _road_queue: 0
  - _terrain_objects_queue: 0
  - _infrastructure_queue: 69
  - _pending_building_tasks: 0
OSM DEBUG: Chunks loaded 16/16, but queues not empty:
  - _building_results: 67
  - _road_queue: 0
  - _terrain_objects_queue: 0
  - _infrastructure_queue: 68
  - _pending_building_tasks: 0
OSM DEBUG: Chunks loaded 16/16, but queues not empty:
  - _building_results: 66
  - _road_queue: 0
  - _terrain_objects_queue: 0
  - _infrastructure_queue: 67
  - _pending_building_tasks: 0
OSM DEBUG: Chunks loaded 16/16, but queues not empty:
  - _building_results: 65
  - _road_queue: 0
  - _terrain_objects_queue: 0
  - _infrastructure_queue: 66
  - _pending_building_tasks: 0
OSM DEBUG: Chunks loaded 16/16, but queues not empty:
  - _building_results: 64
  - _road_queue: 0
  - _terrain_objects_queue: 0
  - _infrastructure_queue: 65
  - _pending_building_tasks: 0
OSM DEBUG: Chunks loaded 16/16, but queues not empty:
  - _building_results: 63
  - _road_queue: 0
  - _terrain_objects_queue: 0
  - _infrastructure_queue: 64
  - _pending_building_tasks: 0
OSM DEBUG: Chunks loaded 16/16, but queues not empty:
  - _building_results: 62
  - _road_queue: 0
  - _terrain_objects_queue: 0
  - _infrastructure_queue: 63
  - _pending_building_tasks: 0
OSM DEBUG: Chunks loaded 16/16, but queues not empty:
  - _building_results: 61
  - _road_queue: 0
  - _terrain_objects_queue: 0
  - _infrastructure_queue: 62
  - _pending_building_tasks: 0
OSM DEBUG: Chunks loaded 16/16, but queues not empty:
  - _building_results: 60
  - _road_queue: 0
  - _terrain_objects_queue: 0
  - _infrastructure_queue: 61
  - _pending_building_tasks: 0
OSM DEBUG: Chunks loaded 16/16, but queues not empty:
  - _building_results: 59
  - _road_queue: 0
  - _terrain_objects_queue: 0
  - _infrastructure_queue: 60
  - _pending_building_tasks: 0
OSM DEBUG: Chunks loaded 16/16, but queues not empty:
  - _building_results: 58
  - _road_queue: 0
  - _terrain_objects_queue: 0
  - _infrastructure_queue: 59
  - _pending_building_tasks: 0
OSM DEBUG: Chunks loaded 16/16, but queues not empty:
  - _building_results: 57
  - _road_queue: 0
  - _terrain_objects_queue: 0
  - _infrastructure_queue: 58
  - _pending_building_tasks: 0
OSM DEBUG: Chunks loaded 16/16, but queues not empty:
  - _building_results: 56
  - _road_queue: 0
  - _terrain_objects_queue: 0
  - _infrastructure_queue: 57
  - _pending_building_tasks: 0
OSM DEBUG: Chunks loaded 16/16, but queues not empty:
  - _building_results: 55
  - _road_queue: 0
  - _terrain_objects_queue: 0
  - _infrastructure_queue: 56
  - _pending_building_tasks: 0
OSM DEBUG: Chunks loaded 16/16, but queues not empty:
  - _building_results: 54
  - _road_queue: 0
  - _terrain_objects_queue: 0
  - _infrastructure_queue: 55
  - _pending_building_tasks: 0
OSM DEBUG: Chunks loaded 16/16, but queues not empty:
  - _building_results: 53
  - _road_queue: 0
  - _terrain_objects_queue: 0
  - _infrastructure_queue: 54
  - _pending_building_tasks: 0
OSM DEBUG: Chunks loaded 16/16, but queues not empty:
  - _building_results: 52
  - _road_queue: 0
  - _terrain_objects_queue: 0
  - _infrastructure_queue: 53
  - _pending_building_tasks: 0
OSM DEBUG: Chunks loaded 16/16, but queues not empty:
  - _building_results: 51
  - _road_queue: 0
  - _terrain_objects_queue: 0
  - _infrastructure_queue: 52
  - _pending_building_tasks: 0
OSM DEBUG: Chunks loaded 16/16, but queues not empty:
  - _building_results: 50
  - _road_queue: 0
  - _terrain_objects_queue: 0
  - _infrastructure_queue: 51
  - _pending_building_tasks: 0
OSM DEBUG: Chunks loaded 16/16, but queues not empty:
  - _building_results: 49
  - _road_queue: 0
  - _terrain_objects_queue: 0
  - _infrastructure_queue: 50
  - _pending_building_tasks: 0
OSM DEBUG: Chunks loaded 16/16, but queues not empty:
  - _building_results: 48
  - _road_queue: 0
  - _terrain_objects_queue: 0
  - _infrastructure_queue: 49
  - _pending_building_tasks: 0
OSM DEBUG: Chunks loaded 16/16, but queues not empty:
  - _building_results: 47
  - _road_queue: 0
  - _terrain_objects_queue: 0
  - _infrastructure_queue: 48
  - _pending_building_tasks: 0
OSM DEBUG: Chunks loaded 16/16, but queues not empty:
  - _building_results: 46
  - _road_queue: 0
  - _terrain_objects_queue: 0
  - _infrastructure_queue: 47
  - _pending_building_tasks: 0
OSM DEBUG: Chunks loaded 16/16, but queues not empty:
  - _building_results: 45
  - _road_queue: 0
  - _terrain_objects_queue: 0
  - _infrastructure_queue: 46
  - _pending_building_tasks: 0
OSM DEBUG: Chunks loaded 16/16, but queues not empty:
  - _building_results: 44
  - _road_queue: 0
  - _terrain_objects_queue: 0
  - _infrastructure_queue: 45
  - _pending_building_tasks: 0
OSM DEBUG: Chunks loaded 16/16, but queues not empty:
  - _building_results: 43
  - _road_queue: 0
  - _terrain_objects_queue: 0
  - _infrastructure_queue: 44
  - _pending_building_tasks: 0
OSM DEBUG: Chunks loaded 16/16, but queues not empty:
  - _building_results: 42
  - _road_queue: 0
  - _terrain_objects_queue: 0
  - _infrastructure_queue: 43
  - _pending_building_tasks: 0
OSM DEBUG: Chunks loaded 16/16, but queues not empty:
  - _building_results: 41
  - _road_queue: 0
  - _terrain_objects_queue: 0
  - _infrastructure_queue: 42
  - _pending_building_tasks: 0
OSM DEBUG: Chunks loaded 16/16, but queues not empty:
  - _building_results: 40
  - _road_queue: 0
  - _terrain_objects_queue: 0
  - _infrastructure_queue: 41
  - _pending_building_tasks: 0
OSM DEBUG: Chunks loaded 16/16, but queues not empty:
  - _building_results: 39
  - _road_queue: 0
  - _terrain_objects_queue: 0
  - _infrastructure_queue: 40
  - _pending_building_tasks: 0
OSM DEBUG: Chunks loaded 16/16, but queues not empty:
  - _building_results: 38
  - _road_queue: 0
  - _terrain_objects_queue: 0
  - _infrastructure_queue: 39
  - _pending_building_tasks: 0
OSM DEBUG: Chunks loaded 16/16, but queues not empty:
  - _building_results: 37
  - _road_queue: 0
  - _terrain_objects_queue: 0
  - _infrastructure_queue: 38
  - _pending_building_tasks: 0
OSM DEBUG: Chunks loaded 16/16, but queues not empty:
  - _building_results: 36
  - _road_queue: 0
  - _terrain_objects_queue: 0
  - _infrastructure_queue: 37
  - _pending_building_tasks: 0
OSM DEBUG: Chunks loaded 16/16, but queues not empty:
  - _building_results: 35
  - _road_queue: 0
  - _terrain_objects_queue: 0
  - _infrastructure_queue: 36
  - _pending_building_tasks: 0
OSM DEBUG: Chunks loaded 16/16, but queues not empty:
  - _building_results: 34
  - _road_queue: 0
  - _terrain_objects_queue: 0
  - _infrastructure_queue: 35
  - _pending_building_tasks: 0
OSM DEBUG: Chunks loaded 16/16, but queues not empty:
  - _building_results: 33
  - _road_queue: 0
  - _terrain_objects_queue: 0
  - _infrastructure_queue: 34
  - _pending_building_tasks: 0
OSM DEBUG: Chunks loaded 16/16, but queues not empty:
  - _building_results: 32
  - _road_queue: 0
  - _terrain_objects_queue: 0
  - _infrastructure_queue: 33
  - _pending_building_tasks: 0
OSM DEBUG: Chunks loaded 16/16, but queues not empty:
  - _building_results: 31
  - _road_queue: 0
  - _terrain_objects_queue: 0
  - _infrastructure_queue: 32
  - _pending_building_tasks: 0
OSM DEBUG: Chunks loaded 16/16, but queues not empty:
  - _building_results: 30
  - _road_queue: 0
  - _terrain_objects_queue: 0
  - _infrastructure_queue: 31
  - _pending_building_tasks: 0
OSM DEBUG: Chunks loaded 16/16, but queues not empty:
  - _building_results: 29
  - _road_queue: 0
  - _terrain_objects_queue: 0
  - _infrastructure_queue: 30
  - _pending_building_tasks: 0
OSM DEBUG: Chunks loaded 16/16, but queues not empty:
  - _building_results: 28
  - _road_queue: 0
  - _terrain_objects_queue: 0
  - _infrastructure_queue: 29
  - _pending_building_tasks: 0
OSM DEBUG: Chunks loaded 16/16, but queues not empty:
  - _building_results: 27
  - _road_queue: 0
  - _terrain_objects_queue: 0
  - _infrastructure_queue: 28
  - _pending_building_tasks: 0
OSM DEBUG: Chunks loaded 16/16, but queues not empty:
  - _building_results: 26
  - _road_queue: 0
  - _terrain_objects_queue: 0
  - _infrastructure_queue: 27
  - _pending_building_tasks: 0
OSM DEBUG: Chunks loaded 16/16, but queues not empty:
  - _building_results: 25
  - _road_queue: 0
  - _terrain_objects_queue: 0
  - _infrastructure_queue: 26
  - _pending_building_tasks: 0
OSM DEBUG: Chunks loaded 16/16, but queues not empty:
  - _building_results: 24
  - _road_queue: 0
  - _terrain_objects_queue: 0
  - _infrastructure_queue: 25
  - _pending_building_tasks: 0
OSM DEBUG: Chunks loaded 16/16, but queues not empty:
  - _building_results: 23
  - _road_queue: 0
  - _terrain_objects_queue: 0
  - _infrastructure_queue: 24
  - _pending_building_tasks: 0
OSM DEBUG: Chunks loaded 16/16, but queues not empty:
  - _building_results: 22
  - _road_queue: 0
  - _terrain_objects_queue: 0
  - _infrastructure_queue: 23
  - _pending_building_tasks: 0
OSM DEBUG: Chunks loaded 16/16, but queues not empty:
  - _building_results: 21
  - _road_queue: 0
  - _terrain_objects_queue: 0
  - _infrastructure_queue: 22
  - _pending_building_tasks: 0
OSM DEBUG: Chunks loaded 16/16, but queues not empty:
  - _building_results: 20
  - _road_queue: 0
  - _terrain_objects_queue: 0
  - _infrastructure_queue: 21
  - _pending_building_tasks: 0
OSM DEBUG: Chunks loaded 16/16, but queues not empty:
  - _building_results: 19
  - _road_queue: 0
  - _terrain_objects_queue: 0
  - _infrastructure_queue: 20
  - _pending_building_tasks: 0
OSM DEBUG: Chunks loaded 16/16, but queues not empty:
  - _building_results: 18
  - _road_queue: 0
  - _terrain_objects_queue: 0
  - _infrastructure_queue: 19
  - _pending_building_tasks: 0
OSM DEBUG: Chunks loaded 16/16, but queues not empty:
  - _building_results: 17
  - _road_queue: 0
  - _terrain_objects_queue: 0
  - _infrastructure_queue: 18
  - _pending_building_tasks: 0
OSM DEBUG: Chunks loaded 16/16, but queues not empty:
  - _building_results: 16
  - _road_queue: 0
  - _terrain_objects_queue: 0
  - _infrastructure_queue: 17
  - _pending_building_tasks: 0
OSM DEBUG: Chunks loaded 16/16, but queues not empty:
  - _building_results: 15
  - _road_queue: 0
  - _terrain_objects_queue: 0
  - _infrastructure_queue: 16
  - _pending_building_tasks: 0
OSM DEBUG: Chunks loaded 16/16, but queues not empty:
  - _building_results: 14
  - _road_queue: 0
  - _terrain_objects_queue: 0
  - _infrastructure_queue: 15
  - _pending_building_tasks: 0
OSM DEBUG: Chunks loaded 16/16, but queues not empty:
  - _building_results: 13
  - _road_queue: 0
  - _terrain_objects_queue: 0
  - _infrastructure_queue: 14
  - _pending_building_tasks: 0
OSM DEBUG: Chunks loaded 16/16, but queues not empty:
  - _building_results: 12
  - _road_queue: 0
  - _terrain_objects_queue: 0
  - _infrastructure_queue: 13
  - _pending_building_tasks: 0
OSM DEBUG: Chunks loaded 16/16, but queues not empty:
  - _building_results: 11
  - _road_queue: 0
  - _terrain_objects_queue: 0
  - _infrastructure_queue: 12
  - _pending_building_tasks: 0
OSM DEBUG: Chunks loaded 16/16, but queues not empty:
  - _building_results: 10
  - _road_queue: 0
  - _terrain_objects_queue: 0
  - _infrastructure_queue: 11
  - _pending_building_tasks: 0
OSM DEBUG: Chunks loaded 16/16, but queues not empty:
  - _building_results: 9
  - _road_queue: 0
  - _terrain_objects_queue: 0
  - _infrastructure_queue: 10
  - _pending_building_tasks: 0
OSM DEBUG: Chunks loaded 16/16, but queues not empty:
  - _building_results: 8
  - _road_queue: 0
  - _terrain_objects_queue: 0
  - _infrastructure_queue: 9
  - _pending_building_tasks: 0
OSM DEBUG: Chunks loaded 16/16, but queues not empty:
  - _building_results: 7
  - _road_queue: 0
  - _terrain_objects_queue: 0
  - _infrastructure_queue: 8
  - _pending_building_tasks: 0
OSM DEBUG: Chunks loaded 16/16, but queues not empty:
  - _building_results: 6
  - _road_queue: 0
  - _terrain_objects_queue: 0
  - _infrastructure_queue: 7
  - _pending_building_tasks: 0
OSM DEBUG: Chunks loaded 16/16, but queues not empty:
  - _building_results: 5
  - _road_queue: 0
  - _terrain_objects_queue: 0
  - _infrastructure_queue: 6
  - _pending_building_tasks: 0
OSM DEBUG: Chunks loaded 16/16, but queues not empty:
  - _building_results: 4
  - _road_queue: 0
  - _terrain_objects_queue: 0
  - _infrastructure_queue: 5
  - _pending_building_tasks: 0
OSM DEBUG: Chunks loaded 16/16, but queues not empty:
  - _building_results: 3
  - _road_queue: 0
  - _terrain_objects_queue: 0
  - _infrastructure_queue: 4
  - _pending_building_tasks: 0
OSM DEBUG: Chunks loaded 16/16, but queues not empty:
  - _building_results: 2
  - _road_queue: 0
  - _terrain_objects_queue: 0
  - _infrastructure_queue: 3
  - _pending_building_tasks: 0
OSM DEBUG: Chunks loaded 16/16, but queues not empty:
  - _building_results: 1
  - _road_queue: 0
  - _terrain_objects_queue: 0
  - _infrastructure_queue: 2
  - _pending_building_tasks: 0
Loading cache for shader SceneForwardClusteredShaderRD, variant 0
Loading cache for shader SceneForwardClusteredShaderRD, variant 1
Loading cache for shader SceneForwardClusteredShaderRD, variant 2
Loading cache for shader SceneForwardClusteredShaderRD, variant 3
Loading cache for shader SceneForwardClusteredShaderRD, variant 4
Loading cache for shader SceneForwardClusteredShaderRD, variant 5
Loading cache for shader SceneForwardClusteredShaderRD, variant 6
Loading cache for shader SceneForwardClusteredShaderRD, variant 7
Loading cache for shader SceneForwardClusteredShaderRD, variant 0
Loading cache for shader SceneForwardClusteredShaderRD, variant 1
Loading cache for shader SceneForwardClusteredShaderRD, variant 2
Loading cache for shader SceneForwardClusteredShaderRD, variant 3
Loading cache for shader SceneForwardClusteredShaderRD, variant 4
Loading cache for shader SceneForwardClusteredShaderRD, variant 5
Loading cache for shader SceneForwardClusteredShaderRD, variant 6
Loading cache for shader SceneForwardClusteredShaderRD, variant 7
Loading cache for shader SceneForwardClusteredShaderRD, variant 8
Loading cache for shader SceneForwardClusteredShaderRD, variant 9
Loading cache for shader SceneForwardClusteredShaderRD, variant 10
Loading cache for shader SceneForwardClusteredShaderRD, variant 11
Loading cache for shader SceneForwardClusteredShaderRD, variant 12
Loading cache for shader SceneForwardClusteredShaderRD, variant 13
Loading cache for shader SceneForwardClusteredShaderRD, variant 14
Loading cache for shader SceneForwardClusteredShaderRD, variant 15
Loading cache for shader SceneForwardClusteredShaderRD, variant 16
Loading cache for shader SceneForwardClusteredShaderRD, variant 17
OSM: 🌙 NIGHT Window batch 0,-1 | night_mgr: CACHED | is_night value: true
OSM: ✅ Finalized window batch 0,-1: 1555 windows (was 1555 draw calls before batching)
⚠️ SLOW FRAME 14.4ms: building=0.0 road=13.8 terrain=0.0 infra=0.4 veg=0.0 curb=0.1ms
OSM DEBUG: Chunks loaded 16/16, but queues not empty:
  - _building_results: 0
  - _road_queue: 0
  - _terrain_objects_queue: 0
  - _infrastructure_queue: 1
  - _pending_building_tasks: 0
OSM: 🌙 NIGHT Window batch -1,-1 | night_mgr: CACHED | is_night value: true
OSM: ✅ Finalized window batch -1,-1: 4286 windows (was 4286 draw calls before batching)
OSM: Starting finalization...
OSM: _create_pending_lamps started, count=942
OSM: DEBUG - First lamp added to chunk 0,-1 batch
OSM: DEBUG - First lamp added to chunk 0,0 batch
OSM: DEBUG - First lamp added to chunk -1,-1 batch
OSM: DEBUG - First lamp added to chunk -2,-1 batch
OSM: DEBUG - First lamp added to chunk -2,-2 batch
OSM: DEBUG - First lamp added to chunk 0,1 batch
OSM: DEBUG - First lamp added to chunk 0,-2 batch
OSM: DEBUG - First lamp added to chunk 1,-1 batch
OSM: Created 404 lamps, skipped 538 (added to batches)
OSM: Finalizing 8 lamp batches immediately...
Loading cache for shader SceneForwardClusteredShaderRD, variant 0
Loading cache for shader SceneForwardClusteredShaderRD, variant 1
Loading cache for shader SceneForwardClusteredShaderRD, variant 2
Loading cache for shader SceneForwardClusteredShaderRD, variant 3
Loading cache for shader SceneForwardClusteredShaderRD, variant 4
Loading cache for shader SceneForwardClusteredShaderRD, variant 5
Loading cache for shader SceneForwardClusteredShaderRD, variant 6
Loading cache for shader SceneForwardClusteredShaderRD, variant 7
Loading cache for shader SceneForwardClusteredShaderRD, variant 0
Loading cache for shader SceneForwardClusteredShaderRD, variant 1
Loading cache for shader SceneForwardClusteredShaderRD, variant 2
Loading cache for shader SceneForwardClusteredShaderRD, variant 3
Loading cache for shader SceneForwardClusteredShaderRD, variant 4
Loading cache for shader SceneForwardClusteredShaderRD, variant 5
Loading cache for shader SceneForwardClusteredShaderRD, variant 6
Loading cache for shader SceneForwardClusteredShaderRD, variant 7
Loading cache for shader SceneForwardClusteredShaderRD, variant 8
Loading cache for shader SceneForwardClusteredShaderRD, variant 9
Loading cache for shader SceneForwardClusteredShaderRD, variant 10
Loading cache for shader SceneForwardClusteredShaderRD, variant 11
Loading cache for shader SceneForwardClusteredShaderRD, variant 12
Loading cache for shader SceneForwardClusteredShaderRD, variant 13
Loading cache for shader SceneForwardClusteredShaderRD, variant 14
Loading cache for shader SceneForwardClusteredShaderRD, variant 15
Loading cache for shader SceneForwardClusteredShaderRD, variant 16
Loading cache for shader SceneForwardClusteredShaderRD, variant 17
OSM: ✅ Finalized lamp batch 0,-1: 62 lamps (3 MultiMeshes + 62 lights, was 186 draw calls before)
OSM: ✅ Finalized lamp batch 0,0: 6 lamps (3 MultiMeshes + 6 lights, was 18 draw calls before)
OSM: ✅ Finalized lamp batch -1,-1: 34 lamps (3 MultiMeshes + 34 lights, was 102 draw calls before)
OSM: ✅ Finalized lamp batch -2,-1: 50 lamps (3 MultiMeshes + 50 lights, was 150 draw calls before)
OSM: ✅ Finalized lamp batch -2,-2: 1 lamps (3 MultiMeshes + 1 lights, was 3 draw calls before)
OSM: ✅ Finalized lamp batch 0,1: 11 lamps (3 MultiMeshes + 11 lights, was 33 draw calls before)
OSM: ✅ Finalized lamp batch 0,-2: 45 lamps (3 MultiMeshes + 45 lights, was 135 draw calls before)
OSM: ✅ Finalized lamp batch 1,-1: 14 lamps (3 MultiMeshes + 14 lights, was 42 draw calls before)
OSM: Lamps done, starting parking signs...
OSM: _create_pending_parking_signs started, count=16, road_segments=2377
OSM: Created 16 parking signs
OSM: Parking signs done
OSM: Initial loading complete! 16 chunks loaded

[PerformanceTestDetailed] ✓ Terrain loaded! Starting test in 2 seconds...
OSM: 🌙 NIGHT Window batch -1,0 | night_mgr: CACHED | is_night value: true
OSM: ✅ Finalized window batch -1,0: 728 windows (was 728 draw calls before batching)
OSM: 🌙 NIGHT Window batch -2,0 | night_mgr: CACHED | is_night value: true
OSM: ✅ Finalized window batch -2,0: 96 windows (was 96 draw calls before batching)
🚗 Traffic: 12 active NPCs (Near: 2, Mid: 10, Far: 0), 0 pooled
  → Physics bodies from NPCs: 12 (All: 12×1, было бы 12×5=60)

========== Bottleneck Analysis Report ==========
Time: 8.3s | Frames: 179

📊 PERFORMANCE OVERVIEW:
  FPS: 48.5 avg | 19.0 min
  Frame Time: 38.69 ms avg | 41.99 ms max
  Physics Time: 2.58 ms avg

🔍 BOTTLENECK IDENTIFICATION:
  🔴 [CRITICAL] Frame Time
      Value: 38.69 ms (target: 16.67 ms)
      Impact: Overall performance bottleneck
      Suggestions:
        • Reduce draw calls
        • Optimize scripts in _process()
        • Check for expensive operations per frame

  🟠 [HIGH] Draw Calls
      Value: 3163 calls/frame
      Impact: GPU rendering overhead
      Suggestions:
        • Batch meshes by material
        • Use MultiMeshInstance3D
        • Implement LOD system
        • Enable frustum culling

  🟡 [MEDIUM] Vertex Count
      Value: 52423502 vertices/frame
      Impact: GPU vertex processing
      Suggestions:
        • Implement LOD for distant objects
        • Simplify building meshes
        • Use lower poly models

  🟡 [MEDIUM] Node Count
      Value: 10378 nodes
      Impact: Scene tree traversal overhead
      Suggestions:
        • Unload distant chunks
        • Pool and reuse nodes
        • Flatten hierarchy where possible

  🟡 [MEDIUM] Post-Processing Effects
      Value: SSAO, Glow/Bloom, Volumetric Fog
      Impact: GPU shader overhead
      Suggestions:
        • Reduce SSR quality
        • Disable SSAO on low-end hardware
        • Use simpler fog

📈 DETAILED STATS:
  Draw Calls: 3163 avg | 4169 max
  Vertices: 52423502 avg | 56353362 max
  Physics Bodies: 130
  Nodes: 10378
  VRAM: 714.0 MB

=================================================

OSM: 🌙 NIGHT Window batch -2,-1 | night_mgr: CACHED | is_night value: true
OSM: ✅ Finalized window batch -2,-1: 2311 windows (was 2311 draw calls before batching)
OSM: 🌙 NIGHT Window batch -1,-2 | night_mgr: CACHED | is_night value: true
OSM: ✅ Finalized window batch -1,-2: 5365 windows (was 5365 draw calls before batching)
OSM: 🌙 NIGHT Window batch 1,0 | night_mgr: CACHED | is_night value: true
OSM: ✅ Finalized window batch 1,0: 40 windows (was 40 draw calls before batching)
OSM: 🌙 NIGHT Window batch 1,-1 | night_mgr: CACHED | is_night value: true
OSM: ✅ Finalized window batch 1,-1: 4967 windows (was 4967 draw calls before batching)
OSM: 🌙 NIGHT Window batch 0,-2 | night_mgr: CACHED | is_night value: true
OSM: ✅ Finalized window batch 0,-2: 2148 windows (was 2148 draw calls before batching)
OSM: 🌙 NIGHT Window batch -2,-2 | night_mgr: CACHED | is_night value: true
OSM: ✅ Finalized window batch -2,-2: 5534 windows (was 5534 draw calls before batching)
OSM: 🌙 NIGHT Window batch 1,-2 | night_mgr: CACHED | is_night value: true
OSM: ✅ Finalized window batch 1,-2: 4954 windows (was 4954 draw calls before batching)

=== PERFORMANCE METRICS ===
FPS: 39 | Frame: 22.5 ms (max 145.4) | Physics: 18.2 ms (max 694.4)
Godot Process: 85.53 ms | Physics: 3.91 ms
Objects: 28712 | Nodes: 11816 | Resources: 535
Draw calls: 4269 | Vertices: 56685006 | VRAM: 718.0 MB
Physics bodies: 207 | Collision pairs: 1958
--- System Times ---
  road_batch_finalize_total_-1,-1: 10.68 ms (max 10.68)
  road_batch_finalize_total_-1,-2: 5.20 ms (max 5.20)
  road_batch_finalize_total_-1,0: 32.15 ms (max 32.15)
  road_batch_finalize_total_-2,-1: 17.24 ms (max 17.24)
  road_batch_finalize_total_-2,-2: 16.60 ms (max 16.60)
  road_batch_finalize_total_-2,0: 15.35 ms (max 15.35)
  road_batch_finalize_total_0,-1: 21.83 ms (max 21.83)
  road_batch_finalize_total_0,-2: 20.84 ms (max 20.84)
  road_batch_finalize_total_0,0: 20.01 ms (max 20.01)
  road_batch_finalize_total_0,1: 15.28 ms (max 15.28)
  road_batch_finalize_total_1,-1: 23.49 ms (max 23.49)
  road_batch_finalize_total_1,-2: 21.39 ms (max 21.39)
  road_batch_finalize_total_1,0: 19.34 ms (max 19.34)
  road_collision_create_-1,-1: 3.35 ms (max 3.90)
  road_collision_create_-1,-2: 2.39 ms (max 2.93)
  road_collision_create_-1,0: 15.82 ms (max 29.34)
  road_collision_create_-2,-1: 5.54 ms (max 11.21)
  road_collision_create_-2,-2: 8.03 ms (max 14.50)
  road_collision_create_-2,0: 7.45 ms (max 11.84)
  road_collision_create_0,-1: 7.05 ms (max 15.39)
  road_collision_create_0,-2: 6.73 ms (max 13.86)
  road_collision_create_0,0: 6.47 ms (max 16.45)
  road_collision_create_0,1: 15.02 ms (max 15.02)
  road_collision_create_1,-1: 7.63 ms (max 19.29)
  road_collision_create_1,-2: 10.48 ms (max 18.10)
  road_collision_create_1,0: 19.07 ms (max 19.07)
===========================

=== PERFORMANCE METRICS ===
FPS: 39 | Frame: 22.5 ms (max 145.4) | Physics: 16.3 ms (max 89.2)
Godot Process: 85.53 ms | Physics: 3.91 ms
Objects: 28712 | Nodes: 11816 | Resources: 535
Draw calls: 4269 | Vertices: 56685006 | VRAM: 718.0 MB
Physics bodies: 207 | Collision pairs: 1958
===========================
[PerformanceLogger] Started logging: detailed_test_90s
🚀 Test started!

🚗 Traffic: 15 active NPCs (Near: 2, Mid: 12, Far: 1), 1 pooled
  → Physics bodies from NPCs: 15 (All: 15×1, было бы 15×5=75)

========== Bottleneck Analysis Report ==========
Time: 10.3s | Frames: 271

📊 PERFORMANCE OVERVIEW:
  FPS: 45.6 avg | 39.0 min
  Frame Time: 56.88 ms avg | 85.53 ms max
  Physics Time: 3.67 ms avg

🔍 BOTTLENECK IDENTIFICATION:
  🔴 [CRITICAL] Frame Time
      Value: 56.88 ms (target: 16.67 ms)
      Impact: Overall performance bottleneck
      Suggestions:
        • Reduce draw calls
        • Optimize scripts in _process()
        • Check for expensive operations per frame

  🟠 [HIGH] Draw Calls
      Value: 4175 calls/frame
      Impact: GPU rendering overhead
      Suggestions:
        • Batch meshes by material
        • Use MultiMeshInstance3D
        • Implement LOD system
        • Enable frustum culling

  🟡 [MEDIUM] Vertex Count
      Value: 55747017 vertices/frame
      Impact: GPU vertex processing
      Suggestions:
        • Implement LOD for distant objects
        • Simplify building meshes
        • Use lower poly models

  🟡 [MEDIUM] Physics Bodies
      Value: 199 active bodies
      Impact: Physics engine load
      Suggestions:
        • Reduce NPC count
        • Convert distant NPCs to kinematic
        • Disable physics for far objects

  🟡 [MEDIUM] Node Count
      Value: 11986 nodes
      Impact: Scene tree traversal overhead
      Suggestions:
        • Unload distant chunks
        • Pool and reuse nodes
        • Flatten hierarchy where possible

  🟡 [MEDIUM] Post-Processing Effects
      Value: SSAO, Glow/Bloom, Volumetric Fog
      Impact: GPU shader overhead
      Suggestions:
        • Reduce SSR quality
        • Disable SSAO on low-end hardware
        • Use simpler fog

📈 DETAILED STATS:
  Draw Calls: 4175 avg | 4288 max
  Vertices: 55747017 avg | 56685006 max
  Physics Bodies: 199
  Nodes: 11986
  VRAM: 718.0 MB

=================================================

⚡ FRAME SPIKE #1: 25.8 ms at 0.5s (Draw: 5120, Bodies: 209)
⚡ FRAME SPIKE #2: 26.1 ms at 0.5s (Draw: 5122, Bodies: 209)
⚡ FRAME SPIKE #3: 25.2 ms at 1.4s (Draw: 5117, Bodies: 209)
🚗 Traffic: 17 active NPCs (Near: 3, Mid: 13, Far: 1), 1 pooled
  → Physics bodies from NPCs: 17 (All: 17×1, было бы 17×5=85)

========== Bottleneck Analysis Report ==========
Time: 12.3s | Frames: 357

📊 PERFORMANCE OVERVIEW:
  FPS: 44.8 avg | 39.0 min
  Frame Time: 38.14 ms avg | 85.53 ms max
  Physics Time: 4.18 ms avg

🔍 BOTTLENECK IDENTIFICATION:
  🔴 [CRITICAL] Frame Time
      Value: 38.14 ms (target: 16.67 ms)
      Impact: Overall performance bottleneck
      Suggestions:
        • Reduce draw calls
        • Optimize scripts in _process()
        • Check for expensive operations per frame

  🟠 [HIGH] Draw Calls
      Value: 4773 calls/frame
      Impact: GPU rendering overhead
      Suggestions:
        • Batch meshes by material
        • Use MultiMeshInstance3D
        • Implement LOD system
        • Enable frustum culling

  🟠 [HIGH] Physics Bodies
      Value: 208 active bodies
      Impact: Physics engine load
      Suggestions:
        • Reduce NPC count
        • Convert distant NPCs to kinematic
        • Disable physics for far objects

  🟡 [MEDIUM] Vertex Count
      Value: 56691100 vertices/frame
      Impact: GPU vertex processing
      Suggestions:
        • Implement LOD for distant objects
        • Simplify building meshes
        • Use lower poly models

  🟡 [MEDIUM] Node Count
      Value: 12028 nodes
      Impact: Scene tree traversal overhead
      Suggestions:
        • Unload distant chunks
        • Pool and reuse nodes
        • Flatten hierarchy where possible

  🟡 [MEDIUM] Post-Processing Effects
      Value: SSAO, Glow/Bloom, Volumetric Fog
      Impact: GPU shader overhead
      Suggestions:
        • Reduce SSR quality
        • Disable SSAO on low-end hardware
        • Use simpler fog

📈 DETAILED STATS:
  Draw Calls: 4773 avg | 5134 max
  Vertices: 56691100 avg | 56718988 max
  Physics Bodies: 208
  Nodes: 12028
  VRAM: 718.9 MB

=================================================

⚡ FRAME SPIKE #4: 69.9 ms at 2.5s (Draw: 4949, Bodies: 212)
⚡ FRAME SPIKE #5: 41.2 ms at 2.6s (Draw: 4950, Bodies: 212)
⚡ FRAME SPIKE #6: 42.2 ms at 2.6s (Draw: 4940, Bodies: 212)
⚡ FRAME SPIKE #7: 33.4 ms at 2.7s (Draw: 4941, Bodies: 212)
⚡ FRAME SPIKE #8: 33.3 ms at 2.7s (Draw: 4941, Bodies: 212)
⚡ FRAME SPIKE #9: 25.0 ms at 2.7s (Draw: 4946, Bodies: 212)
⚡ FRAME SPIKE #10: 27.2 ms at 2.8s (Draw: 4945, Bodies: 212)
⚡ FRAME SPIKE #11: 26.3 ms at 2.8s (Draw: 4942, Bodies: 212)
⚡ FRAME SPIKE #12: 27.6 ms at 2.8s (Draw: 4942, Bodies: 212)
⚡ FRAME SPIKE #13: 27.1 ms at 2.9s (Draw: 4943, Bodies: 212)
⚡ FRAME SPIKE #14: 26.7 ms at 2.9s (Draw: 4941, Bodies: 212)
⚡ FRAME SPIKE #15: 25.9 ms at 3.0s (Draw: 4938, Bodies: 212)
⚡ FRAME SPIKE #16: 25.8 ms at 3.0s (Draw: 4938, Bodies: 212)
=== PAZ Model Meshes Debug ===
Total meshes found: 1
  - Mesh: bus_low_Material_006_0 (MeshInstance3D)
PAZ-32053 model setup complete

=== PERFORMANCE METRICS ===
FPS: 41 | Frame: 23.7 ms (max 97.5) | Physics: 16.7 ms (max 64.7)
Godot Process: 23.46 ms | Physics: 5.42 ms
Objects: 29260 | Nodes: 12152 | Resources: 535
Draw calls: 4954 | Vertices: 56392587 | VRAM: 718.9 MB
Physics bodies: 213 | Collision pairs: 2049
--- System Times ---
  road_batch_finalize_total_-1,-1: 10.68 ms (max 10.68)
  road_batch_finalize_total_-1,-2: 5.20 ms (max 5.20)
  road_batch_finalize_total_-1,0: 32.15 ms (max 32.15)
  road_batch_finalize_total_-2,-1: 17.24 ms (max 17.24)
  road_batch_finalize_total_-2,-2: 16.60 ms (max 16.60)
  road_batch_finalize_total_-2,0: 15.35 ms (max 15.35)
  road_batch_finalize_total_0,-1: 21.83 ms (max 21.83)
  road_batch_finalize_total_0,-2: 20.84 ms (max 20.84)
  road_batch_finalize_total_0,0: 20.01 ms (max 20.01)
  road_batch_finalize_total_0,1: 15.28 ms (max 15.28)
  road_batch_finalize_total_1,-1: 23.49 ms (max 23.49)
  road_batch_finalize_total_1,-2: 21.39 ms (max 21.39)
  road_batch_finalize_total_1,0: 19.34 ms (max 19.34)
  road_collision_create_-1,-1: 3.35 ms (max 3.90)
  road_collision_create_-1,-2: 2.39 ms (max 2.93)
  road_collision_create_-1,0: 15.82 ms (max 29.34)
  road_collision_create_-2,-1: 5.54 ms (max 11.21)
  road_collision_create_-2,-2: 8.03 ms (max 14.50)
  road_collision_create_-2,0: 7.45 ms (max 11.84)
  road_collision_create_0,-1: 7.05 ms (max 15.39)
  road_collision_create_0,-2: 6.73 ms (max 13.86)
  road_collision_create_0,0: 6.47 ms (max 16.45)
  road_collision_create_0,1: 15.02 ms (max 15.02)
  road_collision_create_1,-1: 7.63 ms (max 19.29)
  road_collision_create_1,-2: 10.48 ms (max 18.10)
  road_collision_create_1,0: 19.07 ms (max 19.07)
===========================
🚗 Traffic: 21 active NPCs (Near: 5, Mid: 13, Far: 3), 2 pooled
  → Physics bodies from NPCs: 21 (All: 21×1, было бы 21×5=105)

=== PERFORMANCE METRICS ===
FPS: 41 | Frame: 23.7 ms (max 97.5) | Physics: 16.7 ms (max 64.7)
Godot Process: 23.46 ms | Physics: 5.42 ms
Objects: 29260 | Nodes: 12152 | Resources: 535
Draw calls: 4954 | Vertices: 56392587 | VRAM: 718.9 MB
Physics bodies: 213 | Collision pairs: 2049
===========================

========== Bottleneck Analysis Report ==========
Time: 14.3s | Frames: 435

📊 PERFORMANCE OVERVIEW:
  FPS: 41.1 avg | 37.0 min
  Frame Time: 24.13 ms avg | 28.57 ms max
  Physics Time: 4.89 ms avg

🔍 BOTTLENECK IDENTIFICATION:
  🟠 [HIGH] Frame Time
      Value: 24.13 ms (target: 16.67 ms)
      Impact: Overall performance bottleneck
      Suggestions:
        • Reduce draw calls
        • Optimize scripts in _process()
        • Check for expensive operations per frame

  🟠 [HIGH] Draw Calls
      Value: 5009 calls/frame
      Impact: GPU rendering overhead
      Suggestions:
        • Batch meshes by material
        • Use MultiMeshInstance3D
        • Implement LOD system
        • Enable frustum culling

  🟠 [HIGH] Physics Bodies
      Value: 211 active bodies
      Impact: Physics engine load
      Suggestions:
        • Reduce NPC count
        • Convert distant NPCs to kinematic
        • Disable physics for far objects

  🟡 [MEDIUM] Vertex Count
      Value: 56602470 vertices/frame
      Impact: GPU vertex processing
      Suggestions:
        • Implement LOD for distant objects
        • Simplify building meshes
        • Use lower poly models

  🟡 [MEDIUM] Node Count
      Value: 12152 nodes
      Impact: Scene tree traversal overhead
      Suggestions:
        • Unload distant chunks
        • Pool and reuse nodes
        • Flatten hierarchy where possible

  🟡 [MEDIUM] Post-Processing Effects
      Value: SSAO, Glow/Bloom, Volumetric Fog
      Impact: GPU shader overhead
      Suggestions:
        • Reduce SSR quality
        • Disable SSAO on low-end hardware
        • Use simpler fog

📈 DETAILED STATS:
  Draw Calls: 5009 avg | 5131 max
  Vertices: 56602470 avg | 56699244 max
  Physics Bodies: 211
  Nodes: 12152
  VRAM: 718.9 MB

=================================================

⚡ FRAME SPIKE #17: 25.2 ms at 4.3s (Draw: 4961, Bodies: 213)
⚡ FRAME SPIKE #18: 25.4 ms at 4.9s (Draw: 5244, Bodies: 215)
⚡ FRAME SPIKE #19: 25.3 ms at 5.0s (Draw: 5240, Bodies: 215)
⚡ FRAME SPIKE #20: 25.6 ms at 5.0s (Draw: 5239, Bodies: 215)
⚡ FRAME SPIKE #21: 25.8 ms at 5.1s (Draw: 5241, Bodies: 215)
⚡ FRAME SPIKE #22: 25.5 ms at 5.1s (Draw: 5249, Bodies: 215)
⚡ FRAME SPIKE #23: 26.3 ms at 5.2s (Draw: 5243, Bodies: 215)
⚡ FRAME SPIKE #24: 26.9 ms at 5.2s (Draw: 5255, Bodies: 215)
⚡ FRAME SPIKE #25: 25.8 ms at 5.2s (Draw: 5250, Bodies: 215)
⚡ FRAME SPIKE #26: 28.1 ms at 5.3s (Draw: 5254, Bodies: 215)
⚡ FRAME SPIKE #27: 25.8 ms at 5.3s (Draw: 5255, Bodies: 215)
⚡ FRAME SPIKE #28: 26.9 ms at 5.3s (Draw: 5251, Bodies: 215)
⚡ FRAME SPIKE #29: 27.9 ms at 5.4s (Draw: 5253, Bodies: 215)
⚡ FRAME SPIKE #30: 26.4 ms at 5.4s (Draw: 5255, Bodies: 215)
⚡ FRAME SPIKE #31: 27.2 ms at 5.4s (Draw: 5253, Bodies: 216)
⚡ FRAME SPIKE #32: 26.4 ms at 5.4s (Draw: 5251, Bodies: 216)
⚡ FRAME SPIKE #33: 26.7 ms at 5.5s (Draw: 5247, Bodies: 216)
⚡ FRAME SPIKE #34: 27.0 ms at 5.5s (Draw: 5249, Bodies: 216)
⚡ FRAME SPIKE #35: 26.7 ms at 5.5s (Draw: 5249, Bodies: 216)
⚡ FRAME SPIKE #36: 26.7 ms at 5.5s (Draw: 5247, Bodies: 216)
⚡ FRAME SPIKE #37: 26.7 ms at 5.6s (Draw: 5240, Bodies: 216)
⚡ FRAME SPIKE #38: 26.7 ms at 5.6s (Draw: 5245, Bodies: 216)
⚡ FRAME SPIKE #39: 26.7 ms at 5.6s (Draw: 5246, Bodies: 216)
⚡ FRAME SPIKE #40: 26.7 ms at 5.7s (Draw: 5247, Bodies: 216)
⚡ FRAME SPIKE #41: 26.7 ms at 5.7s (Draw: 5248, Bodies: 216)
⚡ FRAME SPIKE #42: 26.7 ms at 5.7s (Draw: 5246, Bodies: 216)
⚡ FRAME SPIKE #43: 26.7 ms at 5.7s (Draw: 5246, Bodies: 216)
⚡ FRAME SPIKE #44: 26.7 ms at 5.8s (Draw: 5240, Bodies: 216)
⚡ FRAME SPIKE #45: 26.7 ms at 5.8s (Draw: 5252, Bodies: 216)
⚡ FRAME SPIKE #46: 26.7 ms at 5.8s (Draw: 5260, Bodies: 216)
⚡ FRAME SPIKE #47: 26.7 ms at 5.8s (Draw: 5258, Bodies: 216)
⚡ FRAME SPIKE #48: 26.7 ms at 5.9s (Draw: 5260, Bodies: 216)
⚡ FRAME SPIKE #49: 26.7 ms at 5.9s (Draw: 5260, Bodies: 216)
⚡ FRAME SPIKE #50: 26.4 ms at 5.9s (Draw: 5260, Bodies: 216)
⚡ FRAME SPIKE #51: 26.7 ms at 5.9s (Draw: 5267, Bodies: 216)
⚡ FRAME SPIKE #52: 26.4 ms at 6.0s (Draw: 5267, Bodies: 216)
⚡ FRAME SPIKE #53: 26.4 ms at 6.0s (Draw: 5269, Bodies: 216)
⚡ FRAME SPIKE #54: 26.4 ms at 6.0s (Draw: 5270, Bodies: 216)
⚡ FRAME SPIKE #55: 26.4 ms at 6.0s (Draw: 5272, Bodies: 216)
⚡ FRAME SPIKE #56: 26.4 ms at 6.1s (Draw: 5270, Bodies: 216)
⚡ FRAME SPIKE #57: 26.4 ms at 6.1s (Draw: 5270, Bodies: 216)
⚡ FRAME SPIKE #58: 26.0 ms at 6.1s (Draw: 5274, Bodies: 216)
⚡ FRAME SPIKE #59: 26.4 ms at 6.2s (Draw: 5274, Bodies: 216)
🚗 Traffic: 24 active NPCs (Near: 6, Mid: 15, Far: 3), 0 pooled
  → Physics bodies from NPCs: 24 (All: 24×1, было бы 24×5=120)

========== Bottleneck Analysis Report ==========
Time: 16.3s | Frames: 513

📊 PERFORMANCE OVERVIEW:
  FPS: 39.5 avg | 37.0 min
  Frame Time: 23.85 ms avg | 28.57 ms max
  Physics Time: 5.38 ms avg

🔍 BOTTLENECK IDENTIFICATION:
  🟠 [HIGH] Frame Time
      Value: 23.85 ms (target: 16.67 ms)
      Impact: Overall performance bottleneck
      Suggestions:
        • Reduce draw calls
        • Optimize scripts in _process()
        • Check for expensive operations per frame

  🟠 [HIGH] Draw Calls
      Value: 5127 calls/frame
      Impact: GPU rendering overhead
      Suggestions:
        • Batch meshes by material
        • Use MultiMeshInstance3D
        • Implement LOD system
        • Enable frustum culling

  🟠 [HIGH] Physics Bodies
      Value: 214 active bodies
      Impact: Physics engine load
      Suggestions:
        • Reduce NPC count
        • Convert distant NPCs to kinematic
        • Disable physics for far objects

  🟡 [MEDIUM] Physics Time
      Value: 5.38 ms
      Impact: Physics simulation overhead
      Suggestions:
        • Reduce number of active physics bodies
        • Simplify collision shapes
        • Disable physics for distant objects

  🟡 [MEDIUM] Vertex Count
      Value: 56390545 vertices/frame
      Impact: GPU vertex processing
      Suggestions:
        • Implement LOD for distant objects
        • Simplify building meshes
        • Use lower poly models

  🟡 [MEDIUM] Node Count
      Value: 12173 nodes
      Impact: Scene tree traversal overhead
      Suggestions:
        • Unload distant chunks
        • Pool and reuse nodes
        • Flatten hierarchy where possible

  🟡 [MEDIUM] Post-Processing Effects
      Value: SSAO, Glow/Bloom, Volumetric Fog
      Impact: GPU shader overhead
      Suggestions:
        • Reduce SSR quality
        • Disable SSAO on low-end hardware
        • Use simpler fog

📈 DETAILED STATS:
  Draw Calls: 5127 avg | 5274 max
  Vertices: 56390545 avg | 56594147 max
  Physics Bodies: 214
  Nodes: 12173
  VRAM: 718.9 MB

=================================================

⚡ FRAME SPIKE #60: 26.4 ms at 6.2s (Draw: 5275, Bodies: 216)
⚡ FRAME SPIKE #61: 26.4 ms at 6.2s (Draw: 5274, Bodies: 216)
⚡ FRAME SPIKE #62: 26.4 ms at 6.2s (Draw: 5274, Bodies: 216)
⚡ FRAME SPIKE #63: 26.4 ms at 6.3s (Draw: 5270, Bodies: 216)
⚡ FRAME SPIKE #64: 26.4 ms at 6.3s (Draw: 5268, Bodies: 216)
⚡ FRAME SPIKE #65: 26.4 ms at 6.3s (Draw: 5269, Bodies: 216)
⚡ FRAME SPIKE #66: 26.4 ms at 6.3s (Draw: 5272, Bodies: 216)
⚡ FRAME SPIKE #67: 26.4 ms at 6.4s (Draw: 5272, Bodies: 216)
⚡ FRAME SPIKE #68: 26.4 ms at 6.4s (Draw: 5273, Bodies: 216)
⚡ FRAME SPIKE #69: 26.4 ms at 6.4s (Draw: 5276, Bodies: 217)
⚡ FRAME SPIKE #70: 26.7 ms at 6.4s (Draw: 5282, Bodies: 217)
⚡ FRAME SPIKE #71: 26.7 ms at 6.5s (Draw: 5304, Bodies: 217)
⚡ FRAME SPIKE #72: 26.7 ms at 6.5s (Draw: 5315, Bodies: 217)
⚡ FRAME SPIKE #73: 26.7 ms at 6.5s (Draw: 5347, Bodies: 217)
⚡ FRAME SPIKE #74: 26.7 ms at 6.6s (Draw: 5354, Bodies: 217)
⚡ FRAME SPIKE #75: 26.7 ms at 6.6s (Draw: 5359, Bodies: 217)
⚡ FRAME SPIKE #76: 28.4 ms at 6.6s (Draw: 5372, Bodies: 217)
⚡ FRAME SPIKE #77: 26.7 ms at 6.6s (Draw: 5380, Bodies: 217)
⚡ FRAME SPIKE #78: 26.7 ms at 6.7s (Draw: 5403, Bodies: 217)
⚡ FRAME SPIKE #79: 26.7 ms at 6.7s (Draw: 5414, Bodies: 217)
⚡ FRAME SPIKE #80: 26.7 ms at 6.7s (Draw: 5423, Bodies: 217)
⚡ FRAME SPIKE #81: 26.7 ms at 6.7s (Draw: 5422, Bodies: 217)
⚡ FRAME SPIKE #82: 26.7 ms at 6.8s (Draw: 5423, Bodies: 217)
⚡ FRAME SPIKE #83: 26.7 ms at 6.8s (Draw: 5422, Bodies: 217)
⚡ FRAME SPIKE #84: 26.7 ms at 6.8s (Draw: 5429, Bodies: 217)
⚡ FRAME SPIKE #85: 26.7 ms at 6.8s (Draw: 5430, Bodies: 217)
⚡ FRAME SPIKE #86: 26.7 ms at 6.9s (Draw: 5424, Bodies: 217)
⚡ FRAME SPIKE #87: 26.7 ms at 6.9s (Draw: 5426, Bodies: 217)
⚡ FRAME SPIKE #88: 26.7 ms at 6.9s (Draw: 5431, Bodies: 217)
⚡ FRAME SPIKE #89: 26.7 ms at 7.0s (Draw: 5431, Bodies: 217)
⚡ FRAME SPIKE #90: 26.7 ms at 7.0s (Draw: 5430, Bodies: 217)
⚡ FRAME SPIKE #91: 26.7 ms at 7.0s (Draw: 5431, Bodies: 217)
⚡ FRAME SPIKE #92: 26.7 ms at 7.0s (Draw: 5432, Bodies: 217)
⚡ FRAME SPIKE #93: 26.7 ms at 7.1s (Draw: 5442, Bodies: 217)
⚡ FRAME SPIKE #94: 26.7 ms at 7.1s (Draw: 5439, Bodies: 217)
⚡ FRAME SPIKE #95: 26.7 ms at 7.1s (Draw: 5430, Bodies: 217)
⚡ FRAME SPIKE #96: 26.7 ms at 7.1s (Draw: 5419, Bodies: 217)
⚡ FRAME SPIKE #97: 26.7 ms at 7.2s (Draw: 5420, Bodies: 217)
⚡ FRAME SPIKE #98: 26.7 ms at 7.2s (Draw: 5427, Bodies: 217)
⚡ FRAME SPIKE #99: 26.7 ms at 7.2s (Draw: 5426, Bodies: 217)
⚡ FRAME SPIKE #100: 26.7 ms at 7.2s (Draw: 5422, Bodies: 217)
⚡ FRAME SPIKE #101: 26.7 ms at 7.3s (Draw: 5421, Bodies: 217)
⚡ FRAME SPIKE #102: 26.7 ms at 7.3s (Draw: 5421, Bodies: 217)
⚡ FRAME SPIKE #103: 26.7 ms at 7.3s (Draw: 5421, Bodies: 217)
⚡ FRAME SPIKE #104: 26.7 ms at 7.4s (Draw: 5421, Bodies: 217)
⚡ FRAME SPIKE #105: 26.7 ms at 7.4s (Draw: 5421, Bodies: 217)
⚡ FRAME SPIKE #106: 26.7 ms at 7.4s (Draw: 5424, Bodies: 217)
⚡ FRAME SPIKE #107: 26.7 ms at 7.4s (Draw: 5439, Bodies: 218)
⚡ FRAME SPIKE #108: 28.4 ms at 7.5s (Draw: 5439, Bodies: 218)
⚡ FRAME SPIKE #109: 27.9 ms at 7.5s (Draw: 5438, Bodies: 218)
⚡ FRAME SPIKE #110: 27.1 ms at 7.5s (Draw: 5438, Bodies: 218)
⚡ FRAME SPIKE #111: 27.9 ms at 7.5s (Draw: 5433, Bodies: 218)
⚡ FRAME SPIKE #112: 28.7 ms at 7.6s (Draw: 5431, Bodies: 218)
⚡ FRAME SPIKE #113: 27.3 ms at 7.6s (Draw: 5432, Bodies: 218)
⚡ FRAME SPIKE #114: 27.3 ms at 7.6s (Draw: 5426, Bodies: 218)
⚡ FRAME SPIKE #115: 27.3 ms at 7.7s (Draw: 5425, Bodies: 218)
⚡ FRAME SPIKE #116: 27.3 ms at 7.7s (Draw: 5432, Bodies: 218)
⚡ FRAME SPIKE #117: 27.3 ms at 7.7s (Draw: 5426, Bodies: 218)
⚡ FRAME SPIKE #118: 27.3 ms at 7.7s (Draw: 5426, Bodies: 218)
⚡ FRAME SPIKE #119: 27.3 ms at 7.8s (Draw: 5428, Bodies: 218)
⚡ FRAME SPIKE #120: 27.3 ms at 7.8s (Draw: 5426, Bodies: 218)
⚡ FRAME SPIKE #121: 27.3 ms at 7.8s (Draw: 5425, Bodies: 218)
⚡ FRAME SPIKE #122: 27.3 ms at 7.8s (Draw: 5426, Bodies: 218)
⚡ FRAME SPIKE #123: 27.3 ms at 7.9s (Draw: 5428, Bodies: 218)
⚡ FRAME SPIKE #124: 27.3 ms at 7.9s (Draw: 5430, Bodies: 217)
⚡ FRAME SPIKE #125: 27.3 ms at 7.9s (Draw: 5428, Bodies: 217)
⚡ FRAME SPIKE #126: 27.1 ms at 8.0s (Draw: 5422, Bodies: 217)
⚡ FRAME SPIKE #127: 27.3 ms at 8.0s (Draw: 5412, Bodies: 216)
⚡ FRAME SPIKE #128: 27.3 ms at 8.0s (Draw: 5374, Bodies: 216)
⚡ FRAME SPIKE #129: 27.1 ms at 8.0s (Draw: 5381, Bodies: 216)
⚡ FRAME SPIKE #130: 27.1 ms at 8.1s (Draw: 5360, Bodies: 216)
⚡ FRAME SPIKE #131: 27.1 ms at 8.1s (Draw: 5338, Bodies: 216)
⚡ FRAME SPIKE #132: 27.1 ms at 8.1s (Draw: 5331, Bodies: 216)
⚡ FRAME SPIKE #133: 26.7 ms at 8.1s (Draw: 5315, Bodies: 216)
⚡ FRAME SPIKE #134: 27.1 ms at 8.2s (Draw: 5310, Bodies: 216)
🚗 Traffic: 24 active NPCs (Near: 7, Mid: 15, Far: 2), 3 pooled
  → Physics bodies from NPCs: 24 (All: 24×1, было бы 24×5=120)

========== Bottleneck Analysis Report ==========
Time: 18.4s | Frames: 588

📊 PERFORMANCE OVERVIEW:
  FPS: 38.4 avg | 37.0 min
  Frame Time: 21.96 ms avg | 23.48 ms max
  Physics Time: 5.35 ms avg

🔍 BOTTLENECK IDENTIFICATION:
  🟠 [HIGH] Frame Time
      Value: 21.96 ms (target: 16.67 ms)
      Impact: Overall performance bottleneck
      Suggestions:
        • Reduce draw calls
        • Optimize scripts in _process()
        • Check for expensive operations per frame

  🟠 [HIGH] Draw Calls
      Value: 5338 calls/frame
      Impact: GPU rendering overhead
      Suggestions:
        • Batch meshes by material
        • Use MultiMeshInstance3D
        • Implement LOD system
        • Enable frustum culling

  🟠 [HIGH] Physics Bodies
      Value: 216 active bodies
      Impact: Physics engine load
      Suggestions:
        • Reduce NPC count
        • Convert distant NPCs to kinematic
        • Disable physics for far objects

  🟡 [MEDIUM] Physics Time
      Value: 5.35 ms
      Impact: Physics simulation overhead
      Suggestions:
        • Reduce number of active physics bodies
        • Simplify collision shapes
        • Disable physics for distant objects

  🟡 [MEDIUM] Vertex Count
      Value: 56212777 vertices/frame
      Impact: GPU vertex processing
      Suggestions:
        • Implement LOD for distant objects
        • Simplify building meshes
        • Use lower poly models

  🟡 [MEDIUM] Node Count
      Value: 12236 nodes
      Impact: Scene tree traversal overhead
      Suggestions:
        • Unload distant chunks
        • Pool and reuse nodes
        • Flatten hierarchy where possible

  🟡 [MEDIUM] Post-Processing Effects
      Value: SSAO, Glow/Bloom, Volumetric Fog
      Impact: GPU shader overhead
      Suggestions:
        • Reduce SSR quality
        • Disable SSAO on low-end hardware
        • Use simpler fog

📈 DETAILED STATS:
  Draw Calls: 5338 avg | 5442 max
  Vertices: 56212777 avg | 56364626 max
  Physics Bodies: 216
  Nodes: 12236
  VRAM: 718.9 MB

=================================================

⚡ FRAME SPIKE #135: 27.1 ms at 8.2s (Draw: 5307, Bodies: 216)
⚡ FRAME SPIKE #136: 27.1 ms at 8.2s (Draw: 5290, Bodies: 216)
⚡ FRAME SPIKE #137: 27.1 ms at 8.3s (Draw: 5287, Bodies: 216)
⚡ FRAME SPIKE #138: 27.1 ms at 8.3s (Draw: 5275, Bodies: 216)
⚡ FRAME SPIKE #139: 27.1 ms at 8.3s (Draw: 5280, Bodies: 216)
⚡ FRAME SPIKE #140: 26.3 ms at 8.3s (Draw: 5266, Bodies: 216)
⚡ FRAME SPIKE #141: 27.1 ms at 8.4s (Draw: 5259, Bodies: 216)
⚡ FRAME SPIKE #142: 26.9 ms at 8.4s (Draw: 5256, Bodies: 216)
⚡ FRAME SPIKE #143: 27.1 ms at 8.4s (Draw: 5271, Bodies: 217)
⚡ FRAME SPIKE #144: 25.2 ms at 8.5s (Draw: 5283, Bodies: 217)
⚡ FRAME SPIKE #145: 26.7 ms at 8.5s (Draw: 5274, Bodies: 217)

========== PERFORMANCE METRICS ==========
Frames: 600
  total_frame: avg=1.74 ms, median=0.04 ms, max=93.98 ms, calls=600, total=1046.6 ms
  road_queue: avg=0.99 ms, median=0.01 ms, max=32.19 ms, calls=600, total=594.8 ms
  road_batch_finalize: avg=18.45 ms, median=19.36 ms, max=32.18 ms, calls=13, total=239.8 ms
  curb_mesh: avg=0.27 ms, median=0.00 ms, max=12.34 ms, calls=552, total=149.5 ms
  terrain_queue: avg=0.22 ms, median=0.00 ms, max=69.26 ms, calls=600, total=131.1 ms
  road_create: avg=0.29 ms, median=0.18 ms, max=9.96 ms, calls=458, total=130.7 ms
  terrain_leisure: avg=6.21 ms, median=0.16 ms, max=68.24 ms, calls=18, total=111.7 ms
  building_results: avg=0.18 ms, median=0.00 ms, max=1.25 ms, calls=600, total=109.2 ms
  infra_queue: avg=0.17 ms, median=0.00 ms, max=1.23 ms, calls=600, total=101.2 ms
  curb_collisions: avg=0.10 ms, median=0.00 ms, max=1.73 ms, calls=600, total=60.0 ms
  building_sort: avg=0.33 ms, median=0.18 ms, max=0.97 ms, calls=166, total=54.6 ms
  infra_yield_sign: avg=0.30 ms, median=0.32 ms, max=0.41 ms, calls=169, total=50.9 ms
  building_apply: avg=0.26 ms, median=0.26 ms, max=0.49 ms, calls=176, total=45.8 ms
  vegetation_queue: avg=0.06 ms, median=0.00 ms, max=19.96 ms, calls=600, total=38.7 ms
  infra_sort: avg=0.25 ms, median=0.17 ms, max=0.74 ms, calls=157, total=38.5 ms
  veg_trees: avg=9.52 ms, median=14.14 ms, max=19.95 ms, calls=4, total=38.1 ms
  window_batch_finalize: avg=2.72 ms, median=2.04 ms, max=13.80 ms, calls=11, total=30.0 ms
  road_sort: avg=1.20 ms, median=1.25 ms, max=2.68 ms, calls=18, total=21.6 ms
  terrain_landuse: avg=0.11 ms, median=0.10 ms, max=0.50 ms, calls=78, total=8.6 ms
  terrain_sort: avg=0.21 ms, median=0.18 ms, max=0.45 ms, calls=39, total=8.2 ms
  curb_smooth: avg=0.03 ms, median=0.03 ms, max=0.19 ms, calls=252, total=7.9 ms
  infra_parking_sign: avg=0.38 ms, median=0.38 ms, max=0.41 ms, calls=13, total=4.9 ms
  infra_traffic_light: avg=0.53 ms, median=0.53 ms, max=0.60 ms, calls=8, total=4.2 ms
  curb_latlon: avg=0.01 ms, median=0.01 ms, max=0.04 ms, calls=252, total=3.0 ms
  terrain_natural: avg=0.07 ms, median=0.07 ms, max=0.07 ms, calls=1, total=0.1 ms
  veg_bushes_grass: avg=0.01 ms, median=0.01 ms, max=0.02 ms, calls=4, total=0.1 ms
==========================================


========== DRAW CALL BREAKDOWN ==========
Total tracked draw calls: 908

  Vegetation  :   370 ( 40.7%) ████████
  Buildings   :   350 ( 38.5%) ███████
  Terrain     :    97 ( 10.7%) ██
  Roads       :    30 (  3.3%) 
  Signs       :    26 (  2.9%) 
  Lamps       :    24 (  2.6%) 
  Windows     :    11 (  1.2%) 

💡 RECOMMENDATIONS:
  🔴 Buildings: 38.5% of draw calls
     → Implement MultiMeshInstance3D for building base meshes
=========================================

⚡ FRAME SPIKE #146: 26.1 ms at 8.5s (Draw: 5283, Bodies: 217)
⚡ FRAME SPIKE #147: 26.4 ms at 8.5s (Draw: 5278, Bodies: 217)
⚡ FRAME SPIKE #148: 25.9 ms at 8.6s (Draw: 5275, Bodies: 217)
⚡ FRAME SPIKE #149: 27.0 ms at 8.6s (Draw: 5264, Bodies: 217)
⚡ FRAME SPIKE #150: 25.9 ms at 8.7s (Draw: 5264, Bodies: 217)
⚡ FRAME SPIKE #151: 25.9 ms at 8.7s (Draw: 5267, Bodies: 217)
⚡ FRAME SPIKE #152: 25.9 ms at 8.7s (Draw: 5269, Bodies: 217)
⚡ FRAME SPIKE #153: 25.9 ms at 8.7s (Draw: 5263, Bodies: 217)
⚡ FRAME SPIKE #154: 25.9 ms at 8.8s (Draw: 5266, Bodies: 217)
⚡ FRAME SPIKE #155: 25.3 ms at 8.8s (Draw: 5260, Bodies: 217)
⚡ FRAME SPIKE #156: 25.9 ms at 8.8s (Draw: 5256, Bodies: 217)
⚡ FRAME SPIKE #157: 25.8 ms at 8.9s (Draw: 5244, Bodies: 217)
⚡ FRAME SPIKE #158: 27.2 ms at 8.9s (Draw: 5229, Bodies: 217)
⚡ FRAME SPIKE #159: 25.8 ms at 9.0s (Draw: 5224, Bodies: 217)
⚡ FRAME SPIKE #160: 25.7 ms at 9.0s (Draw: 5221, Bodies: 217)
⚡ FRAME SPIKE #161: 25.8 ms at 9.0s (Draw: 5218, Bodies: 217)
⚡ FRAME SPIKE #162: 25.8 ms at 9.0s (Draw: 5218, Bodies: 217)
⚡ FRAME SPIKE #163: 25.8 ms at 9.1s (Draw: 5213, Bodies: 217)
⚡ FRAME SPIKE #164: 25.8 ms at 9.1s (Draw: 5219, Bodies: 217)
⚡ FRAME SPIKE #165: 25.8 ms at 9.2s (Draw: 5215, Bodies: 217)

=== PERFORMANCE METRICS ===
FPS: 38 | Frame: 25.9 ms (max 69.9) | Physics: 16.7 ms (max 28.5)
Godot Process: 19.45 ms | Physics: 5.45 ms
Objects: 29385 | Nodes: 12236 | Resources: 535
Draw calls: 5215 | Vertices: 56003639 | VRAM: 718.9 MB
Physics bodies: 217 | Collision pairs: 2076
--- System Times ---
  road_batch_finalize_total_-1,-1: 10.68 ms (max 10.68)
  road_batch_finalize_total_-1,-2: 5.20 ms (max 5.20)
  road_batch_finalize_total_-1,0: 32.15 ms (max 32.15)
  road_batch_finalize_total_-2,-1: 17.24 ms (max 17.24)
  road_batch_finalize_total_-2,-2: 16.60 ms (max 16.60)
  road_batch_finalize_total_-2,0: 15.35 ms (max 15.35)
  road_batch_finalize_total_0,-1: 21.83 ms (max 21.83)
  road_batch_finalize_total_0,-2: 20.84 ms (max 20.84)
  road_batch_finalize_total_0,0: 20.01 ms (max 20.01)
  road_batch_finalize_total_0,1: 15.28 ms (max 15.28)
  road_batch_finalize_total_1,-1: 23.49 ms (max 23.49)
  road_batch_finalize_total_1,-2: 21.39 ms (max 21.39)
  road_batch_finalize_total_1,0: 19.34 ms (max 19.34)
  road_collision_create_-1,-1: 3.35 ms (max 3.90)
  road_collision_create_-1,-2: 2.39 ms (max 2.93)
  road_collision_create_-1,0: 15.82 ms (max 29.34)
  road_collision_create_-2,-1: 5.54 ms (max 11.21)
  road_collision_create_-2,-2: 8.03 ms (max 14.50)
  road_collision_create_-2,0: 7.45 ms (max 11.84)
  road_collision_create_0,-1: 7.05 ms (max 15.39)
  road_collision_create_0,-2: 6.73 ms (max 13.86)
  road_collision_create_0,0: 6.47 ms (max 16.45)
  road_collision_create_0,1: 15.02 ms (max 15.02)
  road_collision_create_1,-1: 7.63 ms (max 19.29)
  road_collision_create_1,-2: 10.48 ms (max 18.10)
  road_collision_create_1,0: 19.07 ms (max 19.07)
===========================

=== PERFORMANCE METRICS ===
FPS: 38 | Frame: 25.9 ms (max 69.9) | Physics: 16.7 ms (max 28.6)
Godot Process: 19.45 ms | Physics: 5.45 ms
Objects: 29385 | Nodes: 12236 | Resources: 535
Draw calls: 5215 | Vertices: 56003639 | VRAM: 718.9 MB
Physics bodies: 217 | Collision pairs: 2076
===========================
⚡ FRAME SPIKE #166: 25.8 ms at 9.2s (Draw: 5214, Bodies: 217)
⚡ FRAME SPIKE #167: 28.5 ms at 9.2s (Draw: 5214, Bodies: 216)
⚡ FRAME SPIKE #168: 25.8 ms at 9.2s (Draw: 5209, Bodies: 216)
⚡ FRAME SPIKE #169: 25.8 ms at 9.3s (Draw: 5212, Bodies: 216)
⚡ FRAME SPIKE #170: 25.8 ms at 9.3s (Draw: 5207, Bodies: 216)
⚡ FRAME SPIKE #171: 25.8 ms at 9.3s (Draw: 5197, Bodies: 216)
⚡ FRAME SPIKE #172: 25.8 ms at 9.3s (Draw: 5196, Bodies: 216)
⚡ FRAME SPIKE #173: 25.8 ms at 9.4s (Draw: 5160, Bodies: 216)
⚡ FRAME SPIKE #174: 25.8 ms at 9.4s (Draw: 5021, Bodies: 216)
⚡ FRAME SPIKE #175: 25.8 ms at 9.4s (Draw: 4864, Bodies: 218)
⚡ FRAME SPIKE #176: 25.8 ms at 9.5s (Draw: 4810, Bodies: 218)
⚡ FRAME SPIKE #177: 26.6 ms at 9.5s (Draw: 4716, Bodies: 218)
⚡ FRAME SPIKE #178: 25.8 ms at 9.5s (Draw: 4694, Bodies: 218)
⚡ FRAME SPIKE #179: 25.8 ms at 9.5s (Draw: 4654, Bodies: 218)
⚡ FRAME SPIKE #180: 25.8 ms at 9.6s (Draw: 4621, Bodies: 218)
⚡ FRAME SPIKE #181: 25.8 ms at 9.6s (Draw: 4663, Bodies: 218)
🚗 Traffic: 26 active NPCs (Near: 10, Mid: 14, Far: 2), 1 pooled
  → Physics bodies from NPCs: 26 (All: 26×1, было бы 26×5=130)

========== Bottleneck Analysis Report ==========
Time: 20.4s | Frames: 667

📊 PERFORMANCE OVERVIEW:
  FPS: 37.7 avg | 37.0 min
  Frame Time: 21.43 ms avg | 23.48 ms max
  Physics Time: 5.40 ms avg

🔍 BOTTLENECK IDENTIFICATION:
  🟠 [HIGH] Frame Time
      Value: 21.43 ms (target: 16.67 ms)
      Impact: Overall performance bottleneck
      Suggestions:
        • Reduce draw calls
        • Optimize scripts in _process()
        • Check for expensive operations per frame

  🟠 [HIGH] Draw Calls
      Value: 5157 calls/frame
      Impact: GPU rendering overhead
      Suggestions:
        • Batch meshes by material
        • Use MultiMeshInstance3D
        • Implement LOD system
        • Enable frustum culling

  🟠 [HIGH] Physics Bodies
      Value: 217 active bodies
      Impact: Physics engine load
      Suggestions:
        • Reduce NPC count
        • Convert distant NPCs to kinematic
        • Disable physics for far objects

  🟡 [MEDIUM] Physics Time
      Value: 5.40 ms
      Impact: Physics simulation overhead
      Suggestions:
        • Reduce number of active physics bodies
        • Simplify collision shapes
        • Disable physics for distant objects

  🟡 [MEDIUM] Vertex Count
      Value: 54825939 vertices/frame
      Impact: GPU vertex processing
      Suggestions:
        • Implement LOD for distant objects
        • Simplify building meshes
        • Use lower poly models

  🟡 [MEDIUM] Node Count
      Value: 12236 nodes
      Impact: Scene tree traversal overhead
      Suggestions:
        • Unload distant chunks
        • Pool and reuse nodes
        • Flatten hierarchy where possible

  🟡 [MEDIUM] Post-Processing Effects
      Value: SSAO, Glow/Bloom, Volumetric Fog
      Impact: GPU shader overhead
      Suggestions:
        • Reduce SSR quality
        • Disable SSAO on low-end hardware
        • Use simpler fog

📈 DETAILED STATS:
  Draw Calls: 5157 avg | 5439 max
  Vertices: 54825939 avg | 56191858 max
  Physics Bodies: 217
  Nodes: 12236
  VRAM: 718.9 MB

=================================================

⚡ FRAME SPIKE #182: 25.1 ms at 10.4s (Draw: 4501, Bodies: 219)
⚡ FRAME SPIKE #183: 40.3 ms at 10.5s (Draw: 4490, Bodies: 219)
⚡ FRAME SPIKE #184: 28.3 ms at 10.5s (Draw: 4487, Bodies: 219)
⚡ FRAME SPIKE #185: 27.8 ms at 10.5s (Draw: 4487, Bodies: 219)
⚡ FRAME SPIKE #186: 27.8 ms at 10.6s (Draw: 4522, Bodies: 219)
⚡ FRAME SPIKE #187: 27.8 ms at 10.6s (Draw: 4560, Bodies: 219)
⚡ FRAME SPIKE #188: 27.8 ms at 10.6s (Draw: 4462, Bodies: 219)
⚡ FRAME SPIKE #189: 27.8 ms at 10.7s (Draw: 4453, Bodies: 219)
⚡ FRAME SPIKE #190: 27.8 ms at 10.7s (Draw: 4436, Bodies: 219)
⚡ FRAME SPIKE #191: 27.8 ms at 10.7s (Draw: 4398, Bodies: 219)
⚡ FRAME SPIKE #192: 26.2 ms at 10.8s (Draw: 4389, Bodies: 219)
⚡ FRAME SPIKE #193: 26.7 ms at 10.8s (Draw: 4393, Bodies: 219)
⚡ FRAME SPIKE #194: 25.9 ms at 10.9s (Draw: 4406, Bodies: 219)
⚡ FRAME SPIKE #195: 25.8 ms at 10.9s (Draw: 4423, Bodies: 219)
OSM: Loading chunk -1,-3 at lat=59.1235, lon=37.8974
OSM: Loaded from cache: osm_v2_59.1235_37.8974_250.json
OSM: Loading chunk 0,-3 at lat=59.1235, lon=37.9026
OSM: Loaded from cache: osm_v2_59.1235_37.9026_250.json
OSM: Chunk -1,-3 data loaded
OSM: Found 2 entrance nodes in chunk
OSM: Found 10 POI nodes in chunk
POI_DEBUG: Found 'unknown' inside building at local (-132.4, -816.5)
BusinessSign: Found logo for 'втб' -> res://textures/brand_logos/vtb.png
POI_DEBUG: Found 'Ozon' inside building at local (-208.3, -750.2)
BusinessSign: Found logo for 'ozon' -> res://textures/brand_logos/ozon.png
POI_DEBUG: Found 'Сбербанк' inside building at local (-151.6, -859.4)
BusinessSign: Found logo for 'сбербанк' -> res://textures/brand_logos/sberbank.png
Loading resource: res://textures/brand_logos/sberbank.png
Loading resource: res://.godot/imported/sberbank.png-01daec8b385e47dc915e5db06368ee2f.ctex
BusinessSign: Found logo for 'сбербанк' -> res://textures/brand_logos/sberbank.png
POI_DEBUG: Found 'Ozon' inside building at local (-59.7, -662.5)
BusinessSign: Found logo for 'ozon' -> res://textures/brand_logos/ozon.png
OSM: Generated 38 roads, 35 buildings, 0 trees, 0 signs, 0 lamps, 28 intersections
OSM: Marked chunk '-1,-3' for road batch finalization
OSM: Post-initial chunk loaded, pending_lamps=0
OSM: _create_pending_lamps started, count=0
OSM: No pending lamps
OSM: Chunk 0,-3 data loaded
OSM: Found 14 POI nodes in chunk
POI_DEBUG: Found 'Антей' inside building at local (29.3, -584.4)
OSM: Generated 79 roads, 17 buildings, 0 trees, 0 signs, 0 lamps, 37 intersections
OSM: Marked chunk '0,-3' for road batch finalization
OSM: Post-initial chunk loaded, pending_lamps=0
OSM: _create_pending_lamps started, count=0
OSM: No pending lamps
⚡ FRAME SPIKE #196: 90.7 ms at 11.0s (Draw: 4460, Bodies: 224)
OSM: DEBUG _add_road_to_batch - first road for chunk '0,-3', parent.name='Chunk_0,-3'
OSM: DEBUG _add_road_to_batch - first road for chunk '-1,-3', parent.name='Chunk_-1,-3'
⚡ FRAME SPIKE #197: 59.0 ms at 11.1s (Draw: 4457, Bodies: 225)
⚠️ SLOW FRAME 11.0ms: building=0.4 road=9.7 terrain=0.3 infra=0.6 veg=0.0 curb=0.0ms
⚡ FRAME SPIKE #198: 48.6 ms at 11.2s (Draw: 4428, Bodies: 226)
⚡ FRAME SPIKE #199: 41.2 ms at 11.2s (Draw: 4402, Bodies: 227)
⚡ FRAME SPIKE #200: 45.2 ms at 11.3s (Draw: 4383, Bodies: 228)
⚡ FRAME SPIKE #201: 39.1 ms at 11.3s (Draw: 4252, Bodies: 229)
⚡ FRAME SPIKE #202: 33.2 ms at 11.3s (Draw: 4184, Bodies: 230)
⚡ FRAME SPIKE #203: 36.5 ms at 11.4s (Draw: 4187, Bodies: 231)
⚠️ SLOW FRAME 12.1ms: building=0.4 road=7.1 terrain=0.2 infra=0.5 veg=3.8 curb=0.0ms
⚡ FRAME SPIKE #204: 38.9 ms at 11.4s (Draw: 4196, Bodies: 232)
⚡ FRAME SPIKE #205: 36.4 ms at 11.5s (Draw: 4248, Bodies: 233)
🔴 FREEZE: road collision shape creation took 17.5 ms for chunk -1,-3 (type: residential)
OSM: ✅ Finalized road batch -1,-3/residential: 2166 vertices, 2110 triangles, material: <ImageTexture#-9223371972648368119>
OSM: ✅ Finalized road batch -1,-3/path: 792 vertices, 776 triangles, material: <ImageTexture#-9223371972547704822>
OSM: ✅ Finalized road batch -1,-3/primary: 410 vertices, 406 triangles, material: <ImageTexture#-9223371972749031416>
⚠️ SLOW: road batch finalization took 22.1 ms for chunk -1,-3
⚠️ SLOW FRAME 44.9ms: building=0.4 road=22.2 terrain=0.2 infra=0.4 veg=21.7 curb=0.0ms
⚡ FRAME SPIKE #206: 56.1 ms at 11.5s (Draw: 4276, Bodies: 234)
🔴 FREEZE: road collision shape creation took 23.2 ms for chunk 0,-3 (type: path)
OSM: ✅ Finalized road batch 0,-3/path: 2286 vertices, 2210 triangles, material: <ImageTexture#-9223371972547704822>
OSM: ✅ Finalized road batch 0,-3/primary: 962 vertices, 944 triangles, material: <ImageTexture#-9223371972749031416>
OSM: ✅ Finalized road batch 0,-3/residential: 1688 vertices, 1624 triangles, material: <ImageTexture#-9223371972648368119>
⚠️ SLOW: road batch finalization took 30.3 ms for chunk 0,-3
⚠️ SLOW FRAME 31.4ms: building=0.4 road=30.3 terrain=0.2 infra=0.4 veg=0.0 curb=0.0ms
⚡ FRAME SPIKE #207: 63.5 ms at 11.5s (Draw: 4321, Bodies: 235)
⚠️ SLOW FRAME 17.8ms: building=0.4 road=1.1 terrain=0.2 infra=0.7 veg=15.1 curb=0.3ms
⚡ FRAME SPIKE #208: 56.9 ms at 11.6s (Draw: 4348, Bodies: 235)
⚡ FRAME SPIKE #209: 50.0 ms at 11.7s (Draw: 4347, Bodies: 236)
⚡ FRAME SPIKE #210: 42.1 ms at 11.7s (Draw: 4370, Bodies: 237)
⚡ FRAME SPIKE #211: 35.3 ms at 11.8s (Draw: 4391, Bodies: 238)
⚡ FRAME SPIKE #212: 31.9 ms at 11.8s (Draw: 4413, Bodies: 239)
⚡ FRAME SPIKE #213: 31.4 ms at 11.8s (Draw: 4417, Bodies: 240)
⚡ FRAME SPIKE #214: 30.5 ms at 11.9s (Draw: 4405, Bodies: 241)
⚡ FRAME SPIKE #215: 31.3 ms at 11.9s (Draw: 4338, Bodies: 242)
⚡ FRAME SPIKE #216: 26.8 ms at 11.9s (Draw: 4339, Bodies: 242)
⚡ FRAME SPIKE #217: 30.9 ms at 11.9s (Draw: 4342, Bodies: 243)
⚡ FRAME SPIKE #218: 31.6 ms at 12.0s (Draw: 4341, Bodies: 244)
⚡ FRAME SPIKE #219: 30.7 ms at 12.0s (Draw: 4272, Bodies: 245)
⚡ FRAME SPIKE #220: 32.5 ms at 12.0s (Draw: 4197, Bodies: 246)
⚡ FRAME SPIKE #221: 31.2 ms at 12.1s (Draw: 4200, Bodies: 246)
⚡ FRAME SPIKE #222: 29.0 ms at 12.1s (Draw: 4210, Bodies: 247)
⚡ FRAME SPIKE #223: 29.4 ms at 12.1s (Draw: 4188, Bodies: 248)
⚡ FRAME SPIKE #224: 30.4 ms at 12.2s (Draw: 4110, Bodies: 249)
⚡ FRAME SPIKE #225: 31.0 ms at 12.2s (Draw: 4096, Bodies: 249)
🚗 Traffic: 26 active NPCs (Near: 10, Mid: 13, Far: 3), 2 pooled
  → Physics bodies from NPCs: 26 (All: 26×1, было бы 26×5=130)

========== Bottleneck Analysis Report ==========
Time: 22.4s | Frames: 729

📊 PERFORMANCE OVERVIEW:
  FPS: 37.5 avg | 25.0 min
  Frame Time: 30.45 ms avg | 88.40 ms max
  Physics Time: 5.51 ms avg

🔍 BOTTLENECK IDENTIFICATION:
  🟠 [HIGH] Frame Time
      Value: 30.45 ms (target: 16.67 ms)
      Impact: Overall performance bottleneck
      Suggestions:
        • Reduce draw calls
        • Optimize scripts in _process()
        • Check for expensive operations per frame

  🟠 [HIGH] Draw Calls
      Value: 4660 calls/frame
      Impact: GPU rendering overhead
      Suggestions:
        • Batch meshes by material
        • Use MultiMeshInstance3D
        • Implement LOD system
        • Enable frustum culling

  🟠 [HIGH] Physics Bodies
      Value: 222 active bodies
      Impact: Physics engine load
      Suggestions:
        • Reduce NPC count
        • Convert distant NPCs to kinematic
        • Disable physics for far objects

  🟡 [MEDIUM] Physics Time
      Value: 5.51 ms
      Impact: Physics simulation overhead
      Suggestions:
        • Reduce number of active physics bodies
        • Simplify collision shapes
        • Disable physics for distant objects

  🟡 [MEDIUM] Vertex Count
      Value: 40334223 vertices/frame
      Impact: GPU vertex processing
      Suggestions:
        • Implement LOD for distant objects
        • Simplify building meshes
        • Use lower poly models

  🟡 [MEDIUM] Node Count
      Value: 14142 nodes
      Impact: Scene tree traversal overhead
      Suggestions:
        • Unload distant chunks
        • Pool and reuse nodes
        • Flatten hierarchy where possible

  🟡 [MEDIUM] Post-Processing Effects
      Value: SSAO, Glow/Bloom, Volumetric Fog
      Impact: GPU shader overhead
      Suggestions:
        • Reduce SSR quality
        • Disable SSAO on low-end hardware
        • Use simpler fog

📈 DETAILED STATS:
  Draw Calls: 4660 avg | 5266 max
  Vertices: 40334223 avg | 56012938 max
  Physics Bodies: 222
  Nodes: 14142
  VRAM: 726.0 MB

=================================================

⚡ FRAME SPIKE #226: 31.0 ms at 12.2s (Draw: 4072, Bodies: 250)
⚡ FRAME SPIKE #227: 30.6 ms at 12.3s (Draw: 4074, Bodies: 251)
⚡ FRAME SPIKE #228: 25.3 ms at 12.3s (Draw: 4076, Bodies: 252)
⚡ FRAME SPIKE #229: 30.6 ms at 12.3s (Draw: 4070, Bodies: 253)
⚡ FRAME SPIKE #230: 30.0 ms at 12.3s (Draw: 4150, Bodies: 254)
⚡ FRAME SPIKE #231: 29.6 ms at 12.4s (Draw: 4228, Bodies: 255)
⚡ FRAME SPIKE #232: 25.6 ms at 12.4s (Draw: 4234, Bodies: 256)
⚡ FRAME SPIKE #233: 29.6 ms at 12.4s (Draw: 4246, Bodies: 257)
⚡ FRAME SPIKE #234: 31.3 ms at 12.5s (Draw: 4234, Bodies: 260)
⚡ FRAME SPIKE #235: 33.3 ms at 12.5s (Draw: 4098, Bodies: 261)
⚡ FRAME SPIKE #236: 29.6 ms at 12.5s (Draw: 3963, Bodies: 262)
⚡ FRAME SPIKE #237: 29.6 ms at 12.6s (Draw: 3898, Bodies: 263)
⚡ FRAME SPIKE #238: 29.6 ms at 12.6s (Draw: 3845, Bodies: 264)
⚡ FRAME SPIKE #239: 29.6 ms at 12.6s (Draw: 3848, Bodies: 265)
⚡ FRAME SPIKE #240: 29.6 ms at 12.6s (Draw: 3771, Bodies: 266)
⚡ FRAME SPIKE #241: 29.5 ms at 12.7s (Draw: 3717, Bodies: 267)
OSM: 🌙 NIGHT Window batch 0,-3 | night_mgr: CACHED | is_night value: true
OSM: ✅ Finalized window batch 0,-3: 2329 windows (was 2329 draw calls before batching)
⚡ FRAME SPIKE #242: 29.6 ms at 12.7s (Draw: 3718, Bodies: 268)
OSM: 🌙 NIGHT Window batch -1,-3 | night_mgr: CACHED | is_night value: true
OSM: ✅ Finalized window batch -1,-3: 4341 windows (was 4341 draw calls before batching)
⚡ FRAME SPIKE #243: 29.6 ms at 12.7s (Draw: 3706, Bodies: 269)
⚡ FRAME SPIKE #244: 29.8 ms at 12.8s (Draw: 3702, Bodies: 270)
⚡ FRAME SPIKE #245: 29.6 ms at 12.8s (Draw: 3695, Bodies: 271)
⚡ FRAME SPIKE #246: 26.6 ms at 12.8s (Draw: 3695, Bodies: 271)
⚡ FRAME SPIKE #247: 29.6 ms at 12.8s (Draw: 3682, Bodies: 271)
⚡ FRAME SPIKE #248: 29.2 ms at 12.9s (Draw: 3678, Bodies: 272)
⚡ FRAME SPIKE #249: 28.7 ms at 12.9s (Draw: 3682, Bodies: 274)
⚡ FRAME SPIKE #250: 28.3 ms at 13.0s (Draw: 3674, Bodies: 275)
⚡ FRAME SPIKE #251: 26.5 ms at 13.0s (Draw: 3668, Bodies: 276)
⚡ FRAME SPIKE #252: 28.2 ms at 13.0s (Draw: 3690, Bodies: 277)
⚡ FRAME SPIKE #253: 27.8 ms at 13.0s (Draw: 3719, Bodies: 278)
⚡ FRAME SPIKE #254: 25.1 ms at 13.1s (Draw: 3740, Bodies: 279)
⚡ FRAME SPIKE #255: 27.3 ms at 13.1s (Draw: 3755, Bodies: 280)
⚡ FRAME SPIKE #256: 26.3 ms at 13.1s (Draw: 3754, Bodies: 281)
⚡ FRAME SPIKE #257: 27.3 ms at 13.1s (Draw: 3750, Bodies: 282)
⚡ FRAME SPIKE #258: 27.3 ms at 13.2s (Draw: 3676, Bodies: 282)
⚡ FRAME SPIKE #259: 27.0 ms at 13.2s (Draw: 3619, Bodies: 282)
⚡ FRAME SPIKE #260: 26.7 ms at 13.2s (Draw: 3476, Bodies: 282)
⚡ FRAME SPIKE #261: 26.4 ms at 13.3s (Draw: 3448, Bodies: 282)
⚡ FRAME SPIKE #262: 25.9 ms at 13.3s (Draw: 3449, Bodies: 282)
⚡ FRAME SPIKE #263: 25.8 ms at 13.4s (Draw: 3482, Bodies: 282)

=== PERFORMANCE METRICS ===
FPS: 39 | Frame: 27.4 ms (max 90.7) | Physics: 16.7 ms (max 94.0)
Godot Process: 19.53 ms | Physics: 6.99 ms
Objects: 37845 | Nodes: 15756 | Resources: 536
Draw calls: 3339 | Vertices: 6640878 | VRAM: 728.2 MB
Physics bodies: 280 | Collision pairs: 3007
--- System Times ---
  road_batch_finalize_total_-1,-1: 10.68 ms (max 10.68)
  road_batch_finalize_total_-1,-2: 5.20 ms (max 5.20)
  road_batch_finalize_total_-1,-3: 22.14 ms (max 22.14)
  road_batch_finalize_total_-1,0: 32.15 ms (max 32.15)
  road_batch_finalize_total_-2,-1: 17.24 ms (max 17.24)
  road_batch_finalize_total_-2,-2: 16.60 ms (max 16.60)
  road_batch_finalize_total_-2,0: 15.35 ms (max 15.35)
  road_batch_finalize_total_0,-1: 21.83 ms (max 21.83)
  road_batch_finalize_total_0,-2: 20.84 ms (max 20.84)
  road_batch_finalize_total_0,-3: 30.29 ms (max 30.29)
  road_batch_finalize_total_0,0: 20.01 ms (max 20.01)
  road_batch_finalize_total_0,1: 15.28 ms (max 15.28)
  road_batch_finalize_total_1,-1: 23.49 ms (max 23.49)
  road_batch_finalize_total_1,-2: 21.39 ms (max 21.39)
  road_batch_finalize_total_1,0: 19.34 ms (max 19.34)
  road_collision_create_-1,-1: 3.35 ms (max 3.90)
  road_collision_create_-1,-2: 2.39 ms (max 2.93)
  road_collision_create_-1,-3: 7.09 ms (max 17.52)
  road_collision_create_-1,0: 15.82 ms (max 29.34)
  road_collision_create_-2,-1: 5.54 ms (max 11.21)
  road_collision_create_-2,-2: 8.03 ms (max 14.50)
  road_collision_create_-2,0: 7.45 ms (max 11.84)
  road_collision_create_0,-1: 7.05 ms (max 15.39)
  road_collision_create_0,-2: 6.73 ms (max 13.86)
  road_collision_create_0,-3: 9.73 ms (max 23.22)
  road_collision_create_0,0: 6.47 ms (max 16.45)
  road_collision_create_0,1: 15.02 ms (max 15.02)
  road_collision_create_1,-1: 7.63 ms (max 19.29)
  road_collision_create_1,-2: 10.48 ms (max 18.10)
  road_collision_create_1,0: 19.07 ms (max 19.07)
===========================

=== PERFORMANCE METRICS ===
FPS: 39 | Frame: 27.4 ms (max 90.7) | Physics: 16.7 ms (max 94.1)
Godot Process: 19.53 ms | Physics: 6.99 ms
Objects: 37845 | Nodes: 15756 | Resources: 536
Draw calls: 3339 | Vertices: 6640878 | VRAM: 728.2 MB
Physics bodies: 280 | Collision pairs: 3007
===========================
🚗 Traffic: 25 active NPCs (Near: 8, Mid: 12, Far: 5), 4 pooled
  → Physics bodies from NPCs: 25 (All: 25×1, было бы 25×5=125)

========== Bottleneck Analysis Report ==========
Time: 24.4s | Frames: 807

📊 PERFORMANCE OVERVIEW:
  FPS: 33.5 avg | 25.0 min
  Frame Time: 44.21 ms avg | 88.40 ms max
  Physics Time: 6.22 ms avg

🔍 BOTTLENECK IDENTIFICATION:
  🔴 [CRITICAL] Frame Time
      Value: 44.21 ms (target: 16.67 ms)
      Impact: Overall performance bottleneck
      Suggestions:
        • Reduce draw calls
        • Optimize scripts in _process()
        • Check for expensive operations per frame

  🟠 [HIGH] Draw Calls
      Value: 3864 calls/frame
      Impact: GPU rendering overhead
      Suggestions:
        • Batch meshes by material
        • Use MultiMeshInstance3D
        • Implement LOD system
        • Enable frustum culling

  🟠 [HIGH] Physics Bodies
      Value: 260 active bodies
      Impact: Physics engine load
      Suggestions:
        • Reduce NPC count
        • Convert distant NPCs to kinematic
        • Disable physics for far objects

  🟡 [MEDIUM] Physics Time
      Value: 6.22 ms
      Impact: Physics simulation overhead
      Suggestions:
        • Reduce number of active physics bodies
        • Simplify collision shapes
        • Disable physics for distant objects

  🟡 [MEDIUM] Vertex Count
      Value: 10645546 vertices/frame
      Impact: GPU vertex processing
      Suggestions:
        • Implement LOD for distant objects
        • Simplify building meshes
        • Use lower poly models

  🟡 [MEDIUM] Node Count
      Value: 15756 nodes
      Impact: Scene tree traversal overhead
      Suggestions:
        • Unload distant chunks
        • Pool and reuse nodes
        • Flatten hierarchy where possible

  🟡 [MEDIUM] Post-Processing Effects
      Value: SSAO, Glow/Bloom, Volumetric Fog
      Impact: GPU shader overhead
      Suggestions:
        • Reduce SSR quality
        • Disable SSAO on low-end hardware
        • Use simpler fog

📈 DETAILED STATS:
  Draw Calls: 3864 avg | 4460 max
  Vertices: 10645546 avg | 43545499 max
  Physics Bodies: 260
  Nodes: 15756
  VRAM: 728.2 MB

=================================================

⚡ FRAME SPIKE #264: 32.3 ms at 14.8s (Draw: 3266, Bodies: 282)
⚡ FRAME SPIKE #265: 26.1 ms at 14.8s (Draw: 3265, Bodies: 282)
⚡ PHYSICS SPIKE #1: 11.6 ms at 14.8s (Bodies: 282)
⚡ FRAME SPIKE #266: 25.1 ms at 14.8s (Draw: 3260, Bodies: 282)
⚡ PHYSICS SPIKE #2: 11.6 ms at 14.9s (Bodies: 282)
⚡ PHYSICS SPIKE #3: 11.6 ms at 14.9s (Bodies: 282)
⚡ PHYSICS SPIKE #4: 11.6 ms at 14.9s (Bodies: 282)
⚡ PHYSICS SPIKE #5: 11.6 ms at 14.9s (Bodies: 282)
⚡ PHYSICS SPIKE #6: 11.6 ms at 14.9s (Bodies: 282)
⚡ FRAME SPIKE #267: 26.1 ms at 14.9s (Draw: 3259, Bodies: 282)
⚡ PHYSICS SPIKE #7: 11.6 ms at 14.9s (Bodies: 282)
⚡ PHYSICS SPIKE #8: 11.6 ms at 14.9s (Bodies: 282)
⚡ FRAME SPIKE #268: 26.8 ms at 14.9s (Draw: 3249, Bodies: 282)
⚡ PHYSICS SPIKE #9: 11.6 ms at 15.0s (Bodies: 282)
⚡ FRAME SPIKE #269: 27.0 ms at 15.0s (Draw: 3237, Bodies: 282)
⚡ PHYSICS SPIKE #10: 11.6 ms at 15.0s (Bodies: 282)
⚡ PHYSICS SPIKE #11: 11.6 ms at 15.0s (Bodies: 282)
⚡ FRAME SPIKE #270: 26.2 ms at 15.0s (Draw: 3241, Bodies: 282)
⚡ PHYSICS SPIKE #12: 11.6 ms at 15.0s (Bodies: 282)
⚡ FRAME SPIKE #271: 26.2 ms at 15.0s (Draw: 3234, Bodies: 282)
⚡ PHYSICS SPIKE #13: 11.6 ms at 15.1s (Bodies: 282)
⚡ PHYSICS SPIKE #14: 11.6 ms at 15.1s (Bodies: 282)
⚡ FRAME SPIKE #272: 25.9 ms at 15.1s (Draw: 3233, Bodies: 282)
⚡ PHYSICS SPIKE #15: 11.6 ms at 15.1s (Bodies: 282)
⚡ FRAME SPIKE #273: 25.9 ms at 15.1s (Draw: 3227, Bodies: 282)
⚡ PHYSICS SPIKE #16: 11.6 ms at 15.1s (Bodies: 282)
⚡ PHYSICS SPIKE #17: 11.6 ms at 15.1s (Bodies: 282)
⚡ FRAME SPIKE #274: 25.8 ms at 15.1s (Draw: 3224, Bodies: 282)
⚡ PHYSICS SPIKE #18: 11.6 ms at 15.1s (Bodies: 282)
⚡ PHYSICS SPIKE #19: 11.6 ms at 15.2s (Bodies: 282)
⚡ PHYSICS SPIKE #20: 11.6 ms at 15.2s (Bodies: 282)
⚡ PHYSICS SPIKE #21: 11.6 ms at 15.2s (Bodies: 282)
⚡ FRAME SPIKE #275: 25.8 ms at 15.2s (Draw: 3223, Bodies: 282)
⚡ PHYSICS SPIKE #22: 11.6 ms at 15.2s (Bodies: 282)
⚡ PHYSICS SPIKE #23: 11.6 ms at 15.2s (Bodies: 282)
⚡ PHYSICS SPIKE #24: 11.6 ms at 15.2s (Bodies: 282)
⚡ PHYSICS SPIKE #25: 11.6 ms at 15.2s (Bodies: 282)
⚡ PHYSICS SPIKE #26: 11.6 ms at 15.3s (Bodies: 282)
⚡ PHYSICS SPIKE #27: 11.6 ms at 15.3s (Bodies: 282)
⚡ PHYSICS SPIKE #28: 11.6 ms at 15.3s (Bodies: 282)
⚡ PHYSICS SPIKE #29: 11.6 ms at 15.3s (Bodies: 282)
⚡ PHYSICS SPIKE #30: 11.6 ms at 15.3s (Bodies: 282)
⚡ PHYSICS SPIKE #31: 11.6 ms at 15.3s (Bodies: 282)
⚡ PHYSICS SPIKE #32: 11.6 ms at 15.4s (Bodies: 282)
⚡ PHYSICS SPIKE #33: 11.6 ms at 15.4s (Bodies: 282)
⚡ PHYSICS SPIKE #34: 11.6 ms at 15.4s (Bodies: 282)
⚡ PHYSICS SPIKE #35: 11.6 ms at 15.4s (Bodies: 282)
⚡ PHYSICS SPIKE #36: 11.6 ms at 15.4s (Bodies: 282)
⚡ PHYSICS SPIKE #37: 11.6 ms at 15.4s (Bodies: 282)
⚡ PHYSICS SPIKE #38: 11.6 ms at 15.4s (Bodies: 282)
⚡ PHYSICS SPIKE #39: 11.6 ms at 15.5s (Bodies: 282)
⚡ PHYSICS SPIKE #40: 11.6 ms at 15.5s (Bodies: 282)
=== PAZ Model Meshes Debug ===
Total meshes found: 1
  - Mesh: bus_low_Material_006_0 (MeshInstance3D)
PAZ-32053 model setup complete
⚡ PHYSICS SPIKE #41: 11.6 ms at 15.5s (Bodies: 285)
⚡ PHYSICS SPIKE #42: 11.6 ms at 15.5s (Bodies: 285)
⚡ PHYSICS SPIKE #43: 11.6 ms at 15.5s (Bodies: 285)
⚡ PHYSICS SPIKE #44: 11.6 ms at 15.6s (Bodies: 285)
⚡ PHYSICS SPIKE #45: 11.6 ms at 15.6s (Bodies: 285)
⚡ PHYSICS SPIKE #46: 11.6 ms at 15.6s (Bodies: 285)
⚡ PHYSICS SPIKE #47: 11.6 ms at 15.6s (Bodies: 285)
⚡ PHYSICS SPIKE #48: 11.6 ms at 15.6s (Bodies: 285)
⚡ PHYSICS SPIKE #49: 11.6 ms at 15.6s (Bodies: 285)
⚡ PHYSICS SPIKE #50: 11.6 ms at 15.7s (Bodies: 285)
⚡ PHYSICS SPIKE #51: 11.6 ms at 15.7s (Bodies: 285)
⚡ PHYSICS SPIKE #52: 11.6 ms at 15.7s (Bodies: 285)
⚡ PHYSICS SPIKE #53: 11.6 ms at 15.7s (Bodies: 285)
⚡ PHYSICS SPIKE #54: 11.6 ms at 15.7s (Bodies: 285)
⚡ PHYSICS SPIKE #55: 11.6 ms at 15.8s (Bodies: 285)
⚡ PHYSICS SPIKE #56: 11.6 ms at 15.8s (Bodies: 285)
⚡ PHYSICS SPIKE #57: 11.6 ms at 15.8s (Bodies: 285)
⚡ PHYSICS SPIKE #58: 11.6 ms at 15.8s (Bodies: 285)
⚡ PHYSICS SPIKE #59: 11.6 ms at 15.8s (Bodies: 285)
⚡ PHYSICS SPIKE #60: 11.6 ms at 15.8s (Bodies: 285)
⚡ FRAME SPIKE #276: 25.3 ms at 15.9s (Draw: 3197, Bodies: 285)
🚗 Traffic: 30 active NPCs (Near: 2, Mid: 20, Far: 8), 0 pooled
  → Physics bodies from NPCs: 30 (All: 30×1, было бы 30×5=150)

========== Bottleneck Analysis Report ==========
Time: 26.4s | Frames: 893

📊 PERFORMANCE OVERVIEW:
  FPS: 40.5 avg | 34.0 min
  Frame Time: 19.19 ms avg | 23.38 ms max
  Physics Time: 8.60 ms avg

🔍 BOTTLENECK IDENTIFICATION:
  🟠 [HIGH] Frame Time
      Value: 19.19 ms (target: 16.67 ms)
      Impact: Overall performance bottleneck
      Suggestions:
        • Reduce draw calls
        • Optimize scripts in _process()
        • Check for expensive operations per frame

  🟠 [HIGH] Draw Calls
      Value: 3279 calls/frame
      Impact: GPU rendering overhead
      Suggestions:
        • Batch meshes by material
        • Use MultiMeshInstance3D
        • Implement LOD system
        • Enable frustum culling

  🟠 [HIGH] Physics Bodies
      Value: 282 active bodies
      Impact: Physics engine load
      Suggestions:
        • Reduce NPC count
        • Convert distant NPCs to kinematic
        • Disable physics for far objects

  🟡 [MEDIUM] Physics Time
      Value: 8.60 ms
      Impact: Physics simulation overhead
      Suggestions:
        • Reduce number of active physics bodies
        • Simplify collision shapes
        • Disable physics for distant objects

  🟡 [MEDIUM] Vertex Count
      Value: 6651757 vertices/frame
      Impact: GPU vertex processing
      Suggestions:
        • Implement LOD for distant objects
        • Simplify building meshes
        • Use lower poly models

  🟡 [MEDIUM] Node Count
      Value: 15780 nodes
      Impact: Scene tree traversal overhead
      Suggestions:
        • Unload distant chunks
        • Pool and reuse nodes
        • Flatten hierarchy where possible

  🟡 [MEDIUM] Post-Processing Effects
      Value: SSAO, Glow/Bloom, Volumetric Fog
      Impact: GPU shader overhead
      Suggestions:
        • Reduce SSR quality
        • Disable SSAO on low-end hardware
        • Use simpler fog

📈 DETAILED STATS:
  Draw Calls: 3279 avg | 3541 max
  Vertices: 6651757 avg | 6729241 max
  Physics Bodies: 282
  Nodes: 15780
  VRAM: 728.2 MB

=================================================

⚡ FRAME SPIKE #277: 26.3 ms at 16.7s (Draw: 3817, Bodies: 285)
⚡ FRAME SPIKE #278: 26.5 ms at 16.7s (Draw: 3795, Bodies: 285)
⚡ FRAME SPIKE #279: 26.4 ms at 16.8s (Draw: 3797, Bodies: 285)
⚡ FRAME SPIKE #280: 26.3 ms at 16.8s (Draw: 3798, Bodies: 285)
⚡ FRAME SPIKE #281: 25.3 ms at 16.9s (Draw: 3789, Bodies: 285)
⚡ FRAME SPIKE #282: 25.6 ms at 16.9s (Draw: 3780, Bodies: 285)
⚡ FRAME SPIKE #283: 26.4 ms at 17.0s (Draw: 3766, Bodies: 285)
⚡ FRAME SPIKE #284: 26.0 ms at 17.0s (Draw: 3764, Bodies: 285)
⚡ FRAME SPIKE #285: 25.8 ms at 17.1s (Draw: 3768, Bodies: 285)
⚡ FRAME SPIKE #286: 28.4 ms at 17.1s (Draw: 3771, Bodies: 285)
⚡ FRAME SPIKE #287: 25.8 ms at 17.1s (Draw: 3780, Bodies: 285)
⚡ FRAME SPIKE #288: 25.9 ms at 17.2s (Draw: 3785, Bodies: 285)
⚡ FRAME SPIKE #289: 25.8 ms at 17.2s (Draw: 3788, Bodies: 285)
⚡ FRAME SPIKE #290: 25.8 ms at 17.2s (Draw: 3783, Bodies: 285)
⚡ FRAME SPIKE #291: 25.8 ms at 17.3s (Draw: 3771, Bodies: 285)
⚡ FRAME SPIKE #292: 25.8 ms at 17.3s (Draw: 3708, Bodies: 285)
⚡ FRAME SPIKE #293: 25.8 ms at 17.3s (Draw: 3660, Bodies: 285)
⚡ FRAME SPIKE #294: 25.8 ms at 17.4s (Draw: 3491, Bodies: 285)
⚡ FRAME SPIKE #295: 25.8 ms at 17.4s (Draw: 3419, Bodies: 285)
⚡ FRAME SPIKE #296: 25.8 ms at 17.4s (Draw: 3345, Bodies: 285)
⚡ FRAME SPIKE #297: 25.8 ms at 17.4s (Draw: 3328, Bodies: 285)
⚡ FRAME SPIKE #298: 25.8 ms at 17.5s (Draw: 3327, Bodies: 285)
⚡ FRAME SPIKE #299: 25.8 ms at 17.5s (Draw: 3338, Bodies: 285)
⚡ FRAME SPIKE #300: 25.8 ms at 17.5s (Draw: 3341, Bodies: 285)
⚡ FRAME SPIKE #301: 25.8 ms at 17.5s (Draw: 3336, Bodies: 285)
⚡ FRAME SPIKE #302: 25.8 ms at 17.6s (Draw: 3338, Bodies: 285)
⚡ FRAME SPIKE #303: 25.8 ms at 17.6s (Draw: 3343, Bodies: 285)
⚡ FRAME SPIKE #304: 25.8 ms at 17.6s (Draw: 3339, Bodies: 285)
⚡ FRAME SPIKE #305: 25.8 ms at 17.7s (Draw: 3334, Bodies: 284)
⚡ FRAME SPIKE #306: 25.8 ms at 17.7s (Draw: 3338, Bodies: 284)
⚡ FRAME SPIKE #307: 25.5 ms at 17.7s (Draw: 3336, Bodies: 284)
OSM: Loading chunk -2,-3 at lat=59.1235, lon=37.8921
OSM: Loaded from cache: osm_v2_59.1235_37.8921_250.json
OSM: Loading chunk 1,-3 at lat=59.1235, lon=37.9079
OSM: Loaded from cache: osm_v2_59.1235_37.9079_250.json
OSM: Chunk -2,-3 data loaded
OSM: Found 14 POI nodes in chunk
POI_DEBUG: Found 'Аптека+' inside building at local (-584.9, -728.9)
OSM: Generated 36 roads, 41 buildings, 0 trees, 0 signs, 0 lamps, 26 intersections
OSM: Marked chunk '-2,-3' for road batch finalization
OSM: Post-initial chunk loaded, pending_lamps=442
OSM: _create_pending_lamps started, count=442
OSM: DEBUG - First lamp added to chunk 0,-3 batch
OSM: DEBUG - First lamp added to chunk -1,-3 batch
OSM: DEBUG - First lamp added to chunk -2,-3 batch
OSM: Created 255 lamps, skipped 187 (added to batches)
OSM: Finalizing 3 lamp batches immediately...
OSM: ✅ Finalized lamp batch 0,-3: 56 lamps (3 MultiMeshes + 56 lights, was 168 draw calls before)
OSM: ✅ Finalized lamp batch -1,-3: 37 lamps (3 MultiMeshes + 37 lights, was 111 draw calls before)
OSM: ✅ Finalized lamp batch -2,-3: 38 lamps (3 MultiMeshes + 38 lights, was 114 draw calls before)
OSM: Chunk 1,-3 data loaded
OSM: Found 4 entrance nodes in chunk
OSM: Found 29 POI nodes in chunk
POI_DEBUG: Found 'Бон Аппетит' inside building at local (536.3, -777.3)
POI_DEBUG: Found 'Осетинские пироги' inside building at local (571.7, -769.5)
POI_DEBUG: Found 'Ткани для Вас' inside building at local (630.6, -755.6)
POI_DEBUG: Found 'Аста-запчасти' inside building at local (556.2, -773.0)
POI_DEBUG: Found 'Coffee Like' inside building at local (572.0, -760.4)
POI_DEBUG: Found 'Шексна' inside building at local (409.3, -852.9)
POI_DEBUG: Found 'Ozon' inside building at local (392.2, -869.7)
BusinessSign: Found logo for 'ozon' -> res://textures/brand_logos/ozon.png
POI_DEBUG: Found 'Академия слуха' inside building at local (369.2, -911.4)
POI_DEBUG: Found 'DNS' inside building at local (364.5, -739.9)
POI_DEBUG: Found 'Пятёрочка' inside building at local (336.8, -729.4)
POI_DEBUG: Found 'Антей' inside building at local (359.3, -721.5)
BusinessSign: Found logo for 'dns' -> res://textures/brand_logos/dns.png
Loading resource: res://textures/brand_logos/dns.png
Loading resource: res://.godot/imported/dns.png-a78c4eefe01684ddab8fef68c4a2d1e5.ctex
BusinessSign: Found logo for 'пятёрочка' -> res://textures/brand_logos/pyaterochka.png
POI_DEBUG: Found 'Десяточка' inside building at local (434.3, -758.0)
POI_DEBUG: Found 'Алоэ' inside building at local (425.4, -758.1)
POI_DEBUG: Found 'МТС' inside building at local (420.4, -759.2)
BusinessSign: Found logo for 'мтс' -> res://textures/brand_logos/mts.png
Loading resource: res://textures/brand_logos/mts.png
Loading resource: res://.godot/imported/mts.png-2f4f8c344a076d2089587acd6374089a.ctex
POI_DEBUG: Found 'Россельхозбанк' inside building at local (465.8, -706.4)
POI_DEBUG: Found 'OTP-банк' inside building at local (592.3, -604.5)
POI_DEBUG: Found 'ВТБ' inside building at local (594.8, -612.1)
POI_DEBUG: Found 'Шашлычек' inside building at local (589.3, -592.4)
POI_DEBUG: Found 'Easy Slip' inside building at local (581.6, -593.1)
BusinessSign: Found logo for 'втб' -> res://textures/brand_logos/vtb.png
POI_DEBUG: Found 'СДЭК' inside building at local (536.8, -743.2)
POI_DEBUG: Found 'Ozon' inside building at local (559.0, -660.9)
BusinessSign: Found logo for 'ozon' -> res://textures/brand_logos/ozon.png
BusinessSign: Found logo for 'пятёрочка' -> res://textures/brand_logos/pyaterochka.png
OSM: Generated 55 roads, 18 buildings, 0 trees, 0 signs, 0 lamps, 28 intersections
OSM: Marked chunk '1,-3' for road batch finalization
OSM: Post-initial chunk loaded, pending_lamps=0
OSM: _create_pending_lamps started, count=0
OSM: No pending lamps
⚡ FRAME SPIKE #308: 117.8 ms at 18.2s (Draw: 3701, Bodies: 285)
OSM: DEBUG _add_road_to_batch - first road for chunk '1,-3', parent.name='Chunk_1,-3'
OSM: DEBUG _add_road_to_batch - first road for chunk '-2,-3', parent.name='Chunk_-2,-3'
⚠️ SLOW FRAME 12.3ms: building=0.7 road=10.7 terrain=0.2 infra=0.7 veg=0.0 curb=0.0ms
🚗 Traffic: 29 active NPCs (Near: 0, Mid: 19, Far: 10), 2 pooled
  → Physics bodies from NPCs: 29 (All: 29×1, было бы 29×5=145)

========== Bottleneck Analysis Report ==========
Time: 28.5s | Frames: 972

📊 PERFORMANCE OVERVIEW:
  FPS: 42.2 avg | 40.0 min
  Frame Time: 18.09 ms avg | 19.40 ms max
  Physics Time: 8.08 ms avg

🔍 BOTTLENECK IDENTIFICATION:
  🟠 [HIGH] Frame Time
      Value: 18.09 ms (target: 16.67 ms)
      Impact: Overall performance bottleneck
      Suggestions:
        • Reduce draw calls
        • Optimize scripts in _process()
        • Check for expensive operations per frame

  🟠 [HIGH] Draw Calls
      Value: 3400 calls/frame
      Impact: GPU rendering overhead
      Suggestions:
        • Batch meshes by material
        • Use MultiMeshInstance3D
        • Implement LOD system
        • Enable frustum culling

  🟠 [HIGH] Physics Bodies
      Value: 284 active bodies
      Impact: Physics engine load
      Suggestions:
        • Reduce NPC count
        • Convert distant NPCs to kinematic
        • Disable physics for far objects

  🟡 [MEDIUM] Physics Time
      Value: 8.08 ms
      Impact: Physics simulation overhead
      Suggestions:
        • Reduce number of active physics bodies
        • Simplify collision shapes
        • Disable physics for distant objects

  🟡 [MEDIUM] Vertex Count
      Value: 6628715 vertices/frame
      Impact: GPU vertex processing
      Suggestions:
        • Implement LOD for distant objects
        • Simplify building meshes
        • Use lower poly models

  🟡 [MEDIUM] Node Count
      Value: 16531 nodes
      Impact: Scene tree traversal overhead
      Suggestions:
        • Unload distant chunks
        • Pool and reuse nodes
        • Flatten hierarchy where possible

  🟡 [MEDIUM] Post-Processing Effects
      Value: SSAO, Glow/Bloom, Volumetric Fog
      Impact: GPU shader overhead
      Suggestions:
        • Reduce SSR quality
        • Disable SSAO on low-end hardware
        • Use simpler fog

📈 DETAILED STATS:
  Draw Calls: 3400 avg | 3828 max
  Vertices: 6628715 avg | 8219328 max
  Physics Bodies: 284
  Nodes: 16531
  VRAM: 729.2 MB

=================================================

⚡ FRAME SPIKE #309: 84.5 ms at 18.3s (Draw: 3719, Bodies: 286)
⚡ FRAME SPIKE #310: 54.1 ms at 18.4s (Draw: 3732, Bodies: 287)
⚡ FRAME SPIKE #311: 45.9 ms at 18.4s (Draw: 3758, Bodies: 288)
⚠️ SLOW FRAME 11.8ms: building=0.4 road=5.2 terrain=0.2 infra=0.5 veg=5.4 curb=0.0ms
⚡ FRAME SPIKE #312: 50.0 ms at 18.5s (Draw: 3756, Bodies: 289)
⚠️ SLOW FRAME 12.6ms: building=0.5 road=11.0 terrain=0.3 infra=0.7 veg=0.0 curb=0.0ms
⚡ FRAME SPIKE #313: 50.0 ms at 18.5s (Draw: 3766, Bodies: 292)
⚡ FRAME SPIKE #314: 41.0 ms at 18.6s (Draw: 3781, Bodies: 293)
🔴 FREEZE: road collision shape creation took 21.9 ms for chunk -2,-3 (type: residential)
OSM: ✅ Finalized road batch -2,-3/residential: 1996 vertices, 1940 triangles, material: <ImageTexture#-9223371972648368119>
OSM: ✅ Finalized road batch -2,-3/primary: 410 vertices, 406 triangles, material: <ImageTexture#-9223371972749031416>
OSM: ✅ Finalized road batch -2,-3/path: 658 vertices, 646 triangles, material: <ImageTexture#-9223371972547704822>
⚠️ SLOW: road batch finalization took 27.2 ms for chunk -2,-3
⚠️ SLOW FRAME 28.4ms: building=0.5 road=27.2 terrain=0.3 infra=0.4 veg=0.0 curb=0.0ms
⚡ FRAME SPIKE #315: 50.0 ms at 18.6s (Draw: 3783, Bodies: 294)
OSM: ✅ Finalized road batch 1,-3/residential: 1686 vertices, 1624 triangles, material: <ImageTexture#-9223371972648368119>
OSM: ✅ Finalized road batch 1,-3/path: 1238 vertices, 1192 triangles, material: <ImageTexture#-9223371972547704822>
OSM: ✅ Finalized road batch 1,-3/primary: 180 vertices, 178 triangles, material: <ImageTexture#-9223371972749031416>
⚠️ SLOW: road batch finalization took 8.9 ms for chunk 1,-3
⚠️ SLOW FRAME 10.0ms: building=0.4 road=8.9 terrain=0.3 infra=0.4 veg=0.0 curb=0.0ms
⚡ FRAME SPIKE #316: 48.0 ms at 18.7s (Draw: 3796, Bodies: 295)
⚡ FRAME SPIKE #317: 47.9 ms at 18.7s (Draw: 3804, Bodies: 296)
⚡ FRAME SPIKE #318: 43.6 ms at 18.8s (Draw: 3805, Bodies: 297)
⚡ FRAME SPIKE #319: 32.2 ms at 18.8s (Draw: 3809, Bodies: 298)
⚡ FRAME SPIKE #320: 34.3 ms at 18.8s (Draw: 3799, Bodies: 299)
⚡ FRAME SPIKE #321: 31.3 ms at 18.9s (Draw: 3810, Bodies: 300)
⚡ FRAME SPIKE #322: 32.1 ms at 18.9s (Draw: 3829, Bodies: 301)
⚡ FRAME SPIKE #323: 33.9 ms at 18.9s (Draw: 3823, Bodies: 302)
⚡ FRAME SPIKE #324: 33.0 ms at 19.0s (Draw: 3831, Bodies: 303)
⚡ FRAME SPIKE #325: 32.1 ms at 19.0s (Draw: 3858, Bodies: 304)
⚡ FRAME SPIKE #326: 33.1 ms at 19.0s (Draw: 3870, Bodies: 305)
⚡ FRAME SPIKE #327: 32.5 ms at 19.1s (Draw: 3876, Bodies: 306)
⚡ FRAME SPIKE #328: 32.7 ms at 19.1s (Draw: 3885, Bodies: 307)
⚡ FRAME SPIKE #329: 32.2 ms at 19.1s (Draw: 3889, Bodies: 307)
⚡ FRAME SPIKE #330: 32.8 ms at 19.2s (Draw: 3901, Bodies: 308)

=== PERFORMANCE METRICS ===
FPS: 26 | Frame: 27.6 ms (max 117.8) | Physics: 16.6 ms (max 124.9)
Godot Process: 118.17 ms | Physics: 7.64 ms
Objects: 41921 | Nodes: 17466 | Resources: 538
Draw calls: 3901 | Vertices: 7878721 | VRAM: 730.1 MB
Physics bodies: 308 | Collision pairs: 3718
--- System Times ---
  road_batch_finalize_total_-1,-1: 10.68 ms (max 10.68)
  road_batch_finalize_total_-1,-2: 5.20 ms (max 5.20)
  road_batch_finalize_total_-1,-3: 22.14 ms (max 22.14)
  road_batch_finalize_total_-1,0: 32.15 ms (max 32.15)
  road_batch_finalize_total_-2,-1: 17.24 ms (max 17.24)
  road_batch_finalize_total_-2,-2: 16.60 ms (max 16.60)
  road_batch_finalize_total_-2,-3: 27.15 ms (max 27.15)
  road_batch_finalize_total_-2,0: 15.35 ms (max 15.35)
  road_batch_finalize_total_0,-1: 21.83 ms (max 21.83)
  road_batch_finalize_total_0,-2: 20.84 ms (max 20.84)
  road_batch_finalize_total_0,-3: 30.29 ms (max 30.29)
  road_batch_finalize_total_0,0: 20.01 ms (max 20.01)
  road_batch_finalize_total_0,1: 15.28 ms (max 15.28)
  road_batch_finalize_total_1,-1: 23.49 ms (max 23.49)
  road_batch_finalize_total_1,-2: 21.39 ms (max 21.39)
  road_batch_finalize_total_1,-3: 8.87 ms (max 8.87)
  road_batch_finalize_total_1,0: 19.34 ms (max 19.34)
  road_collision_create_-1,-1: 3.35 ms (max 3.90)
  road_collision_create_-1,-2: 2.39 ms (max 2.93)
  road_collision_create_-1,-3: 7.09 ms (max 17.52)
  road_collision_create_-1,0: 15.82 ms (max 29.34)
  road_collision_create_-2,-1: 5.54 ms (max 11.21)
  road_collision_create_-2,-2: 8.03 ms (max 14.50)
  road_collision_create_-2,-3: 8.63 ms (max 21.89)
  road_collision_create_-2,0: 7.45 ms (max 11.84)
  road_collision_create_0,-1: 7.05 ms (max 15.39)
  road_collision_create_0,-2: 6.73 ms (max 13.86)
  road_collision_create_0,-3: 9.73 ms (max 23.22)
  road_collision_create_0,0: 6.47 ms (max 16.45)
  road_collision_create_0,1: 15.02 ms (max 15.02)
  road_collision_create_1,-1: 7.63 ms (max 19.29)
  road_collision_create_1,-2: 10.48 ms (max 18.10)
  road_collision_create_1,-3: 2.59 ms (max 3.51)
  road_collision_create_1,0: 19.07 ms (max 19.07)
===========================

=== PERFORMANCE METRICS ===
FPS: 26 | Frame: 27.6 ms (max 117.8) | Physics: 16.6 ms (max 124.9)
Godot Process: 118.17 ms | Physics: 7.64 ms
Objects: 41921 | Nodes: 17466 | Resources: 538
Draw calls: 3901 | Vertices: 7878721 | VRAM: 730.1 MB
Physics bodies: 308 | Collision pairs: 3718
===========================
⚡ FRAME SPIKE #331: 32.9 ms at 19.2s (Draw: 3900, Bodies: 309)
⚡ FRAME SPIKE #332: 33.3 ms at 19.2s (Draw: 3896, Bodies: 310)
⚡ FRAME SPIKE #333: 33.0 ms at 19.3s (Draw: 3896, Bodies: 311)
⚡ FRAME SPIKE #334: 32.4 ms at 19.3s (Draw: 3890, Bodies: 312)
⚡ FRAME SPIKE #335: 33.3 ms at 19.3s (Draw: 3901, Bodies: 313)
⚡ FRAME SPIKE #336: 33.3 ms at 19.4s (Draw: 3900, Bodies: 314)
⚡ FRAME SPIKE #337: 32.1 ms at 19.4s (Draw: 3909, Bodies: 315)
⚡ FRAME SPIKE #338: 32.5 ms at 19.4s (Draw: 3902, Bodies: 316)
⚡ FRAME SPIKE #339: 33.3 ms at 19.5s (Draw: 3924, Bodies: 317)
⚡ FRAME SPIKE #340: 33.0 ms at 19.5s (Draw: 3940, Bodies: 318)
=== PAZ Model Meshes Debug ===
Total meshes found: 1
  - Mesh: bus_low_Material_006_0 (MeshInstance3D)
PAZ-32053 model setup complete
⚡ FRAME SPIKE #341: 33.3 ms at 19.5s (Draw: 3946, Bodies: 320)
⚡ FRAME SPIKE #342: 33.8 ms at 19.6s (Draw: 3947, Bodies: 321)
⚡ FRAME SPIKE #343: 33.5 ms at 19.6s (Draw: 3986, Bodies: 322)
⚡ FRAME SPIKE #344: 34.0 ms at 19.6s (Draw: 4018, Bodies: 323)
⚡ FRAME SPIKE #345: 33.3 ms at 19.7s (Draw: 4027, Bodies: 324)
⚡ FRAME SPIKE #346: 33.3 ms at 19.7s (Draw: 4033, Bodies: 325)
⚡ FRAME SPIKE #347: 33.3 ms at 19.7s (Draw: 4035, Bodies: 326)
⚡ FRAME SPIKE #348: 33.3 ms at 19.8s (Draw: 4026, Bodies: 327)
⚡ FRAME SPIKE #349: 33.3 ms at 19.8s (Draw: 4037, Bodies: 328)
⚡ FRAME SPIKE #350: 33.3 ms at 19.8s (Draw: 4039, Bodies: 329)
⚡ FRAME SPIKE #351: 33.6 ms at 19.9s (Draw: 4045, Bodies: 330)
⚡ FRAME SPIKE #352: 34.7 ms at 19.9s (Draw: 4058, Bodies: 331)
⚡ FRAME SPIKE #353: 33.3 ms at 19.9s (Draw: 4071, Bodies: 331)
⚡ FRAME SPIKE #354: 33.7 ms at 20.0s (Draw: 4057, Bodies: 332)
⚡ FRAME SPIKE #355: 33.3 ms at 20.0s (Draw: 4061, Bodies: 333)
⚡ FRAME SPIKE #356: 33.5 ms at 20.0s (Draw: 4067, Bodies: 333)
⚡ FRAME SPIKE #357: 33.3 ms at 20.1s (Draw: 4083, Bodies: 334)
⚡ FRAME SPIKE #358: 33.3 ms at 20.1s (Draw: 4094, Bodies: 335)
⚡ FRAME SPIKE #359: 33.3 ms at 20.1s (Draw: 4097, Bodies: 336)
OSM: 🌙 NIGHT Window batch 1,-3 | night_mgr: CACHED | is_night value: true
OSM: ✅ Finalized window batch 1,-3: 4506 windows (was 4506 draw calls before batching)
⚡ FRAME SPIKE #360: 33.3 ms at 20.2s (Draw: 4096, Bodies: 336)
OSM: 🌙 NIGHT Window batch -2,-3 | night_mgr: CACHED | is_night value: true
OSM: ✅ Finalized window batch -2,-3: 5341 windows (was 5341 draw calls before batching)
⚡ FRAME SPIKE #361: 33.3 ms at 20.2s (Draw: 4104, Bodies: 336)
⚡ FRAME SPIKE #362: 33.3 ms at 20.2s (Draw: 4102, Bodies: 336)
⚡ FRAME SPIKE #363: 33.3 ms at 20.3s (Draw: 4120, Bodies: 335)
🚗 Traffic: 28 active NPCs (Near: 0, Mid: 15, Far: 13), 4 pooled
  → Physics bodies from NPCs: 28 (All: 28×1, было бы 28×5=140)

========== Bottleneck Analysis Report ==========
Time: 30.5s | Frames: 1027

📊 PERFORMANCE OVERVIEW:
  FPS: 36.3 avg | 26.0 min
  Frame Time: 43.77 ms avg | 118.17 ms max
  Physics Time: 7.30 ms avg

🔍 BOTTLENECK IDENTIFICATION:
  🔴 [CRITICAL] Frame Time
      Value: 43.77 ms (target: 16.67 ms)
      Impact: Overall performance bottleneck
      Suggestions:
        • Reduce draw calls
        • Optimize scripts in _process()
        • Check for expensive operations per frame

  🟠 [HIGH] Draw Calls
      Value: 3726 calls/frame
      Impact: GPU rendering overhead
      Suggestions:
        • Batch meshes by material
        • Use MultiMeshInstance3D
        • Implement LOD system
        • Enable frustum culling

  🟠 [HIGH] Physics Bodies
      Value: 298 active bodies
      Impact: Physics engine load
      Suggestions:
        • Reduce NPC count
        • Convert distant NPCs to kinematic
        • Disable physics for far objects

  🟡 [MEDIUM] Physics Time
      Value: 7.30 ms
      Impact: Physics simulation overhead
      Suggestions:
        • Reduce number of active physics bodies
        • Simplify collision shapes
        • Disable physics for distant objects

  🟡 [MEDIUM] Vertex Count
      Value: 7221945 vertices/frame
      Impact: GPU vertex processing
      Suggestions:
        • Implement LOD for distant objects
        • Simplify building meshes
        • Use lower poly models

  🟡 [MEDIUM] Node Count
      Value: 18931 nodes
      Impact: Scene tree traversal overhead
      Suggestions:
        • Unload distant chunks
        • Pool and reuse nodes
        • Flatten hierarchy where possible

  🟡 [MEDIUM] Post-Processing Effects
      Value: SSAO, Glow/Bloom, Volumetric Fog
      Impact: GPU shader overhead
      Suggestions:
        • Reduce SSR quality
        • Disable SSAO on low-end hardware
        • Use simpler fog

📈 DETAILED STATS:
  Draw Calls: 3726 avg | 4120 max
  Vertices: 7221945 avg | 8219328 max
  Physics Bodies: 298
  Nodes: 18931
  VRAM: 732.4 MB

=================================================

⚡ FRAME SPIKE #364: 31.2 ms at 20.3s (Draw: 4125, Bodies: 335)
⚡ FRAME SPIKE #365: 30.0 ms at 20.3s (Draw: 4133, Bodies: 335)
⚡ FRAME SPIKE #366: 31.1 ms at 20.4s (Draw: 4136, Bodies: 335)
⚡ FRAME SPIKE #367: 25.8 ms at 20.4s (Draw: 4141, Bodies: 335)
⚡ FRAME SPIKE #368: 30.7 ms at 20.4s (Draw: 4137, Bodies: 334)
⚡ FRAME SPIKE #369: 29.6 ms at 20.4s (Draw: 4150, Bodies: 333)
⚡ FRAME SPIKE #370: 29.8 ms at 20.5s (Draw: 4144, Bodies: 333)
⚡ FRAME SPIKE #371: 30.0 ms at 20.5s (Draw: 4167, Bodies: 333)
⚡ FRAME SPIKE #372: 29.2 ms at 20.6s (Draw: 4174, Bodies: 333)
⚡ FRAME SPIKE #373: 25.5 ms at 20.6s (Draw: 4177, Bodies: 333)
⚡ FRAME SPIKE #374: 29.2 ms at 20.6s (Draw: 4179, Bodies: 333)
⚡ FRAME SPIKE #375: 28.3 ms at 20.6s (Draw: 4181, Bodies: 333)
⚡ FRAME SPIKE #376: 25.9 ms at 20.7s (Draw: 4181, Bodies: 333)
⚡ FRAME SPIKE #377: 28.3 ms at 20.7s (Draw: 4183, Bodies: 333)
⚡ FRAME SPIKE #378: 33.0 ms at 20.7s (Draw: 4187, Bodies: 333)
⚡ FRAME SPIKE #379: 28.3 ms at 20.8s (Draw: 4202, Bodies: 333)
⚡ FRAME SPIKE #380: 25.9 ms at 20.8s (Draw: 4214, Bodies: 333)
⚡ FRAME SPIKE #381: 29.1 ms at 20.8s (Draw: 4221, Bodies: 333)
⚡ FRAME SPIKE #382: 28.3 ms at 20.8s (Draw: 4245, Bodies: 333)
⚡ FRAME SPIKE #383: 27.0 ms at 20.9s (Draw: 4249, Bodies: 333)
⚡ FRAME SPIKE #384: 28.3 ms at 20.9s (Draw: 4244, Bodies: 333)
⚡ FRAME SPIKE #385: 28.3 ms at 20.9s (Draw: 4254, Bodies: 333)
⚡ FRAME SPIKE #386: 28.3 ms at 21.0s (Draw: 4255, Bodies: 333)
⚡ FRAME SPIKE #387: 28.3 ms at 21.0s (Draw: 4275, Bodies: 333)
⚡ FRAME SPIKE #388: 31.3 ms at 21.0s (Draw: 4281, Bodies: 333)
⚡ FRAME SPIKE #389: 28.3 ms at 21.0s (Draw: 4321, Bodies: 333)
⚡ FRAME SPIKE #390: 27.7 ms at 21.1s (Draw: 4336, Bodies: 332)
⚡ FRAME SPIKE #391: 28.3 ms at 21.1s (Draw: 4419, Bodies: 332)
⚡ FRAME SPIKE #392: 28.3 ms at 21.1s (Draw: 4438, Bodies: 332)
⚡ FRAME SPIKE #393: 26.9 ms at 21.2s (Draw: 4440, Bodies: 332)
⚡ FRAME SPIKE #394: 28.3 ms at 21.2s (Draw: 4446, Bodies: 332)
⚡ FRAME SPIKE #395: 28.3 ms at 21.2s (Draw: 4449, Bodies: 332)
⚡ FRAME SPIKE #396: 26.6 ms at 21.2s (Draw: 4449, Bodies: 332)
⚡ FRAME SPIKE #397: 28.3 ms at 21.3s (Draw: 4465, Bodies: 332)
⚡ FRAME SPIKE #398: 32.1 ms at 21.3s (Draw: 4472, Bodies: 332)
⚡ FRAME SPIKE #399: 28.3 ms at 21.3s (Draw: 4474, Bodies: 332)
⚡ FRAME SPIKE #400: 26.0 ms at 21.3s (Draw: 4480, Bodies: 332)
⚡ FRAME SPIKE #401: 29.0 ms at 21.4s (Draw: 4475, Bodies: 332)
⚡ FRAME SPIKE #402: 28.3 ms at 21.4s (Draw: 4472, Bodies: 332)
⚡ FRAME SPIKE #403: 26.5 ms at 21.4s (Draw: 4473, Bodies: 332)
⚡ FRAME SPIKE #404: 28.5 ms at 21.5s (Draw: 4476, Bodies: 332)
⚡ FRAME SPIKE #405: 28.3 ms at 21.5s (Draw: 4490, Bodies: 332)
⚡ FRAME SPIKE #406: 27.4 ms at 21.5s (Draw: 4498, Bodies: 332)
⚡ FRAME SPIKE #407: 28.3 ms at 21.5s (Draw: 4497, Bodies: 333)
⚡ FRAME SPIKE #408: 32.6 ms at 21.6s (Draw: 4496, Bodies: 333)
⚡ FRAME SPIKE #409: 28.3 ms at 21.6s (Draw: 4492, Bodies: 333)
⚡ FRAME SPIKE #410: 28.3 ms at 21.6s (Draw: 4488, Bodies: 333)
⚡ FRAME SPIKE #411: 28.3 ms at 21.7s (Draw: 4494, Bodies: 333)
⚡ FRAME SPIKE #412: 28.3 ms at 21.7s (Draw: 4479, Bodies: 333)
⚡ FRAME SPIKE #413: 28.3 ms at 21.7s (Draw: 4481, Bodies: 333)
⚡ FRAME SPIKE #414: 28.3 ms at 21.7s (Draw: 4473, Bodies: 333)
⚡ FRAME SPIKE #415: 28.3 ms at 21.8s (Draw: 4464, Bodies: 333)
⚡ FRAME SPIKE #416: 28.3 ms at 21.8s (Draw: 4471, Bodies: 333)
⚡ FRAME SPIKE #417: 28.3 ms at 21.8s (Draw: 4464, Bodies: 333)
⚡ FRAME SPIKE #418: 28.3 ms at 21.9s (Draw: 4456, Bodies: 333)
⚡ FRAME SPIKE #419: 28.3 ms at 21.9s (Draw: 4446, Bodies: 332)
⚡ FRAME SPIKE #420: 28.3 ms at 21.9s (Draw: 4435, Bodies: 332)
⚡ FRAME SPIKE #421: 28.3 ms at 21.9s (Draw: 4426, Bodies: 332)
⚡ FRAME SPIKE #422: 28.3 ms at 22.0s (Draw: 4411, Bodies: 332)
⚡ FRAME SPIKE #423: 28.3 ms at 22.0s (Draw: 4409, Bodies: 332)
⚡ FRAME SPIKE #424: 28.3 ms at 22.0s (Draw: 4410, Bodies: 332)
⚡ FRAME SPIKE #425: 28.3 ms at 22.1s (Draw: 4392, Bodies: 332)
⚡ FRAME SPIKE #426: 28.3 ms at 22.1s (Draw: 4394, Bodies: 332)
⚡ FRAME SPIKE #427: 28.3 ms at 22.1s (Draw: 4383, Bodies: 331)
⚡ FRAME SPIKE #428: 28.3 ms at 22.1s (Draw: 4378, Bodies: 331)
⚡ FRAME SPIKE #429: 28.3 ms at 22.2s (Draw: 4373, Bodies: 330)
⚡ FRAME SPIKE #430: 28.3 ms at 22.2s (Draw: 4373, Bodies: 330)
⚡ FRAME SPIKE #431: 28.6 ms at 22.2s (Draw: 4363, Bodies: 330)
⚡ FRAME SPIKE #432: 28.6 ms at 22.3s (Draw: 4370, Bodies: 330)
⚡ FRAME SPIKE #433: 28.3 ms at 22.3s (Draw: 4370, Bodies: 330)
🚗 Traffic: 22 active NPCs (Near: 0, Mid: 7, Far: 15), 10 pooled
  → Physics bodies from NPCs: 22 (All: 22×1, было бы 22×5=110)

========== Bottleneck Analysis Report ==========
Time: 32.5s | Frames: 1098

📊 PERFORMANCE OVERVIEW:
  FPS: 31.0 avg | 26.0 min
  Frame Time: 46.03 ms avg | 118.17 ms max
  Physics Time: 7.61 ms avg

🔍 BOTTLENECK IDENTIFICATION:
  🔴 [CRITICAL] Frame Time
      Value: 46.03 ms (target: 16.67 ms)
      Impact: Overall performance bottleneck
      Suggestions:
        • Reduce draw calls
        • Optimize scripts in _process()
        • Check for expensive operations per frame

  🟠 [HIGH] Draw Calls
      Value: 4186 calls/frame
      Impact: GPU rendering overhead
      Suggestions:
        • Batch meshes by material
        • Use MultiMeshInstance3D
        • Implement LOD system
        • Enable frustum culling

  🟠 [HIGH] Physics Bodies
      Value: 326 active bodies
      Impact: Physics engine load
      Suggestions:
        • Reduce NPC count
        • Convert distant NPCs to kinematic
        • Disable physics for far objects

  🟡 [MEDIUM] Physics Time
      Value: 7.61 ms
      Impact: Physics simulation overhead
      Suggestions:
        • Reduce number of active physics bodies
        • Simplify collision shapes
        • Disable physics for distant objects

  🟡 [MEDIUM] Vertex Count
      Value: 8021679 vertices/frame
      Impact: GPU vertex processing
      Suggestions:
        • Implement LOD for distant objects
        • Simplify building meshes
        • Use lower poly models

  🟡 [MEDIUM] Node Count
      Value: 18931 nodes
      Impact: Scene tree traversal overhead
      Suggestions:
        • Unload distant chunks
        • Pool and reuse nodes
        • Flatten hierarchy where possible

  🟡 [MEDIUM] Post-Processing Effects
      Value: SSAO, Glow/Bloom, Volumetric Fog
      Impact: GPU shader overhead
      Suggestions:
        • Reduce SSR quality
        • Disable SSAO on low-end hardware
        • Use simpler fog

📈 DETAILED STATS:
  Draw Calls: 4186 avg | 4498 max
  Vertices: 8021679 avg | 8154874 max
  Physics Bodies: 326
  Nodes: 18931
  VRAM: 732.4 MB

=================================================

⚡ FRAME SPIKE #434: 28.6 ms at 22.3s (Draw: 4374, Bodies: 329)
⚡ FRAME SPIKE #435: 28.6 ms at 22.3s (Draw: 4372, Bodies: 329)
⚡ FRAME SPIKE #436: 28.3 ms at 22.4s (Draw: 4399, Bodies: 329)
⚡ FRAME SPIKE #437: 28.3 ms at 22.4s (Draw: 4326, Bodies: 329)
⚡ FRAME SPIKE #438: 28.3 ms at 22.4s (Draw: 4263, Bodies: 329)
⚡ FRAME SPIKE #439: 28.3 ms at 22.5s (Draw: 4258, Bodies: 329)
⚡ FRAME SPIKE #440: 27.8 ms at 22.5s (Draw: 4254, Bodies: 329)
⚡ FRAME SPIKE #441: 28.3 ms at 22.5s (Draw: 4250, Bodies: 329)
⚡ FRAME SPIKE #442: 28.3 ms at 22.5s (Draw: 4213, Bodies: 329)
⚡ FRAME SPIKE #443: 25.2 ms at 22.6s (Draw: 4191, Bodies: 330)
⚡ FRAME SPIKE #444: 28.3 ms at 22.6s (Draw: 4160, Bodies: 330)
⚡ FRAME SPIKE #445: 28.3 ms at 22.6s (Draw: 4146, Bodies: 329)
⚡ FRAME SPIKE #446: 27.8 ms at 22.7s (Draw: 4183, Bodies: 329)
⚡ FRAME SPIKE #447: 26.7 ms at 22.7s (Draw: 4202, Bodies: 329)
⚡ FRAME SPIKE #448: 26.7 ms at 22.8s (Draw: 4208, Bodies: 329)
⚡ FRAME SPIKE #449: 26.7 ms at 22.8s (Draw: 4205, Bodies: 329)
⚡ FRAME SPIKE #450: 26.7 ms at 22.8s (Draw: 4209, Bodies: 329)
⚡ FRAME SPIKE #451: 26.7 ms at 22.8s (Draw: 4216, Bodies: 329)
⚡ FRAME SPIKE #452: 26.4 ms at 22.9s (Draw: 4220, Bodies: 328)
⚡ FRAME SPIKE #453: 26.4 ms at 22.9s (Draw: 4226, Bodies: 328)
⚡ FRAME SPIKE #454: 26.4 ms at 22.9s (Draw: 4229, Bodies: 327)
⚡ FRAME SPIKE #455: 26.4 ms at 22.9s (Draw: 4229, Bodies: 327)
⚡ FRAME SPIKE #456: 26.4 ms at 23.0s (Draw: 4231, Bodies: 327)
⚡ FRAME SPIKE #457: 26.4 ms at 23.0s (Draw: 4227, Bodies: 327)
⚡ FRAME SPIKE #458: 26.4 ms at 23.0s (Draw: 4239, Bodies: 327)
⚡ FRAME SPIKE #459: 26.4 ms at 23.0s (Draw: 4238, Bodies: 327)
⚡ FRAME SPIKE #460: 26.5 ms at 23.1s (Draw: 4207, Bodies: 326)
⚡ FRAME SPIKE #461: 26.4 ms at 23.1s (Draw: 4204, Bodies: 326)
⚡ FRAME SPIKE #462: 25.1 ms at 23.1s (Draw: 4195, Bodies: 326)
⚡ FRAME SPIKE #463: 26.4 ms at 23.2s (Draw: 4172, Bodies: 326)
⚡ FRAME SPIKE #464: 26.2 ms at 23.2s (Draw: 4065, Bodies: 326)
⚡ FRAME SPIKE #465: 25.1 ms at 23.5s (Draw: 4063, Bodies: 325)

=== PERFORMANCE METRICS ===
FPS: 41 | Frame: 28.1 ms (max 117.8) | Physics: 16.6 ms (max 32.8)
Godot Process: 17.87 ms | Physics: 6.63 ms
Objects: 44917 | Nodes: 18931 | Resources: 538
Draw calls: 3954 | Vertices: 6711652 | VRAM: 732.4 MB
Physics bodies: 321 | Collision pairs: 3762
--- System Times ---
  road_batch_finalize_total_-1,-1: 10.68 ms (max 10.68)
  road_batch_finalize_total_-1,-2: 5.20 ms (max 5.20)
  road_batch_finalize_total_-1,-3: 22.14 ms (max 22.14)
  road_batch_finalize_total_-1,0: 32.15 ms (max 32.15)
  road_batch_finalize_total_-2,-1: 17.24 ms (max 17.24)
  road_batch_finalize_total_-2,-2: 16.60 ms (max 16.60)
  road_batch_finalize_total_-2,-3: 27.15 ms (max 27.15)
  road_batch_finalize_total_-2,0: 15.35 ms (max 15.35)
  road_batch_finalize_total_0,-1: 21.83 ms (max 21.83)
  road_batch_finalize_total_0,-2: 20.84 ms (max 20.84)
  road_batch_finalize_total_0,-3: 30.29 ms (max 30.29)
  road_batch_finalize_total_0,0: 20.01 ms (max 20.01)
  road_batch_finalize_total_0,1: 15.28 ms (max 15.28)
  road_batch_finalize_total_1,-1: 23.49 ms (max 23.49)
  road_batch_finalize_total_1,-2: 21.39 ms (max 21.39)
  road_batch_finalize_total_1,-3: 8.87 ms (max 8.87)
  road_batch_finalize_total_1,0: 19.34 ms (max 19.34)
  road_collision_create_-1,-1: 3.35 ms (max 3.90)
  road_collision_create_-1,-2: 2.39 ms (max 2.93)
  road_collision_create_-1,-3: 7.09 ms (max 17.52)
  road_collision_create_-1,0: 15.82 ms (max 29.34)
  road_collision_create_-2,-1: 5.54 ms (max 11.21)
  road_collision_create_-2,-2: 8.03 ms (max 14.50)
  road_collision_create_-2,-3: 8.63 ms (max 21.89)
  road_collision_create_-2,0: 7.45 ms (max 11.84)
  road_collision_create_0,-1: 7.05 ms (max 15.39)
  road_collision_create_0,-2: 6.73 ms (max 13.86)
  road_collision_create_0,-3: 9.73 ms (max 23.22)
  road_collision_create_0,0: 6.47 ms (max 16.45)
  road_collision_create_0,1: 15.02 ms (max 15.02)
  road_collision_create_1,-1: 7.63 ms (max 19.29)
  road_collision_create_1,-2: 10.48 ms (max 18.10)
  road_collision_create_1,-3: 2.59 ms (max 3.51)
  road_collision_create_1,0: 19.07 ms (max 19.07)
===========================

=== PERFORMANCE METRICS ===
FPS: 41 | Frame: 28.1 ms (max 117.8) | Physics: 16.6 ms (max 32.8)
Godot Process: 17.87 ms | Physics: 6.63 ms
Objects: 44917 | Nodes: 18931 | Resources: 538
Draw calls: 3954 | Vertices: 6711652 | VRAM: 732.4 MB
Physics bodies: 321 | Collision pairs: 3762
===========================
🚗 Traffic: 14 active NPCs (Near: 0, Mid: 4, Far: 10), 18 pooled
  → Physics bodies from NPCs: 14 (All: 14×1, было бы 14×5=70)

========== Bottleneck Analysis Report ==========
Time: 34.5s | Frames: 1179

📊 PERFORMANCE OVERVIEW:
  FPS: 36.0 avg | 33.0 min
  Frame Time: 19.70 ms avg | 20.55 ms max
  Physics Time: 7.78 ms avg

🔍 BOTTLENECK IDENTIFICATION:
  🟠 [HIGH] Frame Time
      Value: 19.70 ms (target: 16.67 ms)
      Impact: Overall performance bottleneck
      Suggestions:
        • Reduce draw calls
        • Optimize scripts in _process()
        • Check for expensive operations per frame

  🟠 [HIGH] Draw Calls
      Value: 4205 calls/frame
      Impact: GPU rendering overhead
      Suggestions:
        • Batch meshes by material
        • Use MultiMeshInstance3D
        • Implement LOD system
        • Enable frustum culling

  🟠 [HIGH] Physics Bodies
      Value: 327 active bodies
      Impact: Physics engine load
      Suggestions:
        • Reduce NPC count
        • Convert distant NPCs to kinematic
        • Disable physics for far objects

  🟡 [MEDIUM] Physics Time
      Value: 7.78 ms
      Impact: Physics simulation overhead
      Suggestions:
        • Reduce number of active physics bodies
        • Simplify collision shapes
        • Disable physics for distant objects

  🟡 [MEDIUM] Vertex Count
      Value: 7578398 vertices/frame
      Impact: GPU vertex processing
      Suggestions:
        • Implement LOD for distant objects
        • Simplify building meshes
        • Use lower poly models

  🟡 [MEDIUM] Node Count
      Value: 18931 nodes
      Impact: Scene tree traversal overhead
      Suggestions:
        • Unload distant chunks
        • Pool and reuse nodes
        • Flatten hierarchy where possible

  🟡 [MEDIUM] Post-Processing Effects
      Value: SSAO, Glow/Bloom, Volumetric Fog
      Impact: GPU shader overhead
      Suggestions:
        • Reduce SSR quality
        • Disable SSAO on low-end hardware
        • Use simpler fog

📈 DETAILED STATS:
  Draw Calls: 4205 avg | 4498 max
  Vertices: 7578398 avg | 8154874 max
  Physics Bodies: 327
  Nodes: 18931
  VRAM: 732.4 MB

=================================================

OSM: Loading chunk -1,-4 at lat=59.1262, lon=37.8974
OSM: Loaded from cache: osm_v2_59.1262_37.8974_250.json
OSM: Loading chunk 0,-4 at lat=59.1262, lon=37.9026
OSM: Loaded from cache: osm_v2_59.1262_37.9026_250.json
OSM: Chunk -1,-4 data loaded
OSM: Found 12 POI nodes in chunk
POI_DEBUG: Found 'Муниципальное учреждение здравоохранения Стомотологическая п-ка №1. Протезирование' inside building at local (-317.5, -1042.1)
POI_DEBUG: Found 'Сбербанк' inside building at local (-151.6, -859.4)
BusinessSign: Found logo for 'сбербанк' -> res://textures/brand_logos/sberbank.png
BusinessSign: Found logo for 'сбербанк' -> res://textures/brand_logos/sberbank.png
OSM: Generated 49 roads, 50 buildings, 0 trees, 0 signs, 0 lamps, 21 intersections
OSM: Marked chunk '-1,-4' for road batch finalization
OSM: Post-initial chunk loaded, pending_lamps=234
OSM: _create_pending_lamps started, count=234
OSM: DEBUG - First lamp added to chunk 1,-3 batch
OSM: Created 141 lamps, skipped 93 (added to batches)
OSM: Finalizing 1 lamp batches immediately...
OSM: ✅ Finalized lamp batch 1,-3: 30 lamps (3 MultiMeshes + 30 lights, was 90 draw calls before)
OSM: Chunk 0,-4 data loaded
OSM: Found 9 POI nodes in chunk
OSM: Generated 21 roads, 15 buildings, 0 trees, 0 signs, 0 lamps, 12 intersections
OSM: Marked chunk '0,-4' for road batch finalization
OSM: Post-initial chunk loaded, pending_lamps=0
OSM: _create_pending_lamps started, count=0
OSM: No pending lamps
⚡ FRAME SPIKE #466: 97.4 ms at 24.4s (Draw: 4046, Bodies: 331)
OSM: DEBUG _add_road_to_batch - first road for chunk '-1,-4', parent.name='Chunk_-1,-4'
OSM: DEBUG _add_road_to_batch - first road for chunk '0,-4', parent.name='Chunk_0,-4'
⚡ FRAME SPIKE #467: 83.3 ms at 24.5s (Draw: 4098, Bodies: 332)
⚡ FRAME SPIKE #468: 58.0 ms at 24.6s (Draw: 4136, Bodies: 332)
⚡ FRAME SPIKE #469: 52.7 ms at 24.6s (Draw: 4138, Bodies: 333)
🔴 FREEZE: road collision shape creation took 6.0 ms for chunk -1,-4 (type: residential)
OSM: ✅ Finalized road batch -1,-4/residential: 2272 vertices, 2226 triangles, material: <ImageTexture#-9223371972648368119>
OSM: ✅ Finalized road batch -1,-4/path: 1590 vertices, 1538 triangles, material: <ImageTexture#-9223371972547704822>
⚠️ SLOW: road batch finalization took 10.8 ms for chunk -1,-4
⚠️ SLOW FRAME 12.8ms: building=0.5 road=10.8 terrain=1.2 infra=0.3 veg=0.0 curb=0.0ms
⚡ FRAME SPIKE #470: 39.3 ms at 24.7s (Draw: 4150, Bodies: 334)
🔴 FREEZE: road collision shape creation took 8.8 ms for chunk 0,-4 (type: residential)
OSM: ✅ Finalized road batch 0,-4/residential: 1086 vertices, 1060 triangles, material: <ImageTexture#-9223371972648368119>
OSM: ✅ Finalized road batch 0,-4/path: 414 vertices, 400 triangles, material: <ImageTexture#-9223371972547704822>
OSM: ✅ Finalized road batch 0,-4/primary: 108 vertices, 106 triangles, material: <ImageTexture#-9223371972749031416>
⚠️ SLOW: road batch finalization took 11.9 ms for chunk 0,-4
⚠️ SLOW FRAME 14.3ms: building=0.5 road=11.9 terrain=1.5 infra=0.3 veg=0.0 curb=0.0ms
⚡ FRAME SPIKE #471: 54.2 ms at 24.7s (Draw: 4150, Bodies: 333)
⚠️ SLOW FRAME 11.5ms: building=0.4 road=1.2 terrain=9.5 infra=0.3 veg=0.0 curb=0.0ms
⚡ FRAME SPIKE #472: 44.3 ms at 24.8s (Draw: 4164, Bodies: 334)
⚠️ SLOW FRAME 11.8ms: building=0.4 road=0.9 terrain=9.5 infra=0.3 veg=0.0 curb=0.6ms
⚡ FRAME SPIKE #473: 39.2 ms at 24.8s (Draw: 4166, Bodies: 334)
⚡ FRAME SPIKE #474: 38.3 ms at 24.8s (Draw: 4173, Bodies: 335)
⚠️ SLOW FRAME 12.4ms: building=0.5 road=0.9 terrain=10.4 infra=0.3 veg=0.0 curb=0.3ms
OSM: Unloaded chunk -2,1
⚡ FRAME SPIKE #475: 41.9 ms at 24.9s (Draw: 4189, Bodies: 335)
⚡ FRAME SPIKE #476: 36.0 ms at 24.9s (Draw: 4220, Bodies: 335)
⚡ FRAME SPIKE #477: 37.5 ms at 25.0s (Draw: 4230, Bodies: 335)
⚡ FRAME SPIKE #478: 29.2 ms at 25.0s (Draw: 4234, Bodies: 336)
⚡ FRAME SPIKE #479: 28.3 ms at 25.0s (Draw: 4240, Bodies: 337)
⚡ FRAME SPIKE #480: 25.4 ms at 25.1s (Draw: 4244, Bodies: 338)
⚡ FRAME SPIKE #481: 29.8 ms at 25.1s (Draw: 4247, Bodies: 339)
⚡ FRAME SPIKE #482: 29.7 ms at 25.1s (Draw: 4240, Bodies: 340)
⚡ FRAME SPIKE #483: 29.2 ms at 25.1s (Draw: 4246, Bodies: 341)
⚡ FRAME SPIKE #484: 25.0 ms at 25.2s (Draw: 4242, Bodies: 342)

========== PERFORMANCE METRICS ==========
Frames: 600
  total_frame: avg=1.01 ms, median=0.04 ms, max=44.91 ms, calls=600, total=604.8 ms
  road_queue: avg=0.56 ms, median=0.01 ms, max=30.33 ms, calls=600, total=335.0 ms
  road_batch_finalize: avg=18.56 ms, median=22.17 ms, max=30.32 ms, calls=6, total=111.4 ms
  road_create: avg=0.38 ms, median=0.12 ms, max=9.35 ms, calls=278, total=105.4 ms
  curb_mesh: avg=0.16 ms, median=0.00 ms, max=1.89 ms, calls=572, total=89.5 ms
  infra_queue: avg=0.11 ms, median=0.00 ms, max=0.88 ms, calls=600, total=68.8 ms
  infra_yield_sign: avg=0.45 ms, median=0.46 ms, max=0.64 ms, calls=128, total=57.0 ms
  terrain_queue: avg=0.09 ms, median=0.00 ms, max=10.39 ms, calls=600, total=52.3 ms
  vegetation_queue: avg=0.08 ms, median=0.00 ms, max=21.68 ms, calls=600, total=49.2 ms
  building_results: avg=0.08 ms, median=0.00 ms, max=0.74 ms, calls=600, total=48.7 ms
  veg_trees: avg=8.08 ms, median=5.40 ms, max=21.66 ms, calls=6, total=48.5 ms
  terrain_leisure: avg=2.92 ms, median=1.01 ms, max=10.16 ms, calls=15, total=43.8 ms
  curb_collisions: avg=0.06 ms, median=0.00 ms, max=1.31 ms, calls=600, total=38.7 ms
  building_apply: avg=0.28 ms, median=0.28 ms, max=0.46 ms, calls=117, total=33.2 ms
  building_sort: avg=0.11 ms, median=0.11 ms, max=0.25 ms, calls=97, total=10.6 ms
  window_batch_finalize: avg=1.97 ms, median=2.25 ms, max=2.48 ms, calls=4, total=7.9 ms
  infra_sort: avg=0.08 ms, median=0.08 ms, max=0.21 ms, calls=84, total=6.7 ms
  curb_smooth: avg=0.03 ms, median=0.03 ms, max=0.14 ms, calls=161, total=5.5 ms
  terrain_landuse: avg=0.10 ms, median=0.10 ms, max=0.19 ms, calls=51, total=5.3 ms
  road_sort: avg=0.30 ms, median=0.30 ms, max=0.55 ms, calls=11, total=3.3 ms
  infra_traffic_light: avg=0.70 ms, median=0.75 ms, max=0.76 ms, calls=4, total=2.8 ms
  curb_latlon: avg=0.01 ms, median=0.01 ms, max=0.03 ms, calls=161, total=2.0 ms
  terrain_sort: avg=0.08 ms, median=0.08 ms, max=0.14 ms, calls=8, total=0.6 ms
  terrain_natural: avg=0.09 ms, median=0.09 ms, max=0.11 ms, calls=6, total=0.6 ms
  veg_bushes_grass: avg=0.01 ms, median=0.01 ms, max=0.02 ms, calls=6, total=0.1 ms
==========================================


========== DRAW CALL BREAKDOWN ==========
Total tracked draw calls: 1607

  Vegetation  :   730 ( 45.4%) █████████
  Buildings   :   584 ( 36.3%) ███████
  Terrain     :   169 ( 10.5%) ██
  Roads       :    47 (  2.9%) 
  Lamps       :    36 (  2.2%) 
  Signs       :    26 (  1.6%) 
  Windows     :    15 (  0.9%) 

💡 RECOMMENDATIONS:
  🔴 Buildings: 36.3% of draw calls
     → Implement MultiMeshInstance3D for building base meshes
=========================================

⚡ FRAME SPIKE #485: 30.0 ms at 25.2s (Draw: 4255, Bodies: 343)
⚡ FRAME SPIKE #486: 28.8 ms at 25.2s (Draw: 4262, Bodies: 344)
⚡ FRAME SPIKE #487: 29.2 ms at 25.3s (Draw: 4288, Bodies: 346)
⚡ FRAME SPIKE #488: 28.3 ms at 25.3s (Draw: 4294, Bodies: 347)
⚡ FRAME SPIKE #489: 28.3 ms at 25.3s (Draw: 4300, Bodies: 348)
⚡ FRAME SPIKE #490: 28.3 ms at 25.4s (Draw: 4295, Bodies: 349)
⚡ FRAME SPIKE #491: 27.8 ms at 25.4s (Draw: 4300, Bodies: 350)
⚡ FRAME SPIKE #492: 27.8 ms at 25.4s (Draw: 4306, Bodies: 351)
⚡ FRAME SPIKE #493: 27.8 ms at 25.4s (Draw: 4311, Bodies: 352)
⚡ FRAME SPIKE #494: 27.8 ms at 25.5s (Draw: 4307, Bodies: 353)
⚡ FRAME SPIKE #495: 27.8 ms at 25.5s (Draw: 4311, Bodies: 354)
⚡ FRAME SPIKE #496: 27.8 ms at 25.5s (Draw: 4327, Bodies: 355)
⚡ FRAME SPIKE #497: 27.8 ms at 25.6s (Draw: 4329, Bodies: 355)
⚡ FRAME SPIKE #498: 27.8 ms at 25.6s (Draw: 4324, Bodies: 355)
⚡ FRAME SPIKE #499: 27.8 ms at 25.6s (Draw: 4315, Bodies: 355)
⚡ FRAME SPIKE #500: 28.3 ms at 25.6s (Draw: 4325, Bodies: 356)
⚡ FRAME SPIKE #501: 27.8 ms at 25.7s (Draw: 4322, Bodies: 356)
⚡ FRAME SPIKE #502: 28.3 ms at 25.7s (Draw: 4331, Bodies: 356)
⚡ FRAME SPIKE #503: 28.3 ms at 25.7s (Draw: 4335, Bodies: 356)
⚡ FRAME SPIKE #504: 27.8 ms at 25.8s (Draw: 4348, Bodies: 356)
⚡ FRAME SPIKE #505: 27.8 ms at 25.8s (Draw: 4351, Bodies: 356)
⚡ FRAME SPIKE #506: 28.3 ms at 25.8s (Draw: 4363, Bodies: 356)
⚡ FRAME SPIKE #507: 27.8 ms at 25.8s (Draw: 4365, Bodies: 356)
⚡ FRAME SPIKE #508: 27.8 ms at 25.9s (Draw: 4369, Bodies: 356)
⚡ FRAME SPIKE #509: 27.8 ms at 25.9s (Draw: 4374, Bodies: 356)
⚡ FRAME SPIKE #510: 27.8 ms at 25.9s (Draw: 4380, Bodies: 356)
⚡ FRAME SPIKE #511: 27.8 ms at 25.9s (Draw: 4378, Bodies: 356)
⚡ FRAME SPIKE #512: 27.8 ms at 26.0s (Draw: 4373, Bodies: 356)
⚡ FRAME SPIKE #513: 27.8 ms at 26.0s (Draw: 4365, Bodies: 356)
⚡ FRAME SPIKE #514: 27.8 ms at 26.0s (Draw: 4337, Bodies: 356)
OSM: 🌙 NIGHT Window batch 0,-4 | night_mgr: CACHED | is_night value: true
OSM: ✅ Finalized window batch 0,-4: 2132 windows (was 2132 draw calls before batching)
⚡ FRAME SPIKE #515: 27.8 ms at 26.1s (Draw: 4327, Bodies: 356)
OSM: 🌙 NIGHT Window batch -1,-4 | night_mgr: CACHED | is_night value: true
OSM: ✅ Finalized window batch -1,-4: 6171 windows (was 6171 draw calls before batching)
⚡ FRAME SPIKE #516: 27.8 ms at 26.1s (Draw: 4325, Bodies: 356)
⚡ FRAME SPIKE #517: 27.8 ms at 26.1s (Draw: 4313, Bodies: 356)
⚡ FRAME SPIKE #518: 27.8 ms at 26.1s (Draw: 4335, Bodies: 356)
⚡ FRAME SPIKE #519: 26.4 ms at 26.2s (Draw: 4329, Bodies: 356)
⚡ FRAME SPIKE #520: 27.8 ms at 26.2s (Draw: 4291, Bodies: 356)
⚡ FRAME SPIKE #521: 27.3 ms at 26.2s (Draw: 4191, Bodies: 356)
⚡ FRAME SPIKE #522: 27.3 ms at 26.3s (Draw: 4178, Bodies: 356)
⚡ FRAME SPIKE #523: 28.7 ms at 26.3s (Draw: 4143, Bodies: 356)
🚗 Traffic: 8 active NPCs (Near: 0, Mid: 4, Far: 4), 24 pooled
  → Physics bodies from NPCs: 8 (All: 8×1, было бы 8×5=40)

========== Bottleneck Analysis Report ==========
Time: 36.5s | Frames: 1242

📊 PERFORMANCE OVERVIEW:
  FPS: 35.6 avg | 31.0 min
  Frame Time: 42.60 ms avg | 98.92 ms max
  Physics Time: 7.11 ms avg

🔍 BOTTLENECK IDENTIFICATION:
  🔴 [CRITICAL] Frame Time
      Value: 42.60 ms (target: 16.67 ms)
      Impact: Overall performance bottleneck
      Suggestions:
        • Reduce draw calls
        • Optimize scripts in _process()
        • Check for expensive operations per frame

  🟠 [HIGH] Draw Calls
      Value: 4150 calls/frame
      Impact: GPU rendering overhead
      Suggestions:
        • Batch meshes by material
        • Use MultiMeshInstance3D
        • Implement LOD system
        • Enable frustum culling

  🟠 [HIGH] Physics Bodies
      Value: 336 active bodies
      Impact: Physics engine load
      Suggestions:
        • Reduce NPC count
        • Convert distant NPCs to kinematic
        • Disable physics for far objects

  🟡 [MEDIUM] Physics Time
      Value: 7.11 ms
      Impact: Physics simulation overhead
      Suggestions:
        • Reduce number of active physics bodies
        • Simplify collision shapes
        • Disable physics for distant objects

  🟡 [MEDIUM] Vertex Count
      Value: 6514826 vertices/frame
      Impact: GPU vertex processing
      Suggestions:
        • Implement LOD for distant objects
        • Simplify building meshes
        • Use lower poly models

  🟡 [MEDIUM] Node Count
      Value: 21263 nodes
      Impact: Scene tree traversal overhead
      Suggestions:
        • Unload distant chunks
        • Pool and reuse nodes
        • Flatten hierarchy where possible

  🟡 [MEDIUM] Post-Processing Effects
      Value: SSAO, Glow/Bloom, Volumetric Fog
      Impact: GPU shader overhead
      Suggestions:
        • Reduce SSR quality
        • Disable SSAO on low-end hardware
        • Use simpler fog

📈 DETAILED STATS:
  Draw Calls: 4150 avg | 4380 max
  Vertices: 6514826 avg | 7652270 max
  Physics Bodies: 336
  Nodes: 21263
  VRAM: 735.1 MB

=================================================

⚡ FRAME SPIKE #524: 27.8 ms at 26.4s (Draw: 4139, Bodies: 356)
⚡ FRAME SPIKE #525: 27.3 ms at 26.4s (Draw: 4130, Bodies: 356)
⚡ FRAME SPIKE #526: 28.3 ms at 26.4s (Draw: 4125, Bodies: 356)
⚡ FRAME SPIKE #527: 27.3 ms at 26.4s (Draw: 4155, Bodies: 356)
⚡ FRAME SPIKE #528: 27.3 ms at 26.5s (Draw: 4159, Bodies: 356)
⚡ FRAME SPIKE #529: 27.1 ms at 26.5s (Draw: 4174, Bodies: 356)
⚡ FRAME SPIKE #530: 26.7 ms at 26.5s (Draw: 4121, Bodies: 356)
⚡ FRAME SPIKE #531: 25.9 ms at 26.6s (Draw: 4096, Bodies: 356)
⚡ FRAME SPIKE #532: 27.9 ms at 26.6s (Draw: 4082, Bodies: 357)
⚡ FRAME SPIKE #533: 25.9 ms at 26.7s (Draw: 4043, Bodies: 357)
⚡ FRAME SPIKE #534: 25.9 ms at 26.7s (Draw: 4030, Bodies: 357)
⚡ FRAME SPIKE #535: 25.9 ms at 26.7s (Draw: 4003, Bodies: 357)
⚡ FRAME SPIKE #536: 25.9 ms at 26.8s (Draw: 3987, Bodies: 357)
⚡ FRAME SPIKE #537: 25.9 ms at 26.8s (Draw: 4023, Bodies: 357)
⚡ FRAME SPIKE #538: 25.8 ms at 26.9s (Draw: 4011, Bodies: 357)
⚡ FRAME SPIKE #539: 25.3 ms at 27.8s (Draw: 4387, Bodies: 358)
⚡ FRAME SPIKE #540: 27.2 ms at 27.8s (Draw: 4398, Bodies: 358)
⚡ FRAME SPIKE #541: 26.9 ms at 27.9s (Draw: 4381, Bodies: 358)
⚡ FRAME SPIKE #542: 29.8 ms at 27.9s (Draw: 4410, Bodies: 358)
⚡ FRAME SPIKE #543: 25.8 ms at 27.9s (Draw: 4412, Bodies: 358)
⚡ FRAME SPIKE #544: 26.7 ms at 27.9s (Draw: 4459, Bodies: 358)
⚡ FRAME SPIKE #545: 28.0 ms at 28.0s (Draw: 4462, Bodies: 358)
⚡ FRAME SPIKE #546: 26.7 ms at 28.0s (Draw: 4471, Bodies: 358)
⚡ FRAME SPIKE #547: 26.7 ms at 28.0s (Draw: 4468, Bodies: 358)
⚡ FRAME SPIKE #548: 26.7 ms at 28.1s (Draw: 4463, Bodies: 358)
⚡ FRAME SPIKE #549: 27.1 ms at 28.1s (Draw: 4467, Bodies: 358)
⚡ FRAME SPIKE #550: 27.1 ms at 28.1s (Draw: 4463, Bodies: 358)
⚡ FRAME SPIKE #551: 26.7 ms at 28.1s (Draw: 4456, Bodies: 358)
⚡ FRAME SPIKE #552: 27.1 ms at 28.2s (Draw: 4442, Bodies: 358)
⚡ FRAME SPIKE #553: 26.7 ms at 28.2s (Draw: 4434, Bodies: 358)
⚡ FRAME SPIKE #554: 26.7 ms at 28.2s (Draw: 4432, Bodies: 358)
⚡ FRAME SPIKE #555: 26.7 ms at 28.2s (Draw: 4427, Bodies: 358)
⚡ FRAME SPIKE #556: 26.7 ms at 28.3s (Draw: 4411, Bodies: 358)
⚡ FRAME SPIKE #557: 26.7 ms at 28.3s (Draw: 4382, Bodies: 358)
⚡ FRAME SPIKE #558: 26.7 ms at 28.3s (Draw: 4381, Bodies: 358)
⚡ FRAME SPIKE #559: 26.7 ms at 28.3s (Draw: 4387, Bodies: 358)
🚗 Traffic: 10 active NPCs (Near: 0, Mid: 5, Far: 5), 22 pooled
  → Physics bodies from NPCs: 10 (All: 10×1, было бы 10×5=50)

========== Bottleneck Analysis Report ==========
Time: 38.5s | Frames: 1321

📊 PERFORMANCE OVERVIEW:
  FPS: 35.6 avg | 31.0 min
  Frame Time: 36.68 ms avg | 98.92 ms max
  Physics Time: 7.09 ms avg

🔍 BOTTLENECK IDENTIFICATION:
  🔴 [CRITICAL] Frame Time
      Value: 36.68 ms (target: 16.67 ms)
      Impact: Overall performance bottleneck
      Suggestions:
        • Reduce draw calls
        • Optimize scripts in _process()
        • Check for expensive operations per frame

  🟠 [HIGH] Draw Calls
      Value: 4276 calls/frame
      Impact: GPU rendering overhead
      Suggestions:
        • Batch meshes by material
        • Use MultiMeshInstance3D
        • Implement LOD system
        • Enable frustum culling

  🟠 [HIGH] Physics Bodies
      Value: 356 active bodies
      Impact: Physics engine load
      Suggestions:
        • Reduce NPC count
        • Convert distant NPCs to kinematic
        • Disable physics for far objects

  🟡 [MEDIUM] Physics Time
      Value: 7.09 ms
      Impact: Physics simulation overhead
      Suggestions:
        • Reduce number of active physics bodies
        • Simplify collision shapes
        • Disable physics for distant objects

  🟡 [MEDIUM] Vertex Count
      Value: 6589109 vertices/frame
      Impact: GPU vertex processing
      Suggestions:
        • Implement LOD for distant objects
        • Simplify building meshes
        • Use lower poly models

  🟡 [MEDIUM] Node Count
      Value: 21263 nodes
      Impact: Scene tree traversal overhead
      Suggestions:
        • Unload distant chunks
        • Pool and reuse nodes
        • Flatten hierarchy where possible

  🟡 [MEDIUM] Post-Processing Effects
      Value: SSAO, Glow/Bloom, Volumetric Fog
      Impact: GPU shader overhead
      Suggestions:
        • Reduce SSR quality
        • Disable SSAO on low-end hardware
        • Use simpler fog

📈 DETAILED STATS:
  Draw Calls: 4276 avg | 4471 max
  Vertices: 6589109 avg | 7831534 max
  Physics Bodies: 356
  Nodes: 21263
  VRAM: 735.1 MB

=================================================

⚡ FRAME SPIKE #560: 26.8 ms at 28.4s (Draw: 4400, Bodies: 358)
⚡ FRAME SPIKE #561: 26.7 ms at 28.4s (Draw: 4401, Bodies: 358)
⚡ FRAME SPIKE #562: 26.7 ms at 28.4s (Draw: 4405, Bodies: 358)
⚡ FRAME SPIKE #563: 26.7 ms at 28.5s (Draw: 4408, Bodies: 358)
⚡ FRAME SPIKE #564: 26.7 ms at 28.5s (Draw: 4414, Bodies: 358)
⚡ FRAME SPIKE #565: 26.7 ms at 28.5s (Draw: 4425, Bodies: 358)
⚡ FRAME SPIKE #566: 26.7 ms at 28.5s (Draw: 4419, Bodies: 358)
⚡ FRAME SPIKE #567: 26.7 ms at 28.6s (Draw: 4417, Bodies: 358)
⚡ FRAME SPIKE #568: 26.7 ms at 28.6s (Draw: 4416, Bodies: 357)
⚡ FRAME SPIKE #569: 26.7 ms at 28.6s (Draw: 4418, Bodies: 357)
⚡ FRAME SPIKE #570: 26.7 ms at 28.6s (Draw: 4408, Bodies: 357)
⚡ FRAME SPIKE #571: 26.7 ms at 28.7s (Draw: 4422, Bodies: 360)
⚡ FRAME SPIKE #572: 26.7 ms at 28.7s (Draw: 4425, Bodies: 360)
⚡ FRAME SPIKE #573: 26.7 ms at 28.7s (Draw: 4425, Bodies: 360)
⚡ FRAME SPIKE #574: 26.7 ms at 28.7s (Draw: 4418, Bodies: 360)
⚡ FRAME SPIKE #575: 26.7 ms at 28.8s (Draw: 4413, Bodies: 360)
⚡ FRAME SPIKE #576: 26.7 ms at 28.8s (Draw: 4407, Bodies: 360)
⚡ FRAME SPIKE #577: 26.7 ms at 28.8s (Draw: 4418, Bodies: 360)
⚡ FRAME SPIKE #578: 26.7 ms at 28.9s (Draw: 4412, Bodies: 360)
⚡ FRAME SPIKE #579: 26.7 ms at 28.9s (Draw: 4418, Bodies: 360)
⚡ FRAME SPIKE #580: 26.7 ms at 28.9s (Draw: 4424, Bodies: 360)
⚡ FRAME SPIKE #581: 26.7 ms at 28.9s (Draw: 4430, Bodies: 360)
⚡ FRAME SPIKE #582: 26.7 ms at 29.0s (Draw: 4436, Bodies: 359)
⚡ FRAME SPIKE #583: 26.7 ms at 29.0s (Draw: 4443, Bodies: 359)
⚡ FRAME SPIKE #584: 26.7 ms at 29.0s (Draw: 4434, Bodies: 359)
⚡ FRAME SPIKE #585: 26.7 ms at 29.0s (Draw: 4443, Bodies: 359)
⚡ FRAME SPIKE #586: 26.7 ms at 29.1s (Draw: 4443, Bodies: 359)
⚡ FRAME SPIKE #587: 26.7 ms at 29.1s (Draw: 4455, Bodies: 359)
⚡ FRAME SPIKE #588: 25.1 ms at 29.1s (Draw: 4458, Bodies: 359)
⚡ FRAME SPIKE #589: 26.7 ms at 29.1s (Draw: 4463, Bodies: 359)
⚡ FRAME SPIKE #590: 26.7 ms at 29.2s (Draw: 4481, Bodies: 359)
⚡ FRAME SPIKE #591: 26.7 ms at 29.2s (Draw: 4486, Bodies: 359)

=== PERFORMANCE METRICS ===
FPS: 38 | Frame: 27.3 ms (max 97.4) | Physics: 16.7 ms (max 104.4)
Godot Process: 18.99 ms | Physics: 6.74 ms
Objects: 49631 | Nodes: 21263 | Resources: 538
Draw calls: 4486 | Vertices: 7575976 | VRAM: 735.1 MB
Physics bodies: 359 | Collision pairs: 4300
--- System Times ---
  road_batch_finalize_total_-1,-1: 10.68 ms (max 10.68)
  road_batch_finalize_total_-1,-2: 5.20 ms (max 5.20)
  road_batch_finalize_total_-1,-3: 22.14 ms (max 22.14)
  road_batch_finalize_total_-1,-4: 10.79 ms (max 10.79)
  road_batch_finalize_total_-1,0: 32.15 ms (max 32.15)
  road_batch_finalize_total_-2,-1: 17.24 ms (max 17.24)
  road_batch_finalize_total_-2,-2: 16.60 ms (max 16.60)
  road_batch_finalize_total_-2,-3: 27.15 ms (max 27.15)
  road_batch_finalize_total_-2,0: 15.35 ms (max 15.35)
  road_batch_finalize_total_0,-1: 21.83 ms (max 21.83)
  road_batch_finalize_total_0,-2: 20.84 ms (max 20.84)
  road_batch_finalize_total_0,-3: 30.29 ms (max 30.29)
  road_batch_finalize_total_0,-4: 11.89 ms (max 11.89)
  road_batch_finalize_total_0,0: 20.01 ms (max 20.01)
  road_batch_finalize_total_0,1: 15.28 ms (max 15.28)
  road_batch_finalize_total_1,-1: 23.49 ms (max 23.49)
  road_batch_finalize_total_1,-2: 21.39 ms (max 21.39)
  road_batch_finalize_total_1,-3: 8.87 ms (max 8.87)
  road_batch_finalize_total_1,0: 19.34 ms (max 19.34)
  road_collision_create_-1,-1: 3.35 ms (max 3.90)
  road_collision_create_-1,-2: 2.39 ms (max 2.93)
  road_collision_create_-1,-3: 7.09 ms (max 17.52)
  road_collision_create_-1,-4: 5.03 ms (max 6.04)
  road_collision_create_-1,0: 15.82 ms (max 29.34)
  road_collision_create_-2,-1: 5.54 ms (max 11.21)
  road_collision_create_-2,-2: 8.03 ms (max 14.50)
  road_collision_create_-2,-3: 8.63 ms (max 21.89)
  road_collision_create_-2,0: 7.45 ms (max 11.84)
  road_collision_create_0,-1: 7.05 ms (max 15.39)
  road_collision_create_0,-2: 6.73 ms (max 13.86)
  road_collision_create_0,-3: 9.73 ms (max 23.22)
  road_collision_create_0,-4: 3.75 ms (max 8.76)
  road_collision_create_0,0: 6.47 ms (max 16.45)
  road_collision_create_0,1: 15.02 ms (max 15.02)
  road_collision_create_1,-1: 7.63 ms (max 19.29)
  road_collision_create_1,-2: 10.48 ms (max 18.10)
  road_collision_create_1,-3: 2.59 ms (max 3.51)
  road_collision_create_1,0: 19.07 ms (max 19.07)
===========================

=== PERFORMANCE METRICS ===
FPS: 38 | Frame: 27.3 ms (max 97.4) | Physics: 16.7 ms (max 104.8)
Godot Process: 18.99 ms | Physics: 6.74 ms
Objects: 49631 | Nodes: 21263 | Resources: 538
Draw calls: 4486 | Vertices: 7575976 | VRAM: 735.1 MB
Physics bodies: 359 | Collision pairs: 4300
===========================
⚡ FRAME SPIKE #592: 26.7 ms at 29.2s (Draw: 4479, Bodies: 359)
⚡ FRAME SPIKE #593: 26.6 ms at 29.3s (Draw: 4479, Bodies: 359)
⚡ FRAME SPIKE #594: 26.7 ms at 29.3s (Draw: 4472, Bodies: 359)
⚡ FRAME SPIKE #595: 26.7 ms at 29.3s (Draw: 4472, Bodies: 359)
⚡ FRAME SPIKE #596: 26.7 ms at 29.3s (Draw: 4475, Bodies: 359)
⚡ FRAME SPIKE #597: 26.7 ms at 29.4s (Draw: 4487, Bodies: 359)
⚡ FRAME SPIKE #598: 26.7 ms at 29.4s (Draw: 4487, Bodies: 359)
⚡ FRAME SPIKE #599: 26.7 ms at 29.4s (Draw: 4484, Bodies: 359)
⚡ FRAME SPIKE #600: 26.7 ms at 29.4s (Draw: 4479, Bodies: 359)
⚡ FRAME SPIKE #601: 26.7 ms at 29.5s (Draw: 4477, Bodies: 359)
⚡ FRAME SPIKE #602: 26.7 ms at 29.5s (Draw: 4473, Bodies: 359)
⚡ FRAME SPIKE #603: 26.3 ms at 29.5s (Draw: 4469, Bodies: 359)
⚡ FRAME SPIKE #604: 26.7 ms at 29.5s (Draw: 4467, Bodies: 359)
⚡ FRAME SPIKE #605: 26.7 ms at 29.6s (Draw: 4458, Bodies: 359)
⚡ FRAME SPIKE #606: 26.6 ms at 29.6s (Draw: 4461, Bodies: 359)
⚡ FRAME SPIKE #607: 26.7 ms at 29.6s (Draw: 4465, Bodies: 359)
⚡ FRAME SPIKE #608: 25.5 ms at 29.7s (Draw: 4459, Bodies: 359)
⚡ FRAME SPIKE #609: 26.7 ms at 29.7s (Draw: 4470, Bodies: 361)
⚡ FRAME SPIKE #610: 26.7 ms at 29.7s (Draw: 4472, Bodies: 361)
⚡ FRAME SPIKE #611: 26.7 ms at 29.7s (Draw: 4479, Bodies: 361)
⚡ FRAME SPIKE #612: 26.7 ms at 29.8s (Draw: 4486, Bodies: 360)
⚡ FRAME SPIKE #613: 26.7 ms at 29.8s (Draw: 4502, Bodies: 360)
⚡ FRAME SPIKE #614: 26.7 ms at 29.8s (Draw: 4507, Bodies: 360)
⚡ FRAME SPIKE #615: 26.7 ms at 29.8s (Draw: 4513, Bodies: 360)
⚡ FRAME SPIKE #616: 26.7 ms at 29.9s (Draw: 4518, Bodies: 360)
⚡ FRAME SPIKE #617: 26.7 ms at 29.9s (Draw: 4531, Bodies: 360)
⚡ FRAME SPIKE #618: 26.7 ms at 29.9s (Draw: 4527, Bodies: 360)
⚡ FRAME SPIKE #619: 26.7 ms at 29.9s (Draw: 4537, Bodies: 360)
⚡ FRAME SPIKE #620: 26.7 ms at 30.0s (Draw: 4554, Bodies: 360)
⚡ FRAME SPIKE #621: 26.7 ms at 30.0s (Draw: 4557, Bodies: 360)
⚡ FRAME SPIKE #622: 26.9 ms at 30.0s (Draw: 4564, Bodies: 360)
⚡ FRAME SPIKE #623: 26.7 ms at 30.1s (Draw: 4568, Bodies: 360)
⚡ FRAME SPIKE #624: 27.1 ms at 30.1s (Draw: 4564, Bodies: 360)
⚡ FRAME SPIKE #625: 27.1 ms at 30.1s (Draw: 4561, Bodies: 360)
⚡ FRAME SPIKE #626: 27.1 ms at 30.1s (Draw: 4565, Bodies: 360)
⚡ FRAME SPIKE #627: 28.5 ms at 30.2s (Draw: 4570, Bodies: 360)
⚡ FRAME SPIKE #628: 27.9 ms at 30.2s (Draw: 4582, Bodies: 360)
⚡ FRAME SPIKE #629: 27.1 ms at 30.2s (Draw: 4584, Bodies: 360)
⚡ FRAME SPIKE #630: 27.1 ms at 30.2s (Draw: 4584, Bodies: 360)
⚡ FRAME SPIKE #631: 27.1 ms at 30.3s (Draw: 4582, Bodies: 360)
⚡ FRAME SPIKE #632: 27.1 ms at 30.3s (Draw: 4575, Bodies: 360)
⚡ FRAME SPIKE #633: 27.5 ms at 30.3s (Draw: 4580, Bodies: 360)
⚡ FRAME SPIKE #634: 27.1 ms at 30.4s (Draw: 4579, Bodies: 360)
🚗 Traffic: 12 active NPCs (Near: 0, Mid: 10, Far: 2), 20 pooled
  → Physics bodies from NPCs: 12 (All: 12×1, было бы 12×5=60)

========== Bottleneck Analysis Report ==========
Time: 40.6s | Frames: 1396

📊 PERFORMANCE OVERVIEW:
  FPS: 38.3 avg | 38.0 min
  Frame Time: 18.82 ms avg | 19.46 ms max
  Physics Time: 7.07 ms avg

🔍 BOTTLENECK IDENTIFICATION:
  🟠 [HIGH] Frame Time
      Value: 18.82 ms (target: 16.67 ms)
      Impact: Overall performance bottleneck
      Suggestions:
        • Reduce draw calls
        • Optimize scripts in _process()
        • Check for expensive operations per frame

  🟠 [HIGH] Draw Calls
      Value: 4451 calls/frame
      Impact: GPU rendering overhead
      Suggestions:
        • Batch meshes by material
        • Use MultiMeshInstance3D
        • Implement LOD system
        • Enable frustum culling

  🟠 [HIGH] Physics Bodies
      Value: 358 active bodies
      Impact: Physics engine load
      Suggestions:
        • Reduce NPC count
        • Convert distant NPCs to kinematic
        • Disable physics for far objects

  🟡 [MEDIUM] Physics Time
      Value: 7.07 ms
      Impact: Physics simulation overhead
      Suggestions:
        • Reduce number of active physics bodies
        • Simplify collision shapes
        • Disable physics for distant objects

  🟡 [MEDIUM] Vertex Count
      Value: 7645806 vertices/frame
      Impact: GPU vertex processing
      Suggestions:
        • Implement LOD for distant objects
        • Simplify building meshes
        • Use lower poly models

  🟡 [MEDIUM] Node Count
      Value: 21263 nodes
      Impact: Scene tree traversal overhead
      Suggestions:
        • Unload distant chunks
        • Pool and reuse nodes
        • Flatten hierarchy where possible

  🟡 [MEDIUM] Post-Processing Effects
      Value: SSAO, Glow/Bloom, Volumetric Fog
      Impact: GPU shader overhead
      Suggestions:
        • Reduce SSR quality
        • Disable SSAO on low-end hardware
        • Use simpler fog

📈 DETAILED STATS:
  Draw Calls: 4451 avg | 4584 max
  Vertices: 7645806 avg | 7831534 max
  Physics Bodies: 358
  Nodes: 21263
  VRAM: 735.1 MB

=================================================

⚡ FRAME SPIKE #635: 27.9 ms at 30.4s (Draw: 4582, Bodies: 360)
⚡ FRAME SPIKE #636: 38.8 ms at 30.4s (Draw: 4581, Bodies: 360)
⚡ FRAME SPIKE #637: 29.2 ms at 30.4s (Draw: 4590, Bodies: 359)
OSM: Loading chunk 1,-4 at lat=59.1262, lon=37.9079
OSM: Loaded from cache: osm_v2_59.1262_37.9079_250.json
OSM: Chunk 1,-4 data loaded
OSM: Found 23 POI nodes in chunk
POI_DEBUG: Found 'Барбершоп Borodach' inside building at local (598.1, -1152.7)
POI_DEBUG: Found 'Laparet' inside building at local (515.0, -1168.2)
POI_DEBUG: Found 'Буквоед' inside building at local (439.2, -1181.7)
POI_DEBUG: Found 'Эдельвейс' inside building at local (364.3, -1199.0)
POI_DEBUG: Found 'Совкомбанк' inside building at local (328.8, -1220.7)
POI_DEBUG: Found 'Теплэко' inside building at local (458.7, -1132.0)
POI_DEBUG: Found 'Роскедр' inside building at local (472.2, -1125.1)
POI_DEBUG: Found 'Ozon' inside building at local (549.4, -1105.1)
BusinessSign: Found logo for 'ozon' -> res://textures/brand_logos/ozon.png
POI_DEBUG: Found 'Академия слуха' inside building at local (369.2, -911.4)
POI_DEBUG: Found 'Лабиринт' inside building at local (380.4, -997.8)
POI_DEBUG: Found 'Управдом' inside building at local (387.6, -1001.8)
POI_DEBUG: Found 'ИнжЭкон' inside building at local (480.2, -1020.0)
OSM: Generated 56 roads, 21 buildings, 0 trees, 0 signs, 0 lamps, 33 intersections
OSM: Marked chunk '1,-4' for road batch finalization
OSM: Post-initial chunk loaded, pending_lamps=24
OSM: _create_pending_lamps started, count=24
OSM: DEBUG - First lamp added to chunk 1,-4 batch
OSM: DEBUG - First lamp added to chunk 0,-4 batch
OSM: Created 19 lamps, skipped 5 (added to batches)
OSM: Finalizing 2 lamp batches immediately...
OSM: ✅ Finalized lamp batch 1,-4: 15 lamps (3 MultiMeshes + 15 lights, was 45 draw calls before)
OSM: ✅ Finalized lamp batch 0,-4: 1 lamps (3 MultiMeshes + 1 lights, was 3 draw calls before)
⚡ FRAME SPIKE #638: 79.9 ms at 30.5s (Draw: 4725, Bodies: 360)
OSM: DEBUG _add_road_to_batch - first road for chunk '1,-4', parent.name='Chunk_1,-4'
⚡ FRAME SPIKE #639: 64.4 ms at 30.6s (Draw: 4743, Bodies: 361)
⚡ FRAME SPIKE #640: 49.9 ms at 30.6s (Draw: 4752, Bodies: 362)
⚡ FRAME SPIKE #641: 53.5 ms at 30.7s (Draw: 4753, Bodies: 363)
⚡ FRAME SPIKE #642: 52.9 ms at 30.7s (Draw: 4790, Bodies: 366)
⚡ FRAME SPIKE #643: 42.7 ms at 30.8s (Draw: 4792, Bodies: 367)
🔴 FREEZE: road collision shape creation took 18.1 ms for chunk 1,-4 (type: path)
OSM: ✅ Finalized road batch 1,-4/path: 1222 vertices, 1190 triangles, material: <ImageTexture#-9223371972547704822>
OSM: ✅ Finalized road batch 1,-4/primary: 446 vertices, 432 triangles, material: <ImageTexture#-9223371972749031416>
OSM: ✅ Finalized road batch 1,-4/residential: 2004 vertices, 1938 triangles, material: <ImageTexture#-9223371972648368119>
⚠️ SLOW: road batch finalization took 25.2 ms for chunk 1,-4
⚠️ SLOW FRAME 26.2ms: building=0.4 road=25.3 terrain=0.3 infra=0.3 veg=0.0 curb=0.0ms
⚡ FRAME SPIKE #644: 50.0 ms at 30.8s (Draw: 4806, Bodies: 368)
⚠️ SLOW FRAME 31.8ms: building=0.3 road=1.1 terrain=14.2 infra=0.3 veg=15.8 curb=0.0ms
⚡ PHYSICS SPIKE #61: 10.3 ms at 30.9s (Bodies: 368)
⚡ PHYSICS SPIKE #62: 10.3 ms at 30.9s (Bodies: 369)
⚡ PHYSICS SPIKE #63: 10.3 ms at 30.9s (Bodies: 369)
⚡ PHYSICS SPIKE #64: 10.3 ms at 30.9s (Bodies: 369)
⚡ FRAME SPIKE #645: 60.9 ms at 30.9s (Draw: 4796, Bodies: 369)
⚡ PHYSICS SPIKE #65: 10.3 ms at 30.9s (Bodies: 369)
⚡ PHYSICS SPIKE #66: 10.3 ms at 30.9s (Bodies: 370)
⚡ PHYSICS SPIKE #67: 10.3 ms at 30.9s (Bodies: 370)
⚡ FRAME SPIKE #646: 53.3 ms at 30.9s (Draw: 4800, Bodies: 370)
⚡ PHYSICS SPIKE #68: 10.3 ms at 31.0s (Bodies: 370)
⚡ PHYSICS SPIKE #69: 10.3 ms at 31.0s (Bodies: 371)
⚡ PHYSICS SPIKE #70: 10.3 ms at 31.0s (Bodies: 371)
⚡ FRAME SPIKE #647: 50.8 ms at 31.0s (Draw: 4811, Bodies: 371)
⚡ PHYSICS SPIKE #71: 10.3 ms at 31.0s (Bodies: 371)
⚡ PHYSICS SPIKE #72: 10.3 ms at 31.0s (Bodies: 372)
⚡ PHYSICS SPIKE #73: 10.3 ms at 31.0s (Bodies: 372)
⚡ FRAME SPIKE #648: 39.7 ms at 31.0s (Draw: 4825, Bodies: 372)
⚡ PHYSICS SPIKE #74: 10.3 ms at 31.1s (Bodies: 372)
⚡ PHYSICS SPIKE #75: 10.3 ms at 31.1s (Bodies: 373)
⚡ FRAME SPIKE #649: 39.7 ms at 31.1s (Draw: 4842, Bodies: 373)
⚡ PHYSICS SPIKE #76: 10.3 ms at 31.1s (Bodies: 373)
⚡ PHYSICS SPIKE #77: 10.3 ms at 31.1s (Bodies: 374)
⚡ FRAME SPIKE #650: 34.5 ms at 31.1s (Draw: 4845, Bodies: 374)
⚡ PHYSICS SPIKE #78: 10.3 ms at 31.1s (Bodies: 374)
⚡ PHYSICS SPIKE #79: 10.3 ms at 31.1s (Bodies: 375)
⚡ FRAME SPIKE #651: 34.5 ms at 31.1s (Draw: 4850, Bodies: 375)
⚡ PHYSICS SPIKE #80: 10.3 ms at 31.2s (Bodies: 375)
⚡ PHYSICS SPIKE #81: 10.3 ms at 31.2s (Bodies: 376)
⚡ FRAME SPIKE #652: 36.2 ms at 31.2s (Draw: 4858, Bodies: 376)
⚡ PHYSICS SPIKE #82: 10.3 ms at 31.2s (Bodies: 376)
⚡ PHYSICS SPIKE #83: 10.3 ms at 31.2s (Bodies: 377)
⚡ FRAME SPIKE #653: 35.3 ms at 31.2s (Draw: 4886, Bodies: 377)
⚡ PHYSICS SPIKE #84: 10.3 ms at 31.3s (Bodies: 377)
⚡ PHYSICS SPIKE #85: 10.3 ms at 31.3s (Bodies: 378)
⚡ PHYSICS SPIKE #86: 10.3 ms at 31.3s (Bodies: 378)
⚡ FRAME SPIKE #654: 35.6 ms at 31.3s (Draw: 4924, Bodies: 378)
⚡ PHYSICS SPIKE #87: 10.3 ms at 31.3s (Bodies: 378)
⚡ PHYSICS SPIKE #88: 10.3 ms at 31.3s (Bodies: 379)
⚡ FRAME SPIKE #655: 36.1 ms at 31.3s (Draw: 4957, Bodies: 379)
⚡ PHYSICS SPIKE #89: 10.3 ms at 31.3s (Bodies: 379)
⚡ PHYSICS SPIKE #90: 10.3 ms at 31.3s (Bodies: 380)
⚡ FRAME SPIKE #656: 36.1 ms at 31.3s (Draw: 4952, Bodies: 380)
OSM: 🌙 NIGHT Window batch 1,-4 | night_mgr: CACHED | is_night value: true
OSM: ✅ Finalized window batch 1,-4: 5946 windows (was 5946 draw calls before batching)
⚡ PHYSICS SPIKE #91: 10.3 ms at 31.4s (Bodies: 380)
⚡ PHYSICS SPIKE #92: 10.3 ms at 31.4s (Bodies: 380)
⚡ FRAME SPIKE #657: 36.0 ms at 31.4s (Draw: 4957, Bodies: 380)
OSM: 🌙 NIGHT Window batch 1,-4 | night_mgr: CACHED | is_night value: true
OSM: ✅ Finalized window batch 1,-4: 620 windows (was 620 draw calls before batching)
⚡ PHYSICS SPIKE #93: 10.3 ms at 31.4s (Bodies: 380)
⚡ PHYSICS SPIKE #94: 10.3 ms at 31.4s (Bodies: 381)
⚡ FRAME SPIKE #658: 32.4 ms at 31.4s (Draw: 4956, Bodies: 381)
⚡ PHYSICS SPIKE #95: 10.3 ms at 31.4s (Bodies: 381)
⚡ PHYSICS SPIKE #96: 10.3 ms at 31.4s (Bodies: 382)
⚡ FRAME SPIKE #659: 33.8 ms at 31.4s (Draw: 4959, Bodies: 382)
⚡ PHYSICS SPIKE #97: 10.3 ms at 31.5s (Bodies: 382)
⚡ PHYSICS SPIKE #98: 10.3 ms at 31.5s (Bodies: 382)
⚡ FRAME SPIKE #660: 34.7 ms at 31.5s (Draw: 4957, Bodies: 382)
OSM: Loading chunk -2,-4 at lat=59.1262, lon=37.8921
OSM: Loaded from cache: osm_v2_59.1262_37.8921_250.json
OSM: Chunk -2,-4 data loaded
OSM: Found 17 POI nodes in chunk
POI_DEBUG: Found 'Семья7' inside building at local (-443.6, -1129.9)
POI_DEBUG: Found 'Северный' inside building at local (-453.0, -1083.6)
POI_DEBUG: Found 'Антей' inside building at local (-439.0, -1137.5)
POI_DEBUG: Found 'Быстрый заём' inside building at local (-401.3, -1066.1)
POI_DEBUG: Found 'Муниципальное учреждение здравоохранения Стомотологическая п-ка №1. Протезирование' inside building at local (-317.5, -1042.1)
POI_DEBUG: Found 'Мировые' inside building at local (-336.2, -995.9)
POI_DEBUG: Found 'полиц. пункт' inside building at local (-363.7, -1003.3)
POI_DEBUG: Found 'Ozon' inside building at local (-578.2, -925.2)
BusinessSign: Found logo for 'ozon' -> res://textures/brand_logos/ozon.png
POI_DEBUG: Found 'Ла Ла Ланч' inside building at local (-534.1, -955.2)
OSM: Generated 47 roads, 51 buildings, 1 trees, 0 signs, 0 lamps, 36 intersections
OSM: Marked chunk '-2,-4' for road batch finalization
OSM: Post-initial chunk loaded, pending_lamps=150
OSM: _create_pending_lamps started, count=150
OSM: DEBUG - First lamp added to chunk 1,-4 batch
OSM: DEBUG - First lamp added to chunk 0,-4 batch
OSM: Created 77 lamps, skipped 73 (added to batches)
OSM: Finalizing 2 lamp batches immediately...
OSM: ✅ Finalized lamp batch 1,-4: 42 lamps (3 MultiMeshes + 42 lights, was 126 draw calls before)
OSM: ✅ Finalized lamp batch 0,-4: 2 lamps (3 MultiMeshes + 2 lights, was 6 draw calls before)
⚡ PHYSICS SPIKE #99: 10.3 ms at 31.5s (Bodies: 382)
⚡ PHYSICS SPIKE #100: 10.3 ms at 31.5s (Bodies: 384)
⚡ PHYSICS SPIKE #101: 10.3 ms at 31.5s (Bodies: 384)
⚡ PHYSICS SPIKE #102: 10.3 ms at 31.5s (Bodies: 384)
⚡ PHYSICS SPIKE #103: 10.3 ms at 31.5s (Bodies: 384)
⚡ FRAME SPIKE #661: 90.3 ms at 31.5s (Draw: 5105, Bodies: 384)
OSM: DEBUG _add_road_to_batch - first road for chunk '-2,-4', parent.name='Chunk_-2,-4'
⚡ PHYSICS SPIKE #104: 10.3 ms at 31.6s (Bodies: 384)
⚡ PHYSICS SPIKE #105: 10.3 ms at 31.6s (Bodies: 385)
⚡ PHYSICS SPIKE #106: 10.3 ms at 31.6s (Bodies: 385)
⚡ PHYSICS SPIKE #107: 10.3 ms at 31.6s (Bodies: 385)
⚡ PHYSICS SPIKE #108: 10.3 ms at 31.6s (Bodies: 385)
⚡ FRAME SPIKE #662: 67.2 ms at 31.6s (Draw: 5104, Bodies: 385)
⚡ PHYSICS SPIKE #109: 10.3 ms at 31.7s (Bodies: 385)
⚡ PHYSICS SPIKE #110: 10.3 ms at 31.7s (Bodies: 386)
⚡ PHYSICS SPIKE #111: 10.3 ms at 31.7s (Bodies: 386)
⚡ FRAME SPIKE #663: 55.5 ms at 31.7s (Draw: 5096, Bodies: 386)
OSM: ✅ Finalized road batch -2,-4/path: 808 vertices, 786 triangles, material: <ImageTexture#-9223371972547704822>
🔴 FREEZE: road collision shape creation took 5.6 ms for chunk -2,-4 (type: residential)
OSM: ✅ Finalized road batch -2,-4/residential: 2952 vertices, 2880 triangles, material: <ImageTexture#-9223371972648368119>
⚠️ SLOW: road batch finalization took 8.5 ms for chunk -2,-4
⚡ PHYSICS SPIKE #112: 10.3 ms at 31.7s (Bodies: 386)
⚡ PHYSICS SPIKE #113: 10.3 ms at 31.7s (Bodies: 387)
⚡ PHYSICS SPIKE #114: 10.3 ms at 31.7s (Bodies: 387)
⚡ FRAME SPIKE #664: 47.7 ms at 31.7s (Draw: 5121, Bodies: 387)
⚡ PHYSICS SPIKE #115: 10.3 ms at 31.8s (Bodies: 387)
⚡ PHYSICS SPIKE #116: 10.3 ms at 31.8s (Bodies: 390)
⚡ PHYSICS SPIKE #117: 10.3 ms at 31.8s (Bodies: 390)
⚡ FRAME SPIKE #665: 46.8 ms at 31.8s (Draw: 5786, Bodies: 390)
⚡ PHYSICS SPIKE #118: 10.3 ms at 31.8s (Bodies: 390)
⚡ PHYSICS SPIKE #119: 10.3 ms at 31.8s (Bodies: 391)
⚡ PHYSICS SPIKE #120: 10.3 ms at 31.8s (Bodies: 391)
⚡ FRAME SPIKE #666: 50.0 ms at 31.8s (Draw: 5775, Bodies: 391)
⚡ FRAME SPIKE #667: 46.7 ms at 31.9s (Draw: 5801, Bodies: 392)
⚡ FRAME SPIKE #668: 37.9 ms at 31.9s (Draw: 5840, Bodies: 393)
⚡ FRAME SPIKE #669: 43.0 ms at 31.9s (Draw: 5877, Bodies: 394)
⚡ FRAME SPIKE #670: 36.3 ms at 32.0s (Draw: 5865, Bodies: 395)
OSM: Unloaded chunk -1,1
OSM: Unloaded chunk -2,-4
⚡ FRAME SPIKE #671: 41.7 ms at 32.0s (Draw: 5685, Bodies: 385)
⚡ FRAME SPIKE #672: 41.7 ms at 32.1s (Draw: 5655, Bodies: 385)
⚡ FRAME SPIKE #673: 41.7 ms at 32.1s (Draw: 5648, Bodies: 385)
⚡ FRAME SPIKE #674: 41.7 ms at 32.1s (Draw: 5651, Bodies: 385)
⚡ FRAME SPIKE #675: 36.3 ms at 32.2s (Draw: 5650, Bodies: 385)
⚡ FRAME SPIKE #676: 39.6 ms at 32.2s (Draw: 5656, Bodies: 385)
⚡ FRAME SPIKE #677: 34.0 ms at 32.3s (Draw: 5650, Bodies: 385)
⚡ FRAME SPIKE #678: 34.3 ms at 32.3s (Draw: 5650, Bodies: 385)
⚡ FRAME SPIKE #679: 34.2 ms at 32.3s (Draw: 5649, Bodies: 385)
⚡ FRAME SPIKE #680: 33.3 ms at 32.4s (Draw: 5652, Bodies: 385)
🚗 Traffic: 15 active NPCs (Near: 0, Mid: 11, Far: 4), 17 pooled
  → Physics bodies from NPCs: 15 (All: 15×1, было бы 15×5=75)

========== Bottleneck Analysis Report ==========
Time: 42.6s | Frames: 1442

📊 PERFORMANCE OVERVIEW:
  FPS: 34.6 avg | 22.0 min
  Frame Time: 35.07 ms avg | 85.38 ms max
  Physics Time: 7.52 ms avg

🔍 BOTTLENECK IDENTIFICATION:
  🔴 [CRITICAL] Frame Time
      Value: 35.07 ms (target: 16.67 ms)
      Impact: Overall performance bottleneck
      Suggestions:
        • Reduce draw calls
        • Optimize scripts in _process()
        • Check for expensive operations per frame

  🟠 [HIGH] Draw Calls
      Value: 4738 calls/frame
      Impact: GPU rendering overhead
      Suggestions:
        • Batch meshes by material
        • Use MultiMeshInstance3D
        • Implement LOD system
        • Enable frustum culling

  🟠 [HIGH] Physics Bodies
      Value: 366 active bodies
      Impact: Physics engine load
      Suggestions:
        • Reduce NPC count
        • Convert distant NPCs to kinematic
        • Disable physics for far objects

  🟡 [MEDIUM] Physics Time
      Value: 7.52 ms
      Impact: Physics simulation overhead
      Suggestions:
        • Reduce number of active physics bodies
        • Simplify collision shapes
        • Disable physics for distant objects

  🟡 [MEDIUM] Vertex Count
      Value: 7653281 vertices/frame
      Impact: GPU vertex processing
      Suggestions:
        • Implement LOD for distant objects
        • Simplify building meshes
        • Use lower poly models

  🟡 [MEDIUM] Node Count
      Value: 22894 nodes
      Impact: Scene tree traversal overhead
      Suggestions:
        • Unload distant chunks
        • Pool and reuse nodes
        • Flatten hierarchy where possible

  🟡 [MEDIUM] Post-Processing Effects
      Value: SSAO, Glow/Bloom, Volumetric Fog
      Impact: GPU shader overhead
      Suggestions:
        • Reduce SSR quality
        • Disable SSAO on low-end hardware
        • Use simpler fog

📈 DETAILED STATS:
  Draw Calls: 4738 avg | 5877 max
  Vertices: 7653281 avg | 8196513 max
  Physics Bodies: 366
  Nodes: 22894
  VRAM: 737.7 MB

=================================================

⚡ FRAME SPIKE #681: 35.2 ms at 32.4s (Draw: 5648, Bodies: 385)
⚡ FRAME SPIKE #682: 34.1 ms at 32.4s (Draw: 5650, Bodies: 385)
⚡ FRAME SPIKE #683: 33.2 ms at 32.5s (Draw: 5667, Bodies: 385)
⚡ FRAME SPIKE #684: 33.6 ms at 32.5s (Draw: 5672, Bodies: 385)
OSM: Loading chunk -2,-4 at lat=59.1262, lon=37.8921
OSM: Loaded from cache: osm_v2_59.1262_37.8921_250.json
OSM: Chunk -2,-4 data loaded
OSM: Found 17 POI nodes in chunk
POI_DEBUG: Found 'Семья7' inside building at local (-443.6, -1129.9)
POI_DEBUG: Found 'Северный' inside building at local (-453.0, -1083.6)
POI_DEBUG: Found 'Антей' inside building at local (-439.0, -1137.5)
POI_DEBUG: Found 'Быстрый заём' inside building at local (-401.3, -1066.1)
POI_DEBUG: Found 'Муниципальное учреждение здравоохранения Стомотологическая п-ка №1. Протезирование' inside building at local (-317.5, -1042.1)
POI_DEBUG: Found 'Мировые' inside building at local (-336.2, -995.9)
POI_DEBUG: Found 'полиц. пункт' inside building at local (-363.7, -1003.3)
POI_DEBUG: Found 'Ozon' inside building at local (-578.2, -925.2)
BusinessSign: Found logo for 'ozon' -> res://textures/brand_logos/ozon.png
POI_DEBUG: Found 'Ла Ла Ланч' inside building at local (-534.1, -955.2)
OSM: Generated 47 roads, 51 buildings, 1 trees, 0 signs, 0 lamps, 36 intersections
OSM: Marked chunk '-2,-4' for road batch finalization
OSM: Post-initial chunk loaded, pending_lamps=0
OSM: _create_pending_lamps started, count=0
OSM: No pending lamps
⚡ FRAME SPIKE #685: 85.3 ms at 32.5s (Draw: 5816, Bodies: 392)
OSM: DEBUG _add_road_to_batch - first road for chunk '-2,-4', parent.name='Chunk_-2,-4'
⚡ FRAME SPIKE #686: 85.8 ms at 32.6s (Draw: 5823, Bodies: 392)
⚡ FRAME SPIKE #687: 65.9 ms at 32.7s (Draw: 5812, Bodies: 392)
OSM: ✅ Finalized road batch -2,-4/path: 808 vertices, 786 triangles, material: <ImageTexture#-9223371972547704822>
🔴 FREEZE: road collision shape creation took 5.5 ms for chunk -2,-4 (type: residential)
OSM: ✅ Finalized road batch -2,-4/residential: 2952 vertices, 2880 triangles, material: <ImageTexture#-9223371972648368119>
⚠️ SLOW: road batch finalization took 8.5 ms for chunk -2,-4
⚡ FRAME SPIKE #688: 69.6 ms at 32.8s (Draw: 5872, Bodies: 395)
⚡ FRAME SPIKE #689: 53.6 ms at 32.8s (Draw: 5864, Bodies: 395)
⚡ FRAME SPIKE #690: 47.1 ms at 32.9s (Draw: 5867, Bodies: 395)
⚡ FRAME SPIKE #691: 47.2 ms at 32.9s (Draw: 5864, Bodies: 395)
⚡ FRAME SPIKE #692: 50.0 ms at 33.0s (Draw: 5854, Bodies: 396)
OSM: Unloaded chunk 1,1
⚡ FRAME SPIKE #693: 50.0 ms at 33.0s (Draw: 5863, Bodies: 396)
⚡ FRAME SPIKE #694: 47.2 ms at 33.1s (Draw: 5874, Bodies: 396)
⚡ FRAME SPIKE #695: 39.4 ms at 33.1s (Draw: 5869, Bodies: 396)
⚡ FRAME SPIKE #696: 44.4 ms at 33.2s (Draw: 5880, Bodies: 397)
⚡ FRAME SPIKE #697: 41.4 ms at 33.2s (Draw: 5880, Bodies: 398)
⚡ FRAME SPIKE #698: 44.4 ms at 33.3s (Draw: 5880, Bodies: 399)
⚡ FRAME SPIKE #699: 44.4 ms at 33.3s (Draw: 5870, Bodies: 399)
⚡ FRAME SPIKE #700: 43.7 ms at 33.3s (Draw: 5870, Bodies: 400)
⚡ FRAME SPIKE #701: 45.0 ms at 33.4s (Draw: 5873, Bodies: 400)
⚡ FRAME SPIKE #702: 44.4 ms at 33.4s (Draw: 5874, Bodies: 401)
⚡ FRAME SPIKE #703: 44.1 ms at 33.5s (Draw: 5876, Bodies: 401)
⚡ FRAME SPIKE #704: 44.8 ms at 33.5s (Draw: 5806, Bodies: 401)
⚡ FRAME SPIKE #705: 43.9 ms at 33.6s (Draw: 5638, Bodies: 401)
⚡ FRAME SPIKE #706: 42.4 ms at 33.6s (Draw: 5568, Bodies: 401)
⚡ FRAME SPIKE #707: 43.9 ms at 33.7s (Draw: 5486, Bodies: 401)
⚡ FRAME SPIKE #708: 39.5 ms at 33.7s (Draw: 5465, Bodies: 401)
⚡ FRAME SPIKE #709: 46.9 ms at 33.7s (Draw: 5449, Bodies: 401)
⚡ FRAME SPIKE #710: 43.9 ms at 33.8s (Draw: 5461, Bodies: 402)
