Godot Engine v4.5.1.stable.official.f62fdbde1 - https://godotengine.org
Vulkan 1.2.283 - Forward+ - Using Device #0: Apple - Apple M1 Pro

MusicManager: Now playing track 0: Петя Павлов - Я хочу скорости
OSM: Initializing textures...
OSM: Textures initialized in 1468 ms
OSM: Initializing window shader (compile once, reuse for all batches)...
OSM: Window shader compiled
=== Performance Profiler Started ===
[OSMTerrain] Profiler created for diagnostics
OSMTerrainGenerator: Profiler connected - road performance will be measured

========== Bottleneck Analyzer Started ==========
Collecting performance data...
=================================================


========== DETAILED PERFORMANCE TEST ==========
Random seed: 12345 (fixed for reproducibility)
Location: Cherepovets (59.1167, 37.9000)
Duration: 90 seconds
Spike threshold: 25.0 ms
Tracking: Every spike > 25.0 ms
Night mode: ENABLED
==============================================

OSM: Night mode enabled
OSM: Chunk distances - load: 700, unload: 900
OSM: Fog enabled (density: 0.0013 for 600m)
OSM: Ready for loading (waiting for start_loading call)...
Nexia: Found mesh: body_Car Paint PL_0
  -> Created override material for surface 0
  -> Material: Car_Paint_PL (StandardMaterial3D)
  -> Changed body color to cherry (glossy)
Nexia: Found mesh: body_Car Paint PL_02
  -> Created override material for surface 0
  -> Material: Car_Paint_PL (StandardMaterial3D)
  -> Changed body color to cherry (glossy)
Nexia: Found mesh: body_Car Paint PL_03
  -> Created override material for surface 0
  -> Material: Car_Paint_PL (StandardMaterial3D)
  -> Changed body color to cherry (glossy)
Nexia: Found mesh: body_Black leather_0
  -> Skipping (light/wheel/chrome/interior)
Nexia: Found mesh: body_Black leather_02
  -> Skipping (light/wheel/chrome/interior)
Nexia: Found mesh: body_Black leather_03
  -> Skipping (light/wheel/chrome/interior)
Nexia: Found mesh: body_Black Opaque  Glass_0
  -> Created override material for surface 0
  -> Material: Black_Opaque__Glass (StandardMaterial3D)
  -> Changed glass to tinted (day mode)
Nexia: Found mesh: body_mattemetal_0
  -> Skipping (light/wheel/chrome/interior)
Nexia: Found mesh: body_orangeglass_0
  -> Skipping (light/wheel/chrome/interior)
Nexia: Found mesh: body_chrome_0
  -> Skipping (light/wheel/chrome/interior)
Nexia: Found mesh: body_chrome_02
  -> Skipping (light/wheel/chrome/interior)
Nexia: Found mesh: body_chrome_03
  -> Skipping (light/wheel/chrome/interior)
Nexia: Found mesh: body_chrome_04
  -> Skipping (light/wheel/chrome/interior)
Nexia: Found mesh: body_redglass_0
  -> Skipping (light/wheel/chrome/interior)
Nexia: Found mesh: body_AR3DMat Procedural Realistic Mirror_0
  -> Skipping (light/wheel/chrome/interior)
Nexia: Found mesh: wheel_front_left_TireProcedural_0
  -> Skipping (light/wheel/chrome/interior)
Nexia: Found mesh: wheel_front_left_rim_0
  -> Skipping (light/wheel/chrome/interior)
Nexia: Found mesh: wheel_front_left_black_0
  -> Skipping (light/wheel/chrome/interior)
Nexia: Found mesh: wheel_front_left_brakedisk_0
  -> Skipping (light/wheel/chrome/interior)
Nexia: Found mesh: wheel_front_left_mattemetal_0
  -> Skipping (light/wheel/chrome/interior)
Nexia: Found mesh: wheel_front_right_TireProcedural_0
  -> Skipping (light/wheel/chrome/interior)
Nexia: Found mesh: wheel_front_right_rim_0
  -> Skipping (light/wheel/chrome/interior)
Nexia: Found mesh: wheel_front_right_black_0
  -> Skipping (light/wheel/chrome/interior)
Nexia: Found mesh: wheel_front_right_brakedisk_0
  -> Skipping (light/wheel/chrome/interior)
Nexia: Found mesh: wheel_front_right_mattemetal_0
  -> Skipping (light/wheel/chrome/interior)
Nexia: Found mesh: wheel_rear_left_TireProcedural_0
  -> Skipping (light/wheel/chrome/interior)
Nexia: Found mesh: wheel_rear_left_black_0
  -> Skipping (light/wheel/chrome/interior)
Nexia: Found mesh: wheel_rear_left_brakedisk_0
  -> Skipping (light/wheel/chrome/interior)
Nexia: Found mesh: wheel_rear_left_rim_0
  -> Skipping (light/wheel/chrome/interior)
Nexia: Found mesh: wheel_rear_left_mattemetal_0
  -> Skipping (light/wheel/chrome/interior)
Nexia: Found mesh: wheel_rear_right_TireProcedural_0
  -> Skipping (light/wheel/chrome/interior)
Nexia: Found mesh: wheel_rear_right_black_0
  -> Skipping (light/wheel/chrome/interior)
Nexia: Found mesh: wheel_rear_right_brakedisk_0
  -> Skipping (light/wheel/chrome/interior)
Nexia: Found mesh: wheel_rear_right_rim_0
  -> Skipping (light/wheel/chrome/interior)
Nexia: Found mesh: wheel_rear_right_mattemetal_0
  -> Skipping (light/wheel/chrome/interior)
Nexia: Found taillight mesh: body_redglass_0
  -> Added taillight material
  -> Created brake SpotLight at (-0.5, 0.9, 1.95)
  -> Created brake SpotLight at (0.5, 0.9, 1.95)
Nexia: Found front marker mesh: body_orangeglass_0
  -> Added front marker material
  -> Created headlight SpotLight at (-0.55, 0.75, -1.9)
  -> Created headlight SpotLight at (0.55, 0.75, -1.9)
  -> Created underglow with 16 lights
Nexia model setup complete
=== Performance Profiler Started ===
[TrafficManager] Profiler created for diagnostics
TrafficManager: Initialized (max 200 NPCs)
NightModeManager: Ready (day mode, no rain)
GraphicsSettings: Found WorldEnvironment
GraphicsSettings: Found Camera3D: Camera3D
GraphicsSettings: Loading settings from file...
GraphicsSettings: Settings loaded - FXAA: false, TAA: true, MSAA: 1
GraphicsSettings: Applying initial settings...
SSR: OFF
Fog: ON
Glow: ON
SSAO: ON
TAA: ON
MSAA: 2X
FXAA disabled on root viewport
DOF: ON (far distance: 100m)
GraphicsSettings: Ready
[Systems Found]
  OSMTerrain: NO
  TrafficManager: NO
  NightModeManager: NO
  Player Car: YES

[PerformanceTestDetailed] Found nodes:
  Car: YES
  VehicleInput: YES
  OSMTerrain: YES
[PerformanceTestDetailed] Night mode ENABLED (windows + lights + moon)
[PerformanceTestDetailed] Connected to terrain loading signals
[PerformanceTestDetailed] Starting terrain loading...
OSM: Starting initial loading... (generation 0)
OSM: State before start: _loaded_chunks=0, _loading_chunks=0
OSM: Loading chunks around car position (0.0, 0.9, 0.0)
OSM: Need to load 16 chunks for initial area
OSM: Emitting initial_load_started signal...
OSM: initial_load_started signal emitted
OSM: Loading chunk -2,-2 at lat=59.1208, lon=37.8921
OSM: Loaded from cache: osm_v2_59.1208_37.8921_250.json
OSM: Loading chunk -2,-1 at lat=59.1181, lon=37.8921
OSM: Loaded from cache: osm_v2_59.1181_37.8921_250.json
OSM: Loading chunk -2,0 at lat=59.1153, lon=37.8921
OSM: Loaded from cache: osm_v2_59.1153_37.8921_250.json
OSM: Loading chunk -2,1 at lat=59.1126, lon=37.8921
OSM: Loaded from cache: osm_v2_59.1126_37.8921_250.json
OSM: Loading chunk -1,-2 at lat=59.1208, lon=37.8974
OSM: Loaded from cache: osm_v2_59.1208_37.8974_250.json
OSM: Loading chunk -1,-1 at lat=59.1181, lon=37.8974
OSM: Loaded from cache: osm_v2_59.1181_37.8974_250.json
OSM: Loading chunk -1,0 at lat=59.1153, lon=37.8974
OSM: Loaded from cache: osm_v2_59.1153_37.8974_250.json
OSM: Loading chunk -1,1 at lat=59.1126, lon=37.8974
OSM: Loaded from cache: osm_v2_59.1126_37.8974_250.json
OSM: Loading chunk 0,-2 at lat=59.1208, lon=37.9026
OSM: Loaded from cache: osm_v2_59.1208_37.9026_250.json
OSM: Loading chunk 0,-1 at lat=59.1181, lon=37.9026
OSM: Loaded from cache: osm_v2_59.1181_37.9026_250.json
OSM: Loading chunk 0,0 at lat=59.1153, lon=37.9026
OSM: Loaded from cache: osm_v2_59.1153_37.9026_250.json
OSM: Loading chunk 0,1 at lat=59.1126, lon=37.9026
OSM: Loaded from cache: osm_v2_59.1126_37.9026_250.json
OSM: Loading chunk 1,-2 at lat=59.1208, lon=37.9079
OSM: Loaded from cache: osm_v2_59.1208_37.9079_250.json
OSM: Loading chunk 1,-1 at lat=59.1181, lon=37.9079
OSM: Loaded from cache: osm_v2_59.1181_37.9079_250.json
OSM: Loading chunk 1,0 at lat=59.1153, lon=37.9079
OSM: Loaded from cache: osm_v2_59.1153_37.9079_250.json
OSM: Loading chunk 1,1 at lat=59.1126, lon=37.9079
OSM: Loaded from cache: osm_v2_59.1126_37.9079_250.json
OSM: Started loading 16 chunks (total needed: 16, already loaded: 0)
OSM: Chunk -2,-2 data loaded
OSM: Found 7 POI nodes in chunk
POI_DEBUG: Found 'Магнит' inside building at local (-583.6, -540.7)
POI_DEBUG: Found 'Бристоль' inside building at local (-593.0, -497.7)
POI_DEBUG: Found 'Антей' inside building at local (-591.1, -510.1)
BusinessSign: Found logo for 'магнит' -> res://textures/brand_logos/magnit.png
POI_DEBUG: Found 'Ozon' inside building at local (-577.4, -467.7)
POI_DEBUG: Found 'Пятёрочка' inside building at local (-583.9, -471.4)
BusinessSign: Found logo for 'ozon' -> res://textures/brand_logos/ozon.png
BusinessSign: Found logo for 'пятёрочка' -> res://textures/brand_logos/pyaterochka.png
OSM: Generated 39 roads, 29 buildings, 0 trees, 0 signs, 0 lamps, 22 intersections
OSM: Marked chunk '-2,-2' for road batch finalization
OSM DEBUG: Missing chunks (15): ["-2,-1", "-2,0", "-2,1", "-1,-2", "-1,-1", "-1,0", "-1,1", "0,-2", "0,-1", "0,0", "0,1", "1,-2", "1,-1", "1,0", "1,1"]
  - Currently loading: ["-2,-1", "-2,0", "-2,1", "-1,-2", "-1,-1", "-1,0", "-1,1", "0,-2", "0,-1", "0,0", "0,1", "1,-2", "1,-1", "1,0", "1,1"]
OSM: Chunk -2,-1 data loaded
OSM: Generated 30 roads, 10 buildings, 0 trees, 0 signs, 0 lamps, 6 intersections
OSM: Marked chunk '-2,-1' for road batch finalization
OSM DEBUG: Missing chunks (14): ["-2,0", "-2,1", "-1,-2", "-1,-1", "-1,0", "-1,1", "0,-2", "0,-1", "0,0", "0,1", "1,-2", "1,-1", "1,0", "1,1"]
  - Currently loading: ["-2,0", "-2,1", "-1,-2", "-1,-1", "-1,0", "-1,1", "0,-2", "0,-1", "0,0", "0,1", "1,-2", "1,-1", "1,0", "1,1"]
OSM: Chunk -2,0 data loaded
OSM: Generated 13 roads, 3 buildings, 0 trees, 0 signs, 0 lamps, 1 intersections
OSM: Marked chunk '-2,0' for road batch finalization
OSM DEBUG: Missing chunks (13): ["-2,1", "-1,-2", "-1,-1", "-1,0", "-1,1", "0,-2", "0,-1", "0,0", "0,1", "1,-2", "1,-1", "1,0", "1,1"]
  - Currently loading: ["-2,1", "-1,-2", "-1,-1", "-1,0", "-1,1", "0,-2", "0,-1", "0,0", "0,1", "1,-2", "1,-1", "1,0", "1,1"]
OSM: Chunk -2,1 data loaded
OSM: Generated 0 roads, 0 buildings, 0 trees, 0 signs, 0 lamps, 0 intersections
OSM: Marked chunk '-2,1' for road batch finalization
OSM DEBUG: Missing chunks (12): ["-1,-2", "-1,-1", "-1,0", "-1,1", "0,-2", "0,-1", "0,0", "0,1", "1,-2", "1,-1", "1,0", "1,1"]
  - Currently loading: ["-1,-2", "-1,-1", "-1,0", "-1,1", "0,-2", "0,-1", "0,0", "0,1", "1,-2", "1,-1", "1,0", "1,1"]
OSM: Chunk -1,-2 data loaded
OSM: Found 5 entrance nodes in chunk
OSM: Found 6 POI nodes in chunk
OSM: Generated 33 roads, 31 buildings, 0 trees, 0 signs, 0 lamps, 13 intersections
OSM: Marked chunk '-1,-2' for road batch finalization
OSM DEBUG: Missing chunks (11): ["-1,-1", "-1,0", "-1,1", "0,-2", "0,-1", "0,0", "0,1", "1,-2", "1,-1", "1,0", "1,1"]
  - Currently loading: ["-1,-1", "-1,0", "-1,1", "0,-2", "0,-1", "0,0", "0,1", "1,-2", "1,-1", "1,0", "1,1"]
OSM: Chunk -1,-1 data loaded
OSM: Found 3 POI nodes in chunk
POI_DEBUG: Found 'Магнит' inside building at local (-106.5, -187.7)
BusinessSign: Found logo for 'магнит' -> res://textures/brand_logos/magnit.png
POI_DEBUG: Found 'Северный градус' inside building at local (-108.4, -158.5)
BusinessSign: Found logo for 'северный градус' -> res://textures/brand_logos/severniy-gradus.png
OSM: Generated 55 roads, 21 buildings, 1 trees, 0 signs, 0 lamps, 27 intersections
OSM: Marked chunk '-1,-1' for road batch finalization
OSM DEBUG: Missing chunks (10): ["-1,0", "-1,1", "0,-2", "0,-1", "0,0", "0,1", "1,-2", "1,-1", "1,0", "1,1"]
  - Currently loading: ["-1,0", "-1,1", "0,-2", "0,-1", "0,0", "0,1", "1,-2", "1,-1", "1,0", "1,1"]
OSM: Chunk -1,0 data loaded
OSM: Found 1 POI nodes in chunk
OSM: Generated 20 roads, 11 buildings, 0 trees, 0 signs, 0 lamps, 9 intersections
OSM: Marked chunk '-1,0' for road batch finalization
OSM DEBUG: Missing chunks (9): ["-1,1", "0,-2", "0,-1", "0,0", "0,1", "1,-2", "1,-1", "1,0", "1,1"]
  - Currently loading: ["-1,1", "0,-2", "0,-1", "0,0", "0,1", "1,-2", "1,-1", "1,0", "1,1"]
OSM: Chunk -1,1 data loaded
OSM: Generated 0 roads, 0 buildings, 0 trees, 0 signs, 0 lamps, 0 intersections
OSM: Marked chunk '-1,1' for road batch finalization
OSM DEBUG: Missing chunks (8): ["0,-2", "0,-1", "0,0", "0,1", "1,-2", "1,-1", "1,0", "1,1"]
  - Currently loading: ["0,-2", "0,-1", "0,0", "0,1", "1,-2", "1,-1", "1,0", "1,1"]
OSM: Chunk 0,-2 data loaded
OSM: Found 10 POI nodes in chunk
POI_DEBUG: Found 'Антей' inside building at local (29.3, -584.4)
POI_DEBUG: Found 'Coffee Like' inside building at local (88.6, -413.9)
OSM: Generated 59 roads, 20 buildings, 0 trees, 0 signs, 0 lamps, 15 intersections
OSM: Marked chunk '0,-2' for road batch finalization
OSM DEBUG: Missing chunks (7): ["0,-1", "0,0", "0,1", "1,-2", "1,-1", "1,0", "1,1"]
  - Currently loading: ["0,-1", "0,0", "0,1", "1,-2", "1,-1", "1,0", "1,1"]
OSM: Chunk 0,-1 data loaded
OSM: Found 3 entrance nodes in chunk
OSM: Found 4 POI nodes in chunk
POI_DEBUG: Found 'Фонд капитального ремонта многоквартирных домов Вологодской области' inside building at local (283.4, -263.6)
POI_DEBUG: Found 'Пионер-сервис. Сервисный центр Самсунг' inside building at local (240.9, -141.4)
OSM: Generated 61 roads, 15 buildings, 0 trees, 0 signs, 0 lamps, 17 intersections
OSM: Marked chunk '0,-1' for road batch finalization
OSM DEBUG: Missing chunks (6): ["0,0", "0,1", "1,-2", "1,-1", "1,0", "1,1"]
  - Currently loading: ["0,0", "0,1", "1,-2", "1,-1", "1,0", "1,1"]
OSM: Chunk 0,0 data loaded
OSM: Found 2 entrance nodes in chunk
OSM: Generated 42 roads, 0 buildings, 0 trees, 0 signs, 0 lamps, 4 intersections
OSM: Marked chunk '0,0' for road batch finalization
OSM DEBUG: Missing chunks (5): ["0,1", "1,-2", "1,-1", "1,0", "1,1"]
  - Currently loading: ["0,1", "1,-2", "1,-1", "1,0", "1,1"]
OSM: Chunk 0,1 data loaded
OSM: Generated 1 roads, 0 buildings, 0 trees, 0 signs, 0 lamps, 0 intersections
OSM: Marked chunk '0,1' for road batch finalization
OSM DEBUG: Missing chunks (4): ["1,-2", "1,-1", "1,0", "1,1"]
  - Currently loading: ["1,-2", "1,-1", "1,0", "1,1"]
OSM: Chunk 1,-2 data loaded
OSM: Found 4 entrance nodes in chunk
OSM: Found 11 POI nodes in chunk
POI_DEBUG: Found 'Ли Лу' inside building at local (337.6, -257.6)
POI_DEBUG: Found 'ВТБ' inside building at local (407.3, -531.1)
BusinessSign: Found logo for 'втб' -> res://textures/brand_logos/vtb.png
POI_DEBUG: Found 'OTP-банк' inside building at local (592.3, -604.5)
POI_DEBUG: Found 'ВТБ' inside building at local (594.8, -612.1)
POI_DEBUG: Found 'Шашлычек' inside building at local (589.3, -592.4)
POI_DEBUG: Found 'Easy Slip' inside building at local (581.6, -593.1)
BusinessSign: Found logo for 'втб' -> res://textures/brand_logos/vtb.png
OSM: Generated 52 roads, 35 buildings, 0 trees, 0 signs, 0 lamps, 34 intersections
OSM: Marked chunk '1,-2' for road batch finalization
OSM DEBUG: Missing chunks (3): ["1,-1", "1,0", "1,1"]
  - Currently loading: ["1,-1", "1,0", "1,1"]
OSM: Chunk 1,-1 data loaded
OSM: Found 8 entrance nodes in chunk
OSM: Found 5 POI nodes in chunk
POI_DEBUG: Found 'Фонд капитального ремонта многоквартирных домов Вологодской области' inside building at local (283.4, -263.6)
POI_DEBUG: Found 'Ли Лу' inside building at local (337.6, -257.6)
OSM: Generated 51 roads, 33 buildings, 0 trees, 0 signs, 0 lamps, 41 intersections
OSM: Marked chunk '1,-1' for road batch finalization
OSM DEBUG: Missing chunks (2): ["1,0", "1,1"]
  - Currently loading: ["1,0", "1,1"]
OSM: Chunk 1,0 data loaded
OSM: Found 4 entrance nodes in chunk
OSM: Generated 2 roads, 2 buildings, 0 trees, 0 signs, 0 lamps, 0 intersections
OSM: Marked chunk '1,0' for road batch finalization
OSM DEBUG: Missing chunks (1): ["1,1"]
  - Currently loading: ["1,1"]
OSM: Chunk 1,1 data loaded
OSM: Generated 0 roads, 0 buildings, 0 trees, 0 signs, 0 lamps, 0 intersections
OSM: Marked chunk '1,1' for road batch finalization
OSM DEBUG: Chunks loaded 16/16, but queues not empty:
  - _building_results: 176
  - _road_queue: 458
  - _terrain_objects_queue: 97
  - _infrastructure_queue: 177
  - _pending_building_tasks: 0
OSM: DEBUG _add_road_to_batch - first road for chunk '0,0', parent.name='Chunk_0,0'
OSM: DEBUG _add_road_to_batch - first road for chunk '-1,0', parent.name='Chunk_-1,0'
OSM: DEBUG _add_road_to_batch - first road for chunk '0,-1', parent.name='Chunk_0,-1'
OSM: DEBUG _add_road_to_batch - first road for chunk '-1,-1', parent.name='Chunk_-1,-1'
⚠️ SLOW FRAME 176.4ms: building=1.4 road=8.3 terrain=149.4 infra=1.4 veg=16.0 curb=0.0ms
OSM DEBUG: Chunks loaded 16/16, but queues not empty:
  - _building_results: 175
  - _road_queue: 442
  - _terrain_objects_queue: 95
  - _infrastructure_queue: 176
  - _pending_building_tasks: 0
OSM DEBUG: Chunks loaded 16/16, but queues not empty:
  - _building_results: 174
  - _road_queue: 426
  - _terrain_objects_queue: 93
  - _infrastructure_queue: 175
  - _pending_building_tasks: 0
OSM: DEBUG _add_road_to_batch - first road for chunk '-2,-1', parent.name='Chunk_-2,-1'
⚠️ SLOW FRAME 13.1ms: building=0.9 road=10.9 terrain=0.6 infra=0.7 veg=0.0 curb=0.0ms
OSM DEBUG: Chunks loaded 16/16, but queues not empty:
  - _building_results: 173
  - _road_queue: 422
  - _terrain_objects_queue: 91
  - _infrastructure_queue: 174
  - _pending_building_tasks: 0
⚠️ SLOW FRAME 12.9ms: building=0.9 road=10.6 terrain=0.6 infra=0.7 veg=0.0 curb=0.0ms
OSM DEBUG: Chunks loaded 16/16, but queues not empty:
  - _building_results: 172
  - _road_queue: 421
  - _terrain_objects_queue: 89
  - _infrastructure_queue: 173
  - _pending_building_tasks: 0
OSM: DEBUG _add_road_to_batch - first road for chunk '-1,-2', parent.name='Chunk_-1,-2'
OSM: DEBUG _add_road_to_batch - first road for chunk '0,-2', parent.name='Chunk_0,-2'
OSM DEBUG: Chunks loaded 16/16, but queues not empty:
  - _building_results: 171
  - _road_queue: 385
  - _terrain_objects_queue: 87
  - _infrastructure_queue: 172
  - _pending_building_tasks: 0
OSM DEBUG: Chunks loaded 16/16, but queues not empty:
  - _building_results: 170
  - _road_queue: 369
  - _terrain_objects_queue: 85
  - _infrastructure_queue: 171
  - _pending_building_tasks: 0
OSM DEBUG: Chunks loaded 16/16, but queues not empty:
  - _building_results: 169
  - _road_queue: 358
  - _terrain_objects_queue: 83
  - _infrastructure_queue: 170
  - _pending_building_tasks: 0
⚠️ SLOW FRAME 10.4ms: building=0.9 road=8.2 terrain=0.5 infra=0.7 veg=0.0 curb=0.0ms
OSM DEBUG: Chunks loaded 16/16, but queues not empty:
  - _building_results: 168
  - _road_queue: 345
  - _terrain_objects_queue: 81
  - _infrastructure_queue: 169
  - _pending_building_tasks: 0
OSM: DEBUG _add_road_to_batch - first road for chunk '-2,0', parent.name='Chunk_-2,0'
OSM DEBUG: Chunks loaded 16/16, but queues not empty:
  - _building_results: 167
  - _road_queue: 312
  - _terrain_objects_queue: 79
  - _infrastructure_queue: 168
  - _pending_building_tasks: 0
OSM: DEBUG _add_road_to_batch - first road for chunk '1,-1', parent.name='Chunk_1,-1'
OSM DEBUG: Chunks loaded 16/16, but queues not empty:
  - _building_results: 166
  - _road_queue: 290
  - _terrain_objects_queue: 77
  - _infrastructure_queue: 167
  - _pending_building_tasks: 0
OSM DEBUG: Chunks loaded 16/16, but queues not empty:
  - _building_results: 165
  - _road_queue: 279
  - _terrain_objects_queue: 75
  - _infrastructure_queue: 166
  - _pending_building_tasks: 0
OSM: DEBUG _add_road_to_batch - first road for chunk '1,0', parent.name='Chunk_1,0'
OSM: DEBUG _add_road_to_batch - first road for chunk '1,-2', parent.name='Chunk_1,-2'
OSM: DEBUG _add_road_to_batch - first road for chunk '-2,-2', parent.name='Chunk_-2,-2'
OSM DEBUG: Chunks loaded 16/16, but queues not empty:
  - _building_results: 164
  - _road_queue: 241
  - _terrain_objects_queue: 73
  - _infrastructure_queue: 165
  - _pending_building_tasks: 0
OSM DEBUG: Chunks loaded 16/16, but queues not empty:
  - _building_results: 163
  - _road_queue: 218
  - _terrain_objects_queue: 71
  - _infrastructure_queue: 164
  - _pending_building_tasks: 0
OSM DEBUG: Chunks loaded 16/16, but queues not empty:
  - _building_results: 162
  - _road_queue: 205
  - _terrain_objects_queue: 69
  - _infrastructure_queue: 163
  - _pending_building_tasks: 0
OSM DEBUG: Chunks loaded 16/16, but queues not empty:
  - _building_results: 161
  - _road_queue: 180
  - _terrain_objects_queue: 67
  - _infrastructure_queue: 162
  - _pending_building_tasks: 0
OSM DEBUG: Chunks loaded 16/16, but queues not empty:
  - _building_results: 160
  - _road_queue: 118
  - _terrain_objects_queue: 65
  - _infrastructure_queue: 161
  - _pending_building_tasks: 0
OSM DEBUG: Chunks loaded 16/16, but queues not empty:
  - _building_results: 159
  - _road_queue: 86
  - _terrain_objects_queue: 63
  - _infrastructure_queue: 160
  - _pending_building_tasks: 0
OSM DEBUG: Chunks loaded 16/16, but queues not empty:
  - _building_results: 158
  - _road_queue: 61
  - _terrain_objects_queue: 61
  - _infrastructure_queue: 159
  - _pending_building_tasks: 0
OSM DEBUG: Chunks loaded 16/16, but queues not empty:
  - _building_results: 157
  - _road_queue: 24
  - _terrain_objects_queue: 59
  - _infrastructure_queue: 158
  - _pending_building_tasks: 0
OSM: DEBUG _add_road_to_batch - first road for chunk '0,1', parent.name='Chunk_0,1'
OSM DEBUG: Chunks loaded 16/16, but queues not empty:
  - _building_results: 156
  - _road_queue: 6
  - _terrain_objects_queue: 57
  - _infrastructure_queue: 157
  - _pending_building_tasks: 0
⚠️ SLOW FRAME 14.4ms: building=0.9 road=12.2 terrain=0.5 infra=0.7 veg=0.0 curb=0.0ms
OSM DEBUG: Chunks loaded 16/16, but queues not empty:
  - _building_results: 155
  - _road_queue: 1
  - _terrain_objects_queue: 55
  - _infrastructure_queue: 156
  - _pending_building_tasks: 0
⚠️ SLOW FRAME 11.4ms: building=0.8 road=9.5 terrain=0.5 infra=0.7 veg=0.0 curb=0.0ms
OSM DEBUG: Chunks loaded 16/16, but queues not empty:
  - _building_results: 154
  - _road_queue: 0
  - _terrain_objects_queue: 53
  - _infrastructure_queue: 155
  - _pending_building_tasks: 0
OSM: ✅ Finalized road batch -2,-2/residential: 1688 vertices, 1638 triangles, material: <ImageTexture#-9223371972681922551>
OSM: ✅ Finalized road batch -2,-2/path: 494 vertices, 466 triangles, material: <ImageTexture#-9223371972598036470>
OSM DEBUG: Chunks loaded 16/16, but queues not empty:
  - _building_results: 153
  - _road_queue: 0
  - _terrain_objects_queue: 51
  - _infrastructure_queue: 154
  - _pending_building_tasks: 0
🔴 FREEZE: road collision shape creation took 10.5 ms for chunk -2,-1 (type: primary)
OSM: ✅ Finalized road batch -2,-1/primary: 962 vertices, 958 triangles, material: <ImageTexture#-9223371972765808632>
OSM: ✅ Finalized road batch -2,-1/residential: 390 vertices, 372 triangles, material: <ImageTexture#-9223371972681922551>
OSM: ✅ Finalized road batch -2,-1/path: 1904 vertices, 1866 triangles, material: <ImageTexture#-9223371972598036470>
⚠️ SLOW: road batch finalization took 16.8 ms for chunk -2,-1
⚠️ SLOW FRAME 18.8ms: building=1.0 road=16.8 terrain=0.4 infra=0.6 veg=0.0 curb=0.0ms
OSM DEBUG: Chunks loaded 16/16, but queues not empty:
  - _building_results: 152
  - _road_queue: 0
  - _terrain_objects_queue: 49
  - _infrastructure_queue: 153
  - _pending_building_tasks: 0
🔴 FREEZE: road collision shape creation took 8.7 ms for chunk -2,0 (type: residential)
OSM: ✅ Finalized road batch -2,0/residential: 386 vertices, 376 triangles, material: <ImageTexture#-9223371972681922551>
OSM: ✅ Finalized road batch -2,0/path: 1336 vertices, 1320 triangles, material: <ImageTexture#-9223371972598036470>
⚠️ SLOW: road batch finalization took 12.5 ms for chunk -2,0
⚠️ SLOW FRAME 36.8ms: building=1.0 road=12.5 terrain=1.2 infra=0.6 veg=21.5 curb=0.0ms
OSM DEBUG: Chunks loaded 16/16, but queues not empty:
  - _building_results: 151
  - _road_queue: 0
  - _terrain_objects_queue: 47
  - _infrastructure_queue: 152
  - _pending_building_tasks: 0
OSM DEBUG: Chunks loaded 16/16, but queues not empty:
  - _building_results: 150
  - _road_queue: 0
  - _terrain_objects_queue: 45
  - _infrastructure_queue: 151
  - _pending_building_tasks: 0
🔴 FREEZE: road collision shape creation took 9.4 ms for chunk -1,-2 (type: path)
OSM: ✅ Finalized road batch -1,-2/path: 522 vertices, 500 triangles, material: <ImageTexture#-9223371972598036470>
OSM: ✅ Finalized road batch -1,-2/residential: 1384 vertices, 1340 triangles, material: <ImageTexture#-9223371972681922551>
⚠️ SLOW: road batch finalization took 13.0 ms for chunk -1,-2
⚠️ SLOW FRAME 15.1ms: building=0.9 road=13.1 terrain=0.5 infra=0.7 veg=0.0 curb=0.0ms
OSM DEBUG: Chunks loaded 16/16, but queues not empty:
  - _building_results: 149
  - _road_queue: 0
  - _terrain_objects_queue: 43
  - _infrastructure_queue: 150
  - _pending_building_tasks: 0
🔴 FREEZE: road collision shape creation took 12.9 ms for chunk -1,-1 (type: path)
OSM: ✅ Finalized road batch -1,-1/path: 1720 vertices, 1672 triangles, material: <ImageTexture#-9223371972598036470>
OSM: ✅ Finalized road batch -1,-1/primary: 1152 vertices, 1144 triangles, material: <ImageTexture#-9223371972765808632>
OSM: ✅ Finalized road batch -1,-1/residential: 1666 vertices, 1612 triangles, material: <ImageTexture#-9223371972681922551>
⚠️ SLOW: road batch finalization took 20.4 ms for chunk -1,-1
⚠️ SLOW FRAME 22.5ms: building=0.9 road=20.5 terrain=0.5 infra=0.7 veg=0.0 curb=0.0ms
OSM DEBUG: Chunks loaded 16/16, but queues not empty:
  - _building_results: 148
  - _road_queue: 0
  - _terrain_objects_queue: 41
  - _infrastructure_queue: 149
  - _pending_building_tasks: 0
🔴 FREEZE: road collision shape creation took 10.2 ms for chunk -1,0 (type: path)
OSM: ✅ Finalized road batch -1,0/path: 246 vertices, 234 triangles, material: <ImageTexture#-9223371972598036470>
OSM: ✅ Finalized road batch -1,0/residential: 928 vertices, 900 triangles, material: <ImageTexture#-9223371972681922551>
⚠️ SLOW: road batch finalization took 12.7 ms for chunk -1,0
⚠️ SLOW FRAME 14.5ms: building=0.9 road=12.7 terrain=0.3 infra=0.6 veg=0.0 curb=0.0ms
OSM DEBUG: Chunks loaded 16/16, but queues not empty:
  - _building_results: 147
  - _road_queue: 0
  - _terrain_objects_queue: 39
  - _infrastructure_queue: 148
  - _pending_building_tasks: 0
OSM DEBUG: Chunks loaded 16/16, but queues not empty:
  - _building_results: 146
  - _road_queue: 0
  - _terrain_objects_queue: 37
  - _infrastructure_queue: 147
  - _pending_building_tasks: 0
🔴 FREEZE: road collision shape creation took 13.9 ms for chunk 0,-2 (type: path)
OSM: ✅ Finalized road batch 0,-2/path: 1494 vertices, 1434 triangles, material: <ImageTexture#-9223371972598036470>
🔴 FREEZE: road collision shape creation took 5.2 ms for chunk 0,-2 (type: residential)
OSM: ✅ Finalized road batch 0,-2/residential: 2208 vertices, 2158 triangles, material: <ImageTexture#-9223371972681922551>
OSM: ✅ Finalized road batch 0,-2/primary: 362 vertices, 354 triangles, material: <ImageTexture#-9223371972765808632>
⚠️ SLOW: road batch finalization took 21.7 ms for chunk 0,-2
⚠️ SLOW FRAME 24.2ms: building=1.2 road=21.7 terrain=0.4 infra=0.9 veg=0.0 curb=0.0ms
OSM DEBUG: Chunks loaded 16/16, but queues not empty:
  - _building_results: 145
  - _road_queue: 0
  - _terrain_objects_queue: 35
  - _infrastructure_queue: 146
  - _pending_building_tasks: 0
🔴 FREEZE: road collision shape creation took 15.4 ms for chunk 0,-1 (type: path)
OSM: ✅ Finalized road batch 0,-1/path: 2306 vertices, 2236 triangles, material: <ImageTexture#-9223371972598036470>
OSM: ✅ Finalized road batch 0,-1/primary: 1070 vertices, 1046 triangles, material: <ImageTexture#-9223371972765808632>
OSM: ✅ Finalized road batch 0,-1/residential: 1164 vertices, 1136 triangles, material: <ImageTexture#-9223371972681922551>
⚠️ SLOW: road batch finalization took 21.9 ms for chunk 0,-1
⚠️ SLOW FRAME 24.1ms: building=0.9 road=22.0 terrain=0.4 infra=0.9 veg=0.0 curb=0.0ms
OSM DEBUG: Chunks loaded 16/16, but queues not empty:
  - _building_results: 144
  - _road_queue: 0
  - _terrain_objects_queue: 33
  - _infrastructure_queue: 145
  - _pending_building_tasks: 0
🔴 FREEZE: road collision shape creation took 12.4 ms for chunk 0,0 (type: path)
OSM: ✅ Finalized road batch 0,0/path: 1540 vertices, 1486 triangles, material: <ImageTexture#-9223371972598036470>
OSM: ✅ Finalized road batch 0,0/primary: 446 vertices, 432 triangles, material: <ImageTexture#-9223371972765808632>
OSM: ✅ Finalized road batch 0,0/residential: 336 vertices, 320 triangles, material: <ImageTexture#-9223371972681922551>
⚠️ SLOW: road batch finalization took 16.1 ms for chunk 0,0
⚠️ SLOW FRAME 18.0ms: building=0.8 road=16.1 terrain=0.4 infra=0.6 veg=0.0 curb=0.0ms
OSM DEBUG: Chunks loaded 16/16, but queues not empty:
  - _building_results: 143
  - _road_queue: 0
  - _terrain_objects_queue: 31
  - _infrastructure_queue: 144
  - _pending_building_tasks: 0
🔴 FREEZE: road collision shape creation took 9.2 ms for chunk 0,1 (type: path)
OSM: ✅ Finalized road batch 0,1/path: 156 vertices, 154 triangles, material: <ImageTexture#-9223371972598036470>
⚠️ SLOW: road batch finalization took 9.4 ms for chunk 0,1
⚠️ SLOW FRAME 11.2ms: building=0.8 road=9.4 terrain=0.3 infra=0.6 veg=0.0 curb=0.0ms
OSM DEBUG: Chunks loaded 16/16, but queues not empty:
  - _building_results: 142
  - _road_queue: 0
  - _terrain_objects_queue: 29
  - _infrastructure_queue: 143
  - _pending_building_tasks: 0
🔴 FREEZE: road collision shape creation took 14.6 ms for chunk 1,-2 (type: residential)
OSM: ✅ Finalized road batch 1,-2/residential: 2176 vertices, 2108 triangles, material: <ImageTexture#-9223371972681922551>
OSM: ✅ Finalized road batch 1,-2/path: 916 vertices, 880 triangles, material: <ImageTexture#-9223371972598036470>
⚠️ SLOW: road batch finalization took 18.0 ms for chunk 1,-2
⚠️ SLOW FRAME 20.1ms: building=0.9 road=18.0 terrain=0.4 infra=0.8 veg=0.0 curb=0.0ms
OSM DEBUG: Chunks loaded 16/16, but queues not empty:
  - _building_results: 141
  - _road_queue: 0
  - _terrain_objects_queue: 27
  - _infrastructure_queue: 142
  - _pending_building_tasks: 0
🔴 FREEZE: road collision shape creation took 11.8 ms for chunk 1,-1 (type: residential)
OSM: ✅ Finalized road batch 1,-1/residential: 2006 vertices, 1930 triangles, material: <ImageTexture#-9223371972681922551>
OSM: ✅ Finalized road batch 1,-1/path: 840 vertices, 818 triangles, material: <ImageTexture#-9223371972598036470>
OSM: ✅ Finalized road batch 1,-1/primary: 254 vertices, 250 triangles, material: <ImageTexture#-9223371972765808632>
⚠️ SLOW: road batch finalization took 15.8 ms for chunk 1,-1
⚠️ SLOW FRAME 18.6ms: building=0.9 road=15.8 terrain=1.1 infra=0.8 veg=0.0 curb=0.0ms
OSM DEBUG: Chunks loaded 16/16, but queues not empty:
  - _building_results: 140
  - _road_queue: 0
  - _terrain_objects_queue: 25
  - _infrastructure_queue: 141
  - _pending_building_tasks: 0
🔴 FREEZE: road collision shape creation took 7.2 ms for chunk 1,0 (type: path)
OSM: ✅ Finalized road batch 1,0/path: 398 vertices, 394 triangles, material: <ImageTexture#-9223371972598036470>
OSM DEBUG: Chunks loaded 16/16, but queues not empty:
  - _building_results: 139
  - _road_queue: 0
  - _terrain_objects_queue: 23
  - _infrastructure_queue: 140
  - _pending_building_tasks: 0
=== PAZ Model Meshes Debug ===
Total meshes found: 1
  - Mesh: bus_low_Material_006_0 (MeshInstance3D)
PAZ-32053 model setup complete
=== PAZ Model Meshes Debug ===
Total meshes found: 1
  - Mesh: bus_low_Material_006_0 (MeshInstance3D)
PAZ-32053 model setup complete
OSM DEBUG: Chunks loaded 16/16, but queues not empty:
  - _building_results: 138
  - _road_queue: 0
  - _terrain_objects_queue: 21
  - _infrastructure_queue: 139
  - _pending_building_tasks: 0
⚠️ SLOW FRAME 14.5ms: building=0.9 road=12.2 terrain=0.4 infra=0.6 veg=0.0 curb=0.3ms
OSM DEBUG: Chunks loaded 16/16, but queues not empty:
  - _building_results: 137
  - _road_queue: 0
  - _terrain_objects_queue: 19
  - _infrastructure_queue: 138
  - _pending_building_tasks: 0
⚠️ SLOW FRAME 13.4ms: building=0.8 road=1.0 terrain=8.7 infra=0.6 veg=2.0 curb=0.3ms
OSM DEBUG: Chunks loaded 16/16, but queues not empty:
  - _building_results: 136
  - _road_queue: 0
  - _terrain_objects_queue: 17
  - _infrastructure_queue: 137
  - _pending_building_tasks: 0
⚠️ SLOW FRAME 10.2ms: building=0.8 road=0.4 terrain=8.3 infra=0.6 veg=0.1 curb=0.0ms
OSM DEBUG: Chunks loaded 16/16, but queues not empty:
  - _building_results: 135
  - _road_queue: 0
  - _terrain_objects_queue: 15
  - _infrastructure_queue: 136
  - _pending_building_tasks: 0
⚠️ SLOW FRAME 12.0ms: building=0.9 road=1.1 terrain=8.8 infra=0.7 veg=0.0 curb=0.4ms
OSM DEBUG: Chunks loaded 16/16, but queues not empty:
  - _building_results: 134
  - _road_queue: 0
  - _terrain_objects_queue: 13
  - _infrastructure_queue: 135
  - _pending_building_tasks: 0
OSM DEBUG: Chunks loaded 16/16, but queues not empty:
  - _building_results: 133
  - _road_queue: 0
  - _terrain_objects_queue: 11
  - _infrastructure_queue: 134
  - _pending_building_tasks: 0
OSM DEBUG: Chunks loaded 16/16, but queues not empty:
  - _building_results: 132
  - _road_queue: 0
  - _terrain_objects_queue: 9
  - _infrastructure_queue: 133
  - _pending_building_tasks: 0
OSM DEBUG: Chunks loaded 16/16, but queues not empty:
  - _building_results: 131
  - _road_queue: 0
  - _terrain_objects_queue: 7
  - _infrastructure_queue: 132
  - _pending_building_tasks: 0
OSM DEBUG: Chunks loaded 16/16, but queues not empty:
  - _building_results: 130
  - _road_queue: 0
  - _terrain_objects_queue: 5
  - _infrastructure_queue: 131
  - _pending_building_tasks: 0
OSM DEBUG: Chunks loaded 16/16, but queues not empty:
  - _building_results: 129
  - _road_queue: 0
  - _terrain_objects_queue: 3
  - _infrastructure_queue: 130
  - _pending_building_tasks: 0
OSM DEBUG: Chunks loaded 16/16, but queues not empty:
  - _building_results: 128
  - _road_queue: 0
  - _terrain_objects_queue: 1
  - _infrastructure_queue: 129
  - _pending_building_tasks: 0
OSM DEBUG: Chunks loaded 16/16, but queues not empty:
  - _building_results: 127
  - _road_queue: 0
  - _terrain_objects_queue: 0
  - _infrastructure_queue: 128
  - _pending_building_tasks: 0
OSM DEBUG: Chunks loaded 16/16, but queues not empty:
  - _building_results: 126
  - _road_queue: 0
  - _terrain_objects_queue: 0
  - _infrastructure_queue: 127
  - _pending_building_tasks: 0
OSM DEBUG: Chunks loaded 16/16, but queues not empty:
  - _building_results: 125
  - _road_queue: 0
  - _terrain_objects_queue: 0
  - _infrastructure_queue: 126
  - _pending_building_tasks: 0
OSM DEBUG: Chunks loaded 16/16, but queues not empty:
  - _building_results: 124
  - _road_queue: 0
  - _terrain_objects_queue: 0
  - _infrastructure_queue: 125
  - _pending_building_tasks: 0
OSM DEBUG: Chunks loaded 16/16, but queues not empty:
  - _building_results: 123
  - _road_queue: 0
  - _terrain_objects_queue: 0
  - _infrastructure_queue: 124
  - _pending_building_tasks: 0
OSM DEBUG: Chunks loaded 16/16, but queues not empty:
  - _building_results: 122
  - _road_queue: 0
  - _terrain_objects_queue: 0
  - _infrastructure_queue: 123
  - _pending_building_tasks: 0
OSM DEBUG: Chunks loaded 16/16, but queues not empty:
  - _building_results: 121
  - _road_queue: 0
  - _terrain_objects_queue: 0
  - _infrastructure_queue: 122
  - _pending_building_tasks: 0
OSM DEBUG: Chunks loaded 16/16, but queues not empty:
  - _building_results: 120
  - _road_queue: 0
  - _terrain_objects_queue: 0
  - _infrastructure_queue: 121
  - _pending_building_tasks: 0
OSM DEBUG: Chunks loaded 16/16, but queues not empty:
  - _building_results: 119
  - _road_queue: 0
  - _terrain_objects_queue: 0
  - _infrastructure_queue: 120
  - _pending_building_tasks: 0
OSM DEBUG: Chunks loaded 16/16, but queues not empty:
  - _building_results: 118
  - _road_queue: 0
  - _terrain_objects_queue: 0
  - _infrastructure_queue: 119
  - _pending_building_tasks: 0
OSM DEBUG: Chunks loaded 16/16, but queues not empty:
  - _building_results: 117
  - _road_queue: 0
  - _terrain_objects_queue: 0
  - _infrastructure_queue: 118
  - _pending_building_tasks: 0
OSM DEBUG: Chunks loaded 16/16, but queues not empty:
  - _building_results: 116
  - _road_queue: 0
  - _terrain_objects_queue: 0
  - _infrastructure_queue: 117
  - _pending_building_tasks: 0
OSM DEBUG: Chunks loaded 16/16, but queues not empty:
  - _building_results: 115
  - _road_queue: 0
  - _terrain_objects_queue: 0
  - _infrastructure_queue: 116
  - _pending_building_tasks: 0
OSM DEBUG: Chunks loaded 16/16, but queues not empty:
  - _building_results: 114
  - _road_queue: 0
  - _terrain_objects_queue: 0
  - _infrastructure_queue: 115
  - _pending_building_tasks: 0
OSM DEBUG: Chunks loaded 16/16, but queues not empty:
  - _building_results: 113
  - _road_queue: 0
  - _terrain_objects_queue: 0
  - _infrastructure_queue: 114
  - _pending_building_tasks: 0
OSM DEBUG: Chunks loaded 16/16, but queues not empty:
  - _building_results: 112
  - _road_queue: 0
  - _terrain_objects_queue: 0
  - _infrastructure_queue: 113
  - _pending_building_tasks: 0
OSM DEBUG: Chunks loaded 16/16, but queues not empty:
  - _building_results: 111
  - _road_queue: 0
  - _terrain_objects_queue: 0
  - _infrastructure_queue: 112
  - _pending_building_tasks: 0
OSM DEBUG: Chunks loaded 16/16, but queues not empty:
  - _building_results: 110
  - _road_queue: 0
  - _terrain_objects_queue: 0
  - _infrastructure_queue: 111
  - _pending_building_tasks: 0
OSM DEBUG: Chunks loaded 16/16, but queues not empty:
  - _building_results: 109
  - _road_queue: 0
  - _terrain_objects_queue: 0
  - _infrastructure_queue: 110
  - _pending_building_tasks: 0
OSM DEBUG: Chunks loaded 16/16, but queues not empty:
  - _building_results: 108
  - _road_queue: 0
  - _terrain_objects_queue: 0
  - _infrastructure_queue: 109
  - _pending_building_tasks: 0
OSM DEBUG: Chunks loaded 16/16, but queues not empty:
  - _building_results: 107
  - _road_queue: 0
  - _terrain_objects_queue: 0
  - _infrastructure_queue: 108
  - _pending_building_tasks: 0
OSM DEBUG: Chunks loaded 16/16, but queues not empty:
  - _building_results: 106
  - _road_queue: 0
  - _terrain_objects_queue: 0
  - _infrastructure_queue: 107
  - _pending_building_tasks: 0
OSM DEBUG: Chunks loaded 16/16, but queues not empty:
  - _building_results: 105
  - _road_queue: 0
  - _terrain_objects_queue: 0
  - _infrastructure_queue: 106
  - _pending_building_tasks: 0
OSM DEBUG: Chunks loaded 16/16, but queues not empty:
  - _building_results: 104
  - _road_queue: 0
  - _terrain_objects_queue: 0
  - _infrastructure_queue: 105
  - _pending_building_tasks: 0
OSM DEBUG: Chunks loaded 16/16, but queues not empty:
  - _building_results: 103
  - _road_queue: 0
  - _terrain_objects_queue: 0
  - _infrastructure_queue: 104
  - _pending_building_tasks: 0
OSM DEBUG: Chunks loaded 16/16, but queues not empty:
  - _building_results: 102
  - _road_queue: 0
  - _terrain_objects_queue: 0
  - _infrastructure_queue: 103
  - _pending_building_tasks: 0
OSM DEBUG: Chunks loaded 16/16, but queues not empty:
  - _building_results: 101
  - _road_queue: 0
  - _terrain_objects_queue: 0
  - _infrastructure_queue: 102
  - _pending_building_tasks: 0
OSM DEBUG: Chunks loaded 16/16, but queues not empty:
  - _building_results: 100
  - _road_queue: 0
  - _terrain_objects_queue: 0
  - _infrastructure_queue: 101
  - _pending_building_tasks: 0
OSM DEBUG: Chunks loaded 16/16, but queues not empty:
  - _building_results: 99
  - _road_queue: 0
  - _terrain_objects_queue: 0
  - _infrastructure_queue: 100
  - _pending_building_tasks: 0
OSM DEBUG: Chunks loaded 16/16, but queues not empty:
  - _building_results: 98
  - _road_queue: 0
  - _terrain_objects_queue: 0
  - _infrastructure_queue: 99
  - _pending_building_tasks: 0
OSM DEBUG: Chunks loaded 16/16, but queues not empty:
  - _building_results: 97
  - _road_queue: 0
  - _terrain_objects_queue: 0
  - _infrastructure_queue: 98
  - _pending_building_tasks: 0
OSM DEBUG: Chunks loaded 16/16, but queues not empty:
  - _building_results: 96
  - _road_queue: 0
  - _terrain_objects_queue: 0
  - _infrastructure_queue: 97
  - _pending_building_tasks: 0
OSM DEBUG: Chunks loaded 16/16, but queues not empty:
  - _building_results: 95
  - _road_queue: 0
  - _terrain_objects_queue: 0
  - _infrastructure_queue: 96
  - _pending_building_tasks: 0
OSM DEBUG: Chunks loaded 16/16, but queues not empty:
  - _building_results: 94
  - _road_queue: 0
  - _terrain_objects_queue: 0
  - _infrastructure_queue: 95
  - _pending_building_tasks: 0
OSM DEBUG: Chunks loaded 16/16, but queues not empty:
  - _building_results: 93
  - _road_queue: 0
  - _terrain_objects_queue: 0
  - _infrastructure_queue: 94
  - _pending_building_tasks: 0
OSM DEBUG: Chunks loaded 16/16, but queues not empty:
  - _building_results: 92
  - _road_queue: 0
  - _terrain_objects_queue: 0
  - _infrastructure_queue: 93
  - _pending_building_tasks: 0
OSM DEBUG: Chunks loaded 16/16, but queues not empty:
  - _building_results: 91
  - _road_queue: 0
  - _terrain_objects_queue: 0
  - _infrastructure_queue: 92
  - _pending_building_tasks: 0
OSM DEBUG: Chunks loaded 16/16, but queues not empty:
  - _building_results: 90
  - _road_queue: 0
  - _terrain_objects_queue: 0
  - _infrastructure_queue: 91
  - _pending_building_tasks: 0
OSM DEBUG: Chunks loaded 16/16, but queues not empty:
  - _building_results: 89
  - _road_queue: 0
  - _terrain_objects_queue: 0
  - _infrastructure_queue: 90
  - _pending_building_tasks: 0
OSM DEBUG: Chunks loaded 16/16, but queues not empty:
  - _building_results: 88
  - _road_queue: 0
  - _terrain_objects_queue: 0
  - _infrastructure_queue: 89
  - _pending_building_tasks: 0
OSM DEBUG: Chunks loaded 16/16, but queues not empty:
  - _building_results: 87
  - _road_queue: 0
  - _terrain_objects_queue: 0
  - _infrastructure_queue: 88
  - _pending_building_tasks: 0
OSM DEBUG: Chunks loaded 16/16, but queues not empty:
  - _building_results: 86
  - _road_queue: 0
  - _terrain_objects_queue: 0
  - _infrastructure_queue: 87
  - _pending_building_tasks: 0
OSM DEBUG: Chunks loaded 16/16, but queues not empty:
  - _building_results: 85
  - _road_queue: 0
  - _terrain_objects_queue: 0
  - _infrastructure_queue: 86
  - _pending_building_tasks: 0
OSM DEBUG: Chunks loaded 16/16, but queues not empty:
  - _building_results: 84
  - _road_queue: 0
  - _terrain_objects_queue: 0
  - _infrastructure_queue: 85
  - _pending_building_tasks: 0
🚗 Traffic: 5 active NPCs (Near: 1, Mid: 4, Far: 0), 0 pooled
  → Physics bodies from NPCs: 5 (All: 5×1, было бы 5×5=25)

========== Bottleneck Analysis Report ==========
Time: 99.9s | Frames: 92

📊 PERFORMANCE OVERVIEW:
  FPS: 20.8 avg | 1.0 min
  Frame Time: 108.81 ms avg | 5914.29 ms max
  Physics Time: 1.37 ms avg

🔍 BOTTLENECK IDENTIFICATION:
  🔴 [CRITICAL] Frame Time
      Value: 108.81 ms (target: 16.67 ms)
      Impact: Overall performance bottleneck
      Suggestions:
        • Reduce draw calls
        • Optimize scripts in _process()
        • Check for expensive operations per frame

  🟡 [MEDIUM] Draw Calls
      Value: 2016 calls/frame
      Impact: GPU rendering overhead
      Suggestions:
        • Batch meshes by material
        • Use MultiMeshInstance3D
        • Implement LOD system
        • Enable frustum culling

  🟡 [MEDIUM] Vertex Count
      Value: 51514764 vertices/frame
      Impact: GPU vertex processing
      Suggestions:
        • Implement LOD for distant objects
        • Simplify building meshes
        • Use lower poly models

  🟡 [MEDIUM] Post-Processing Effects
      Value: SSAO, Glow/Bloom, Volumetric Fog
      Impact: GPU shader overhead
      Suggestions:
        • Reduce SSR quality
        • Disable SSAO on low-end hardware
        • Use simpler fog

📈 DETAILED STATS:
  Draw Calls: 2016 avg | 2580 max
  Vertices: 51514764 avg | 52298526 max
  Physics Bodies: 54
  Nodes: 4965
  VRAM: 706.6 MB

=================================================

OSM DEBUG: Chunks loaded 16/16, but queues not empty:
  - _building_results: 83
  - _road_queue: 0
  - _terrain_objects_queue: 0
  - _infrastructure_queue: 84
  - _pending_building_tasks: 0
OSM DEBUG: Chunks loaded 16/16, but queues not empty:
  - _building_results: 82
  - _road_queue: 0
  - _terrain_objects_queue: 0
  - _infrastructure_queue: 83
  - _pending_building_tasks: 0
OSM DEBUG: Chunks loaded 16/16, but queues not empty:
  - _building_results: 81
  - _road_queue: 0
  - _terrain_objects_queue: 0
  - _infrastructure_queue: 82
  - _pending_building_tasks: 0
OSM DEBUG: Chunks loaded 16/16, but queues not empty:
  - _building_results: 80
  - _road_queue: 0
  - _terrain_objects_queue: 0
  - _infrastructure_queue: 81
  - _pending_building_tasks: 0
OSM DEBUG: Chunks loaded 16/16, but queues not empty:
  - _building_results: 79
  - _road_queue: 0
  - _terrain_objects_queue: 0
  - _infrastructure_queue: 80
  - _pending_building_tasks: 0
OSM DEBUG: Chunks loaded 16/16, but queues not empty:
  - _building_results: 78
  - _road_queue: 0
  - _terrain_objects_queue: 0
  - _infrastructure_queue: 79
  - _pending_building_tasks: 0
OSM DEBUG: Chunks loaded 16/16, but queues not empty:
  - _building_results: 77
  - _road_queue: 0
  - _terrain_objects_queue: 0
  - _infrastructure_queue: 78
  - _pending_building_tasks: 0
OSM DEBUG: Chunks loaded 16/16, but queues not empty:
  - _building_results: 76
  - _road_queue: 0
  - _terrain_objects_queue: 0
  - _infrastructure_queue: 77
  - _pending_building_tasks: 0
OSM DEBUG: Chunks loaded 16/16, but queues not empty:
  - _building_results: 75
  - _road_queue: 0
  - _terrain_objects_queue: 0
  - _infrastructure_queue: 76
  - _pending_building_tasks: 0
OSM DEBUG: Chunks loaded 16/16, but queues not empty:
  - _building_results: 74
  - _road_queue: 0
  - _terrain_objects_queue: 0
  - _infrastructure_queue: 75
  - _pending_building_tasks: 0
=== PAZ Model Meshes Debug ===
Total meshes found: 1
  - Mesh: bus_low_Material_006_0 (MeshInstance3D)
PAZ-32053 model setup complete
OSM DEBUG: Chunks loaded 16/16, but queues not empty:
  - _building_results: 73
  - _road_queue: 0
  - _terrain_objects_queue: 0
  - _infrastructure_queue: 74
  - _pending_building_tasks: 0
OSM DEBUG: Chunks loaded 16/16, but queues not empty:
  - _building_results: 72
  - _road_queue: 0
  - _terrain_objects_queue: 0
  - _infrastructure_queue: 73
  - _pending_building_tasks: 0
OSM DEBUG: Chunks loaded 16/16, but queues not empty:
  - _building_results: 71
  - _road_queue: 0
  - _terrain_objects_queue: 0
  - _infrastructure_queue: 72
  - _pending_building_tasks: 0
OSM DEBUG: Chunks loaded 16/16, but queues not empty:
  - _building_results: 70
  - _road_queue: 0
  - _terrain_objects_queue: 0
  - _infrastructure_queue: 71
  - _pending_building_tasks: 0
OSM DEBUG: Chunks loaded 16/16, but queues not empty:
  - _building_results: 69
  - _road_queue: 0
  - _terrain_objects_queue: 0
  - _infrastructure_queue: 70
  - _pending_building_tasks: 0
OSM DEBUG: Chunks loaded 16/16, but queues not empty:
  - _building_results: 68
  - _road_queue: 0
  - _terrain_objects_queue: 0
  - _infrastructure_queue: 69
  - _pending_building_tasks: 0
OSM DEBUG: Chunks loaded 16/16, but queues not empty:
  - _building_results: 67
  - _road_queue: 0
  - _terrain_objects_queue: 0
  - _infrastructure_queue: 68
  - _pending_building_tasks: 0
OSM DEBUG: Chunks loaded 16/16, but queues not empty:
  - _building_results: 66
  - _road_queue: 0
  - _terrain_objects_queue: 0
  - _infrastructure_queue: 67
  - _pending_building_tasks: 0
OSM DEBUG: Chunks loaded 16/16, but queues not empty:
  - _building_results: 65
  - _road_queue: 0
  - _terrain_objects_queue: 0
  - _infrastructure_queue: 66
  - _pending_building_tasks: 0
OSM DEBUG: Chunks loaded 16/16, but queues not empty:
  - _building_results: 64
  - _road_queue: 0
  - _terrain_objects_queue: 0
  - _infrastructure_queue: 65
  - _pending_building_tasks: 0
OSM DEBUG: Chunks loaded 16/16, but queues not empty:
  - _building_results: 63
  - _road_queue: 0
  - _terrain_objects_queue: 0
  - _infrastructure_queue: 64
  - _pending_building_tasks: 0
OSM DEBUG: Chunks loaded 16/16, but queues not empty:
  - _building_results: 62
  - _road_queue: 0
  - _terrain_objects_queue: 0
  - _infrastructure_queue: 63
  - _pending_building_tasks: 0
OSM DEBUG: Chunks loaded 16/16, but queues not empty:
  - _building_results: 61
  - _road_queue: 0
  - _terrain_objects_queue: 0
  - _infrastructure_queue: 62
  - _pending_building_tasks: 0
OSM DEBUG: Chunks loaded 16/16, but queues not empty:
  - _building_results: 60
  - _road_queue: 0
  - _terrain_objects_queue: 0
  - _infrastructure_queue: 61
  - _pending_building_tasks: 0
OSM DEBUG: Chunks loaded 16/16, but queues not empty:
  - _building_results: 59
  - _road_queue: 0
  - _terrain_objects_queue: 0
  - _infrastructure_queue: 60
  - _pending_building_tasks: 0
OSM DEBUG: Chunks loaded 16/16, but queues not empty:
  - _building_results: 58
  - _road_queue: 0
  - _terrain_objects_queue: 0
  - _infrastructure_queue: 59
  - _pending_building_tasks: 0
OSM DEBUG: Chunks loaded 16/16, but queues not empty:
  - _building_results: 57
  - _road_queue: 0
  - _terrain_objects_queue: 0
  - _infrastructure_queue: 58
  - _pending_building_tasks: 0
OSM DEBUG: Chunks loaded 16/16, but queues not empty:
  - _building_results: 56
  - _road_queue: 0
  - _terrain_objects_queue: 0
  - _infrastructure_queue: 57
  - _pending_building_tasks: 0
OSM DEBUG: Chunks loaded 16/16, but queues not empty:
  - _building_results: 55
  - _road_queue: 0
  - _terrain_objects_queue: 0
  - _infrastructure_queue: 56
  - _pending_building_tasks: 0
OSM DEBUG: Chunks loaded 16/16, but queues not empty:
  - _building_results: 54
  - _road_queue: 0
  - _terrain_objects_queue: 0
  - _infrastructure_queue: 55
  - _pending_building_tasks: 0
OSM DEBUG: Chunks loaded 16/16, but queues not empty:
  - _building_results: 53
  - _road_queue: 0
  - _terrain_objects_queue: 0
  - _infrastructure_queue: 54
  - _pending_building_tasks: 0
OSM DEBUG: Chunks loaded 16/16, but queues not empty:
  - _building_results: 52
  - _road_queue: 0
  - _terrain_objects_queue: 0
  - _infrastructure_queue: 53
  - _pending_building_tasks: 0
OSM DEBUG: Chunks loaded 16/16, but queues not empty:
  - _building_results: 51
  - _road_queue: 0
  - _terrain_objects_queue: 0
  - _infrastructure_queue: 52
  - _pending_building_tasks: 0
OSM DEBUG: Chunks loaded 16/16, but queues not empty:
  - _building_results: 50
  - _road_queue: 0
  - _terrain_objects_queue: 0
  - _infrastructure_queue: 51
  - _pending_building_tasks: 0
OSM DEBUG: Chunks loaded 16/16, but queues not empty:
  - _building_results: 49
  - _road_queue: 0
  - _terrain_objects_queue: 0
  - _infrastructure_queue: 50
  - _pending_building_tasks: 0
OSM DEBUG: Chunks loaded 16/16, but queues not empty:
  - _building_results: 48
  - _road_queue: 0
  - _terrain_objects_queue: 0
  - _infrastructure_queue: 49
  - _pending_building_tasks: 0
OSM DEBUG: Chunks loaded 16/16, but queues not empty:
  - _building_results: 47
  - _road_queue: 0
  - _terrain_objects_queue: 0
  - _infrastructure_queue: 48
  - _pending_building_tasks: 0
OSM DEBUG: Chunks loaded 16/16, but queues not empty:
  - _building_results: 46
  - _road_queue: 0
  - _terrain_objects_queue: 0
  - _infrastructure_queue: 47
  - _pending_building_tasks: 0
OSM DEBUG: Chunks loaded 16/16, but queues not empty:
  - _building_results: 45
  - _road_queue: 0
  - _terrain_objects_queue: 0
  - _infrastructure_queue: 46
  - _pending_building_tasks: 0
OSM DEBUG: Chunks loaded 16/16, but queues not empty:
  - _building_results: 44
  - _road_queue: 0
  - _terrain_objects_queue: 0
  - _infrastructure_queue: 45
  - _pending_building_tasks: 0
OSM DEBUG: Chunks loaded 16/16, but queues not empty:
  - _building_results: 43
  - _road_queue: 0
  - _terrain_objects_queue: 0
  - _infrastructure_queue: 44
  - _pending_building_tasks: 0
OSM DEBUG: Chunks loaded 16/16, but queues not empty:
  - _building_results: 42
  - _road_queue: 0
  - _terrain_objects_queue: 0
  - _infrastructure_queue: 43
  - _pending_building_tasks: 0
OSM DEBUG: Chunks loaded 16/16, but queues not empty:
  - _building_results: 41
  - _road_queue: 0
  - _terrain_objects_queue: 0
  - _infrastructure_queue: 42
  - _pending_building_tasks: 0
OSM DEBUG: Chunks loaded 16/16, but queues not empty:
  - _building_results: 40
  - _road_queue: 0
  - _terrain_objects_queue: 0
  - _infrastructure_queue: 41
  - _pending_building_tasks: 0
OSM DEBUG: Chunks loaded 16/16, but queues not empty:
  - _building_results: 39
  - _road_queue: 0
  - _terrain_objects_queue: 0
  - _infrastructure_queue: 40
  - _pending_building_tasks: 0
OSM DEBUG: Chunks loaded 16/16, but queues not empty:
  - _building_results: 38
  - _road_queue: 0
  - _terrain_objects_queue: 0
  - _infrastructure_queue: 39
  - _pending_building_tasks: 0
OSM DEBUG: Chunks loaded 16/16, but queues not empty:
  - _building_results: 37
  - _road_queue: 0
  - _terrain_objects_queue: 0
  - _infrastructure_queue: 38
  - _pending_building_tasks: 0
OSM DEBUG: Chunks loaded 16/16, but queues not empty:
  - _building_results: 36
  - _road_queue: 0
  - _terrain_objects_queue: 0
  - _infrastructure_queue: 37
  - _pending_building_tasks: 0
OSM DEBUG: Chunks loaded 16/16, but queues not empty:
  - _building_results: 35
  - _road_queue: 0
  - _terrain_objects_queue: 0
  - _infrastructure_queue: 36
  - _pending_building_tasks: 0
OSM DEBUG: Chunks loaded 16/16, but queues not empty:
  - _building_results: 34
  - _road_queue: 0
  - _terrain_objects_queue: 0
  - _infrastructure_queue: 35
  - _pending_building_tasks: 0
OSM DEBUG: Chunks loaded 16/16, but queues not empty:
  - _building_results: 33
  - _road_queue: 0
  - _terrain_objects_queue: 0
  - _infrastructure_queue: 34
  - _pending_building_tasks: 0
OSM DEBUG: Chunks loaded 16/16, but queues not empty:
  - _building_results: 32
  - _road_queue: 0
  - _terrain_objects_queue: 0
  - _infrastructure_queue: 33
  - _pending_building_tasks: 0
OSM DEBUG: Chunks loaded 16/16, but queues not empty:
  - _building_results: 31
  - _road_queue: 0
  - _terrain_objects_queue: 0
  - _infrastructure_queue: 32
  - _pending_building_tasks: 0
OSM DEBUG: Chunks loaded 16/16, but queues not empty:
  - _building_results: 30
  - _road_queue: 0
  - _terrain_objects_queue: 0
  - _infrastructure_queue: 31
  - _pending_building_tasks: 0
OSM DEBUG: Chunks loaded 16/16, but queues not empty:
  - _building_results: 29
  - _road_queue: 0
  - _terrain_objects_queue: 0
  - _infrastructure_queue: 30
  - _pending_building_tasks: 0
OSM DEBUG: Chunks loaded 16/16, but queues not empty:
  - _building_results: 28
  - _road_queue: 0
  - _terrain_objects_queue: 0
  - _infrastructure_queue: 29
  - _pending_building_tasks: 0
OSM DEBUG: Chunks loaded 16/16, but queues not empty:
  - _building_results: 27
  - _road_queue: 0
  - _terrain_objects_queue: 0
  - _infrastructure_queue: 28
  - _pending_building_tasks: 0
OSM DEBUG: Chunks loaded 16/16, but queues not empty:
  - _building_results: 26
  - _road_queue: 0
  - _terrain_objects_queue: 0
  - _infrastructure_queue: 27
  - _pending_building_tasks: 0
OSM DEBUG: Chunks loaded 16/16, but queues not empty:
  - _building_results: 25
  - _road_queue: 0
  - _terrain_objects_queue: 0
  - _infrastructure_queue: 26
  - _pending_building_tasks: 0
OSM DEBUG: Chunks loaded 16/16, but queues not empty:
  - _building_results: 24
  - _road_queue: 0
  - _terrain_objects_queue: 0
  - _infrastructure_queue: 25
  - _pending_building_tasks: 0
OSM DEBUG: Chunks loaded 16/16, but queues not empty:
  - _building_results: 23
  - _road_queue: 0
  - _terrain_objects_queue: 0
  - _infrastructure_queue: 24
  - _pending_building_tasks: 0
OSM DEBUG: Chunks loaded 16/16, but queues not empty:
  - _building_results: 22
  - _road_queue: 0
  - _terrain_objects_queue: 0
  - _infrastructure_queue: 23
  - _pending_building_tasks: 0
OSM DEBUG: Chunks loaded 16/16, but queues not empty:
  - _building_results: 21
  - _road_queue: 0
  - _terrain_objects_queue: 0
  - _infrastructure_queue: 22
  - _pending_building_tasks: 0
OSM DEBUG: Chunks loaded 16/16, but queues not empty:
  - _building_results: 20
  - _road_queue: 0
  - _terrain_objects_queue: 0
  - _infrastructure_queue: 21
  - _pending_building_tasks: 0
OSM DEBUG: Chunks loaded 16/16, but queues not empty:
  - _building_results: 19
  - _road_queue: 0
  - _terrain_objects_queue: 0
  - _infrastructure_queue: 20
  - _pending_building_tasks: 0
OSM DEBUG: Chunks loaded 16/16, but queues not empty:
  - _building_results: 18
  - _road_queue: 0
  - _terrain_objects_queue: 0
  - _infrastructure_queue: 19
  - _pending_building_tasks: 0
OSM DEBUG: Chunks loaded 16/16, but queues not empty:
  - _building_results: 17
  - _road_queue: 0
  - _terrain_objects_queue: 0
  - _infrastructure_queue: 18
  - _pending_building_tasks: 0
OSM DEBUG: Chunks loaded 16/16, but queues not empty:
  - _building_results: 16
  - _road_queue: 0
  - _terrain_objects_queue: 0
  - _infrastructure_queue: 17
  - _pending_building_tasks: 0
OSM DEBUG: Chunks loaded 16/16, but queues not empty:
  - _building_results: 15
  - _road_queue: 0
  - _terrain_objects_queue: 0
  - _infrastructure_queue: 16
  - _pending_building_tasks: 0
OSM DEBUG: Chunks loaded 16/16, but queues not empty:
  - _building_results: 14
  - _road_queue: 0
  - _terrain_objects_queue: 0
  - _infrastructure_queue: 15
  - _pending_building_tasks: 0
OSM DEBUG: Chunks loaded 16/16, but queues not empty:
  - _building_results: 13
  - _road_queue: 0
  - _terrain_objects_queue: 0
  - _infrastructure_queue: 14
  - _pending_building_tasks: 0
OSM DEBUG: Chunks loaded 16/16, but queues not empty:
  - _building_results: 12
  - _road_queue: 0
  - _terrain_objects_queue: 0
  - _infrastructure_queue: 13
  - _pending_building_tasks: 0
OSM DEBUG: Chunks loaded 16/16, but queues not empty:
  - _building_results: 11
  - _road_queue: 0
  - _terrain_objects_queue: 0
  - _infrastructure_queue: 12
  - _pending_building_tasks: 0
OSM DEBUG: Chunks loaded 16/16, but queues not empty:
  - _building_results: 10
  - _road_queue: 0
  - _terrain_objects_queue: 0
  - _infrastructure_queue: 11
  - _pending_building_tasks: 0
OSM DEBUG: Chunks loaded 16/16, but queues not empty:
  - _building_results: 9
  - _road_queue: 0
  - _terrain_objects_queue: 0
  - _infrastructure_queue: 10
  - _pending_building_tasks: 0
OSM DEBUG: Chunks loaded 16/16, but queues not empty:
  - _building_results: 8
  - _road_queue: 0
  - _terrain_objects_queue: 0
  - _infrastructure_queue: 9
  - _pending_building_tasks: 0
OSM DEBUG: Chunks loaded 16/16, but queues not empty:
  - _building_results: 7
  - _road_queue: 0
  - _terrain_objects_queue: 0
  - _infrastructure_queue: 8
  - _pending_building_tasks: 0
OSM DEBUG: Chunks loaded 16/16, but queues not empty:
  - _building_results: 6
  - _road_queue: 0
  - _terrain_objects_queue: 0
  - _infrastructure_queue: 7
  - _pending_building_tasks: 0
OSM DEBUG: Chunks loaded 16/16, but queues not empty:
  - _building_results: 5
  - _road_queue: 0
  - _terrain_objects_queue: 0
  - _infrastructure_queue: 6
  - _pending_building_tasks: 0
OSM DEBUG: Chunks loaded 16/16, but queues not empty:
  - _building_results: 4
  - _road_queue: 0
  - _terrain_objects_queue: 0
  - _infrastructure_queue: 5
  - _pending_building_tasks: 0
OSM DEBUG: Chunks loaded 16/16, but queues not empty:
  - _building_results: 3
  - _road_queue: 0
  - _terrain_objects_queue: 0
  - _infrastructure_queue: 4
  - _pending_building_tasks: 0
OSM DEBUG: Chunks loaded 16/16, but queues not empty:
  - _building_results: 2
  - _road_queue: 0
  - _terrain_objects_queue: 0
  - _infrastructure_queue: 3
  - _pending_building_tasks: 0
OSM DEBUG: Chunks loaded 16/16, but queues not empty:
  - _building_results: 1
  - _road_queue: 0
  - _terrain_objects_queue: 0
  - _infrastructure_queue: 2
  - _pending_building_tasks: 0
OSM: 🌙 NIGHT Window batch 0,-1 | night_mgr: CACHED | is_night value: true
OSM: ✅ Finalized window batch 0,-1: 1555 windows (was 1555 draw calls before batching)
⚠️ SLOW FRAME 13.7ms: building=0.0 road=13.3 terrain=0.0 infra=0.4 veg=0.0 curb=0.0ms
OSM DEBUG: Chunks loaded 16/16, but queues not empty:
  - _building_results: 0
  - _road_queue: 0
  - _terrain_objects_queue: 0
  - _infrastructure_queue: 1
  - _pending_building_tasks: 0
OSM: 🌙 NIGHT Window batch -1,-1 | night_mgr: CACHED | is_night value: true
OSM: ✅ Finalized window batch -1,-1: 4286 windows (was 4286 draw calls before batching)
OSM: Starting finalization...
OSM: _create_pending_lamps started, count=942
OSM: Created 404 lamps, skipped 538 (on parking or chunk not loaded)
OSM: DEBUG - Finalizing 0 lamp batches
OSM: Lamps done, starting parking signs...
OSM: _create_pending_parking_signs started, count=16, road_segments=2377
OSM: Created 16 parking signs
OSM: Parking signs done
OSM: Initial loading complete! 16 chunks loaded

[PerformanceTestDetailed] ✓ Terrain loaded! Starting test in 2 seconds...
OSM: 🌙 NIGHT Window batch -1,0 | night_mgr: CACHED | is_night value: true
OSM: ✅ Finalized window batch -1,0: 728 windows (was 728 draw calls before batching)
OSM: DEBUG - First lamp added to chunk 0,-1 batch
OSM: 🌙 NIGHT Window batch -2,0 | night_mgr: CACHED | is_night value: true
OSM: ✅ Finalized window batch -2,0: 96 windows (was 96 draw calls before batching)
OSM: 🌙 NIGHT Window batch -2,-1 | night_mgr: CACHED | is_night value: true
OSM: ✅ Finalized window batch -2,-1: 2311 windows (was 2311 draw calls before batching)
OSM: 🌙 NIGHT Window batch -1,-2 | night_mgr: CACHED | is_night value: true
OSM: ✅ Finalized window batch -1,-2: 5365 windows (was 5365 draw calls before batching)
🚗 Traffic: 8 active NPCs (Near: 2, Mid: 5, Far: 1), 1 pooled
  → Physics bodies from NPCs: 8 (All: 8×1, было бы 8×5=40)

========== Bottleneck Analysis Report ==========
Time: 102.7s | Frames: 181

📊 PERFORMANCE OVERVIEW:
  FPS: 38.2 avg | 28.0 min
  Frame Time: 245.11 ms avg | 564.73 ms max
  Physics Time: 2.33 ms avg

🔍 BOTTLENECK IDENTIFICATION:
  🔴 [CRITICAL] Frame Time
      Value: 245.11 ms (target: 16.67 ms)
      Impact: Overall performance bottleneck
      Suggestions:
        • Reduce draw calls
        • Optimize scripts in _process()
        • Check for expensive operations per frame

  🟠 [HIGH] Draw Calls
      Value: 3262 calls/frame
      Impact: GPU rendering overhead
      Suggestions:
        • Batch meshes by material
        • Use MultiMeshInstance3D
        • Implement LOD system
        • Enable frustum culling

  🟡 [MEDIUM] Vertex Count
      Value: 52377746 vertices/frame
      Impact: GPU vertex processing
      Suggestions:
        • Implement LOD for distant objects
        • Simplify building meshes
        • Use lower poly models

  🟡 [MEDIUM] Post-Processing Effects
      Value: SSAO, Glow/Bloom, Volumetric Fog
      Impact: GPU shader overhead
      Suggestions:
        • Reduce SSR quality
        • Disable SSAO on low-end hardware
        • Use simpler fog

  🟢 [LOW] Node Count
      Value: 9807 nodes
      Impact: Scene tree traversal overhead
      Suggestions:
        • Unload distant chunks
        • Pool and reuse nodes
        • Flatten hierarchy where possible

📈 DETAILED STATS:
  Draw Calls: 3262 avg | 3807 max
  Vertices: 52377746 avg | 52575980 max
  Physics Bodies: 129
  Nodes: 9807
  VRAM: 711.3 MB

=================================================

OSM: 🌙 NIGHT Window batch 1,0 | night_mgr: CACHED | is_night value: true
OSM: ✅ Finalized window batch 1,0: 40 windows (was 40 draw calls before batching)
OSM: DEBUG - First lamp added to chunk -1,-1 batch
OSM: 🌙 NIGHT Window batch 1,-1 | night_mgr: CACHED | is_night value: true
OSM: ✅ Finalized window batch 1,-1: 4967 windows (was 4967 draw calls before batching)
OSM: 🌙 NIGHT Window batch 0,-2 | night_mgr: CACHED | is_night value: true
OSM: ✅ Finalized window batch 0,-2: 2148 windows (was 2148 draw calls before batching)
OSM: 🌙 NIGHT Window batch -2,-2 | night_mgr: CACHED | is_night value: true
OSM: ✅ Finalized window batch -2,-2: 5534 windows (was 5534 draw calls before batching)
OSM: 🌙 NIGHT Window batch 1,-2 | night_mgr: CACHED | is_night value: true
OSM: ✅ Finalized window batch 1,-2: 4954 windows (was 4954 draw calls before batching)
OSM: DEBUG - First lamp added to chunk 0,0 batch

=== PERFORMANCE METRICS ===
FPS: 19 | Frame: 22.1 ms (max 147.4) | Physics: 38.1 ms (max 5916.7)
Godot Process: 22.02 ms | Physics: 3.17 ms
Objects: 27799 | Nodes: 11229 | Resources: 535
Draw calls: 4778 | Vertices: 52903000 | VRAM: 714.7 MB
Physics bodies: 188 | Collision pairs: 1739
--- System Times ---
  road_batch_finalize_total_-1,-1: 20.41 ms (max 20.41)
  road_batch_finalize_total_-1,-2: 13.00 ms (max 13.00)
  road_batch_finalize_total_-1,0: 12.66 ms (max 12.66)
  road_batch_finalize_total_-2,-1: 16.80 ms (max 16.80)
  road_batch_finalize_total_-2,-2: 6.12 ms (max 6.12)
  road_batch_finalize_total_-2,0: 12.47 ms (max 12.47)
  road_batch_finalize_total_0,-1: 21.91 ms (max 21.91)
  road_batch_finalize_total_0,-2: 21.66 ms (max 21.66)
  road_batch_finalize_total_0,0: 16.10 ms (max 16.10)
  road_batch_finalize_total_0,1: 9.37 ms (max 9.37)
  road_batch_finalize_total_1,-1: 15.77 ms (max 15.77)
  road_batch_finalize_total_1,-2: 17.96 ms (max 17.96)
  road_batch_finalize_total_1,0: 7.48 ms (max 7.48)
  road_collision_create_-1,-1: 6.46 ms (max 12.87)
  road_collision_create_-1,-2: 6.18 ms (max 9.41)
  road_collision_create_-1,0: 6.09 ms (max 10.14)
  road_collision_create_-2,-1: 5.33 ms (max 10.44)
  road_collision_create_-2,-2: 2.84 ms (max 4.17)
  road_collision_create_-2,0: 5.93 ms (max 8.66)
  road_collision_create_0,-1: 7.04 ms (max 15.38)
  road_collision_create_0,-2: 6.93 ms (max 13.93)
  road_collision_create_0,0: 5.18 ms (max 12.36)
  road_collision_create_0,1: 9.17 ms (max 9.17)
  road_collision_create_1,-1: 5.05 ms (max 11.74)
  road_collision_create_1,-2: 8.61 ms (max 14.58)
  road_collision_create_1,0: 7.22 ms (max 7.22)
===========================

=== PERFORMANCE METRICS ===
FPS: 19 | Frame: 22.1 ms (max 147.4) | Physics: 18.8 ms (max 567.9)
Godot Process: 22.02 ms | Physics: 3.17 ms
Objects: 27799 | Nodes: 11229 | Resources: 535
Draw calls: 4778 | Vertices: 52903000 | VRAM: 714.7 MB
Physics bodies: 188 | Collision pairs: 1739
===========================
[PerformanceLogger] Started logging: detailed_test_90s
🚀 Test started!

OSM: DEBUG - First lamp added to chunk -2,-1 batch
🚗 Traffic: 11 active NPCs (Near: 2, Mid: 7, Far: 2), 1 pooled
  → Physics bodies from NPCs: 11 (All: 11×1, было бы 11×5=55)

========== Bottleneck Analysis Report ==========
Time: 104.7s | Frames: 274

📊 PERFORMANCE OVERVIEW:
  FPS: 33.1 avg | 19.0 min
  Frame Time: 198.79 ms avg | 564.73 ms max
  Physics Time: 3.26 ms avg

🔍 BOTTLENECK IDENTIFICATION:
  🔴 [CRITICAL] Frame Time
      Value: 198.79 ms (target: 16.67 ms)
      Impact: Overall performance bottleneck
      Suggestions:
        • Reduce draw calls
        • Optimize scripts in _process()
        • Check for expensive operations per frame

  🟠 [HIGH] Draw Calls
      Value: 4489 calls/frame
      Impact: GPU rendering overhead
      Suggestions:
        • Batch meshes by material
        • Use MultiMeshInstance3D
        • Implement LOD system
        • Enable frustum culling

  🟡 [MEDIUM] Vertex Count
      Value: 52795407 vertices/frame
      Impact: GPU vertex processing
      Suggestions:
        • Implement LOD for distant objects
        • Simplify building meshes
        • Use lower poly models

  🟡 [MEDIUM] Physics Bodies
      Value: 186 active bodies
      Impact: Physics engine load
      Suggestions:
        • Reduce NPC count
        • Convert distant NPCs to kinematic
        • Disable physics for far objects

  🟡 [MEDIUM] Node Count
      Value: 11426 nodes
      Impact: Scene tree traversal overhead
      Suggestions:
        • Unload distant chunks
        • Pool and reuse nodes
        • Flatten hierarchy where possible

  🟡 [MEDIUM] Post-Processing Effects
      Value: SSAO, Glow/Bloom, Volumetric Fog
      Impact: GPU shader overhead
      Suggestions:
        • Reduce SSR quality
        • Disable SSAO on low-end hardware
        • Use simpler fog

📈 DETAILED STATS:
  Draw Calls: 4489 avg | 4813 max
  Vertices: 52795407 avg | 52904566 max
  Physics Bodies: 186
  Nodes: 11426
  VRAM: 716.7 MB

=================================================

OSM: DEBUG - First lamp added to chunk 0,-2 batch
⚡ FRAME SPIKE #1: 26.2 ms at 0.5s (Draw: 5647, Bodies: 194)
⚡ FRAME SPIKE #2: 25.9 ms at 0.6s (Draw: 5648, Bodies: 194)
OSM: DEBUG - First lamp added to chunk 0,1 batch
⚡ FRAME SPIKE #3: 26.3 ms at 0.6s (Draw: 5648, Bodies: 194)
OSM: DEBUG - First lamp added to chunk 1,-1 batch
⚡ FRAME SPIKE #4: 25.5 ms at 0.7s (Draw: 5645, Bodies: 194)
⚡ FRAME SPIKE #5: 25.1 ms at 0.9s (Draw: 5645, Bodies: 194)
⚡ FRAME SPIKE #6: 25.8 ms at 1.1s (Draw: 5657, Bodies: 195)
⚡ FRAME SPIKE #7: 25.7 ms at 1.1s (Draw: 5658, Bodies: 195)
⚡ FRAME SPIKE #8: 25.2 ms at 1.2s (Draw: 5659, Bodies: 195)
fects
      Value: SSAO, Glow/Bloom, Volumetric Fog
      Impact: GPU shader overhead
      Suggestions:
        • Reduce SSR quality
        • Disable SSAO on low-end hardware
        • Use simpler fog

📈 DETAILED STATS:
  Draw Calls: 3327 avg | 3633 max
  Vertices: 52838602 avg | 52860989 max
  Physics Bodies: 193
  Nodes: 11691
  VRAM: 716.8 MB

=================================================

=== PAZ Model Meshes Debug ===
Total meshes found: 1
  - Mesh: bus_low_Material_006_0 (MeshInstance3D)
PAZ-32053 model setup complete
🚗 Traffic: 18 active NPCs (Near: 4, Mid: 14, Far: 0), 1 pooled
  → Physics bodies from NPCs: 18 (All: 18×1, было бы 18×5=90)

========== Bottleneck Analysis Report ==========
Time: 13.3s | Frames: 409

📊 PERFORMANCE OVERVIEW:
  FPS: 53.3 avg | 52.0 min
  Frame Time: 35.33 ms avg | 57.45 ms max
  Physics Time: 4.53 ms avg

🔍 BOTTLENECK IDENTIFICATION:
  🔴 [CRITICAL] Frame Time
      Value: 35.33 ms (target: 16.67 ms)
      Impact: Overall performance bottleneck
      Suggestions:
        • Reduce draw calls
        • Optimize scripts in _process()
        • Check for expensive operations per frame

  🟠 [HIGH] Draw Calls
      Value: 3631 calls/frame
      Impact: GPU rendering overhead
      Suggestions:
        • Batch meshes by material
        • Use MultiMeshInstance3D
        • Implement LOD system
        • Enable frustum culling

  🟠 [HIGH] Physics Bodies
      Value: 202 active bodies
      Impact: Physics engine load
      Suggestions:
        • Reduce NPC count
        • Convert distant NPCs to kinematic
        • Disable physics for far objects

  🟡 [MEDIUM] Vertex Count
      Value: 52845430 vertices/frame
      Impact: GPU vertex processing
      Suggestions:
        • Implement LOD for distant objects
        • Simplify building meshes
        • Use lower poly models

  🟡 [MEDIUM] Node Count
      Value: 11823 nodes
      Impact: Scene tree traversal overhead
      Suggestions:
        • Unload distant chunks
        • Pool and reuse nodes
        • Flatten hierarchy where possible

  🟡 [MEDIUM] Post-Processing Effects
      Value: SSAO, Glow/Bloom, Volumetric Fog
      Impact: GPU shader overhead
      Suggestions:
        • Reduce SSR quality
        • Disable SSAO on low-end hardware
        • Use simpler fog

📈 DETAILED STATS:
  Draw Calls: 3631 avg | 3679 max
  Vertices: 52845430 avg | 52862929 max
  Physics Bodies: 202
  Nodes: 11823
  VRAM: 717.0 MB

=================================================

OSM: DEBUG - First lamp added to chunk -2,-2 batch
OSM: ✅ Finalized lamp batch 0,-1: 62 lamps (3 MultiMeshes + 62 lights, was 186 draw calls before)
⚠️ SLOW FRAME 14.3ms: building=0.0 road=0.0 terrain=0.0 infra=14.2 veg=0.0 curb=0.0ms
⚡ FRAME SPIKE #1: 26.7 ms at 2.5s (Draw: 3499, Bodies: 210)
OSM: ✅ Finalized lamp batch -1,-1: 34 lamps (3 MultiMeshes + 34 lights, was 102 draw calls before)
OSM: ✅ Finalized lamp batch 0,0: 6 lamps (3 MultiMeshes + 6 lights, was 18 draw calls before)
OSM: ✅ Finalized lamp batch -2,-1: 50 lamps (3 MultiMeshes + 50 lights, was 150 draw calls before)
OSM: ✅ Finalized lamp batch 0,-2: 45 lamps (3 MultiMeshes + 45 lights, was 135 draw calls before)
OSM: ✅ Finalized lamp batch 0,1: 11 lamps (3 MultiMeshes + 11 lights, was 33 draw calls before)
OSM: ✅ Finalized lamp batch 1,-1: 14 lamps (3 MultiMeshes + 14 lights, was 42 draw calls before)
OSM: ✅ Finalized lamp batch -2,-2: 1 lamps (3 MultiMeshes + 1 lights, was 3 draw calls before)
⚡ FRAME SPIKE #2: 29.0 ms at 2.7s (Draw: 3591, Bodies: 211)
⚡ FRAME SPIKE #3: 62.4 ms at 3.7s (Draw: 3712, Bodies: 212)
⚡ FRAME SPIKE #4: 33.3 ms at 3.7s (Draw: 3706, Bodies: 212)
⚡ FRAME SPIKE #5: 29.5 ms at 3.8s (Draw: 3712, Bodies: 211)

=== PERFORMANCE METRICS ===
FPS: 46 | Frame: 19.6 ms (max 62.4) | Physics: 16.7 ms (max 61.6)
Godot Process: 54.48 ms | Physics: 5.06 ms
Objects: 29779 | Nodes: 12424 | Resources: 535
Draw calls: 3717 | Vertices: 56336631 | VRAM: 718.1 MB
Physics bodies: 211 | Collision pairs: 1991
--- System Times ---
  road_batch_finalize_total_-1,-1: 10.47 ms (max 10.47)
  road_batch_finalize_total_-1,-2: 15.38 ms (max 15.38)
  road_batch_finalize_total_-1,0: 3.82 ms (max 3.82)
  road_batch_finalize_total_-2,-1: 16.32 ms (max 16.32)
  road_batch_finalize_total_-2,-2: 15.24 ms (max 15.24)
  road_batch_finalize_total_-2,0: 14.05 ms (max 14.05)
  road_batch_finalize_total_0,-1: 19.44 ms (max 19.44)
  road_batch_finalize_total_0,-2: 19.68 ms (max 19.68)
  road_batch_finalize_total_0,0: 16.18 ms (max 16.18)
  road_batch_finalize_total_0,1: 10.93 ms (max 10.93)
  road_batch_finalize_total_1,-1: 16.70 ms (max 16.70)
  road_batch_finalize_total_1,-2: 18.21 ms (max 18.21)
  road_batch_finalize_total_1,0: 12.08 ms (max 12.08)
  road_collision_create_-1,-1: 3.28 ms (max 3.86)
  road_collision_create_-1,-2: 7.46 ms (max 11.95)
  road_collision_create_-1,0: 1.74 ms (max 2.01)
  road_collision_create_-2,-1: 5.22 ms (max 10.23)
  road_collision_create_-2,-2: 7.37 ms (max 13.00)
  road_collision_create_-2,0: 6.79 ms (max 10.68)
  road_collision_create_0,-1: 6.19 ms (max 12.66)
  road_collision_create_0,-2: 6.30 ms (max 11.99)
  road_collision_create_0,0: 5.16 ms (max 12.41)
  road_collision_create_0,1: 10.65 ms (max 10.65)
  road_collision_create_1,-1: 5.31 ms (max 12.56)
  road_collision_create_1,-2: 8.81 ms (max 15.10)
  road_collision_create_1,0: 11.81 ms (max 11.81)
===========================

=== PERFORMANCE METRICS ===
FPS: 46 | Frame: 19.6 ms (max 62.4) | Physics: 16.7 ms (max 61.6)
Godot Process: 54.48 ms | Physics: 5.06 ms
Objects: 29779 | Nodes: 12424 | Resources: 535
Draw calls: 3717 | Vertices: 56336631 | VRAM: 718.1 MB
Physics bodies: 211 | Collision pairs: 1991
===========================
🚗 Traffic: 19 active NPCs (Near: 3, Mid: 14, Far: 2), 2 pooled
  → Physics bodies from NPCs: 19 (All: 19×1, было бы 19×5=95)

========== Bottleneck Analysis Report ==========
Time: 15.3s | Frames: 504

📊 PERFORMANCE OVERVIEW:
  FPS: 50.2 avg | 46.0 min
  Frame Time: 28.32 ms avg | 54.48 ms max
  Physics Time: 5.06 ms avg

🔍 BOTTLENECK IDENTIFICATION:
  🟠 [HIGH] Frame Time
      Value: 28.32 ms (target: 16.67 ms)
      Impact: Overall performance bottleneck
      Suggestions:
        • Reduce draw calls
        • Optimize scripts in _process()
        • Check for expensive operations per frame

  🟠 [HIGH] Draw Calls
      Value: 3608 calls/frame
      Impact: GPU rendering overhead
      Suggestions:
        • Batch meshes by material
        • Use MultiMeshInstance3D
        • Implement LOD system
        • Enable frustum culling

  🟠 [HIGH] Physics Bodies
      Value: 210 active bodies
      Impact: Physics engine load
      Suggestions:
        • Reduce NPC count
        • Convert distant NPCs to kinematic
        • Disable physics for far objects

  🟡 [MEDIUM] Physics Time
      Value: 5.06 ms
      Impact: Physics simulation overhead
      Suggestions:
        • Reduce number of active physics bodies
        • Simplify collision shapes
        • Disable physics for distant objects

  🟡 [MEDIUM] Vertex Count
      Value: 55493470 vertices/frame
      Impact: GPU vertex processing
      Suggestions:
        • Implement LOD for distant objects
        • Simplify building meshes
        • Use lower poly models

  🟡 [MEDIUM] Node Count
      Value: 12424 nodes
      Impact: Scene tree traversal overhead
      Suggestions:
        • Unload distant chunks
        • Pool and reuse nodes
        • Flatten hierarchy where possible

  🟡 [MEDIUM] Post-Processing Effects
      Value: SSAO, Glow/Bloom, Volumetric Fog
      Impact: GPU shader overhead
      Suggestions:
        • Reduce SSR quality
        • Disable SSAO on low-end hardware
        • Use simpler fog

📈 DETAILED STATS:
  Draw Calls: 3608 avg | 3717 max
  Vertices: 55493470 avg | 56612948 max
  Physics Bodies: 210
  Nodes: 12424
  VRAM: 718.1 MB

=================================================

🚗 Traffic: 21 active NPCs (Near: 3, Mid: 17, Far: 1), 1 pooled
  → Physics bodies from NPCs: 21 (All: 21×1, было бы 21×5=105)

========== Bottleneck Analysis Report ==========
Time: 17.3s | Frames: 597

📊 PERFORMANCE OVERVIEW:
  FPS: 47.1 avg | 46.0 min
  Frame Time: 33.98 ms avg | 54.48 ms max
  Physics Time: 5.12 ms avg

🔍 BOTTLENECK IDENTIFICATION:
  🔴 [CRITICAL] Frame Time
      Value: 33.98 ms (target: 16.67 ms)
      Impact: Overall performance bottleneck
      Suggestions:
        • Reduce draw calls
        • Optimize scripts in _process()
        • Check for expensive operations per frame

  🟠 [HIGH] Draw Calls
      Value: 3886 calls/frame
      Impact: GPU rendering overhead
      Suggestions:
        • Batch meshes by material
        • Use MultiMeshInstance3D
        • Implement LOD system
        • Enable frustum culling

  🟠 [HIGH] Physics Bodies
      Value: 212 active bodies
      Impact: Physics engine load
      Suggestions:
        • Reduce NPC count
        • Convert distant NPCs to kinematic
        • Disable physics for far objects

  🟡 [MEDIUM] Physics Time
      Value: 5.12 ms
      Impact: Physics simulation overhead
      Suggestions:
        • Reduce number of active physics bodies
        • Simplify collision shapes
        • Disable physics for distant objects

  🟡 [MEDIUM] Vertex Count
      Value: 56290538 vertices/frame
      Impact: GPU vertex processing
      Suggestions:
        • Implement LOD for distant objects
        • Simplify building meshes
        • Use lower poly models

  🟡 [MEDIUM] Node Count
      Value: 12445 nodes
      Impact: Scene tree traversal overhead
      Suggestions:
        • Unload distant chunks
        • Pool and reuse nodes
        • Flatten hierarchy where possible

  🟡 [MEDIUM] Post-Processing Effects
      Value: SSAO, Glow/Bloom, Volumetric Fog
      Impact: GPU shader overhead
      Suggestions:
        • Reduce SSR quality
        • Disable SSAO on low-end hardware
        • Use simpler fog

📈 DETAILED STATS:
  Draw Calls: 3886 avg | 4119 max
  Vertices: 56290538 avg | 56359363 max
  Physics Bodies: 212
  Nodes: 12445
  VRAM: 718.1 MB

=================================================


========== PERFORMANCE METRICS ==========
Frames: 600
  total_frame: avg=1.86 ms, median=0.04 ms, max=97.78 ms, calls=600, total=1113.9 ms
  road_queue: avg=0.92 ms, median=0.01 ms, max=19.73 ms, calls=600, total=554.9 ms
  infra_queue: avg=0.34 ms, median=0.00 ms, max=14.22 ms, calls=600, total=202.8 ms
  road_batch_finalize: avg=14.53 ms, median=15.41 ms, max=19.72 ms, calls=13, total=188.9 ms
  curb_mesh: avg=0.28 ms, median=0.00 ms, max=11.84 ms, calls=552, total=153.6 ms
  road_create: avg=0.30 ms, median=0.18 ms, max=10.30 ms, calls=458, total=135.8 ms
  terrain_queue: avg=0.21 ms, median=0.00 ms, max=71.17 ms, calls=600, total=128.8 ms
  building_results: avg=0.19 ms, median=0.00 ms, max=1.21 ms, calls=600, total=111.3 ms
  infra_sort: avg=0.29 ms, median=0.17 ms, max=1.02 ms, calls=373, total=108.6 ms
  terrain_leisure: avg=6.03 ms, median=0.17 ms, max=70.14 ms, calls=18, total=108.5 ms
  curb_collisions: avg=0.10 ms, median=0.00 ms, max=1.95 ms, calls=600, total=61.1 ms
  building_sort: avg=0.33 ms, median=0.19 ms, max=0.93 ms, calls=166, total=55.2 ms
  infra_yield_sign: avg=0.30 ms, median=0.32 ms, max=0.50 ms, calls=169, total=50.7 ms
  building_apply: avg=0.27 ms, median=0.27 ms, max=0.36 ms, calls=176, total=46.9 ms
  vegetation_queue: avg=0.07 ms, median=0.00 ms, max=20.51 ms, calls=600, total=41.1 ms
  veg_trees: avg=10.07 ms, median=15.50 ms, max=20.50 ms, calls=4, total=40.3 ms
  window_batch_finalize: avg=2.77 ms, median=2.29 ms, max=13.76 ms, calls=11, total=30.5 ms
  road_sort: avg=1.21 ms, median=1.30 ms, max=2.86 ms, calls=18, total=21.7 ms
  terrain_landuse: avg=0.12 ms, median=0.10 ms, max=0.53 ms, calls=78, total=9.3 ms
  terrain_sort: avg=0.21 ms, median=0.20 ms, max=0.46 ms, calls=39, total=8.3 ms
  curb_smooth: avg=0.03 ms, median=0.03 ms, max=0.20 ms, calls=252, total=8.1 ms
  infra_parking_sign: avg=0.54 ms, median=0.52 ms, max=0.68 ms, calls=13, total=7.0 ms
  infra_lamp: avg=0.03 ms, median=0.02 ms, max=0.14 ms, calls=223, total=6.4 ms
  infra_traffic_light: avg=0.52 ms, median=0.51 ms, max=0.68 ms, calls=8, total=4.2 ms
  curb_latlon: avg=0.01 ms, median=0.01 ms, max=0.05 ms, calls=252, total=3.1 ms
  terrain_natural: avg=0.07 ms, median=0.07 ms, max=0.07 ms, calls=1, total=0.1 ms
  veg_bushes_grass: avg=0.02 ms, median=0.02 ms, max=0.02 ms, calls=4, total=0.1 ms
==========================================


========== DRAW CALL BREAKDOWN ==========
Total tracked draw calls: 908

  Vegetation  :   370 ( 40.7%) ████████
  Buildings   :   350 ( 38.5%) ███████
  Terrain     :    97 ( 10.7%) ██
  Roads       :    30 (  3.3%) 
  Signs       :    26 (  2.9%) 
  Lamps       :    24 (  2.6%) 
  Windows     :    11 (  1.2%) 

💡 RECOMMENDATIONS:
  🔴 Buildings: 38.5% of draw calls
     → Implement MultiMeshInstance3D for building base meshes
=========================================

=== PAZ Model Meshes Debug ===
Total meshes found: 1
  - Mesh: bus_low_Material_006_0 (MeshInstance3D)
PAZ-32053 model setup complete
=== PAZ Model Meshes Debug ===
Total meshes found: 1
  - Mesh: bus_low_Material_006_0 (MeshInstance3D)
PAZ-32053 model setup complete
🚗 Traffic: 24 active NPCs (Near: 5, Mid: 16, Far: 3), 1 pooled
  → Physics bodies from NPCs: 24 (All: 24×1, было бы 24×5=120)

========== Bottleneck Analysis Report ==========
Time: 19.3s | Frames: 687

📊 PERFORMANCE OVERVIEW:
  FPS: 46.0 avg | 44.0 min
  Frame Time: 18.28 ms avg | 19.46 ms max
  Physics Time: 5.26 ms avg

🔍 BOTTLENECK IDENTIFICATION:
  🟠 [HIGH] Frame Time
      Value: 18.28 ms (target: 16.67 ms)
      Impact: Overall performance bottleneck
      Suggestions:
        • Reduce draw calls
        • Optimize scripts in _process()
        • Check for expensive operations per frame

  🟠 [HIGH] Draw Calls
      Value: 3914 calls/frame
      Impact: GPU rendering overhead
      Suggestions:
        • Batch meshes by material
        • Use MultiMeshInstance3D
        • Implement LOD system
        • Enable frustum culling

  🟠 [HIGH] Physics Bodies
      Value: 214 active bodies
      Impact: Physics engine load
      Suggestions:
        • Reduce NPC count
        • Convert distant NPCs to kinematic
        • Disable physics for far objects

  🟡 [MEDIUM] Physics Time
      Value: 5.26 ms
      Impact: Physics simulation overhead
      Suggestions:
        • Reduce number of active physics bodies
        • Simplify collision shapes
        • Disable physics for distant objects

  🟡 [MEDIUM] Vertex Count
      Value: 56113616 vertices/frame
      Impact: GPU vertex processing
      Suggestions:
        • Implement LOD for distant objects
        • Simplify building meshes
        • Use lower poly models

  🟡 [MEDIUM] Node Count
      Value: 12530 nodes
      Impact: Scene tree traversal overhead
      Suggestions:
        • Unload distant chunks
        • Pool and reuse nodes
        • Flatten hierarchy where possible

  🟡 [MEDIUM] Post-Processing Effects
      Value: SSAO, Glow/Bloom, Volumetric Fog
      Impact: GPU shader overhead
      Suggestions:
        • Reduce SSR quality
        • Disable SSAO on low-end hardware
        • Use simpler fog

📈 DETAILED STATS:
  Draw Calls: 3914 avg | 3995 max
  Vertices: 56113616 avg | 56258763 max
  Physics Bodies: 214
  Nodes: 12530
  VRAM: 718.1 MB

=================================================


=== PERFORMANCE METRICS ===
FPS: 44 | Frame: 21.8 ms (max 62.4) | Physics: 16.7 ms (max 24.5)
Godot Process: 18.40 ms | Physics: 5.88 ms
Objects: 30030 | Nodes: 12608 | Resources: 535
Draw calls: 3584 | Vertices: 49611648 | VRAM: 718.1 MB
Physics bodies: 217 | Collision pairs: 2084
--- System Times ---
  road_batch_finalize_total_-1,-1: 10.47 ms (max 10.47)
  road_batch_finalize_total_-1,-2: 15.38 ms (max 15.38)
  road_batch_finalize_total_-1,0: 3.82 ms (max 3.82)
  road_batch_finalize_total_-2,-1: 16.32 ms (max 16.32)
  road_batch_finalize_total_-2,-2: 15.24 ms (max 15.24)
  road_batch_finalize_total_-2,0: 14.05 ms (max 14.05)
  road_batch_finalize_total_0,-1: 19.44 ms (max 19.44)
  road_batch_finalize_total_0,-2: 19.68 ms (max 19.68)
  road_batch_finalize_total_0,0: 16.18 ms (max 16.18)
  road_batch_finalize_total_0,1: 10.93 ms (max 10.93)
  road_batch_finalize_total_1,-1: 16.70 ms (max 16.70)
  road_batch_finalize_total_1,-2: 18.21 ms (max 18.21)
  road_batch_finalize_total_1,0: 12.08 ms (max 12.08)
  road_collision_create_-1,-1: 3.28 ms (max 3.86)
  road_collision_create_-1,-2: 7.46 ms (max 11.95)
  road_collision_create_-1,0: 1.74 ms (max 2.01)
  road_collision_create_-2,-1: 5.22 ms (max 10.23)
  road_collision_create_-2,-2: 7.37 ms (max 13.00)
  road_collision_create_-2,0: 6.79 ms (max 10.68)
  road_collision_create_0,-1: 6.19 ms (max 12.66)
  road_collision_create_0,-2: 6.30 ms (max 11.99)
  road_collision_create_0,0: 5.16 ms (max 12.41)
  road_collision_create_0,1: 10.65 ms (max 10.65)
  road_collision_create_1,-1: 5.31 ms (max 12.56)
  road_collision_create_1,-2: 8.81 ms (max 15.10)
  road_collision_create_1,0: 11.81 ms (max 11.81)
===========================

=== PERFORMANCE METRICS ===
FPS: 44 | Frame: 21.8 ms (max 62.4) | Physics: 16.7 ms (max 24.5)
Godot Process: 18.40 ms | Physics: 5.88 ms
Objects: 30030 | Nodes: 12608 | Resources: 535
Draw calls: 3584 | Vertices: 49611648 | VRAM: 718.1 MB
Physics bodies: 217 | Collision pairs: 2084
===========================
🚗 Traffic: 27 active NPCs (Near: 6, Mid: 17, Far: 4), 0 pooled
  → Physics bodies from NPCs: 27 (All: 27×1, было бы 27×5=135)

========== Bottleneck Analysis Report ==========
Time: 21.3s | Frames: 776

📊 PERFORMANCE OVERVIEW:
  FPS: 44.4 avg | 44.0 min
  Frame Time: 18.22 ms avg | 19.46 ms max
  Physics Time: 5.89 ms avg

🔍 BOTTLENECK IDENTIFICATION:
  🟠 [HIGH] Frame Time
      Value: 18.22 ms (target: 16.67 ms)
      Impact: Overall performance bottleneck
      Suggestions:
        • Reduce draw calls
        • Optimize scripts in _process()
        • Check for expensive operations per frame

  🟠 [HIGH] Draw Calls
      Value: 3763 calls/frame
      Impact: GPU rendering overhead
      Suggestions:
        • Batch meshes by material
        • Use MultiMeshInstance3D
        • Implement LOD system
        • Enable frustum culling

  🟠 [HIGH] Physics Bodies
      Value: 217 active bodies
      Impact: Physics engine load
      Suggestions:
        • Reduce NPC count
        • Convert distant NPCs to kinematic
        • Disable physics for far objects

  🟡 [MEDIUM] Physics Time
      Value: 5.89 ms
      Impact: Physics simulation overhead
      Suggestions:
        • Reduce number of active physics bodies
        • Simplify collision shapes
        • Disable physics for distant objects

  🟡 [MEDIUM] Vertex Count
      Value: 54081745 vertices/frame
      Impact: GPU vertex processing
      Suggestions:
        • Implement LOD for distant objects
        • Simplify building meshes
        • Use lower poly models

  🟡 [MEDIUM] Node Count
      Value: 12608 nodes
      Impact: Scene tree traversal overhead
      Suggestions:
        • Unload distant chunks
        • Pool and reuse nodes
        • Flatten hierarchy where possible

  🟡 [MEDIUM] Post-Processing Effects
      Value: SSAO, Glow/Bloom, Volumetric Fog
      Impact: GPU shader overhead
      Suggestions:
        • Reduce SSR quality
        • Disable SSAO on low-end hardware
        • Use simpler fog

📈 DETAILED STATS:
  Draw Calls: 3763 avg | 3995 max
  Vertices: 54081745 avg | 56042427 max
  Physics Bodies: 217
  Nodes: 12608
  VRAM: 718.1 MB

=================================================

OSM: Loading chunk -1,-3 at lat=59.1235, lon=37.8974
OSM: Loaded from cache: osm_v2_59.1235_37.8974_250.json
OSM: Loading chunk 0,-3 at lat=59.1235, lon=37.9026
OSM: Loaded from cache: osm_v2_59.1235_37.9026_250.json
OSM: Chunk -1,-3 data loaded
OSM: Found 2 entrance nodes in chunk
OSM: Found 10 POI nodes in chunk
POI_DEBUG: Found 'unknown' inside building at local (-132.4, -816.5)
BusinessSign: Found logo for 'втб' -> res://textures/brand_logos/vtb.png
POI_DEBUG: Found 'Ozon' inside building at local (-208.3, -750.2)
BusinessSign: Found logo for 'ozon' -> res://textures/brand_logos/ozon.png
POI_DEBUG: Found 'Сбербанк' inside building at local (-151.6, -859.4)
BusinessSign: Found logo for 'сбербанк' -> res://textures/brand_logos/sberbank.png
BusinessSign: Found logo for 'сбербанк' -> res://textures/brand_logos/sberbank.png
POI_DEBUG: Found 'Ozon' inside building at local (-59.7, -662.5)
BusinessSign: Found logo for 'ozon' -> res://textures/brand_logos/ozon.png
OSM: Generated 38 roads, 35 buildings, 0 trees, 0 signs, 0 lamps, 28 intersections
OSM: Marked chunk '-1,-3' for road batch finalization
OSM: Post-initial chunk loaded, pending_lamps=0
OSM: _create_pending_lamps started, count=0
OSM: No pending lamps
OSM: Chunk 0,-3 data loaded
OSM: Found 14 POI nodes in chunk
POI_DEBUG: Found 'Антей' inside building at local (29.3, -584.4)
OSM: Generated 79 roads, 17 buildings, 0 trees, 0 signs, 0 lamps, 37 intersections
OSM: Marked chunk '0,-3' for road batch finalization
OSM: Post-initial chunk loaded, pending_lamps=0
OSM: _create_pending_lamps started, count=0
OSM: No pending lamps
⚡ FRAME SPIKE #6: 86.4 ms at 10.8s (Draw: 3440, Bodies: 224)
OSM: DEBUG _add_road_to_batch - first road for chunk '0,-3', parent.name='Chunk_0,-3'
OSM: DEBUG _add_road_to_batch - first road for chunk '-1,-3', parent.name='Chunk_-1,-3'
⚡ FRAME SPIKE #7: 80.6 ms at 10.8s (Draw: 3465, Bodies: 225)
⚠️ SLOW FRAME 11.4ms: building=0.4 road=10.1 terrain=0.3 infra=0.6 veg=0.0 curb=0.0ms
⚡ FRAME SPIKE #8: 54.5 ms at 10.9s (Draw: 3605, Bodies: 226)
⚠️ SLOW FRAME 10.1ms: building=0.5 road=8.7 terrain=0.4 infra=0.6 veg=0.0 curb=0.0ms
⚡ FRAME SPIKE #9: 55.1 ms at 11.0s (Draw: 3607, Bodies: 227)
⚡ FRAME SPIKE #10: 34.0 ms at 11.0s (Draw: 3603, Bodies: 228)
⚡ FRAME SPIKE #11: 33.8 ms at 11.1s (Draw: 3564, Bodies: 229)
⚡ FRAME SPIKE #12: 37.5 ms at 11.1s (Draw: 3472, Bodies: 230)
⚡ FRAME SPIKE #13: 37.7 ms at 11.1s (Draw: 3467, Bodies: 231)
⚠️ SLOW FRAME 12.4ms: building=0.4 road=7.7 terrain=0.2 infra=0.5 veg=3.6 curb=0.0ms
⚡ FRAME SPIKE #14: 38.9 ms at 11.2s (Draw: 3477, Bodies: 232)
⚡ FRAME SPIKE #15: 35.0 ms at 11.2s (Draw: 3481, Bodies: 233)
🔴 FREEZE: road collision shape creation took 6.8 ms for chunk -1,-3 (type: residential)
OSM: ✅ Finalized road batch -1,-3/residential: 2166 vertices, 2110 triangles, material: <ImageTexture#-9223371972681922551>
OSM: ✅ Finalized road batch -1,-3/path: 792 vertices, 776 triangles, material: <ImageTexture#-9223371972598036470>
OSM: ✅ Finalized road batch -1,-3/primary: 410 vertices, 406 triangles, material: <ImageTexture#-9223371972765808632>
⚠️ SLOW: road batch finalization took 11.6 ms for chunk -1,-3
⚠️ SLOW FRAME 35.3ms: building=0.6 road=11.6 terrain=0.2 infra=0.4 veg=22.4 curb=0.0ms
⚡ FRAME SPIKE #16: 42.8 ms at 11.3s (Draw: 3481, Bodies: 234)
OSM: ✅ Finalized road batch 0,-3/path: 2286 vertices, 2210 triangles, material: <ImageTexture#-9223371972598036470>
OSM: ✅ Finalized road batch 0,-3/primary: 962 vertices, 944 triangles, material: <ImageTexture#-9223371972765808632>
OSM: ✅ Finalized road batch 0,-3/residential: 1688 vertices, 1624 triangles, material: <ImageTexture#-9223371972681922551>
⚠️ SLOW: road batch finalization took 11.6 ms for chunk 0,-3
⚠️ SLOW FRAME 12.7ms: building=0.4 road=11.6 terrain=0.3 infra=0.4 veg=0.0 curb=0.0ms
⚡ FRAME SPIKE #17: 33.7 ms at 11.3s (Draw: 3481, Bodies: 235)
⚠️ SLOW FRAME 18.1ms: building=0.4 road=1.1 terrain=0.2 infra=0.8 veg=15.3 curb=0.4ms
⚡ FRAME SPIKE #18: 29.7 ms at 11.3s (Draw: 3481, Bodies: 235)
OSM: 🌙 NIGHT Window batch 0,-3 | night_mgr: CACHED | is_night value: true
OSM: ✅ Finalized window batch 0,-3: 2329 windows (was 2329 draw calls before batching)
OSM: 🌙 NIGHT Window batch -1,-3 | night_mgr: CACHED | is_night value: true
OSM: ✅ Finalized window batch -1,-3: 4341 windows (was 4341 draw calls before batching)
⚡ FRAME SPIKE #19: 27.5 ms at 11.6s (Draw: 3652, Bodies: 268)
⚡ FRAME SPIKE #20: 37.8 ms at 11.6s (Draw: 3654, Bodies: 269)
⚡ FRAME SPIKE #21: 28.5 ms at 11.7s (Draw: 3654, Bodies: 270)
⚡ FRAME SPIKE #22: 27.8 ms at 11.7s (Draw: 3666, Bodies: 271)
⚡ FRAME SPIKE #23: 28.6 ms at 11.7s (Draw: 3666, Bodies: 272)
⚡ FRAME SPIKE #24: 29.2 ms at 11.8s (Draw: 3964, Bodies: 274)
⚡ FRAME SPIKE #25: 52.6 ms at 11.8s (Draw: 3981, Bodies: 275)
⚡ FRAME SPIKE #26: 36.6 ms at 11.8s (Draw: 3975, Bodies: 276)
⚡ FRAME SPIKE #27: 33.3 ms at 11.9s (Draw: 3883, Bodies: 277)
⚡ FRAME SPIKE #28: 33.3 ms at 11.9s (Draw: 3692, Bodies: 278)
⚡ FRAME SPIKE #29: 33.3 ms at 12.0s (Draw: 3618, Bodies: 279)
⚡ FRAME SPIKE #30: 33.3 ms at 12.0s (Draw: 3612, Bodies: 280)
⚡ FRAME SPIKE #31: 33.3 ms at 12.0s (Draw: 3541, Bodies: 281)
⚡ FRAME SPIKE #32: 31.1 ms at 12.1s (Draw: 3488, Bodies: 282)
⚡ FRAME SPIKE #33: 30.0 ms at 12.1s (Draw: 3450, Bodies: 283)
⚡ FRAME SPIKE #34: 27.5 ms at 12.1s (Draw: 3442, Bodies: 283)
⚡ FRAME SPIKE #35: 27.6 ms at 12.2s (Draw: 3422, Bodies: 283)
⚡ FRAME SPIKE #36: 26.2 ms at 12.2s (Draw: 3428, Bodies: 283)
⚡ FRAME SPIKE #37: 25.0 ms at 12.2s (Draw: 3425, Bodies: 283)
⚡ FRAME SPIKE #38: 25.9 ms at 12.3s (Draw: 3441, Bodies: 283)
⚡ FRAME SPIKE #39: 25.8 ms at 12.3s (Draw: 3440, Bodies: 283)
🚗 Traffic: 28 active NPCs (Near: 7, Mid: 15, Far: 6), 2 pooled
  → Physics bodies from NPCs: 28 (All: 28×1, было бы 28×5=140)

========== Bottleneck Analysis Report ==========
Time: 23.3s | Frames: 867

📊 PERFORMANCE OVERVIEW:
  FPS: 41.4 avg | 35.0 min
  Frame Time: 55.87 ms avg | 92.84 ms max
  Physics Time: 6.53 ms avg

🔍 BOTTLENECK IDENTIFICATION:
  🔴 [CRITICAL] Frame Time
      Value: 55.87 ms (target: 16.67 ms)
      Impact: Overall performance bottleneck
      Suggestions:
        • Reduce draw calls
        • Optimize scripts in _process()
        • Check for expensive operations per frame

  🟠 [HIGH] Draw Calls
      Value: 3559 calls/frame
      Impact: GPU rendering overhead
      Suggestions:
        • Batch meshes by material
        • Use MultiMeshInstance3D
        • Implement LOD system
        • Enable frustum culling

  🟠 [HIGH] Physics Bodies
      Value: 244 active bodies
      Impact: Physics engine load
      Suggestions:
        • Reduce NPC count
        • Convert distant NPCs to kinematic
        • Disable physics for far objects

  🟡 [MEDIUM] Physics Time
      Value: 6.53 ms
      Impact: Physics simulation overhead
      Suggestions:
        • Reduce number of active physics bodies
        • Simplify collision shapes
        • Disable physics for distant objects

  🟡 [MEDIUM] Vertex Count
      Value: 25257169 vertices/frame
      Impact: GPU vertex processing
      Suggestions:
        • Implement LOD for distant objects
        • Simplify building meshes
        • Use lower poly models

  🟡 [MEDIUM] Node Count
      Value: 16243 nodes
      Impact: Scene tree traversal overhead
      Suggestions:
        • Unload distant chunks
        • Pool and reuse nodes
        • Flatten hierarchy where possible

  🟡 [MEDIUM] Post-Processing Effects
      Value: SSAO, Glow/Bloom, Volumetric Fog
      Impact: GPU shader overhead
      Suggestions:
        • Reduce SSR quality
        • Disable SSAO on low-end hardware
        • Use simpler fog

📈 DETAILED STATS:
  Draw Calls: 3559 avg | 3981 max
  Vertices: 25257169 avg | 56006054 max
  Physics Bodies: 244
  Nodes: 16243
  VRAM: 727.4 MB

=================================================

⚡ FRAME SPIKE #40: 50.3 ms at 13.8s (Draw: 3256, Bodies: 284)
⚡ FRAME SPIKE #41: 35.0 ms at 13.9s (Draw: 3249, Bodies: 284)
⚡ FRAME SPIKE #42: 33.8 ms at 13.9s (Draw: 3248, Bodies: 284)
⚡ FRAME SPIKE #43: 35.1 ms at 13.9s (Draw: 3244, Bodies: 284)
⚡ FRAME SPIKE #44: 27.8 ms at 14.0s (Draw: 3249, Bodies: 284)
⚡ FRAME SPIKE #45: 26.7 ms at 14.0s (Draw: 3299, Bodies: 284)
⚡ FRAME SPIKE #46: 26.2 ms at 14.1s (Draw: 3331, Bodies: 284)
⚡ FRAME SPIKE #47: 25.9 ms at 14.1s (Draw: 3329, Bodies: 283)
⚡ FRAME SPIKE #48: 25.8 ms at 14.2s (Draw: 3325, Bodies: 283)
⚡ FRAME SPIKE #49: 25.2 ms at 14.4s (Draw: 3241, Bodies: 283)

=== PERFORMANCE METRICS ===
FPS: 39 | Frame: 23.1 ms (max 86.4) | Physics: 16.7 ms (max 98.6)
Godot Process: 36.71 ms | Physics: 7.26 ms
Objects: 39049 | Nodes: 16413 | Resources: 536
Draw calls: 3240 | Vertices: 6637464 | VRAM: 727.4 MB
Physics bodies: 283 | Collision pairs: 3046
--- System Times ---
  road_batch_finalize_total_-1,-1: 10.47 ms (max 10.47)
  road_batch_finalize_total_-1,-2: 15.38 ms (max 15.38)
  road_batch_finalize_total_-1,-3: 11.56 ms (max 11.56)
  road_batch_finalize_total_-1,0: 3.82 ms (max 3.82)
  road_batch_finalize_total_-2,-1: 16.32 ms (max 16.32)
  road_batch_finalize_total_-2,-2: 15.24 ms (max 15.24)
  road_batch_finalize_total_-2,0: 14.05 ms (max 14.05)
  road_batch_finalize_total_0,-1: 19.44 ms (max 19.44)
  road_batch_finalize_total_0,-2: 19.68 ms (max 19.68)
  road_batch_finalize_total_0,-3: 11.59 ms (max 11.59)
  road_batch_finalize_total_0,0: 16.18 ms (max 16.18)
  road_batch_finalize_total_0,1: 10.93 ms (max 10.93)
  road_batch_finalize_total_1,-1: 16.70 ms (max 16.70)
  road_batch_finalize_total_1,-2: 18.21 ms (max 18.21)
  road_batch_finalize_total_1,0: 12.08 ms (max 12.08)
  road_collision_create_-1,-1: 3.28 ms (max 3.86)
  road_collision_create_-1,-2: 7.46 ms (max 11.95)
  road_collision_create_-1,-3: 3.47 ms (max 6.77)
  road_collision_create_-1,0: 1.74 ms (max 2.01)
  road_collision_create_-2,-1: 5.22 ms (max 10.23)
  road_collision_create_-2,-2: 7.37 ms (max 13.00)
  road_collision_create_-2,0: 6.79 ms (max 10.68)
  road_collision_create_0,-1: 6.19 ms (max 12.66)
  road_collision_create_0,-2: 6.30 ms (max 11.99)
  road_collision_create_0,-3: 3.51 ms (max 4.80)
  road_collision_create_0,0: 5.16 ms (max 12.41)
  road_collision_create_0,1: 10.65 ms (max 10.65)
  road_collision_create_1,-1: 5.31 ms (max 12.56)
  road_collision_create_1,-2: 8.81 ms (max 15.10)
  road_collision_create_1,0: 11.81 ms (max 11.81)
===========================

=== PERFORMANCE METRICS ===
FPS: 39 | Frame: 23.1 ms (max 86.4) | Physics: 16.7 ms (max 98.7)
Godot Process: 36.71 ms | Physics: 7.26 ms
Objects: 39049 | Nodes: 16413 | Resources: 536
Draw calls: 3240 | Vertices: 6637464 | VRAM: 727.4 MB
Physics bodies: 283 | Collision pairs: 3046
===========================
🚗 Traffic: 29 active NPCs (Near: 5, Mid: 14, Far: 10), 2 pooled
  → Physics bodies from NPCs: 29 (All: 29×1, было бы 29×5=145)

========== Bottleneck Analysis Report ==========
Time: 25.4s | Frames: 948

📊 PERFORMANCE OVERVIEW:
  FPS: 44.9 avg | 35.0 min
  Frame Time: 43.77 ms avg | 92.84 ms max
  Physics Time: 6.79 ms avg

🔍 BOTTLENECK IDENTIFICATION:
  🔴 [CRITICAL] Frame Time
      Value: 43.77 ms (target: 16.67 ms)
      Impact: Overall performance bottleneck
      Suggestions:
        • Reduce draw calls
        • Optimize scripts in _process()
        • Check for expensive operations per frame

  🟠 [HIGH] Draw Calls
      Value: 3375 calls/frame
      Impact: GPU rendering overhead
      Suggestions:
        • Batch meshes by material
        • Use MultiMeshInstance3D
        • Implement LOD system
        • Enable frustum culling

  🟠 [HIGH] Physics Bodies
      Value: 280 active bodies
      Impact: Physics engine load
      Suggestions:
        • Reduce NPC count
        • Convert distant NPCs to kinematic
        • Disable physics for far objects

  🟡 [MEDIUM] Physics Time
      Value: 6.79 ms
      Impact: Physics simulation overhead
      Suggestions:
        • Reduce number of active physics bodies
        • Simplify collision shapes
        • Disable physics for distant objects

  🟡 [MEDIUM] Vertex Count
      Value: 7106864 vertices/frame
      Impact: GPU vertex processing
      Suggestions:
        • Implement LOD for distant objects
        • Simplify building meshes
        • Use lower poly models

  🟡 [MEDIUM] Node Count
      Value: 16413 nodes
      Impact: Scene tree traversal overhead
      Suggestions:
        • Unload distant chunks
        • Pool and reuse nodes
        • Flatten hierarchy where possible

  🟡 [MEDIUM] Post-Processing Effects
      Value: SSAO, Glow/Bloom, Volumetric Fog
      Impact: GPU shader overhead
      Suggestions:
        • Reduce SSR quality
        • Disable SSAO on low-end hardware
        • Use simpler fog

📈 DETAILED STATS:
  Draw Calls: 3375 avg | 3981 max
  Vertices: 7106864 avg | 12842573 max
  Physics Bodies: 280
  Nodes: 16413
  VRAM: 727.4 MB

=================================================

🚗 Traffic: 28 active NPCs (Near: 0, Mid: 19, Far: 9), 3 pooled
  → Physics bodies from NPCs: 28 (All: 28×1, было бы 28×5=140)

========== Bottleneck Analysis Report ==========
Time: 27.4s | Frames: 1033

📊 PERFORMANCE OVERVIEW:
  FPS: 40.6 avg | 39.0 min
  Frame Time: 23.74 ms avg | 36.71 ms max
  Physics Time: 7.17 ms avg

🔍 BOTTLENECK IDENTIFICATION:
  🟠 [HIGH] Frame Time
      Value: 23.74 ms (target: 16.67 ms)
      Impact: Overall performance bottleneck
      Suggestions:
        • Reduce draw calls
        • Optimize scripts in _process()
        • Check for expensive operations per frame

  🟠 [HIGH] Draw Calls
      Value: 3212 calls/frame
      Impact: GPU rendering overhead
      Suggestions:
        • Batch meshes by material
        • Use MultiMeshInstance3D
        • Implement LOD system
        • Enable frustum culling

  🟠 [HIGH] Physics Bodies
      Value: 283 active bodies
      Impact: Physics engine load
      Suggestions:
        • Reduce NPC count
        • Convert distant NPCs to kinematic
        • Disable physics for far objects

  🟡 [MEDIUM] Physics Time
      Value: 7.17 ms
      Impact: Physics simulation overhead
      Suggestions:
        • Reduce number of active physics bodies
        • Simplify collision shapes
        • Disable physics for distant objects

  🟡 [MEDIUM] Vertex Count
      Value: 6637225 vertices/frame
      Impact: GPU vertex processing
      Suggestions:
        • Implement LOD for distant objects
        • Simplify building meshes
        • Use lower poly models

  🟡 [MEDIUM] Node Count
      Value: 16413 nodes
      Impact: Scene tree traversal overhead
      Suggestions:
        • Unload distant chunks
        • Pool and reuse nodes
        • Flatten hierarchy where possible

  🟡 [MEDIUM] Post-Processing Effects
      Value: SSAO, Glow/Bloom, Volumetric Fog
      Impact: GPU shader overhead
      Suggestions:
        • Reduce SSR quality
        • Disable SSAO on low-end hardware
        • Use simpler fog

📈 DETAILED STATS:
  Draw Calls: 3212 avg | 3334 max
  Vertices: 6637225 avg | 6724467 max
  Physics Bodies: 283
  Nodes: 16413
  VRAM: 727.4 MB

=================================================

OSM: Loading chunk -2,-3 at lat=59.1235, lon=37.8921
OSM: Loaded from cache: osm_v2_59.1235_37.8921_250.json
OSM: Chunk -2,-3 data loaded
OSM: Found 14 POI nodes in chunk
POI_DEBUG: Found 'Аптека+' inside building at local (-584.9, -728.9)
OSM: Generated 36 roads, 41 buildings, 0 trees, 0 signs, 0 lamps, 26 intersections
OSM: Marked chunk '-2,-3' for road batch finalization
OSM: Post-initial chunk loaded, pending_lamps=442
OSM: _create_pending_lamps started, count=442
OSM: Created 255 lamps, skipped 187 (on parking or chunk not loaded)
OSM: DEBUG - Finalizing 0 lamp batches
⚡ FRAME SPIKE #50: 68.2 ms at 18.0s (Draw: 3110, Bodies: 284)
OSM: DEBUG _add_road_to_batch - first road for chunk '-2,-3', parent.name='Chunk_-2,-3'
OSM: DEBUG - First lamp added to chunk 0,-3 batch
⚠️ SLOW FRAME 10.4ms: building=0.5 road=9.0 terrain=0.2 infra=0.7 veg=0.0 curb=0.0ms
⚡ FRAME SPIKE #51: 53.5 ms at 18.0s (Draw: 3105, Bodies: 284)
⚡ FRAME SPIKE #52: 41.0 ms at 18.1s (Draw: 3118, Bodies: 284)
⚡ FRAME SPIKE #53: 50.0 ms at 18.1s (Draw: 3129, Bodies: 284)
OSM: ✅ Finalized road batch -2,-3/residential: 1996 vertices, 1940 triangles, material: <ImageTexture#-9223371972681922551>
OSM: ✅ Finalized road batch -2,-3/primary: 410 vertices, 406 triangles, material: <ImageTexture#-9223371972765808632>
OSM: ✅ Finalized road batch -2,-3/path: 658 vertices, 646 triangles, material: <ImageTexture#-9223371972598036470>
⚠️ SLOW: road batch finalization took 8.7 ms for chunk -2,-3
⚡ FRAME SPIKE #54: 30.8 ms at 18.2s (Draw: 3129, Bodies: 284)
OSM: DEBUG - First lamp added to chunk -1,-3 batch
OSM: 🌙 NIGHT Window batch -2,-3 | night_mgr: CACHED | is_night value: true
OSM: ✅ Finalized window batch -2,-3: 5141 windows (was 5141 draw calls before batching)
OSM: 🌙 NIGHT Window batch -2,-3 | night_mgr: CACHED | is_night value: true
OSM: ✅ Finalized window batch -2,-3: 200 windows (was 200 draw calls before batching)
⚡ FRAME SPIKE #55: 27.9 ms at 18.4s (Draw: 3147, Bodies: 283)
OSM: Loading chunk 1,-3 at lat=59.1235, lon=37.9079
OSM: Loaded from cache: osm_v2_59.1235_37.9079_250.json
OSM: Chunk 1,-3 data loaded
OSM: Found 4 entrance nodes in chunk
OSM: Found 29 POI nodes in chunk
POI_DEBUG: Found 'Бон Аппетит' inside building at local (536.3, -777.3)
POI_DEBUG: Found 'Осетинские пироги' inside building at local (571.7, -769.5)
POI_DEBUG: Found 'Ткани для Вас' inside building at local (630.6, -755.6)
POI_DEBUG: Found 'Аста-запчасти' inside building at local (556.2, -773.0)
POI_DEBUG: Found 'Coffee Like' inside building at local (572.0, -760.4)
POI_DEBUG: Found 'Шексна' inside building at local (409.3, -852.9)
POI_DEBUG: Found 'Ozon' inside building at local (392.2, -869.7)
BusinessSign: Found logo for 'ozon' -> res://textures/brand_logos/ozon.png
POI_DEBUG: Found 'Академия слуха' inside building at local (369.2, -911.4)
POI_DEBUG: Found 'DNS' inside building at local (364.5, -739.9)
POI_DEBUG: Found 'Пятёрочка' inside building at local (336.8, -729.4)
POI_DEBUG: Found 'Антей' inside building at local (359.3, -721.5)
BusinessSign: Found logo for 'dns' -> res://textures/brand_logos/dns.png
BusinessSign: Found logo for 'пятёрочка' -> res://textures/brand_logos/pyaterochka.png
POI_DEBUG: Found 'Десяточка' inside building at local (434.3, -758.0)
POI_DEBUG: Found 'Алоэ' inside building at local (425.4, -758.1)
POI_DEBUG: Found 'МТС' inside building at local (420.4, -759.2)
BusinessSign: Found logo for 'мтс' -> res://textures/brand_logos/mts.png
POI_DEBUG: Found 'Россельхозбанк' inside building at local (465.8, -706.4)
POI_DEBUG: Found 'OTP-банк' inside building at local (592.3, -604.5)
POI_DEBUG: Found 'ВТБ' inside building at local (594.8, -612.1)
POI_DEBUG: Found 'Шашлычек' inside building at local (589.3, -592.4)
POI_DEBUG: Found 'Easy Slip' inside building at local (581.6, -593.1)
BusinessSign: Found logo for 'втб' -> res://textures/brand_logos/vtb.png
POI_DEBUG: Found 'СДЭК' inside building at local (536.8, -743.2)
POI_DEBUG: Found 'Ozon' inside building at local (559.0, -660.9)
BusinessSign: Found logo for 'ozon' -> res://textures/brand_logos/ozon.png
BusinessSign: Found logo for 'пятёрочка' -> res://textures/brand_logos/pyaterochka.png
OSM: Generated 55 roads, 18 buildings, 0 trees, 0 signs, 0 lamps, 28 intersections
OSM: Marked chunk '1,-3' for road batch finalization
OSM: Post-initial chunk loaded, pending_lamps=172
OSM: _create_pending_lamps started, count=172
OSM: Created 107 lamps, skipped 65 (on parking or chunk not loaded)
OSM: DEBUG - Finalizing 2 lamp batches
OSM: ✅ Finalized lamp batch 0,-3: 31 lamps (3 MultiMeshes + 31 lights, was 93 draw calls before)
OSM: ✅ Finalized lamp batch -1,-3: 7 lamps (3 MultiMeshes + 7 lights, was 21 draw calls before)
⚡ FRAME SPIKE #56: 100.5 ms at 18.5s (Draw: 3464, Bodies: 283)
OSM: DEBUG _add_road_to_batch - first road for chunk '1,-3', parent.name='Chunk_1,-3'
OSM: DEBUG - First lamp added to chunk 0,-3 batch
🚗 Traffic: 28 active NPCs (Near: 0, Mid: 15, Far: 13), 3 pooled
  → Physics bodies from NPCs: 28 (All: 28×1, было бы 28×5=140)

========== Bottleneck Analysis Report ==========
Time: 29.5s | Frames: 1135

📊 PERFORMANCE OVERVIEW:
  FPS: 41.8 avg | 39.0 min
  Frame Time: 29.15 ms avg | 60.65 ms max
  Physics Time: 7.22 ms avg

🔍 BOTTLENECK IDENTIFICATION:
  🟠 [HIGH] Frame Time
      Value: 29.15 ms (target: 16.67 ms)
      Impact: Overall performance bottleneck
      Suggestions:
        • Reduce draw calls
        • Optimize scripts in _process()
        • Check for expensive operations per frame

  🟠 [HIGH] Draw Calls
      Value: 3107 calls/frame
      Impact: GPU rendering overhead
      Suggestions:
        • Batch meshes by material
        • Use MultiMeshInstance3D
        • Implement LOD system
        • Enable frustum culling

  🟠 [HIGH] Physics Bodies
      Value: 282 active bodies
      Impact: Physics engine load
      Suggestions:
        • Reduce NPC count
        • Convert distant NPCs to kinematic
        • Disable physics for far objects

  🟡 [MEDIUM] Physics Time
      Value: 7.22 ms
      Impact: Physics simulation overhead
      Suggestions:
        • Reduce number of active physics bodies
        • Simplify collision shapes
        • Disable physics for distant objects

  🟡 [MEDIUM] Vertex Count
      Value: 6570051 vertices/frame
      Impact: GPU vertex processing
      Suggestions:
        • Implement LOD for distant objects
        • Simplify building meshes
        • Use lower poly models

  🟡 [MEDIUM] Node Count
      Value: 18225 nodes
      Impact: Scene tree traversal overhead
      Suggestions:
        • Unload distant chunks
        • Pool and reuse nodes
        • Flatten hierarchy where possible

  🟡 [MEDIUM] Post-Processing Effects
      Value: SSAO, Glow/Bloom, Volumetric Fog
      Impact: GPU shader overhead
      Suggestions:
        • Reduce SSR quality
        • Disable SSAO on low-end hardware
        • Use simpler fog

📈 DETAILED STATS:
  Draw Calls: 3107 avg | 3464 max
  Vertices: 6570051 avg | 6829898 max
  Physics Bodies: 282
  Nodes: 18225
  VRAM: 729.5 MB

=================================================

⚡ FRAME SPIKE #57: 67.1 ms at 18.6s (Draw: 3470, Bodies: 283)
OSM: DEBUG - First lamp added to chunk -1,-3 batch
⚡ FRAME SPIKE #58: 53.0 ms at 18.6s (Draw: 3466, Bodies: 283)
⚡ FRAME SPIKE #59: 46.6 ms at 18.7s (Draw: 3471, Bodies: 283)
OSM: ✅ Finalized road batch 1,-3/residential: 1686 vertices, 1624 triangles, material: <ImageTexture#-9223371972681922551>
OSM: ✅ Finalized road batch 1,-3/path: 1238 vertices, 1192 triangles, material: <ImageTexture#-9223371972598036470>
OSM: ✅ Finalized road batch 1,-3/primary: 180 vertices, 178 triangles, material: <ImageTexture#-9223371972765808632>
⚠️ SLOW: road batch finalization took 9.1 ms for chunk 1,-3
⚠️ SLOW FRAME 10.3ms: building=0.4 road=9.2 terrain=0.2 infra=0.4 veg=0.0 curb=0.0ms
⚡ FRAME SPIKE #60: 33.3 ms at 18.7s (Draw: 3471, Bodies: 283)
OSM: 🌙 NIGHT Window batch 1,-3 | night_mgr: CACHED | is_night value: true
OSM: ✅ Finalized window batch 1,-3: 4101 windows (was 4101 draw calls before batching)
OSM: 🌙 NIGHT Window batch 1,-3 | night_mgr: CACHED | is_night value: true
OSM: ✅ Finalized window batch 1,-3: 405 windows (was 405 draw calls before batching)
⚡ FRAME SPIKE #61: 30.9 ms at 18.9s (Draw: 3525, Bodies: 284)
⚡ FRAME SPIKE #62: 31.4 ms at 19.0s (Draw: 3539, Bodies: 284)
⚡ FRAME SPIKE #63: 29.7 ms at 19.0s (Draw: 3563, Bodies: 284)
⚡ FRAME SPIKE #64: 27.1 ms at 19.1s (Draw: 3567, Bodies: 284)
⚡ FRAME SPIKE #65: 29.4 ms at 19.1s (Draw: 3576, Bodies: 285)
⚡ FRAME SPIKE #66: 26.7 ms at 19.1s (Draw: 3572, Bodies: 285)
⚡ FRAME SPIKE #67: 26.0 ms at 19.2s (Draw: 3575, Bodies: 285)
⚡ FRAME SPIKE #68: 26.7 ms at 19.2s (Draw: 3576, Bodies: 285)
⚡ FRAME SPIKE #69: 27.1 ms at 19.2s (Draw: 3570, Bodies: 285)
⚡ FRAME SPIKE #70: 28.0 ms at 19.2s (Draw: 3566, Bodies: 285)
⚡ FRAME SPIKE #71: 27.1 ms at 19.3s (Draw: 3562, Bodies: 285)
⚡ FRAME SPIKE #72: 27.1 ms at 19.3s (Draw: 3558, Bodies: 285)
⚡ FRAME SPIKE #73: 28.1 ms at 19.3s (Draw: 3553, Bodies: 285)
⚡ FRAME SPIKE #74: 27.1 ms at 19.3s (Draw: 3557, Bodies: 285)
⚡ FRAME SPIKE #75: 27.3 ms at 19.4s (Draw: 3538, Bodies: 285)
⚡ FRAME SPIKE #76: 29.7 ms at 19.4s (Draw: 3550, Bodies: 286)
⚡ FRAME SPIKE #77: 27.3 ms at 19.4s (Draw: 3545, Bodies: 286)
⚡ FRAME SPIKE #78: 27.8 ms at 19.5s (Draw: 3542, Bodies: 286)

=== PERFORMANCE METRICS ===
FPS: 63 | Frame: 22.7 ms (max 100.5) | Physics: 16.7 ms (max 95.2)
Godot Process: 88.41 ms | Physics: 7.37 ms
Objects: 45413 | Nodes: 19210 | Resources: 538
Draw calls: 3542 | Vertices: 6829012 | VRAM: 730.6 MB
Physics bodies: 286 | Collision pairs: 3390
--- System Times ---
  road_batch_finalize_total_-1,-1: 10.47 ms (max 10.47)
  road_batch_finalize_total_-1,-2: 15.38 ms (max 15.38)
  road_batch_finalize_total_-1,-3: 11.56 ms (max 11.56)
  road_batch_finalize_total_-1,0: 3.82 ms (max 3.82)
  road_batch_finalize_total_-2,-1: 16.32 ms (max 16.32)
  road_batch_finalize_total_-2,-2: 15.24 ms (max 15.24)
  road_batch_finalize_total_-2,-3: 8.67 ms (max 8.67)
  road_batch_finalize_total_-2,0: 14.05 ms (max 14.05)
  road_batch_finalize_total_0,-1: 19.44 ms (max 19.44)
  road_batch_finalize_total_0,-2: 19.68 ms (max 19.68)
  road_batch_finalize_total_0,-3: 11.59 ms (max 11.59)
  road_batch_finalize_total_0,0: 16.18 ms (max 16.18)
  road_batch_finalize_total_0,1: 10.93 ms (max 10.93)
  road_batch_finalize_total_1,-1: 16.70 ms (max 16.70)
  road_batch_finalize_total_1,-2: 18.21 ms (max 18.21)
  road_batch_finalize_total_1,-3: 9.12 ms (max 9.12)
  road_batch_finalize_total_1,0: 12.08 ms (max 12.08)
  road_collision_create_-1,-1: 3.28 ms (max 3.86)
  road_collision_create_-1,-2: 7.46 ms (max 11.95)
  road_collision_create_-1,-3: 3.47 ms (max 6.77)
  road_collision_create_-1,0: 1.74 ms (max 2.01)
  road_collision_create_-2,-1: 5.22 ms (max 10.23)
  road_collision_create_-2,-2: 7.37 ms (max 13.00)
  road_collision_create_-2,-3: 2.60 ms (max 4.44)
  road_collision_create_-2,0: 6.79 ms (max 10.68)
  road_collision_create_0,-1: 6.19 ms (max 12.66)
  road_collision_create_0,-2: 6.30 ms (max 11.99)
  road_collision_create_0,-3: 3.51 ms (max 4.80)
  road_collision_create_0,0: 5.16 ms (max 12.41)
  road_collision_create_0,1: 10.65 ms (max 10.65)
  road_collision_create_1,-1: 5.31 ms (max 12.56)
  road_collision_create_1,-2: 8.81 ms (max 15.10)
  road_collision_create_1,-3: 2.73 ms (max 3.56)
  road_collision_create_1,0: 11.81 ms (max 11.81)
===========================

=== PERFORMANCE METRICS ===
FPS: 63 | Frame: 22.7 ms (max 100.5) | Physics: 16.7 ms (max 95.4)
Godot Process: 88.41 ms | Physics: 7.37 ms
Objects: 45413 | Nodes: 19210 | Resources: 538
Draw calls: 3542 | Vertices: 6829012 | VRAM: 730.6 MB
Physics bodies: 286 | Collision pairs: 3390
===========================
⚡ FRAME SPIKE #79: 28.9 ms at 19.5s (Draw: 3557, Bodies: 286)
⚡ FRAME SPIKE #80: 27.8 ms at 19.5s (Draw: 3572, Bodies: 287)
⚡ FRAME SPIKE #81: 27.8 ms at 19.5s (Draw: 3583, Bodies: 288)
⚡ FRAME SPIKE #82: 27.8 ms at 19.6s (Draw: 3581, Bodies: 288)
⚡ FRAME SPIKE #83: 27.8 ms at 19.6s (Draw: 3590, Bodies: 288)
⚡ FRAME SPIKE #84: 27.8 ms at 19.6s (Draw: 3629, Bodies: 288)
⚡ FRAME SPIKE #85: 27.8 ms at 19.6s (Draw: 3647, Bodies: 288)
⚡ FRAME SPIKE #86: 27.4 ms at 19.7s (Draw: 3652, Bodies: 288)
⚡ FRAME SPIKE #87: 27.8 ms at 19.7s (Draw: 3652, Bodies: 288)
⚡ FRAME SPIKE #88: 27.8 ms at 19.7s (Draw: 3651, Bodies: 288)
⚡ FRAME SPIKE #89: 27.3 ms at 19.8s (Draw: 3649, Bodies: 288)
⚡ FRAME SPIKE #90: 27.8 ms at 19.8s (Draw: 3641, Bodies: 287)
⚡ FRAME SPIKE #91: 27.8 ms at 19.8s (Draw: 3640, Bodies: 287)
⚡ FRAME SPIKE #92: 27.8 ms at 19.8s (Draw: 3641, Bodies: 289)
⚡ FRAME SPIKE #93: 27.8 ms at 19.9s (Draw: 3646, Bodies: 289)
OSM: DEBUG - First lamp added to chunk -2,-3 batch
⚡ FRAME SPIKE #94: 27.8 ms at 19.9s (Draw: 3658, Bodies: 289)
⚡ FRAME SPIKE #95: 27.8 ms at 19.9s (Draw: 3667, Bodies: 290)
⚡ FRAME SPIKE #96: 27.8 ms at 20.0s (Draw: 3677, Bodies: 290)
⚡ FRAME SPIKE #97: 27.8 ms at 20.0s (Draw: 3659, Bodies: 290)
⚡ FRAME SPIKE #98: 27.8 ms at 20.0s (Draw: 3660, Bodies: 290)
⚡ FRAME SPIKE #99: 27.8 ms at 20.0s (Draw: 3676, Bodies: 290)
⚡ FRAME SPIKE #100: 27.8 ms at 20.1s (Draw: 3692, Bodies: 291)
⚡ FRAME SPIKE #101: 27.3 ms at 20.1s (Draw: 3700, Bodies: 291)
⚡ FRAME SPIKE #102: 27.8 ms at 20.1s (Draw: 3704, Bodies: 292)
⚡ FRAME SPIKE #103: 27.8 ms at 20.1s (Draw: 3701, Bodies: 292)

========== PERFORMANCE METRICS ==========
Frames: 600
  total_frame: avg=0.73 ms, median=0.90 ms, max=35.30 ms, calls=600, total=436.6 ms
  road_queue: avg=0.40 ms, median=0.32 ms, max=11.64 ms, calls=600, total=237.5 ms
  road_create: avg=0.44 ms, median=0.11 ms, max=8.48 ms, calls=208, total=92.5 ms
  curb_mesh: avg=0.14 ms, median=0.00 ms, max=1.66 ms, calls=575, total=78.5 ms
  infra_queue: avg=0.11 ms, median=0.32 ms, max=0.95 ms, calls=600, total=66.0 ms
  vegetation_queue: avg=0.08 ms, median=0.00 ms, max=22.41 ms, calls=600, total=50.2 ms
  veg_trees: avg=8.24 ms, median=5.71 ms, max=22.39 ms, calls=6, total=49.4 ms
  road_batch_finalize: avg=10.28 ms, median=11.60 ms, max=11.63 ms, calls=4, total=41.1 ms
  curb_collisions: avg=0.06 ms, median=0.00 ms, max=1.19 ms, calls=600, total=35.8 ms
  infra_sort: avg=0.23 ms, median=0.28 ms, max=0.62 ms, calls=146, total=34.0 ms
  building_results: avg=0.05 ms, median=0.01 ms, max=0.68 ms, calls=600, total=28.0 ms
  infra_yield_sign: avg=0.38 ms, median=0.40 ms, max=0.68 ms, calls=66, total=24.9 ms
  building_apply: avg=0.20 ms, median=0.20 ms, max=0.46 ms, calls=98, total=19.2 ms
  window_batch_finalize: avg=1.43 ms, median=1.82 ms, max=2.31 ms, calls=6, total=8.6 ms
  terrain_queue: avg=0.01 ms, median=0.00 ms, max=0.36 ms, calls=600, total=7.0 ms
  building_sort: avg=0.08 ms, median=0.06 ms, max=0.21 ms, calls=68, total=5.1 ms
  curb_smooth: avg=0.03 ms, median=0.03 ms, max=0.14 ms, calls=133, total=4.3 ms
  terrain_landuse: avg=0.10 ms, median=0.09 ms, max=0.17 ms, calls=42, total=4.2 ms
  road_sort: avg=0.28 ms, median=0.29 ms, max=0.58 ms, calls=9, total=2.6 ms
  infra_traffic_light: avg=0.60 ms, median=0.66 ms, max=0.68 ms, calls=4, total=2.4 ms
  infra_lamp: avg=0.02 ms, median=0.02 ms, max=0.10 ms, calls=96, total=2.2 ms
  curb_latlon: avg=0.01 ms, median=0.01 ms, max=0.03 ms, calls=133, total=1.4 ms
  terrain_natural: avg=0.10 ms, median=0.10 ms, max=0.14 ms, calls=6, total=0.6 ms
  terrain_sort: avg=0.09 ms, median=0.09 ms, max=0.12 ms, calls=6, total=0.5 ms
  veg_bushes_grass: avg=0.01 ms, median=0.01 ms, max=0.02 ms, calls=6, total=0.1 ms
  terrain_leisure: avg=0.07 ms, median=0.07 ms, max=0.07 ms, calls=1, total=0.1 ms
==========================================


========== DRAW CALL BREAKDOWN ==========
Total tracked draw calls: 1537

  Vegetation  :   730 ( 47.5%) █████████
  Buildings   :   546 ( 35.5%) ███████
  Terrain     :   146 (  9.5%) █
  Roads       :    42 (  2.7%) 
  Lamps       :    30 (  2.0%) 
  Signs       :    26 (  1.7%) 
  Windows     :    17 (  1.1%) 

💡 RECOMMENDATIONS:
  🔴 Buildings: 35.5% of draw calls
     → Implement MultiMeshInstance3D for building base meshes
=========================================

⚡ FRAME SPIKE #104: 27.8 ms at 20.2s (Draw: 3701, Bodies: 292)
⚡ FRAME SPIKE #105: 27.8 ms at 20.2s (Draw: 3705, Bodies: 293)
⚡ FRAME SPIKE #106: 27.8 ms at 20.2s (Draw: 3710, Bodies: 294)
⚡ FRAME SPIKE #107: 27.8 ms at 20.3s (Draw: 3711, Bodies: 294)
⚡ FRAME SPIKE #108: 27.8 ms at 20.3s (Draw: 3732, Bodies: 295)
⚡ FRAME SPIKE #109: 27.8 ms at 20.3s (Draw: 3736, Bodies: 295)
⚡ FRAME SPIKE #110: 27.8 ms at 20.3s (Draw: 3743, Bodies: 295)
⚡ FRAME SPIKE #111: 27.8 ms at 20.4s (Draw: 3748, Bodies: 296)
⚡ FRAME SPIKE #112: 27.8 ms at 20.4s (Draw: 3747, Bodies: 296)
⚡ FRAME SPIKE #113: 27.8 ms at 20.4s (Draw: 3756, Bodies: 296)
⚡ FRAME SPIKE #114: 27.8 ms at 20.5s (Draw: 3767, Bodies: 297)
⚡ FRAME SPIKE #115: 27.8 ms at 20.5s (Draw: 3760, Bodies: 297)
⚡ FRAME SPIKE #116: 27.8 ms at 20.5s (Draw: 3766, Bodies: 297)
⚡ FRAME SPIKE #117: 27.8 ms at 20.5s (Draw: 3781, Bodies: 298)
⚡ FRAME SPIKE #118: 27.8 ms at 20.6s (Draw: 3791, Bodies: 299)
🚗 Traffic: 29 active NPCs (Near: 0, Mid: 7, Far: 22), 2 pooled
  → Physics bodies from NPCs: 29 (All: 29×1, было бы 29×5=145)

========== Bottleneck Analysis Report ==========
Time: 31.5s | Frames: 1215

📊 PERFORMANCE OVERVIEW:
  FPS: 46.0 avg | 36.0 min
  Frame Time: 61.62 ms avg | 88.41 ms max
  Physics Time: 7.21 ms avg

🔍 BOTTLENECK IDENTIFICATION:
  🔴 [CRITICAL] Frame Time
      Value: 61.62 ms (target: 16.67 ms)
      Impact: Overall performance bottleneck
      Suggestions:
        • Reduce draw calls
        • Optimize scripts in _process()
        • Check for expensive operations per frame

  🟠 [HIGH] Draw Calls
      Value: 3445 calls/frame
      Impact: GPU rendering overhead
      Suggestions:
        • Batch meshes by material
        • Use MultiMeshInstance3D
        • Implement LOD system
        • Enable frustum culling

  🟠 [HIGH] Physics Bodies
      Value: 286 active bodies
      Impact: Physics engine load
      Suggestions:
        • Reduce NPC count
        • Convert distant NPCs to kinematic
        • Disable physics for far objects

  🟡 [MEDIUM] Physics Time
      Value: 7.21 ms
      Impact: Physics simulation overhead
      Suggestions:
        • Reduce number of active physics bodies
        • Simplify collision shapes
        • Disable physics for distant objects

  🟡 [MEDIUM] Vertex Count
      Value: 6735696 vertices/frame
      Impact: GPU vertex processing
      Suggestions:
        • Implement LOD for distant objects
        • Simplify building meshes
        • Use lower poly models

  🟡 [MEDIUM] Node Count
      Value: 19262 nodes
      Impact: Scene tree traversal overhead
      Suggestions:
        • Unload distant chunks
        • Pool and reuse nodes
        • Flatten hierarchy where possible

  🟡 [MEDIUM] Post-Processing Effects
      Value: SSAO, Glow/Bloom, Volumetric Fog
      Impact: GPU shader overhead
      Suggestions:
        • Reduce SSR quality
        • Disable SSAO on low-end hardware
        • Use simpler fog

📈 DETAILED STATS:
  Draw Calls: 3445 avg | 3791 max
  Vertices: 6735696 avg | 6884653 max
  Physics Bodies: 286
  Nodes: 19262
  VRAM: 730.9 MB

=================================================

⚡ FRAME SPIKE #119: 27.8 ms at 20.6s (Draw: 3795, Bodies: 299)
⚡ FRAME SPIKE #120: 27.8 ms at 20.6s (Draw: 3793, Bodies: 300)
⚡ FRAME SPIKE #121: 29.8 ms at 20.6s (Draw: 3795, Bodies: 301)
⚡ FRAME SPIKE #122: 27.8 ms at 20.7s (Draw: 3797, Bodies: 301)
⚡ FRAME SPIKE #123: 27.8 ms at 20.7s (Draw: 3798, Bodies: 301)
⚡ FRAME SPIKE #124: 27.8 ms at 20.7s (Draw: 3806, Bodies: 301)
⚡ FRAME SPIKE #125: 27.8 ms at 20.8s (Draw: 3804, Bodies: 302)
⚡ FRAME SPIKE #126: 27.8 ms at 20.8s (Draw: 3828, Bodies: 303)
⚡ FRAME SPIKE #127: 29.1 ms at 20.8s (Draw: 3840, Bodies: 304)
⚡ FRAME SPIKE #128: 33.1 ms at 20.8s (Draw: 3870, Bodies: 307)
⚡ FRAME SPIKE #129: 31.0 ms at 20.9s (Draw: 3868, Bodies: 307)
⚡ FRAME SPIKE #130: 29.2 ms at 20.9s (Draw: 3877, Bodies: 308)
⚡ FRAME SPIKE #131: 29.2 ms at 20.9s (Draw: 3893, Bodies: 309)
⚡ FRAME SPIKE #132: 29.2 ms at 21.0s (Draw: 3914, Bodies: 308)
⚡ FRAME SPIKE #133: 30.1 ms at 21.0s (Draw: 3928, Bodies: 309)
⚡ FRAME SPIKE #134: 29.2 ms at 21.0s (Draw: 3939, Bodies: 310)
⚡ FRAME SPIKE #135: 29.2 ms at 21.1s (Draw: 3979, Bodies: 310)
⚡ FRAME SPIKE #136: 29.7 ms at 21.1s (Draw: 4045, Bodies: 309)
⚡ FRAME SPIKE #137: 30.8 ms at 21.1s (Draw: 4090, Bodies: 310)
⚡ FRAME SPIKE #138: 30.6 ms at 21.1s (Draw: 4099, Bodies: 311)
⚡ FRAME SPIKE #139: 29.6 ms at 21.2s (Draw: 4095, Bodies: 312)
⚡ FRAME SPIKE #140: 29.6 ms at 21.2s (Draw: 4116, Bodies: 313)
⚡ FRAME SPIKE #141: 29.6 ms at 21.2s (Draw: 4118, Bodies: 314)
⚡ FRAME SPIKE #142: 30.0 ms at 21.3s (Draw: 4125, Bodies: 314)
⚡ FRAME SPIKE #143: 30.8 ms at 21.3s (Draw: 4138, Bodies: 315)
⚡ FRAME SPIKE #144: 30.0 ms at 21.3s (Draw: 4142, Bodies: 315)
⚡ FRAME SPIKE #145: 30.0 ms at 21.4s (Draw: 4141, Bodies: 315)
⚡ FRAME SPIKE #146: 30.0 ms at 21.4s (Draw: 4140, Bodies: 316)
⚡ FRAME SPIKE #147: 30.0 ms at 21.4s (Draw: 4134, Bodies: 317)
⚡ FRAME SPIKE #148: 30.0 ms at 21.4s (Draw: 4139, Bodies: 318)
⚡ FRAME SPIKE #149: 30.0 ms at 21.5s (Draw: 4140, Bodies: 319)
⚡ FRAME SPIKE #150: 30.0 ms at 21.5s (Draw: 4160, Bodies: 320)
⚡ FRAME SPIKE #151: 30.0 ms at 21.5s (Draw: 4174, Bodies: 321)
⚡ FRAME SPIKE #152: 30.0 ms at 21.6s (Draw: 4168, Bodies: 321)
⚡ FRAME SPIKE #153: 30.0 ms at 21.6s (Draw: 4167, Bodies: 322)
⚡ FRAME SPIKE #154: 30.0 ms at 21.6s (Draw: 4167, Bodies: 321)
⚡ FRAME SPIKE #155: 30.0 ms at 21.7s (Draw: 4165, Bodies: 321)
⚡ FRAME SPIKE #156: 30.0 ms at 21.7s (Draw: 4162, Bodies: 322)
⚡ FRAME SPIKE #157: 30.0 ms at 21.7s (Draw: 4163, Bodies: 321)
⚡ FRAME SPIKE #158: 30.0 ms at 21.7s (Draw: 4162, Bodies: 321)
⚡ FRAME SPIKE #159: 30.0 ms at 21.8s (Draw: 4157, Bodies: 321)
⚡ FRAME SPIKE #160: 30.0 ms at 21.8s (Draw: 4160, Bodies: 321)
⚡ FRAME SPIKE #161: 30.0 ms at 21.8s (Draw: 4155, Bodies: 321)
⚡ FRAME SPIKE #162: 30.0 ms at 21.9s (Draw: 4153, Bodies: 323)
⚡ FRAME SPIKE #163: 30.0 ms at 21.9s (Draw: 4134, Bodies: 324)
⚡ FRAME SPIKE #164: 29.6 ms at 21.9s (Draw: 4125, Bodies: 324)
⚡ FRAME SPIKE #165: 29.6 ms at 22.0s (Draw: 4115, Bodies: 325)
⚡ FRAME SPIKE #166: 29.6 ms at 22.0s (Draw: 4109, Bodies: 326)
⚡ FRAME SPIKE #167: 29.6 ms at 22.0s (Draw: 4097, Bodies: 326)
⚡ FRAME SPIKE #168: 29.6 ms at 22.0s (Draw: 4100, Bodies: 326)
⚡ FRAME SPIKE #169: 29.6 ms at 22.1s (Draw: 4086, Bodies: 327)
⚡ FRAME SPIKE #170: 29.6 ms at 22.1s (Draw: 4082, Bodies: 327)
⚡ FRAME SPIKE #171: 29.6 ms at 22.1s (Draw: 4074, Bodies: 328)
⚡ FRAME SPIKE #172: 29.6 ms at 22.2s (Draw: 4074, Bodies: 328)
⚡ FRAME SPIKE #173: 29.6 ms at 22.2s (Draw: 4071, Bodies: 329)
⚡ FRAME SPIKE #174: 29.2 ms at 22.2s (Draw: 4065, Bodies: 329)
⚡ FRAME SPIKE #175: 25.4 ms at 22.3s (Draw: 4069, Bodies: 329)
⚡ FRAME SPIKE #176: 29.2 ms at 22.3s (Draw: 4061, Bodies: 330)
⚡ FRAME SPIKE #177: 30.2 ms at 22.3s (Draw: 4079, Bodies: 330)
⚡ FRAME SPIKE #178: 29.2 ms at 22.4s (Draw: 4093, Bodies: 330)
⚡ FRAME SPIKE #179: 25.2 ms at 22.4s (Draw: 4100, Bodies: 330)
⚡ FRAME SPIKE #180: 29.2 ms at 22.4s (Draw: 4100, Bodies: 331)
⚡ FRAME SPIKE #181: 28.6 ms at 22.4s (Draw: 4083, Bodies: 332)
OSM: ✅ Finalized lamp batch 0,-3: 25 lamps (3 MultiMeshes + 25 lights, was 75 draw calls before)
⚡ FRAME SPIKE #182: 27.9 ms at 22.5s (Draw: 4100, Bodies: 332)
OSM: ✅ Finalized lamp batch -1,-3: 30 lamps (3 MultiMeshes + 30 lights, was 90 draw calls before)
⚡ FRAME SPIKE #183: 28.6 ms at 22.5s (Draw: 4097, Bodies: 332)
OSM: ✅ Finalized lamp batch -2,-3: 38 lamps (3 MultiMeshes + 38 lights, was 114 draw calls before)
⚡ FRAME SPIKE #184: 31.4 ms at 22.5s (Draw: 4100, Bodies: 332)
⚡ FRAME SPIKE #185: 28.6 ms at 22.6s (Draw: 4058, Bodies: 332)
⚡ FRAME SPIKE #186: 28.6 ms at 22.6s (Draw: 4029, Bodies: 332)
🚗 Traffic: 26 active NPCs (Near: 0, Mid: 5, Far: 21), 5 pooled
  → Physics bodies from NPCs: 26 (All: 26×1, было бы 26×5=130)

========== Bottleneck Analysis Report ==========
Time: 33.5s | Frames: 1284

📊 PERFORMANCE OVERVIEW:
  FPS: 43.3 avg | 34.0 min
  Frame Time: 39.21 ms avg | 88.41 ms max
  Physics Time: 7.58 ms avg

🔍 BOTTLENECK IDENTIFICATION:
  🔴 [CRITICAL] Frame Time
      Value: 39.21 ms (target: 16.67 ms)
      Impact: Overall performance bottleneck
      Suggestions:
        • Reduce draw calls
        • Optimize scripts in _process()
        • Check for expensive operations per frame

  🟠 [HIGH] Draw Calls
      Value: 3882 calls/frame
      Impact: GPU rendering overhead
      Suggestions:
        • Batch meshes by material
        • Use MultiMeshInstance3D
        • Implement LOD system
        • Enable frustum culling

  🟠 [HIGH] Physics Bodies
      Value: 306 active bodies
      Impact: Physics engine load
      Suggestions:
        • Reduce NPC count
        • Convert distant NPCs to kinematic
        • Disable physics for far objects

  🟡 [MEDIUM] Physics Time
      Value: 7.58 ms
      Impact: Physics simulation overhead
      Suggestions:
        • Reduce number of active physics bodies
        • Simplify collision shapes
        • Disable physics for distant objects

  🟡 [MEDIUM] Vertex Count
      Value: 6919482 vertices/frame
      Impact: GPU vertex processing
      Suggestions:
        • Implement LOD for distant objects
        • Simplify building meshes
        • Use lower poly models

  🟡 [MEDIUM] Node Count
      Value: 19511 nodes
      Impact: Scene tree traversal overhead
      Suggestions:
        • Unload distant chunks
        • Pool and reuse nodes
        • Flatten hierarchy where possible

  🟡 [MEDIUM] Post-Processing Effects
      Value: SSAO, Glow/Bloom, Volumetric Fog
      Impact: GPU shader overhead
      Suggestions:
        • Reduce SSR quality
        • Disable SSAO on low-end hardware
        • Use simpler fog

📈 DETAILED STATS:
  Draw Calls: 3882 avg | 4174 max
  Vertices: 6919482 avg | 7977563 max
  Physics Bodies: 306
  Nodes: 19511
  VRAM: 731.9 MB

=================================================

⚡ FRAME SPIKE #187: 28.6 ms at 22.6s (Draw: 4004, Bodies: 332)
⚡ FRAME SPIKE #188: 28.6 ms at 22.6s (Draw: 4006, Bodies: 332)
⚡ FRAME SPIKE #189: 26.7 ms at 22.7s (Draw: 4015, Bodies: 332)
⚡ FRAME SPIKE #190: 28.6 ms at 22.7s (Draw: 4052, Bodies: 332)
⚡ FRAME SPIKE #191: 30.5 ms at 22.7s (Draw: 4062, Bodies: 332)
⚡ FRAME SPIKE #192: 28.6 ms at 22.8s (Draw: 4083, Bodies: 332)
⚡ FRAME SPIKE #193: 26.0 ms at 22.8s (Draw: 4064, Bodies: 332)
⚡ FRAME SPIKE #194: 28.8 ms at 22.8s (Draw: 4067, Bodies: 331)
⚡ FRAME SPIKE #195: 28.6 ms at 22.8s (Draw: 4086, Bodies: 330)
⚡ FRAME SPIKE #196: 28.1 ms at 22.9s (Draw: 4087, Bodies: 331)
⚡ FRAME SPIKE #197: 28.6 ms at 22.9s (Draw: 4093, Bodies: 331)
⚡ FRAME SPIKE #198: 28.3 ms at 22.9s (Draw: 4097, Bodies: 330)
⚡ FRAME SPIKE #199: 25.6 ms at 23.0s (Draw: 4094, Bodies: 330)
⚡ FRAME SPIKE #200: 28.3 ms at 23.0s (Draw: 4096, Bodies: 330)
⚡ FRAME SPIKE #201: 27.8 ms at 23.0s (Draw: 4107, Bodies: 330)
⚡ FRAME SPIKE #202: 27.3 ms at 23.1s (Draw: 4089, Bodies: 329)
⚡ FRAME SPIKE #203: 28.4 ms at 23.1s (Draw: 4062, Bodies: 327)
⚡ FRAME SPIKE #204: 27.3 ms at 23.1s (Draw: 4058, Bodies: 327)
⚡ FRAME SPIKE #205: 26.7 ms at 23.2s (Draw: 4050, Bodies: 327)
⚡ FRAME SPIKE #206: 26.4 ms at 23.2s (Draw: 4014, Bodies: 327)
⚡ FRAME SPIKE #207: 25.9 ms at 23.3s (Draw: 4000, Bodies: 327)
OSM: Loading chunk -1,-4 at lat=59.1262, lon=37.8974
OSM: Loaded from cache: osm_v2_59.1262_37.8974_250.json
OSM: Chunk -1,-4 data loaded
OSM: Found 12 POI nodes in chunk
POI_DEBUG: Found 'Муниципальное учреждение здравоохранения Стомотологическая п-ка №1. Протезирование' inside building at local (-317.5, -1042.1)
POI_DEBUG: Found 'Сбербанк' inside building at local (-151.6, -859.4)
BusinessSign: Found logo for 'сбербанк' -> res://textures/brand_logos/sberbank.png
BusinessSign: Found logo for 'сбербанк' -> res://textures/brand_logos/sberbank.png
OSM: Generated 49 roads, 50 buildings, 0 trees, 0 signs, 0 lamps, 21 intersections
OSM: Marked chunk '-1,-4' for road batch finalization
OSM: Post-initial chunk loaded, pending_lamps=62
OSM: _create_pending_lamps started, count=62
OSM: Created 34 lamps, skipped 28 (on parking or chunk not loaded)
OSM: DEBUG - Finalizing 0 lamp batches
⚡ FRAME SPIKE #208: 59.3 ms at 24.2s (Draw: 3967, Bodies: 330)
OSM: DEBUG _add_road_to_batch - first road for chunk '-1,-4', parent.name='Chunk_-1,-4'
OSM: DEBUG - First lamp added to chunk 1,-3 batch
⚡ FRAME SPIKE #209: 57.4 ms at 24.2s (Draw: 3984, Bodies: 329)
⚡ FRAME SPIKE #210: 33.3 ms at 24.3s (Draw: 3983, Bodies: 329)
OSM: ✅ Finalized road batch -1,-4/residential: 2272 vertices, 2226 triangles, material: <ImageTexture#-9223371972681922551>
OSM: ✅ Finalized road batch -1,-4/path: 1590 vertices, 1538 triangles, material: <ImageTexture#-9223371972598036470>
⚠️ SLOW: road batch finalization took 9.3 ms for chunk -1,-4
⚠️ SLOW FRAME 11.3ms: building=0.4 road=9.4 terrain=1.4 infra=0.2 veg=0.0 curb=0.0ms
⚡ FRAME SPIKE #211: 38.9 ms at 24.3s (Draw: 3983, Bodies: 327)

=== PERFORMANCE METRICS ===
FPS: 41 | Frame: 24.0 ms (max 100.5) | Physics: 16.6 ms (max 69.6)
Godot Process: 17.32 ms | Physics: 6.53 ms
Objects: 48290 | Nodes: 20690 | Resources: 538
Draw calls: 3983 | Vertices: 6064879 | VRAM: 732.0 MB
Physics bodies: 332 | Collision pairs: 3938
--- System Times ---
  road_batch_finalize_total_-1,-1: 10.47 ms (max 10.47)
  road_batch_finalize_total_-1,-2: 15.38 ms (max 15.38)
  road_batch_finalize_total_-1,-3: 11.56 ms (max 11.56)
  road_batch_finalize_total_-1,-4: 9.31 ms (max 9.31)
  road_batch_finalize_total_-1,0: 3.82 ms (max 3.82)
  road_batch_finalize_total_-2,-1: 16.32 ms (max 16.32)
  road_batch_finalize_total_-2,-2: 15.24 ms (max 15.24)
  road_batch_finalize_total_-2,-3: 8.67 ms (max 8.67)
  road_batch_finalize_total_-2,0: 14.05 ms (max 14.05)
  road_batch_finalize_total_0,-1: 19.44 ms (max 19.44)
  road_batch_finalize_total_0,-2: 19.68 ms (max 19.68)
  road_batch_finalize_total_0,-3: 11.59 ms (max 11.59)
  road_batch_finalize_total_0,0: 16.18 ms (max 16.18)
  road_batch_finalize_total_0,1: 10.93 ms (max 10.93)
  road_batch_finalize_total_1,-1: 16.70 ms (max 16.70)
  road_batch_finalize_total_1,-2: 18.21 ms (max 18.21)
  road_batch_finalize_total_1,-3: 9.12 ms (max 9.12)
  road_batch_finalize_total_1,0: 12.08 ms (max 12.08)
  road_collision_create_-1,-1: 3.28 ms (max 3.86)
  road_collision_create_-1,-2: 7.46 ms (max 11.95)
  road_collision_create_-1,-3: 3.47 ms (max 6.77)
  road_collision_create_-1,-4: 4.27 ms (max 4.84)
  road_collision_create_-1,0: 1.74 ms (max 2.01)
  road_collision_create_-2,-1: 5.22 ms (max 10.23)
  road_collision_create_-2,-2: 7.37 ms (max 13.00)
  road_collision_create_-2,-3: 2.60 ms (max 4.44)
  road_collision_create_-2,0: 6.79 ms (max 10.68)
  road_collision_create_0,-1: 6.19 ms (max 12.66)
  road_collision_create_0,-2: 6.30 ms (max 11.99)
  road_collision_create_0,-3: 3.51 ms (max 4.80)
  road_collision_create_0,0: 5.16 ms (max 12.41)
  road_collision_create_0,1: 10.65 ms (max 10.65)
  road_collision_create_1,-1: 5.31 ms (max 12.56)
  road_collision_create_1,-2: 8.81 ms (max 15.10)
  road_collision_create_1,-3: 2.73 ms (max 3.56)
  road_collision_create_1,0: 11.81 ms (max 11.81)
===========================

=== PERFORMANCE METRICS ===
FPS: 41 | Frame: 24.0 ms (max 100.5) | Physics: 16.6 ms (max 69.9)
Godot Process: 17.32 ms | Physics: 6.53 ms
Objects: 48290 | Nodes: 20690 | Resources: 538
Draw calls: 3983 | Vertices: 6064879 | VRAM: 732.0 MB
Physics bodies: 332 | Collision pairs: 3938
===========================
OSM: 🌙 NIGHT Window batch -1,-4 | night_mgr: CACHED | is_night value: true
OSM: ✅ Finalized window batch -1,-4: 5901 windows (was 5901 draw calls before batching)
OSM: 🌙 NIGHT Window batch -1,-4 | night_mgr: CACHED | is_night value: true
OSM: ✅ Finalized window batch -1,-4: 270 windows (was 270 draw calls before batching)
🚗 Traffic: 11 active NPCs (Near: 0, Mid: 5, Far: 6), 20 pooled
  → Physics bodies from NPCs: 11 (All: 11×1, было бы 11×5=55)

========== Bottleneck Analysis Report ==========
Time: 35.5s | Frames: 1386

📊 PERFORMANCE OVERVIEW:
  FPS: 37.1 avg | 34.0 min
  Frame Time: 17.95 ms avg | 18.69 ms max
  Physics Time: 7.22 ms avg

🔍 BOTTLENECK IDENTIFICATION:
  🟠 [HIGH] Frame Time
      Value: 17.95 ms (target: 16.67 ms)
      Impact: Overall performance bottleneck
      Suggestions:
        • Reduce draw calls
        • Optimize scripts in _process()
        • Check for expensive operations per frame

  🟠 [HIGH] Draw Calls
      Value: 4013 calls/frame
      Impact: GPU rendering overhead
      Suggestions:
        • Batch meshes by material
        • Use MultiMeshInstance3D
        • Implement LOD system
        • Enable frustum culling

  🟠 [HIGH] Physics Bodies
      Value: 329 active bodies
      Impact: Physics engine load
      Suggestions:
        • Reduce NPC count
        • Convert distant NPCs to kinematic
        • Disable physics for far objects

  🟡 [MEDIUM] Physics Time
      Value: 7.22 ms
      Impact: Physics simulation overhead
      Suggestions:
        • Reduce number of active physics bodies
        • Simplify collision shapes
        • Disable physics for distant objects

  🟡 [MEDIUM] Vertex Count
      Value: 6657604 vertices/frame
      Impact: GPU vertex processing
      Suggestions:
        • Implement LOD for distant objects
        • Simplify building meshes
        • Use lower poly models

  🟡 [MEDIUM] Node Count
      Value: 21047 nodes
      Impact: Scene tree traversal overhead
      Suggestions:
        • Unload distant chunks
        • Pool and reuse nodes
        • Flatten hierarchy where possible

  🟡 [MEDIUM] Post-Processing Effects
      Value: SSAO, Glow/Bloom, Volumetric Fog
      Impact: GPU shader overhead
      Suggestions:
        • Reduce SSR quality
        • Disable SSAO on low-end hardware
        • Use simpler fog

📈 DETAILED STATS:
  Draw Calls: 4013 avg | 4107 max
  Vertices: 6657604 avg | 7977563 max
  Physics Bodies: 329
  Nodes: 21047
  VRAM: 733.6 MB

=================================================

⚡ FRAME SPIKE #212: 27.7 ms at 24.7s (Draw: 4115, Bodies: 337)
OSM: Loading chunk 0,-4 at lat=59.1262, lon=37.9026
OSM: Loaded from cache: osm_v2_59.1262_37.9026_250.json
OSM: Unloaded chunk -2,1
OSM: Chunk 0,-4 data loaded
OSM: Found 9 POI nodes in chunk
OSM: Generated 21 roads, 15 buildings, 0 trees, 0 signs, 0 lamps, 12 intersections
OSM: Marked chunk '0,-4' for road batch finalization
OSM: Post-initial chunk loaded, pending_lamps=0
OSM: _create_pending_lamps started, count=0
OSM: No pending lamps
⚡ FRAME SPIKE #213: 52.9 ms at 24.7s (Draw: 4110, Bodies: 338)
OSM: DEBUG _add_road_to_batch - first road for chunk '0,-4', parent.name='Chunk_0,-4'
⚡ FRAME SPIKE #214: 33.3 ms at 24.7s (Draw: 4110, Bodies: 338)
OSM: ✅ Finalized road batch 0,-4/residential: 1086 vertices, 1060 triangles, material: <ImageTexture#-9223371972681922551>
OSM: ✅ Finalized road batch 0,-4/path: 414 vertices, 400 triangles, material: <ImageTexture#-9223371972598036470>
OSM: ✅ Finalized road batch 0,-4/primary: 108 vertices, 106 triangles, material: <ImageTexture#-9223371972765808632>
OSM: 🌙 NIGHT Window batch 0,-4 | night_mgr: CACHED | is_night value: true
OSM: ✅ Finalized window batch 0,-4: 1952 windows (was 1952 draw calls before batching)
OSM: 🌙 NIGHT Window batch 0,-4 | night_mgr: CACHED | is_night value: true
OSM: ✅ Finalized window batch 0,-4: 180 windows (was 180 draw calls before batching)
⚡ FRAME SPIKE #215: 39.2 ms at 24.9s (Draw: 4203, Bodies: 350)
⚡ FRAME SPIKE #216: 26.7 ms at 25.0s (Draw: 4224, Bodies: 352)
⚡ FRAME SPIKE #217: 26.2 ms at 25.0s (Draw: 4230, Bodies: 353)
OSM: ✅ Finalized lamp batch 1,-3: 30 lamps (3 MultiMeshes + 30 lights, was 90 draw calls before)
⚡ FRAME SPIKE #218: 25.9 ms at 25.1s (Draw: 4247, Bodies: 353)
⚡ FRAME SPIKE #219: 25.8 ms at 25.1s (Draw: 4241, Bodies: 353)
⚡ FRAME SPIKE #220: 25.8 ms at 25.2s (Draw: 4243, Bodies: 353)
⚡ FRAME SPIKE #221: 25.8 ms at 25.2s (Draw: 4246, Bodies: 353)
⚡ FRAME SPIKE #222: 25.8 ms at 25.3s (Draw: 4268, Bodies: 353)
🚗 Traffic: 8 active NPCs (Near: 0, Mid: 3, Far: 5), 23 pooled
  → Physics bodies from NPCs: 8 (All: 8×1, было бы 8×5=40)

========== Bottleneck Analysis Report ==========
Time: 37.5s | Frames: 1474

📊 PERFORMANCE OVERVIEW:
  FPS: 49.9 avg | 41.0 min
  Frame Time: 33.25 ms avg | 63.53 ms max
  Physics Time: 6.54 ms avg

🔍 BOTTLENECK IDENTIFICATION:
  🟠 [HIGH] Frame Time
      Value: 33.25 ms (target: 16.67 ms)
      Impact: Overall performance bottleneck
      Suggestions:
        • Reduce draw calls
        • Optimize scripts in _process()
        • Check for expensive operations per frame

  🟠 [HIGH] Draw Calls
      Value: 4147 calls/frame
      Impact: GPU rendering overhead
      Suggestions:
        • Batch meshes by material
        • Use MultiMeshInstance3D
        • Implement LOD system
        • Enable frustum culling

  🟠 [HIGH] Physics Bodies
      Value: 345 active bodies
      Impact: Physics engine load
      Suggestions:
        • Reduce NPC count
        • Convert distant NPCs to kinematic
        • Disable physics for far objects

  🟡 [MEDIUM] Physics Time
      Value: 6.54 ms
      Impact: Physics simulation overhead
      Suggestions:
        • Reduce number of active physics bodies
        • Simplify collision shapes
        • Disable physics for distant objects

  🟡 [MEDIUM] Vertex Count
      Value: 5571433 vertices/frame
      Impact: GPU vertex processing
      Suggestions:
        • Implement LOD for distant objects
        • Simplify building meshes
        • Use lower poly models

  🟡 [MEDIUM] Node Count
      Value: 21821 nodes
      Impact: Scene tree traversal overhead
      Suggestions:
        • Unload distant chunks
        • Pool and reuse nodes
        • Flatten hierarchy where possible

  🟡 [MEDIUM] Post-Processing Effects
      Value: SSAO, Glow/Bloom, Volumetric Fog
      Impact: GPU shader overhead
      Suggestions:
        • Reduce SSR quality
        • Disable SSAO on low-end hardware
        • Use simpler fog

📈 DETAILED STATS:
  Draw Calls: 4147 avg | 4322 max
  Vertices: 5571433 avg | 6064879 max
  Physics Bodies: 345
  Nodes: 21821
  VRAM: 734.6 MB

=================================================

⚡ FRAME SPIKE #223: 25.3 ms at 27.2s (Draw: 4250, Bodies: 352)
⚡ FRAME SPIKE #224: 28.5 ms at 27.3s (Draw: 4329, Bodies: 352)
⚡ FRAME SPIKE #225: 27.1 ms at 27.3s (Draw: 4378, Bodies: 352)
⚡ FRAME SPIKE #226: 25.3 ms at 28.1s (Draw: 4731, Bodies: 355)
⚡ FRAME SPIKE #227: 26.9 ms at 28.2s (Draw: 4706, Bodies: 355)
⚡ FRAME SPIKE #228: 25.7 ms at 28.2s (Draw: 4702, Bodies: 355)
⚡ FRAME SPIKE #229: 26.6 ms at 28.3s (Draw: 4676, Bodies: 355)
⚡ FRAME SPIKE #230: 27.2 ms at 28.3s (Draw: 4649, Bodies: 355)
⚡ FRAME SPIKE #231: 27.8 ms at 28.3s (Draw: 4657, Bodies: 355)
⚡ FRAME SPIKE #232: 25.8 ms at 28.4s (Draw: 4668, Bodies: 355)
⚡ FRAME SPIKE #233: 26.3 ms at 28.4s (Draw: 4677, Bodies: 355)
⚡ FRAME SPIKE #234: 25.8 ms at 28.4s (Draw: 4681, Bodies: 355)
⚡ FRAME SPIKE #235: 25.8 ms at 28.5s (Draw: 4676, Bodies: 355)
⚡ FRAME SPIKE #236: 25.8 ms at 28.5s (Draw: 4683, Bodies: 355)
⚡ FRAME SPIKE #237: 25.7 ms at 28.5s (Draw: 4695, Bodies: 354)
⚡ FRAME SPIKE #238: 25.8 ms at 28.5s (Draw: 4695, Bodies: 354)
⚡ FRAME SPIKE #239: 25.8 ms at 28.6s (Draw: 4689, Bodies: 354)
⚡ FRAME SPIKE #240: 25.8 ms at 28.6s (Draw: 4681, Bodies: 354)
⚡ FRAME SPIKE #241: 26.0 ms at 28.6s (Draw: 4680, Bodies: 354)
🚗 Traffic: 9 active NPCs (Near: 0, Mid: 5, Far: 4), 22 pooled
  → Physics bodies from NPCs: 9 (All: 9×1, было бы 9×5=45)

========== Bottleneck Analysis Report ==========
Time: 39.5s | Frames: 1557

📊 PERFORMANCE OVERVIEW:
  FPS: 45.1 avg | 41.0 min
  Frame Time: 24.13 ms avg | 63.53 ms max
  Physics Time: 6.62 ms avg

🔍 BOTTLENECK IDENTIFICATION:
  🟠 [HIGH] Frame Time
      Value: 24.13 ms (target: 16.67 ms)
      Impact: Overall performance bottleneck
      Suggestions:
        • Reduce draw calls
        • Optimize scripts in _process()
        • Check for expensive operations per frame

  🟠 [HIGH] Draw Calls
      Value: 4301 calls/frame
      Impact: GPU rendering overhead
      Suggestions:
        • Batch meshes by material
        • Use MultiMeshInstance3D
        • Implement LOD system
        • Enable frustum culling

  🟠 [HIGH] Physics Bodies
      Value: 353 active bodies
      Impact: Physics engine load
      Suggestions:
        • Reduce NPC count
        • Convert distant NPCs to kinematic
        • Disable physics for far objects

  🟡 [MEDIUM] Physics Time
      Value: 6.62 ms
      Impact: Physics simulation overhead
      Suggestions:
        • Reduce number of active physics bodies
        • Simplify collision shapes
        • Disable physics for distant objects

  🟡 [MEDIUM] Vertex Count
      Value: 6390140 vertices/frame
      Impact: GPU vertex processing
      Suggestions:
        • Implement LOD for distant objects
        • Simplify building meshes
        • Use lower poly models

  🟡 [MEDIUM] Node Count
      Value: 21821 nodes
      Impact: Scene tree traversal overhead
      Suggestions:
        • Unload distant chunks
        • Pool and reuse nodes
        • Flatten hierarchy where possible

  🟡 [MEDIUM] Post-Processing Effects
      Value: SSAO, Glow/Bloom, Volumetric Fog
      Impact: GPU shader overhead
      Suggestions:
        • Reduce SSR quality
        • Disable SSAO on low-end hardware
        • Use simpler fog

📈 DETAILED STATS:
  Draw Calls: 4301 avg | 4747 max
  Vertices: 6390140 avg | 7628004 max
  Physics Bodies: 353
  Nodes: 21821
  VRAM: 734.6 MB

=================================================

⚡ FRAME SPIKE #242: 25.8 ms at 28.7s (Draw: 4678, Bodies: 354)
⚡ FRAME SPIKE #243: 26.3 ms at 28.7s (Draw: 4672, Bodies: 354)
⚡ FRAME SPIKE #244: 25.8 ms at 28.7s (Draw: 4670, Bodies: 354)
⚡ FRAME SPIKE #245: 25.8 ms at 28.7s (Draw: 4674, Bodies: 354)
⚡ FRAME SPIKE #246: 25.8 ms at 28.8s (Draw: 4667, Bodies: 354)
⚡ FRAME SPIKE #247: 25.8 ms at 28.8s (Draw: 4663, Bodies: 354)
⚡ FRAME SPIKE #248: 25.8 ms at 28.8s (Draw: 4665, Bodies: 354)
⚡ FRAME SPIKE #249: 25.1 ms at 28.8s (Draw: 4669, Bodies: 354)
⚡ FRAME SPIKE #250: 25.8 ms at 28.9s (Draw: 4666, Bodies: 354)
⚡ FRAME SPIKE #251: 25.8 ms at 28.9s (Draw: 4671, Bodies: 354)
⚡ FRAME SPIKE #252: 25.8 ms at 28.9s (Draw: 4676, Bodies: 354)
⚡ FRAME SPIKE #253: 25.8 ms at 28.9s (Draw: 4674, Bodies: 354)
⚡ FRAME SPIKE #254: 25.8 ms at 29.0s (Draw: 4684, Bodies: 354)
⚡ FRAME SPIKE #255: 25.8 ms at 29.0s (Draw: 4699, Bodies: 356)
⚡ FRAME SPIKE #256: 25.8 ms at 29.0s (Draw: 4696, Bodies: 356)
⚡ FRAME SPIKE #257: 25.8 ms at 29.0s (Draw: 4697, Bodies: 356)
⚡ FRAME SPIKE #258: 25.8 ms at 29.1s (Draw: 4703, Bodies: 356)
⚡ FRAME SPIKE #259: 25.8 ms at 29.1s (Draw: 4702, Bodies: 356)
⚡ FRAME SPIKE #260: 25.8 ms at 29.1s (Draw: 4712, Bodies: 356)
⚡ FRAME SPIKE #261: 25.8 ms at 29.1s (Draw: 4711, Bodies: 356)
⚡ FRAME SPIKE #262: 25.9 ms at 29.2s (Draw: 4713, Bodies: 356)
⚡ FRAME SPIKE #263: 29.6 ms at 29.2s (Draw: 4726, Bodies: 356)
⚡ FRAME SPIKE #264: 25.8 ms at 29.2s (Draw: 4728, Bodies: 356)
⚡ FRAME SPIKE #265: 26.8 ms at 29.3s (Draw: 4723, Bodies: 356)
⚡ FRAME SPIKE #266: 29.0 ms at 29.3s (Draw: 4722, Bodies: 356)
⚡ FRAME SPIKE #267: 26.7 ms at 29.3s (Draw: 4719, Bodies: 356)
⚡ FRAME SPIKE #268: 26.7 ms at 29.3s (Draw: 4723, Bodies: 356)
⚡ FRAME SPIKE #269: 26.7 ms at 29.4s (Draw: 4720, Bodies: 356)
⚡ FRAME SPIKE #270: 27.1 ms at 29.4s (Draw: 4730, Bodies: 355)
⚡ FRAME SPIKE #271: 27.1 ms at 29.4s (Draw: 4725, Bodies: 355)
⚡ FRAME SPIKE #272: 27.1 ms at 29.4s (Draw: 4726, Bodies: 355)
⚡ FRAME SPIKE #273: 27.1 ms at 29.5s (Draw: 4719, Bodies: 355)

=== PERFORMANCE METRICS ===
FPS: 39 | Frame: 22.4 ms (max 59.3) | Physics: 16.7 ms (max 44.9)
Godot Process: 18.95 ms | Physics: 6.42 ms
Objects: 50709 | Nodes: 21821 | Resources: 538
Draw calls: 4719 | Vertices: 7359334 | VRAM: 734.6 MB
Physics bodies: 355 | Collision pairs: 4262
--- System Times ---
  road_batch_finalize_total_-1,-1: 10.47 ms (max 10.47)
  road_batch_finalize_total_-1,-2: 15.38 ms (max 15.38)
  road_batch_finalize_total_-1,-3: 11.56 ms (max 11.56)
  road_batch_finalize_total_-1,-4: 9.31 ms (max 9.31)
  road_batch_finalize_total_-1,0: 3.82 ms (max 3.82)
  road_batch_finalize_total_-2,-1: 16.32 ms (max 16.32)
  road_batch_finalize_total_-2,-2: 15.24 ms (max 15.24)
  road_batch_finalize_total_-2,-3: 8.67 ms (max 8.67)
  road_batch_finalize_total_-2,0: 14.05 ms (max 14.05)
  road_batch_finalize_total_0,-1: 19.44 ms (max 19.44)
  road_batch_finalize_total_0,-2: 19.68 ms (max 19.68)
  road_batch_finalize_total_0,-3: 11.59 ms (max 11.59)
  road_batch_finalize_total_0,-4: 5.84 ms (max 5.84)
  road_batch_finalize_total_0,0: 16.18 ms (max 16.18)
  road_batch_finalize_total_0,1: 10.93 ms (max 10.93)
  road_batch_finalize_total_1,-1: 16.70 ms (max 16.70)
  road_batch_finalize_total_1,-2: 18.21 ms (max 18.21)
  road_batch_finalize_total_1,-3: 9.12 ms (max 9.12)
  road_batch_finalize_total_1,0: 12.08 ms (max 12.08)
  road_collision_create_-1,-1: 3.28 ms (max 3.86)
  road_collision_create_-1,-2: 7.46 ms (max 11.95)
  road_collision_create_-1,-3: 3.47 ms (max 6.77)
  road_collision_create_-1,-4: 4.27 ms (max 4.84)
  road_collision_create_-1,0: 1.74 ms (max 2.01)
  road_collision_create_-2,-1: 5.22 ms (max 10.23)
  road_collision_create_-2,-2: 7.37 ms (max 13.00)
  road_collision_create_-2,-3: 2.60 ms (max 4.44)
  road_collision_create_-2,0: 6.79 ms (max 10.68)
  road_collision_create_0,-1: 6.19 ms (max 12.66)
  road_collision_create_0,-2: 6.30 ms (max 11.99)
  road_collision_create_0,-3: 3.51 ms (max 4.80)
  road_collision_create_0,-4: 1.74 ms (max 2.77)
  road_collision_create_0,0: 5.16 ms (max 12.41)
  road_collision_create_0,1: 10.65 ms (max 10.65)
  road_collision_create_1,-1: 5.31 ms (max 12.56)
  road_collision_create_1,-2: 8.81 ms (max 15.10)
  road_collision_create_1,-3: 2.73 ms (max 3.56)
  road_collision_create_1,0: 11.81 ms (max 11.81)
===========================

=== PERFORMANCE METRICS ===
FPS: 39 | Frame: 22.4 ms (max 59.3) | Physics: 16.7 ms (max 45.0)
Godot Process: 18.95 ms | Physics: 6.42 ms
Objects: 50709 | Nodes: 21821 | Resources: 538
Draw calls: 4719 | Vertices: 7359334 | VRAM: 734.6 MB
Physics bodies: 355 | Collision pairs: 4262
===========================
⚡ FRAME SPIKE #274: 27.1 ms at 29.5s (Draw: 4712, Bodies: 355)
⚡ FRAME SPIKE #275: 27.1 ms at 29.5s (Draw: 4706, Bodies: 355)
⚡ FRAME SPIKE #276: 27.1 ms at 29.6s (Draw: 4709, Bodies: 355)
⚡ FRAME SPIKE #277: 26.7 ms at 29.6s (Draw: 4707, Bodies: 355)
⚡ FRAME SPIKE #278: 27.1 ms at 29.6s (Draw: 4699, Bodies: 355)
⚡ FRAME SPIKE #279: 27.1 ms at 29.6s (Draw: 4700, Bodies: 355)
⚡ FRAME SPIKE #280: 26.7 ms at 29.7s (Draw: 4693, Bodies: 355)
⚡ FRAME SPIKE #281: 27.1 ms at 29.7s (Draw: 4693, Bodies: 355)
⚡ FRAME SPIKE #282: 27.1 ms at 29.7s (Draw: 4698, Bodies: 355)
⚡ FRAME SPIKE #283: 26.7 ms at 29.7s (Draw: 4702, Bodies: 355)
⚡ FRAME SPIKE #284: 27.1 ms at 29.8s (Draw: 4704, Bodies: 355)
⚡ FRAME SPIKE #285: 26.7 ms at 29.8s (Draw: 4721, Bodies: 355)
⚡ FRAME SPIKE #286: 26.7 ms at 29.8s (Draw: 4733, Bodies: 355)
⚡ FRAME SPIKE #287: 27.0 ms at 29.8s (Draw: 4736, Bodies: 355)
⚡ FRAME SPIKE #288: 26.7 ms at 29.9s (Draw: 4740, Bodies: 355)
⚡ FRAME SPIKE #289: 26.7 ms at 29.9s (Draw: 4753, Bodies: 355)
⚡ FRAME SPIKE #290: 26.7 ms at 29.9s (Draw: 4752, Bodies: 355)
⚡ FRAME SPIKE #291: 26.7 ms at 30.0s (Draw: 4758, Bodies: 355)
⚡ FRAME SPIKE #292: 26.7 ms at 30.0s (Draw: 4776, Bodies: 355)
⚡ FRAME SPIKE #293: 26.7 ms at 30.0s (Draw: 5038, Bodies: 356)
⚡ FRAME SPIKE #294: 26.7 ms at 30.0s (Draw: 5050, Bodies: 356)
⚡ FRAME SPIKE #295: 26.7 ms at 30.1s (Draw: 5057, Bodies: 356)
⚡ FRAME SPIKE #296: 26.7 ms at 30.1s (Draw: 5055, Bodies: 356)
⚡ FRAME SPIKE #297: 27.1 ms at 30.1s (Draw: 5059, Bodies: 356)
⚡ FRAME SPIKE #298: 26.7 ms at 30.1s (Draw: 5056, Bodies: 356)
⚡ FRAME SPIKE #299: 28.1 ms at 30.2s (Draw: 5059, Bodies: 356)
⚡ FRAME SPIKE #300: 27.1 ms at 30.2s (Draw: 5077, Bodies: 356)
⚡ FRAME SPIKE #301: 26.7 ms at 30.2s (Draw: 5079, Bodies: 356)
⚡ FRAME SPIKE #302: 27.1 ms at 30.2s (Draw: 5088, Bodies: 356)
⚡ FRAME SPIKE #303: 27.0 ms at 30.3s (Draw: 5088, Bodies: 356)
⚡ FRAME SPIKE #304: 27.1 ms at 30.3s (Draw: 5087, Bodies: 356)
OSM: Loading chunk 1,-4 at lat=59.1262, lon=37.9079
OSM: Loaded from cache: osm_v2_59.1262_37.9079_250.json
OSM: Chunk 1,-4 data loaded
OSM: Found 23 POI nodes in chunk
POI_DEBUG: Found 'Барбершоп Borodach' inside building at local (598.1, -1152.7)
POI_DEBUG: Found 'Laparet' inside building at local (515.0, -1168.2)
POI_DEBUG: Found 'Буквоед' inside building at local (439.2, -1181.7)
POI_DEBUG: Found 'Эдельвейс' inside building at local (364.3, -1199.0)
POI_DEBUG: Found 'Совкомбанк' inside building at local (328.8, -1220.7)
POI_DEBUG: Found 'Теплэко' inside building at local (458.7, -1132.0)
POI_DEBUG: Found 'Роскедр' inside building at local (472.2, -1125.1)
POI_DEBUG: Found 'Ozon' inside building at local (549.4, -1105.1)
BusinessSign: Found logo for 'ozon' -> res://textures/brand_logos/ozon.png
POI_DEBUG: Found 'Академия слуха' inside building at local (369.2, -911.4)
POI_DEBUG: Found 'Лабиринт' inside building at local (380.4, -997.8)
POI_DEBUG: Found 'Управдом' inside building at local (387.6, -1001.8)
POI_DEBUG: Found 'ИнжЭкон' inside building at local (480.2, -1020.0)
OSM: Generated 56 roads, 21 buildings, 0 trees, 0 signs, 0 lamps, 33 intersections
OSM: Marked chunk '1,-4' for road batch finalization
OSM: Post-initial chunk loaded, pending_lamps=24
OSM: _create_pending_lamps started, count=24
OSM: Created 19 lamps, skipped 5 (on parking or chunk not loaded)
OSM: DEBUG - Finalizing 0 lamp batches
⚡ FRAME SPIKE #305: 77.4 ms at 30.3s (Draw: 5195, Bodies: 356)
OSM: DEBUG _add_road_to_batch - first road for chunk '1,-4', parent.name='Chunk_1,-4'
OSM: DEBUG - First lamp added to chunk 1,-4 batch
⚡ FRAME SPIKE #306: 49.5 ms at 30.4s (Draw: 5218, Bodies: 356)
⚡ FRAME SPIKE #307: 50.0 ms at 30.5s (Draw: 5227, Bodies: 356)
OSM: DEBUG - First lamp added to chunk 0,-4 batch
⚡ FRAME SPIKE #308: 44.9 ms at 30.5s (Draw: 5228, Bodies: 356)
⚡ FRAME SPIKE #309: 43.1 ms at 30.6s (Draw: 5200, Bodies: 356)
⚡ FRAME SPIKE #310: 35.2 ms at 30.6s (Draw: 5166, Bodies: 357)
⚡ FRAME SPIKE #311: 37.8 ms at 30.6s (Draw: 5093, Bodies: 358)
OSM: ✅ Finalized road batch 1,-4/path: 1222 vertices, 1190 triangles, material: <ImageTexture#-9223371972598036470>
OSM: ✅ Finalized road batch 1,-4/primary: 446 vertices, 432 triangles, material: <ImageTexture#-9223371972765808632>
OSM: ✅ Finalized road batch 1,-4/residential: 2004 vertices, 1938 triangles, material: <ImageTexture#-9223371972681922551>
⚠️ SLOW: road batch finalization took 11.1 ms for chunk 1,-4
⚠️ SLOW FRAME 28.7ms: building=0.4 road=11.2 terrain=1.2 infra=0.1 veg=15.8 curb=0.0ms
🚗 Traffic: 11 active NPCs (Near: 0, Mid: 7, Far: 4), 20 pooled
  → Physics bodies from NPCs: 11 (All: 11×1, было бы 11×5=55)

========== Bottleneck Analysis Report ==========
Time: 41.6s | Frames: 1627

📊 PERFORMANCE OVERVIEW:
  FPS: 40.4 avg | 37.0 min
  Frame Time: 18.73 ms avg | 20.68 ms max
  Physics Time: 6.54 ms avg

🔍 BOTTLENECK IDENTIFICATION:
  🟠 [HIGH] Frame Time
      Value: 18.73 ms (target: 16.67 ms)
      Impact: Overall performance bottleneck
      Suggestions:
        • Reduce draw calls
        • Optimize scripts in _process()
        • Check for expensive operations per frame

  🟠 [HIGH] Draw Calls
      Value: 4699 calls/frame
      Impact: GPU rendering overhead
      Suggestions:
        • Batch meshes by material
        • Use MultiMeshInstance3D
        • Implement LOD system
        • Enable frustum culling

  🟠 [HIGH] Physics Bodies
      Value: 354 active bodies
      Impact: Physics engine load
      Suggestions:
        • Reduce NPC count
        • Convert distant NPCs to kinematic
        • Disable physics for far objects

  🟡 [MEDIUM] Physics Time
      Value: 6.54 ms
      Impact: Physics simulation overhead
      Suggestions:
        • Reduce number of active physics bodies
        • Simplify collision shapes
        • Disable physics for distant objects

  🟡 [MEDIUM] Vertex Count
      Value: 7423708 vertices/frame
      Impact: GPU vertex processing
      Suggestions:
        • Implement LOD for distant objects
        • Simplify building meshes
        • Use lower poly models

  🟡 [MEDIUM] Node Count
      Value: 22268 nodes
      Impact: Scene tree traversal overhead
      Suggestions:
        • Unload distant chunks
        • Pool and reuse nodes
        • Flatten hierarchy where possible

  🟡 [MEDIUM] Post-Processing Effects
      Value: SSAO, Glow/Bloom, Volumetric Fog
      Impact: GPU shader overhead
      Suggestions:
        • Reduce SSR quality
        • Disable SSAO on low-end hardware
        • Use simpler fog

📈 DETAILED STATS:
  Draw Calls: 4699 avg | 5228 max
  Vertices: 7423708 avg | 7628004 max
  Physics Bodies: 354
  Nodes: 22268
  VRAM: 735.6 MB

=================================================

⚡ FRAME SPIKE #312: 41.7 ms at 30.7s (Draw: 5093, Bodies: 358)
OSM: 🌙 NIGHT Window batch 1,-4 | night_mgr: CACHED | is_night value: true
OSM: ✅ Finalized window batch 1,-4: 5946 windows (was 5946 draw calls before batching)
OSM: 🌙 NIGHT Window batch 1,-4 | night_mgr: CACHED | is_night value: true
OSM: ✅ Finalized window batch 1,-4: 620 windows (was 620 draw calls before batching)
⚡ FRAME SPIKE #313: 27.7 ms at 30.8s (Draw: 5028, Bodies: 364)
⚡ FRAME SPIKE #314: 25.6 ms at 30.8s (Draw: 5028, Bodies: 364)
⚡ FRAME SPIKE #315: 32.4 ms at 30.9s (Draw: 5028, Bodies: 365)
⚡ FRAME SPIKE #316: 30.6 ms at 30.9s (Draw: 5014, Bodies: 365)
⚡ FRAME SPIKE #317: 31.3 ms at 30.9s (Draw: 5008, Bodies: 366)
⚡ FRAME SPIKE #318: 27.8 ms at 30.9s (Draw: 5006, Bodies: 366)
⚡ FRAME SPIKE #319: 30.4 ms at 31.0s (Draw: 5015, Bodies: 366)
⚡ FRAME SPIKE #320: 31.7 ms at 31.0s (Draw: 5015, Bodies: 367)
⚡ FRAME SPIKE #321: 34.1 ms at 31.0s (Draw: 5034, Bodies: 370)
⚡ FRAME SPIKE #322: 33.0 ms at 31.1s (Draw: 5031, Bodies: 371)
⚡ FRAME SPIKE #323: 33.0 ms at 31.1s (Draw: 5036, Bodies: 372)
⚡ FRAME SPIKE #324: 32.8 ms at 31.1s (Draw: 5039, Bodies: 373)
⚡ FRAME SPIKE #325: 32.7 ms at 31.2s (Draw: 5043, Bodies: 374)
⚡ FRAME SPIKE #326: 31.9 ms at 31.2s (Draw: 5056, Bodies: 375)
⚡ FRAME SPIKE #327: 32.2 ms at 31.2s (Draw: 5069, Bodies: 376)
⚡ FRAME SPIKE #328: 32.2 ms at 31.3s (Draw: 5109, Bodies: 376)
⚡ FRAME SPIKE #329: 33.3 ms at 31.3s (Draw: 5117, Bodies: 377)
⚡ FRAME SPIKE #330: 33.3 ms at 31.3s (Draw: 5117, Bodies: 378)
OSM: Loading chunk -2,-4 at lat=59.1262, lon=37.8921
OSM: Loaded from cache: osm_v2_59.1262_37.8921_250.json
OSM: Chunk -2,-4 data loaded
OSM: Found 17 POI nodes in chunk
POI_DEBUG: Found 'Семья7' inside building at local (-443.6, -1129.9)
POI_DEBUG: Found 'Северный' inside building at local (-453.0, -1083.6)
POI_DEBUG: Found 'Антей' inside building at local (-439.0, -1137.5)
POI_DEBUG: Found 'Быстрый заём' inside building at local (-401.3, -1066.1)
POI_DEBUG: Found 'Муниципальное учреждение здравоохранения Стомотологическая п-ка №1. Протезирование' inside building at local (-317.5, -1042.1)
POI_DEBUG: Found 'Мировые' inside building at local (-336.2, -995.9)
POI_DEBUG: Found 'полиц. пункт' inside building at local (-363.7, -1003.3)
POI_DEBUG: Found 'Ozon' inside building at local (-578.2, -925.2)
BusinessSign: Found logo for 'ozon' -> res://textures/brand_logos/ozon.png
POI_DEBUG: Found 'Ла Ла Ланч' inside building at local (-534.1, -955.2)
OSM: Generated 47 roads, 51 buildings, 1 trees, 0 signs, 0 lamps, 36 intersections
OSM: Marked chunk '-2,-4' for road batch finalization
OSM: Post-initial chunk loaded, pending_lamps=150
OSM: _create_pending_lamps started, count=150
OSM: Created 77 lamps, skipped 73 (on parking or chunk not loaded)
OSM: DEBUG - Finalizing 2 lamp batches
OSM: ✅ Finalized lamp batch 1,-4: 15 lamps (3 MultiMeshes + 15 lights, was 45 draw calls before)
OSM: ✅ Finalized lamp batch 0,-4: 1 lamps (3 MultiMeshes + 1 lights, was 3 draw calls before)
⚡ FRAME SPIKE #331: 109.4 ms at 31.4s (Draw: 5276, Bodies: 381)
OSM: DEBUG _add_road_to_batch - first road for chunk '-2,-4', parent.name='Chunk_-2,-4'
OSM: DEBUG - First lamp added to chunk 1,-4 batch
⚡ FRAME SPIKE #332: 72.5 ms at 31.5s (Draw: 5259, Bodies: 381)
⚡ FRAME SPIKE #333: 50.0 ms at 31.5s (Draw: 5270, Bodies: 381)
🔴 FREEZE: road collision shape creation took 6.3 ms for chunk -2,-4 (type: path)
OSM: ✅ Finalized road batch -2,-4/path: 808 vertices, 786 triangles, material: <ImageTexture#-9223371972598036470>
🔴 FREEZE: road collision shape creation took 5.6 ms for chunk -2,-4 (type: residential)
OSM: ✅ Finalized road batch -2,-4/residential: 2952 vertices, 2880 triangles, material: <ImageTexture#-9223371972681922551>
⚠️ SLOW: road batch finalization took 12.8 ms for chunk -2,-4
⚠️ SLOW FRAME 13.8ms: building=0.5 road=12.8 terrain=0.3 infra=0.2 veg=0.0 curb=0.0ms
⚡ FRAME SPIKE #334: 33.3 ms at 31.6s (Draw: 5270, Bodies: 381)
OSM: Unloaded chunk -2,-4
⚡ FRAME SPIKE #335: 40.1 ms at 31.9s (Draw: 4813, Bodies: 378)
⚡ FRAME SPIKE #336: 45.2 ms at 31.9s (Draw: 4804, Bodies: 378)
⚡ FRAME SPIKE #337: 34.3 ms at 32.0s (Draw: 4791, Bodies: 378)
⚡ FRAME SPIKE #338: 33.3 ms at 32.0s (Draw: 4758, Bodies: 378)
⚡ FRAME SPIKE #339: 33.3 ms at 32.0s (Draw: 4748, Bodies: 378)
OSM: DEBUG - First lamp added to chunk 0,-4 batch
⚡ FRAME SPIKE #340: 33.3 ms at 32.1s (Draw: 5000, Bodies: 379)
OSM: 🌙 NIGHT Window batch -2,-4 | night_mgr: CACHED | is_night value: true
OSM: ✅ Finalized window batch -2,-4: 5500 windows (was 5500 draw calls before batching)
⚡ FRAME SPIKE #341: 33.3 ms at 32.1s (Draw: 4980, Bodies: 379)
⚡ FRAME SPIKE #342: 31.5 ms at 32.1s (Draw: 4973, Bodies: 379)
⚡ FRAME SPIKE #343: 30.4 ms at 32.2s (Draw: 4987, Bodies: 379)
⚡ FRAME SPIKE #344: 31.3 ms at 32.2s (Draw: 4979, Bodies: 379)
⚡ FRAME SPIKE #345: 30.3 ms at 32.2s (Draw: 4979, Bodies: 379)
⚡ FRAME SPIKE #346: 30.1 ms at 32.2s (Draw: 4976, Bodies: 379)
⚡ FRAME SPIKE #347: 29.6 ms at 32.3s (Draw: 4976, Bodies: 379)
⚡ FRAME SPIKE #348: 29.2 ms at 32.3s (Draw: 4971, Bodies: 379)
⚡ FRAME SPIKE #349: 25.0 ms at 32.4s (Draw: 4969, Bodies: 379)
OSM: Loading chunk -2,-4 at lat=59.1262, lon=37.8921
OSM: Loaded from cache: osm_v2_59.1262_37.8921_250.json
OSM: Unloaded chunk -1,1
OSM: Chunk -2,-4 data loaded
OSM: Found 17 POI nodes in chunk
POI_DEBUG: Found 'Семья7' inside building at local (-443.6, -1129.9)
POI_DEBUG: Found 'Северный' inside building at local (-453.0, -1083.6)
POI_DEBUG: Found 'Антей' inside building at local (-439.0, -1137.5)
POI_DEBUG: Found 'Быстрый заём' inside building at local (-401.3, -1066.1)
POI_DEBUG: Found 'Муниципальное учреждение здравоохранения Стомотологическая п-ка №1. Протезирование' inside building at local (-317.5, -1042.1)
POI_DEBUG: Found 'Мировые' inside building at local (-336.2, -995.9)
POI_DEBUG: Found 'полиц. пункт' inside building at local (-363.7, -1003.3)
POI_DEBUG: Found 'Ozon' inside building at local (-578.2, -925.2)
BusinessSign: Found logo for 'ozon' -> res://textures/brand_logos/ozon.png
POI_DEBUG: Found 'Ла Ла Ланч' inside building at local (-534.1, -955.2)
OSM: Generated 47 roads, 51 buildings, 1 trees, 0 signs, 0 lamps, 36 intersections
OSM: Marked chunk '-2,-4' for road batch finalization
OSM: Post-initial chunk loaded, pending_lamps=0
OSM: _create_pending_lamps started, count=0
OSM: No pending lamps
⚡ FRAME SPIKE #350: 85.4 ms at 32.4s (Draw: 5094, Bodies: 385)
OSM: DEBUG _add_road_to_batch - first road for chunk '-2,-4', parent.name='Chunk_-2,-4'
⚡ FRAME SPIKE #351: 70.2 ms at 32.5s (Draw: 5147, Bodies: 385)
⚡ FRAME SPIKE #352: 54.4 ms at 32.5s (Draw: 5136, Bodies: 385)
OSM: ✅ Finalized road batch -2,-4/path: 808 vertices, 786 triangles, material: <ImageTexture#-9223371972598036470>
🔴 FREEZE: road collision shape creation took 5.4 ms for chunk -2,-4 (type: residential)
OSM: ✅ Finalized road batch -2,-4/residential: 2952 vertices, 2880 triangles, material: <ImageTexture#-9223371972681922551>
⚠️ SLOW: road batch finalization took 8.3 ms for chunk -2,-4
⚡ FRAME SPIKE #353: 33.7 ms at 32.6s (Draw: 5136, Bodies: 385)
🚗 Traffic: 14 active NPCs (Near: 1, Mid: 9, Far: 4), 17 pooled
  → Physics bodies from NPCs: 14 (All: 14×1, было бы 14×5=70)

========== Bottleneck Analysis Report ==========
Time: 43.5s | Frames: 1721

📊 PERFORMANCE OVERVIEW:
  FPS: 39.9 avg | 37.0 min
  Frame Time: 48.80 ms avg | 90.64 ms max
  Physics Time: 6.87 ms avg

🔍 BOTTLENECK IDENTIFICATION:
  🔴 [CRITICAL] Frame Time
      Value: 48.80 ms (target: 16.67 ms)
      Impact: Overall performance bottleneck
      Suggestions:
        • Reduce draw calls
        • Optimize scripts in _process()
        • Check for expensive operations per frame

  🟠 [HIGH] Draw Calls
      Value: 5104 calls/frame
      Impact: GPU rendering overhead
      Suggestions:
        • Batch meshes by material
        • Use MultiMeshInstance3D
        • Implement LOD system
        • Enable frustum culling

  🟠 [HIGH] Physics Bodies
      Value: 374 active bodies
      Impact: Physics engine load
      Suggestions:
        • Reduce NPC count
        • Convert distant NPCs to kinematic
        • Disable physics for far objects

  🟡 [MEDIUM] Physics Time
      Value: 6.87 ms
      Impact: Physics simulation overhead
      Suggestions:
        • Reduce number of active physics bodies
        • Simplify collision shapes
        • Disable physics for distant objects

  🟡 [MEDIUM] Vertex Count
      Value: 7087435 vertices/frame
      Impact: GPU vertex processing
      Suggestions:
        • Implement LOD for distant objects
        • Simplify building meshes
        • Use lower poly models

  🟡 [MEDIUM] Node Count
      Value: 23973 nodes
      Impact: Scene tree traversal overhead
      Suggestions:
        • Unload distant chunks
        • Pool and reuse nodes
        • Flatten hierarchy where possible

  🟡 [MEDIUM] Post-Processing Effects
      Value: SSAO, Glow/Bloom, Volumetric Fog
      Impact: GPU shader overhead
      Suggestions:
        • Reduce SSR quality
        • Disable SSAO on low-end hardware
        • Use simpler fog

📈 DETAILED STATS:
  Draw Calls: 5104 avg | 5276 max
  Vertices: 7087435 avg | 7462363 max
  Physics Bodies: 374
  Nodes: 23973
  VRAM: 738.6 MB

=================================================

OSM: ✅ Finalized lamp batch 1,-4: 42 lamps (3 MultiMeshes + 42 lights, was 126 draw calls before)
OSM: ✅ Finalized lamp batch 0,-4: 2 lamps (3 MultiMeshes + 2 lights, was 6 draw calls before)
⚡ FRAME SPIKE #354: 29.5 ms at 32.8s (Draw: 5172, Bodies: 392)
⚡ FRAME SPIKE #355: 27.2 ms at 32.9s (Draw: 5171, Bodies: 392)
OSM: Unloaded chunk 1,1
⚡ FRAME SPIKE #356: 34.8 ms at 32.9s (Draw: 5168, Bodies: 392)
⚡ FRAME SPIKE #357: 35.4 ms at 32.9s (Draw: 5170, Bodies: 392)
⚡ FRAME SPIKE #358: 34.3 ms at 33.0s (Draw: 5178, Bodies: 392)
⚡ FRAME SPIKE #359: 34.7 ms at 33.0s (Draw: 5173, Bodies: 392)
⚡ FRAME SPIKE #360: 33.5 ms at 33.0s (Draw: 5169, Bodies: 392)
⚡ FRAME SPIKE #361: 37.2 ms at 33.1s (Draw: 5240, Bodies: 393)
⚡ FRAME SPIKE #362: 41.6 ms at 33.1s (Draw: 5250, Bodies: 393)
⚡ FRAME SPIKE #363: 34.9 ms at 33.2s (Draw: 5247, Bodies: 393)
⚡ FRAME SPIKE #364: 33.6 ms at 33.2s (Draw: 5257, Bodies: 393)
OSM: 🌙 NIGHT Window batch -2,-4 | night_mgr: CACHED | is_night value: true
OSM: ✅ Finalized window batch -2,-4: 6430 windows (was 6430 draw calls before batching)
⚡ FRAME SPIKE #365: 38.3 ms at 33.2s (Draw: 5255, Bodies: 393)
OSM: 🌙 NIGHT Window batch -2,-4 | night_mgr: CACHED | is_night value: true
OSM: ✅ Finalized window batch -2,-4: 330 windows (was 330 draw calls before batching)
⚡ FRAME SPIKE #366: 40.3 ms at 33.3s (Draw: 5264, Bodies: 393)
⚡ FRAME SPIKE #367: 36.7 ms at 33.3s (Draw: 5254, Bodies: 393)
⚡ FRAME SPIKE #368: 36.7 ms at 33.3s (Draw: 5249, Bodies: 393)
⚡ FRAME SPIKE #369: 34.6 ms at 33.4s (Draw: 5257, Bodies: 393)
⚡ FRAME SPIKE #370: 36.1 ms at 33.4s (Draw: 5252, Bodies: 393)
⚡ FRAME SPIKE #371: 36.1 ms at 33.4s (Draw: 5252, Bodies: 393)
⚡ FRAME SPIKE #372: 35.4 ms at 33.5s (Draw: 5246, Bodies: 393)
⚡ FRAME SPIKE #373: 35.2 ms at 33.5s (Draw: 5241, Bodies: 393)
⚡ FRAME SPIKE #374: 35.0 ms at 33.6s (Draw: 5235, Bodies: 393)
⚡ FRAME SPIKE #375: 34.8 ms at 33.6s (Draw: 5231, Bodies: 393)
⚡ FRAME SPIKE #376: 34.7 ms at 33.6s (Draw: 5242, Bodies: 393)
⚡ FRAME SPIKE #377: 33.1 ms at 33.7s (Draw: 5243, Bodies: 393)
⚡ FRAME SPIKE #378: 33.3 ms at 33.7s (Draw: 5247, Bodies: 393)
⚡ FRAME SPIKE #379: 33.3 ms at 33.7s (Draw: 5237, Bodies: 393)
⚡ FRAME SPIKE #380: 33.3 ms at 33.8s (Draw: 5227, Bodies: 393)
⚡ FRAME SPIKE #381: 33.3 ms at 33.8s (Draw: 5208, Bodies: 392)
⚡ FRAME SPIKE #382: 33.3 ms at 33.8s (Draw: 5211, Bodies: 392)
⚡ FRAME SPIKE #383: 33.3 ms at 33.9s (Draw: 5197, Bodies: 392)
⚡ FRAME SPIKE #384: 33.3 ms at 33.9s (Draw: 5195, Bodies: 392)
⚡ FRAME SPIKE #385: 33.3 ms at 33.9s (Draw: 5188, Bodies: 392)
⚡ FRAME SPIKE #386: 33.3 ms at 34.0s (Draw: 5185, Bodies: 392)
⚡ FRAME SPIKE #387: 33.3 ms at 34.0s (Draw: 5187, Bodies: 392)
⚡ FRAME SPIKE #388: 33.3 ms at 34.0s (Draw: 5184, Bodies: 392)
⚡ FRAME SPIKE #389: 33.3 ms at 34.1s (Draw: 5164, Bodies: 392)
⚡ FRAME SPIKE #390: 34.7 ms at 34.1s (Draw: 5179, Bodies: 394)
⚡ FRAME SPIKE #391: 34.7 ms at 34.1s (Draw: 5148, Bodies: 394)
⚡ FRAME SPIKE #392: 34.5 ms at 34.2s (Draw: 5128, Bodies: 394)
⚡ FRAME SPIKE #393: 34.7 ms at 34.2s (Draw: 5010, Bodies: 394)
⚡ FRAME SPIKE #394: 34.7 ms at 34.2s (Draw: 4982, Bodies: 394)
⚡ FRAME SPIKE #395: 34.7 ms at 34.3s (Draw: 4949, Bodies: 394)
⚡ FRAME SPIKE #396: 34.7 ms at 34.3s (Draw: 4921, Bodies: 394)
⚡ FRAME SPIKE #397: 34.7 ms at 34.3s (Draw: 4915, Bodies: 394)
⚡ FRAME SPIKE #398: 34.7 ms at 34.4s (Draw: 4921, Bodies: 394)
⚡ FRAME SPIKE #399: 34.7 ms at 34.4s (Draw: 4926, Bodies: 394)
⚡ FRAME SPIKE #400: 34.7 ms at 34.4s (Draw: 4915, Bodies: 394)
⚡ FRAME SPIKE #401: 34.7 ms at 34.5s (Draw: 4908, Bodies: 394)

=== PERFORMANCE METRICS ===
FPS: 29 | Frame: 24.6 ms (max 109.4) | Physics: 16.7 ms (max 97.5)
Godot Process: 22.40 ms | Physics: 8.42 ms
Objects: 58081 | Nodes: 25266 | Resources: 538
Draw calls: 4908 | Vertices: 7140328 | VRAM: 740.5 MB
Physics bodies: 394 | Collision pairs: 5075
--- System Times ---
  road_batch_finalize_total_-1,-1: 10.47 ms (max 10.47)
  road_batch_finalize_total_-1,-2: 15.38 ms (max 15.38)
  road_batch_finalize_total_-1,-3: 11.56 ms (max 11.56)
  road_batch_finalize_total_-1,-4: 9.31 ms (max 9.31)
  road_batch_finalize_total_-1,0: 3.82 ms (max 3.82)
  road_batch_finalize_total_-2,-1: 16.32 ms (max 16.32)
  road_batch_finalize_total_-2,-2: 15.24 ms (max 15.24)
  road_batch_finalize_total_-2,-3: 8.67 ms (max 8.67)
  road_batch_finalize_total_-2,-4: 10.52 ms (max 12.78)
  road_batch_finalize_total_-2,0: 14.05 ms (max 14.05)
  road_batch_finalize_total_0,-1: 19.44 ms (max 19.44)
  road_batch_finalize_total_0,-2: 19.68 ms (max 19.68)
  road_batch_finalize_total_0,-3: 11.59 ms (max 11.59)
  road_batch_finalize_total_0,-4: 5.84 ms (max 5.84)
  road_batch_finalize_total_0,0: 16.18 ms (max 16.18)
  road_batch_finalize_total_0,1: 10.93 ms (max 10.93)
  road_batch_finalize_total_1,-1: 16.70 ms (max 16.70)
  road_batch_finalize_total_1,-2: 18.21 ms (max 18.21)
  road_batch_finalize_total_1,-3: 9.12 ms (max 9.12)
  road_batch_finalize_total_1,-4: 11.09 ms (max 11.09)
  road_batch_finalize_total_1,0: 12.08 ms (max 12.08)
  road_collision_create_-1,-1: 3.28 ms (max 3.86)
  road_collision_create_-1,-2: 7.46 ms (max 11.95)
  road_collision_create_-1,-3: 3.47 ms (max 6.77)
  road_collision_create_-1,-4: 4.27 ms (max 4.84)
  road_collision_create_-1,0: 1.74 ms (max 2.01)
  road_collision_create_-2,-1: 5.22 ms (max 10.23)
  road_collision_create_-2,-2: 7.37 ms (max 13.00)
  road_collision_create_-2,-3: 2.60 ms (max 4.44)
  road_collision_create_-2,-4: 4.86 ms (max 6.33)
  road_collision_create_-2,0: 6.79 ms (max 10.68)
  road_collision_create_0,-1: 6.19 ms (max 12.66)
  road_collision_create_0,-2: 6.30 ms (max 11.99)
  road_collision_create_0,-3: 3.51 ms (max 4.80)
  road_collision_create_0,-4: 1.74 ms (max 2.77)
  road_collision_create_0,0: 5.16 ms (max 12.41)
  road_collision_create_0,1: 10.65 ms (max 10.65)
  road_collision_create_1,-1: 5.31 ms (max 12.56)
  road_collision_create_1,-2: 8.81 ms (max 15.10)
  road_collision_create_1,-3: 2.73 ms (max 3.56)
  road_collision_create_1,-4: 3.38 ms (max 4.64)
  road_collision_create_1,0: 11.81 ms (max 11.81)
===========================

=== PERFORMANCE METRICS ===
FPS: 29 | Frame: 24.6 ms (max 109.4) | Physics: 16.7 ms (max 97.5)
Godot Process: 22.40 ms | Physics: 8.42 ms
Objects: 58081 | Nodes: 25266 | Resources: 538
Draw calls: 4908 | Vertices: 7140328 | VRAM: 740.5 MB
Physics bodies: 394 | Collision pairs: 5075
===========================
⚡ FRAME SPIKE #402: 34.7 ms at 34.5s (Draw: 4900, Bodies: 394)
⚡ FRAME SPIKE #403: 34.7 ms at 34.5s (Draw: 4896, Bodies: 394)
⚡ FRAME SPIKE #404: 34.7 ms at 34.6s (Draw: 4883, Bodies: 394)
⚡ FRAME SPIKE #405: 36.2 ms at 34.6s (Draw: 4876, Bodies: 394)
⚡ FRAME SPIKE #406: 34.7 ms at 34.6s (Draw: 4876, Bodies: 394)

========== PERFORMANCE METRICS ==========
Frames: 600
  total_frame: avg=0.73 ms, median=0.19 ms, max=28.74 ms, calls=600, total=440.8 ms
  road_queue: avg=0.38 ms, median=0.01 ms, max=12.83 ms, calls=600, total=228.2 ms
  curb_mesh: avg=0.16 ms, median=0.00 ms, max=1.82 ms, calls=572, total=88.8 ms
  infra_queue: avg=0.14 ms, median=0.00 ms, max=0.95 ms, calls=600, total=82.2 ms
  road_create: avg=0.28 ms, median=0.12 ms, max=6.28 ms, calls=220, total=61.1 ms
  infra_yield_sign: avg=0.42 ms, median=0.40 ms, max=0.64 ms, calls=122, total=51.0 ms
  road_batch_finalize: avg=9.49 ms, median=9.35 ms, max=12.82 ms, calls=5, total=47.5 ms
  building_results: avg=0.08 ms, median=0.00 ms, max=0.63 ms, calls=600, total=45.5 ms
  curb_collisions: avg=0.06 ms, median=0.00 ms, max=1.10 ms, calls=600, total=38.7 ms
  building_apply: avg=0.20 ms, median=0.20 ms, max=0.39 ms, calls=159, total=32.0 ms
  infra_sort: avg=0.10 ms, median=0.09 ms, max=0.32 ms, calls=180, total=18.2 ms
  terrain_queue: avg=0.03 ms, median=0.00 ms, max=2.27 ms, calls=600, total=17.3 ms
  vegetation_queue: avg=0.03 ms, median=0.00 ms, max=15.78 ms, calls=600, total=16.5 ms
  veg_trees: avg=15.76 ms, median=15.76 ms, max=15.76 ms, calls=1, total=15.8 ms
  window_batch_finalize: avg=1.55 ms, median=1.03 ms, max=3.07 ms, calls=9, total=13.9 ms
  terrain_leisure: avg=0.69 ms, median=0.76 ms, max=1.47 ms, calls=17, total=11.7 ms
  building_sort: avg=0.08 ms, median=0.07 ms, max=0.20 ms, calls=109, total=8.3 ms
  curb_smooth: avg=0.03 ms, median=0.03 ms, max=0.15 ms, calls=149, total=5.0 ms
  terrain_landuse: avg=0.10 ms, median=0.10 ms, max=0.15 ms, calls=38, total=3.9 ms
  infra_lamp: avg=0.02 ms, median=0.02 ms, max=0.07 ms, calls=125, total=2.8 ms
  curb_latlon: avg=0.01 ms, median=0.01 ms, max=0.03 ms, calls=149, total=1.6 ms
  infra_traffic_light: avg=0.79 ms, median=0.80 ms, max=0.80 ms, calls=2, total=1.6 ms
  road_sort: avg=0.22 ms, median=0.22 ms, max=0.31 ms, calls=6, total=1.3 ms
  veg_bushes_grass: avg=0.02 ms, median=0.02 ms, max=0.02 ms, calls=1, total=0.0 ms
==========================================


========== DRAW CALL BREAKDOWN ==========
Total tracked draw calls: 2053

  Buildings   :   852 ( 41.5%) ████████
  Vegetation  :   840 ( 40.9%) ████████
  Terrain     :   201 (  9.8%) █
  Roads       :    54 (  2.6%) 
  Lamps       :    54 (  2.6%) 
  Windows     :    26 (  1.3%) 
  Signs       :    26 (  1.3%) 

💡 RECOMMENDATIONS:
  🔴 Buildings: 41.5% of draw calls
     → Implement MultiMeshInstance3D for building base meshes
=========================================

🚗 Traffic: 16 active NPCs (Near: 5, Mid: 6, Far: 5), 15 pooled
  → Physics bodies from NPCs: 16 (All: 16×1, было бы 16×5=80)

========== Bottleneck Analysis Report ==========
Time: 45.6s | Frames: 1800

📊 PERFORMANCE OVERVIEW:
  FPS: 46.8 avg | 29.0 min
  Frame Time: 73.90 ms avg | 90.64 ms max
  Physics Time: 7.49 ms avg

🔍 BOTTLENECK IDENTIFICATION:
  🔴 [CRITICAL] Frame Time
      Value: 73.90 ms (target: 16.67 ms)
      Impact: Overall performance bottleneck
      Suggestions:
        • Reduce draw calls
        • Optimize scripts in _process()
        • Check for expensive operations per frame

  🟠 [HIGH] Draw Calls
      Value: 5125 calls/frame
      Impact: GPU rendering overhead
      Suggestions:
        • Batch meshes by material
        • Use MultiMeshInstance3D
        • Implement LOD system
        • Enable frustum culling

  🟠 [HIGH] Physics Bodies
      Value: 389 active bodies
      Impact: Physics engine load
      Suggestions:
        • Reduce NPC count
        • Convert distant NPCs to kinematic
        • Disable physics for far objects

  🟡 [MEDIUM] Physics Time
      Value: 7.49 ms
      Impact: Physics simulation overhead
      Suggestions:
        • Reduce number of active physics bodies
        • Simplify collision shapes
        • Disable physics for distant objects

  🟡 [MEDIUM] Vertex Count
      Value: 6938091 vertices/frame
      Impact: GPU vertex processing
      Suggestions:
        • Implement LOD for distant objects
        • Simplify building meshes
        • Use lower poly models

  🟡 [MEDIUM] Node Count
      Value: 25266 nodes
      Impact: Scene tree traversal overhead
      Suggestions:
        • Unload distant chunks
        • Pool and reuse nodes
        • Flatten hierarchy where possible

  🟡 [MEDIUM] Post-Processing Effects
      Value: SSAO, Glow/Bloom, Volumetric Fog
      Impact: GPU shader overhead
      Suggestions:
        • Reduce SSR quality
        • Disable SSAO on low-end hardware
        • Use simpler fog

📈 DETAILED STATS:
  Draw Calls: 5125 avg | 5270 max
  Vertices: 6938091 avg | 7359281 max
  Physics Bodies: 389
  Nodes: 25266
  VRAM: 740.5 MB

=================================================

⚡ FRAME SPIKE #407: 35.3 ms at 34.7s (Draw: 4870, Bodies: 394)
⚡ FRAME SPIKE #408: 34.7 ms at 34.7s (Draw: 4851, Bodies: 394)
⚡ FRAME SPIKE #409: 34.7 ms at 34.8s (Draw: 4821, Bodies: 394)
⚡ FRAME SPIKE #410: 72.7 ms at 34.8s (Draw: 4801, Bodies: 394)
⚡ FRAME SPIKE #411: 67.3 ms at 34.9s (Draw: 4763, Bodies: 394)
⚡ FRAME SPIKE #412: 46.9 ms at 34.9s (Draw: 4759, Bodies: 394)
⚡ FRAME SPIKE #413: 50.6 ms at 35.0s (Draw: 4750, Bodies: 394)
⚡ FRAME SPIKE #414: 41.8 ms at 35.0s (Draw: 4734, Bodies: 394)
⚡ FRAME SPIKE #415: 42.2 ms at 35.1s (Draw: 4728, Bodies: 393)
⚡ FRAME SPIKE #416: 47.5 ms at 35.1s (Draw: 5916, Bodies: 395)
⚡ FRAME SPIKE #417: 44.6 ms at 35.2s (Draw: 5919, Bodies: 395)
⚡ FRAME SPIKE #418: 43.2 ms at 35.2s (Draw: 5931, Bodies: 395)
⚡ FRAME SPIKE #419: 43.8 ms at 35.2s (Draw: 5938, Bodies: 395)
⚡ FRAME SPIKE #420: 36.6 ms at 35.3s (Draw: 5933, Bodies: 395)
⚡ FRAME SPIKE #421: 35.6 ms at 35.3s (Draw: 5922, Bodies: 395)
⚡ FRAME SPIKE #422: 36.2 ms at 35.4s (Draw: 5927, Bodies: 395)
⚡ FRAME SPIKE #423: 38.9 ms at 35.4s (Draw: 5932, Bodies: 395)
⚡ FRAME SPIKE #424: 38.1 ms at 35.4s (Draw: 5928, Bodies: 395)
⚡ FRAME SPIKE #425: 38.1 ms at 35.5s (Draw: 5927, Bodies: 395)
OSM: Unloaded chunk 0,1
⚡ FRAME SPIKE #426: 38.9 ms at 35.5s (Draw: 5932, Bodies: 395)
⚡ FRAME SPIKE #427: 38.3 ms at 35.6s (Draw: 5939, Bodies: 395)
⚡ FRAME SPIKE #428: 38.6 ms at 35.6s (Draw: 5947, Bodies: 395)
⚡ FRAME SPIKE #429: 38.9 ms at 35.6s (Draw: 5890, Bodies: 395)
⚡ FRAME SPIKE #430: 38.3 ms at 35.7s (Draw: 5857, Bodies: 395)
⚡ FRAME SPIKE #431: 38.3 ms at 35.7s (Draw: 5821, Bodies: 395)
⚡ FRAME SPIKE #432: 38.0 ms at 35.7s (Draw: 5785, Bodies: 395)
⚡ FRAME SPIKE #433: 38.3 ms at 35.8s (Draw: 5745, Bodies: 395)
⚡ FRAME SPIKE #434: 38.3 ms at 35.8s (Draw: 5708, Bodies: 395)
⚡ FRAME SPIKE #435: 38.3 ms at 35.9s (Draw: 5699, Bodies: 395)
⚡ FRAME SPIKE #436: 38.3 ms at 35.9s (Draw: 5681, Bodies: 395)
⚡ FRAME SPIKE #437: 38.3 ms at 35.9s (Draw: 5662, Bodies: 395)
⚡ FRAME SPIKE #438: 38.3 ms at 36.0s (Draw: 5649, Bodies: 395)
⚡ FRAME SPIKE #439: 38.3 ms at 36.0s (Draw: 5593, Bodies: 395)
⚡ FRAME SPIKE #440: 38.3 ms at 36.1s (Draw: 5514, Bodies: 395)
⚡ FRAME SPIKE #441: 36.5 ms at 36.1s (Draw: 5486, Bodies: 395)
⚡ FRAME SPIKE #442: 37.6 ms at 36.1s (Draw: 5483, Bodies: 396)
⚡ FRAME SPIKE #443: 38.3 ms at 36.2s (Draw: 5465, Bodies: 396)
⚡ FRAME SPIKE #444: 38.3 ms at 36.2s (Draw: 5450, Bodies: 396)
⚡ FRAME SPIKE #445: 36.2 ms at 36.2s (Draw: 5451, Bodies: 396)
⚡ FRAME SPIKE #446: 35.8 ms at 36.3s (Draw: 5439, Bodies: 396)
⚡ FRAME SPIKE #447: 35.5 ms at 36.3s (Draw: 5420, Bodies: 396)
⚡ FRAME SPIKE #448: 37.5 ms at 36.3s (Draw: 5408, Bodies: 396)
⚡ FRAME SPIKE #449: 37.5 ms at 36.4s (Draw: 5399, Bodies: 396)
⚡ FRAME SPIKE #450: 36.5 ms at 36.4s (Draw: 5393, Bodies: 396)
⚡ FRAME SPIKE #451: 35.1 ms at 36.5s (Draw: 5377, Bodies: 396)
⚡ FRAME SPIKE #452: 34.9 ms at 36.5s (Draw: 5368, Bodies: 396)
⚡ FRAME SPIKE #453: 34.9 ms at 36.5s (Draw: 5355, Bodies: 396)
⚡ FRAME SPIKE #454: 36.4 ms at 36.6s (Draw: 5324, Bodies: 396)
⚡ FRAME SPIKE #455: 36.4 ms at 36.6s (Draw: 5330, Bodies: 396)
⚡ FRAME SPIKE #456: 36.7 ms at 36.6s (Draw: 5324, Bodies: 396)
⚡ FRAME SPIKE #457: 36.7 ms at 36.7s (Draw: 5326, Bodies: 396)
🚗 Traffic: 18 active NPCs (Near: 7, Mid: 6, Far: 5), 13 pooled
  → Physics bodies from NPCs: 18 (All: 18×1, было бы 18×5=90)

========== Bottleneck Analysis Report ==========
Time: 47.6s | Frames: 1851

📊 PERFORMANCE OVERVIEW:
  FPS: 38.3 avg | 25.0 min
  Frame Time: 53.98 ms avg | 90.64 ms max
  Physics Time: 8.22 ms avg

🔍 BOTTLENECK IDENTIFICATION:
  🔴 [CRITICAL] Frame Time
      Value: 53.98 ms (target: 16.67 ms)
      Impact: Overall performance bottleneck
      Suggestions:
        • Reduce draw calls
        • Optimize scripts in _process()
        • Check for expensive operations per frame

  🟠 [HIGH] Draw Calls
      Value: 5291 calls/frame
      Impact: GPU rendering overhead
      Suggestions:
        • Batch meshes by material
        • Use MultiMeshInstance3D
        • Implement LOD system
        • Enable frustum culling

  🟠 [HIGH] Physics Bodies
      Value: 393 active bodies
      Impact: Physics engine load
      Suggestions:
        • Reduce NPC count
        • Convert distant NPCs to kinematic
        • Disable physics for far objects

  🟡 [MEDIUM] Physics Time
      Value: 8.22 ms
      Impact: Physics simulation overhead
      Suggestions:
        • Reduce number of active physics bodies
        • Simplify collision shapes
        • Disable physics for distant objects

  🟡 [MEDIUM] Vertex Count
      Value: 6948445 vertices/frame
      Impact: GPU vertex processing
      Suggestions:
        • Implement LOD for distant objects
        • Simplify building meshes
        • Use lower poly models

  🟡 [MEDIUM] Node Count
      Value: 25247 nodes
      Impact: Scene tree traversal overhead
      Suggestions:
        • Unload distant chunks
        • Pool and reuse nodes
        • Flatten hierarchy where possible

  🟡 [MEDIUM] Post-Processing Effects
      Value: SSAO, Glow/Bloom, Volumetric Fog
      Impact: GPU shader overhead
      Suggestions:
        • Reduce SSR quality
        • Disable SSAO on low-end hardware
        • Use simpler fog

📈 DETAILED STATS:
  Draw Calls: 5291 avg | 5947 max
  Vertices: 6948445 avg | 7359281 max
  Physics Bodies: 393
  Nodes: 25247
  VRAM: 740.4 MB

=================================================

⚡ FRAME SPIKE #458: 36.7 ms at 36.7s (Draw: 5314, Bodies: 396)
⚡ FRAME SPIKE #459: 44.9 ms at 36.7s (Draw: 5303, Bodies: 395)
⚡ FRAME SPIKE #460: 36.7 ms at 36.8s (Draw: 5301, Bodies: 395)
⚡ FRAME SPIKE #461: 37.5 ms at 36.8s (Draw: 5310, Bodies: 395)
⚡ FRAME SPIKE #462: 43.6 ms at 36.9s (Draw: 5303, Bodies: 395)
⚡ FRAME SPIKE #463: 36.4 ms at 36.9s (Draw: 5312, Bodies: 395)
⚡ FRAME SPIKE #464: 43.6 ms at 36.9s (Draw: 5312, Bodies: 395)
⚡ FRAME SPIKE #465: 39.8 ms at 37.0s (Draw: 5308, Bodies: 395)
⚡ FRAME SPIKE #466: 39.5 ms at 37.0s (Draw: 5306, Bodies: 395)
OSM: Unloaded chunk -2,0
⚡ FRAME SPIKE #467: 38.5 ms at 37.1s (Draw: 5309, Bodies: 392)
⚡ FRAME SPIKE #468: 37.5 ms at 37.1s (Draw: 5307, Bodies: 392)
⚡ FRAME SPIKE #469: 37.9 ms at 37.1s (Draw: 5320, Bodies: 393)
⚡ FRAME SPIKE #470: 42.2 ms at 37.2s (Draw: 5303, Bodies: 393)
⚡ FRAME SPIKE #471: 37.8 ms at 37.2s (Draw: 5308, Bodies: 393)
⚡ FRAME SPIKE #472: 38.7 ms at 37.3s (Draw: 5323, Bodies: 393)
⚡ FRAME SPIKE #473: 44.6 ms at 37.3s (Draw: 5332, Bodies: 393)
⚡ FRAME SPIKE #474: 37.9 ms at 37.3s (Draw: 5322, Bodies: 393)
⚡ FRAME SPIKE #475: 37.9 ms at 37.4s (Draw: 5323, Bodies: 393)
⚡ FRAME SPIKE #476: 37.5 ms at 37.4s (Draw: 5310, Bodies: 393)
⚡ FRAME SPIKE #477: 37.5 ms at 37.5s (Draw: 5300, Bodies: 393)
⚡ FRAME SPIKE #478: 37.9 ms at 37.5s (Draw: 5305, Bodies: 393)
⚡ FRAME SPIKE #479: 37.5 ms at 37.5s (Draw: 5315, Bodies: 393)
⚡ FRAME SPIKE #480: 37.5 ms at 37.6s (Draw: 5312, Bodies: 393)
⚡ FRAME SPIKE #481: 37.5 ms at 37.6s (Draw: 5293, Bodies: 393)
⚡ FRAME SPIKE #482: 52.8 ms at 37.6s (Draw: 5298, Bodies: 393)
⚡ FRAME SPIKE #483: 45.6 ms at 37.7s (Draw: 5277, Bodies: 393)
⚡ FRAME SPIKE #484: 41.7 ms at 37.7s (Draw: 5277, Bodies: 393)
⚡ FRAME SPIKE #485: 41.7 ms at 37.8s (Draw: 5264, Bodies: 393)
⚡ FRAME SPIKE #486: 41.7 ms at 37.8s (Draw: 5152, Bodies: 393)
⚡ FRAME SPIKE #487: 41.7 ms at 37.9s (Draw: 4847, Bodies: 393)
⚡ FRAME SPIKE #488: 38.7 ms at 37.9s (Draw: 4668, Bodies: 393)
⚡ FRAME SPIKE #489: 41.2 ms at 37.9s (Draw: 4599, Bodies: 393)
⚡ FRAME SPIKE #490: 33.2 ms at 38.0s (Draw: 4586, Bodies: 393)
⚡ FRAME SPIKE #491: 34.2 ms at 38.0s (Draw: 4575, Bodies: 393)
⚡ FRAME SPIKE #492: 32.9 ms at 38.1s (Draw: 4557, Bodies: 393)
OSM: Loading chunk 0,-5 at lat=59.1289, lon=37.9026
OSM: Loaded from cache: osm_v2_59.1289_37.9026_250.json
OSM: Chunk 0,-5 data loaded
OSM: Found 22 POI nodes in chunk
POI_DEBUG: Found 'Freestyle' inside building at local (367.8, -1455.9)
POI_DEBUG: Found 'Аптека+' inside building at local (184.5, -1499.9)
POI_DEBUG: Found 'Double S Electronics' inside building at local (138.1, -1509.8)
POI_DEBUG: Found 'Ozon' inside building at local (123.0, -1391.8)
BusinessSign: Found logo for 'ozon' -> res://textures/brand_logos/ozon.png
POI_DEBUG: Found 'Эдельвейс' inside building at local (364.3, -1199.0)
POI_DEBUG: Found 'Совкомбанк' inside building at local (328.8, -1220.7)
OSM: Generated 41 roads, 27 buildings, 0 trees, 0 signs, 0 lamps, 25 intersections
OSM: Marked chunk '0,-5' for road batch finalization
OSM: Post-initial chunk loaded, pending_lamps=0
OSM: _create_pending_lamps started, count=0
OSM: No pending lamps
⚡ FRAME SPIKE #493: 49.6 ms at 38.1s (Draw: 4620, Bodies: 393)
OSM: DEBUG _add_road_to_batch - first road for chunk '0,-5', parent.name='Chunk_0,-5'
⚡ PHYSICS SPIKE #1: 12.9 ms at 38.1s (Bodies: 393)
⚡ PHYSICS SPIKE #2: 12.9 ms at 38.1s (Bodies: 394)
⚡ PHYSICS SPIKE #3: 12.9 ms at 38.1s (Bodies: 394)
⚡ FRAME SPIKE #494: 37.3 ms at 38.1s (Draw: 4620, Bodies: 394)
⚡ PHYSICS SPIKE #4: 12.9 ms at 38.2s (Bodies: 394)
⚡ PHYSICS SPIKE #5: 12.9 ms at 38.2s (Bodies: 396)
⚡ FRAME SPIKE #495: 48.6 ms at 38.2s (Draw: 4596, Bodies: 396)
⚠️ SLOW FRAME 15.8ms: building=0.5 road=13.1 terrain=1.8 infra=0.3 veg=0.0 curb=0.0ms
⚡ PHYSICS SPIKE #6: 12.9 ms at 38.2s (Bodies: 396)
⚡ PHYSICS SPIKE #7: 12.9 ms at 38.2s (Bodies: 397)
⚡ FRAME SPIKE #496: 34.7 ms at 38.2s (Draw: 4596, Bodies: 397)
OSM: ✅ Finalized road batch 0,-5/residential: 1946 vertices, 1896 triangles, material: <ImageTexture#-9223371972681922551>
OSM: ✅ Finalized road batch 0,-5/path: 1522 vertices, 1490 triangles, material: <ImageTexture#-9223371972598036470>
⚠️ SLOW: road batch finalization took 8.8 ms for chunk 0,-5
⚡ PHYSICS SPIKE #8: 12.9 ms at 38.3s (Bodies: 397)
⚡ PHYSICS SPIKE #9: 12.9 ms at 38.3s (Bodies: 398)
⚡ PHYSICS SPIKE #10: 12.9 ms at 38.3s (Bodies: 398)
⚡ FRAME SPIKE #497: 37.0 ms at 38.3s (Draw: 4596, Bodies: 398)
⚡ PHYSICS SPIKE #11: 12.9 ms at 38.3s (Bodies: 398)
⚡ FRAME SPIKE #498: 27.9 ms at 38.3s (Draw: 4596, Bodies: 399)
⚡ PHYSICS SPIKE #12: 12.9 ms at 38.3s (Bodies: 399)
⚡ PHYSICS SPIKE #13: 12.9 ms at 38.3s (Bodies: 400)
⚡ PHYSICS SPIKE #14: 12.9 ms at 38.4s (Bodies: 401)
⚡ PHYSICS SPIKE #15: 12.9 ms at 38.4s (Bodies: 404)
⚡ PHYSICS SPIKE #16: 12.9 ms at 38.4s (Bodies: 407)
⚡ PHYSICS SPIKE #17: 12.9 ms at 38.4s (Bodies: 409)
⚡ PHYSICS SPIKE #18: 12.9 ms at 38.4s (Bodies: 412)
⚡ PHYSICS SPIKE #19: 12.9 ms at 38.4s (Bodies: 415)
OSM: 🌙 NIGHT Window batch 0,-5 | night_mgr: CACHED | is_night value: true
OSM: ✅ Finalized window batch 0,-5: 5912 windows (was 5912 draw calls before batching)
⚡ PHYSICS SPIKE #20: 12.9 ms at 38.5s (Bodies: 417)
OSM: 🌙 NIGHT Window batch 0,-5 | night_mgr: CACHED | is_night value: true
OSM: ✅ Finalized window batch 0,-5: 448 windows (was 448 draw calls before batching)
⚡ PHYSICS SPIKE #21: 12.9 ms at 38.5s (Bodies: 418)
⚡ PHYSICS SPIKE #22: 12.9 ms at 38.5s (Bodies: 418)
⚡ FRAME SPIKE #499: 36.1 ms at 38.5s (Draw: 4632, Bodies: 418)
⚡ PHYSICS SPIKE #23: 12.9 ms at 38.5s (Bodies: 418)
⚡ PHYSICS SPIKE #24: 12.9 ms at 38.5s (Bodies: 418)
⚡ FRAME SPIKE #500: 34.0 ms at 38.5s (Draw: 4620, Bodies: 418)
⚡ PHYSICS SPIKE #25: 12.9 ms at 38.5s (Bodies: 418)
⚡ PHYSICS SPIKE #26: 12.9 ms at 38.5s (Bodies: 418)
⚡ FRAME SPIKE #501: 29.2 ms at 38.5s (Draw: 4547, Bodies: 418)
⚡ PHYSICS SPIKE #27: 12.9 ms at 38.6s (Bodies: 418)
⚡ PHYSICS SPIKE #28: 12.9 ms at 38.6s (Bodies: 418)
⚡ FRAME SPIKE #502: 30.2 ms at 38.6s (Draw: 4391, Bodies: 418)
OSM: Loading chunk 2,-3 at lat=59.1235, lon=37.9132
OSM: Loaded from cache: osm_v2_59.1235_37.9132_250.json
OSM: Chunk 2,-3 data loaded
OSM: Found 3 entrance nodes in chunk
OSM: Found 16 POI nodes in chunk
POI_DEBUG: Found 'Бон Аппетит' inside building at local (536.3, -777.3)
POI_DEBUG: Found 'Осетинские пироги' inside building at local (571.7, -769.5)
POI_DEBUG: Found 'Ткани для Вас' inside building at local (630.6, -755.6)
POI_DEBUG: Found 'Аста-запчасти' inside building at local (556.2, -773.0)
POI_DEBUG: Found 'Coffee Like' inside building at local (572.0, -760.4)
POI_DEBUG: Found 'Отделение связи №162602' inside building at local (678.3, -792.8)
POI_DEBUG: Found 'Почта России' inside building at local (652.9, -803.9)
POI_DEBUG: Found 'Ozon' inside building at local (712.1, -787.8)
BusinessSign: Found logo for 'ozon' -> res://textures/brand_logos/ozon.png
POI_DEBUG: Found 'СДЭК' inside building at local (536.8, -743.2)
POI_DEBUG: Found 'Ozon' inside building at local (559.0, -660.9)
BusinessSign: Found logo for 'ozon' -> res://textures/brand_logos/ozon.png
OSM: Generated 37 roads, 41 buildings, 0 trees, 0 signs, 0 lamps, 20 intersections
OSM: Marked chunk '2,-3' for road batch finalization
OSM: Post-initial chunk loaded, pending_lamps=116
OSM: _create_pending_lamps started, count=116
OSM: Created 27 lamps, skipped 89 (on parking or chunk not loaded)
OSM: DEBUG - Finalizing 0 lamp batches
⚡ PHYSICS SPIKE #29: 12.9 ms at 38.6s (Bodies: 418)
⚡ PHYSICS SPIKE #30: 12.9 ms at 38.6s (Bodies: 422)
⚡ PHYSICS SPIKE #31: 12.9 ms at 38.6s (Bodies: 422)
⚡ PHYSICS SPIKE #32: 12.9 ms at 38.6s (Bodies: 422)
⚡ PHYSICS SPIKE #33: 12.9 ms at 38.6s (Bodies: 422)
⚡ PHYSICS SPIKE #34: 12.9 ms at 38.6s (Bodies: 422)
⚡ FRAME SPIKE #503: 100.9 ms at 38.6s (Draw: 4264, Bodies: 422)
OSM: DEBUG _add_road_to_batch - first road for chunk '2,-3', parent.name='Chunk_2,-3'
⚡ PHYSICS SPIKE #35: 12.9 ms at 38.7s (Bodies: 422)
⚡ PHYSICS SPIKE #36: 12.9 ms at 38.7s (Bodies: 423)
⚡ PHYSICS SPIKE #37: 12.9 ms at 38.7s (Bodies: 423)
⚡ PHYSICS SPIKE #38: 12.9 ms at 38.7s (Bodies: 423)
⚡ PHYSICS SPIKE #39: 12.9 ms at 38.7s (Bodies: 423)
⚡ PHYSICS SPIKE #40: 12.9 ms at 38.7s (Bodies: 423)
⚡ FRAME SPIKE #504: 91.0 ms at 38.7s (Draw: 4270, Bodies: 423)
OSM: DEBUG - First lamp added to chunk 0,-5 batch
🚗 Traffic: 19 active NPCs (Near: 8, Mid: 6, Far: 5), 12 pooled
  → Physics bodies from NPCs: 19 (All: 19×1, было бы 19×5=95)

========== Bottleneck Analysis Report ==========
Time: 49.7s | Frames: 1919

📊 PERFORMANCE OVERVIEW:
  FPS: 25.8 avg | 25.0 min
  Frame Time: 33.24 ms avg | 49.87 ms max
  Physics Time: 9.95 ms avg

🔍 BOTTLENECK IDENTIFICATION:
  🟠 [HIGH] Frame Time
      Value: 33.24 ms (target: 16.67 ms)
      Impact: Overall performance bottleneck
      Suggestions:
        • Reduce draw calls
        • Optimize scripts in _process()
        • Check for expensive operations per frame

  🟠 [HIGH] Draw Calls
      Value: 5149 calls/frame
      Impact: GPU rendering overhead
      Suggestions:
        • Batch meshes by material
        • Use MultiMeshInstance3D
        • Implement LOD system
        • Enable frustum culling

  🟠 [HIGH] Physics Bodies
      Value: 398 active bodies
      Impact: Physics engine load
      Suggestions:
        • Reduce NPC count
        • Convert distant NPCs to kinematic
        • Disable physics for far objects

  🟡 [MEDIUM] Physics Time
      Value: 9.95 ms
      Impact: Physics simulation overhead
      Suggestions:
        • Reduce number of active physics bodies
        • Simplify collision shapes
        • Disable physics for distant objects

  🟡 [MEDIUM] Vertex Count
      Value: 6364317 vertices/frame
      Impact: GPU vertex processing
      Suggestions:
        • Implement LOD for distant objects
        • Simplify building meshes
        • Use lower poly models

  🟡 [MEDIUM] Node Count
      Value: 26663 nodes
      Impact: Scene tree traversal overhead
      Suggestions:
        • Unload distant chunks
        • Pool and reuse nodes
        • Flatten hierarchy where possible

  🟡 [MEDIUM] Post-Processing Effects
      Value: SSAO, Glow/Bloom, Volumetric Fog
      Impact: GPU shader overhead
      Suggestions:
        • Reduce SSR quality
        • Disable SSAO on low-end hardware
        • Use simpler fog

📈 DETAILED STATS:
  Draw Calls: 5149 avg | 5947 max
  Vertices: 6364317 avg | 7282583 max
  Physics Bodies: 398
  Nodes: 26663
  VRAM: 742.2 MB

=================================================

⚡ PHYSICS SPIKE #41: 12.9 ms at 38.8s (Bodies: 423)
⚡ PHYSICS SPIKE #42: 12.9 ms at 38.8s (Bodies: 423)
⚡ PHYSICS SPIKE #43: 12.9 ms at 38.8s (Bodies: 423)
⚡ PHYSICS SPIKE #44: 12.9 ms at 38.8s (Bodies: 423)
⚡ PHYSICS SPIKE #45: 12.9 ms at 38.8s (Bodies: 423)
⚡ FRAME SPIKE #505: 82.4 ms at 38.8s (Draw: 4234, Bodies: 423)
⚡ PHYSICS SPIKE #46: 12.9 ms at 38.9s (Bodies: 423)
⚡ PHYSICS SPIKE #47: 12.9 ms at 38.9s (Bodies: 423)
⚡ PHYSICS SPIKE #48: 12.9 ms at 38.9s (Bodies: 423)
⚡ FRAME SPIKE #506: 57.5 ms at 38.9s (Draw: 4221, Bodies: 423)
OSM: ✅ Finalized road batch 2,-3/residential: 1746 vertices, 1698 triangles, material: <ImageTexture#-9223371972681922551>
OSM: ✅ Finalized road batch 2,-3/path: 798 vertices, 772 triangles, material: <ImageTexture#-9223371972598036470>
⚡ PHYSICS SPIKE #49: 12.9 ms at 38.9s (Bodies: 423)
⚡ PHYSICS SPIKE #50: 12.9 ms at 38.9s (Bodies: 423)
⚡ PHYSICS SPIKE #51: 12.9 ms at 38.9s (Bodies: 423)
⚡ FRAME SPIKE #507: 42.5 ms at 38.9s (Draw: 4221, Bodies: 423)
⚡ PHYSICS SPIKE #52: 12.9 ms at 39.0s (Bodies: 423)
⚡ PHYSICS SPIKE #53: 12.9 ms at 39.0s (Bodies: 423)
⚡ PHYSICS SPIKE #54: 12.9 ms at 39.0s (Bodies: 423)
⚡ PHYSICS SPIKE #55: 12.9 ms at 39.0s (Bodies: 423)
⚡ PHYSICS SPIKE #56: 12.9 ms at 39.1s (Bodies: 423)
⚡ PHYSICS SPIKE #57: 12.9 ms at 39.1s (Bodies: 423)
⚡ PHYSICS SPIKE #58: 12.9 ms at 39.1s (Bodies: 424)
OSM: Loading chunk -1,-5 at lat=59.1289, lon=37.8974
OSM: Loaded from cache: osm_v2_59.1289_37.8974_250.json
OSM: Chunk -1,-5 data loaded
OSM: Found 15 POI nodes in chunk
POI_DEBUG: Found 'Магнит' inside building at local (-186.3, -1338.4)
POI_DEBUG: Found 'Магнит-косметик' inside building at local (-177.7, -1336.2)
BusinessSign: Found logo for 'магнит' -> res://textures/brand_logos/magnit.png
BusinessSign: Found logo for 'магнит-косметик' (matched 'магнит') -> res://textures/brand_logos/magnit.png
POI_DEBUG: Found 'Redial магазин одежды' inside building at local (-211.7, -1285.6)
POI_DEBUG: Found 'Еврочехол' inside building at local (-203.0, -1261.1)
POI_DEBUG: Found 'Галамарт' inside building at local (-200.2, -1277.9)
POI_DEBUG: Found 'МТС' inside building at local (-218.4, -1273.8)
POI_DEBUG: Found 'Fix Price' inside building at local (-216.9, -1262.8)
BusinessSign: Found logo for 'мтс' -> res://textures/brand_logos/mts.png
BusinessSign: Found logo for 'fix price' -> res://textures/brand_logos/fixprice.png
POI_DEBUG: Found 'Ozon' inside building at local (-206.5, -1435.5)
BusinessSign: Found logo for 'ozon' -> res://textures/brand_logos/ozon.png
OSM: Generated 39 roads, 37 buildings, 0 trees, 0 signs, 0 lamps, 24 intersections
OSM: Marked chunk '-1,-5' for road batch finalization
OSM: Post-initial chunk loaded, pending_lamps=56
OSM: _create_pending_lamps started, count=56
OSM: Created 42 lamps, skipped 14 (on parking or chunk not loaded)
OSM: DEBUG - Finalizing 1 lamp batches
OSM: ✅ Finalized lamp batch 0,-5: 17 lamps (3 MultiMeshes + 17 lights, was 51 draw calls before)
⚡ PHYSICS SPIKE #59: 12.9 ms at 39.1s (Bodies: 425)
⚡ PHYSICS SPIKE #60: 12.9 ms at 39.1s (Bodies: 428)
⚡ PHYSICS SPIKE #61: 12.9 ms at 39.1s (Bodies: 428)
⚡ PHYSICS SPIKE #62: 12.9 ms at 39.1s (Bodies: 428)
⚡ FRAME SPIKE #508: 65.6 ms at 39.1s (Draw: 4260, Bodies: 428)
OSM: DEBUG _add_road_to_batch - first road for chunk '-1,-5', parent.name='Chunk_-1,-5'
OSM: DEBUG - First lamp added to chunk 2,-3 batch
⚡ FRAME SPIKE #509: 66.7 ms at 39.2s (Draw: 4241, Bodies: 428)
⚡ FRAME SPIKE #510: 61.5 ms at 39.2s (Draw: 4222, Bodies: 429)
OSM: DEBUG - First lamp added to chunk 0,-5 batch
⚡ FRAME SPIKE #511: 57.6 ms at 39.3s (Draw: 4210, Bodies: 428)
OSM: ✅ Finalized road batch -1,-5/residential: 1978 vertices, 1926 triangles, material: <ImageTexture#-9223371972681922551>
OSM: ✅ Finalized road batch -1,-5/path: 1616 vertices, 1590 triangles, material: <ImageTexture#-9223371972598036470>
⚠️ SLOW: road batch finalization took 9.4 ms for chunk -1,-5
⚠️ SLOW FRAME 10.2ms: building=0.5 road=9.4 terrain=0.0 infra=0.2 veg=0.0 curb=0.0ms
⚡ FRAME SPIKE #512: 45.3 ms at 39.4s (Draw: 4210, Bodies: 428)
⚡ FRAME SPIKE #513: 28.8 ms at 39.4s (Draw: 4210, Bodies: 428)

=== PERFORMANCE METRICS ===
FPS: 52 | Frame: 27.7 ms (max 109.4) | Physics: 16.5 ms (max 87.8)
Godot Process: 75.02 ms | Physics: 9.49 ms
Objects: 64908 | Nodes: 28292 | Resources: 539
Draw calls: 4210 | Vertices: 6103043 | VRAM: 744.3 MB
Physics bodies: 436 | Collision pairs: 6055
--- System Times ---
  road_batch_finalize_total_-1,-1: 10.47 ms (max 10.47)
  road_batch_finalize_total_-1,-2: 15.38 ms (max 15.38)
  road_batch_finalize_total_-1,-3: 11.56 ms (max 11.56)
  road_batch_finalize_total_-1,-4: 9.31 ms (max 9.31)
  road_batch_finalize_total_-1,-5: 9.36 ms (max 9.36)
  road_batch_finalize_total_-1,0: 3.82 ms (max 3.82)
  road_batch_finalize_total_-2,-1: 16.32 ms (max 16.32)
  road_batch_finalize_total_-2,-2: 15.24 ms (max 15.24)
  road_batch_finalize_total_-2,-3: 8.67 ms (max 8.67)
  road_batch_finalize_total_-2,-4: 10.52 ms (max 12.78)
  road_batch_finalize_total_-2,0: 14.05 ms (max 14.05)
  road_batch_finalize_total_0,-1: 19.44 ms (max 19.44)
  road_batch_finalize_total_0,-2: 19.68 ms (max 19.68)
  road_batch_finalize_total_0,-3: 11.59 ms (max 11.59)
  road_batch_finalize_total_0,-4: 5.84 ms (max 5.84)
  road_batch_finalize_total_0,-5: 8.77 ms (max 8.77)
  road_batch_finalize_total_0,0: 16.18 ms (max 16.18)
  road_batch_finalize_total_0,1: 10.93 ms (max 10.93)
  road_batch_finalize_total_1,-1: 16.70 ms (max 16.70)
  road_batch_finalize_total_1,-2: 18.21 ms (max 18.21)
  road_batch_finalize_total_1,-3: 9.12 ms (max 9.12)
  road_batch_finalize_total_1,-4: 11.09 ms (max 11.09)
  road_batch_finalize_total_1,0: 12.08 ms (max 12.08)
  road_batch_finalize_total_2,-3: 7.01 ms (max 7.01)
  road_collision_create_-1,-1: 3.28 ms (max 3.86)
  road_collision_create_-1,-2: 7.46 ms (max 11.95)
  road_collision_create_-1,-3: 3.47 ms (max 6.77)
  road_collision_create_-1,-4: 4.27 ms (max 4.84)
  road_collision_create_-1,-5: 4.11 ms (max 4.37)
  road_collision_create_-1,0: 1.74 ms (max 2.01)
  road_collision_create_-2,-1: 5.22 ms (max 10.23)
  road_collision_create_-2,-2: 7.37 ms (max 13.00)
  road_collision_create_-2,-3: 2.60 ms (max 4.44)
  road_collision_create_-2,-4: 4.86 ms (max 6.33)
  road_collision_create_-2,0: 6.79 ms (max 10.68)
  road_collision_create_0,-1: 6.19 ms (max 12.66)
  road_collision_create_0,-2: 6.30 ms (max 11.99)
  road_collision_create_0,-3: 3.51 ms (max 4.80)
  road_collision_create_0,-4: 1.74 ms (max 2.77)
  road_collision_create_0,-5: 3.96 ms (max 4.48)
  road_collision_create_0,0: 5.16 ms (max 12.41)
  road_collision_create_0,1: 10.65 ms (max 10.65)
  road_collision_create_1,-1: 5.31 ms (max 12.56)
  road_collision_create_1,-2: 8.81 ms (max 15.10)
  road_collision_create_1,-3: 2.73 ms (max 3.56)
  road_collision_create_1,-4: 3.38 ms (max 4.64)
  road_collision_create_1,0: 11.81 ms (max 11.81)
  road_collision_create_2,-3: 3.06 ms (max 3.74)
===========================

=== PERFORMANCE METRICS ===
FPS: 52 | Frame: 27.7 ms (max 109.4) | Physics: 16.5 ms (max 88.0)
Godot Process: 75.02 ms | Physics: 9.49 ms
Objects: 64908 | Nodes: 28292 | Resources: 539
Draw calls: 4210 | Vertices: 6103043 | VRAM: 744.3 MB
Physics bodies: 436 | Collision pairs: 6055
===========================
OSM: 🌙 NIGHT Window batch 2,-3 | night_mgr: CACHED | is_night value: true
OSM: ✅ Finalized window batch 2,-3: 5675 windows (was 5675 draw calls before batching)
OSM: 🌙 NIGHT Window batch -1,-5 | night_mgr: CACHED | is_night value: true
OSM: ✅ Finalized window batch -1,-5: 6514 windows (was 6514 draw calls before batching)
⚡ FRAME SPIKE #514: 30.6 ms at 39.7s (Draw: 4199, Bodies: 456)
OSM: 🌙 NIGHT Window batch 2,-3 | night_mgr: CACHED | is_night value: true
OSM: ✅ Finalized window batch 2,-3: 194 windows (was 194 draw calls before batching)
⚡ FRAME SPIKE #515: 39.4 ms at 39.8s (Draw: 4198, Bodies: 456)
⚡ FRAME SPIKE #516: 33.3 ms at 39.8s (Draw: 4188, Bodies: 457)
⚡ FRAME SPIKE #517: 37.5 ms at 39.8s (Draw: 4190, Bodies: 458)
⚡ FRAME SPIKE #518: 43.7 ms at 39.9s (Draw: 4153, Bodies: 458)
⚡ FRAME SPIKE #519: 38.9 ms at 39.9s (Draw: 4155, Bodies: 458)
⚡ FRAME SPIKE #520: 40.6 ms at 39.9s (Draw: 4157, Bodies: 459)
⚡ FRAME SPIKE #521: 38.9 ms at 40.0s (Draw: 4142, Bodies: 460)
⚡ FRAME SPIKE #522: 38.9 ms at 40.0s (Draw: 4000, Bodies: 460)
⚡ FRAME SPIKE #523: 38.9 ms at 40.1s (Draw: 3965, Bodies: 460)
⚡ FRAME SPIKE #524: 38.9 ms at 40.1s (Draw: 3955, Bodies: 461)
⚡ PHYSICS SPIKE #63: 10.6 ms at 40.1s (Bodies: 461)
⚡ PHYSICS SPIKE #64: 10.6 ms at 40.1s (Bodies: 462)
⚡ PHYSICS SPIKE #65: 10.6 ms at 40.1s (Bodies: 462)
⚡ FRAME SPIKE #525: 38.9 ms at 40.1s (Draw: 3948, Bodies: 462)
⚡ PHYSICS SPIKE #66: 10.6 ms at 40.2s (Bodies: 462)
⚡ PHYSICS SPIKE #67: 10.6 ms at 40.2s (Bodies: 462)
⚡ FRAME SPIKE #526: 38.9 ms at 40.2s (Draw: 3926, Bodies: 462)
⚡ PHYSICS SPIKE #68: 10.6 ms at 40.2s (Bodies: 462)
⚡ PHYSICS SPIKE #69: 10.6 ms at 40.2s (Bodies: 462)
⚡ FRAME SPIKE #527: 38.9 ms at 40.2s (Draw: 3925, Bodies: 462)
⚡ PHYSICS SPIKE #70: 10.6 ms at 40.3s (Bodies: 462)
⚡ PHYSICS SPIKE #71: 10.6 ms at 40.3s (Bodies: 462)
⚡ PHYSICS SPIKE #72: 10.6 ms at 40.3s (Bodies: 462)
⚡ FRAME SPIKE #528: 38.9 ms at 40.3s (Draw: 3903, Bodies: 462)
⚡ PHYSICS SPIKE #73: 10.6 ms at 40.3s (Bodies: 462)
⚡ PHYSICS SPIKE #74: 10.6 ms at 40.3s (Bodies: 462)
⚡ FRAME SPIKE #529: 39.4 ms at 40.3s (Draw: 3894, Bodies: 462)
⚡ PHYSICS SPIKE #75: 10.6 ms at 40.3s (Bodies: 462)
⚡ PHYSICS SPIKE #76: 10.6 ms at 40.3s (Bodies: 463)
⚡ FRAME SPIKE #530: 38.9 ms at 40.3s (Draw: 3895, Bodies: 463)
⚡ PHYSICS SPIKE #77: 10.6 ms at 40.4s (Bodies: 463)
⚡ PHYSICS SPIKE #78: 10.6 ms at 40.4s (Bodies: 464)
⚡ PHYSICS SPIKE #79: 10.6 ms at 40.4s (Bodies: 464)
⚡ FRAME SPIKE #531: 38.9 ms at 40.4s (Draw: 3916, Bodies: 464)
⚡ PHYSICS SPIKE #80: 10.6 ms at 40.4s (Bodies: 464)
⚡ PHYSICS SPIKE #81: 10.6 ms at 40.4s (Bodies: 465)
⚡ FRAME SPIKE #532: 38.9 ms at 40.4s (Draw: 3952, Bodies: 465)
⚡ PHYSICS SPIKE #82: 10.6 ms at 40.5s (Bodies: 465)
⚡ PHYSICS SPIKE #83: 10.6 ms at 40.5s (Bodies: 465)
⚡ FRAME SPIKE #533: 38.9 ms at 40.5s (Draw: 3952, Bodies: 465)
OSM: ✅ Finalized lamp batch 2,-3: 22 lamps (3 MultiMeshes + 22 lights, was 66 draw calls before)
⚡ PHYSICS SPIKE #84: 10.6 ms at 40.5s (Bodies: 465)
⚡ PHYSICS SPIKE #85: 10.6 ms at 40.5s (Bodies: 465)
⚡ PHYSICS SPIKE #86: 10.6 ms at 40.5s (Bodies: 465)
⚡ FRAME SPIKE #534: 38.4 ms at 40.5s (Draw: 4072, Bodies: 465)
OSM: ✅ Finalized lamp batch 0,-5: 4 lamps (3 MultiMeshes + 4 lights, was 12 draw calls before)
⚡ PHYSICS SPIKE #87: 10.6 ms at 40.5s (Bodies: 465)
⚡ PHYSICS SPIKE #88: 10.6 ms at 40.5s (Bodies: 465)
⚡ FRAME SPIKE #535: 38.9 ms at 40.5s (Draw: 4034, Bodies: 465)
⚡ PHYSICS SPIKE #89: 10.6 ms at 40.6s (Bodies: 465)
⚡ PHYSICS SPIKE #90: 10.6 ms at 40.6s (Bodies: 465)
⚡ FRAME SPIKE #536: 38.9 ms at 40.6s (Draw: 4027, Bodies: 465)
⚡ PHYSICS SPIKE #91: 10.6 ms at 40.6s (Bodies: 465)
⚡ PHYSICS SPIKE #92: 10.6 ms at 40.6s (Bodies: 465)
⚡ PHYSICS SPIKE #93: 10.6 ms at 40.6s (Bodies: 465)
⚡ FRAME SPIKE #537: 35.3 ms at 40.6s (Draw: 4037, Bodies: 465)
⚡ PHYSICS SPIKE #94: 10.6 ms at 40.6s (Bodies: 465)
⚡ PHYSICS SPIKE #95: 10.6 ms at 40.6s (Bodies: 465)
⚡ FRAME SPIKE #538: 38.9 ms at 40.6s (Draw: 4040, Bodies: 465)
⚡ PHYSICS SPIKE #96: 10.6 ms at 40.7s (Bodies: 465)
⚡ PHYSICS SPIKE #97: 10.6 ms at 40.7s (Bodies: 465)
⚡ FRAME SPIKE #539: 38.5 ms at 40.7s (Draw: 4036, Bodies: 465)
⚡ PHYSICS SPIKE #98: 10.6 ms at 40.7s (Bodies: 465)
⚡ PHYSICS SPIKE #99: 10.6 ms at 40.7s (Bodies: 465)
⚡ FRAME SPIKE #540: 34.9 ms at 40.7s (Draw: 4033, Bodies: 465)
⚡ PHYSICS SPIKE #100: 10.6 ms at 40.8s (Bodies: 465)
⚡ PHYSICS SPIKE #101: 10.6 ms at 40.8s (Bodies: 465)
⚡ FRAME SPIKE #541: 34.1 ms at 40.8s (Draw: 4033, Bodies: 465)
⚡ PHYSICS SPIKE #102: 10.6 ms at 40.8s (Bodies: 465)
⚡ PHYSICS SPIKE #103: 10.6 ms at 40.8s (Bodies: 465)
⚡ FRAME SPIKE #542: 34.6 ms at 40.8s (Draw: 4035, Bodies: 465)
🚗 Traffic: 18 active NPCs (Near: 7, Mid: 8, Far: 3), 13 pooled
  → Physics bodies from NPCs: 18 (All: 18×1, было бы 18×5=90)

========== Bottleneck Analysis Report ==========
Time: 51.7s | Frames: 2012

📊 PERFORMANCE OVERVIEW:
  FPS: 41.9 avg | 25.0 min
  Frame Time: 57.99 ms avg | 75.02 ms max
  Physics Time: 11.00 ms avg

🔍 BOTTLENECK IDENTIFICATION:
  🔴 [CRITICAL] Frame Time
      Value: 57.99 ms (target: 16.67 ms)
      Impact: Overall performance bottleneck
      Suggestions:
        • Reduce draw calls
        • Optimize scripts in _process()
        • Check for expensive operations per frame

  🔴 [CRITICAL] Physics Time
      Value: 11.00 ms
      Impact: Physics simulation overhead
      Suggestions:
        • Reduce number of active physics bodies
        • Simplify collision shapes
        • Disable physics for distant objects

  🟠 [HIGH] Draw Calls
      Value: 4249 calls/frame
      Impact: GPU rendering overhead
      Suggestions:
        • Batch meshes by material
        • Use MultiMeshInstance3D
        • Implement LOD system
        • Enable frustum culling

  🟠 [HIGH] Physics Bodies
      Value: 436 active bodies
      Impact: Physics engine load
      Suggestions:
        • Reduce NPC count
        • Convert distant NPCs to kinematic
        • Disable physics for far objects

  🟡 [MEDIUM] Vertex Count
      Value: 6071700 vertices/frame
      Impact: GPU vertex processing
      Suggestions:
        • Implement LOD for distant objects
        • Simplify building meshes
        • Use lower poly models

  🟡 [MEDIUM] Node Count
      Value: 29138 nodes
      Impact: Scene tree traversal overhead
      Suggestions:
        • Unload distant chunks
        • Pool and reuse nodes
        • Flatten hierarchy where possible

  🟡 [MEDIUM] Post-Processing Effects
      Value: SSAO, Glow/Bloom, Volumetric Fog
      Impact: GPU shader overhead
      Suggestions:
        • Reduce SSR quality
        • Disable SSAO on low-end hardware
        • Use simpler fog

📈 DETAILED STATS:
  Draw Calls: 4249 avg | 4633 max
  Vertices: 6071700 avg | 6573158 max
  Physics Bodies: 436
  Nodes: 29138
  VRAM: 747.3 MB

=================================================

⚡ PHYSICS SPIKE #104: 10.6 ms at 40.8s (Bodies: 465)
⚡ PHYSICS SPIKE #105: 10.6 ms at 40.8s (Bodies: 465)
⚡ PHYSICS SPIKE #106: 10.6 ms at 40.8s (Bodies: 465)
⚡ FRAME SPIKE #543: 36.1 ms at 40.8s (Draw: 4034, Bodies: 465)
⚡ PHYSICS SPIKE #107: 10.6 ms at 40.9s (Bodies: 465)
⚡ PHYSICS SPIKE #108: 10.6 ms at 40.9s (Bodies: 465)
⚡ FRAME SPIKE #544: 36.7 ms at 40.9s (Draw: 4022, Bodies: 465)
⚡ PHYSICS SPIKE #109: 10.6 ms at 40.9s (Bodies: 465)
⚡ PHYSICS SPIKE #110: 10.6 ms at 40.9s (Bodies: 465)
⚡ FRAME SPIKE #545: 36.1 ms at 40.9s (Draw: 4009, Bodies: 465)
⚡ PHYSICS SPIKE #111: 10.6 ms at 40.9s (Bodies: 465)
⚡ PHYSICS SPIKE #112: 10.6 ms at 40.9s (Bodies: 465)
⚡ FRAME SPIKE #546: 36.7 ms at 40.9s (Draw: 4001, Bodies: 465)
⚡ PHYSICS SPIKE #113: 10.6 ms at 41.0s (Bodies: 465)
⚡ PHYSICS SPIKE #114: 10.6 ms at 41.0s (Bodies: 465)
⚡ FRAME SPIKE #547: 36.4 ms at 41.0s (Draw: 4002, Bodies: 465)
⚡ PHYSICS SPIKE #115: 10.6 ms at 41.0s (Bodies: 465)
⚡ PHYSICS SPIKE #116: 10.6 ms at 41.0s (Bodies: 465)
⚡ PHYSICS SPIKE #117: 10.6 ms at 41.0s (Bodies: 465)
⚡ FRAME SPIKE #548: 36.4 ms at 41.0s (Draw: 4011, Bodies: 465)
⚡ PHYSICS SPIKE #118: 10.6 ms at 41.0s (Bodies: 465)
⚡ PHYSICS SPIKE #119: 10.6 ms at 41.0s (Bodies: 465)
⚡ FRAME SPIKE #549: 36.7 ms at 41.0s (Draw: 4008, Bodies: 465)
⚡ PHYSICS SPIKE #120: 10.6 ms at 41.1s (Bodies: 465)
⚡ PHYSICS SPIKE #121: 10.6 ms at 41.1s (Bodies: 465)
⚡ FRAME SPIKE #550: 36.4 ms at 41.1s (Draw: 4014, Bodies: 465)
⚡ PHYSICS SPIKE #122: 10.6 ms at 41.1s (Bodies: 465)
⚡ PHYSICS SPIKE #123: 10.6 ms at 41.1s (Bodies: 465)
⚡ FRAME SPIKE #551: 36.5 ms at 41.1s (Draw: 4016, Bodies: 465)
⚡ PHYSICS SPIKE #124: 10.4 ms at 41.2s (Bodies: 465)
⚡ PHYSICS SPIKE #125: 10.4 ms at 41.2s (Bodies: 465)
⚡ FRAME SPIKE #552: 36.7 ms at 41.2s (Draw: 4014, Bodies: 465)
⚡ PHYSICS SPIKE #126: 10.4 ms at 41.2s (Bodies: 465)
⚡ PHYSICS SPIKE #127: 10.4 ms at 41.2s (Bodies: 464)
⚡ PHYSICS SPIKE #128: 10.4 ms at 41.2s (Bodies: 464)
⚡ FRAME SPIKE #553: 36.7 ms at 41.2s (Draw: 4013, Bodies: 464)
⚡ PHYSICS SPIKE #129: 10.4 ms at 41.2s (Bodies: 464)
⚡ PHYSICS SPIKE #130: 10.4 ms at 41.2s (Bodies: 464)
⚡ FRAME SPIKE #554: 37.4 ms at 41.2s (Draw: 4017, Bodies: 464)
⚡ PHYSICS SPIKE #131: 10.4 ms at 41.3s (Bodies: 464)
⚡ PHYSICS SPIKE #132: 10.4 ms at 41.3s (Bodies: 464)
⚡ FRAME SPIKE #555: 39.3 ms at 41.3s (Draw: 4016, Bodies: 464)
⚡ PHYSICS SPIKE #133: 10.4 ms at 41.3s (Bodies: 464)
⚡ PHYSICS SPIKE #134: 10.4 ms at 41.3s (Bodies: 464)
⚡ FRAME SPIKE #556: 36.7 ms at 41.3s (Draw: 4004, Bodies: 464)
⚡ PHYSICS SPIKE #135: 10.4 ms at 41.3s (Bodies: 464)
⚡ PHYSICS SPIKE #136: 10.4 ms at 41.3s (Bodies: 464)
⚡ FRAME SPIKE #557: 36.4 ms at 41.3s (Draw: 4008, Bodies: 464)
⚡ PHYSICS SPIKE #137: 10.4 ms at 41.4s (Bodies: 464)
⚡ PHYSICS SPIKE #138: 10.4 ms at 41.4s (Bodies: 464)
⚡ PHYSICS SPIKE #139: 10.4 ms at 41.4s (Bodies: 464)
⚡ FRAME SPIKE #558: 36.7 ms at 41.4s (Draw: 4007, Bodies: 464)
⚡ PHYSICS SPIKE #140: 10.4 ms at 41.4s (Bodies: 464)
⚡ PHYSICS SPIKE #141: 10.4 ms at 41.4s (Bodies: 464)
⚡ FRAME SPIKE #559: 41.9 ms at 41.4s (Draw: 4004, Bodies: 464)
⚡ PHYSICS SPIKE #142: 10.4 ms at 41.5s (Bodies: 464)
⚡ PHYSICS SPIKE #143: 10.4 ms at 41.5s (Bodies: 464)
⚡ FRAME SPIKE #560: 36.7 ms at 41.5s (Draw: 4006, Bodies: 464)
⚡ PHYSICS SPIKE #144: 10.4 ms at 41.5s (Bodies: 464)
⚡ PHYSICS SPIKE #145: 10.4 ms at 41.5s (Bodies: 464)
⚡ FRAME SPIKE #561: 34.8 ms at 41.5s (Draw: 4008, Bodies: 464)
⚡ PHYSICS SPIKE #146: 10.4 ms at 41.5s (Bodies: 464)
⚡ PHYSICS SPIKE #147: 10.4 ms at 41.5s (Bodies: 464)
⚡ PHYSICS SPIKE #148: 10.4 ms at 41.5s (Bodies: 464)
⚡ FRAME SPIKE #562: 33.3 ms at 41.5s (Draw: 4008, Bodies: 464)
⚡ PHYSICS SPIKE #149: 10.4 ms at 41.6s (Bodies: 464)
⚡ PHYSICS SPIKE #150: 10.4 ms at 41.6s (Bodies: 464)
⚡ PHYSICS SPIKE #151: 10.4 ms at 41.6s (Bodies: 464)
⚡ FRAME SPIKE #563: 50.0 ms at 41.6s (Draw: 4006, Bodies: 464)
⚡ PHYSICS SPIKE #152: 10.4 ms at 41.6s (Bodies: 464)
⚡ PHYSICS SPIKE #153: 10.4 ms at 41.6s (Bodies: 464)
⚡ FRAME SPIKE #564: 36.8 ms at 41.6s (Draw: 4003, Bodies: 464)
⚡ PHYSICS SPIKE #154: 10.4 ms at 41.6s (Bodies: 464)
⚡ PHYSICS SPIKE #155: 10.4 ms at 41.6s (Bodies: 464)
⚡ FRAME SPIKE #565: 36.7 ms at 41.6s (Draw: 4002, Bodies: 464)
⚡ PHYSICS SPIKE #156: 10.4 ms at 41.7s (Bodies: 464)
⚡ PHYSICS SPIKE #157: 10.4 ms at 41.7s (Bodies: 464)
⚡ FRAME SPIKE #566: 36.7 ms at 41.7s (Draw: 4004, Bodies: 464)
⚡ PHYSICS SPIKE #158: 10.4 ms at 41.7s (Bodies: 464)
⚡ PHYSICS SPIKE #159: 10.4 ms at 41.7s (Bodies: 464)
⚡ FRAME SPIKE #567: 36.7 ms at 41.7s (Draw: 4006, Bodies: 464)
⚡ PHYSICS SPIKE #160: 10.4 ms at 41.8s (Bodies: 464)
⚡ PHYSICS SPIKE #161: 10.4 ms at 41.8s (Bodies: 464)
⚡ PHYSICS SPIKE #162: 10.4 ms at 41.8s (Bodies: 464)
⚡ FRAME SPIKE #568: 36.7 ms at 41.8s (Draw: 4008, Bodies: 464)
⚡ PHYSICS SPIKE #163: 10.4 ms at 41.8s (Bodies: 464)
⚡ PHYSICS SPIKE #164: 10.4 ms at 41.8s (Bodies: 464)
⚡ FRAME SPIKE #569: 36.7 ms at 41.8s (Draw: 4004, Bodies: 464)
⚡ PHYSICS SPIKE #165: 10.4 ms at 41.8s (Bodies: 464)
⚡ PHYSICS SPIKE #166: 10.4 ms at 41.8s (Bodies: 464)
⚡ FRAME SPIKE #570: 36.7 ms at 41.8s (Draw: 4004, Bodies: 464)
⚡ PHYSICS SPIKE #167: 10.4 ms at 41.9s (Bodies: 464)
⚡ PHYSICS SPIKE #168: 10.4 ms at 41.9s (Bodies: 464)
⚡ FRAME SPIKE #571: 36.7 ms at 41.9s (Draw: 4004, Bodies: 464)
⚡ PHYSICS SPIKE #169: 10.4 ms at 41.9s (Bodies: 464)
⚡ PHYSICS SPIKE #170: 10.4 ms at 41.9s (Bodies: 464)
⚡ FRAME SPIKE #572: 36.7 ms at 41.9s (Draw: 4004, Bodies: 464)
⚡ PHYSICS SPIKE #171: 10.4 ms at 41.9s (Bodies: 464)
⚡ PHYSICS SPIKE #172: 10.4 ms at 41.9s (Bodies: 464)
⚡ FRAME SPIKE #573: 36.4 ms at 41.9s (Draw: 4004, Bodies: 464)
⚡ PHYSICS SPIKE #173: 10.4 ms at 42.0s (Bodies: 464)
⚡ PHYSICS SPIKE #174: 10.4 ms at 42.0s (Bodies: 464)
⚡ PHYSICS SPIKE #175: 10.4 ms at 42.0s (Bodies: 464)
⚡ FRAME SPIKE #574: 36.4 ms at 42.0s (Draw: 4003, Bodies: 464)
⚡ PHYSICS SPIKE #176: 10.4 ms at 42.0s (Bodies: 464)
⚡ PHYSICS SPIKE #177: 10.4 ms at 42.0s (Bodies: 464)
⚡ FRAME SPIKE #575: 36.7 ms at 42.0s (Draw: 4001, Bodies: 464)
⚡ PHYSICS SPIKE #178: 10.4 ms at 42.1s (Bodies: 464)
⚡ PHYSICS SPIKE #179: 10.4 ms at 42.1s (Bodies: 464)
⚡ FRAME SPIKE #576: 36.7 ms at 42.1s (Draw: 4000, Bodies: 464)
⚡ PHYSICS SPIKE #180: 10.4 ms at 42.1s (Bodies: 464)
⚡ PHYSICS SPIKE #181: 10.4 ms at 42.1s (Bodies: 464)
⚡ FRAME SPIKE #577: 36.7 ms at 42.1s (Draw: 4002, Bodies: 464)
⚡ PHYSICS SPIKE #182: 10.4 ms at 42.1s (Bodies: 464)
⚡ PHYSICS SPIKE #183: 10.4 ms at 42.1s (Bodies: 464)
⚡ PHYSICS SPIKE #184: 10.4 ms at 42.1s (Bodies: 464)
⚡ PHYSICS SPIKE #185: 10.4 ms at 42.1s (Bodies: 464)
⚡ FRAME SPIKE #578: 66.2 ms at 42.1s (Draw: 4001, Bodies: 464)
⚡ PHYSICS SPIKE #186: 11.8 ms at 42.2s (Bodies: 464)
⚡ PHYSICS SPIKE #187: 11.8 ms at 42.2s (Bodies: 464)
⚡ PHYSICS SPIKE #188: 11.8 ms at 42.2s (Bodies: 464)
⚡ PHYSICS SPIKE #189: 11.8 ms at 42.2s (Bodies: 464)
⚡ FRAME SPIKE #579: 70.9 ms at 42.2s (Draw: 4002, Bodies: 464)
⚡ PHYSICS SPIKE #190: 11.8 ms at 42.3s (Bodies: 464)
⚡ PHYSICS SPIKE #191: 11.8 ms at 42.3s (Bodies: 464)
⚡ PHYSICS SPIKE #192: 11.8 ms at 42.3s (Bodies: 464)
⚡ FRAME SPIKE #580: 49.5 ms at 42.3s (Draw: 4003, Bodies: 464)
⚡ PHYSICS SPIKE #193: 11.8 ms at 42.3s (Bodies: 464)
⚡ PHYSICS SPIKE #194: 11.8 ms at 42.3s (Bodies: 467)
⚡ PHYSICS SPIKE #195: 11.8 ms at 42.3s (Bodies: 467)
⚡ PHYSICS SPIKE #196: 11.8 ms at 42.3s (Bodies: 467)
⚡ FRAME SPIKE #581: 54.6 ms at 42.3s (Draw: 4005, Bodies: 467)
⚡ PHYSICS SPIKE #197: 11.8 ms at 42.4s (Bodies: 467)
⚡ PHYSICS SPIKE #198: 11.8 ms at 42.4s (Bodies: 467)
⚡ PHYSICS SPIKE #199: 11.8 ms at 42.4s (Bodies: 467)
⚡ FRAME SPIKE #582: 55.5 ms at 42.4s (Draw: 4005, Bodies: 467)
⚡ PHYSICS SPIKE #200: 11.8 ms at 42.4s (Bodies: 467)
⚡ PHYSICS SPIKE #201: 11.8 ms at 42.4s (Bodies: 467)
⚡ PHYSICS SPIKE #202: 11.8 ms at 42.4s (Bodies: 467)
⚡ FRAME SPIKE #583: 46.3 ms at 42.4s (Draw: 4004, Bodies: 467)
⚡ PHYSICS SPIKE #203: 11.8 ms at 42.5s (Bodies: 467)
⚡ PHYSICS SPIKE #204: 11.8 ms at 42.5s (Bodies: 467)
⚡ PHYSICS SPIKE #205: 11.8 ms at 42.5s (Bodies: 467)
⚡ FRAME SPIKE #584: 45.3 ms at 42.5s (Draw: 4005, Bodies: 467)
⚡ PHYSICS SPIKE #206: 11.8 ms at 42.5s (Bodies: 467)
⚡ PHYSICS SPIKE #207: 11.8 ms at 42.5s (Bodies: 467)
⚡ FRAME SPIKE #585: 46.0 ms at 42.5s (Draw: 4005, Bodies: 467)
⚡ PHYSICS SPIKE #208: 11.8 ms at 42.6s (Bodies: 467)
⚡ PHYSICS SPIKE #209: 11.8 ms at 42.6s (Bodies: 467)
⚡ FRAME SPIKE #586: 36.0 ms at 42.6s (Draw: 4003, Bodies: 467)
⚡ PHYSICS SPIKE #210: 11.8 ms at 42.6s (Bodies: 467)
⚡ PHYSICS SPIKE #211: 11.8 ms at 42.6s (Bodies: 467)
⚡ PHYSICS SPIKE #212: 11.8 ms at 42.6s (Bodies: 467)
⚡ FRAME SPIKE #587: 35.1 ms at 42.6s (Draw: 4002, Bodies: 467)
⚡ PHYSICS SPIKE #213: 11.8 ms at 42.6s (Bodies: 467)
⚡ PHYSICS SPIKE #214: 11.8 ms at 42.6s (Bodies: 467)
⚡ FRAME SPIKE #588: 41.7 ms at 42.6s (Draw: 3996, Bodies: 467)
⚡ PHYSICS SPIKE #215: 11.8 ms at 42.7s (Bodies: 467)
⚡ PHYSICS SPIKE #216: 11.8 ms at 42.7s (Bodies: 467)
⚡ FRAME SPIKE #589: 38.0 ms at 42.7s (Draw: 3995, Bodies: 467)
⚡ PHYSICS SPIKE #217: 11.8 ms at 42.7s (Bodies: 467)
⚡ PHYSICS SPIKE #218: 11.8 ms at 42.7s (Bodies: 467)
⚡ PHYSICS SPIKE #219: 11.8 ms at 42.7s (Bodies: 467)
⚡ FRAME SPIKE #590: 36.6 ms at 42.7s (Draw: 3993, Bodies: 467)
⚡ PHYSICS SPIKE #220: 11.8 ms at 42.7s (Bodies: 467)
⚡ PHYSICS SPIKE #221: 11.8 ms at 42.7s (Bodies: 467)
⚡ FRAME SPIKE #591: 39.6 ms at 42.7s (Draw: 3985, Bodies: 467)
⚡ PHYSICS SPIKE #222: 11.8 ms at 42.8s (Bodies: 467)
⚡ PHYSICS SPIKE #223: 11.8 ms at 42.8s (Bodies: 467)
⚡ FRAME SPIKE #592: 38.9 ms at 42.8s (Draw: 3984, Bodies: 467)
⚡ PHYSICS SPIKE #224: 11.8 ms at 42.8s (Bodies: 467)
⚡ PHYSICS SPIKE #225: 11.8 ms at 42.8s (Bodies: 467)
⚡ PHYSICS SPIKE #226: 11.8 ms at 42.8s (Bodies: 467)
⚡ FRAME SPIKE #593: 37.6 ms at 42.8s (Draw: 3981, Bodies: 467)
🚗 Traffic: 20 active NPCs (Near: 7, Mid: 11, Far: 2), 11 pooled
  → Physics bodies from NPCs: 20 (All: 20×1, было бы 20×5=100)

========== Bottleneck Analysis Report ==========
Time: 53.7s | Frames: 2063

📊 PERFORMANCE OVERVIEW:
  FPS: 43.9 avg | 27.0 min
  Frame Time: 46.70 ms avg | 75.02 ms max
  Physics Time: 10.23 ms avg

🔍 BOTTLENECK IDENTIFICATION:
  🔴 [CRITICAL] Frame Time
      Value: 46.70 ms (target: 16.67 ms)
      Impact: Overall performance bottleneck
      Suggestions:
        • Reduce draw calls
        • Optimize scripts in _process()
        • Check for expensive operations per frame

  🔴 [CRITICAL] Physics Time
      Value: 10.23 ms
      Impact: Physics simulation overhead
      Suggestions:
        • Reduce number of active physics bodies
        • Simplify collision shapes
        • Disable physics for distant objects

  🟠 [HIGH] Draw Calls
      Value: 4079 calls/frame
      Impact: GPU rendering overhead
      Suggestions:
        • Batch meshes by material
        • Use MultiMeshInstance3D
        • Implement LOD system
        • Enable frustum culling

  🟠 [HIGH] Physics Bodies
      Value: 456 active bodies
      Impact: Physics engine load
      Suggestions:
        • Reduce NPC count
        • Convert distant NPCs to kinematic
        • Disable physics for far objects

  🟡 [MEDIUM] Vertex Count
      Value: 6330522 vertices/frame
      Impact: GPU vertex processing
      Suggestions:
        • Implement LOD for distant objects
        • Simplify building meshes
        • Use lower poly models

  🟡 [MEDIUM] Node Count
      Value: 29138 nodes
      Impact: Scene tree traversal overhead
      Suggestions:
        • Unload distant chunks
        • Pool and reuse nodes
        • Flatten hierarchy where possible

  🟡 [MEDIUM] Post-Processing Effects
      Value: SSAO, Glow/Bloom, Volumetric Fog
      Impact: GPU shader overhead
      Suggestions:
        • Reduce SSR quality
        • Disable SSAO on low-end hardware
        • Use simpler fog

📈 DETAILED STATS:
  Draw Calls: 4079 avg | 4210 max
  Vertices: 6330522 avg | 6573158 max
  Physics Bodies: 456
  Nodes: 29138
  VRAM: 747.3 MB

=================================================

⚡ PHYSICS SPIKE #227: 11.8 ms at 42.9s (Bodies: 467)
⚡ PHYSICS SPIKE #228: 11.8 ms at 42.9s (Bodies: 467)
⚡ FRAME SPIKE #594: 39.4 ms at 42.9s (Draw: 3981, Bodies: 467)
⚡ PHYSICS SPIKE #229: 11.8 ms at 42.9s (Bodies: 467)
⚡ PHYSICS SPIKE #230: 11.8 ms at 42.9s (Bodies: 467)
⚡ PHYSICS SPIKE #231: 11.8 ms at 42.9s (Bodies: 467)
⚡ FRAME SPIKE #595: 43.5 ms at 42.9s (Draw: 3982, Bodies: 467)
⚡ PHYSICS SPIKE #232: 11.8 ms at 42.9s (Bodies: 467)
⚡ PHYSICS SPIKE #233: 11.8 ms at 42.9s (Bodies: 467)
⚡ FRAME SPIKE #596: 39.4 ms at 42.9s (Draw: 3988, Bodies: 467)
⚡ PHYSICS SPIKE #234: 11.8 ms at 43.0s (Bodies: 467)
⚡ PHYSICS SPIKE #235: 11.8 ms at 43.0s (Bodies: 467)
⚡ FRAME SPIKE #597: 39.4 ms at 43.0s (Draw: 3991, Bodies: 467)
⚡ PHYSICS SPIKE #236: 11.8 ms at 43.0s (Bodies: 467)
⚡ PHYSICS SPIKE #237: 11.8 ms at 43.0s (Bodies: 467)
⚡ FRAME SPIKE #598: 36.4 ms at 43.0s (Draw: 3994, Bodies: 467)
⚡ PHYSICS SPIKE #238: 11.8 ms at 43.1s (Bodies: 467)
⚡ PHYSICS SPIKE #239: 11.8 ms at 43.1s (Bodies: 467)
⚡ PHYSICS SPIKE #240: 11.8 ms at 43.1s (Bodies: 467)
⚡ FRAME SPIKE #599: 35.8 ms at 43.1s (Draw: 3994, Bodies: 467)
⚡ PHYSICS SPIKE #241: 11.8 ms at 43.1s (Bodies: 467)
⚡ PHYSICS SPIKE #242: 11.8 ms at 43.1s (Bodies: 467)
⚡ FRAME SPIKE #600: 38.9 ms at 43.1s (Draw: 3997, Bodies: 467)
⚡ PHYSICS SPIKE #243: 11.8 ms at 43.1s (Bodies: 467)
⚡ PHYSICS SPIKE #244: 11.8 ms at 43.1s (Bodies: 467)
⚡ FRAME SPIKE #601: 38.9 ms at 43.1s (Draw: 3998, Bodies: 467)
⚡ PHYSICS SPIKE #245: 11.4 ms at 43.2s (Bodies: 467)
⚡ PHYSICS SPIKE #246: 11.4 ms at 43.2s (Bodies: 467)
⚡ PHYSICS SPIKE #247: 11.4 ms at 43.2s (Bodies: 467)
⚡ FRAME SPIKE #602: 38.2 ms at 43.2s (Draw: 4004, Bodies: 467)
⚡ PHYSICS SPIKE #248: 11.4 ms at 43.2s (Bodies: 467)
⚡ PHYSICS SPIKE #249: 11.4 ms at 43.2s (Bodies: 467)
⚡ FRAME SPIKE #603: 38.9 ms at 43.2s (Draw: 4004, Bodies: 467)
⚡ PHYSICS SPIKE #250: 11.4 ms at 43.3s (Bodies: 467)
⚡ PHYSICS SPIKE #251: 11.4 ms at 43.3s (Bodies: 467)
⚡ FRAME SPIKE #604: 38.9 ms at 43.3s (Draw: 4005, Bodies: 467)
⚡ PHYSICS SPIKE #252: 11.4 ms at 43.3s (Bodies: 467)
⚡ PHYSICS SPIKE #253: 11.4 ms at 43.3s (Bodies: 467)
⚡ FRAME SPIKE #605: 38.1 ms at 43.3s (Draw: 4001, Bodies: 467)
⚡ PHYSICS SPIKE #254: 11.4 ms at 43.3s (Bodies: 467)
⚡ PHYSICS SPIKE #255: 11.4 ms at 43.3s (Bodies: 469)
⚡ PHYSICS SPIKE #256: 11.4 ms at 43.3s (Bodies: 469)
⚡ FRAME SPIKE #606: 38.1 ms at 43.3s (Draw: 4001, Bodies: 469)
⚡ PHYSICS SPIKE #257: 11.4 ms at 43.4s (Bodies: 469)
⚡ PHYSICS SPIKE #258: 11.4 ms at 43.4s (Bodies: 469)
⚡ FRAME SPIKE #607: 38.3 ms at 43.4s (Draw: 3999, Bodies: 469)
⚡ PHYSICS SPIKE #259: 11.4 ms at 43.4s (Bodies: 469)
⚡ PHYSICS SPIKE #260: 11.4 ms at 43.4s (Bodies: 469)
⚡ FRAME SPIKE #608: 38.1 ms at 43.4s (Draw: 4002, Bodies: 469)
⚡ PHYSICS SPIKE #261: 11.4 ms at 43.4s (Bodies: 469)
⚡ PHYSICS SPIKE #262: 11.4 ms at 43.4s (Bodies: 469)
⚡ PHYSICS SPIKE #263: 11.4 ms at 43.4s (Bodies: 469)
⚡ FRAME SPIKE #609: 38.1 ms at 43.4s (Draw: 4000, Bodies: 469)
⚡ PHYSICS SPIKE #264: 11.4 ms at 43.5s (Bodies: 469)
⚡ PHYSICS SPIKE #265: 11.4 ms at 43.5s (Bodies: 469)
⚡ FRAME SPIKE #610: 38.3 ms at 43.5s (Draw: 4000, Bodies: 469)
⚡ PHYSICS SPIKE #266: 11.4 ms at 43.5s (Bodies: 469)
⚡ PHYSICS SPIKE #267: 11.4 ms at 43.5s (Bodies: 469)
⚡ FRAME SPIKE #611: 38.3 ms at 43.5s (Draw: 3998, Bodies: 469)
⚡ PHYSICS SPIKE #268: 11.4 ms at 43.6s (Bodies: 469)
⚡ PHYSICS SPIKE #269: 11.4 ms at 43.6s (Bodies: 469)
⚡ PHYSICS SPIKE #270: 11.4 ms at 43.6s (Bodies: 469)
⚡ FRAME SPIKE #612: 38.3 ms at 43.6s (Draw: 4000, Bodies: 469)
⚡ PHYSICS SPIKE #271: 11.4 ms at 43.6s (Bodies: 469)
⚡ PHYSICS SPIKE #272: 11.4 ms at 43.6s (Bodies: 469)
⚡ FRAME SPIKE #613: 38.3 ms at 43.6s (Draw: 4001, Bodies: 469)
⚡ PHYSICS SPIKE #273: 11.4 ms at 43.6s (Bodies: 469)
⚡ PHYSICS SPIKE #274: 11.4 ms at 43.6s (Bodies: 469)
⚡ FRAME SPIKE #614: 38.3 ms at 43.6s (Draw: 4001, Bodies: 469)
⚡ PHYSICS SPIKE #275: 11.4 ms at 43.7s (Bodies: 469)
⚡ PHYSICS SPIKE #276: 11.4 ms at 43.7s (Bodies: 469)
⚡ FRAME SPIKE #615: 38.3 ms at 43.7s (Draw: 4001, Bodies: 469)
⚡ PHYSICS SPIKE #277: 11.4 ms at 43.7s (Bodies: 469)
⚡ PHYSICS SPIKE #278: 11.4 ms at 43.7s (Bodies: 469)
⚡ PHYSICS SPIKE #279: 11.4 ms at 43.7s (Bodies: 469)
⚡ FRAME SPIKE #616: 38.3 ms at 43.7s (Draw: 4001, Bodies: 469)
⚡ PHYSICS SPIKE #280: 11.4 ms at 43.7s (Bodies: 469)
⚡ PHYSICS SPIKE #281: 11.4 ms at 43.7s (Bodies: 469)
⚡ FRAME SPIKE #617: 38.8 ms at 43.7s (Draw: 4001, Bodies: 469)
⚡ PHYSICS SPIKE #282: 11.4 ms at 43.8s (Bodies: 469)
⚡ PHYSICS SPIKE #283: 11.4 ms at 43.8s (Bodies: 469)
⚡ FRAME SPIKE #618: 38.3 ms at 43.8s (Draw: 4000, Bodies: 469)
⚡ PHYSICS SPIKE #284: 11.4 ms at 43.8s (Bodies: 469)
⚡ PHYSICS SPIKE #285: 11.4 ms at 43.8s (Bodies: 469)
⚡ PHYSICS SPIKE #286: 11.4 ms at 43.8s (Bodies: 469)
⚡ FRAME SPIKE #619: 38.3 ms at 43.8s (Draw: 3997, Bodies: 469)
⚡ PHYSICS SPIKE #287: 11.4 ms at 43.9s (Bodies: 469)
⚡ PHYSICS SPIKE #288: 11.4 ms at 43.9s (Bodies: 469)
⚡ FRAME SPIKE #620: 42.1 ms at 43.9s (Draw: 3997, Bodies: 469)
⚡ PHYSICS SPIKE #289: 11.4 ms at 43.9s (Bodies: 469)
⚡ PHYSICS SPIKE #290: 11.4 ms at 43.9s (Bodies: 469)
⚡ FRAME SPIKE #621: 38.3 ms at 43.9s (Draw: 4000, Bodies: 469)
⚡ PHYSICS SPIKE #291: 11.4 ms at 43.9s (Bodies: 469)
⚡ PHYSICS SPIKE #292: 11.4 ms at 43.9s (Bodies: 469)
⚡ PHYSICS SPIKE #293: 11.4 ms at 43.9s (Bodies: 469)
⚡ FRAME SPIKE #622: 38.3 ms at 43.9s (Draw: 3996, Bodies: 469)
⚡ PHYSICS SPIKE #294: 11.4 ms at 44.0s (Bodies: 469)
⚡ PHYSICS SPIKE #295: 11.4 ms at 44.0s (Bodies: 469)
⚡ FRAME SPIKE #623: 42.9 ms at 44.0s (Draw: 4002, Bodies: 469)
⚡ PHYSICS SPIKE #296: 11.4 ms at 44.0s (Bodies: 469)
⚡ PHYSICS SPIKE #297: 11.4 ms at 44.0s (Bodies: 469)
⚡ PHYSICS SPIKE #298: 11.4 ms at 44.0s (Bodies: 469)
⚡ FRAME SPIKE #624: 38.9 ms at 44.0s (Draw: 4002, Bodies: 469)
⚡ PHYSICS SPIKE #299: 11.4 ms at 44.1s (Bodies: 469)
⚡ PHYSICS SPIKE #300: 11.4 ms at 44.1s (Bodies: 469)
⚡ FRAME SPIKE #625: 42.7 ms at 44.1s (Draw: 4005, Bodies: 469)
⚡ PHYSICS SPIKE #301: 11.4 ms at 44.1s (Bodies: 469)
⚡ PHYSICS SPIKE #302: 11.4 ms at 44.1s (Bodies: 469)
⚡ PHYSICS SPIKE #303: 11.4 ms at 44.1s (Bodies: 469)
⚡ FRAME SPIKE #626: 37.4 ms at 44.1s (Draw: 4007, Bodies: 469)
⚡ PHYSICS SPIKE #304: 10.9 ms at 44.1s (Bodies: 469)
⚡ PHYSICS SPIKE #305: 10.9 ms at 44.1s (Bodies: 469)
⚡ PHYSICS SPIKE #306: 10.9 ms at 44.1s (Bodies: 469)
⚡ FRAME SPIKE #627: 50.0 ms at 44.1s (Draw: 4003, Bodies: 469)
⚡ PHYSICS SPIKE #307: 10.9 ms at 44.2s (Bodies: 469)
⚡ PHYSICS SPIKE #308: 10.9 ms at 44.2s (Bodies: 469)
⚡ FRAME SPIKE #628: 41.1 ms at 44.2s (Draw: 4003, Bodies: 469)
⚡ PHYSICS SPIKE #309: 10.9 ms at 44.2s (Bodies: 469)
⚡ PHYSICS SPIKE #310: 10.9 ms at 44.2s (Bodies: 469)
⚡ FRAME SPIKE #629: 39.4 ms at 44.2s (Draw: 4003, Bodies: 469)
⚡ PHYSICS SPIKE #311: 10.9 ms at 44.3s (Bodies: 469)
⚡ PHYSICS SPIKE #312: 10.9 ms at 44.3s (Bodies: 469)
⚡ PHYSICS SPIKE #313: 10.9 ms at 44.3s (Bodies: 469)
⚡ FRAME SPIKE #630: 39.4 ms at 44.3s (Draw: 4003, Bodies: 469)
⚡ PHYSICS SPIKE #314: 10.9 ms at 44.3s (Bodies: 469)
⚡ PHYSICS SPIKE #315: 10.9 ms at 44.3s (Bodies: 469)
⚡ FRAME SPIKE #631: 41.0 ms at 44.3s (Draw: 4006, Bodies: 469)
⚡ PHYSICS SPIKE #316: 10.9 ms at 44.4s (Bodies: 469)
⚡ PHYSICS SPIKE #317: 10.9 ms at 44.4s (Bodies: 469)
⚡ PHYSICS SPIKE #318: 10.9 ms at 44.4s (Bodies: 469)
⚡ FRAME SPIKE #632: 39.9 ms at 44.4s (Draw: 4006, Bodies: 469)
⚡ PHYSICS SPIKE #319: 10.9 ms at 44.4s (Bodies: 469)
⚡ PHYSICS SPIKE #320: 10.9 ms at 44.4s (Bodies: 469)
⚡ FRAME SPIKE #633: 45.5 ms at 44.4s (Draw: 4006, Bodies: 469)
⚡ PHYSICS SPIKE #321: 10.9 ms at 44.4s (Bodies: 469)
⚡ PHYSICS SPIKE #322: 10.9 ms at 44.4s (Bodies: 469)
⚡ PHYSICS SPIKE #323: 10.9 ms at 44.4s (Bodies: 469)
⚡ FRAME SPIKE #634: 37.0 ms at 44.4s (Draw: 4010, Bodies: 469)
⚡ PHYSICS SPIKE #324: 10.9 ms at 44.5s (Bodies: 469)
⚡ PHYSICS SPIKE #325: 10.9 ms at 44.5s (Bodies: 469)
⚡ PHYSICS SPIKE #326: 10.9 ms at 44.5s (Bodies: 469)
⚡ FRAME SPIKE #635: 50.0 ms at 44.5s (Draw: 4007, Bodies: 469)

=== PERFORMANCE METRICS ===
FPS: 25 | Frame: 32.0 ms (max 100.9) | Physics: 16.8 ms (max 52.9)
Godot Process: 18.97 ms | Physics: 10.91 ms
Objects: 66668 | Nodes: 29138 | Resources: 539
Draw calls: 4007 | Vertices: 6553985 | VRAM: 747.3 MB
Physics bodies: 469 | Collision pairs: 6427
--- System Times ---
  road_batch_finalize_total_-1,-1: 10.47 ms (max 10.47)
  road_batch_finalize_total_-1,-2: 15.38 ms (max 15.38)
  road_batch_finalize_total_-1,-3: 11.56 ms (max 11.56)
  road_batch_finalize_total_-1,-4: 9.31 ms (max 9.31)
  road_batch_finalize_total_-1,-5: 9.36 ms (max 9.36)
  road_batch_finalize_total_-1,0: 3.82 ms (max 3.82)
  road_batch_finalize_total_-2,-1: 16.32 ms (max 16.32)
  road_batch_finalize_total_-2,-2: 15.24 ms (max 15.24)
  road_batch_finalize_total_-2,-3: 8.67 ms (max 8.67)
  road_batch_finalize_total_-2,-4: 10.52 ms (max 12.78)
  road_batch_finalize_total_-2,0: 14.05 ms (max 14.05)
  road_batch_finalize_total_0,-1: 19.44 ms (max 19.44)
  road_batch_finalize_total_0,-2: 19.68 ms (max 19.68)
  road_batch_finalize_total_0,-3: 11.59 ms (max 11.59)
  road_batch_finalize_total_0,-4: 5.84 ms (max 5.84)
  road_batch_finalize_total_0,-5: 8.77 ms (max 8.77)
  road_batch_finalize_total_0,0: 16.18 ms (max 16.18)
  road_batch_finalize_total_0,1: 10.93 ms (max 10.93)
  road_batch_finalize_total_1,-1: 16.70 ms (max 16.70)
  road_batch_finalize_total_1,-2: 18.21 ms (max 18.21)
  road_batch_finalize_total_1,-3: 9.12 ms (max 9.12)
  road_batch_finalize_total_1,-4: 11.09 ms (max 11.09)
  road_batch_finalize_total_1,0: 12.08 ms (max 12.08)
  road_batch_finalize_total_2,-3: 7.01 ms (max 7.01)
  road_collision_create_-1,-1: 3.28 ms (max 3.86)
  road_collision_create_-1,-2: 7.46 ms (max 11.95)
  road_collision_create_-1,-3: 3.47 ms (max 6.77)
  road_collision_create_-1,-4: 4.27 ms (max 4.84)
  road_collision_create_-1,-5: 4.11 ms (max 4.37)
  road_collision_create_-1,0: 1.74 ms (max 2.01)
  road_collision_create_-2,-1: 5.22 ms (max 10.23)
  road_collision_create_-2,-2: 7.37 ms (max 13.00)
  road_collision_create_-2,-3: 2.60 ms (max 4.44)
  road_collision_create_-2,-4: 4.86 ms (max 6.33)
  road_collision_create_-2,0: 6.79 ms (max 10.68)
  road_collision_create_0,-1: 6.19 ms (max 12.66)
  road_collision_create_0,-2: 6.30 ms (max 11.99)
  road_collision_create_0,-3: 3.51 ms (max 4.80)
  road_collision_create_0,-4: 1.74 ms (max 2.77)
  road_collision_create_0,-5: 3.96 ms (max 4.48)
  road_collision_create_0,0: 5.16 ms (max 12.41)
  road_collision_create_0,1: 10.65 ms (max 10.65)
  road_collision_create_1,-1: 5.31 ms (max 12.56)
  road_collision_create_1,-2: 8.81 ms (max 15.10)
  road_collision_create_1,-3: 2.73 ms (max 3.56)
  road_collision_create_1,-4: 3.38 ms (max 4.64)
  road_collision_create_1,0: 11.81 ms (max 11.81)
  road_collision_create_2,-3: 3.06 ms (max 3.74)
===========================

=== PERFORMANCE METRICS ===
FPS: 25 | Frame: 32.0 ms (max 100.9) | Physics: 16.8 ms (max 52.8)
Godot Process: 18.97 ms | Physics: 10.91 ms
Objects: 66668 | Nodes: 29138 | Resources: 539
Draw calls: 4007 | Vertices: 6553985 | VRAM: 747.3 MB
Physics bodies: 469 | Collision pairs: 6427
===========================
⚡ PHYSICS SPIKE #327: 10.9 ms at 44.5s (Bodies: 469)
⚡ PHYSICS SPIKE #328: 10.9 ms at 44.5s (Bodies: 469)
⚡ FRAME SPIKE #636: 41.8 ms at 44.5s (Draw: 4007, Bodies: 469)
⚡ PHYSICS SPIKE #329: 10.9 ms at 44.6s (Bodies: 469)
⚡ PHYSICS SPIKE #330: 10.9 ms at 44.6s (Bodies: 469)
⚡ FRAME SPIKE #637: 39.6 ms at 44.6s (Draw: 4006, Bodies: 469)
⚡ PHYSICS SPIKE #331: 10.9 ms at 44.6s (Bodies: 469)
⚡ PHYSICS SPIKE #332: 10.9 ms at 44.6s (Bodies: 469)
⚡ PHYSICS SPIKE #333: 10.9 ms at 44.6s (Bodies: 469)
⚡ FRAME SPIKE #638: 39.6 ms at 44.6s (Draw: 4006, Bodies: 469)
⚡ PHYSICS SPIKE #334: 10.9 ms at 44.6s (Bodies: 469)
⚡ PHYSICS SPIKE #335: 10.9 ms at 44.6s (Bodies: 469)
⚡ FRAME SPIKE #639: 40.3 ms at 44.6s (Draw: 4006, Bodies: 469)
⚡ PHYSICS SPIKE #336: 10.9 ms at 44.7s (Bodies: 469)
⚡ PHYSICS SPIKE #337: 10.9 ms at 44.7s (Bodies: 469)
⚡ PHYSICS SPIKE #338: 10.9 ms at 44.7s (Bodies: 469)
⚡ FRAME SPIKE #640: 39.6 ms at 44.7s (Draw: 4009, Bodies: 469)
⚡ PHYSICS SPIKE #339: 10.9 ms at 44.7s (Bodies: 469)
⚡ PHYSICS SPIKE #340: 10.9 ms at 44.7s (Bodies: 469)
⚡ FRAME SPIKE #641: 42.1 ms at 44.7s (Draw: 4011, Bodies: 469)
⚡ PHYSICS SPIKE #341: 10.9 ms at 44.8s (Bodies: 469)
⚡ PHYSICS SPIKE #342: 10.9 ms at 44.8s (Bodies: 469)
⚡ FRAME SPIKE #642: 39.6 ms at 44.8s (Draw: 4011, Bodies: 469)
⚡ PHYSICS SPIKE #343: 10.9 ms at 44.8s (Bodies: 469)
⚡ PHYSICS SPIKE #344: 10.9 ms at 44.8s (Bodies: 469)
⚡ PHYSICS SPIKE #345: 10.9 ms at 44.8s (Bodies: 469)
⚡ FRAME SPIKE #643: 39.6 ms at 44.8s (Draw: 4011, Bodies: 469)
⚡ PHYSICS SPIKE #346: 10.9 ms at 44.9s (Bodies: 469)
⚡ PHYSICS SPIKE #347: 10.9 ms at 44.9s (Bodies: 469)
⚡ FRAME SPIKE #644: 40.6 ms at 44.9s (Draw: 4010, Bodies: 469)
🚗 Traffic: 22 active NPCs (Near: 7, Mid: 12, Far: 3), 9 pooled
  → Physics bodies from NPCs: 22 (All: 22×1, было бы 22×5=110)

========== Bottleneck Analysis Report ==========
Time: 55.8s | Frames: 2114

📊 PERFORMANCE OVERVIEW:
  FPS: 32.2 avg | 23.0 min
  Frame Time: 23.70 ms avg | 35.54 ms max
  Physics Time: 10.99 ms avg

🔍 BOTTLENECK IDENTIFICATION:
  🔴 [CRITICAL] Physics Time
      Value: 10.99 ms
      Impact: Physics simulation overhead
      Suggestions:
        • Reduce number of active physics bodies
        • Simplify collision shapes
        • Disable physics for distant objects

  🟠 [HIGH] Frame Time
      Value: 23.70 ms (target: 16.67 ms)
      Impact: Overall performance bottleneck
      Suggestions:
        • Reduce draw calls
        • Optimize scripts in _process()
        • Check for expensive operations per frame

  🟠 [HIGH] Draw Calls
      Value: 3999 calls/frame
      Impact: GPU rendering overhead
      Suggestions:
        • Batch meshes by material
        • Use MultiMeshInstance3D
        • Implement LOD system
        • Enable frustum culling

  🟠 [HIGH] Physics Bodies
      Value: 466 active bodies
      Impact: Physics engine load
      Suggestions:
        • Reduce NPC count
        • Convert distant NPCs to kinematic
        • Disable physics for far objects

  🟡 [MEDIUM] Vertex Count
      Value: 6509222 vertices/frame
      Impact: GPU vertex processing
      Suggestions:
        • Implement LOD for distant objects
        • Simplify building meshes
        • Use lower poly models

  🟡 [MEDIUM] Node Count
      Value: 29138 nodes
      Impact: Scene tree traversal overhead
      Suggestions:
        • Unload distant chunks
        • Pool and reuse nodes
        • Flatten hierarchy where possible

  🟡 [MEDIUM] Post-Processing Effects
      Value: SSAO, Glow/Bloom, Volumetric Fog
      Impact: GPU shader overhead
      Suggestions:
        • Reduce SSR quality
        • Disable SSAO on low-end hardware
        • Use simpler fog

📈 DETAILED STATS:
  Draw Calls: 3999 avg | 4072 max
  Vertices: 6509222 avg | 6573158 max
  Physics Bodies: 466
  Nodes: 29138
  VRAM: 747.3 MB

=================================================

⚡ PHYSICS SPIKE #348: 10.9 ms at 44.9s (Bodies: 469)
⚡ PHYSICS SPIKE #349: 10.9 ms at 44.9s (Bodies: 469)
⚡ FRAME SPIKE #645: 37.2 ms at 44.9s (Draw: 4010, Bodies: 469)
⚡ PHYSICS SPIKE #350: 10.9 ms at 44.9s (Bodies: 469)
⚡ PHYSICS SPIKE #351: 10.9 ms at 44.9s (Bodies: 469)
⚡ PHYSICS SPIKE #352: 10.9 ms at 44.9s (Bodies: 469)
⚡ FRAME SPIKE #646: 39.6 ms at 44.9s (Draw: 4010, Bodies: 469)
⚡ PHYSICS SPIKE #353: 10.9 ms at 45.0s (Bodies: 469)
⚡ PHYSICS SPIKE #354: 10.9 ms at 45.0s (Bodies: 469)
⚡ FRAME SPIKE #647: 42.8 ms at 45.0s (Draw: 4007, Bodies: 469)
⚡ PHYSICS SPIKE #355: 10.9 ms at 45.0s (Bodies: 469)
⚡ PHYSICS SPIKE #356: 10.9 ms at 45.0s (Bodies: 469)
⚡ PHYSICS SPIKE #357: 10.9 ms at 45.0s (Bodies: 469)
⚡ FRAME SPIKE #648: 39.6 ms at 45.0s (Draw: 4007, Bodies: 469)
⚡ PHYSICS SPIKE #358: 10.9 ms at 45.1s (Bodies: 469)
⚡ PHYSICS SPIKE #359: 10.9 ms at 45.1s (Bodies: 469)
⚡ FRAME SPIKE #649: 41.9 ms at 45.1s (Draw: 4007, Bodies: 469)
⚡ PHYSICS SPIKE #360: 10.9 ms at 45.1s (Bodies: 469)
⚡ PHYSICS SPIKE #361: 10.9 ms at 45.1s (Bodies: 469)
⚡ PHYSICS SPIKE #362: 10.9 ms at 45.1s (Bodies: 469)
⚡ FRAME SPIKE #650: 40.0 ms at 45.1s (Draw: 4006, Bodies: 469)
⚡ PHYSICS SPIKE #363: 10.9 ms at 45.1s (Bodies: 469)
⚡ PHYSICS SPIKE #364: 10.9 ms at 45.1s (Bodies: 469)
⚡ FRAME SPIKE #651: 44.6 ms at 45.1s (Draw: 4007, Bodies: 469)
⚡ PHYSICS SPIKE #365: 12.3 ms at 45.2s (Bodies: 469)
⚡ PHYSICS SPIKE #366: 12.3 ms at 45.2s (Bodies: 469)
⚡ PHYSICS SPIKE #367: 12.3 ms at 45.2s (Bodies: 469)
⚡ FRAME SPIKE #652: 40.7 ms at 45.2s (Draw: 4004, Bodies: 469)
⚡ PHYSICS SPIKE #368: 12.3 ms at 45.2s (Bodies: 469)
⚡ PHYSICS SPIKE #369: 12.3 ms at 45.2s (Bodies: 469)
⚡ FRAME SPIKE #653: 42.5 ms at 45.2s (Draw: 4007, Bodies: 469)
⚡ PHYSICS SPIKE #370: 12.3 ms at 45.3s (Bodies: 469)
⚡ PHYSICS SPIKE #371: 12.3 ms at 45.3s (Bodies: 469)
⚡ PHYSICS SPIKE #372: 12.3 ms at 45.3s (Bodies: 469)
⚡ FRAME SPIKE #654: 40.9 ms at 45.3s (Draw: 4008, Bodies: 469)
⚡ PHYSICS SPIKE #373: 12.3 ms at 45.3s (Bodies: 469)
⚡ PHYSICS SPIKE #374: 12.3 ms at 45.3s (Bodies: 469)
⚡ FRAME SPIKE #655: 40.9 ms at 45.3s (Draw: 4006, Bodies: 469)
⚡ PHYSICS SPIKE #375: 12.3 ms at 45.3s (Bodies: 469)
⚡ PHYSICS SPIKE #376: 12.3 ms at 45.3s (Bodies: 469)
⚡ PHYSICS SPIKE #377: 12.3 ms at 45.3s (Bodies: 469)
⚡ FRAME SPIKE #656: 41.7 ms at 45.3s (Draw: 4007, Bodies: 469)
⚡ PHYSICS SPIKE #378: 12.3 ms at 45.4s (Bodies: 469)
⚡ PHYSICS SPIKE #379: 12.3 ms at 45.4s (Bodies: 469)
⚡ FRAME SPIKE #657: 44.6 ms at 45.4s (Draw: 4006, Bodies: 469)
⚡ PHYSICS SPIKE #380: 12.3 ms at 45.4s (Bodies: 469)
⚡ PHYSICS SPIKE #381: 12.3 ms at 45.4s (Bodies: 469)
⚡ PHYSICS SPIKE #382: 12.3 ms at 45.4s (Bodies: 469)
⚡ FRAME SPIKE #658: 41.7 ms at 45.4s (Draw: 4006, Bodies: 469)
⚡ PHYSICS SPIKE #383: 12.3 ms at 45.5s (Bodies: 469)
⚡ PHYSICS SPIKE #384: 12.3 ms at 45.5s (Bodies: 469)
⚡ FRAME SPIKE #659: 41.7 ms at 45.5s (Draw: 4006, Bodies: 469)
⚡ PHYSICS SPIKE #385: 12.3 ms at 45.5s (Bodies: 469)
⚡ PHYSICS SPIKE #386: 12.3 ms at 45.5s (Bodies: 469)
⚡ PHYSICS SPIKE #387: 12.3 ms at 45.5s (Bodies: 469)
⚡ FRAME SPIKE #660: 41.7 ms at 45.5s (Draw: 4006, Bodies: 469)
⚡ PHYSICS SPIKE #388: 12.3 ms at 45.6s (Bodies: 469)
⚡ PHYSICS SPIKE #389: 12.3 ms at 45.6s (Bodies: 469)
⚡ FRAME SPIKE #661: 41.7 ms at 45.6s (Draw: 4006, Bodies: 469)
⚡ PHYSICS SPIKE #390: 12.3 ms at 45.6s (Bodies: 469)
⚡ PHYSICS SPIKE #391: 12.3 ms at 45.6s (Bodies: 469)
⚡ PHYSICS SPIKE #392: 12.3 ms at 45.6s (Bodies: 469)
⚡ FRAME SPIKE #662: 41.5 ms at 45.6s (Draw: 4005, Bodies: 469)
⚡ PHYSICS SPIKE #393: 12.3 ms at 45.6s (Bodies: 469)
⚡ PHYSICS SPIKE #394: 12.3 ms at 45.6s (Bodies: 469)
⚡ FRAME SPIKE #663: 41.7 ms at 45.6s (Draw: 4010, Bodies: 469)
⚡ PHYSICS SPIKE #395: 12.3 ms at 45.7s (Bodies: 469)
⚡ PHYSICS SPIKE #396: 12.3 ms at 45.7s (Bodies: 469)
⚡ PHYSICS SPIKE #397: 12.3 ms at 45.7s (Bodies: 469)
⚡ FRAME SPIKE #664: 40.9 ms at 45.7s (Draw: 4010, Bodies: 469)
⚡ PHYSICS SPIKE #398: 12.3 ms at 45.7s (Bodies: 469)
⚡ PHYSICS SPIKE #399: 12.3 ms at 45.7s (Bodies: 469)
⚡ FRAME SPIKE #665: 41.7 ms at 45.7s (Draw: 4002, Bodies: 469)
⚡ PHYSICS SPIKE #400: 12.3 ms at 45.8s (Bodies: 469)
⚡ PHYSICS SPIKE #401: 12.3 ms at 45.8s (Bodies: 469)
⚡ PHYSICS SPIKE #402: 12.3 ms at 45.8s (Bodies: 469)
⚡ FRAME SPIKE #666: 41.1 ms at 45.8s (Draw: 4001, Bodies: 469)
⚡ PHYSICS SPIKE #403: 12.3 ms at 45.8s (Bodies: 469)
⚡ PHYSICS SPIKE #404: 12.3 ms at 45.8s (Bodies: 469)
⚡ FRAME SPIKE #667: 41.7 ms at 45.8s (Draw: 4001, Bodies: 469)
⚡ PHYSICS SPIKE #405: 12.3 ms at 45.8s (Bodies: 469)
⚡ PHYSICS SPIKE #406: 12.3 ms at 45.8s (Bodies: 469)
⚡ PHYSICS SPIKE #407: 12.3 ms at 45.8s (Bodies: 469)
⚡ FRAME SPIKE #668: 40.9 ms at 45.8s (Draw: 4001, Bodies: 469)
⚡ PHYSICS SPIKE #408: 12.3 ms at 45.9s (Bodies: 469)
⚡ PHYSICS SPIKE #409: 12.3 ms at 45.9s (Bodies: 469)
⚡ FRAME SPIKE #669: 41.7 ms at 45.9s (Draw: 4001, Bodies: 469)
⚡ PHYSICS SPIKE #410: 12.3 ms at 45.9s (Bodies: 469)
⚡ PHYSICS SPIKE #411: 12.3 ms at 45.9s (Bodies: 469)
⚡ PHYSICS SPIKE #412: 12.3 ms at 45.9s (Bodies: 469)
⚡ FRAME SPIKE #670: 40.9 ms at 45.9s (Draw: 4000, Bodies: 469)
⚡ PHYSICS SPIKE #413: 12.3 ms at 46.0s (Bodies: 469)
⚡ PHYSICS SPIKE #414: 12.3 ms at 46.0s (Bodies: 469)
⚡ FRAME SPIKE #671: 41.7 ms at 46.0s (Draw: 3999, Bodies: 469)
⚡ PHYSICS SPIKE #415: 12.3 ms at 46.0s (Bodies: 469)
⚡ PHYSICS SPIKE #416: 12.3 ms at 46.0s (Bodies: 469)
⚡ PHYSICS SPIKE #417: 12.3 ms at 46.0s (Bodies: 469)
⚡ FRAME SPIKE #672: 40.9 ms at 46.0s (Draw: 3999, Bodies: 469)
⚡ PHYSICS SPIKE #418: 12.3 ms at 46.0s (Bodies: 469)
⚡ PHYSICS SPIKE #419: 12.3 ms at 46.0s (Bodies: 469)
⚡ FRAME SPIKE #673: 41.7 ms at 46.0s (Draw: 3999, Bodies: 469)
⚡ PHYSICS SPIKE #420: 12.3 ms at 46.1s (Bodies: 469)
⚡ PHYSICS SPIKE #421: 12.3 ms at 46.1s (Bodies: 469)
⚡ PHYSICS SPIKE #422: 12.3 ms at 46.1s (Bodies: 469)
⚡ FRAME SPIKE #674: 40.9 ms at 46.1s (Draw: 3999, Bodies: 469)
⚡ PHYSICS SPIKE #423: 12.3 ms at 46.1s (Bodies: 469)
⚡ PHYSICS SPIKE #424: 12.3 ms at 46.1s (Bodies: 469)
⚡ FRAME SPIKE #675: 41.7 ms at 46.1s (Draw: 3998, Bodies: 469)
⚡ PHYSICS SPIKE #425: 10.8 ms at 46.2s (Bodies: 469)
⚡ PHYSICS SPIKE #426: 10.8 ms at 46.2s (Bodies: 469)
⚡ PHYSICS SPIKE #427: 10.8 ms at 46.2s (Bodies: 469)
⚡ FRAME SPIKE #676: 37.9 ms at 46.2s (Draw: 3999, Bodies: 469)
⚡ PHYSICS SPIKE #428: 10.8 ms at 46.2s (Bodies: 469)
⚡ PHYSICS SPIKE #429: 10.8 ms at 46.2s (Bodies: 469)
⚡ PHYSICS SPIKE #430: 10.8 ms at 46.2s (Bodies: 468)
⚡ FRAME SPIKE #677: 50.0 ms at 46.2s (Draw: 3996, Bodies: 468)
⚡ PHYSICS SPIKE #431: 10.8 ms at 46.3s (Bodies: 468)
⚡ PHYSICS SPIKE #432: 10.8 ms at 46.3s (Bodies: 468)
⚡ FRAME SPIKE #678: 40.9 ms at 46.3s (Draw: 3995, Bodies: 468)
⚡ PHYSICS SPIKE #433: 10.8 ms at 46.3s (Bodies: 468)
⚡ PHYSICS SPIKE #434: 10.8 ms at 46.3s (Bodies: 468)
⚡ PHYSICS SPIKE #435: 10.8 ms at 46.3s (Bodies: 468)
⚡ FRAME SPIKE #679: 42.4 ms at 46.3s (Draw: 3992, Bodies: 468)
⚡ PHYSICS SPIKE #436: 10.8 ms at 46.3s (Bodies: 468)
⚡ PHYSICS SPIKE #437: 10.8 ms at 46.3s (Bodies: 468)
⚡ FRAME SPIKE #680: 40.9 ms at 46.3s (Draw: 3992, Bodies: 468)
⚡ PHYSICS SPIKE #438: 10.8 ms at 46.4s (Bodies: 468)
⚡ PHYSICS SPIKE #439: 10.8 ms at 46.4s (Bodies: 469)
⚡ PHYSICS SPIKE #440: 10.8 ms at 46.4s (Bodies: 469)
⚡ FRAME SPIKE #681: 42.4 ms at 46.4s (Draw: 3990, Bodies: 469)
⚡ PHYSICS SPIKE #441: 10.8 ms at 46.4s (Bodies: 469)
⚡ PHYSICS SPIKE #442: 10.8 ms at 46.4s (Bodies: 469)
⚡ FRAME SPIKE #682: 40.9 ms at 46.4s (Draw: 3990, Bodies: 469)
⚡ PHYSICS SPIKE #443: 10.8 ms at 46.5s (Bodies: 469)
⚡ PHYSICS SPIKE #444: 10.8 ms at 46.5s (Bodies: 469)
⚡ FRAME SPIKE #683: 40.5 ms at 46.5s (Draw: 3990, Bodies: 469)
⚡ PHYSICS SPIKE #445: 10.8 ms at 46.5s (Bodies: 469)
⚡ PHYSICS SPIKE #446: 10.8 ms at 46.5s (Bodies: 469)
⚡ PHYSICS SPIKE #447: 10.8 ms at 46.5s (Bodies: 469)
⚡ FRAME SPIKE #684: 38.0 ms at 46.5s (Draw: 3986, Bodies: 469)
⚡ PHYSICS SPIKE #448: 10.8 ms at 46.5s (Bodies: 469)
⚡ PHYSICS SPIKE #449: 10.8 ms at 46.5s (Bodies: 469)
⚡ FRAME SPIKE #685: 40.5 ms at 46.5s (Draw: 3985, Bodies: 469)
⚡ PHYSICS SPIKE #450: 10.8 ms at 46.6s (Bodies: 469)
⚡ PHYSICS SPIKE #451: 10.8 ms at 46.6s (Bodies: 469)
⚡ PHYSICS SPIKE #452: 10.8 ms at 46.6s (Bodies: 469)
⚡ FRAME SPIKE #686: 40.5 ms at 46.6s (Draw: 3983, Bodies: 469)
⚡ PHYSICS SPIKE #453: 10.8 ms at 46.6s (Bodies: 469)
⚡ PHYSICS SPIKE #454: 10.8 ms at 46.6s (Bodies: 469)
⚡ FRAME SPIKE #687: 40.5 ms at 46.6s (Draw: 3983, Bodies: 469)
⚡ PHYSICS SPIKE #455: 10.8 ms at 46.7s (Bodies: 469)
⚡ PHYSICS SPIKE #456: 10.8 ms at 46.7s (Bodies: 469)
⚡ FRAME SPIKE #688: 40.3 ms at 46.7s (Draw: 3983, Bodies: 469)
⚡ PHYSICS SPIKE #457: 10.8 ms at 46.7s (Bodies: 469)
⚡ PHYSICS SPIKE #458: 10.8 ms at 46.7s (Bodies: 469)
⚡ PHYSICS SPIKE #459: 10.8 ms at 46.7s (Bodies: 469)
⚡ FRAME SPIKE #689: 37.4 ms at 46.7s (Draw: 3983, Bodies: 469)
⚡ PHYSICS SPIKE #460: 10.8 ms at 46.7s (Bodies: 469)
⚡ PHYSICS SPIKE #461: 10.8 ms at 46.7s (Bodies: 469)
⚡ FRAME SPIKE #690: 40.3 ms at 46.7s (Draw: 3984, Bodies: 469)
⚡ PHYSICS SPIKE #462: 10.8 ms at 46.8s (Bodies: 469)
⚡ PHYSICS SPIKE #463: 10.8 ms at 46.8s (Bodies: 469)
⚡ PHYSICS SPIKE #464: 10.8 ms at 46.8s (Bodies: 469)
⚡ FRAME SPIKE #691: 41.3 ms at 46.8s (Draw: 3983, Bodies: 469)
⚡ PHYSICS SPIKE #465: 10.8 ms at 46.8s (Bodies: 469)
⚡ PHYSICS SPIKE #466: 10.8 ms at 46.8s (Bodies: 469)
⚡ FRAME SPIKE #692: 40.3 ms at 46.8s (Draw: 3983, Bodies: 469)
⚡ PHYSICS SPIKE #467: 10.8 ms at 46.9s (Bodies: 469)
⚡ PHYSICS SPIKE #468: 10.8 ms at 46.9s (Bodies: 469)
⚡ FRAME SPIKE #693: 40.0 ms at 46.9s (Draw: 3983, Bodies: 469)
🚗 Traffic: 22 active NPCs (Near: 7, Mid: 14, Far: 1), 9 pooled
  → Physics bodies from NPCs: 22 (All: 22×1, было бы 22×5=110)

========== Bottleneck Analysis Report ==========
Time: 57.8s | Frames: 2163

📊 PERFORMANCE OVERVIEW:
  FPS: 24.9 avg | 23.0 min
  Frame Time: 21.85 ms avg | 35.54 ms max
  Physics Time: 11.43 ms avg

🔍 BOTTLENECK IDENTIFICATION:
  🔴 [CRITICAL] Physics Time
      Value: 11.43 ms
      Impact: Physics simulation overhead
      Suggestions:
        • Reduce number of active physics bodies
        • Simplify collision shapes
        • Disable physics for distant objects

  🟠 [HIGH] Frame Time
      Value: 21.85 ms (target: 16.67 ms)
      Impact: Overall performance bottleneck
      Suggestions:
        • Reduce draw calls
        • Optimize scripts in _process()
        • Check for expensive operations per frame

  🟠 [HIGH] Draw Calls
      Value: 3999 calls/frame
      Impact: GPU rendering overhead
      Suggestions:
        • Batch meshes by material
        • Use MultiMeshInstance3D
        • Implement LOD system
        • Enable frustum culling

  🟠 [HIGH] Physics Bodies
      Value: 468 active bodies
      Impact: Physics engine load
      Suggestions:
        • Reduce NPC count
        • Convert distant NPCs to kinematic
        • Disable physics for far objects

  🟡 [MEDIUM] Vertex Count
      Value: 6548630 vertices/frame
      Impact: GPU vertex processing
      Suggestions:
        • Implement LOD for distant objects
        • Simplify building meshes
        • Use lower poly models

  🟡 [MEDIUM] Node Count
      Value: 29138 nodes
      Impact: Scene tree traversal overhead
      Suggestions:
        • Unload distant chunks
        • Pool and reuse nodes
        • Flatten hierarchy where possible

  🟡 [MEDIUM] Post-Processing Effects
      Value: SSAO, Glow/Bloom, Volumetric Fog
      Impact: GPU shader overhead
      Suggestions:
        • Reduce SSR quality
        • Disable SSAO on low-end hardware
        • Use simpler fog

📈 DETAILED STATS:
  Draw Calls: 3999 avg | 4011 max
  Vertices: 6548630 avg | 6554005 max
  Physics Bodies: 468
  Nodes: 29138
  VRAM: 747.3 MB

=================================================

⚡ PHYSICS SPIKE #469: 10.8 ms at 46.9s (Bodies: 469)
⚡ PHYSICS SPIKE #470: 10.8 ms at 46.9s (Bodies: 469)
⚡ PHYSICS SPIKE #471: 10.8 ms at 46.9s (Bodies: 469)
⚡ FRAME SPIKE #694: 39.9 ms at 46.9s (Draw: 3981, Bodies: 469)
⚡ PHYSICS SPIKE #472: 10.8 ms at 46.9s (Bodies: 469)
⚡ PHYSICS SPIKE #473: 10.8 ms at 46.9s (Bodies: 469)
⚡ FRAME SPIKE #695: 40.0 ms at 46.9s (Draw: 3981, Bodies: 469)
⚡ PHYSICS SPIKE #474: 10.8 ms at 47.0s (Bodies: 469)
⚡ PHYSICS SPIKE #475: 10.8 ms at 47.0s (Bodies: 469)
⚡ PHYSICS SPIKE #476: 10.8 ms at 47.0s (Bodies: 469)
⚡ FRAME SPIKE #696: 40.0 ms at 47.0s (Draw: 3981, Bodies: 469)
⚡ PHYSICS SPIKE #477: 10.8 ms at 47.0s (Bodies: 469)
⚡ PHYSICS SPIKE #478: 10.8 ms at 47.0s (Bodies: 469)
⚡ FRAME SPIKE #697: 40.0 ms at 47.0s (Draw: 3980, Bodies: 469)
⚡ PHYSICS SPIKE #479: 10.8 ms at 47.1s (Bodies: 469)
⚡ PHYSICS SPIKE #480: 10.8 ms at 47.1s (Bodies: 469)
⚡ FRAME SPIKE #698: 40.0 ms at 47.1s (Draw: 3979, Bodies: 469)
⚡ PHYSICS SPIKE #481: 10.8 ms at 47.1s (Bodies: 469)
⚡ PHYSICS SPIKE #482: 10.8 ms at 47.1s (Bodies: 469)
⚡ PHYSICS SPIKE #483: 10.8 ms at 47.1s (Bodies: 469)
⚡ FRAME SPIKE #699: 40.0 ms at 47.1s (Draw: 3977, Bodies: 469)
⚡ PHYSICS SPIKE #484: 10.9 ms at 47.1s (Bodies: 469)
⚡ PHYSICS SPIKE #485: 10.9 ms at 47.1s (Bodies: 469)
⚡ FRAME SPIKE #700: 40.0 ms at 47.1s (Draw: 3977, Bodies: 469)
⚡ PHYSICS SPIKE #486: 10.9 ms at 47.2s (Bodies: 469)
⚡ PHYSICS SPIKE #487: 10.9 ms at 47.2s (Bodies: 469)
⚡ PHYSICS SPIKE #488: 10.9 ms at 47.2s (Bodies: 469)
⚡ FRAME SPIKE #701: 40.0 ms at 47.2s (Draw: 3978, Bodies: 469)
⚡ PHYSICS SPIKE #489: 10.9 ms at 47.2s (Bodies: 469)
⚡ PHYSICS SPIKE #490: 10.9 ms at 47.2s (Bodies: 469)
⚡ FRAME SPIKE #702: 40.0 ms at 47.2s (Draw: 3977, Bodies: 469)
⚡ PHYSICS SPIKE #491: 10.9 ms at 47.3s (Bodies: 469)
⚡ PHYSICS SPIKE #492: 10.9 ms at 47.3s (Bodies: 469)
⚡ FRAME SPIKE #703: 40.0 ms at 47.3s (Draw: 3978, Bodies: 469)
⚡ PHYSICS SPIKE #493: 10.9 ms at 47.3s (Bodies: 469)
⚡ PHYSICS SPIKE #494: 10.9 ms at 47.3s (Bodies: 469)
⚡ PHYSICS SPIKE #495: 10.9 ms at 47.3s (Bodies: 469)
⚡ FRAME SPIKE #704: 40.0 ms at 47.3s (Draw: 3976, Bodies: 469)
⚡ PHYSICS SPIKE #496: 10.9 ms at 47.3s (Bodies: 469)
⚡ PHYSICS SPIKE #497: 10.9 ms at 47.3s (Bodies: 469)
⚡ FRAME SPIKE #705: 40.0 ms at 47.3s (Draw: 3965, Bodies: 469)
⚡ PHYSICS SPIKE #498: 10.9 ms at 47.4s (Bodies: 469)
⚡ PHYSICS SPIKE #499: 10.9 ms at 47.4s (Bodies: 470)
⚡ PHYSICS SPIKE #500: 10.9 ms at 47.4s (Bodies: 470)
⚡ FRAME SPIKE #706: 40.0 ms at 47.4s (Draw: 3972, Bodies: 470)
⚡ PHYSICS SPIKE #501: 10.9 ms at 47.4s (Bodies: 470)
⚡ PHYSICS SPIKE #502: 10.9 ms at 47.4s (Bodies: 469)
⚡ FRAME SPIKE #707: 40.3 ms at 47.4s (Draw: 3970, Bodies: 469)
⚡ PHYSICS SPIKE #503: 10.9 ms at 47.5s (Bodies: 469)
⚡ PHYSICS SPIKE #504: 10.9 ms at 47.5s (Bodies: 469)
⚡ FRAME SPIKE #708: 40.0 ms at 47.5s (Draw: 3969, Bodies: 469)
⚡ PHYSICS SPIKE #505: 10.9 ms at 47.5s (Bodies: 469)
⚡ PHYSICS SPIKE #506: 10.9 ms at 47.5s (Bodies: 469)
⚡ PHYSICS SPIKE #507: 10.9 ms at 47.5s (Bodies: 469)
⚡ FRAME SPIKE #709: 40.0 ms at 47.5s (Draw: 3969, Bodies: 469)
⚡ PHYSICS SPIKE #508: 10.9 ms at 47.5s (Bodies: 469)
⚡ PHYSICS SPIKE #509: 10.9 ms at 47.5s (Bodies: 469)
⚡ FRAME SPIKE #710: 40.3 ms at 47.5s (Draw: 3968, Bodies: 469)
⚡ PHYSICS SPIKE #510: 10.9 ms at 47.6s (Bodies: 469)
⚡ PHYSICS SPIKE #511: 10.9 ms at 47.6s (Bodies: 469)
⚡ PHYSICS SPIKE #512: 10.9 ms at 47.6s (Bodies: 469)
⚡ FRAME SPIKE #711: 40.3 ms at 47.6s (Draw: 3967, Bodies: 469)
⚡ PHYSICS SPIKE #513: 10.9 ms at 47.6s (Bodies: 469)
⚡ PHYSICS SPIKE #514: 10.9 ms at 47.6s (Bodies: 469)
⚡ FRAME SPIKE #712: 40.3 ms at 47.6s (Draw: 3967, Bodies: 469)
⚡ PHYSICS SPIKE #515: 10.9 ms at 47.7s (Bodies: 469)
⚡ PHYSICS SPIKE #516: 10.9 ms at 47.7s (Bodies: 469)
⚡ PHYSICS SPIKE #517: 10.9 ms at 47.7s (Bodies: 469)
⚡ FRAME SPIKE #713: 42.1 ms at 47.7s (Draw: 3967, Bodies: 469)
⚡ PHYSICS SPIKE #518: 10.9 ms at 47.7s (Bodies: 469)
⚡ PHYSICS SPIKE #519: 10.9 ms at 47.7s (Bodies: 469)
⚡ FRAME SPIKE #714: 40.3 ms at 47.7s (Draw: 3966, Bodies: 469)
⚡ PHYSICS SPIKE #520: 10.9 ms at 47.8s (Bodies: 469)
⚡ PHYSICS SPIKE #521: 10.9 ms at 47.8s (Bodies: 469)
⚡ FRAME SPIKE #715: 40.3 ms at 47.8s (Draw: 3962, Bodies: 469)
⚡ PHYSICS SPIKE #522: 10.9 ms at 47.8s (Bodies: 469)
⚡ PHYSICS SPIKE #523: 10.9 ms at 47.8s (Bodies: 469)
⚡ PHYSICS SPIKE #524: 10.9 ms at 47.8s (Bodies: 469)
⚡ FRAME SPIKE #716: 40.0 ms at 47.8s (Draw: 3960, Bodies: 469)
⚡ PHYSICS SPIKE #525: 10.9 ms at 47.8s (Bodies: 469)
⚡ PHYSICS SPIKE #526: 10.9 ms at 47.8s (Bodies: 469)
⚡ FRAME SPIKE #717: 40.3 ms at 47.8s (Draw: 3958, Bodies: 469)
⚡ PHYSICS SPIKE #527: 10.9 ms at 47.9s (Bodies: 469)
⚡ PHYSICS SPIKE #528: 10.9 ms at 47.9s (Bodies: 469)
⚡ PHYSICS SPIKE #529: 10.9 ms at 47.9s (Bodies: 469)
⚡ FRAME SPIKE #718: 40.0 ms at 47.9s (Draw: 3958, Bodies: 469)
⚡ PHYSICS SPIKE #530: 10.9 ms at 47.9s (Bodies: 469)
⚡ PHYSICS SPIKE #531: 10.9 ms at 47.9s (Bodies: 469)
⚡ FRAME SPIKE #719: 40.3 ms at 47.9s (Draw: 3958, Bodies: 469)
⚡ PHYSICS SPIKE #532: 10.9 ms at 48.0s (Bodies: 469)
⚡ PHYSICS SPIKE #533: 10.9 ms at 48.0s (Bodies: 469)
⚡ FRAME SPIKE #720: 40.3 ms at 48.0s (Draw: 3954, Bodies: 469)
⚡ PHYSICS SPIKE #534: 10.9 ms at 48.0s (Bodies: 469)
⚡ PHYSICS SPIKE #535: 10.9 ms at 48.0s (Bodies: 469)
⚡ PHYSICS SPIKE #536: 10.9 ms at 48.0s (Bodies: 469)
⚡ FRAME SPIKE #721: 40.0 ms at 48.0s (Draw: 3954, Bodies: 469)
⚡ PHYSICS SPIKE #537: 10.9 ms at 48.0s (Bodies: 469)
⚡ PHYSICS SPIKE #538: 10.9 ms at 48.0s (Bodies: 469)
⚡ FRAME SPIKE #722: 40.3 ms at 48.0s (Draw: 3955, Bodies: 469)
⚡ PHYSICS SPIKE #539: 10.9 ms at 48.1s (Bodies: 469)
⚡ PHYSICS SPIKE #540: 10.9 ms at 48.1s (Bodies: 469)
⚡ PHYSICS SPIKE #541: 10.9 ms at 48.1s (Bodies: 469)
⚡ FRAME SPIKE #723: 40.0 ms at 48.1s (Draw: 3955, Bodies: 469)
⚡ PHYSICS SPIKE #542: 10.9 ms at 48.1s (Bodies: 469)
⚡ PHYSICS SPIKE #543: 10.9 ms at 48.1s (Bodies: 469)
⚡ FRAME SPIKE #724: 40.3 ms at 48.1s (Draw: 3953, Bodies: 469)
⚡ PHYSICS SPIKE #544: 11.0 ms at 48.2s (Bodies: 469)
⚡ PHYSICS SPIKE #545: 11.0 ms at 48.2s (Bodies: 469)
⚡ PHYSICS SPIKE #546: 11.0 ms at 48.2s (Bodies: 469)
⚡ FRAME SPIKE #725: 41.4 ms at 48.2s (Draw: 3953, Bodies: 469)
⚡ PHYSICS SPIKE #547: 11.0 ms at 48.2s (Bodies: 469)
⚡ PHYSICS SPIKE #548: 11.0 ms at 48.2s (Bodies: 469)
⚡ FRAME SPIKE #726: 40.3 ms at 48.2s (Draw: 3952, Bodies: 469)
⚡ PHYSICS SPIKE #549: 11.0 ms at 48.2s (Bodies: 469)
⚡ PHYSICS SPIKE #550: 11.0 ms at 48.2s (Bodies: 469)
⚡ FRAME SPIKE #727: 40.3 ms at 48.2s (Draw: 3951, Bodies: 469)
⚡ PHYSICS SPIKE #551: 11.0 ms at 48.3s (Bodies: 469)
⚡ PHYSICS SPIKE #552: 11.0 ms at 48.3s (Bodies: 469)
⚡ PHYSICS SPIKE #553: 11.0 ms at 48.3s (Bodies: 469)
⚡ FRAME SPIKE #728: 40.3 ms at 48.3s (Draw: 3951, Bodies: 469)
⚡ PHYSICS SPIKE #554: 11.0 ms at 48.3s (Bodies: 469)
⚡ PHYSICS SPIKE #555: 11.0 ms at 48.3s (Bodies: 469)
⚡ FRAME SPIKE #729: 40.3 ms at 48.3s (Draw: 3943, Bodies: 469)
⚡ PHYSICS SPIKE #556: 11.0 ms at 48.4s (Bodies: 469)
⚡ PHYSICS SPIKE #557: 11.0 ms at 48.4s (Bodies: 469)
⚡ PHYSICS SPIKE #558: 11.0 ms at 48.4s (Bodies: 469)
⚡ FRAME SPIKE #730: 40.3 ms at 48.4s (Draw: 3943, Bodies: 469)
⚡ PHYSICS SPIKE #559: 11.0 ms at 48.4s (Bodies: 469)
⚡ PHYSICS SPIKE #560: 11.0 ms at 48.4s (Bodies: 470)
⚡ FRAME SPIKE #731: 43.2 ms at 48.4s (Draw: 3943, Bodies: 470)
⚡ PHYSICS SPIKE #561: 11.0 ms at 48.4s (Bodies: 470)
⚡ PHYSICS SPIKE #562: 11.0 ms at 48.4s (Bodies: 470)
⚡ PHYSICS SPIKE #563: 11.0 ms at 48.4s (Bodies: 470)
⚡ FRAME SPIKE #732: 38.8 ms at 48.4s (Draw: 3942, Bodies: 470)
⚡ PHYSICS SPIKE #564: 11.0 ms at 48.5s (Bodies: 470)
⚡ PHYSICS SPIKE #565: 11.0 ms at 48.5s (Bodies: 470)
⚡ PHYSICS SPIKE #566: 11.0 ms at 48.5s (Bodies: 470)
⚡ FRAME SPIKE #733: 50.0 ms at 48.5s (Draw: 3942, Bodies: 470)
⚡ PHYSICS SPIKE #567: 11.0 ms at 48.5s (Bodies: 470)
⚡ PHYSICS SPIKE #568: 11.0 ms at 48.5s (Bodies: 470)
⚡ FRAME SPIKE #734: 40.9 ms at 48.5s (Draw: 3942, Bodies: 470)
⚡ PHYSICS SPIKE #569: 11.0 ms at 48.6s (Bodies: 470)
⚡ PHYSICS SPIKE #570: 11.0 ms at 48.6s (Bodies: 470)
⚡ PHYSICS SPIKE #571: 11.0 ms at 48.6s (Bodies: 470)
⚡ FRAME SPIKE #735: 42.5 ms at 48.6s (Draw: 3944, Bodies: 470)
⚡ PHYSICS SPIKE #572: 11.0 ms at 48.6s (Bodies: 470)
⚡ PHYSICS SPIKE #573: 11.0 ms at 48.6s (Bodies: 470)
⚡ FRAME SPIKE #736: 41.4 ms at 48.6s (Draw: 3944, Bodies: 470)
⚡ PHYSICS SPIKE #574: 11.0 ms at 48.7s (Bodies: 470)
⚡ PHYSICS SPIKE #575: 11.0 ms at 48.7s (Bodies: 470)
⚡ PHYSICS SPIKE #576: 11.0 ms at 48.7s (Bodies: 470)
⚡ FRAME SPIKE #737: 41.9 ms at 48.7s (Draw: 3944, Bodies: 470)
⚡ PHYSICS SPIKE #577: 11.0 ms at 48.7s (Bodies: 470)
⚡ PHYSICS SPIKE #578: 11.0 ms at 48.7s (Bodies: 470)
⚡ FRAME SPIKE #738: 41.5 ms at 48.7s (Draw: 3944, Bodies: 470)
⚡ PHYSICS SPIKE #579: 11.0 ms at 48.7s (Bodies: 470)
⚡ PHYSICS SPIKE #580: 11.0 ms at 48.7s (Bodies: 470)
⚡ FRAME SPIKE #739: 40.3 ms at 48.7s (Draw: 3944, Bodies: 470)
⚡ PHYSICS SPIKE #581: 11.0 ms at 48.8s (Bodies: 470)
⚡ PHYSICS SPIKE #582: 11.0 ms at 48.8s (Bodies: 470)
⚡ PHYSICS SPIKE #583: 11.0 ms at 48.8s (Bodies: 470)
⚡ FRAME SPIKE #740: 40.3 ms at 48.8s (Draw: 3944, Bodies: 470)
⚡ PHYSICS SPIKE #584: 11.0 ms at 48.8s (Bodies: 470)
⚡ PHYSICS SPIKE #585: 11.0 ms at 48.8s (Bodies: 470)
⚡ FRAME SPIKE #741: 40.3 ms at 48.8s (Draw: 3944, Bodies: 470)
⚡ PHYSICS SPIKE #586: 11.0 ms at 48.9s (Bodies: 470)
⚡ PHYSICS SPIKE #587: 11.0 ms at 48.9s (Bodies: 470)
⚡ PHYSICS SPIKE #588: 11.0 ms at 48.9s (Bodies: 470)
⚡ FRAME SPIKE #742: 40.3 ms at 48.9s (Draw: 3948, Bodies: 470)
⚡ PHYSICS SPIKE #589: 11.0 ms at 48.9s (Bodies: 470)
⚡ PHYSICS SPIKE #590: 11.0 ms at 48.9s (Bodies: 470)
⚡ FRAME SPIKE #743: 40.3 ms at 48.9s (Draw: 3951, Bodies: 470)
🚗 Traffic: 23 active NPCs (Near: 7, Mid: 15, Far: 1), 8 pooled
  → Physics bodies from NPCs: 23 (All: 23×1, было бы 23×5=115)

========== Bottleneck Analysis Report ==========
Time: 59.8s | Frames: 2213

📊 PERFORMANCE OVERVIEW:
  FPS: 24.5 avg | 23.0 min
  Frame Time: 18.70 ms avg | 19.07 ms max
  Physics Time: 11.20 ms avg

🔍 BOTTLENECK IDENTIFICATION:
  🔴 [CRITICAL] Physics Time
      Value: 11.20 ms
      Impact: Physics simulation overhead
      Suggestions:
        • Reduce number of active physics bodies
        • Simplify collision shapes
        • Disable physics for distant objects

  🟠 [HIGH] Frame Time
      Value: 18.70 ms (target: 16.67 ms)
      Impact: Overall performance bottleneck
      Suggestions:
        • Reduce draw calls
        • Optimize scripts in _process()
        • Check for expensive operations per frame

  🟠 [HIGH] Draw Calls
      Value: 3983 calls/frame
      Impact: GPU rendering overhead
      Suggestions:
        • Batch meshes by material
        • Use MultiMeshInstance3D
        • Implement LOD system
        • Enable frustum culling

  🟠 [HIGH] Physics Bodies
      Value: 469 active bodies
      Impact: Physics engine load
      Suggestions:
        • Reduce NPC count
        • Convert distant NPCs to kinematic
        • Disable physics for far objects

  🟡 [MEDIUM] Vertex Count
      Value: 6555125 vertices/frame
      Impact: GPU vertex processing
      Suggestions:
        • Implement LOD for distant objects
        • Simplify building meshes
        • Use lower poly models

  🟡 [MEDIUM] Node Count
      Value: 29138 nodes
      Impact: Scene tree traversal overhead
      Suggestions:
        • Unload distant chunks
        • Pool and reuse nodes
        • Flatten hierarchy where possible

  🟡 [MEDIUM] Post-Processing Effects
      Value: SSAO, Glow/Bloom, Volumetric Fog
      Impact: GPU shader overhead
      Suggestions:
        • Reduce SSR quality
        • Disable SSAO on low-end hardware
        • Use simpler fog

📈 DETAILED STATS:
  Draw Calls: 3983 avg | 4011 max
  Vertices: 6555125 avg | 6561341 max
  Physics Bodies: 469
  Nodes: 29138
  VRAM: 747.3 MB

=================================================

⚡ PHYSICS SPIKE #591: 11.0 ms at 48.9s (Bodies: 470)
⚡ PHYSICS SPIKE #592: 11.0 ms at 48.9s (Bodies: 470)
⚡ FRAME SPIKE #744: 40.3 ms at 48.9s (Draw: 3953, Bodies: 470)
⚡ PHYSICS SPIKE #593: 11.0 ms at 49.0s (Bodies: 470)
⚡ PHYSICS SPIKE #594: 11.0 ms at 49.0s (Bodies: 470)
⚡ PHYSICS SPIKE #595: 11.0 ms at 49.0s (Bodies: 470)
⚡ FRAME SPIKE #745: 40.3 ms at 49.0s (Draw: 3955, Bodies: 470)
⚡ PHYSICS SPIKE #596: 11.0 ms at 49.0s (Bodies: 470)
⚡ PHYSICS SPIKE #597: 11.0 ms at 49.0s (Bodies: 470)
⚡ FRAME SPIKE #746: 40.6 ms at 49.0s (Draw: 3959, Bodies: 470)
⚡ PHYSICS SPIKE #598: 11.0 ms at 49.1s (Bodies: 470)
⚡ PHYSICS SPIKE #599: 11.0 ms at 49.1s (Bodies: 470)
⚡ PHYSICS SPIKE #600: 11.0 ms at 49.1s (Bodies: 470)
⚡ FRAME SPIKE #747: 40.3 ms at 49.1s (Draw: 3962, Bodies: 470)
⚡ PHYSICS SPIKE #601: 11.0 ms at 49.1s (Bodies: 470)
⚡ PHYSICS SPIKE #602: 11.0 ms at 49.1s (Bodies: 470)
⚡ FRAME SPIKE #748: 42.3 ms at 49.1s (Draw: 3963, Bodies: 470)
⚡ PHYSICS SPIKE #603: 11.2 ms at 49.1s (Bodies: 470)
⚡ PHYSICS SPIKE #604: 11.2 ms at 49.1s (Bodies: 470)
⚡ PHYSICS SPIKE #605: 11.2 ms at 49.1s (Bodies: 470)
⚡ FRAME SPIKE #749: 40.3 ms at 49.1s (Draw: 3963, Bodies: 470)
⚡ PHYSICS SPIKE #606: 11.2 ms at 49.2s (Bodies: 470)
⚡ PHYSICS SPIKE #607: 11.2 ms at 49.2s (Bodies: 470)
⚡ FRAME SPIKE #750: 42.8 ms at 49.2s (Draw: 3962, Bodies: 470)
⚡ PHYSICS SPIKE #608: 11.2 ms at 49.2s (Bodies: 470)
⚡ PHYSICS SPIKE #609: 11.2 ms at 49.2s (Bodies: 470)
⚡ FRAME SPIKE #751: 36.9 ms at 49.2s (Draw: 3962, Bodies: 470)
⚡ PHYSICS SPIKE #610: 11.2 ms at 49.3s (Bodies: 470)
⚡ PHYSICS SPIKE #611: 11.2 ms at 49.3s (Bodies: 470)
⚡ PHYSICS SPIKE #612: 11.2 ms at 49.3s (Bodies: 470)
⚡ FRAME SPIKE #752: 40.3 ms at 49.3s (Draw: 3962, Bodies: 470)
⚡ PHYSICS SPIKE #613: 11.2 ms at 49.3s (Bodies: 470)
⚡ PHYSICS SPIKE #614: 11.2 ms at 49.3s (Bodies: 470)
⚡ PHYSICS SPIKE #615: 11.2 ms at 49.3s (Bodies: 470)
⚡ FRAME SPIKE #753: 43.2 ms at 49.3s (Draw: 3963, Bodies: 470)
⚡ PHYSICS SPIKE #616: 11.2 ms at 49.3s (Bodies: 470)
⚡ PHYSICS SPIKE #617: 11.2 ms at 49.3s (Bodies: 470)
⚡ FRAME SPIKE #754: 47.6 ms at 49.3s (Draw: 3967, Bodies: 470)
⚡ PHYSICS SPIKE #618: 11.2 ms at 49.4s (Bodies: 470)
⚡ PHYSICS SPIKE #619: 11.2 ms at 49.4s (Bodies: 470)
⚡ PHYSICS SPIKE #620: 11.2 ms at 49.4s (Bodies: 470)
⚡ FRAME SPIKE #755: 41.7 ms at 49.4s (Draw: 3968, Bodies: 470)
⚡ PHYSICS SPIKE #621: 11.2 ms at 49.4s (Bodies: 470)
⚡ PHYSICS SPIKE #622: 11.2 ms at 49.4s (Bodies: 470)
⚡ PHYSICS SPIKE #623: 11.2 ms at 49.4s (Bodies: 470)
⚡ FRAME SPIKE #756: 44.4 ms at 49.4s (Draw: 3968, Bodies: 470)
⚡ PHYSICS SPIKE #624: 11.2 ms at 49.5s (Bodies: 470)
⚡ PHYSICS SPIKE #625: 11.2 ms at 49.5s (Bodies: 470)
⚡ FRAME SPIKE #757: 46.6 ms at 49.5s (Draw: 3974, Bodies: 470)
⚡ PHYSICS SPIKE #626: 11.2 ms at 49.5s (Bodies: 470)
⚡ PHYSICS SPIKE #627: 11.2 ms at 49.5s (Bodies: 470)
⚡ PHYSICS SPIKE #628: 11.2 ms at 49.5s (Bodies: 470)
⚡ FRAME SPIKE #758: 43.8 ms at 49.5s (Draw: 3976, Bodies: 470)

=== PERFORMANCE METRICS ===
FPS: 24 | Frame: 35.1 ms (max 70.9) | Physics: 16.7 ms (max 29.2)
Godot Process: 18.69 ms | Physics: 11.20 ms
Objects: 66668 | Nodes: 29138 | Resources: 539
Draw calls: 3976 | Vertices: 6562412 | VRAM: 747.3 MB
Physics bodies: 470 | Collision pairs: 6469
--- System Times ---
  road_batch_finalize_total_-1,-1: 10.47 ms (max 10.47)
  road_batch_finalize_total_-1,-2: 15.38 ms (max 15.38)
  road_batch_finalize_total_-1,-3: 11.56 ms (max 11.56)
  road_batch_finalize_total_-1,-4: 9.31 ms (max 9.31)
  road_batch_finalize_total_-1,-5: 9.36 ms (max 9.36)
  road_batch_finalize_total_-1,0: 3.82 ms (max 3.82)
  road_batch_finalize_total_-2,-1: 16.32 ms (max 16.32)
  road_batch_finalize_total_-2,-2: 15.24 ms (max 15.24)
  road_batch_finalize_total_-2,-3: 8.67 ms (max 8.67)
  road_batch_finalize_total_-2,-4: 10.52 ms (max 12.78)
  road_batch_finalize_total_-2,0: 14.05 ms (max 14.05)
  road_batch_finalize_total_0,-1: 19.44 ms (max 19.44)
  road_batch_finalize_total_0,-2: 19.68 ms (max 19.68)
  road_batch_finalize_total_0,-3: 11.59 ms (max 11.59)
  road_batch_finalize_total_0,-4: 5.84 ms (max 5.84)
  road_batch_finalize_total_0,-5: 8.77 ms (max 8.77)
  road_batch_finalize_total_0,0: 16.18 ms (max 16.18)
  road_batch_finalize_total_0,1: 10.93 ms (max 10.93)
  road_batch_finalize_total_1,-1: 16.70 ms (max 16.70)
  road_batch_finalize_total_1,-2: 18.21 ms (max 18.21)
  road_batch_finalize_total_1,-3: 9.12 ms (max 9.12)
  road_batch_finalize_total_1,-4: 11.09 ms (max 11.09)
  road_batch_finalize_total_1,0: 12.08 ms (max 12.08)
  road_batch_finalize_total_2,-3: 7.01 ms (max 7.01)
  road_collision_create_-1,-1: 3.28 ms (max 3.86)
  road_collision_create_-1,-2: 7.46 ms (max 11.95)
  road_collision_create_-1,-3: 3.47 ms (max 6.77)
  road_collision_create_-1,-4: 4.27 ms (max 4.84)
  road_collision_create_-1,-5: 4.11 ms (max 4.37)
  road_collision_create_-1,0: 1.74 ms (max 2.01)
  road_collision_create_-2,-1: 5.22 ms (max 10.23)
  road_collision_create_-2,-2: 7.37 ms (max 13.00)
  road_collision_create_-2,-3: 2.60 ms (max 4.44)
  road_collision_create_-2,-4: 4.86 ms (max 6.33)
  road_collision_create_-2,0: 6.79 ms (max 10.68)
  road_collision_create_0,-1: 6.19 ms (max 12.66)
  road_collision_create_0,-2: 6.30 ms (max 11.99)
  road_collision_create_0,-3: 3.51 ms (max 4.80)
  road_collision_create_0,-4: 1.74 ms (max 2.77)
  road_collision_create_0,-5: 3.96 ms (max 4.48)
  road_collision_create_0,0: 5.16 ms (max 12.41)
  road_collision_create_0,1: 10.65 ms (max 10.65)
  road_collision_create_1,-1: 5.31 ms (max 12.56)
  road_collision_create_1,-2: 8.81 ms (max 15.10)
  road_collision_create_1,-3: 2.73 ms (max 3.56)
  road_collision_create_1,-4: 3.38 ms (max 4.64)
  road_collision_create_1,0: 11.81 ms (max 11.81)
  road_collision_create_2,-3: 3.06 ms (max 3.74)
===========================

=== PERFORMANCE METRICS ===
FPS: 24 | Frame: 35.1 ms (max 70.9) | Physics: 16.7 ms (max 29.2)
Godot Process: 18.69 ms | Physics: 11.20 ms
Objects: 66668 | Nodes: 29138 | Resources: 539
Draw calls: 3976 | Vertices: 6562412 | VRAM: 747.3 MB
Physics bodies: 470 | Collision pairs: 6469
===========================
⚡ PHYSICS SPIKE #629: 11.2 ms at 49.6s (Bodies: 470)
⚡ PHYSICS SPIKE #630: 11.2 ms at 49.6s (Bodies: 470)
⚡ PHYSICS SPIKE #631: 11.2 ms at 49.6s (Bodies: 470)
⚡ FRAME SPIKE #759: 42.4 ms at 49.6s (Draw: 3976, Bodies: 470)
⚡ PHYSICS SPIKE #632: 11.2 ms at 49.6s (Bodies: 470)
⚡ PHYSICS SPIKE #633: 11.2 ms at 49.6s (Bodies: 470)
⚡ PHYSICS SPIKE #634: 11.2 ms at 49.6s (Bodies: 470)
⚡ FRAME SPIKE #760: 50.0 ms at 49.6s (Draw: 3976, Bodies: 470)
⚡ PHYSICS SPIKE #635: 11.2 ms at 49.7s (Bodies: 470)
⚡ PHYSICS SPIKE #636: 11.2 ms at 49.7s (Bodies: 470)
⚡ PHYSICS SPIKE #637: 11.2 ms at 49.7s (Bodies: 470)
⚡ FRAME SPIKE #761: 50.0 ms at 49.7s (Draw: 3981, Bodies: 470)
⚡ PHYSICS SPIKE #638: 11.2 ms at 49.7s (Bodies: 470)
⚡ PHYSICS SPIKE #639: 11.2 ms at 49.7s (Bodies: 470)
⚡ FRAME SPIKE #762: 43.8 ms at 49.7s (Draw: 3983, Bodies: 470)
⚡ PHYSICS SPIKE #640: 11.2 ms at 49.8s (Bodies: 470)
⚡ PHYSICS SPIKE #641: 11.2 ms at 49.8s (Bodies: 470)
⚡ PHYSICS SPIKE #642: 11.2 ms at 49.8s (Bodies: 470)
⚡ FRAME SPIKE #763: 43.3 ms at 49.8s (Draw: 3982, Bodies: 470)
⚡ PHYSICS SPIKE #643: 11.2 ms at 49.8s (Bodies: 470)
⚡ PHYSICS SPIKE #644: 11.2 ms at 49.8s (Bodies: 470)
⚡ FRAME SPIKE #764: 43.8 ms at 49.8s (Draw: 3983, Bodies: 470)
⚡ PHYSICS SPIKE #645: 11.2 ms at 49.8s (Bodies: 470)
⚡ PHYSICS SPIKE #646: 11.2 ms at 49.8s (Bodies: 470)
⚡ PHYSICS SPIKE #647: 11.2 ms at 49.8s (Bodies: 470)
⚡ FRAME SPIKE #765: 43.3 ms at 49.8s (Draw: 3980, Bodies: 470)
⚡ PHYSICS SPIKE #648: 11.2 ms at 49.9s (Bodies: 470)
⚡ PHYSICS SPIKE #649: 11.2 ms at 49.9s (Bodies: 470)
⚡ PHYSICS SPIKE #650: 11.2 ms at 49.9s (Bodies: 470)
⚡ FRAME SPIKE #766: 43.3 ms at 49.9s (Draw: 3978, Bodies: 470)
⚡ PHYSICS SPIKE #651: 11.2 ms at 49.9s (Bodies: 470)
⚡ PHYSICS SPIKE #652: 11.2 ms at 49.9s (Bodies: 470)
⚡ FRAME SPIKE #767: 43.8 ms at 49.9s (Draw: 3978, Bodies: 470)
⚡ PHYSICS SPIKE #653: 11.2 ms at 50.0s (Bodies: 470)
⚡ PHYSICS SPIKE #654: 11.2 ms at 50.0s (Bodies: 470)
⚡ PHYSICS SPIKE #655: 11.2 ms at 50.0s (Bodies: 470)
⚡ FRAME SPIKE #768: 43.3 ms at 50.0s (Draw: 3978, Bodies: 470)
⚡ PHYSICS SPIKE #656: 11.2 ms at 50.0s (Bodies: 470)
⚡ PHYSICS SPIKE #657: 11.2 ms at 50.0s (Bodies: 470)
⚡ FRAME SPIKE #769: 43.3 ms at 50.0s (Draw: 3975, Bodies: 470)
⚡ PHYSICS SPIKE #658: 11.2 ms at 50.1s (Bodies: 470)
⚡ PHYSICS SPIKE #659: 11.2 ms at 50.1s (Bodies: 470)
⚡ PHYSICS SPIKE #660: 11.2 ms at 50.1s (Bodies: 470)
⚡ FRAME SPIKE #770: 42.2 ms at 50.1s (Draw: 3975, Bodies: 470)
⚡ PHYSICS SPIKE #661: 11.2 ms at 50.1s (Bodies: 470)
⚡ PHYSICS SPIKE #662: 11.2 ms at 50.1s (Bodies: 470)
⚡ PHYSICS SPIKE #663: 11.2 ms at 50.1s (Bodies: 470)
⚡ FRAME SPIKE #771: 43.3 ms at 50.1s (Draw: 3975, Bodies: 470)
⚡ PHYSICS SPIKE #664: 10.9 ms at 50.1s (Bodies: 470)
⚡ PHYSICS SPIKE #665: 10.9 ms at 50.1s (Bodies: 470)
⚡ FRAME SPIKE #772: 43.3 ms at 50.1s (Draw: 3981, Bodies: 470)
⚡ PHYSICS SPIKE #666: 10.9 ms at 50.2s (Bodies: 470)
⚡ PHYSICS SPIKE #667: 10.9 ms at 50.2s (Bodies: 470)
⚡ PHYSICS SPIKE #668: 10.9 ms at 50.2s (Bodies: 470)
⚡ FRAME SPIKE #773: 43.0 ms at 50.2s (Draw: 3983, Bodies: 470)
⚡ PHYSICS SPIKE #669: 10.9 ms at 50.2s (Bodies: 470)
⚡ PHYSICS SPIKE #670: 10.9 ms at 50.2s (Bodies: 470)
⚡ FRAME SPIKE #774: 43.3 ms at 50.2s (Draw: 3991, Bodies: 470)
⚡ PHYSICS SPIKE #671: 10.9 ms at 50.3s (Bodies: 470)
⚡ PHYSICS SPIKE #672: 10.9 ms at 50.3s (Bodies: 470)
⚡ PHYSICS SPIKE #673: 10.9 ms at 50.3s (Bodies: 470)
⚡ FRAME SPIKE #775: 41.1 ms at 50.3s (Draw: 3992, Bodies: 470)
⚡ PHYSICS SPIKE #674: 10.9 ms at 50.3s (Bodies: 470)
⚡ PHYSICS SPIKE #675: 10.9 ms at 50.3s (Bodies: 470)
⚡ FRAME SPIKE #776: 43.1 ms at 50.3s (Draw: 4005, Bodies: 470)
⚡ PHYSICS SPIKE #676: 10.9 ms at 50.4s (Bodies: 470)
⚡ PHYSICS SPIKE #677: 10.9 ms at 50.4s (Bodies: 470)
⚡ PHYSICS SPIKE #678: 10.9 ms at 50.4s (Bodies: 470)
⚡ FRAME SPIKE #777: 39.1 ms at 50.4s (Draw: 4005, Bodies: 470)
⚡ PHYSICS SPIKE #679: 10.9 ms at 50.4s (Bodies: 470)
⚡ PHYSICS SPIKE #680: 10.9 ms at 50.4s (Bodies: 470)
⚡ FRAME SPIKE #778: 42.6 ms at 50.4s (Draw: 4003, Bodies: 470)
⚡ PHYSICS SPIKE #681: 10.9 ms at 50.4s (Bodies: 470)
⚡ PHYSICS SPIKE #682: 10.9 ms at 50.4s (Bodies: 471)
⚡ PHYSICS SPIKE #683: 10.9 ms at 50.4s (Bodies: 471)
⚡ FRAME SPIKE #779: 42.3 ms at 50.4s (Draw: 4003, Bodies: 471)
⚡ PHYSICS SPIKE #684: 10.9 ms at 50.5s (Bodies: 471)
⚡ PHYSICS SPIKE #685: 10.9 ms at 50.5s (Bodies: 471)
⚡ PHYSICS SPIKE #686: 10.9 ms at 50.5s (Bodies: 471)
⚡ FRAME SPIKE #780: 45.4 ms at 50.5s (Draw: 4003, Bodies: 470)
⚡ PHYSICS SPIKE #687: 10.9 ms at 50.5s (Bodies: 470)
⚡ PHYSICS SPIKE #688: 10.9 ms at 50.5s (Bodies: 470)
⚡ FRAME SPIKE #781: 42.6 ms at 50.5s (Draw: 3998, Bodies: 470)
⚡ PHYSICS SPIKE #689: 10.9 ms at 50.6s (Bodies: 470)
⚡ PHYSICS SPIKE #690: 10.9 ms at 50.6s (Bodies: 470)
⚡ PHYSICS SPIKE #691: 10.9 ms at 50.6s (Bodies: 470)
⚡ FRAME SPIKE #782: 42.6 ms at 50.6s (Draw: 4000, Bodies: 470)
⚡ PHYSICS SPIKE #692: 10.9 ms at 50.6s (Bodies: 470)
⚡ PHYSICS SPIKE #693: 10.9 ms at 50.6s (Bodies: 470)
⚡ FRAME SPIKE #783: 42.6 ms at 50.6s (Draw: 4007, Bodies: 470)
⚡ PHYSICS SPIKE #694: 10.9 ms at 50.7s (Bodies: 470)
⚡ PHYSICS SPIKE #695: 10.9 ms at 50.7s (Bodies: 470)
⚡ PHYSICS SPIKE #696: 10.9 ms at 50.7s (Bodies: 470)
⚡ FRAME SPIKE #784: 42.6 ms at 50.7s (Draw: 4031, Bodies: 470)
⚡ PHYSICS SPIKE #697: 10.9 ms at 50.7s (Bodies: 470)
⚡ PHYSICS SPIKE #698: 10.9 ms at 50.7s (Bodies: 470)
⚡ FRAME SPIKE #785: 42.6 ms at 50.7s (Draw: 4044, Bodies: 470)
⚡ PHYSICS SPIKE #699: 10.9 ms at 50.7s (Bodies: 470)
⚡ PHYSICS SPIKE #700: 10.9 ms at 50.7s (Bodies: 470)
⚡ PHYSICS SPIKE #701: 10.9 ms at 50.7s (Bodies: 470)
⚡ FRAME SPIKE #786: 42.6 ms at 50.7s (Draw: 4052, Bodies: 470)
⚡ PHYSICS SPIKE #702: 10.9 ms at 50.8s (Bodies: 470)
⚡ PHYSICS SPIKE #703: 10.9 ms at 50.8s (Bodies: 470)
⚡ FRAME SPIKE #787: 42.6 ms at 50.8s (Draw: 4060, Bodies: 470)
⚡ PHYSICS SPIKE #704: 10.9 ms at 50.8s (Bodies: 470)
⚡ PHYSICS SPIKE #705: 10.9 ms at 50.8s (Bodies: 470)
⚡ PHYSICS SPIKE #706: 10.9 ms at 50.8s (Bodies: 470)
⚡ FRAME SPIKE #788: 42.6 ms at 50.8s (Draw: 4060, Bodies: 470)
⚡ PHYSICS SPIKE #707: 10.9 ms at 50.9s (Bodies: 470)
⚡ PHYSICS SPIKE #708: 10.9 ms at 50.9s (Bodies: 470)
⚡ PHYSICS SPIKE #709: 10.9 ms at 50.9s (Bodies: 470)
⚡ FRAME SPIKE #789: 42.6 ms at 50.9s (Draw: 4070, Bodies: 470)
⚡ PHYSICS SPIKE #710: 10.9 ms at 50.9s (Bodies: 470)
⚡ PHYSICS SPIKE #711: 10.9 ms at 50.9s (Bodies: 470)
⚡ FRAME SPIKE #790: 42.6 ms at 50.9s (Draw: 4069, Bodies: 470)
🚗 Traffic: 23 active NPCs (Near: 9, Mid: 12, Far: 2), 8 pooled
  → Physics bodies from NPCs: 23 (All: 23×1, было бы 23×5=115)

========== Bottleneck Analysis Report ==========
Time: 61.8s | Frames: 2260

📊 PERFORMANCE OVERVIEW:
  FPS: 24.1 avg | 23.0 min
  Frame Time: 18.63 ms avg | 19.07 ms max
  Physics Time: 11.02 ms avg

🔍 BOTTLENECK IDENTIFICATION:
  🔴 [CRITICAL] Physics Time
      Value: 11.02 ms
      Impact: Physics simulation overhead
      Suggestions:
        • Reduce number of active physics bodies
        • Simplify collision shapes
        • Disable physics for distant objects

  🟠 [HIGH] Frame Time
      Value: 18.63 ms (target: 16.67 ms)
      Impact: Overall performance bottleneck
      Suggestions:
        • Reduce draw calls
        • Optimize scripts in _process()
        • Check for expensive operations per frame

  🟠 [HIGH] Draw Calls
      Value: 3977 calls/frame
      Impact: GPU rendering overhead
      Suggestions:
        • Batch meshes by material
        • Use MultiMeshInstance3D
        • Implement LOD system
        • Enable frustum culling

  🟠 [HIGH] Physics Bodies
      Value: 469 active bodies
      Impact: Physics engine load
      Suggestions:
        • Reduce NPC count
        • Convert distant NPCs to kinematic
        • Disable physics for far objects

  🟡 [MEDIUM] Vertex Count
      Value: 6558510 vertices/frame
      Impact: GPU vertex processing
      Suggestions:
        • Implement LOD for distant objects
        • Simplify building meshes
        • Use lower poly models

  🟡 [MEDIUM] Node Count
      Value: 29138 nodes
      Impact: Scene tree traversal overhead
      Suggestions:
        • Unload distant chunks
        • Pool and reuse nodes
        • Flatten hierarchy where possible

  🟡 [MEDIUM] Post-Processing Effects
      Value: SSAO, Glow/Bloom, Volumetric Fog
      Impact: GPU shader overhead
      Suggestions:
        • Reduce SSR quality
        • Disable SSAO on low-end hardware
        • Use simpler fog

📈 DETAILED STATS:
  Draw Calls: 3977 avg | 4070 max
  Vertices: 6558510 avg | 6565226 max
  Physics Bodies: 469
  Nodes: 29138
  VRAM: 747.3 MB

=================================================

⚡ PHYSICS SPIKE #712: 10.9 ms at 51.0s (Bodies: 470)
⚡ PHYSICS SPIKE #713: 10.9 ms at 51.0s (Bodies: 470)
⚡ PHYSICS SPIKE #714: 10.9 ms at 51.0s (Bodies: 470)
⚡ FRAME SPIKE #791: 42.6 ms at 51.0s (Draw: 4075, Bodies: 470)
⚡ PHYSICS SPIKE #715: 10.9 ms at 51.0s (Bodies: 470)
⚡ PHYSICS SPIKE #716: 10.9 ms at 51.0s (Bodies: 470)
⚡ FRAME SPIKE #792: 42.6 ms at 51.0s (Draw: 4076, Bodies: 470)
⚡ PHYSICS SPIKE #717: 10.9 ms at 51.0s (Bodies: 470)
⚡ PHYSICS SPIKE #718: 10.9 ms at 51.0s (Bodies: 470)
⚡ PHYSICS SPIKE #719: 10.9 ms at 51.0s (Bodies: 470)
⚡ FRAME SPIKE #793: 42.0 ms at 51.0s (Draw: 4076, Bodies: 470)
⚡ PHYSICS SPIKE #720: 10.9 ms at 51.1s (Bodies: 470)
⚡ PHYSICS SPIKE #721: 10.9 ms at 51.1s (Bodies: 470)
⚡ FRAME SPIKE #794: 42.6 ms at 51.1s (Draw: 4076, Bodies: 470)
⚡ PHYSICS SPIKE #722: 10.9 ms at 51.1s (Bodies: 470)
⚡ PHYSICS SPIKE #723: 10.9 ms at 51.1s (Bodies: 470)
⚡ PHYSICS SPIKE #724: 10.9 ms at 51.1s (Bodies: 470)
⚡ FRAME SPIKE #795: 41.8 ms at 51.1s (Draw: 4076, Bodies: 470)
⚡ PHYSICS SPIKE #725: 11.2 ms at 51.2s (Bodies: 470)
⚡ PHYSICS SPIKE #726: 11.2 ms at 51.2s (Bodies: 470)
⚡ FRAME SPIKE #796: 42.6 ms at 51.2s (Draw: 4076, Bodies: 470)
⚡ PHYSICS SPIKE #727: 11.2 ms at 51.2s (Bodies: 470)
⚡ PHYSICS SPIKE #728: 11.2 ms at 51.2s (Bodies: 470)
⚡ PHYSICS SPIKE #729: 11.2 ms at 51.2s (Bodies: 470)
⚡ FRAME SPIKE #797: 40.9 ms at 51.2s (Draw: 4076, Bodies: 470)
⚡ PHYSICS SPIKE #730: 11.2 ms at 51.2s (Bodies: 470)
⚡ PHYSICS SPIKE #731: 11.2 ms at 51.2s (Bodies: 470)
⚡ FRAME SPIKE #798: 42.4 ms at 51.2s (Draw: 4076, Bodies: 470)
⚡ PHYSICS SPIKE #732: 11.2 ms at 51.3s (Bodies: 470)
⚡ PHYSICS SPIKE #733: 11.2 ms at 51.3s (Bodies: 470)
⚡ PHYSICS SPIKE #734: 11.2 ms at 51.3s (Bodies: 470)
⚡ FRAME SPIKE #799: 39.1 ms at 51.3s (Draw: 4075, Bodies: 470)
⚡ PHYSICS SPIKE #735: 11.2 ms at 51.3s (Bodies: 470)
⚡ PHYSICS SPIKE #736: 11.2 ms at 51.3s (Bodies: 470)
⚡ FRAME SPIKE #800: 41.7 ms at 51.3s (Draw: 4074, Bodies: 470)
⚡ PHYSICS SPIKE #737: 11.2 ms at 51.4s (Bodies: 470)
⚡ PHYSICS SPIKE #738: 11.2 ms at 51.4s (Bodies: 470)
⚡ PHYSICS SPIKE #739: 11.2 ms at 51.4s (Bodies: 470)
⚡ FRAME SPIKE #801: 40.6 ms at 51.4s (Draw: 4070, Bodies: 470)
⚡ PHYSICS SPIKE #740: 11.2 ms at 51.4s (Bodies: 470)
⚡ PHYSICS SPIKE #741: 11.2 ms at 51.4s (Bodies: 470)
⚡ FRAME SPIKE #802: 41.7 ms at 51.4s (Draw: 4072, Bodies: 470)
⚡ PHYSICS SPIKE #742: 11.2 ms at 51.5s (Bodies: 470)
⚡ PHYSICS SPIKE #743: 11.2 ms at 51.5s (Bodies: 472)
⚡ PHYSICS SPIKE #744: 11.2 ms at 51.5s (Bodies: 472)
⚡ FRAME SPIKE #803: 41.7 ms at 51.5s (Draw: 4077, Bodies: 472)
⚡ PHYSICS SPIKE #745: 11.2 ms at 51.5s (Bodies: 472)
⚡ PHYSICS SPIKE #746: 11.2 ms at 51.5s (Bodies: 472)
⚡ FRAME SPIKE #804: 42.4 ms at 51.5s (Draw: 4077, Bodies: 472)
⚡ PHYSICS SPIKE #747: 11.2 ms at 51.5s (Bodies: 472)
⚡ PHYSICS SPIKE #748: 11.2 ms at 51.5s (Bodies: 472)
⚡ PHYSICS SPIKE #749: 11.2 ms at 51.5s (Bodies: 472)
⚡ FRAME SPIKE #805: 41.7 ms at 51.5s (Draw: 4077, Bodies: 472)
⚡ PHYSICS SPIKE #750: 11.2 ms at 51.6s (Bodies: 472)
⚡ PHYSICS SPIKE #751: 11.2 ms at 51.6s (Bodies: 472)
⚡ FRAME SPIKE #806: 42.4 ms at 51.6s (Draw: 4077, Bodies: 472)
⚡ PHYSICS SPIKE #752: 11.2 ms at 51.6s (Bodies: 472)
⚡ PHYSICS SPIKE #753: 11.2 ms at 51.6s (Bodies: 472)
⚡ PHYSICS SPIKE #754: 11.2 ms at 51.6s (Bodies: 472)
⚡ FRAME SPIKE #807: 41.7 ms at 51.6s (Draw: 4077, Bodies: 472)
⚡ PHYSICS SPIKE #755: 11.2 ms at 51.7s (Bodies: 472)
⚡ PHYSICS SPIKE #756: 11.2 ms at 51.7s (Bodies: 472)
⚡ FRAME SPIKE #808: 42.4 ms at 51.7s (Draw: 4076, Bodies: 472)
⚡ PHYSICS SPIKE #757: 11.2 ms at 51.7s (Bodies: 472)
⚡ PHYSICS SPIKE #758: 11.2 ms at 51.7s (Bodies: 472)
⚡ PHYSICS SPIKE #759: 11.2 ms at 51.7s (Bodies: 472)
⚡ FRAME SPIKE #809: 41.7 ms at 51.7s (Draw: 4076, Bodies: 472)
⚡ PHYSICS SPIKE #760: 11.2 ms at 51.7s (Bodies: 472)
⚡ PHYSICS SPIKE #761: 11.2 ms at 51.7s (Bodies: 472)
⚡ FRAME SPIKE #810: 42.4 ms at 51.7s (Draw: 4076, Bodies: 472)
⚡ PHYSICS SPIKE #762: 11.2 ms at 51.8s (Bodies: 472)
⚡ PHYSICS SPIKE #763: 11.2 ms at 51.8s (Bodies: 472)
⚡ PHYSICS SPIKE #764: 11.2 ms at 51.8s (Bodies: 472)
⚡ FRAME SPIKE #811: 41.7 ms at 51.8s (Draw: 4076, Bodies: 472)
⚡ PHYSICS SPIKE #765: 11.2 ms at 51.8s (Bodies: 472)
⚡ PHYSICS SPIKE #766: 11.2 ms at 51.8s (Bodies: 472)
⚡ PHYSICS SPIKE #767: 11.2 ms at 51.8s (Bodies: 472)
⚡ FRAME SPIKE #812: 45.6 ms at 51.8s (Draw: 4076, Bodies: 472)
⚡ PHYSICS SPIKE #768: 11.2 ms at 51.9s (Bodies: 472)
⚡ PHYSICS SPIKE #769: 11.2 ms at 51.9s (Bodies: 472)
⚡ FRAME SPIKE #813: 42.5 ms at 51.9s (Draw: 4076, Bodies: 472)
⚡ PHYSICS SPIKE #770: 11.2 ms at 51.9s (Bodies: 472)
⚡ PHYSICS SPIKE #771: 11.2 ms at 51.9s (Bodies: 472)
⚡ PHYSICS SPIKE #772: 11.2 ms at 51.9s (Bodies: 472)
⚡ FRAME SPIKE #814: 42.4 ms at 51.9s (Draw: 4076, Bodies: 472)
⚡ PHYSICS SPIKE #773: 11.2 ms at 52.0s (Bodies: 472)
⚡ PHYSICS SPIKE #774: 11.2 ms at 52.0s (Bodies: 472)
⚡ FRAME SPIKE #815: 42.6 ms at 52.0s (Draw: 4076, Bodies: 472)
⚡ PHYSICS SPIKE #775: 11.2 ms at 52.0s (Bodies: 472)
⚡ PHYSICS SPIKE #776: 11.2 ms at 52.0s (Bodies: 472)
⚡ PHYSICS SPIKE #777: 11.2 ms at 52.0s (Bodies: 472)
⚡ FRAME SPIKE #816: 42.4 ms at 52.0s (Draw: 4076, Bodies: 472)
⚡ PHYSICS SPIKE #778: 11.2 ms at 52.0s (Bodies: 472)
⚡ PHYSICS SPIKE #779: 11.2 ms at 52.0s (Bodies: 472)
⚡ FRAME SPIKE #817: 42.8 ms at 52.0s (Draw: 4076, Bodies: 472)
⚡ PHYSICS SPIKE #780: 11.2 ms at 52.1s (Bodies: 472)
⚡ PHYSICS SPIKE #781: 11.2 ms at 52.1s (Bodies: 472)
⚡ PHYSICS SPIKE #782: 11.2 ms at 52.1s (Bodies: 472)
⚡ FRAME SPIKE #818: 42.4 ms at 52.1s (Draw: 4076, Bodies: 472)
⚡ PHYSICS SPIKE #783: 11.2 ms at 52.1s (Bodies: 472)
⚡ PHYSICS SPIKE #784: 11.2 ms at 52.1s (Bodies: 472)
⚡ FRAME SPIKE #819: 44.3 ms at 52.1s (Draw: 4075, Bodies: 472)
⚡ PHYSICS SPIKE #785: 11.6 ms at 52.2s (Bodies: 472)
⚡ PHYSICS SPIKE #786: 11.6 ms at 52.2s (Bodies: 472)
⚡ PHYSICS SPIKE #787: 11.6 ms at 52.2s (Bodies: 472)
⚡ FRAME SPIKE #820: 42.4 ms at 52.2s (Draw: 4076, Bodies: 472)
⚡ PHYSICS SPIKE #788: 11.6 ms at 52.2s (Bodies: 472)
⚡ PHYSICS SPIKE #789: 11.6 ms at 52.2s (Bodies: 472)
⚡ PHYSICS SPIKE #790: 11.6 ms at 52.2s (Bodies: 472)
⚡ FRAME SPIKE #821: 42.6 ms at 52.2s (Draw: 4076, Bodies: 472)
⚡ PHYSICS SPIKE #791: 11.6 ms at 52.3s (Bodies: 472)
⚡ PHYSICS SPIKE #792: 11.6 ms at 52.3s (Bodies: 472)
⚡ FRAME SPIKE #822: 48.1 ms at 52.3s (Draw: 4076, Bodies: 472)
⚡ PHYSICS SPIKE #793: 11.6 ms at 52.3s (Bodies: 472)
⚡ PHYSICS SPIKE #794: 11.6 ms at 52.3s (Bodies: 472)
⚡ PHYSICS SPIKE #795: 11.6 ms at 52.3s (Bodies: 472)
⚡ FRAME SPIKE #823: 42.6 ms at 52.3s (Draw: 4076, Bodies: 472)
⚡ PHYSICS SPIKE #796: 11.6 ms at 52.4s (Bodies: 472)
⚡ PHYSICS SPIKE #797: 11.6 ms at 52.4s (Bodies: 472)
⚡ PHYSICS SPIKE #798: 11.6 ms at 52.4s (Bodies: 472)
⚡ FRAME SPIKE #824: 43.7 ms at 52.4s (Draw: 4076, Bodies: 472)
⚡ PHYSICS SPIKE #799: 11.6 ms at 52.4s (Bodies: 472)
⚡ PHYSICS SPIKE #800: 11.6 ms at 52.4s (Bodies: 472)
⚡ PHYSICS SPIKE #801: 11.6 ms at 52.4s (Bodies: 472)
⚡ FRAME SPIKE #825: 48.2 ms at 52.4s (Draw: 4076, Bodies: 472)
⚡ PHYSICS SPIKE #802: 11.6 ms at 52.4s (Bodies: 472)
⚡ PHYSICS SPIKE #803: 11.6 ms at 52.4s (Bodies: 472)
⚡ FRAME SPIKE #826: 48.4 ms at 52.4s (Draw: 4076, Bodies: 472)
⚡ PHYSICS SPIKE #804: 11.6 ms at 52.5s (Bodies: 472)
⚡ PHYSICS SPIKE #805: 11.6 ms at 52.5s (Bodies: 473)
⚡ PHYSICS SPIKE #806: 11.6 ms at 52.5s (Bodies: 473)
⚡ FRAME SPIKE #827: 44.4 ms at 52.5s (Draw: 4073, Bodies: 473)
⚡ PHYSICS SPIKE #807: 11.6 ms at 52.5s (Bodies: 473)
⚡ PHYSICS SPIKE #808: 11.6 ms at 52.5s (Bodies: 473)
⚡ PHYSICS SPIKE #809: 11.6 ms at 52.5s (Bodies: 473)
⚡ FRAME SPIKE #828: 45.2 ms at 52.5s (Draw: 4073, Bodies: 473)
⚡ PHYSICS SPIKE #810: 11.6 ms at 52.6s (Bodies: 473)
⚡ PHYSICS SPIKE #811: 11.6 ms at 52.6s (Bodies: 473)
⚡ PHYSICS SPIKE #812: 11.6 ms at 52.6s (Bodies: 473)
⚡ FRAME SPIKE #829: 49.7 ms at 52.6s (Draw: 4073, Bodies: 473)
⚡ PHYSICS SPIKE #813: 11.6 ms at 52.6s (Bodies: 473)
⚡ PHYSICS SPIKE #814: 11.6 ms at 52.6s (Bodies: 473)
⚡ PHYSICS SPIKE #815: 11.6 ms at 52.6s (Bodies: 473)
⚡ FRAME SPIKE #830: 48.7 ms at 52.6s (Draw: 4073, Bodies: 473)
⚡ PHYSICS SPIKE #816: 11.6 ms at 52.7s (Bodies: 473)
⚡ PHYSICS SPIKE #817: 11.6 ms at 52.7s (Bodies: 473)
⚡ PHYSICS SPIKE #818: 11.6 ms at 52.7s (Bodies: 473)
⚡ FRAME SPIKE #831: 48.6 ms at 52.7s (Draw: 4073, Bodies: 473)
⚡ PHYSICS SPIKE #819: 11.6 ms at 52.7s (Bodies: 473)
⚡ PHYSICS SPIKE #820: 11.6 ms at 52.7s (Bodies: 473)
⚡ FRAME SPIKE #832: 47.0 ms at 52.7s (Draw: 4073, Bodies: 473)
⚡ PHYSICS SPIKE #821: 11.6 ms at 52.8s (Bodies: 473)
⚡ PHYSICS SPIKE #822: 11.6 ms at 52.8s (Bodies: 473)
⚡ PHYSICS SPIKE #823: 11.6 ms at 52.8s (Bodies: 473)
⚡ FRAME SPIKE #833: 46.7 ms at 52.8s (Draw: 4073, Bodies: 473)
⚡ PHYSICS SPIKE #824: 11.6 ms at 52.8s (Bodies: 473)
⚡ PHYSICS SPIKE #825: 11.6 ms at 52.8s (Bodies: 473)
⚡ PHYSICS SPIKE #826: 11.6 ms at 52.8s (Bodies: 473)
⚡ FRAME SPIKE #834: 46.7 ms at 52.8s (Draw: 4073, Bodies: 473)
⚡ PHYSICS SPIKE #827: 11.6 ms at 52.9s (Bodies: 473)
⚡ PHYSICS SPIKE #828: 11.6 ms at 52.9s (Bodies: 473)
⚡ PHYSICS SPIKE #829: 11.6 ms at 52.9s (Bodies: 473)
⚡ FRAME SPIKE #835: 46.7 ms at 52.9s (Draw: 4073, Bodies: 473)
⚡ PHYSICS SPIKE #830: 11.6 ms at 52.9s (Bodies: 473)
⚡ PHYSICS SPIKE #831: 11.6 ms at 52.9s (Bodies: 473)
⚡ PHYSICS SPIKE #832: 11.6 ms at 52.9s (Bodies: 473)
⚡ FRAME SPIKE #836: 47.0 ms at 52.9s (Draw: 4073, Bodies: 473)
🚗 Traffic: 26 active NPCs (Near: 8, Mid: 16, Far: 2), 5 pooled
  → Physics bodies from NPCs: 26 (All: 26×1, было бы 26×5=130)

========== Bottleneck Analysis Report ==========
Time: 63.9s | Frames: 2306

📊 PERFORMANCE OVERVIEW:
  FPS: 24.0 avg | 23.0 min
  Frame Time: 18.48 ms avg | 18.70 ms max
  Physics Time: 11.13 ms avg

🔍 BOTTLENECK IDENTIFICATION:
  🔴 [CRITICAL] Physics Time
      Value: 11.13 ms
      Impact: Physics simulation overhead
      Suggestions:
        • Reduce number of active physics bodies
        • Simplify collision shapes
        • Disable physics for distant objects

  🟠 [HIGH] Frame Time
      Value: 18.48 ms (target: 16.67 ms)
      Impact: Overall performance bottleneck
      Suggestions:
        • Reduce draw calls
        • Optimize scripts in _process()
        • Check for expensive operations per frame

  🟠 [HIGH] Draw Calls
      Value: 4013 calls/frame
      Impact: GPU rendering overhead
      Suggestions:
        • Batch meshes by material
        • Use MultiMeshInstance3D
        • Implement LOD system
        • Enable frustum culling

  🟠 [HIGH] Physics Bodies
      Value: 470 active bodies
      Impact: Physics engine load
      Suggestions:
        • Reduce NPC count
        • Convert distant NPCs to kinematic
        • Disable physics for far objects

  🟡 [MEDIUM] Vertex Count
      Value: 6559417 vertices/frame
      Impact: GPU vertex processing
      Suggestions:
        • Implement LOD for distant objects
        • Simplify building meshes
        • Use lower poly models

  🟡 [MEDIUM] Node Count
      Value: 29138 nodes
      Impact: Scene tree traversal overhead
      Suggestions:
        • Unload distant chunks
        • Pool and reuse nodes
        • Flatten hierarchy where possible

  🟡 [MEDIUM] Post-Processing Effects
      Value: SSAO, Glow/Bloom, Volumetric Fog
      Impact: GPU shader overhead
      Suggestions:
        • Reduce SSR quality
        • Disable SSAO on low-end hardware
        • Use simpler fog

📈 DETAILED STATS:
  Draw Calls: 4013 avg | 4077 max
  Vertices: 6559417 avg | 6565226 max
  Physics Bodies: 470
  Nodes: 29138
  VRAM: 747.3 MB

=================================================

⚡ PHYSICS SPIKE #833: 11.6 ms at 53.0s (Bodies: 473)
⚡ PHYSICS SPIKE #834: 11.6 ms at 53.0s (Bodies: 473)
⚡ FRAME SPIKE #837: 47.0 ms at 53.0s (Draw: 4073, Bodies: 473)
⚡ PHYSICS SPIKE #835: 11.6 ms at 53.0s (Bodies: 473)
⚡ PHYSICS SPIKE #836: 11.6 ms at 53.0s (Bodies: 473)
⚡ PHYSICS SPIKE #837: 11.6 ms at 53.0s (Bodies: 473)
⚡ FRAME SPIKE #838: 46.7 ms at 53.0s (Draw: 4073, Bodies: 473)
⚡ PHYSICS SPIKE #838: 11.6 ms at 53.1s (Bodies: 473)
⚡ PHYSICS SPIKE #839: 11.6 ms at 53.1s (Bodies: 473)
⚡ PHYSICS SPIKE #840: 11.6 ms at 53.1s (Bodies: 473)
⚡ FRAME SPIKE #839: 47.0 ms at 53.1s (Draw: 4073, Bodies: 473)
⚡ PHYSICS SPIKE #841: 11.6 ms at 53.1s (Bodies: 473)
⚡ PHYSICS SPIKE #842: 11.6 ms at 53.1s (Bodies: 473)
⚡ PHYSICS SPIKE #843: 11.6 ms at 53.1s (Bodies: 473)
⚡ FRAME SPIKE #840: 47.0 ms at 53.1s (Draw: 4073, Bodies: 473)
⚡ PHYSICS SPIKE #844: 11.9 ms at 53.2s (Bodies: 473)
⚡ PHYSICS SPIKE #845: 11.9 ms at 53.2s (Bodies: 473)
⚡ PHYSICS SPIKE #846: 11.9 ms at 53.2s (Bodies: 473)
⚡ FRAME SPIKE #841: 47.0 ms at 53.2s (Draw: 4073, Bodies: 473)
⚡ PHYSICS SPIKE #847: 11.9 ms at 53.2s (Bodies: 473)
⚡ PHYSICS SPIKE #848: 11.9 ms at 53.2s (Bodies: 473)
⚡ PHYSICS SPIKE #849: 11.9 ms at 53.2s (Bodies: 473)
⚡ FRAME SPIKE #842: 47.0 ms at 53.2s (Draw: 4073, Bodies: 473)
⚡ PHYSICS SPIKE #850: 11.9 ms at 53.2s (Bodies: 473)
⚡ PHYSICS SPIKE #851: 11.9 ms at 53.2s (Bodies: 473)
⚡ FRAME SPIKE #843: 47.0 ms at 53.2s (Draw: 4073, Bodies: 473)
⚡ PHYSICS SPIKE #852: 11.9 ms at 53.3s (Bodies: 473)
⚡ PHYSICS SPIKE #853: 11.9 ms at 53.3s (Bodies: 473)
⚡ PHYSICS SPIKE #854: 11.9 ms at 53.3s (Bodies: 473)
⚡ FRAME SPIKE #844: 46.7 ms at 53.3s (Draw: 4073, Bodies: 473)
⚡ PHYSICS SPIKE #855: 11.9 ms at 53.3s (Bodies: 473)
⚡ PHYSICS SPIKE #856: 11.9 ms at 53.3s (Bodies: 473)
⚡ PHYSICS SPIKE #857: 11.9 ms at 53.3s (Bodies: 473)
⚡ FRAME SPIKE #845: 46.7 ms at 53.3s (Draw: 4073, Bodies: 473)
⚡ PHYSICS SPIKE #858: 11.9 ms at 53.4s (Bodies: 473)
⚡ PHYSICS SPIKE #859: 11.9 ms at 53.4s (Bodies: 473)
⚡ PHYSICS SPIKE #860: 11.9 ms at 53.4s (Bodies: 473)
⚡ FRAME SPIKE #846: 47.0 ms at 53.4s (Draw: 4073, Bodies: 473)
⚡ PHYSICS SPIKE #861: 11.9 ms at 53.4s (Bodies: 473)
⚡ PHYSICS SPIKE #862: 11.9 ms at 53.4s (Bodies: 473)
⚡ PHYSICS SPIKE #863: 11.9 ms at 53.4s (Bodies: 473)
⚡ FRAME SPIKE #847: 47.0 ms at 53.4s (Draw: 4073, Bodies: 473)
⚡ PHYSICS SPIKE #864: 11.9 ms at 53.5s (Bodies: 473)
⚡ PHYSICS SPIKE #865: 11.9 ms at 53.5s (Bodies: 473)
⚡ FRAME SPIKE #848: 47.0 ms at 53.5s (Draw: 4073, Bodies: 473)
⚡ PHYSICS SPIKE #866: 11.9 ms at 53.5s (Bodies: 473)
⚡ PHYSICS SPIKE #867: 11.9 ms at 53.5s (Bodies: 474)
⚡ PHYSICS SPIKE #868: 11.9 ms at 53.5s (Bodies: 474)
⚡ FRAME SPIKE #849: 47.0 ms at 53.5s (Draw: 4072, Bodies: 474)
⚡ PHYSICS SPIKE #869: 11.9 ms at 53.6s (Bodies: 474)
⚡ PHYSICS SPIKE #870: 11.9 ms at 53.6s (Bodies: 474)
⚡ PHYSICS SPIKE #871: 11.9 ms at 53.6s (Bodies: 474)
⚡ FRAME SPIKE #850: 47.0 ms at 53.6s (Draw: 4072, Bodies: 474)
⚡ PHYSICS SPIKE #872: 11.9 ms at 53.6s (Bodies: 474)
⚡ PHYSICS SPIKE #873: 11.9 ms at 53.6s (Bodies: 474)
⚡ PHYSICS SPIKE #874: 11.9 ms at 53.6s (Bodies: 474)
⚡ FRAME SPIKE #851: 47.0 ms at 53.6s (Draw: 4072, Bodies: 474)
⚡ PHYSICS SPIKE #875: 11.9 ms at 53.7s (Bodies: 474)
⚡ PHYSICS SPIKE #876: 11.9 ms at 53.7s (Bodies: 474)
⚡ PHYSICS SPIKE #877: 11.9 ms at 53.7s (Bodies: 474)
⚡ FRAME SPIKE #852: 47.0 ms at 53.7s (Draw: 4072, Bodies: 474)
⚡ PHYSICS SPIKE #878: 11.9 ms at 53.7s (Bodies: 474)
⚡ PHYSICS SPIKE #879: 11.9 ms at 53.7s (Bodies: 474)
⚡ PHYSICS SPIKE #880: 11.9 ms at 53.7s (Bodies: 474)
⚡ FRAME SPIKE #853: 47.0 ms at 53.7s (Draw: 4072, Bodies: 474)
⚡ PHYSICS SPIKE #881: 11.9 ms at 53.8s (Bodies: 474)
⚡ PHYSICS SPIKE #882: 11.9 ms at 53.8s (Bodies: 474)
⚡ FRAME SPIKE #854: 47.0 ms at 53.8s (Draw: 4072, Bodies: 474)
⚡ PHYSICS SPIKE #883: 11.9 ms at 53.8s (Bodies: 474)
⚡ PHYSICS SPIKE #884: 11.9 ms at 53.8s (Bodies: 474)
⚡ PHYSICS SPIKE #885: 11.9 ms at 53.8s (Bodies: 474)
⚡ FRAME SPIKE #855: 47.0 ms at 53.8s (Draw: 4072, Bodies: 474)
⚡ PHYSICS SPIKE #886: 11.9 ms at 53.9s (Bodies: 474)
⚡ PHYSICS SPIKE #887: 11.9 ms at 53.9s (Bodies: 474)
⚡ PHYSICS SPIKE #888: 11.9 ms at 53.9s (Bodies: 474)
⚡ FRAME SPIKE #856: 47.0 ms at 53.9s (Draw: 4072, Bodies: 474)
⚡ PHYSICS SPIKE #889: 11.9 ms at 53.9s (Bodies: 474)
⚡ PHYSICS SPIKE #890: 11.9 ms at 53.9s (Bodies: 474)
⚡ PHYSICS SPIKE #891: 11.9 ms at 53.9s (Bodies: 474)
⚡ FRAME SPIKE #857: 47.6 ms at 53.9s (Draw: 4072, Bodies: 474)
⚡ PHYSICS SPIKE #892: 11.9 ms at 54.0s (Bodies: 474)
⚡ PHYSICS SPIKE #893: 11.9 ms at 54.0s (Bodies: 474)
⚡ PHYSICS SPIKE #894: 11.9 ms at 54.0s (Bodies: 474)
⚡ FRAME SPIKE #858: 48.6 ms at 54.0s (Draw: 4072, Bodies: 474)
⚡ PHYSICS SPIKE #895: 11.9 ms at 54.0s (Bodies: 474)
⚡ PHYSICS SPIKE #896: 11.9 ms at 54.0s (Bodies: 474)
⚡ PHYSICS SPIKE #897: 11.9 ms at 54.0s (Bodies: 474)
⚡ FRAME SPIKE #859: 49.1 ms at 54.0s (Draw: 4072, Bodies: 474)
⚡ PHYSICS SPIKE #898: 11.9 ms at 54.0s (Bodies: 474)
⚡ PHYSICS SPIKE #899: 11.9 ms at 54.0s (Bodies: 474)
⚡ PHYSICS SPIKE #900: 11.9 ms at 54.0s (Bodies: 474)
⚡ FRAME SPIKE #860: 50.5 ms at 54.0s (Draw: 4072, Bodies: 474)
⚡ PHYSICS SPIKE #901: 11.9 ms at 54.1s (Bodies: 474)
⚡ PHYSICS SPIKE #902: 11.9 ms at 54.1s (Bodies: 474)
⚡ PHYSICS SPIKE #903: 11.9 ms at 54.1s (Bodies: 474)
⚡ FRAME SPIKE #861: 51.2 ms at 54.1s (Draw: 4072, Bodies: 474)
⚡ PHYSICS SPIKE #904: 12.8 ms at 54.1s (Bodies: 474)
⚡ PHYSICS SPIKE #905: 12.8 ms at 54.1s (Bodies: 474)
⚡ PHYSICS SPIKE #906: 12.8 ms at 54.1s (Bodies: 474)
⚡ FRAME SPIKE #862: 50.2 ms at 54.1s (Draw: 4072, Bodies: 474)
⚡ PHYSICS SPIKE #907: 12.8 ms at 54.2s (Bodies: 474)
⚡ PHYSICS SPIKE #908: 12.8 ms at 54.2s (Bodies: 474)
⚡ PHYSICS SPIKE #909: 12.8 ms at 54.2s (Bodies: 474)
⚡ FRAME SPIKE #863: 52.2 ms at 54.2s (Draw: 4072, Bodies: 474)
⚡ PHYSICS SPIKE #910: 12.8 ms at 54.3s (Bodies: 474)
⚡ PHYSICS SPIKE #911: 12.8 ms at 54.3s (Bodies: 474)
⚡ PHYSICS SPIKE #912: 12.8 ms at 54.3s (Bodies: 474)
⚡ FRAME SPIKE #864: 50.2 ms at 54.3s (Draw: 4072, Bodies: 474)
⚡ PHYSICS SPIKE #913: 12.8 ms at 54.3s (Bodies: 474)
⚡ PHYSICS SPIKE #914: 12.8 ms at 54.3s (Bodies: 474)
⚡ PHYSICS SPIKE #915: 12.8 ms at 54.3s (Bodies: 474)
⚡ FRAME SPIKE #865: 48.9 ms at 54.3s (Draw: 4072, Bodies: 474)
⚡ PHYSICS SPIKE #916: 12.8 ms at 54.4s (Bodies: 474)
⚡ PHYSICS SPIKE #917: 12.8 ms at 54.4s (Bodies: 474)
⚡ PHYSICS SPIKE #918: 12.8 ms at 54.4s (Bodies: 474)
⚡ FRAME SPIKE #866: 50.1 ms at 54.4s (Draw: 4072, Bodies: 474)
⚡ PHYSICS SPIKE #919: 12.8 ms at 54.4s (Bodies: 474)
⚡ PHYSICS SPIKE #920: 12.8 ms at 54.4s (Bodies: 474)
⚡ PHYSICS SPIKE #921: 12.8 ms at 54.4s (Bodies: 474)
⚡ FRAME SPIKE #867: 50.0 ms at 54.4s (Draw: 4072, Bodies: 474)
⚡ PHYSICS SPIKE #922: 12.8 ms at 54.5s (Bodies: 474)
⚡ PHYSICS SPIKE #923: 12.8 ms at 54.5s (Bodies: 474)
⚡ PHYSICS SPIKE #924: 12.8 ms at 54.5s (Bodies: 474)
⚡ FRAME SPIKE #868: 50.0 ms at 54.5s (Draw: 4072, Bodies: 474)
⚡ PHYSICS SPIKE #925: 12.8 ms at 54.5s (Bodies: 474)
⚡ PHYSICS SPIKE #926: 12.8 ms at 54.5s (Bodies: 474)
⚡ PHYSICS SPIKE #927: 12.8 ms at 54.5s (Bodies: 474)
⚡ FRAME SPIKE #869: 50.0 ms at 54.5s (Draw: 4072, Bodies: 474)
⚡ PHYSICS SPIKE #928: 12.8 ms at 54.6s (Bodies: 474)
⚡ PHYSICS SPIKE #929: 12.8 ms at 54.6s (Bodies: 475)
⚡ PHYSICS SPIKE #930: 12.8 ms at 54.6s (Bodies: 475)
⚡ FRAME SPIKE #870: 50.0 ms at 54.6s (Draw: 4075, Bodies: 475)

=== PERFORMANCE METRICS ===
FPS: 21 | Frame: 42.4 ms (max 70.9) | Physics: 16.7 ms (max 30.2)
Godot Process: 18.98 ms | Physics: 12.78 ms
Objects: 66668 | Nodes: 29138 | Resources: 539
Draw calls: 4075 | Vertices: 6557313 | VRAM: 747.3 MB
Physics bodies: 475 | Collision pairs: 6541
--- System Times ---
  road_batch_finalize_total_-1,-1: 10.47 ms (max 10.47)
  road_batch_finalize_total_-1,-2: 15.38 ms (max 15.38)
  road_batch_finalize_total_-1,-3: 11.56 ms (max 11.56)
  road_batch_finalize_total_-1,-4: 9.31 ms (max 9.31)
  road_batch_finalize_total_-1,-5: 9.36 ms (max 9.36)
  road_batch_finalize_total_-1,0: 3.82 ms (max 3.82)
  road_batch_finalize_total_-2,-1: 16.32 ms (max 16.32)
  road_batch_finalize_total_-2,-2: 15.24 ms (max 15.24)
  road_batch_finalize_total_-2,-3: 8.67 ms (max 8.67)
  road_batch_finalize_total_-2,-4: 10.52 ms (max 12.78)
  road_batch_finalize_total_-2,0: 14.05 ms (max 14.05)
  road_batch_finalize_total_0,-1: 19.44 ms (max 19.44)
  road_batch_finalize_total_0,-2: 19.68 ms (max 19.68)
  road_batch_finalize_total_0,-3: 11.59 ms (max 11.59)
  road_batch_finalize_total_0,-4: 5.84 ms (max 5.84)
  road_batch_finalize_total_0,-5: 8.77 ms (max 8.77)
  road_batch_finalize_total_0,0: 16.18 ms (max 16.18)
  road_batch_finalize_total_0,1: 10.93 ms (max 10.93)
  road_batch_finalize_total_1,-1: 16.70 ms (max 16.70)
  road_batch_finalize_total_1,-2: 18.21 ms (max 18.21)
  road_batch_finalize_total_1,-3: 9.12 ms (max 9.12)
  road_batch_finalize_total_1,-4: 11.09 ms (max 11.09)
  road_batch_finalize_total_1,0: 12.08 ms (max 12.08)
  road_batch_finalize_total_2,-3: 7.01 ms (max 7.01)
  road_collision_create_-1,-1: 3.28 ms (max 3.86)
  road_collision_create_-1,-2: 7.46 ms (max 11.95)
  road_collision_create_-1,-3: 3.47 ms (max 6.77)
  road_collision_create_-1,-4: 4.27 ms (max 4.84)
  road_collision_create_-1,-5: 4.11 ms (max 4.37)
  road_collision_create_-1,0: 1.74 ms (max 2.01)
  road_collision_create_-2,-1: 5.22 ms (max 10.23)
  road_collision_create_-2,-2: 7.37 ms (max 13.00)
  road_collision_create_-2,-3: 2.60 ms (max 4.44)
  road_collision_create_-2,-4: 4.86 ms (max 6.33)
  road_collision_create_-2,0: 6.79 ms (max 10.68)
  road_collision_create_0,-1: 6.19 ms (max 12.66)
  road_collision_create_0,-2: 6.30 ms (max 11.99)
  road_collision_create_0,-3: 3.51 ms (max 4.80)
  road_collision_create_0,-4: 1.74 ms (max 2.77)
  road_collision_create_0,-5: 3.96 ms (max 4.48)
  road_collision_create_0,0: 5.16 ms (max 12.41)
  road_collision_create_0,1: 10.65 ms (max 10.65)
  road_collision_create_1,-1: 5.31 ms (max 12.56)
  road_collision_create_1,-2: 8.81 ms (max 15.10)
  road_collision_create_1,-3: 2.73 ms (max 3.56)
  road_collision_create_1,-4: 3.38 ms (max 4.64)
  road_collision_create_1,0: 11.81 ms (max 11.81)
  road_collision_create_2,-3: 3.06 ms (max 3.74)
===========================

=== PERFORMANCE METRICS ===
FPS: 21 | Frame: 42.4 ms (max 70.9) | Physics: 16.7 ms (max 30.3)
Godot Process: 18.98 ms | Physics: 12.78 ms
Objects: 66668 | Nodes: 29138 | Resources: 539
Draw calls: 4075 | Vertices: 6557313 | VRAM: 747.3 MB
Physics bodies: 475 | Collision pairs: 6541
===========================
⚡ PHYSICS SPIKE #931: 12.8 ms at 54.6s (Bodies: 475)
⚡ PHYSICS SPIKE #932: 12.8 ms at 54.6s (Bodies: 475)
⚡ PHYSICS SPIKE #933: 12.8 ms at 54.6s (Bodies: 475)
⚡ FRAME SPIKE #871: 50.1 ms at 54.6s (Draw: 4076, Bodies: 475)
⚡ PHYSICS SPIKE #934: 12.8 ms at 54.7s (Bodies: 475)
⚡ PHYSICS SPIKE #935: 12.8 ms at 54.7s (Bodies: 475)
⚡ PHYSICS SPIKE #936: 12.8 ms at 54.7s (Bodies: 475)
⚡ FRAME SPIKE #872: 50.0 ms at 54.7s (Draw: 4077, Bodies: 475)
⚡ PHYSICS SPIKE #937: 12.8 ms at 54.7s (Bodies: 475)
⚡ PHYSICS SPIKE #938: 12.8 ms at 54.7s (Bodies: 475)
⚡ PHYSICS SPIKE #939: 12.8 ms at 54.7s (Bodies: 475)
⚡ FRAME SPIKE #873: 50.0 ms at 54.7s (Draw: 4076, Bodies: 475)
⚡ PHYSICS SPIKE #940: 12.8 ms at 54.8s (Bodies: 475)
⚡ PHYSICS SPIKE #941: 12.8 ms at 54.8s (Bodies: 475)
⚡ PHYSICS SPIKE #942: 12.8 ms at 54.8s (Bodies: 475)
⚡ FRAME SPIKE #874: 50.0 ms at 54.8s (Draw: 4075, Bodies: 475)
⚡ PHYSICS SPIKE #943: 12.8 ms at 54.8s (Bodies: 475)
⚡ PHYSICS SPIKE #944: 12.8 ms at 54.8s (Bodies: 475)
⚡ PHYSICS SPIKE #945: 12.8 ms at 54.8s (Bodies: 475)
⚡ FRAME SPIKE #875: 50.0 ms at 54.8s (Draw: 4076, Bodies: 475)
⚡ PHYSICS SPIKE #946: 12.8 ms at 54.9s (Bodies: 475)
⚡ PHYSICS SPIKE #947: 12.8 ms at 54.9s (Bodies: 475)
⚡ PHYSICS SPIKE #948: 12.8 ms at 54.9s (Bodies: 475)
⚡ FRAME SPIKE #876: 50.0 ms at 54.9s (Draw: 4075, Bodies: 475)
⚡ PHYSICS SPIKE #949: 12.8 ms at 54.9s (Bodies: 475)
⚡ PHYSICS SPIKE #950: 12.8 ms at 54.9s (Bodies: 475)
⚡ PHYSICS SPIKE #951: 12.8 ms at 54.9s (Bodies: 475)
⚡ FRAME SPIKE #877: 50.0 ms at 54.9s (Draw: 4075, Bodies: 475)
⚡ PHYSICS SPIKE #952: 12.8 ms at 55.0s (Bodies: 475)
⚡ PHYSICS SPIKE #953: 12.8 ms at 55.0s (Bodies: 475)
⚡ PHYSICS SPIKE #954: 12.8 ms at 55.0s (Bodies: 475)
⚡ FRAME SPIKE #878: 50.0 ms at 55.0s (Draw: 4075, Bodies: 475)
🚗 Traffic: 28 active NPCs (Near: 10, Mid: 14, Far: 4), 3 pooled
  → Physics bodies from NPCs: 28 (All: 28×1, было бы 28×5=140)

========== Bottleneck Analysis Report ==========
Time: 65.9s | Frames: 2348

📊 PERFORMANCE OVERVIEW:
  FPS: 22.9 avg | 21.0 min
  Frame Time: 18.57 ms avg | 18.98 ms max
  Physics Time: 11.56 ms avg

🔍 BOTTLENECK IDENTIFICATION:
  🔴 [CRITICAL] Physics Time
      Value: 11.56 ms
      Impact: Physics simulation overhead
      Suggestions:
        • Reduce number of active physics bodies
        • Simplify collision shapes
        • Disable physics for distant objects

  🟠 [HIGH] Frame Time
      Value: 18.57 ms (target: 16.67 ms)
      Impact: Overall performance bottleneck
      Suggestions:
        • Reduce draw calls
        • Optimize scripts in _process()
        • Check for expensive operations per frame

  🟠 [HIGH] Draw Calls
      Value: 4055 calls/frame
      Impact: GPU rendering overhead
      Suggestions:
        • Batch meshes by material
        • Use MultiMeshInstance3D
        • Implement LOD system
        • Enable frustum culling

  🟠 [HIGH] Physics Bodies
      Value: 472 active bodies
      Impact: Physics engine load
      Suggestions:
        • Reduce NPC count
        • Convert distant NPCs to kinematic
        • Disable physics for far objects

  🟡 [MEDIUM] Vertex Count
      Value: 6558728 vertices/frame
      Impact: GPU vertex processing
      Suggestions:
        • Implement LOD for distant objects
        • Simplify building meshes
        • Use lower poly models

  🟡 [MEDIUM] Node Count
      Value: 29138 nodes
      Impact: Scene tree traversal overhead
      Suggestions:
        • Unload distant chunks
        • Pool and reuse nodes
        • Flatten hierarchy where possible

  🟡 [MEDIUM] Post-Processing Effects
      Value: SSAO, Glow/Bloom, Volumetric Fog
      Impact: GPU shader overhead
      Suggestions:
        • Reduce SSR quality
        • Disable SSAO on low-end hardware
        • Use simpler fog

📈 DETAILED STATS:
  Draw Calls: 4055 avg | 4077 max
  Vertices: 6558728 avg | 6565226 max
  Physics Bodies: 472
  Nodes: 29138
  VRAM: 747.3 MB

=================================================

⚡ PHYSICS SPIKE #955: 12.8 ms at 55.0s (Bodies: 475)
⚡ PHYSICS SPIKE #956: 12.8 ms at 55.0s (Bodies: 475)
⚡ PHYSICS SPIKE #957: 12.8 ms at 55.0s (Bodies: 475)
⚡ FRAME SPIKE #879: 50.0 ms at 55.0s (Draw: 4076, Bodies: 475)
⚡ PHYSICS SPIKE #958: 12.8 ms at 55.1s (Bodies: 475)
⚡ PHYSICS SPIKE #959: 12.8 ms at 55.1s (Bodies: 475)
⚡ PHYSICS SPIKE #960: 12.8 ms at 55.1s (Bodies: 475)
⚡ FRAME SPIKE #880: 50.0 ms at 55.1s (Draw: 4076, Bodies: 475)
⚡ PHYSICS SPIKE #961: 12.8 ms at 55.1s (Bodies: 475)
⚡ PHYSICS SPIKE #962: 12.8 ms at 55.1s (Bodies: 475)
⚡ PHYSICS SPIKE #963: 12.8 ms at 55.1s (Bodies: 475)
⚡ FRAME SPIKE #881: 50.0 ms at 55.1s (Draw: 4076, Bodies: 475)
⚡ PHYSICS SPIKE #964: 12.3 ms at 55.2s (Bodies: 475)
⚡ PHYSICS SPIKE #965: 12.3 ms at 55.2s (Bodies: 475)
⚡ PHYSICS SPIKE #966: 12.3 ms at 55.2s (Bodies: 475)
⚡ FRAME SPIKE #882: 50.0 ms at 55.2s (Draw: 4076, Bodies: 475)
⚡ PHYSICS SPIKE #967: 12.3 ms at 55.2s (Bodies: 475)
⚡ PHYSICS SPIKE #968: 12.3 ms at 55.2s (Bodies: 475)
⚡ PHYSICS SPIKE #969: 12.3 ms at 55.2s (Bodies: 475)
⚡ FRAME SPIKE #883: 50.0 ms at 55.2s (Draw: 4076, Bodies: 475)
⚡ PHYSICS SPIKE #970: 12.3 ms at 55.3s (Bodies: 475)
⚡ PHYSICS SPIKE #971: 12.3 ms at 55.3s (Bodies: 475)
⚡ PHYSICS SPIKE #972: 12.3 ms at 55.3s (Bodies: 475)
⚡ FRAME SPIKE #884: 50.0 ms at 55.3s (Draw: 4076, Bodies: 475)
⚡ PHYSICS SPIKE #973: 12.3 ms at 55.3s (Bodies: 475)
⚡ PHYSICS SPIKE #974: 12.3 ms at 55.3s (Bodies: 475)
⚡ PHYSICS SPIKE #975: 12.3 ms at 55.3s (Bodies: 475)
⚡ FRAME SPIKE #885: 50.0 ms at 55.3s (Draw: 4076, Bodies: 475)
⚡ PHYSICS SPIKE #976: 12.3 ms at 55.4s (Bodies: 475)
⚡ PHYSICS SPIKE #977: 12.3 ms at 55.4s (Bodies: 475)
⚡ PHYSICS SPIKE #978: 12.3 ms at 55.4s (Bodies: 475)
⚡ FRAME SPIKE #886: 50.0 ms at 55.4s (Draw: 4076, Bodies: 475)
⚡ PHYSICS SPIKE #979: 12.3 ms at 55.4s (Bodies: 475)
⚡ PHYSICS SPIKE #980: 12.3 ms at 55.4s (Bodies: 475)
⚡ PHYSICS SPIKE #981: 12.3 ms at 55.4s (Bodies: 475)
⚡ FRAME SPIKE #887: 50.0 ms at 55.4s (Draw: 4076, Bodies: 475)
⚡ PHYSICS SPIKE #982: 12.3 ms at 55.5s (Bodies: 475)
⚡ PHYSICS SPIKE #983: 12.3 ms at 55.5s (Bodies: 475)
⚡ PHYSICS SPIKE #984: 12.3 ms at 55.5s (Bodies: 475)
⚡ FRAME SPIKE #888: 50.0 ms at 55.5s (Draw: 4076, Bodies: 475)
⚡ PHYSICS SPIKE #985: 12.3 ms at 55.5s (Bodies: 475)
⚡ PHYSICS SPIKE #986: 12.3 ms at 55.5s (Bodies: 475)
⚡ PHYSICS SPIKE #987: 12.3 ms at 55.5s (Bodies: 475)
⚡ FRAME SPIKE #889: 50.0 ms at 55.5s (Draw: 4076, Bodies: 475)
⚡ PHYSICS SPIKE #988: 12.3 ms at 55.6s (Bodies: 475)
⚡ PHYSICS SPIKE #989: 12.3 ms at 55.6s (Bodies: 475)
⚡ PHYSICS SPIKE #990: 12.3 ms at 55.6s (Bodies: 475)
⚡ FRAME SPIKE #890: 50.0 ms at 55.6s (Draw: 4076, Bodies: 475)
⚡ PHYSICS SPIKE #991: 12.3 ms at 55.6s (Bodies: 475)
⚡ PHYSICS SPIKE #992: 12.3 ms at 55.6s (Bodies: 475)
⚡ PHYSICS SPIKE #993: 12.3 ms at 55.6s (Bodies: 475)
⚡ FRAME SPIKE #891: 50.0 ms at 55.6s (Draw: 4076, Bodies: 475)
⚡ PHYSICS SPIKE #994: 12.3 ms at 55.7s (Bodies: 475)
⚡ PHYSICS SPIKE #995: 12.3 ms at 55.7s (Bodies: 475)
⚡ PHYSICS SPIKE #996: 12.3 ms at 55.7s (Bodies: 475)
⚡ FRAME SPIKE #892: 50.0 ms at 55.7s (Draw: 4076, Bodies: 475)
⚡ PHYSICS SPIKE #997: 12.3 ms at 55.7s (Bodies: 475)
⚡ PHYSICS SPIKE #998: 12.3 ms at 55.7s (Bodies: 475)
⚡ PHYSICS SPIKE #999: 12.3 ms at 55.7s (Bodies: 475)
⚡ FRAME SPIKE #893: 50.0 ms at 55.7s (Draw: 4076, Bodies: 475)
⚡ PHYSICS SPIKE #1000: 12.3 ms at 55.8s (Bodies: 475)
⚡ PHYSICS SPIKE #1001: 12.3 ms at 55.8s (Bodies: 475)
⚡ PHYSICS SPIKE #1002: 12.3 ms at 55.8s (Bodies: 475)
⚡ FRAME SPIKE #894: 50.0 ms at 55.8s (Draw: 4076, Bodies: 475)
⚡ PHYSICS SPIKE #1003: 12.3 ms at 55.8s (Bodies: 475)
⚡ PHYSICS SPIKE #1004: 12.3 ms at 55.8s (Bodies: 475)
⚡ PHYSICS SPIKE #1005: 12.3 ms at 55.8s (Bodies: 475)
⚡ FRAME SPIKE #895: 50.0 ms at 55.8s (Draw: 4076, Bodies: 475)
⚡ PHYSICS SPIKE #1006: 12.3 ms at 55.9s (Bodies: 475)
⚡ PHYSICS SPIKE #1007: 12.3 ms at 55.9s (Bodies: 475)
⚡ PHYSICS SPIKE #1008: 12.3 ms at 55.9s (Bodies: 475)
⚡ FRAME SPIKE #896: 50.0 ms at 55.9s (Draw: 4076, Bodies: 475)
⚡ PHYSICS SPIKE #1009: 12.3 ms at 55.9s (Bodies: 475)
⚡ PHYSICS SPIKE #1010: 12.3 ms at 55.9s (Bodies: 475)
⚡ PHYSICS SPIKE #1011: 12.3 ms at 55.9s (Bodies: 475)
⚡ FRAME SPIKE #897: 50.0 ms at 55.9s (Draw: 4076, Bodies: 475)
⚡ PHYSICS SPIKE #1012: 12.3 ms at 56.0s (Bodies: 475)
⚡ PHYSICS SPIKE #1013: 12.3 ms at 56.0s (Bodies: 475)
⚡ PHYSICS SPIKE #1014: 12.3 ms at 56.0s (Bodies: 475)
⚡ FRAME SPIKE #898: 50.9 ms at 56.0s (Draw: 4076, Bodies: 475)
⚡ PHYSICS SPIKE #1015: 12.3 ms at 56.0s (Bodies: 475)
⚡ PHYSICS SPIKE #1016: 12.3 ms at 56.0s (Bodies: 475)
⚡ PHYSICS SPIKE #1017: 12.3 ms at 56.0s (Bodies: 475)
⚡ FRAME SPIKE #899: 50.0 ms at 56.0s (Draw: 4076, Bodies: 475)
⚡ PHYSICS SPIKE #1018: 12.3 ms at 56.1s (Bodies: 475)
⚡ PHYSICS SPIKE #1019: 12.3 ms at 56.1s (Bodies: 475)
⚡ PHYSICS SPIKE #1020: 12.3 ms at 56.1s (Bodies: 475)
⚡ FRAME SPIKE #900: 50.0 ms at 56.1s (Draw: 4076, Bodies: 475)
⚡ PHYSICS SPIKE #1021: 12.3 ms at 56.1s (Bodies: 475)
⚡ PHYSICS SPIKE #1022: 12.3 ms at 56.1s (Bodies: 475)
⚡ PHYSICS SPIKE #1023: 12.3 ms at 56.1s (Bodies: 475)
⚡ FRAME SPIKE #901: 50.9 ms at 56.1s (Draw: 4077, Bodies: 475)
⚡ PHYSICS SPIKE #1024: 13.0 ms at 56.2s (Bodies: 475)
⚡ PHYSICS SPIKE #1025: 13.0 ms at 56.2s (Bodies: 475)
⚡ PHYSICS SPIKE #1026: 13.0 ms at 56.2s (Bodies: 475)
⚡ FRAME SPIKE #902: 51.0 ms at 56.2s (Draw: 4076, Bodies: 475)
⚡ PHYSICS SPIKE #1027: 13.0 ms at 56.2s (Bodies: 475)
⚡ PHYSICS SPIKE #1028: 13.0 ms at 56.2s (Bodies: 475)
⚡ PHYSICS SPIKE #1029: 13.0 ms at 56.2s (Bodies: 475)
⚡ FRAME SPIKE #903: 50.1 ms at 56.2s (Draw: 4076, Bodies: 475)
⚡ PHYSICS SPIKE #1030: 13.0 ms at 56.3s (Bodies: 475)
⚡ PHYSICS SPIKE #1031: 13.0 ms at 56.3s (Bodies: 475)
⚡ PHYSICS SPIKE #1032: 13.0 ms at 56.3s (Bodies: 475)
⚡ FRAME SPIKE #904: 50.0 ms at 56.3s (Draw: 4077, Bodies: 475)
⚡ PHYSICS SPIKE #1033: 13.0 ms at 56.3s (Bodies: 475)
⚡ PHYSICS SPIKE #1034: 13.0 ms at 56.3s (Bodies: 475)
⚡ PHYSICS SPIKE #1035: 13.0 ms at 56.3s (Bodies: 475)
⚡ FRAME SPIKE #905: 50.0 ms at 56.3s (Draw: 4076, Bodies: 475)
⚡ PHYSICS SPIKE #1036: 13.0 ms at 56.4s (Bodies: 475)
⚡ PHYSICS SPIKE #1037: 13.0 ms at 56.4s (Bodies: 475)
⚡ PHYSICS SPIKE #1038: 13.0 ms at 56.4s (Bodies: 475)
⚡ FRAME SPIKE #906: 50.0 ms at 56.4s (Draw: 4076, Bodies: 475)
⚡ PHYSICS SPIKE #1039: 13.0 ms at 56.4s (Bodies: 475)
⚡ PHYSICS SPIKE #1040: 13.0 ms at 56.4s (Bodies: 475)
⚡ PHYSICS SPIKE #1041: 13.0 ms at 56.4s (Bodies: 475)
⚡ FRAME SPIKE #907: 50.0 ms at 56.4s (Draw: 4077, Bodies: 475)
⚡ PHYSICS SPIKE #1042: 13.0 ms at 56.5s (Bodies: 475)
⚡ PHYSICS SPIKE #1043: 13.0 ms at 56.5s (Bodies: 475)
⚡ PHYSICS SPIKE #1044: 13.0 ms at 56.5s (Bodies: 475)
⚡ FRAME SPIKE #908: 50.0 ms at 56.5s (Draw: 4076, Bodies: 475)
⚡ PHYSICS SPIKE #1045: 13.0 ms at 56.5s (Bodies: 475)
⚡ PHYSICS SPIKE #1046: 13.0 ms at 56.5s (Bodies: 475)
⚡ PHYSICS SPIKE #1047: 13.0 ms at 56.5s (Bodies: 475)
⚡ FRAME SPIKE #909: 50.0 ms at 56.5s (Draw: 4076, Bodies: 475)
⚡ PHYSICS SPIKE #1048: 13.0 ms at 56.6s (Bodies: 475)
⚡ PHYSICS SPIKE #1049: 13.0 ms at 56.6s (Bodies: 476)
⚡ PHYSICS SPIKE #1050: 13.0 ms at 56.6s (Bodies: 476)
⚡ FRAME SPIKE #910: 50.0 ms at 56.6s (Draw: 4068, Bodies: 476)
⚡ PHYSICS SPIKE #1051: 13.0 ms at 56.6s (Bodies: 476)
⚡ PHYSICS SPIKE #1052: 13.0 ms at 56.6s (Bodies: 476)
⚡ PHYSICS SPIKE #1053: 13.0 ms at 56.6s (Bodies: 476)
⚡ FRAME SPIKE #911: 50.0 ms at 56.6s (Draw: 4068, Bodies: 476)
⚡ PHYSICS SPIKE #1054: 13.0 ms at 56.7s (Bodies: 476)
⚡ PHYSICS SPIKE #1055: 13.0 ms at 56.7s (Bodies: 476)
⚡ PHYSICS SPIKE #1056: 13.0 ms at 56.7s (Bodies: 476)
⚡ FRAME SPIKE #912: 50.0 ms at 56.7s (Draw: 4067, Bodies: 476)
⚡ PHYSICS SPIKE #1057: 13.0 ms at 56.7s (Bodies: 476)
⚡ PHYSICS SPIKE #1058: 13.0 ms at 56.7s (Bodies: 476)
⚡ PHYSICS SPIKE #1059: 13.0 ms at 56.7s (Bodies: 476)
⚡ FRAME SPIKE #913: 50.0 ms at 56.7s (Draw: 4067, Bodies: 476)
⚡ PHYSICS SPIKE #1060: 13.0 ms at 56.8s (Bodies: 476)
⚡ PHYSICS SPIKE #1061: 13.0 ms at 56.8s (Bodies: 476)
⚡ PHYSICS SPIKE #1062: 13.0 ms at 56.8s (Bodies: 476)
⚡ FRAME SPIKE #914: 50.1 ms at 56.8s (Draw: 4068, Bodies: 476)
⚡ PHYSICS SPIKE #1063: 13.0 ms at 56.8s (Bodies: 476)
⚡ PHYSICS SPIKE #1064: 13.0 ms at 56.8s (Bodies: 476)
⚡ PHYSICS SPIKE #1065: 13.0 ms at 56.8s (Bodies: 476)
⚡ FRAME SPIKE #915: 51.5 ms at 56.8s (Draw: 4068, Bodies: 476)
⚡ PHYSICS SPIKE #1066: 13.0 ms at 56.9s (Bodies: 476)
⚡ PHYSICS SPIKE #1067: 13.0 ms at 56.9s (Bodies: 476)
⚡ PHYSICS SPIKE #1068: 13.0 ms at 56.9s (Bodies: 476)
⚡ FRAME SPIKE #916: 52.7 ms at 56.9s (Draw: 4068, Bodies: 476)
⚡ PHYSICS SPIKE #1069: 13.0 ms at 56.9s (Bodies: 476)
⚡ PHYSICS SPIKE #1070: 13.0 ms at 56.9s (Bodies: 476)
⚡ PHYSICS SPIKE #1071: 13.0 ms at 56.9s (Bodies: 476)
⚡ PHYSICS SPIKE #1072: 13.0 ms at 56.9s (Bodies: 476)
⚡ FRAME SPIKE #917: 54.4 ms at 56.9s (Draw: 4068, Bodies: 476)
⚡ PHYSICS SPIKE #1073: 13.0 ms at 57.0s (Bodies: 476)
⚡ PHYSICS SPIKE #1074: 13.0 ms at 57.0s (Bodies: 476)
⚡ PHYSICS SPIKE #1075: 13.0 ms at 57.0s (Bodies: 476)
⚡ FRAME SPIKE #918: 60.6 ms at 57.0s (Draw: 4068, Bodies: 476)
🚗 Traffic: 29 active NPCs (Near: 10, Mid: 16, Far: 3), 2 pooled
  → Physics bodies from NPCs: 29 (All: 29×1, было бы 29×5=145)

========== Bottleneck Analysis Report ==========
Time: 67.9s | Frames: 2388

📊 PERFORMANCE OVERVIEW:
  FPS: 21.7 avg | 20.0 min
  Frame Time: 18.75 ms avg | 19.33 ms max
  Physics Time: 12.11 ms avg

🔍 BOTTLENECK IDENTIFICATION:
  🔴 [CRITICAL] Physics Time
      Value: 12.11 ms
      Impact: Physics simulation overhead
      Suggestions:
        • Reduce number of active physics bodies
        • Simplify collision shapes
        • Disable physics for distant objects

  🟠 [HIGH] Frame Time
      Value: 18.75 ms (target: 16.67 ms)
      Impact: Overall performance bottleneck
      Suggestions:
        • Reduce draw calls
        • Optimize scripts in _process()
        • Check for expensive operations per frame

  🟠 [HIGH] Draw Calls
      Value: 4074 calls/frame
      Impact: GPU rendering overhead
      Suggestions:
        • Batch meshes by material
        • Use MultiMeshInstance3D
        • Implement LOD system
        • Enable frustum culling

  🟠 [HIGH] Physics Bodies
      Value: 473 active bodies
      Impact: Physics engine load
      Suggestions:
        • Reduce NPC count
        • Convert distant NPCs to kinematic
        • Disable physics for far objects

  🟡 [MEDIUM] Vertex Count
      Value: 6557318 vertices/frame
      Impact: GPU vertex processing
      Suggestions:
        • Implement LOD for distant objects
        • Simplify building meshes
        • Use lower poly models

  🟡 [MEDIUM] Node Count
      Value: 29138 nodes
      Impact: Scene tree traversal overhead
      Suggestions:
        • Unload distant chunks
        • Pool and reuse nodes
        • Flatten hierarchy where possible

  🟡 [MEDIUM] Post-Processing Effects
      Value: SSAO, Glow/Bloom, Volumetric Fog
      Impact: GPU shader overhead
      Suggestions:
        • Reduce SSR quality
        • Disable SSAO on low-end hardware
        • Use simpler fog

📈 DETAILED STATS:
  Draw Calls: 4074 avg | 4077 max
  Vertices: 6557318 avg | 6557333 max
  Physics Bodies: 473
  Nodes: 29138
  VRAM: 747.3 MB

=================================================

⚡ PHYSICS SPIKE #1076: 13.0 ms at 57.0s (Bodies: 476)
⚡ PHYSICS SPIKE #1077: 13.0 ms at 57.0s (Bodies: 476)
⚡ PHYSICS SPIKE #1078: 13.0 ms at 57.0s (Bodies: 476)
⚡ FRAME SPIKE #919: 51.4 ms at 57.0s (Draw: 4067, Bodies: 476)
⚡ PHYSICS SPIKE #1079: 13.0 ms at 57.1s (Bodies: 476)
⚡ PHYSICS SPIKE #1080: 13.0 ms at 57.1s (Bodies: 476)
⚡ PHYSICS SPIKE #1081: 13.0 ms at 57.1s (Bodies: 476)
⚡ FRAME SPIKE #920: 51.4 ms at 57.1s (Draw: 4067, Bodies: 476)
⚡ PHYSICS SPIKE #1082: 13.0 ms at 57.1s (Bodies: 476)
⚡ PHYSICS SPIKE #1083: 13.0 ms at 57.1s (Bodies: 476)
⚡ PHYSICS SPIKE #1084: 13.0 ms at 57.1s (Bodies: 476)
⚡ FRAME SPIKE #921: 51.4 ms at 57.1s (Draw: 4067, Bodies: 476)
⚡ PHYSICS SPIKE #1085: 13.2 ms at 57.2s (Bodies: 476)
⚡ PHYSICS SPIKE #1086: 13.2 ms at 57.2s (Bodies: 476)
⚡ PHYSICS SPIKE #1087: 13.2 ms at 57.2s (Bodies: 476)
⚡ FRAME SPIKE #922: 50.2 ms at 57.2s (Draw: 4068, Bodies: 476)
⚡ PHYSICS SPIKE #1088: 13.2 ms at 57.2s (Bodies: 476)
⚡ PHYSICS SPIKE #1089: 13.2 ms at 57.2s (Bodies: 476)
⚡ PHYSICS SPIKE #1090: 13.2 ms at 57.2s (Bodies: 476)
⚡ PHYSICS SPIKE #1091: 13.2 ms at 57.2s (Bodies: 476)
⚡ FRAME SPIKE #923: 50.0 ms at 57.2s (Draw: 4068, Bodies: 476)
⚡ PHYSICS SPIKE #1092: 13.2 ms at 57.3s (Bodies: 476)
⚡ PHYSICS SPIKE #1093: 13.2 ms at 57.3s (Bodies: 476)
⚡ PHYSICS SPIKE #1094: 13.2 ms at 57.3s (Bodies: 476)
⚡ FRAME SPIKE #924: 55.9 ms at 57.3s (Draw: 4068, Bodies: 476)
⚡ PHYSICS SPIKE #1095: 13.2 ms at 57.3s (Bodies: 476)
⚡ PHYSICS SPIKE #1096: 13.2 ms at 57.3s (Bodies: 476)
⚡ PHYSICS SPIKE #1097: 13.2 ms at 57.3s (Bodies: 476)
⚡ FRAME SPIKE #925: 51.4 ms at 57.3s (Draw: 4068, Bodies: 476)
⚡ PHYSICS SPIKE #1098: 13.2 ms at 57.4s (Bodies: 476)
⚡ PHYSICS SPIKE #1099: 13.2 ms at 57.4s (Bodies: 476)
⚡ PHYSICS SPIKE #1100: 13.2 ms at 57.4s (Bodies: 476)
⚡ FRAME SPIKE #926: 51.4 ms at 57.4s (Draw: 4068, Bodies: 476)
⚡ PHYSICS SPIKE #1101: 13.2 ms at 57.4s (Bodies: 476)
⚡ PHYSICS SPIKE #1102: 13.2 ms at 57.4s (Bodies: 476)
⚡ PHYSICS SPIKE #1103: 13.2 ms at 57.4s (Bodies: 476)
⚡ FRAME SPIKE #927: 51.4 ms at 57.4s (Draw: 4068, Bodies: 476)
⚡ PHYSICS SPIKE #1104: 13.2 ms at 57.5s (Bodies: 476)
⚡ PHYSICS SPIKE #1105: 13.2 ms at 57.5s (Bodies: 476)
⚡ PHYSICS SPIKE #1106: 13.2 ms at 57.5s (Bodies: 476)
⚡ FRAME SPIKE #928: 51.4 ms at 57.5s (Draw: 4068, Bodies: 476)
⚡ PHYSICS SPIKE #1107: 13.2 ms at 57.5s (Bodies: 476)
⚡ PHYSICS SPIKE #1108: 13.2 ms at 57.5s (Bodies: 476)
⚡ PHYSICS SPIKE #1109: 13.2 ms at 57.5s (Bodies: 476)
⚡ FRAME SPIKE #929: 50.6 ms at 57.5s (Draw: 4068, Bodies: 476)
⚡ PHYSICS SPIKE #1110: 13.2 ms at 57.6s (Bodies: 476)
⚡ PHYSICS SPIKE #1111: 13.2 ms at 57.6s (Bodies: 476)
⚡ PHYSICS SPIKE #1112: 13.2 ms at 57.6s (Bodies: 476)
⚡ FRAME SPIKE #930: 51.4 ms at 57.6s (Draw: 4068, Bodies: 476)

========== PERFORMANCE METRICS ==========
Frames: 600
  total_frame: avg=0.43 ms, median=0.04 ms, max=15.76 ms, calls=600, total=258.0 ms
  road_queue: avg=0.25 ms, median=0.01 ms, max=13.15 ms, calls=600, total=149.7 ms
  road_create: avg=0.50 ms, median=0.12 ms, max=11.35 ms, calls=117, total=58.0 ms
  curb_mesh: avg=0.08 ms, median=0.00 ms, max=1.44 ms, calls=583, total=45.8 ms
  infra_queue: avg=0.06 ms, median=0.00 ms, max=0.85 ms, calls=600, total=35.9 ms
  building_results: avg=0.05 ms, median=0.00 ms, max=0.61 ms, calls=600, total=29.5 ms
  infra_yield_sign: avg=0.40 ms, median=0.47 ms, max=0.73 ms, calls=66, total=26.4 ms
  road_batch_finalize: avg=8.42 ms, median=8.81 ms, max=9.42 ms, calls=3, total=25.3 ms
  curb_collisions: avg=0.04 ms, median=0.00 ms, max=1.16 ms, calls=600, total=22.6 ms
  building_apply: avg=0.23 ms, median=0.25 ms, max=0.37 ms, calls=91, total=20.5 ms
  window_batch_finalize: avg=1.81 ms, median=2.45 ms, max=3.02 ms, calls=5, total=9.0 ms
  terrain_queue: avg=0.01 ms, median=0.00 ms, max=1.81 ms, calls=600, total=7.2 ms
  building_sort: avg=0.08 ms, median=0.07 ms, max=0.21 ms, calls=71, total=5.4 ms
  infra_sort: avg=0.08 ms, median=0.07 ms, max=0.24 ms, calls=67, total=5.0 ms
  terrain_leisure: avg=1.02 ms, median=1.41 ms, max=1.55 ms, calls=3, total=3.1 ms
  terrain_landuse: avg=0.12 ms, median=0.11 ms, max=0.22 ms, calls=22, total=2.7 ms
  curb_smooth: avg=0.03 ms, median=0.03 ms, max=0.12 ms, calls=75, total=2.6 ms
  infra_lamp: avg=0.02 ms, median=0.02 ms, max=0.09 ms, calls=43, total=1.1 ms
  curb_latlon: avg=0.01 ms, median=0.01 ms, max=0.03 ms, calls=75, total=0.8 ms
  road_sort: avg=0.18 ms, median=0.18 ms, max=0.22 ms, calls=4, total=0.7 ms
  vegetation_queue: avg=0.00 ms, median=0.00 ms, max=0.01 ms, calls=600, total=0.7 ms
  terrain_natural: avg=0.09 ms, median=0.09 ms, max=0.09 ms, calls=1, total=0.1 ms
==========================================


========== DRAW CALL BREAKDOWN ==========
Total tracked draw calls: 2281

  Buildings   :  1034 ( 45.3%) █████████
  Vegetation  :   840 ( 36.8%) ███████
  Terrain     :   227 ( 10.0%) █
  Lamps       :    63 (  2.8%) 
  Roads       :    60 (  2.6%) 
  Windows     :    31 (  1.4%) 
  Signs       :    26 (  1.1%) 

💡 RECOMMENDATIONS:
  🔴 Buildings: 45.3% of draw calls
     → Implement MultiMeshInstance3D for building base meshes
=========================================

⚡ PHYSICS SPIKE #1113: 13.2 ms at 57.6s (Bodies: 476)
⚡ PHYSICS SPIKE #1114: 13.2 ms at 57.6s (Bodies: 476)
⚡ PHYSICS SPIKE #1115: 13.2 ms at 57.6s (Bodies: 476)
⚡ PHYSICS SPIKE #1116: 13.2 ms at 57.6s (Bodies: 476)
⚡ FRAME SPIKE #931: 53.1 ms at 57.6s (Draw: 4068, Bodies: 476)
⚡ PHYSICS SPIKE #1117: 13.2 ms at 57.7s (Bodies: 476)
⚡ PHYSICS SPIKE #1118: 13.2 ms at 57.7s (Bodies: 476)
⚡ PHYSICS SPIKE #1119: 13.2 ms at 57.7s (Bodies: 476)
⚡ FRAME SPIKE #932: 51.4 ms at 57.7s (Draw: 4068, Bodies: 476)
⚡ PHYSICS SPIKE #1120: 13.2 ms at 57.7s (Bodies: 476)
⚡ PHYSICS SPIKE #1121: 13.2 ms at 57.7s (Bodies: 476)
⚡ PHYSICS SPIKE #1122: 13.2 ms at 57.7s (Bodies: 476)
⚡ FRAME SPIKE #933: 51.4 ms at 57.7s (Draw: 4068, Bodies: 476)
⚡ PHYSICS SPIKE #1123: 13.2 ms at 57.8s (Bodies: 476)
⚡ PHYSICS SPIKE #1124: 13.2 ms at 57.8s (Bodies: 476)
⚡ PHYSICS SPIKE #1125: 13.2 ms at 57.8s (Bodies: 476)
⚡ FRAME SPIKE #934: 51.4 ms at 57.8s (Draw: 4068, Bodies: 476)
⚡ PHYSICS SPIKE #1126: 13.2 ms at 57.8s (Bodies: 476)
⚡ PHYSICS SPIKE #1127: 13.2 ms at 57.8s (Bodies: 476)
⚡ PHYSICS SPIKE #1128: 13.2 ms at 57.8s (Bodies: 475)
⚡ FRAME SPIKE #935: 51.4 ms at 57.8s (Draw: 4068, Bodies: 475)
⚡ PHYSICS SPIKE #1129: 13.2 ms at 57.9s (Bodies: 475)
⚡ PHYSICS SPIKE #1130: 13.2 ms at 57.9s (Bodies: 475)
⚡ PHYSICS SPIKE #1131: 13.2 ms at 57.9s (Bodies: 475)
⚡ FRAME SPIKE #936: 51.4 ms at 57.9s (Draw: 4074, Bodies: 475)
⚡ PHYSICS SPIKE #1132: 13.2 ms at 58.0s (Bodies: 475)
⚡ PHYSICS SPIKE #1133: 13.2 ms at 58.0s (Bodies: 475)
⚡ PHYSICS SPIKE #1134: 13.2 ms at 58.0s (Bodies: 475)
⚡ FRAME SPIKE #937: 50.0 ms at 58.0s (Draw: 4074, Bodies: 475)
⚡ PHYSICS SPIKE #1135: 13.2 ms at 58.0s (Bodies: 475)
⚡ PHYSICS SPIKE #1136: 13.2 ms at 58.0s (Bodies: 475)
⚡ PHYSICS SPIKE #1137: 13.2 ms at 58.0s (Bodies: 475)
⚡ FRAME SPIKE #938: 50.0 ms at 58.0s (Draw: 4074, Bodies: 475)
⚡ PHYSICS SPIKE #1138: 13.2 ms at 58.1s (Bodies: 475)
⚡ PHYSICS SPIKE #1139: 13.2 ms at 58.1s (Bodies: 475)
⚡ PHYSICS SPIKE #1140: 13.2 ms at 58.1s (Bodies: 475)
⚡ FRAME SPIKE #939: 50.0 ms at 58.1s (Draw: 4074, Bodies: 475)
⚡ PHYSICS SPIKE #1141: 13.2 ms at 58.1s (Bodies: 475)
⚡ PHYSICS SPIKE #1142: 13.2 ms at 58.1s (Bodies: 475)
⚡ PHYSICS SPIKE #1143: 13.2 ms at 58.1s (Bodies: 475)
⚡ FRAME SPIKE #940: 50.0 ms at 58.1s (Draw: 4074, Bodies: 475)
⚡ PHYSICS SPIKE #1144: 12.1 ms at 58.2s (Bodies: 475)
⚡ PHYSICS SPIKE #1145: 12.1 ms at 58.2s (Bodies: 475)
⚡ PHYSICS SPIKE #1146: 12.1 ms at 58.2s (Bodies: 475)
⚡ FRAME SPIKE #941: 50.0 ms at 58.2s (Draw: 4074, Bodies: 475)
⚡ PHYSICS SPIKE #1147: 12.1 ms at 58.2s (Bodies: 475)
⚡ PHYSICS SPIKE #1148: 12.1 ms at 58.2s (Bodies: 475)
⚡ PHYSICS SPIKE #1149: 12.1 ms at 58.2s (Bodies: 475)
⚡ FRAME SPIKE #942: 50.0 ms at 58.2s (Draw: 4074, Bodies: 475)
⚡ PHYSICS SPIKE #1150: 12.1 ms at 58.3s (Bodies: 475)
⚡ PHYSICS SPIKE #1151: 12.1 ms at 58.3s (Bodies: 475)
⚡ PHYSICS SPIKE #1152: 12.1 ms at 58.3s (Bodies: 475)
⚡ FRAME SPIKE #943: 50.0 ms at 58.3s (Draw: 4074, Bodies: 475)
⚡ PHYSICS SPIKE #1153: 12.1 ms at 58.3s (Bodies: 475)
⚡ PHYSICS SPIKE #1154: 12.1 ms at 58.3s (Bodies: 475)
⚡ PHYSICS SPIKE #1155: 12.1 ms at 58.3s (Bodies: 475)
⚡ FRAME SPIKE #944: 50.0 ms at 58.3s (Draw: 4074, Bodies: 475)
⚡ PHYSICS SPIKE #1156: 12.1 ms at 58.4s (Bodies: 475)
⚡ PHYSICS SPIKE #1157: 12.1 ms at 58.4s (Bodies: 475)
⚡ PHYSICS SPIKE #1158: 12.1 ms at 58.4s (Bodies: 475)
⚡ FRAME SPIKE #945: 50.0 ms at 58.4s (Draw: 4074, Bodies: 475)
⚡ PHYSICS SPIKE #1159: 12.1 ms at 58.4s (Bodies: 475)
⚡ PHYSICS SPIKE #1160: 12.1 ms at 58.4s (Bodies: 475)
⚡ PHYSICS SPIKE #1161: 12.1 ms at 58.4s (Bodies: 475)
⚡ FRAME SPIKE #946: 50.0 ms at 58.4s (Draw: 4074, Bodies: 475)
⚡ PHYSICS SPIKE #1162: 12.1 ms at 58.5s (Bodies: 475)
⚡ PHYSICS SPIKE #1163: 12.1 ms at 58.5s (Bodies: 475)
⚡ PHYSICS SPIKE #1164: 12.1 ms at 58.5s (Bodies: 475)
⚡ FRAME SPIKE #947: 50.0 ms at 58.5s (Draw: 4073, Bodies: 475)
⚡ PHYSICS SPIKE #1165: 12.1 ms at 58.5s (Bodies: 475)
⚡ PHYSICS SPIKE #1166: 12.1 ms at 58.5s (Bodies: 475)
⚡ PHYSICS SPIKE #1167: 12.1 ms at 58.5s (Bodies: 475)
⚡ FRAME SPIKE #948: 50.0 ms at 58.5s (Draw: 4073, Bodies: 475)
⚡ PHYSICS SPIKE #1168: 12.1 ms at 58.6s (Bodies: 475)
⚡ PHYSICS SPIKE #1169: 12.1 ms at 58.6s (Bodies: 475)
⚡ PHYSICS SPIKE #1170: 12.1 ms at 58.6s (Bodies: 475)
⚡ FRAME SPIKE #949: 50.0 ms at 58.6s (Draw: 4074, Bodies: 475)
⚡ PHYSICS SPIKE #1171: 12.1 ms at 58.6s (Bodies: 475)
⚡ PHYSICS SPIKE #1172: 12.1 ms at 58.6s (Bodies: 475)
⚡ PHYSICS SPIKE #1173: 12.1 ms at 58.6s (Bodies: 475)
⚡ FRAME SPIKE #950: 51.4 ms at 58.6s (Draw: 4073, Bodies: 475)
⚡ PHYSICS SPIKE #1174: 12.1 ms at 58.7s (Bodies: 475)
⚡ PHYSICS SPIKE #1175: 12.1 ms at 58.7s (Bodies: 475)
⚡ PHYSICS SPIKE #1176: 12.1 ms at 58.7s (Bodies: 475)
⚡ FRAME SPIKE #951: 51.4 ms at 58.7s (Draw: 4074, Bodies: 475)
⚡ PHYSICS SPIKE #1177: 12.1 ms at 58.7s (Bodies: 475)
⚡ PHYSICS SPIKE #1178: 12.1 ms at 58.7s (Bodies: 475)
⚡ PHYSICS SPIKE #1179: 12.1 ms at 58.7s (Bodies: 475)
⚡ FRAME SPIKE #952: 51.4 ms at 58.7s (Draw: 4074, Bodies: 475)
⚡ PHYSICS SPIKE #1180: 12.1 ms at 58.8s (Bodies: 475)
⚡ PHYSICS SPIKE #1181: 12.1 ms at 58.8s (Bodies: 475)
⚡ PHYSICS SPIKE #1182: 12.1 ms at 58.8s (Bodies: 475)
⚡ FRAME SPIKE #953: 50.0 ms at 58.8s (Draw: 4074, Bodies: 475)
⚡ PHYSICS SPIKE #1183: 12.1 ms at 58.8s (Bodies: 475)
⚡ PHYSICS SPIKE #1184: 12.1 ms at 58.8s (Bodies: 475)
⚡ PHYSICS SPIKE #1185: 12.1 ms at 58.8s (Bodies: 475)
⚡ FRAME SPIKE #954: 50.0 ms at 58.8s (Draw: 4074, Bodies: 475)
⚡ PHYSICS SPIKE #1186: 12.1 ms at 58.9s (Bodies: 475)
⚡ PHYSICS SPIKE #1187: 12.1 ms at 58.9s (Bodies: 475)
⚡ PHYSICS SPIKE #1188: 12.1 ms at 58.9s (Bodies: 475)
⚡ FRAME SPIKE #955: 50.0 ms at 58.9s (Draw: 4074, Bodies: 474)
⚡ PHYSICS SPIKE #1189: 12.1 ms at 58.9s (Bodies: 474)
⚡ PHYSICS SPIKE #1190: 12.1 ms at 58.9s (Bodies: 474)
⚡ PHYSICS SPIKE #1191: 12.1 ms at 58.9s (Bodies: 474)
⚡ FRAME SPIKE #956: 50.0 ms at 58.9s (Draw: 4071, Bodies: 474)
⚡ PHYSICS SPIKE #1192: 12.1 ms at 59.0s (Bodies: 474)
⚡ PHYSICS SPIKE #1193: 12.1 ms at 59.0s (Bodies: 474)
⚡ PHYSICS SPIKE #1194: 12.1 ms at 59.0s (Bodies: 474)
⚡ FRAME SPIKE #957: 50.0 ms at 59.0s (Draw: 4071, Bodies: 474)
⚡ PHYSICS SPIKE #1195: 12.1 ms at 59.0s (Bodies: 474)
⚡ PHYSICS SPIKE #1196: 12.1 ms at 59.0s (Bodies: 474)
⚡ PHYSICS SPIKE #1197: 12.1 ms at 59.0s (Bodies: 474)
⚡ FRAME SPIKE #958: 50.0 ms at 59.0s (Draw: 4071, Bodies: 474)
🚗 Traffic: 27 active NPCs (Near: 10, Mid: 13, Far: 4), 4 pooled
  → Physics bodies from NPCs: 27 (All: 27×1, было бы 27×5=135)

========== Bottleneck Analysis Report ==========
Time: 69.9s | Frames: 2428

📊 PERFORMANCE OVERVIEW:
  FPS: 20.3 avg | 19.0 min
  Frame Time: 19.04 ms avg | 19.33 ms max
  Physics Time: 12.55 ms avg

🔍 BOTTLENECK IDENTIFICATION:
  🔴 [CRITICAL] Physics Time
      Value: 12.55 ms
      Impact: Physics simulation overhead
      Suggestions:
        • Reduce number of active physics bodies
        • Simplify collision shapes
        • Disable physics for distant objects

  🟠 [HIGH] Frame Time
      Value: 19.04 ms (target: 16.67 ms)
      Impact: Overall performance bottleneck
      Suggestions:
        • Reduce draw calls
        • Optimize scripts in _process()
        • Check for expensive operations per frame

  🟠 [HIGH] Draw Calls
      Value: 4072 calls/frame
      Impact: GPU rendering overhead
      Suggestions:
        • Batch meshes by material
        • Use MultiMeshInstance3D
        • Implement LOD system
        • Enable frustum culling

  🟠 [HIGH] Physics Bodies
      Value: 474 active bodies
      Impact: Physics engine load
      Suggestions:
        • Reduce NPC count
        • Convert distant NPCs to kinematic
        • Disable physics for far objects

  🟡 [MEDIUM] Vertex Count
      Value: 6557294 vertices/frame
      Impact: GPU vertex processing
      Suggestions:
        • Implement LOD for distant objects
        • Simplify building meshes
        • Use lower poly models

  🟡 [MEDIUM] Node Count
      Value: 29138 nodes
      Impact: Scene tree traversal overhead
      Suggestions:
        • Unload distant chunks
        • Pool and reuse nodes
        • Flatten hierarchy where possible

  🟡 [MEDIUM] Post-Processing Effects
      Value: SSAO, Glow/Bloom, Volumetric Fog
      Impact: GPU shader overhead
      Suggestions:
        • Reduce SSR quality
        • Disable SSAO on low-end hardware
        • Use simpler fog

📈 DETAILED STATS:
  Draw Calls: 4072 avg | 4077 max
  Vertices: 6557294 avg | 6557321 max
  Physics Bodies: 474
  Nodes: 29138
  VRAM: 747.3 MB

=================================================

⚡ PHYSICS SPIKE #1198: 12.1 ms at 59.1s (Bodies: 474)
⚡ PHYSICS SPIKE #1199: 12.1 ms at 59.1s (Bodies: 474)
⚡ PHYSICS SPIKE #1200: 12.1 ms at 59.1s (Bodies: 474)
⚡ FRAME SPIKE #959: 50.0 ms at 59.1s (Draw: 4071, Bodies: 474)
⚡ PHYSICS SPIKE #1201: 12.1 ms at 59.1s (Bodies: 474)
⚡ PHYSICS SPIKE #1202: 12.1 ms at 59.1s (Bodies: 474)
⚡ PHYSICS SPIKE #1203: 12.1 ms at 59.1s (Bodies: 474)
⚡ FRAME SPIKE #960: 50.0 ms at 59.1s (Draw: 4071, Bodies: 474)
⚡ PHYSICS SPIKE #1204: 12.4 ms at 59.2s (Bodies: 474)
⚡ PHYSICS SPIKE #1205: 12.4 ms at 59.2s (Bodies: 474)
⚡ PHYSICS SPIKE #1206: 12.4 ms at 59.2s (Bodies: 474)
⚡ FRAME SPIKE #961: 50.0 ms at 59.2s (Draw: 4071, Bodies: 474)
⚡ PHYSICS SPIKE #1207: 12.4 ms at 59.2s (Bodies: 474)
⚡ PHYSICS SPIKE #1208: 12.4 ms at 59.2s (Bodies: 474)
⚡ PHYSICS SPIKE #1209: 12.4 ms at 59.2s (Bodies: 474)
⚡ FRAME SPIKE #962: 48.2 ms at 59.2s (Draw: 4071, Bodies: 474)
⚡ PHYSICS SPIKE #1210: 12.4 ms at 59.3s (Bodies: 474)
⚡ PHYSICS SPIKE #1211: 12.4 ms at 59.3s (Bodies: 474)
⚡ PHYSICS SPIKE #1212: 12.4 ms at 59.3s (Bodies: 474)
⚡ FRAME SPIKE #963: 47.9 ms at 59.3s (Draw: 4071, Bodies: 474)
⚡ PHYSICS SPIKE #1213: 12.4 ms at 59.3s (Bodies: 474)
⚡ PHYSICS SPIKE #1214: 12.4 ms at 59.3s (Bodies: 474)
⚡ PHYSICS SPIKE #1215: 12.4 ms at 59.3s (Bodies: 474)
⚡ FRAME SPIKE #964: 48.3 ms at 59.3s (Draw: 4073, Bodies: 474)
⚡ PHYSICS SPIKE #1216: 12.4 ms at 59.4s (Bodies: 474)
⚡ PHYSICS SPIKE #1217: 12.4 ms at 59.4s (Bodies: 474)
⚡ PHYSICS SPIKE #1218: 12.4 ms at 59.4s (Bodies: 474)
⚡ FRAME SPIKE #965: 48.7 ms at 59.4s (Draw: 4071, Bodies: 474)
⚡ PHYSICS SPIKE #1219: 12.4 ms at 59.4s (Bodies: 474)
⚡ PHYSICS SPIKE #1220: 12.4 ms at 59.4s (Bodies: 474)
⚡ PHYSICS SPIKE #1221: 12.4 ms at 59.4s (Bodies: 474)
⚡ FRAME SPIKE #966: 48.3 ms at 59.4s (Draw: 4071, Bodies: 474)
⚡ PHYSICS SPIKE #1222: 12.4 ms at 59.4s (Bodies: 474)
⚡ PHYSICS SPIKE #1223: 12.4 ms at 59.4s (Bodies: 474)
⚡ PHYSICS SPIKE #1224: 12.4 ms at 59.4s (Bodies: 474)
⚡ FRAME SPIKE #967: 49.2 ms at 59.4s (Draw: 4073, Bodies: 474)
⚡ PHYSICS SPIKE #1225: 12.4 ms at 59.5s (Bodies: 474)
⚡ PHYSICS SPIKE #1226: 12.4 ms at 59.5s (Bodies: 474)
⚡ PHYSICS SPIKE #1227: 12.4 ms at 59.5s (Bodies: 474)
⚡ FRAME SPIKE #968: 49.1 ms at 59.5s (Draw: 4073, Bodies: 474)
⚡ PHYSICS SPIKE #1228: 12.4 ms at 59.5s (Bodies: 474)
⚡ PHYSICS SPIKE #1229: 12.4 ms at 59.5s (Bodies: 474)
⚡ FRAME SPIKE #969: 48.6 ms at 59.5s (Draw: 4073, Bodies: 474)
⚡ PHYSICS SPIKE #1230: 12.4 ms at 59.6s (Bodies: 474)
⚡ PHYSICS SPIKE #1231: 12.4 ms at 59.6s (Bodies: 474)
⚡ PHYSICS SPIKE #1232: 12.4 ms at 59.6s (Bodies: 474)
⚡ FRAME SPIKE #970: 39.1 ms at 59.6s (Draw: 4073, Bodies: 474)

=== PERFORMANCE METRICS ===
FPS: 20 | Frame: 45.6 ms (max 60.6) | Physics: 16.6 ms (max 32.1)
Godot Process: 20.48 ms | Physics: 12.37 ms
Objects: 66668 | Nodes: 29138 | Resources: 539
Draw calls: 4073 | Vertices: 6557321 | VRAM: 747.3 MB
Physics bodies: 474 | Collision pairs: 6525
--- System Times ---
  road_batch_finalize_total_-1,-1: 10.47 ms (max 10.47)
  road_batch_finalize_total_-1,-2: 15.38 ms (max 15.38)
  road_batch_finalize_total_-1,-3: 11.56 ms (max 11.56)
  road_batch_finalize_total_-1,-4: 9.31 ms (max 9.31)
  road_batch_finalize_total_-1,-5: 9.36 ms (max 9.36)
  road_batch_finalize_total_-1,0: 3.82 ms (max 3.82)
  road_batch_finalize_total_-2,-1: 16.32 ms (max 16.32)
  road_batch_finalize_total_-2,-2: 15.24 ms (max 15.24)
  road_batch_finalize_total_-2,-3: 8.67 ms (max 8.67)
  road_batch_finalize_total_-2,-4: 10.52 ms (max 12.78)
  road_batch_finalize_total_-2,0: 14.05 ms (max 14.05)
  road_batch_finalize_total_0,-1: 19.44 ms (max 19.44)
  road_batch_finalize_total_0,-2: 19.68 ms (max 19.68)
  road_batch_finalize_total_0,-3: 11.59 ms (max 11.59)
  road_batch_finalize_total_0,-4: 5.84 ms (max 5.84)
  road_batch_finalize_total_0,-5: 8.77 ms (max 8.77)
  road_batch_finalize_total_0,0: 16.18 ms (max 16.18)
  road_batch_finalize_total_0,1: 10.93 ms (max 10.93)
  road_batch_finalize_total_1,-1: 16.70 ms (max 16.70)
  road_batch_finalize_total_1,-2: 18.21 ms (max 18.21)
  road_batch_finalize_total_1,-3: 9.12 ms (max 9.12)
  road_batch_finalize_total_1,-4: 11.09 ms (max 11.09)
  road_batch_finalize_total_1,0: 12.08 ms (max 12.08)
  road_batch_finalize_total_2,-3: 7.01 ms (max 7.01)
  road_collision_create_-1,-1: 3.28 ms (max 3.86)
  road_collision_create_-1,-2: 7.46 ms (max 11.95)
  road_collision_create_-1,-3: 3.47 ms (max 6.77)
  road_collision_create_-1,-4: 4.27 ms (max 4.84)
  road_collision_create_-1,-5: 4.11 ms (max 4.37)
  road_collision_create_-1,0: 1.74 ms (max 2.01)
  road_collision_create_-2,-1: 5.22 ms (max 10.23)
  road_collision_create_-2,-2: 7.37 ms (max 13.00)
  road_collision_create_-2,-3: 2.60 ms (max 4.44)
  road_collision_create_-2,-4: 4.86 ms (max 6.33)
  road_collision_create_-2,0: 6.79 ms (max 10.68)
  road_collision_create_0,-1: 6.19 ms (max 12.66)
  road_collision_create_0,-2: 6.30 ms (max 11.99)
  road_collision_create_0,-3: 3.51 ms (max 4.80)
  road_collision_create_0,-4: 1.74 ms (max 2.77)
  road_collision_create_0,-5: 3.96 ms (max 4.48)
  road_collision_create_0,0: 5.16 ms (max 12.41)
  road_collision_create_0,1: 10.65 ms (max 10.65)
  road_collision_create_1,-1: 5.31 ms (max 12.56)
  road_collision_create_1,-2: 8.81 ms (max 15.10)
  road_collision_create_1,-3: 2.73 ms (max 3.56)
  road_collision_create_1,-4: 3.38 ms (max 4.64)
  road_collision_create_1,0: 11.81 ms (max 11.81)
  road_collision_create_2,-3: 3.06 ms (max 3.74)
===========================

=== PERFORMANCE METRICS ===
FPS: 20 | Frame: 45.6 ms (max 60.6) | Physics: 16.6 ms (max 32.2)
Godot Process: 20.48 ms | Physics: 12.37 ms
Objects: 66668 | Nodes: 29138 | Resources: 539
Draw calls: 4073 | Vertices: 6557321 | VRAM: 747.3 MB
Physics bodies: 474 | Collision pairs: 6525
===========================
⚡ PHYSICS SPIKE #1233: 12.4 ms at 59.6s (Bodies: 474)
⚡ PHYSICS SPIKE #1234: 12.4 ms at 59.6s (Bodies: 475)
⚡ PHYSICS SPIKE #1235: 12.4 ms at 59.6s (Bodies: 475)
⚡ FRAME SPIKE #971: 48.6 ms at 59.6s (Draw: 4074, Bodies: 475)
⚡ PHYSICS SPIKE #1236: 12.4 ms at 59.7s (Bodies: 475)
⚡ PHYSICS SPIKE #1237: 12.4 ms at 59.7s (Bodies: 475)
⚡ PHYSICS SPIKE #1238: 12.4 ms at 59.7s (Bodies: 475)
⚡ FRAME SPIKE #972: 48.6 ms at 59.7s (Draw: 4074, Bodies: 475)
⚡ PHYSICS SPIKE #1239: 12.4 ms at 59.7s (Bodies: 475)
⚡ PHYSICS SPIKE #1240: 12.4 ms at 59.7s (Bodies: 475)
⚡ PHYSICS SPIKE #1241: 12.4 ms at 59.7s (Bodies: 475)
⚡ FRAME SPIKE #973: 48.6 ms at 59.7s (Draw: 4074, Bodies: 475)
⚡ PHYSICS SPIKE #1242: 12.4 ms at 59.8s (Bodies: 475)
⚡ PHYSICS SPIKE #1243: 12.4 ms at 59.8s (Bodies: 475)
⚡ PHYSICS SPIKE #1244: 12.4 ms at 59.8s (Bodies: 475)
⚡ FRAME SPIKE #974: 48.9 ms at 59.8s (Draw: 4074, Bodies: 475)
⚡ PHYSICS SPIKE #1245: 12.4 ms at 59.8s (Bodies: 475)
⚡ PHYSICS SPIKE #1246: 12.4 ms at 59.8s (Bodies: 475)
⚡ PHYSICS SPIKE #1247: 12.4 ms at 59.8s (Bodies: 475)
⚡ FRAME SPIKE #975: 50.0 ms at 59.8s (Draw: 4074, Bodies: 475)
⚡ PHYSICS SPIKE #1248: 12.4 ms at 59.9s (Bodies: 475)
⚡ PHYSICS SPIKE #1249: 12.4 ms at 59.9s (Bodies: 475)
⚡ PHYSICS SPIKE #1250: 12.4 ms at 59.9s (Bodies: 475)
⚡ FRAME SPIKE #976: 50.0 ms at 59.9s (Draw: 4074, Bodies: 475)
⚡ PHYSICS SPIKE #1251: 12.4 ms at 59.9s (Bodies: 475)
⚡ PHYSICS SPIKE #1252: 12.4 ms at 59.9s (Bodies: 475)
⚡ PHYSICS SPIKE #1253: 12.4 ms at 59.9s (Bodies: 475)
⚡ FRAME SPIKE #977: 50.0 ms at 59.9s (Draw: 4074, Bodies: 475)
⚡ PHYSICS SPIKE #1254: 12.4 ms at 60.0s (Bodies: 475)
⚡ PHYSICS SPIKE #1255: 12.4 ms at 60.0s (Bodies: 475)
⚡ PHYSICS SPIKE #1256: 12.4 ms at 60.0s (Bodies: 475)
⚡ FRAME SPIKE #978: 50.0 ms at 60.0s (Draw: 4074, Bodies: 475)
⚡ PHYSICS SPIKE #1257: 12.4 ms at 60.0s (Bodies: 475)
⚡ PHYSICS SPIKE #1258: 12.4 ms at 60.0s (Bodies: 475)
⚡ PHYSICS SPIKE #1259: 12.4 ms at 60.0s (Bodies: 475)
⚡ FRAME SPIKE #979: 50.0 ms at 60.0s (Draw: 4073, Bodies: 475)
⚡ PHYSICS SPIKE #1260: 12.4 ms at 60.1s (Bodies: 475)
⚡ PHYSICS SPIKE #1261: 12.4 ms at 60.1s (Bodies: 475)
⚡ PHYSICS SPIKE #1262: 12.4 ms at 60.1s (Bodies: 475)
⚡ FRAME SPIKE #980: 50.0 ms at 60.1s (Draw: 4073, Bodies: 475)
⚡ PHYSICS SPIKE #1263: 12.4 ms at 60.1s (Bodies: 475)
⚡ PHYSICS SPIKE #1264: 12.4 ms at 60.1s (Bodies: 475)
⚡ FRAME SPIKE #981: 48.6 ms at 60.1s (Draw: 4073, Bodies: 475)
⚡ PHYSICS SPIKE #1265: 11.9 ms at 60.2s (Bodies: 475)
⚡ PHYSICS SPIKE #1266: 11.9 ms at 60.2s (Bodies: 475)
⚡ PHYSICS SPIKE #1267: 11.9 ms at 60.2s (Bodies: 475)
⚡ FRAME SPIKE #982: 42.2 ms at 60.2s (Draw: 4073, Bodies: 475)
⚡ PHYSICS SPIKE #1268: 11.9 ms at 60.2s (Bodies: 475)
⚡ PHYSICS SPIKE #1269: 11.9 ms at 60.2s (Bodies: 475)
⚡ PHYSICS SPIKE #1270: 11.9 ms at 60.2s (Bodies: 475)
⚡ FRAME SPIKE #983: 48.6 ms at 60.2s (Draw: 4073, Bodies: 475)
⚡ PHYSICS SPIKE #1271: 11.9 ms at 60.3s (Bodies: 475)
⚡ PHYSICS SPIKE #1272: 11.9 ms at 60.3s (Bodies: 475)
⚡ PHYSICS SPIKE #1273: 11.9 ms at 60.3s (Bodies: 475)
⚡ FRAME SPIKE #984: 48.6 ms at 60.3s (Draw: 4073, Bodies: 475)
⚡ PHYSICS SPIKE #1274: 11.9 ms at 60.3s (Bodies: 475)
⚡ PHYSICS SPIKE #1275: 11.9 ms at 60.3s (Bodies: 475)
⚡ PHYSICS SPIKE #1276: 11.9 ms at 60.3s (Bodies: 475)
⚡ FRAME SPIKE #985: 48.6 ms at 60.3s (Draw: 4073, Bodies: 475)
⚡ PHYSICS SPIKE #1277: 11.9 ms at 60.4s (Bodies: 475)
⚡ PHYSICS SPIKE #1278: 11.9 ms at 60.4s (Bodies: 475)
⚡ PHYSICS SPIKE #1279: 11.9 ms at 60.4s (Bodies: 475)
⚡ FRAME SPIKE #986: 48.6 ms at 60.4s (Draw: 4073, Bodies: 475)
⚡ PHYSICS SPIKE #1280: 11.9 ms at 60.4s (Bodies: 475)
⚡ PHYSICS SPIKE #1281: 11.9 ms at 60.4s (Bodies: 475)
⚡ PHYSICS SPIKE #1282: 11.9 ms at 60.4s (Bodies: 475)
⚡ FRAME SPIKE #987: 48.6 ms at 60.4s (Draw: 4073, Bodies: 475)
⚡ PHYSICS SPIKE #1283: 11.9 ms at 60.5s (Bodies: 475)
⚡ PHYSICS SPIKE #1284: 11.9 ms at 60.5s (Bodies: 475)
⚡ PHYSICS SPIKE #1285: 11.9 ms at 60.5s (Bodies: 475)
⚡ FRAME SPIKE #988: 49.4 ms at 60.5s (Draw: 4074, Bodies: 475)
⚡ PHYSICS SPIKE #1286: 11.9 ms at 60.5s (Bodies: 475)
⚡ PHYSICS SPIKE #1287: 11.9 ms at 60.5s (Bodies: 475)
⚡ PHYSICS SPIKE #1288: 11.9 ms at 60.5s (Bodies: 475)
⚡ FRAME SPIKE #989: 50.0 ms at 60.5s (Draw: 4074, Bodies: 475)
⚡ PHYSICS SPIKE #1289: 11.9 ms at 60.6s (Bodies: 475)
⚡ PHYSICS SPIKE #1290: 11.9 ms at 60.6s (Bodies: 475)
⚡ PHYSICS SPIKE #1291: 11.9 ms at 60.6s (Bodies: 475)
⚡ FRAME SPIKE #990: 50.0 ms at 60.6s (Draw: 4073, Bodies: 475)
⚡ PHYSICS SPIKE #1292: 11.9 ms at 60.6s (Bodies: 475)
⚡ PHYSICS SPIKE #1293: 11.9 ms at 60.6s (Bodies: 475)
⚡ FRAME SPIKE #991: 48.3 ms at 60.6s (Draw: 4074, Bodies: 475)
⚡ PHYSICS SPIKE #1294: 11.9 ms at 60.7s (Bodies: 475)
⚡ PHYSICS SPIKE #1295: 11.9 ms at 60.7s (Bodies: 476)
⚡ PHYSICS SPIKE #1296: 11.9 ms at 60.7s (Bodies: 476)
⚡ FRAME SPIKE #992: 42.8 ms at 60.7s (Draw: 4068, Bodies: 476)
⚡ PHYSICS SPIKE #1297: 11.9 ms at 60.7s (Bodies: 476)
⚡ PHYSICS SPIKE #1298: 11.9 ms at 60.7s (Bodies: 476)
⚡ PHYSICS SPIKE #1299: 11.9 ms at 60.7s (Bodies: 476)
⚡ FRAME SPIKE #993: 48.2 ms at 60.7s (Draw: 4068, Bodies: 476)
⚡ PHYSICS SPIKE #1300: 11.9 ms at 60.8s (Bodies: 476)
⚡ PHYSICS SPIKE #1301: 11.9 ms at 60.8s (Bodies: 476)
⚡ PHYSICS SPIKE #1302: 11.9 ms at 60.8s (Bodies: 476)
⚡ FRAME SPIKE #994: 48.3 ms at 60.8s (Draw: 4066, Bodies: 476)
⚡ PHYSICS SPIKE #1303: 11.9 ms at 60.8s (Bodies: 476)
⚡ PHYSICS SPIKE #1304: 11.9 ms at 60.8s (Bodies: 476)
⚡ PHYSICS SPIKE #1305: 11.9 ms at 60.8s (Bodies: 476)
⚡ FRAME SPIKE #995: 48.3 ms at 60.8s (Draw: 4066, Bodies: 476)
⚡ PHYSICS SPIKE #1306: 11.9 ms at 60.8s (Bodies: 476)
⚡ PHYSICS SPIKE #1307: 11.9 ms at 60.8s (Bodies: 476)
⚡ PHYSICS SPIKE #1308: 11.9 ms at 60.8s (Bodies: 476)
⚡ FRAME SPIKE #996: 48.3 ms at 60.8s (Draw: 4066, Bodies: 476)
⚡ PHYSICS SPIKE #1309: 11.9 ms at 60.9s (Bodies: 476)
⚡ PHYSICS SPIKE #1310: 11.9 ms at 60.9s (Bodies: 476)
⚡ PHYSICS SPIKE #1311: 11.9 ms at 60.9s (Bodies: 476)
⚡ FRAME SPIKE #997: 48.9 ms at 60.9s (Draw: 4066, Bodies: 476)
⚡ PHYSICS SPIKE #1312: 11.9 ms at 60.9s (Bodies: 476)
⚡ PHYSICS SPIKE #1313: 11.9 ms at 60.9s (Bodies: 476)
⚡ PHYSICS SPIKE #1314: 11.9 ms at 60.9s (Bodies: 476)
⚡ FRAME SPIKE #998: 50.0 ms at 60.9s (Draw: 4065, Bodies: 476)
⚡ PHYSICS SPIKE #1315: 11.9 ms at 61.0s (Bodies: 476)
⚡ PHYSICS SPIKE #1316: 11.9 ms at 61.0s (Bodies: 476)
⚡ PHYSICS SPIKE #1317: 11.9 ms at 61.0s (Bodies: 476)
⚡ FRAME SPIKE #999: 50.0 ms at 61.0s (Draw: 4066, Bodies: 476)
⚡ PHYSICS SPIKE #1318: 11.9 ms at 61.0s (Bodies: 476)
⚡ PHYSICS SPIKE #1319: 11.9 ms at 61.0s (Bodies: 476)
⚡ PHYSICS SPIKE #1320: 11.9 ms at 61.0s (Bodies: 476)
⚡ FRAME SPIKE #1000: 50.0 ms at 61.0s (Draw: 4066, Bodies: 476)
🚗 Traffic: 29 active NPCs (Near: 11, Mid: 14, Far: 4), 2 pooled
  → Physics bodies from NPCs: 29 (All: 29×1, было бы 29×5=145)

========== Bottleneck Analysis Report ==========
Time: 72.0s | Frames: 2470

📊 PERFORMANCE OVERVIEW:
  FPS: 20.0 avg | 19.0 min
  Frame Time: 19.82 ms avg | 21.86 ms max
  Physics Time: 12.50 ms avg

🔍 BOTTLENECK IDENTIFICATION:
  🔴 [CRITICAL] Physics Time
      Value: 12.50 ms
      Impact: Physics simulation overhead
      Suggestions:
        • Reduce number of active physics bodies
        • Simplify collision shapes
        • Disable physics for distant objects

  🟠 [HIGH] Frame Time
      Value: 19.82 ms (target: 16.67 ms)
      Impact: Overall performance bottleneck
      Suggestions:
        • Reduce draw calls
        • Optimize scripts in _process()
        • Check for expensive operations per frame

  🟠 [HIGH] Draw Calls
      Value: 4072 calls/frame
      Impact: GPU rendering overhead
      Suggestions:
        • Batch meshes by material
        • Use MultiMeshInstance3D
        • Implement LOD system
        • Enable frustum culling

  🟠 [HIGH] Physics Bodies
      Value: 475 active bodies
      Impact: Physics engine load
      Suggestions:
        • Reduce NPC count
        • Convert distant NPCs to kinematic
        • Disable physics for far objects

  🟡 [MEDIUM] Vertex Count
      Value: 6557190 vertices/frame
      Impact: GPU vertex processing
      Suggestions:
        • Implement LOD for distant objects
        • Simplify building meshes
        • Use lower poly models

  🟡 [MEDIUM] Node Count
      Value: 29138 nodes
      Impact: Scene tree traversal overhead
      Suggestions:
        • Unload distant chunks
        • Pool and reuse nodes
        • Flatten hierarchy where possible

  🟡 [MEDIUM] Post-Processing Effects
      Value: SSAO, Glow/Bloom, Volumetric Fog
      Impact: GPU shader overhead
      Suggestions:
        • Reduce SSR quality
        • Disable SSAO on low-end hardware
        • Use simpler fog

📈 DETAILED STATS:
  Draw Calls: 4072 avg | 4077 max
  Vertices: 6557190 avg | 6557321 max
  Physics Bodies: 475
  Nodes: 29138
  VRAM: 747.3 MB

=================================================

⚡ PHYSICS SPIKE #1321: 11.9 ms at 61.1s (Bodies: 476)
⚡ PHYSICS SPIKE #1322: 11.9 ms at 61.1s (Bodies: 476)
⚡ FRAME SPIKE #1001: 48.3 ms at 61.1s (Draw: 4066, Bodies: 476)
⚡ PHYSICS SPIKE #1323: 12.0 ms at 61.1s (Bodies: 476)
⚡ PHYSICS SPIKE #1324: 12.0 ms at 61.1s (Bodies: 476)
⚡ PHYSICS SPIKE #1325: 12.0 ms at 61.1s (Bodies: 476)
⚡ FRAME SPIKE #1002: 46.1 ms at 61.1s (Draw: 4065, Bodies: 476)
⚡ PHYSICS SPIKE #1326: 12.0 ms at 61.2s (Bodies: 476)
⚡ PHYSICS SPIKE #1327: 12.0 ms at 61.2s (Bodies: 476)
⚡ PHYSICS SPIKE #1328: 12.0 ms at 61.2s (Bodies: 476)
⚡ FRAME SPIKE #1003: 48.3 ms at 61.2s (Draw: 4066, Bodies: 476)
⚡ PHYSICS SPIKE #1329: 12.0 ms at 61.2s (Bodies: 476)
⚡ PHYSICS SPIKE #1330: 12.0 ms at 61.2s (Bodies: 476)
⚡ PHYSICS SPIKE #1331: 12.0 ms at 61.2s (Bodies: 476)
⚡ FRAME SPIKE #1004: 48.3 ms at 61.2s (Draw: 4068, Bodies: 476)
⚡ PHYSICS SPIKE #1332: 12.0 ms at 61.3s (Bodies: 476)
⚡ PHYSICS SPIKE #1333: 12.0 ms at 61.3s (Bodies: 476)
⚡ PHYSICS SPIKE #1334: 12.0 ms at 61.3s (Bodies: 476)
⚡ FRAME SPIKE #1005: 48.3 ms at 61.3s (Draw: 4068, Bodies: 476)
⚡ PHYSICS SPIKE #1335: 12.0 ms at 61.3s (Bodies: 476)
⚡ PHYSICS SPIKE #1336: 12.0 ms at 61.3s (Bodies: 476)
⚡ PHYSICS SPIKE #1337: 12.0 ms at 61.3s (Bodies: 476)
⚡ FRAME SPIKE #1006: 48.3 ms at 61.3s (Draw: 4067, Bodies: 476)
⚡ PHYSICS SPIKE #1338: 12.0 ms at 61.4s (Bodies: 476)
⚡ PHYSICS SPIKE #1339: 12.0 ms at 61.4s (Bodies: 476)
⚡ PHYSICS SPIKE #1340: 12.0 ms at 61.4s (Bodies: 476)
⚡ FRAME SPIKE #1007: 48.3 ms at 61.4s (Draw: 4068, Bodies: 476)
⚡ PHYSICS SPIKE #1341: 12.0 ms at 61.4s (Bodies: 476)
⚡ PHYSICS SPIKE #1342: 12.0 ms at 61.4s (Bodies: 476)
⚡ PHYSICS SPIKE #1343: 12.0 ms at 61.4s (Bodies: 476)
⚡ FRAME SPIKE #1008: 48.3 ms at 61.4s (Draw: 4068, Bodies: 476)
⚡ PHYSICS SPIKE #1344: 12.0 ms at 61.5s (Bodies: 476)
⚡ PHYSICS SPIKE #1345: 12.0 ms at 61.5s (Bodies: 476)
⚡ PHYSICS SPIKE #1346: 12.0 ms at 61.5s (Bodies: 476)
⚡ FRAME SPIKE #1009: 48.9 ms at 61.5s (Draw: 4066, Bodies: 476)
⚡ PHYSICS SPIKE #1347: 12.0 ms at 61.5s (Bodies: 476)
⚡ PHYSICS SPIKE #1348: 12.0 ms at 61.5s (Bodies: 476)
⚡ PHYSICS SPIKE #1349: 12.0 ms at 61.5s (Bodies: 476)
⚡ FRAME SPIKE #1010: 50.0 ms at 61.5s (Draw: 4066, Bodies: 476)
⚡ PHYSICS SPIKE #1350: 12.0 ms at 61.6s (Bodies: 476)
⚡ PHYSICS SPIKE #1351: 12.0 ms at 61.6s (Bodies: 476)
⚡ PHYSICS SPIKE #1352: 12.0 ms at 61.6s (Bodies: 476)
⚡ FRAME SPIKE #1011: 50.0 ms at 61.6s (Draw: 4066, Bodies: 476)
⚡ PHYSICS SPIKE #1353: 12.0 ms at 61.6s (Bodies: 476)
⚡ PHYSICS SPIKE #1354: 12.0 ms at 61.6s (Bodies: 476)
⚡ FRAME SPIKE #1012: 48.5 ms at 61.6s (Draw: 4066, Bodies: 476)
⚡ PHYSICS SPIKE #1355: 12.0 ms at 61.7s (Bodies: 476)
⚡ PHYSICS SPIKE #1356: 12.0 ms at 61.7s (Bodies: 478)
⚡ PHYSICS SPIKE #1357: 12.0 ms at 61.7s (Bodies: 478)
⚡ FRAME SPIKE #1013: 48.3 ms at 61.7s (Draw: 4072, Bodies: 478)
⚡ PHYSICS SPIKE #1358: 12.0 ms at 61.7s (Bodies: 478)
⚡ PHYSICS SPIKE #1359: 12.0 ms at 61.7s (Bodies: 478)
⚡ PHYSICS SPIKE #1360: 12.0 ms at 61.7s (Bodies: 478)
⚡ FRAME SPIKE #1014: 48.3 ms at 61.7s (Draw: 4072, Bodies: 478)
⚡ PHYSICS SPIKE #1361: 12.0 ms at 61.8s (Bodies: 478)
⚡ PHYSICS SPIKE #1362: 12.0 ms at 61.8s (Bodies: 478)
⚡ PHYSICS SPIKE #1363: 12.0 ms at 61.8s (Bodies: 478)
⚡ FRAME SPIKE #1015: 48.3 ms at 61.8s (Draw: 4072, Bodies: 478)
⚡ PHYSICS SPIKE #1364: 12.0 ms at 61.8s (Bodies: 478)
⚡ PHYSICS SPIKE #1365: 12.0 ms at 61.8s (Bodies: 478)
⚡ PHYSICS SPIKE #1366: 12.0 ms at 61.8s (Bodies: 478)
⚡ FRAME SPIKE #1016: 48.5 ms at 61.8s (Draw: 4072, Bodies: 478)
⚡ PHYSICS SPIKE #1367: 12.0 ms at 61.9s (Bodies: 478)
⚡ PHYSICS SPIKE #1368: 12.0 ms at 61.9s (Bodies: 478)
⚡ PHYSICS SPIKE #1369: 12.0 ms at 61.9s (Bodies: 478)
⚡ FRAME SPIKE #1017: 48.5 ms at 61.9s (Draw: 4072, Bodies: 478)
⚡ PHYSICS SPIKE #1370: 12.0 ms at 61.9s (Bodies: 478)
⚡ PHYSICS SPIKE #1371: 12.0 ms at 61.9s (Bodies: 478)
⚡ PHYSICS SPIKE #1372: 12.0 ms at 61.9s (Bodies: 478)
⚡ FRAME SPIKE #1018: 48.5 ms at 61.9s (Draw: 4072, Bodies: 478)
⚡ PHYSICS SPIKE #1373: 12.0 ms at 62.0s (Bodies: 478)
⚡ PHYSICS SPIKE #1374: 12.0 ms at 62.0s (Bodies: 478)
⚡ PHYSICS SPIKE #1375: 12.0 ms at 62.0s (Bodies: 478)
⚡ FRAME SPIKE #1019: 48.5 ms at 62.0s (Draw: 4072, Bodies: 478)
⚡ PHYSICS SPIKE #1376: 12.0 ms at 62.0s (Bodies: 478)
⚡ PHYSICS SPIKE #1377: 12.0 ms at 62.0s (Bodies: 478)
⚡ PHYSICS SPIKE #1378: 12.0 ms at 62.0s (Bodies: 478)
⚡ FRAME SPIKE #1020: 50.7 ms at 62.0s (Draw: 4072, Bodies: 478)
⚡ PHYSICS SPIKE #1379: 12.0 ms at 62.1s (Bodies: 478)
⚡ PHYSICS SPIKE #1380: 12.0 ms at 62.1s (Bodies: 478)
⚡ PHYSICS SPIKE #1381: 12.0 ms at 62.1s (Bodies: 478)
⚡ FRAME SPIKE #1021: 50.6 ms at 62.1s (Draw: 4072, Bodies: 478)
⚡ PHYSICS SPIKE #1382: 12.0 ms at 62.1s (Bodies: 478)
⚡ PHYSICS SPIKE #1383: 12.0 ms at 62.1s (Bodies: 478)
⚡ PHYSICS SPIKE #1384: 12.0 ms at 62.1s (Bodies: 478)
⚡ FRAME SPIKE #1022: 51.3 ms at 62.1s (Draw: 4072, Bodies: 478)
⚡ PHYSICS SPIKE #1385: 12.5 ms at 62.2s (Bodies: 478)
⚡ PHYSICS SPIKE #1386: 12.5 ms at 62.2s (Bodies: 478)
⚡ PHYSICS SPIKE #1387: 12.5 ms at 62.2s (Bodies: 478)
⚡ FRAME SPIKE #1023: 50.4 ms at 62.2s (Draw: 4074, Bodies: 478)
⚡ PHYSICS SPIKE #1388: 12.5 ms at 62.2s (Bodies: 478)
⚡ PHYSICS SPIKE #1389: 12.5 ms at 62.2s (Bodies: 478)
⚡ PHYSICS SPIKE #1390: 12.5 ms at 62.2s (Bodies: 478)
⚡ FRAME SPIKE #1024: 51.4 ms at 62.2s (Draw: 4072, Bodies: 478)
⚡ PHYSICS SPIKE #1391: 12.5 ms at 62.3s (Bodies: 478)
⚡ PHYSICS SPIKE #1392: 12.5 ms at 62.3s (Bodies: 478)
⚡ PHYSICS SPIKE #1393: 12.5 ms at 62.3s (Bodies: 478)
⚡ FRAME SPIKE #1025: 50.4 ms at 62.3s (Draw: 4073, Bodies: 478)
⚡ PHYSICS SPIKE #1394: 12.5 ms at 62.3s (Bodies: 478)
⚡ PHYSICS SPIKE #1395: 12.5 ms at 62.3s (Bodies: 478)
⚡ PHYSICS SPIKE #1396: 12.5 ms at 62.3s (Bodies: 478)
⚡ FRAME SPIKE #1026: 50.3 ms at 62.3s (Draw: 4074, Bodies: 478)
⚡ PHYSICS SPIKE #1397: 12.5 ms at 62.4s (Bodies: 478)
⚡ PHYSICS SPIKE #1398: 12.5 ms at 62.4s (Bodies: 478)
⚡ PHYSICS SPIKE #1399: 12.5 ms at 62.4s (Bodies: 478)
⚡ FRAME SPIKE #1027: 50.2 ms at 62.4s (Draw: 4072, Bodies: 478)
⚡ PHYSICS SPIKE #1400: 12.5 ms at 62.4s (Bodies: 478)
⚡ PHYSICS SPIKE #1401: 12.5 ms at 62.4s (Bodies: 478)
⚡ PHYSICS SPIKE #1402: 12.5 ms at 62.4s (Bodies: 478)
⚡ FRAME SPIKE #1028: 50.1 ms at 62.4s (Draw: 4074, Bodies: 478)
⚡ PHYSICS SPIKE #1403: 12.5 ms at 62.5s (Bodies: 478)
⚡ PHYSICS SPIKE #1404: 12.5 ms at 62.5s (Bodies: 478)
⚡ PHYSICS SPIKE #1405: 12.5 ms at 62.5s (Bodies: 478)
⚡ FRAME SPIKE #1029: 50.0 ms at 62.5s (Draw: 4072, Bodies: 478)
⚡ PHYSICS SPIKE #1406: 12.5 ms at 62.5s (Bodies: 478)
⚡ PHYSICS SPIKE #1407: 12.5 ms at 62.5s (Bodies: 478)
⚡ PHYSICS SPIKE #1408: 12.5 ms at 62.5s (Bodies: 478)
⚡ FRAME SPIKE #1030: 50.0 ms at 62.5s (Draw: 4072, Bodies: 478)
⚡ PHYSICS SPIKE #1409: 12.5 ms at 62.6s (Bodies: 478)
⚡ PHYSICS SPIKE #1410: 12.5 ms at 62.6s (Bodies: 478)
⚡ PHYSICS SPIKE #1411: 12.5 ms at 62.6s (Bodies: 478)
⚡ FRAME SPIKE #1031: 50.4 ms at 62.6s (Draw: 4072, Bodies: 478)
⚡ PHYSICS SPIKE #1412: 12.5 ms at 62.6s (Bodies: 478)
⚡ PHYSICS SPIKE #1413: 12.5 ms at 62.6s (Bodies: 478)
⚡ PHYSICS SPIKE #1414: 12.5 ms at 62.6s (Bodies: 478)
⚡ FRAME SPIKE #1032: 51.0 ms at 62.6s (Draw: 4072, Bodies: 478)
⚡ PHYSICS SPIKE #1415: 12.5 ms at 62.7s (Bodies: 478)
⚡ PHYSICS SPIKE #1416: 12.5 ms at 62.7s (Bodies: 478)
⚡ PHYSICS SPIKE #1417: 12.5 ms at 62.7s (Bodies: 478)
⚡ FRAME SPIKE #1033: 50.0 ms at 62.7s (Draw: 4072, Bodies: 478)
⚡ PHYSICS SPIKE #1418: 12.5 ms at 62.7s (Bodies: 478)
⚡ PHYSICS SPIKE #1419: 12.5 ms at 62.7s (Bodies: 478)
⚡ PHYSICS SPIKE #1420: 12.5 ms at 62.7s (Bodies: 478)
⚡ FRAME SPIKE #1034: 52.6 ms at 62.7s (Draw: 4072, Bodies: 478)
⚡ PHYSICS SPIKE #1421: 12.5 ms at 62.8s (Bodies: 478)
⚡ PHYSICS SPIKE #1422: 12.5 ms at 62.8s (Bodies: 478)
⚡ PHYSICS SPIKE #1423: 12.5 ms at 62.8s (Bodies: 478)
⚡ PHYSICS SPIKE #1424: 12.5 ms at 62.8s (Bodies: 478)
⚡ FRAME SPIKE #1035: 55.6 ms at 62.8s (Draw: 4072, Bodies: 478)
⚡ PHYSICS SPIKE #1425: 12.5 ms at 62.8s (Bodies: 478)
⚡ PHYSICS SPIKE #1426: 12.5 ms at 62.8s (Bodies: 478)
⚡ PHYSICS SPIKE #1427: 12.5 ms at 62.8s (Bodies: 478)
⚡ FRAME SPIKE #1036: 60.1 ms at 62.8s (Draw: 4072, Bodies: 478)
⚡ PHYSICS SPIKE #1428: 12.5 ms at 62.9s (Bodies: 478)
⚡ PHYSICS SPIKE #1429: 12.5 ms at 62.9s (Bodies: 478)
⚡ PHYSICS SPIKE #1430: 12.5 ms at 62.9s (Bodies: 478)
⚡ FRAME SPIKE #1037: 51.4 ms at 62.9s (Draw: 4072, Bodies: 478)
⚡ PHYSICS SPIKE #1431: 12.5 ms at 62.9s (Bodies: 478)
⚡ PHYSICS SPIKE #1432: 12.5 ms at 62.9s (Bodies: 478)
⚡ PHYSICS SPIKE #1433: 12.5 ms at 62.9s (Bodies: 478)
⚡ FRAME SPIKE #1038: 51.4 ms at 62.9s (Draw: 4072, Bodies: 478)
⚡ PHYSICS SPIKE #1434: 12.5 ms at 63.0s (Bodies: 478)
⚡ PHYSICS SPIKE #1435: 12.5 ms at 63.0s (Bodies: 478)
⚡ PHYSICS SPIKE #1436: 12.5 ms at 63.0s (Bodies: 478)
⚡ FRAME SPIKE #1039: 51.4 ms at 63.0s (Draw: 4072, Bodies: 478)
⚡ PHYSICS SPIKE #1437: 12.5 ms at 63.0s (Bodies: 478)
⚡ PHYSICS SPIKE #1438: 12.5 ms at 63.0s (Bodies: 478)
⚡ PHYSICS SPIKE #1439: 12.5 ms at 63.0s (Bodies: 478)
⚡ FRAME SPIKE #1040: 50.0 ms at 63.0s (Draw: 4072, Bodies: 478)
🚗 Traffic: 31 active NPCs (Near: 11, Mid: 15, Far: 5), 1 pooled
  → Physics bodies from NPCs: 31 (All: 31×1, было бы 31×5=155)

========== Bottleneck Analysis Report ==========
Time: 74.0s | Frames: 2510

📊 PERFORMANCE OVERVIEW:
  FPS: 20.1 avg | 19.0 min
  Frame Time: 19.80 ms avg | 21.86 ms max
  Physics Time: 12.35 ms avg

🔍 BOTTLENECK IDENTIFICATION:
  🔴 [CRITICAL] Physics Time
      Value: 12.35 ms
      Impact: Physics simulation overhead
      Suggestions:
        • Reduce number of active physics bodies
        • Simplify collision shapes
        • Disable physics for distant objects

  🟠 [HIGH] Frame Time
      Value: 19.80 ms (target: 16.67 ms)
      Impact: Overall performance bottleneck
      Suggestions:
        • Reduce draw calls
        • Optimize scripts in _process()
        • Check for expensive operations per frame

  🟠 [HIGH] Draw Calls
      Value: 4071 calls/frame
      Impact: GPU rendering overhead
      Suggestions:
        • Batch meshes by material
        • Use MultiMeshInstance3D
        • Implement LOD system
        • Enable frustum culling

  🟠 [HIGH] Physics Bodies
      Value: 475 active bodies
      Impact: Physics engine load
      Suggestions:
        • Reduce NPC count
        • Convert distant NPCs to kinematic
        • Disable physics for far objects

  🟡 [MEDIUM] Vertex Count
      Value: 6557052 vertices/frame
      Impact: GPU vertex processing
      Suggestions:
        • Implement LOD for distant objects
        • Simplify building meshes
        • Use lower poly models

  🟡 [MEDIUM] Node Count
      Value: 29159 nodes
      Impact: Scene tree traversal overhead
      Suggestions:
        • Unload distant chunks
        • Pool and reuse nodes
        • Flatten hierarchy where possible

  🟡 [MEDIUM] Post-Processing Effects
      Value: SSAO, Glow/Bloom, Volumetric Fog
      Impact: GPU shader overhead
      Suggestions:
        • Reduce SSR quality
        • Disable SSAO on low-end hardware
        • Use simpler fog

📈 DETAILED STATS:
  Draw Calls: 4071 avg | 4074 max
  Vertices: 6557052 avg | 6557321 max
  Physics Bodies: 475
  Nodes: 29159
  VRAM: 747.3 MB

=================================================

⚡ PHYSICS SPIKE #1440: 12.5 ms at 63.1s (Bodies: 478)
⚡ PHYSICS SPIKE #1441: 12.5 ms at 63.1s (Bodies: 478)
⚡ PHYSICS SPIKE #1442: 12.5 ms at 63.1s (Bodies: 478)
⚡ PHYSICS SPIKE #1443: 12.5 ms at 63.1s (Bodies: 478)
⚡ FRAME SPIKE #1041: 50.0 ms at 63.1s (Draw: 4072, Bodies: 478)
⚡ PHYSICS SPIKE #1444: 12.5 ms at 63.1s (Bodies: 478)
⚡ PHYSICS SPIKE #1445: 12.5 ms at 63.1s (Bodies: 478)
⚡ PHYSICS SPIKE #1446: 12.5 ms at 63.1s (Bodies: 478)
⚡ FRAME SPIKE #1042: 60.1 ms at 63.1s (Draw: 4072, Bodies: 478)
⚡ PHYSICS SPIKE #1447: 12.5 ms at 63.2s (Bodies: 478)
⚡ PHYSICS SPIKE #1448: 12.5 ms at 63.2s (Bodies: 478)
⚡ PHYSICS SPIKE #1449: 12.5 ms at 63.2s (Bodies: 478)
⚡ FRAME SPIKE #1043: 51.4 ms at 63.2s (Draw: 4072, Bodies: 478)
⚡ PHYSICS SPIKE #1450: 12.5 ms at 63.3s (Bodies: 478)
⚡ PHYSICS SPIKE #1451: 12.5 ms at 63.3s (Bodies: 478)
⚡ PHYSICS SPIKE #1452: 12.5 ms at 63.3s (Bodies: 478)
⚡ FRAME SPIKE #1044: 51.4 ms at 63.3s (Draw: 4072, Bodies: 478)
⚡ PHYSICS SPIKE #1453: 12.5 ms at 63.3s (Bodies: 478)
⚡ PHYSICS SPIKE #1454: 12.5 ms at 63.3s (Bodies: 478)
⚡ PHYSICS SPIKE #1455: 12.5 ms at 63.3s (Bodies: 478)
⚡ FRAME SPIKE #1045: 51.4 ms at 63.3s (Draw: 4072, Bodies: 478)
⚡ PHYSICS SPIKE #1456: 12.5 ms at 63.4s (Bodies: 478)
⚡ PHYSICS SPIKE #1457: 12.5 ms at 63.4s (Bodies: 478)
⚡ PHYSICS SPIKE #1458: 12.5 ms at 63.4s (Bodies: 478)
⚡ FRAME SPIKE #1046: 51.4 ms at 63.4s (Draw: 4072, Bodies: 478)
⚡ PHYSICS SPIKE #1459: 12.5 ms at 63.4s (Bodies: 478)
⚡ PHYSICS SPIKE #1460: 12.5 ms at 63.4s (Bodies: 478)
⚡ PHYSICS SPIKE #1461: 12.5 ms at 63.4s (Bodies: 478)
⚡ PHYSICS SPIKE #1462: 12.5 ms at 63.4s (Bodies: 478)
⚡ FRAME SPIKE #1047: 51.4 ms at 63.4s (Draw: 4072, Bodies: 478)
⚡ PHYSICS SPIKE #1463: 12.5 ms at 63.5s (Bodies: 478)
⚡ PHYSICS SPIKE #1464: 12.5 ms at 63.5s (Bodies: 478)
⚡ PHYSICS SPIKE #1465: 12.5 ms at 63.5s (Bodies: 478)
⚡ FRAME SPIKE #1048: 56.8 ms at 63.5s (Draw: 4072, Bodies: 478)
⚡ PHYSICS SPIKE #1466: 12.5 ms at 63.5s (Bodies: 478)
⚡ PHYSICS SPIKE #1467: 12.5 ms at 63.5s (Bodies: 478)
⚡ PHYSICS SPIKE #1468: 12.5 ms at 63.5s (Bodies: 478)
⚡ FRAME SPIKE #1049: 51.4 ms at 63.5s (Draw: 4072, Bodies: 478)
⚡ PHYSICS SPIKE #1469: 12.5 ms at 63.6s (Bodies: 478)
⚡ PHYSICS SPIKE #1470: 12.5 ms at 63.6s (Bodies: 478)
⚡ PHYSICS SPIKE #1471: 12.5 ms at 63.6s (Bodies: 478)
⚡ FRAME SPIKE #1050: 51.4 ms at 63.6s (Draw: 4072, Bodies: 478)
⚡ PHYSICS SPIKE #1472: 12.5 ms at 63.6s (Bodies: 478)
⚡ PHYSICS SPIKE #1473: 12.5 ms at 63.6s (Bodies: 478)
⚡ PHYSICS SPIKE #1474: 12.5 ms at 63.6s (Bodies: 478)
⚡ FRAME SPIKE #1051: 51.4 ms at 63.6s (Draw: 4072, Bodies: 478)
⚡ PHYSICS SPIKE #1475: 12.5 ms at 63.7s (Bodies: 478)
⚡ PHYSICS SPIKE #1476: 12.5 ms at 63.7s (Bodies: 478)
⚡ PHYSICS SPIKE #1477: 12.5 ms at 63.7s (Bodies: 478)
⚡ FRAME SPIKE #1052: 51.4 ms at 63.7s (Draw: 4072, Bodies: 478)
⚡ PHYSICS SPIKE #1478: 12.5 ms at 63.7s (Bodies: 478)
⚡ PHYSICS SPIKE #1479: 12.5 ms at 63.7s (Bodies: 479)
⚡ PHYSICS SPIKE #1480: 12.5 ms at 63.7s (Bodies: 479)
=== PAZ Model Meshes Debug ===
Total meshes found: 1
  - Mesh: bus_low_Material_006_0 (MeshInstance3D)
PAZ-32053 model setup complete
⚡ FRAME SPIKE #1053: 51.4 ms at 63.7s (Draw: 4074, Bodies: 479)
⚡ PHYSICS SPIKE #1481: 12.5 ms at 63.8s (Bodies: 479)
⚡ PHYSICS SPIKE #1482: 12.5 ms at 63.8s (Bodies: 479)
⚡ PHYSICS SPIKE #1483: 12.5 ms at 63.8s (Bodies: 479)
⚡ PHYSICS SPIKE #1484: 12.5 ms at 63.8s (Bodies: 479)
⚡ FRAME SPIKE #1054: 54.4 ms at 63.8s (Draw: 4073, Bodies: 479)
⚡ PHYSICS SPIKE #1485: 12.5 ms at 63.8s (Bodies: 479)
⚡ PHYSICS SPIKE #1486: 12.5 ms at 63.8s (Bodies: 478)
⚡ PHYSICS SPIKE #1487: 12.5 ms at 63.8s (Bodies: 478)
⚡ FRAME SPIKE #1055: 61.6 ms at 63.8s (Draw: 4073, Bodies: 478)
⚡ PHYSICS SPIKE #1488: 12.5 ms at 63.9s (Bodies: 478)
⚡ PHYSICS SPIKE #1489: 12.5 ms at 63.9s (Bodies: 478)
⚡ PHYSICS SPIKE #1490: 12.5 ms at 63.9s (Bodies: 478)
⚡ FRAME SPIKE #1056: 52.6 ms at 63.9s (Draw: 4074, Bodies: 478)
⚡ PHYSICS SPIKE #1491: 12.5 ms at 63.9s (Bodies: 478)
⚡ PHYSICS SPIKE #1492: 12.5 ms at 63.9s (Bodies: 478)
⚡ PHYSICS SPIKE #1493: 12.5 ms at 63.9s (Bodies: 478)
⚡ PHYSICS SPIKE #1494: 12.5 ms at 63.9s (Bodies: 478)
⚡ FRAME SPIKE #1057: 54.2 ms at 63.9s (Draw: 4074, Bodies: 478)
⚡ PHYSICS SPIKE #1495: 12.5 ms at 64.0s (Bodies: 478)
⚡ PHYSICS SPIKE #1496: 12.5 ms at 64.0s (Bodies: 478)
⚡ PHYSICS SPIKE #1497: 12.5 ms at 64.0s (Bodies: 478)
⚡ FRAME SPIKE #1058: 59.1 ms at 64.0s (Draw: 4074, Bodies: 478)
⚡ PHYSICS SPIKE #1498: 12.5 ms at 64.1s (Bodies: 478)
⚡ PHYSICS SPIKE #1499: 12.5 ms at 64.1s (Bodies: 478)
⚡ PHYSICS SPIKE #1500: 12.5 ms at 64.1s (Bodies: 478)
⚡ FRAME SPIKE #1059: 54.0 ms at 64.1s (Draw: 4076, Bodies: 478)
⚡ PHYSICS SPIKE #1501: 12.5 ms at 64.1s (Bodies: 478)
⚡ PHYSICS SPIKE #1502: 12.5 ms at 64.1s (Bodies: 478)
⚡ PHYSICS SPIKE #1503: 12.5 ms at 64.1s (Bodies: 478)
⚡ FRAME SPIKE #1060: 50.0 ms at 64.1s (Draw: 4076, Bodies: 478)
⚡ PHYSICS SPIKE #1504: 12.7 ms at 64.2s (Bodies: 478)
⚡ PHYSICS SPIKE #1505: 12.7 ms at 64.2s (Bodies: 478)
⚡ PHYSICS SPIKE #1506: 12.7 ms at 64.2s (Bodies: 478)
⚡ PHYSICS SPIKE #1507: 12.7 ms at 64.2s (Bodies: 478)
⚡ FRAME SPIKE #1061: 54.2 ms at 64.2s (Draw: 4074, Bodies: 478)
⚡ PHYSICS SPIKE #1508: 12.7 ms at 64.2s (Bodies: 478)
⚡ PHYSICS SPIKE #1509: 12.7 ms at 64.2s (Bodies: 478)
⚡ PHYSICS SPIKE #1510: 12.7 ms at 64.2s (Bodies: 478)
⚡ FRAME SPIKE #1062: 58.0 ms at 64.2s (Draw: 4076, Bodies: 478)
⚡ PHYSICS SPIKE #1511: 12.7 ms at 64.3s (Bodies: 478)
⚡ PHYSICS SPIKE #1512: 12.7 ms at 64.3s (Bodies: 478)
⚡ PHYSICS SPIKE #1513: 12.7 ms at 64.3s (Bodies: 478)
⚡ FRAME SPIKE #1063: 54.2 ms at 64.3s (Draw: 4074, Bodies: 478)
⚡ PHYSICS SPIKE #1514: 12.7 ms at 64.3s (Bodies: 478)
⚡ PHYSICS SPIKE #1515: 12.7 ms at 64.3s (Bodies: 478)
⚡ PHYSICS SPIKE #1516: 12.7 ms at 64.3s (Bodies: 478)
⚡ FRAME SPIKE #1064: 50.3 ms at 64.3s (Draw: 4076, Bodies: 478)
⚡ PHYSICS SPIKE #1517: 12.7 ms at 64.4s (Bodies: 478)
⚡ PHYSICS SPIKE #1518: 12.7 ms at 64.4s (Bodies: 478)
⚡ PHYSICS SPIKE #1519: 12.7 ms at 64.4s (Bodies: 478)
⚡ PHYSICS SPIKE #1520: 12.7 ms at 64.4s (Bodies: 478)
⚡ FRAME SPIKE #1065: 54.5 ms at 64.4s (Draw: 4076, Bodies: 478)
⚡ PHYSICS SPIKE #1521: 12.7 ms at 64.4s (Bodies: 478)
⚡ PHYSICS SPIKE #1522: 12.7 ms at 64.4s (Bodies: 478)
⚡ PHYSICS SPIKE #1523: 12.7 ms at 64.4s (Bodies: 478)
⚡ FRAME SPIKE #1066: 54.5 ms at 64.4s (Draw: 4076, Bodies: 478)
⚡ PHYSICS SPIKE #1524: 12.7 ms at 64.5s (Bodies: 478)
⚡ PHYSICS SPIKE #1525: 12.7 ms at 64.5s (Bodies: 478)
⚡ PHYSICS SPIKE #1526: 12.7 ms at 64.5s (Bodies: 478)
⚡ FRAME SPIKE #1067: 54.5 ms at 64.5s (Draw: 4074, Bodies: 478)
⚡ PHYSICS SPIKE #1527: 12.7 ms at 64.5s (Bodies: 478)
⚡ PHYSICS SPIKE #1528: 12.7 ms at 64.5s (Bodies: 478)
⚡ PHYSICS SPIKE #1529: 12.7 ms at 64.5s (Bodies: 478)
⚡ PHYSICS SPIKE #1530: 12.7 ms at 64.5s (Bodies: 478)
⚡ FRAME SPIKE #1068: 54.5 ms at 64.5s (Draw: 4074, Bodies: 478)
⚡ PHYSICS SPIKE #1531: 12.7 ms at 64.6s (Bodies: 478)
⚡ PHYSICS SPIKE #1532: 12.7 ms at 64.6s (Bodies: 478)
⚡ PHYSICS SPIKE #1533: 12.7 ms at 64.6s (Bodies: 478)
⚡ FRAME SPIKE #1069: 54.5 ms at 64.6s (Draw: 4074, Bodies: 478)

=== PERFORMANCE METRICS ===
FPS: 19 | Frame: 48.6 ms (max 61.6) | Physics: 16.7 ms (max 32.7)
Godot Process: 21.26 ms | Physics: 12.70 ms
Objects: 66733 | Nodes: 29183 | Resources: 539
Draw calls: 4074 | Vertices: 6556783 | VRAM: 747.3 MB
Physics bodies: 478 | Collision pairs: 6640
--- System Times ---
  road_batch_finalize_total_-1,-1: 10.47 ms (max 10.47)
  road_batch_finalize_total_-1,-2: 15.38 ms (max 15.38)
  road_batch_finalize_total_-1,-3: 11.56 ms (max 11.56)
  road_batch_finalize_total_-1,-4: 9.31 ms (max 9.31)
  road_batch_finalize_total_-1,-5: 9.36 ms (max 9.36)
  road_batch_finalize_total_-1,0: 3.82 ms (max 3.82)
  road_batch_finalize_total_-2,-1: 16.32 ms (max 16.32)
  road_batch_finalize_total_-2,-2: 15.24 ms (max 15.24)
  road_batch_finalize_total_-2,-3: 8.67 ms (max 8.67)
  road_batch_finalize_total_-2,-4: 10.52 ms (max 12.78)
  road_batch_finalize_total_-2,0: 14.05 ms (max 14.05)
  road_batch_finalize_total_0,-1: 19.44 ms (max 19.44)
  road_batch_finalize_total_0,-2: 19.68 ms (max 19.68)
  road_batch_finalize_total_0,-3: 11.59 ms (max 11.59)
  road_batch_finalize_total_0,-4: 5.84 ms (max 5.84)
  road_batch_finalize_total_0,-5: 8.77 ms (max 8.77)
  road_batch_finalize_total_0,0: 16.18 ms (max 16.18)
  road_batch_finalize_total_0,1: 10.93 ms (max 10.93)
  road_batch_finalize_total_1,-1: 16.70 ms (max 16.70)
  road_batch_finalize_total_1,-2: 18.21 ms (max 18.21)
  road_batch_finalize_total_1,-3: 9.12 ms (max 9.12)
  road_batch_finalize_total_1,-4: 11.09 ms (max 11.09)
  road_batch_finalize_total_1,0: 12.08 ms (max 12.08)
  road_batch_finalize_total_2,-3: 7.01 ms (max 7.01)
  road_collision_create_-1,-1: 3.28 ms (max 3.86)
  road_collision_create_-1,-2: 7.46 ms (max 11.95)
  road_collision_create_-1,-3: 3.47 ms (max 6.77)
  road_collision_create_-1,-4: 4.27 ms (max 4.84)
  road_collision_create_-1,-5: 4.11 ms (max 4.37)
  road_collision_create_-1,0: 1.74 ms (max 2.01)
  road_collision_create_-2,-1: 5.22 ms (max 10.23)
  road_collision_create_-2,-2: 7.37 ms (max 13.00)
  road_collision_create_-2,-3: 2.60 ms (max 4.44)
  road_collision_create_-2,-4: 4.86 ms (max 6.33)
  road_collision_create_-2,0: 6.79 ms (max 10.68)
  road_collision_create_0,-1: 6.19 ms (max 12.66)
  road_collision_create_0,-2: 6.30 ms (max 11.99)
  road_collision_create_0,-3: 3.51 ms (max 4.80)
  road_collision_create_0,-4: 1.74 ms (max 2.77)
  road_collision_create_0,-5: 3.96 ms (max 4.48)
  road_collision_create_0,0: 5.16 ms (max 12.41)
  road_collision_create_0,1: 10.65 ms (max 10.65)
  road_collision_create_1,-1: 5.31 ms (max 12.56)
  road_collision_create_1,-2: 8.81 ms (max 15.10)
  road_collision_create_1,-3: 2.73 ms (max 3.56)
  road_collision_create_1,-4: 3.38 ms (max 4.64)
  road_collision_create_1,0: 11.81 ms (max 11.81)
  road_collision_create_2,-3: 3.06 ms (max 3.74)
===========================

=== PERFORMANCE METRICS ===
FPS: 19 | Frame: 48.6 ms (max 61.6) | Physics: 16.7 ms (max 32.7)
Godot Process: 21.26 ms | Physics: 12.70 ms
Objects: 66733 | Nodes: 29183 | Resources: 539
Draw calls: 4074 | Vertices: 6556783 | VRAM: 747.3 MB
Physics bodies: 478 | Collision pairs: 6640
===========================
⚡ PHYSICS SPIKE #1534: 12.7 ms at 64.7s (Bodies: 478)
⚡ PHYSICS SPIKE #1535: 12.7 ms at 64.7s (Bodies: 478)
⚡ PHYSICS SPIKE #1536: 12.7 ms at 64.7s (Bodies: 478)
⚡ FRAME SPIKE #1070: 54.5 ms at 64.7s (Draw: 4074, Bodies: 478)
⚡ PHYSICS SPIKE #1537: 12.7 ms at 64.7s (Bodies: 478)
⚡ PHYSICS SPIKE #1538: 12.7 ms at 64.7s (Bodies: 478)
⚡ PHYSICS SPIKE #1539: 12.7 ms at 64.7s (Bodies: 478)
⚡ FRAME SPIKE #1071: 54.5 ms at 64.7s (Draw: 4074, Bodies: 478)
⚡ PHYSICS SPIKE #1540: 12.7 ms at 64.8s (Bodies: 478)
⚡ PHYSICS SPIKE #1541: 12.7 ms at 64.8s (Bodies: 478)
⚡ PHYSICS SPIKE #1542: 12.7 ms at 64.8s (Bodies: 478)
⚡ PHYSICS SPIKE #1543: 12.7 ms at 64.8s (Bodies: 478)
⚡ FRAME SPIKE #1072: 54.2 ms at 64.8s (Draw: 4074, Bodies: 478)
⚡ PHYSICS SPIKE #1544: 12.7 ms at 64.8s (Bodies: 478)
⚡ PHYSICS SPIKE #1545: 12.7 ms at 64.8s (Bodies: 478)
⚡ PHYSICS SPIKE #1546: 12.7 ms at 64.8s (Bodies: 478)
⚡ FRAME SPIKE #1073: 54.5 ms at 64.8s (Draw: 4074, Bodies: 478)
⚡ PHYSICS SPIKE #1547: 12.7 ms at 64.9s (Bodies: 478)
⚡ PHYSICS SPIKE #1548: 12.7 ms at 64.9s (Bodies: 478)
⚡ PHYSICS SPIKE #1549: 12.7 ms at 64.9s (Bodies: 478)
⚡ FRAME SPIKE #1074: 54.5 ms at 64.9s (Draw: 4074, Bodies: 478)
⚡ PHYSICS SPIKE #1550: 12.7 ms at 64.9s (Bodies: 478)
⚡ PHYSICS SPIKE #1551: 12.7 ms at 64.9s (Bodies: 478)
⚡ PHYSICS SPIKE #1552: 12.7 ms at 64.9s (Bodies: 478)
⚡ FRAME SPIKE #1075: 54.2 ms at 64.9s (Draw: 4074, Bodies: 478)
⚡ PHYSICS SPIKE #1553: 12.7 ms at 65.0s (Bodies: 478)
⚡ PHYSICS SPIKE #1554: 12.7 ms at 65.0s (Bodies: 478)
⚡ PHYSICS SPIKE #1555: 12.7 ms at 65.0s (Bodies: 478)
⚡ PHYSICS SPIKE #1556: 12.7 ms at 65.0s (Bodies: 478)
⚡ FRAME SPIKE #1076: 54.2 ms at 65.0s (Draw: 4074, Bodies: 478)
⚡ PHYSICS SPIKE #1557: 12.7 ms at 65.0s (Bodies: 478)
⚡ PHYSICS SPIKE #1558: 12.7 ms at 65.0s (Bodies: 478)
⚡ PHYSICS SPIKE #1559: 12.7 ms at 65.0s (Bodies: 478)
⚡ FRAME SPIKE #1077: 54.5 ms at 65.0s (Draw: 4074, Bodies: 478)
⚡ PHYSICS SPIKE #1560: 12.7 ms at 65.1s (Bodies: 478)
⚡ PHYSICS SPIKE #1561: 12.7 ms at 65.1s (Bodies: 478)
⚡ PHYSICS SPIKE #1562: 12.7 ms at 65.1s (Bodies: 478)
⚡ FRAME SPIKE #1078: 54.2 ms at 65.1s (Draw: 4076, Bodies: 478)
🚗 Traffic: 31 active NPCs (Near: 10, Mid: 17, Far: 4), 2 pooled
  → Physics bodies from NPCs: 31 (All: 31×1, было бы 31×5=155)

========== Bottleneck Analysis Report ==========
Time: 76.0s | Frames: 2548

📊 PERFORMANCE OVERVIEW:
  FPS: 20.0 avg | 19.0 min
  Frame Time: 20.43 ms avg | 21.86 ms max
  Physics Time: 12.32 ms avg

🔍 BOTTLENECK IDENTIFICATION:
  🔴 [CRITICAL] Physics Time
      Value: 12.32 ms
      Impact: Physics simulation overhead
      Suggestions:
        • Reduce number of active physics bodies
        • Simplify collision shapes
        • Disable physics for distant objects

  🟠 [HIGH] Frame Time
      Value: 20.43 ms (target: 16.67 ms)
      Impact: Overall performance bottleneck
      Suggestions:
        • Reduce draw calls
        • Optimize scripts in _process()
        • Check for expensive operations per frame

  🟠 [HIGH] Draw Calls
      Value: 4071 calls/frame
      Impact: GPU rendering overhead
      Suggestions:
        • Batch meshes by material
        • Use MultiMeshInstance3D
        • Implement LOD system
        • Enable frustum culling

  🟠 [HIGH] Physics Bodies
      Value: 476 active bodies
      Impact: Physics engine load
      Suggestions:
        • Reduce NPC count
        • Convert distant NPCs to kinematic
        • Disable physics for far objects

  🟡 [MEDIUM] Vertex Count
      Value: 6556953 vertices/frame
      Impact: GPU vertex processing
      Suggestions:
        • Implement LOD for distant objects
        • Simplify building meshes
        • Use lower poly models

  🟡 [MEDIUM] Node Count
      Value: 29183 nodes
      Impact: Scene tree traversal overhead
      Suggestions:
        • Unload distant chunks
        • Pool and reuse nodes
        • Flatten hierarchy where possible

  🟡 [MEDIUM] Post-Processing Effects
      Value: SSAO, Glow/Bloom, Volumetric Fog
      Impact: GPU shader overhead
      Suggestions:
        • Reduce SSR quality
        • Disable SSAO on low-end hardware
        • Use simpler fog

📈 DETAILED STATS:
  Draw Calls: 4071 avg | 4076 max
  Vertices: 6556953 avg | 6557321 max
  Physics Bodies: 476
  Nodes: 29183
  VRAM: 747.3 MB

=================================================

⚡ PHYSICS SPIKE #1563: 12.5 ms at 65.1s (Bodies: 478)
⚡ PHYSICS SPIKE #1564: 12.5 ms at 65.1s (Bodies: 478)
⚡ PHYSICS SPIKE #1565: 12.5 ms at 65.1s (Bodies: 478)
⚡ FRAME SPIKE #1079: 54.2 ms at 65.1s (Draw: 4076, Bodies: 478)
⚡ PHYSICS SPIKE #1566: 12.5 ms at 65.2s (Bodies: 478)
⚡ PHYSICS SPIKE #1567: 12.5 ms at 65.2s (Bodies: 478)
⚡ PHYSICS SPIKE #1568: 12.5 ms at 65.2s (Bodies: 478)
⚡ PHYSICS SPIKE #1569: 12.5 ms at 65.2s (Bodies: 478)
⚡ FRAME SPIKE #1080: 54.2 ms at 65.2s (Draw: 4076, Bodies: 478)
⚡ PHYSICS SPIKE #1570: 12.5 ms at 65.2s (Bodies: 478)
⚡ PHYSICS SPIKE #1571: 12.5 ms at 65.2s (Bodies: 478)
⚡ PHYSICS SPIKE #1572: 12.5 ms at 65.2s (Bodies: 478)
⚡ FRAME SPIKE #1081: 54.4 ms at 65.2s (Draw: 4076, Bodies: 478)
⚡ PHYSICS SPIKE #1573: 12.5 ms at 65.3s (Bodies: 478)
⚡ PHYSICS SPIKE #1574: 12.5 ms at 65.3s (Bodies: 478)
⚡ PHYSICS SPIKE #1575: 12.5 ms at 65.3s (Bodies: 478)
⚡ FRAME SPIKE #1082: 54.2 ms at 65.3s (Draw: 4076, Bodies: 478)
⚡ PHYSICS SPIKE #1576: 12.5 ms at 65.4s (Bodies: 478)
⚡ PHYSICS SPIKE #1577: 12.5 ms at 65.4s (Bodies: 478)
⚡ PHYSICS SPIKE #1578: 12.5 ms at 65.4s (Bodies: 478)
⚡ FRAME SPIKE #1083: 54.2 ms at 65.4s (Draw: 4076, Bodies: 478)
⚡ PHYSICS SPIKE #1579: 12.5 ms at 65.4s (Bodies: 478)
⚡ PHYSICS SPIKE #1580: 12.5 ms at 65.4s (Bodies: 478)
⚡ PHYSICS SPIKE #1581: 12.5 ms at 65.4s (Bodies: 478)
⚡ PHYSICS SPIKE #1582: 12.5 ms at 65.4s (Bodies: 478)
⚡ FRAME SPIKE #1084: 51.7 ms at 65.4s (Draw: 4076, Bodies: 478)
⚡ PHYSICS SPIKE #1583: 12.5 ms at 65.5s (Bodies: 478)
⚡ PHYSICS SPIKE #1584: 12.5 ms at 65.5s (Bodies: 478)
⚡ PHYSICS SPIKE #1585: 12.5 ms at 65.5s (Bodies: 478)
⚡ FRAME SPIKE #1085: 54.2 ms at 65.5s (Draw: 4076, Bodies: 478)
⚡ PHYSICS SPIKE #1586: 12.5 ms at 65.5s (Bodies: 478)
⚡ PHYSICS SPIKE #1587: 12.5 ms at 65.5s (Bodies: 478)
⚡ PHYSICS SPIKE #1588: 12.5 ms at 65.5s (Bodies: 478)
⚡ FRAME SPIKE #1086: 54.2 ms at 65.5s (Draw: 4076, Bodies: 478)
⚡ PHYSICS SPIKE #1589: 12.5 ms at 65.6s (Bodies: 478)
⚡ PHYSICS SPIKE #1590: 12.5 ms at 65.6s (Bodies: 478)
⚡ PHYSICS SPIKE #1591: 12.5 ms at 65.6s (Bodies: 478)
⚡ FRAME SPIKE #1087: 54.2 ms at 65.6s (Draw: 4076, Bodies: 478)
⚡ PHYSICS SPIKE #1592: 12.5 ms at 65.6s (Bodies: 478)
⚡ PHYSICS SPIKE #1593: 12.5 ms at 65.6s (Bodies: 478)
⚡ PHYSICS SPIKE #1594: 12.5 ms at 65.6s (Bodies: 478)
⚡ FRAME SPIKE #1088: 51.9 ms at 65.6s (Draw: 4076, Bodies: 478)
⚡ PHYSICS SPIKE #1595: 12.5 ms at 65.7s (Bodies: 478)
⚡ PHYSICS SPIKE #1596: 12.5 ms at 65.7s (Bodies: 478)
⚡ PHYSICS SPIKE #1597: 12.5 ms at 65.7s (Bodies: 478)
⚡ FRAME SPIKE #1089: 49.9 ms at 65.7s (Draw: 4076, Bodies: 478)
⚡ PHYSICS SPIKE #1598: 12.5 ms at 65.7s (Bodies: 478)
⚡ PHYSICS SPIKE #1599: 12.5 ms at 65.7s (Bodies: 478)
⚡ PHYSICS SPIKE #1600: 12.5 ms at 65.7s (Bodies: 478)
⚡ FRAME SPIKE #1090: 49.7 ms at 65.7s (Draw: 4076, Bodies: 478)
⚡ PHYSICS SPIKE #1601: 12.5 ms at 65.8s (Bodies: 478)
⚡ PHYSICS SPIKE #1602: 12.5 ms at 65.8s (Bodies: 478)
⚡ PHYSICS SPIKE #1603: 12.5 ms at 65.8s (Bodies: 478)
⚡ PHYSICS SPIKE #1604: 12.5 ms at 65.8s (Bodies: 478)
⚡ FRAME SPIKE #1091: 52.4 ms at 65.8s (Draw: 4076, Bodies: 478)
⚡ PHYSICS SPIKE #1605: 12.5 ms at 65.8s (Bodies: 478)
⚡ PHYSICS SPIKE #1606: 12.5 ms at 65.8s (Bodies: 478)
⚡ PHYSICS SPIKE #1607: 12.5 ms at 65.8s (Bodies: 478)
⚡ FRAME SPIKE #1092: 52.8 ms at 65.8s (Draw: 4076, Bodies: 478)
⚡ PHYSICS SPIKE #1608: 12.5 ms at 65.9s (Bodies: 478)
⚡ PHYSICS SPIKE #1609: 12.5 ms at 65.9s (Bodies: 478)
⚡ PHYSICS SPIKE #1610: 12.5 ms at 65.9s (Bodies: 478)
⚡ FRAME SPIKE #1093: 52.4 ms at 65.9s (Draw: 4076, Bodies: 478)
⚡ PHYSICS SPIKE #1611: 12.5 ms at 65.9s (Bodies: 478)
⚡ PHYSICS SPIKE #1612: 12.5 ms at 65.9s (Bodies: 478)
⚡ PHYSICS SPIKE #1613: 12.5 ms at 65.9s (Bodies: 478)
⚡ FRAME SPIKE #1094: 52.4 ms at 65.9s (Draw: 4076, Bodies: 478)
⚡ PHYSICS SPIKE #1614: 12.5 ms at 66.0s (Bodies: 478)
⚡ PHYSICS SPIKE #1615: 12.5 ms at 66.0s (Bodies: 478)
⚡ PHYSICS SPIKE #1616: 12.5 ms at 66.0s (Bodies: 478)
⚡ FRAME SPIKE #1095: 52.8 ms at 66.0s (Draw: 4074, Bodies: 478)
⚡ PHYSICS SPIKE #1617: 12.5 ms at 66.0s (Bodies: 478)
⚡ PHYSICS SPIKE #1618: 12.5 ms at 66.0s (Bodies: 478)
⚡ PHYSICS SPIKE #1619: 12.5 ms at 66.0s (Bodies: 478)
⚡ FRAME SPIKE #1096: 52.4 ms at 66.0s (Draw: 4074, Bodies: 478)
⚡ PHYSICS SPIKE #1620: 12.5 ms at 66.1s (Bodies: 478)
⚡ PHYSICS SPIKE #1621: 12.5 ms at 66.1s (Bodies: 478)
⚡ PHYSICS SPIKE #1622: 12.5 ms at 66.1s (Bodies: 478)
⚡ FRAME SPIKE #1097: 50.2 ms at 66.1s (Draw: 4076, Bodies: 478)
⚡ PHYSICS SPIKE #1623: 12.5 ms at 66.1s (Bodies: 478)
⚡ PHYSICS SPIKE #1624: 12.5 ms at 66.1s (Bodies: 478)
⚡ PHYSICS SPIKE #1625: 12.5 ms at 66.1s (Bodies: 478)
⚡ FRAME SPIKE #1098: 50.3 ms at 66.1s (Draw: 4074, Bodies: 478)
⚡ PHYSICS SPIKE #1626: 12.8 ms at 66.2s (Bodies: 478)
⚡ PHYSICS SPIKE #1627: 12.8 ms at 66.2s (Bodies: 478)
⚡ PHYSICS SPIKE #1628: 12.8 ms at 66.2s (Bodies: 478)
⚡ FRAME SPIKE #1099: 50.7 ms at 66.2s (Draw: 4076, Bodies: 478)
⚡ PHYSICS SPIKE #1629: 12.8 ms at 66.2s (Bodies: 478)
⚡ PHYSICS SPIKE #1630: 12.8 ms at 66.2s (Bodies: 478)
⚡ PHYSICS SPIKE #1631: 12.8 ms at 66.2s (Bodies: 478)
⚡ FRAME SPIKE #1100: 50.4 ms at 66.2s (Draw: 4076, Bodies: 478)
⚡ PHYSICS SPIKE #1632: 12.8 ms at 66.3s (Bodies: 478)
⚡ PHYSICS SPIKE #1633: 12.8 ms at 66.3s (Bodies: 478)
⚡ PHYSICS SPIKE #1634: 12.8 ms at 66.3s (Bodies: 478)
⚡ PHYSICS SPIKE #1635: 12.8 ms at 66.3s (Bodies: 478)
⚡ FRAME SPIKE #1101: 51.6 ms at 66.3s (Draw: 4076, Bodies: 478)
⚡ PHYSICS SPIKE #1636: 12.8 ms at 66.3s (Bodies: 478)
⚡ PHYSICS SPIKE #1637: 12.8 ms at 66.3s (Bodies: 478)
⚡ PHYSICS SPIKE #1638: 12.8 ms at 66.3s (Bodies: 478)
⚡ FRAME SPIKE #1102: 51.9 ms at 66.3s (Draw: 4076, Bodies: 478)
⚡ PHYSICS SPIKE #1639: 12.8 ms at 66.4s (Bodies: 478)
⚡ PHYSICS SPIKE #1640: 12.8 ms at 66.4s (Bodies: 478)
⚡ PHYSICS SPIKE #1641: 12.8 ms at 66.4s (Bodies: 478)
⚡ FRAME SPIKE #1103: 51.7 ms at 66.4s (Draw: 4076, Bodies: 478)
⚡ PHYSICS SPIKE #1642: 12.8 ms at 66.4s (Bodies: 478)
⚡ PHYSICS SPIKE #1643: 12.8 ms at 66.4s (Bodies: 478)
⚡ PHYSICS SPIKE #1644: 12.8 ms at 66.4s (Bodies: 478)
⚡ FRAME SPIKE #1104: 51.7 ms at 66.4s (Draw: 4076, Bodies: 478)
⚡ PHYSICS SPIKE #1645: 12.8 ms at 66.5s (Bodies: 478)
⚡ PHYSICS SPIKE #1646: 12.8 ms at 66.5s (Bodies: 478)
⚡ PHYSICS SPIKE #1647: 12.8 ms at 66.5s (Bodies: 478)
⚡ FRAME SPIKE #1105: 51.7 ms at 66.5s (Draw: 4076, Bodies: 478)
⚡ PHYSICS SPIKE #1648: 12.8 ms at 66.6s (Bodies: 478)
⚡ PHYSICS SPIKE #1649: 12.8 ms at 66.6s (Bodies: 478)
⚡ PHYSICS SPIKE #1650: 12.8 ms at 66.6s (Bodies: 478)
⚡ FRAME SPIKE #1106: 51.7 ms at 66.6s (Draw: 4074, Bodies: 478)
⚡ PHYSICS SPIKE #1651: 12.8 ms at 66.6s (Bodies: 478)
⚡ PHYSICS SPIKE #1652: 12.8 ms at 66.6s (Bodies: 478)
⚡ PHYSICS SPIKE #1653: 12.8 ms at 66.6s (Bodies: 478)
⚡ FRAME SPIKE #1107: 51.7 ms at 66.6s (Draw: 4074, Bodies: 478)
⚡ PHYSICS SPIKE #1654: 12.8 ms at 66.7s (Bodies: 478)
⚡ PHYSICS SPIKE #1655: 12.8 ms at 66.7s (Bodies: 478)
⚡ PHYSICS SPIKE #1656: 12.8 ms at 66.7s (Bodies: 478)
⚡ FRAME SPIKE #1108: 51.7 ms at 66.7s (Draw: 4074, Bodies: 478)
⚡ PHYSICS SPIKE #1657: 12.8 ms at 66.7s (Bodies: 478)
⚡ PHYSICS SPIKE #1658: 12.8 ms at 66.7s (Bodies: 478)
⚡ PHYSICS SPIKE #1659: 12.8 ms at 66.7s (Bodies: 478)
⚡ FRAME SPIKE #1109: 51.7 ms at 66.7s (Draw: 4074, Bodies: 478)
⚡ PHYSICS SPIKE #1660: 12.8 ms at 66.8s (Bodies: 478)
⚡ PHYSICS SPIKE #1661: 12.8 ms at 66.8s (Bodies: 478)
⚡ PHYSICS SPIKE #1662: 12.8 ms at 66.8s (Bodies: 478)
⚡ FRAME SPIKE #1110: 51.7 ms at 66.8s (Draw: 4076, Bodies: 478)
⚡ PHYSICS SPIKE #1663: 12.8 ms at 66.8s (Bodies: 478)
⚡ PHYSICS SPIKE #1664: 12.8 ms at 66.8s (Bodies: 479)
⚡ PHYSICS SPIKE #1665: 12.8 ms at 66.8s (Bodies: 479)
⚡ PHYSICS SPIKE #1666: 12.8 ms at 66.8s (Bodies: 479)
⚡ FRAME SPIKE #1111: 51.7 ms at 66.8s (Draw: 4091, Bodies: 479)
⚡ PHYSICS SPIKE #1667: 12.8 ms at 66.9s (Bodies: 479)
⚡ PHYSICS SPIKE #1668: 12.8 ms at 66.9s (Bodies: 479)
⚡ PHYSICS SPIKE #1669: 12.8 ms at 66.9s (Bodies: 479)
⚡ FRAME SPIKE #1112: 51.9 ms at 66.9s (Draw: 4086, Bodies: 479)
⚡ PHYSICS SPIKE #1670: 12.8 ms at 66.9s (Bodies: 479)
⚡ PHYSICS SPIKE #1671: 12.8 ms at 66.9s (Bodies: 479)
⚡ PHYSICS SPIKE #1672: 12.8 ms at 66.9s (Bodies: 479)
⚡ FRAME SPIKE #1113: 51.9 ms at 66.9s (Draw: 4086, Bodies: 479)
⚡ PHYSICS SPIKE #1673: 12.8 ms at 67.0s (Bodies: 479)
⚡ PHYSICS SPIKE #1674: 12.8 ms at 67.0s (Bodies: 479)
⚡ PHYSICS SPIKE #1675: 12.8 ms at 67.0s (Bodies: 479)
⚡ FRAME SPIKE #1114: 51.9 ms at 67.0s (Draw: 4086, Bodies: 479)
⚡ PHYSICS SPIKE #1676: 12.8 ms at 67.0s (Bodies: 479)
⚡ PHYSICS SPIKE #1677: 12.8 ms at 67.0s (Bodies: 479)
⚡ PHYSICS SPIKE #1678: 12.8 ms at 67.0s (Bodies: 479)
⚡ FRAME SPIKE #1115: 51.7 ms at 67.0s (Draw: 4086, Bodies: 479)
⚡ PHYSICS SPIKE #1679: 12.8 ms at 67.1s (Bodies: 479)
⚡ PHYSICS SPIKE #1680: 12.8 ms at 67.1s (Bodies: 479)
⚡ PHYSICS SPIKE #1681: 12.8 ms at 67.1s (Bodies: 479)
⚡ FRAME SPIKE #1116: 51.7 ms at 67.1s (Draw: 4086, Bodies: 479)
⚡ PHYSICS SPIKE #1682: 12.8 ms at 67.1s (Bodies: 479)
⚡ PHYSICS SPIKE #1683: 12.8 ms at 67.1s (Bodies: 479)
⚡ PHYSICS SPIKE #1684: 12.8 ms at 67.1s (Bodies: 479)
⚡ FRAME SPIKE #1117: 51.7 ms at 67.1s (Draw: 4086, Bodies: 479)
🚗 Traffic: 32 active NPCs (Near: 10, Mid: 17, Far: 5), 1 pooled
  → Physics bodies from NPCs: 32 (All: 32×1, было бы 32×5=160)

========== Bottleneck Analysis Report ==========
Time: 78.1s | Frames: 2587

📊 PERFORMANCE OVERVIEW:
  FPS: 19.6 avg | 18.0 min
  Frame Time: 19.90 ms avg | 21.86 ms max
  Physics Time: 12.47 ms avg

🔍 BOTTLENECK IDENTIFICATION:
  🔴 [CRITICAL] Physics Time
      Value: 12.47 ms
      Impact: Physics simulation overhead
      Suggestions:
        • Reduce number of active physics bodies
        • Simplify collision shapes
        • Disable physics for distant objects

  🟠 [HIGH] Frame Time
      Value: 19.90 ms (target: 16.67 ms)
      Impact: Overall performance bottleneck
      Suggestions:
        • Reduce draw calls
        • Optimize scripts in _process()
        • Check for expensive operations per frame

  🟠 [HIGH] Draw Calls
      Value: 4073 calls/frame
      Impact: GPU rendering overhead
      Suggestions:
        • Batch meshes by material
        • Use MultiMeshInstance3D
        • Implement LOD system
        • Enable frustum culling

  🟠 [HIGH] Physics Bodies
      Value: 477 active bodies
      Impact: Physics engine load
      Suggestions:
        • Reduce NPC count
        • Convert distant NPCs to kinematic
        • Disable physics for far objects

  🟡 [MEDIUM] Vertex Count
      Value: 6557186 vertices/frame
      Impact: GPU vertex processing
      Suggestions:
        • Implement LOD for distant objects
        • Simplify building meshes
        • Use lower poly models

  🟡 [MEDIUM] Node Count
      Value: 29183 nodes
      Impact: Scene tree traversal overhead
      Suggestions:
        • Unload distant chunks
        • Pool and reuse nodes
        • Flatten hierarchy where possible

  🟡 [MEDIUM] Post-Processing Effects
      Value: SSAO, Glow/Bloom, Volumetric Fog
      Impact: GPU shader overhead
      Suggestions:
        • Reduce SSR quality
        • Disable SSAO on low-end hardware
        • Use simpler fog

📈 DETAILED STATS:
  Draw Calls: 4073 avg | 4091 max
  Vertices: 6557186 avg | 6560395 max
  Physics Bodies: 477
  Nodes: 29183
  VRAM: 747.3 MB

=================================================

⚡ PHYSICS SPIKE #1685: 12.5 ms at 67.2s (Bodies: 479)
⚡ PHYSICS SPIKE #1686: 12.5 ms at 67.2s (Bodies: 479)
⚡ PHYSICS SPIKE #1687: 12.5 ms at 67.2s (Bodies: 479)
⚡ FRAME SPIKE #1118: 51.7 ms at 67.2s (Draw: 4086, Bodies: 479)
⚡ PHYSICS SPIKE #1688: 12.5 ms at 67.2s (Bodies: 479)
⚡ PHYSICS SPIKE #1689: 12.5 ms at 67.2s (Bodies: 479)
⚡ PHYSICS SPIKE #1690: 12.5 ms at 67.2s (Bodies: 479)
⚡ FRAME SPIKE #1119: 51.7 ms at 67.2s (Draw: 4086, Bodies: 479)
⚡ PHYSICS SPIKE #1691: 12.5 ms at 67.3s (Bodies: 479)
⚡ PHYSICS SPIKE #1692: 12.5 ms at 67.3s (Bodies: 479)
⚡ PHYSICS SPIKE #1693: 12.5 ms at 67.3s (Bodies: 479)
⚡ FRAME SPIKE #1120: 51.7 ms at 67.3s (Draw: 4086, Bodies: 479)
⚡ PHYSICS SPIKE #1694: 12.5 ms at 67.3s (Bodies: 479)
⚡ PHYSICS SPIKE #1695: 12.5 ms at 67.3s (Bodies: 479)
⚡ PHYSICS SPIKE #1696: 12.5 ms at 67.3s (Bodies: 479)
⚡ PHYSICS SPIKE #1697: 12.5 ms at 67.3s (Bodies: 479)
⚡ FRAME SPIKE #1121: 51.7 ms at 67.3s (Draw: 4086, Bodies: 479)
⚡ PHYSICS SPIKE #1698: 12.5 ms at 67.4s (Bodies: 479)
⚡ PHYSICS SPIKE #1699: 12.5 ms at 67.4s (Bodies: 479)
⚡ PHYSICS SPIKE #1700: 12.5 ms at 67.4s (Bodies: 479)
⚡ FRAME SPIKE #1122: 51.9 ms at 67.4s (Draw: 4086, Bodies: 479)
⚡ PHYSICS SPIKE #1701: 12.5 ms at 67.4s (Bodies: 479)
⚡ PHYSICS SPIKE #1702: 12.5 ms at 67.4s (Bodies: 479)
⚡ PHYSICS SPIKE #1703: 12.5 ms at 67.4s (Bodies: 479)
⚡ FRAME SPIKE #1123: 51.9 ms at 67.4s (Draw: 4086, Bodies: 479)
⚡ PHYSICS SPIKE #1704: 12.5 ms at 67.5s (Bodies: 479)
⚡ PHYSICS SPIKE #1705: 12.5 ms at 67.5s (Bodies: 479)
⚡ PHYSICS SPIKE #1706: 12.5 ms at 67.5s (Bodies: 479)
⚡ FRAME SPIKE #1124: 51.9 ms at 67.5s (Draw: 4086, Bodies: 479)
⚡ PHYSICS SPIKE #1707: 12.5 ms at 67.5s (Bodies: 479)
⚡ PHYSICS SPIKE #1708: 12.5 ms at 67.5s (Bodies: 479)
⚡ PHYSICS SPIKE #1709: 12.5 ms at 67.5s (Bodies: 479)
⚡ FRAME SPIKE #1125: 51.9 ms at 67.5s (Draw: 4090, Bodies: 479)
⚡ PHYSICS SPIKE #1710: 12.5 ms at 67.6s (Bodies: 479)
⚡ PHYSICS SPIKE #1711: 12.5 ms at 67.6s (Bodies: 479)
⚡ PHYSICS SPIKE #1712: 12.5 ms at 67.6s (Bodies: 479)
⚡ FRAME SPIKE #1126: 51.9 ms at 67.6s (Draw: 4090, Bodies: 479)
⚡ PHYSICS SPIKE #1713: 12.5 ms at 67.6s (Bodies: 479)
⚡ PHYSICS SPIKE #1714: 12.5 ms at 67.6s (Bodies: 479)
⚡ PHYSICS SPIKE #1715: 12.5 ms at 67.6s (Bodies: 479)
⚡ FRAME SPIKE #1127: 51.9 ms at 67.6s (Draw: 4090, Bodies: 479)
⚡ PHYSICS SPIKE #1716: 12.5 ms at 67.7s (Bodies: 479)
⚡ PHYSICS SPIKE #1717: 12.5 ms at 67.7s (Bodies: 479)
⚡ PHYSICS SPIKE #1718: 12.5 ms at 67.7s (Bodies: 479)
⚡ FRAME SPIKE #1128: 51.8 ms at 67.7s (Draw: 4090, Bodies: 479)
⚡ PHYSICS SPIKE #1719: 12.5 ms at 67.7s (Bodies: 479)
⚡ PHYSICS SPIKE #1720: 12.5 ms at 67.7s (Bodies: 479)
⚡ PHYSICS SPIKE #1721: 12.5 ms at 67.7s (Bodies: 479)
⚡ FRAME SPIKE #1129: 51.7 ms at 67.7s (Draw: 4086, Bodies: 479)
⚡ PHYSICS SPIKE #1722: 12.5 ms at 67.8s (Bodies: 479)
⚡ PHYSICS SPIKE #1723: 12.5 ms at 67.8s (Bodies: 479)
⚡ PHYSICS SPIKE #1724: 12.5 ms at 67.8s (Bodies: 479)
⚡ PHYSICS SPIKE #1725: 12.5 ms at 67.8s (Bodies: 479)
⚡ FRAME SPIKE #1130: 51.9 ms at 67.8s (Draw: 4086, Bodies: 479)
⚡ PHYSICS SPIKE #1726: 12.5 ms at 67.8s (Bodies: 479)
⚡ PHYSICS SPIKE #1727: 12.5 ms at 67.8s (Bodies: 480)
⚡ PHYSICS SPIKE #1728: 12.5 ms at 67.8s (Bodies: 480)
⚡ FRAME SPIKE #1131: 58.4 ms at 67.8s (Draw: 4089, Bodies: 480)
⚡ PHYSICS SPIKE #1729: 12.5 ms at 67.9s (Bodies: 480)
⚡ PHYSICS SPIKE #1730: 12.5 ms at 67.9s (Bodies: 480)
⚡ PHYSICS SPIKE #1731: 12.5 ms at 67.9s (Bodies: 480)
⚡ FRAME SPIKE #1132: 55.3 ms at 67.9s (Draw: 4090, Bodies: 480)
⚡ PHYSICS SPIKE #1732: 12.5 ms at 68.0s (Bodies: 480)
⚡ PHYSICS SPIKE #1733: 12.5 ms at 68.0s (Bodies: 480)
⚡ PHYSICS SPIKE #1734: 12.5 ms at 68.0s (Bodies: 480)
⚡ PHYSICS SPIKE #1735: 12.5 ms at 68.0s (Bodies: 480)
⚡ FRAME SPIKE #1133: 54.2 ms at 68.0s (Draw: 4090, Bodies: 480)
⚡ PHYSICS SPIKE #1736: 12.5 ms at 68.0s (Bodies: 480)
⚡ PHYSICS SPIKE #1737: 12.5 ms at 68.0s (Bodies: 480)
⚡ PHYSICS SPIKE #1738: 12.5 ms at 68.0s (Bodies: 479)
⚡ FRAME SPIKE #1134: 59.1 ms at 68.0s (Draw: 4090, Bodies: 479)
⚡ PHYSICS SPIKE #1739: 12.5 ms at 68.1s (Bodies: 479)
⚡ PHYSICS SPIKE #1740: 12.5 ms at 68.1s (Bodies: 479)
⚡ PHYSICS SPIKE #1741: 12.5 ms at 68.1s (Bodies: 479)
⚡ FRAME SPIKE #1135: 54.2 ms at 68.1s (Draw: 4085, Bodies: 479)
⚡ PHYSICS SPIKE #1742: 12.5 ms at 68.1s (Bodies: 479)
⚡ PHYSICS SPIKE #1743: 12.5 ms at 68.1s (Bodies: 479)
⚡ PHYSICS SPIKE #1744: 12.5 ms at 68.1s (Bodies: 479)
⚡ FRAME SPIKE #1136: 51.1 ms at 68.1s (Draw: 4086, Bodies: 479)
⚡ PHYSICS SPIKE #1745: 13.2 ms at 68.2s (Bodies: 479)
⚡ PHYSICS SPIKE #1746: 13.2 ms at 68.2s (Bodies: 479)
⚡ PHYSICS SPIKE #1747: 13.2 ms at 68.2s (Bodies: 479)
⚡ PHYSICS SPIKE #1748: 13.2 ms at 68.2s (Bodies: 479)
⚡ FRAME SPIKE #1137: 54.2 ms at 68.2s (Draw: 4085, Bodies: 479)
⚡ PHYSICS SPIKE #1749: 13.2 ms at 68.2s (Bodies: 479)
⚡ PHYSICS SPIKE #1750: 13.2 ms at 68.2s (Bodies: 479)
⚡ PHYSICS SPIKE #1751: 13.2 ms at 68.2s (Bodies: 479)
⚡ FRAME SPIKE #1138: 57.0 ms at 68.2s (Draw: 4085, Bodies: 479)
⚡ PHYSICS SPIKE #1752: 13.2 ms at 68.3s (Bodies: 479)
⚡ PHYSICS SPIKE #1753: 13.2 ms at 68.3s (Bodies: 479)
⚡ PHYSICS SPIKE #1754: 13.2 ms at 68.3s (Bodies: 478)
⚡ FRAME SPIKE #1139: 54.2 ms at 68.3s (Draw: 4086, Bodies: 478)
⚡ PHYSICS SPIKE #1755: 13.2 ms at 68.3s (Bodies: 478)
⚡ PHYSICS SPIKE #1756: 13.2 ms at 68.3s (Bodies: 478)
⚡ PHYSICS SPIKE #1757: 13.2 ms at 68.3s (Bodies: 478)
⚡ PHYSICS SPIKE #1758: 13.2 ms at 68.3s (Bodies: 478)
⚡ FRAME SPIKE #1140: 51.3 ms at 68.3s (Draw: 4089, Bodies: 478)
⚡ PHYSICS SPIKE #1759: 13.2 ms at 68.4s (Bodies: 478)
⚡ PHYSICS SPIKE #1760: 13.2 ms at 68.4s (Bodies: 478)
⚡ PHYSICS SPIKE #1761: 13.2 ms at 68.4s (Bodies: 478)
⚡ PHYSICS SPIKE #1762: 13.2 ms at 68.4s (Bodies: 478)
⚡ FRAME SPIKE #1141: 66.7 ms at 68.4s (Draw: 4090, Bodies: 478)
⚡ PHYSICS SPIKE #1763: 13.2 ms at 68.5s (Bodies: 478)
⚡ PHYSICS SPIKE #1764: 13.2 ms at 68.5s (Bodies: 478)
⚡ PHYSICS SPIKE #1765: 13.2 ms at 68.5s (Bodies: 478)
⚡ FRAME SPIKE #1142: 54.5 ms at 68.5s (Draw: 4087, Bodies: 478)
⚡ PHYSICS SPIKE #1766: 13.2 ms at 68.5s (Bodies: 478)
⚡ PHYSICS SPIKE #1767: 13.2 ms at 68.5s (Bodies: 478)
⚡ PHYSICS SPIKE #1768: 13.2 ms at 68.5s (Bodies: 478)
⚡ FRAME SPIKE #1143: 54.5 ms at 68.5s (Draw: 4088, Bodies: 478)
⚡ PHYSICS SPIKE #1769: 13.2 ms at 68.6s (Bodies: 478)
⚡ PHYSICS SPIKE #1770: 13.2 ms at 68.6s (Bodies: 478)
⚡ PHYSICS SPIKE #1771: 13.2 ms at 68.6s (Bodies: 478)
⚡ FRAME SPIKE #1144: 54.2 ms at 68.6s (Draw: 4089, Bodies: 478)
⚡ PHYSICS SPIKE #1772: 13.2 ms at 68.6s (Bodies: 478)
⚡ PHYSICS SPIKE #1773: 13.2 ms at 68.6s (Bodies: 478)
⚡ PHYSICS SPIKE #1774: 13.2 ms at 68.6s (Bodies: 478)
⚡ PHYSICS SPIKE #1775: 13.2 ms at 68.6s (Bodies: 478)
⚡ FRAME SPIKE #1145: 54.2 ms at 68.6s (Draw: 4089, Bodies: 478)
⚡ PHYSICS SPIKE #1776: 13.2 ms at 68.7s (Bodies: 478)
⚡ PHYSICS SPIKE #1777: 13.2 ms at 68.7s (Bodies: 478)
⚡ PHYSICS SPIKE #1778: 13.2 ms at 68.7s (Bodies: 478)
⚡ FRAME SPIKE #1146: 54.5 ms at 68.7s (Draw: 4089, Bodies: 478)
⚡ PHYSICS SPIKE #1779: 13.2 ms at 68.7s (Bodies: 478)
⚡ PHYSICS SPIKE #1780: 13.2 ms at 68.7s (Bodies: 478)
⚡ PHYSICS SPIKE #1781: 13.2 ms at 68.7s (Bodies: 478)
⚡ FRAME SPIKE #1147: 54.2 ms at 68.7s (Draw: 4089, Bodies: 478)
⚡ PHYSICS SPIKE #1782: 13.2 ms at 68.8s (Bodies: 478)
⚡ PHYSICS SPIKE #1783: 13.2 ms at 68.8s (Bodies: 478)
⚡ PHYSICS SPIKE #1784: 13.2 ms at 68.8s (Bodies: 478)
⚡ FRAME SPIKE #1148: 54.2 ms at 68.8s (Draw: 4089, Bodies: 478)
⚡ PHYSICS SPIKE #1785: 13.2 ms at 68.8s (Bodies: 478)
⚡ PHYSICS SPIKE #1786: 13.2 ms at 68.8s (Bodies: 478)
⚡ PHYSICS SPIKE #1787: 13.2 ms at 68.8s (Bodies: 478)
⚡ PHYSICS SPIKE #1788: 13.2 ms at 68.8s (Bodies: 478)
⚡ FRAME SPIKE #1149: 54.1 ms at 68.8s (Draw: 4089, Bodies: 477)
⚡ PHYSICS SPIKE #1789: 13.2 ms at 68.9s (Bodies: 477)
⚡ PHYSICS SPIKE #1790: 13.2 ms at 68.9s (Bodies: 478)
⚡ PHYSICS SPIKE #1791: 13.2 ms at 68.9s (Bodies: 478)
⚡ FRAME SPIKE #1150: 54.5 ms at 68.9s (Draw: 4354, Bodies: 478)
⚡ PHYSICS SPIKE #1792: 13.2 ms at 69.0s (Bodies: 478)
⚡ PHYSICS SPIKE #1793: 13.2 ms at 69.0s (Bodies: 478)
⚡ PHYSICS SPIKE #1794: 13.2 ms at 69.0s (Bodies: 478)
⚡ FRAME SPIKE #1151: 54.2 ms at 69.0s (Draw: 4352, Bodies: 478)
⚡ PHYSICS SPIKE #1795: 13.2 ms at 69.0s (Bodies: 478)
⚡ PHYSICS SPIKE #1796: 13.2 ms at 69.0s (Bodies: 478)
⚡ PHYSICS SPIKE #1797: 13.2 ms at 69.0s (Bodies: 478)
⚡ FRAME SPIKE #1152: 54.2 ms at 69.0s (Draw: 4354, Bodies: 478)
⚡ PHYSICS SPIKE #1798: 13.2 ms at 69.1s (Bodies: 478)
⚡ PHYSICS SPIKE #1799: 13.2 ms at 69.1s (Bodies: 478)
⚡ PHYSICS SPIKE #1800: 13.2 ms at 69.1s (Bodies: 478)
⚡ PHYSICS SPIKE #1801: 13.2 ms at 69.1s (Bodies: 478)
⚡ FRAME SPIKE #1153: 53.4 ms at 69.1s (Draw: 4354, Bodies: 478)
⚡ PHYSICS SPIKE #1802: 13.2 ms at 69.1s (Bodies: 478)
⚡ PHYSICS SPIKE #1803: 13.2 ms at 69.1s (Bodies: 478)
⚡ PHYSICS SPIKE #1804: 13.2 ms at 69.1s (Bodies: 478)
⚡ FRAME SPIKE #1154: 54.2 ms at 69.1s (Draw: 4354, Bodies: 478)
⚡ PHYSICS SPIKE #1805: 12.3 ms at 69.2s (Bodies: 478)
⚡ PHYSICS SPIKE #1806: 12.3 ms at 69.2s (Bodies: 478)
⚡ PHYSICS SPIKE #1807: 12.3 ms at 69.2s (Bodies: 478)
⚡ FRAME SPIKE #1155: 54.2 ms at 69.2s (Draw: 4354, Bodies: 478)
🚗 Traffic: 31 active NPCs (Near: 12, Mid: 13, Far: 6), 3 pooled
  → Physics bodies from NPCs: 31 (All: 31×1, было бы 31×5=155)

========== Bottleneck Analysis Report ==========
Time: 80.1s | Frames: 2625

📊 PERFORMANCE OVERVIEW:
  FPS: 19.1 avg | 18.0 min
  Frame Time: 20.19 ms avg | 21.26 ms max
  Physics Time: 12.67 ms avg

🔍 BOTTLENECK IDENTIFICATION:
  🔴 [CRITICAL] Physics Time
      Value: 12.67 ms
      Impact: Physics simulation overhead
      Suggestions:
        • Reduce number of active physics bodies
        • Simplify collision shapes
        • Disable physics for distant objects

  🟠 [HIGH] Frame Time
      Value: 20.19 ms (target: 16.67 ms)
      Impact: Overall performance bottleneck
      Suggestions:
        • Reduce draw calls
        • Optimize scripts in _process()
        • Check for expensive operations per frame

  🟠 [HIGH] Draw Calls
      Value: 4092 calls/frame
      Impact: GPU rendering overhead
      Suggestions:
        • Batch meshes by material
        • Use MultiMeshInstance3D
        • Implement LOD system
        • Enable frustum culling

  🟠 [HIGH] Physics Bodies
      Value: 478 active bodies
      Impact: Physics engine load
      Suggestions:
        • Reduce NPC count
        • Convert distant NPCs to kinematic
        • Disable physics for far objects

  🟡 [MEDIUM] Vertex Count
      Value: 6558714 vertices/frame
      Impact: GPU vertex processing
      Suggestions:
        • Implement LOD for distant objects
        • Simplify building meshes
        • Use lower poly models

  🟡 [MEDIUM] Node Count
      Value: 29220 nodes
      Impact: Scene tree traversal overhead
      Suggestions:
        • Unload distant chunks
        • Pool and reuse nodes
        • Flatten hierarchy where possible

  🟡 [MEDIUM] Post-Processing Effects
      Value: SSAO, Glow/Bloom, Volumetric Fog
      Impact: GPU shader overhead
      Suggestions:
        • Reduce SSR quality
        • Disable SSAO on low-end hardware
        • Use simpler fog

📈 DETAILED STATS:
  Draw Calls: 4092 avg | 4354 max
  Vertices: 6558714 avg | 6570851 max
  Physics Bodies: 478
  Nodes: 29220
  VRAM: 747.3 MB

=================================================

⚡ PHYSICS SPIKE #1808: 12.3 ms at 69.2s (Bodies: 478)
⚡ PHYSICS SPIKE #1809: 12.3 ms at 69.2s (Bodies: 478)
⚡ PHYSICS SPIKE #1810: 12.3 ms at 69.2s (Bodies: 478)
⚡ FRAME SPIKE #1156: 54.2 ms at 69.2s (Draw: 4354, Bodies: 478)
⚡ PHYSICS SPIKE #1811: 12.3 ms at 69.3s (Bodies: 478)
⚡ PHYSICS SPIKE #1812: 12.3 ms at 69.3s (Bodies: 478)
⚡ PHYSICS SPIKE #1813: 12.3 ms at 69.3s (Bodies: 478)
⚡ FRAME SPIKE #1157: 53.4 ms at 69.3s (Draw: 4354, Bodies: 478)
⚡ PHYSICS SPIKE #1814: 12.3 ms at 69.3s (Bodies: 478)
⚡ PHYSICS SPIKE #1815: 12.3 ms at 69.3s (Bodies: 478)
⚡ PHYSICS SPIKE #1816: 12.3 ms at 69.3s (Bodies: 478)
⚡ PHYSICS SPIKE #1817: 12.3 ms at 69.3s (Bodies: 478)
⚡ FRAME SPIKE #1158: 51.7 ms at 69.3s (Draw: 4354, Bodies: 477)
⚡ PHYSICS SPIKE #1818: 12.3 ms at 69.4s (Bodies: 477)
⚡ PHYSICS SPIKE #1819: 12.3 ms at 69.4s (Bodies: 477)
⚡ PHYSICS SPIKE #1820: 12.3 ms at 69.4s (Bodies: 477)
⚡ FRAME SPIKE #1159: 53.7 ms at 69.4s (Draw: 4352, Bodies: 477)
⚡ PHYSICS SPIKE #1821: 12.3 ms at 69.4s (Bodies: 477)
⚡ PHYSICS SPIKE #1822: 12.3 ms at 69.4s (Bodies: 477)
⚡ PHYSICS SPIKE #1823: 12.3 ms at 69.4s (Bodies: 477)
⚡ FRAME SPIKE #1160: 53.7 ms at 69.4s (Draw: 4351, Bodies: 477)
⚡ PHYSICS SPIKE #1824: 12.3 ms at 69.5s (Bodies: 477)
⚡ PHYSICS SPIKE #1825: 12.3 ms at 69.5s (Bodies: 477)
⚡ PHYSICS SPIKE #1826: 12.3 ms at 69.5s (Bodies: 477)
⚡ FRAME SPIKE #1161: 53.7 ms at 69.5s (Draw: 4351, Bodies: 477)
⚡ PHYSICS SPIKE #1827: 12.3 ms at 69.5s (Bodies: 477)
⚡ PHYSICS SPIKE #1828: 12.3 ms at 69.5s (Bodies: 477)
⚡ PHYSICS SPIKE #1829: 12.3 ms at 69.5s (Bodies: 477)
⚡ PHYSICS SPIKE #1830: 12.3 ms at 69.5s (Bodies: 477)
⚡ FRAME SPIKE #1162: 53.9 ms at 69.5s (Draw: 4352, Bodies: 477)
⚡ PHYSICS SPIKE #1831: 12.3 ms at 69.6s (Bodies: 477)
⚡ PHYSICS SPIKE #1832: 12.3 ms at 69.6s (Bodies: 477)
⚡ PHYSICS SPIKE #1833: 12.3 ms at 69.6s (Bodies: 477)
⚡ FRAME SPIKE #1163: 54.2 ms at 69.6s (Draw: 4353, Bodies: 477)
⚡ PHYSICS SPIKE #1834: 12.3 ms at 69.6s (Bodies: 477)
⚡ PHYSICS SPIKE #1835: 12.3 ms at 69.6s (Bodies: 476)
⚡ PHYSICS SPIKE #1836: 12.3 ms at 69.6s (Bodies: 476)
⚡ FRAME SPIKE #1164: 53.7 ms at 69.6s (Draw: 4346, Bodies: 476)

=== PERFORMANCE METRICS ===
FPS: 18 | Frame: 51.3 ms (max 66.7) | Physics: 16.6 ms (max 33.2)
Godot Process: 20.11 ms | Physics: 12.30 ms
Objects: 66781 | Nodes: 29220 | Resources: 539
Draw calls: 4346 | Vertices: 6570851 | VRAM: 747.3 MB
Physics bodies: 476 | Collision pairs: 6572
--- System Times ---
  road_batch_finalize_total_-1,-1: 10.47 ms (max 10.47)
  road_batch_finalize_total_-1,-2: 15.38 ms (max 15.38)
  road_batch_finalize_total_-1,-3: 11.56 ms (max 11.56)
  road_batch_finalize_total_-1,-4: 9.31 ms (max 9.31)
  road_batch_finalize_total_-1,-5: 9.36 ms (max 9.36)
  road_batch_finalize_total_-1,0: 3.82 ms (max 3.82)
  road_batch_finalize_total_-2,-1: 16.32 ms (max 16.32)
  road_batch_finalize_total_-2,-2: 15.24 ms (max 15.24)
  road_batch_finalize_total_-2,-3: 8.67 ms (max 8.67)
  road_batch_finalize_total_-2,-4: 10.52 ms (max 12.78)
  road_batch_finalize_total_-2,0: 14.05 ms (max 14.05)
  road_batch_finalize_total_0,-1: 19.44 ms (max 19.44)
  road_batch_finalize_total_0,-2: 19.68 ms (max 19.68)
  road_batch_finalize_total_0,-3: 11.59 ms (max 11.59)
  road_batch_finalize_total_0,-4: 5.84 ms (max 5.84)
  road_batch_finalize_total_0,-5: 8.77 ms (max 8.77)
  road_batch_finalize_total_0,0: 16.18 ms (max 16.18)
  road_batch_finalize_total_0,1: 10.93 ms (max 10.93)
  road_batch_finalize_total_1,-1: 16.70 ms (max 16.70)
  road_batch_finalize_total_1,-2: 18.21 ms (max 18.21)
  road_batch_finalize_total_1,-3: 9.12 ms (max 9.12)
  road_batch_finalize_total_1,-4: 11.09 ms (max 11.09)
  road_batch_finalize_total_1,0: 12.08 ms (max 12.08)
  road_batch_finalize_total_2,-3: 7.01 ms (max 7.01)
  road_collision_create_-1,-1: 3.28 ms (max 3.86)
  road_collision_create_-1,-2: 7.46 ms (max 11.95)
  road_collision_create_-1,-3: 3.47 ms (max 6.77)
  road_collision_create_-1,-4: 4.27 ms (max 4.84)
  road_collision_create_-1,-5: 4.11 ms (max 4.37)
  road_collision_create_-1,0: 1.74 ms (max 2.01)
  road_collision_create_-2,-1: 5.22 ms (max 10.23)
  road_collision_create_-2,-2: 7.37 ms (max 13.00)
  road_collision_create_-2,-3: 2.60 ms (max 4.44)
  road_collision_create_-2,-4: 4.86 ms (max 6.33)
  road_collision_create_-2,0: 6.79 ms (max 10.68)
  road_collision_create_0,-1: 6.19 ms (max 12.66)
  road_collision_create_0,-2: 6.30 ms (max 11.99)
  road_collision_create_0,-3: 3.51 ms (max 4.80)
  road_collision_create_0,-4: 1.74 ms (max 2.77)
  road_collision_create_0,-5: 3.96 ms (max 4.48)
  road_collision_create_0,0: 5.16 ms (max 12.41)
  road_collision_create_0,1: 10.65 ms (max 10.65)
  road_collision_create_1,-1: 5.31 ms (max 12.56)
  road_collision_create_1,-2: 8.81 ms (max 15.10)
  road_collision_create_1,-3: 2.73 ms (max 3.56)
  road_collision_create_1,-4: 3.38 ms (max 4.64)
  road_collision_create_1,0: 11.81 ms (max 11.81)
  road_collision_create_2,-3: 3.06 ms (max 3.74)
===========================

=== PERFORMANCE METRICS ===
FPS: 18 | Frame: 51.3 ms (max 66.7) | Physics: 16.6 ms (max 33.2)
Godot Process: 20.11 ms | Physics: 12.30 ms
Objects: 66781 | Nodes: 29220 | Resources: 539
Draw calls: 4346 | Vertices: 6570851 | VRAM: 747.3 MB
Physics bodies: 476 | Collision pairs: 6572
===========================
⚡ PHYSICS SPIKE #1837: 12.3 ms at 69.7s (Bodies: 476)
⚡ PHYSICS SPIKE #1838: 12.3 ms at 69.7s (Bodies: 476)
⚡ PHYSICS SPIKE #1839: 12.3 ms at 69.7s (Bodies: 476)
⚡ FRAME SPIKE #1165: 53.7 ms at 69.7s (Draw: 4345, Bodies: 476)
⚡ PHYSICS SPIKE #1840: 12.3 ms at 69.8s (Bodies: 476)
⚡ PHYSICS SPIKE #1841: 12.3 ms at 69.8s (Bodies: 476)
⚡ PHYSICS SPIKE #1842: 12.3 ms at 69.8s (Bodies: 476)
⚡ FRAME SPIKE #1166: 53.7 ms at 69.8s (Draw: 4345, Bodies: 476)
⚡ PHYSICS SPIKE #1843: 12.3 ms at 69.8s (Bodies: 476)
⚡ PHYSICS SPIKE #1844: 12.3 ms at 69.8s (Bodies: 476)
⚡ PHYSICS SPIKE #1845: 12.3 ms at 69.8s (Bodies: 476)
⚡ FRAME SPIKE #1167: 51.2 ms at 69.8s (Draw: 4346, Bodies: 476)
⚡ PHYSICS SPIKE #1846: 12.3 ms at 69.9s (Bodies: 476)
⚡ PHYSICS SPIKE #1847: 12.3 ms at 69.9s (Bodies: 476)
⚡ PHYSICS SPIKE #1848: 12.3 ms at 69.9s (Bodies: 476)
⚡ PHYSICS SPIKE #1849: 12.3 ms at 69.9s (Bodies: 476)
⚡ FRAME SPIKE #1168: 50.8 ms at 69.9s (Draw: 4345, Bodies: 476)
⚡ PHYSICS SPIKE #1850: 12.3 ms at 69.9s (Bodies: 476)
⚡ PHYSICS SPIKE #1851: 12.3 ms at 69.9s (Bodies: 476)
⚡ PHYSICS SPIKE #1852: 12.3 ms at 69.9s (Bodies: 476)
⚡ FRAME SPIKE #1169: 53.3 ms at 69.9s (Draw: 4346, Bodies: 476)
⚡ PHYSICS SPIKE #1853: 12.3 ms at 70.0s (Bodies: 476)
⚡ PHYSICS SPIKE #1854: 12.3 ms at 70.0s (Bodies: 476)
⚡ PHYSICS SPIKE #1855: 12.3 ms at 70.0s (Bodies: 476)
⚡ FRAME SPIKE #1170: 53.3 ms at 70.0s (Draw: 4346, Bodies: 476)
⚡ PHYSICS SPIKE #1856: 12.3 ms at 70.0s (Bodies: 476)
⚡ PHYSICS SPIKE #1857: 12.3 ms at 70.0s (Bodies: 476)
⚡ PHYSICS SPIKE #1858: 12.3 ms at 70.0s (Bodies: 476)
⚡ FRAME SPIKE #1171: 53.3 ms at 70.0s (Draw: 4346, Bodies: 476)
⚡ PHYSICS SPIKE #1859: 12.3 ms at 70.1s (Bodies: 476)
⚡ PHYSICS SPIKE #1860: 12.3 ms at 70.1s (Bodies: 476)
⚡ PHYSICS SPIKE #1861: 12.3 ms at 70.1s (Bodies: 476)
⚡ FRAME SPIKE #1172: 53.0 ms at 70.1s (Draw: 4346, Bodies: 476)
⚡ PHYSICS SPIKE #1862: 12.3 ms at 70.1s (Bodies: 476)
⚡ PHYSICS SPIKE #1863: 12.3 ms at 70.1s (Bodies: 476)
⚡ PHYSICS SPIKE #1864: 12.3 ms at 70.1s (Bodies: 476)
⚡ PHYSICS SPIKE #1865: 12.3 ms at 70.1s (Bodies: 476)
⚡ FRAME SPIKE #1173: 53.0 ms at 70.1s (Draw: 4346, Bodies: 476)
⚡ PHYSICS SPIKE #1866: 13.2 ms at 70.2s (Bodies: 476)
⚡ PHYSICS SPIKE #1867: 13.2 ms at 70.2s (Bodies: 476)
⚡ PHYSICS SPIKE #1868: 13.2 ms at 70.2s (Bodies: 476)
⚡ FRAME SPIKE #1174: 53.0 ms at 70.2s (Draw: 4346, Bodies: 476)
⚡ PHYSICS SPIKE #1869: 13.2 ms at 70.2s (Bodies: 476)
⚡ PHYSICS SPIKE #1870: 13.2 ms at 70.2s (Bodies: 476)
⚡ PHYSICS SPIKE #1871: 13.2 ms at 70.2s (Bodies: 476)
⚡ FRAME SPIKE #1175: 53.0 ms at 70.2s (Draw: 4346, Bodies: 476)
⚡ PHYSICS SPIKE #1872: 13.2 ms at 70.3s (Bodies: 476)
⚡ PHYSICS SPIKE #1873: 13.2 ms at 70.3s (Bodies: 476)
⚡ PHYSICS SPIKE #1874: 13.2 ms at 70.3s (Bodies: 476)
⚡ FRAME SPIKE #1176: 53.0 ms at 70.3s (Draw: 4346, Bodies: 476)
⚡ PHYSICS SPIKE #1875: 13.2 ms at 70.3s (Bodies: 476)
⚡ PHYSICS SPIKE #1876: 13.2 ms at 70.3s (Bodies: 476)
⚡ PHYSICS SPIKE #1877: 13.2 ms at 70.3s (Bodies: 476)
⚡ FRAME SPIKE #1177: 53.0 ms at 70.3s (Draw: 4346, Bodies: 476)
⚡ PHYSICS SPIKE #1878: 13.2 ms at 70.4s (Bodies: 476)
⚡ PHYSICS SPIKE #1879: 13.2 ms at 70.4s (Bodies: 476)
⚡ PHYSICS SPIKE #1880: 13.2 ms at 70.4s (Bodies: 476)
⚡ FRAME SPIKE #1178: 51.6 ms at 70.4s (Draw: 4346, Bodies: 476)
⚡ PHYSICS SPIKE #1881: 13.2 ms at 70.4s (Bodies: 476)
⚡ PHYSICS SPIKE #1882: 13.2 ms at 70.4s (Bodies: 476)
⚡ PHYSICS SPIKE #1883: 13.2 ms at 70.4s (Bodies: 476)
⚡ FRAME SPIKE #1179: 49.3 ms at 70.4s (Draw: 4346, Bodies: 476)
⚡ PHYSICS SPIKE #1884: 13.2 ms at 70.5s (Bodies: 476)
⚡ PHYSICS SPIKE #1885: 13.2 ms at 70.5s (Bodies: 476)
⚡ PHYSICS SPIKE #1886: 13.2 ms at 70.5s (Bodies: 476)
⚡ FRAME SPIKE #1180: 51.3 ms at 70.5s (Draw: 4346, Bodies: 476)
⚡ PHYSICS SPIKE #1887: 13.2 ms at 70.5s (Bodies: 476)
⚡ PHYSICS SPIKE #1888: 13.2 ms at 70.5s (Bodies: 476)
⚡ PHYSICS SPIKE #1889: 13.2 ms at 70.5s (Bodies: 476)
⚡ FRAME SPIKE #1181: 51.9 ms at 70.5s (Draw: 4346, Bodies: 476)
⚡ PHYSICS SPIKE #1890: 13.2 ms at 70.6s (Bodies: 476)
⚡ PHYSICS SPIKE #1891: 13.2 ms at 70.6s (Bodies: 476)
⚡ PHYSICS SPIKE #1892: 13.2 ms at 70.6s (Bodies: 476)
⚡ PHYSICS SPIKE #1893: 13.2 ms at 70.6s (Bodies: 476)
⚡ FRAME SPIKE #1182: 50.7 ms at 70.6s (Draw: 4346, Bodies: 476)
⚡ PHYSICS SPIKE #1894: 13.2 ms at 70.6s (Bodies: 476)
⚡ PHYSICS SPIKE #1895: 13.2 ms at 70.6s (Bodies: 476)
⚡ PHYSICS SPIKE #1896: 13.2 ms at 70.6s (Bodies: 476)
⚡ FRAME SPIKE #1183: 52.1 ms at 70.6s (Draw: 4346, Bodies: 476)
⚡ PHYSICS SPIKE #1897: 13.2 ms at 70.7s (Bodies: 476)
⚡ PHYSICS SPIKE #1898: 13.2 ms at 70.7s (Bodies: 476)
⚡ PHYSICS SPIKE #1899: 13.2 ms at 70.7s (Bodies: 476)
⚡ FRAME SPIKE #1184: 51.9 ms at 70.7s (Draw: 4346, Bodies: 476)
⚡ PHYSICS SPIKE #1900: 13.2 ms at 70.7s (Bodies: 476)
⚡ PHYSICS SPIKE #1901: 13.2 ms at 70.7s (Bodies: 476)
⚡ PHYSICS SPIKE #1902: 13.2 ms at 70.7s (Bodies: 476)
⚡ FRAME SPIKE #1185: 51.9 ms at 70.7s (Draw: 4346, Bodies: 476)
⚡ PHYSICS SPIKE #1903: 13.2 ms at 70.8s (Bodies: 476)
⚡ PHYSICS SPIKE #1904: 13.2 ms at 70.8s (Bodies: 476)
⚡ PHYSICS SPIKE #1905: 13.2 ms at 70.8s (Bodies: 476)
⚡ FRAME SPIKE #1186: 51.9 ms at 70.8s (Draw: 4346, Bodies: 476)
⚡ PHYSICS SPIKE #1906: 13.2 ms at 70.9s (Bodies: 476)
⚡ PHYSICS SPIKE #1907: 13.2 ms at 70.9s (Bodies: 476)
⚡ PHYSICS SPIKE #1908: 13.2 ms at 70.9s (Bodies: 476)
⚡ FRAME SPIKE #1187: 51.9 ms at 70.9s (Draw: 4346, Bodies: 476)
⚡ PHYSICS SPIKE #1909: 13.2 ms at 70.9s (Bodies: 476)
⚡ PHYSICS SPIKE #1910: 13.2 ms at 70.9s (Bodies: 476)
⚡ PHYSICS SPIKE #1911: 13.2 ms at 70.9s (Bodies: 476)
⚡ FRAME SPIKE #1188: 51.9 ms at 70.9s (Draw: 4346, Bodies: 476)
⚡ PHYSICS SPIKE #1912: 13.2 ms at 71.0s (Bodies: 476)
⚡ PHYSICS SPIKE #1913: 13.2 ms at 71.0s (Bodies: 477)
⚡ PHYSICS SPIKE #1914: 13.2 ms at 71.0s (Bodies: 477)
⚡ FRAME SPIKE #1189: 51.9 ms at 71.0s (Draw: 4352, Bodies: 477)
⚡ PHYSICS SPIKE #1915: 13.2 ms at 71.0s (Bodies: 477)
⚡ PHYSICS SPIKE #1916: 13.2 ms at 71.0s (Bodies: 477)
⚡ PHYSICS SPIKE #1917: 13.2 ms at 71.0s (Bodies: 477)
⚡ FRAME SPIKE #1190: 51.9 ms at 71.0s (Draw: 4352, Bodies: 477)
⚡ PHYSICS SPIKE #1918: 13.2 ms at 71.1s (Bodies: 477)
⚡ PHYSICS SPIKE #1919: 13.2 ms at 71.1s (Bodies: 477)
⚡ PHYSICS SPIKE #1920: 13.2 ms at 71.1s (Bodies: 477)
⚡ PHYSICS SPIKE #1921: 13.2 ms at 71.1s (Bodies: 477)
⚡ FRAME SPIKE #1191: 51.9 ms at 71.1s (Draw: 4352, Bodies: 477)
⚡ PHYSICS SPIKE #1922: 13.2 ms at 71.1s (Bodies: 477)
⚡ PHYSICS SPIKE #1923: 13.2 ms at 71.1s (Bodies: 477)
⚡ PHYSICS SPIKE #1924: 13.2 ms at 71.1s (Bodies: 477)
⚡ FRAME SPIKE #1192: 52.1 ms at 71.1s (Draw: 4352, Bodies: 477)
⚡ PHYSICS SPIKE #1925: 12.4 ms at 71.2s (Bodies: 477)
⚡ PHYSICS SPIKE #1926: 12.4 ms at 71.2s (Bodies: 477)
⚡ PHYSICS SPIKE #1927: 12.4 ms at 71.2s (Bodies: 477)
⚡ FRAME SPIKE #1193: 51.9 ms at 71.2s (Draw: 4352, Bodies: 477)
⚡ PHYSICS SPIKE #1928: 12.4 ms at 71.2s (Bodies: 477)
⚡ PHYSICS SPIKE #1929: 12.4 ms at 71.2s (Bodies: 477)
⚡ PHYSICS SPIKE #1930: 12.4 ms at 71.2s (Bodies: 477)
⚡ FRAME SPIKE #1194: 51.9 ms at 71.2s (Draw: 4352, Bodies: 477)
🚗 Traffic: 30 active NPCs (Near: 11, Mid: 13, Far: 6), 4 pooled
  → Physics bodies from NPCs: 30 (All: 30×1, было бы 30×5=150)

========== Bottleneck Analysis Report ==========
Time: 82.2s | Frames: 2664

📊 PERFORMANCE OVERVIEW:
  FPS: 18.8 avg | 18.0 min
  Frame Time: 19.97 ms avg | 21.26 ms max
  Physics Time: 12.74 ms avg

🔍 BOTTLENECK IDENTIFICATION:
  🔴 [CRITICAL] Physics Time
      Value: 12.74 ms
      Impact: Physics simulation overhead
      Suggestions:
        • Reduce number of active physics bodies
        • Simplify collision shapes
        • Disable physics for distant objects

  🟠 [HIGH] Frame Time
      Value: 19.97 ms (target: 16.67 ms)
      Impact: Overall performance bottleneck
      Suggestions:
        • Reduce draw calls
        • Optimize scripts in _process()
        • Check for expensive operations per frame

  🟠 [HIGH] Draw Calls
      Value: 4181 calls/frame
      Impact: GPU rendering overhead
      Suggestions:
        • Batch meshes by material
        • Use MultiMeshInstance3D
        • Implement LOD system
        • Enable frustum culling

  🟠 [HIGH] Physics Bodies
      Value: 477 active bodies
      Impact: Physics engine load
      Suggestions:
        • Reduce NPC count
        • Convert distant NPCs to kinematic
        • Disable physics for far objects

  🟡 [MEDIUM] Vertex Count
      Value: 6563241 vertices/frame
      Impact: GPU vertex processing
      Suggestions:
        • Implement LOD for distant objects
        • Simplify building meshes
        • Use lower poly models

  🟡 [MEDIUM] Node Count
      Value: 29220 nodes
      Impact: Scene tree traversal overhead
      Suggestions:
        • Unload distant chunks
        • Pool and reuse nodes
        • Flatten hierarchy where possible

  🟡 [MEDIUM] Post-Processing Effects
      Value: SSAO, Glow/Bloom, Volumetric Fog
      Impact: GPU shader overhead
      Suggestions:
        • Reduce SSR quality
        • Disable SSAO on low-end hardware
        • Use simpler fog

📈 DETAILED STATS:
  Draw Calls: 4181 avg | 4354 max
  Vertices: 6563241 avg | 6570851 max
  Physics Bodies: 477
  Nodes: 29220
  VRAM: 747.3 MB

=================================================

⚡ PHYSICS SPIKE #1931: 12.4 ms at 71.3s (Bodies: 477)
⚡ PHYSICS SPIKE #1932: 12.4 ms at 71.3s (Bodies: 477)
⚡ PHYSICS SPIKE #1933: 12.4 ms at 71.3s (Bodies: 477)
⚡ FRAME SPIKE #1195: 51.9 ms at 71.3s (Draw: 4352, Bodies: 477)
⚡ PHYSICS SPIKE #1934: 12.4 ms at 71.3s (Bodies: 477)
⚡ PHYSICS SPIKE #1935: 12.4 ms at 71.3s (Bodies: 477)
⚡ PHYSICS SPIKE #1936: 12.4 ms at 71.3s (Bodies: 477)
⚡ FRAME SPIKE #1196: 51.9 ms at 71.3s (Draw: 4352, Bodies: 477)
⚡ PHYSICS SPIKE #1937: 12.4 ms at 71.4s (Bodies: 477)
⚡ PHYSICS SPIKE #1938: 12.4 ms at 71.4s (Bodies: 477)
⚡ PHYSICS SPIKE #1939: 12.4 ms at 71.4s (Bodies: 477)
⚡ FRAME SPIKE #1197: 51.9 ms at 71.4s (Draw: 4352, Bodies: 477)
⚡ PHYSICS SPIKE #1940: 12.4 ms at 71.4s (Bodies: 477)
⚡ PHYSICS SPIKE #1941: 12.4 ms at 71.4s (Bodies: 477)
⚡ PHYSICS SPIKE #1942: 12.4 ms at 71.4s (Bodies: 477)
⚡ FRAME SPIKE #1198: 51.9 ms at 71.4s (Draw: 4352, Bodies: 477)
⚡ PHYSICS SPIKE #1943: 12.4 ms at 71.5s (Bodies: 477)
⚡ PHYSICS SPIKE #1944: 12.4 ms at 71.5s (Bodies: 477)
⚡ PHYSICS SPIKE #1945: 12.4 ms at 71.5s (Bodies: 477)
⚡ FRAME SPIKE #1199: 50.8 ms at 71.5s (Draw: 4352, Bodies: 477)
⚡ PHYSICS SPIKE #1946: 12.4 ms at 71.5s (Bodies: 477)
⚡ PHYSICS SPIKE #1947: 12.4 ms at 71.5s (Bodies: 477)
⚡ PHYSICS SPIKE #1948: 12.4 ms at 71.5s (Bodies: 477)
⚡ FRAME SPIKE #1200: 51.2 ms at 71.5s (Draw: 4352, Bodies: 477)
⚡ PHYSICS SPIKE #1949: 12.4 ms at 71.6s (Bodies: 477)
⚡ PHYSICS SPIKE #1950: 12.4 ms at 71.6s (Bodies: 477)
⚡ PHYSICS SPIKE #1951: 12.4 ms at 71.6s (Bodies: 477)
⚡ PHYSICS SPIKE #1952: 12.4 ms at 71.6s (Bodies: 477)
⚡ FRAME SPIKE #1201: 51.5 ms at 71.6s (Draw: 4352, Bodies: 477)
⚡ PHYSICS SPIKE #1953: 12.4 ms at 71.6s (Bodies: 477)
⚡ PHYSICS SPIKE #1954: 12.4 ms at 71.6s (Bodies: 477)
⚡ PHYSICS SPIKE #1955: 12.4 ms at 71.6s (Bodies: 477)
⚡ FRAME SPIKE #1202: 51.9 ms at 71.6s (Draw: 4352, Bodies: 477)
⚡ PHYSICS SPIKE #1956: 12.4 ms at 71.7s (Bodies: 477)
⚡ PHYSICS SPIKE #1957: 12.4 ms at 71.7s (Bodies: 477)
⚡ PHYSICS SPIKE #1958: 12.4 ms at 71.7s (Bodies: 477)
⚡ FRAME SPIKE #1203: 51.7 ms at 71.7s (Draw: 4352, Bodies: 477)
⚡ PHYSICS SPIKE #1959: 12.4 ms at 71.7s (Bodies: 477)
⚡ PHYSICS SPIKE #1960: 12.4 ms at 71.7s (Bodies: 477)
⚡ PHYSICS SPIKE #1961: 12.4 ms at 71.7s (Bodies: 477)
⚡ FRAME SPIKE #1204: 51.7 ms at 71.7s (Draw: 4352, Bodies: 477)
⚡ PHYSICS SPIKE #1962: 12.4 ms at 71.8s (Bodies: 477)
⚡ PHYSICS SPIKE #1963: 12.4 ms at 71.8s (Bodies: 477)
⚡ PHYSICS SPIKE #1964: 12.4 ms at 71.8s (Bodies: 477)
⚡ FRAME SPIKE #1205: 51.7 ms at 71.8s (Draw: 4352, Bodies: 477)
⚡ PHYSICS SPIKE #1965: 12.4 ms at 71.8s (Bodies: 477)
⚡ PHYSICS SPIKE #1966: 12.4 ms at 71.8s (Bodies: 477)
⚡ PHYSICS SPIKE #1967: 12.4 ms at 71.8s (Bodies: 477)
⚡ FRAME SPIKE #1206: 51.7 ms at 71.8s (Draw: 4352, Bodies: 477)
⚡ PHYSICS SPIKE #1968: 12.4 ms at 71.9s (Bodies: 477)
⚡ PHYSICS SPIKE #1969: 12.4 ms at 71.9s (Bodies: 477)
⚡ PHYSICS SPIKE #1970: 12.4 ms at 71.9s (Bodies: 477)
⚡ FRAME SPIKE #1207: 51.7 ms at 71.9s (Draw: 4352, Bodies: 477)
⚡ PHYSICS SPIKE #1971: 12.4 ms at 71.9s (Bodies: 477)
⚡ PHYSICS SPIKE #1972: 12.4 ms at 71.9s (Bodies: 477)
⚡ PHYSICS SPIKE #1973: 12.4 ms at 71.9s (Bodies: 477)
⚡ FRAME SPIKE #1208: 51.7 ms at 71.9s (Draw: 4352, Bodies: 477)
⚡ PHYSICS SPIKE #1974: 12.4 ms at 72.0s (Bodies: 477)
⚡ PHYSICS SPIKE #1975: 12.4 ms at 72.0s (Bodies: 477)
⚡ PHYSICS SPIKE #1976: 12.4 ms at 72.0s (Bodies: 477)
⚡ FRAME SPIKE #1209: 51.7 ms at 72.0s (Draw: 4352, Bodies: 477)
⚡ PHYSICS SPIKE #1977: 12.4 ms at 72.0s (Bodies: 477)
⚡ PHYSICS SPIKE #1978: 12.4 ms at 72.0s (Bodies: 477)
⚡ PHYSICS SPIKE #1979: 12.4 ms at 72.0s (Bodies: 477)
⚡ FRAME SPIKE #1210: 51.7 ms at 72.0s (Draw: 4352, Bodies: 477)
⚡ PHYSICS SPIKE #1980: 12.4 ms at 72.1s (Bodies: 477)
⚡ PHYSICS SPIKE #1981: 12.4 ms at 72.1s (Bodies: 477)
⚡ PHYSICS SPIKE #1982: 12.4 ms at 72.1s (Bodies: 477)
⚡ PHYSICS SPIKE #1983: 12.4 ms at 72.1s (Bodies: 477)
⚡ FRAME SPIKE #1211: 51.7 ms at 72.1s (Draw: 4352, Bodies: 477)
⚡ PHYSICS SPIKE #1984: 12.3 ms at 72.1s (Bodies: 477)
⚡ PHYSICS SPIKE #1985: 12.3 ms at 72.1s (Bodies: 477)
⚡ PHYSICS SPIKE #1986: 12.3 ms at 72.1s (Bodies: 477)
⚡ FRAME SPIKE #1212: 51.9 ms at 72.1s (Draw: 4352, Bodies: 477)
⚡ PHYSICS SPIKE #1987: 12.3 ms at 72.2s (Bodies: 477)
⚡ PHYSICS SPIKE #1988: 12.3 ms at 72.2s (Bodies: 477)
⚡ PHYSICS SPIKE #1989: 12.3 ms at 72.2s (Bodies: 477)
⚡ FRAME SPIKE #1213: 51.9 ms at 72.2s (Draw: 4352, Bodies: 477)
⚡ PHYSICS SPIKE #1990: 12.3 ms at 72.2s (Bodies: 477)
⚡ PHYSICS SPIKE #1991: 12.3 ms at 72.2s (Bodies: 477)
⚡ PHYSICS SPIKE #1992: 12.3 ms at 72.2s (Bodies: 477)
⚡ FRAME SPIKE #1214: 51.9 ms at 72.2s (Draw: 4352, Bodies: 477)
⚡ PHYSICS SPIKE #1993: 12.3 ms at 72.3s (Bodies: 477)
⚡ PHYSICS SPIKE #1994: 12.3 ms at 72.3s (Bodies: 477)
⚡ PHYSICS SPIKE #1995: 12.3 ms at 72.3s (Bodies: 477)
⚡ FRAME SPIKE #1215: 51.7 ms at 72.3s (Draw: 4352, Bodies: 477)
⚡ PHYSICS SPIKE #1996: 12.3 ms at 72.4s (Bodies: 477)
⚡ PHYSICS SPIKE #1997: 12.3 ms at 72.4s (Bodies: 477)
⚡ PHYSICS SPIKE #1998: 12.3 ms at 72.4s (Bodies: 477)
⚡ FRAME SPIKE #1216: 51.7 ms at 72.4s (Draw: 4350, Bodies: 477)
⚡ PHYSICS SPIKE #1999: 12.3 ms at 72.4s (Bodies: 477)
⚡ PHYSICS SPIKE #2000: 12.3 ms at 72.4s (Bodies: 477)
⚡ PHYSICS SPIKE #2001: 12.3 ms at 72.4s (Bodies: 477)
⚡ FRAME SPIKE #1217: 51.7 ms at 72.4s (Draw: 4350, Bodies: 477)
⚡ PHYSICS SPIKE #2002: 12.3 ms at 72.5s (Bodies: 477)
⚡ PHYSICS SPIKE #2003: 12.3 ms at 72.5s (Bodies: 477)
⚡ PHYSICS SPIKE #2004: 12.3 ms at 72.5s (Bodies: 477)
⚡ FRAME SPIKE #1218: 51.7 ms at 72.5s (Draw: 4350, Bodies: 477)
⚡ PHYSICS SPIKE #2005: 12.3 ms at 72.5s (Bodies: 477)
⚡ PHYSICS SPIKE #2006: 12.3 ms at 72.5s (Bodies: 477)
⚡ PHYSICS SPIKE #2007: 12.3 ms at 72.5s (Bodies: 477)
⚡ FRAME SPIKE #1219: 51.7 ms at 72.5s (Draw: 4352, Bodies: 477)
⚡ PHYSICS SPIKE #2008: 12.3 ms at 72.6s (Bodies: 477)
⚡ PHYSICS SPIKE #2009: 12.3 ms at 72.6s (Bodies: 477)
⚡ PHYSICS SPIKE #2010: 12.3 ms at 72.6s (Bodies: 477)
⚡ FRAME SPIKE #1220: 51.7 ms at 72.6s (Draw: 4352, Bodies: 477)
⚡ PHYSICS SPIKE #2011: 12.3 ms at 72.6s (Bodies: 477)
⚡ PHYSICS SPIKE #2012: 12.3 ms at 72.6s (Bodies: 477)
⚡ PHYSICS SPIKE #2013: 12.3 ms at 72.6s (Bodies: 477)
⚡ PHYSICS SPIKE #2014: 12.3 ms at 72.6s (Bodies: 477)
⚡ FRAME SPIKE #1221: 51.7 ms at 72.6s (Draw: 4352, Bodies: 477)
⚡ PHYSICS SPIKE #2015: 12.3 ms at 72.7s (Bodies: 477)
⚡ PHYSICS SPIKE #2016: 12.3 ms at 72.7s (Bodies: 477)
⚡ PHYSICS SPIKE #2017: 12.3 ms at 72.7s (Bodies: 477)
⚡ FRAME SPIKE #1222: 51.9 ms at 72.7s (Draw: 4352, Bodies: 477)
⚡ PHYSICS SPIKE #2018: 12.3 ms at 72.7s (Bodies: 477)
⚡ PHYSICS SPIKE #2019: 12.3 ms at 72.7s (Bodies: 477)
⚡ PHYSICS SPIKE #2020: 12.3 ms at 72.7s (Bodies: 477)
⚡ FRAME SPIKE #1223: 51.9 ms at 72.7s (Draw: 4352, Bodies: 477)
⚡ PHYSICS SPIKE #2021: 12.3 ms at 72.8s (Bodies: 477)
⚡ PHYSICS SPIKE #2022: 12.3 ms at 72.8s (Bodies: 477)
⚡ PHYSICS SPIKE #2023: 12.3 ms at 72.8s (Bodies: 477)
⚡ FRAME SPIKE #1224: 51.9 ms at 72.8s (Draw: 4352, Bodies: 477)
⚡ PHYSICS SPIKE #2024: 12.3 ms at 72.8s (Bodies: 477)
⚡ PHYSICS SPIKE #2025: 12.3 ms at 72.8s (Bodies: 477)
⚡ PHYSICS SPIKE #2026: 12.3 ms at 72.8s (Bodies: 477)
⚡ FRAME SPIKE #1225: 51.7 ms at 72.8s (Draw: 4352, Bodies: 477)
⚡ PHYSICS SPIKE #2027: 12.3 ms at 72.9s (Bodies: 477)
⚡ PHYSICS SPIKE #2028: 12.3 ms at 72.9s (Bodies: 477)
⚡ PHYSICS SPIKE #2029: 12.3 ms at 72.9s (Bodies: 477)
⚡ FRAME SPIKE #1226: 51.7 ms at 72.9s (Draw: 4352, Bodies: 477)
⚡ PHYSICS SPIKE #2030: 12.3 ms at 72.9s (Bodies: 477)
⚡ PHYSICS SPIKE #2031: 12.3 ms at 72.9s (Bodies: 477)
⚡ PHYSICS SPIKE #2032: 12.3 ms at 72.9s (Bodies: 477)
⚡ FRAME SPIKE #1227: 51.7 ms at 72.9s (Draw: 4352, Bodies: 477)
⚡ PHYSICS SPIKE #2033: 12.3 ms at 73.0s (Bodies: 477)
⚡ PHYSICS SPIKE #2034: 12.3 ms at 73.0s (Bodies: 477)
⚡ PHYSICS SPIKE #2035: 12.3 ms at 73.0s (Bodies: 477)
⚡ FRAME SPIKE #1228: 51.7 ms at 73.0s (Draw: 4352, Bodies: 477)
⚡ PHYSICS SPIKE #2036: 12.3 ms at 73.0s (Bodies: 477)
⚡ PHYSICS SPIKE #2037: 12.3 ms at 73.0s (Bodies: 479)
⚡ PHYSICS SPIKE #2038: 12.3 ms at 73.0s (Bodies: 479)
⚡ FRAME SPIKE #1229: 51.7 ms at 73.0s (Draw: 4354, Bodies: 479)
⚡ PHYSICS SPIKE #2039: 12.3 ms at 73.1s (Bodies: 479)
⚡ PHYSICS SPIKE #2040: 12.3 ms at 73.1s (Bodies: 479)
⚡ PHYSICS SPIKE #2041: 12.3 ms at 73.1s (Bodies: 479)
⚡ FRAME SPIKE #1230: 51.6 ms at 73.1s (Draw: 4354, Bodies: 479)
⚡ PHYSICS SPIKE #2042: 12.3 ms at 73.1s (Bodies: 479)
⚡ PHYSICS SPIKE #2043: 12.3 ms at 73.1s (Bodies: 479)
⚡ PHYSICS SPIKE #2044: 12.3 ms at 73.1s (Bodies: 479)
⚡ PHYSICS SPIKE #2045: 12.3 ms at 73.1s (Bodies: 479)
⚡ FRAME SPIKE #1231: 51.7 ms at 73.1s (Draw: 4354, Bodies: 479)
⚡ PHYSICS SPIKE #2046: 12.1 ms at 73.2s (Bodies: 479)
⚡ PHYSICS SPIKE #2047: 12.1 ms at 73.2s (Bodies: 479)
⚡ PHYSICS SPIKE #2048: 12.1 ms at 73.2s (Bodies: 479)
⚡ FRAME SPIKE #1232: 51.9 ms at 73.2s (Draw: 4354, Bodies: 479)
⚡ PHYSICS SPIKE #2049: 12.1 ms at 73.2s (Bodies: 479)
⚡ PHYSICS SPIKE #2050: 12.1 ms at 73.2s (Bodies: 479)
⚡ PHYSICS SPIKE #2051: 12.1 ms at 73.2s (Bodies: 479)
⚡ FRAME SPIKE #1233: 51.9 ms at 73.2s (Draw: 4354, Bodies: 479)
🚗 Traffic: 32 active NPCs (Near: 14, Mid: 11, Far: 7), 2 pooled
  → Physics bodies from NPCs: 32 (All: 32×1, было бы 32×5=160)

========== Bottleneck Analysis Report ==========
Time: 84.2s | Frames: 2703

📊 PERFORMANCE OVERVIEW:
  FPS: 18.9 avg | 18.0 min
  Frame Time: 20.23 ms avg | 21.16 ms max
  Physics Time: 12.64 ms avg

🔍 BOTTLENECK IDENTIFICATION:
  🔴 [CRITICAL] Physics Time
      Value: 12.64 ms
      Impact: Physics simulation overhead
      Suggestions:
        • Reduce number of active physics bodies
        • Simplify collision shapes
        • Disable physics for distant objects

  🟠 [HIGH] Frame Time
      Value: 20.23 ms (target: 16.67 ms)
      Impact: Overall performance bottleneck
      Suggestions:
        • Reduce draw calls
        • Optimize scripts in _process()
        • Check for expensive operations per frame

  🟠 [HIGH] Draw Calls
      Value: 4271 calls/frame
      Impact: GPU rendering overhead
      Suggestions:
        • Batch meshes by material
        • Use MultiMeshInstance3D
        • Implement LOD system
        • Enable frustum culling

  🟠 [HIGH] Physics Bodies
      Value: 477 active bodies
      Impact: Physics engine load
      Suggestions:
        • Reduce NPC count
        • Convert distant NPCs to kinematic
        • Disable physics for far objects

  🟡 [MEDIUM] Vertex Count
      Value: 6567568 vertices/frame
      Impact: GPU vertex processing
      Suggestions:
        • Implement LOD for distant objects
        • Simplify building meshes
        • Use lower poly models

  🟡 [MEDIUM] Node Count
      Value: 29220 nodes
      Impact: Scene tree traversal overhead
      Suggestions:
        • Unload distant chunks
        • Pool and reuse nodes
        • Flatten hierarchy where possible

  🟡 [MEDIUM] Post-Processing Effects
      Value: SSAO, Glow/Bloom, Volumetric Fog
      Impact: GPU shader overhead
      Suggestions:
        • Reduce SSR quality
        • Disable SSAO on low-end hardware
        • Use simpler fog

📈 DETAILED STATS:
  Draw Calls: 4271 avg | 4354 max
  Vertices: 6567568 avg | 6570851 max
  Physics Bodies: 477
  Nodes: 29220
  VRAM: 747.3 MB

=================================================

⚡ PHYSICS SPIKE #2052: 12.1 ms at 73.3s (Bodies: 479)
⚡ PHYSICS SPIKE #2053: 12.1 ms at 73.3s (Bodies: 479)
⚡ PHYSICS SPIKE #2054: 12.1 ms at 73.3s (Bodies: 479)
⚡ FRAME SPIKE #1234: 51.9 ms at 73.3s (Draw: 4354, Bodies: 479)
⚡ PHYSICS SPIKE #2055: 12.1 ms at 73.3s (Bodies: 479)
⚡ PHYSICS SPIKE #2056: 12.1 ms at 73.3s (Bodies: 479)
⚡ PHYSICS SPIKE #2057: 12.1 ms at 73.3s (Bodies: 479)
⚡ FRAME SPIKE #1235: 51.9 ms at 73.3s (Draw: 4354, Bodies: 479)
⚡ PHYSICS SPIKE #2058: 12.1 ms at 73.4s (Bodies: 479)
⚡ PHYSICS SPIKE #2059: 12.1 ms at 73.4s (Bodies: 479)
⚡ PHYSICS SPIKE #2060: 12.1 ms at 73.4s (Bodies: 479)
⚡ FRAME SPIKE #1236: 51.9 ms at 73.4s (Draw: 4354, Bodies: 479)
⚡ PHYSICS SPIKE #2061: 12.1 ms at 73.4s (Bodies: 479)
⚡ PHYSICS SPIKE #2062: 12.1 ms at 73.4s (Bodies: 479)
⚡ PHYSICS SPIKE #2063: 12.1 ms at 73.4s (Bodies: 479)
⚡ FRAME SPIKE #1237: 51.9 ms at 73.4s (Draw: 4354, Bodies: 479)
⚡ PHYSICS SPIKE #2064: 12.1 ms at 73.5s (Bodies: 479)
⚡ PHYSICS SPIKE #2065: 12.1 ms at 73.5s (Bodies: 479)
⚡ PHYSICS SPIKE #2066: 12.1 ms at 73.5s (Bodies: 479)
⚡ FRAME SPIKE #1238: 51.9 ms at 73.5s (Draw: 4354, Bodies: 479)
⚡ PHYSICS SPIKE #2067: 12.1 ms at 73.5s (Bodies: 479)
⚡ PHYSICS SPIKE #2068: 12.1 ms at 73.5s (Bodies: 479)
⚡ PHYSICS SPIKE #2069: 12.1 ms at 73.5s (Bodies: 479)
⚡ FRAME SPIKE #1239: 51.9 ms at 73.5s (Draw: 4354, Bodies: 479)
⚡ PHYSICS SPIKE #2070: 12.1 ms at 73.6s (Bodies: 479)
⚡ PHYSICS SPIKE #2071: 12.1 ms at 73.6s (Bodies: 479)
⚡ PHYSICS SPIKE #2072: 12.1 ms at 73.6s (Bodies: 479)
⚡ PHYSICS SPIKE #2073: 12.1 ms at 73.6s (Bodies: 479)
⚡ FRAME SPIKE #1240: 51.9 ms at 73.6s (Draw: 4354, Bodies: 479)
⚡ PHYSICS SPIKE #2074: 12.1 ms at 73.6s (Bodies: 479)
⚡ PHYSICS SPIKE #2075: 12.1 ms at 73.6s (Bodies: 479)
⚡ PHYSICS SPIKE #2076: 12.1 ms at 73.6s (Bodies: 479)
⚡ FRAME SPIKE #1241: 61.4 ms at 73.6s (Draw: 4354, Bodies: 479)
⚡ PHYSICS SPIKE #2077: 12.1 ms at 73.7s (Bodies: 479)
⚡ PHYSICS SPIKE #2078: 12.1 ms at 73.7s (Bodies: 479)
⚡ PHYSICS SPIKE #2079: 12.1 ms at 73.7s (Bodies: 479)
⚡ FRAME SPIKE #1242: 51.9 ms at 73.7s (Draw: 4354, Bodies: 479)
⚡ PHYSICS SPIKE #2080: 12.1 ms at 73.8s (Bodies: 479)
⚡ PHYSICS SPIKE #2081: 12.1 ms at 73.8s (Bodies: 479)
⚡ PHYSICS SPIKE #2082: 12.1 ms at 73.8s (Bodies: 479)
⚡ PHYSICS SPIKE #2083: 12.1 ms at 73.8s (Bodies: 479)
⚡ FRAME SPIKE #1243: 54.2 ms at 73.8s (Draw: 4354, Bodies: 479)
⚡ PHYSICS SPIKE #2084: 12.1 ms at 73.8s (Bodies: 479)
⚡ PHYSICS SPIKE #2085: 12.1 ms at 73.8s (Bodies: 479)
⚡ PHYSICS SPIKE #2086: 12.1 ms at 73.8s (Bodies: 479)
⚡ FRAME SPIKE #1244: 60.0 ms at 73.8s (Draw: 4354, Bodies: 479)
⚡ PHYSICS SPIKE #2087: 12.1 ms at 73.9s (Bodies: 479)
⚡ PHYSICS SPIKE #2088: 12.1 ms at 73.9s (Bodies: 479)
⚡ PHYSICS SPIKE #2089: 12.1 ms at 73.9s (Bodies: 479)
⚡ FRAME SPIKE #1245: 54.2 ms at 73.9s (Draw: 4354, Bodies: 479)
⚡ PHYSICS SPIKE #2090: 12.1 ms at 73.9s (Bodies: 479)
⚡ PHYSICS SPIKE #2091: 12.1 ms at 73.9s (Bodies: 479)
⚡ PHYSICS SPIKE #2092: 12.1 ms at 73.9s (Bodies: 479)
⚡ PHYSICS SPIKE #2093: 12.1 ms at 73.9s (Bodies: 479)
⚡ FRAME SPIKE #1246: 55.0 ms at 73.9s (Draw: 4354, Bodies: 479)
⚡ PHYSICS SPIKE #2094: 12.1 ms at 74.0s (Bodies: 479)
⚡ PHYSICS SPIKE #2095: 12.1 ms at 74.0s (Bodies: 479)
⚡ PHYSICS SPIKE #2096: 12.1 ms at 74.0s (Bodies: 479)
⚡ FRAME SPIKE #1247: 56.5 ms at 74.0s (Draw: 4354, Bodies: 479)
⚡ PHYSICS SPIKE #2097: 12.1 ms at 74.0s (Bodies: 479)
⚡ PHYSICS SPIKE #2098: 12.1 ms at 74.0s (Bodies: 479)
⚡ PHYSICS SPIKE #2099: 12.1 ms at 74.0s (Bodies: 479)
⚡ FRAME SPIKE #1248: 55.0 ms at 74.0s (Draw: 4354, Bodies: 479)
⚡ PHYSICS SPIKE #2100: 12.1 ms at 74.1s (Bodies: 479)
⚡ PHYSICS SPIKE #2101: 12.1 ms at 74.1s (Bodies: 479)
⚡ PHYSICS SPIKE #2102: 12.1 ms at 74.1s (Bodies: 479)
⚡ FRAME SPIKE #1249: 50.2 ms at 74.1s (Draw: 4354, Bodies: 479)
⚡ PHYSICS SPIKE #2103: 12.4 ms at 74.1s (Bodies: 479)
⚡ PHYSICS SPIKE #2104: 12.4 ms at 74.1s (Bodies: 479)
⚡ PHYSICS SPIKE #2105: 12.4 ms at 74.1s (Bodies: 479)
⚡ PHYSICS SPIKE #2106: 12.4 ms at 74.1s (Bodies: 479)
⚡ FRAME SPIKE #1250: 55.0 ms at 74.1s (Draw: 4353, Bodies: 479)
⚡ PHYSICS SPIKE #2107: 12.4 ms at 74.2s (Bodies: 479)
⚡ PHYSICS SPIKE #2108: 12.4 ms at 74.2s (Bodies: 479)
⚡ PHYSICS SPIKE #2109: 12.4 ms at 74.2s (Bodies: 479)
⚡ PHYSICS SPIKE #2110: 12.4 ms at 74.2s (Bodies: 479)
⚡ FRAME SPIKE #1251: 63.5 ms at 74.2s (Draw: 4353, Bodies: 479)
⚡ PHYSICS SPIKE #2111: 12.4 ms at 74.3s (Bodies: 479)
⚡ PHYSICS SPIKE #2112: 12.4 ms at 74.3s (Bodies: 479)
⚡ PHYSICS SPIKE #2113: 12.4 ms at 74.3s (Bodies: 479)
⚡ FRAME SPIKE #1252: 61.5 ms at 74.3s (Draw: 4353, Bodies: 479)
⚡ PHYSICS SPIKE #2114: 12.4 ms at 74.3s (Bodies: 479)
⚡ PHYSICS SPIKE #2115: 12.4 ms at 74.3s (Bodies: 479)
⚡ PHYSICS SPIKE #2116: 12.4 ms at 74.3s (Bodies: 479)
⚡ PHYSICS SPIKE #2117: 12.4 ms at 74.3s (Bodies: 479)
⚡ FRAME SPIKE #1253: 58.3 ms at 74.3s (Draw: 4354, Bodies: 479)
⚡ PHYSICS SPIKE #2118: 12.4 ms at 74.4s (Bodies: 479)
⚡ PHYSICS SPIKE #2119: 12.4 ms at 74.4s (Bodies: 479)
⚡ PHYSICS SPIKE #2120: 12.4 ms at 74.4s (Bodies: 479)
⚡ FRAME SPIKE #1254: 58.3 ms at 74.4s (Draw: 4353, Bodies: 479)
⚡ PHYSICS SPIKE #2121: 12.4 ms at 74.4s (Bodies: 479)
⚡ PHYSICS SPIKE #2122: 12.4 ms at 74.4s (Bodies: 479)
⚡ PHYSICS SPIKE #2123: 12.4 ms at 74.4s (Bodies: 479)
⚡ PHYSICS SPIKE #2124: 12.4 ms at 74.4s (Bodies: 479)
⚡ FRAME SPIKE #1255: 58.3 ms at 74.4s (Draw: 4353, Bodies: 479)
⚡ PHYSICS SPIKE #2125: 12.4 ms at 74.5s (Bodies: 479)
⚡ PHYSICS SPIKE #2126: 12.4 ms at 74.5s (Bodies: 479)
⚡ PHYSICS SPIKE #2127: 12.4 ms at 74.5s (Bodies: 479)
⚡ FRAME SPIKE #1256: 59.3 ms at 74.5s (Draw: 4353, Bodies: 479)
⚡ PHYSICS SPIKE #2128: 12.4 ms at 74.6s (Bodies: 479)
⚡ PHYSICS SPIKE #2129: 12.4 ms at 74.6s (Bodies: 479)
⚡ PHYSICS SPIKE #2130: 12.4 ms at 74.6s (Bodies: 479)
⚡ PHYSICS SPIKE #2131: 12.4 ms at 74.6s (Bodies: 479)
⚡ FRAME SPIKE #1257: 62.8 ms at 74.6s (Draw: 4354, Bodies: 479)
⚡ PHYSICS SPIKE #2132: 12.4 ms at 74.6s (Bodies: 479)
⚡ PHYSICS SPIKE #2133: 12.4 ms at 74.6s (Bodies: 479)
⚡ PHYSICS SPIKE #2134: 12.4 ms at 74.6s (Bodies: 479)
⚡ PHYSICS SPIKE #2135: 12.4 ms at 74.6s (Bodies: 479)
⚡ FRAME SPIKE #1258: 65.7 ms at 74.6s (Draw: 4354, Bodies: 479)
⚡ PHYSICS SPIKE #2136: 12.4 ms at 74.7s (Bodies: 479)
⚡ PHYSICS SPIKE #2137: 12.4 ms at 74.7s (Bodies: 479)
⚡ PHYSICS SPIKE #2138: 12.4 ms at 74.7s (Bodies: 479)
⚡ PHYSICS SPIKE #2139: 12.4 ms at 74.7s (Bodies: 479)
⚡ FRAME SPIKE #1259: 66.0 ms at 74.7s (Draw: 4354, Bodies: 479)

=== PERFORMANCE METRICS ===
FPS: 18 | Frame: 52.2 ms (max 66.7) | Physics: 16.7 ms (max 37.0)
Godot Process: 20.56 ms | Physics: 12.41 ms
Objects: 66780 | Nodes: 29220 | Resources: 539
Draw calls: 4354 | Vertices: 6570755 | VRAM: 747.3 MB
Physics bodies: 479 | Collision pairs: 6627
--- System Times ---
  road_batch_finalize_total_-1,-1: 10.47 ms (max 10.47)
  road_batch_finalize_total_-1,-2: 15.38 ms (max 15.38)
  road_batch_finalize_total_-1,-3: 11.56 ms (max 11.56)
  road_batch_finalize_total_-1,-4: 9.31 ms (max 9.31)
  road_batch_finalize_total_-1,-5: 9.36 ms (max 9.36)
  road_batch_finalize_total_-1,0: 3.82 ms (max 3.82)
  road_batch_finalize_total_-2,-1: 16.32 ms (max 16.32)
  road_batch_finalize_total_-2,-2: 15.24 ms (max 15.24)
  road_batch_finalize_total_-2,-3: 8.67 ms (max 8.67)
  road_batch_finalize_total_-2,-4: 10.52 ms (max 12.78)
  road_batch_finalize_total_-2,0: 14.05 ms (max 14.05)
  road_batch_finalize_total_0,-1: 19.44 ms (max 19.44)
  road_batch_finalize_total_0,-2: 19.68 ms (max 19.68)
  road_batch_finalize_total_0,-3: 11.59 ms (max 11.59)
  road_batch_finalize_total_0,-4: 5.84 ms (max 5.84)
  road_batch_finalize_total_0,-5: 8.77 ms (max 8.77)
  road_batch_finalize_total_0,0: 16.18 ms (max 16.18)
  road_batch_finalize_total_0,1: 10.93 ms (max 10.93)
  road_batch_finalize_total_1,-1: 16.70 ms (max 16.70)
  road_batch_finalize_total_1,-2: 18.21 ms (max 18.21)
  road_batch_finalize_total_1,-3: 9.12 ms (max 9.12)
  road_batch_finalize_total_1,-4: 11.09 ms (max 11.09)
  road_batch_finalize_total_1,0: 12.08 ms (max 12.08)
  road_batch_finalize_total_2,-3: 7.01 ms (max 7.01)
  road_collision_create_-1,-1: 3.28 ms (max 3.86)
  road_collision_create_-1,-2: 7.46 ms (max 11.95)
  road_collision_create_-1,-3: 3.47 ms (max 6.77)
  road_collision_create_-1,-4: 4.27 ms (max 4.84)
  road_collision_create_-1,-5: 4.11 ms (max 4.37)
  road_collision_create_-1,0: 1.74 ms (max 2.01)
  road_collision_create_-2,-1: 5.22 ms (max 10.23)
  road_collision_create_-2,-2: 7.37 ms (max 13.00)
  road_collision_create_-2,-3: 2.60 ms (max 4.44)
  road_collision_create_-2,-4: 4.86 ms (max 6.33)
  road_collision_create_-2,0: 6.79 ms (max 10.68)
  road_collision_create_0,-1: 6.19 ms (max 12.66)
  road_collision_create_0,-2: 6.30 ms (max 11.99)
  road_collision_create_0,-3: 3.51 ms (max 4.80)
  road_collision_create_0,-4: 1.74 ms (max 2.77)
  road_collision_create_0,-5: 3.96 ms (max 4.48)
  road_collision_create_0,0: 5.16 ms (max 12.41)
  road_collision_create_0,1: 10.65 ms (max 10.65)
  road_collision_create_1,-1: 5.31 ms (max 12.56)
  road_collision_create_1,-2: 8.81 ms (max 15.10)
  road_collision_create_1,-3: 2.73 ms (max 3.56)
  road_collision_create_1,-4: 3.38 ms (max 4.64)
  road_collision_create_1,0: 11.81 ms (max 11.81)
  road_collision_create_2,-3: 3.06 ms (max 3.74)
===========================

=== PERFORMANCE METRICS ===
FPS: 18 | Frame: 52.2 ms (max 66.7) | Physics: 16.7 ms (max 37.4)
Godot Process: 20.56 ms | Physics: 12.41 ms
Objects: 66780 | Nodes: 29220 | Resources: 539
Draw calls: 4354 | Vertices: 6570755 | VRAM: 747.3 MB
Physics bodies: 479 | Collision pairs: 6627
===========================
⚡ PHYSICS SPIKE #2140: 12.4 ms at 74.8s (Bodies: 479)
⚡ PHYSICS SPIKE #2141: 12.4 ms at 74.8s (Bodies: 479)
⚡ PHYSICS SPIKE #2142: 12.4 ms at 74.8s (Bodies: 479)
⚡ PHYSICS SPIKE #2143: 12.4 ms at 74.8s (Bodies: 479)
⚡ FRAME SPIKE #1260: 66.7 ms at 74.8s (Draw: 4354, Bodies: 478)
⚡ PHYSICS SPIKE #2144: 12.4 ms at 74.8s (Bodies: 478)
⚡ PHYSICS SPIKE #2145: 12.4 ms at 74.8s (Bodies: 478)
⚡ PHYSICS SPIKE #2146: 12.4 ms at 74.8s (Bodies: 478)
⚡ PHYSICS SPIKE #2147: 12.4 ms at 74.8s (Bodies: 478)
⚡ FRAME SPIKE #1261: 66.2 ms at 74.8s (Draw: 4354, Bodies: 478)
⚡ PHYSICS SPIKE #2148: 12.4 ms at 74.9s (Bodies: 478)
⚡ PHYSICS SPIKE #2149: 12.4 ms at 74.9s (Bodies: 478)
⚡ PHYSICS SPIKE #2150: 12.4 ms at 74.9s (Bodies: 478)
⚡ PHYSICS SPIKE #2151: 12.4 ms at 74.9s (Bodies: 478)
⚡ FRAME SPIKE #1262: 64.3 ms at 74.9s (Draw: 4354, Bodies: 478)
⚡ PHYSICS SPIKE #2152: 12.4 ms at 75.0s (Bodies: 478)
⚡ PHYSICS SPIKE #2153: 12.4 ms at 75.0s (Bodies: 478)
⚡ PHYSICS SPIKE #2154: 12.4 ms at 75.0s (Bodies: 478)
⚡ PHYSICS SPIKE #2155: 12.4 ms at 75.0s (Bodies: 478)
⚡ FRAME SPIKE #1263: 64.6 ms at 75.0s (Draw: 4354, Bodies: 478)
⚡ PHYSICS SPIKE #2156: 12.4 ms at 75.0s (Bodies: 478)
⚡ PHYSICS SPIKE #2157: 12.4 ms at 75.0s (Bodies: 478)
⚡ PHYSICS SPIKE #2158: 12.4 ms at 75.0s (Bodies: 478)
⚡ FRAME SPIKE #1264: 62.7 ms at 75.0s (Draw: 4354, Bodies: 478)
⚡ PHYSICS SPIKE #2159: 12.4 ms at 75.1s (Bodies: 478)
⚡ PHYSICS SPIKE #2160: 12.4 ms at 75.1s (Bodies: 480)
⚡ PHYSICS SPIKE #2161: 12.4 ms at 75.1s (Bodies: 480)
⚡ PHYSICS SPIKE #2162: 12.4 ms at 75.1s (Bodies: 480)
⚡ FRAME SPIKE #1265: 64.3 ms at 75.1s (Draw: 4355, Bodies: 480)
⚡ PHYSICS SPIKE #2163: 17.1 ms at 75.1s (Bodies: 480)
⚡ PHYSICS SPIKE #2164: 17.1 ms at 75.1s (Bodies: 480)
⚡ PHYSICS SPIKE #2165: 17.1 ms at 75.1s (Bodies: 480)
⚡ PHYSICS SPIKE #2166: 17.1 ms at 75.1s (Bodies: 480)
⚡ FRAME SPIKE #1266: 64.3 ms at 75.1s (Draw: 4354, Bodies: 480)
⚡ PHYSICS SPIKE #2167: 17.1 ms at 75.2s (Bodies: 480)
⚡ PHYSICS SPIKE #2168: 17.1 ms at 75.2s (Bodies: 480)
⚡ PHYSICS SPIKE #2169: 17.1 ms at 75.2s (Bodies: 480)
⚡ PHYSICS SPIKE #2170: 17.1 ms at 75.2s (Bodies: 480)
⚡ FRAME SPIKE #1267: 64.3 ms at 75.2s (Draw: 4355, Bodies: 480)
⚡ PHYSICS SPIKE #2171: 17.1 ms at 75.3s (Bodies: 480)
⚡ PHYSICS SPIKE #2172: 17.1 ms at 75.3s (Bodies: 480)
⚡ PHYSICS SPIKE #2173: 17.1 ms at 75.3s (Bodies: 480)
⚡ PHYSICS SPIKE #2174: 17.1 ms at 75.3s (Bodies: 480)
⚡ FRAME SPIKE #1268: 64.3 ms at 75.3s (Draw: 4355, Bodies: 480)
🚗 Traffic: 33 active NPCs (Near: 13, Mid: 13, Far: 7), 1 pooled
  → Physics bodies from NPCs: 33 (All: 33×1, было бы 33×5=165)

========== Bottleneck Analysis Report ==========
Time: 86.2s | Frames: 2738

📊 PERFORMANCE OVERVIEW:
  FPS: 18.8 avg | 16.0 min
  Frame Time: 20.37 ms avg | 21.16 ms max
  Physics Time: 12.61 ms avg

🔍 BOTTLENECK IDENTIFICATION:
  🔴 [CRITICAL] Physics Time
      Value: 12.61 ms
      Impact: Physics simulation overhead
      Suggestions:
        • Reduce number of active physics bodies
        • Simplify collision shapes
        • Disable physics for distant objects

  🟠 [HIGH] Frame Time
      Value: 20.37 ms (target: 16.67 ms)
      Impact: Overall performance bottleneck
      Suggestions:
        • Reduce draw calls
        • Optimize scripts in _process()
        • Check for expensive operations per frame

  🟠 [HIGH] Draw Calls
      Value: 4349 calls/frame
      Impact: GPU rendering overhead
      Suggestions:
        • Batch meshes by material
        • Use MultiMeshInstance3D
        • Implement LOD system
        • Enable frustum culling

  🟠 [HIGH] Physics Bodies
      Value: 477 active bodies
      Impact: Physics engine load
      Suggestions:
        • Reduce NPC count
        • Convert distant NPCs to kinematic
        • Disable physics for far objects

  🟡 [MEDIUM] Vertex Count
      Value: 6570702 vertices/frame
      Impact: GPU vertex processing
      Suggestions:
        • Implement LOD for distant objects
        • Simplify building meshes
        • Use lower poly models

  🟡 [MEDIUM] Node Count
      Value: 29220 nodes
      Impact: Scene tree traversal overhead
      Suggestions:
        • Unload distant chunks
        • Pool and reuse nodes
        • Flatten hierarchy where possible

  🟡 [MEDIUM] Post-Processing Effects
      Value: SSAO, Glow/Bloom, Volumetric Fog
      Impact: GPU shader overhead
      Suggestions:
        • Reduce SSR quality
        • Disable SSAO on low-end hardware
        • Use simpler fog

📈 DETAILED STATS:
  Draw Calls: 4349 avg | 4355 max
  Vertices: 6570702 avg | 6570851 max
  Physics Bodies: 477
  Nodes: 29220
  VRAM: 747.3 MB

=================================================

⚡ PHYSICS SPIKE #2175: 17.1 ms at 75.3s (Bodies: 480)
⚡ PHYSICS SPIKE #2176: 17.1 ms at 75.3s (Bodies: 480)
⚡ PHYSICS SPIKE #2177: 17.1 ms at 75.3s (Bodies: 480)
⚡ PHYSICS SPIKE #2178: 17.1 ms at 75.3s (Bodies: 480)
⚡ FRAME SPIKE #1269: 64.3 ms at 75.3s (Draw: 4355, Bodies: 480)
⚡ PHYSICS SPIKE #2179: 17.1 ms at 75.4s (Bodies: 480)
⚡ PHYSICS SPIKE #2180: 17.1 ms at 75.4s (Bodies: 480)
⚡ PHYSICS SPIKE #2181: 17.1 ms at 75.4s (Bodies: 480)
⚡ PHYSICS SPIKE #2182: 17.1 ms at 75.4s (Bodies: 480)
⚡ FRAME SPIKE #1270: 64.3 ms at 75.4s (Draw: 4355, Bodies: 480)
⚡ PHYSICS SPIKE #2183: 17.1 ms at 75.5s (Bodies: 480)
⚡ PHYSICS SPIKE #2184: 17.1 ms at 75.5s (Bodies: 480)
⚡ PHYSICS SPIKE #2185: 17.1 ms at 75.5s (Bodies: 480)
⚡ FRAME SPIKE #1271: 64.3 ms at 75.5s (Draw: 4355, Bodies: 480)
⚡ PHYSICS SPIKE #2186: 17.1 ms at 75.5s (Bodies: 480)
⚡ PHYSICS SPIKE #2187: 17.1 ms at 75.5s (Bodies: 480)
⚡ PHYSICS SPIKE #2188: 17.1 ms at 75.5s (Bodies: 480)
⚡ PHYSICS SPIKE #2189: 17.1 ms at 75.5s (Bodies: 480)
⚡ PHYSICS SPIKE #2190: 17.1 ms at 75.5s (Bodies: 480)
⚡ FRAME SPIKE #1272: 82.4 ms at 75.5s (Draw: 4355, Bodies: 480)
⚡ PHYSICS SPIKE #2191: 17.1 ms at 75.6s (Bodies: 480)
⚡ PHYSICS SPIKE #2192: 17.1 ms at 75.6s (Bodies: 480)
⚡ PHYSICS SPIKE #2193: 17.1 ms at 75.6s (Bodies: 480)
⚡ PHYSICS SPIKE #2194: 17.1 ms at 75.6s (Bodies: 480)
⚡ PHYSICS SPIKE #2195: 17.1 ms at 75.6s (Bodies: 480)
⚡ FRAME SPIKE #1273: 84.3 ms at 75.6s (Draw: 4355, Bodies: 480)
⚡ PHYSICS SPIKE #2196: 17.1 ms at 75.7s (Bodies: 480)
⚡ PHYSICS SPIKE #2197: 17.1 ms at 75.7s (Bodies: 480)
⚡ PHYSICS SPIKE #2198: 17.1 ms at 75.7s (Bodies: 480)
⚡ PHYSICS SPIKE #2199: 17.1 ms at 75.7s (Bodies: 480)
⚡ PHYSICS SPIKE #2200: 17.1 ms at 75.7s (Bodies: 480)
⚡ FRAME SPIKE #1274: 77.0 ms at 75.7s (Draw: 4355, Bodies: 480)
⚡ PHYSICS SPIKE #2201: 17.1 ms at 75.8s (Bodies: 480)
⚡ PHYSICS SPIKE #2202: 17.1 ms at 75.8s (Bodies: 480)
⚡ PHYSICS SPIKE #2203: 17.1 ms at 75.8s (Bodies: 480)
⚡ PHYSICS SPIKE #2204: 17.1 ms at 75.8s (Bodies: 480)
⚡ PHYSICS SPIKE #2205: 17.1 ms at 75.8s (Bodies: 480)
⚡ FRAME SPIKE #1275: 79.2 ms at 75.8s (Draw: 4355, Bodies: 480)
⚡ PHYSICS SPIKE #2206: 17.1 ms at 75.9s (Bodies: 480)
⚡ PHYSICS SPIKE #2207: 17.1 ms at 75.9s (Bodies: 480)
⚡ PHYSICS SPIKE #2208: 17.1 ms at 75.9s (Bodies: 480)
⚡ PHYSICS SPIKE #2209: 17.1 ms at 75.9s (Bodies: 480)
⚡ FRAME SPIKE #1276: 77.1 ms at 75.9s (Draw: 4354, Bodies: 480)
⚡ PHYSICS SPIKE #2210: 17.1 ms at 75.9s (Bodies: 480)
⚡ PHYSICS SPIKE #2211: 17.1 ms at 75.9s (Bodies: 480)
⚡ PHYSICS SPIKE #2212: 17.1 ms at 75.9s (Bodies: 480)
⚡ PHYSICS SPIKE #2213: 17.1 ms at 75.9s (Bodies: 480)
⚡ PHYSICS SPIKE #2214: 17.1 ms at 75.9s (Bodies: 480)
⚡ FRAME SPIKE #1277: 70.1 ms at 75.9s (Draw: 4354, Bodies: 480)
⚡ PHYSICS SPIKE #2215: 17.1 ms at 76.0s (Bodies: 480)
⚡ PHYSICS SPIKE #2216: 17.1 ms at 76.0s (Bodies: 480)
⚡ PHYSICS SPIKE #2217: 17.1 ms at 76.0s (Bodies: 480)
⚡ PHYSICS SPIKE #2218: 17.1 ms at 76.0s (Bodies: 480)
⚡ FRAME SPIKE #1278: 75.4 ms at 76.0s (Draw: 4354, Bodies: 480)
⚡ PHYSICS SPIKE #2219: 17.1 ms at 76.1s (Bodies: 480)
⚡ PHYSICS SPIKE #2220: 17.1 ms at 76.1s (Bodies: 480)
⚡ PHYSICS SPIKE #2221: 17.1 ms at 76.1s (Bodies: 480)
⚡ PHYSICS SPIKE #2222: 17.1 ms at 76.1s (Bodies: 480)
⚡ FRAME SPIKE #1279: 61.6 ms at 76.1s (Draw: 4354, Bodies: 480)
⚡ PHYSICS SPIKE #2223: 17.1 ms at 76.1s (Bodies: 480)
⚡ PHYSICS SPIKE #2224: 17.1 ms at 76.1s (Bodies: 480)
⚡ PHYSICS SPIKE #2225: 17.1 ms at 76.1s (Bodies: 480)
⚡ PHYSICS SPIKE #2226: 17.1 ms at 76.1s (Bodies: 480)
⚡ FRAME SPIKE #1280: 64.9 ms at 76.1s (Draw: 4354, Bodies: 480)
⚡ PHYSICS SPIKE #2227: 21.9 ms at 76.2s (Bodies: 480)
⚡ PHYSICS SPIKE #2228: 21.9 ms at 76.2s (Bodies: 480)
⚡ PHYSICS SPIKE #2229: 21.9 ms at 76.2s (Bodies: 480)
⚡ PHYSICS SPIKE #2230: 21.9 ms at 76.2s (Bodies: 480)
⚡ FRAME SPIKE #1281: 62.8 ms at 76.2s (Draw: 4355, Bodies: 480)
⚡ PHYSICS SPIKE #2231: 21.9 ms at 76.3s (Bodies: 480)
⚡ PHYSICS SPIKE #2232: 21.9 ms at 76.3s (Bodies: 480)
⚡ PHYSICS SPIKE #2233: 21.9 ms at 76.3s (Bodies: 480)
⚡ FRAME SPIKE #1282: 62.4 ms at 76.3s (Draw: 4355, Bodies: 480)
⚡ PHYSICS SPIKE #2234: 21.9 ms at 76.3s (Bodies: 480)
⚡ PHYSICS SPIKE #2235: 21.9 ms at 76.3s (Bodies: 480)
⚡ PHYSICS SPIKE #2236: 21.9 ms at 76.3s (Bodies: 480)
⚡ FRAME SPIKE #1283: 52.0 ms at 76.3s (Draw: 4355, Bodies: 480)
⚡ PHYSICS SPIKE #2237: 21.9 ms at 76.4s (Bodies: 480)
⚡ PHYSICS SPIKE #2238: 21.9 ms at 76.4s (Bodies: 480)
⚡ PHYSICS SPIKE #2239: 21.9 ms at 76.4s (Bodies: 480)
⚡ PHYSICS SPIKE #2240: 21.9 ms at 76.4s (Bodies: 480)
⚡ FRAME SPIKE #1284: 52.2 ms at 76.4s (Draw: 4355, Bodies: 480)
⚡ PHYSICS SPIKE #2241: 21.9 ms at 76.4s (Bodies: 480)
⚡ PHYSICS SPIKE #2242: 21.9 ms at 76.4s (Bodies: 480)
⚡ PHYSICS SPIKE #2243: 21.9 ms at 76.4s (Bodies: 480)
⚡ FRAME SPIKE #1285: 58.3 ms at 76.4s (Draw: 4355, Bodies: 480)
⚡ PHYSICS SPIKE #2244: 21.9 ms at 76.5s (Bodies: 480)
⚡ PHYSICS SPIKE #2245: 21.9 ms at 76.5s (Bodies: 480)
⚡ PHYSICS SPIKE #2246: 21.9 ms at 76.5s (Bodies: 480)
⚡ PHYSICS SPIKE #2247: 21.9 ms at 76.5s (Bodies: 480)
⚡ FRAME SPIKE #1286: 58.3 ms at 76.5s (Draw: 4355, Bodies: 480)
⚡ PHYSICS SPIKE #2248: 21.9 ms at 76.5s (Bodies: 480)
⚡ PHYSICS SPIKE #2249: 21.9 ms at 76.5s (Bodies: 480)
⚡ PHYSICS SPIKE #2250: 21.9 ms at 76.5s (Bodies: 480)
⚡ FRAME SPIKE #1287: 58.3 ms at 76.5s (Draw: 4355, Bodies: 480)
⚡ PHYSICS SPIKE #2251: 21.9 ms at 76.6s (Bodies: 480)
⚡ PHYSICS SPIKE #2252: 21.9 ms at 76.6s (Bodies: 480)
⚡ PHYSICS SPIKE #2253: 21.9 ms at 76.6s (Bodies: 480)
⚡ PHYSICS SPIKE #2254: 21.9 ms at 76.6s (Bodies: 480)
⚡ FRAME SPIKE #1288: 58.3 ms at 76.6s (Draw: 4355, Bodies: 480)
⚡ PHYSICS SPIKE #2255: 21.9 ms at 76.7s (Bodies: 480)
⚡ PHYSICS SPIKE #2256: 21.9 ms at 76.7s (Bodies: 480)
⚡ PHYSICS SPIKE #2257: 21.9 ms at 76.7s (Bodies: 480)
⚡ FRAME SPIKE #1289: 58.3 ms at 76.7s (Draw: 4355, Bodies: 480)
⚡ PHYSICS SPIKE #2258: 21.9 ms at 76.7s (Bodies: 480)
⚡ PHYSICS SPIKE #2259: 21.9 ms at 76.7s (Bodies: 480)
⚡ PHYSICS SPIKE #2260: 21.9 ms at 76.7s (Bodies: 480)
⚡ PHYSICS SPIKE #2261: 21.9 ms at 76.7s (Bodies: 480)
⚡ FRAME SPIKE #1290: 58.3 ms at 76.7s (Draw: 4355, Bodies: 480)
⚡ PHYSICS SPIKE #2262: 21.9 ms at 76.8s (Bodies: 480)
⚡ PHYSICS SPIKE #2263: 21.9 ms at 76.8s (Bodies: 480)
⚡ PHYSICS SPIKE #2264: 21.9 ms at 76.8s (Bodies: 480)
⚡ FRAME SPIKE #1291: 58.3 ms at 76.8s (Draw: 4355, Bodies: 480)
⚡ PHYSICS SPIKE #2265: 21.9 ms at 76.8s (Bodies: 480)
⚡ PHYSICS SPIKE #2266: 21.9 ms at 76.8s (Bodies: 480)
⚡ PHYSICS SPIKE #2267: 21.9 ms at 76.8s (Bodies: 480)
⚡ PHYSICS SPIKE #2268: 21.9 ms at 76.8s (Bodies: 480)
⚡ FRAME SPIKE #1292: 58.3 ms at 76.8s (Draw: 4355, Bodies: 480)
⚡ PHYSICS SPIKE #2269: 21.9 ms at 76.9s (Bodies: 480)
⚡ PHYSICS SPIKE #2270: 21.9 ms at 76.9s (Bodies: 480)
⚡ PHYSICS SPIKE #2271: 21.9 ms at 76.9s (Bodies: 480)
⚡ FRAME SPIKE #1293: 58.3 ms at 76.9s (Draw: 4355, Bodies: 480)
⚡ PHYSICS SPIKE #2272: 21.9 ms at 77.0s (Bodies: 480)
⚡ PHYSICS SPIKE #2273: 21.9 ms at 77.0s (Bodies: 480)
⚡ PHYSICS SPIKE #2274: 21.9 ms at 77.0s (Bodies: 480)
⚡ PHYSICS SPIKE #2275: 21.9 ms at 77.0s (Bodies: 480)
⚡ FRAME SPIKE #1294: 58.3 ms at 77.0s (Draw: 4355, Bodies: 480)
⚡ PHYSICS SPIKE #2276: 21.9 ms at 77.0s (Bodies: 480)
⚡ PHYSICS SPIKE #2277: 21.9 ms at 77.0s (Bodies: 480)
⚡ PHYSICS SPIKE #2278: 21.9 ms at 77.0s (Bodies: 480)
⚡ FRAME SPIKE #1295: 58.3 ms at 77.0s (Draw: 4355, Bodies: 480)
⚡ PHYSICS SPIKE #2279: 21.9 ms at 77.1s (Bodies: 480)
⚡ PHYSICS SPIKE #2280: 21.9 ms at 77.1s (Bodies: 480)
⚡ PHYSICS SPIKE #2281: 21.9 ms at 77.1s (Bodies: 480)
⚡ PHYSICS SPIKE #2282: 21.9 ms at 77.1s (Bodies: 480)
⚡ FRAME SPIKE #1296: 58.3 ms at 77.1s (Draw: 4355, Bodies: 480)
⚡ PHYSICS SPIKE #2283: 21.9 ms at 77.1s (Bodies: 480)
⚡ PHYSICS SPIKE #2284: 21.9 ms at 77.1s (Bodies: 480)
⚡ PHYSICS SPIKE #2285: 21.9 ms at 77.1s (Bodies: 480)
⚡ FRAME SPIKE #1297: 60.3 ms at 77.1s (Draw: 4355, Bodies: 480)
⚡ PHYSICS SPIKE #2286: 12.6 ms at 77.2s (Bodies: 480)
⚡ PHYSICS SPIKE #2287: 12.6 ms at 77.2s (Bodies: 482)
⚡ PHYSICS SPIKE #2288: 12.6 ms at 77.2s (Bodies: 482)
⚡ PHYSICS SPIKE #2289: 12.6 ms at 77.2s (Bodies: 482)
⚡ FRAME SPIKE #1298: 58.3 ms at 77.2s (Draw: 4355, Bodies: 482)
⚡ PHYSICS SPIKE #2290: 12.6 ms at 77.2s (Bodies: 482)
⚡ PHYSICS SPIKE #2291: 12.6 ms at 77.2s (Bodies: 482)
⚡ PHYSICS SPIKE #2292: 12.6 ms at 77.2s (Bodies: 482)
⚡ PHYSICS SPIKE #2293: 12.6 ms at 77.2s (Bodies: 482)
⚡ FRAME SPIKE #1299: 68.0 ms at 77.2s (Draw: 4356, Bodies: 482)
⚡ PHYSICS SPIKE #2294: 12.6 ms at 77.3s (Bodies: 482)
⚡ PHYSICS SPIKE #2295: 12.6 ms at 77.3s (Bodies: 482)
⚡ PHYSICS SPIKE #2296: 12.6 ms at 77.3s (Bodies: 482)
⚡ PHYSICS SPIKE #2297: 12.6 ms at 77.3s (Bodies: 482)
⚡ FRAME SPIKE #1300: 64.6 ms at 77.3s (Draw: 4356, Bodies: 482)
🚗 Traffic: 35 active NPCs (Near: 13, Mid: 14, Far: 8), 0 pooled
  → Physics bodies from NPCs: 35 (All: 35×1, было бы 35×5=175)

========== Bottleneck Analysis Report ==========
Time: 88.3s | Frames: 2770

📊 PERFORMANCE OVERVIEW:
  FPS: 18.0 avg | 15.0 min
  Frame Time: 20.84 ms avg | 23.08 ms max
  Physics Time: 14.35 ms avg

🔍 BOTTLENECK IDENTIFICATION:
  🔴 [CRITICAL] Physics Time
      Value: 14.35 ms
      Impact: Physics simulation overhead
      Suggestions:
        • Reduce number of active physics bodies
        • Simplify collision shapes
        • Disable physics for distant objects

  🟠 [HIGH] Frame Time
      Value: 20.84 ms (target: 16.67 ms)
      Impact: Overall performance bottleneck
      Suggestions:
        • Reduce draw calls
        • Optimize scripts in _process()
        • Check for expensive operations per frame

  🟠 [HIGH] Draw Calls
      Value: 4352 calls/frame
      Impact: GPU rendering overhead
      Suggestions:
        • Batch meshes by material
        • Use MultiMeshInstance3D
        • Implement LOD system
        • Enable frustum culling

  🟠 [HIGH] Physics Bodies
      Value: 478 active bodies
      Impact: Physics engine load
      Suggestions:
        • Reduce NPC count
        • Convert distant NPCs to kinematic
        • Disable physics for far objects

  🟡 [MEDIUM] Vertex Count
      Value: 6570750 vertices/frame
      Impact: GPU vertex processing
      Suggestions:
        • Implement LOD for distant objects
        • Simplify building meshes
        • Use lower poly models

  🟡 [MEDIUM] Node Count
      Value: 29241 nodes
      Impact: Scene tree traversal overhead
      Suggestions:
        • Unload distant chunks
        • Pool and reuse nodes
        • Flatten hierarchy where possible

  🟡 [MEDIUM] Post-Processing Effects
      Value: SSAO, Glow/Bloom, Volumetric Fog
      Impact: GPU shader overhead
      Suggestions:
        • Reduce SSR quality
        • Disable SSAO on low-end hardware
        • Use simpler fog

📈 DETAILED STATS:
  Draw Calls: 4352 avg | 4356 max
  Vertices: 6570750 avg | 6570851 max
  Physics Bodies: 478
  Nodes: 29241
  VRAM: 747.3 MB

=================================================

⚡ PHYSICS SPIKE #2298: 12.6 ms at 77.4s (Bodies: 482)
⚡ PHYSICS SPIKE #2299: 12.6 ms at 77.4s (Bodies: 482)
⚡ PHYSICS SPIKE #2300: 12.6 ms at 77.4s (Bodies: 482)
⚡ PHYSICS SPIKE #2301: 12.6 ms at 77.4s (Bodies: 482)
⚡ FRAME SPIKE #1301: 65.4 ms at 77.4s (Draw: 4356, Bodies: 482)
⚡ PHYSICS SPIKE #2302: 12.6 ms at 77.4s (Bodies: 482)
⚡ PHYSICS SPIKE #2303: 12.6 ms at 77.4s (Bodies: 482)
⚡ PHYSICS SPIKE #2304: 12.6 ms at 77.4s (Bodies: 482)
⚡ FRAME SPIKE #1302: 63.3 ms at 77.4s (Draw: 4356, Bodies: 482)
⚡ PHYSICS SPIKE #2305: 12.6 ms at 77.5s (Bodies: 482)
⚡ PHYSICS SPIKE #2306: 12.6 ms at 77.5s (Bodies: 482)
⚡ PHYSICS SPIKE #2307: 12.6 ms at 77.5s (Bodies: 482)
⚡ PHYSICS SPIKE #2308: 12.6 ms at 77.5s (Bodies: 482)
⚡ FRAME SPIKE #1303: 62.5 ms at 77.5s (Draw: 4356, Bodies: 482)
⚡ PHYSICS SPIKE #2309: 12.6 ms at 77.6s (Bodies: 482)
⚡ PHYSICS SPIKE #2310: 12.6 ms at 77.6s (Bodies: 482)
⚡ PHYSICS SPIKE #2311: 12.6 ms at 77.6s (Bodies: 482)
⚡ PHYSICS SPIKE #2312: 12.6 ms at 77.6s (Bodies: 482)
⚡ FRAME SPIKE #1304: 62.5 ms at 77.6s (Draw: 4356, Bodies: 482)
⚡ PHYSICS SPIKE #2313: 12.6 ms at 77.6s (Bodies: 482)
⚡ PHYSICS SPIKE #2314: 12.6 ms at 77.6s (Bodies: 482)
⚡ PHYSICS SPIKE #2315: 12.6 ms at 77.6s (Bodies: 482)
⚡ PHYSICS SPIKE #2316: 12.6 ms at 77.6s (Bodies: 482)
⚡ FRAME SPIKE #1305: 63.0 ms at 77.6s (Draw: 4356, Bodies: 482)
⚡ PHYSICS SPIKE #2317: 12.6 ms at 77.7s (Bodies: 482)
⚡ PHYSICS SPIKE #2318: 12.6 ms at 77.7s (Bodies: 482)
⚡ PHYSICS SPIKE #2319: 12.6 ms at 77.7s (Bodies: 482)
⚡ FRAME SPIKE #1306: 63.0 ms at 77.7s (Draw: 4356, Bodies: 482)
⚡ PHYSICS SPIKE #2320: 12.6 ms at 77.8s (Bodies: 482)
⚡ PHYSICS SPIKE #2321: 12.6 ms at 77.8s (Bodies: 482)
⚡ PHYSICS SPIKE #2322: 12.6 ms at 77.8s (Bodies: 482)
⚡ PHYSICS SPIKE #2323: 12.6 ms at 77.8s (Bodies: 482)
⚡ FRAME SPIKE #1307: 62.3 ms at 77.8s (Draw: 4356, Bodies: 482)
⚡ PHYSICS SPIKE #2324: 12.6 ms at 77.8s (Bodies: 482)
⚡ PHYSICS SPIKE #2325: 12.6 ms at 77.8s (Bodies: 481)
⚡ PHYSICS SPIKE #2326: 12.6 ms at 77.8s (Bodies: 481)
⚡ PHYSICS SPIKE #2327: 12.6 ms at 77.8s (Bodies: 481)
⚡ FRAME SPIKE #1308: 62.5 ms at 77.8s (Draw: 4352, Bodies: 481)
⚡ PHYSICS SPIKE #2328: 12.6 ms at 77.9s (Bodies: 481)
⚡ PHYSICS SPIKE #2329: 12.6 ms at 77.9s (Bodies: 481)
⚡ PHYSICS SPIKE #2330: 12.6 ms at 77.9s (Bodies: 481)
⚡ PHYSICS SPIKE #2331: 12.6 ms at 77.9s (Bodies: 481)
⚡ FRAME SPIKE #1309: 62.5 ms at 77.9s (Draw: 4352, Bodies: 480)
⚡ PHYSICS SPIKE #2332: 12.6 ms at 77.9s (Bodies: 480)
⚡ PHYSICS SPIKE #2333: 12.6 ms at 77.9s (Bodies: 480)
⚡ PHYSICS SPIKE #2334: 12.6 ms at 77.9s (Bodies: 480)
⚡ FRAME SPIKE #1310: 62.5 ms at 77.9s (Draw: 4352, Bodies: 480)
⚡ PHYSICS SPIKE #2335: 12.6 ms at 78.0s (Bodies: 480)
⚡ PHYSICS SPIKE #2336: 12.6 ms at 78.0s (Bodies: 480)
⚡ PHYSICS SPIKE #2337: 12.6 ms at 78.0s (Bodies: 480)
⚡ PHYSICS SPIKE #2338: 12.6 ms at 78.0s (Bodies: 480)
⚡ FRAME SPIKE #1311: 57.2 ms at 78.0s (Draw: 4352, Bodies: 480)
⚡ PHYSICS SPIKE #2339: 12.6 ms at 78.1s (Bodies: 480)
⚡ PHYSICS SPIKE #2340: 12.6 ms at 78.1s (Bodies: 480)
⚡ PHYSICS SPIKE #2341: 12.6 ms at 78.1s (Bodies: 480)
⚡ PHYSICS SPIKE #2342: 12.6 ms at 78.1s (Bodies: 480)
⚡ FRAME SPIKE #1312: 62.5 ms at 78.1s (Draw: 4352, Bodies: 480)
⚡ PHYSICS SPIKE #2343: 12.6 ms at 78.1s (Bodies: 480)
⚡ PHYSICS SPIKE #2344: 12.6 ms at 78.1s (Bodies: 480)
⚡ PHYSICS SPIKE #2345: 12.6 ms at 78.1s (Bodies: 480)
⚡ PHYSICS SPIKE #2346: 12.6 ms at 78.1s (Bodies: 480)
⚡ FRAME SPIKE #1313: 64.8 ms at 78.1s (Draw: 4352, Bodies: 480)
⚡ PHYSICS SPIKE #2347: 12.7 ms at 78.2s (Bodies: 480)
⚡ PHYSICS SPIKE #2348: 12.7 ms at 78.2s (Bodies: 481)
⚡ PHYSICS SPIKE #2349: 12.7 ms at 78.2s (Bodies: 481)
⚡ FRAME SPIKE #1314: 62.5 ms at 78.2s (Draw: 4352, Bodies: 481)
⚡ PHYSICS SPIKE #2350: 12.7 ms at 78.3s (Bodies: 481)
⚡ PHYSICS SPIKE #2351: 12.7 ms at 78.3s (Bodies: 481)
⚡ PHYSICS SPIKE #2352: 12.7 ms at 78.3s (Bodies: 481)
⚡ PHYSICS SPIKE #2353: 12.7 ms at 78.3s (Bodies: 481)
⚡ FRAME SPIKE #1315: 55.5 ms at 78.3s (Draw: 4352, Bodies: 481)
⚡ PHYSICS SPIKE #2354: 12.7 ms at 78.3s (Bodies: 481)
⚡ PHYSICS SPIKE #2355: 12.7 ms at 78.3s (Bodies: 481)
⚡ PHYSICS SPIKE #2356: 12.7 ms at 78.3s (Bodies: 481)
⚡ FRAME SPIKE #1316: 61.1 ms at 78.3s (Draw: 4352, Bodies: 481)
⚡ PHYSICS SPIKE #2357: 12.7 ms at 78.4s (Bodies: 481)
⚡ PHYSICS SPIKE #2358: 12.7 ms at 78.4s (Bodies: 481)
⚡ PHYSICS SPIKE #2359: 12.7 ms at 78.4s (Bodies: 481)
⚡ PHYSICS SPIKE #2360: 12.7 ms at 78.4s (Bodies: 481)
⚡ FRAME SPIKE #1317: 54.3 ms at 78.4s (Draw: 4352, Bodies: 481)
⚡ PHYSICS SPIKE #2361: 12.7 ms at 78.4s (Bodies: 481)
⚡ PHYSICS SPIKE #2362: 12.7 ms at 78.4s (Bodies: 481)
⚡ PHYSICS SPIKE #2363: 12.7 ms at 78.4s (Bodies: 481)
⚡ FRAME SPIKE #1318: 59.5 ms at 78.4s (Draw: 4352, Bodies: 481)
⚡ PHYSICS SPIKE #2364: 12.7 ms at 78.5s (Bodies: 481)
⚡ PHYSICS SPIKE #2365: 12.7 ms at 78.5s (Bodies: 481)
⚡ PHYSICS SPIKE #2366: 12.7 ms at 78.5s (Bodies: 481)
⚡ FRAME SPIKE #1319: 56.5 ms at 78.5s (Draw: 4352, Bodies: 481)
⚡ PHYSICS SPIKE #2367: 12.7 ms at 78.5s (Bodies: 481)
⚡ PHYSICS SPIKE #2368: 12.7 ms at 78.5s (Bodies: 481)
⚡ PHYSICS SPIKE #2369: 12.7 ms at 78.5s (Bodies: 481)
⚡ PHYSICS SPIKE #2370: 12.7 ms at 78.5s (Bodies: 481)
⚡ FRAME SPIKE #1320: 52.4 ms at 78.5s (Draw: 4352, Bodies: 481)
⚡ PHYSICS SPIKE #2371: 12.7 ms at 78.6s (Bodies: 481)
⚡ PHYSICS SPIKE #2372: 12.7 ms at 78.6s (Bodies: 481)
⚡ PHYSICS SPIKE #2373: 12.7 ms at 78.6s (Bodies: 481)
⚡ FRAME SPIKE #1321: 58.3 ms at 78.6s (Draw: 4352, Bodies: 481)
⚡ PHYSICS SPIKE #2374: 12.7 ms at 78.7s (Bodies: 481)
⚡ PHYSICS SPIKE #2375: 12.7 ms at 78.7s (Bodies: 481)
⚡ PHYSICS SPIKE #2376: 12.7 ms at 78.7s (Bodies: 481)
⚡ PHYSICS SPIKE #2377: 12.7 ms at 78.7s (Bodies: 481)
⚡ FRAME SPIKE #1322: 57.9 ms at 78.7s (Draw: 4352, Bodies: 481)
⚡ PHYSICS SPIKE #2378: 12.7 ms at 78.7s (Bodies: 481)
⚡ PHYSICS SPIKE #2379: 12.7 ms at 78.7s (Bodies: 481)
⚡ PHYSICS SPIKE #2380: 12.7 ms at 78.7s (Bodies: 481)
⚡ FRAME SPIKE #1323: 58.3 ms at 78.7s (Draw: 4352, Bodies: 481)
⚡ PHYSICS SPIKE #2381: 12.7 ms at 78.8s (Bodies: 481)
⚡ PHYSICS SPIKE #2382: 12.7 ms at 78.8s (Bodies: 480)
⚡ PHYSICS SPIKE #2383: 12.7 ms at 78.8s (Bodies: 480)
⚡ PHYSICS SPIKE #2384: 12.7 ms at 78.8s (Bodies: 480)
⚡ FRAME SPIKE #1324: 58.3 ms at 78.8s (Draw: 4356, Bodies: 480)
⚡ PHYSICS SPIKE #2385: 12.7 ms at 78.8s (Bodies: 480)
⚡ PHYSICS SPIKE #2386: 12.7 ms at 78.8s (Bodies: 480)
⚡ PHYSICS SPIKE #2387: 12.7 ms at 78.8s (Bodies: 480)
⚡ FRAME SPIKE #1325: 57.6 ms at 78.8s (Draw: 4356, Bodies: 480)
⚡ PHYSICS SPIKE #2388: 12.7 ms at 78.9s (Bodies: 480)
⚡ PHYSICS SPIKE #2389: 12.7 ms at 78.9s (Bodies: 480)
⚡ PHYSICS SPIKE #2390: 12.7 ms at 78.9s (Bodies: 480)
⚡ PHYSICS SPIKE #2391: 12.7 ms at 78.9s (Bodies: 480)
⚡ FRAME SPIKE #1326: 57.7 ms at 78.9s (Draw: 4356, Bodies: 480)
⚡ PHYSICS SPIKE #2392: 12.7 ms at 78.9s (Bodies: 480)
⚡ PHYSICS SPIKE #2393: 12.7 ms at 78.9s (Bodies: 480)
⚡ PHYSICS SPIKE #2394: 12.7 ms at 78.9s (Bodies: 480)
⚡ FRAME SPIKE #1327: 57.6 ms at 78.9s (Draw: 4356, Bodies: 480)
⚡ PHYSICS SPIKE #2395: 12.7 ms at 79.0s (Bodies: 480)
⚡ PHYSICS SPIKE #2396: 12.7 ms at 79.0s (Bodies: 480)
⚡ PHYSICS SPIKE #2397: 12.7 ms at 79.0s (Bodies: 480)
⚡ FRAME SPIKE #1328: 57.1 ms at 79.0s (Draw: 4356, Bodies: 480)
⚡ PHYSICS SPIKE #2398: 12.7 ms at 79.1s (Bodies: 480)
⚡ PHYSICS SPIKE #2399: 12.7 ms at 79.1s (Bodies: 480)
⚡ PHYSICS SPIKE #2400: 12.7 ms at 79.1s (Bodies: 480)
⚡ FRAME SPIKE #1329: 51.4 ms at 79.1s (Draw: 4356, Bodies: 480)
⚡ PHYSICS SPIKE #2401: 12.7 ms at 79.1s (Bodies: 480)
⚡ PHYSICS SPIKE #2402: 12.7 ms at 79.1s (Bodies: 480)
⚡ PHYSICS SPIKE #2403: 12.7 ms at 79.1s (Bodies: 480)
⚡ PHYSICS SPIKE #2404: 12.7 ms at 79.1s (Bodies: 480)
⚡ FRAME SPIKE #1330: 51.0 ms at 79.1s (Draw: 4356, Bodies: 480)
⚡ PHYSICS SPIKE #2405: 12.6 ms at 79.2s (Bodies: 480)
⚡ PHYSICS SPIKE #2406: 12.6 ms at 79.2s (Bodies: 480)
⚡ PHYSICS SPIKE #2407: 12.6 ms at 79.2s (Bodies: 480)
⚡ FRAME SPIKE #1331: 55.6 ms at 79.2s (Draw: 4356, Bodies: 480)
⚡ PHYSICS SPIKE #2408: 12.6 ms at 79.2s (Bodies: 480)
⚡ PHYSICS SPIKE #2409: 12.6 ms at 79.2s (Bodies: 480)
⚡ PHYSICS SPIKE #2410: 12.6 ms at 79.2s (Bodies: 480)
⚡ FRAME SPIKE #1332: 55.6 ms at 79.2s (Draw: 4356, Bodies: 480)
⚡ PHYSICS SPIKE #2411: 12.6 ms at 79.3s (Bodies: 480)
⚡ PHYSICS SPIKE #2412: 12.6 ms at 79.3s (Bodies: 480)
⚡ PHYSICS SPIKE #2413: 12.6 ms at 79.3s (Bodies: 479)
⚡ PHYSICS SPIKE #2414: 12.6 ms at 79.3s (Bodies: 479)
⚡ FRAME SPIKE #1333: 55.6 ms at 79.3s (Draw: 4356, Bodies: 479)
⚡ PHYSICS SPIKE #2415: 12.6 ms at 79.3s (Bodies: 479)
⚡ PHYSICS SPIKE #2416: 12.6 ms at 79.3s (Bodies: 479)
⚡ PHYSICS SPIKE #2417: 12.6 ms at 79.3s (Bodies: 479)
⚡ FRAME SPIKE #1334: 55.6 ms at 79.3s (Draw: 4354, Bodies: 479)
🚗 Traffic: 32 active NPCs (Near: 14, Mid: 13, Far: 5), 3 pooled
  → Physics bodies from NPCs: 32 (All: 32×1, было бы 32×5=160)

========== Bottleneck Analysis Report ==========
Time: 90.3s | Frames: 2804

📊 PERFORMANCE OVERVIEW:
  FPS: 17.3 avg | 15.0 min
  Frame Time: 21.29 ms avg | 23.08 ms max
  Physics Time: 14.35 ms avg

🔍 BOTTLENECK IDENTIFICATION:
  🔴 [CRITICAL] Physics Time
      Value: 14.35 ms
      Impact: Physics simulation overhead
      Suggestions:
        • Reduce number of active physics bodies
        • Simplify collision shapes
        • Disable physics for distant objects

  🟠 [HIGH] Frame Time
      Value: 21.29 ms (target: 16.67 ms)
      Impact: Overall performance bottleneck
      Suggestions:
        • Reduce draw calls
        • Optimize scripts in _process()
        • Check for expensive operations per frame

  🟠 [HIGH] Draw Calls
      Value: 4353 calls/frame
      Impact: GPU rendering overhead
      Suggestions:
        • Batch meshes by material
        • Use MultiMeshInstance3D
        • Implement LOD system
        • Enable frustum culling

  🟠 [HIGH] Physics Bodies
      Value: 479 active bodies
      Impact: Physics engine load
      Suggestions:
        • Reduce NPC count
        • Convert distant NPCs to kinematic
        • Disable physics for far objects

  🟡 [MEDIUM] Vertex Count
      Value: 6570723 vertices/frame
      Impact: GPU vertex processing
      Suggestions:
        • Implement LOD for distant objects
        • Simplify building meshes
        • Use lower poly models

  🟡 [MEDIUM] Node Count
      Value: 29241 nodes
      Impact: Scene tree traversal overhead
      Suggestions:
        • Unload distant chunks
        • Pool and reuse nodes
        • Flatten hierarchy where possible

  🟡 [MEDIUM] Post-Processing Effects
      Value: SSAO, Glow/Bloom, Volumetric Fog
      Impact: GPU shader overhead
      Suggestions:
        • Reduce SSR quality
        • Disable SSAO on low-end hardware
        • Use simpler fog

📈 DETAILED STATS:
  Draw Calls: 4353 avg | 4356 max
  Vertices: 6570723 avg | 6570851 max
  Physics Bodies: 479
  Nodes: 29241
  VRAM: 747.3 MB

=================================================

⚡ PHYSICS SPIKE #2418: 12.6 ms at 79.4s (Bodies: 479)
⚡ PHYSICS SPIKE #2419: 12.6 ms at 79.4s (Bodies: 479)
⚡ PHYSICS SPIKE #2420: 12.6 ms at 79.4s (Bodies: 479)
⚡ FRAME SPIKE #1335: 55.6 ms at 79.4s (Draw: 4354, Bodies: 479)
⚡ PHYSICS SPIKE #2421: 12.6 ms at 79.4s (Bodies: 479)
⚡ PHYSICS SPIKE #2422: 12.6 ms at 79.4s (Bodies: 479)
⚡ PHYSICS SPIKE #2423: 12.6 ms at 79.4s (Bodies: 479)
⚡ FRAME SPIKE #1336: 53.6 ms at 79.4s (Draw: 4353, Bodies: 479)
⚡ PHYSICS SPIKE #2424: 12.6 ms at 79.5s (Bodies: 479)
⚡ PHYSICS SPIKE #2425: 12.6 ms at 79.5s (Bodies: 479)
⚡ PHYSICS SPIKE #2426: 12.6 ms at 79.5s (Bodies: 479)
⚡ FRAME SPIKE #1337: 50.2 ms at 79.5s (Draw: 4354, Bodies: 479)
⚡ PHYSICS SPIKE #2427: 12.6 ms at 79.5s (Bodies: 479)
⚡ PHYSICS SPIKE #2428: 12.6 ms at 79.5s (Bodies: 479)
⚡ PHYSICS SPIKE #2429: 12.6 ms at 79.5s (Bodies: 479)
⚡ FRAME SPIKE #1338: 50.9 ms at 79.5s (Draw: 4354, Bodies: 479)
⚡ PHYSICS SPIKE #2430: 12.6 ms at 79.6s (Bodies: 479)
⚡ PHYSICS SPIKE #2431: 12.6 ms at 79.6s (Bodies: 479)
⚡ PHYSICS SPIKE #2432: 12.6 ms at 79.6s (Bodies: 479)
⚡ PHYSICS SPIKE #2433: 12.6 ms at 79.6s (Bodies: 479)
⚡ FRAME SPIKE #1339: 51.7 ms at 79.6s (Draw: 4354, Bodies: 479)
⚡ PHYSICS SPIKE #2434: 12.6 ms at 79.6s (Bodies: 479)
⚡ PHYSICS SPIKE #2435: 12.6 ms at 79.6s (Bodies: 479)
⚡ PHYSICS SPIKE #2436: 12.6 ms at 79.6s (Bodies: 479)
⚡ FRAME SPIKE #1340: 53.3 ms at 79.6s (Draw: 4354, Bodies: 479)
⚡ PHYSICS SPIKE #2437: 12.6 ms at 79.7s (Bodies: 479)
⚡ PHYSICS SPIKE #2438: 12.6 ms at 79.7s (Bodies: 479)
⚡ PHYSICS SPIKE #2439: 12.6 ms at 79.7s (Bodies: 479)
⚡ FRAME SPIKE #1341: 52.8 ms at 79.7s (Draw: 4354, Bodies: 479)
⚡ PHYSICS SPIKE #2440: 12.6 ms at 79.8s (Bodies: 479)
⚡ PHYSICS SPIKE #2441: 12.6 ms at 79.8s (Bodies: 479)
⚡ PHYSICS SPIKE #2442: 12.6 ms at 79.8s (Bodies: 479)
⚡ FRAME SPIKE #1342: 53.3 ms at 79.8s (Draw: 4354, Bodies: 479)

=== PERFORMANCE METRICS ===
FPS: 17 | Frame: 55.3 ms (max 84.3) | Physics: 16.6 ms (max 60.0)
Godot Process: 19.47 ms | Physics: 12.65 ms
Objects: 66812 | Nodes: 29241 | Resources: 539
Draw calls: 4354 | Vertices: 6570755 | VRAM: 747.3 MB
Physics bodies: 479 | Collision pairs: 6606
--- System Times ---
  road_batch_finalize_total_-1,-1: 10.47 ms (max 10.47)
  road_batch_finalize_total_-1,-2: 15.38 ms (max 15.38)
  road_batch_finalize_total_-1,-3: 11.56 ms (max 11.56)
  road_batch_finalize_total_-1,-4: 9.31 ms (max 9.31)
  road_batch_finalize_total_-1,-5: 9.36 ms (max 9.36)
  road_batch_finalize_total_-1,0: 3.82 ms (max 3.82)
  road_batch_finalize_total_-2,-1: 16.32 ms (max 16.32)
  road_batch_finalize_total_-2,-2: 15.24 ms (max 15.24)
  road_batch_finalize_total_-2,-3: 8.67 ms (max 8.67)
  road_batch_finalize_total_-2,-4: 10.52 ms (max 12.78)
  road_batch_finalize_total_-2,0: 14.05 ms (max 14.05)
  road_batch_finalize_total_0,-1: 19.44 ms (max 19.44)
  road_batch_finalize_total_0,-2: 19.68 ms (max 19.68)
  road_batch_finalize_total_0,-3: 11.59 ms (max 11.59)
  road_batch_finalize_total_0,-4: 5.84 ms (max 5.84)
  road_batch_finalize_total_0,-5: 8.77 ms (max 8.77)
  road_batch_finalize_total_0,0: 16.18 ms (max 16.18)
  road_batch_finalize_total_0,1: 10.93 ms (max 10.93)
  road_batch_finalize_total_1,-1: 16.70 ms (max 16.70)
  road_batch_finalize_total_1,-2: 18.21 ms (max 18.21)
  road_batch_finalize_total_1,-3: 9.12 ms (max 9.12)
  road_batch_finalize_total_1,-4: 11.09 ms (max 11.09)
  road_batch_finalize_total_1,0: 12.08 ms (max 12.08)
  road_batch_finalize_total_2,-3: 7.01 ms (max 7.01)
  road_collision_create_-1,-1: 3.28 ms (max 3.86)
  road_collision_create_-1,-2: 7.46 ms (max 11.95)
  road_collision_create_-1,-3: 3.47 ms (max 6.77)
  road_collision_create_-1,-4: 4.27 ms (max 4.84)
  road_collision_create_-1,-5: 4.11 ms (max 4.37)
  road_collision_create_-1,0: 1.74 ms (max 2.01)
  road_collision_create_-2,-1: 5.22 ms (max 10.23)
  road_collision_create_-2,-2: 7.37 ms (max 13.00)
  road_collision_create_-2,-3: 2.60 ms (max 4.44)
  road_collision_create_-2,-4: 4.86 ms (max 6.33)
  road_collision_create_-2,0: 6.79 ms (max 10.68)
  road_collision_create_0,-1: 6.19 ms (max 12.66)
  road_collision_create_0,-2: 6.30 ms (max 11.99)
  road_collision_create_0,-3: 3.51 ms (max 4.80)
  road_collision_create_0,-4: 1.74 ms (max 2.77)
  road_collision_create_0,-5: 3.96 ms (max 4.48)
  road_collision_create_0,0: 5.16 ms (max 12.41)
  road_collision_create_0,1: 10.65 ms (max 10.65)
  road_collision_create_1,-1: 5.31 ms (max 12.56)
  road_collision_create_1,-2: 8.81 ms (max 15.10)
  road_collision_create_1,-3: 2.73 ms (max 3.56)
  road_collision_create_1,-4: 3.38 ms (max 4.64)
  road_collision_create_1,0: 11.81 ms (max 11.81)
  road_collision_create_2,-3: 3.06 ms (max 3.74)
===========================

=== PERFORMANCE METRICS ===
FPS: 17 | Frame: 55.3 ms (max 84.3) | Physics: 16.6 ms (max 59.9)
Godot Process: 19.47 ms | Physics: 12.65 ms
Objects: 66812 | Nodes: 29241 | Resources: 539
Draw calls: 4354 | Vertices: 6570755 | VRAM: 747.3 MB
Physics bodies: 479 | Collision pairs: 6606
===========================
⚡ PHYSICS SPIKE #2443: 12.6 ms at 79.8s (Bodies: 479)
⚡ PHYSICS SPIKE #2444: 12.6 ms at 79.8s (Bodies: 479)
⚡ PHYSICS SPIKE #2445: 12.6 ms at 79.8s (Bodies: 479)
⚡ FRAME SPIKE #1343: 53.0 ms at 79.8s (Draw: 4354, Bodies: 479)
⚡ PHYSICS SPIKE #2446: 12.6 ms at 79.9s (Bodies: 479)
⚡ PHYSICS SPIKE #2447: 12.6 ms at 79.9s (Bodies: 479)
⚡ PHYSICS SPIKE #2448: 12.6 ms at 79.9s (Bodies: 479)
⚡ PHYSICS SPIKE #2449: 12.6 ms at 79.9s (Bodies: 479)
⚡ FRAME SPIKE #1344: 53.1 ms at 79.9s (Draw: 4354, Bodies: 479)
⚡ PHYSICS SPIKE #2450: 12.6 ms at 79.9s (Bodies: 479)
⚡ PHYSICS SPIKE #2451: 12.6 ms at 79.9s (Bodies: 479)
⚡ PHYSICS SPIKE #2452: 12.6 ms at 79.9s (Bodies: 479)
⚡ FRAME SPIKE #1345: 53.3 ms at 79.9s (Draw: 4354, Bodies: 479)
⚡ PHYSICS SPIKE #2453: 12.6 ms at 80.0s (Bodies: 479)
⚡ PHYSICS SPIKE #2454: 12.6 ms at 80.0s (Bodies: 479)
⚡ PHYSICS SPIKE #2455: 12.6 ms at 80.0s (Bodies: 479)
⚡ FRAME SPIKE #1346: 53.3 ms at 80.0s (Draw: 4354, Bodies: 479)
⚡ PHYSICS SPIKE #2456: 12.6 ms at 80.0s (Bodies: 479)
⚡ PHYSICS SPIKE #2457: 12.6 ms at 80.0s (Bodies: 479)
⚡ PHYSICS SPIKE #2458: 12.6 ms at 80.0s (Bodies: 479)
⚡ FRAME SPIKE #1347: 53.0 ms at 80.0s (Draw: 4354, Bodies: 479)
⚡ PHYSICS SPIKE #2459: 12.6 ms at 80.1s (Bodies: 479)
⚡ PHYSICS SPIKE #2460: 12.6 ms at 80.1s (Bodies: 479)
⚡ PHYSICS SPIKE #2461: 12.6 ms at 80.1s (Bodies: 479)
⚡ FRAME SPIKE #1348: 53.0 ms at 80.1s (Draw: 4354, Bodies: 479)
⚡ PHYSICS SPIKE #2462: 12.6 ms at 80.1s (Bodies: 479)
⚡ PHYSICS SPIKE #2463: 12.6 ms at 80.1s (Bodies: 479)
⚡ PHYSICS SPIKE #2464: 12.6 ms at 80.1s (Bodies: 479)
⚡ FRAME SPIKE #1349: 53.0 ms at 80.1s (Draw: 4354, Bodies: 479)
⚡ PHYSICS SPIKE #2465: 12.4 ms at 80.2s (Bodies: 479)
⚡ PHYSICS SPIKE #2466: 12.4 ms at 80.2s (Bodies: 479)
⚡ PHYSICS SPIKE #2467: 12.4 ms at 80.2s (Bodies: 479)
⚡ PHYSICS SPIKE #2468: 12.4 ms at 80.2s (Bodies: 479)
⚡ FRAME SPIKE #1350: 53.0 ms at 80.2s (Draw: 4354, Bodies: 479)
⚡ PHYSICS SPIKE #2469: 12.4 ms at 80.2s (Bodies: 479)
⚡ PHYSICS SPIKE #2470: 12.4 ms at 80.2s (Bodies: 479)
⚡ PHYSICS SPIKE #2471: 12.4 ms at 80.2s (Bodies: 479)
⚡ FRAME SPIKE #1351: 53.3 ms at 80.2s (Draw: 4354, Bodies: 479)
⚡ PHYSICS SPIKE #2472: 12.4 ms at 80.3s (Bodies: 479)
⚡ PHYSICS SPIKE #2473: 12.4 ms at 80.3s (Bodies: 479)
⚡ PHYSICS SPIKE #2474: 12.4 ms at 80.3s (Bodies: 479)
⚡ FRAME SPIKE #1352: 53.3 ms at 80.3s (Draw: 4342, Bodies: 479)
⚡ PHYSICS SPIKE #2475: 12.4 ms at 80.3s (Bodies: 479)
⚡ PHYSICS SPIKE #2476: 12.4 ms at 80.3s (Bodies: 479)
⚡ PHYSICS SPIKE #2477: 12.4 ms at 80.3s (Bodies: 479)
⚡ FRAME SPIKE #1353: 53.3 ms at 80.3s (Draw: 4311, Bodies: 479)
⚡ PHYSICS SPIKE #2478: 12.4 ms at 80.4s (Bodies: 479)
⚡ PHYSICS SPIKE #2479: 12.4 ms at 80.4s (Bodies: 479)
⚡ PHYSICS SPIKE #2480: 12.4 ms at 80.4s (Bodies: 479)
⚡ FRAME SPIKE #1354: 53.3 ms at 80.4s (Draw: 4302, Bodies: 479)
⚡ PHYSICS SPIKE #2481: 12.4 ms at 80.4s (Bodies: 479)
⚡ PHYSICS SPIKE #2482: 12.4 ms at 80.4s (Bodies: 479)
⚡ PHYSICS SPIKE #2483: 12.4 ms at 80.4s (Bodies: 479)
⚡ PHYSICS SPIKE #2484: 12.4 ms at 80.4s (Bodies: 479)
⚡ FRAME SPIKE #1355: 53.3 ms at 80.4s (Draw: 4284, Bodies: 479)
⚡ PHYSICS SPIKE #2485: 12.4 ms at 80.5s (Bodies: 479)
⚡ PHYSICS SPIKE #2486: 12.4 ms at 80.5s (Bodies: 479)
⚡ PHYSICS SPIKE #2487: 12.4 ms at 80.5s (Bodies: 479)
⚡ FRAME SPIKE #1356: 58.6 ms at 80.5s (Draw: 4271, Bodies: 479)
⚡ PHYSICS SPIKE #2488: 12.4 ms at 80.6s (Bodies: 479)
⚡ PHYSICS SPIKE #2489: 12.4 ms at 80.6s (Bodies: 479)
⚡ PHYSICS SPIKE #2490: 12.4 ms at 80.6s (Bodies: 479)
⚡ FRAME SPIKE #1357: 53.3 ms at 80.6s (Draw: 4235, Bodies: 479)
⚡ PHYSICS SPIKE #2491: 12.4 ms at 80.6s (Bodies: 479)
⚡ PHYSICS SPIKE #2492: 12.4 ms at 80.6s (Bodies: 479)
⚡ PHYSICS SPIKE #2493: 12.4 ms at 80.6s (Bodies: 479)
⚡ PHYSICS SPIKE #2494: 12.4 ms at 80.6s (Bodies: 479)
⚡ FRAME SPIKE #1358: 56.3 ms at 80.6s (Draw: 4215, Bodies: 479)
⚡ PHYSICS SPIKE #2495: 12.4 ms at 80.7s (Bodies: 479)
⚡ PHYSICS SPIKE #2496: 12.4 ms at 80.7s (Bodies: 479)
⚡ PHYSICS SPIKE #2497: 12.4 ms at 80.7s (Bodies: 479)
⚡ PHYSICS SPIKE #2498: 12.4 ms at 80.7s (Bodies: 479)
⚡ FRAME SPIKE #1359: 64.1 ms at 80.7s (Draw: 4172, Bodies: 479)
⚡ PHYSICS SPIKE #2499: 12.4 ms at 80.7s (Bodies: 479)
⚡ PHYSICS SPIKE #2500: 12.4 ms at 80.7s (Bodies: 479)
⚡ PHYSICS SPIKE #2501: 12.4 ms at 80.7s (Bodies: 479)
⚡ FRAME SPIKE #1360: 62.6 ms at 80.7s (Draw: 4125, Bodies: 479)
⚡ PHYSICS SPIKE #2502: 12.4 ms at 80.8s (Bodies: 479)
⚡ PHYSICS SPIKE #2503: 12.4 ms at 80.8s (Bodies: 479)
⚡ PHYSICS SPIKE #2504: 12.4 ms at 80.8s (Bodies: 479)
⚡ PHYSICS SPIKE #2505: 12.4 ms at 80.8s (Bodies: 479)
⚡ FRAME SPIKE #1361: 58.3 ms at 80.8s (Draw: 4107, Bodies: 479)
⚡ PHYSICS SPIKE #2506: 12.4 ms at 80.9s (Bodies: 479)
⚡ PHYSICS SPIKE #2507: 12.4 ms at 80.9s (Bodies: 479)
⚡ PHYSICS SPIKE #2508: 12.4 ms at 80.9s (Bodies: 479)
⚡ FRAME SPIKE #1362: 58.3 ms at 80.9s (Draw: 4091, Bodies: 479)
⚡ PHYSICS SPIKE #2509: 12.4 ms at 80.9s (Bodies: 479)
⚡ PHYSICS SPIKE #2510: 12.4 ms at 80.9s (Bodies: 479)
⚡ PHYSICS SPIKE #2511: 12.4 ms at 80.9s (Bodies: 479)
⚡ PHYSICS SPIKE #2512: 12.4 ms at 80.9s (Bodies: 479)
⚡ FRAME SPIKE #1363: 58.3 ms at 80.9s (Draw: 4087, Bodies: 479)
⚡ PHYSICS SPIKE #2513: 12.4 ms at 81.0s (Bodies: 479)
⚡ PHYSICS SPIKE #2514: 12.4 ms at 81.0s (Bodies: 479)
⚡ PHYSICS SPIKE #2515: 12.4 ms at 81.0s (Bodies: 479)
⚡ FRAME SPIKE #1364: 58.3 ms at 81.0s (Draw: 4089, Bodies: 479)
⚡ PHYSICS SPIKE #2516: 12.4 ms at 81.0s (Bodies: 479)
⚡ PHYSICS SPIKE #2517: 12.4 ms at 81.0s (Bodies: 479)
⚡ PHYSICS SPIKE #2518: 12.4 ms at 81.0s (Bodies: 479)
⚡ PHYSICS SPIKE #2519: 12.4 ms at 81.0s (Bodies: 479)
⚡ FRAME SPIKE #1365: 58.3 ms at 81.0s (Draw: 4088, Bodies: 479)
⚡ PHYSICS SPIKE #2520: 12.4 ms at 81.1s (Bodies: 479)
⚡ PHYSICS SPIKE #2521: 12.4 ms at 81.1s (Bodies: 479)
⚡ PHYSICS SPIKE #2522: 12.4 ms at 81.1s (Bodies: 479)
⚡ FRAME SPIKE #1366: 58.3 ms at 81.1s (Draw: 4089, Bodies: 479)
⚡ PHYSICS SPIKE #2523: 12.5 ms at 81.1s (Bodies: 479)
⚡ PHYSICS SPIKE #2524: 12.5 ms at 81.1s (Bodies: 479)
⚡ PHYSICS SPIKE #2525: 12.5 ms at 81.1s (Bodies: 479)
⚡ PHYSICS SPIKE #2526: 12.5 ms at 81.1s (Bodies: 479)
⚡ FRAME SPIKE #1367: 58.3 ms at 81.1s (Draw: 4088, Bodies: 479)
⚡ PHYSICS SPIKE #2527: 12.5 ms at 81.2s (Bodies: 479)
⚡ PHYSICS SPIKE #2528: 12.5 ms at 81.2s (Bodies: 479)
⚡ PHYSICS SPIKE #2529: 12.5 ms at 81.2s (Bodies: 479)
⚡ FRAME SPIKE #1368: 58.3 ms at 81.2s (Draw: 4088, Bodies: 479)
⚡ PHYSICS SPIKE #2530: 12.5 ms at 81.3s (Bodies: 479)
⚡ PHYSICS SPIKE #2531: 12.5 ms at 81.3s (Bodies: 480)
⚡ PHYSICS SPIKE #2532: 12.5 ms at 81.3s (Bodies: 480)
⚡ PHYSICS SPIKE #2533: 12.5 ms at 81.3s (Bodies: 480)
⚡ FRAME SPIKE #1369: 58.3 ms at 81.3s (Draw: 4091, Bodies: 480)
⚡ PHYSICS SPIKE #2534: 12.5 ms at 81.3s (Bodies: 480)
⚡ PHYSICS SPIKE #2535: 12.5 ms at 81.3s (Bodies: 480)
⚡ PHYSICS SPIKE #2536: 12.5 ms at 81.3s (Bodies: 480)
⚡ FRAME SPIKE #1370: 58.3 ms at 81.3s (Draw: 4091, Bodies: 480)
⚡ PHYSICS SPIKE #2537: 12.5 ms at 81.4s (Bodies: 480)
⚡ PHYSICS SPIKE #2538: 12.5 ms at 81.4s (Bodies: 480)
⚡ PHYSICS SPIKE #2539: 12.5 ms at 81.4s (Bodies: 480)
⚡ PHYSICS SPIKE #2540: 12.5 ms at 81.4s (Bodies: 480)
⚡ FRAME SPIKE #1371: 58.3 ms at 81.4s (Draw: 4091, Bodies: 480)
🚗 Traffic: 33 active NPCs (Near: 14, Mid: 14, Far: 5), 2 pooled
  → Physics bodies from NPCs: 33 (All: 33×1, было бы 33×5=165)

========== Bottleneck Analysis Report ==========
Time: 92.3s | Frames: 2841

📊 PERFORMANCE OVERVIEW:
  FPS: 16.9 avg | 15.0 min
  Frame Time: 21.08 ms avg | 23.08 ms max
  Physics Time: 14.45 ms avg

🔍 BOTTLENECK IDENTIFICATION:
  🔴 [CRITICAL] Physics Time
      Value: 14.45 ms
      Impact: Physics simulation overhead
      Suggestions:
        • Reduce number of active physics bodies
        • Simplify collision shapes
        • Disable physics for distant objects

  🟠 [HIGH] Frame Time
      Value: 21.08 ms (target: 16.67 ms)
      Impact: Overall performance bottleneck
      Suggestions:
        • Reduce draw calls
        • Optimize scripts in _process()
        • Check for expensive operations per frame

  🟠 [HIGH] Draw Calls
      Value: 4322 calls/frame
      Impact: GPU rendering overhead
      Suggestions:
        • Batch meshes by material
        • Use MultiMeshInstance3D
        • Implement LOD system
        • Enable frustum culling

  🟠 [HIGH] Physics Bodies
      Value: 479 active bodies
      Impact: Physics engine load
      Suggestions:
        • Reduce NPC count
        • Convert distant NPCs to kinematic
        • Disable physics for far objects

  🟡 [MEDIUM] Vertex Count
      Value: 6569431 vertices/frame
      Impact: GPU vertex processing
      Suggestions:
        • Implement LOD for distant objects
        • Simplify building meshes
        • Use lower poly models

  🟡 [MEDIUM] Node Count
      Value: 29241 nodes
      Impact: Scene tree traversal overhead
      Suggestions:
        • Unload distant chunks
        • Pool and reuse nodes
        • Flatten hierarchy where possible

  🟡 [MEDIUM] Post-Processing Effects
      Value: SSAO, Glow/Bloom, Volumetric Fog
      Impact: GPU shader overhead
      Suggestions:
        • Reduce SSR quality
        • Disable SSAO on low-end hardware
        • Use simpler fog

📈 DETAILED STATS:
  Draw Calls: 4322 avg | 4356 max
  Vertices: 6569431 avg | 6570755 max
  Physics Bodies: 479
  Nodes: 29241
  VRAM: 747.3 MB

=================================================

⚡ PHYSICS SPIKE #2541: 12.5 ms at 81.4s (Bodies: 480)
⚡ PHYSICS SPIKE #2542: 12.5 ms at 81.4s (Bodies: 480)
⚡ PHYSICS SPIKE #2543: 12.5 ms at 81.4s (Bodies: 480)
⚡ FRAME SPIKE #1372: 58.3 ms at 81.4s (Draw: 4091, Bodies: 480)
⚡ PHYSICS SPIKE #2544: 12.5 ms at 81.5s (Bodies: 480)
⚡ PHYSICS SPIKE #2545: 12.5 ms at 81.5s (Bodies: 480)
⚡ PHYSICS SPIKE #2546: 12.5 ms at 81.5s (Bodies: 480)
⚡ PHYSICS SPIKE #2547: 12.5 ms at 81.5s (Bodies: 480)
⚡ FRAME SPIKE #1373: 58.3 ms at 81.5s (Draw: 4091, Bodies: 480)
⚡ PHYSICS SPIKE #2548: 12.5 ms at 81.6s (Bodies: 480)
⚡ PHYSICS SPIKE #2549: 12.5 ms at 81.6s (Bodies: 480)
⚡ PHYSICS SPIKE #2550: 12.5 ms at 81.6s (Bodies: 480)
⚡ FRAME SPIKE #1374: 58.3 ms at 81.6s (Draw: 4091, Bodies: 480)
⚡ PHYSICS SPIKE #2551: 12.5 ms at 81.6s (Bodies: 480)
⚡ PHYSICS SPIKE #2552: 12.5 ms at 81.6s (Bodies: 480)
⚡ PHYSICS SPIKE #2553: 12.5 ms at 81.6s (Bodies: 480)
⚡ PHYSICS SPIKE #2554: 12.5 ms at 81.6s (Bodies: 480)
⚡ FRAME SPIKE #1375: 55.1 ms at 81.6s (Draw: 4091, Bodies: 480)
⚡ PHYSICS SPIKE #2555: 12.5 ms at 81.7s (Bodies: 480)
⚡ PHYSICS SPIKE #2556: 12.5 ms at 81.7s (Bodies: 480)
⚡ PHYSICS SPIKE #2557: 12.5 ms at 81.7s (Bodies: 480)
⚡ FRAME SPIKE #1376: 58.3 ms at 81.7s (Draw: 4091, Bodies: 480)
⚡ PHYSICS SPIKE #2558: 12.5 ms at 81.7s (Bodies: 480)
⚡ PHYSICS SPIKE #2559: 12.5 ms at 81.7s (Bodies: 480)
⚡ PHYSICS SPIKE #2560: 12.5 ms at 81.7s (Bodies: 480)
⚡ PHYSICS SPIKE #2561: 12.5 ms at 81.7s (Bodies: 480)
⚡ FRAME SPIKE #1377: 57.2 ms at 81.7s (Draw: 4091, Bodies: 480)
⚡ PHYSICS SPIKE #2562: 12.5 ms at 81.8s (Bodies: 480)
⚡ PHYSICS SPIKE #2563: 12.5 ms at 81.8s (Bodies: 480)
⚡ PHYSICS SPIKE #2564: 12.5 ms at 81.8s (Bodies: 480)
⚡ FRAME SPIKE #1378: 58.3 ms at 81.8s (Draw: 4091, Bodies: 480)
⚡ PHYSICS SPIKE #2565: 12.5 ms at 81.8s (Bodies: 480)
⚡ PHYSICS SPIKE #2566: 12.5 ms at 81.8s (Bodies: 480)
⚡ PHYSICS SPIKE #2567: 12.5 ms at 81.8s (Bodies: 480)
⚡ FRAME SPIKE #1379: 55.2 ms at 81.8s (Draw: 4091, Bodies: 480)
⚡ PHYSICS SPIKE #2568: 12.5 ms at 81.9s (Bodies: 480)
⚡ PHYSICS SPIKE #2569: 12.5 ms at 81.9s (Bodies: 480)
⚡ PHYSICS SPIKE #2570: 12.5 ms at 81.9s (Bodies: 480)
⚡ PHYSICS SPIKE #2571: 12.5 ms at 81.9s (Bodies: 480)
⚡ FRAME SPIKE #1380: 54.0 ms at 81.9s (Draw: 4091, Bodies: 480)
⚡ PHYSICS SPIKE #2572: 12.5 ms at 81.9s (Bodies: 480)
⚡ PHYSICS SPIKE #2573: 12.5 ms at 81.9s (Bodies: 480)
⚡ PHYSICS SPIKE #2574: 12.5 ms at 81.9s (Bodies: 480)
⚡ FRAME SPIKE #1381: 57.6 ms at 81.9s (Draw: 4088, Bodies: 480)
⚡ PHYSICS SPIKE #2575: 12.5 ms at 82.0s (Bodies: 480)
⚡ PHYSICS SPIKE #2576: 12.5 ms at 82.0s (Bodies: 480)
⚡ PHYSICS SPIKE #2577: 12.5 ms at 82.0s (Bodies: 480)
⚡ PHYSICS SPIKE #2578: 12.5 ms at 82.0s (Bodies: 480)
⚡ FRAME SPIKE #1382: 57.6 ms at 82.0s (Draw: 4091, Bodies: 480)
⚡ PHYSICS SPIKE #2579: 12.5 ms at 82.1s (Bodies: 480)
⚡ PHYSICS SPIKE #2580: 12.5 ms at 82.1s (Bodies: 480)
⚡ PHYSICS SPIKE #2581: 12.5 ms at 82.1s (Bodies: 480)
⚡ FRAME SPIKE #1383: 57.6 ms at 82.1s (Draw: 4088, Bodies: 480)
⚡ PHYSICS SPIKE #2582: 12.5 ms at 82.1s (Bodies: 480)
⚡ PHYSICS SPIKE #2583: 12.5 ms at 82.1s (Bodies: 480)
⚡ PHYSICS SPIKE #2584: 12.5 ms at 82.1s (Bodies: 480)
⚡ FRAME SPIKE #1384: 56.9 ms at 82.1s (Draw: 4088, Bodies: 480)
⚡ PHYSICS SPIKE #2585: 12.8 ms at 82.2s (Bodies: 480)
⚡ PHYSICS SPIKE #2586: 12.8 ms at 82.2s (Bodies: 479)
⚡ PHYSICS SPIKE #2587: 12.8 ms at 82.2s (Bodies: 479)
⚡ FRAME SPIKE #1385: 50.7 ms at 82.2s (Draw: 4087, Bodies: 479)
⚡ PHYSICS SPIKE #2588: 12.8 ms at 82.2s (Bodies: 479)
⚡ PHYSICS SPIKE #2589: 12.8 ms at 82.2s (Bodies: 479)
⚡ PHYSICS SPIKE #2590: 12.8 ms at 82.2s (Bodies: 479)
⚡ FRAME SPIKE #1386: 49.8 ms at 82.2s (Draw: 4087, Bodies: 479)
⚡ PHYSICS SPIKE #2591: 12.8 ms at 82.3s (Bodies: 479)
⚡ PHYSICS SPIKE #2592: 12.8 ms at 82.3s (Bodies: 480)
⚡ PHYSICS SPIKE #2593: 12.8 ms at 82.3s (Bodies: 480)
⚡ PHYSICS SPIKE #2594: 12.8 ms at 82.3s (Bodies: 480)
⚡ FRAME SPIKE #1387: 52.8 ms at 82.3s (Draw: 4088, Bodies: 480)
⚡ PHYSICS SPIKE #2595: 12.8 ms at 82.3s (Bodies: 480)
⚡ PHYSICS SPIKE #2596: 12.8 ms at 82.3s (Bodies: 480)
⚡ PHYSICS SPIKE #2597: 12.8 ms at 82.3s (Bodies: 480)
⚡ FRAME SPIKE #1388: 54.2 ms at 82.3s (Draw: 4088, Bodies: 480)
⚡ PHYSICS SPIKE #2598: 12.8 ms at 82.4s (Bodies: 480)
⚡ PHYSICS SPIKE #2599: 12.8 ms at 82.4s (Bodies: 480)
⚡ PHYSICS SPIKE #2600: 12.8 ms at 82.4s (Bodies: 480)
⚡ FRAME SPIKE #1389: 54.2 ms at 82.4s (Draw: 4088, Bodies: 480)
⚡ PHYSICS SPIKE #2601: 12.8 ms at 82.4s (Bodies: 480)
⚡ PHYSICS SPIKE #2602: 12.8 ms at 82.4s (Bodies: 480)
⚡ PHYSICS SPIKE #2603: 12.8 ms at 82.4s (Bodies: 480)
⚡ FRAME SPIKE #1390: 53.7 ms at 82.4s (Draw: 4088, Bodies: 480)
⚡ PHYSICS SPIKE #2604: 12.8 ms at 82.5s (Bodies: 480)
⚡ PHYSICS SPIKE #2605: 12.8 ms at 82.5s (Bodies: 480)
⚡ PHYSICS SPIKE #2606: 12.8 ms at 82.5s (Bodies: 480)
⚡ PHYSICS SPIKE #2607: 12.8 ms at 82.5s (Bodies: 480)
⚡ FRAME SPIKE #1391: 53.7 ms at 82.5s (Draw: 4088, Bodies: 480)
⚡ PHYSICS SPIKE #2608: 12.8 ms at 82.5s (Bodies: 480)
⚡ PHYSICS SPIKE #2609: 12.8 ms at 82.5s (Bodies: 480)
⚡ PHYSICS SPIKE #2610: 12.8 ms at 82.5s (Bodies: 480)
⚡ FRAME SPIKE #1392: 54.2 ms at 82.5s (Draw: 4088, Bodies: 480)
⚡ PHYSICS SPIKE #2611: 12.8 ms at 82.6s (Bodies: 480)
⚡ PHYSICS SPIKE #2612: 12.8 ms at 82.6s (Bodies: 480)
⚡ PHYSICS SPIKE #2613: 12.8 ms at 82.6s (Bodies: 480)
⚡ FRAME SPIKE #1393: 54.2 ms at 82.6s (Draw: 4088, Bodies: 480)
⚡ PHYSICS SPIKE #2614: 12.8 ms at 82.7s (Bodies: 480)
⚡ PHYSICS SPIKE #2615: 12.8 ms at 82.7s (Bodies: 480)
⚡ PHYSICS SPIKE #2616: 12.8 ms at 82.7s (Bodies: 480)
⚡ FRAME SPIKE #1394: 53.7 ms at 82.7s (Draw: 4088, Bodies: 480)
⚡ PHYSICS SPIKE #2617: 12.8 ms at 82.7s (Bodies: 480)
⚡ PHYSICS SPIKE #2618: 12.8 ms at 82.7s (Bodies: 479)
⚡ PHYSICS SPIKE #2619: 12.8 ms at 82.7s (Bodies: 479)
⚡ FRAME SPIKE #1395: 53.7 ms at 82.7s (Draw: 4088, Bodies: 479)
⚡ PHYSICS SPIKE #2620: 12.8 ms at 82.8s (Bodies: 479)
⚡ PHYSICS SPIKE #2621: 12.8 ms at 82.8s (Bodies: 479)
⚡ PHYSICS SPIKE #2622: 12.8 ms at 82.8s (Bodies: 479)
⚡ PHYSICS SPIKE #2623: 12.8 ms at 82.8s (Bodies: 479)
⚡ FRAME SPIKE #1396: 52.3 ms at 82.8s (Draw: 4088, Bodies: 479)
⚡ PHYSICS SPIKE #2624: 12.8 ms at 82.8s (Bodies: 479)
⚡ PHYSICS SPIKE #2625: 12.8 ms at 82.8s (Bodies: 479)
⚡ PHYSICS SPIKE #2626: 12.8 ms at 82.8s (Bodies: 479)
⚡ FRAME SPIKE #1397: 53.7 ms at 82.8s (Draw: 4088, Bodies: 479)
⚡ PHYSICS SPIKE #2627: 12.8 ms at 82.9s (Bodies: 479)
⚡ PHYSICS SPIKE #2628: 12.8 ms at 82.9s (Bodies: 479)
⚡ PHYSICS SPIKE #2629: 12.8 ms at 82.9s (Bodies: 479)
⚡ FRAME SPIKE #1398: 53.7 ms at 82.9s (Draw: 4088, Bodies: 479)
⚡ PHYSICS SPIKE #2630: 12.8 ms at 82.9s (Bodies: 479)
⚡ PHYSICS SPIKE #2631: 12.8 ms at 82.9s (Bodies: 479)
⚡ PHYSICS SPIKE #2632: 12.8 ms at 82.9s (Bodies: 479)
⚡ FRAME SPIKE #1399: 53.7 ms at 82.9s (Draw: 4088, Bodies: 479)
⚡ PHYSICS SPIKE #2633: 12.8 ms at 83.0s (Bodies: 479)
⚡ PHYSICS SPIKE #2634: 12.8 ms at 83.0s (Bodies: 479)
⚡ PHYSICS SPIKE #2635: 12.8 ms at 83.0s (Bodies: 479)
⚡ FRAME SPIKE #1400: 51.7 ms at 83.0s (Draw: 4088, Bodies: 479)
⚡ PHYSICS SPIKE #2636: 12.8 ms at 83.0s (Bodies: 479)
⚡ PHYSICS SPIKE #2637: 12.8 ms at 83.0s (Bodies: 479)
⚡ PHYSICS SPIKE #2638: 12.8 ms at 83.0s (Bodies: 479)
⚡ FRAME SPIKE #1401: 49.9 ms at 83.0s (Draw: 4091, Bodies: 479)
⚡ PHYSICS SPIKE #2639: 12.8 ms at 83.1s (Bodies: 479)
⚡ PHYSICS SPIKE #2640: 12.8 ms at 83.1s (Bodies: 479)
⚡ PHYSICS SPIKE #2641: 12.8 ms at 83.1s (Bodies: 479)
⚡ FRAME SPIKE #1402: 50.9 ms at 83.1s (Draw: 4091, Bodies: 479)
⚡ PHYSICS SPIKE #2642: 12.8 ms at 83.1s (Bodies: 479)
⚡ PHYSICS SPIKE #2643: 12.8 ms at 83.1s (Bodies: 479)
⚡ PHYSICS SPIKE #2644: 12.8 ms at 83.1s (Bodies: 479)
⚡ PHYSICS SPIKE #2645: 12.8 ms at 83.1s (Bodies: 479)
⚡ FRAME SPIKE #1403: 52.0 ms at 83.1s (Draw: 4091, Bodies: 479)
⚡ PHYSICS SPIKE #2646: 12.1 ms at 83.2s (Bodies: 479)
⚡ PHYSICS SPIKE #2647: 12.1 ms at 83.2s (Bodies: 479)
⚡ PHYSICS SPIKE #2648: 12.1 ms at 83.2s (Bodies: 479)
⚡ FRAME SPIKE #1404: 52.8 ms at 83.2s (Draw: 4091, Bodies: 479)
⚡ PHYSICS SPIKE #2649: 12.1 ms at 83.2s (Bodies: 479)
⚡ PHYSICS SPIKE #2650: 12.1 ms at 83.2s (Bodies: 479)
⚡ PHYSICS SPIKE #2651: 12.1 ms at 83.2s (Bodies: 479)
⚡ FRAME SPIKE #1405: 52.8 ms at 83.2s (Draw: 4091, Bodies: 479)
⚡ PHYSICS SPIKE #2652: 12.1 ms at 83.3s (Bodies: 479)
⚡ PHYSICS SPIKE #2653: 12.1 ms at 83.3s (Bodies: 479)
⚡ PHYSICS SPIKE #2654: 12.1 ms at 83.3s (Bodies: 479)
⚡ FRAME SPIKE #1406: 52.8 ms at 83.3s (Draw: 4091, Bodies: 479)
⚡ PHYSICS SPIKE #2655: 12.1 ms at 83.3s (Bodies: 479)
⚡ PHYSICS SPIKE #2656: 12.1 ms at 83.3s (Bodies: 479)
⚡ PHYSICS SPIKE #2657: 12.1 ms at 83.3s (Bodies: 479)
⚡ FRAME SPIKE #1407: 52.8 ms at 83.3s (Draw: 4091, Bodies: 479)
⚡ PHYSICS SPIKE #2658: 12.1 ms at 83.4s (Bodies: 479)
⚡ PHYSICS SPIKE #2659: 12.1 ms at 83.4s (Bodies: 479)
⚡ PHYSICS SPIKE #2660: 12.1 ms at 83.4s (Bodies: 479)
⚡ FRAME SPIKE #1408: 52.4 ms at 83.4s (Draw: 4091, Bodies: 479)
🚗 Traffic: 32 active NPCs (Near: 13, Mid: 12, Far: 7), 3 pooled
  → Physics bodies from NPCs: 32 (All: 32×1, было бы 32×5=160)

========== Bottleneck Analysis Report ==========
Time: 94.3s | Frames: 2878

📊 PERFORMANCE OVERVIEW:
  FPS: 17.2 avg | 15.0 min
  Frame Time: 20.57 ms avg | 23.08 ms max
  Physics Time: 13.28 ms avg

🔍 BOTTLENECK IDENTIFICATION:
  🔴 [CRITICAL] Physics Time
      Value: 13.28 ms
      Impact: Physics simulation overhead
      Suggestions:
        • Reduce number of active physics bodies
        • Simplify collision shapes
        • Disable physics for distant objects

  🟠 [HIGH] Frame Time
      Value: 20.57 ms (target: 16.67 ms)
      Impact: Overall performance bottleneck
      Suggestions:
        • Reduce draw calls
        • Optimize scripts in _process()
        • Check for expensive operations per frame

  🟠 [HIGH] Draw Calls
      Value: 4240 calls/frame
      Impact: GPU rendering overhead
      Suggestions:
        • Batch meshes by material
        • Use MultiMeshInstance3D
        • Implement LOD system
        • Enable frustum culling

  🟠 [HIGH] Physics Bodies
      Value: 479 active bodies
      Impact: Physics engine load
      Suggestions:
        • Reduce NPC count
        • Convert distant NPCs to kinematic
        • Disable physics for far objects

  🟡 [MEDIUM] Vertex Count
      Value: 6566149 vertices/frame
      Impact: GPU vertex processing
      Suggestions:
        • Implement LOD for distant objects
        • Simplify building meshes
        • Use lower poly models

  🟡 [MEDIUM] Node Count
      Value: 29241 nodes
      Impact: Scene tree traversal overhead
      Suggestions:
        • Unload distant chunks
        • Pool and reuse nodes
        • Flatten hierarchy where possible

  🟡 [MEDIUM] Post-Processing Effects
      Value: SSAO, Glow/Bloom, Volumetric Fog
      Impact: GPU shader overhead
      Suggestions:
        • Reduce SSR quality
        • Disable SSAO on low-end hardware
        • Use simpler fog

📈 DETAILED STATS:
  Draw Calls: 4240 avg | 4356 max
  Vertices: 6566149 avg | 6570755 max
  Physics Bodies: 479
  Nodes: 29241
  VRAM: 747.3 MB

=================================================

⚡ PHYSICS SPIKE #2661: 12.1 ms at 83.4s (Bodies: 479)
⚡ PHYSICS SPIKE #2662: 12.1 ms at 83.4s (Bodies: 479)
⚡ PHYSICS SPIKE #2663: 12.1 ms at 83.4s (Bodies: 479)
⚡ FRAME SPIKE #1409: 52.4 ms at 83.4s (Draw: 4091, Bodies: 479)
⚡ PHYSICS SPIKE #2664: 12.1 ms at 83.5s (Bodies: 479)
⚡ PHYSICS SPIKE #2665: 12.1 ms at 83.5s (Bodies: 479)
⚡ PHYSICS SPIKE #2666: 12.1 ms at 83.5s (Bodies: 479)
⚡ PHYSICS SPIKE #2667: 12.1 ms at 83.5s (Bodies: 479)
⚡ FRAME SPIKE #1410: 52.4 ms at 83.5s (Draw: 4091, Bodies: 479)
⚡ PHYSICS SPIKE #2668: 12.1 ms at 83.5s (Bodies: 479)
⚡ PHYSICS SPIKE #2669: 12.1 ms at 83.5s (Bodies: 479)
⚡ PHYSICS SPIKE #2670: 12.1 ms at 83.5s (Bodies: 479)
⚡ FRAME SPIKE #1411: 52.8 ms at 83.5s (Draw: 4091, Bodies: 479)
⚡ PHYSICS SPIKE #2671: 12.1 ms at 83.6s (Bodies: 479)
⚡ PHYSICS SPIKE #2672: 12.1 ms at 83.6s (Bodies: 479)
⚡ PHYSICS SPIKE #2673: 12.1 ms at 83.6s (Bodies: 479)
⚡ FRAME SPIKE #1412: 52.8 ms at 83.6s (Draw: 4091, Bodies: 479)
⚡ PHYSICS SPIKE #2674: 12.1 ms at 83.7s (Bodies: 479)
⚡ PHYSICS SPIKE #2675: 12.1 ms at 83.7s (Bodies: 479)
⚡ PHYSICS SPIKE #2676: 12.1 ms at 83.7s (Bodies: 479)
⚡ FRAME SPIKE #1413: 52.8 ms at 83.7s (Draw: 4091, Bodies: 479)
⚡ PHYSICS SPIKE #2677: 12.1 ms at 83.7s (Bodies: 479)
⚡ PHYSICS SPIKE #2678: 12.1 ms at 83.7s (Bodies: 479)
⚡ PHYSICS SPIKE #2679: 12.1 ms at 83.7s (Bodies: 479)
⚡ FRAME SPIKE #1414: 52.4 ms at 83.7s (Draw: 4091, Bodies: 479)
⚡ PHYSICS SPIKE #2680: 12.1 ms at 83.8s (Bodies: 479)
⚡ PHYSICS SPIKE #2681: 12.1 ms at 83.8s (Bodies: 479)
⚡ PHYSICS SPIKE #2682: 12.1 ms at 83.8s (Bodies: 479)
⚡ FRAME SPIKE #1415: 52.4 ms at 83.8s (Draw: 4091, Bodies: 479)
⚡ PHYSICS SPIKE #2683: 12.1 ms at 83.8s (Bodies: 479)
⚡ PHYSICS SPIKE #2684: 12.1 ms at 83.8s (Bodies: 479)
⚡ PHYSICS SPIKE #2685: 12.1 ms at 83.8s (Bodies: 479)
⚡ PHYSICS SPIKE #2686: 12.1 ms at 83.8s (Bodies: 479)
⚡ FRAME SPIKE #1416: 52.7 ms at 83.8s (Draw: 4091, Bodies: 479)
⚡ PHYSICS SPIKE #2687: 12.1 ms at 83.9s (Bodies: 479)
⚡ PHYSICS SPIKE #2688: 12.1 ms at 83.9s (Bodies: 479)
⚡ PHYSICS SPIKE #2689: 12.1 ms at 83.9s (Bodies: 479)
⚡ FRAME SPIKE #1417: 56.4 ms at 83.9s (Draw: 4091, Bodies: 479)
⚡ PHYSICS SPIKE #2690: 12.1 ms at 83.9s (Bodies: 479)
⚡ PHYSICS SPIKE #2691: 12.1 ms at 83.9s (Bodies: 479)
⚡ PHYSICS SPIKE #2692: 12.1 ms at 83.9s (Bodies: 479)
⚡ FRAME SPIKE #1418: 53.6 ms at 83.9s (Draw: 4091, Bodies: 479)
⚡ PHYSICS SPIKE #2693: 12.1 ms at 84.0s (Bodies: 479)
⚡ PHYSICS SPIKE #2694: 12.1 ms at 84.0s (Bodies: 479)
⚡ PHYSICS SPIKE #2695: 12.1 ms at 84.0s (Bodies: 479)
⚡ FRAME SPIKE #1419: 52.8 ms at 84.0s (Draw: 4091, Bodies: 479)
⚡ PHYSICS SPIKE #2696: 12.1 ms at 84.0s (Bodies: 479)
⚡ PHYSICS SPIKE #2697: 12.1 ms at 84.0s (Bodies: 479)
⚡ PHYSICS SPIKE #2698: 12.1 ms at 84.0s (Bodies: 479)
⚡ PHYSICS SPIKE #2699: 12.1 ms at 84.0s (Bodies: 479)
⚡ FRAME SPIKE #1420: 52.3 ms at 84.0s (Draw: 4091, Bodies: 479)
⚡ PHYSICS SPIKE #2700: 12.1 ms at 84.1s (Bodies: 479)
⚡ PHYSICS SPIKE #2701: 12.1 ms at 84.1s (Bodies: 479)
⚡ PHYSICS SPIKE #2702: 12.1 ms at 84.1s (Bodies: 479)
⚡ FRAME SPIKE #1421: 61.5 ms at 84.1s (Draw: 4091, Bodies: 479)
⚡ PHYSICS SPIKE #2703: 13.0 ms at 84.1s (Bodies: 479)
⚡ PHYSICS SPIKE #2704: 13.0 ms at 84.1s (Bodies: 479)
⚡ PHYSICS SPIKE #2705: 13.0 ms at 84.1s (Bodies: 479)
⚡ PHYSICS SPIKE #2706: 13.0 ms at 84.1s (Bodies: 479)
⚡ FRAME SPIKE #1422: 55.1 ms at 84.1s (Draw: 4091, Bodies: 479)
⚡ PHYSICS SPIKE #2707: 13.0 ms at 84.2s (Bodies: 479)
⚡ PHYSICS SPIKE #2708: 13.0 ms at 84.2s (Bodies: 479)
⚡ PHYSICS SPIKE #2709: 13.0 ms at 84.2s (Bodies: 479)
⚡ FRAME SPIKE #1423: 59.5 ms at 84.2s (Draw: 4091, Bodies: 479)
⚡ PHYSICS SPIKE #2710: 13.0 ms at 84.3s (Bodies: 479)
⚡ PHYSICS SPIKE #2711: 13.0 ms at 84.3s (Bodies: 479)
⚡ PHYSICS SPIKE #2712: 13.0 ms at 84.3s (Bodies: 479)
⚡ FRAME SPIKE #1424: 52.8 ms at 84.3s (Draw: 4091, Bodies: 479)
⚡ PHYSICS SPIKE #2713: 13.0 ms at 84.3s (Bodies: 479)
⚡ PHYSICS SPIKE #2714: 13.0 ms at 84.3s (Bodies: 480)
⚡ PHYSICS SPIKE #2715: 13.0 ms at 84.3s (Bodies: 480)
⚡ FRAME SPIKE #1425: 52.8 ms at 84.3s (Draw: 4091, Bodies: 480)
⚡ PHYSICS SPIKE #2716: 13.0 ms at 84.4s (Bodies: 480)
⚡ PHYSICS SPIKE #2717: 13.0 ms at 84.4s (Bodies: 480)
⚡ PHYSICS SPIKE #2718: 13.0 ms at 84.4s (Bodies: 480)
⚡ PHYSICS SPIKE #2719: 13.0 ms at 84.4s (Bodies: 480)
⚡ FRAME SPIKE #1426: 51.6 ms at 84.4s (Draw: 4091, Bodies: 480)
⚡ PHYSICS SPIKE #2720: 13.0 ms at 84.4s (Bodies: 480)
⚡ PHYSICS SPIKE #2721: 13.0 ms at 84.4s (Bodies: 480)
⚡ PHYSICS SPIKE #2722: 13.0 ms at 84.4s (Bodies: 480)
⚡ FRAME SPIKE #1427: 60.2 ms at 84.4s (Draw: 4091, Bodies: 480)
⚡ PHYSICS SPIKE #2723: 13.0 ms at 84.5s (Bodies: 480)
⚡ PHYSICS SPIKE #2724: 13.0 ms at 84.5s (Bodies: 480)
⚡ PHYSICS SPIKE #2725: 13.0 ms at 84.5s (Bodies: 480)
⚡ PHYSICS SPIKE #2726: 13.0 ms at 84.5s (Bodies: 480)
⚡ FRAME SPIKE #1428: 56.5 ms at 84.5s (Draw: 4091, Bodies: 480)
⚡ PHYSICS SPIKE #2727: 13.0 ms at 84.5s (Bodies: 480)
⚡ PHYSICS SPIKE #2728: 13.0 ms at 84.5s (Bodies: 479)
⚡ PHYSICS SPIKE #2729: 13.0 ms at 84.5s (Bodies: 479)
⚡ FRAME SPIKE #1429: 57.1 ms at 84.5s (Draw: 4091, Bodies: 479)
⚡ PHYSICS SPIKE #2730: 13.0 ms at 84.6s (Bodies: 479)
⚡ PHYSICS SPIKE #2731: 13.0 ms at 84.6s (Bodies: 479)
⚡ PHYSICS SPIKE #2732: 13.0 ms at 84.6s (Bodies: 479)
⚡ FRAME SPIKE #1430: 52.8 ms at 84.6s (Draw: 4088, Bodies: 479)
⚡ PHYSICS SPIKE #2733: 13.0 ms at 84.6s (Bodies: 479)
⚡ PHYSICS SPIKE #2734: 13.0 ms at 84.6s (Bodies: 479)
⚡ PHYSICS SPIKE #2735: 13.0 ms at 84.6s (Bodies: 479)
⚡ FRAME SPIKE #1431: 52.8 ms at 84.6s (Draw: 4088, Bodies: 479)
⚡ PHYSICS SPIKE #2736: 13.0 ms at 84.7s (Bodies: 479)
⚡ PHYSICS SPIKE #2737: 13.0 ms at 84.7s (Bodies: 479)
⚡ PHYSICS SPIKE #2738: 13.0 ms at 84.7s (Bodies: 479)
⚡ PHYSICS SPIKE #2739: 13.0 ms at 84.7s (Bodies: 479)
⚡ FRAME SPIKE #1432: 54.0 ms at 84.7s (Draw: 4088, Bodies: 479)
⚡ PHYSICS SPIKE #2740: 13.0 ms at 84.7s (Bodies: 479)
⚡ PHYSICS SPIKE #2741: 13.0 ms at 84.7s (Bodies: 479)
⚡ PHYSICS SPIKE #2742: 13.0 ms at 84.7s (Bodies: 479)
⚡ FRAME SPIKE #1433: 65.1 ms at 84.7s (Draw: 4088, Bodies: 479)

=== PERFORMANCE METRICS ===
FPS: 18 | Frame: 56.0 ms (max 84.3) | Physics: 16.7 ms (max 34.1)
Godot Process: 18.84 ms | Physics: 13.04 ms
Objects: 66812 | Nodes: 29241 | Resources: 539
Draw calls: 4088 | Vertices: 6560299 | VRAM: 747.3 MB
Physics bodies: 479 | Collision pairs: 6638
--- System Times ---
  road_batch_finalize_total_-1,-1: 10.47 ms (max 10.47)
  road_batch_finalize_total_-1,-2: 15.38 ms (max 15.38)
  road_batch_finalize_total_-1,-3: 11.56 ms (max 11.56)
  road_batch_finalize_total_-1,-4: 9.31 ms (max 9.31)
  road_batch_finalize_total_-1,-5: 9.36 ms (max 9.36)
  road_batch_finalize_total_-1,0: 3.82 ms (max 3.82)
  road_batch_finalize_total_-2,-1: 16.32 ms (max 16.32)
  road_batch_finalize_total_-2,-2: 15.24 ms (max 15.24)
  road_batch_finalize_total_-2,-3: 8.67 ms (max 8.67)
  road_batch_finalize_total_-2,-4: 10.52 ms (max 12.78)
  road_batch_finalize_total_-2,0: 14.05 ms (max 14.05)
  road_batch_finalize_total_0,-1: 19.44 ms (max 19.44)
  road_batch_finalize_total_0,-2: 19.68 ms (max 19.68)
  road_batch_finalize_total_0,-3: 11.59 ms (max 11.59)
  road_batch_finalize_total_0,-4: 5.84 ms (max 5.84)
  road_batch_finalize_total_0,-5: 8.77 ms (max 8.77)
  road_batch_finalize_total_0,0: 16.18 ms (max 16.18)
  road_batch_finalize_total_0,1: 10.93 ms (max 10.93)
  road_batch_finalize_total_1,-1: 16.70 ms (max 16.70)
  road_batch_finalize_total_1,-2: 18.21 ms (max 18.21)
  road_batch_finalize_total_1,-3: 9.12 ms (max 9.12)
  road_batch_finalize_total_1,-4: 11.09 ms (max 11.09)
  road_batch_finalize_total_1,0: 12.08 ms (max 12.08)
  road_batch_finalize_total_2,-3: 7.01 ms (max 7.01)
  road_collision_create_-1,-1: 3.28 ms (max 3.86)
  road_collision_create_-1,-2: 7.46 ms (max 11.95)
  road_collision_create_-1,-3: 3.47 ms (max 6.77)
  road_collision_create_-1,-4: 4.27 ms (max 4.84)
  road_collision_create_-1,-5: 4.11 ms (max 4.37)
  road_collision_create_-1,0: 1.74 ms (max 2.01)
  road_collision_create_-2,-1: 5.22 ms (max 10.23)
  road_collision_create_-2,-2: 7.37 ms (max 13.00)
  road_collision_create_-2,-3: 2.60 ms (max 4.44)
  road_collision_create_-2,-4: 4.86 ms (max 6.33)
  road_collision_create_-2,0: 6.79 ms (max 10.68)
  road_collision_create_0,-1: 6.19 ms (max 12.66)
  road_collision_create_0,-2: 6.30 ms (max 11.99)
  road_collision_create_0,-3: 3.51 ms (max 4.80)
  road_collision_create_0,-4: 1.74 ms (max 2.77)
  road_collision_create_0,-5: 3.96 ms (max 4.48)
  road_collision_create_0,0: 5.16 ms (max 12.41)
  road_collision_create_0,1: 10.65 ms (max 10.65)
  road_collision_create_1,-1: 5.31 ms (max 12.56)
  road_collision_create_1,-2: 8.81 ms (max 15.10)
  road_collision_create_1,-3: 2.73 ms (max 3.56)
  road_collision_create_1,-4: 3.38 ms (max 4.64)
  road_collision_create_1,0: 11.81 ms (max 11.81)
  road_collision_create_2,-3: 3.06 ms (max 3.74)
===========================

=== PERFORMANCE METRICS ===
FPS: 18 | Frame: 56.0 ms (max 84.3) | Physics: 16.7 ms (max 34.1)
Godot Process: 18.84 ms | Physics: 13.04 ms
Objects: 66812 | Nodes: 29241 | Resources: 539
Draw calls: 4088 | Vertices: 6560299 | VRAM: 747.3 MB
Physics bodies: 479 | Collision pairs: 6638
===========================
⚡ PHYSICS SPIKE #2743: 13.0 ms at 84.8s (Bodies: 479)
⚡ PHYSICS SPIKE #2744: 13.0 ms at 84.8s (Bodies: 479)
⚡ PHYSICS SPIKE #2745: 13.0 ms at 84.8s (Bodies: 479)
⚡ PHYSICS SPIKE #2746: 13.0 ms at 84.8s (Bodies: 479)
⚡ FRAME SPIKE #1434: 55.6 ms at 84.8s (Draw: 4088, Bodies: 479)
⚡ PHYSICS SPIKE #2747: 13.0 ms at 84.9s (Bodies: 479)
⚡ PHYSICS SPIKE #2748: 13.0 ms at 84.9s (Bodies: 479)
⚡ PHYSICS SPIKE #2749: 13.0 ms at 84.9s (Bodies: 479)
⚡ FRAME SPIKE #1435: 58.5 ms at 84.9s (Draw: 4088, Bodies: 479)
⚡ PHYSICS SPIKE #2750: 13.0 ms at 84.9s (Bodies: 479)
⚡ PHYSICS SPIKE #2751: 13.0 ms at 84.9s (Bodies: 479)
⚡ PHYSICS SPIKE #2752: 13.0 ms at 84.9s (Bodies: 479)
⚡ PHYSICS SPIKE #2753: 13.0 ms at 84.9s (Bodies: 479)
⚡ FRAME SPIKE #1436: 54.1 ms at 84.9s (Draw: 4088, Bodies: 479)
⚡ PHYSICS SPIKE #2754: 13.0 ms at 85.0s (Bodies: 479)
⚡ PHYSICS SPIKE #2755: 13.0 ms at 85.0s (Bodies: 479)
⚡ PHYSICS SPIKE #2756: 13.0 ms at 85.0s (Bodies: 479)
⚡ PHYSICS SPIKE #2757: 13.0 ms at 85.0s (Bodies: 479)
⚡ FRAME SPIKE #1437: 66.7 ms at 85.0s (Draw: 4088, Bodies: 479)
⚡ PHYSICS SPIKE #2758: 13.0 ms at 85.0s (Bodies: 479)
⚡ PHYSICS SPIKE #2759: 13.0 ms at 85.0s (Bodies: 479)
⚡ PHYSICS SPIKE #2760: 13.0 ms at 85.0s (Bodies: 479)
⚡ FRAME SPIKE #1438: 61.7 ms at 85.0s (Draw: 4088, Bodies: 479)
⚡ PHYSICS SPIKE #2761: 13.0 ms at 85.1s (Bodies: 479)
⚡ PHYSICS SPIKE #2762: 13.0 ms at 85.1s (Bodies: 479)
⚡ PHYSICS SPIKE #2763: 13.0 ms at 85.1s (Bodies: 479)
⚡ FRAME SPIKE #1439: 55.0 ms at 85.1s (Draw: 4088, Bodies: 479)
⚡ PHYSICS SPIKE #2764: 13.0 ms at 85.2s (Bodies: 479)
⚡ PHYSICS SPIKE #2765: 13.0 ms at 85.2s (Bodies: 479)
⚡ PHYSICS SPIKE #2766: 13.0 ms at 85.2s (Bodies: 479)
⚡ PHYSICS SPIKE #2767: 13.0 ms at 85.2s (Bodies: 479)
⚡ FRAME SPIKE #1440: 55.6 ms at 85.2s (Draw: 4088, Bodies: 479)
⚡ PHYSICS SPIKE #2768: 13.0 ms at 85.2s (Bodies: 479)
⚡ PHYSICS SPIKE #2769: 13.0 ms at 85.2s (Bodies: 479)
⚡ PHYSICS SPIKE #2770: 13.0 ms at 85.2s (Bodies: 479)
⚡ FRAME SPIKE #1441: 55.7 ms at 85.2s (Draw: 4088, Bodies: 479)
⚡ PHYSICS SPIKE #2771: 13.0 ms at 85.3s (Bodies: 479)
⚡ PHYSICS SPIKE #2772: 13.0 ms at 85.3s (Bodies: 479)
⚡ PHYSICS SPIKE #2773: 13.0 ms at 85.3s (Bodies: 479)
⚡ PHYSICS SPIKE #2774: 13.0 ms at 85.3s (Bodies: 479)
⚡ FRAME SPIKE #1442: 55.4 ms at 85.3s (Draw: 4088, Bodies: 479)
⚡ PHYSICS SPIKE #2775: 13.0 ms at 85.3s (Bodies: 479)
⚡ PHYSICS SPIKE #2776: 13.0 ms at 85.3s (Bodies: 480)
⚡ PHYSICS SPIKE #2777: 13.0 ms at 85.3s (Bodies: 480)
⚡ PHYSICS SPIKE #2778: 13.0 ms at 85.3s (Bodies: 480)
⚡ FRAME SPIKE #1443: 66.7 ms at 85.3s (Draw: 4091, Bodies: 480)
⚡ PHYSICS SPIKE #2779: 13.0 ms at 85.4s (Bodies: 480)
⚡ PHYSICS SPIKE #2780: 13.0 ms at 85.4s (Bodies: 480)
⚡ PHYSICS SPIKE #2781: 13.0 ms at 85.4s (Bodies: 480)
⚡ FRAME SPIKE #1444: 56.1 ms at 85.4s (Draw: 4091, Bodies: 480)
🚗 Traffic: 33 active NPCs (Near: 13, Mid: 12, Far: 8), 2 pooled
  → Physics bodies from NPCs: 33 (All: 33×1, было бы 33×5=165)

========== Bottleneck Analysis Report ==========
Time: 96.4s | Frames: 2914

📊 PERFORMANCE OVERVIEW:
  FPS: 17.9 avg | 16.0 min
  Frame Time: 19.56 ms avg | 22.99 ms max
  Physics Time: 12.59 ms avg

🔍 BOTTLENECK IDENTIFICATION:
  🔴 [CRITICAL] Physics Time
      Value: 12.59 ms
      Impact: Physics simulation overhead
      Suggestions:
        • Reduce number of active physics bodies
        • Simplify collision shapes
        • Disable physics for distant objects

  🟠 [HIGH] Frame Time
      Value: 19.56 ms (target: 16.67 ms)
      Impact: Overall performance bottleneck
      Suggestions:
        • Reduce draw calls
        • Optimize scripts in _process()
        • Check for expensive operations per frame

  🟠 [HIGH] Draw Calls
      Value: 4161 calls/frame
      Impact: GPU rendering overhead
      Suggestions:
        • Batch meshes by material
        • Use MultiMeshInstance3D
        • Implement LOD system
        • Enable frustum culling

  🟠 [HIGH] Physics Bodies
      Value: 479 active bodies
      Impact: Physics engine load
      Suggestions:
        • Reduce NPC count
        • Convert distant NPCs to kinematic
        • Disable physics for far objects

  🟡 [MEDIUM] Vertex Count
      Value: 6563013 vertices/frame
      Impact: GPU vertex processing
      Suggestions:
        • Implement LOD for distant objects
        • Simplify building meshes
        • Use lower poly models

  🟡 [MEDIUM] Node Count
      Value: 29241 nodes
      Impact: Scene tree traversal overhead
      Suggestions:
        • Unload distant chunks
        • Pool and reuse nodes
        • Flatten hierarchy where possible

  🟡 [MEDIUM] Post-Processing Effects
      Value: SSAO, Glow/Bloom, Volumetric Fog
      Impact: GPU shader overhead
      Suggestions:
        • Reduce SSR quality
        • Disable SSAO on low-end hardware
        • Use simpler fog

📈 DETAILED STATS:
  Draw Calls: 4161 avg | 4356 max
  Vertices: 6563013 avg | 6570755 max
  Physics Bodies: 479
  Nodes: 29241
  VRAM: 747.3 MB

=================================================

⚡ PHYSICS SPIKE #2782: 13.0 ms at 85.5s (Bodies: 480)
⚡ PHYSICS SPIKE #2783: 13.0 ms at 85.5s (Bodies: 480)
⚡ PHYSICS SPIKE #2784: 13.0 ms at 85.5s (Bodies: 480)
⚡ FRAME SPIKE #1445: 56.1 ms at 85.5s (Draw: 4091, Bodies: 480)
⚡ PHYSICS SPIKE #2785: 13.0 ms at 85.5s (Bodies: 480)
⚡ PHYSICS SPIKE #2786: 13.0 ms at 85.5s (Bodies: 480)
⚡ PHYSICS SPIKE #2787: 13.0 ms at 85.5s (Bodies: 480)
⚡ PHYSICS SPIKE #2788: 13.0 ms at 85.5s (Bodies: 480)
⚡ FRAME SPIKE #1446: 55.6 ms at 85.5s (Draw: 4091, Bodies: 480)
⚡ PHYSICS SPIKE #2789: 13.0 ms at 85.6s (Bodies: 480)
⚡ PHYSICS SPIKE #2790: 13.0 ms at 85.6s (Bodies: 480)
⚡ PHYSICS SPIKE #2791: 13.0 ms at 85.6s (Bodies: 480)
⚡ FRAME SPIKE #1447: 56.1 ms at 85.6s (Draw: 4091, Bodies: 480)
⚡ PHYSICS SPIKE #2792: 13.0 ms at 85.6s (Bodies: 480)
⚡ PHYSICS SPIKE #2793: 13.0 ms at 85.6s (Bodies: 480)
⚡ PHYSICS SPIKE #2794: 13.0 ms at 85.6s (Bodies: 480)
⚡ FRAME SPIKE #1448: 55.6 ms at 85.6s (Draw: 4091, Bodies: 480)
⚡ PHYSICS SPIKE #2795: 13.0 ms at 85.7s (Bodies: 480)
⚡ PHYSICS SPIKE #2796: 13.0 ms at 85.7s (Bodies: 480)
⚡ PHYSICS SPIKE #2797: 13.0 ms at 85.7s (Bodies: 480)
⚡ PHYSICS SPIKE #2798: 13.0 ms at 85.7s (Bodies: 480)
⚡ FRAME SPIKE #1449: 55.6 ms at 85.7s (Draw: 4091, Bodies: 480)
⚡ PHYSICS SPIKE #2799: 13.0 ms at 85.7s (Bodies: 480)
⚡ PHYSICS SPIKE #2800: 13.0 ms at 85.7s (Bodies: 480)
⚡ PHYSICS SPIKE #2801: 13.0 ms at 85.7s (Bodies: 480)
⚡ FRAME SPIKE #1450: 56.1 ms at 85.7s (Draw: 4088, Bodies: 480)
⚡ PHYSICS SPIKE #2802: 13.0 ms at 85.8s (Bodies: 480)
⚡ PHYSICS SPIKE #2803: 13.0 ms at 85.8s (Bodies: 480)
⚡ PHYSICS SPIKE #2804: 13.0 ms at 85.8s (Bodies: 480)
⚡ FRAME SPIKE #1451: 55.6 ms at 85.8s (Draw: 4091, Bodies: 480)
⚡ PHYSICS SPIKE #2805: 13.0 ms at 85.8s (Bodies: 480)
⚡ PHYSICS SPIKE #2806: 13.0 ms at 85.8s (Bodies: 480)
⚡ PHYSICS SPIKE #2807: 13.0 ms at 85.8s (Bodies: 480)
⚡ PHYSICS SPIKE #2808: 13.0 ms at 85.8s (Bodies: 480)
⚡ FRAME SPIKE #1452: 54.5 ms at 85.8s (Draw: 4091, Bodies: 480)
⚡ PHYSICS SPIKE #2809: 13.0 ms at 85.9s (Bodies: 480)
⚡ PHYSICS SPIKE #2810: 13.0 ms at 85.9s (Bodies: 480)
⚡ PHYSICS SPIKE #2811: 13.0 ms at 85.9s (Bodies: 480)
⚡ FRAME SPIKE #1453: 55.6 ms at 85.9s (Draw: 4091, Bodies: 480)
⚡ PHYSICS SPIKE #2812: 13.0 ms at 86.0s (Bodies: 480)
⚡ PHYSICS SPIKE #2813: 13.0 ms at 86.0s (Bodies: 480)
⚡ PHYSICS SPIKE #2814: 13.0 ms at 86.0s (Bodies: 480)
⚡ FRAME SPIKE #1454: 55.6 ms at 86.0s (Draw: 4091, Bodies: 480)
⚡ PHYSICS SPIKE #2815: 13.0 ms at 86.0s (Bodies: 480)
⚡ PHYSICS SPIKE #2816: 13.0 ms at 86.0s (Bodies: 480)
⚡ PHYSICS SPIKE #2817: 13.0 ms at 86.0s (Bodies: 480)
⚡ FRAME SPIKE #1455: 51.4 ms at 86.0s (Draw: 4091, Bodies: 480)
⚡ PHYSICS SPIKE #2818: 13.0 ms at 86.1s (Bodies: 480)
⚡ PHYSICS SPIKE #2819: 13.0 ms at 86.1s (Bodies: 479)
⚡ PHYSICS SPIKE #2820: 13.0 ms at 86.1s (Bodies: 479)
⚡ FRAME SPIKE #1456: 50.4 ms at 86.1s (Draw: 4091, Bodies: 479)
⚡ PHYSICS SPIKE #2821: 13.0 ms at 86.1s (Bodies: 479)
⚡ PHYSICS SPIKE #2822: 13.0 ms at 86.1s (Bodies: 479)
⚡ PHYSICS SPIKE #2823: 13.0 ms at 86.1s (Bodies: 479)
⚡ FRAME SPIKE #1457: 49.3 ms at 86.1s (Draw: 4091, Bodies: 479)
⚡ PHYSICS SPIKE #2824: 12.1 ms at 86.2s (Bodies: 479)
⚡ PHYSICS SPIKE #2825: 12.1 ms at 86.2s (Bodies: 479)
⚡ PHYSICS SPIKE #2826: 12.1 ms at 86.2s (Bodies: 479)
⚡ FRAME SPIKE #1458: 50.3 ms at 86.2s (Draw: 4091, Bodies: 479)
⚡ PHYSICS SPIKE #2827: 12.1 ms at 86.2s (Bodies: 479)
⚡ PHYSICS SPIKE #2828: 12.1 ms at 86.2s (Bodies: 479)
⚡ PHYSICS SPIKE #2829: 12.1 ms at 86.2s (Bodies: 479)
⚡ FRAME SPIKE #1459: 50.8 ms at 86.2s (Draw: 4091, Bodies: 479)
⚡ PHYSICS SPIKE #2830: 12.1 ms at 86.3s (Bodies: 479)
⚡ PHYSICS SPIKE #2831: 12.1 ms at 86.3s (Bodies: 479)
⚡ PHYSICS SPIKE #2832: 12.1 ms at 86.3s (Bodies: 479)
⚡ FRAME SPIKE #1460: 51.0 ms at 86.3s (Draw: 4091, Bodies: 479)
⚡ PHYSICS SPIKE #2833: 12.1 ms at 86.3s (Bodies: 479)
⚡ PHYSICS SPIKE #2834: 12.1 ms at 86.3s (Bodies: 479)
⚡ PHYSICS SPIKE #2835: 12.1 ms at 86.3s (Bodies: 479)
⚡ FRAME SPIKE #1461: 48.1 ms at 86.3s (Draw: 4091, Bodies: 479)
⚡ PHYSICS SPIKE #2836: 12.1 ms at 86.4s (Bodies: 479)
⚡ PHYSICS SPIKE #2837: 12.1 ms at 86.4s (Bodies: 480)
⚡ PHYSICS SPIKE #2838: 12.1 ms at 86.4s (Bodies: 480)
⚡ PHYSICS SPIKE #2839: 12.1 ms at 86.4s (Bodies: 480)
⚡ FRAME SPIKE #1462: 53.1 ms at 86.4s (Draw: 4087, Bodies: 480)
⚡ PHYSICS SPIKE #2840: 12.1 ms at 86.4s (Bodies: 480)
⚡ PHYSICS SPIKE #2841: 12.1 ms at 86.4s (Bodies: 480)
⚡ PHYSICS SPIKE #2842: 12.1 ms at 86.4s (Bodies: 480)
⚡ FRAME SPIKE #1463: 51.9 ms at 86.4s (Draw: 4087, Bodies: 480)
⚡ PHYSICS SPIKE #2843: 12.1 ms at 86.5s (Bodies: 480)
⚡ PHYSICS SPIKE #2844: 12.1 ms at 86.5s (Bodies: 480)
⚡ PHYSICS SPIKE #2845: 12.1 ms at 86.5s (Bodies: 480)
⚡ FRAME SPIKE #1464: 51.9 ms at 86.5s (Draw: 4089, Bodies: 480)
⚡ PHYSICS SPIKE #2846: 12.1 ms at 86.5s (Bodies: 480)
⚡ PHYSICS SPIKE #2847: 12.1 ms at 86.5s (Bodies: 480)
⚡ PHYSICS SPIKE #2848: 12.1 ms at 86.5s (Bodies: 480)
⚡ FRAME SPIKE #1465: 51.7 ms at 86.5s (Draw: 4089, Bodies: 480)
⚡ PHYSICS SPIKE #2849: 12.1 ms at 86.6s (Bodies: 480)
⚡ PHYSICS SPIKE #2850: 12.1 ms at 86.6s (Bodies: 480)
⚡ PHYSICS SPIKE #2851: 12.1 ms at 86.6s (Bodies: 480)
⚡ FRAME SPIKE #1466: 51.7 ms at 86.6s (Draw: 4089, Bodies: 480)
⚡ PHYSICS SPIKE #2852: 12.1 ms at 86.6s (Bodies: 480)
⚡ PHYSICS SPIKE #2853: 12.1 ms at 86.6s (Bodies: 480)
⚡ PHYSICS SPIKE #2854: 12.1 ms at 86.6s (Bodies: 480)
⚡ FRAME SPIKE #1467: 51.7 ms at 86.6s (Draw: 4089, Bodies: 480)
⚡ PHYSICS SPIKE #2855: 12.1 ms at 86.7s (Bodies: 480)
⚡ PHYSICS SPIKE #2856: 12.1 ms at 86.7s (Bodies: 480)
⚡ PHYSICS SPIKE #2857: 12.1 ms at 86.7s (Bodies: 480)
⚡ FRAME SPIKE #1468: 51.7 ms at 86.7s (Draw: 4089, Bodies: 480)
⚡ PHYSICS SPIKE #2858: 12.1 ms at 86.7s (Bodies: 480)
⚡ PHYSICS SPIKE #2859: 12.1 ms at 86.7s (Bodies: 480)
⚡ PHYSICS SPIKE #2860: 12.1 ms at 86.7s (Bodies: 480)
⚡ FRAME SPIKE #1469: 51.7 ms at 86.7s (Draw: 4089, Bodies: 480)
⚡ PHYSICS SPIKE #2861: 12.1 ms at 86.8s (Bodies: 480)
⚡ PHYSICS SPIKE #2862: 12.1 ms at 86.8s (Bodies: 480)
⚡ PHYSICS SPIKE #2863: 12.1 ms at 86.8s (Bodies: 480)
⚡ FRAME SPIKE #1470: 51.7 ms at 86.8s (Draw: 4089, Bodies: 480)
⚡ PHYSICS SPIKE #2864: 12.1 ms at 86.8s (Bodies: 480)
⚡ PHYSICS SPIKE #2865: 12.1 ms at 86.8s (Bodies: 480)
⚡ PHYSICS SPIKE #2866: 12.1 ms at 86.8s (Bodies: 480)
⚡ FRAME SPIKE #1471: 51.7 ms at 86.8s (Draw: 4089, Bodies: 480)
⚡ PHYSICS SPIKE #2867: 12.1 ms at 86.9s (Bodies: 480)
⚡ PHYSICS SPIKE #2868: 12.1 ms at 86.9s (Bodies: 480)
⚡ PHYSICS SPIKE #2869: 12.1 ms at 86.9s (Bodies: 480)
⚡ PHYSICS SPIKE #2870: 12.1 ms at 86.9s (Bodies: 480)
⚡ FRAME SPIKE #1472: 51.7 ms at 86.9s (Draw: 4089, Bodies: 480)
⚡ PHYSICS SPIKE #2871: 12.1 ms at 86.9s (Bodies: 480)
⚡ PHYSICS SPIKE #2872: 12.1 ms at 86.9s (Bodies: 480)
⚡ PHYSICS SPIKE #2873: 12.1 ms at 86.9s (Bodies: 480)
⚡ FRAME SPIKE #1473: 51.9 ms at 86.9s (Draw: 4095, Bodies: 480)
⚡ PHYSICS SPIKE #2874: 12.1 ms at 87.0s (Bodies: 480)
⚡ PHYSICS SPIKE #2875: 12.1 ms at 87.0s (Bodies: 480)
⚡ PHYSICS SPIKE #2876: 12.1 ms at 87.0s (Bodies: 480)
⚡ FRAME SPIKE #1474: 51.9 ms at 87.0s (Draw: 4095, Bodies: 480)
⚡ PHYSICS SPIKE #2877: 12.1 ms at 87.0s (Bodies: 480)
⚡ PHYSICS SPIKE #2878: 12.1 ms at 87.0s (Bodies: 480)
⚡ PHYSICS SPIKE #2879: 12.1 ms at 87.0s (Bodies: 480)
⚡ FRAME SPIKE #1475: 51.9 ms at 87.0s (Draw: 4097, Bodies: 480)
⚡ PHYSICS SPIKE #2880: 12.1 ms at 87.1s (Bodies: 480)
⚡ PHYSICS SPIKE #2881: 12.1 ms at 87.1s (Bodies: 480)
⚡ PHYSICS SPIKE #2882: 12.1 ms at 87.1s (Bodies: 480)
⚡ FRAME SPIKE #1476: 51.9 ms at 87.1s (Draw: 4097, Bodies: 480)
⚡ PHYSICS SPIKE #2883: 12.7 ms at 87.1s (Bodies: 480)
⚡ PHYSICS SPIKE #2884: 12.7 ms at 87.1s (Bodies: 480)
⚡ PHYSICS SPIKE #2885: 12.7 ms at 87.1s (Bodies: 480)
⚡ FRAME SPIKE #1477: 51.9 ms at 87.1s (Draw: 4103, Bodies: 480)
⚡ PHYSICS SPIKE #2886: 12.7 ms at 87.2s (Bodies: 480)
⚡ PHYSICS SPIKE #2887: 12.7 ms at 87.2s (Bodies: 480)
⚡ PHYSICS SPIKE #2888: 12.7 ms at 87.2s (Bodies: 480)
⚡ FRAME SPIKE #1478: 51.9 ms at 87.2s (Draw: 4103, Bodies: 480)
⚡ PHYSICS SPIKE #2889: 12.7 ms at 87.2s (Bodies: 480)
⚡ PHYSICS SPIKE #2890: 12.7 ms at 87.2s (Bodies: 480)
⚡ PHYSICS SPIKE #2891: 12.7 ms at 87.2s (Bodies: 480)
⚡ FRAME SPIKE #1479: 52.3 ms at 87.2s (Draw: 4111, Bodies: 480)
⚡ PHYSICS SPIKE #2892: 12.7 ms at 87.3s (Bodies: 480)
⚡ PHYSICS SPIKE #2893: 12.7 ms at 87.3s (Bodies: 480)
⚡ PHYSICS SPIKE #2894: 12.7 ms at 87.3s (Bodies: 480)
⚡ PHYSICS SPIKE #2895: 12.7 ms at 87.3s (Bodies: 480)
⚡ FRAME SPIKE #1480: 53.9 ms at 87.3s (Draw: 4111, Bodies: 480)
⚡ PHYSICS SPIKE #2896: 12.7 ms at 87.3s (Bodies: 480)
⚡ PHYSICS SPIKE #2897: 12.7 ms at 87.3s (Bodies: 480)
⚡ PHYSICS SPIKE #2898: 12.7 ms at 87.3s (Bodies: 480)
⚡ FRAME SPIKE #1481: 63.3 ms at 87.3s (Draw: 4114, Bodies: 480)
⚡ PHYSICS SPIKE #2899: 12.7 ms at 87.4s (Bodies: 480)
⚡ PHYSICS SPIKE #2900: 12.7 ms at 87.4s (Bodies: 481)
⚡ PHYSICS SPIKE #2901: 12.7 ms at 87.4s (Bodies: 481)
⚡ PHYSICS SPIKE #2902: 12.7 ms at 87.4s (Bodies: 481)
⚡ FRAME SPIKE #1482: 55.6 ms at 87.4s (Draw: 4120, Bodies: 481)
🚗 Traffic: 35 active NPCs (Near: 13, Mid: 12, Far: 10), 0 pooled
  → Physics bodies from NPCs: 35 (All: 35×1, было бы 35×5=175)

========== Bottleneck Analysis Report ==========
Time: 98.4s | Frames: 2952

📊 PERFORMANCE OVERVIEW:
  FPS: 18.1 avg | 17.0 min
  Frame Time: 19.28 ms avg | 19.84 ms max
  Physics Time: 12.55 ms avg

🔍 BOTTLENECK IDENTIFICATION:
  🔴 [CRITICAL] Physics Time
      Value: 12.55 ms
      Impact: Physics simulation overhead
      Suggestions:
        • Reduce number of active physics bodies
        • Simplify collision shapes
        • Disable physics for distant objects

  🟠 [HIGH] Frame Time
      Value: 19.28 ms (target: 16.67 ms)
      Impact: Overall performance bottleneck
      Suggestions:
        • Reduce draw calls
        • Optimize scripts in _process()
        • Check for expensive operations per frame

  🟠 [HIGH] Draw Calls
      Value: 4090 calls/frame
      Impact: GPU rendering overhead
      Suggestions:
        • Batch meshes by material
        • Use MultiMeshInstance3D
        • Implement LOD system
        • Enable frustum culling

  🟠 [HIGH] Physics Bodies
      Value: 479 active bodies
      Impact: Physics engine load
      Suggestions:
        • Reduce NPC count
        • Convert distant NPCs to kinematic
        • Disable physics for far objects

  🟡 [MEDIUM] Vertex Count
      Value: 6561004 vertices/frame
      Impact: GPU vertex processing
      Suggestions:
        • Implement LOD for distant objects
        • Simplify building meshes
        • Use lower poly models

  🟡 [MEDIUM] Node Count
      Value: 29241 nodes
      Impact: Scene tree traversal overhead
      Suggestions:
        • Unload distant chunks
        • Pool and reuse nodes
        • Flatten hierarchy where possible

  🟡 [MEDIUM] Post-Processing Effects
      Value: SSAO, Glow/Bloom, Volumetric Fog
      Impact: GPU shader overhead
      Suggestions:
        • Reduce SSR quality
        • Disable SSAO on low-end hardware
        • Use simpler fog

📈 DETAILED STATS:
  Draw Calls: 4090 avg | 4120 max
  Vertices: 6561004 avg | 6567664 max
  Physics Bodies: 479
  Nodes: 29241
  VRAM: 747.3 MB

=================================================

⚡ PHYSICS SPIKE #2903: 12.7 ms at 87.5s (Bodies: 481)
⚡ PHYSICS SPIKE #2904: 12.7 ms at 87.5s (Bodies: 481)
⚡ PHYSICS SPIKE #2905: 12.7 ms at 87.5s (Bodies: 481)
⚡ PHYSICS SPIKE #2906: 12.7 ms at 87.5s (Bodies: 481)
⚡ FRAME SPIKE #1483: 65.2 ms at 87.5s (Draw: 4120, Bodies: 481)
⚡ PHYSICS SPIKE #2907: 12.7 ms at 87.5s (Bodies: 481)
⚡ PHYSICS SPIKE #2908: 12.7 ms at 87.5s (Bodies: 481)
⚡ PHYSICS SPIKE #2909: 12.7 ms at 87.5s (Bodies: 481)
⚡ FRAME SPIKE #1484: 64.6 ms at 87.5s (Draw: 4120, Bodies: 481)
⚡ PHYSICS SPIKE #2910: 12.7 ms at 87.6s (Bodies: 481)
⚡ PHYSICS SPIKE #2911: 12.7 ms at 87.6s (Bodies: 481)
⚡ PHYSICS SPIKE #2912: 12.7 ms at 87.6s (Bodies: 481)
⚡ PHYSICS SPIKE #2913: 12.7 ms at 87.6s (Bodies: 481)
⚡ FRAME SPIKE #1485: 58.3 ms at 87.6s (Draw: 4120, Bodies: 481)
⚡ PHYSICS SPIKE #2914: 12.7 ms at 87.7s (Bodies: 481)
⚡ PHYSICS SPIKE #2915: 12.7 ms at 87.7s (Bodies: 481)
⚡ PHYSICS SPIKE #2916: 12.7 ms at 87.7s (Bodies: 481)
⚡ PHYSICS SPIKE #2917: 12.7 ms at 87.7s (Bodies: 481)
⚡ FRAME SPIKE #1486: 60.4 ms at 87.7s (Draw: 4120, Bodies: 481)
⚡ PHYSICS SPIKE #2918: 12.7 ms at 87.7s (Bodies: 481)
⚡ PHYSICS SPIKE #2919: 12.7 ms at 87.7s (Bodies: 481)
⚡ PHYSICS SPIKE #2920: 12.7 ms at 87.7s (Bodies: 481)
⚡ FRAME SPIKE #1487: 63.7 ms at 87.7s (Draw: 4120, Bodies: 481)
⚡ PHYSICS SPIKE #2921: 12.7 ms at 87.8s (Bodies: 481)
⚡ PHYSICS SPIKE #2922: 12.7 ms at 87.8s (Bodies: 481)
⚡ PHYSICS SPIKE #2923: 12.7 ms at 87.8s (Bodies: 481)
⚡ PHYSICS SPIKE #2924: 12.7 ms at 87.8s (Bodies: 481)
⚡ FRAME SPIKE #1488: 60.0 ms at 87.8s (Draw: 4120, Bodies: 481)
⚡ PHYSICS SPIKE #2925: 12.7 ms at 87.8s (Bodies: 481)
⚡ PHYSICS SPIKE #2926: 12.7 ms at 87.8s (Bodies: 481)
⚡ PHYSICS SPIKE #2927: 12.7 ms at 87.8s (Bodies: 481)
⚡ PHYSICS SPIKE #2928: 12.7 ms at 87.8s (Bodies: 481)
⚡ FRAME SPIKE #1489: 60.7 ms at 87.8s (Draw: 4120, Bodies: 481)
⚡ PHYSICS SPIKE #2929: 12.7 ms at 87.9s (Bodies: 481)
⚡ PHYSICS SPIKE #2930: 12.7 ms at 87.9s (Bodies: 481)
⚡ PHYSICS SPIKE #2931: 12.7 ms at 87.9s (Bodies: 481)
⚡ PHYSICS SPIKE #2932: 12.7 ms at 87.9s (Bodies: 481)
⚡ FRAME SPIKE #1490: 64.6 ms at 87.9s (Draw: 4120, Bodies: 481)
⚡ PHYSICS SPIKE #2933: 12.7 ms at 88.0s (Bodies: 481)
⚡ PHYSICS SPIKE #2934: 12.7 ms at 88.0s (Bodies: 481)
⚡ PHYSICS SPIKE #2935: 12.7 ms at 88.0s (Bodies: 481)
⚡ FRAME SPIKE #1491: 65.3 ms at 88.0s (Draw: 4120, Bodies: 481)
⚡ PHYSICS SPIKE #2936: 12.7 ms at 88.0s (Bodies: 481)
⚡ PHYSICS SPIKE #2937: 12.7 ms at 88.0s (Bodies: 481)
⚡ PHYSICS SPIKE #2938: 12.7 ms at 88.0s (Bodies: 481)
⚡ PHYSICS SPIKE #2939: 12.7 ms at 88.0s (Bodies: 481)
⚡ FRAME SPIKE #1492: 61.1 ms at 88.0s (Draw: 4120, Bodies: 481)
⚡ PHYSICS SPIKE #2940: 12.7 ms at 88.1s (Bodies: 481)
⚡ PHYSICS SPIKE #2941: 12.7 ms at 88.1s (Bodies: 481)
⚡ PHYSICS SPIKE #2942: 12.7 ms at 88.1s (Bodies: 481)
⚡ PHYSICS SPIKE #2943: 12.7 ms at 88.1s (Bodies: 481)
⚡ FRAME SPIKE #1493: 61.7 ms at 88.1s (Draw: 4120, Bodies: 481)
⚡ PHYSICS SPIKE #2944: 12.9 ms at 88.2s (Bodies: 481)
⚡ PHYSICS SPIKE #2945: 12.9 ms at 88.2s (Bodies: 481)
⚡ PHYSICS SPIKE #2946: 12.9 ms at 88.2s (Bodies: 481)
⚡ PHYSICS SPIKE #2947: 12.9 ms at 88.2s (Bodies: 481)
⚡ FRAME SPIKE #1494: 62.1 ms at 88.2s (Draw: 4120, Bodies: 481)
⚡ PHYSICS SPIKE #2948: 12.9 ms at 88.2s (Bodies: 481)
⚡ PHYSICS SPIKE #2949: 12.9 ms at 88.2s (Bodies: 481)
⚡ PHYSICS SPIKE #2950: 12.9 ms at 88.2s (Bodies: 481)
⚡ FRAME SPIKE #1495: 63.4 ms at 88.2s (Draw: 4120, Bodies: 481)
⚡ PHYSICS SPIKE #2951: 12.9 ms at 88.3s (Bodies: 481)
⚡ PHYSICS SPIKE #2952: 12.9 ms at 88.3s (Bodies: 481)
⚡ PHYSICS SPIKE #2953: 12.9 ms at 88.3s (Bodies: 481)
⚡ PHYSICS SPIKE #2954: 12.9 ms at 88.3s (Bodies: 481)
⚡ FRAME SPIKE #1496: 62.1 ms at 88.3s (Draw: 4120, Bodies: 481)
⚡ PHYSICS SPIKE #2955: 12.9 ms at 88.3s (Bodies: 481)
⚡ PHYSICS SPIKE #2956: 12.9 ms at 88.3s (Bodies: 481)
⚡ PHYSICS SPIKE #2957: 12.9 ms at 88.3s (Bodies: 481)
⚡ PHYSICS SPIKE #2958: 12.9 ms at 88.3s (Bodies: 481)
⚡ FRAME SPIKE #1497: 62.1 ms at 88.3s (Draw: 4119, Bodies: 481)
⚡ PHYSICS SPIKE #2959: 12.9 ms at 88.4s (Bodies: 481)
⚡ PHYSICS SPIKE #2960: 12.9 ms at 88.4s (Bodies: 481)
⚡ PHYSICS SPIKE #2961: 12.9 ms at 88.4s (Bodies: 481)
⚡ FRAME SPIKE #1498: 61.4 ms at 88.4s (Draw: 4120, Bodies: 481)
⚡ PHYSICS SPIKE #2962: 12.9 ms at 88.5s (Bodies: 481)
⚡ PHYSICS SPIKE #2963: 12.9 ms at 88.5s (Bodies: 482)
⚡ PHYSICS SPIKE #2964: 12.9 ms at 88.5s (Bodies: 482)
⚡ PHYSICS SPIKE #2965: 12.9 ms at 88.5s (Bodies: 482)
⚡ FRAME SPIKE #1499: 62.1 ms at 88.5s (Draw: 4117, Bodies: 482)
⚡ PHYSICS SPIKE #2966: 12.9 ms at 88.5s (Bodies: 482)
⚡ PHYSICS SPIKE #2967: 12.9 ms at 88.5s (Bodies: 481)
⚡ PHYSICS SPIKE #2968: 12.9 ms at 88.5s (Bodies: 481)
⚡ PHYSICS SPIKE #2969: 12.9 ms at 88.5s (Bodies: 481)
⚡ PHYSICS SPIKE #2970: 12.9 ms at 88.5s (Bodies: 481)
⚡ PHYSICS SPIKE #2971: 12.9 ms at 88.5s (Bodies: 481)
⚡ FRAME SPIKE #1500: 101.3 ms at 88.5s (Draw: 4117, Bodies: 481)
⚡ PHYSICS SPIKE #2972: 12.9 ms at 88.6s (Bodies: 481)
⚡ PHYSICS SPIKE #2973: 12.9 ms at 88.6s (Bodies: 481)
⚡ PHYSICS SPIKE #2974: 12.9 ms at 88.6s (Bodies: 481)
⚡ PHYSICS SPIKE #2975: 12.9 ms at 88.6s (Bodies: 481)
⚡ PHYSICS SPIKE #2976: 12.9 ms at 88.6s (Bodies: 481)
⚡ PHYSICS SPIKE #2977: 12.9 ms at 88.6s (Bodies: 481)
⚡ FRAME SPIKE #1501: 89.2 ms at 88.6s (Draw: 4116, Bodies: 481)
⚡ PHYSICS SPIKE #2978: 12.9 ms at 88.7s (Bodies: 481)
⚡ PHYSICS SPIKE #2979: 12.9 ms at 88.7s (Bodies: 481)
⚡ PHYSICS SPIKE #2980: 12.9 ms at 88.7s (Bodies: 481)
⚡ PHYSICS SPIKE #2981: 12.9 ms at 88.7s (Bodies: 481)
⚡ PHYSICS SPIKE #2982: 12.9 ms at 88.7s (Bodies: 481)
⚡ FRAME SPIKE #1502: 91.0 ms at 88.7s (Draw: 4116, Bodies: 481)
⚡ PHYSICS SPIKE #2983: 12.9 ms at 88.8s (Bodies: 481)
⚡ PHYSICS SPIKE #2984: 12.9 ms at 88.8s (Bodies: 481)
⚡ PHYSICS SPIKE #2985: 12.9 ms at 88.8s (Bodies: 481)
⚡ PHYSICS SPIKE #2986: 12.9 ms at 88.8s (Bodies: 481)
⚡ PHYSICS SPIKE #2987: 12.9 ms at 88.8s (Bodies: 481)
⚡ FRAME SPIKE #1503: 85.8 ms at 88.8s (Draw: 4114, Bodies: 481)
⚡ PHYSICS SPIKE #2988: 12.9 ms at 88.9s (Bodies: 481)
⚡ PHYSICS SPIKE #2989: 12.9 ms at 88.9s (Bodies: 481)
⚡ PHYSICS SPIKE #2990: 12.9 ms at 88.9s (Bodies: 481)
⚡ PHYSICS SPIKE #2991: 12.9 ms at 88.9s (Bodies: 481)
⚡ PHYSICS SPIKE #2992: 12.9 ms at 88.9s (Bodies: 481)
⚡ FRAME SPIKE #1504: 77.5 ms at 88.9s (Draw: 4116, Bodies: 481)
⚡ PHYSICS SPIKE #2993: 12.9 ms at 89.0s (Bodies: 481)
⚡ PHYSICS SPIKE #2994: 12.9 ms at 89.0s (Bodies: 481)
⚡ PHYSICS SPIKE #2995: 12.9 ms at 89.0s (Bodies: 481)
⚡ PHYSICS SPIKE #2996: 12.9 ms at 89.0s (Bodies: 481)
⚡ PHYSICS SPIKE #2997: 12.9 ms at 89.0s (Bodies: 481)
⚡ FRAME SPIKE #1505: 78.6 ms at 89.0s (Draw: 4114, Bodies: 481)
⚡ PHYSICS SPIKE #2998: 12.9 ms at 89.0s (Bodies: 481)
⚡ PHYSICS SPIKE #2999: 12.9 ms at 89.0s (Bodies: 481)
⚡ PHYSICS SPIKE #3000: 12.9 ms at 89.0s (Bodies: 481)
⚡ PHYSICS SPIKE #3001: 12.9 ms at 89.0s (Bodies: 481)
⚡ FRAME SPIKE #1506: 78.4 ms at 89.0s (Draw: 4114, Bodies: 481)
⚡ PHYSICS SPIKE #3002: 12.9 ms at 89.1s (Bodies: 481)
⚡ PHYSICS SPIKE #3003: 12.9 ms at 89.1s (Bodies: 481)
⚡ PHYSICS SPIKE #3004: 12.9 ms at 89.1s (Bodies: 481)
⚡ PHYSICS SPIKE #3005: 12.9 ms at 89.1s (Bodies: 481)
⚡ FRAME SPIKE #1507: 66.4 ms at 89.1s (Draw: 4116, Bodies: 481)
⚡ PHYSICS SPIKE #3006: 13.1 ms at 89.2s (Bodies: 481)
⚡ PHYSICS SPIKE #3007: 13.1 ms at 89.2s (Bodies: 481)
⚡ PHYSICS SPIKE #3008: 13.1 ms at 89.2s (Bodies: 481)
⚡ PHYSICS SPIKE #3009: 13.1 ms at 89.2s (Bodies: 481)
⚡ FRAME SPIKE #1508: 65.2 ms at 89.2s (Draw: 4116, Bodies: 481)
⚡ PHYSICS SPIKE #3010: 13.1 ms at 89.3s (Bodies: 481)
⚡ PHYSICS SPIKE #3011: 13.1 ms at 89.3s (Bodies: 481)
⚡ PHYSICS SPIKE #3012: 13.1 ms at 89.3s (Bodies: 481)
⚡ PHYSICS SPIKE #3013: 13.1 ms at 89.3s (Bodies: 481)
⚡ FRAME SPIKE #1509: 64.3 ms at 89.3s (Draw: 4116, Bodies: 481)
⚡ PHYSICS SPIKE #3014: 13.1 ms at 89.3s (Bodies: 481)
⚡ PHYSICS SPIKE #3015: 13.1 ms at 89.3s (Bodies: 481)
⚡ PHYSICS SPIKE #3016: 13.1 ms at 89.3s (Bodies: 481)
⚡ PHYSICS SPIKE #3017: 13.1 ms at 89.3s (Bodies: 481)
⚡ FRAME SPIKE #1510: 64.9 ms at 89.3s (Draw: 4116, Bodies: 481)
⚡ PHYSICS SPIKE #3018: 13.1 ms at 89.4s (Bodies: 481)
⚡ PHYSICS SPIKE #3019: 13.1 ms at 89.4s (Bodies: 481)
⚡ PHYSICS SPIKE #3020: 13.1 ms at 89.4s (Bodies: 481)
⚡ PHYSICS SPIKE #3021: 13.1 ms at 89.4s (Bodies: 481)
⚡ FRAME SPIKE #1511: 64.0 ms at 89.4s (Draw: 4116, Bodies: 481)
⚡ PHYSICS SPIKE #3022: 13.1 ms at 89.5s (Bodies: 481)
⚡ PHYSICS SPIKE #3023: 13.1 ms at 89.5s (Bodies: 481)
⚡ PHYSICS SPIKE #3024: 13.1 ms at 89.5s (Bodies: 481)
⚡ PHYSICS SPIKE #3025: 13.1 ms at 89.5s (Bodies: 481)
⚡ FRAME SPIKE #1512: 64.9 ms at 89.5s (Draw: 4116, Bodies: 481)
🚗 Traffic: 35 active NPCs (Near: 14, Mid: 11, Far: 10), 2 pooled
  → Physics bodies from NPCs: 35 (All: 35×1, было бы 35×5=175)

========== Bottleneck Analysis Report ==========
Time: 100.4s | Frames: 2982

📊 PERFORMANCE OVERVIEW:
  FPS: 18.0 avg | 14.0 min
  Frame Time: 20.51 ms avg | 47.54 ms max
  Physics Time: 12.64 ms avg

🔍 BOTTLENECK IDENTIFICATION:
  🔴 [CRITICAL] Physics Time
      Value: 12.64 ms
      Impact: Physics simulation overhead
      Suggestions:
        • Reduce number of active physics bodies
        • Simplify collision shapes
        • Disable physics for distant objects

  🟠 [HIGH] Frame Time
      Value: 20.51 ms (target: 16.67 ms)
      Impact: Overall performance bottleneck
      Suggestions:
        • Reduce draw calls
        • Optimize scripts in _process()
        • Check for expensive operations per frame

  🟠 [HIGH] Draw Calls
      Value: 4098 calls/frame
      Impact: GPU rendering overhead
      Suggestions:
        • Batch meshes by material
        • Use MultiMeshInstance3D
        • Implement LOD system
        • Enable frustum culling

  🟠 [HIGH] Physics Bodies
      Value: 479 active bodies
      Impact: Physics engine load
      Suggestions:
        • Reduce NPC count
        • Convert distant NPCs to kinematic
        • Disable physics for far objects

  🟡 [MEDIUM] Vertex Count
      Value: 6562885 vertices/frame
      Impact: GPU vertex processing
      Suggestions:
        • Implement LOD for distant objects
        • Simplify building meshes
        • Use lower poly models

  🟡 [MEDIUM] Node Count
      Value: 29432 nodes
      Impact: Scene tree traversal overhead
      Suggestions:
        • Unload distant chunks
        • Pool and reuse nodes
        • Flatten hierarchy where possible

  🟡 [MEDIUM] Post-Processing Effects
      Value: SSAO, Glow/Bloom, Volumetric Fog
      Impact: GPU shader overhead
      Suggestions:
        • Reduce SSR quality
        • Disable SSAO on low-end hardware
        • Use simpler fog

📈 DETAILED STATS:
  Draw Calls: 4098 avg | 4120 max
  Vertices: 6562885 avg | 6567664 max
  Physics Bodies: 479
  Nodes: 29432
  VRAM: 747.4 MB

=================================================

⚡ PHYSICS SPIKE #3026: 13.1 ms at 89.5s (Bodies: 481)
⚡ PHYSICS SPIKE #3027: 13.1 ms at 89.5s (Bodies: 481)
⚡ PHYSICS SPIKE #3028: 13.1 ms at 89.5s (Bodies: 481)
⚡ PHYSICS SPIKE #3029: 13.1 ms at 89.5s (Bodies: 481)
⚡ FRAME SPIKE #1513: 67.7 ms at 89.5s (Draw: 4116, Bodies: 481)
⚡ PHYSICS SPIKE #3030: 13.1 ms at 89.6s (Bodies: 481)
⚡ PHYSICS SPIKE #3031: 13.1 ms at 89.6s (Bodies: 481)
⚡ PHYSICS SPIKE #3032: 13.1 ms at 89.6s (Bodies: 481)
⚡ PHYSICS SPIKE #3033: 13.1 ms at 89.6s (Bodies: 481)
⚡ FRAME SPIKE #1514: 65.0 ms at 89.6s (Draw: 4116, Bodies: 481)
⚡ PHYSICS SPIKE #3034: 13.1 ms at 89.6s (Bodies: 481)
⚡ PHYSICS SPIKE #3035: 13.1 ms at 89.6s (Bodies: 480)
⚡ PHYSICS SPIKE #3036: 13.1 ms at 89.6s (Bodies: 480)
⚡ PHYSICS SPIKE #3037: 13.1 ms at 89.6s (Bodies: 480)
⚡ FRAME SPIKE #1515: 65.8 ms at 89.6s (Draw: 4115, Bodies: 480)
⚡ PHYSICS SPIKE #3038: 13.1 ms at 89.7s (Bodies: 480)
⚡ PHYSICS SPIKE #3039: 13.1 ms at 89.7s (Bodies: 480)
⚡ PHYSICS SPIKE #3040: 13.1 ms at 89.7s (Bodies: 480)
⚡ PHYSICS SPIKE #3041: 13.1 ms at 89.7s (Bodies: 480)
⚡ FRAME SPIKE #1516: 64.8 ms at 89.7s (Draw: 4115, Bodies: 480)
⚡ PHYSICS SPIKE #3042: 13.1 ms at 89.8s (Bodies: 480)
⚡ PHYSICS SPIKE #3043: 13.1 ms at 89.8s (Bodies: 480)
⚡ PHYSICS SPIKE #3044: 13.1 ms at 89.8s (Bodies: 480)
⚡ FRAME SPIKE #1517: 65.2 ms at 89.8s (Draw: 4113, Bodies: 480)

=== PERFORMANCE METRICS ===
FPS: 14 | Frame: 58.0 ms (max 101.3) | Physics: 16.6 ms (max 60.4)
Godot Process: 47.54 ms | Physics: 13.09 ms
Objects: 67155 | Nodes: 29432 | Resources: 539
Draw calls: 4113 | Vertices: 6567126 | VRAM: 747.4 MB
Physics bodies: 480 | Collision pairs: 6662
--- System Times ---
  road_batch_finalize_total_-1,-1: 10.47 ms (max 10.47)
  road_batch_finalize_total_-1,-2: 15.38 ms (max 15.38)
  road_batch_finalize_total_-1,-3: 11.56 ms (max 11.56)
  road_batch_finalize_total_-1,-4: 9.31 ms (max 9.31)
  road_batch_finalize_total_-1,-5: 9.36 ms (max 9.36)
  road_batch_finalize_total_-1,0: 3.82 ms (max 3.82)
  road_batch_finalize_total_-2,-1: 16.32 ms (max 16.32)
  road_batch_finalize_total_-2,-2: 15.24 ms (max 15.24)
  road_batch_finalize_total_-2,-3: 8.67 ms (max 8.67)
  road_batch_finalize_total_-2,-4: 10.52 ms (max 12.78)
  road_batch_finalize_total_-2,0: 14.05 ms (max 14.05)
  road_batch_finalize_total_0,-1: 19.44 ms (max 19.44)
  road_batch_finalize_total_0,-2: 19.68 ms (max 19.68)
  road_batch_finalize_total_0,-3: 11.59 ms (max 11.59)
  road_batch_finalize_total_0,-4: 5.84 ms (max 5.84)
  road_batch_finalize_total_0,-5: 8.77 ms (max 8.77)
  road_batch_finalize_total_0,0: 16.18 ms (max 16.18)
  road_batch_finalize_total_0,1: 10.93 ms (max 10.93)
  road_batch_finalize_total_1,-1: 16.70 ms (max 16.70)
  road_batch_finalize_total_1,-2: 18.21 ms (max 18.21)
  road_batch_finalize_total_1,-3: 9.12 ms (max 9.12)
  road_batch_finalize_total_1,-4: 11.09 ms (max 11.09)
  road_batch_finalize_total_1,0: 12.08 ms (max 12.08)
  road_batch_finalize_total_2,-3: 7.01 ms (max 7.01)
  road_collision_create_-1,-1: 3.28 ms (max 3.86)
  road_collision_create_-1,-2: 7.46 ms (max 11.95)
  road_collision_create_-1,-3: 3.47 ms (max 6.77)
  road_collision_create_-1,-4: 4.27 ms (max 4.84)
  road_collision_create_-1,-5: 4.11 ms (max 4.37)
  road_collision_create_-1,0: 1.74 ms (max 2.01)
  road_collision_create_-2,-1: 5.22 ms (max 10.23)
  road_collision_create_-2,-2: 7.37 ms (max 13.00)
  road_collision_create_-2,-3: 2.60 ms (max 4.44)
  road_collision_create_-2,-4: 4.86 ms (max 6.33)
  road_collision_create_-2,0: 6.79 ms (max 10.68)
  road_collision_create_0,-1: 6.19 ms (max 12.66)
  road_collision_create_0,-2: 6.30 ms (max 11.99)
  road_collision_create_0,-3: 3.51 ms (max 4.80)
  road_collision_create_0,-4: 1.74 ms (max 2.77)
  road_collision_create_0,-5: 3.96 ms (max 4.48)
  road_collision_create_0,0: 5.16 ms (max 12.41)
  road_collision_create_0,1: 10.65 ms (max 10.65)
  road_collision_create_1,-1: 5.31 ms (max 12.56)
  road_collision_create_1,-2: 8.81 ms (max 15.10)
  road_collision_create_1,-3: 2.73 ms (max 3.56)
  road_collision_create_1,-4: 3.38 ms (max 4.64)
  road_collision_create_1,0: 11.81 ms (max 11.81)
  road_collision_create_2,-3: 3.06 ms (max 3.74)
===========================

=== PERFORMANCE METRICS ===
FPS: 14 | Frame: 58.0 ms (max 101.3) | Physics: 16.6 ms (max 60.5)
Godot Process: 47.54 ms | Physics: 13.09 ms
Objects: 67155 | Nodes: 29432 | Resources: 539
Draw calls: 4113 | Vertices: 6567126 | VRAM: 747.4 MB
Physics bodies: 480 | Collision pairs: 6662
===========================
⚡ PHYSICS SPIKE #3045: 13.1 ms at 89.8s (Bodies: 480)
⚡ PHYSICS SPIKE #3046: 13.1 ms at 89.8s (Bodies: 480)
⚡ PHYSICS SPIKE #3047: 13.1 ms at 89.8s (Bodies: 480)
⚡ PHYSICS SPIKE #3048: 13.1 ms at 89.8s (Bodies: 480)
⚡ FRAME SPIKE #1518: 54.5 ms at 89.8s (Draw: 4115, Bodies: 480)
⚡ PHYSICS SPIKE #3049: 13.1 ms at 89.9s (Bodies: 480)
⚡ PHYSICS SPIKE #3050: 13.1 ms at 89.9s (Bodies: 480)
⚡ PHYSICS SPIKE #3051: 13.1 ms at 89.9s (Bodies: 480)
⚡ PHYSICS SPIKE #3052: 13.1 ms at 89.9s (Bodies: 480)
⚡ FRAME SPIKE #1519: 65.3 ms at 89.9s (Draw: 4113, Bodies: 480)
⚡ PHYSICS SPIKE #3053: 13.1 ms at 90.0s (Bodies: 480)
⚡ PHYSICS SPIKE #3054: 13.1 ms at 90.0s (Bodies: 480)
⚡ PHYSICS SPIKE #3055: 13.1 ms at 90.0s (Bodies: 480)
⚡ PHYSICS SPIKE #3056: 13.1 ms at 90.0s (Bodies: 480)
⚡ FRAME SPIKE #1520: 65.2 ms at 90.0s (Draw: 4118, Bodies: 480)

========== DETAILED TEST RESULTS ==========
Test duration: 90.0 seconds

📊 FRAME SPIKES (> 25.0 ms): 1520 total
  Early (0-30s): 292 spikes
  Mid (30-60s): 686 spikes
  Late (60-90s): 542 spikes

  🔴 WORST SPIKE:
    Time: 31.4s
    Frame time: 109.4 ms
    FPS: 38
    Draw calls: 5276
    Vertices: 7462363
    Physics bodies: 381
    Nodes: 23678

  First 5 spikes:
    2.5s: 26.7 ms (Draw: 3499, Bodies: 210)
    2.7s: 29.0 ms (Draw: 3591, Bodies: 211)
    3.7s: 62.4 ms (Draw: 3712, Bodies: 212)
    3.7s: 33.3 ms (Draw: 3706, Bodies: 212)
    3.8s: 29.5 ms (Draw: 3712, Bodies: 211)

📊 PHYSICS SPIKES (> 10ms): 3056 total
  🔴 WORST PHYSICS SPIKE:
    Time: 76.2s
    Physics time: 21.9 ms
    Bodies: 480

✅ Detailed spike data saved to:
   /Users/sergey/Library/Application Support/Godot/app_userdata/OSM Racing/detailed_performance.json
[PerformanceLogger] Stopped logging: detailed_test_90s
[PerformanceLogger] Exported metrics to: user://detailed_test_90s.csv

========== Performance Test Summary ==========
Test: detailed_test_90s
Duration: 90.10 seconds
Frames: 2710

FPS:
  Average: 35.3
  Median (50th): 37.0
  95th Percentile: 55.0
  5th Percentile: 18.0
  Min: 14.0
  Max: 67.0

Frame Time (ms):
  Average: 30.50
  Min: 15.67
  Max: 92.84

Rendering:
  Avg Draw Calls: 4057
  Max Draw Calls: 5947
  Avg Vertices: 15769247
  Max Vertices: 56612948
  VRAM: 747.4 MB

Physics:
  Active Bodies: 480

Scene:
  Node Count: 29432
==============================================


===========================================

Quitting application...

========== PERFORMANCE METRICS ==========
Frames: 600
  total_frame: avg=0.04 ms, median=0.04 ms, max=0.07 ms, calls=600, total=25.5 ms
  road_queue: avg=0.01 ms, median=0.01 ms, max=0.02 ms, calls=600, total=7.2 ms
  building_results: avg=0.00 ms, median=0.00 ms, max=0.01 ms, calls=600, total=1.7 ms
  terrain_queue: avg=0.00 ms, median=0.00 ms, max=0.01 ms, calls=600, total=1.1 ms
  curb_mesh: avg=0.00 ms, median=0.00 ms, max=0.01 ms, calls=600, total=1.0 ms
  infra_queue: avg=0.00 ms, median=0.00 ms, max=0.00 ms, calls=600, total=0.9 ms
  curb_collisions: avg=0.00 ms, median=0.00 ms, max=0.01 ms, calls=600, total=0.9 ms
  vegetation_queue: avg=0.00 ms, median=0.00 ms, max=0.00 ms, calls=600, total=0.7 ms
==========================================


========== DRAW CALL BREAKDOWN ==========
Total tracked draw calls: 2281

  Buildings   :  1034 ( 45.3%) █████████
  Vegetation  :   840 ( 36.8%) ███████
  Terrain     :   227 ( 10.0%) █
  Lamps       :    63 (  2.8%) 
  Roads       :    60 (  2.6%) 
  Windows     :    31 (  1.4%) 
  Signs       :    26 (  1.1%) 

💡 RECOMMENDATIONS:
  🔴 Buildings: 45.3% of draw calls
     → Implement MultiMeshInstance3D for building base meshes
=========================================

WARNING: ObjectDB instances leaked at exit (run with --verbose for details).
     at: cleanup (core/object/object.cpp:2514)
ERROR: 1 resources still in use at exit (run with --verbose for details).
   at: clear (core/io/resource.cpp:795)
