WorkerThreadPool: 10 threads, 3 max low-priority.
Godot Engine v4.5.1.stable.official.f62fdbde1 - https://godotengine.org
TextServer: Added interface "Dummy"
TextServer: Added interface "ICU / HarfBuzz / Graphite (Built-in)"
Unrecognized output string "misc2" in mapping:
030000007e0500006920000001010000,Nintendo Switch 2 Pro Controller,a:b0,b:b1,back:b14,dpdown:b8,dpleft:b10,dpright:b9,dpup:b11,guide:b16,leftshoulder:b12,leftstick:b15,lefttrigger:b13,leftx:a0,lefty:a1~,misc1:b17,misc2:b20,paddle1:b18,paddle2:b19,rightshoulder:b4,rightstick:b7,righttrigger:b5,rightx:a2,righty:a3~,start:b6,x:b2,y:b3,platform:Mac OS X,
SDL: Init OK!
[mvk-info] MoltenVK version 1.2.9, supporting Vulkan version 1.2.283.
	The following 110 Vulkan extensions are supported:
		VK_KHR_16bit_storage v1
		VK_KHR_8bit_storage v1
		VK_KHR_bind_memory2 v1
		VK_KHR_buffer_device_address v1
		VK_KHR_calibrated_timestamps v1
		VK_KHR_copy_commands2 v1
		VK_KHR_create_renderpass2 v1
		VK_KHR_dedicated_allocation v3
		VK_KHR_deferred_host_operations v4
		VK_KHR_depth_stencil_resolve v1
		VK_KHR_descriptor_update_template v1
		VK_KHR_device_group v4
		VK_KHR_device_group_creation v1
		VK_KHR_driver_properties v1
		VK_KHR_dynamic_rendering v1
		VK_KHR_external_fence v1
		VK_KHR_external_fence_capabilities v1
		VK_KHR_external_memory v1
		VK_KHR_external_memory_capabilities v1
		VK_KHR_external_semaphore v1
		VK_KHR_external_semaphore_capabilities v1
		VK_KHR_fragment_shader_barycentric v1
		VK_KHR_format_feature_flags2 v2
		VK_KHR_get_memory_requirements2 v1
		VK_KHR_get_physical_device_properties2 v2
		VK_KHR_get_surface_capabilities2 v1
		VK_KHR_imageless_framebuffer v1
		VK_KHR_image_format_list v1
		VK_KHR_incremental_present v2
		VK_KHR_maintenance1 v2
		VK_KHR_maintenance2 v1
		VK_KHR_maintenance3 v1
		VK_KHR_map_memory2 v1
		VK_KHR_multiview v1
		VK_KHR_portability_subset v1
		VK_KHR_push_descriptor v2
		VK_KHR_relaxed_block_layout v1
		VK_KHR_sampler_mirror_clamp_to_edge v3
		VK_KHR_sampler_ycbcr_conversion v14
		VK_KHR_separate_depth_stencil_layouts v1
		VK_KHR_shader_draw_parameters v1
		VK_KHR_shader_float_controls v4
		VK_KHR_shader_float16_int8 v1
		VK_KHR_shader_integer_dot_product v1
		VK_KHR_shader_non_semantic_info v1
		VK_KHR_shader_subgroup_extended_types v1
		VK_KHR_spirv_1_4 v1
		VK_KHR_storage_buffer_storage_class v1
		VK_KHR_surface v25
		VK_KHR_swapchain v70
		VK_KHR_swapchain_mutable_format v1
		VK_KHR_synchronization2 v1
		VK_KHR_timeline_semaphore v2
		VK_KHR_uniform_buffer_standard_layout v1
		VK_KHR_variable_pointers v1
		VK_KHR_vertex_attribute_divisor v1
		VK_EXT_4444_formats v1
		VK_EXT_buffer_device_address v2
		VK_EXT_calibrated_timestamps v2
		VK_EXT_debug_marker v4
		VK_EXT_debug_report v10
		VK_EXT_debug_utils v2
		VK_EXT_descriptor_indexing v2
		VK_EXT_extended_dynamic_state v1
		VK_EXT_extended_dynamic_state2 v1
		VK_EXT_extended_dynamic_state3 v2
		VK_EXT_external_memory_host v1
		VK_EXT_fragment_shader_interlock v1
		VK_EXT_hdr_metadata v2
		VK_EXT_headless_surface v1
		VK_EXT_host_image_copy v1
		VK_EXT_host_query_reset v1
		VK_EXT_image_robustness v1
		VK_EXT_inline_uniform_block v1
		VK_EXT_layer_settings v2
		VK_EXT_memory_budget v1
		VK_EXT_metal_objects v2
		VK_EXT_metal_surface v1
		VK_EXT_pipeline_creation_cache_control v3
		VK_EXT_pipeline_creation_feedback v1
		VK_EXT_post_depth_coverage v1
		VK_EXT_private_data v1
		VK_EXT_robustness2 v1
		VK_EXT_sample_locations v1
		VK_EXT_scalar_block_layout v1
		VK_EXT_separate_stencil_usage v1
		VK_EXT_shader_atomic_float v1
		VK_EXT_shader_demote_to_helper_invocation v1
		VK_EXT_shader_stencil_export v1
		VK_EXT_shader_subgroup_ballot v1
		VK_EXT_shader_subgroup_vote v1
		VK_EXT_shader_viewport_index_layer v1
		VK_EXT_subgroup_size_control v2
		VK_EXT_surface_maintenance1 v1
		VK_EXT_swapchain_colorspace v4
		VK_EXT_swapchain_maintenance1 v1
		VK_EXT_texel_buffer_alignment v1
		VK_EXT_texture_compression_astc_hdr v1
		VK_EXT_vertex_attribute_divisor v3
		VK_AMD_gpu_shader_half_float v2
		VK_AMD_negative_viewport_height v1
		VK_AMD_shader_image_load_store_lod v1
		VK_AMD_shader_trinary_minmax v1
		VK_IMG_format_pvrtc v1
		VK_INTEL_shader_integer_functions2 v1
		VK_GOOGLE_display_timing v1
		VK_MVK_macos_surface v3
		VK_MVK_moltenvk v37
		VK_NV_fragment_shader_barycentric v1
		VK_NV_glsl_shader v1
[mvk-info] GPU device:
		model: Apple M1 Pro
		type: Integrated
		vendorID: 0x106b
		deviceID: 0xf0103ef
		pipelineCacheUUID: BF097EDC-0F01-03EF-0000-000000000000
		GPU memory available: 21845 MB
		GPU memory used: 0 MB
	supports the following Metal Versions, GPU's and Feature Sets:
		Metal Shading Language 3.1
		GPU Family Apple 7
		GPU Family Apple 6
		GPU Family Apple 5
		GPU Family Apple 4
		GPU Family Apple 3
		GPU Family Apple 2
		GPU Family Apple 1
		GPU Family Mac 2
		GPU Family Mac 1
		GPU Family Common 3
		GPU Family Common 2
		GPU Family Common 1
		macOS GPU Family 2 v1
		macOS GPU Family 1 v4
		macOS GPU Family 1 v3
		macOS GPU Family 1 v2
		macOS GPU Family 1 v1
[mvk-info] Created VkInstance for Vulkan version 1.2.0, as requested by app, with the following 4 Vulkan extensions enabled:
		VK_KHR_get_physical_device_properties2 v2
		VK_KHR_surface v25
		VK_EXT_debug_utils v2
		VK_EXT_metal_surface v1
Devices:
  #0: Apple Apple M1 Pro - Supported, Integrated
Optional extension VK_KHR_fragment_shading_rate not found
Optional extension VK_EXT_fragment_density_map not found
Optional extension VK_EXT_astc_decode_mode not found
Optional extension VK_KHR_vulkan_memory_model not found
Optional extension VK_KHR_external_memory_fd not found
Optional extension VK_EXT_device_fault not found
- Vulkan Variable Rate Shading not supported
- Vulkan Fragment Density Map not supported
- Vulkan multiview supported:
  max view count: 32
  max instances: 134217727
- Vulkan subgroup:
  size: 32
  min size: 32
  max size: 32
  stages: STAGE_TESSELLATION_CONTROL, STAGE_FRAGMENT, STAGE_COMPUTE
  supported ops: FEATURE_BASIC, FEATURE_VOTE, FEATURE_ARITHMETIC, FEATURE_BALLOT, FEATURE_SHUFFLE, FEATURE_SHUFFLE_RELATIVE, FEATURE_QUAD
  quad operations in all stages
[mvk-info] Vulkan semaphores using Metal implicit guarantees within a single queue.
[mvk-info] Created VkDevice to run on GPU Apple M1 Pro with the following 13 Vulkan extensions enabled:
		VK_KHR_16bit_storage v1
		VK_KHR_buffer_device_address v1
		VK_KHR_create_renderpass2 v1
		VK_KHR_image_format_list v1
		VK_KHR_maintenance2 v1
		VK_KHR_multiview v1
		VK_KHR_shader_float16_int8 v1
		VK_KHR_storage_buffer_storage_class v1
		VK_KHR_swapchain v70
		VK_EXT_debug_marker v4
		VK_EXT_pipeline_creation_cache_control v3
		VK_EXT_subgroup_size_control v2
		VK_EXT_texture_compression_astc_hdr v1
Vulkan 1.2.283 - Forward+ - Using Device #0: Apple - Apple M1 Pro
Startup PSO cache (41.1 MiB)
Using "default" pen tablet driver...
Creating VMA small objects pool for memory type index 0
Shader 'CanvasSdfShaderRD' (group 0) SHA256: e3e36a196484fd7752bf3d5dca5d9ff7512a4e981b5f5f57e6f0a0fc50640721
Loading cache for shader CanvasSdfShaderRD, variant 0
Loading cache for shader CanvasSdfShaderRD, variant 1
Loading cache for shader CanvasSdfShaderRD, variant 2
Loading cache for shader CanvasSdfShaderRD, variant 3
Loading cache for shader CanvasSdfShaderRD, variant 4
Loading cache for shader CanvasSdfShaderRD, variant 5
Shader 'SkeletonShaderRD' (group 0) SHA256: e0325885d3b45ea42d045525d1c732805f14a5a6cc4b6b67ce336626653e9573
Loading cache for shader SkeletonShaderRD, variant 0
Loading cache for shader SkeletonShaderRD, variant 1
Shader 'SortShaderRD' (group 0) SHA256: ce9b4120b1d1a35c1bea19b12a6206dee2526af5e61fd4520555d6b447f15e34
Loading cache for shader SortShaderRD, variant 0
Loading cache for shader SortShaderRD, variant 1
Loading cache for shader SortShaderRD, variant 2
Shader 'ParticlesShaderRD' (group 0) SHA256: c77129ff51da9b8bd8037785c1a2afcdca1f25aa602d8d22c4973640d55305a4
Loading cache for shader ParticlesShaderRD, variant 0
Shader 'ParticlesCopyShaderRD' (group 0) SHA256: 76ee6b7648ff369a05e8340a639ce08c065370fd23e6d18634d522db1c3ac055
Loading cache for shader ParticlesCopyShaderRD, variant 0
Loading cache for shader ParticlesCopyShaderRD, variant 1
Loading cache for shader ParticlesCopyShaderRD, variant 2
Loading cache for shader ParticlesCopyShaderRD, variant 3
Loading cache for shader ParticlesCopyShaderRD, variant 4
Loading cache for shader ParticlesCopyShaderRD, variant 5
Loading cache for shader ParticlesCopyShaderRD, variant 6
Loading cache for shader ParticlesCopyShaderRD, variant 7
Loading cache for shader ParticlesCopyShaderRD, variant 8
Loading cache for shader ParticlesCopyShaderRD, variant 9
Loading cache for shader ParticlesCopyShaderRD, variant 10
Loading cache for shader ParticlesCopyShaderRD, variant 11
Loading cache for shader ParticlesCopyShaderRD, variant 12
Loading cache for shader ParticlesCopyShaderRD, variant 13
Loading cache for shader ParticlesCopyShaderRD, variant 14
Loading cache for shader ParticlesCopyShaderRD, variant 15
Loading cache for shader ParticlesCopyShaderRD, variant 16
Loading cache for shader ParticlesCopyShaderRD, variant 17
Loading cache for shader ParticlesCopyShaderRD, variant 18
Loading cache for shader ParticlesCopyShaderRD, variant 19
Loading cache for shader ParticlesCopyShaderRD, variant 20
Shader 'CanvasShaderRD' (group 0) SHA256: 8f73ea59600218c7f4a72f38f0a825d4b9edae392f00688807259ea2faf43974
Loading cache for shader CanvasShaderRD, variant 0
Loading cache for shader CanvasShaderRD, variant 1
Loading cache for shader CanvasShaderRD, variant 2
Loading cache for shader CanvasShaderRD, variant 3
Loading cache for shader CanvasShaderRD, variant 4
Loading cache for shader CanvasShaderRD, variant 5
Shader 'CanvasOcclusionShaderRD' (group 0) SHA256: 2e1e40e085c85bd3960b7bad3be9bad88a3e02174708138d2eb3215933437ede
Loading cache for shader CanvasOcclusionShaderRD, variant 0
Loading cache for shader CanvasOcclusionShaderRD, variant 1
Loading cache for shader CanvasOcclusionShaderRD, variant 2
Loading cache for shader CanvasShaderRD, variant 0
Loading cache for shader CanvasShaderRD, variant 1
Loading cache for shader CanvasShaderRD, variant 2
Loading cache for shader CanvasShaderRD, variant 3
Loading cache for shader CanvasShaderRD, variant 4
Loading cache for shader CanvasShaderRD, variant 5
Loading cache for shader CanvasShaderRD, variant 0
Loading cache for shader CanvasShaderRD, variant 1
Loading cache for shader CanvasShaderRD, variant 2
Loading cache for shader CanvasShaderRD, variant 3
Loading cache for shader CanvasShaderRD, variant 4
Loading cache for shader CanvasShaderRD, variant 5
Shader 'ClusterRenderShaderRD' (group 0) SHA256: 5520632edde9dc7efc467666b1888d0f07fe10e4c2e113e68f1757bab97a847b
Loading cache for shader ClusterRenderShaderRD, variant 2
Loading cache for shader ClusterRenderShaderRD, variant 3
Shader 'ClusterStoreShaderRD' (group 0) SHA256: 9ca626ebec243544ae7398e49713da5e69391ab29de1ced02b03e718a013c28f
Loading cache for shader ClusterStoreShaderRD, variant 0
Shader 'ClusterDebugShaderRD' (group 0) SHA256: 7253e84e6deaaf9cd1391aff49a754db31e162f9ecaf776485fde4bc31121aa6
Loading cache for shader ClusterDebugShaderRD, variant 0
Shader 'SceneForwardClusteredShaderRD' (group 0) SHA256: df8d1dbb6fb950c04bcc78fb1667a6eb52d604ac1f0317023833936c838ed75f
Shader 'SceneForwardClusteredShaderRD' (group 1) SHA256: 6a184745fdc168cf1854f82e467b075c7754389099dd4260c7cfd820f974abb7
Shader 'SceneForwardClusteredShaderRD' (group 2) SHA256: e54e15eb9546bd2ff28fdb8fc19e33bec138fb364a5418eb6d90e784252ee190
Shader 'SceneForwardClusteredShaderRD' (group 3) SHA256: 210d14d006d21a3471e63300f334a93a8076f61ad1c3147dbd14466d95970249
Loading cache for shader SceneForwardClusteredShaderRD, variant 0
Loading cache for shader SceneForwardClusteredShaderRD, variant 1
Loading cache for shader SceneForwardClusteredShaderRD, variant 2
Loading cache for shader SceneForwardClusteredShaderRD, variant 3
Loading cache for shader SceneForwardClusteredShaderRD, variant 4
Loading cache for shader SceneForwardClusteredShaderRD, variant 5
Loading cache for shader SceneForwardClusteredShaderRD, variant 6
Loading cache for shader SceneForwardClusteredShaderRD, variant 7
Loading cache for shader SceneForwardClusteredShaderRD, variant 0
Loading cache for shader SceneForwardClusteredShaderRD, variant 1
Loading cache for shader SceneForwardClusteredShaderRD, variant 2
Loading cache for shader SceneForwardClusteredShaderRD, variant 3
Loading cache for shader SceneForwardClusteredShaderRD, variant 4
Loading cache for shader SceneForwardClusteredShaderRD, variant 5
Loading cache for shader SceneForwardClusteredShaderRD, variant 6
Loading cache for shader SceneForwardClusteredShaderRD, variant 7
Loading cache for shader SceneForwardClusteredShaderRD, variant 0
Loading cache for shader SceneForwardClusteredShaderRD, variant 1
Loading cache for shader SceneForwardClusteredShaderRD, variant 2
Loading cache for shader SceneForwardClusteredShaderRD, variant 3
Loading cache for shader SceneForwardClusteredShaderRD, variant 4
Loading cache for shader SceneForwardClusteredShaderRD, variant 5
Loading cache for shader SceneForwardClusteredShaderRD, variant 6
Loading cache for shader SceneForwardClusteredShaderRD, variant 7
Shader 'BestFitNormalShaderRD' (group 0) SHA256: 8c748b5176971d04b037d61fe8ee9c0da50efc42fb21ff2f4fc11dbf138ac284
Loading cache for shader BestFitNormalShaderRD, variant 0
Shader 'IntegrateDfgShaderRD' (group 0) SHA256: 287328d7c084c243ad82ac05423c4a58662ea18582b5b369f3288be49e4a66d8
Loading cache for shader IntegrateDfgShaderRD, variant 0
Shader 'ResolveShaderRD' (group 0) SHA256: 5e0937d6a862fc03f2a42b11dd8fcc8ca9fa948bc51bc5504f3e3a92e954cc33
Loading cache for shader ResolveShaderRD, variant 0
Loading cache for shader ResolveShaderRD, variant 1
Loading cache for shader ResolveShaderRD, variant 2
Shader 'TaaResolveShaderRD' (group 0) SHA256: 8e863ed5b6e6cf5b67a722559308f90a5653d397bdedd8d8c2abe45a89893049
Loading cache for shader TaaResolveShaderRD, variant 0
Shader 'Fsr2DepthClipPassShaderRD' (group 0) SHA256: 4130c931008b9d81bce5757c91876fb1c64a992525002d1a9d24c756cdaeb55f
Shader 'Fsr2ReconstructPreviousDepthPassShaderRD' (group 0) SHA256: 7ef7cdf239edd510c42b9e6ef2ca760f08ac92b57c6b2e5562cf430770b69d49
Shader 'Fsr2LockPassShaderRD' (group 0) SHA256: 50c95f98dbda1ad902b8fac4668d32cbfc11a3e86b890460da50600750d6d636
Shader 'Fsr2AccumulatePassShaderRD' (group 0) SHA256: acf7ce56f0f217fbe6fc54b42313d025af58be39a197ea6e6a9c10b1c03de903
Shader 'Fsr2RcasPassShaderRD' (group 0) SHA256: 3f4d394a0080ce37da6dc5f05c36e082efc8f3a0a333428f23697d21a1e665cd
Shader 'Fsr2ComputeLuminancePyramidPassShaderRD' (group 0) SHA256: 246789de2d6807e12325bb146b5b960cbec70a2119fe15f67d12c0a1d55213dd
Shader 'Fsr2AutogenReactivePassShaderRD' (group 0) SHA256: ea81f3d2612452e92eebad3230c8885356cf352779194322ac0b390d949e0a9f
Shader 'Fsr2TcrAutogenPassShaderRD' (group 0) SHA256: c6b965d8d141ea41ff88aa0df571ed29f4b8b5c974713f24b7fa44f23e3db020
Shader 'SsEffectsDownsampleShaderRD' (group 0) SHA256: 47ce5b07a7399a4ea52ee0ba0ba0016f7c1b3429f72c2ef29b4382bf8f1d92e7
Loading cache for shader SsEffectsDownsampleShaderRD, variant 0
Loading cache for shader SsEffectsDownsampleShaderRD, variant 1
Loading cache for shader SsEffectsDownsampleShaderRD, variant 2
Loading cache for shader SsEffectsDownsampleShaderRD, variant 3
Loading cache for shader SsEffectsDownsampleShaderRD, variant 4
Loading cache for shader SsEffectsDownsampleShaderRD, variant 5
Loading cache for shader SsEffectsDownsampleShaderRD, variant 6
Shader 'SsilShaderRD' (group 0) SHA256: 335e8f9954286db1ee28430b2c9ef17fb01fb4bb8b74d688be9cec967dee41e6
Loading cache for shader SsilShaderRD, variant 0
Loading cache for shader SsilShaderRD, variant 1
Loading cache for shader SsilShaderRD, variant 2
Shader 'SsilImportanceMapShaderRD' (group 0) SHA256: 3d668b995f5f00c0cdb73fd8c13cd3bed37bf5f45c10621fcc2475eefd50a7bd
Loading cache for shader SsilImportanceMapShaderRD, variant 0
Loading cache for shader SsilImportanceMapShaderRD, variant 1
Loading cache for shader SsilImportanceMapShaderRD, variant 2
Shader 'SsilBlurShaderRD' (group 0) SHA256: 9d2d3e521c5d1601e636d8fc3e533a52362ad011112fde07a344fe3511cea943
Loading cache for shader SsilBlurShaderRD, variant 0
Loading cache for shader SsilBlurShaderRD, variant 1
Loading cache for shader SsilBlurShaderRD, variant 2
Shader 'SsilInterleaveShaderRD' (group 0) SHA256: 36d769d4532c446edf161d4b3d932557d4fad2904fda9c5f6861ae7fd162c9ee
Loading cache for shader SsilInterleaveShaderRD, variant 0
Loading cache for shader SsilInterleaveShaderRD, variant 1
Loading cache for shader SsilInterleaveShaderRD, variant 2
Shader 'SsaoShaderRD' (group 0) SHA256: 6831fded981ced729634af4cf4f5515538ff84cbb773c0d583873e29462e1080
Loading cache for shader SsaoShaderRD, variant 0
Loading cache for shader SsaoShaderRD, variant 1
Loading cache for shader SsaoShaderRD, variant 2
Shader 'SsaoImportanceMapShaderRD' (group 0) SHA256: fe84d24f104b577d6ae2183f611ddfa9ef6ba4834d972f00460c66aa67c6e788
Loading cache for shader SsaoImportanceMapShaderRD, variant 0
Loading cache for shader SsaoImportanceMapShaderRD, variant 1
Loading cache for shader SsaoImportanceMapShaderRD, variant 2
Shader 'SsaoBlurShaderRD' (group 0) SHA256: 4d3910b2d37af6bb5a68153677dd3f49c424b932871284ee1bb2e31936b31ca0
Loading cache for shader SsaoBlurShaderRD, variant 0
Loading cache for shader SsaoBlurShaderRD, variant 1
Loading cache for shader SsaoBlurShaderRD, variant 2
Shader 'SsaoInterleaveShaderRD' (group 0) SHA256: b804d0579b589636ca331298d9f8885e277e5fd8be1d20d4560044000a029a49
Loading cache for shader SsaoInterleaveShaderRD, variant 0
Loading cache for shader SsaoInterleaveShaderRD, variant 1
Loading cache for shader SsaoInterleaveShaderRD, variant 2
Shader 'ScreenSpaceReflectionScaleShaderRD' (group 0) SHA256: f028513910f44db288a6d0d7315df152a910214dd680426d7817a0db185bb512
Loading cache for shader ScreenSpaceReflectionScaleShaderRD, variant 0
Shader 'ScreenSpaceReflectionShaderRD' (group 0) SHA256: aa7798f702ec7502be62da736ef869c792a69bb4310d9a535e0b6596ad1c4c8f
Loading cache for shader ScreenSpaceReflectionShaderRD, variant 0
Loading cache for shader ScreenSpaceReflectionShaderRD, variant 1
Shader 'ScreenSpaceReflectionFilterShaderRD' (group 0) SHA256: b8974626c582dd282d9ca1bd58b6ffeda45b41e5b160baa199088657ad7eca95
Loading cache for shader ScreenSpaceReflectionFilterShaderRD, variant 0
Loading cache for shader ScreenSpaceReflectionFilterShaderRD, variant 1
Shader 'SubsurfaceScatteringShaderRD' (group 0) SHA256: cfc79a4166aa45746b6bfa4b2a3345978e68ace79a0a82ab13fdda9f32a7a0b0
Loading cache for shader SubsurfaceScatteringShaderRD, variant 0
Loading cache for shader SubsurfaceScatteringShaderRD, variant 1
Loading cache for shader SubsurfaceScatteringShaderRD, variant 2
Shader 'SkyShaderRD' (group 0) SHA256: 9c26bd5dc001c975a8ec36520d74f1e5aa9d8125c8172a160acf52f8ebf362f3
Loading cache for shader SkyShaderRD, variant 0
Loading cache for shader SkyShaderRD, variant 1
Loading cache for shader SkyShaderRD, variant 2
Loading cache for shader SkyShaderRD, variant 3
Loading cache for shader SkyShaderRD, variant 4
Loading cache for shader SkyShaderRD, variant 5
Loading cache for shader SkyShaderRD, variant 0
Loading cache for shader SkyShaderRD, variant 1
Loading cache for shader SkyShaderRD, variant 2
Loading cache for shader SkyShaderRD, variant 3
Loading cache for shader SkyShaderRD, variant 4
Loading cache for shader SkyShaderRD, variant 5
Shader 'VoxelGiShaderRD' (group 0) SHA256: 3d7b0b0258a2977a47dc0a84db7cb49a5e1bfaa74053e42ffae7d3e87d48965f
Loading cache for shader VoxelGiShaderRD, variant 0
Loading cache for shader VoxelGiShaderRD, variant 1
Loading cache for shader VoxelGiShaderRD, variant 2
Loading cache for shader VoxelGiShaderRD, variant 3
Loading cache for shader VoxelGiShaderRD, variant 4
Loading cache for shader VoxelGiShaderRD, variant 5
Loading cache for shader VoxelGiShaderRD, variant 6
Loading cache for shader VoxelGiShaderRD, variant 7
Shader 'VoxelGiDebugShaderRD' (group 0) SHA256: 49ee1e463ded1be1341dc6ee222f492cd9f8484aabe4cf39ca46f519abecbb6c
Loading cache for shader VoxelGiDebugShaderRD, variant 0
Loading cache for shader VoxelGiDebugShaderRD, variant 1
Loading cache for shader VoxelGiDebugShaderRD, variant 2
Loading cache for shader VoxelGiDebugShaderRD, variant 3
Shader 'SdfgiPreprocessShaderRD' (group 0) SHA256: 60c77a38319fd7cc123270bcc0dfbdddd8f74e985d1907c08c726e3d4dbf7b06
Loading cache for shader SdfgiPreprocessShaderRD, variant 0
Loading cache for shader SdfgiPreprocessShaderRD, variant 1
Loading cache for shader SdfgiPreprocessShaderRD, variant 2
Loading cache for shader SdfgiPreprocessShaderRD, variant 3
Loading cache for shader SdfgiPreprocessShaderRD, variant 4
Loading cache for shader SdfgiPreprocessShaderRD, variant 5
Loading cache for shader SdfgiPreprocessShaderRD, variant 6
Loading cache for shader SdfgiPreprocessShaderRD, variant 7
Loading cache for shader SdfgiPreprocessShaderRD, variant 8
Shader 'SdfgiDirectLightShaderRD' (group 0) SHA256: a3474a0b60ebab5bb7010596e49cfb91bbfc3689c4df741b809ddc92e1fa90e9
Loading cache for shader SdfgiDirectLightShaderRD, variant 0
Loading cache for shader SdfgiDirectLightShaderRD, variant 1
Shader 'SdfgiIntegrateShaderRD' (group 0) SHA256: 62e2ae895bf90996b40c48aeab6a59c24d27c6c843ef9ee94adf3f6de80b26ac
Loading cache for shader SdfgiIntegrateShaderRD, variant 0
Loading cache for shader SdfgiIntegrateShaderRD, variant 1
Loading cache for shader SdfgiIntegrateShaderRD, variant 2
Loading cache for shader SdfgiIntegrateShaderRD, variant 3
Shader 'GiShaderRD' (group 0) SHA256: e4e3882307beba471cbf1d2ebf8ca49fedccbba528ef384e7d1e2461d14a71f0
Shader 'GiShaderRD' (group 1) SHA256: 69ca96412569cbef4a05e515b55b5744ab10048a32a6d2fef2a7c2ad984c9155
Loading cache for shader GiShaderRD, variant 0
Loading cache for shader GiShaderRD, variant 1
Loading cache for shader GiShaderRD, variant 2
Loading cache for shader GiShaderRD, variant 3
Loading cache for shader GiShaderRD, variant 4
Shader 'SdfgiDebugShaderRD' (group 0) SHA256: 6de37bb5aa871af3d348d47b0cbfc09f6873bf5a2500f0cf9280e404ff4ce97b
Loading cache for shader SdfgiDebugShaderRD, variant 0
Shader 'SdfgiDebugProbesShaderRD' (group 0) SHA256: c25d7a81827da688487a69637d3e61ae9f31c125940f4fbf05b6de4a2c1e78a9
Loading cache for shader SdfgiDebugProbesShaderRD, variant 0
Loading cache for shader SdfgiDebugProbesShaderRD, variant 1
Loading cache for shader SdfgiDebugProbesShaderRD, variant 2
Loading cache for shader SdfgiDebugProbesShaderRD, variant 3
Shader 'VolumetricFogShaderRD' (group 0) SHA256: 6120947dc0a3cd4bff5b217e63490686b128f0319aabd6f96d597268f68d60e3
Shader 'VolumetricFogShaderRD' (group 1) SHA256: f44655a2103d6cb3b1d0a206e66c4427aca3de3b5de59f72bf7e08db5144f83c
Shader 'VolumetricFogShaderRD' (group 2) SHA256: 963b90021bd602c144aa8f80b75ecdf64c2abe48940f55cf2f25f2deda808186
Shader 'VolumetricFogShaderRD' (group 3) SHA256: 5929600387c20b3c1eead45ba7f6c87fde922e0e4f78f80366f58cdfb10e63f7
Loading cache for shader VolumetricFogShaderRD, variant 0
Shader 'VolumetricFogProcessShaderRD' (group 0) SHA256: 2749f17fe5049db6df987d401e0fb5a52692635224ca129e06c3d6e15dd2dc29
Shader 'VolumetricFogProcessShaderRD' (group 1) SHA256: 8333ba62fcdf5c0ffe915641fe9faa88286844b2bb245d94b41eb48eca8e881d
Shader 'VolumetricFogProcessShaderRD' (group 2) SHA256: 6b05211651f14a1593c8b3be3b5932c64a3beba37ce1e1649b4ea67ac36d3c47
Shader 'VolumetricFogProcessShaderRD' (group 3) SHA256: 14fbd4a37cc30a2991dbfa525da8e6182def041c1eeaa20638fb2597e98f3c52
Loading cache for shader VolumetricFogProcessShaderRD, variant 0
Loading cache for shader VolumetricFogProcessShaderRD, variant 1
Loading cache for shader VolumetricFogProcessShaderRD, variant 2
Loading cache for shader VolumetricFogProcessShaderRD, variant 3
Loading cache for shader VolumetricFogProcessShaderRD, variant 4
Shader 'BokehDofShaderRD' (group 0) SHA256: 5a14c722b7cad6a5d1853b764825b687b8e8c26d08a7edef6f50a28c2a237b9c
Loading cache for shader BokehDofShaderRD, variant 0
Loading cache for shader BokehDofShaderRD, variant 1
Loading cache for shader BokehDofShaderRD, variant 3
Loading cache for shader BokehDofShaderRD, variant 5
Loading cache for shader BokehDofShaderRD, variant 6
Shader 'CopyShaderRD' (group 0) SHA256: 363226e4e754f4dd97b1000777a12a1e717a0202ef34a8bb5cbbee343880d1a3
Loading cache for shader CopyShaderRD, variant 0
Loading cache for shader CopyShaderRD, variant 1
Loading cache for shader CopyShaderRD, variant 2
Loading cache for shader CopyShaderRD, variant 3
Loading cache for shader CopyShaderRD, variant 4
Loading cache for shader CopyShaderRD, variant 5
Loading cache for shader CopyShaderRD, variant 6
Loading cache for shader CopyShaderRD, variant 7
Loading cache for shader CopyShaderRD, variant 8
Loading cache for shader CopyShaderRD, variant 9
Loading cache for shader CopyShaderRD, variant 10
Loading cache for shader CopyShaderRD, variant 11
Loading cache for shader CopyShaderRD, variant 12
Shader 'CopyToFbShaderRD' (group 0) SHA256: 0adebb67e6205ddab89bef68d0541718044b8408d301ef90fcc572ab1f1dc3c1
Loading cache for shader CopyToFbShaderRD, variant 0
Loading cache for shader CopyToFbShaderRD, variant 1
Loading cache for shader CopyToFbShaderRD, variant 2
Loading cache for shader CopyToFbShaderRD, variant 3
Shader 'CubeToDpShaderRD' (group 0) SHA256: f3ba78a7ce282686c1bace415c6d4852f8b5df07fd90aff0139030354b9c53e6
Loading cache for shader CubeToDpShaderRD, variant 0
Shader 'CubemapDownsamplerShaderRD' (group 0) SHA256: 831be8c39044041b2e1da3b55ee6c2d5d5242c0c11326369eda23b7ae42ee04c
Loading cache for shader CubemapDownsamplerShaderRD, variant 0
Shader 'CubemapFilterShaderRD' (group 0) SHA256: 73d1b21cf27dc843bbcc28dc35d902623419ae7f0c17dba1d9c725d82959f576
Loading cache for shader CubemapFilterShaderRD, variant 0
Loading cache for shader CubemapFilterShaderRD, variant 1
Loading cache for shader CubemapFilterShaderRD, variant 2
Loading cache for shader CubemapFilterShaderRD, variant 3
Shader 'CubemapRoughnessShaderRD' (group 0) SHA256: bb92ea060a11d89f9121ad84bf077cdf954f39a59c3cc78038611f19f3d94533
Loading cache for shader CubemapRoughnessShaderRD, variant 0
Shader 'SpecularMergeShaderRD' (group 0) SHA256: 99444119f03d2c92d5ab325e0fa261255c819d4cb4b019c0eaa369b2d0383a8f
Loading cache for shader SpecularMergeShaderRD, variant 0
Loading cache for shader SpecularMergeShaderRD, variant 1
Loading cache for shader SpecularMergeShaderRD, variant 2
Loading cache for shader SpecularMergeShaderRD, variant 3
Shader 'ShadowFrustumShaderRD' (group 0) SHA256: 851c9007fbee11476e65c3cbb595c7113c7e98676c38d49b88056bdb1eb5904b
Loading cache for shader ShadowFrustumShaderRD, variant 0
Shader 'MotionVectorsShaderRD' (group 0) SHA256: e9ac9ae0667a399f458196d55204937c545356cd64ba755844d9c9943cffdc55
Loading cache for shader MotionVectorsShaderRD, variant 0
Shader 'LuminanceReduceShaderRD' (group 0) SHA256: 62fd065f2a03f76e82ff0efdd729b029811828e67b3dc62b0dd4c1b2a8eb2c23
Loading cache for shader LuminanceReduceShaderRD, variant 0
Loading cache for shader LuminanceReduceShaderRD, variant 1
Loading cache for shader LuminanceReduceShaderRD, variant 2
Shader 'SmaaEdgeDetectionShaderRD' (group 0) SHA256: e4c623cbbd80f252ca1afe76f478a818c89eb124cff6ca285865b0ba733f1f07
Loading cache for shader SmaaEdgeDetectionShaderRD, variant 0
Shader 'SmaaWeightCalculationShaderRD' (group 0) SHA256: 604beebafad6f83aaaead58113c3a3e5b0ed7a7c5605fd197dd952e3821b5878
Loading cache for shader SmaaWeightCalculationShaderRD, variant 0
Shader 'SmaaBlendingShaderRD' (group 0) SHA256: 9f3b4dcf01e8d340348bba93235fb3c9c13964b1e1bd23e7d59891cc9748a71c
Loading cache for shader SmaaBlendingShaderRD, variant 0
Shader 'TonemapShaderRD' (group 0) SHA256: 06d49e3e1e33f4e3f9069e4df65b734ffc54e7ad36b2b03be9c40766a30f7576
Loading cache for shader TonemapShaderRD, variant 0
Loading cache for shader TonemapShaderRD, variant 1
Loading cache for shader TonemapShaderRD, variant 2
Loading cache for shader TonemapShaderRD, variant 3
Loading cache for shader TonemapShaderRD, variant 4
Loading cache for shader TonemapShaderRD, variant 5
Shader 'FsrUpscaleShaderRD' (group 0) SHA256: 0715ca028e84f0a9b6f91a4ac308d37a5c185438f466e254fac8b7377dc10759
Loading cache for shader FsrUpscaleShaderRD, variant 0
Loading cache for shader FsrUpscaleShaderRD, variant 1
Shader 'BlitShaderRD' (group 0) SHA256: 25c59c709fcd7c8e69780f3edeaebc055b68c06b660c69bb43d8246614325591
Loading cache for shader BlitShaderRD, variant 0
Loading cache for shader BlitShaderRD, variant 1
Loading cache for shader BlitShaderRD, variant 2
Loading cache for shader BlitShaderRD, variant 3
CoreAudio: detected 2 channels
CoreAudio: output sampling rate: 48000 Hz
CoreAudio: output audio buffer frames: 512 calculated latency: 10ms

[mvk-info] Created 3 swapchain images with size (3024, 1890) and contents scale 2.0 in layer CAMetalLayer: GodotContentView (0x7fd9c002df20) on screen Built-in Retina Display.
TextServer: Primary interface set to: "ICU / HarfBuzz / Graphite (Built-in)".
Loading resource: res://audio/default_bus_layout.tres
CORE API HASH: 937899573
EDITOR API HASH: 1777164193
SceneTreeFTI: traversal method DEFAULT
Loading resource: res://audio/music_manager.gd
Loading resource: res://race/race_state.gd
Loaded system CA certificates
Loading resource: res://tests/performance_test_detailed.tscn
Loading resource: res://addons/gevp/scenes/nexia_car.tscn
Loading resource: res://addons/gevp/scripts/vehicle.gd
Loading resource: res://car/models/nexia/scene.gltf
Loading resource: res://.godot/imported/scene.gltf-da3723215ad592219a17a8e3f5ec4079.scn
Loading resource: res://car/models/nexia/textures/Black_leather_baseColor.jpeg
Loading resource: res://.godot/imported/Black_leather_baseColor.jpeg-27dd6f30fef7f3a67c1452b21a139442.s3tc.ctex
Loading resource: res://car/models/nexia/textures/Black_leather_normal.png
Loading resource: res://.godot/imported/Black_leather_normal.png-645df4b6ce11f1f4aba9288d250b742d.s3tc.ctex
Loading resource: res://car/models/nexia/textures/Black_Opaque__Glass_baseColor.png
Loading resource: res://.godot/imported/Black_Opaque__Glass_baseColor.png-8658f51f68c57f44cb0f6d55f3c25917.s3tc.ctex
Loading resource: res://car/models/nexia/textures/Black_Opaque__Glass_emissive.jpeg
Loading resource: res://.godot/imported/Black_Opaque__Glass_emissive.jpeg-c45eddde3afb26a113f3ebe2e1d65d70.s3tc.ctex
Loading resource: res://car/models/nexia/textures/Black_Opaque__Glass_normal.png
Loading resource: res://.godot/imported/Black_Opaque__Glass_normal.png-483320fc9a3689ffc546bb08f7e8d3e6.s3tc.ctex
Loading cache for shader SceneForwardClusteredShaderRD, variant 0
Loading cache for shader SceneForwardClusteredShaderRD, variant 1
Loading cache for shader SceneForwardClusteredShaderRD, variant 2
Loading cache for shader SceneForwardClusteredShaderRD, variant 3
Loading cache for shader SceneForwardClusteredShaderRD, variant 4
Loading cache for shader SceneForwardClusteredShaderRD, variant 5
Loading cache for shader SceneForwardClusteredShaderRD, variant 6
Loading cache for shader SceneForwardClusteredShaderRD, variant 7
Loading cache for shader SceneForwardClusteredShaderRD, variant 0
Loading cache for shader SceneForwardClusteredShaderRD, variant 1
Loading cache for shader SceneForwardClusteredShaderRD, variant 2
Loading cache for shader SceneForwardClusteredShaderRD, variant 3
Loading cache for shader SceneForwardClusteredShaderRD, variant 4
Loading cache for shader SceneForwardClusteredShaderRD, variant 5
Loading cache for shader SceneForwardClusteredShaderRD, variant 6
Loading cache for shader SceneForwardClusteredShaderRD, variant 7
Loading cache for shader SceneForwardClusteredShaderRD, variant 0
Loading cache for shader SceneForwardClusteredShaderRD, variant 1
Loading cache for shader SceneForwardClusteredShaderRD, variant 2
Loading cache for shader SceneForwardClusteredShaderRD, variant 3
Loading cache for shader SceneForwardClusteredShaderRD, variant 4
Loading cache for shader SceneForwardClusteredShaderRD, variant 5
Loading cache for shader SceneForwardClusteredShaderRD, variant 6
Loading cache for shader SceneForwardClusteredShaderRD, variant 7
Loading resource: res://car/nexia_setup.gd
Loading resource: res://addons/gevp/scripts/wheel_visibility.gd
Loading resource: res://addons/gevp/scripts/vehicle_input.gd
Loading resource: res://addons/gevp/scripts/engine_sound.gd
Loading resource: res://addons/gevp/scripts/tire_squeal_sound.gd
Loading resource: res://addons/gevp/sounds/4000.wav
Loading resource: res://.godot/imported/4000.wav-5b7af0defc40e9d8fb80f07cca8d9fcd.sample
Loading resource: res://addons/gevp/sounds/tire_squeal.wav
Loading resource: res://.godot/imported/tire_squeal.wav-c8a8ffb33767ae9357a23caee4b04892.sample
Loading cache for shader SceneForwardClusteredShaderRD, variant 0
Loading cache for shader SceneForwardClusteredShaderRD, variant 1
Loading cache for shader SceneForwardClusteredShaderRD, variant 2
Loading cache for shader SceneForwardClusteredShaderRD, variant 3
Loading cache for shader SceneForwardClusteredShaderRD, variant 4
Loading cache for shader SceneForwardClusteredShaderRD, variant 5
Loading cache for shader SceneForwardClusteredShaderRD, variant 6
Loading cache for shader SceneForwardClusteredShaderRD, variant 7
Loading cache for shader SceneForwardClusteredShaderRD, variant 0
Loading cache for shader SceneForwardClusteredShaderRD, variant 1
Loading cache for shader SceneForwardClusteredShaderRD, variant 2
Loading cache for shader SceneForwardClusteredShaderRD, variant 3
Loading cache for shader SceneForwardClusteredShaderRD, variant 4
Loading cache for shader SceneForwardClusteredShaderRD, variant 5
Loading cache for shader SceneForwardClusteredShaderRD, variant 6
Loading cache for shader SceneForwardClusteredShaderRD, variant 7
Loading resource: res://tests/performance_test_detailed.gd
Loading resource: res://camera/follow_camera.gd
Loading resource: res://osm/osm_terrain_generator.gd
Loading resource: res://osm/building_wall.gdshader
Loading resource: res://models/trees/birch/scene.gltf
Loading resource: res://.godot/imported/scene.gltf-79a80a6e289860ce24a364f86dd8e784.scn
Loading resource: res://models/trees/birch/textures/Trunk_baseColor.png
Loading resource: res://.godot/imported/Trunk_baseColor.png-327e2ef3ab35d7fea241a502c77c236d.s3tc.ctex
Loading resource: res://traffic/npc_car.tscn
Loading resource: res://traffic/npc_car.gd
Loading resource: res://traffic/npc_lada_2109.tscn
WARNING: res://traffic/npc_lada_2109.tscn:4 - ext_resource, invalid UID: uid://bvnqxj3m4y5oa - using text path instead: res://car/models/lada_2109_dps/scene.gltf
     at: load (scene/resources/resource_format_text.cpp:444)
Loading resource: res://car/models/lada_2109_dps/scene.gltf
Loading resource: res://.godot/imported/scene.gltf-f24f699731375136b32f89ade3a8eddc.scn
Loading resource: res://car/models/lada_2109_dps/textures/Flashlight_lambert_baseColor.png
Loading resource: res://.godot/imported/Flashlight_lambert_baseColor.png-b355e794557fe548f6fa216b11a43455.s3tc.ctex
Loading resource: res://car/models/lada_2109_dps/textures/Flashlight_lambert_metallicRoughness.png
Loading resource: res://.godot/imported/Flashlight_lambert_metallicRoughness.png-b6f98fc79bf4819e1df6cfc74708587a.s3tc.ctex
Loading resource: res://car/models/lada_2109_dps/textures/Flashlight_lambert_normal.png
Loading resource: res://.godot/imported/Flashlight_lambert_normal.png-769f16b6d1cab547b5b4600e43f7af03.s3tc.ctex
Loading resource: res://car/models/lada_2109_dps/textures/Cleaner_lambert_baseColor.png
Loading resource: res://.godot/imported/Cleaner_lambert_baseColor.png-bb2ae7fcd466234fc794558247c635b5.s3tc.ctex
Loading resource: res://car/models/lada_2109_dps/textures/Mirror_lambert_baseColor.png
Loading resource: res://.godot/imported/Mirror_lambert_baseColor.png-5112edd329aff07d78e1ab96052b3e78.s3tc.ctex
Loading resource: res://car/models/lada_2109_dps/textures/Mirror_lambert_metallicRoughness.png
Loading resource: res://.godot/imported/Mirror_lambert_metallicRoughness.png-bbcd66006f159de42aba40ee24912bbc.s3tc.ctex
Loading resource: res://car/models/lada_2109_dps/textures/Mirror_lambert_normal.png
Loading resource: res://.godot/imported/Mirror_lambert_normal.png-58a0ac522a99e7fae172c676b4a29831.s3tc.ctex
Loading resource: res://car/models/lada_2109_dps/textures/taxycap_lambert_baseColor.png
Loading resource: res://.godot/imported/taxycap_lambert_baseColor.png-80673c8306ea25f20d6161d594f81adc.s3tc.ctex
Loading resource: res://car/models/lada_2109_dps/textures/taxycap_lambert_metallicRoughness.png
Loading resource: res://.godot/imported/taxycap_lambert_metallicRoughness.png-e537f5ae30215425bae2808fc2b3b833.s3tc.ctex
Loading resource: res://car/models/lada_2109_dps/textures/taxycap_lambert_normal.png
Loading resource: res://.godot/imported/taxycap_lambert_normal.png-a8eec270eb4e388f2bd7ac1cc98f65b7.s3tc.ctex
Loading resource: res://car/models/lada_2109_dps/textures/Whells3_lambert_baseColor.png
Loading resource: res://.godot/imported/Whells3_lambert_baseColor.png-534e942fd1713c61b1afb676d297402d.s3tc.ctex
Loading resource: res://car/models/lada_2109_dps/textures/Whells3_lambert_metallicRoughness.png
Loading resource: res://.godot/imported/Whells3_lambert_metallicRoughness.png-53a41be61f57b913febcf41fdd10c606.s3tc.ctex
Loading resource: res://car/models/lada_2109_dps/textures/Whells1_lambert_metallicRoughness.png
Loading resource: res://.godot/imported/Whells1_lambert_metallicRoughness.png-6b7c4747eed5d5f4d04e1d581b984c48.s3tc.ctex
Loading resource: res://car/models/lada_2109_dps/textures/CarBody_lambert_baseColor.png
Loading resource: res://.godot/imported/CarBody_lambert_baseColor.png-f4491e448971bed28d689a53e30c796d.s3tc.ctex
Loading resource: res://car/models/lada_2109_dps/textures/CarBody_lambert_metallicRoughness.png
Loading resource: res://.godot/imported/CarBody_lambert_metallicRoughness.png-e54ab5111cd11d73f9bb0c07746ae0d0.s3tc.ctex
Loading resource: res://car/models/lada_2109_dps/textures/CarBody_lambert_normal.png
Loading resource: res://.godot/imported/CarBody_lambert_normal.png-b5c3687dea7001e21bf71938599ff44a.s3tc.ctex
Loading cache for shader SceneForwardClusteredShaderRD, variant 0
Loading cache for shader SceneForwardClusteredShaderRD, variant 1
Loading cache for shader SceneForwardClusteredShaderRD, variant 2
Loading cache for shader SceneForwardClusteredShaderRD, variant 3
Loading cache for shader SceneForwardClusteredShaderRD, variant 4
Loading cache for shader SceneForwardClusteredShaderRD, variant 5
Loading cache for shader SceneForwardClusteredShaderRD, variant 6
Loading cache for shader SceneForwardClusteredShaderRD, variant 7
Loading cache for shader SceneForwardClusteredShaderRD, variant 0
Loading cache for shader SceneForwardClusteredShaderRD, variant 1
Loading cache for shader SceneForwardClusteredShaderRD, variant 2
Loading cache for shader SceneForwardClusteredShaderRD, variant 3
Loading cache for shader SceneForwardClusteredShaderRD, variant 4
Loading cache for shader SceneForwardClusteredShaderRD, variant 5
Loading cache for shader SceneForwardClusteredShaderRD, variant 6
Loading cache for shader SceneForwardClusteredShaderRD, variant 7
Loading resource: res://car/lada_2109_setup.gd
Loading resource: res://traffic/npc_taxi.tscn
WARNING: res://traffic/npc_taxi.tscn:4 - ext_resource, invalid UID: uid://taxi_model - using text path instead: res://car/models/lada_2109_taxi/scene.gltf
     at: load (scene/resources/resource_format_text.cpp:444)
Loading resource: res://car/models/lada_2109_taxi/scene.gltf
Loading resource: res://.godot/imported/scene.gltf-b52ab687efc1f0120251ce55fdab14dd.scn
Loading resource: res://car/models/lada_2109_taxi/textures/Cleaner_lambert_baseColor.png
Loading resource: res://.godot/imported/Cleaner_lambert_baseColor.png-bcf9981b53946007b4a8647d2cfcc91a.s3tc.ctex
Loading resource: res://car/models/lada_2109_taxi/textures/Mirror_lambert_baseColor.png
Loading resource: res://.godot/imported/Mirror_lambert_baseColor.png-427a768a217cd62a68b2ecded39220b3.s3tc.ctex
Loading resource: res://car/models/lada_2109_taxi/textures/Mirror_lambert_metallicRoughness.png
Loading resource: res://.godot/imported/Mirror_lambert_metallicRoughness.png-91c03a15ed7a5008d133f552f2119f55.s3tc.ctex
Loading resource: res://car/models/lada_2109_taxi/textures/taxycap_lambert_baseColor.png
Loading resource: res://.godot/imported/taxycap_lambert_baseColor.png-0bc8f32a9cd7551fd571d5415cd35c78.s3tc.ctex
Loading resource: res://car/models/lada_2109_taxi/textures/taxycap_lambert_metallicRoughness.png
Loading resource: res://.godot/imported/taxycap_lambert_metallicRoughness.png-a68effdd3bfc7b4fcef90951717e7a3d.s3tc.ctex
Loading resource: res://car/models/lada_2109_taxi/textures/Whells3_lambert_baseColor.png
Loading resource: res://.godot/imported/Whells3_lambert_baseColor.png-5d8885656e4f1d67fb2e2281623b52b2.s3tc.ctex
Loading resource: res://car/models/lada_2109_taxi/textures/Whells2_lambert_metallicRoughness.png
Loading resource: res://.godot/imported/Whells2_lambert_metallicRoughness.png-aaa6575caface87bf44297abb8c9b821.s3tc.ctex
Loading resource: res://car/models/lada_2109_taxi/textures/Whells3_lambert_metallicRoughness.png
Loading resource: res://.godot/imported/Whells3_lambert_metallicRoughness.png-a3ef1c1cc236839d0f7707a7d8869f9f.s3tc.ctex
Loading resource: res://car/models/lada_2109_taxi/textures/VAZ2109_BASE_lambert_baseColor.png
Loading resource: res://.godot/imported/VAZ2109_BASE_lambert_baseColor.png-bf15a1e211e98d1b58e2bab566b66185.s3tc.ctex
Loading resource: res://car/models/lada_2109_taxi/textures/VAZ2109_BASE_lambert_metallicRoughness.png
Loading resource: res://.godot/imported/VAZ2109_BASE_lambert_metallicRoughness.png-977fe43c5d7cc17bdc9b17cf06c70ef1.s3tc.ctex
Loading resource: res://car/models/lada_2109_taxi/textures/VAZ2109_BASE_lambert_normal.png
Loading resource: res://.godot/imported/VAZ2109_BASE_lambert_normal.png-cfeb2c0af6329849102c29c2e9bd8a65.s3tc.ctex
Loading resource: res://traffic/traffic_manager.gd
Loading resource: res://traffic/npc_paz.tscn
Loading resource: res://car/models/paz_32053/scene.gltf
Loading resource: res://.godot/imported/scene.gltf-e2ef1de0e6e96c2fdc37a92edd0871d3.scn
Loading resource: res://car/models/paz_32053/textures/Material.006_baseColor.png
Loading resource: res://.godot/imported/Material.006_baseColor.png-cfb6d2383ff6937aac0fe6a6e3e13a87.s3tc.ctex
Loading resource: res://car/models/paz_32053/textures/Material.006_metallicRoughness.png
Loading resource: res://.godot/imported/Material.006_metallicRoughness.png-b65e4d33e5f2d1bdd59486b591a744e1.s3tc.ctex
Loading resource: res://car/models/paz_32053/textures/Material.006_normal.png
Loading resource: res://.godot/imported/Material.006_normal.png-d1ec12af03a9dc62e01eb28b35da9f97.s3tc.ctex
Loading resource: res://car/paz_setup.gd
Loading resource: res://traffic/npc_vaz_2107.tscn
Loading resource: res://car/models/vaz_2107/scene.gltf
Loading resource: res://.godot/imported/scene.gltf-d7b131791e86e600027f4f17262117df.scn
Loading resource: res://car/models/vaz_2107/scene_0.png
Loading resource: res://.godot/imported/scene_0.png-e25bcb14a0f0651912c08347d50bbdc8.s3tc.ctex
Loading resource: res://car/models/vaz_2107/scene_1.png
Loading resource: res://.godot/imported/scene_1.png-4c7a5d36203d9d437746c6449e41c734.s3tc.ctex
Loading resource: res://car/models/vaz_2107/scene_2.png
Loading resource: res://.godot/imported/scene_2.png-1981eda6296e0043ff00aad2572e0abb.s3tc.ctex
Loading resource: res://car/models/vaz_2107/scene_3.png
Loading resource: res://.godot/imported/scene_3.png-d38c00ebf4e93dae6de409b7897aca58.s3tc.ctex
Loading resource: res://car/models/vaz_2107/scene_4.png
Loading resource: res://.godot/imported/scene_4.png-b3bddbd8efa4d8603c141a84c096ee55.s3tc.ctex
Loading cache for shader SceneForwardClusteredShaderRD, variant 0
Loading cache for shader SceneForwardClusteredShaderRD, variant 1
Loading cache for shader SceneForwardClusteredShaderRD, variant 2
Loading cache for shader SceneForwardClusteredShaderRD, variant 3
Loading cache for shader SceneForwardClusteredShaderRD, variant 4
Loading cache for shader SceneForwardClusteredShaderRD, variant 5
Loading cache for shader SceneForwardClusteredShaderRD, variant 6
Loading cache for shader SceneForwardClusteredShaderRD, variant 7
Loading resource: res://car/vaz_2107_setup.gd
Loading resource: res://night_mode/night_mode_manager.gd
Loading resource: res://settings/graphics_settings.gd
Loading resource: res://textures/ground_setup.gd
Loading resource: res://tests/bottleneck_analyzer.gd
Loading cache for shader SkyShaderRD, variant 0
Loading cache for shader SkyShaderRD, variant 1
Loading cache for shader SkyShaderRD, variant 2
Loading cache for shader SkyShaderRD, variant 3
Loading cache for shader SkyShaderRD, variant 4
Loading cache for shader SkyShaderRD, variant 5
ERROR: Error opening file 'res://icon.svg'.
   at: load_image (core/io/image_loader.cpp:89)
Loading resource: res://audio/music/petya_pavlov_ya_hochu_skorosti.ogg
Loading resource: res://.godot/imported/petya_pavlov_ya_hochu_skorosti.ogg-1975faad5a524bfffff2345ac5d67add.oggvorbisstr
MusicManager: Now playing track 0: Петя Павлов - Я хочу скорости
OSM: Initializing textures...
WARNING: Image format RGB8 not supported by hardware, converting to RGBA8.
     at: _validate_texture_format (servers/rendering/renderer_rd/storage_rd/texture_storage.cpp:2265)
     GDScript backtrace (most recent call first):
         [0] create_highway_texture (res://textures/texture_generator.gd:111)
         [1] _init_textures (res://osm/osm_terrain_generator.gd:290)
         [2] _ready (res://osm/osm_terrain_generator.gd:230)
WARNING: Image format RGB8 not supported by hardware, converting to RGBA8.
     at: _validate_texture_format (servers/rendering/renderer_rd/storage_rd/texture_storage.cpp:2265)
     GDScript backtrace (most recent call first):
         [0] create_primary_texture (res://textures/texture_generator.gd:160)
         [1] _init_textures (res://osm/osm_terrain_generator.gd:291)
         [2] _ready (res://osm/osm_terrain_generator.gd:230)
WARNING: Image format RGB8 not supported by hardware, converting to RGBA8.
     at: _validate_texture_format (servers/rendering/renderer_rd/storage_rd/texture_storage.cpp:2265)
     GDScript backtrace (most recent call first):
         [0] create_road_texture (res://textures/texture_generator.gd:61)
         [1] _init_textures (res://osm/osm_terrain_generator.gd:292)
         [2] _ready (res://osm/osm_terrain_generator.gd:230)
WARNING: Image format RGB8 not supported by hardware, converting to RGBA8.
     at: _validate_texture_format (servers/rendering/renderer_rd/storage_rd/texture_storage.cpp:2265)
     GDScript backtrace (most recent call first):
         [0] create_sidewalk_texture (res://textures/texture_generator.gd:209)
         [1] _init_textures (res://osm/osm_terrain_generator.gd:293)
         [2] _ready (res://osm/osm_terrain_generator.gd:230)
WARNING: Image format RGB8 not supported by hardware, converting to RGBA8.
     at: _validate_texture_format (servers/rendering/renderer_rd/storage_rd/texture_storage.cpp:2265)
     GDScript backtrace (most recent call first):
         [0] create_intersection_texture (res://textures/texture_generator.gd:184)
         [1] _init_textures (res://osm/osm_terrain_generator.gd:294)
         [2] _ready (res://osm/osm_terrain_generator.gd:230)
WARNING: Image format RGB8 not supported by hardware, converting to RGBA8.
     at: _validate_texture_format (servers/rendering/renderer_rd/storage_rd/texture_storage.cpp:2265)
     GDScript backtrace (most recent call first):
         [0] create_panel_building_no_windows (res://textures/texture_generator.gd:367)
         [1] _init_textures (res://osm/osm_terrain_generator.gd:297)
         [2] _ready (res://osm/osm_terrain_generator.gd:230)
WARNING: Image format RGB8 not supported by hardware, converting to RGBA8.
     at: _validate_texture_format (servers/rendering/renderer_rd/storage_rd/texture_storage.cpp:2265)
     GDScript backtrace (most recent call first):
         [0] create_brick_building_no_windows (res://textures/texture_generator.gd:401)
         [1] _init_textures (res://osm/osm_terrain_generator.gd:298)
         [2] _ready (res://osm/osm_terrain_generator.gd:230)
WARNING: Image format RGB8 not supported by hardware, converting to RGBA8.
     at: _validate_texture_format (servers/rendering/renderer_rd/storage_rd/texture_storage.cpp:2265)
     GDScript backtrace (most recent call first):
         [0] create_wall_texture (res://textures/texture_generator.gd:325)
         [1] _init_textures (res://osm/osm_terrain_generator.gd:299)
         [2] _ready (res://osm/osm_terrain_generator.gd:230)
WARNING: Image format RGB8 not supported by hardware, converting to RGBA8.
     at: _validate_texture_format (servers/rendering/renderer_rd/storage_rd/texture_storage.cpp:2265)
     GDScript backtrace (most recent call first):
         [0] create_roof_texture (res://textures/texture_generator.gd:309)
         [1] _init_textures (res://osm/osm_terrain_generator.gd:300)
         [2] _ready (res://osm/osm_terrain_generator.gd:230)
WARNING: Loaded resource as image file, this will not work on export: 'res://textures/Grass004_1K-JPG_Color.jpg'. Instead, import the image file as an Image resource and load it normally as a resource.
     at: load_from_file (core/io/image.cpp:2541)
     GDScript backtrace (most recent call first):
         [0] _init_textures (res://osm/osm_terrain_generator.gd:303)
         [1] _ready (res://osm/osm_terrain_generator.gd:230)
WARNING: Image format RGB8 not supported by hardware, converting to RGBA8.
     at: _validate_texture_format (servers/rendering/renderer_rd/storage_rd/texture_storage.cpp:2265)
     GDScript backtrace (most recent call first):
         [0] _init_textures (res://osm/osm_terrain_generator.gd:305)
         [1] _ready (res://osm/osm_terrain_generator.gd:230)
WARNING: Image format RGB8 not supported by hardware, converting to RGBA8.
     at: _validate_texture_format (servers/rendering/renderer_rd/storage_rd/texture_storage.cpp:2265)
     GDScript backtrace (most recent call first):
         [0] create_forest_texture (res://textures/texture_generator.gd:575)
         [1] _init_textures (res://osm/osm_terrain_generator.gd:308)
         [2] _ready (res://osm/osm_terrain_generator.gd:230)
WARNING: Image format RGB8 not supported by hardware, converting to RGBA8.
     at: _validate_texture_format (servers/rendering/renderer_rd/storage_rd/texture_storage.cpp:2265)
     GDScript backtrace (most recent call first):
         [0] create_asphalt_normal (res://textures/texture_generator.gd:627)
         [1] _init_textures (res://osm/osm_terrain_generator.gd:312)
         [2] _ready (res://osm/osm_terrain_generator.gd:230)
WARNING: Image format RGB8 not supported by hardware, converting to RGBA8.
     at: _validate_texture_format (servers/rendering/renderer_rd/storage_rd/texture_storage.cpp:2265)
     GDScript backtrace (most recent call first):
         [0] create_brick_normal (res://textures/texture_generator.gd:657)
         [1] _init_textures (res://osm/osm_terrain_generator.gd:313)
         [2] _ready (res://osm/osm_terrain_generator.gd:230)
WARNING: Image format RGB8 not supported by hardware, converting to RGBA8.
     at: _validate_texture_format (servers/rendering/renderer_rd/storage_rd/texture_storage.cpp:2265)
     GDScript backtrace (most recent call first):
         [0] create_concrete_normal (res://textures/texture_generator.gd:693)
         [1] _init_textures (res://osm/osm_terrain_generator.gd:314)
         [2] _ready (res://osm/osm_terrain_generator.gd:230)
WARNING: Image format RGB8 not supported by hardware, converting to RGBA8.
     at: _validate_texture_format (servers/rendering/renderer_rd/storage_rd/texture_storage.cpp:2265)
     GDScript backtrace (most recent call first):
         [0] create_panel_building_normal (res://textures/texture_generator.gd:744)
         [1] _init_textures (res://osm/osm_terrain_generator.gd:315)
         [2] _ready (res://osm/osm_terrain_generator.gd:230)
OSM: Textures initialized in 1482 ms
OSM: Initializing window shader (compile once, reuse for all batches)...
OSM: Window shader compiled
=== Performance Profiler Started ===
[OSMTerrain] Profiler created for diagnostics
OSMTerrainGenerator: Profiler connected - road performance will be measured

========== Bottleneck Analyzer Started ==========
Collecting performance data...
=================================================

Loading resource: res://tests/performance_logger.gd

========== DETAILED PERFORMANCE TEST ==========
Random seed: 12345 (fixed for reproducibility)
Location: Cherepovets (59.1167, 37.9000)
Duration: 90 seconds
Spike threshold: 25.0 ms
Tracking: Every spike > 25.0 ms
Night mode: ENABLED
==============================================

2026-01-31 07:24:44.991 Godot[69510:2131123] +[IMKClient subclass]: chose IMKClient_Modern
OSM: Night mode enabled
OSM: Chunk distances - load: 700, unload: 900
OSM: Fog enabled (density: 0.0013 for 600m)
OSM: Ready for loading (waiting for start_loading call)...
Nexia: Found mesh: body_Car Paint PL_0
  -> Created override material for surface 0
  -> Material: Car_Paint_PL (StandardMaterial3D)
  -> Changed body color to cherry (glossy)
Nexia: Found mesh: body_Car Paint PL_02
  -> Created override material for surface 0
  -> Material: Car_Paint_PL (StandardMaterial3D)
  -> Changed body color to cherry (glossy)
Nexia: Found mesh: body_Car Paint PL_03
  -> Created override material for surface 0
  -> Material: Car_Paint_PL (StandardMaterial3D)
  -> Changed body color to cherry (glossy)
Nexia: Found mesh: body_Black leather_0
  -> Skipping (light/wheel/chrome/interior)
Nexia: Found mesh: body_Black leather_02
  -> Skipping (light/wheel/chrome/interior)
Nexia: Found mesh: body_Black leather_03
  -> Skipping (light/wheel/chrome/interior)
Nexia: Found mesh: body_Black Opaque  Glass_0
  -> Created override material for surface 0
  -> Material: Black_Opaque__Glass (StandardMaterial3D)
  -> Changed glass to tinted (day mode)
Nexia: Found mesh: body_mattemetal_0
  -> Skipping (light/wheel/chrome/interior)
Nexia: Found mesh: body_orangeglass_0
  -> Skipping (light/wheel/chrome/interior)
Nexia: Found mesh: body_chrome_0
  -> Skipping (light/wheel/chrome/interior)
Nexia: Found mesh: body_chrome_02
  -> Skipping (light/wheel/chrome/interior)
Nexia: Found mesh: body_chrome_03
  -> Skipping (light/wheel/chrome/interior)
Nexia: Found mesh: body_chrome_04
  -> Skipping (light/wheel/chrome/interior)
Nexia: Found mesh: body_redglass_0
  -> Skipping (light/wheel/chrome/interior)
Nexia: Found mesh: body_AR3DMat Procedural Realistic Mirror_0
  -> Skipping (light/wheel/chrome/interior)
Nexia: Found mesh: wheel_front_left_TireProcedural_0
  -> Skipping (light/wheel/chrome/interior)
Nexia: Found mesh: wheel_front_left_rim_0
  -> Skipping (light/wheel/chrome/interior)
Nexia: Found mesh: wheel_front_left_black_0
  -> Skipping (light/wheel/chrome/interior)
Nexia: Found mesh: wheel_front_left_brakedisk_0
  -> Skipping (light/wheel/chrome/interior)
Nexia: Found mesh: wheel_front_left_mattemetal_0
  -> Skipping (light/wheel/chrome/interior)
Nexia: Found mesh: wheel_front_right_TireProcedural_0
  -> Skipping (light/wheel/chrome/interior)
Nexia: Found mesh: wheel_front_right_rim_0
  -> Skipping (light/wheel/chrome/interior)
Nexia: Found mesh: wheel_front_right_black_0
  -> Skipping (light/wheel/chrome/interior)
Nexia: Found mesh: wheel_front_right_brakedisk_0
  -> Skipping (light/wheel/chrome/interior)
Nexia: Found mesh: wheel_front_right_mattemetal_0
  -> Skipping (light/wheel/chrome/interior)
Nexia: Found mesh: wheel_rear_left_TireProcedural_0
  -> Skipping (light/wheel/chrome/interior)
Nexia: Found mesh: wheel_rear_left_black_0
  -> Skipping (light/wheel/chrome/interior)
Nexia: Found mesh: wheel_rear_left_brakedisk_0
  -> Skipping (light/wheel/chrome/interior)
Nexia: Found mesh: wheel_rear_left_rim_0
  -> Skipping (light/wheel/chrome/interior)
Nexia: Found mesh: wheel_rear_left_mattemetal_0
  -> Skipping (light/wheel/chrome/interior)
Nexia: Found mesh: wheel_rear_right_TireProcedural_0
  -> Skipping (light/wheel/chrome/interior)
Nexia: Found mesh: wheel_rear_right_black_0
  -> Skipping (light/wheel/chrome/interior)
Nexia: Found mesh: wheel_rear_right_brakedisk_0
  -> Skipping (light/wheel/chrome/interior)
Nexia: Found mesh: wheel_rear_right_rim_0
  -> Skipping (light/wheel/chrome/interior)
Nexia: Found mesh: wheel_rear_right_mattemetal_0
  -> Skipping (light/wheel/chrome/interior)
Nexia: Found taillight mesh: body_redglass_0
  -> Added taillight material
  -> Created brake SpotLight at (-0.5, 0.9, 1.95)
  -> Created brake SpotLight at (0.5, 0.9, 1.95)
Nexia: Found front marker mesh: body_orangeglass_0
  -> Added front marker material
  -> Created headlight SpotLight at (-0.55, 0.75, -1.9)
  -> Created headlight SpotLight at (0.55, 0.75, -1.9)
  -> Created underglow with 16 lights
Nexia model setup complete
=== Performance Profiler Started ===
[TrafficManager] Profiler created for diagnostics
TrafficManager: Initialized (max 200 NPCs)
Loading cache for shader SkyShaderRD, variant 0
Loading cache for shader SkyShaderRD, variant 1
Loading cache for shader SkyShaderRD, variant 2
Loading cache for shader SkyShaderRD, variant 3
Loading cache for shader SkyShaderRD, variant 4
Loading cache for shader SkyShaderRD, variant 5
Loading cache for shader SkyShaderRD, variant 0
Loading cache for shader SkyShaderRD, variant 1
Loading cache for shader SkyShaderRD, variant 2
Loading cache for shader SkyShaderRD, variant 3
Loading cache for shader SkyShaderRD, variant 4
Loading cache for shader SkyShaderRD, variant 5
Loading cache for shader ParticlesShaderRD, variant 0
Loading cache for shader SceneForwardClusteredShaderRD, variant 0
Loading cache for shader SceneForwardClusteredShaderRD, variant 1
Loading cache for shader SceneForwardClusteredShaderRD, variant 2
Loading cache for shader SceneForwardClusteredShaderRD, variant 3
Loading cache for shader SceneForwardClusteredShaderRD, variant 4
Loading cache for shader SceneForwardClusteredShaderRD, variant 5
Loading cache for shader SceneForwardClusteredShaderRD, variant 6
Loading cache for shader SceneForwardClusteredShaderRD, variant 7
NightModeManager: Ready (day mode, no rain)
GraphicsSettings: Found WorldEnvironment
GraphicsSettings: Found Camera3D: Camera3D
GraphicsSettings: Loading settings from file...
GraphicsSettings: Settings loaded - FXAA: false, TAA: true, MSAA: 1
GraphicsSettings: Applying initial settings...
SSR: OFF
Fog: ON
Glow: ON
SSAO: ON
TAA: ON
MSAA: 2X
FXAA disabled on root viewport
DOF: ON (far distance: 100m)
GraphicsSettings: Ready
[Systems Found]
  OSMTerrain: NO
  TrafficManager: NO
  NightModeManager: NO
  Player Car: YES

[PerformanceTestDetailed] Found nodes:
  Car: YES
  VehicleInput: YES
  OSMTerrain: YES
[PerformanceTestDetailed] Night mode ENABLED (windows + lights + moon)
[PerformanceTestDetailed] Connected to terrain loading signals
[PerformanceTestDetailed] Starting terrain loading...
OSM: Starting initial loading... (generation 0)
OSM: State before start: _loaded_chunks=0, _loading_chunks=0
OSM: Loading chunks around car position (0.0, 0.9, 0.0)
OSM: Need to load 16 chunks for initial area
OSM: Emitting initial_load_started signal...
OSM: initial_load_started signal emitted
OSM: Loading chunk -2,-2 at lat=59.1208, lon=37.8921
OSM: Loaded from cache: osm_v2_59.1208_37.8921_250.json
OSM: Loading chunk -2,-1 at lat=59.1181, lon=37.8921
OSM: Loaded from cache: osm_v2_59.1181_37.8921_250.json
OSM: Loading chunk -2,0 at lat=59.1153, lon=37.8921
OSM: Loaded from cache: osm_v2_59.1153_37.8921_250.json
OSM: Loading chunk -2,1 at lat=59.1126, lon=37.8921
OSM: Loaded from cache: osm_v2_59.1126_37.8921_250.json
OSM: Loading chunk -1,-2 at lat=59.1208, lon=37.8974
OSM: Loaded from cache: osm_v2_59.1208_37.8974_250.json
OSM: Loading chunk -1,-1 at lat=59.1181, lon=37.8974
OSM: Loaded from cache: osm_v2_59.1181_37.8974_250.json
OSM: Loading chunk -1,0 at lat=59.1153, lon=37.8974
OSM: Loaded from cache: osm_v2_59.1153_37.8974_250.json
OSM: Loading chunk -1,1 at lat=59.1126, lon=37.8974
OSM: Loaded from cache: osm_v2_59.1126_37.8974_250.json
OSM: Loading chunk 0,-2 at lat=59.1208, lon=37.9026
OSM: Loaded from cache: osm_v2_59.1208_37.9026_250.json
OSM: Loading chunk 0,-1 at lat=59.1181, lon=37.9026
OSM: Loaded from cache: osm_v2_59.1181_37.9026_250.json
OSM: Loading chunk 0,0 at lat=59.1153, lon=37.9026
OSM: Loaded from cache: osm_v2_59.1153_37.9026_250.json
OSM: Loading chunk 0,1 at lat=59.1126, lon=37.9026
OSM: Loaded from cache: osm_v2_59.1126_37.9026_250.json
OSM: Loading chunk 1,-2 at lat=59.1208, lon=37.9079
OSM: Loaded from cache: osm_v2_59.1208_37.9079_250.json
OSM: Loading chunk 1,-1 at lat=59.1181, lon=37.9079
OSM: Loaded from cache: osm_v2_59.1181_37.9079_250.json
OSM: Loading chunk 1,0 at lat=59.1153, lon=37.9079
OSM: Loaded from cache: osm_v2_59.1153_37.9079_250.json
OSM: Loading chunk 1,1 at lat=59.1126, lon=37.9079
OSM: Loaded from cache: osm_v2_59.1126_37.9079_250.json
OSM: Started loading 16 chunks (total needed: 16, already loaded: 0)
OSM: Chunk -2,-2 data loaded
OSM: Found 7 POI nodes in chunk
POI_DEBUG: Found 'Магнит' inside building at local (-583.6, -540.7)
POI_DEBUG: Found 'Бристоль' inside building at local (-593.0, -497.7)
POI_DEBUG: Found 'Антей' inside building at local (-591.1, -510.1)
BusinessSign: Found logo for 'магнит' -> res://textures/brand_logos/magnit.png
Loading resource: res://textures/brand_logos/magnit.png
Loading resource: res://.godot/imported/magnit.png-31fdba21c9aa2a67aac0029f80d6b4cb.ctex
Loading cache for shader SceneForwardClusteredShaderRD, variant 0
Loading cache for shader SceneForwardClusteredShaderRD, variant 1
Loading cache for shader SceneForwardClusteredShaderRD, variant 2
Loading cache for shader SceneForwardClusteredShaderRD, variant 3
Loading cache for shader SceneForwardClusteredShaderRD, variant 4
Loading cache for shader SceneForwardClusteredShaderRD, variant 5
Loading cache for shader SceneForwardClusteredShaderRD, variant 6
Loading cache for shader SceneForwardClusteredShaderRD, variant 7
Loading cache for shader SceneForwardClusteredShaderRD, variant 0
Loading cache for shader SceneForwardClusteredShaderRD, variant 1
Loading cache for shader SceneForwardClusteredShaderRD, variant 2
Loading cache for shader SceneForwardClusteredShaderRD, variant 3
Loading cache for shader SceneForwardClusteredShaderRD, variant 4
Loading cache for shader SceneForwardClusteredShaderRD, variant 5
Loading cache for shader SceneForwardClusteredShaderRD, variant 6
Loading cache for shader SceneForwardClusteredShaderRD, variant 7
POI_DEBUG: Found 'Ozon' inside building at local (-577.4, -467.7)
POI_DEBUG: Found 'Пятёрочка' inside building at local (-583.9, -471.4)
BusinessSign: Found logo for 'ozon' -> res://textures/brand_logos/ozon.png
Loading resource: res://textures/brand_logos/ozon.png
Loading resource: res://.godot/imported/ozon.png-cc772cb0e65a53f513cfd9ec9f032a08.ctex
BusinessSign: Found logo for 'пятёрочка' -> res://textures/brand_logos/pyaterochka.png
Loading resource: res://textures/brand_logos/pyaterochka.png
Loading resource: res://.godot/imported/pyaterochka.png-384b1f6c66bb2386d37f8481b233ca9c.ctex
Loading cache for shader SceneForwardClusteredShaderRD, variant 0
Loading cache for shader SceneForwardClusteredShaderRD, variant 1
Loading cache for shader SceneForwardClusteredShaderRD, variant 2
Loading cache for shader SceneForwardClusteredShaderRD, variant 3
Loading cache for shader SceneForwardClusteredShaderRD, variant 4
Loading cache for shader SceneForwardClusteredShaderRD, variant 5
Loading cache for shader SceneForwardClusteredShaderRD, variant 6
Loading cache for shader SceneForwardClusteredShaderRD, variant 7
OSM: Generated 39 roads, 29 buildings, 0 trees, 0 signs, 0 lamps, 22 intersections
OSM: Marked chunk '-2,-2' for road batch finalization
OSM DEBUG: Missing chunks (15): ["-2,-1", "-2,0", "-2,1", "-1,-2", "-1,-1", "-1,0", "-1,1", "0,-2", "0,-1", "0,0", "0,1", "1,-2", "1,-1", "1,0", "1,1"]
  - Currently loading: ["-2,-1", "-2,0", "-2,1", "-1,-2", "-1,-1", "-1,0", "-1,1", "0,-2", "0,-1", "0,0", "0,1", "1,-2", "1,-1", "1,0", "1,1"]
OSM: Chunk -2,-1 data loaded
OSM: Generated 30 roads, 10 buildings, 0 trees, 0 signs, 0 lamps, 6 intersections
OSM: Marked chunk '-2,-1' for road batch finalization
OSM DEBUG: Missing chunks (14): ["-2,0", "-2,1", "-1,-2", "-1,-1", "-1,0", "-1,1", "0,-2", "0,-1", "0,0", "0,1", "1,-2", "1,-1", "1,0", "1,1"]
  - Currently loading: ["-2,0", "-2,1", "-1,-2", "-1,-1", "-1,0", "-1,1", "0,-2", "0,-1", "0,0", "0,1", "1,-2", "1,-1", "1,0", "1,1"]
OSM: Chunk -2,0 data loaded
Loading cache for shader SceneForwardClusteredShaderRD, variant 0
Loading cache for shader SceneForwardClusteredShaderRD, variant 1
Loading cache for shader SceneForwardClusteredShaderRD, variant 2
Loading cache for shader SceneForwardClusteredShaderRD, variant 3
Loading cache for shader SceneForwardClusteredShaderRD, variant 4
Loading cache for shader SceneForwardClusteredShaderRD, variant 5
Loading cache for shader SceneForwardClusteredShaderRD, variant 6
Loading cache for shader SceneForwardClusteredShaderRD, variant 7
OSM: Generated 13 roads, 3 buildings, 0 trees, 0 signs, 0 lamps, 1 intersections
OSM: Marked chunk '-2,0' for road batch finalization
OSM DEBUG: Missing chunks (13): ["-2,1", "-1,-2", "-1,-1", "-1,0", "-1,1", "0,-2", "0,-1", "0,0", "0,1", "1,-2", "1,-1", "1,0", "1,1"]
  - Currently loading: ["-2,1", "-1,-2", "-1,-1", "-1,0", "-1,1", "0,-2", "0,-1", "0,0", "0,1", "1,-2", "1,-1", "1,0", "1,1"]
OSM: Chunk -2,1 data loaded
OSM: Generated 0 roads, 0 buildings, 0 trees, 0 signs, 0 lamps, 0 intersections
OSM: Marked chunk '-2,1' for road batch finalization
OSM DEBUG: Missing chunks (12): ["-1,-2", "-1,-1", "-1,0", "-1,1", "0,-2", "0,-1", "0,0", "0,1", "1,-2", "1,-1", "1,0", "1,1"]
  - Currently loading: ["-1,-2", "-1,-1", "-1,0", "-1,1", "0,-2", "0,-1", "0,0", "0,1", "1,-2", "1,-1", "1,0", "1,1"]
OSM: Chunk -1,-2 data loaded
OSM: Found 5 entrance nodes in chunk
OSM: Found 6 POI nodes in chunk
Loading cache for shader SceneForwardClusteredShaderRD, variant 0
Loading cache for shader SceneForwardClusteredShaderRD, variant 1
Loading cache for shader SceneForwardClusteredShaderRD, variant 2
Loading cache for shader SceneForwardClusteredShaderRD, variant 3
Loading cache for shader SceneForwardClusteredShaderRD, variant 4
Loading cache for shader SceneForwardClusteredShaderRD, variant 5
Loading cache for shader SceneForwardClusteredShaderRD, variant 6
Loading cache for shader SceneForwardClusteredShaderRD, variant 7
OSM: Generated 33 roads, 31 buildings, 0 trees, 0 signs, 0 lamps, 13 intersections
OSM: Marked chunk '-1,-2' for road batch finalization
OSM DEBUG: Missing chunks (11): ["-1,-1", "-1,0", "-1,1", "0,-2", "0,-1", "0,0", "0,1", "1,-2", "1,-1", "1,0", "1,1"]
  - Currently loading: ["-1,-1", "-1,0", "-1,1", "0,-2", "0,-1", "0,0", "0,1", "1,-2", "1,-1", "1,0", "1,1"]
OSM: Chunk -1,-1 data loaded
OSM: Found 3 POI nodes in chunk
POI_DEBUG: Found 'Магнит' inside building at local (-106.5, -187.7)
BusinessSign: Found logo for 'магнит' -> res://textures/brand_logos/magnit.png
POI_DEBUG: Found 'Северный градус' inside building at local (-108.4, -158.5)
BusinessSign: Found logo for 'северный градус' -> res://textures/brand_logos/severniy-gradus.png
Loading resource: res://textures/brand_logos/severniy-gradus.png
Loading resource: res://.godot/imported/severniy-gradus.png-79cfe55b765c858de7f261949750f3ce.ctex
OSM: Generated 55 roads, 21 buildings, 1 trees, 0 signs, 0 lamps, 27 intersections
OSM: Marked chunk '-1,-1' for road batch finalization
OSM DEBUG: Missing chunks (10): ["-1,0", "-1,1", "0,-2", "0,-1", "0,0", "0,1", "1,-2", "1,-1", "1,0", "1,1"]
  - Currently loading: ["-1,0", "-1,1", "0,-2", "0,-1", "0,0", "0,1", "1,-2", "1,-1", "1,0", "1,1"]
OSM: Chunk -1,0 data loaded
OSM: Found 1 POI nodes in chunk
OSM: Generated 20 roads, 11 buildings, 0 trees, 0 signs, 0 lamps, 9 intersections
OSM: Marked chunk '-1,0' for road batch finalization
OSM DEBUG: Missing chunks (9): ["-1,1", "0,-2", "0,-1", "0,0", "0,1", "1,-2", "1,-1", "1,0", "1,1"]
  - Currently loading: ["-1,1", "0,-2", "0,-1", "0,0", "0,1", "1,-2", "1,-1", "1,0", "1,1"]
OSM: Chunk -1,1 data loaded
OSM: Generated 0 roads, 0 buildings, 0 trees, 0 signs, 0 lamps, 0 intersections
OSM: Marked chunk '-1,1' for road batch finalization
OSM DEBUG: Missing chunks (8): ["0,-2", "0,-1", "0,0", "0,1", "1,-2", "1,-1", "1,0", "1,1"]
  - Currently loading: ["0,-2", "0,-1", "0,0", "0,1", "1,-2", "1,-1", "1,0", "1,1"]
OSM: Chunk 0,-2 data loaded
OSM: Found 10 POI nodes in chunk
POI_DEBUG: Found 'Антей' inside building at local (29.3, -584.4)
POI_DEBUG: Found 'Coffee Like' inside building at local (88.6, -413.9)
OSM: Generated 59 roads, 20 buildings, 0 trees, 0 signs, 0 lamps, 15 intersections
OSM: Marked chunk '0,-2' for road batch finalization
OSM DEBUG: Missing chunks (7): ["0,-1", "0,0", "0,1", "1,-2", "1,-1", "1,0", "1,1"]
  - Currently loading: ["0,-1", "0,0", "0,1", "1,-2", "1,-1", "1,0", "1,1"]
OSM: Chunk 0,-1 data loaded
OSM: Found 3 entrance nodes in chunk
OSM: Found 4 POI nodes in chunk
POI_DEBUG: Found 'Фонд капитального ремонта многоквартирных домов Вологодской области' inside building at local (283.4, -263.6)
POI_DEBUG: Found 'Пионер-сервис. Сервисный центр Самсунг' inside building at local (240.9, -141.4)
OSM: Generated 61 roads, 15 buildings, 0 trees, 0 signs, 0 lamps, 17 intersections
OSM: Marked chunk '0,-1' for road batch finalization
OSM DEBUG: Missing chunks (6): ["0,0", "0,1", "1,-2", "1,-1", "1,0", "1,1"]
  - Currently loading: ["0,0", "0,1", "1,-2", "1,-1", "1,0", "1,1"]
OSM: Chunk 0,0 data loaded
OSM: Found 2 entrance nodes in chunk
OSM: Generated 42 roads, 0 buildings, 0 trees, 0 signs, 0 lamps, 4 intersections
OSM: Marked chunk '0,0' for road batch finalization
OSM DEBUG: Missing chunks (5): ["0,1", "1,-2", "1,-1", "1,0", "1,1"]
  - Currently loading: ["0,1", "1,-2", "1,-1", "1,0", "1,1"]
OSM: Chunk 0,1 data loaded
OSM: Generated 1 roads, 0 buildings, 0 trees, 0 signs, 0 lamps, 0 intersections
OSM: Marked chunk '0,1' for road batch finalization
OSM DEBUG: Missing chunks (4): ["1,-2", "1,-1", "1,0", "1,1"]
  - Currently loading: ["1,-2", "1,-1", "1,0", "1,1"]
OSM: Chunk 1,-2 data loaded
OSM: Found 4 entrance nodes in chunk
OSM: Found 11 POI nodes in chunk
POI_DEBUG: Found 'Ли Лу' inside building at local (337.6, -257.6)
POI_DEBUG: Found 'ВТБ' inside building at local (407.3, -531.1)
BusinessSign: Found logo for 'втб' -> res://textures/brand_logos/vtb.png
Loading resource: res://textures/brand_logos/vtb.png
Loading resource: res://.godot/imported/vtb.png-4da497bc31ee73b71092cb16c05ad0ec.ctex
POI_DEBUG: Found 'OTP-банк' inside building at local (592.3, -604.5)
POI_DEBUG: Found 'ВТБ' inside building at local (594.8, -612.1)
POI_DEBUG: Found 'Шашлычек' inside building at local (589.3, -592.4)
POI_DEBUG: Found 'Easy Slip' inside building at local (581.6, -593.1)
BusinessSign: Found logo for 'втб' -> res://textures/brand_logos/vtb.png
OSM: Generated 52 roads, 35 buildings, 0 trees, 0 signs, 0 lamps, 34 intersections
OSM: Marked chunk '1,-2' for road batch finalization
OSM DEBUG: Missing chunks (3): ["1,-1", "1,0", "1,1"]
  - Currently loading: ["1,-1", "1,0", "1,1"]
OSM: Chunk 1,-1 data loaded
OSM: Found 8 entrance nodes in chunk
OSM: Found 5 POI nodes in chunk
POI_DEBUG: Found 'Фонд капитального ремонта многоквартирных домов Вологодской области' inside building at local (283.4, -263.6)
POI_DEBUG: Found 'Ли Лу' inside building at local (337.6, -257.6)
OSM: Generated 51 roads, 33 buildings, 0 trees, 0 signs, 0 lamps, 41 intersections
OSM: Marked chunk '1,-1' for road batch finalization
OSM DEBUG: Missing chunks (2): ["1,0", "1,1"]
  - Currently loading: ["1,0", "1,1"]
OSM: Chunk 1,0 data loaded
OSM: Found 4 entrance nodes in chunk
OSM: Generated 2 roads, 2 buildings, 0 trees, 0 signs, 0 lamps, 0 intersections
OSM: Marked chunk '1,0' for road batch finalization
OSM DEBUG: Missing chunks (1): ["1,1"]
  - Currently loading: ["1,1"]
OSM: Chunk 1,1 data loaded
OSM: Generated 0 roads, 0 buildings, 0 trees, 0 signs, 0 lamps, 0 intersections
OSM: Marked chunk '1,1' for road batch finalization
OSM DEBUG: Chunks loaded 16/16, but queues not empty:
  - _building_results: 176
  - _road_queue: 458
  - _terrain_objects_queue: 97
  - _infrastructure_queue: 177
  - _pending_building_tasks: 0
Loading cache for shader SceneForwardClusteredShaderRD, variant 0
Loading cache for shader SceneForwardClusteredShaderRD, variant 1
Loading cache for shader SceneForwardClusteredShaderRD, variant 2
Loading cache for shader SceneForwardClusteredShaderRD, variant 3
Loading cache for shader SceneForwardClusteredShaderRD, variant 4
Loading cache for shader SceneForwardClusteredShaderRD, variant 5
Loading cache for shader SceneForwardClusteredShaderRD, variant 6
Loading cache for shader SceneForwardClusteredShaderRD, variant 7
Loading cache for shader SceneForwardClusteredShaderRD, variant 0
Loading cache for shader SceneForwardClusteredShaderRD, variant 1
Loading cache for shader SceneForwardClusteredShaderRD, variant 2
Loading cache for shader SceneForwardClusteredShaderRD, variant 3
Loading cache for shader SceneForwardClusteredShaderRD, variant 4
Loading cache for shader SceneForwardClusteredShaderRD, variant 5
Loading cache for shader SceneForwardClusteredShaderRD, variant 6
Loading cache for shader SceneForwardClusteredShaderRD, variant 7
OSM: DEBUG _add_road_to_batch - first road for chunk '0,0', parent.name='Chunk_0,0'
OSM: DEBUG _add_road_to_batch - first road for chunk '-1,0', parent.name='Chunk_-1,0'
OSM: DEBUG _add_road_to_batch - first road for chunk '0,-1', parent.name='Chunk_0,-1'
OSM: DEBUG _add_road_to_batch - first road for chunk '-1,-1', parent.name='Chunk_-1,-1'
⚠️ SLOW FRAME 101.9ms: building=1.2 road=7.9 terrain=76.8 infra=1.3 veg=14.7 curb=0.0ms
OSM DEBUG: Chunks loaded 16/16, but queues not empty:
  - _building_results: 175
  - _road_queue: 437
  - _terrain_objects_queue: 95
  - _infrastructure_queue: 176
  - _pending_building_tasks: 0
Loading cache for shader SceneForwardClusteredShaderRD, variant 0
Loading cache for shader SceneForwardClusteredShaderRD, variant 1
Loading cache for shader SceneForwardClusteredShaderRD, variant 2
Loading cache for shader SceneForwardClusteredShaderRD, variant 3
Loading cache for shader SceneForwardClusteredShaderRD, variant 4
Loading cache for shader SceneForwardClusteredShaderRD, variant 5
Loading cache for shader SceneForwardClusteredShaderRD, variant 6
Loading cache for shader SceneForwardClusteredShaderRD, variant 7
Loading cache for shader SceneForwardClusteredShaderRD, variant 0
Loading cache for shader SceneForwardClusteredShaderRD, variant 1
Loading cache for shader SceneForwardClusteredShaderRD, variant 2
Loading cache for shader SceneForwardClusteredShaderRD, variant 3
Loading cache for shader SceneForwardClusteredShaderRD, variant 4
Loading cache for shader SceneForwardClusteredShaderRD, variant 5
Loading cache for shader SceneForwardClusteredShaderRD, variant 6
Loading cache for shader SceneForwardClusteredShaderRD, variant 7
Loading cache for shader SceneForwardClusteredShaderRD, variant 0
Loading cache for shader SceneForwardClusteredShaderRD, variant 1
Loading cache for shader SceneForwardClusteredShaderRD, variant 2
Loading cache for shader SceneForwardClusteredShaderRD, variant 3
Loading cache for shader SceneForwardClusteredShaderRD, variant 4
Loading cache for shader SceneForwardClusteredShaderRD, variant 5
Loading cache for shader SceneForwardClusteredShaderRD, variant 6
Loading cache for shader SceneForwardClusteredShaderRD, variant 7
Loading cache for shader SceneForwardClusteredShaderRD, variant 8
Loading cache for shader SceneForwardClusteredShaderRD, variant 9
Loading cache for shader SceneForwardClusteredShaderRD, variant 10
Loading cache for shader SceneForwardClusteredShaderRD, variant 11
Loading cache for shader SceneForwardClusteredShaderRD, variant 12
Loading cache for shader SceneForwardClusteredShaderRD, variant 13
Loading cache for shader SceneForwardClusteredShaderRD, variant 14
Loading cache for shader SceneForwardClusteredShaderRD, variant 15
Loading cache for shader SceneForwardClusteredShaderRD, variant 16
Loading cache for shader SceneForwardClusteredShaderRD, variant 17
Loading cache for shader SceneForwardClusteredShaderRD, variant 0
Loading cache for shader SceneForwardClusteredShaderRD, variant 1
Loading cache for shader SceneForwardClusteredShaderRD, variant 2
Loading cache for shader SceneForwardClusteredShaderRD, variant 3
Loading cache for shader SceneForwardClusteredShaderRD, variant 4
Loading cache for shader SceneForwardClusteredShaderRD, variant 5
Loading cache for shader SceneForwardClusteredShaderRD, variant 6
Loading cache for shader SceneForwardClusteredShaderRD, variant 7
Loading cache for shader SceneForwardClusteredShaderRD, variant 8
Loading cache for shader SceneForwardClusteredShaderRD, variant 9
Loading cache for shader SceneForwardClusteredShaderRD, variant 10
Loading cache for shader SceneForwardClusteredShaderRD, variant 11
Loading cache for shader SceneForwardClusteredShaderRD, variant 12
Loading cache for shader SceneForwardClusteredShaderRD, variant 13
Loading cache for shader SceneForwardClusteredShaderRD, variant 14
Loading cache for shader SceneForwardClusteredShaderRD, variant 15
Loading cache for shader SceneForwardClusteredShaderRD, variant 16
Loading cache for shader SceneForwardClusteredShaderRD, variant 17
Loading cache for shader SceneForwardClusteredShaderRD, variant 0
Loading cache for shader SceneForwardClusteredShaderRD, variant 1
Loading cache for shader SceneForwardClusteredShaderRD, variant 2
Loading cache for shader SceneForwardClusteredShaderRD, variant 3
Loading cache for shader SceneForwardClusteredShaderRD, variant 4
Loading cache for shader SceneForwardClusteredShaderRD, variant 5
Loading cache for shader SceneForwardClusteredShaderRD, variant 6
Loading cache for shader SceneForwardClusteredShaderRD, variant 7
Loading cache for shader SceneForwardClusteredShaderRD, variant 8
Loading cache for shader SceneForwardClusteredShaderRD, variant 9
Loading cache for shader SceneForwardClusteredShaderRD, variant 10
Loading cache for shader SceneForwardClusteredShaderRD, variant 11
Loading cache for shader SceneForwardClusteredShaderRD, variant 12
Loading cache for shader SceneForwardClusteredShaderRD, variant 13
Loading cache for shader SceneForwardClusteredShaderRD, variant 14
Loading cache for shader SceneForwardClusteredShaderRD, variant 15
Loading cache for shader SceneForwardClusteredShaderRD, variant 16
Loading cache for shader SceneForwardClusteredShaderRD, variant 17
Loading cache for shader SceneForwardClusteredShaderRD, variant 0
Loading cache for shader SceneForwardClusteredShaderRD, variant 1
Loading cache for shader SceneForwardClusteredShaderRD, variant 2
Loading cache for shader SceneForwardClusteredShaderRD, variant 3
Loading cache for shader SceneForwardClusteredShaderRD, variant 4
Loading cache for shader SceneForwardClusteredShaderRD, variant 5
Loading cache for shader SceneForwardClusteredShaderRD, variant 6
Loading cache for shader SceneForwardClusteredShaderRD, variant 7
Loading cache for shader SceneForwardClusteredShaderRD, variant 8
Loading cache for shader SceneForwardClusteredShaderRD, variant 9
Loading cache for shader SceneForwardClusteredShaderRD, variant 10
Loading cache for shader SceneForwardClusteredShaderRD, variant 11
Loading cache for shader SceneForwardClusteredShaderRD, variant 12
Loading cache for shader SceneForwardClusteredShaderRD, variant 13
Loading cache for shader SceneForwardClusteredShaderRD, variant 14
Loading cache for shader SceneForwardClusteredShaderRD, variant 15
Loading cache for shader SceneForwardClusteredShaderRD, variant 16
Loading cache for shader SceneForwardClusteredShaderRD, variant 17
Loading cache for shader SceneForwardClusteredShaderRD, variant 0
Loading cache for shader SceneForwardClusteredShaderRD, variant 1
Loading cache for shader SceneForwardClusteredShaderRD, variant 2
Loading cache for shader SceneForwardClusteredShaderRD, variant 3
Loading cache for shader SceneForwardClusteredShaderRD, variant 4
Loading cache for shader SceneForwardClusteredShaderRD, variant 5
Loading cache for shader SceneForwardClusteredShaderRD, variant 6
Loading cache for shader SceneForwardClusteredShaderRD, variant 7
Loading cache for shader SceneForwardClusteredShaderRD, variant 8
Loading cache for shader SceneForwardClusteredShaderRD, variant 9
Loading cache for shader SceneForwardClusteredShaderRD, variant 10
Loading cache for shader SceneForwardClusteredShaderRD, variant 11
Loading cache for shader SceneForwardClusteredShaderRD, variant 12
Loading cache for shader SceneForwardClusteredShaderRD, variant 13
Loading cache for shader SceneForwardClusteredShaderRD, variant 14
Loading cache for shader SceneForwardClusteredShaderRD, variant 15
Loading cache for shader SceneForwardClusteredShaderRD, variant 16
Loading cache for shader SceneForwardClusteredShaderRD, variant 17
Loading cache for shader SceneForwardClusteredShaderRD, variant 0
Loading cache for shader SceneForwardClusteredShaderRD, variant 1
Loading cache for shader SceneForwardClusteredShaderRD, variant 2
Loading cache for shader SceneForwardClusteredShaderRD, variant 3
Loading cache for shader SceneForwardClusteredShaderRD, variant 4
Loading cache for shader SceneForwardClusteredShaderRD, variant 5
Loading cache for shader SceneForwardClusteredShaderRD, variant 6
Loading cache for shader SceneForwardClusteredShaderRD, variant 7
Loading cache for shader SceneForwardClusteredShaderRD, variant 8
Loading cache for shader SceneForwardClusteredShaderRD, variant 9
Loading cache for shader SceneForwardClusteredShaderRD, variant 10
Loading cache for shader SceneForwardClusteredShaderRD, variant 11
Loading cache for shader SceneForwardClusteredShaderRD, variant 12
Loading cache for shader SceneForwardClusteredShaderRD, variant 13
Loading cache for shader SceneForwardClusteredShaderRD, variant 14
Loading cache for shader SceneForwardClusteredShaderRD, variant 15
Loading cache for shader SceneForwardClusteredShaderRD, variant 16
Loading cache for shader SceneForwardClusteredShaderRD, variant 17
Loading cache for shader SceneForwardClusteredShaderRD, variant 0
Loading cache for shader SceneForwardClusteredShaderRD, variant 1
Loading cache for shader SceneForwardClusteredShaderRD, variant 2
Loading cache for shader SceneForwardClusteredShaderRD, variant 3
Loading cache for shader SceneForwardClusteredShaderRD, variant 4
Loading cache for shader SceneForwardClusteredShaderRD, variant 5
Loading cache for shader SceneForwardClusteredShaderRD, variant 6
Loading cache for shader SceneForwardClusteredShaderRD, variant 7
Loading cache for shader SceneForwardClusteredShaderRD, variant 8
Loading cache for shader SceneForwardClusteredShaderRD, variant 9
Loading cache for shader SceneForwardClusteredShaderRD, variant 10
Loading cache for shader SceneForwardClusteredShaderRD, variant 11
Loading cache for shader SceneForwardClusteredShaderRD, variant 12
Loading cache for shader SceneForwardClusteredShaderRD, variant 13
Loading cache for shader SceneForwardClusteredShaderRD, variant 14
Loading cache for shader SceneForwardClusteredShaderRD, variant 15
Loading cache for shader SceneForwardClusteredShaderRD, variant 16
Loading cache for shader SceneForwardClusteredShaderRD, variant 17
Loading cache for shader SceneForwardClusteredShaderRD, variant 0
Loading cache for shader SceneForwardClusteredShaderRD, variant 1
Loading cache for shader SceneForwardClusteredShaderRD, variant 2
Loading cache for shader SceneForwardClusteredShaderRD, variant 3
Loading cache for shader SceneForwardClusteredShaderRD, variant 4
Loading cache for shader SceneForwardClusteredShaderRD, variant 5
Loading cache for shader SceneForwardClusteredShaderRD, variant 6
Loading cache for shader SceneForwardClusteredShaderRD, variant 7
Loading cache for shader SceneForwardClusteredShaderRD, variant 8
Loading cache for shader SceneForwardClusteredShaderRD, variant 9
Loading cache for shader SceneForwardClusteredShaderRD, variant 10
Loading cache for shader SceneForwardClusteredShaderRD, variant 11
Loading cache for shader SceneForwardClusteredShaderRD, variant 12
Loading cache for shader SceneForwardClusteredShaderRD, variant 13
Loading cache for shader SceneForwardClusteredShaderRD, variant 14
Loading cache for shader SceneForwardClusteredShaderRD, variant 15
Loading cache for shader SceneForwardClusteredShaderRD, variant 16
Loading cache for shader SceneForwardClusteredShaderRD, variant 17
Loading cache for shader SceneForwardClusteredShaderRD, variant 0
Loading cache for shader SceneForwardClusteredShaderRD, variant 1
Loading cache for shader SceneForwardClusteredShaderRD, variant 2
Loading cache for shader SceneForwardClusteredShaderRD, variant 3
Loading cache for shader SceneForwardClusteredShaderRD, variant 4
Loading cache for shader SceneForwardClusteredShaderRD, variant 5
Loading cache for shader SceneForwardClusteredShaderRD, variant 6
Loading cache for shader SceneForwardClusteredShaderRD, variant 7
Loading cache for shader SceneForwardClusteredShaderRD, variant 8
Loading cache for shader SceneForwardClusteredShaderRD, variant 9
Loading cache for shader SceneForwardClusteredShaderRD, variant 10
Loading cache for shader SceneForwardClusteredShaderRD, variant 11
Loading cache for shader SceneForwardClusteredShaderRD, variant 12
Loading cache for shader SceneForwardClusteredShaderRD, variant 13
Loading cache for shader SceneForwardClusteredShaderRD, variant 14
Loading cache for shader SceneForwardClusteredShaderRD, variant 15
Loading cache for shader SceneForwardClusteredShaderRD, variant 16
Loading cache for shader SceneForwardClusteredShaderRD, variant 17
Loading cache for shader SceneForwardClusteredShaderRD, variant 0
Loading cache for shader SceneForwardClusteredShaderRD, variant 1
Loading cache for shader SceneForwardClusteredShaderRD, variant 2
Loading cache for shader SceneForwardClusteredShaderRD, variant 3
Loading cache for shader SceneForwardClusteredShaderRD, variant 4
Loading cache for shader SceneForwardClusteredShaderRD, variant 5
Loading cache for shader SceneForwardClusteredShaderRD, variant 6
Loading cache for shader SceneForwardClusteredShaderRD, variant 7
Loading cache for shader SceneForwardClusteredShaderRD, variant 8
Loading cache for shader SceneForwardClusteredShaderRD, variant 9
Loading cache for shader SceneForwardClusteredShaderRD, variant 10
Loading cache for shader SceneForwardClusteredShaderRD, variant 11
Loading cache for shader SceneForwardClusteredShaderRD, variant 12
Loading cache for shader SceneForwardClusteredShaderRD, variant 13
Loading cache for shader SceneForwardClusteredShaderRD, variant 14
Loading cache for shader SceneForwardClusteredShaderRD, variant 15
Loading cache for shader SceneForwardClusteredShaderRD, variant 16
Loading cache for shader SceneForwardClusteredShaderRD, variant 17
Loading cache for shader SceneForwardClusteredShaderRD, variant 0
Loading cache for shader SceneForwardClusteredShaderRD, variant 1
Loading cache for shader SceneForwardClusteredShaderRD, variant 2
Loading cache for shader SceneForwardClusteredShaderRD, variant 3
Loading cache for shader SceneForwardClusteredShaderRD, variant 4
Loading cache for shader SceneForwardClusteredShaderRD, variant 5
Loading cache for shader SceneForwardClusteredShaderRD, variant 6
Loading cache for shader SceneForwardClusteredShaderRD, variant 7
Loading cache for shader SceneForwardClusteredShaderRD, variant 8
Loading cache for shader SceneForwardClusteredShaderRD, variant 9
Loading cache for shader SceneForwardClusteredShaderRD, variant 10
Loading cache for shader SceneForwardClusteredShaderRD, variant 11
Loading cache for shader SceneForwardClusteredShaderRD, variant 12
Loading cache for shader SceneForwardClusteredShaderRD, variant 13
Loading cache for shader SceneForwardClusteredShaderRD, variant 14
Loading cache for shader SceneForwardClusteredShaderRD, variant 15
Loading cache for shader SceneForwardClusteredShaderRD, variant 16
Loading cache for shader SceneForwardClusteredShaderRD, variant 17
Loading cache for shader SceneForwardClusteredShaderRD, variant 0
Loading cache for shader SceneForwardClusteredShaderRD, variant 1
Loading cache for shader SceneForwardClusteredShaderRD, variant 2
Loading cache for shader SceneForwardClusteredShaderRD, variant 3
Loading cache for shader SceneForwardClusteredShaderRD, variant 4
Loading cache for shader SceneForwardClusteredShaderRD, variant 5
Loading cache for shader SceneForwardClusteredShaderRD, variant 6
Loading cache for shader SceneForwardClusteredShaderRD, variant 7
Loading cache for shader SceneForwardClusteredShaderRD, variant 8
Loading cache for shader SceneForwardClusteredShaderRD, variant 9
Loading cache for shader SceneForwardClusteredShaderRD, variant 10
Loading cache for shader SceneForwardClusteredShaderRD, variant 11
Loading cache for shader SceneForwardClusteredShaderRD, variant 12
Loading cache for shader SceneForwardClusteredShaderRD, variant 13
Loading cache for shader SceneForwardClusteredShaderRD, variant 14
Loading cache for shader SceneForwardClusteredShaderRD, variant 15
Loading cache for shader SceneForwardClusteredShaderRD, variant 16
Loading cache for shader SceneForwardClusteredShaderRD, variant 17
Loading cache for shader SceneForwardClusteredShaderRD, variant 0
Loading cache for shader SceneForwardClusteredShaderRD, variant 1
Loading cache for shader SceneForwardClusteredShaderRD, variant 2
Loading cache for shader SceneForwardClusteredShaderRD, variant 3
Loading cache for shader SceneForwardClusteredShaderRD, variant 4
Loading cache for shader SceneForwardClusteredShaderRD, variant 5
Loading cache for shader SceneForwardClusteredShaderRD, variant 6
Loading cache for shader SceneForwardClusteredShaderRD, variant 7
Loading cache for shader SceneForwardClusteredShaderRD, variant 8
Loading cache for shader SceneForwardClusteredShaderRD, variant 9
Loading cache for shader SceneForwardClusteredShaderRD, variant 10
Loading cache for shader SceneForwardClusteredShaderRD, variant 11
Loading cache for shader SceneForwardClusteredShaderRD, variant 12
Loading cache for shader SceneForwardClusteredShaderRD, variant 13
Loading cache for shader SceneForwardClusteredShaderRD, variant 14
Loading cache for shader SceneForwardClusteredShaderRD, variant 15
Loading cache for shader SceneForwardClusteredShaderRD, variant 16
Loading cache for shader SceneForwardClusteredShaderRD, variant 17
Loading cache for shader SceneForwardClusteredShaderRD, variant 0
Loading cache for shader SceneForwardClusteredShaderRD, variant 1
Loading cache for shader SceneForwardClusteredShaderRD, variant 2
Loading cache for shader SceneForwardClusteredShaderRD, variant 3
Loading cache for shader SceneForwardClusteredShaderRD, variant 4
Loading cache for shader SceneForwardClusteredShaderRD, variant 5
Loading cache for shader SceneForwardClusteredShaderRD, variant 6
Loading cache for shader SceneForwardClusteredShaderRD, variant 7
Loading cache for shader SceneForwardClusteredShaderRD, variant 8
Loading cache for shader SceneForwardClusteredShaderRD, variant 9
Loading cache for shader SceneForwardClusteredShaderRD, variant 10
Loading cache for shader SceneForwardClusteredShaderRD, variant 11
Loading cache for shader SceneForwardClusteredShaderRD, variant 12
Loading cache for shader SceneForwardClusteredShaderRD, variant 13
Loading cache for shader SceneForwardClusteredShaderRD, variant 14
Loading cache for shader SceneForwardClusteredShaderRD, variant 15
Loading cache for shader SceneForwardClusteredShaderRD, variant 16
Loading cache for shader SceneForwardClusteredShaderRD, variant 17
Loading cache for shader SceneForwardClusteredShaderRD, variant 0
Loading cache for shader SceneForwardClusteredShaderRD, variant 1
Loading cache for shader SceneForwardClusteredShaderRD, variant 2
Loading cache for shader SceneForwardClusteredShaderRD, variant 3
Loading cache for shader SceneForwardClusteredShaderRD, variant 4
Loading cache for shader SceneForwardClusteredShaderRD, variant 5
Loading cache for shader SceneForwardClusteredShaderRD, variant 6
Loading cache for shader SceneForwardClusteredShaderRD, variant 7
Loading cache for shader SceneForwardClusteredShaderRD, variant 8
Loading cache for shader SceneForwardClusteredShaderRD, variant 9
Loading cache for shader SceneForwardClusteredShaderRD, variant 10
Loading cache for shader SceneForwardClusteredShaderRD, variant 11
Loading cache for shader SceneForwardClusteredShaderRD, variant 12
Loading cache for shader SceneForwardClusteredShaderRD, variant 13
Loading cache for shader SceneForwardClusteredShaderRD, variant 14
Loading cache for shader SceneForwardClusteredShaderRD, variant 15
Loading cache for shader SceneForwardClusteredShaderRD, variant 16
Loading cache for shader SceneForwardClusteredShaderRD, variant 17
Loading cache for shader SceneForwardClusteredShaderRD, variant 0
Loading cache for shader SceneForwardClusteredShaderRD, variant 1
Loading cache for shader SceneForwardClusteredShaderRD, variant 2
Loading cache for shader SceneForwardClusteredShaderRD, variant 3
Loading cache for shader SceneForwardClusteredShaderRD, variant 4
Loading cache for shader SceneForwardClusteredShaderRD, variant 5
Loading cache for shader SceneForwardClusteredShaderRD, variant 6
Loading cache for shader SceneForwardClusteredShaderRD, variant 7
Loading cache for shader SceneForwardClusteredShaderRD, variant 8
Loading cache for shader SceneForwardClusteredShaderRD, variant 9
Loading cache for shader SceneForwardClusteredShaderRD, variant 10
Loading cache for shader SceneForwardClusteredShaderRD, variant 11
Loading cache for shader SceneForwardClusteredShaderRD, variant 12
Loading cache for shader SceneForwardClusteredShaderRD, variant 13
Loading cache for shader SceneForwardClusteredShaderRD, variant 14
Loading cache for shader SceneForwardClusteredShaderRD, variant 15
Loading cache for shader SceneForwardClusteredShaderRD, variant 16
Loading cache for shader SceneForwardClusteredShaderRD, variant 17
Loading cache for shader SceneForwardClusteredShaderRD, variant 0
Loading cache for shader SceneForwardClusteredShaderRD, variant 1
Loading cache for shader SceneForwardClusteredShaderRD, variant 2
Loading cache for shader SceneForwardClusteredShaderRD, variant 3
Loading cache for shader SceneForwardClusteredShaderRD, variant 4
Loading cache for shader SceneForwardClusteredShaderRD, variant 5
Loading cache for shader SceneForwardClusteredShaderRD, variant 6
Loading cache for shader SceneForwardClusteredShaderRD, variant 7
Loading cache for shader SceneForwardClusteredShaderRD, variant 8
Loading cache for shader SceneForwardClusteredShaderRD, variant 9
Loading cache for shader SceneForwardClusteredShaderRD, variant 10
Loading cache for shader SceneForwardClusteredShaderRD, variant 11
Loading cache for shader SceneForwardClusteredShaderRD, variant 12
Loading cache for shader SceneForwardClusteredShaderRD, variant 13
Loading cache for shader SceneForwardClusteredShaderRD, variant 14
Loading cache for shader SceneForwardClusteredShaderRD, variant 15
Loading cache for shader SceneForwardClusteredShaderRD, variant 16
Loading cache for shader SceneForwardClusteredShaderRD, variant 17
Loading cache for shader SceneForwardClusteredShaderRD, variant 0
Loading cache for shader SceneForwardClusteredShaderRD, variant 1
Loading cache for shader SceneForwardClusteredShaderRD, variant 2
Loading cache for shader SceneForwardClusteredShaderRD, variant 3
Loading cache for shader SceneForwardClusteredShaderRD, variant 4
Loading cache for shader SceneForwardClusteredShaderRD, variant 5
Loading cache for shader SceneForwardClusteredShaderRD, variant 6
Loading cache for shader SceneForwardClusteredShaderRD, variant 7
Loading cache for shader SceneForwardClusteredShaderRD, variant 8
Loading cache for shader SceneForwardClusteredShaderRD, variant 9
Loading cache for shader SceneForwardClusteredShaderRD, variant 10
Loading cache for shader SceneForwardClusteredShaderRD, variant 11
Loading cache for shader SceneForwardClusteredShaderRD, variant 12
Loading cache for shader SceneForwardClusteredShaderRD, variant 13
Loading cache for shader SceneForwardClusteredShaderRD, variant 14
Loading cache for shader SceneForwardClusteredShaderRD, variant 15
Loading cache for shader SceneForwardClusteredShaderRD, variant 16
Loading cache for shader SceneForwardClusteredShaderRD, variant 17
Loading cache for shader SceneForwardClusteredShaderRD, variant 0
Loading cache for shader SceneForwardClusteredShaderRD, variant 1
Loading cache for shader SceneForwardClusteredShaderRD, variant 2
Loading cache for shader SceneForwardClusteredShaderRD, variant 3
Loading cache for shader SceneForwardClusteredShaderRD, variant 4
Loading cache for shader SceneForwardClusteredShaderRD, variant 5
Loading cache for shader SceneForwardClusteredShaderRD, variant 6
Loading cache for shader SceneForwardClusteredShaderRD, variant 7
Loading cache for shader SceneForwardClusteredShaderRD, variant 8
Loading cache for shader SceneForwardClusteredShaderRD, variant 9
Loading cache for shader SceneForwardClusteredShaderRD, variant 10
Loading cache for shader SceneForwardClusteredShaderRD, variant 11
Loading cache for shader SceneForwardClusteredShaderRD, variant 12
Loading cache for shader SceneForwardClusteredShaderRD, variant 13
Loading cache for shader SceneForwardClusteredShaderRD, variant 14
Loading cache for shader SceneForwardClusteredShaderRD, variant 15
Loading cache for shader SceneForwardClusteredShaderRD, variant 16
Loading cache for shader SceneForwardClusteredShaderRD, variant 17
Loading cache for shader SceneForwardClusteredShaderRD, variant 0
Loading cache for shader SceneForwardClusteredShaderRD, variant 1
Loading cache for shader SceneForwardClusteredShaderRD, variant 2
Loading cache for shader SceneForwardClusteredShaderRD, variant 3
Loading cache for shader SceneForwardClusteredShaderRD, variant 4
Loading cache for shader SceneForwardClusteredShaderRD, variant 5
Loading cache for shader SceneForwardClusteredShaderRD, variant 6
Loading cache for shader SceneForwardClusteredShaderRD, variant 7
Loading cache for shader SceneForwardClusteredShaderRD, variant 8
Loading cache for shader SceneForwardClusteredShaderRD, variant 9
Loading cache for shader SceneForwardClusteredShaderRD, variant 10
Loading cache for shader SceneForwardClusteredShaderRD, variant 11
Loading cache for shader SceneForwardClusteredShaderRD, variant 12
Loading cache for shader SceneForwardClusteredShaderRD, variant 13
Loading cache for shader SceneForwardClusteredShaderRD, variant 14
Loading cache for shader SceneForwardClusteredShaderRD, variant 15
Loading cache for shader SceneForwardClusteredShaderRD, variant 16
Loading cache for shader SceneForwardClusteredShaderRD, variant 17
[mvk-info] Created 3 swapchain images with size (3024, 1890) and contents scale 2.0 in layer CAMetalLayer: GodotContentView (0x7fd9c002df20) on screen Built-in Retina Display.
OSM: DEBUG _add_road_to_batch - first road for chunk '-2,-1', parent.name='Chunk_-2,-1'
⚠️ SLOW FRAME 17.0ms: building=0.9 road=14.8 terrain=0.6 infra=0.7 veg=0.0 curb=0.0ms
OSM DEBUG: Chunks loaded 16/16, but queues not empty:
  - _building_results: 174
  - _road_queue: 422
  - _terrain_objects_queue: 93
  - _infrastructure_queue: 175
  - _pending_building_tasks: 0
⚠️ SLOW FRAME 13.9ms: building=1.2 road=11.3 terrain=0.7 infra=0.8 veg=0.0 curb=0.0ms
OSM DEBUG: Chunks loaded 16/16, but queues not empty:
  - _building_results: 173
  - _road_queue: 421
  - _terrain_objects_queue: 91
  - _infrastructure_queue: 174
  - _pending_building_tasks: 0
Loading cache for shader SceneForwardClusteredShaderRD, variant 0
Loading cache for shader SceneForwardClusteredShaderRD, variant 1
Loading cache for shader SceneForwardClusteredShaderRD, variant 2
Loading cache for shader SceneForwardClusteredShaderRD, variant 3
Loading cache for shader SceneForwardClusteredShaderRD, variant 4
Loading cache for shader SceneForwardClusteredShaderRD, variant 5
Loading cache for shader SceneForwardClusteredShaderRD, variant 6
Loading cache for shader SceneForwardClusteredShaderRD, variant 7
Loading cache for shader SceneForwardClusteredShaderRD, variant 0
Loading cache for shader SceneForwardClusteredShaderRD, variant 1
Loading cache for shader SceneForwardClusteredShaderRD, variant 2
Loading cache for shader SceneForwardClusteredShaderRD, variant 3
Loading cache for shader SceneForwardClusteredShaderRD, variant 4
Loading cache for shader SceneForwardClusteredShaderRD, variant 5
Loading cache for shader SceneForwardClusteredShaderRD, variant 6
Loading cache for shader SceneForwardClusteredShaderRD, variant 7
Loading cache for shader SceneForwardClusteredShaderRD, variant 8
Loading cache for shader SceneForwardClusteredShaderRD, variant 9
Loading cache for shader SceneForwardClusteredShaderRD, variant 10
Loading cache for shader SceneForwardClusteredShaderRD, variant 11
Loading cache for shader SceneForwardClusteredShaderRD, variant 12
Loading cache for shader SceneForwardClusteredShaderRD, variant 13
Loading cache for shader SceneForwardClusteredShaderRD, variant 14
Loading cache for shader SceneForwardClusteredShaderRD, variant 15
Loading cache for shader SceneForwardClusteredShaderRD, variant 16
Loading cache for shader SceneForwardClusteredShaderRD, variant 17
OSM: DEBUG _add_road_to_batch - first road for chunk '0,-2', parent.name='Chunk_0,-2'
OSM: DEBUG _add_road_to_batch - first road for chunk '-1,-2', parent.name='Chunk_-1,-2'
OSM DEBUG: Chunks loaded 16/16, but queues not empty:
  - _building_results: 172
  - _road_queue: 383
  - _terrain_objects_queue: 89
  - _infrastructure_queue: 173
  - _pending_building_tasks: 0
OSM DEBUG: Chunks loaded 16/16, but queues not empty:
  - _building_results: 171
  - _road_queue: 367
  - _terrain_objects_queue: 87
  - _infrastructure_queue: 172
  - _pending_building_tasks: 0
OSM DEBUG: Chunks loaded 16/16, but queues not empty:
  - _building_results: 170
  - _road_queue: 358
  - _terrain_objects_queue: 85
  - _infrastructure_queue: 171
  - _pending_building_tasks: 0
⚠️ SLOW FRAME 11.3ms: building=0.9 road=8.8 terrain=0.7 infra=1.0 veg=0.0 curb=0.0ms
OSM DEBUG: Chunks loaded 16/16, but queues not empty:
  - _building_results: 169
  - _road_queue: 345
  - _terrain_objects_queue: 83
  - _infrastructure_queue: 170
  - _pending_building_tasks: 0
OSM: DEBUG _add_road_to_batch - first road for chunk '-2,0', parent.name='Chunk_-2,0'
OSM DEBUG: Chunks loaded 16/16, but queues not empty:
  - _building_results: 168
  - _road_queue: 315
  - _terrain_objects_queue: 81
  - _infrastructure_queue: 169
  - _pending_building_tasks: 0
OSM: DEBUG _add_road_to_batch - first road for chunk '1,-1', parent.name='Chunk_1,-1'
OSM DEBUG: Chunks loaded 16/16, but queues not empty:
  - _building_results: 167
  - _road_queue: 290
  - _terrain_objects_queue: 79
  - _infrastructure_queue: 168
  - _pending_building_tasks: 0
OSM DEBUG: Chunks loaded 16/16, but queues not empty:
  - _building_results: 166
  - _road_queue: 282
  - _terrain_objects_queue: 77
  - _infrastructure_queue: 167
  - _pending_building_tasks: 0
OSM: DEBUG _add_road_to_batch - first road for chunk '1,0', parent.name='Chunk_1,0'
OSM: DEBUG _add_road_to_batch - first road for chunk '1,-2', parent.name='Chunk_1,-2'
OSM DEBUG: Chunks loaded 16/16, but queues not empty:
  - _building_results: 165
  - _road_queue: 256
  - _terrain_objects_queue: 75
  - _infrastructure_queue: 166
  - _pending_building_tasks: 0
OSM: DEBUG _add_road_to_batch - first road for chunk '-2,-2', parent.name='Chunk_-2,-2'
OSM DEBUG: Chunks loaded 16/16, but queues not empty:
  - _building_results: 164
  - _road_queue: 219
  - _terrain_objects_queue: 73
  - _infrastructure_queue: 165
  - _pending_building_tasks: 0
OSM DEBUG: Chunks loaded 16/16, but queues not empty:
  - _building_results: 163
  - _road_queue: 206
  - _terrain_objects_queue: 71
  - _infrastructure_queue: 164
  - _pending_building_tasks: 0
OSM DEBUG: Chunks loaded 16/16, but queues not empty:
  - _building_results: 162
  - _road_queue: 183
  - _terrain_objects_queue: 69
  - _infrastructure_queue: 163
  - _pending_building_tasks: 0
OSM DEBUG: Chunks loaded 16/16, but queues not empty:
  - _building_results: 161
  - _road_queue: 122
  - _terrain_objects_queue: 67
  - _infrastructure_queue: 162
  - _pending_building_tasks: 0
OSM DEBUG: Chunks loaded 16/16, but queues not empty:
  - _building_results: 160
  - _road_queue: 88
  - _terrain_objects_queue: 65
  - _infrastructure_queue: 161
  - _pending_building_tasks: 0
OSM DEBUG: Chunks loaded 16/16, but queues not empty:
  - _building_results: 159
  - _road_queue: 66
  - _terrain_objects_queue: 63
  - _infrastructure_queue: 160
  - _pending_building_tasks: 0
OSM DEBUG: Chunks loaded 16/16, but queues not empty:
  - _building_results: 158
  - _road_queue: 31
  - _terrain_objects_queue: 61
  - _infrastructure_queue: 159
  - _pending_building_tasks: 0
OSM: DEBUG _add_road_to_batch - first road for chunk '0,1', parent.name='Chunk_0,1'
OSM DEBUG: Chunks loaded 16/16, but queues not empty:
  - _building_results: 157
  - _road_queue: 7
  - _terrain_objects_queue: 59
  - _infrastructure_queue: 158
  - _pending_building_tasks: 0
2026-01-31 07:24:46.129 Godot[69510:2131123] +[IMKInputSession subclass]: chose IMKInputSession_Modern
OSM DEBUG: Chunks loaded 16/16, but queues not empty:
  - _building_results: 156
  - _road_queue: 4
  - _terrain_objects_queue: 57
  - _infrastructure_queue: 157
  - _pending_building_tasks: 0
[mvk-info] Created 3 swapchain images with size (3024, 1890) and contents scale 2.0 in layer CAMetalLayer: GodotContentView (0x7fd9c002df20) on screen Built-in Retina Display.
⚠️ SLOW FRAME 13.2ms: building=0.9 road=11.2 terrain=0.5 infra=0.7 veg=0.0 curb=0.0ms
OSM DEBUG: Chunks loaded 16/16, but queues not empty:
  - _building_results: 155
  - _road_queue: 1
  - _terrain_objects_queue: 55
  - _infrastructure_queue: 156
  - _pending_building_tasks: 0
⚠️ SLOW FRAME 12.3ms: building=0.8 road=10.1 terrain=0.6 infra=0.8 veg=0.0 curb=0.0ms
OSM DEBUG: Chunks loaded 16/16, but queues not empty:
  - _building_results: 154
  - _road_queue: 0
  - _terrain_objects_queue: 53
  - _infrastructure_queue: 155
  - _pending_building_tasks: 0
🔴 FREEZE: road collision shape creation took 30.0 ms for chunk -2,-2 (type: residential)
OSM: ✅ Finalized road batch -2,-2/residential: 1688 vertices, 1638 triangles, material: <ImageTexture#-9223371972648368119>
OSM: ✅ Finalized road batch -2,-2/path: 494 vertices, 466 triangles, material: <ImageTexture#-9223371972547704822>
⚠️ SLOW: road batch finalization took 32.3 ms for chunk -2,-2
⚠️ SLOW FRAME 34.4ms: building=0.9 road=32.4 terrain=0.4 infra=0.7 veg=0.0 curb=0.0ms
OSM DEBUG: Chunks loaded 16/16, but queues not empty:
  - _building_results: 153
  - _road_queue: 0
  - _terrain_objects_queue: 51
  - _infrastructure_queue: 154
  - _pending_building_tasks: 0
🔴 FREEZE: road collision shape creation took 14.0 ms for chunk -2,-1 (type: primary)
OSM: ✅ Finalized road batch -2,-1/primary: 962 vertices, 958 triangles, material: <ImageTexture#-9223371972749031416>
OSM: ✅ Finalized road batch -2,-1/residential: 390 vertices, 372 triangles, material: <ImageTexture#-9223371972648368119>
OSM: ✅ Finalized road batch -2,-1/path: 1904 vertices, 1866 triangles, material: <ImageTexture#-9223371972547704822>
⚠️ SLOW: road batch finalization took 20.7 ms for chunk -2,-1
⚠️ SLOW FRAME 22.7ms: building=0.9 road=20.7 terrain=0.4 infra=0.6 veg=0.0 curb=0.0ms
OSM DEBUG: Chunks loaded 16/16, but queues not empty:
  - _building_results: 152
  - _road_queue: 0
  - _terrain_objects_queue: 49
  - _infrastructure_queue: 153
  - _pending_building_tasks: 0
OSM: ✅ Finalized road batch -2,0/residential: 386 vertices, 376 triangles, material: <ImageTexture#-9223371972648368119>
OSM: ✅ Finalized road batch -2,0/path: 1336 vertices, 1320 triangles, material: <ImageTexture#-9223371972547704822>
⚠️ SLOW FRAME 29.9ms: building=0.8 road=5.4 terrain=1.5 infra=0.6 veg=21.4 curb=0.0ms
OSM DEBUG: Chunks loaded 16/16, but queues not empty:
  - _building_results: 151
  - _road_queue: 0
  - _terrain_objects_queue: 47
  - _infrastructure_queue: 152
  - _pending_building_tasks: 0
[mvk-info] Created 3 swapchain images with size (3024, 1890) and contents scale 2.0 in layer CAMetalLayer: GodotContentView (0x7fd9c002df20) on screen Built-in Retina Display.
OSM DEBUG: Chunks loaded 16/16, but queues not empty:
  - _building_results: 150
  - _road_queue: 0
  - _terrain_objects_queue: 45
  - _infrastructure_queue: 151
  - _pending_building_tasks: 0
🔴 FREEZE: road collision shape creation took 26.3 ms for chunk -1,-2 (type: path)
OSM: ✅ Finalized road batch -1,-2/path: 522 vertices, 500 triangles, material: <ImageTexture#-9223371972547704822>
OSM: ✅ Finalized road batch -1,-2/residential: 1384 vertices, 1340 triangles, material: <ImageTexture#-9223371972648368119>
⚠️ SLOW: road batch finalization took 29.8 ms for chunk -1,-2
⚠️ SLOW FRAME 31.7ms: building=0.7 road=29.9 terrain=0.4 infra=0.7 veg=0.0 curb=0.0ms
OSM DEBUG: Chunks loaded 16/16, but queues not empty:
  - _building_results: 149
  - _road_queue: 0
  - _terrain_objects_queue: 43
  - _infrastructure_queue: 150
  - _pending_building_tasks: 0
🔴 FREEZE: road collision shape creation took 15.4 ms for chunk -1,-1 (type: path)
OSM: ✅ Finalized road batch -1,-1/path: 1720 vertices, 1672 triangles, material: <ImageTexture#-9223371972547704822>
OSM: ✅ Finalized road batch -1,-1/primary: 1152 vertices, 1144 triangles, material: <ImageTexture#-9223371972749031416>
OSM: ✅ Finalized road batch -1,-1/residential: 1666 vertices, 1612 triangles, material: <ImageTexture#-9223371972648368119>
⚠️ SLOW: road batch finalization took 22.3 ms for chunk -1,-1
⚠️ SLOW FRAME 24.3ms: building=0.9 road=22.4 terrain=0.4 infra=0.6 veg=0.0 curb=0.0ms
OSM DEBUG: Chunks loaded 16/16, but queues not empty:
  - _building_results: 148
  - _road_queue: 0
  - _terrain_objects_queue: 41
  - _infrastructure_queue: 149
  - _pending_building_tasks: 0
🔴 FREEZE: road collision shape creation took 15.6 ms for chunk -1,0 (type: path)
OSM: ✅ Finalized road batch -1,0/path: 246 vertices, 234 triangles, material: <ImageTexture#-9223371972547704822>
OSM: ✅ Finalized road batch -1,0/residential: 928 vertices, 900 triangles, material: <ImageTexture#-9223371972648368119>
⚠️ SLOW: road batch finalization took 18.2 ms for chunk -1,0
⚠️ SLOW FRAME 20.2ms: building=0.9 road=18.3 terrain=0.4 infra=0.7 veg=0.0 curb=0.0ms
OSM DEBUG: Chunks loaded 16/16, but queues not empty:
  - _building_results: 147
  - _road_queue: 0
  - _terrain_objects_queue: 39
  - _infrastructure_queue: 148
  - _pending_building_tasks: 0
OSM DEBUG: Chunks loaded 16/16, but queues not empty:
  - _building_results: 146
  - _road_queue: 0
  - _terrain_objects_queue: 37
  - _infrastructure_queue: 147
  - _pending_building_tasks: 0
🔴 FREEZE: road collision shape creation took 22.3 ms for chunk 0,-2 (type: path)
OSM: ✅ Finalized road batch 0,-2/path: 1494 vertices, 1434 triangles, material: <ImageTexture#-9223371972547704822>
🔴 FREEZE: road collision shape creation took 5.4 ms for chunk 0,-2 (type: residential)
OSM: ✅ Finalized road batch 0,-2/residential: 2208 vertices, 2158 triangles, material: <ImageTexture#-9223371972648368119>
OSM: ✅ Finalized road batch 0,-2/primary: 362 vertices, 354 triangles, material: <ImageTexture#-9223371972749031416>
⚠️ SLOW: road batch finalization took 29.8 ms for chunk 0,-2
⚠️ SLOW FRAME 32.0ms: building=0.8 road=29.8 terrain=0.4 infra=0.9 veg=0.0 curb=0.0ms
OSM DEBUG: Chunks loaded 16/16, but queues not empty:
  - _building_results: 145
  - _road_queue: 0
  - _terrain_objects_queue: 35
  - _infrastructure_queue: 146
  - _pending_building_tasks: 0
🔴 FREEZE: road collision shape creation took 29.0 ms for chunk 0,-1 (type: path)
OSM: ✅ Finalized road batch 0,-1/path: 2306 vertices, 2236 triangles, material: <ImageTexture#-9223371972547704822>
OSM: ✅ Finalized road batch 0,-1/primary: 1070 vertices, 1046 triangles, material: <ImageTexture#-9223371972749031416>
OSM: ✅ Finalized road batch 0,-1/residential: 1164 vertices, 1136 triangles, material: <ImageTexture#-9223371972648368119>
⚠️ SLOW: road batch finalization took 35.1 ms for chunk 0,-1
⚠️ SLOW FRAME 37.3ms: building=0.9 road=35.1 terrain=0.4 infra=0.9 veg=0.0 curb=0.0ms
OSM DEBUG: Chunks loaded 16/16, but queues not empty:
  - _building_results: 144
  - _road_queue: 0
  - _terrain_objects_queue: 33
  - _infrastructure_queue: 145
  - _pending_building_tasks: 0
🔴 FREEZE: road collision shape creation took 26.2 ms for chunk 0,0 (type: path)
OSM: ✅ Finalized road batch 0,0/path: 1540 vertices, 1486 triangles, material: <ImageTexture#-9223371972547704822>
OSM: ✅ Finalized road batch 0,0/primary: 446 vertices, 432 triangles, material: <ImageTexture#-9223371972749031416>
OSM: ✅ Finalized road batch 0,0/residential: 336 vertices, 320 triangles, material: <ImageTexture#-9223371972648368119>
⚠️ SLOW: road batch finalization took 29.7 ms for chunk 0,0
⚠️ SLOW FRAME 31.6ms: building=0.8 road=29.7 terrain=0.4 infra=0.7 veg=0.0 curb=0.0ms
OSM DEBUG: Chunks loaded 16/16, but queues not empty:
  - _building_results: 143
  - _road_queue: 0
  - _terrain_objects_queue: 31
  - _infrastructure_queue: 144
  - _pending_building_tasks: 0
🔴 FREEZE: road collision shape creation took 12.0 ms for chunk 0,1 (type: path)
OSM: ✅ Finalized road batch 0,1/path: 156 vertices, 154 triangles, material: <ImageTexture#-9223371972547704822>
⚠️ SLOW: road batch finalization took 12.2 ms for chunk 0,1
⚠️ SLOW FRAME 14.2ms: building=0.9 road=12.3 terrain=0.4 infra=0.7 veg=0.0 curb=0.0ms
OSM DEBUG: Chunks loaded 16/16, but queues not empty:
  - _building_results: 142
  - _road_queue: 0
  - _terrain_objects_queue: 29
  - _infrastructure_queue: 143
  - _pending_building_tasks: 0
=== PAZ Model Meshes Debug ===
Total meshes found: 1
  - Mesh: bus_low_Material_006_0 (MeshInstance3D)
PAZ-32053 model setup complete
🔴 FREEZE: road collision shape creation took 7.3 ms for chunk 1,-2 (type: residential)
OSM: ✅ Finalized road batch 1,-2/residential: 2176 vertices, 2108 triangles, material: <ImageTexture#-9223371972648368119>
OSM: ✅ Finalized road batch 1,-2/path: 916 vertices, 880 triangles, material: <ImageTexture#-9223371972547704822>
⚠️ SLOW: road batch finalization took 10.2 ms for chunk 1,-2
⚠️ SLOW FRAME 12.1ms: building=0.9 road=10.3 terrain=0.3 infra=0.6 veg=0.0 curb=0.0ms
OSM DEBUG: Chunks loaded 16/16, but queues not empty:
  - _building_results: 141
  - _road_queue: 0
  - _terrain_objects_queue: 27
  - _infrastructure_queue: 142
  - _pending_building_tasks: 0
🔴 FREEZE: road collision shape creation took 24.8 ms for chunk 1,-1 (type: residential)
OSM: ✅ Finalized road batch 1,-1/residential: 2006 vertices, 1930 triangles, material: <ImageTexture#-9223371972648368119>
OSM: ✅ Finalized road batch 1,-1/path: 840 vertices, 818 triangles, material: <ImageTexture#-9223371972547704822>
OSM: ✅ Finalized road batch 1,-1/primary: 254 vertices, 250 triangles, material: <ImageTexture#-9223371972749031416>
⚠️ SLOW: road batch finalization took 29.1 ms for chunk 1,-1
⚠️ SLOW FRAME 31.5ms: building=0.8 road=29.1 terrain=0.9 infra=0.6 veg=0.0 curb=0.0ms
OSM DEBUG: Chunks loaded 16/16, but queues not empty:
  - _building_results: 140
  - _road_queue: 0
  - _terrain_objects_queue: 25
  - _infrastructure_queue: 141
  - _pending_building_tasks: 0
🔴 FREEZE: road collision shape creation took 14.6 ms for chunk 1,0 (type: path)
OSM: ✅ Finalized road batch 1,0/path: 398 vertices, 394 triangles, material: <ImageTexture#-9223371972547704822>
⚠️ SLOW: road batch finalization took 15.0 ms for chunk 1,0
⚠️ SLOW FRAME 16.8ms: building=0.8 road=15.0 terrain=0.4 infra=0.6 veg=0.0 curb=0.0ms
OSM DEBUG: Chunks loaded 16/16, but queues not empty:
  - _building_results: 139
  - _road_queue: 0
  - _terrain_objects_queue: 23
  - _infrastructure_queue: 140
  - _pending_building_tasks: 0
OSM DEBUG: Chunks loaded 16/16, but queues not empty:
  - _building_results: 138
  - _road_queue: 0
  - _terrain_objects_queue: 21
  - _infrastructure_queue: 139
  - _pending_building_tasks: 0
Loading cache for shader SceneForwardClusteredShaderRD, variant 0
Loading cache for shader SceneForwardClusteredShaderRD, variant 1
Loading cache for shader SceneForwardClusteredShaderRD, variant 2
Loading cache for shader SceneForwardClusteredShaderRD, variant 3
Loading cache for shader SceneForwardClusteredShaderRD, variant 4
Loading cache for shader SceneForwardClusteredShaderRD, variant 5
Loading cache for shader SceneForwardClusteredShaderRD, variant 6
Loading cache for shader SceneForwardClusteredShaderRD, variant 7
Loading cache for shader SceneForwardClusteredShaderRD, variant 0
Loading cache for shader SceneForwardClusteredShaderRD, variant 1
Loading cache for shader SceneForwardClusteredShaderRD, variant 2
Loading cache for shader SceneForwardClusteredShaderRD, variant 3
Loading cache for shader SceneForwardClusteredShaderRD, variant 4
Loading cache for shader SceneForwardClusteredShaderRD, variant 5
Loading cache for shader SceneForwardClusteredShaderRD, variant 6
Loading cache for shader SceneForwardClusteredShaderRD, variant 7
Loading cache for shader SceneForwardClusteredShaderRD, variant 8
Loading cache for shader SceneForwardClusteredShaderRD, variant 9
Loading cache for shader SceneForwardClusteredShaderRD, variant 10
Loading cache for shader SceneForwardClusteredShaderRD, variant 11
Loading cache for shader SceneForwardClusteredShaderRD, variant 12
Loading cache for shader SceneForwardClusteredShaderRD, variant 13
Loading cache for shader SceneForwardClusteredShaderRD, variant 14
Loading cache for shader SceneForwardClusteredShaderRD, variant 15
Loading cache for shader SceneForwardClusteredShaderRD, variant 16
Loading cache for shader SceneForwardClusteredShaderRD, variant 17
⚠️ SLOW FRAME 14.3ms: building=0.8 road=12.0 terrain=0.4 infra=0.7 veg=0.0 curb=0.3ms
OSM DEBUG: Chunks loaded 16/16, but queues not empty:
  - _building_results: 137
  - _road_queue: 0
  - _terrain_objects_queue: 19
  - _infrastructure_queue: 138
  - _pending_building_tasks: 0
⚠️ SLOW FRAME 18.2ms: building=0.8 road=1.0 terrain=13.2 infra=0.7 veg=2.1 curb=0.3ms
OSM DEBUG: Chunks loaded 16/16, but queues not empty:
  - _building_results: 136
  - _road_queue: 0
  - _terrain_objects_queue: 17
  - _infrastructure_queue: 137
  - _pending_building_tasks: 0
⚠️ SLOW FRAME 17.8ms: building=0.7 road=0.4 terrain=15.9 infra=0.6 veg=0.0 curb=0.0ms
OSM DEBUG: Chunks loaded 16/16, but queues not empty:
  - _building_results: 135
  - _road_queue: 0
  - _terrain_objects_queue: 15
  - _infrastructure_queue: 136
  - _pending_building_tasks: 0
⚠️ SLOW FRAME 22.3ms: building=0.8 road=1.0 terrain=19.3 infra=0.7 veg=0.0 curb=0.5ms
OSM DEBUG: Chunks loaded 16/16, but queues not empty:
  - _building_results: 134
  - _road_queue: 0
  - _terrain_objects_queue: 13
  - _infrastructure_queue: 135
  - _pending_building_tasks: 0
OSM DEBUG: Chunks loaded 16/16, but queues not empty:
  - _building_results: 133
  - _road_queue: 0
  - _terrain_objects_queue: 11
  - _infrastructure_queue: 134
  - _pending_building_tasks: 0
OSM DEBUG: Chunks loaded 16/16, but queues not empty:
  - _building_results: 132
  - _road_queue: 0
  - _terrain_objects_queue: 9
  - _infrastructure_queue: 133
  - _pending_building_tasks: 0
OSM DEBUG: Chunks loaded 16/16, but queues not empty:
  - _building_results: 131
  - _road_queue: 0
  - _terrain_objects_queue: 7
  - _infrastructure_queue: 132
  - _pending_building_tasks: 0
OSM DEBUG: Chunks loaded 16/16, but queues not empty:
  - _building_results: 130
  - _road_queue: 0
  - _terrain_objects_queue: 5
  - _infrastructure_queue: 131
  - _pending_building_tasks: 0
OSM DEBUG: Chunks loaded 16/16, but queues not empty:
  - _building_results: 129
  - _road_queue: 0
  - _terrain_objects_queue: 3
  - _infrastructure_queue: 130
  - _pending_building_tasks: 0
OSM DEBUG: Chunks loaded 16/16, but queues not empty:
  - _building_results: 128
  - _road_queue: 0
  - _terrain_objects_queue: 1
  - _infrastructure_queue: 129
  - _pending_building_tasks: 0
OSM DEBUG: Chunks loaded 16/16, but queues not empty:
  - _building_results: 127
  - _road_queue: 0
  - _terrain_objects_queue: 0
  - _infrastructure_queue: 128
  - _pending_building_tasks: 0
OSM DEBUG: Chunks loaded 16/16, but queues not empty:
  - _building_results: 126
  - _road_queue: 0
  - _terrain_objects_queue: 0
  - _infrastructure_queue: 127
  - _pending_building_tasks: 0
OSM DEBUG: Chunks loaded 16/16, but queues not empty:
  - _building_results: 125
  - _road_queue: 0
  - _terrain_objects_queue: 0
  - _infrastructure_queue: 126
  - _pending_building_tasks: 0
OSM DEBUG: Chunks loaded 16/16, but queues not empty:
  - _building_results: 124
  - _road_queue: 0
  - _terrain_objects_queue: 0
  - _infrastructure_queue: 125
  - _pending_building_tasks: 0
OSM DEBUG: Chunks loaded 16/16, but queues not empty:
  - _building_results: 123
  - _road_queue: 0
  - _terrain_objects_queue: 0
  - _infrastructure_queue: 124
  - _pending_building_tasks: 0
OSM DEBUG: Chunks loaded 16/16, but queues not empty:
  - _building_results: 122
  - _road_queue: 0
  - _terrain_objects_queue: 0
  - _infrastructure_queue: 123
  - _pending_building_tasks: 0
OSM DEBUG: Chunks loaded 16/16, but queues not empty:
  - _building_results: 121
  - _road_queue: 0
  - _terrain_objects_queue: 0
  - _infrastructure_queue: 122
  - _pending_building_tasks: 0
OSM DEBUG: Chunks loaded 16/16, but queues not empty:
  - _building_results: 120
  - _road_queue: 0
  - _terrain_objects_queue: 0
  - _infrastructure_queue: 121
  - _pending_building_tasks: 0
OSM DEBUG: Chunks loaded 16/16, but queues not empty:
  - _building_results: 119
  - _road_queue: 0
  - _terrain_objects_queue: 0
  - _infrastructure_queue: 120
  - _pending_building_tasks: 0
OSM DEBUG: Chunks loaded 16/16, but queues not empty:
  - _building_results: 118
  - _road_queue: 0
  - _terrain_objects_queue: 0
  - _infrastructure_queue: 119
  - _pending_building_tasks: 0
OSM DEBUG: Chunks loaded 16/16, but queues not empty:
  - _building_results: 117
  - _road_queue: 0
  - _terrain_objects_queue: 0
  - _infrastructure_queue: 118
  - _pending_building_tasks: 0
OSM DEBUG: Chunks loaded 16/16, but queues not empty:
  - _building_results: 116
  - _road_queue: 0
  - _terrain_objects_queue: 0
  - _infrastructure_queue: 117
  - _pending_building_tasks: 0
OSM DEBUG: Chunks loaded 16/16, but queues not empty:
  - _building_results: 115
  - _road_queue: 0
  - _terrain_objects_queue: 0
  - _infrastructure_queue: 116
  - _pending_building_tasks: 0
OSM DEBUG: Chunks loaded 16/16, but queues not empty:
  - _building_results: 114
  - _road_queue: 0
  - _terrain_objects_queue: 0
  - _infrastructure_queue: 115
  - _pending_building_tasks: 0
OSM DEBUG: Chunks loaded 16/16, but queues not empty:
  - _building_results: 113
  - _road_queue: 0
  - _terrain_objects_queue: 0
  - _infrastructure_queue: 114
  - _pending_building_tasks: 0
OSM DEBUG: Chunks loaded 16/16, but queues not empty:
  - _building_results: 112
  - _road_queue: 0
  - _terrain_objects_queue: 0
  - _infrastructure_queue: 113
  - _pending_building_tasks: 0
OSM DEBUG: Chunks loaded 16/16, but queues not empty:
  - _building_results: 111
  - _road_queue: 0
  - _terrain_objects_queue: 0
  - _infrastructure_queue: 112
  - _pending_building_tasks: 0
OSM DEBUG: Chunks loaded 16/16, but queues not empty:
  - _building_results: 110
  - _road_queue: 0
  - _terrain_objects_queue: 0
  - _infrastructure_queue: 111
  - _pending_building_tasks: 0
OSM DEBUG: Chunks loaded 16/16, but queues not empty:
  - _building_results: 109
  - _road_queue: 0
  - _terrain_objects_queue: 0
  - _infrastructure_queue: 110
  - _pending_building_tasks: 0
OSM DEBUG: Chunks loaded 16/16, but queues not empty:
  - _building_results: 108
  - _road_queue: 0
  - _terrain_objects_queue: 0
  - _infrastructure_queue: 109
  - _pending_building_tasks: 0
OSM DEBUG: Chunks loaded 16/16, but queues not empty:
  - _building_results: 107
  - _road_queue: 0
  - _terrain_objects_queue: 0
  - _infrastructure_queue: 108
  - _pending_building_tasks: 0
OSM DEBUG: Chunks loaded 16/16, but queues not empty:
  - _building_results: 106
  - _road_queue: 0
  - _terrain_objects_queue: 0
  - _infrastructure_queue: 107
  - _pending_building_tasks: 0
OSM DEBUG: Chunks loaded 16/16, but queues not empty:
  - _building_results: 105
  - _road_queue: 0
  - _terrain_objects_queue: 0
  - _infrastructure_queue: 106
  - _pending_building_tasks: 0
🚗 Traffic: 6 active NPCs (Near: 2, Mid: 4, Far: 0), 0 pooled
  → Physics bodies from NPCs: 6 (All: 6×1, было бы 6×5=30)

========== Bottleneck Analysis Report ==========
Time: 6.4s | Frames: 71

📊 PERFORMANCE OVERVIEW:
  FPS: 16.8 avg | 1.0 min
  Frame Time: 55.77 ms avg | 714.30 ms max
  Physics Time: 1.46 ms avg

🔍 BOTTLENECK IDENTIFICATION:
  🔴 [CRITICAL] Frame Time
      Value: 55.77 ms (target: 16.67 ms)
      Impact: Overall performance bottleneck
      Suggestions:
        • Reduce draw calls
        • Optimize scripts in _process()
        • Check for expensive operations per frame

  🟡 [MEDIUM] Draw Calls
      Value: 2288 calls/frame
      Impact: GPU rendering overhead
      Suggestions:
        • Batch meshes by material
        • Use MultiMeshInstance3D
        • Implement LOD system
        • Enable frustum culling

  🟡 [MEDIUM] Vertex Count
      Value: 51303166 vertices/frame
      Impact: GPU vertex processing
      Suggestions:
        • Implement LOD for distant objects
        • Simplify building meshes
        • Use lower poly models

  🟡 [MEDIUM] Post-Processing Effects
      Value: SSAO, Glow/Bloom, Volumetric Fog
      Impact: GPU shader overhead
      Suggestions:
        • Reduce SSR quality
        • Disable SSAO on low-end hardware
        • Use simpler fog

📈 DETAILED STATS:
  Draw Calls: 2288 avg | 3212 max
  Vertices: 51303166 avg | 52277097 max
  Physics Bodies: 45
  Nodes: 4193
  VRAM: 705.8 MB

=================================================

OSM DEBUG: Chunks loaded 16/16, but queues not empty:
  - _building_results: 104
  - _road_queue: 0
  - _terrain_objects_queue: 0
  - _infrastructure_queue: 105
  - _pending_building_tasks: 0
OSM DEBUG: Chunks loaded 16/16, but queues not empty:
  - _building_results: 103
  - _road_queue: 0
  - _terrain_objects_queue: 0
  - _infrastructure_queue: 104
  - _pending_building_tasks: 0
OSM DEBUG: Chunks loaded 16/16, but queues not empty:
  - _building_results: 102
  - _road_queue: 0
  - _terrain_objects_queue: 0
  - _infrastructure_queue: 103
  - _pending_building_tasks: 0
OSM DEBUG: Chunks loaded 16/16, but queues not empty:
  - _building_results: 101
  - _road_queue: 0
  - _terrain_objects_queue: 0
  - _infrastructure_queue: 102
  - _pending_building_tasks: 0
OSM DEBUG: Chunks loaded 16/16, but queues not empty:
  - _building_results: 100
  - _road_queue: 0
  - _terrain_objects_queue: 0
  - _infrastructure_queue: 101
  - _pending_building_tasks: 0
OSM DEBUG: Chunks loaded 16/16, but queues not empty:
  - _building_results: 99
  - _road_queue: 0
  - _terrain_objects_queue: 0
  - _infrastructure_queue: 100
  - _pending_building_tasks: 0
OSM DEBUG: Chunks loaded 16/16, but queues not empty:
  - _building_results: 98
  - _road_queue: 0
  - _terrain_objects_queue: 0
  - _infrastructure_queue: 99
  - _pending_building_tasks: 0
OSM DEBUG: Chunks loaded 16/16, but queues not empty:
  - _building_results: 97
  - _road_queue: 0
  - _terrain_objects_queue: 0
  - _infrastructure_queue: 98
  - _pending_building_tasks: 0
OSM DEBUG: Chunks loaded 16/16, but queues not empty:
  - _building_results: 96
  - _road_queue: 0
  - _terrain_objects_queue: 0
  - _infrastructure_queue: 97
  - _pending_building_tasks: 0
OSM DEBUG: Chunks loaded 16/16, but queues not empty:
  - _building_results: 95
  - _road_queue: 0
  - _terrain_objects_queue: 0
  - _infrastructure_queue: 96
  - _pending_building_tasks: 0
OSM DEBUG: Chunks loaded 16/16, but queues not empty:
  - _building_results: 94
  - _road_queue: 0
  - _terrain_objects_queue: 0
  - _infrastructure_queue: 95
  - _pending_building_tasks: 0
=== PAZ Model Meshes Debug ===
Total meshes found: 1
  - Mesh: bus_low_Material_006_0 (MeshInstance3D)
PAZ-32053 model setup complete
=== PAZ Model Meshes Debug ===
Total meshes found: 1
  - Mesh: bus_low_Material_006_0 (MeshInstance3D)
PAZ-32053 model setup complete
OSM DEBUG: Chunks loaded 16/16, but queues not empty:
  - _building_results: 93
  - _road_queue: 0
  - _terrain_objects_queue: 0
  - _infrastructure_queue: 94
  - _pending_building_tasks: 0
OSM DEBUG: Chunks loaded 16/16, but queues not empty:
  - _building_results: 92
  - _road_queue: 0
  - _terrain_objects_queue: 0
  - _infrastructure_queue: 93
  - _pending_building_tasks: 0
OSM DEBUG: Chunks loaded 16/16, but queues not empty:
  - _building_results: 91
  - _road_queue: 0
  - _terrain_objects_queue: 0
  - _infrastructure_queue: 92
  - _pending_building_tasks: 0
OSM DEBUG: Chunks loaded 16/16, but queues not empty:
  - _building_results: 90
  - _road_queue: 0
  - _terrain_objects_queue: 0
  - _infrastructure_queue: 91
  - _pending_building_tasks: 0
OSM DEBUG: Chunks loaded 16/16, but queues not empty:
  - _building_results: 89
  - _road_queue: 0
  - _terrain_objects_queue: 0
  - _infrastructure_queue: 90
  - _pending_building_tasks: 0
OSM DEBUG: Chunks loaded 16/16, but queues not empty:
  - _building_results: 88
  - _road_queue: 0
  - _terrain_objects_queue: 0
  - _infrastructure_queue: 89
  - _pending_building_tasks: 0
OSM DEBUG: Chunks loaded 16/16, but queues not empty:
  - _building_results: 87
  - _road_queue: 0
  - _terrain_objects_queue: 0
  - _infrastructure_queue: 88
  - _pending_building_tasks: 0
OSM DEBUG: Chunks loaded 16/16, but queues not empty:
  - _building_results: 86
  - _road_queue: 0
  - _terrain_objects_queue: 0
  - _infrastructure_queue: 87
  - _pending_building_tasks: 0
OSM DEBUG: Chunks loaded 16/16, but queues not empty:
  - _building_results: 85
  - _road_queue: 0
  - _terrain_objects_queue: 0
  - _infrastructure_queue: 86
  - _pending_building_tasks: 0
OSM DEBUG: Chunks loaded 16/16, but queues not empty:
  - _building_results: 84
  - _road_queue: 0
  - _terrain_objects_queue: 0
  - _infrastructure_queue: 85
  - _pending_building_tasks: 0
OSM DEBUG: Chunks loaded 16/16, but queues not empty:
  - _building_results: 83
  - _road_queue: 0
  - _terrain_objects_queue: 0
  - _infrastructure_queue: 84
  - _pending_building_tasks: 0
OSM DEBUG: Chunks loaded 16/16, but queues not empty:
  - _building_results: 82
  - _road_queue: 0
  - _terrain_objects_queue: 0
  - _infrastructure_queue: 83
  - _pending_building_tasks: 0
OSM DEBUG: Chunks loaded 16/16, but queues not empty:
  - _building_results: 81
  - _road_queue: 0
  - _terrain_objects_queue: 0
  - _infrastructure_queue: 82
  - _pending_building_tasks: 0
OSM DEBUG: Chunks loaded 16/16, but queues not empty:
  - _building_results: 80
  - _road_queue: 0
  - _terrain_objects_queue: 0
  - _infrastructure_queue: 81
  - _pending_building_tasks: 0
OSM DEBUG: Chunks loaded 16/16, but queues not empty:
  - _building_results: 79
  - _road_queue: 0
  - _terrain_objects_queue: 0
  - _infrastructure_queue: 80
  - _pending_building_tasks: 0
OSM DEBUG: Chunks loaded 16/16, but queues not empty:
  - _building_results: 78
  - _road_queue: 0
  - _terrain_objects_queue: 0
  - _infrastructure_queue: 79
  - _pending_building_tasks: 0
OSM DEBUG: Chunks loaded 16/16, but queues not empty:
  - _building_results: 77
  - _road_queue: 0
  - _terrain_objects_queue: 0
  - _infrastructure_queue: 78
  - _pending_building_tasks: 0
OSM DEBUG: Chunks loaded 16/16, but queues not empty:
  - _building_results: 76
  - _road_queue: 0
  - _terrain_objects_queue: 0
  - _infrastructure_queue: 77
  - _pending_building_tasks: 0
OSM DEBUG: Chunks loaded 16/16, but queues not empty:
  - _building_results: 75
  - _road_queue: 0
  - _terrain_objects_queue: 0
  - _infrastructure_queue: 76
  - _pending_building_tasks: 0
OSM DEBUG: Chunks loaded 16/16, but queues not empty:
  - _building_results: 74
  - _road_queue: 0
  - _terrain_objects_queue: 0
  - _infrastructure_queue: 75
  - _pending_building_tasks: 0
OSM DEBUG: Chunks loaded 16/16, but queues not empty:
  - _building_results: 73
  - _road_queue: 0
  - _terrain_objects_queue: 0
  - _infrastructure_queue: 74
  - _pending_building_tasks: 0
OSM DEBUG: Chunks loaded 16/16, but queues not empty:
  - _building_results: 72
  - _road_queue: 0
  - _terrain_objects_queue: 0
  - _infrastructure_queue: 73
  - _pending_building_tasks: 0
OSM DEBUG: Chunks loaded 16/16, but queues not empty:
  - _building_results: 71
  - _road_queue: 0
  - _terrain_objects_queue: 0
  - _infrastructure_queue: 72
  - _pending_building_tasks: 0
OSM DEBUG: Chunks loaded 16/16, but queues not empty:
  - _building_results: 70
  - _road_queue: 0
  - _terrain_objects_queue: 0
  - _infrastructure_queue: 71
  - _pending_building_tasks: 0
OSM DEBUG: Chunks loaded 16/16, but queues not empty:
  - _building_results: 69
  - _road_queue: 0
  - _terrain_objects_queue: 0
  - _infrastructure_queue: 70
  - _pending_building_tasks: 0
OSM DEBUG: Chunks loaded 16/16, but queues not empty:
  - _building_results: 68
  - _road_queue: 0
  - _terrain_objects_queue: 0
  - _infrastructure_queue: 69
  - _pending_building_tasks: 0
OSM DEBUG: Chunks loaded 16/16, but queues not empty:
  - _building_results: 67
  - _road_queue: 0
  - _terrain_objects_queue: 0
  - _infrastructure_queue: 68
  - _pending_building_tasks: 0
OSM DEBUG: Chunks loaded 16/16, but queues not empty:
  - _building_results: 66
  - _road_queue: 0
  - _terrain_objects_queue: 0
  - _infrastructure_queue: 67
  - _pending_building_tasks: 0
OSM DEBUG: Chunks loaded 16/16, but queues not empty:
  - _building_results: 65
  - _road_queue: 0
  - _terrain_objects_queue: 0
  - _infrastructure_queue: 66
  - _pending_building_tasks: 0
OSM DEBUG: Chunks loaded 16/16, but queues not empty:
  - _building_results: 64
  - _road_queue: 0
  - _terrain_objects_queue: 0
  - _infrastructure_queue: 65
  - _pending_building_tasks: 0
OSM DEBUG: Chunks loaded 16/16, but queues not empty:
  - _building_results: 63
  - _road_queue: 0
  - _terrain_objects_queue: 0
  - _infrastructure_queue: 64
  - _pending_building_tasks: 0
OSM DEBUG: Chunks loaded 16/16, but queues not empty:
  - _building_results: 62
  - _road_queue: 0
  - _terrain_objects_queue: 0
  - _infrastructure_queue: 63
  - _pending_building_tasks: 0
OSM DEBUG: Chunks loaded 16/16, but queues not empty:
  - _building_results: 61
  - _road_queue: 0
  - _terrain_objects_queue: 0
  - _infrastructure_queue: 62
  - _pending_building_tasks: 0
OSM DEBUG: Chunks loaded 16/16, but queues not empty:
  - _building_results: 60
  - _road_queue: 0
  - _terrain_objects_queue: 0
  - _infrastructure_queue: 61
  - _pending_building_tasks: 0
OSM DEBUG: Chunks loaded 16/16, but queues not empty:
  - _building_results: 59
  - _road_queue: 0
  - _terrain_objects_queue: 0
  - _infrastructure_queue: 60
  - _pending_building_tasks: 0
OSM DEBUG: Chunks loaded 16/16, but queues not empty:
  - _building_results: 58
  - _road_queue: 0
  - _terrain_objects_queue: 0
  - _infrastructure_queue: 59
  - _pending_building_tasks: 0
OSM DEBUG: Chunks loaded 16/16, but queues not empty:
  - _building_results: 57
  - _road_queue: 0
  - _terrain_objects_queue: 0
  - _infrastructure_queue: 58
  - _pending_building_tasks: 0
OSM DEBUG: Chunks loaded 16/16, but queues not empty:
  - _building_results: 56
  - _road_queue: 0
  - _terrain_objects_queue: 0
  - _infrastructure_queue: 57
  - _pending_building_tasks: 0
OSM DEBUG: Chunks loaded 16/16, but queues not empty:
  - _building_results: 55
  - _road_queue: 0
  - _terrain_objects_queue: 0
  - _infrastructure_queue: 56
  - _pending_building_tasks: 0
OSM DEBUG: Chunks loaded 16/16, but queues not empty:
  - _building_results: 54
  - _road_queue: 0
  - _terrain_objects_queue: 0
  - _infrastructure_queue: 55
  - _pending_building_tasks: 0
OSM DEBUG: Chunks loaded 16/16, but queues not empty:
  - _building_results: 53
  - _road_queue: 0
  - _terrain_objects_queue: 0
  - _infrastructure_queue: 54
  - _pending_building_tasks: 0
OSM DEBUG: Chunks loaded 16/16, but queues not empty:
  - _building_results: 52
  - _road_queue: 0
  - _terrain_objects_queue: 0
  - _infrastructure_queue: 53
  - _pending_building_tasks: 0
OSM DEBUG: Chunks loaded 16/16, but queues not empty:
  - _building_results: 51
  - _road_queue: 0
  - _terrain_objects_queue: 0
  - _infrastructure_queue: 52
  - _pending_building_tasks: 0
OSM DEBUG: Chunks loaded 16/16, but queues not empty:
  - _building_results: 50
  - _road_queue: 0
  - _terrain_objects_queue: 0
  - _infrastructure_queue: 51
  - _pending_building_tasks: 0
OSM DEBUG: Chunks loaded 16/16, but queues not empty:
  - _building_results: 49
  - _road_queue: 0
  - _terrain_objects_queue: 0
  - _infrastructure_queue: 50
  - _pending_building_tasks: 0
OSM DEBUG: Chunks loaded 16/16, but queues not empty:
  - _building_results: 48
  - _road_queue: 0
  - _terrain_objects_queue: 0
  - _infrastructure_queue: 49
  - _pending_building_tasks: 0
OSM DEBUG: Chunks loaded 16/16, but queues not empty:
  - _building_results: 47
  - _road_queue: 0
  - _terrain_objects_queue: 0
  - _infrastructure_queue: 48
  - _pending_building_tasks: 0
OSM DEBUG: Chunks loaded 16/16, but queues not empty:
  - _building_results: 46
  - _road_queue: 0
  - _terrain_objects_queue: 0
  - _infrastructure_queue: 47
  - _pending_building_tasks: 0
OSM DEBUG: Chunks loaded 16/16, but queues not empty:
  - _building_results: 45
  - _road_queue: 0
  - _terrain_objects_queue: 0
  - _infrastructure_queue: 46
  - _pending_building_tasks: 0
OSM DEBUG: Chunks loaded 16/16, but queues not empty:
  - _building_results: 44
  - _road_queue: 0
  - _terrain_objects_queue: 0
  - _infrastructure_queue: 45
  - _pending_building_tasks: 0
OSM DEBUG: Chunks loaded 16/16, but queues not empty:
  - _building_results: 43
  - _road_queue: 0
  - _terrain_objects_queue: 0
  - _infrastructure_queue: 44
  - _pending_building_tasks: 0
OSM DEBUG: Chunks loaded 16/16, but queues not empty:
  - _building_results: 42
  - _road_queue: 0
  - _terrain_objects_queue: 0
  - _infrastructure_queue: 43
  - _pending_building_tasks: 0
OSM DEBUG: Chunks loaded 16/16, but queues not empty:
  - _building_results: 41
  - _road_queue: 0
  - _terrain_objects_queue: 0
  - _infrastructure_queue: 42
  - _pending_building_tasks: 0
OSM DEBUG: Chunks loaded 16/16, but queues not empty:
  - _building_results: 40
  - _road_queue: 0
  - _terrain_objects_queue: 0
  - _infrastructure_queue: 41
  - _pending_building_tasks: 0
=== PAZ Model Meshes Debug ===
Total meshes found: 1
  - Mesh: bus_low_Material_006_0 (MeshInstance3D)
PAZ-32053 model setup complete
OSM DEBUG: Chunks loaded 16/16, but queues not empty:
  - _building_results: 39
  - _road_queue: 0
  - _terrain_objects_queue: 0
  - _infrastructure_queue: 40
  - _pending_building_tasks: 0
OSM DEBUG: Chunks loaded 16/16, but queues not empty:
  - _building_results: 38
  - _road_queue: 0
  - _terrain_objects_queue: 0
  - _infrastructure_queue: 39
  - _pending_building_tasks: 0
OSM DEBUG: Chunks loaded 16/16, but queues not empty:
  - _building_results: 37
  - _road_queue: 0
  - _terrain_objects_queue: 0
  - _infrastructure_queue: 38
  - _pending_building_tasks: 0
OSM DEBUG: Chunks loaded 16/16, but queues not empty:
  - _building_results: 36
  - _road_queue: 0
  - _terrain_objects_queue: 0
  - _infrastructure_queue: 37
  - _pending_building_tasks: 0
OSM DEBUG: Chunks loaded 16/16, but queues not empty:
  - _building_results: 35
  - _road_queue: 0
  - _terrain_objects_queue: 0
  - _infrastructure_queue: 36
  - _pending_building_tasks: 0
OSM DEBUG: Chunks loaded 16/16, but queues not empty:
  - _building_results: 34
  - _road_queue: 0
  - _terrain_objects_queue: 0
  - _infrastructure_queue: 35
  - _pending_building_tasks: 0
OSM DEBUG: Chunks loaded 16/16, but queues not empty:
  - _building_results: 33
  - _road_queue: 0
  - _terrain_objects_queue: 0
  - _infrastructure_queue: 34
  - _pending_building_tasks: 0
OSM DEBUG: Chunks loaded 16/16, but queues not empty:
  - _building_results: 32
  - _road_queue: 0
  - _terrain_objects_queue: 0
  - _infrastructure_queue: 33
  - _pending_building_tasks: 0
OSM DEBUG: Chunks loaded 16/16, but queues not empty:
  - _building_results: 31
  - _road_queue: 0
  - _terrain_objects_queue: 0
  - _infrastructure_queue: 32
  - _pending_building_tasks: 0
OSM DEBUG: Chunks loaded 16/16, but queues not empty:
  - _building_results: 30
  - _road_queue: 0
  - _terrain_objects_queue: 0
  - _infrastructure_queue: 31
  - _pending_building_tasks: 0
OSM DEBUG: Chunks loaded 16/16, but queues not empty:
  - _building_results: 29
  - _road_queue: 0
  - _terrain_objects_queue: 0
  - _infrastructure_queue: 30
  - _pending_building_tasks: 0
OSM DEBUG: Chunks loaded 16/16, but queues not empty:
  - _building_results: 28
  - _road_queue: 0
  - _terrain_objects_queue: 0
  - _infrastructure_queue: 29
  - _pending_building_tasks: 0
OSM DEBUG: Chunks loaded 16/16, but queues not empty:
  - _building_results: 27
  - _road_queue: 0
  - _terrain_objects_queue: 0
  - _infrastructure_queue: 28
  - _pending_building_tasks: 0
OSM DEBUG: Chunks loaded 16/16, but queues not empty:
  - _building_results: 26
  - _road_queue: 0
  - _terrain_objects_queue: 0
  - _infrastructure_queue: 27
  - _pending_building_tasks: 0
OSM DEBUG: Chunks loaded 16/16, but queues not empty:
  - _building_results: 25
  - _road_queue: 0
  - _terrain_objects_queue: 0
  - _infrastructure_queue: 26
  - _pending_building_tasks: 0
OSM DEBUG: Chunks loaded 16/16, but queues not empty:
  - _building_results: 24
  - _road_queue: 0
  - _terrain_objects_queue: 0
  - _infrastructure_queue: 25
  - _pending_building_tasks: 0
OSM DEBUG: Chunks loaded 16/16, but queues not empty:
  - _building_results: 23
  - _road_queue: 0
  - _terrain_objects_queue: 0
  - _infrastructure_queue: 24
  - _pending_building_tasks: 0
OSM DEBUG: Chunks loaded 16/16, but queues not empty:
  - _building_results: 22
  - _road_queue: 0
  - _terrain_objects_queue: 0
  - _infrastructure_queue: 23
  - _pending_building_tasks: 0
OSM DEBUG: Chunks loaded 16/16, but queues not empty:
  - _building_results: 21
  - _road_queue: 0
  - _terrain_objects_queue: 0
  - _infrastructure_queue: 22
  - _pending_building_tasks: 0
OSM DEBUG: Chunks loaded 16/16, but queues not empty:
  - _building_results: 20
  - _road_queue: 0
  - _terrain_objects_queue: 0
  - _infrastructure_queue: 21
  - _pending_building_tasks: 0
OSM DEBUG: Chunks loaded 16/16, but queues not empty:
  - _building_results: 19
  - _road_queue: 0
  - _terrain_objects_queue: 0
  - _infrastructure_queue: 20
  - _pending_building_tasks: 0
OSM DEBUG: Chunks loaded 16/16, but queues not empty:
  - _building_results: 18
  - _road_queue: 0
  - _terrain_objects_queue: 0
  - _infrastructure_queue: 19
  - _pending_building_tasks: 0
OSM DEBUG: Chunks loaded 16/16, but queues not empty:
  - _building_results: 17
  - _road_queue: 0
  - _terrain_objects_queue: 0
  - _infrastructure_queue: 18
  - _pending_building_tasks: 0
OSM DEBUG: Chunks loaded 16/16, but queues not empty:
  - _building_results: 16
  - _road_queue: 0
  - _terrain_objects_queue: 0
  - _infrastructure_queue: 17
  - _pending_building_tasks: 0
OSM DEBUG: Chunks loaded 16/16, but queues not empty:
  - _building_results: 15
  - _road_queue: 0
  - _terrain_objects_queue: 0
  - _infrastructure_queue: 16
  - _pending_building_tasks: 0
OSM DEBUG: Chunks loaded 16/16, but queues not empty:
  - _building_results: 14
  - _road_queue: 0
  - _terrain_objects_queue: 0
  - _infrastructure_queue: 15
  - _pending_building_tasks: 0
OSM DEBUG: Chunks loaded 16/16, but queues not empty:
  - _building_results: 13
  - _road_queue: 0
  - _terrain_objects_queue: 0
  - _infrastructure_queue: 14
  - _pending_building_tasks: 0
OSM DEBUG: Chunks loaded 16/16, but queues not empty:
  - _building_results: 12
  - _road_queue: 0
  - _terrain_objects_queue: 0
  - _infrastructure_queue: 13
  - _pending_building_tasks: 0
OSM DEBUG: Chunks loaded 16/16, but queues not empty:
  - _building_results: 11
  - _road_queue: 0
  - _terrain_objects_queue: 0
  - _infrastructure_queue: 12
  - _pending_building_tasks: 0
OSM DEBUG: Chunks loaded 16/16, but queues not empty:
  - _building_results: 10
  - _road_queue: 0
  - _terrain_objects_queue: 0
  - _infrastructure_queue: 11
  - _pending_building_tasks: 0
OSM DEBUG: Chunks loaded 16/16, but queues not empty:
  - _building_results: 9
  - _road_queue: 0
  - _terrain_objects_queue: 0
  - _infrastructure_queue: 10
  - _pending_building_tasks: 0
OSM DEBUG: Chunks loaded 16/16, but queues not empty:
  - _building_results: 8
  - _road_queue: 0
  - _terrain_objects_queue: 0
  - _infrastructure_queue: 9
  - _pending_building_tasks: 0
OSM DEBUG: Chunks loaded 16/16, but queues not empty:
  - _building_results: 7
  - _road_queue: 0
  - _terrain_objects_queue: 0
  - _infrastructure_queue: 8
  - _pending_building_tasks: 0
OSM DEBUG: Chunks loaded 16/16, but queues not empty:
  - _building_results: 6
  - _road_queue: 0
  - _terrain_objects_queue: 0
  - _infrastructure_queue: 7
  - _pending_building_tasks: 0
OSM DEBUG: Chunks loaded 16/16, but queues not empty:
  - _building_results: 5
  - _road_queue: 0
  - _terrain_objects_queue: 0
  - _infrastructure_queue: 6
  - _pending_building_tasks: 0
OSM DEBUG: Chunks loaded 16/16, but queues not empty:
  - _building_results: 4
  - _road_queue: 0
  - _terrain_objects_queue: 0
  - _infrastructure_queue: 5
  - _pending_building_tasks: 0
OSM DEBUG: Chunks loaded 16/16, but queues not empty:
  - _building_results: 3
  - _road_queue: 0
  - _terrain_objects_queue: 0
  - _infrastructure_queue: 4
  - _pending_building_tasks: 0
OSM DEBUG: Chunks loaded 16/16, but queues not empty:
  - _building_results: 2
  - _road_queue: 0
  - _terrain_objects_queue: 0
  - _infrastructure_queue: 3
  - _pending_building_tasks: 0
OSM DEBUG: Chunks loaded 16/16, but queues not empty:
  - _building_results: 1
  - _road_queue: 0
  - _terrain_objects_queue: 0
  - _infrastructure_queue: 2
  - _pending_building_tasks: 0
Loading cache for shader SceneForwardClusteredShaderRD, variant 0
Loading cache for shader SceneForwardClusteredShaderRD, variant 1
Loading cache for shader SceneForwardClusteredShaderRD, variant 2
Loading cache for shader SceneForwardClusteredShaderRD, variant 3
Loading cache for shader SceneForwardClusteredShaderRD, variant 4
Loading cache for shader SceneForwardClusteredShaderRD, variant 5
Loading cache for shader SceneForwardClusteredShaderRD, variant 6
Loading cache for shader SceneForwardClusteredShaderRD, variant 7
Loading cache for shader SceneForwardClusteredShaderRD, variant 0
Loading cache for shader SceneForwardClusteredShaderRD, variant 1
Loading cache for shader SceneForwardClusteredShaderRD, variant 2
Loading cache for shader SceneForwardClusteredShaderRD, variant 3
Loading cache for shader SceneForwardClusteredShaderRD, variant 4
Loading cache for shader SceneForwardClusteredShaderRD, variant 5
Loading cache for shader SceneForwardClusteredShaderRD, variant 6
Loading cache for shader SceneForwardClusteredShaderRD, variant 7
Loading cache for shader SceneForwardClusteredShaderRD, variant 8
Loading cache for shader SceneForwardClusteredShaderRD, variant 9
Loading cache for shader SceneForwardClusteredShaderRD, variant 10
Loading cache for shader SceneForwardClusteredShaderRD, variant 11
Loading cache for shader SceneForwardClusteredShaderRD, variant 12
Loading cache for shader SceneForwardClusteredShaderRD, variant 13
Loading cache for shader SceneForwardClusteredShaderRD, variant 14
Loading cache for shader SceneForwardClusteredShaderRD, variant 15
Loading cache for shader SceneForwardClusteredShaderRD, variant 16
Loading cache for shader SceneForwardClusteredShaderRD, variant 17
OSM: 🌙 NIGHT Window batch 0,-1 | night_mgr: CACHED | is_night value: true
OSM: ✅ Finalized window batch 0,-1: 1555 windows (was 1555 draw calls before batching)
⚠️ SLOW FRAME 14.7ms: building=0.0 road=14.2 terrain=0.0 infra=0.5 veg=0.0 curb=0.0ms
OSM DEBUG: Chunks loaded 16/16, but queues not empty:
  - _building_results: 0
  - _road_queue: 0
  - _terrain_objects_queue: 0
  - _infrastructure_queue: 1
  - _pending_building_tasks: 0
OSM: 🌙 NIGHT Window batch -1,-1 | night_mgr: CACHED | is_night value: true
OSM: ✅ Finalized window batch -1,-1: 4286 windows (was 4286 draw calls before batching)
OSM: Starting finalization...
OSM: _create_pending_lamps started, count=942
OSM: Created 404 lamps, skipped 538 (added to infrastructure queue)
OSM: Lamps done, starting parking signs...
OSM: _create_pending_parking_signs started, count=16, road_segments=2377
OSM: Created 16 parking signs
OSM: Parking signs done
OSM: Initial loading complete! 16 chunks loaded

[PerformanceTestDetailed] ✓ Terrain loaded! Starting test in 2 seconds...
🚗 Traffic: 10 active NPCs (Near: 3, Mid: 7, Far: 0), 1 pooled
  → Physics bodies from NPCs: 10 (All: 10×1, было бы 10×5=50)

========== Bottleneck Analysis Report ==========
Time: 8.5s | Frames: 177

📊 PERFORMANCE OVERVIEW:
  FPS: 45.9 avg | 31.0 min
  Frame Time: 37.81 ms avg | 63.28 ms max
  Physics Time: 5.49 ms avg

🔍 BOTTLENECK IDENTIFICATION:
  🔴 [CRITICAL] Frame Time
      Value: 37.81 ms (target: 16.67 ms)
      Impact: Overall performance bottleneck
      Suggestions:
        • Reduce draw calls
        • Optimize scripts in _process()
        • Check for expensive operations per frame

  🟠 [HIGH] Draw Calls
      Value: 3592 calls/frame
      Impact: GPU rendering overhead
      Suggestions:
        • Batch meshes by material
        • Use MultiMeshInstance3D
        • Implement LOD system
        • Enable frustum culling

  🟡 [MEDIUM] Physics Time
      Value: 5.49 ms
      Impact: Physics simulation overhead
      Suggestions:
        • Reduce number of active physics bodies
        • Simplify collision shapes
        • Disable physics for distant objects

  🟡 [MEDIUM] Vertex Count
      Value: 52368673 vertices/frame
      Impact: GPU vertex processing
      Suggestions:
        • Implement LOD for distant objects
        • Simplify building meshes
        • Use lower poly models

  🟡 [MEDIUM] Post-Processing Effects
      Value: SSAO, Glow/Bloom, Volumetric Fog
      Impact: GPU shader overhead
      Suggestions:
        • Reduce SSR quality
        • Disable SSAO on low-end hardware
        • Use simpler fog

  🟢 [LOW] Node Count
      Value: 9832 nodes
      Impact: Scene tree traversal overhead
      Suggestions:
        • Unload distant chunks
        • Pool and reuse nodes
        • Flatten hierarchy where possible

📈 DETAILED STATS:
  Draw Calls: 3592 avg | 3918 max
  Vertices: 52368673 avg | 52481687 max
  Physics Bodies: 128
  Nodes: 9832
  VRAM: 710.4 MB

=================================================

OSM: 🌙 NIGHT Window batch -1,0 | night_mgr: CACHED | is_night value: true
OSM: ✅ Finalized window batch -1,0: 728 windows (was 728 draw calls before batching)
Loading cache for shader SceneForwardClusteredShaderRD, variant 0
Loading cache for shader SceneForwardClusteredShaderRD, variant 1
Loading cache for shader SceneForwardClusteredShaderRD, variant 2
Loading cache for shader SceneForwardClusteredShaderRD, variant 3
Loading cache for shader SceneForwardClusteredShaderRD, variant 4
Loading cache for shader SceneForwardClusteredShaderRD, variant 5
Loading cache for shader SceneForwardClusteredShaderRD, variant 6
Loading cache for shader SceneForwardClusteredShaderRD, variant 7
Loading cache for shader SceneForwardClusteredShaderRD, variant 0
Loading cache for shader SceneForwardClusteredShaderRD, variant 1
Loading cache for shader SceneForwardClusteredShaderRD, variant 2
Loading cache for shader SceneForwardClusteredShaderRD, variant 3
Loading cache for shader SceneForwardClusteredShaderRD, variant 4
Loading cache for shader SceneForwardClusteredShaderRD, variant 5
Loading cache for shader SceneForwardClusteredShaderRD, variant 6
Loading cache for shader SceneForwardClusteredShaderRD, variant 7
Loading cache for shader SceneForwardClusteredShaderRD, variant 8
Loading cache for shader SceneForwardClusteredShaderRD, variant 9
Loading cache for shader SceneForwardClusteredShaderRD, variant 10
Loading cache for shader SceneForwardClusteredShaderRD, variant 11
Loading cache for shader SceneForwardClusteredShaderRD, variant 12
Loading cache for shader SceneForwardClusteredShaderRD, variant 13
Loading cache for shader SceneForwardClusteredShaderRD, variant 14
Loading cache for shader SceneForwardClusteredShaderRD, variant 15
Loading cache for shader SceneForwardClusteredShaderRD, variant 16
Loading cache for shader SceneForwardClusteredShaderRD, variant 17
⚠️ SLOW FRAME 16.3ms: building=0.0 road=0.6 terrain=0.0 infra=15.7 veg=0.0 curb=0.0ms
OSM: 🌙 NIGHT Window batch -2,0 | night_mgr: CACHED | is_night value: true
OSM: ✅ Finalized window batch -2,0: 96 windows (was 96 draw calls before batching)
OSM: 🌙 NIGHT Window batch -2,-1 | night_mgr: CACHED | is_night value: true
OSM: ✅ Finalized window batch -2,-1: 2311 windows (was 2311 draw calls before batching)
OSM: 🌙 NIGHT Window batch -1,-2 | night_mgr: CACHED | is_night value: true
OSM: ✅ Finalized window batch -1,-2: 5365 windows (was 5365 draw calls before batching)
OSM: 🌙 NIGHT Window batch 1,0 | night_mgr: CACHED | is_night value: true
OSM: ✅ Finalized window batch 1,0: 40 windows (was 40 draw calls before batching)
OSM: 🌙 NIGHT Window batch 1,-1 | night_mgr: CACHED | is_night value: true
OSM: ✅ Finalized window batch 1,-1: 4967 windows (was 4967 draw calls before batching)
OSM: 🌙 NIGHT Window batch 0,-2 | night_mgr: CACHED | is_night value: true
OSM: ✅ Finalized window batch 0,-2: 2148 windows (was 2148 draw calls before batching)
OSM: 🌙 NIGHT Window batch -2,-2 | night_mgr: CACHED | is_night value: true
OSM: ✅ Finalized window batch -2,-2: 5534 windows (was 5534 draw calls before batching)
OSM: 🌙 NIGHT Window batch 1,-2 | night_mgr: CACHED | is_night value: true
OSM: ✅ Finalized window batch 1,-2: 4954 windows (was 4954 draw calls before batching)

=== PERFORMANCE METRICS ===
FPS: 42 | Frame: 23.2 ms (max 150.0) | Physics: 18.2 ms (max 715.9)
Godot Process: 58.26 ms | Physics: 3.47 ms
Objects: 27641 | Nodes: 11097 | Resources: 535
Draw calls: 4354 | Vertices: 53262071 | VRAM: 719.3 MB
Physics bodies: 190 | Collision pairs: 1768
--- System Times ---
  road_batch_finalize_total_-1,-1: 22.34 ms (max 22.34)
  road_batch_finalize_total_-1,-2: 29.81 ms (max 29.81)
  road_batch_finalize_total_-1,0: 18.24 ms (max 18.24)
  road_batch_finalize_total_-2,-1: 20.68 ms (max 20.68)
  road_batch_finalize_total_-2,-2: 32.34 ms (max 32.34)
  road_batch_finalize_total_-2,0: 5.37 ms (max 5.37)
  road_batch_finalize_total_0,-1: 35.09 ms (max 35.09)
  road_batch_finalize_total_0,-2: 29.80 ms (max 29.80)
  road_batch_finalize_total_0,0: 29.69 ms (max 29.69)
  road_batch_finalize_total_0,1: 12.21 ms (max 12.21)
  road_batch_finalize_total_1,-1: 29.07 ms (max 29.07)
  road_batch_finalize_total_1,-2: 10.23 ms (max 10.23)
  road_batch_finalize_total_1,0: 15.00 ms (max 15.00)
  road_collision_create_-1,-1: 7.22 ms (max 15.43)
  road_collision_create_-1,-2: 14.62 ms (max 26.24)
  road_collision_create_-1,0: 8.88 ms (max 15.62)
  road_collision_create_-2,-1: 6.68 ms (max 13.96)
  road_collision_create_-2,-2: 15.89 ms (max 29.95)
  road_collision_create_-2,0: 2.48 ms (max 2.88)
  road_collision_create_0,-1: 11.46 ms (max 29.03)
  road_collision_create_0,-2: 9.66 ms (max 22.30)
  road_collision_create_0,0: 9.68 ms (max 26.15)
  road_collision_create_0,1: 11.95 ms (max 11.95)
  road_collision_create_1,-1: 9.46 ms (max 24.83)
  road_collision_create_1,-2: 4.84 ms (max 7.28)
  road_collision_create_1,0: 14.60 ms (max 14.60)
===========================

=== PERFORMANCE METRICS ===
FPS: 42 | Frame: 23.2 ms (max 150.0) | Physics: 16.3 ms (max 73.5)
Godot Process: 58.26 ms | Physics: 3.47 ms
Objects: 27641 | Nodes: 11097 | Resources: 535
Draw calls: 4354 | Vertices: 53262071 | VRAM: 719.3 MB
Physics bodies: 190 | Collision pairs: 1768
===========================
[PerformanceLogger] Started logging: detailed_test_90s
🚀 Test started!

🚗 Traffic: 12 active NPCs (Near: 3, Mid: 9, Far: 0), 1 pooled
  → Physics bodies from NPCs: 12 (All: 12×1, было бы 12×5=60)

========== Bottleneck Analysis Report ==========
Time: 10.5s | Frames: 264

📊 PERFORMANCE OVERVIEW:
  FPS: 47.7 avg | 42.0 min
  Frame Time: 34.64 ms avg | 58.26 ms max
  Physics Time: 3.98 ms avg

🔍 BOTTLENECK IDENTIFICATION:
  🔴 [CRITICAL] Frame Time
      Value: 34.64 ms (target: 16.67 ms)
      Impact: Overall performance bottleneck
      Suggestions:
        • Reduce draw calls
        • Optimize scripts in _process()
        • Check for expensive operations per frame

  🟠 [HIGH] Draw Calls
      Value: 4232 calls/frame
      Impact: GPU rendering overhead
      Suggestions:
        • Batch meshes by material
        • Use MultiMeshInstance3D
        • Implement LOD system
        • Enable frustum culling

  🟡 [MEDIUM] Vertex Count
      Value: 53016952 vertices/frame
      Impact: GPU vertex processing
      Suggestions:
        • Implement LOD for distant objects
        • Simplify building meshes
        • Use lower poly models

  🟡 [MEDIUM] Physics Bodies
      Value: 185 active bodies
      Impact: Physics engine load
      Suggestions:
        • Reduce NPC count
        • Convert distant NPCs to kinematic
        • Disable physics for far objects

  🟡 [MEDIUM] Node Count
      Value: 11715 nodes
      Impact: Scene tree traversal overhead
      Suggestions:
        • Unload distant chunks
        • Pool and reuse nodes
        • Flatten hierarchy where possible

  🟡 [MEDIUM] Post-Processing Effects
      Value: SSAO, Glow/Bloom, Volumetric Fog
      Impact: GPU shader overhead
      Suggestions:
        • Reduce SSR quality
        • Disable SSAO on low-end hardware
        • Use simpler fog

📈 DETAILED STATS:
  Draw Calls: 4232 avg | 4793 max
  Vertices: 53016952 avg | 53564137 max
  Physics Bodies: 185
  Nodes: 11715
  VRAM: 727.2 MB

=================================================

⚡ FRAME SPIKE #1: 34.7 ms at 0.1s (Draw: 4823, Bodies: 192)
⚡ FRAME SPIKE #2: 52.2 ms at 0.2s (Draw: 4914, Bodies: 194)
⚡ FRAME SPIKE #3: 33.3 ms at 0.3s (Draw: 4920, Bodies: 194)
⚡ FRAME SPIKE #4: 29.5 ms at 0.3s (Draw: 4922, Bodies: 194)
=== PAZ Model Meshes Debug ===
Total meshes found: 1
  - Mesh: bus_low_Material_006_0 (MeshInstance3D)
PAZ-32053 model setup complete
⚡ FRAME SPIKE #5: 32.0 ms at 1.3s (Draw: 6142, Bodies: 198)
⚡ FRAME SPIKE #6: 29.6 ms at 1.3s (Draw: 6157, Bodies: 198)
⚡ FRAME SPIKE #7: 25.2 ms at 1.3s (Draw: 6167, Bodies: 199)
⚡ FRAME SPIKE #8: 29.2 ms at 1.3s (Draw: 6164, Bodies: 199)
⚡ FRAME SPIKE #9: 28.7 ms at 1.4s (Draw: 6160, Bodies: 199)
⚡ FRAME SPIKE #10: 27.1 ms at 1.4s (Draw: 6149, Bodies: 199)
⚡ FRAME SPIKE #11: 27.8 ms at 1.4s (Draw: 6149, Bodies: 199)
⚡ FRAME SPIKE #12: 28.6 ms at 1.5s (Draw: 6164, Bodies: 199)
⚡ FRAME SPIKE #13: 27.3 ms at 1.5s (Draw: 6165, Bodies: 199)
⚡ FRAME SPIKE #14: 27.8 ms at 1.5s (Draw: 6177, Bodies: 200)
⚡ FRAME SPIKE #15: 29.0 ms at 1.5s (Draw: 6173, Bodies: 200)
⚡ FRAME SPIKE #16: 29.0 ms at 1.6s (Draw: 6177, Bodies: 200)
⚡ FRAME SPIKE #17: 28.3 ms at 1.6s (Draw: 6186, Bodies: 200)
⚡ FRAME SPIKE #18: 28.3 ms at 1.6s (Draw: 6195, Bodies: 200)
⚡ FRAME SPIKE #19: 28.3 ms at 1.7s (Draw: 6198, Bodies: 200)
⚡ FRAME SPIKE #20: 28.3 ms at 1.7s (Draw: 6192, Bodies: 200)
⚡ FRAME SPIKE #21: 28.3 ms at 1.7s (Draw: 6196, Bodies: 200)
⚡ FRAME SPIKE #22: 28.3 ms at 1.7s (Draw: 6195, Bodies: 200)
⚡ FRAME SPIKE #23: 28.3 ms at 1.8s (Draw: 6200, Bodies: 200)
⚡ FRAME SPIKE #24: 28.3 ms at 1.8s (Draw: 6206, Bodies: 200)
⚡ FRAME SPIKE #25: 28.3 ms at 1.8s (Draw: 6208, Bodies: 200)
⚡ FRAME SPIKE #26: 28.7 ms at 1.9s (Draw: 6209, Bodies: 200)
⚡ FRAME SPIKE #27: 28.3 ms at 1.9s (Draw: 6215, Bodies: 200)
⚡ FRAME SPIKE #28: 28.3 ms at 1.9s (Draw: 6215, Bodies: 200)
⚡ FRAME SPIKE #29: 28.3 ms at 1.9s (Draw: 6223, Bodies: 201)
⚡ FRAME SPIKE #30: 28.3 ms at 2.0s (Draw: 6224, Bodies: 201)
⚡ FRAME SPIKE #31: 28.3 ms at 2.0s (Draw: 6229, Bodies: 201)
⚡ FRAME SPIKE #32: 28.3 ms at 2.0s (Draw: 6236, Bodies: 201)
🚗 Traffic: 17 active NPCs (Near: 5, Mid: 12, Far: 0), 0 pooled
  → Physics bodies from NPCs: 17 (All: 17×1, было бы 17×5=85)

========== Bottleneck Analysis Report ==========
Time: 12.5s | Frames: 341

📊 PERFORMANCE OVERVIEW:
  FPS: 42.8 avg | 40.0 min
  Frame Time: 36.59 ms avg | 58.26 ms max
  Physics Time: 3.73 ms avg

🔍 BOTTLENECK IDENTIFICATION:
  🔴 [CRITICAL] Frame Time
      Value: 36.59 ms (target: 16.67 ms)
      Impact: Overall performance bottleneck
      Suggestions:
        • Reduce draw calls
        • Optimize scripts in _process()
        • Check for expensive operations per frame

  🟠 [HIGH] Draw Calls
      Value: 5129 calls/frame
      Impact: GPU rendering overhead
      Suggestions:
        • Batch meshes by material
        • Use MultiMeshInstance3D
        • Implement LOD system
        • Enable frustum culling

  🟡 [MEDIUM] Vertex Count
      Value: 53674736 vertices/frame
      Impact: GPU vertex processing
      Suggestions:
        • Implement LOD for distant objects
        • Simplify building meshes
        • Use lower poly models

  🟡 [MEDIUM] Physics Bodies
      Value: 194 active bodies
      Impact: Physics engine load
      Suggestions:
        • Reduce NPC count
        • Convert distant NPCs to kinematic
        • Disable physics for far objects

  🟡 [MEDIUM] Node Count
      Value: 12341 nodes
      Impact: Scene tree traversal overhead
      Suggestions:
        • Unload distant chunks
        • Pool and reuse nodes
        • Flatten hierarchy where possible

  🟡 [MEDIUM] Post-Processing Effects
      Value: SSAO, Glow/Bloom, Volumetric Fog
      Impact: GPU shader overhead
      Suggestions:
        • Reduce SSR quality
        • Disable SSAO on low-end hardware
        • Use simpler fog

📈 DETAILED STATS:
  Draw Calls: 5129 avg | 6236 max
  Vertices: 53674736 avg | 54023711 max
  Physics Bodies: 194
  Nodes: 12341
  VRAM: 736.9 MB

=================================================

⚡ FRAME SPIKE #33: 28.3 ms at 2.1s (Draw: 6231, Bodies: 202)
⚡ FRAME SPIKE #34: 28.3 ms at 2.1s (Draw: 6218, Bodies: 202)
⚡ FRAME SPIKE #35: 28.3 ms at 2.1s (Draw: 6228, Bodies: 202)
⚡ FRAME SPIKE #36: 28.3 ms at 2.1s (Draw: 6242, Bodies: 202)
⚡ FRAME SPIKE #37: 28.3 ms at 2.2s (Draw: 6253, Bodies: 202)
⚡ FRAME SPIKE #38: 28.3 ms at 2.2s (Draw: 6250, Bodies: 202)
⚡ FRAME SPIKE #39: 28.3 ms at 2.2s (Draw: 6242, Bodies: 203)
⚡ FRAME SPIKE #40: 28.3 ms at 2.2s (Draw: 6900, Bodies: 204)
⚡ FRAME SPIKE #41: 54.8 ms at 2.3s (Draw: 6934, Bodies: 204)
⚡ FRAME SPIKE #42: 45.1 ms at 2.3s (Draw: 6934, Bodies: 204)
⚡ FRAME SPIKE #43: 40.6 ms at 2.4s (Draw: 6938, Bodies: 204)
⚡ FRAME SPIKE #44: 34.5 ms at 2.4s (Draw: 6936, Bodies: 205)
⚡ FRAME SPIKE #45: 34.6 ms at 2.5s (Draw: 6930, Bodies: 205)
⚡ FRAME SPIKE #46: 31.5 ms at 2.5s (Draw: 6923, Bodies: 205)
⚡ FRAME SPIKE #47: 31.0 ms at 2.5s (Draw: 6927, Bodies: 205)
⚡ FRAME SPIKE #48: 27.4 ms at 2.5s (Draw: 6928, Bodies: 205)
⚡ FRAME SPIKE #49: 31.4 ms at 2.6s (Draw: 6930, Bodies: 206)
⚡ FRAME SPIKE #50: 30.7 ms at 2.6s (Draw: 6939, Bodies: 206)
⚡ FRAME SPIKE #51: 33.0 ms at 2.6s (Draw: 6936, Bodies: 206)
⚡ FRAME SPIKE #52: 31.7 ms at 2.7s (Draw: 6929, Bodies: 206)
⚡ FRAME SPIKE #53: 31.7 ms at 2.7s (Draw: 6942, Bodies: 206)
⚡ FRAME SPIKE #54: 31.0 ms at 2.7s (Draw: 6942, Bodies: 206)
⚡ FRAME SPIKE #55: 29.3 ms at 2.8s (Draw: 6937, Bodies: 206)
⚡ FRAME SPIKE #56: 31.0 ms at 2.8s (Draw: 6949, Bodies: 206)
⚡ FRAME SPIKE #57: 31.0 ms at 2.8s (Draw: 6946, Bodies: 206)
⚡ FRAME SPIKE #58: 31.0 ms at 2.9s (Draw: 6944, Bodies: 206)
⚡ FRAME SPIKE #59: 31.0 ms at 2.9s (Draw: 6948, Bodies: 206)
⚡ FRAME SPIKE #60: 31.9 ms at 2.9s (Draw: 6947, Bodies: 206)
⚡ FRAME SPIKE #61: 31.0 ms at 3.0s (Draw: 6947, Bodies: 206)
⚡ FRAME SPIKE #62: 31.0 ms at 3.0s (Draw: 6955, Bodies: 206)
⚡ FRAME SPIKE #63: 31.0 ms at 3.0s (Draw: 6964, Bodies: 206)
⚡ FRAME SPIKE #64: 31.0 ms at 3.0s (Draw: 6955, Bodies: 206)
⚡ FRAME SPIKE #65: 31.0 ms at 3.1s (Draw: 6952, Bodies: 206)
⚡ FRAME SPIKE #66: 31.0 ms at 3.1s (Draw: 6961, Bodies: 206)
⚡ FRAME SPIKE #67: 31.0 ms at 3.1s (Draw: 6961, Bodies: 206)
⚡ FRAME SPIKE #68: 31.0 ms at 3.2s (Draw: 6947, Bodies: 206)
⚡ FRAME SPIKE #69: 31.0 ms at 3.2s (Draw: 6954, Bodies: 206)
⚡ FRAME SPIKE #70: 31.0 ms at 3.2s (Draw: 6954, Bodies: 206)
⚡ FRAME SPIKE #71: 31.2 ms at 3.3s (Draw: 6967, Bodies: 208)
⚡ FRAME SPIKE #72: 31.2 ms at 3.3s (Draw: 6976, Bodies: 208)
⚡ FRAME SPIKE #73: 31.2 ms at 3.3s (Draw: 6967, Bodies: 208)
⚡ FRAME SPIKE #74: 31.2 ms at 3.4s (Draw: 6935, Bodies: 207)
⚡ FRAME SPIKE #75: 32.2 ms at 3.4s (Draw: 6919, Bodies: 207)
⚡ FRAME SPIKE #76: 31.2 ms at 3.4s (Draw: 6886, Bodies: 207)
⚡ FRAME SPIKE #77: 31.2 ms at 3.4s (Draw: 6866, Bodies: 207)
⚡ FRAME SPIKE #78: 31.2 ms at 3.5s (Draw: 6839, Bodies: 207)
⚡ FRAME SPIKE #79: 31.2 ms at 3.5s (Draw: 6823, Bodies: 207)
⚡ FRAME SPIKE #80: 31.2 ms at 3.5s (Draw: 6794, Bodies: 207)
⚡ FRAME SPIKE #81: 31.2 ms at 3.6s (Draw: 6782, Bodies: 207)
⚡ FRAME SPIKE #82: 31.2 ms at 3.6s (Draw: 6763, Bodies: 207)
⚡ FRAME SPIKE #83: 31.2 ms at 3.6s (Draw: 6713, Bodies: 207)
⚡ FRAME SPIKE #84: 31.2 ms at 3.7s (Draw: 6682, Bodies: 207)
⚡ FRAME SPIKE #85: 31.0 ms at 3.7s (Draw: 6677, Bodies: 207)
⚡ FRAME SPIKE #86: 31.0 ms at 3.7s (Draw: 6645, Bodies: 207)
⚡ FRAME SPIKE #87: 31.0 ms at 3.8s (Draw: 6632, Bodies: 207)
⚡ FRAME SPIKE #88: 31.0 ms at 3.8s (Draw: 6606, Bodies: 207)
⚡ FRAME SPIKE #89: 31.0 ms at 3.8s (Draw: 6583, Bodies: 207)
⚡ FRAME SPIKE #90: 31.0 ms at 3.9s (Draw: 6590, Bodies: 207)
⚡ FRAME SPIKE #91: 31.0 ms at 3.9s (Draw: 6597, Bodies: 208)
⚡ FRAME SPIKE #92: 29.5 ms at 3.9s (Draw: 6590, Bodies: 208)
⚡ FRAME SPIKE #93: 30.9 ms at 3.9s (Draw: 6601, Bodies: 209)
⚡ FRAME SPIKE #94: 31.0 ms at 4.0s (Draw: 6610, Bodies: 209)

=== PERFORMANCE METRICS ===
FPS: 32 | Frame: 24.7 ms (max 71.8) | Physics: 16.6 ms (max 51.8)
Godot Process: 28.23 ms | Physics: 4.80 ms
Objects: 31590 | Nodes: 12868 | Resources: 535
Draw calls: 6610 | Vertices: 53861820 | VRAM: 743.8 MB
Physics bodies: 209 | Collision pairs: 2014
--- System Times ---
  road_batch_finalize_total_-1,-1: 22.34 ms (max 22.34)
  road_batch_finalize_total_-1,-2: 29.81 ms (max 29.81)
  road_batch_finalize_total_-1,0: 18.24 ms (max 18.24)
  road_batch_finalize_total_-2,-1: 20.68 ms (max 20.68)
  road_batch_finalize_total_-2,-2: 32.34 ms (max 32.34)
  road_batch_finalize_total_-2,0: 5.37 ms (max 5.37)
  road_batch_finalize_total_0,-1: 35.09 ms (max 35.09)
  road_batch_finalize_total_0,-2: 29.80 ms (max 29.80)
  road_batch_finalize_total_0,0: 29.69 ms (max 29.69)
  road_batch_finalize_total_0,1: 12.21 ms (max 12.21)
  road_batch_finalize_total_1,-1: 29.07 ms (max 29.07)
  road_batch_finalize_total_1,-2: 10.23 ms (max 10.23)
  road_batch_finalize_total_1,0: 15.00 ms (max 15.00)
  road_collision_create_-1,-1: 7.22 ms (max 15.43)
  road_collision_create_-1,-2: 14.62 ms (max 26.24)
  road_collision_create_-1,0: 8.88 ms (max 15.62)
  road_collision_create_-2,-1: 6.68 ms (max 13.96)
  road_collision_create_-2,-2: 15.89 ms (max 29.95)
  road_collision_create_-2,0: 2.48 ms (max 2.88)
  road_collision_create_0,-1: 11.46 ms (max 29.03)
  road_collision_create_0,-2: 9.66 ms (max 22.30)
  road_collision_create_0,0: 9.68 ms (max 26.15)
  road_collision_create_0,1: 11.95 ms (max 11.95)
  road_collision_create_1,-1: 9.46 ms (max 24.83)
  road_collision_create_1,-2: 4.84 ms (max 7.28)
  road_collision_create_1,0: 14.60 ms (max 14.60)
===========================

=== PERFORMANCE METRICS ===
FPS: 32 | Frame: 24.7 ms (max 71.8) | Physics: 16.6 ms (max 51.9)
Godot Process: 28.23 ms | Physics: 4.80 ms
Objects: 31590 | Nodes: 12868 | Resources: 535
Draw calls: 6610 | Vertices: 53861820 | VRAM: 743.8 MB
Physics bodies: 209 | Collision pairs: 2014
===========================
⚡ FRAME SPIKE #95: 31.0 ms at 4.0s (Draw: 6609, Bodies: 209)
⚡ FRAME SPIKE #96: 31.0 ms at 4.0s (Draw: 6598, Bodies: 209)
🚗 Traffic: 19 active NPCs (Near: 5, Mid: 13, Far: 1), 1 pooled
  → Physics bodies from NPCs: 19 (All: 19×1, было бы 19×5=95)

========== Bottleneck Analysis Report ==========
Time: 14.5s | Frames: 405

📊 PERFORMANCE OVERVIEW:
  FPS: 37.5 avg | 32.0 min
  Frame Time: 38.34 ms avg | 47.40 ms max
  Physics Time: 4.30 ms avg

🔍 BOTTLENECK IDENTIFICATION:
  🔴 [CRITICAL] Frame Time
      Value: 38.34 ms (target: 16.67 ms)
      Impact: Overall performance bottleneck
      Suggestions:
        • Reduce draw calls
        • Optimize scripts in _process()
        • Check for expensive operations per frame

  🟠 [HIGH] Draw Calls
      Value: 6257 calls/frame
      Impact: GPU rendering overhead
      Suggestions:
        • Batch meshes by material
        • Use MultiMeshInstance3D
        • Implement LOD system
        • Enable frustum culling

  🟠 [HIGH] Physics Bodies
      Value: 201 active bodies
      Impact: Physics engine load
      Suggestions:
        • Reduce NPC count
        • Convert distant NPCs to kinematic
        • Disable physics for far objects

  🟡 [MEDIUM] Vertex Count
      Value: 53952399 vertices/frame
      Impact: GPU vertex processing
      Suggestions:
        • Implement LOD for distant objects
        • Simplify building meshes
        • Use lower poly models

  🟡 [MEDIUM] Node Count
      Value: 12879 nodes
      Impact: Scene tree traversal overhead
      Suggestions:
        • Unload distant chunks
        • Pool and reuse nodes
        • Flatten hierarchy where possible

  🟡 [MEDIUM] Post-Processing Effects
      Value: SSAO, Glow/Bloom, Volumetric Fog
      Impact: GPU shader overhead
      Suggestions:
        • Reduce SSR quality
        • Disable SSAO on low-end hardware
        • Use simpler fog

📈 DETAILED STATS:
  Draw Calls: 6257 avg | 6976 max
  Vertices: 53952399 avg | 54085804 max
  Physics Bodies: 201
  Nodes: 12879
  VRAM: 744.1 MB

=================================================

⚡ FRAME SPIKE #97: 32.2 ms at 4.1s (Draw: 6609, Bodies: 210)
⚡ FRAME SPIKE #98: 31.0 ms at 4.1s (Draw: 6608, Bodies: 210)
⚡ FRAME SPIKE #99: 27.2 ms at 4.1s (Draw: 6602, Bodies: 210)
⚡ FRAME SPIKE #100: 30.5 ms at 4.2s (Draw: 6611, Bodies: 210)
⚡ FRAME SPIKE #101: 30.4 ms at 4.2s (Draw: 6612, Bodies: 210)
⚡ FRAME SPIKE #102: 31.0 ms at 4.2s (Draw: 6614, Bodies: 210)
⚡ FRAME SPIKE #103: 30.6 ms at 4.3s (Draw: 6609, Bodies: 210)
⚡ FRAME SPIKE #104: 30.6 ms at 4.3s (Draw: 7678, Bodies: 211)
⚡ FRAME SPIKE #105: 30.6 ms at 4.3s (Draw: 7682, Bodies: 212)
⚡ FRAME SPIKE #106: 30.6 ms at 4.3s (Draw: 7673, Bodies: 212)
⚡ FRAME SPIKE #107: 30.6 ms at 4.4s (Draw: 7685, Bodies: 212)
⚡ FRAME SPIKE #108: 30.6 ms at 4.4s (Draw: 7685, Bodies: 212)
⚡ FRAME SPIKE #109: 30.6 ms at 4.4s (Draw: 7679, Bodies: 212)
⚡ FRAME SPIKE #110: 30.6 ms at 4.5s (Draw: 7686, Bodies: 212)
⚡ FRAME SPIKE #111: 30.6 ms at 4.5s (Draw: 7682, Bodies: 212)
⚡ FRAME SPIKE #112: 31.1 ms at 4.5s (Draw: 7685, Bodies: 212)
⚡ FRAME SPIKE #113: 31.8 ms at 4.6s (Draw: 7669, Bodies: 212)
⚡ FRAME SPIKE #114: 33.2 ms at 4.6s (Draw: 7667, Bodies: 212)
⚡ FRAME SPIKE #115: 31.8 ms at 4.6s (Draw: 7656, Bodies: 212)
⚡ FRAME SPIKE #116: 31.2 ms at 4.7s (Draw: 7649, Bodies: 212)
⚡ FRAME SPIKE #117: 31.4 ms at 4.7s (Draw: 7644, Bodies: 212)
⚡ FRAME SPIKE #118: 31.2 ms at 4.7s (Draw: 7643, Bodies: 212)
⚡ FRAME SPIKE #119: 31.2 ms at 4.7s (Draw: 7638, Bodies: 212)
⚡ FRAME SPIKE #120: 31.2 ms at 4.8s (Draw: 7639, Bodies: 212)
⚡ FRAME SPIKE #121: 31.3 ms at 4.8s (Draw: 7639, Bodies: 212)
⚡ FRAME SPIKE #122: 31.8 ms at 4.8s (Draw: 7641, Bodies: 212)
⚡ FRAME SPIKE #123: 32.2 ms at 4.9s (Draw: 7631, Bodies: 212)
⚡ FRAME SPIKE #124: 31.8 ms at 4.9s (Draw: 7631, Bodies: 212)
⚡ FRAME SPIKE #125: 32.1 ms at 4.9s (Draw: 7631, Bodies: 212)
⚡ FRAME SPIKE #126: 32.1 ms at 5.0s (Draw: 7630, Bodies: 212)
⚡ FRAME SPIKE #127: 31.7 ms at 5.0s (Draw: 7635, Bodies: 212)
⚡ FRAME SPIKE #128: 31.7 ms at 5.0s (Draw: 7636, Bodies: 212)
⚡ FRAME SPIKE #129: 31.7 ms at 5.1s (Draw: 7641, Bodies: 212)
⚡ FRAME SPIKE #130: 31.7 ms at 5.1s (Draw: 7639, Bodies: 212)
⚡ FRAME SPIKE #131: 31.7 ms at 5.1s (Draw: 7638, Bodies: 212)
⚡ FRAME SPIKE #132: 31.7 ms at 5.2s (Draw: 7641, Bodies: 212)
⚡ FRAME SPIKE #133: 31.7 ms at 5.2s (Draw: 7651, Bodies: 212)
⚡ FRAME SPIKE #134: 31.7 ms at 5.2s (Draw: 7650, Bodies: 212)
⚡ FRAME SPIKE #135: 31.7 ms at 5.3s (Draw: 7653, Bodies: 212)
⚡ FRAME SPIKE #136: 31.7 ms at 5.3s (Draw: 7651, Bodies: 213)
⚡ FRAME SPIKE #137: 36.1 ms at 5.3s (Draw: 7648, Bodies: 213)
⚡ FRAME SPIKE #138: 32.1 ms at 5.4s (Draw: 7654, Bodies: 213)
⚡ FRAME SPIKE #139: 33.3 ms at 5.4s (Draw: 7653, Bodies: 213)
⚡ FRAME SPIKE #140: 33.3 ms at 5.4s (Draw: 7648, Bodies: 213)
⚡ FRAME SPIKE #141: 33.3 ms at 5.5s (Draw: 7636, Bodies: 213)
⚡ FRAME SPIKE #142: 33.3 ms at 5.5s (Draw: 7634, Bodies: 213)
⚡ FRAME SPIKE #143: 33.3 ms at 5.5s (Draw: 7636, Bodies: 213)
⚡ FRAME SPIKE #144: 32.4 ms at 5.6s (Draw: 7633, Bodies: 213)
⚡ FRAME SPIKE #145: 32.5 ms at 5.6s (Draw: 7631, Bodies: 213)
⚡ FRAME SPIKE #146: 31.9 ms at 5.6s (Draw: 7628, Bodies: 213)
⚡ FRAME SPIKE #147: 31.9 ms at 5.7s (Draw: 7625, Bodies: 213)
⚡ FRAME SPIKE #148: 31.9 ms at 5.7s (Draw: 7619, Bodies: 213)
⚡ FRAME SPIKE #149: 31.9 ms at 5.7s (Draw: 7617, Bodies: 213)
⚡ FRAME SPIKE #150: 31.9 ms at 5.7s (Draw: 7619, Bodies: 213)
⚡ FRAME SPIKE #151: 31.9 ms at 5.8s (Draw: 7642, Bodies: 213)
⚡ FRAME SPIKE #152: 31.9 ms at 5.8s (Draw: 7668, Bodies: 213)
⚡ FRAME SPIKE #153: 31.9 ms at 5.8s (Draw: 7695, Bodies: 213)
⚡ FRAME SPIKE #154: 31.9 ms at 5.9s (Draw: 7707, Bodies: 213)
⚡ FRAME SPIKE #155: 31.9 ms at 5.9s (Draw: 7728, Bodies: 213)
⚡ FRAME SPIKE #156: 32.2 ms at 5.9s (Draw: 7742, Bodies: 213)
⚡ FRAME SPIKE #157: 31.9 ms at 6.0s (Draw: 7753, Bodies: 213)
⚡ FRAME SPIKE #158: 32.2 ms at 6.0s (Draw: 7766, Bodies: 213)
⚡ FRAME SPIKE #159: 31.9 ms at 6.0s (Draw: 7768, Bodies: 213)
⚡ FRAME SPIKE #160: 31.9 ms at 6.1s (Draw: 7767, Bodies: 213)
🚗 Traffic: 21 active NPCs (Near: 7, Mid: 13, Far: 1), 1 pooled
  → Physics bodies from NPCs: 21 (All: 21×1, было бы 21×5=105)

========== Bottleneck Analysis Report ==========
Time: 16.5s | Frames: 469

📊 PERFORMANCE OVERVIEW:
  FPS: 32.9 avg | 32.0 min
  Frame Time: 33.21 ms avg | 47.40 ms max
  Physics Time: 4.67 ms avg

🔍 BOTTLENECK IDENTIFICATION:
  🟠 [HIGH] Frame Time
      Value: 33.21 ms (target: 16.67 ms)
      Impact: Overall performance bottleneck
      Suggestions:
        • Reduce draw calls
        • Optimize scripts in _process()
        • Check for expensive operations per frame

  🟠 [HIGH] Draw Calls
      Value: 7220 calls/frame
      Impact: GPU rendering overhead
      Suggestions:
        • Batch meshes by material
        • Use MultiMeshInstance3D
        • Implement LOD system
        • Enable frustum culling

  🟠 [HIGH] Physics Bodies
      Value: 209 active bodies
      Impact: Physics engine load
      Suggestions:
        • Reduce NPC count
        • Convert distant NPCs to kinematic
        • Disable physics for far objects

  🟡 [MEDIUM] Vertex Count
      Value: 53899133 vertices/frame
      Impact: GPU vertex processing
      Suggestions:
        • Implement LOD for distant objects
        • Simplify building meshes
        • Use lower poly models

  🟡 [MEDIUM] Node Count
      Value: 12978 nodes
      Impact: Scene tree traversal overhead
      Suggestions:
        • Unload distant chunks
        • Pool and reuse nodes
        • Flatten hierarchy where possible

  🟡 [MEDIUM] Post-Processing Effects
      Value: SSAO, Glow/Bloom, Volumetric Fog
      Impact: GPU shader overhead
      Suggestions:
        • Reduce SSR quality
        • Disable SSAO on low-end hardware
        • Use simpler fog

📈 DETAILED STATS:
  Draw Calls: 7220 avg | 7768 max
  Vertices: 53899133 avg | 54085804 max
  Physics Bodies: 209
  Nodes: 12978
  VRAM: 744.7 MB

=================================================

⚡ FRAME SPIKE #161: 31.9 ms at 6.1s (Draw: 7784, Bodies: 213)
⚡ FRAME SPIKE #162: 32.0 ms at 6.1s (Draw: 7800, Bodies: 213)
⚡ FRAME SPIKE #163: 32.8 ms at 6.2s (Draw: 7821, Bodies: 213)
⚡ FRAME SPIKE #164: 32.0 ms at 6.2s (Draw: 7831, Bodies: 213)
⚡ FRAME SPIKE #165: 33.2 ms at 6.2s (Draw: 7840, Bodies: 213)
⚡ FRAME SPIKE #166: 31.9 ms at 6.3s (Draw: 7848, Bodies: 213)
⚡ FRAME SPIKE #167: 33.3 ms at 6.3s (Draw: 7927, Bodies: 215)
⚡ FRAME SPIKE #168: 51.0 ms at 6.3s (Draw: 7939, Bodies: 215)
⚡ FRAME SPIKE #169: 39.3 ms at 6.4s (Draw: 7946, Bodies: 215)
⚡ FRAME SPIKE #170: 34.7 ms at 6.4s (Draw: 7936, Bodies: 215)
⚡ FRAME SPIKE #171: 34.2 ms at 6.5s (Draw: 7941, Bodies: 215)
⚡ FRAME SPIKE #172: 34.7 ms at 6.5s (Draw: 7936, Bodies: 215)
⚡ FRAME SPIKE #173: 34.7 ms at 6.5s (Draw: 7933, Bodies: 215)
⚡ FRAME SPIKE #174: 34.7 ms at 6.6s (Draw: 7935, Bodies: 215)
⚡ FRAME SPIKE #175: 34.7 ms at 6.6s (Draw: 7928, Bodies: 215)
⚡ FRAME SPIKE #176: 34.7 ms at 6.6s (Draw: 7925, Bodies: 215)
⚡ FRAME SPIKE #177: 34.5 ms at 6.7s (Draw: 7924, Bodies: 215)
⚡ FRAME SPIKE #178: 33.9 ms at 6.7s (Draw: 7918, Bodies: 215)
⚡ FRAME SPIKE #179: 33.4 ms at 6.7s (Draw: 7919, Bodies: 215)
⚡ FRAME SPIKE #180: 33.3 ms at 6.8s (Draw: 7913, Bodies: 215)
⚡ FRAME SPIKE #181: 33.6 ms at 6.8s (Draw: 7915, Bodies: 215)
⚡ FRAME SPIKE #182: 33.3 ms at 6.8s (Draw: 7916, Bodies: 215)
⚡ FRAME SPIKE #183: 33.3 ms at 6.9s (Draw: 7931, Bodies: 215)
⚡ FRAME SPIKE #184: 33.3 ms at 6.9s (Draw: 7949, Bodies: 215)
⚡ FRAME SPIKE #185: 33.3 ms at 6.9s (Draw: 7984, Bodies: 215)
⚡ FRAME SPIKE #186: 33.3 ms at 7.0s (Draw: 7999, Bodies: 215)
⚡ FRAME SPIKE #187: 33.3 ms at 7.0s (Draw: 8005, Bodies: 215)
⚡ FRAME SPIKE #188: 34.5 ms at 7.0s (Draw: 8017, Bodies: 215)
⚡ FRAME SPIKE #189: 34.2 ms at 7.1s (Draw: 8045, Bodies: 215)
⚡ FRAME SPIKE #190: 34.1 ms at 7.1s (Draw: 8045, Bodies: 215)
⚡ FRAME SPIKE #191: 33.8 ms at 7.1s (Draw: 8043, Bodies: 215)
⚡ FRAME SPIKE #192: 33.7 ms at 7.2s (Draw: 8044, Bodies: 215)
⚡ FRAME SPIKE #193: 33.6 ms at 7.2s (Draw: 8042, Bodies: 215)
⚡ FRAME SPIKE #194: 33.6 ms at 7.2s (Draw: 8039, Bodies: 215)
⚡ FRAME SPIKE #195: 33.3 ms at 7.3s (Draw: 8036, Bodies: 215)
⚡ FRAME SPIKE #196: 34.7 ms at 7.3s (Draw: 8041, Bodies: 215)
⚡ FRAME SPIKE #197: 35.4 ms at 7.3s (Draw: 8050, Bodies: 215)
⚡ FRAME SPIKE #198: 34.7 ms at 7.4s (Draw: 8045, Bodies: 215)
⚡ FRAME SPIKE #199: 34.7 ms at 7.4s (Draw: 8039, Bodies: 215)
⚡ FRAME SPIKE #200: 34.7 ms at 7.4s (Draw: 8030, Bodies: 215)
⚡ FRAME SPIKE #201: 34.7 ms at 7.5s (Draw: 8036, Bodies: 215)
⚡ FRAME SPIKE #202: 34.7 ms at 7.5s (Draw: 8040, Bodies: 215)
⚡ FRAME SPIKE #203: 34.7 ms at 7.5s (Draw: 8046, Bodies: 215)
⚡ FRAME SPIKE #204: 34.7 ms at 7.6s (Draw: 8049, Bodies: 215)
⚡ FRAME SPIKE #205: 34.7 ms at 7.6s (Draw: 8040, Bodies: 215)
⚡ FRAME SPIKE #206: 33.6 ms at 7.6s (Draw: 8042, Bodies: 215)
⚡ FRAME SPIKE #207: 34.3 ms at 7.7s (Draw: 8038, Bodies: 215)
⚡ FRAME SPIKE #208: 33.5 ms at 7.7s (Draw: 8041, Bodies: 215)
⚡ FRAME SPIKE #209: 33.3 ms at 7.7s (Draw: 8041, Bodies: 215)
⚡ FRAME SPIKE #210: 33.4 ms at 7.8s (Draw: 8042, Bodies: 215)
⚡ FRAME SPIKE #211: 33.3 ms at 7.8s (Draw: 8038, Bodies: 215)
⚡ FRAME SPIKE #212: 33.5 ms at 7.8s (Draw: 8037, Bodies: 215)
⚡ FRAME SPIKE #213: 33.5 ms at 7.9s (Draw: 8034, Bodies: 215)
⚡ FRAME SPIKE #214: 33.3 ms at 7.9s (Draw: 8032, Bodies: 215)
⚡ FRAME SPIKE #215: 33.7 ms at 7.9s (Draw: 8026, Bodies: 215)
⚡ FRAME SPIKE #216: 33.3 ms at 8.0s (Draw: 8019, Bodies: 215)
⚡ FRAME SPIKE #217: 33.3 ms at 8.0s (Draw: 8017, Bodies: 215)
⚡ FRAME SPIKE #218: 33.3 ms at 8.0s (Draw: 8012, Bodies: 215)
⚡ FRAME SPIKE #219: 34.7 ms at 8.1s (Draw: 8002, Bodies: 215)
🚗 Traffic: 23 active NPCs (Near: 7, Mid: 16, Far: 0), 1 pooled
  → Physics bodies from NPCs: 23 (All: 23×1, было бы 23×5=115)

========== Bottleneck Analysis Report ==========
Time: 18.5s | Frames: 528

📊 PERFORMANCE OVERVIEW:
  FPS: 31.0 avg | 29.0 min
  Frame Time: 32.99 ms avg | 47.38 ms max
  Physics Time: 4.86 ms avg

🔍 BOTTLENECK IDENTIFICATION:
  🟠 [HIGH] Frame Time
      Value: 32.99 ms (target: 16.67 ms)
      Impact: Overall performance bottleneck
      Suggestions:
        • Reduce draw calls
        • Optimize scripts in _process()
        • Check for expensive operations per frame

  🟠 [HIGH] Draw Calls
      Value: 7782 calls/frame
      Impact: GPU rendering overhead
      Suggestions:
        • Batch meshes by material
        • Use MultiMeshInstance3D
        • Implement LOD system
        • Enable frustum culling

  🟠 [HIGH] Physics Bodies
      Value: 213 active bodies
      Impact: Physics engine load
      Suggestions:
        • Reduce NPC count
        • Convert distant NPCs to kinematic
        • Disable physics for far objects

  🟡 [MEDIUM] Vertex Count
      Value: 53693491 vertices/frame
      Impact: GPU vertex processing
      Suggestions:
        • Implement LOD for distant objects
        • Simplify building meshes
        • Use lower poly models

  🟡 [MEDIUM] Node Count
      Value: 13169 nodes
      Impact: Scene tree traversal overhead
      Suggestions:
        • Unload distant chunks
        • Pool and reuse nodes
        • Flatten hierarchy where possible

  🟡 [MEDIUM] Post-Processing Effects
      Value: SSAO, Glow/Bloom, Volumetric Fog
      Impact: GPU shader overhead
      Suggestions:
        • Reduce SSR quality
        • Disable SSAO on low-end hardware
        • Use simpler fog

📈 DETAILED STATS:
  Draw Calls: 7782 avg | 8050 max
  Vertices: 53693491 avg | 53894866 max
  Physics Bodies: 213
  Nodes: 13169
  VRAM: 744.7 MB

=================================================

⚡ FRAME SPIKE #220: 35.4 ms at 8.1s (Draw: 7999, Bodies: 215)
⚡ FRAME SPIKE #221: 34.8 ms at 8.2s (Draw: 7968, Bodies: 215)
⚡ FRAME SPIKE #222: 35.3 ms at 8.2s (Draw: 7966, Bodies: 215)
⚡ FRAME SPIKE #223: 35.7 ms at 8.2s (Draw: 7981, Bodies: 215)
⚡ FRAME SPIKE #224: 35.5 ms at 8.3s (Draw: 7990, Bodies: 215)
⚡ FRAME SPIKE #225: 34.7 ms at 8.3s (Draw: 8016, Bodies: 215)
=== PAZ Model Meshes Debug ===
Total meshes found: 1
  - Mesh: bus_low_Material_006_0 (MeshInstance3D)
PAZ-32053 model setup complete
⚡ FRAME SPIKE #226: 36.5 ms at 8.3s (Draw: 8030, Bodies: 216)
⚡ FRAME SPIKE #227: 38.2 ms at 8.4s (Draw: 8054, Bodies: 216)
⚡ FRAME SPIKE #228: 38.3 ms at 8.4s (Draw: 8074, Bodies: 216)
⚡ FRAME SPIKE #229: 35.7 ms at 8.4s (Draw: 8057, Bodies: 216)
⚡ FRAME SPIKE #230: 35.7 ms at 8.5s (Draw: 8044, Bodies: 216)
⚡ FRAME SPIKE #231: 35.7 ms at 8.5s (Draw: 8049, Bodies: 216)
⚡ FRAME SPIKE #232: 35.7 ms at 8.5s (Draw: 8047, Bodies: 216)
⚡ FRAME SPIKE #233: 34.8 ms at 8.6s (Draw: 8044, Bodies: 216)
⚡ FRAME SPIKE #234: 35.7 ms at 8.6s (Draw: 8043, Bodies: 216)
⚡ FRAME SPIKE #235: 35.7 ms at 8.7s (Draw: 8049, Bodies: 216)
⚡ FRAME SPIKE #236: 35.7 ms at 8.7s (Draw: 8042, Bodies: 216)
⚡ FRAME SPIKE #237: 35.4 ms at 8.7s (Draw: 8037, Bodies: 216)
⚡ FRAME SPIKE #238: 35.4 ms at 8.8s (Draw: 8031, Bodies: 216)
⚡ FRAME SPIKE #239: 35.4 ms at 8.8s (Draw: 8027, Bodies: 216)
⚡ FRAME SPIKE #240: 35.4 ms at 8.8s (Draw: 8010, Bodies: 216)
⚡ FRAME SPIKE #241: 34.5 ms at 8.9s (Draw: 7999, Bodies: 216)
⚡ FRAME SPIKE #242: 35.2 ms at 8.9s (Draw: 7988, Bodies: 216)
⚡ FRAME SPIKE #243: 35.0 ms at 8.9s (Draw: 7983, Bodies: 216)
⚡ FRAME SPIKE #244: 34.8 ms at 9.0s (Draw: 7976, Bodies: 216)
⚡ FRAME SPIKE #245: 33.1 ms at 9.0s (Draw: 7962, Bodies: 216)

=== PERFORMANCE METRICS ===
FPS: 29 | Frame: 30.7 ms (max 54.8) | Physics: 16.7 ms (max 52.0)
Godot Process: 29.09 ms | Physics: 5.39 ms
Objects: 32175 | Nodes: 13193 | Resources: 535
Draw calls: 7962 | Vertices: 53370388 | VRAM: 744.7 MB
Physics bodies: 216 | Collision pairs: 2086
--- System Times ---
  road_batch_finalize_total_-1,-1: 22.34 ms (max 22.34)
  road_batch_finalize_total_-1,-2: 29.81 ms (max 29.81)
  road_batch_finalize_total_-1,0: 18.24 ms (max 18.24)
  road_batch_finalize_total_-2,-1: 20.68 ms (max 20.68)
  road_batch_finalize_total_-2,-2: 32.34 ms (max 32.34)
  road_batch_finalize_total_-2,0: 5.37 ms (max 5.37)
  road_batch_finalize_total_0,-1: 35.09 ms (max 35.09)
  road_batch_finalize_total_0,-2: 29.80 ms (max 29.80)
  road_batch_finalize_total_0,0: 29.69 ms (max 29.69)
  road_batch_finalize_total_0,1: 12.21 ms (max 12.21)
  road_batch_finalize_total_1,-1: 29.07 ms (max 29.07)
  road_batch_finalize_total_1,-2: 10.23 ms (max 10.23)
  road_batch_finalize_total_1,0: 15.00 ms (max 15.00)
  road_collision_create_-1,-1: 7.22 ms (max 15.43)
  road_collision_create_-1,-2: 14.62 ms (max 26.24)
  road_collision_create_-1,0: 8.88 ms (max 15.62)
  road_collision_create_-2,-1: 6.68 ms (max 13.96)
  road_collision_create_-2,-2: 15.89 ms (max 29.95)
  road_collision_create_-2,0: 2.48 ms (max 2.88)
  road_collision_create_0,-1: 11.46 ms (max 29.03)
  road_collision_create_0,-2: 9.66 ms (max 22.30)
  road_collision_create_0,0: 9.68 ms (max 26.15)
  road_collision_create_0,1: 11.95 ms (max 11.95)
  road_collision_create_1,-1: 9.46 ms (max 24.83)
  road_collision_create_1,-2: 4.84 ms (max 7.28)
  road_collision_create_1,0: 14.60 ms (max 14.60)
===========================

=== PERFORMANCE METRICS ===
FPS: 29 | Frame: 30.7 ms (max 54.8) | Physics: 16.7 ms (max 52.1)
Godot Process: 29.09 ms | Physics: 5.39 ms
Objects: 32175 | Nodes: 13193 | Resources: 535
Draw calls: 7962 | Vertices: 53370388 | VRAM: 744.7 MB
Physics bodies: 216 | Collision pairs: 2086
===========================
⚡ FRAME SPIKE #246: 33.3 ms at 9.0s (Draw: 7960, Bodies: 216)
⚡ FRAME SPIKE #247: 32.8 ms at 9.1s (Draw: 7964, Bodies: 216)
⚡ FRAME SPIKE #248: 33.3 ms at 9.1s (Draw: 7965, Bodies: 215)
⚡ FRAME SPIKE #249: 33.3 ms at 9.1s (Draw: 7984, Bodies: 215)
⚡ FRAME SPIKE #250: 33.2 ms at 9.2s (Draw: 7985, Bodies: 215)
⚡ FRAME SPIKE #251: 32.4 ms at 9.2s (Draw: 7970, Bodies: 215)
⚡ FRAME SPIKE #252: 33.0 ms at 9.2s (Draw: 7963, Bodies: 215)
⚡ FRAME SPIKE #253: 33.3 ms at 9.3s (Draw: 7926, Bodies: 215)
⚡ FRAME SPIKE #254: 33.3 ms at 9.3s (Draw: 7901, Bodies: 215)
⚡ FRAME SPIKE #255: 33.3 ms at 9.3s (Draw: 7779, Bodies: 215)
⚡ FRAME SPIKE #256: 32.8 ms at 9.4s (Draw: 7493, Bodies: 215)
⚡ FRAME SPIKE #257: 32.9 ms at 9.4s (Draw: 7414, Bodies: 215)
⚡ FRAME SPIKE #258: 32.2 ms at 9.4s (Draw: 7278, Bodies: 215)
⚡ FRAME SPIKE #259: 31.7 ms at 9.5s (Draw: 7195, Bodies: 215)
⚡ FRAME SPIKE #260: 28.1 ms at 9.5s (Draw: 7180, Bodies: 215)
⚡ FRAME SPIKE #261: 31.1 ms at 9.5s (Draw: 7178, Bodies: 215)
⚡ FRAME SPIKE #262: 31.6 ms at 9.6s (Draw: 7178, Bodies: 215)
⚡ FRAME SPIKE #263: 31.9 ms at 9.6s (Draw: 7287, Bodies: 215)
⚡ FRAME SPIKE #264: 31.9 ms at 9.6s (Draw: 7325, Bodies: 215)
⚡ FRAME SPIKE #265: 31.9 ms at 9.7s (Draw: 7328, Bodies: 215)
⚡ FRAME SPIKE #266: 31.9 ms at 9.7s (Draw: 7340, Bodies: 215)
⚡ FRAME SPIKE #267: 32.4 ms at 9.7s (Draw: 7339, Bodies: 215)
⚡ FRAME SPIKE #268: 33.3 ms at 9.8s (Draw: 7335, Bodies: 215)
⚡ FRAME SPIKE #269: 31.7 ms at 9.8s (Draw: 7331, Bodies: 215)
⚡ FRAME SPIKE #270: 28.3 ms at 9.8s (Draw: 7332, Bodies: 215)
⚡ FRAME SPIKE #271: 31.7 ms at 9.8s (Draw: 7319, Bodies: 215)
⚡ FRAME SPIKE #272: 31.7 ms at 9.9s (Draw: 7223, Bodies: 215)
⚡ FRAME SPIKE #273: 31.7 ms at 9.9s (Draw: 7133, Bodies: 215)
⚡ FRAME SPIKE #274: 31.7 ms at 9.9s (Draw: 7104, Bodies: 215)
⚡ FRAME SPIKE #275: 31.7 ms at 10.0s (Draw: 7064, Bodies: 215)
⚡ FRAME SPIKE #276: 31.7 ms at 10.0s (Draw: 6984, Bodies: 215)
⚡ FRAME SPIKE #277: 31.2 ms at 10.0s (Draw: 6915, Bodies: 215)
⚡ FRAME SPIKE #278: 27.1 ms at 10.1s (Draw: 6932, Bodies: 215)
⚡ FRAME SPIKE #279: 30.3 ms at 10.1s (Draw: 7035, Bodies: 215)
🚗 Traffic: 23 active NPCs (Near: 8, Mid: 14, Far: 1), 2 pooled
  → Physics bodies from NPCs: 23 (All: 23×1, было бы 23×5=115)

========== Bottleneck Analysis Report ==========
Time: 20.5s | Frames: 588

📊 PERFORMANCE OVERVIEW:
  FPS: 29.8 avg | 29.0 min
  Frame Time: 32.91 ms avg | 47.38 ms max
  Physics Time: 5.13 ms avg

🔍 BOTTLENECK IDENTIFICATION:
  🟠 [HIGH] Frame Time
      Value: 32.91 ms (target: 16.67 ms)
      Impact: Overall performance bottleneck
      Suggestions:
        • Reduce draw calls
        • Optimize scripts in _process()
        • Check for expensive operations per frame

  🟠 [HIGH] Draw Calls
      Value: 7830 calls/frame
      Impact: GPU rendering overhead
      Suggestions:
        • Batch meshes by material
        • Use MultiMeshInstance3D
        • Implement LOD system
        • Enable frustum culling

  🟠 [HIGH] Physics Bodies
      Value: 215 active bodies
      Impact: Physics engine load
      Suggestions:
        • Reduce NPC count
        • Convert distant NPCs to kinematic
        • Disable physics for far objects

  🟡 [MEDIUM] Physics Time
      Value: 5.13 ms
      Impact: Physics simulation overhead
      Suggestions:
        • Reduce number of active physics bodies
        • Simplify collision shapes
        • Disable physics for distant objects

  🟡 [MEDIUM] Vertex Count
      Value: 52376242 vertices/frame
      Impact: GPU vertex processing
      Suggestions:
        • Implement LOD for distant objects
        • Simplify building meshes
        • Use lower poly models

  🟡 [MEDIUM] Node Count
      Value: 13193 nodes
      Impact: Scene tree traversal overhead
      Suggestions:
        • Unload distant chunks
        • Pool and reuse nodes
        • Flatten hierarchy where possible

  🟡 [MEDIUM] Post-Processing Effects
      Value: SSAO, Glow/Bloom, Volumetric Fog
      Impact: GPU shader overhead
      Suggestions:
        • Reduce SSR quality
        • Disable SSAO on low-end hardware
        • Use simpler fog

📈 DETAILED STATS:
  Draw Calls: 7830 avg | 8074 max
  Vertices: 52376242 avg | 53701253 max
  Physics Bodies: 215
  Nodes: 13193
  VRAM: 744.7 MB

=================================================

⚡ FRAME SPIKE #280: 31.2 ms at 10.1s (Draw: 7058, Bodies: 215)
⚡ FRAME SPIKE #281: 31.2 ms at 10.2s (Draw: 7062, Bodies: 215)
⚡ FRAME SPIKE #282: 32.3 ms at 10.2s (Draw: 7003, Bodies: 215)
⚡ FRAME SPIKE #283: 30.6 ms at 10.2s (Draw: 6794, Bodies: 215)
⚡ FRAME SPIKE #284: 27.8 ms at 10.2s (Draw: 6698, Bodies: 215)
⚡ FRAME SPIKE #285: 30.1 ms at 10.3s (Draw: 6498, Bodies: 215)
⚡ FRAME SPIKE #286: 29.5 ms at 10.3s (Draw: 6282, Bodies: 215)
⚡ FRAME SPIKE #287: 29.3 ms at 10.3s (Draw: 5916, Bodies: 215)
⚡ FRAME SPIKE #288: 26.6 ms at 10.4s (Draw: 5769, Bodies: 216)
⚡ FRAME SPIKE #289: 29.4 ms at 10.4s (Draw: 5673, Bodies: 216)
⚡ FRAME SPIKE #290: 28.9 ms at 10.4s (Draw: 5460, Bodies: 216)

========== PERFORMANCE METRICS ==========
Frames: 600
  total_frame: avg=2.39 ms, median=0.04 ms, max=101.90 ms, calls=600, total=1435.0 ms
  road_queue: avg=1.09 ms, median=0.01 ms, max=35.14 ms, calls=600, total=653.7 ms
  infra_queue: avg=0.69 ms, median=0.00 ms, max=15.65 ms, calls=600, total=411.8 ms
  road_batch_finalize: avg=22.33 ms, median=22.37 ms, max=35.13 ms, calls=13, total=290.3 ms
  infra_lamp: avg=1.06 ms, median=1.00 ms, max=14.53 ms, calls=223, total=236.7 ms
  curb_mesh: avg=0.27 ms, median=0.00 ms, max=11.88 ms, calls=551, total=149.8 ms
  terrain_queue: avg=0.24 ms, median=0.00 ms, max=76.81 ms, calls=600, total=146.9 ms
  road_create: avg=0.30 ms, median=0.17 ms, max=10.28 ms, calls=458, total=136.6 ms
  terrain_leisure: avg=7.05 ms, median=0.14 ms, max=75.84 ms, calls=18, total=126.9 ms
  infra_sort: avg=0.29 ms, median=0.17 ms, max=1.10 ms, calls=373, total=109.4 ms
  building_results: avg=0.18 ms, median=0.00 ms, max=1.19 ms, calls=600, total=109.3 ms
  curb_collisions: avg=0.10 ms, median=0.00 ms, max=1.88 ms, calls=600, total=59.8 ms
  building_sort: avg=0.33 ms, median=0.19 ms, max=0.91 ms, calls=166, total=54.9 ms
  infra_yield_sign: avg=0.29 ms, median=0.30 ms, max=0.43 ms, calls=169, total=49.3 ms
  building_apply: avg=0.26 ms, median=0.26 ms, max=0.41 ms, calls=176, total=45.6 ms
  vegetation_queue: avg=0.07 ms, median=0.00 ms, max=21.44 ms, calls=600, total=41.1 ms
  veg_trees: avg=10.06 ms, median=14.69 ms, max=21.43 ms, calls=4, total=40.2 ms
  window_batch_finalize: avg=2.76 ms, median=2.16 ms, max=14.20 ms, calls=11, total=30.4 ms
  road_sort: avg=1.18 ms, median=1.18 ms, max=2.84 ms, calls=19, total=22.4 ms
  terrain_landuse: avg=0.12 ms, median=0.10 ms, max=0.46 ms, calls=78, total=9.3 ms
  curb_smooth: avg=0.03 ms, median=0.03 ms, max=0.20 ms, calls=252, total=8.2 ms
  terrain_sort: avg=0.21 ms, median=0.19 ms, max=0.46 ms, calls=39, total=8.0 ms
  infra_parking_sign: avg=0.53 ms, median=0.52 ms, max=0.59 ms, calls=13, total=6.9 ms
  infra_traffic_light: avg=0.51 ms, median=0.50 ms, max=0.55 ms, calls=8, total=4.1 ms
  curb_latlon: avg=0.01 ms, median=0.01 ms, max=0.05 ms, calls=252, total=2.9 ms
  terrain_natural: avg=0.08 ms, median=0.08 ms, max=0.08 ms, calls=1, total=0.1 ms
  veg_bushes_grass: avg=0.02 ms, median=0.02 ms, max=0.02 ms, calls=4, total=0.1 ms
==========================================


========== DRAW CALL BREAKDOWN ==========
Total tracked draw calls: 1553

  Lamps       :   669 ( 43.1%) ████████
  Vegetation  :   370 ( 23.8%) ████
  Buildings   :   350 ( 22.5%) ████
  Terrain     :    97 (  6.2%) █
  Roads       :    30 (  1.9%) 
  Signs       :    26 (  1.7%) 
  Windows     :    11 (  0.7%) 

💡 RECOMMENDATIONS:
  🟠 Infrastructure: 44.8% of draw calls
     → Use MultiMesh for curbs, lamps, signs
=========================================

⚡ FRAME SPIKE #291: 28.9 ms at 10.5s (Draw: 5373, Bodies: 216)
⚡ FRAME SPIKE #292: 28.3 ms at 10.5s (Draw: 5368, Bodies: 216)
⚡ FRAME SPIKE #293: 27.8 ms at 10.6s (Draw: 5461, Bodies: 216)
⚡ FRAME SPIKE #294: 27.8 ms at 10.6s (Draw: 5417, Bodies: 216)
⚡ FRAME SPIKE #295: 27.3 ms at 10.6s (Draw: 5336, Bodies: 216)
⚡ FRAME SPIKE #296: 25.0 ms at 10.7s (Draw: 5314, Bodies: 216)
⚡ FRAME SPIKE #297: 26.7 ms at 10.7s (Draw: 5127, Bodies: 216)
⚡ FRAME SPIKE #298: 25.0 ms at 10.7s (Draw: 5122, Bodies: 216)
⚡ FRAME SPIKE #299: 27.9 ms at 10.7s (Draw: 5104, Bodies: 216)
⚡ FRAME SPIKE #300: 26.7 ms at 10.8s (Draw: 5091, Bodies: 216)
⚡ FRAME SPIKE #301: 26.7 ms at 10.8s (Draw: 5105, Bodies: 216)
⚡ FRAME SPIKE #302: 26.4 ms at 10.9s (Draw: 5134, Bodies: 216)
⚡ FRAME SPIKE #303: 25.9 ms at 10.9s (Draw: 5299, Bodies: 216)
⚡ FRAME SPIKE #304: 25.9 ms at 10.9s (Draw: 5320, Bodies: 216)
⚡ FRAME SPIKE #305: 28.4 ms at 11.0s (Draw: 5343, Bodies: 216)
⚡ FRAME SPIKE #306: 25.9 ms at 11.0s (Draw: 5309, Bodies: 216)
OSM: Loading chunk -1,-3 at lat=59.1235, lon=37.8974
OSM: Loaded from cache: osm_v2_59.1235_37.8974_250.json
OSM: Loading chunk 0,-3 at lat=59.1235, lon=37.9026
OSM: Loaded from cache: osm_v2_59.1235_37.9026_250.json
OSM: Chunk -1,-3 data loaded
OSM: Found 2 entrance nodes in chunk
OSM: Found 10 POI nodes in chunk
POI_DEBUG: Found 'unknown' inside building at local (-132.4, -816.5)
BusinessSign: Found logo for 'втб' -> res://textures/brand_logos/vtb.png
POI_DEBUG: Found 'Ozon' inside building at local (-208.3, -750.2)
BusinessSign: Found logo for 'ozon' -> res://textures/brand_logos/ozon.png
POI_DEBUG: Found 'Сбербанк' inside building at local (-151.6, -859.4)
BusinessSign: Found logo for 'сбербанк' -> res://textures/brand_logos/sberbank.png
Loading resource: res://textures/brand_logos/sberbank.png
Loading resource: res://.godot/imported/sberbank.png-01daec8b385e47dc915e5db06368ee2f.ctex
BusinessSign: Found logo for 'сбербанк' -> res://textures/brand_logos/sberbank.png
POI_DEBUG: Found 'Ozon' inside building at local (-59.7, -662.5)
BusinessSign: Found logo for 'ozon' -> res://textures/brand_logos/ozon.png
OSM: Generated 38 roads, 35 buildings, 0 trees, 0 signs, 0 lamps, 28 intersections
OSM: Marked chunk '-1,-3' for road batch finalization
OSM: Post-initial chunk loaded, pending_lamps=0
OSM: _create_pending_lamps started, count=0
OSM: No pending lamps
OSM: Chunk 0,-3 data loaded
OSM: Found 14 POI nodes in chunk
POI_DEBUG: Found 'Антей' inside building at local (29.3, -584.4)
OSM: Generated 79 roads, 17 buildings, 0 trees, 0 signs, 0 lamps, 37 intersections
OSM: Marked chunk '0,-3' for road batch finalization
OSM: Post-initial chunk loaded, pending_lamps=0
OSM: _create_pending_lamps started, count=0
OSM: No pending lamps
⚡ FRAME SPIKE #307: 90.7 ms at 11.0s (Draw: 5326, Bodies: 221)
OSM: DEBUG _add_road_to_batch - first road for chunk '0,-3', parent.name='Chunk_0,-3'
OSM: DEBUG _add_road_to_batch - first road for chunk '-1,-3', parent.name='Chunk_-1,-3'
⚡ FRAME SPIKE #308: 57.0 ms at 11.1s (Draw: 5227, Bodies: 222)
⚠️ SLOW FRAME 11.1ms: building=0.4 road=9.8 terrain=0.3 infra=0.5 veg=0.0 curb=0.0ms
⚡ FRAME SPIKE #309: 46.9 ms at 11.2s (Draw: 4999, Bodies: 223)
⚡ FRAME SPIKE #310: 51.5 ms at 11.2s (Draw: 4887, Bodies: 224)
⚡ FRAME SPIKE #311: 41.9 ms at 11.3s (Draw: 4871, Bodies: 225)
⚡ FRAME SPIKE #312: 34.2 ms at 11.3s (Draw: 4825, Bodies: 226)
⚡ FRAME SPIKE #313: 33.8 ms at 11.3s (Draw: 4796, Bodies: 227)
⚡ FRAME SPIKE #314: 37.1 ms at 11.4s (Draw: 4826, Bodies: 228)
⚠️ SLOW FRAME 12.2ms: building=0.4 road=7.5 terrain=0.2 infra=0.5 veg=3.6 curb=0.0ms
⚡ FRAME SPIKE #315: 38.9 ms at 11.4s (Draw: 4925, Bodies: 229)
⚡ FRAME SPIKE #316: 35.7 ms at 11.5s (Draw: 4988, Bodies: 230)
🔴 FREEZE: road collision shape creation took 15.9 ms for chunk -1,-3 (type: residential)
OSM: ✅ Finalized road batch -1,-3/residential: 2166 vertices, 2110 triangles, material: <ImageTexture#-9223371972648368119>
OSM: ✅ Finalized road batch -1,-3/path: 792 vertices, 776 triangles, material: <ImageTexture#-9223371972547704822>
OSM: ✅ Finalized road batch -1,-3/primary: 410 vertices, 406 triangles, material: <ImageTexture#-9223371972749031416>
⚠️ SLOW: road batch finalization took 21.0 ms for chunk -1,-3
⚠️ SLOW FRAME 44.4ms: building=0.4 road=21.0 terrain=0.2 infra=0.4 veg=22.4 curb=0.0ms
⚡ FRAME SPIKE #317: 65.7 ms at 11.5s (Draw: 5007, Bodies: 231)
🔴 FREEZE: road collision shape creation took 22.1 ms for chunk 0,-3 (type: path)
OSM: ✅ Finalized road batch 0,-3/path: 2286 vertices, 2210 triangles, material: <ImageTexture#-9223371972547704822>
OSM: ✅ Finalized road batch 0,-3/primary: 962 vertices, 944 triangles, material: <ImageTexture#-9223371972749031416>
OSM: ✅ Finalized road batch 0,-3/residential: 1688 vertices, 1624 triangles, material: <ImageTexture#-9223371972648368119>
⚠️ SLOW: road batch finalization took 29.2 ms for chunk 0,-3
⚠️ SLOW FRAME 30.3ms: building=0.4 road=29.3 terrain=0.2 infra=0.4 veg=0.0 curb=0.0ms
⚡ FRAME SPIKE #318: 66.7 ms at 11.6s (Draw: 5051, Bodies: 232)
⚠️ SLOW FRAME 18.7ms: building=0.5 road=1.1 terrain=0.3 infra=0.7 veg=15.8 curb=0.3ms
⚡ FRAME SPIKE #319: 56.0 ms at 11.6s (Draw: 4991, Bodies: 232)
⚡ FRAME SPIKE #320: 43.5 ms at 11.7s (Draw: 4890, Bodies: 233)
⚡ FRAME SPIKE #321: 35.9 ms at 11.7s (Draw: 4824, Bodies: 234)
⚡ FRAME SPIKE #322: 33.9 ms at 11.8s (Draw: 4785, Bodies: 235)
⚡ FRAME SPIKE #323: 31.5 ms at 11.8s (Draw: 4720, Bodies: 236)
⚡ FRAME SPIKE #324: 29.9 ms at 11.8s (Draw: 4654, Bodies: 237)
⚡ FRAME SPIKE #325: 31.5 ms at 11.9s (Draw: 4607, Bodies: 238)
⚡ FRAME SPIKE #326: 30.2 ms at 11.9s (Draw: 4573, Bodies: 239)
⚡ FRAME SPIKE #327: 30.7 ms at 11.9s (Draw: 4501, Bodies: 239)
⚡ FRAME SPIKE #328: 25.1 ms at 12.0s (Draw: 4407, Bodies: 240)
⚡ FRAME SPIKE #329: 28.8 ms at 12.0s (Draw: 4253, Bodies: 241)
⚡ FRAME SPIKE #330: 28.9 ms at 12.0s (Draw: 4206, Bodies: 242)
⚡ FRAME SPIKE #331: 27.6 ms at 12.0s (Draw: 4187, Bodies: 243)
⚡ FRAME SPIKE #332: 29.2 ms at 12.1s (Draw: 4128, Bodies: 243)
⚡ FRAME SPIKE #333: 29.2 ms at 12.1s (Draw: 4134, Bodies: 244)
⚡ FRAME SPIKE #334: 29.2 ms at 12.1s (Draw: 4138, Bodies: 245)
🚗 Traffic: 24 active NPCs (Near: 8, Mid: 14, Far: 2), 1 pooled
  → Physics bodies from NPCs: 24 (All: 24×1, было бы 24×5=120)

========== Bottleneck Analysis Report ==========
Time: 22.6s | Frames: 649

📊 PERFORMANCE OVERVIEW:
  FPS: 30.2 avg | 28.0 min
  Frame Time: 35.53 ms avg | 91.98 ms max
  Physics Time: 5.25 ms avg

🔍 BOTTLENECK IDENTIFICATION:
  🔴 [CRITICAL] Frame Time
      Value: 35.53 ms (target: 16.67 ms)
      Impact: Overall performance bottleneck
      Suggestions:
        • Reduce draw calls
        • Optimize scripts in _process()
        • Check for expensive operations per frame

  🟠 [HIGH] Draw Calls
      Value: 6424 calls/frame
      Impact: GPU rendering overhead
      Suggestions:
        • Batch meshes by material
        • Use MultiMeshInstance3D
        • Implement LOD system
        • Enable frustum culling

  🟠 [HIGH] Physics Bodies
      Value: 219 active bodies
      Impact: Physics engine load
      Suggestions:
        • Reduce NPC count
        • Convert distant NPCs to kinematic
        • Disable physics for far objects

  🟡 [MEDIUM] Physics Time
      Value: 5.25 ms
      Impact: Physics simulation overhead
      Suggestions:
        • Reduce number of active physics bodies
        • Simplify collision shapes
        • Disable physics for distant objects

  🟡 [MEDIUM] Vertex Count
      Value: 38109739 vertices/frame
      Impact: GPU vertex processing
      Suggestions:
        • Implement LOD for distant objects
        • Simplify building meshes
        • Use lower poly models

  🟡 [MEDIUM] Node Count
      Value: 14815 nodes
      Impact: Scene tree traversal overhead
      Suggestions:
        • Unload distant chunks
        • Pool and reuse nodes
        • Flatten hierarchy where possible

  🟡 [MEDIUM] Post-Processing Effects
      Value: SSAO, Glow/Bloom, Volumetric Fog
      Impact: GPU shader overhead
      Suggestions:
        • Reduce SSR quality
        • Disable SSAO on low-end hardware
        • Use simpler fog

📈 DETAILED STATS:
  Draw Calls: 6424 avg | 8074 max
  Vertices: 38109739 avg | 53441730 max
  Physics Bodies: 219
  Nodes: 14815
  VRAM: 751.7 MB

=================================================

⚡ FRAME SPIKE #335: 28.5 ms at 12.1s (Draw: 4136, Bodies: 246)
⚡ FRAME SPIKE #336: 45.7 ms at 12.2s (Draw: 4122, Bodies: 247)
⚡ FRAME SPIKE #337: 36.4 ms at 12.2s (Draw: 4114, Bodies: 248)
⚡ FRAME SPIKE #338: 33.3 ms at 12.3s (Draw: 4119, Bodies: 249)
⚡ FRAME SPIKE #339: 33.3 ms at 12.3s (Draw: 4120, Bodies: 250)
⚡ FRAME SPIKE #340: 33.3 ms at 12.3s (Draw: 4124, Bodies: 251)
⚡ FRAME SPIKE #341: 33.3 ms at 12.4s (Draw: 4199, Bodies: 252)
⚡ FRAME SPIKE #342: 33.3 ms at 12.4s (Draw: 4284, Bodies: 255)
⚡ FRAME SPIKE #343: 34.2 ms at 12.4s (Draw: 4262, Bodies: 256)
⚡ FRAME SPIKE #344: 33.3 ms at 12.5s (Draw: 4267, Bodies: 257)
⚡ FRAME SPIKE #345: 33.3 ms at 12.5s (Draw: 4248, Bodies: 258)
⚡ FRAME SPIKE #346: 34.7 ms at 12.5s (Draw: 4223, Bodies: 259)
⚡ FRAME SPIKE #347: 34.7 ms at 12.6s (Draw: 4144, Bodies: 260)
⚡ FRAME SPIKE #348: 33.5 ms at 12.6s (Draw: 4155, Bodies: 261)
⚡ FRAME SPIKE #349: 33.3 ms at 12.6s (Draw: 4158, Bodies: 262)
⚡ FRAME SPIKE #350: 33.3 ms at 12.7s (Draw: 4156, Bodies: 263)
⚡ FRAME SPIKE #351: 33.3 ms at 12.7s (Draw: 4150, Bodies: 264)
⚡ FRAME SPIKE #352: 33.3 ms at 12.7s (Draw: 4146, Bodies: 265)
OSM: 🌙 NIGHT Window batch 0,-3 | night_mgr: CACHED | is_night value: true
OSM: ✅ Finalized window batch 0,-3: 2329 windows (was 2329 draw calls before batching)
⚡ FRAME SPIKE #353: 32.8 ms at 12.8s (Draw: 4128, Bodies: 266)
OSM: 🌙 NIGHT Window batch -1,-3 | night_mgr: CACHED | is_night value: true
OSM: ✅ Finalized window batch -1,-3: 4341 windows (was 4341 draw calls before batching)
⚡ FRAME SPIKE #354: 30.4 ms at 12.8s (Draw: 4098, Bodies: 267)
⚡ FRAME SPIKE #355: 30.3 ms at 12.8s (Draw: 4104, Bodies: 268)
⚡ FRAME SPIKE #356: 29.1 ms at 12.9s (Draw: 4110, Bodies: 269)
⚡ FRAME SPIKE #357: 29.5 ms at 12.9s (Draw: 4105, Bodies: 270)
⚡ FRAME SPIKE #358: 29.4 ms at 12.9s (Draw: 4134, Bodies: 271)
⚡ FRAME SPIKE #359: 29.2 ms at 13.0s (Draw: 4120, Bodies: 272)
⚡ FRAME SPIKE #360: 25.2 ms at 13.0s (Draw: 4115, Bodies: 273)
⚡ FRAME SPIKE #361: 29.2 ms at 13.0s (Draw: 4109, Bodies: 274)
⚡ FRAME SPIKE #362: 28.3 ms at 13.1s (Draw: 4166, Bodies: 275)
⚡ FRAME SPIKE #363: 28.3 ms at 13.1s (Draw: 4187, Bodies: 276)
⚡ FRAME SPIKE #364: 28.3 ms at 13.1s (Draw: 4196, Bodies: 277)
⚡ FRAME SPIKE #365: 30.8 ms at 13.1s (Draw: 4150, Bodies: 278)
⚡ FRAME SPIKE #366: 28.3 ms at 13.2s (Draw: 4058, Bodies: 279)
⚡ FRAME SPIKE #367: 27.1 ms at 13.2s (Draw: 3961, Bodies: 280)
⚡ FRAME SPIKE #368: 28.3 ms at 13.2s (Draw: 3903, Bodies: 281)
⚡ FRAME SPIKE #369: 28.3 ms at 13.3s (Draw: 3879, Bodies: 281)
⚡ FRAME SPIKE #370: 28.1 ms at 13.3s (Draw: 3863, Bodies: 281)
⚡ FRAME SPIKE #371: 28.0 ms at 13.3s (Draw: 3860, Bodies: 281)
⚡ FRAME SPIKE #372: 28.0 ms at 13.3s (Draw: 3870, Bodies: 281)
⚡ FRAME SPIKE #373: 27.8 ms at 13.4s (Draw: 3888, Bodies: 281)
=== PAZ Model Meshes Debug ===
Total meshes found: 1
  - Mesh: bus_low_Material_006_0 (MeshInstance3D)
PAZ-32053 model setup complete
⚡ FRAME SPIKE #374: 25.8 ms at 13.4s (Draw: 3893, Bodies: 281)
⚡ FRAME SPIKE #375: 27.8 ms at 13.4s (Draw: 3898, Bodies: 281)
⚡ FRAME SPIKE #376: 27.3 ms at 13.5s (Draw: 3912, Bodies: 281)
⚡ FRAME SPIKE #377: 27.3 ms at 13.5s (Draw: 3916, Bodies: 281)
⚡ FRAME SPIKE #378: 27.8 ms at 13.5s (Draw: 3931, Bodies: 281)
⚡ FRAME SPIKE #379: 27.3 ms at 13.6s (Draw: 3930, Bodies: 281)
⚡ FRAME SPIKE #380: 27.1 ms at 13.6s (Draw: 3940, Bodies: 281)
⚡ FRAME SPIKE #381: 26.7 ms at 13.7s (Draw: 3965, Bodies: 281)
⚡ FRAME SPIKE #382: 25.9 ms at 13.7s (Draw: 4036, Bodies: 281)
⚡ FRAME SPIKE #383: 25.8 ms at 13.7s (Draw: 4055, Bodies: 281)
⚡ FRAME SPIKE #384: 25.8 ms at 13.8s (Draw: 4054, Bodies: 281)
⚡ FRAME SPIKE #385: 25.1 ms at 13.8s (Draw: 4048, Bodies: 281)
⚡ FRAME SPIKE #386: 27.7 ms at 13.8s (Draw: 4026, Bodies: 281)
⚡ FRAME SPIKE #387: 25.9 ms at 13.8s (Draw: 4012, Bodies: 281)
⚡ FRAME SPIKE #388: 25.9 ms at 13.9s (Draw: 3984, Bodies: 281)
⚡ FRAME SPIKE #389: 25.9 ms at 13.9s (Draw: 3982, Bodies: 281)
⚡ FRAME SPIKE #390: 25.9 ms at 13.9s (Draw: 3986, Bodies: 281)
⚡ FRAME SPIKE #391: 25.9 ms at 13.9s (Draw: 3993, Bodies: 281)
⚡ FRAME SPIKE #392: 25.9 ms at 14.0s (Draw: 3986, Bodies: 281)
⚡ FRAME SPIKE #393: 25.9 ms at 14.0s (Draw: 3986, Bodies: 281)
⚡ FRAME SPIKE #394: 25.8 ms at 14.0s (Draw: 3990, Bodies: 281)

=== PERFORMANCE METRICS ===
FPS: 35 | Frame: 32.3 ms (max 90.7) | Physics: 16.7 ms (max 97.0)
Godot Process: 23.93 ms | Physics: 6.37 ms
Objects: 40343 | Nodes: 16551 | Resources: 536
Draw calls: 3990 | Vertices: 3686265 | VRAM: 754.0 MB
Physics bodies: 281 | Collision pairs: 3025
--- System Times ---
  road_batch_finalize_total_-1,-1: 22.34 ms (max 22.34)
  road_batch_finalize_total_-1,-2: 29.81 ms (max 29.81)
  road_batch_finalize_total_-1,-3: 20.96 ms (max 20.96)
  road_batch_finalize_total_-1,0: 18.24 ms (max 18.24)
  road_batch_finalize_total_-2,-1: 20.68 ms (max 20.68)
  road_batch_finalize_total_-2,-2: 32.34 ms (max 32.34)
  road_batch_finalize_total_-2,0: 5.37 ms (max 5.37)
  road_batch_finalize_total_0,-1: 35.09 ms (max 35.09)
  road_batch_finalize_total_0,-2: 29.80 ms (max 29.80)
  road_batch_finalize_total_0,-3: 29.24 ms (max 29.24)
  road_batch_finalize_total_0,0: 29.69 ms (max 29.69)
  road_batch_finalize_total_0,1: 12.21 ms (max 12.21)
  road_batch_finalize_total_1,-1: 29.07 ms (max 29.07)
  road_batch_finalize_total_1,-2: 10.23 ms (max 10.23)
  road_batch_finalize_total_1,0: 15.00 ms (max 15.00)
  road_collision_create_-1,-1: 7.22 ms (max 15.43)
  road_collision_create_-1,-2: 14.62 ms (max 26.24)
  road_collision_create_-1,-3: 6.73 ms (max 15.91)
  road_collision_create_-1,0: 8.88 ms (max 15.62)
  road_collision_create_-2,-1: 6.68 ms (max 13.96)
  road_collision_create_-2,-2: 15.89 ms (max 29.95)
  road_collision_create_-2,0: 2.48 ms (max 2.88)
  road_collision_create_0,-1: 11.46 ms (max 29.03)
  road_collision_create_0,-2: 9.66 ms (max 22.30)
  road_collision_create_0,-3: 9.37 ms (max 22.06)
  road_collision_create_0,0: 9.68 ms (max 26.15)
  road_collision_create_0,1: 11.95 ms (max 11.95)
  road_collision_create_1,-1: 9.46 ms (max 24.83)
  road_collision_create_1,-2: 4.84 ms (max 7.28)
  road_collision_create_1,0: 14.60 ms (max 14.60)
===========================

=== PERFORMANCE METRICS ===
FPS: 35 | Frame: 32.3 ms (max 90.7) | Physics: 16.7 ms (max 97.1)
Godot Process: 23.93 ms | Physics: 6.37 ms
Objects: 40343 | Nodes: 16551 | Resources: 536
Draw calls: 3990 | Vertices: 3686265 | VRAM: 754.0 MB
Physics bodies: 281 | Collision pairs: 3025
===========================
⚡ FRAME SPIKE #395: 26.1 ms at 14.0s (Draw: 3977, Bodies: 281)
⚡ FRAME SPIKE #396: 25.9 ms at 14.1s (Draw: 3971, Bodies: 281)
⚡ FRAME SPIKE #397: 25.9 ms at 14.1s (Draw: 3976, Bodies: 281)
⚡ FRAME SPIKE #398: 25.9 ms at 14.1s (Draw: 3945, Bodies: 281)
⚡ FRAME SPIKE #399: 25.9 ms at 14.1s (Draw: 3936, Bodies: 280)
🚗 Traffic: 25 active NPCs (Near: 5, Mid: 18, Far: 2), 2 pooled
  → Physics bodies from NPCs: 25 (All: 25×1, было бы 25×5=125)

========== Bottleneck Analysis Report ==========
Time: 24.6s | Frames: 719

📊 PERFORMANCE OVERVIEW:
  FPS: 30.8 avg | 28.0 min
  Frame Time: 40.94 ms avg | 91.98 ms max
  Physics Time: 5.62 ms avg

🔍 BOTTLENECK IDENTIFICATION:
  🔴 [CRITICAL] Frame Time
      Value: 40.94 ms (target: 16.67 ms)
      Impact: Overall performance bottleneck
      Suggestions:
        • Reduce draw calls
        • Optimize scripts in _process()
        • Check for expensive operations per frame

  🟠 [HIGH] Draw Calls
      Value: 4424 calls/frame
      Impact: GPU rendering overhead
      Suggestions:
        • Batch meshes by material
        • Use MultiMeshInstance3D
        • Implement LOD system
        • Enable frustum culling

  🟠 [HIGH] Physics Bodies
      Value: 253 active bodies
      Impact: Physics engine load
      Suggestions:
        • Reduce NPC count
        • Convert distant NPCs to kinematic
        • Disable physics for far objects

  🟡 [MEDIUM] Physics Time
      Value: 5.62 ms
      Impact: Physics simulation overhead
      Suggestions:
        • Reduce number of active physics bodies
        • Simplify collision shapes
        • Disable physics for distant objects

  🟡 [MEDIUM] Vertex Count
      Value: 10867789 vertices/frame
      Impact: GPU vertex processing
      Suggestions:
        • Implement LOD for distant objects
        • Simplify building meshes
        • Use lower poly models

  🟡 [MEDIUM] Node Count
      Value: 16551 nodes
      Impact: Scene tree traversal overhead
      Suggestions:
        • Unload distant chunks
        • Pool and reuse nodes
        • Flatten hierarchy where possible

  🟡 [MEDIUM] Post-Processing Effects
      Value: SSAO, Glow/Bloom, Volumetric Fog
      Impact: GPU shader overhead
      Suggestions:
        • Reduce SSR quality
        • Disable SSAO on low-end hardware
        • Use simpler fog

📈 DETAILED STATS:
  Draw Calls: 4424 avg | 5461 max
  Vertices: 10867789 avg | 46977647 max
  Physics Bodies: 253
  Nodes: 16551
  VRAM: 754.0 MB

=================================================

⚡ FRAME SPIKE #400: 25.9 ms at 14.2s (Draw: 3917, Bodies: 280)
⚡ FRAME SPIKE #401: 25.9 ms at 14.2s (Draw: 3919, Bodies: 280)
⚡ FRAME SPIKE #402: 25.9 ms at 14.2s (Draw: 3912, Bodies: 280)
⚡ FRAME SPIKE #403: 25.8 ms at 14.2s (Draw: 3914, Bodies: 280)
⚡ FRAME SPIKE #404: 25.8 ms at 14.3s (Draw: 3906, Bodies: 280)
⚡ FRAME SPIKE #405: 25.8 ms at 14.3s (Draw: 3901, Bodies: 280)
⚡ FRAME SPIKE #406: 25.8 ms at 14.3s (Draw: 3900, Bodies: 280)
⚡ FRAME SPIKE #407: 25.8 ms at 14.4s (Draw: 3884, Bodies: 280)
⚡ FRAME SPIKE #408: 25.8 ms at 14.4s (Draw: 3880, Bodies: 280)
⚡ FRAME SPIKE #409: 25.8 ms at 14.4s (Draw: 3875, Bodies: 280)
=== PAZ Model Meshes Debug ===
Total meshes found: 1
  - Mesh: bus_low_Material_006_0 (MeshInstance3D)
PAZ-32053 model setup complete
⚡ FRAME SPIKE #410: 25.8 ms at 14.4s (Draw: 3869, Bodies: 282)
⚡ FRAME SPIKE #411: 25.9 ms at 14.5s (Draw: 3867, Bodies: 282)
⚡ FRAME SPIKE #412: 25.8 ms at 14.5s (Draw: 3865, Bodies: 282)
⚡ FRAME SPIKE #413: 25.9 ms at 14.5s (Draw: 3868, Bodies: 282)
⚡ FRAME SPIKE #414: 25.8 ms at 14.5s (Draw: 3870, Bodies: 282)
⚡ FRAME SPIKE #415: 25.8 ms at 14.6s (Draw: 3867, Bodies: 282)
⚡ FRAME SPIKE #416: 25.8 ms at 14.6s (Draw: 3865, Bodies: 282)
⚡ FRAME SPIKE #417: 25.8 ms at 14.6s (Draw: 3864, Bodies: 282)
⚡ FRAME SPIKE #418: 25.8 ms at 14.6s (Draw: 3865, Bodies: 282)
⚡ FRAME SPIKE #419: 25.8 ms at 14.7s (Draw: 3868, Bodies: 282)
⚡ FRAME SPIKE #420: 25.8 ms at 14.7s (Draw: 3866, Bodies: 282)
⚡ FRAME SPIKE #421: 25.8 ms at 14.7s (Draw: 3869, Bodies: 282)
⚡ FRAME SPIKE #422: 25.8 ms at 14.7s (Draw: 3877, Bodies: 282)
⚡ FRAME SPIKE #423: 25.8 ms at 14.8s (Draw: 3872, Bodies: 282)
⚡ FRAME SPIKE #424: 25.8 ms at 14.8s (Draw: 3857, Bodies: 282)
⚡ FRAME SPIKE #425: 25.8 ms at 14.8s (Draw: 3857, Bodies: 282)
⚡ FRAME SPIKE #426: 25.8 ms at 14.8s (Draw: 3851, Bodies: 282)
⚡ FRAME SPIKE #427: 25.8 ms at 14.9s (Draw: 3851, Bodies: 282)
⚡ FRAME SPIKE #428: 25.8 ms at 14.9s (Draw: 3850, Bodies: 282)
⚡ FRAME SPIKE #429: 25.8 ms at 14.9s (Draw: 3837, Bodies: 282)
⚡ FRAME SPIKE #430: 25.8 ms at 14.9s (Draw: 3841, Bodies: 282)
⚡ FRAME SPIKE #431: 25.8 ms at 15.0s (Draw: 3834, Bodies: 282)
⚡ FRAME SPIKE #432: 25.8 ms at 15.0s (Draw: 3830, Bodies: 282)
⚡ FRAME SPIKE #433: 25.8 ms at 15.0s (Draw: 3823, Bodies: 282)
⚡ FRAME SPIKE #434: 25.1 ms at 15.0s (Draw: 3819, Bodies: 282)
⚡ FRAME SPIKE #435: 25.8 ms at 15.1s (Draw: 3814, Bodies: 282)
⚡ FRAME SPIKE #436: 25.9 ms at 15.1s (Draw: 3814, Bodies: 282)
⚡ FRAME SPIKE #437: 26.3 ms at 15.1s (Draw: 3808, Bodies: 282)
⚡ FRAME SPIKE #438: 25.9 ms at 15.2s (Draw: 3803, Bodies: 282)
⚡ FRAME SPIKE #439: 25.8 ms at 15.2s (Draw: 3806, Bodies: 282)
⚡ FRAME SPIKE #440: 25.9 ms at 15.2s (Draw: 3797, Bodies: 282)
⚡ FRAME SPIKE #441: 25.8 ms at 15.2s (Draw: 3795, Bodies: 282)
⚡ FRAME SPIKE #442: 25.8 ms at 15.3s (Draw: 3795, Bodies: 282)
⚡ FRAME SPIKE #443: 25.8 ms at 15.3s (Draw: 3791, Bodies: 282)
⚡ FRAME SPIKE #444: 25.8 ms at 15.3s (Draw: 3792, Bodies: 282)
⚡ FRAME SPIKE #445: 25.8 ms at 15.3s (Draw: 3791, Bodies: 282)
⚡ FRAME SPIKE #446: 25.8 ms at 15.4s (Draw: 3786, Bodies: 282)
⚡ FRAME SPIKE #447: 25.9 ms at 15.4s (Draw: 3789, Bodies: 282)
⚡ FRAME SPIKE #448: 25.9 ms at 15.4s (Draw: 3791, Bodies: 282)
⚡ FRAME SPIKE #449: 31.5 ms at 15.4s (Draw: 4455, Bodies: 284)
⚡ FRAME SPIKE #450: 67.9 ms at 15.5s (Draw: 4474, Bodies: 283)
⚡ FRAME SPIKE #451: 52.0 ms at 15.5s (Draw: 4458, Bodies: 283)
⚡ FRAME SPIKE #452: 48.0 ms at 15.6s (Draw: 4444, Bodies: 283)
⚡ FRAME SPIKE #453: 35.9 ms at 15.6s (Draw: 4431, Bodies: 283)
⚡ FRAME SPIKE #454: 30.8 ms at 15.7s (Draw: 4422, Bodies: 282)
⚡ FRAME SPIKE #455: 30.6 ms at 15.7s (Draw: 4407, Bodies: 282)
⚡ FRAME SPIKE #456: 29.6 ms at 15.8s (Draw: 4408, Bodies: 282)
⚡ FRAME SPIKE #457: 27.8 ms at 15.8s (Draw: 4396, Bodies: 282)
⚡ FRAME SPIKE #458: 26.4 ms at 15.8s (Draw: 4397, Bodies: 282)
⚡ FRAME SPIKE #459: 29.2 ms at 15.8s (Draw: 4389, Bodies: 282)
⚡ FRAME SPIKE #460: 27.8 ms at 15.9s (Draw: 4397, Bodies: 282)
⚡ FRAME SPIKE #461: 26.9 ms at 15.9s (Draw: 4402, Bodies: 282)
⚡ FRAME SPIKE #462: 28.3 ms at 15.9s (Draw: 4389, Bodies: 282)
⚡ FRAME SPIKE #463: 27.8 ms at 16.0s (Draw: 4383, Bodies: 282)
⚡ FRAME SPIKE #464: 27.8 ms at 16.0s (Draw: 4374, Bodies: 282)
⚡ FRAME SPIKE #465: 27.8 ms at 16.0s (Draw: 4370, Bodies: 282)
⚡ FRAME SPIKE #466: 27.8 ms at 16.0s (Draw: 4370, Bodies: 282)
⚡ FRAME SPIKE #467: 27.8 ms at 16.1s (Draw: 4371, Bodies: 282)
⚡ FRAME SPIKE #468: 27.8 ms at 16.1s (Draw: 4370, Bodies: 282)
⚡ FRAME SPIKE #469: 27.8 ms at 16.1s (Draw: 4372, Bodies: 282)
⚡ FRAME SPIKE #470: 27.8 ms at 16.1s (Draw: 4368, Bodies: 282)
🚗 Traffic: 27 active NPCs (Near: 3, Mid: 19, Far: 5), 3 pooled
  → Physics bodies from NPCs: 27 (All: 27×1, было бы 27×5=135)

========== Bottleneck Analysis Report ==========
Time: 26.6s | Frames: 791

📊 PERFORMANCE OVERVIEW:
  FPS: 35.1 avg | 29.0 min
  Frame Time: 29.33 ms avg | 61.56 ms max
  Physics Time: 7.01 ms avg

🔍 BOTTLENECK IDENTIFICATION:
  🟠 [HIGH] Frame Time
      Value: 29.33 ms (target: 16.67 ms)
      Impact: Overall performance bottleneck
      Suggestions:
        • Reduce draw calls
        • Optimize scripts in _process()
        • Check for expensive operations per frame

  🟠 [HIGH] Draw Calls
      Value: 4013 calls/frame
      Impact: GPU rendering overhead
      Suggestions:
        • Batch meshes by material
        • Use MultiMeshInstance3D
        • Implement LOD system
        • Enable frustum culling

  🟠 [HIGH] Physics Bodies
      Value: 280 active bodies
      Impact: Physics engine load
      Suggestions:
        • Reduce NPC count
        • Convert distant NPCs to kinematic
        • Disable physics for far objects

  🟡 [MEDIUM] Physics Time
      Value: 7.01 ms
      Impact: Physics simulation overhead
      Suggestions:
        • Reduce number of active physics bodies
        • Simplify collision shapes
        • Disable physics for distant objects

  🟡 [MEDIUM] Vertex Count
      Value: 3686573 vertices/frame
      Impact: GPU vertex processing
      Suggestions:
        • Implement LOD for distant objects
        • Simplify building meshes
        • Use lower poly models

  🟡 [MEDIUM] Node Count
      Value: 16915 nodes
      Impact: Scene tree traversal overhead
      Suggestions:
        • Unload distant chunks
        • Pool and reuse nodes
        • Flatten hierarchy where possible

  🟡 [MEDIUM] Post-Processing Effects
      Value: SSAO, Glow/Bloom, Volumetric Fog
      Impact: GPU shader overhead
      Suggestions:
        • Reduce SSR quality
        • Disable SSAO on low-end hardware
        • Use simpler fog

📈 DETAILED STATS:
  Draw Calls: 4013 avg | 4474 max
  Vertices: 3686573 avg | 3936211 max
  Physics Bodies: 280
  Nodes: 16915
  VRAM: 754.0 MB

=================================================

⚡ FRAME SPIKE #471: 27.8 ms at 16.2s (Draw: 4355, Bodies: 282)
⚡ FRAME SPIKE #472: 27.8 ms at 16.2s (Draw: 4354, Bodies: 282)
⚡ FRAME SPIKE #473: 27.8 ms at 16.2s (Draw: 4354, Bodies: 282)
⚡ FRAME SPIKE #474: 27.8 ms at 16.3s (Draw: 4319, Bodies: 282)
⚡ FRAME SPIKE #475: 28.3 ms at 16.3s (Draw: 4291, Bodies: 282)
⚡ FRAME SPIKE #476: 27.8 ms at 16.3s (Draw: 4284, Bodies: 282)
⚡ FRAME SPIKE #477: 27.8 ms at 16.3s (Draw: 4287, Bodies: 282)
⚡ FRAME SPIKE #478: 27.8 ms at 16.4s (Draw: 4308, Bodies: 282)
⚡ FRAME SPIKE #479: 27.8 ms at 16.4s (Draw: 4306, Bodies: 282)
⚡ FRAME SPIKE #480: 27.8 ms at 16.4s (Draw: 4312, Bodies: 282)
⚡ FRAME SPIKE #481: 28.3 ms at 16.5s (Draw: 4311, Bodies: 284)
⚡ FRAME SPIKE #482: 27.8 ms at 16.5s (Draw: 4311, Bodies: 284)
⚡ FRAME SPIKE #483: 28.3 ms at 16.5s (Draw: 4310, Bodies: 284)
⚡ FRAME SPIKE #484: 30.4 ms at 16.5s (Draw: 4300, Bodies: 284)
⚡ FRAME SPIKE #485: 28.3 ms at 16.6s (Draw: 4314, Bodies: 284)
⚡ FRAME SPIKE #486: 27.8 ms at 16.6s (Draw: 4322, Bodies: 284)
⚡ FRAME SPIKE #487: 28.3 ms at 16.6s (Draw: 4347, Bodies: 284)
⚡ FRAME SPIKE #488: 28.3 ms at 16.7s (Draw: 4361, Bodies: 284)
⚡ FRAME SPIKE #489: 27.8 ms at 16.7s (Draw: 4313, Bodies: 284)
⚡ FRAME SPIKE #490: 28.3 ms at 16.7s (Draw: 4152, Bodies: 284)
⚡ FRAME SPIKE #491: 28.3 ms at 16.7s (Draw: 4109, Bodies: 284)
⚡ FRAME SPIKE #492: 27.8 ms at 16.8s (Draw: 4116, Bodies: 284)
⚡ FRAME SPIKE #493: 28.3 ms at 16.8s (Draw: 4137, Bodies: 284)
⚡ FRAME SPIKE #494: 28.3 ms at 16.8s (Draw: 4120, Bodies: 284)
⚡ FRAME SPIKE #495: 27.8 ms at 16.8s (Draw: 4111, Bodies: 284)
⚡ FRAME SPIKE #496: 27.8 ms at 16.9s (Draw: 4088, Bodies: 284)
⚡ FRAME SPIKE #497: 28.3 ms at 16.9s (Draw: 4023, Bodies: 284)
⚡ FRAME SPIKE #498: 27.8 ms at 16.9s (Draw: 3975, Bodies: 284)
⚡ FRAME SPIKE #499: 27.8 ms at 17.0s (Draw: 3910, Bodies: 284)
⚡ FRAME SPIKE #500: 27.8 ms at 17.0s (Draw: 3854, Bodies: 284)
⚡ FRAME SPIKE #501: 27.8 ms at 17.0s (Draw: 3854, Bodies: 284)
⚡ FRAME SPIKE #502: 27.8 ms at 17.0s (Draw: 3860, Bodies: 284)
⚡ FRAME SPIKE #503: 27.8 ms at 17.1s (Draw: 3857, Bodies: 284)
⚡ FRAME SPIKE #504: 27.8 ms at 17.1s (Draw: 3855, Bodies: 284)
⚡ FRAME SPIKE #505: 27.8 ms at 17.1s (Draw: 3873, Bodies: 284)
⚡ FRAME SPIKE #506: 27.8 ms at 17.2s (Draw: 3853, Bodies: 284)
⚡ FRAME SPIKE #507: 26.4 ms at 17.2s (Draw: 3847, Bodies: 284)
⚡ FRAME SPIKE #508: 27.8 ms at 17.2s (Draw: 3836, Bodies: 284)
⚡ FRAME SPIKE #509: 27.8 ms at 17.2s (Draw: 3841, Bodies: 284)
⚡ FRAME SPIKE #510: 28.2 ms at 17.3s (Draw: 3837, Bodies: 284)
⚡ FRAME SPIKE #511: 27.8 ms at 17.3s (Draw: 3832, Bodies: 284)
⚡ FRAME SPIKE #512: 26.7 ms at 17.3s (Draw: 3824, Bodies: 284)
⚡ FRAME SPIKE #513: 27.3 ms at 17.4s (Draw: 3817, Bodies: 284)
⚡ FRAME SPIKE #514: 27.5 ms at 17.4s (Draw: 3811, Bodies: 284)
⚡ FRAME SPIKE #515: 27.3 ms at 17.5s (Draw: 3801, Bodies: 284)
=== PAZ Model Meshes Debug ===
Total meshes found: 1
  - Mesh: bus_low_Material_006_0 (MeshInstance3D)
PAZ-32053 model setup complete
⚡ FRAME SPIKE #516: 27.3 ms at 17.5s (Draw: 4456, Bodies: 286)
⚡ FRAME SPIKE #517: 43.9 ms at 17.5s (Draw: 4489, Bodies: 286)
⚡ FRAME SPIKE #518: 32.2 ms at 17.5s (Draw: 4486, Bodies: 286)
⚡ FRAME SPIKE #519: 31.2 ms at 17.6s (Draw: 4486, Bodies: 286)
⚡ FRAME SPIKE #520: 30.9 ms at 17.6s (Draw: 4490, Bodies: 286)
⚡ FRAME SPIKE #521: 31.0 ms at 17.6s (Draw: 4491, Bodies: 286)
⚡ FRAME SPIKE #522: 31.6 ms at 17.7s (Draw: 4491, Bodies: 286)
⚡ FRAME SPIKE #523: 32.8 ms at 17.7s (Draw: 4482, Bodies: 286)
⚡ FRAME SPIKE #524: 31.9 ms at 17.7s (Draw: 4481, Bodies: 286)
⚡ FRAME SPIKE #525: 31.8 ms at 17.8s (Draw: 4478, Bodies: 286)
⚡ FRAME SPIKE #526: 31.7 ms at 17.8s (Draw: 4472, Bodies: 286)
⚡ FRAME SPIKE #527: 31.8 ms at 17.8s (Draw: 4466, Bodies: 286)
⚡ FRAME SPIKE #528: 31.8 ms at 17.9s (Draw: 4407, Bodies: 286)
⚡ FRAME SPIKE #529: 31.8 ms at 17.9s (Draw: 4286, Bodies: 286)
⚡ FRAME SPIKE #530: 31.7 ms at 17.9s (Draw: 4173, Bodies: 286)
⚡ FRAME SPIKE #531: 31.7 ms at 18.0s (Draw: 4083, Bodies: 286)
⚡ FRAME SPIKE #532: 31.7 ms at 18.0s (Draw: 4059, Bodies: 286)
⚡ FRAME SPIKE #533: 31.7 ms at 18.0s (Draw: 4036, Bodies: 286)
⚡ FRAME SPIKE #534: 31.7 ms at 18.1s (Draw: 4026, Bodies: 286)
⚡ FRAME SPIKE #535: 31.5 ms at 18.1s (Draw: 4036, Bodies: 286)
⚡ FRAME SPIKE #536: 30.2 ms at 18.1s (Draw: 4037, Bodies: 286)
⚡ FRAME SPIKE #537: 29.5 ms at 18.2s (Draw: 4046, Bodies: 286)
🚗 Traffic: 31 active NPCs (Near: 0, Mid: 21, Far: 10), 1 pooled
  → Physics bodies from NPCs: 31 (All: 31×1, было бы 31×5=155)

========== Bottleneck Analysis Report ==========
Time: 28.6s | Frames: 861

📊 PERFORMANCE OVERVIEW:
  FPS: 36.0 avg | 34.0 min
  Frame Time: 36.16 ms avg | 61.56 ms max
  Physics Time: 7.27 ms avg

🔍 BOTTLENECK IDENTIFICATION:
  🔴 [CRITICAL] Frame Time
      Value: 36.16 ms (target: 16.67 ms)
      Impact: Overall performance bottleneck
      Suggestions:
        • Reduce draw calls
        • Optimize scripts in _process()
        • Check for expensive operations per frame

  🟠 [HIGH] Draw Calls
      Value: 4127 calls/frame
      Impact: GPU rendering overhead
      Suggestions:
        • Batch meshes by material
        • Use MultiMeshInstance3D
        • Implement LOD system
        • Enable frustum culling

  🟠 [HIGH] Physics Bodies
      Value: 283 active bodies
      Impact: Physics engine load
      Suggestions:
        • Reduce NPC count
        • Convert distant NPCs to kinematic
        • Disable physics for far objects

  🟡 [MEDIUM] Physics Time
      Value: 7.27 ms
      Impact: Physics simulation overhead
      Suggestions:
        • Reduce number of active physics bodies
        • Simplify collision shapes
        • Disable physics for distant objects

  🟡 [MEDIUM] Vertex Count
      Value: 3566481 vertices/frame
      Impact: GPU vertex processing
      Suggestions:
        • Implement LOD for distant objects
        • Simplify building meshes
        • Use lower poly models

  🟡 [MEDIUM] Node Count
      Value: 17109 nodes
      Impact: Scene tree traversal overhead
      Suggestions:
        • Unload distant chunks
        • Pool and reuse nodes
        • Flatten hierarchy where possible

  🟡 [MEDIUM] Post-Processing Effects
      Value: SSAO, Glow/Bloom, Volumetric Fog
      Impact: GPU shader overhead
      Suggestions:
        • Reduce SSR quality
        • Disable SSAO on low-end hardware
        • Use simpler fog

📈 DETAILED STATS:
  Draw Calls: 4127 avg | 4491 max
  Vertices: 3566481 avg | 3842501 max
  Physics Bodies: 283
  Nodes: 17109
  VRAM: 754.0 MB

=================================================

⚡ FRAME SPIKE #538: 29.2 ms at 18.2s (Draw: 4051, Bodies: 286)
OSM: Loading chunk -2,-3 at lat=59.1235, lon=37.8921
OSM: Loaded from cache: osm_v2_59.1235_37.8921_250.json
OSM: Loading chunk 1,-3 at lat=59.1235, lon=37.9079
OSM: Loaded from cache: osm_v2_59.1235_37.9079_250.json
OSM: Chunk -2,-3 data loaded
OSM: Found 14 POI nodes in chunk
POI_DEBUG: Found 'Аптека+' inside building at local (-584.9, -728.9)
OSM: Generated 36 roads, 41 buildings, 0 trees, 0 signs, 0 lamps, 26 intersections
OSM: Marked chunk '-2,-3' for road batch finalization
OSM: Post-initial chunk loaded, pending_lamps=442
OSM: _create_pending_lamps started, count=442
OSM: Created 255 lamps, skipped 187 (added to infrastructure queue)
OSM: Chunk 1,-3 data loaded
OSM: Found 4 entrance nodes in chunk
OSM: Found 29 POI nodes in chunk
POI_DEBUG: Found 'Бон Аппетит' inside building at local (536.3, -777.3)
POI_DEBUG: Found 'Осетинские пироги' inside building at local (571.7, -769.5)
POI_DEBUG: Found 'Ткани для Вас' inside building at local (630.6, -755.6)
POI_DEBUG: Found 'Аста-запчасти' inside building at local (556.2, -773.0)
POI_DEBUG: Found 'Coffee Like' inside building at local (572.0, -760.4)
POI_DEBUG: Found 'Шексна' inside building at local (409.3, -852.9)
POI_DEBUG: Found 'Ozon' inside building at local (392.2, -869.7)
BusinessSign: Found logo for 'ozon' -> res://textures/brand_logos/ozon.png
POI_DEBUG: Found 'Академия слуха' inside building at local (369.2, -911.4)
POI_DEBUG: Found 'DNS' inside building at local (364.5, -739.9)
POI_DEBUG: Found 'Пятёрочка' inside building at local (336.8, -729.4)
POI_DEBUG: Found 'Антей' inside building at local (359.3, -721.5)
BusinessSign: Found logo for 'dns' -> res://textures/brand_logos/dns.png
Loading resource: res://textures/brand_logos/dns.png
Loading resource: res://.godot/imported/dns.png-a78c4eefe01684ddab8fef68c4a2d1e5.ctex
BusinessSign: Found logo for 'пятёрочка' -> res://textures/brand_logos/pyaterochka.png
POI_DEBUG: Found 'Десяточка' inside building at local (434.3, -758.0)
POI_DEBUG: Found 'Алоэ' inside building at local (425.4, -758.1)
POI_DEBUG: Found 'МТС' inside building at local (420.4, -759.2)
BusinessSign: Found logo for 'мтс' -> res://textures/brand_logos/mts.png
Loading resource: res://textures/brand_logos/mts.png
Loading resource: res://.godot/imported/mts.png-2f4f8c344a076d2089587acd6374089a.ctex
POI_DEBUG: Found 'Россельхозбанк' inside building at local (465.8, -706.4)
POI_DEBUG: Found 'OTP-банк' inside building at local (592.3, -604.5)
POI_DEBUG: Found 'ВТБ' inside building at local (594.8, -612.1)
POI_DEBUG: Found 'Шашлычек' inside building at local (589.3, -592.4)
POI_DEBUG: Found 'Easy Slip' inside building at local (581.6, -593.1)
BusinessSign: Found logo for 'втб' -> res://textures/brand_logos/vtb.png
POI_DEBUG: Found 'СДЭК' inside building at local (536.8, -743.2)
POI_DEBUG: Found 'Ozon' inside building at local (559.0, -660.9)
BusinessSign: Found logo for 'ozon' -> res://textures/brand_logos/ozon.png
BusinessSign: Found logo for 'пятёрочка' -> res://textures/brand_logos/pyaterochka.png
OSM: Generated 55 roads, 18 buildings, 0 trees, 0 signs, 0 lamps, 28 intersections
OSM: Marked chunk '1,-3' for road batch finalization
OSM: Post-initial chunk loaded, pending_lamps=0
OSM: _create_pending_lamps started, count=0
OSM: No pending lamps
⚡ FRAME SPIKE #539: 118.7 ms at 18.2s (Draw: 4361, Bodies: 287)
OSM: DEBUG _add_road_to_batch - first road for chunk '1,-3', parent.name='Chunk_1,-3'
OSM: DEBUG _add_road_to_batch - first road for chunk '-2,-3', parent.name='Chunk_-2,-3'
⚠️ SLOW FRAME 13.7ms: building=0.7 road=11.1 terrain=0.2 infra=1.7 veg=0.0 curb=0.0ms
⚡ FRAME SPIKE #540: 83.3 ms at 18.4s (Draw: 4373, Bodies: 287)
⚡ FRAME SPIKE #541: 66.7 ms at 18.4s (Draw: 4393, Bodies: 287)
⚡ FRAME SPIKE #542: 50.0 ms at 18.5s (Draw: 4408, Bodies: 288)
⚠️ SLOW FRAME 13.1ms: building=0.5 road=5.3 terrain=0.2 infra=1.4 veg=5.7 curb=0.0ms
⚡ FRAME SPIKE #543: 51.1 ms at 18.6s (Draw: 4415, Bodies: 288)
⚠️ SLOW FRAME 14.3ms: building=0.5 road=11.9 terrain=0.3 infra=1.5 veg=0.0 curb=0.0ms
⚡ FRAME SPIKE #544: 54.2 ms at 18.6s (Draw: 4445, Bodies: 288)
⚡ FRAME SPIKE #545: 47.5 ms at 18.7s (Draw: 4464, Bodies: 287)
OSM: ✅ Finalized road batch -2,-3/residential: 1996 vertices, 1940 triangles, material: <ImageTexture#-9223371972648368119>
OSM: ✅ Finalized road batch -2,-3/primary: 410 vertices, 406 triangles, material: <ImageTexture#-9223371972749031416>
OSM: ✅ Finalized road batch -2,-3/path: 658 vertices, 646 triangles, material: <ImageTexture#-9223371972547704822>
⚠️ SLOW: road batch finalization took 8.3 ms for chunk -2,-3
⚠️ SLOW FRAME 10.5ms: building=0.5 road=8.3 terrain=0.2 infra=1.4 veg=0.0 curb=0.0ms
⚡ FRAME SPIKE #546: 48.3 ms at 18.7s (Draw: 4456, Bodies: 287)
OSM: ✅ Finalized road batch 1,-3/residential: 1686 vertices, 1624 triangles, material: <ImageTexture#-9223371972648368119>
OSM: ✅ Finalized road batch 1,-3/path: 1238 vertices, 1192 triangles, material: <ImageTexture#-9223371972547704822>
OSM: ✅ Finalized road batch 1,-3/primary: 180 vertices, 178 triangles, material: <ImageTexture#-9223371972749031416>
⚡ FRAME SPIKE #547: 48.7 ms at 18.8s (Draw: 4472, Bodies: 287)
⚡ FRAME SPIKE #548: 36.6 ms at 18.8s (Draw: 4475, Bodies: 287)
⚡ FRAME SPIKE #549: 42.0 ms at 18.8s (Draw: 4476, Bodies: 287)
⚡ FRAME SPIKE #550: 35.5 ms at 18.9s (Draw: 4488, Bodies: 287)
⚡ FRAME SPIKE #551: 36.0 ms at 18.9s (Draw: 4495, Bodies: 287)
⚡ FRAME SPIKE #552: 34.9 ms at 19.0s (Draw: 4516, Bodies: 287)
⚡ FRAME SPIKE #553: 38.9 ms at 19.0s (Draw: 4538, Bodies: 287)
⚡ FRAME SPIKE #554: 38.9 ms at 19.0s (Draw: 4550, Bodies: 287)

=== PERFORMANCE METRICS ===
FPS: 26 | Frame: 30.8 ms (max 118.7) | Physics: 16.6 ms (max 128.5)
Godot Process: 121.61 ms | Physics: 7.02 ms
Objects: 44469 | Nodes: 18261 | Resources: 538
Draw calls: 4550 | Vertices: 3680767 | VRAM: 757.1 MB
Physics bodies: 287 | Collision pairs: 3425
--- System Times ---
  road_batch_finalize_total_-1,-1: 22.34 ms (max 22.34)
  road_batch_finalize_total_-1,-2: 29.81 ms (max 29.81)
  road_batch_finalize_total_-1,-3: 20.96 ms (max 20.96)
  road_batch_finalize_total_-1,0: 18.24 ms (max 18.24)
  road_batch_finalize_total_-2,-1: 20.68 ms (max 20.68)
  road_batch_finalize_total_-2,-2: 32.34 ms (max 32.34)
  road_batch_finalize_total_-2,-3: 8.30 ms (max 8.30)
  road_batch_finalize_total_-2,0: 5.37 ms (max 5.37)
  road_batch_finalize_total_0,-1: 35.09 ms (max 35.09)
  road_batch_finalize_total_0,-2: 29.80 ms (max 29.80)
  road_batch_finalize_total_0,-3: 29.24 ms (max 29.24)
  road_batch_finalize_total_0,0: 29.69 ms (max 29.69)
  road_batch_finalize_total_0,1: 12.21 ms (max 12.21)
  road_batch_finalize_total_1,-1: 29.07 ms (max 29.07)
  road_batch_finalize_total_1,-2: 10.23 ms (max 10.23)
  road_batch_finalize_total_1,-3: 7.96 ms (max 7.96)
  road_batch_finalize_total_1,0: 15.00 ms (max 15.00)
  road_collision_create_-1,-1: 7.22 ms (max 15.43)
  road_collision_create_-1,-2: 14.62 ms (max 26.24)
  road_collision_create_-1,-3: 6.73 ms (max 15.91)
  road_collision_create_-1,0: 8.88 ms (max 15.62)
  road_collision_create_-2,-1: 6.68 ms (max 13.96)
  road_collision_create_-2,-2: 15.89 ms (max 29.95)
  road_collision_create_-2,-3: 2.46 ms (max 3.96)
  road_collision_create_-2,0: 2.48 ms (max 2.88)
  road_collision_create_0,-1: 11.46 ms (max 29.03)
  road_collision_create_0,-2: 9.66 ms (max 22.30)
  road_collision_create_0,-3: 9.37 ms (max 22.06)
  road_collision_create_0,0: 9.68 ms (max 26.15)
  road_collision_create_0,1: 11.95 ms (max 11.95)
  road_collision_create_1,-1: 9.46 ms (max 24.83)
  road_collision_create_1,-2: 4.84 ms (max 7.28)
  road_collision_create_1,-3: 2.41 ms (max 3.36)
  road_collision_create_1,0: 14.60 ms (max 14.60)
===========================

=== PERFORMANCE METRICS ===
FPS: 26 | Frame: 30.8 ms (max 118.7) | Physics: 16.6 ms (max 128.5)
Godot Process: 121.61 ms | Physics: 7.02 ms
Objects: 44469 | Nodes: 18261 | Resources: 538
Draw calls: 4550 | Vertices: 3680767 | VRAM: 757.1 MB
Physics bodies: 287 | Collision pairs: 3425
===========================
⚡ FRAME SPIKE #555: 37.8 ms at 19.1s (Draw: 4561, Bodies: 287)
⚡ FRAME SPIKE #556: 38.9 ms at 19.1s (Draw: 4569, Bodies: 287)
⚡ FRAME SPIKE #557: 38.1 ms at 19.1s (Draw: 4572, Bodies: 286)
⚡ FRAME SPIKE #558: 36.5 ms at 19.2s (Draw: 4584, Bodies: 286)
⚡ FRAME SPIKE #559: 35.7 ms at 19.2s (Draw: 4599, Bodies: 286)
⚡ FRAME SPIKE #560: 34.7 ms at 19.3s (Draw: 4596, Bodies: 286)
⚡ FRAME SPIKE #561: 37.5 ms at 19.3s (Draw: 4607, Bodies: 286)
⚡ FRAME SPIKE #562: 37.5 ms at 19.3s (Draw: 4601, Bodies: 286)
⚡ FRAME SPIKE #563: 37.5 ms at 19.4s (Draw: 4617, Bodies: 286)
⚡ FRAME SPIKE #564: 37.5 ms at 19.4s (Draw: 4620, Bodies: 286)
⚡ FRAME SPIKE #565: 37.5 ms at 19.4s (Draw: 4616, Bodies: 286)
⚡ FRAME SPIKE #566: 37.5 ms at 19.5s (Draw: 4623, Bodies: 285)
⚡ FRAME SPIKE #567: 37.0 ms at 19.5s (Draw: 4635, Bodies: 287)
⚡ FRAME SPIKE #568: 37.0 ms at 19.5s (Draw: 4644, Bodies: 287)
⚡ FRAME SPIKE #569: 37.0 ms at 19.6s (Draw: 4680, Bodies: 287)
⚡ FRAME SPIKE #570: 37.5 ms at 19.6s (Draw: 4708, Bodies: 287)
⚡ FRAME SPIKE #571: 37.5 ms at 19.7s (Draw: 4743, Bodies: 287)
⚡ FRAME SPIKE #572: 37.5 ms at 19.7s (Draw: 4751, Bodies: 287)
⚡ FRAME SPIKE #573: 37.5 ms at 19.7s (Draw: 4761, Bodies: 287)
⚡ FRAME SPIKE #574: 38.9 ms at 19.8s (Draw: 4771, Bodies: 287)
⚡ FRAME SPIKE #575: 38.0 ms at 19.8s (Draw: 4775, Bodies: 287)
⚡ FRAME SPIKE #576: 37.5 ms at 19.8s (Draw: 4781, Bodies: 287)
⚡ FRAME SPIKE #577: 43.0 ms at 19.9s (Draw: 4791, Bodies: 287)
⚡ FRAME SPIKE #578: 37.6 ms at 19.9s (Draw: 4804, Bodies: 287)
⚡ FRAME SPIKE #579: 38.3 ms at 20.0s (Draw: 4812, Bodies: 287)
⚡ FRAME SPIKE #580: 41.5 ms at 20.0s (Draw: 4804, Bodies: 287)
⚡ FRAME SPIKE #581: 38.2 ms at 20.0s (Draw: 4826, Bodies: 287)
⚡ FRAME SPIKE #582: 42.7 ms at 20.1s (Draw: 4857, Bodies: 287)
⚡ FRAME SPIKE #583: 40.6 ms at 20.1s (Draw: 4865, Bodies: 287)
⚡ FRAME SPIKE #584: 39.5 ms at 20.2s (Draw: 4871, Bodies: 287)
🚗 Traffic: 31 active NPCs (Near: 0, Mid: 12, Far: 19), 1 pooled
  → Physics bodies from NPCs: 31 (All: 31×1, было бы 31×5=155)

========== Bottleneck Analysis Report ==========
Time: 30.6s | Frames: 908

📊 PERFORMANCE OVERVIEW:
  FPS: 31.8 avg | 26.0 min
  Frame Time: 54.48 ms avg | 121.61 ms max
  Physics Time: 6.90 ms avg

🔍 BOTTLENECK IDENTIFICATION:
  🔴 [CRITICAL] Frame Time
      Value: 54.48 ms (target: 16.67 ms)
      Impact: Overall performance bottleneck
      Suggestions:
        • Reduce draw calls
        • Optimize scripts in _process()
        • Check for expensive operations per frame

  🟠 [HIGH] Draw Calls
      Value: 4336 calls/frame
      Impact: GPU rendering overhead
      Suggestions:
        • Batch meshes by material
        • Use MultiMeshInstance3D
        • Implement LOD system
        • Enable frustum culling

  🟠 [HIGH] Physics Bodies
      Value: 285 active bodies
      Impact: Physics engine load
      Suggestions:
        • Reduce NPC count
        • Convert distant NPCs to kinematic
        • Disable physics for far objects

  🟡 [MEDIUM] Physics Time
      Value: 6.90 ms
      Impact: Physics simulation overhead
      Suggestions:
        • Reduce number of active physics bodies
        • Simplify collision shapes
        • Disable physics for distant objects

  🟡 [MEDIUM] Vertex Count
      Value: 3606248 vertices/frame
      Impact: GPU vertex processing
      Suggestions:
        • Implement LOD for distant objects
        • Simplify building meshes
        • Use lower poly models

  🟡 [MEDIUM] Node Count
      Value: 19856 nodes
      Impact: Scene tree traversal overhead
      Suggestions:
        • Unload distant chunks
        • Pool and reuse nodes
        • Flatten hierarchy where possible

  🟡 [MEDIUM] Post-Processing Effects
      Value: SSAO, Glow/Bloom, Volumetric Fog
      Impact: GPU shader overhead
      Suggestions:
        • Reduce SSR quality
        • Disable SSAO on low-end hardware
        • Use simpler fog

📈 DETAILED STATS:
  Draw Calls: 4336 avg | 4871 max
  Vertices: 3606248 avg | 3921248 max
  Physics Bodies: 285
  Nodes: 19856
  VRAM: 761.3 MB

=================================================

⚡ FRAME SPIKE #585: 38.3 ms at 20.2s (Draw: 4876, Bodies: 287)
⚡ FRAME SPIKE #586: 38.8 ms at 20.2s (Draw: 4880, Bodies: 287)
⚡ FRAME SPIKE #587: 41.4 ms at 20.3s (Draw: 4880, Bodies: 287)
⚡ FRAME SPIKE #588: 38.3 ms at 20.3s (Draw: 4887, Bodies: 287)
⚡ FRAME SPIKE #589: 38.3 ms at 20.4s (Draw: 4906, Bodies: 287)
⚡ FRAME SPIKE #590: 41.0 ms at 20.4s (Draw: 4939, Bodies: 287)
OSM: 🌙 NIGHT Window batch 1,-3 | night_mgr: CACHED | is_night value: true
OSM: ✅ Finalized window batch 1,-3: 4506 windows (was 4506 draw calls before batching)
⚡ FRAME SPIKE #591: 38.3 ms at 20.4s (Draw: 4968, Bodies: 287)
OSM: 🌙 NIGHT Window batch -2,-3 | night_mgr: CACHED | is_night value: true
OSM: ✅ Finalized window batch -2,-3: 5341 windows (was 5341 draw calls before batching)
⚡ FRAME SPIKE #592: 38.9 ms at 20.5s (Draw: 4978, Bodies: 287)
⚡ FRAME SPIKE #593: 44.0 ms at 20.5s (Draw: 4993, Bodies: 289)
⚡ FRAME SPIKE #594: 46.3 ms at 20.6s (Draw: 4996, Bodies: 288)
⚡ FRAME SPIKE #595: 41.9 ms at 20.6s (Draw: 5011, Bodies: 288)
⚡ FRAME SPIKE #596: 43.3 ms at 20.7s (Draw: 5013, Bodies: 288)
⚡ FRAME SPIKE #597: 41.7 ms at 20.7s (Draw: 5017, Bodies: 288)
⚡ FRAME SPIKE #598: 41.7 ms at 20.7s (Draw: 5026, Bodies: 288)
⚡ FRAME SPIKE #599: 41.7 ms at 20.8s (Draw: 5043, Bodies: 288)
⚡ FRAME SPIKE #600: 41.7 ms at 20.8s (Draw: 5057, Bodies: 288)
⚡ FRAME SPIKE #601: 39.9 ms at 20.9s (Draw: 5057, Bodies: 288)
⚡ FRAME SPIKE #602: 41.7 ms at 20.9s (Draw: 5078, Bodies: 288)
⚡ FRAME SPIKE #603: 38.1 ms at 20.9s (Draw: 5112, Bodies: 288)
⚡ FRAME SPIKE #604: 36.4 ms at 21.0s (Draw: 5122, Bodies: 288)
⚡ FRAME SPIKE #605: 40.9 ms at 21.0s (Draw: 5213, Bodies: 289)
⚡ FRAME SPIKE #606: 38.2 ms at 21.1s (Draw: 5274, Bodies: 289)
⚡ FRAME SPIKE #607: 36.2 ms at 21.1s (Draw: 5294, Bodies: 289)
⚡ FRAME SPIKE #608: 36.9 ms at 21.1s (Draw: 5313, Bodies: 289)
⚡ FRAME SPIKE #609: 38.9 ms at 21.2s (Draw: 5321, Bodies: 289)
⚡ FRAME SPIKE #610: 38.9 ms at 21.2s (Draw: 5347, Bodies: 289)
⚡ FRAME SPIKE #611: 38.6 ms at 21.2s (Draw: 5355, Bodies: 289)
⚡ FRAME SPIKE #612: 38.9 ms at 21.3s (Draw: 5355, Bodies: 289)
⚡ FRAME SPIKE #613: 38.3 ms at 21.3s (Draw: 5340, Bodies: 289)
⚡ FRAME SPIKE #614: 38.3 ms at 21.4s (Draw: 5309, Bodies: 289)
⚡ FRAME SPIKE #615: 38.3 ms at 21.4s (Draw: 5235, Bodies: 289)
⚡ FRAME SPIKE #616: 38.3 ms at 21.4s (Draw: 5246, Bodies: 289)
⚡ FRAME SPIKE #617: 37.8 ms at 21.5s (Draw: 5265, Bodies: 289)
⚡ FRAME SPIKE #618: 37.5 ms at 21.5s (Draw: 5278, Bodies: 289)
⚡ FRAME SPIKE #619: 45.8 ms at 21.6s (Draw: 5291, Bodies: 291)
⚡ FRAME SPIKE #620: 37.5 ms at 21.6s (Draw: 5290, Bodies: 291)
⚡ FRAME SPIKE #621: 37.5 ms at 21.6s (Draw: 5290, Bodies: 292)
⚡ FRAME SPIKE #622: 37.5 ms at 21.7s (Draw: 5286, Bodies: 293)
⚡ FRAME SPIKE #623: 37.5 ms at 21.7s (Draw: 5292, Bodies: 293)
⚡ FRAME SPIKE #624: 37.5 ms at 21.8s (Draw: 5275, Bodies: 293)
⚡ FRAME SPIKE #625: 37.5 ms at 21.8s (Draw: 5233, Bodies: 293)
⚡ FRAME SPIKE #626: 37.5 ms at 21.8s (Draw: 5191, Bodies: 293)
⚡ FRAME SPIKE #627: 37.1 ms at 21.9s (Draw: 5139, Bodies: 293)
⚡ FRAME SPIKE #628: 37.3 ms at 21.9s (Draw: 5127, Bodies: 293)
⚡ FRAME SPIKE #629: 37.5 ms at 21.9s (Draw: 5120, Bodies: 293)
⚡ FRAME SPIKE #630: 37.5 ms at 22.0s (Draw: 5119, Bodies: 293)
⚡ FRAME SPIKE #631: 37.5 ms at 22.0s (Draw: 5113, Bodies: 292)
⚡ FRAME SPIKE #632: 37.5 ms at 22.1s (Draw: 5129, Bodies: 292)
⚡ FRAME SPIKE #633: 37.6 ms at 22.1s (Draw: 5141, Bodies: 293)
⚡ FRAME SPIKE #634: 37.5 ms at 22.1s (Draw: 5140, Bodies: 293)
⚡ FRAME SPIKE #635: 37.5 ms at 22.2s (Draw: 5144, Bodies: 293)
⚡ FRAME SPIKE #636: 37.5 ms at 22.2s (Draw: 5114, Bodies: 293)
🚗 Traffic: 32 active NPCs (Near: 0, Mid: 6, Far: 26), 2 pooled
  → Physics bodies from NPCs: 32 (All: 32×1, было бы 32×5=160)

========== Bottleneck Analysis Report ==========
Time: 32.7s | Frames: 960

📊 PERFORMANCE OVERVIEW:
  FPS: 27.7 avg | 25.0 min
  Frame Time: 52.30 ms avg | 121.61 ms max
  Physics Time: 7.13 ms avg

🔍 BOTTLENECK IDENTIFICATION:
  🔴 [CRITICAL] Frame Time
      Value: 52.30 ms (target: 16.67 ms)
      Impact: Overall performance bottleneck
      Suggestions:
        • Reduce draw calls
        • Optimize scripts in _process()
        • Check for expensive operations per frame

  🟠 [HIGH] Draw Calls
      Value: 4782 calls/frame
      Impact: GPU rendering overhead
      Suggestions:
        • Batch meshes by material
        • Use MultiMeshInstance3D
        • Implement LOD system
        • Enable frustum culling

  🟠 [HIGH] Physics Bodies
      Value: 287 active bodies
      Impact: Physics engine load
      Suggestions:
        • Reduce NPC count
        • Convert distant NPCs to kinematic
        • Disable physics for far objects

  🟡 [MEDIUM] Physics Time
      Value: 7.13 ms
      Impact: Physics simulation overhead
      Suggestions:
        • Reduce number of active physics bodies
        • Simplify collision shapes
        • Disable physics for distant objects

  🟡 [MEDIUM] Vertex Count
      Value: 3900541 vertices/frame
      Impact: GPU vertex processing
      Suggestions:
        • Implement LOD for distant objects
        • Simplify building meshes
        • Use lower poly models

  🟡 [MEDIUM] Node Count
      Value: 20392 nodes
      Impact: Scene tree traversal overhead
      Suggestions:
        • Unload distant chunks
        • Pool and reuse nodes
        • Flatten hierarchy where possible

  🟡 [MEDIUM] Post-Processing Effects
      Value: SSAO, Glow/Bloom, Volumetric Fog
      Impact: GPU shader overhead
      Suggestions:
        • Reduce SSR quality
        • Disable SSAO on low-end hardware
        • Use simpler fog

📈 DETAILED STATS:
  Draw Calls: 4782 avg | 5355 max
  Vertices: 3900541 avg | 4474986 max
  Physics Bodies: 287
  Nodes: 20392
  VRAM: 768.4 MB

=================================================

⚡ FRAME SPIKE #637: 40.4 ms at 22.2s (Draw: 5103, Bodies: 294)
⚡ FRAME SPIKE #638: 37.5 ms at 22.3s (Draw: 5118, Bodies: 294)
⚡ FRAME SPIKE #639: 37.9 ms at 22.3s (Draw: 5104, Bodies: 294)
⚡ FRAME SPIKE #640: 40.4 ms at 22.4s (Draw: 5066, Bodies: 295)
⚡ FRAME SPIKE #641: 37.9 ms at 22.4s (Draw: 5092, Bodies: 295)
⚡ FRAME SPIKE #642: 35.6 ms at 22.4s (Draw: 5091, Bodies: 295)
⚡ FRAME SPIKE #643: 37.9 ms at 22.5s (Draw: 5088, Bodies: 296)
⚡ FRAME SPIKE #644: 39.2 ms at 22.5s (Draw: 5079, Bodies: 297)
⚡ FRAME SPIKE #645: 37.9 ms at 22.5s (Draw: 5001, Bodies: 298)
⚡ FRAME SPIKE #646: 38.1 ms at 22.6s (Draw: 4954, Bodies: 298)
⚡ FRAME SPIKE #647: 40.1 ms at 22.6s (Draw: 4959, Bodies: 299)
⚡ FRAME SPIKE #648: 38.1 ms at 22.7s (Draw: 4958, Bodies: 299)
⚡ FRAME SPIKE #649: 35.5 ms at 22.7s (Draw: 5006, Bodies: 298)
⚡ FRAME SPIKE #650: 50.0 ms at 22.7s (Draw: 5080, Bodies: 298)
⚡ FRAME SPIKE #651: 38.1 ms at 22.8s (Draw: 5108, Bodies: 298)
⚡ FRAME SPIKE #652: 38.1 ms at 22.8s (Draw: 5109, Bodies: 298)
⚡ FRAME SPIKE #653: 37.9 ms at 22.9s (Draw: 5101, Bodies: 298)
⚡ FRAME SPIKE #654: 37.9 ms at 22.9s (Draw: 5076, Bodies: 299)
⚡ FRAME SPIKE #655: 37.9 ms at 22.9s (Draw: 5048, Bodies: 299)
⚡ FRAME SPIKE #656: 37.9 ms at 23.0s (Draw: 5003, Bodies: 300)
⚡ FRAME SPIKE #657: 39.0 ms at 23.0s (Draw: 5007, Bodies: 300)
⚡ FRAME SPIKE #658: 37.9 ms at 23.1s (Draw: 4993, Bodies: 301)
⚡ FRAME SPIKE #659: 37.9 ms at 23.1s (Draw: 4978, Bodies: 301)
⚡ FRAME SPIKE #660: 37.6 ms at 23.1s (Draw: 4983, Bodies: 302)
⚡ FRAME SPIKE #661: 35.1 ms at 23.2s (Draw: 4987, Bodies: 302)
⚡ FRAME SPIKE #662: 34.7 ms at 23.2s (Draw: 4942, Bodies: 303)
⚡ FRAME SPIKE #663: 33.3 ms at 23.2s (Draw: 4867, Bodies: 303)
⚡ FRAME SPIKE #664: 34.6 ms at 23.3s (Draw: 4852, Bodies: 304)
⚡ FRAME SPIKE #665: 35.7 ms at 23.3s (Draw: 4841, Bodies: 304)
⚡ FRAME SPIKE #666: 35.7 ms at 23.3s (Draw: 4831, Bodies: 303)
⚡ FRAME SPIKE #667: 35.7 ms at 23.4s (Draw: 4832, Bodies: 304)
⚡ FRAME SPIKE #668: 35.2 ms at 23.4s (Draw: 4871, Bodies: 304)
⚡ FRAME SPIKE #669: 33.6 ms at 23.4s (Draw: 4935, Bodies: 305)
⚡ FRAME SPIKE #670: 34.7 ms at 23.5s (Draw: 4966, Bodies: 305)
⚡ FRAME SPIKE #671: 34.8 ms at 23.5s (Draw: 5003, Bodies: 305)
⚡ FRAME SPIKE #672: 34.3 ms at 23.5s (Draw: 5012, Bodies: 306)
⚡ FRAME SPIKE #673: 34.1 ms at 23.6s (Draw: 5032, Bodies: 306)
⚡ FRAME SPIKE #674: 35.2 ms at 23.6s (Draw: 5036, Bodies: 307)
⚡ FRAME SPIKE #675: 35.0 ms at 23.7s (Draw: 5022, Bodies: 308)
⚡ FRAME SPIKE #676: 35.0 ms at 23.7s (Draw: 4993, Bodies: 309)
⚡ FRAME SPIKE #677: 35.0 ms at 23.7s (Draw: 4983, Bodies: 310)
⚡ FRAME SPIKE #678: 35.0 ms at 23.8s (Draw: 4972, Bodies: 311)
⚡ FRAME SPIKE #679: 34.5 ms at 23.8s (Draw: 4952, Bodies: 311)
⚡ FRAME SPIKE #680: 35.0 ms at 23.8s (Draw: 4924, Bodies: 311)
⚡ FRAME SPIKE #681: 34.5 ms at 23.9s (Draw: 4937, Bodies: 311)
⚡ FRAME SPIKE #682: 34.8 ms at 23.9s (Draw: 4929, Bodies: 310)
⚡ FRAME SPIKE #683: 33.7 ms at 23.9s (Draw: 4892, Bodies: 311)
⚡ FRAME SPIKE #684: 33.2 ms at 24.0s (Draw: 4833, Bodies: 311)
⚡ FRAME SPIKE #685: 32.8 ms at 24.0s (Draw: 4840, Bodies: 311)
⚡ FRAME SPIKE #686: 32.0 ms at 24.0s (Draw: 4851, Bodies: 312)
⚡ FRAME SPIKE #687: 32.4 ms at 24.1s (Draw: 4849, Bodies: 312)

=== PERFORMANCE METRICS ===
FPS: 28 | Frame: 33.8 ms (max 118.7) | Physics: 16.6 ms (max 40.0)
Godot Process: 23.45 ms | Physics: 7.35 ms
Objects: 49536 | Nodes: 20618 | Resources: 538
Draw calls: 4849 | Vertices: 4614674 | VRAM: 771.3 MB
Physics bodies: 312 | Collision pairs: 3714
--- System Times ---
  road_batch_finalize_total_-1,-1: 22.34 ms (max 22.34)
  road_batch_finalize_total_-1,-2: 29.81 ms (max 29.81)
  road_batch_finalize_total_-1,-3: 20.96 ms (max 20.96)
  road_batch_finalize_total_-1,0: 18.24 ms (max 18.24)
  road_batch_finalize_total_-2,-1: 20.68 ms (max 20.68)
  road_batch_finalize_total_-2,-2: 32.34 ms (max 32.34)
  road_batch_finalize_total_-2,-3: 8.30 ms (max 8.30)
  road_batch_finalize_total_-2,0: 5.37 ms (max 5.37)
  road_batch_finalize_total_0,-1: 35.09 ms (max 35.09)
  road_batch_finalize_total_0,-2: 29.80 ms (max 29.80)
  road_batch_finalize_total_0,-3: 29.24 ms (max 29.24)
  road_batch_finalize_total_0,0: 29.69 ms (max 29.69)
  road_batch_finalize_total_0,1: 12.21 ms (max 12.21)
  road_batch_finalize_total_1,-1: 29.07 ms (max 29.07)
  road_batch_finalize_total_1,-2: 10.23 ms (max 10.23)
  road_batch_finalize_total_1,-3: 7.96 ms (max 7.96)
  road_batch_finalize_total_1,0: 15.00 ms (max 15.00)
  road_collision_create_-1,-1: 7.22 ms (max 15.43)
  road_collision_create_-1,-2: 14.62 ms (max 26.24)
  road_collision_create_-1,-3: 6.73 ms (max 15.91)
  road_collision_create_-1,0: 8.88 ms (max 15.62)
  road_collision_create_-2,-1: 6.68 ms (max 13.96)
  road_collision_create_-2,-2: 15.89 ms (max 29.95)
  road_collision_create_-2,-3: 2.46 ms (max 3.96)
  road_collision_create_-2,0: 2.48 ms (max 2.88)
  road_collision_create_0,-1: 11.46 ms (max 29.03)
  road_collision_create_0,-2: 9.66 ms (max 22.30)
  road_collision_create_0,-3: 9.37 ms (max 22.06)
  road_collision_create_0,0: 9.68 ms (max 26.15)
  road_collision_create_0,1: 11.95 ms (max 11.95)
  road_collision_create_1,-1: 9.46 ms (max 24.83)
  road_collision_create_1,-2: 4.84 ms (max 7.28)
  road_collision_create_1,-3: 2.41 ms (max 3.36)
  road_collision_create_1,0: 14.60 ms (max 14.60)
===========================

=== PERFORMANCE METRICS ===
FPS: 28 | Frame: 33.8 ms (max 118.7) | Physics: 16.6 ms (max 40.0)
Godot Process: 23.45 ms | Physics: 7.35 ms
Objects: 49536 | Nodes: 20618 | Resources: 538
Draw calls: 4849 | Vertices: 4614674 | VRAM: 771.3 MB
Physics bodies: 312 | Collision pairs: 3714
===========================
⚡ FRAME SPIKE #688: 33.3 ms at 24.1s (Draw: 4858, Bodies: 313)
⚡ FRAME SPIKE #689: 33.3 ms at 24.1s (Draw: 4862, Bodies: 313)
⚡ FRAME SPIKE #690: 33.3 ms at 24.2s (Draw: 4861, Bodies: 314)
⚡ FRAME SPIKE #691: 33.3 ms at 24.2s (Draw: 4867, Bodies: 314)
⚡ FRAME SPIKE #692: 33.3 ms at 24.2s (Draw: 4882, Bodies: 314)
🚗 Traffic: 22 active NPCs (Near: 0, Mid: 5, Far: 17), 12 pooled
  → Physics bodies from NPCs: 22 (All: 22×1, было бы 22×5=110)

========== Bottleneck Analysis Report ==========
Time: 34.7s | Frames: 1016

📊 PERFORMANCE OVERVIEW:
  FPS: 25.9 avg | 25.0 min
  Frame Time: 26.78 ms avg | 32.87 ms max
  Physics Time: 7.34 ms avg

🔍 BOTTLENECK IDENTIFICATION:
  🟠 [HIGH] Frame Time
      Value: 26.78 ms (target: 16.67 ms)
      Impact: Overall performance bottleneck
      Suggestions:
        • Reduce draw calls
        • Optimize scripts in _process()
        • Check for expensive operations per frame

  🟠 [HIGH] Draw Calls
      Value: 5029 calls/frame
      Impact: GPU rendering overhead
      Suggestions:
        • Batch meshes by material
        • Use MultiMeshInstance3D
        • Implement LOD system
        • Enable frustum culling

  🟠 [HIGH] Physics Bodies
      Value: 296 active bodies
      Impact: Physics engine load
      Suggestions:
        • Reduce NPC count
        • Convert distant NPCs to kinematic
        • Disable physics for far objects

  🟡 [MEDIUM] Physics Time
      Value: 7.34 ms
      Impact: Physics simulation overhead
      Suggestions:
        • Reduce number of active physics bodies
        • Simplify collision shapes
        • Disable physics for distant objects

  🟡 [MEDIUM] Vertex Count
      Value: 4360686 vertices/frame
      Impact: GPU vertex processing
      Suggestions:
        • Implement LOD for distant objects
        • Simplify building meshes
        • Use lower poly models

  🟡 [MEDIUM] Node Count
      Value: 20641 nodes
      Impact: Scene tree traversal overhead
      Suggestions:
        • Unload distant chunks
        • Pool and reuse nodes
        • Flatten hierarchy where possible

  🟡 [MEDIUM] Post-Processing Effects
      Value: SSAO, Glow/Bloom, Volumetric Fog
      Impact: GPU shader overhead
      Suggestions:
        • Reduce SSR quality
        • Disable SSAO on low-end hardware
        • Use simpler fog

📈 DETAILED STATS:
  Draw Calls: 5029 avg | 5355 max
  Vertices: 4360686 avg | 4640924 max
  Physics Bodies: 296
  Nodes: 20641
  VRAM: 772.0 MB

=================================================

⚡ FRAME SPIKE #693: 33.3 ms at 24.3s (Draw: 4899, Bodies: 315)
⚡ FRAME SPIKE #694: 33.3 ms at 24.3s (Draw: 4984, Bodies: 316)
⚡ FRAME SPIKE #695: 33.3 ms at 24.3s (Draw: 4990, Bodies: 316)
⚡ FRAME SPIKE #696: 33.3 ms at 24.4s (Draw: 5021, Bodies: 317)
⚡ FRAME SPIKE #697: 33.3 ms at 24.4s (Draw: 5052, Bodies: 317)
⚡ FRAME SPIKE #698: 33.3 ms at 24.4s (Draw: 5064, Bodies: 318)
⚡ FRAME SPIKE #699: 33.3 ms at 24.5s (Draw: 5060, Bodies: 318)
OSM: Loading chunk -1,-4 at lat=59.1262, lon=37.8974
OSM: Loaded from cache: osm_v2_59.1262_37.8974_250.json
OSM: Loading chunk 0,-4 at lat=59.1262, lon=37.9026
OSM: Loaded from cache: osm_v2_59.1262_37.9026_250.json
OSM: Chunk -1,-4 data loaded
OSM: Found 12 POI nodes in chunk
POI_DEBUG: Found 'Муниципальное учреждение здравоохранения Стомотологическая п-ка №1. Протезирование' inside building at local (-317.5, -1042.1)
POI_DEBUG: Found 'Сбербанк' inside building at local (-151.6, -859.4)
BusinessSign: Found logo for 'сбербанк' -> res://textures/brand_logos/sberbank.png
BusinessSign: Found logo for 'сбербанк' -> res://textures/brand_logos/sberbank.png
OSM: Generated 49 roads, 50 buildings, 0 trees, 0 signs, 0 lamps, 21 intersections
OSM: Marked chunk '-1,-4' for road batch finalization
OSM: Post-initial chunk loaded, pending_lamps=234
OSM: _create_pending_lamps started, count=234
OSM: Created 141 lamps, skipped 93 (added to infrastructure queue)
OSM: Chunk 0,-4 data loaded
OSM: Found 9 POI nodes in chunk
OSM: Generated 21 roads, 15 buildings, 0 trees, 0 signs, 0 lamps, 12 intersections
OSM: Marked chunk '0,-4' for road batch finalization
OSM: Post-initial chunk loaded, pending_lamps=0
OSM: _create_pending_lamps started, count=0
OSM: No pending lamps
⚡ FRAME SPIKE #700: 117.5 ms at 24.5s (Draw: 5112, Bodies: 326)
OSM: DEBUG _add_road_to_batch - first road for chunk '-1,-4', parent.name='Chunk_-1,-4'
OSM: DEBUG _add_road_to_batch - first road for chunk '0,-4', parent.name='Chunk_0,-4'
⚡ FRAME SPIKE #701: 100.5 ms at 24.6s (Draw: 5076, Bodies: 324)
⚡ FRAME SPIKE #702: 72.5 ms at 24.7s (Draw: 5098, Bodies: 323)
⚡ FRAME SPIKE #703: 53.4 ms at 24.8s (Draw: 5109, Bodies: 321)
🔴 FREEZE: road collision shape creation took 5.5 ms for chunk -1,-4 (type: residential)
OSM: ✅ Finalized road batch -1,-4/residential: 2272 vertices, 2226 triangles, material: <ImageTexture#-9223371972648368119>
OSM: ✅ Finalized road batch -1,-4/path: 1590 vertices, 1538 triangles, material: <ImageTexture#-9223371972547704822>
⚠️ SLOW: road batch finalization took 9.5 ms for chunk -1,-4
⚠️ SLOW FRAME 12.3ms: building=0.5 road=9.5 terrain=1.1 infra=1.2 veg=0.0 curb=0.0ms
⚡ FRAME SPIKE #704: 49.4 ms at 24.8s (Draw: 5120, Bodies: 320)
🔴 FREEZE: road collision shape creation took 9.2 ms for chunk 0,-4 (type: residential)
OSM: ✅ Finalized road batch 0,-4/residential: 1086 vertices, 1060 triangles, material: <ImageTexture#-9223371972648368119>
OSM: ✅ Finalized road batch 0,-4/path: 414 vertices, 400 triangles, material: <ImageTexture#-9223371972547704822>
OSM: ✅ Finalized road batch 0,-4/primary: 108 vertices, 106 triangles, material: <ImageTexture#-9223371972749031416>
⚠️ SLOW: road batch finalization took 13.1 ms for chunk 0,-4
⚠️ SLOW FRAME 15.0ms: building=0.5 road=13.1 terrain=0.8 infra=0.5 veg=0.0 curb=0.0ms
⚡ FRAME SPIKE #705: 53.0 ms at 24.9s (Draw: 5133, Bodies: 320)
⚠️ SLOW FRAME 16.7ms: building=0.5 road=1.2 terrain=13.8 infra=1.3 veg=0.0 curb=0.0ms
⚡ FRAME SPIKE #706: 54.1 ms at 24.9s (Draw: 5167, Bodies: 319)
⚠️ SLOW FRAME 20.3ms: building=0.4 road=0.9 terrain=17.2 infra=1.2 veg=0.0 curb=0.6ms
OSM: Unloaded chunk -2,1
⚡ FRAME SPIKE #707: 56.8 ms at 25.0s (Draw: 5180, Bodies: 319)
⚡ FRAME SPIKE #708: 54.2 ms at 25.1s (Draw: 5235, Bodies: 320)
⚡ FRAME SPIKE #709: 50.2 ms at 25.1s (Draw: 5251, Bodies: 321)
⚡ FRAME SPIKE #710: 38.7 ms at 25.2s (Draw: 5256, Bodies: 322)
⚠️ SLOW FRAME 11.3ms: building=0.5 road=1.1 terrain=9.1 infra=0.4 veg=0.0 curb=0.3ms
⚡ FRAME SPIKE #711: 42.7 ms at 25.2s (Draw: 5260, Bodies: 323)
⚡ FRAME SPIKE #712: 40.6 ms at 25.2s (Draw: 5273, Bodies: 323)
⚡ FRAME SPIKE #713: 34.2 ms at 25.3s (Draw: 5274, Bodies: 323)
⚡ FRAME SPIKE #714: 37.0 ms at 25.3s (Draw: 5286, Bodies: 323)
⚡ FRAME SPIKE #715: 34.3 ms at 25.3s (Draw: 5297, Bodies: 323)
⚡ FRAME SPIKE #716: 33.5 ms at 25.4s (Draw: 5297, Bodies: 324)
⚡ FRAME SPIKE #717: 34.5 ms at 25.4s (Draw: 5290, Bodies: 325)
⚡ FRAME SPIKE #718: 33.9 ms at 25.5s (Draw: 5298, Bodies: 325)
⚡ FRAME SPIKE #719: 35.7 ms at 25.5s (Draw: 5313, Bodies: 325)
⚡ FRAME SPIKE #720: 35.7 ms at 25.5s (Draw: 5326, Bodies: 325)
⚡ FRAME SPIKE #721: 35.7 ms at 25.6s (Draw: 5327, Bodies: 326)
⚡ FRAME SPIKE #722: 35.1 ms at 25.6s (Draw: 5349, Bodies: 327)
⚡ FRAME SPIKE #723: 34.5 ms at 25.6s (Draw: 5362, Bodies: 328)
⚡ FRAME SPIKE #724: 35.7 ms at 25.7s (Draw: 5373, Bodies: 328)
⚡ FRAME SPIKE #725: 34.2 ms at 25.7s (Draw: 5384, Bodies: 328)
⚡ FRAME SPIKE #726: 35.2 ms at 25.7s (Draw: 5396, Bodies: 329)
⚡ FRAME SPIKE #727: 35.2 ms at 25.8s (Draw: 5404, Bodies: 329)
⚡ FRAME SPIKE #728: 35.4 ms at 25.8s (Draw: 5381, Bodies: 329)
⚡ FRAME SPIKE #729: 35.2 ms at 25.8s (Draw: 5338, Bodies: 330)
⚡ FRAME SPIKE #730: 35.2 ms at 25.9s (Draw: 5390, Bodies: 330)
⚡ FRAME SPIKE #731: 35.2 ms at 25.9s (Draw: 5419, Bodies: 331)
⚡ FRAME SPIKE #732: 35.2 ms at 25.9s (Draw: 5462, Bodies: 331)
⚡ FRAME SPIKE #733: 35.3 ms at 26.0s (Draw: 5429, Bodies: 331)
⚡ FRAME SPIKE #734: 35.4 ms at 26.0s (Draw: 5328, Bodies: 331)
⚡ FRAME SPIKE #735: 35.2 ms at 26.0s (Draw: 5324, Bodies: 332)
⚡ FRAME SPIKE #736: 35.4 ms at 26.1s (Draw: 5304, Bodies: 332)
⚡ FRAME SPIKE #737: 35.4 ms at 26.1s (Draw: 5289, Bodies: 332)
⚡ FRAME SPIKE #738: 35.4 ms at 26.2s (Draw: 5293, Bodies: 332)
⚡ FRAME SPIKE #739: 35.4 ms at 26.2s (Draw: 5297, Bodies: 333)
⚡ FRAME SPIKE #740: 35.4 ms at 26.2s (Draw: 5297, Bodies: 333)
🚗 Traffic: 10 active NPCs (Near: 0, Mid: 4, Far: 6), 24 pooled
  → Physics bodies from NPCs: 10 (All: 10×1, было бы 10×5=50)

========== Bottleneck Analysis Report ==========
Time: 36.7s | Frames: 1064

📊 PERFORMANCE OVERVIEW:
  FPS: 25.8 avg | 22.0 min
  Frame Time: 42.25 ms avg | 107.82 ms max
  Physics Time: 7.33 ms avg

🔍 BOTTLENECK IDENTIFICATION:
  🔴 [CRITICAL] Frame Time
      Value: 42.25 ms (target: 16.67 ms)
      Impact: Overall performance bottleneck
      Suggestions:
        • Reduce draw calls
        • Optimize scripts in _process()
        • Check for expensive operations per frame

  🟠 [HIGH] Draw Calls
      Value: 5109 calls/frame
      Impact: GPU rendering overhead
      Suggestions:
        • Batch meshes by material
        • Use MultiMeshInstance3D
        • Implement LOD system
        • Enable frustum culling

  🟠 [HIGH] Physics Bodies
      Value: 310 active bodies
      Impact: Physics engine load
      Suggestions:
        • Reduce NPC count
        • Convert distant NPCs to kinematic
        • Disable physics for far objects

  🟡 [MEDIUM] Physics Time
      Value: 7.33 ms
      Impact: Physics simulation overhead
      Suggestions:
        • Reduce number of active physics bodies
        • Simplify collision shapes
        • Disable physics for distant objects

  🟡 [MEDIUM] Vertex Count
      Value: 4655267 vertices/frame
      Impact: GPU vertex processing
      Suggestions:
        • Implement LOD for distant objects
        • Simplify building meshes
        • Use lower poly models

  🟡 [MEDIUM] Node Count
      Value: 22961 nodes
      Impact: Scene tree traversal overhead
      Suggestions:
        • Unload distant chunks
        • Pool and reuse nodes
        • Flatten hierarchy where possible

  🟡 [MEDIUM] Post-Processing Effects
      Value: SSAO, Glow/Bloom, Volumetric Fog
      Impact: GPU shader overhead
      Suggestions:
        • Reduce SSR quality
        • Disable SSAO on low-end hardware
        • Use simpler fog

📈 DETAILED STATS:
  Draw Calls: 5109 avg | 5462 max
  Vertices: 4655267 avg | 4958237 max
  Physics Bodies: 310
  Nodes: 22961
  VRAM: 776.5 MB

=================================================

⚡ FRAME SPIKE #741: 35.4 ms at 26.3s (Draw: 5296, Bodies: 334)
⚡ FRAME SPIKE #742: 35.4 ms at 26.3s (Draw: 5287, Bodies: 334)
⚡ FRAME SPIKE #743: 35.4 ms at 26.3s (Draw: 5301, Bodies: 335)
⚡ FRAME SPIKE #744: 35.4 ms at 26.4s (Draw: 5308, Bodies: 335)
⚡ FRAME SPIKE #745: 35.4 ms at 26.4s (Draw: 5273, Bodies: 336)
⚡ FRAME SPIKE #746: 35.4 ms at 26.4s (Draw: 5300, Bodies: 336)
⚡ FRAME SPIKE #747: 35.4 ms at 26.5s (Draw: 5320, Bodies: 337)
⚡ FRAME SPIKE #748: 35.4 ms at 26.5s (Draw: 5287, Bodies: 337)
⚡ FRAME SPIKE #749: 35.4 ms at 26.5s (Draw: 5290, Bodies: 337)
OSM: 🌙 NIGHT Window batch 0,-4 | night_mgr: CACHED | is_night value: true
OSM: ✅ Finalized window batch 0,-4: 2132 windows (was 2132 draw calls before batching)
⚡ FRAME SPIKE #750: 35.4 ms at 26.6s (Draw: 5276, Bodies: 338)
OSM: 🌙 NIGHT Window batch -1,-4 | night_mgr: CACHED | is_night value: true
OSM: ✅ Finalized window batch -1,-4: 6171 windows (was 6171 draw calls before batching)
⚡ FRAME SPIKE #751: 35.4 ms at 26.6s (Draw: 5290, Bodies: 338)
⚡ FRAME SPIKE #752: 35.4 ms at 26.7s (Draw: 5267, Bodies: 339)
⚡ FRAME SPIKE #753: 35.9 ms at 26.7s (Draw: 5213, Bodies: 340)
⚡ FRAME SPIKE #754: 35.4 ms at 26.7s (Draw: 5182, Bodies: 341)
⚡ FRAME SPIKE #755: 35.4 ms at 26.8s (Draw: 5168, Bodies: 342)
⚡ FRAME SPIKE #756: 35.4 ms at 26.8s (Draw: 5158, Bodies: 342)
⚡ FRAME SPIKE #757: 35.4 ms at 26.8s (Draw: 5150, Bodies: 342)
⚡ FRAME SPIKE #758: 35.4 ms at 26.9s (Draw: 5152, Bodies: 342)
⚡ FRAME SPIKE #759: 35.4 ms at 26.9s (Draw: 5237, Bodies: 342)
⚡ FRAME SPIKE #760: 35.4 ms at 26.9s (Draw: 5376, Bodies: 343)
⚡ FRAME SPIKE #761: 35.4 ms at 27.0s (Draw: 5509, Bodies: 343)
⚡ FRAME SPIKE #762: 35.4 ms at 27.0s (Draw: 5589, Bodies: 344)
⚡ FRAME SPIKE #763: 35.4 ms at 27.0s (Draw: 5605, Bodies: 345)
⚡ FRAME SPIKE #764: 35.2 ms at 27.1s (Draw: 5669, Bodies: 345)
⚡ FRAME SPIKE #765: 35.2 ms at 27.1s (Draw: 5743, Bodies: 346)
⚡ FRAME SPIKE #766: 35.2 ms at 27.1s (Draw: 5773, Bodies: 347)
⚡ FRAME SPIKE #767: 35.2 ms at 27.2s (Draw: 5753, Bodies: 348)
⚡ FRAME SPIKE #768: 34.5 ms at 27.2s (Draw: 5765, Bodies: 348)
⚡ FRAME SPIKE #769: 35.2 ms at 27.3s (Draw: 5775, Bodies: 348)
⚡ FRAME SPIKE #770: 35.4 ms at 27.3s (Draw: 5749, Bodies: 348)
⚡ FRAME SPIKE #771: 35.2 ms at 27.3s (Draw: 5736, Bodies: 349)
⚡ FRAME SPIKE #772: 35.2 ms at 27.4s (Draw: 5721, Bodies: 348)
⚡ FRAME SPIKE #773: 35.2 ms at 27.4s (Draw: 5695, Bodies: 349)
⚡ FRAME SPIKE #774: 35.2 ms at 27.4s (Draw: 5689, Bodies: 349)
⚡ FRAME SPIKE #775: 35.2 ms at 27.5s (Draw: 5692, Bodies: 349)
⚡ FRAME SPIKE #776: 34.9 ms at 27.5s (Draw: 5697, Bodies: 350)
⚡ FRAME SPIKE #777: 33.6 ms at 27.5s (Draw: 5679, Bodies: 351)
⚡ FRAME SPIKE #778: 33.2 ms at 27.6s (Draw: 5654, Bodies: 352)
⚡ FRAME SPIKE #779: 32.7 ms at 27.6s (Draw: 5645, Bodies: 353)
⚡ FRAME SPIKE #780: 33.2 ms at 27.6s (Draw: 5646, Bodies: 354)
⚡ FRAME SPIKE #781: 33.3 ms at 27.7s (Draw: 5654, Bodies: 355)
⚡ FRAME SPIKE #782: 32.2 ms at 27.7s (Draw: 5671, Bodies: 356)
⚡ FRAME SPIKE #783: 32.1 ms at 27.7s (Draw: 5647, Bodies: 356)
⚡ FRAME SPIKE #784: 33.3 ms at 27.8s (Draw: 5638, Bodies: 356)
⚡ FRAME SPIKE #785: 33.3 ms at 27.8s (Draw: 5649, Bodies: 356)
⚡ FRAME SPIKE #786: 33.3 ms at 27.8s (Draw: 5658, Bodies: 356)
⚡ FRAME SPIKE #787: 33.3 ms at 27.9s (Draw: 5674, Bodies: 356)
⚡ FRAME SPIKE #788: 33.3 ms at 27.9s (Draw: 5686, Bodies: 356)
⚡ FRAME SPIKE #789: 33.3 ms at 27.9s (Draw: 5708, Bodies: 356)
⚡ FRAME SPIKE #790: 33.3 ms at 28.0s (Draw: 5720, Bodies: 356)
⚡ FRAME SPIKE #791: 33.3 ms at 28.0s (Draw: 5742, Bodies: 356)
⚡ FRAME SPIKE #792: 33.0 ms at 28.0s (Draw: 5743, Bodies: 356)
⚡ FRAME SPIKE #793: 33.3 ms at 28.1s (Draw: 5744, Bodies: 356)
⚡ FRAME SPIKE #794: 33.0 ms at 28.1s (Draw: 5734, Bodies: 356)
⚡ FRAME SPIKE #795: 32.7 ms at 28.1s (Draw: 5734, Bodies: 356)
⚡ FRAME SPIKE #796: 33.0 ms at 28.2s (Draw: 5718, Bodies: 356)
⚡ FRAME SPIKE #797: 32.6 ms at 28.2s (Draw: 5728, Bodies: 356)
⚡ FRAME SPIKE #798: 32.1 ms at 28.2s (Draw: 5728, Bodies: 356)
⚡ FRAME SPIKE #799: 33.3 ms at 28.3s (Draw: 5715, Bodies: 356)
🚗 Traffic: 9 active NPCs (Near: 0, Mid: 4, Far: 5), 25 pooled
  → Physics bodies from NPCs: 9 (All: 9×1, было бы 9×5=45)

========== Bottleneck Analysis Report ==========
Time: 38.7s | Frames: 1123

📊 PERFORMANCE OVERVIEW:
  FPS: 26.4 avg | 22.0 min
  Frame Time: 44.27 ms avg | 107.82 ms max
  Physics Time: 6.87 ms avg

🔍 BOTTLENECK IDENTIFICATION:
  🔴 [CRITICAL] Frame Time
      Value: 44.27 ms (target: 16.67 ms)
      Impact: Overall performance bottleneck
      Suggestions:
        • Reduce draw calls
        • Optimize scripts in _process()
        • Check for expensive operations per frame

  🟠 [HIGH] Draw Calls
      Value: 5353 calls/frame
      Impact: GPU rendering overhead
      Suggestions:
        • Batch meshes by material
        • Use MultiMeshInstance3D
        • Implement LOD system
        • Enable frustum culling

  🟠 [HIGH] Physics Bodies
      Value: 334 active bodies
      Impact: Physics engine load
      Suggestions:
        • Reduce NPC count
        • Convert distant NPCs to kinematic
        • Disable physics for far objects

  🟡 [MEDIUM] Physics Time
      Value: 6.87 ms
      Impact: Physics simulation overhead
      Suggestions:
        • Reduce number of active physics bodies
        • Simplify collision shapes
        • Disable physics for distant objects

  🟡 [MEDIUM] Vertex Count
      Value: 5049705 vertices/frame
      Impact: GPU vertex processing
      Suggestions:
        • Implement LOD for distant objects
        • Simplify building meshes
        • Use lower poly models

  🟡 [MEDIUM] Node Count
      Value: 23230 nodes
      Impact: Scene tree traversal overhead
      Suggestions:
        • Unload distant chunks
        • Pool and reuse nodes
        • Flatten hierarchy where possible

  🟡 [MEDIUM] Post-Processing Effects
      Value: SSAO, Glow/Bloom, Volumetric Fog
      Impact: GPU shader overhead
      Suggestions:
        • Reduce SSR quality
        • Disable SSAO on low-end hardware
        • Use simpler fog

📈 DETAILED STATS:
  Draw Calls: 5353 avg | 5775 max
  Vertices: 5049705 avg | 5589220 max
  Physics Bodies: 334
  Nodes: 23230
  VRAM: 779.8 MB

=================================================

⚡ FRAME SPIKE #800: 33.3 ms at 28.3s (Draw: 5706, Bodies: 356)
⚡ FRAME SPIKE #801: 33.3 ms at 28.3s (Draw: 5700, Bodies: 356)
⚡ FRAME SPIKE #802: 33.3 ms at 28.4s (Draw: 5681, Bodies: 356)
⚡ FRAME SPIKE #803: 33.3 ms at 28.4s (Draw: 5665, Bodies: 356)
⚡ FRAME SPIKE #804: 32.7 ms at 28.4s (Draw: 5650, Bodies: 356)
⚡ FRAME SPIKE #805: 31.8 ms at 28.5s (Draw: 5651, Bodies: 356)
⚡ FRAME SPIKE #806: 31.8 ms at 28.5s (Draw: 5654, Bodies: 356)
⚡ FRAME SPIKE #807: 31.9 ms at 28.5s (Draw: 5669, Bodies: 356)
⚡ FRAME SPIKE #808: 32.7 ms at 28.6s (Draw: 5675, Bodies: 356)
⚡ FRAME SPIKE #809: 32.8 ms at 28.6s (Draw: 5660, Bodies: 356)
⚡ FRAME SPIKE #810: 32.2 ms at 28.6s (Draw: 5674, Bodies: 356)
⚡ FRAME SPIKE #811: 33.3 ms at 28.7s (Draw: 5670, Bodies: 356)
⚡ FRAME SPIKE #812: 32.5 ms at 28.7s (Draw: 5659, Bodies: 356)
⚡ FRAME SPIKE #813: 31.9 ms at 28.7s (Draw: 5654, Bodies: 356)
⚡ FRAME SPIKE #814: 26.6 ms at 28.8s (Draw: 5658, Bodies: 356)
⚡ FRAME SPIKE #815: 31.9 ms at 28.8s (Draw: 5677, Bodies: 358)
⚡ FRAME SPIKE #816: 31.9 ms at 28.8s (Draw: 5682, Bodies: 358)
⚡ FRAME SPIKE #817: 31.9 ms at 28.8s (Draw: 5677, Bodies: 358)
⚡ FRAME SPIKE #818: 31.9 ms at 28.9s (Draw: 5669, Bodies: 358)
⚡ FRAME SPIKE #819: 32.0 ms at 28.9s (Draw: 5667, Bodies: 358)
⚡ FRAME SPIKE #820: 33.0 ms at 28.9s (Draw: 5671, Bodies: 358)
⚡ FRAME SPIKE #821: 32.1 ms at 29.0s (Draw: 5672, Bodies: 358)
⚡ FRAME SPIKE #822: 33.2 ms at 29.0s (Draw: 5672, Bodies: 358)
⚡ FRAME SPIKE #823: 33.3 ms at 29.0s (Draw: 5666, Bodies: 358)
⚡ FRAME SPIKE #824: 33.3 ms at 29.1s (Draw: 5666, Bodies: 358)

=== PERFORMANCE METRICS ===
FPS: 31 | Frame: 37.7 ms (max 118.7) | Physics: 16.6 ms (max 114.3)
Godot Process: 23.37 ms | Physics: 6.52 ms
Objects: 54985 | Nodes: 23230 | Resources: 538
Draw calls: 5666 | Vertices: 5212802 | VRAM: 779.8 MB
Physics bodies: 358 | Collision pairs: 4303
--- System Times ---
  road_batch_finalize_total_-1,-1: 22.34 ms (max 22.34)
  road_batch_finalize_total_-1,-2: 29.81 ms (max 29.81)
  road_batch_finalize_total_-1,-3: 20.96 ms (max 20.96)
  road_batch_finalize_total_-1,-4: 9.46 ms (max 9.46)
  road_batch_finalize_total_-1,0: 18.24 ms (max 18.24)
  road_batch_finalize_total_-2,-1: 20.68 ms (max 20.68)
  road_batch_finalize_total_-2,-2: 32.34 ms (max 32.34)
  road_batch_finalize_total_-2,-3: 8.30 ms (max 8.30)
  road_batch_finalize_total_-2,0: 5.37 ms (max 5.37)
  road_batch_finalize_total_0,-1: 35.09 ms (max 35.09)
  road_batch_finalize_total_0,-2: 29.80 ms (max 29.80)
  road_batch_finalize_total_0,-3: 29.24 ms (max 29.24)
  road_batch_finalize_total_0,-4: 13.09 ms (max 13.09)
  road_batch_finalize_total_0,0: 29.69 ms (max 29.69)
  road_batch_finalize_total_0,1: 12.21 ms (max 12.21)
  road_batch_finalize_total_1,-1: 29.07 ms (max 29.07)
  road_batch_finalize_total_1,-2: 10.23 ms (max 10.23)
  road_batch_finalize_total_1,-3: 7.96 ms (max 7.96)
  road_batch_finalize_total_1,0: 15.00 ms (max 15.00)
  road_collision_create_-1,-1: 7.22 ms (max 15.43)
  road_collision_create_-1,-2: 14.62 ms (max 26.24)
  road_collision_create_-1,-3: 6.73 ms (max 15.91)
  road_collision_create_-1,-4: 4.45 ms (max 5.46)
  road_collision_create_-1,0: 8.88 ms (max 15.62)
  road_collision_create_-2,-1: 6.68 ms (max 13.96)
  road_collision_create_-2,-2: 15.89 ms (max 29.95)
  road_collision_create_-2,-3: 2.46 ms (max 3.96)
  road_collision_create_-2,0: 2.48 ms (max 2.88)
  road_collision_create_0,-1: 11.46 ms (max 29.03)
  road_collision_create_0,-2: 9.66 ms (max 22.30)
  road_collision_create_0,-3: 9.37 ms (max 22.06)
  road_collision_create_0,-4: 4.12 ms (max 9.18)
  road_collision_create_0,0: 9.68 ms (max 26.15)
  road_collision_create_0,1: 11.95 ms (max 11.95)
  road_collision_create_1,-1: 9.46 ms (max 24.83)
  road_collision_create_1,-2: 4.84 ms (max 7.28)
  road_collision_create_1,-3: 2.41 ms (max 3.36)
  road_collision_create_1,0: 14.60 ms (max 14.60)
===========================

=== PERFORMANCE METRICS ===
FPS: 31 | Frame: 37.7 ms (max 118.7) | Physics: 16.6 ms (max 114.6)
Godot Process: 23.37 ms | Physics: 6.52 ms
Objects: 54985 | Nodes: 23230 | Resources: 538
Draw calls: 5666 | Vertices: 5212802 | VRAM: 779.8 MB
Physics bodies: 358 | Collision pairs: 4303
===========================
⚡ FRAME SPIKE #825: 33.3 ms at 29.1s (Draw: 5675, Bodies: 358)
⚡ FRAME SPIKE #826: 33.3 ms at 29.1s (Draw: 5679, Bodies: 358)
⚡ FRAME SPIKE #827: 33.3 ms at 29.2s (Draw: 5682, Bodies: 358)
⚡ FRAME SPIKE #828: 33.3 ms at 29.2s (Draw: 5682, Bodies: 358)
⚡ FRAME SPIKE #829: 33.3 ms at 29.2s (Draw: 5689, Bodies: 358)
⚡ FRAME SPIKE #830: 33.3 ms at 29.3s (Draw: 5695, Bodies: 358)
⚡ FRAME SPIKE #831: 33.3 ms at 29.3s (Draw: 5704, Bodies: 358)
⚡ FRAME SPIKE #832: 33.3 ms at 29.3s (Draw: 5707, Bodies: 358)
⚡ FRAME SPIKE #833: 33.3 ms at 29.4s (Draw: 5712, Bodies: 358)
⚡ FRAME SPIKE #834: 33.3 ms at 29.4s (Draw: 5723, Bodies: 358)
⚡ FRAME SPIKE #835: 33.3 ms at 29.4s (Draw: 5736, Bodies: 358)
⚡ FRAME SPIKE #836: 33.3 ms at 29.5s (Draw: 5738, Bodies: 358)
⚡ FRAME SPIKE #837: 33.3 ms at 29.5s (Draw: 5738, Bodies: 358)
⚡ FRAME SPIKE #838: 33.3 ms at 29.5s (Draw: 5755, Bodies: 358)
⚡ FRAME SPIKE #839: 33.3 ms at 29.6s (Draw: 5761, Bodies: 358)
⚡ FRAME SPIKE #840: 33.3 ms at 29.6s (Draw: 5746, Bodies: 358)
⚡ FRAME SPIKE #841: 33.3 ms at 29.6s (Draw: 5747, Bodies: 358)
⚡ FRAME SPIKE #842: 33.3 ms at 29.7s (Draw: 5738, Bodies: 358)
⚡ FRAME SPIKE #843: 33.3 ms at 29.7s (Draw: 5744, Bodies: 358)
⚡ FRAME SPIKE #844: 33.8 ms at 29.7s (Draw: 5747, Bodies: 358)
⚡ FRAME SPIKE #845: 34.1 ms at 29.8s (Draw: 5741, Bodies: 358)
⚡ FRAME SPIKE #846: 36.2 ms at 29.8s (Draw: 5753, Bodies: 360)
⚡ FRAME SPIKE #847: 33.9 ms at 29.8s (Draw: 5748, Bodies: 360)
⚡ FRAME SPIKE #848: 34.1 ms at 29.9s (Draw: 5745, Bodies: 360)
⚡ FRAME SPIKE #849: 34.0 ms at 29.9s (Draw: 5745, Bodies: 360)
⚡ FRAME SPIKE #850: 34.2 ms at 29.9s (Draw: 5736, Bodies: 360)
⚡ FRAME SPIKE #851: 35.3 ms at 30.0s (Draw: 5743, Bodies: 360)
⚡ FRAME SPIKE #852: 33.6 ms at 30.0s (Draw: 5734, Bodies: 360)
⚡ FRAME SPIKE #853: 34.4 ms at 30.0s (Draw: 5722, Bodies: 360)
⚡ FRAME SPIKE #854: 34.5 ms at 30.1s (Draw: 5722, Bodies: 360)
⚡ FRAME SPIKE #855: 33.7 ms at 30.1s (Draw: 5735, Bodies: 360)
⚡ FRAME SPIKE #856: 34.0 ms at 30.1s (Draw: 5744, Bodies: 360)
⚡ FRAME SPIKE #857: 33.9 ms at 30.2s (Draw: 5764, Bodies: 360)
⚡ FRAME SPIKE #858: 33.3 ms at 30.2s (Draw: 5770, Bodies: 360)
⚡ FRAME SPIKE #859: 34.8 ms at 30.2s (Draw: 5773, Bodies: 360)
⚡ FRAME SPIKE #860: 34.6 ms at 30.3s (Draw: 5781, Bodies: 360)
🚗 Traffic: 13 active NPCs (Near: 0, Mid: 8, Far: 5), 21 pooled
  → Physics bodies from NPCs: 13 (All: 13×1, было бы 13×5=65)

========== Bottleneck Analysis Report ==========
Time: 40.8s | Frames: 1184

📊 PERFORMANCE OVERVIEW:
  FPS: 28.6 avg | 22.0 min
  Frame Time: 25.80 ms avg | 43.14 ms max
  Physics Time: 6.65 ms avg

🔍 BOTTLENECK IDENTIFICATION:
  🟠 [HIGH] Frame Time
      Value: 25.80 ms (target: 16.67 ms)
      Impact: Overall performance bottleneck
      Suggestions:
        • Reduce draw calls
        • Optimize scripts in _process()
        • Check for expensive operations per frame

  🟠 [HIGH] Draw Calls
      Value: 5627 calls/frame
      Impact: GPU rendering overhead
      Suggestions:
        • Batch meshes by material
        • Use MultiMeshInstance3D
        • Implement LOD system
        • Enable frustum culling

  🟠 [HIGH] Physics Bodies
      Value: 352 active bodies
      Impact: Physics engine load
      Suggestions:
        • Reduce NPC count
        • Convert distant NPCs to kinematic
        • Disable physics for far objects

  🟡 [MEDIUM] Physics Time
      Value: 6.65 ms
      Impact: Physics simulation overhead
      Suggestions:
        • Reduce number of active physics bodies
        • Simplify collision shapes
        • Disable physics for distant objects

  🟡 [MEDIUM] Vertex Count
      Value: 5281003 vertices/frame
      Impact: GPU vertex processing
      Suggestions:
        • Implement LOD for distant objects
        • Simplify building meshes
        • Use lower poly models

  🟡 [MEDIUM] Node Count
      Value: 23230 nodes
      Impact: Scene tree traversal overhead
      Suggestions:
        • Unload distant chunks
        • Pool and reuse nodes
        • Flatten hierarchy where possible

  🟡 [MEDIUM] Post-Processing Effects
      Value: SSAO, Glow/Bloom, Volumetric Fog
      Impact: GPU shader overhead
      Suggestions:
        • Reduce SSR quality
        • Disable SSAO on low-end hardware
        • Use simpler fog

📈 DETAILED STATS:
  Draw Calls: 5627 avg | 5781 max
  Vertices: 5281003 avg | 5589220 max
  Physics Bodies: 352
  Nodes: 23230
  VRAM: 779.8 MB

=================================================

⚡ FRAME SPIKE #861: 36.1 ms at 30.3s (Draw: 5777, Bodies: 360)
⚡ FRAME SPIKE #862: 40.8 ms at 30.4s (Draw: 5795, Bodies: 360)
⚡ FRAME SPIKE #863: 34.7 ms at 30.4s (Draw: 5809, Bodies: 360)
⚡ FRAME SPIKE #864: 34.7 ms at 30.4s (Draw: 5817, Bodies: 360)
⚡ FRAME SPIKE #865: 34.7 ms at 30.5s (Draw: 5814, Bodies: 360)
⚡ FRAME SPIKE #866: 34.7 ms at 30.5s (Draw: 5822, Bodies: 360)
⚡ FRAME SPIKE #867: 34.7 ms at 30.5s (Draw: 5820, Bodies: 360)
⚡ FRAME SPIKE #868: 33.8 ms at 30.6s (Draw: 5831, Bodies: 360)
⚡ FRAME SPIKE #869: 36.1 ms at 30.6s (Draw: 5843, Bodies: 360)
⚡ FRAME SPIKE #870: 34.7 ms at 30.6s (Draw: 5841, Bodies: 360)
⚡ FRAME SPIKE #871: 34.7 ms at 30.7s (Draw: 5844, Bodies: 360)
⚡ FRAME SPIKE #872: 34.7 ms at 30.7s (Draw: 5841, Bodies: 360)
⚡ FRAME SPIKE #873: 34.7 ms at 30.7s (Draw: 5846, Bodies: 360)
OSM: Loading chunk 1,-4 at lat=59.1262, lon=37.9079
OSM: Loaded from cache: osm_v2_59.1262_37.9079_250.json
OSM: Chunk 1,-4 data loaded
OSM: Found 23 POI nodes in chunk
POI_DEBUG: Found 'Барбершоп Borodach' inside building at local (598.1, -1152.7)
POI_DEBUG: Found 'Laparet' inside building at local (515.0, -1168.2)
POI_DEBUG: Found 'Буквоед' inside building at local (439.2, -1181.7)
POI_DEBUG: Found 'Эдельвейс' inside building at local (364.3, -1199.0)
POI_DEBUG: Found 'Совкомбанк' inside building at local (328.8, -1220.7)
POI_DEBUG: Found 'Теплэко' inside building at local (458.7, -1132.0)
POI_DEBUG: Found 'Роскедр' inside building at local (472.2, -1125.1)
POI_DEBUG: Found 'Ozon' inside building at local (549.4, -1105.1)
BusinessSign: Found logo for 'ozon' -> res://textures/brand_logos/ozon.png
POI_DEBUG: Found 'Академия слуха' inside building at local (369.2, -911.4)
POI_DEBUG: Found 'Лабиринт' inside building at local (380.4, -997.8)
POI_DEBUG: Found 'Управдом' inside building at local (387.6, -1001.8)
POI_DEBUG: Found 'ИнжЭкон' inside building at local (480.2, -1020.0)
OSM: Generated 56 roads, 21 buildings, 0 trees, 0 signs, 0 lamps, 33 intersections
OSM: Marked chunk '1,-4' for road batch finalization
OSM: Post-initial chunk loaded, pending_lamps=24
OSM: _create_pending_lamps started, count=24
OSM: Created 19 lamps, skipped 5 (added to infrastructure queue)
⚡ FRAME SPIKE #874: 88.0 ms at 30.8s (Draw: 5956, Bodies: 360)
OSM: DEBUG _add_road_to_batch - first road for chunk '1,-4', parent.name='Chunk_1,-4'
⚡ FRAME SPIKE #875: 67.3 ms at 30.9s (Draw: 6773, Bodies: 362)
⚡ FRAME SPIKE #876: 59.2 ms at 30.9s (Draw: 6771, Bodies: 362)

========== PERFORMANCE METRICS ==========
Frames: 600
  total_frame: avg=1.48 ms, median=0.04 ms, max=44.43 ms, calls=600, total=887.9 ms
  road_queue: avg=0.59 ms, median=0.01 ms, max=29.28 ms, calls=600, total=355.3 ms
  infra_queue: avg=0.48 ms, median=0.00 ms, max=1.71 ms, calls=600, total=290.6 ms
  infra_lamp: avg=1.01 ms, median=1.03 ms, max=1.24 ms, calls=164, total=165.4 ms
  road_create: avg=0.41 ms, median=0.12 ms, max=9.77 ms, calls=312, total=128.7 ms
  curb_mesh: avg=0.18 ms, median=0.00 ms, max=1.92 ms, calls=567, total=103.0 ms
  road_batch_finalize: avg=14.87 ms, median=13.13 ms, max=29.27 ms, calls=6, total=89.2 ms
  infra_yield_sign: avg=0.47 ms, median=0.52 ms, max=0.70 ms, calls=140, total=65.8 ms
  building_results: avg=0.10 ms, median=0.00 ms, max=0.94 ms, calls=600, total=62.7 ms
  terrain_queue: avg=0.10 ms, median=0.00 ms, max=17.16 ms, calls=600, total=61.8 ms
  curb_collisions: avg=0.09 ms, median=0.00 ms, max=1.47 ms, calls=600, total=52.5 ms
  terrain_leisure: avg=3.49 ms, median=0.82 ms, max=16.95 ms, calls=15, total=52.3 ms
  infra_sort: avg=0.19 ms, median=0.10 ms, max=0.77 ms, calls=268, total=51.9 ms
  vegetation_queue: avg=0.08 ms, median=0.00 ms, max=22.42 ms, calls=600, total=50.9 ms
  veg_trees: avg=8.34 ms, median=5.66 ms, max=22.41 ms, calls=6, total=50.0 ms
  building_apply: avg=0.29 ms, median=0.29 ms, max=0.75 ms, calls=151, total=44.4 ms
  building_sort: avg=0.10 ms, median=0.09 ms, max=0.24 ms, calls=121, total=12.3 ms
  window_batch_finalize: avg=1.98 ms, median=2.10 ms, max=3.10 ms, calls=6, total=11.9 ms
  curb_smooth: avg=0.04 ms, median=0.03 ms, max=0.15 ms, calls=170, total=6.2 ms
  terrain_landuse: avg=0.11 ms, median=0.10 ms, max=0.49 ms, calls=57, total=6.2 ms
  road_sort: avg=0.27 ms, median=0.29 ms, max=0.55 ms, calls=14, total=3.8 ms
  infra_traffic_light: avg=0.64 ms, median=0.62 ms, max=0.73 ms, calls=4, total=2.5 ms
  curb_latlon: avg=0.01 ms, median=0.01 ms, max=0.03 ms, calls=170, total=2.1 ms
  terrain_sort: avg=0.08 ms, median=0.07 ms, max=0.12 ms, calls=8, total=0.6 ms
  terrain_natural: avg=0.10 ms, median=0.11 ms, max=0.12 ms, calls=6, total=0.6 ms
  veg_bushes_grass: avg=0.01 ms, median=0.01 ms, max=0.02 ms, calls=6, total=0.1 ms
==========================================


========== DRAW CALL BREAKDOWN ==========
Total tracked draw calls: 2808

  Lamps       :  1161 ( 41.3%) ████████
  Vegetation  :   730 ( 26.0%) █████
  Buildings   :   652 ( 23.2%) ████
  Terrain     :   175 (  6.2%) █
  Roads       :    47 (  1.7%) 
  Signs       :    26 (  0.9%) 
  Windows     :    17 (  0.6%) 

💡 RECOMMENDATIONS:
  🟠 Infrastructure: 42.3% of draw calls
     → Use MultiMesh for curbs, lamps, signs
=========================================

⚡ FRAME SPIKE #877: 66.7 ms at 31.0s (Draw: 6779, Bodies: 361)
⚡ FRAME SPIKE #878: 63.4 ms at 31.1s (Draw: 6785, Bodies: 361)
⚡ FRAME SPIKE #879: 55.7 ms at 31.1s (Draw: 6791, Bodies: 362)
⚡ FRAME SPIKE #880: 46.3 ms at 31.2s (Draw: 6803, Bodies: 363)
🔴 FREEZE: road collision shape creation took 11.9 ms for chunk 1,-4 (type: path)
OSM: ✅ Finalized road batch 1,-4/path: 1222 vertices, 1190 triangles, material: <ImageTexture#-9223371972547704822>
OSM: ✅ Finalized road batch 1,-4/primary: 446 vertices, 432 triangles, material: <ImageTexture#-9223371972749031416>
OSM: ✅ Finalized road batch 1,-4/residential: 2004 vertices, 1938 triangles, material: <ImageTexture#-9223371972648368119>
⚠️ SLOW: road batch finalization took 18.4 ms for chunk 1,-4
⚠️ SLOW FRAME 36.8ms: building=0.5 road=18.5 terrain=1.2 infra=1.1 veg=15.6 curb=0.0ms
⚡ FRAME SPIKE #881: 63.4 ms at 31.2s (Draw: 6810, Bodies: 363)
⚡ FRAME SPIKE #882: 58.3 ms at 31.3s (Draw: 6799, Bodies: 363)
⚡ FRAME SPIKE #883: 58.3 ms at 31.3s (Draw: 6802, Bodies: 364)
⚡ FRAME SPIKE #884: 53.0 ms at 31.4s (Draw: 6813, Bodies: 365)
⚡ FRAME SPIKE #885: 47.6 ms at 31.5s (Draw: 6813, Bodies: 365)
⚡ FRAME SPIKE #886: 46.5 ms at 31.5s (Draw: 6825, Bodies: 365)
⚡ FRAME SPIKE #887: 40.0 ms at 31.6s (Draw: 6830, Bodies: 366)
⚡ FRAME SPIKE #888: 44.8 ms at 31.6s (Draw: 6835, Bodies: 366)
⚡ FRAME SPIKE #889: 44.4 ms at 31.6s (Draw: 6860, Bodies: 366)
⚡ FRAME SPIKE #890: 43.8 ms at 31.7s (Draw: 6897, Bodies: 367)
⚡ FRAME SPIKE #891: 45.8 ms at 31.7s (Draw: 6923, Bodies: 367)
⚡ FRAME SPIKE #892: 44.4 ms at 31.8s (Draw: 6921, Bodies: 367)
OSM: 🌙 NIGHT Window batch 1,-4 | night_mgr: CACHED | is_night value: true
OSM: ✅ Finalized window batch 1,-4: 5946 windows (was 5946 draw calls before batching)
OSM: Loading chunk -2,-4 at lat=59.1262, lon=37.8921
OSM: Loaded from cache: osm_v2_59.1262_37.8921_250.json
OSM: Chunk -2,-4 data loaded
OSM: Found 17 POI nodes in chunk
POI_DEBUG: Found 'Семья7' inside building at local (-443.6, -1129.9)
POI_DEBUG: Found 'Северный' inside building at local (-453.0, -1083.6)
POI_DEBUG: Found 'Антей' inside building at local (-439.0, -1137.5)
POI_DEBUG: Found 'Быстрый заём' inside building at local (-401.3, -1066.1)
POI_DEBUG: Found 'Муниципальное учреждение здравоохранения Стомотологическая п-ка №1. Протезирование' inside building at local (-317.5, -1042.1)
POI_DEBUG: Found 'Мировые' inside building at local (-336.2, -995.9)
POI_DEBUG: Found 'полиц. пункт' inside building at local (-363.7, -1003.3)
POI_DEBUG: Found 'Ozon' inside building at local (-578.2, -925.2)
BusinessSign: Found logo for 'ozon' -> res://textures/brand_logos/ozon.png
POI_DEBUG: Found 'Ла Ла Ланч' inside building at local (-534.1, -955.2)
OSM: Generated 47 roads, 51 buildings, 1 trees, 0 signs, 0 lamps, 36 intersections
OSM: Marked chunk '-2,-4' for road batch finalization
OSM: Post-initial chunk loaded, pending_lamps=150
OSM: _create_pending_lamps started, count=150
OSM: Created 77 lamps, skipped 73 (added to infrastructure queue)
⚡ FRAME SPIKE #893: 104.8 ms at 31.8s (Draw: 7055, Bodies: 369)
OSM: DEBUG _add_road_to_batch - first road for chunk '-2,-4', parent.name='Chunk_-2,-4'
⚡ FRAME SPIKE #894: 88.2 ms at 31.9s (Draw: 7333, Bodies: 371)
⚡ FRAME SPIKE #895: 78.4 ms at 32.0s (Draw: 7370, Bodies: 371)
OSM: ✅ Finalized road batch -2,-4/path: 808 vertices, 786 triangles, material: <ImageTexture#-9223371972547704822>
🔴 FREEZE: road collision shape creation took 5.2 ms for chunk -2,-4 (type: residential)
OSM: ✅ Finalized road batch -2,-4/residential: 2952 vertices, 2880 triangles, material: <ImageTexture#-9223371972648368119>
⚠️ SLOW: road batch finalization took 8.3 ms for chunk -2,-4
⚠️ SLOW FRAME 10.3ms: building=0.5 road=8.3 terrain=0.3 infra=1.2 veg=0.0 curb=0.0ms
⚡ FRAME SPIKE #896: 69.9 ms at 32.1s (Draw: 7465, Bodies: 371)
⚡ FRAME SPIKE #897: 48.5 ms at 32.2s (Draw: 7489, Bodies: 371)
⚡ FRAME SPIKE #898: 51.7 ms at 32.2s (Draw: 7505, Bodies: 371)
⚡ FRAME SPIKE #899: 54.2 ms at 32.3s (Draw: 7478, Bodies: 371)
⚡ FRAME SPIKE #900: 53.3 ms at 32.3s (Draw: 7471, Bodies: 372)
OSM: Unloaded chunk -2,-4
🚗 Traffic: 15 active NPCs (Near: 0, Mid: 9, Far: 6), 19 pooled
  → Physics bodies from NPCs: 15 (All: 15×1, было бы 15×5=75)

========== Bottleneck Analysis Report ==========
Time: 42.8s | Frames: 1224

📊 PERFORMANCE OVERVIEW:
  FPS: 28.6 avg | 20.0 min
  Frame Time: 27.75 ms avg | 66.69 ms max
  Physics Time: 6.85 ms avg

🔍 BOTTLENECK IDENTIFICATION:
  🟠 [HIGH] Frame Time
      Value: 27.75 ms (target: 16.67 ms)
      Impact: Overall performance bottleneck
      Suggestions:
        • Reduce draw calls
        • Optimize scripts in _process()
        • Check for expensive operations per frame

  🟠 [HIGH] Draw Calls
      Value: 6000 calls/frame
      Impact: GPU rendering overhead
      Suggestions:
        • Batch meshes by material
        • Use MultiMeshInstance3D
        • Implement LOD system
        • Enable frustum culling

  🟠 [HIGH] Physics Bodies
      Value: 359 active bodies
      Impact: Physics engine load
      Suggestions:
        • Reduce NPC count
        • Convert distant NPCs to kinematic
        • Disable physics for far objects

  🟡 [MEDIUM] Physics Time
      Value: 6.85 ms
      Impact: Physics simulation overhead
      Suggestions:
        • Reduce number of active physics bodies
        • Simplify collision shapes
        • Disable physics for distant objects

  🟡 [MEDIUM] Vertex Count
      Value: 5276378 vertices/frame
      Impact: GPU vertex processing
      Suggestions:
        • Implement LOD for distant objects
        • Simplify building meshes
        • Use lower poly models

  🟡 [MEDIUM] Node Count
      Value: 24885 nodes
      Impact: Scene tree traversal overhead
      Suggestions:
        • Unload distant chunks
        • Pool and reuse nodes
        • Flatten hierarchy where possible

  🟡 [MEDIUM] Post-Processing Effects
      Value: SSAO, Glow/Bloom, Volumetric Fog
      Impact: GPU shader overhead
      Suggestions:
        • Reduce SSR quality
        • Disable SSAO on low-end hardware
        • Use simpler fog

📈 DETAILED STATS:
  Draw Calls: 6000 avg | 7505 max
  Vertices: 5276378 avg | 5559315 max
  Physics Bodies: 359
  Nodes: 24885
  VRAM: 783.7 MB

=================================================

⚡ FRAME SPIKE #901: 55.7 ms at 32.4s (Draw: 7307, Bodies: 369)
⚡ FRAME SPIKE #902: 54.2 ms at 32.4s (Draw: 7248, Bodies: 369)
⚡ FRAME SPIKE #903: 54.2 ms at 32.5s (Draw: 7235, Bodies: 369)
⚡ FRAME SPIKE #904: 53.7 ms at 32.5s (Draw: 7195, Bodies: 369)
⚡ FRAME SPIKE #905: 50.5 ms at 32.6s (Draw: 7186, Bodies: 369)
⚡ FRAME SPIKE #906: 48.5 ms at 32.6s (Draw: 7145, Bodies: 369)
⚡ FRAME SPIKE #907: 47.6 ms at 32.7s (Draw: 7116, Bodies: 369)
⚡ FRAME SPIKE #908: 47.4 ms at 32.7s (Draw: 7090, Bodies: 369)
⚡ FRAME SPIKE #909: 45.7 ms at 32.8s (Draw: 7083, Bodies: 369)
⚡ FRAME SPIKE #910: 44.8 ms at 32.8s (Draw: 7077, Bodies: 369)
OSM: Loading chunk -2,-4 at lat=59.1262, lon=37.8921
OSM: Loaded from cache: osm_v2_59.1262_37.8921_250.json
OSM: Unloaded chunk -1,1
OSM: Chunk -2,-4 data loaded
OSM: Found 17 POI nodes in chunk
POI_DEBUG: Found 'Семья7' inside building at local (-443.6, -1129.9)
POI_DEBUG: Found 'Северный' inside building at local (-453.0, -1083.6)
POI_DEBUG: Found 'Антей' inside building at local (-439.0, -1137.5)
POI_DEBUG: Found 'Быстрый заём' inside building at local (-401.3, -1066.1)
POI_DEBUG: Found 'Муниципальное учреждение здравоохранения Стомотологическая п-ка №1. Протезирование' inside building at local (-317.5, -1042.1)
POI_DEBUG: Found 'Мировые' inside building at local (-336.2, -995.9)
POI_DEBUG: Found 'полиц. пункт' inside building at local (-363.7, -1003.3)
POI_DEBUG: Found 'Ozon' inside building at local (-578.2, -925.2)
BusinessSign: Found logo for 'ozon' -> res://textures/brand_logos/ozon.png
POI_DEBUG: Found 'Ла Ла Ланч' inside building at local (-534.1, -955.2)
OSM: Generated 47 roads, 51 buildings, 1 trees, 0 signs, 0 lamps, 36 intersections
OSM: Marked chunk '-2,-4' for road batch finalization
OSM: Post-initial chunk loaded, pending_lamps=0
OSM: _create_pending_lamps started, count=0
OSM: No pending lamps
⚡ FRAME SPIKE #911: 85.9 ms at 32.9s (Draw: 7217, Bodies: 371)
OSM: DEBUG _add_road_to_batch - first road for chunk '-2,-4', parent.name='Chunk_-2,-4'
⚡ FRAME SPIKE #912: 84.3 ms at 33.0s (Draw: 8199, Bodies: 373)
⚡ FRAME SPIKE #913: 67.8 ms at 33.0s (Draw: 8178, Bodies: 372)
OSM: ✅ Finalized road batch -2,-4/path: 808 vertices, 786 triangles, material: <ImageTexture#-9223371972547704822>
🔴 FREEZE: road collision shape creation took 5.3 ms for chunk -2,-4 (type: residential)
OSM: ✅ Finalized road batch -2,-4/residential: 2952 vertices, 2880 triangles, material: <ImageTexture#-9223371972648368119>
⚠️ SLOW: road batch finalization took 8.6 ms for chunk -2,-4
⚡ FRAME SPIKE #914: 77.8 ms at 33.1s (Draw: 8173, Bodies: 373)
⚡ FRAME SPIKE #915: 63.2 ms at 33.2s (Draw: 8177, Bodies: 373)
⚡ FRAME SPIKE #916: 59.2 ms at 33.2s (Draw: 8175, Bodies: 373)
⚡ FRAME SPIKE #917: 59.7 ms at 33.3s (Draw: 8185, Bodies: 373)
⚡ FRAME SPIKE #918: 49.5 ms at 33.4s (Draw: 8181, Bodies: 372)
OSM: Unloaded chunk 1,1
⚡ FRAME SPIKE #919: 51.7 ms at 33.4s (Draw: 8199, Bodies: 373)
⚡ FRAME SPIKE #920: 51.0 ms at 33.5s (Draw: 8188, Bodies: 373)
⚡ FRAME SPIKE #921: 52.0 ms at 33.5s (Draw: 8201, Bodies: 373)
⚡ FRAME SPIKE #922: 51.4 ms at 33.6s (Draw: 8209, Bodies: 373)
⚡ FRAME SPIKE #923: 51.1 ms at 33.6s (Draw: 8228, Bodies: 373)
⚡ FRAME SPIKE #924: 52.4 ms at 33.7s (Draw: 8244, Bodies: 374)
⚡ FRAME SPIKE #925: 52.4 ms at 33.7s (Draw: 8245, Bodies: 374)
⚡ FRAME SPIKE #926: 52.4 ms at 33.8s (Draw: 8248, Bodies: 374)
⚡ FRAME SPIKE #927: 52.8 ms at 33.8s (Draw: 8234, Bodies: 374)
⚡ FRAME SPIKE #928: 52.0 ms at 33.9s (Draw: 8209, Bodies: 374)
⚡ FRAME SPIKE #929: 48.7 ms at 33.9s (Draw: 8173, Bodies: 373)
⚡ FRAME SPIKE #930: 55.1 ms at 34.0s (Draw: 8128, Bodies: 374)
⚡ FRAME SPIKE #931: 52.4 ms at 34.0s (Draw: 8037, Bodies: 374)
⚡ FRAME SPIKE #932: 52.4 ms at 34.1s (Draw: 7998, Bodies: 374)

=== PERFORMANCE METRICS ===
FPS: 17 | Frame: 40.2 ms (max 117.5) | Physics: 16.7 ms (max 102.4)
Godot Process: 80.14 ms | Physics: 8.08 ms
Objects: 61143 | Nodes: 26007 | Resources: 538
Draw calls: 7998 | Vertices: 5204120 | VRAM: 786.3 MB
Physics bodies: 374 | Collision pairs: 4942
--- System Times ---
  road_batch_finalize_total_-1,-1: 22.34 ms (max 22.34)
  road_batch_finalize_total_-1,-2: 29.81 ms (max 29.81)
  road_batch_finalize_total_-1,-3: 20.96 ms (max 20.96)
  road_batch_finalize_total_-1,-4: 9.46 ms (max 9.46)
  road_batch_finalize_total_-1,0: 18.24 ms (max 18.24)
  road_batch_finalize_total_-2,-1: 20.68 ms (max 20.68)
  road_batch_finalize_total_-2,-2: 32.34 ms (max 32.34)
  road_batch_finalize_total_-2,-3: 8.30 ms (max 8.30)
  road_batch_finalize_total_-2,-4: 8.44 ms (max 8.56)
  road_batch_finalize_total_-2,0: 5.37 ms (max 5.37)
  road_batch_finalize_total_0,-1: 35.09 ms (max 35.09)
  road_batch_finalize_total_0,-2: 29.80 ms (max 29.80)
  road_batch_finalize_total_0,-3: 29.24 ms (max 29.24)
  road_batch_finalize_total_0,-4: 13.09 ms (max 13.09)
  road_batch_finalize_total_0,0: 29.69 ms (max 29.69)
  road_batch_finalize_total_0,1: 12.21 ms (max 12.21)
  road_batch_finalize_total_1,-1: 29.07 ms (max 29.07)
  road_batch_finalize_total_1,-2: 10.23 ms (max 10.23)
  road_batch_finalize_total_1,-3: 7.96 ms (max 7.96)
  road_batch_finalize_total_1,-4: 18.41 ms (max 18.41)
  road_batch_finalize_total_1,0: 15.00 ms (max 15.00)
  road_collision_create_-1,-1: 7.22 ms (max 15.43)
  road_collision_create_-1,-2: 14.62 ms (max 26.24)
  road_collision_create_-1,-3: 6.73 ms (max 15.91)
  road_collision_create_-1,-4: 4.45 ms (max 5.46)
  road_collision_create_-1,0: 8.88 ms (max 15.62)
  road_collision_create_-2,-1: 6.68 ms (max 13.96)
  road_collision_create_-2,-2: 15.89 ms (max 29.95)
  road_collision_create_-2,-3: 2.46 ms (max 3.96)
  road_collision_create_-2,-4: 3.85 ms (max 5.34)
  road_collision_create_-2,0: 2.48 ms (max 2.88)
  road_collision_create_0,-1: 11.46 ms (max 29.03)
  road_collision_create_0,-2: 9.66 ms (max 22.30)
  road_collision_create_0,-3: 9.37 ms (max 22.06)
  road_collision_create_0,-4: 4.12 ms (max 9.18)
  road_collision_create_0,0: 9.68 ms (max 26.15)
  road_collision_create_0,1: 11.95 ms (max 11.95)
  road_collision_create_1,-1: 9.46 ms (max 24.83)
  road_collision_create_1,-2: 4.84 ms (max 7.28)
  road_collision_create_1,-3: 2.41 ms (max 3.36)
  road_collision_create_1,-4: 5.80 ms (max 11.85)
  road_collision_create_1,0: 14.60 ms (max 14.60)
===========================

=== PERFORMANCE METRICS ===
FPS: 17 | Frame: 40.2 ms (max 117.5) | Physics: 16.7 ms (max 102.6)
Godot Process: 80.14 ms | Physics: 8.08 ms
Objects: 61143 | Nodes: 26007 | Resources: 538
Draw calls: 7998 | Vertices: 5204120 | VRAM: 786.3 MB
Physics bodies: 374 | Collision pairs: 4942
===========================
⚡ FRAME SPIKE #933: 52.4 ms at 34.1s (Draw: 8008, Bodies: 375)
⚡ FRAME SPIKE #934: 52.4 ms at 34.2s (Draw: 7877, Bodies: 375)
⚡ FRAME SPIKE #935: 52.4 ms at 34.2s (Draw: 7719, Bodies: 376)
⚡ FRAME SPIKE #936: 52.4 ms at 34.3s (Draw: 7621, Bodies: 376)
⚡ FRAME SPIKE #937: 51.4 ms at 34.3s (Draw: 7609, Bodies: 376)
🚗 Traffic: 15 active NPCs (Near: 4, Mid: 8, Far: 3), 19 pooled
  → Physics bodies from NPCs: 15 (All: 15×1, было бы 15×5=75)

========== Bottleneck Analysis Report ==========
Time: 44.8s | Frames: 1261

📊 PERFORMANCE OVERVIEW:
  FPS: 25.1 avg | 17.0 min
  Frame Time: 46.87 ms avg | 95.66 ms max
  Physics Time: 7.18 ms avg

🔍 BOTTLENECK IDENTIFICATION:
  🔴 [CRITICAL] Frame Time
      Value: 46.87 ms (target: 16.67 ms)
      Impact: Overall performance bottleneck
      Suggestions:
        • Reduce draw calls
        • Optimize scripts in _process()
        • Check for expensive operations per frame

  🟠 [HIGH] Draw Calls
      Value: 6660 calls/frame
      Impact: GPU rendering overhead
      Suggestions:
        • Batch meshes by material
        • Use MultiMeshInstance3D
        • Implement LOD system
        • Enable frustum culling

  🟠 [HIGH] Physics Bodies
      Value: 364 active bodies
      Impact: Physics engine load
      Suggestions:
        • Reduce NPC count
        • Convert distant NPCs to kinematic
        • Disable physics for far objects

  🟡 [MEDIUM] Physics Time
      Value: 7.18 ms
      Impact: Physics simulation overhead
      Suggestions:
        • Reduce number of active physics bodies
        • Simplify collision shapes
        • Disable physics for distant objects

  🟡 [MEDIUM] Vertex Count
      Value: 5282172 vertices/frame
      Impact: GPU vertex processing
      Suggestions:
        • Implement LOD for distant objects
        • Simplify building meshes
        • Use lower poly models

  🟡 [MEDIUM] Node Count
      Value: 26246 nodes
      Impact: Scene tree traversal overhead
      Suggestions:
        • Unload distant chunks
        • Pool and reuse nodes
        • Flatten hierarchy where possible

  🟡 [MEDIUM] Post-Processing Effects
      Value: SSAO, Glow/Bloom, Volumetric Fog
      Impact: GPU shader overhead
      Suggestions:
        • Reduce SSR quality
        • Disable SSAO on low-end hardware
        • Use simpler fog

📈 DETAILED STATS:
  Draw Calls: 6660 avg | 8248 max
  Vertices: 5282172 avg | 5612761 max
  Physics Bodies: 364
  Nodes: 26246
  VRAM: 786.3 MB

=================================================

⚡ FRAME SPIKE #938: 51.6 ms at 34.4s (Draw: 7600, Bodies: 377)
⚡ FRAME SPIKE #939: 52.1 ms at 34.5s (Draw: 7602, Bodies: 378)
⚡ FRAME SPIKE #940: 52.1 ms at 34.5s (Draw: 7599, Bodies: 378)
⚡ FRAME SPIKE #941: 52.1 ms at 34.6s (Draw: 7584, Bodies: 379)
⚡ FRAME SPIKE #942: 50.0 ms at 34.6s (Draw: 7553, Bodies: 379)
⚡ FRAME SPIKE #943: 49.1 ms at 34.7s (Draw: 7423, Bodies: 379)
⚡ FRAME SPIKE #944: 50.4 ms at 34.7s (Draw: 7365, Bodies: 379)
⚡ FRAME SPIKE #945: 49.3 ms at 34.8s (Draw: 7325, Bodies: 379)
⚡ FRAME SPIKE #946: 49.3 ms at 34.8s (Draw: 7315, Bodies: 379)
⚡ FRAME SPIKE #947: 49.3 ms at 34.9s (Draw: 7322, Bodies: 379)
⚡ FRAME SPIKE #948: 51.5 ms at 34.9s (Draw: 7316, Bodies: 379)
⚡ FRAME SPIKE #949: 50.3 ms at 35.0s (Draw: 7314, Bodies: 379)
⚡ FRAME SPIKE #950: 50.0 ms at 35.0s (Draw: 8498, Bodies: 382)
⚡ FRAME SPIKE #951: 50.0 ms at 35.1s (Draw: 8485, Bodies: 382)
⚡ FRAME SPIKE #952: 50.7 ms at 35.1s (Draw: 8491, Bodies: 383)
⚡ FRAME SPIKE #953: 51.4 ms at 35.2s (Draw: 8535, Bodies: 384)
⚡ FRAME SPIKE #954: 51.4 ms at 35.2s (Draw: 8606, Bodies: 384)
⚡ FRAME SPIKE #955: 51.4 ms at 35.3s (Draw: 8630, Bodies: 384)
⚡ FRAME SPIKE #956: 51.4 ms at 35.3s (Draw: 8628, Bodies: 384)
⚡ FRAME SPIKE #957: 54.4 ms at 35.4s (Draw: 8616, Bodies: 384)
⚡ FRAME SPIKE #958: 52.6 ms at 35.4s (Draw: 8611, Bodies: 384)
⚡ FRAME SPIKE #959: 51.4 ms at 35.5s (Draw: 8582, Bodies: 384)
⚡ FRAME SPIKE #960: 51.4 ms at 35.5s (Draw: 8567, Bodies: 385)
⚡ FRAME SPIKE #961: 51.4 ms at 35.6s (Draw: 8572, Bodies: 386)
⚡ FRAME SPIKE #962: 51.4 ms at 35.6s (Draw: 8573, Bodies: 386)
⚡ FRAME SPIKE #963: 51.4 ms at 35.7s (Draw: 8564, Bodies: 386)
⚡ FRAME SPIKE #964: 51.4 ms at 35.7s (Draw: 8564, Bodies: 387)
⚡ FRAME SPIKE #965: 51.4 ms at 35.8s (Draw: 8558, Bodies: 387)
⚡ FRAME SPIKE #966: 51.4 ms at 35.8s (Draw: 8557, Bodies: 386)
⚡ FRAME SPIKE #967: 51.4 ms at 35.9s (Draw: 8562, Bodies: 386)
⚡ FRAME SPIKE #968: 52.5 ms at 35.9s (Draw: 8559, Bodies: 386)
OSM: Unloaded chunk 0,1
⚡ FRAME SPIKE #969: 59.3 ms at 36.0s (Draw: 8558, Bodies: 387)
⚡ FRAME SPIKE #970: 57.0 ms at 36.0s (Draw: 8574, Bodies: 390)
⚡ FRAME SPIKE #971: 60.0 ms at 36.1s (Draw: 8583, Bodies: 389)
⚡ FRAME SPIKE #972: 55.6 ms at 36.2s (Draw: 8585, Bodies: 389)
⚡ FRAME SPIKE #973: 55.6 ms at 36.2s (Draw: 8583, Bodies: 389)
⚡ FRAME SPIKE #974: 55.6 ms at 36.3s (Draw: 8310, Bodies: 389)
⚡ FRAME SPIKE #975: 55.6 ms at 36.3s (Draw: 8102, Bodies: 389)
⚡ FRAME SPIKE #976: 55.6 ms at 36.4s (Draw: 8025, Bodies: 389)
🚗 Traffic: 19 active NPCs (Near: 5, Mid: 11, Far: 3), 15 pooled
  → Physics bodies from NPCs: 19 (All: 19×1, было бы 19×5=95)

========== Bottleneck Analysis Report ==========
Time: 46.9s | Frames: 1300

📊 PERFORMANCE OVERVIEW:
  FPS: 21.4 avg | 17.0 min
  Frame Time: 51.47 ms avg | 95.66 ms max
  Physics Time: 7.86 ms avg

🔍 BOTTLENECK IDENTIFICATION:
  🔴 [CRITICAL] Frame Time
      Value: 51.47 ms (target: 16.67 ms)
      Impact: Overall performance bottleneck
      Suggestions:
        • Reduce draw calls
        • Optimize scripts in _process()
        • Check for expensive operations per frame

  🟠 [HIGH] Draw Calls
      Value: 7463 calls/frame
      Impact: GPU rendering overhead
      Suggestions:
        • Batch meshes by material
        • Use MultiMeshInstance3D
        • Implement LOD system
        • Enable frustum culling

  🟠 [HIGH] Physics Bodies
      Value: 372 active bodies
      Impact: Physics engine load
      Suggestions:
        • Reduce NPC count
        • Convert distant NPCs to kinematic
        • Disable physics for far objects

  🟡 [MEDIUM] Physics Time
      Value: 7.86 ms
      Impact: Physics simulation overhead
      Suggestions:
        • Reduce number of active physics bodies
        • Simplify collision shapes
        • Disable physics for distant objects

  🟡 [MEDIUM] Vertex Count
      Value: 5270117 vertices/frame
      Impact: GPU vertex processing
      Suggestions:
        • Implement LOD for distant objects
        • Simplify building meshes
        • Use lower poly models

  🟡 [MEDIUM] Node Count
      Value: 26669 nodes
      Impact: Scene tree traversal overhead
      Suggestions:
        • Unload distant chunks
        • Pool and reuse nodes
        • Flatten hierarchy where possible

  🟡 [MEDIUM] Post-Processing Effects
      Value: SSAO, Glow/Bloom, Volumetric Fog
      Impact: GPU shader overhead
      Suggestions:
        • Reduce SSR quality
        • Disable SSAO on low-end hardware
        • Use simpler fog

📈 DETAILED STATS:
  Draw Calls: 7463 avg | 8630 max
  Vertices: 5270117 avg | 5612761 max
  Physics Bodies: 372
  Nodes: 26669
  VRAM: 787.9 MB

=================================================

⚡ FRAME SPIKE #977: 55.6 ms at 36.4s (Draw: 7985, Bodies: 390)
⚡ FRAME SPIKE #978: 55.6 ms at 36.5s (Draw: 7926, Bodies: 390)
⚡ FRAME SPIKE #979: 53.5 ms at 36.6s (Draw: 7832, Bodies: 390)
⚡ FRAME SPIKE #980: 55.6 ms at 36.6s (Draw: 7813, Bodies: 390)
⚡ FRAME SPIKE #981: 52.5 ms at 36.7s (Draw: 7807, Bodies: 390)
⚡ FRAME SPIKE #982: 49.9 ms at 36.7s (Draw: 7817, Bodies: 390)
⚡ FRAME SPIKE #983: 49.4 ms at 36.8s (Draw: 7791, Bodies: 391)
⚡ FRAME SPIKE #984: 56.4 ms at 36.8s (Draw: 7759, Bodies: 391)
⚡ FRAME SPIKE #985: 54.2 ms at 36.9s (Draw: 7695, Bodies: 391)
⚡ FRAME SPIKE #986: 54.2 ms at 36.9s (Draw: 7548, Bodies: 392)
⚡ FRAME SPIKE #987: 51.5 ms at 37.0s (Draw: 7480, Bodies: 392)
⚡ FRAME SPIKE #988: 48.2 ms at 37.0s (Draw: 7459, Bodies: 392)
⚡ FRAME SPIKE #989: 50.4 ms at 37.1s (Draw: 7447, Bodies: 394)
⚡ FRAME SPIKE #990: 48.6 ms at 37.1s (Draw: 7451, Bodies: 395)
⚡ FRAME SPIKE #991: 51.1 ms at 37.2s (Draw: 7434, Bodies: 395)
⚡ FRAME SPIKE #992: 49.5 ms at 37.2s (Draw: 7422, Bodies: 395)
⚡ FRAME SPIKE #993: 49.4 ms at 37.3s (Draw: 7414, Bodies: 395)
⚡ FRAME SPIKE #994: 50.5 ms at 37.3s (Draw: 7416, Bodies: 395)
⚡ FRAME SPIKE #995: 50.6 ms at 37.4s (Draw: 7426, Bodies: 395)
⚡ FRAME SPIKE #996: 50.0 ms at 37.4s (Draw: 7419, Bodies: 396)
⚡ FRAME SPIKE #997: 48.9 ms at 37.5s (Draw: 7402, Bodies: 396)
⚡ FRAME SPIKE #998: 50.0 ms at 37.5s (Draw: 7397, Bodies: 396)
OSM: Unloaded chunk -2,0
⚡ FRAME SPIKE #999: 50.0 ms at 37.6s (Draw: 7381, Bodies: 393)
⚡ PHYSICS SPIKE #1: 15.2 ms at 37.6s (Bodies: 393)
⚡ PHYSICS SPIKE #2: 15.2 ms at 37.6s (Bodies: 393)
⚡ PHYSICS SPIKE #3: 15.2 ms at 37.6s (Bodies: 393)
⚡ FRAME SPIKE #1000: 50.0 ms at 37.6s (Draw: 7291, Bodies: 393)
⚡ PHYSICS SPIKE #4: 15.2 ms at 37.7s (Bodies: 393)
⚡ PHYSICS SPIKE #5: 15.2 ms at 37.7s (Bodies: 393)
⚡ PHYSICS SPIKE #6: 15.2 ms at 37.7s (Bodies: 393)
⚡ FRAME SPIKE #1001: 50.0 ms at 37.7s (Draw: 7238, Bodies: 393)
⚡ PHYSICS SPIKE #7: 15.2 ms at 37.7s (Bodies: 393)
⚡ PHYSICS SPIKE #8: 15.2 ms at 37.7s (Bodies: 393)
⚡ PHYSICS SPIKE #9: 15.2 ms at 37.7s (Bodies: 393)
⚡ FRAME SPIKE #1002: 50.0 ms at 37.7s (Draw: 7237, Bodies: 393)
⚡ PHYSICS SPIKE #10: 15.2 ms at 37.8s (Bodies: 393)
⚡ PHYSICS SPIKE #11: 15.2 ms at 37.8s (Bodies: 393)
⚡ PHYSICS SPIKE #12: 15.2 ms at 37.8s (Bodies: 393)
⚡ FRAME SPIKE #1003: 48.7 ms at 37.8s (Draw: 7238, Bodies: 393)
⚡ PHYSICS SPIKE #13: 15.2 ms at 37.8s (Bodies: 393)
⚡ PHYSICS SPIKE #14: 15.2 ms at 37.8s (Bodies: 393)
⚡ PHYSICS SPIKE #15: 15.2 ms at 37.8s (Bodies: 393)
⚡ FRAME SPIKE #1004: 48.8 ms at 37.8s (Draw: 7233, Bodies: 393)
⚡ PHYSICS SPIKE #16: 15.2 ms at 37.9s (Bodies: 393)
⚡ PHYSICS SPIKE #17: 15.2 ms at 37.9s (Bodies: 393)
⚡ PHYSICS SPIKE #18: 15.2 ms at 37.9s (Bodies: 393)
⚡ FRAME SPIKE #1005: 48.6 ms at 37.9s (Draw: 7227, Bodies: 393)
⚡ PHYSICS SPIKE #19: 15.2 ms at 37.9s (Bodies: 393)
⚡ PHYSICS SPIKE #20: 15.2 ms at 37.9s (Bodies: 393)
⚡ PHYSICS SPIKE #21: 15.2 ms at 37.9s (Bodies: 393)
⚡ FRAME SPIKE #1006: 49.3 ms at 37.9s (Draw: 7177, Bodies: 393)
⚡ PHYSICS SPIKE #22: 15.2 ms at 38.0s (Bodies: 393)
⚡ PHYSICS SPIKE #23: 15.2 ms at 38.0s (Bodies: 393)
⚡ PHYSICS SPIKE #24: 15.2 ms at 38.0s (Bodies: 393)
⚡ FRAME SPIKE #1007: 48.7 ms at 38.0s (Draw: 7100, Bodies: 393)
⚡ PHYSICS SPIKE #25: 15.2 ms at 38.0s (Bodies: 393)
⚡ PHYSICS SPIKE #26: 15.2 ms at 38.0s (Bodies: 393)
⚡ FRAME SPIKE #1008: 48.0 ms at 38.0s (Draw: 7072, Bodies: 393)
⚡ PHYSICS SPIKE #27: 15.2 ms at 38.1s (Bodies: 393)
⚡ PHYSICS SPIKE #28: 15.2 ms at 38.1s (Bodies: 393)
⚡ PHYSICS SPIKE #29: 15.2 ms at 38.1s (Bodies: 393)
⚡ FRAME SPIKE #1009: 40.1 ms at 38.1s (Draw: 7052, Bodies: 393)
⚡ PHYSICS SPIKE #30: 15.2 ms at 38.1s (Bodies: 393)
⚡ PHYSICS SPIKE #31: 15.2 ms at 38.1s (Bodies: 394)
⚡ PHYSICS SPIKE #32: 15.2 ms at 38.1s (Bodies: 394)
⚡ FRAME SPIKE #1010: 48.6 ms at 38.1s (Draw: 6994, Bodies: 394)
⚡ PHYSICS SPIKE #33: 15.2 ms at 38.2s (Bodies: 394)
⚡ PHYSICS SPIKE #34: 15.2 ms at 38.2s (Bodies: 394)
⚡ PHYSICS SPIKE #35: 15.2 ms at 38.2s (Bodies: 394)
⚡ FRAME SPIKE #1011: 48.6 ms at 38.2s (Draw: 6795, Bodies: 394)
⚡ PHYSICS SPIKE #36: 15.2 ms at 38.2s (Bodies: 394)
⚡ PHYSICS SPIKE #37: 15.2 ms at 38.2s (Bodies: 394)
⚡ PHYSICS SPIKE #38: 15.2 ms at 38.2s (Bodies: 394)
⚡ FRAME SPIKE #1012: 48.6 ms at 38.2s (Draw: 6715, Bodies: 394)
⚡ PHYSICS SPIKE #39: 15.2 ms at 38.3s (Bodies: 394)
⚡ PHYSICS SPIKE #40: 15.2 ms at 38.3s (Bodies: 394)
⚡ PHYSICS SPIKE #41: 15.2 ms at 38.3s (Bodies: 394)
⚡ FRAME SPIKE #1013: 48.4 ms at 38.3s (Draw: 6543, Bodies: 394)
⚡ PHYSICS SPIKE #42: 15.2 ms at 38.3s (Bodies: 394)
⚡ PHYSICS SPIKE #43: 15.2 ms at 38.3s (Bodies: 394)
⚡ FRAME SPIKE #1014: 47.0 ms at 38.3s (Draw: 6257, Bodies: 394)
⚡ PHYSICS SPIKE #44: 15.2 ms at 38.3s (Bodies: 394)
⚡ PHYSICS SPIKE #45: 15.2 ms at 38.3s (Bodies: 394)
⚡ PHYSICS SPIKE #46: 15.2 ms at 38.3s (Bodies: 394)
⚡ FRAME SPIKE #1015: 38.8 ms at 38.3s (Draw: 6244, Bodies: 394)
⚡ PHYSICS SPIKE #47: 15.2 ms at 38.4s (Bodies: 394)
⚡ PHYSICS SPIKE #48: 15.2 ms at 38.4s (Bodies: 394)
⚡ FRAME SPIKE #1016: 44.4 ms at 38.4s (Draw: 6233, Bodies: 394)
⚡ PHYSICS SPIKE #49: 15.2 ms at 38.4s (Bodies: 394)
⚡ PHYSICS SPIKE #50: 15.2 ms at 38.4s (Bodies: 393)
⚡ PHYSICS SPIKE #51: 15.2 ms at 38.4s (Bodies: 393)
⚡ FRAME SPIKE #1017: 41.3 ms at 38.4s (Draw: 6225, Bodies: 393)
🚗 Traffic: 20 active NPCs (Near: 7, Mid: 10, Far: 3), 14 pooled
  → Physics bodies from NPCs: 20 (All: 20×1, было бы 20×5=100)

========== Bottleneck Analysis Report ==========
Time: 48.9s | Frames: 1341

📊 PERFORMANCE OVERVIEW:
  FPS: 18.6 avg | 17.0 min
  Frame Time: 51.04 ms avg | 95.66 ms max
  Physics Time: 9.32 ms avg

🔍 BOTTLENECK IDENTIFICATION:
  🔴 [CRITICAL] Frame Time
      Value: 51.04 ms (target: 16.67 ms)
      Impact: Overall performance bottleneck
      Suggestions:
        • Reduce draw calls
        • Optimize scripts in _process()
        • Check for expensive operations per frame

  🟠 [HIGH] Draw Calls
      Value: 7748 calls/frame
      Impact: GPU rendering overhead
      Suggestions:
        • Batch meshes by material
        • Use MultiMeshInstance3D
        • Implement LOD system
        • Enable frustum culling

  🟠 [HIGH] Physics Bodies
      Value: 383 active bodies
      Impact: Physics engine load
      Suggestions:
        • Reduce NPC count
        • Convert distant NPCs to kinematic
        • Disable physics for far objects

  🟡 [MEDIUM] Physics Time
      Value: 9.32 ms
      Impact: Physics simulation overhead
      Suggestions:
        • Reduce number of active physics bodies
        • Simplify collision shapes
        • Disable physics for distant objects

  🟡 [MEDIUM] Vertex Count
      Value: 5241634 vertices/frame
      Impact: GPU vertex processing
      Suggestions:
        • Implement LOD for distant objects
        • Simplify building meshes
        • Use lower poly models

  🟡 [MEDIUM] Node Count
      Value: 26539 nodes
      Impact: Scene tree traversal overhead
      Suggestions:
        • Unload distant chunks
        • Pool and reuse nodes
        • Flatten hierarchy where possible

  🟡 [MEDIUM] Post-Processing Effects
      Value: SSAO, Glow/Bloom, Volumetric Fog
      Impact: GPU shader overhead
      Suggestions:
        • Reduce SSR quality
        • Disable SSAO on low-end hardware
        • Use simpler fog

📈 DETAILED STATS:
  Draw Calls: 7748 avg | 8630 max
  Vertices: 5241634 avg | 5612761 max
  Physics Bodies: 383
  Nodes: 26539
  VRAM: 788.6 MB

=================================================

⚡ PHYSICS SPIKE #52: 15.2 ms at 38.5s (Bodies: 393)
⚡ PHYSICS SPIKE #53: 15.2 ms at 38.5s (Bodies: 393)
⚡ PHYSICS SPIKE #54: 15.2 ms at 38.5s (Bodies: 393)
⚡ FRAME SPIKE #1018: 44.9 ms at 38.5s (Draw: 6203, Bodies: 393)
⚡ PHYSICS SPIKE #55: 15.2 ms at 38.5s (Bodies: 393)
⚡ PHYSICS SPIKE #56: 15.2 ms at 38.5s (Bodies: 393)
⚡ FRAME SPIKE #1019: 44.4 ms at 38.5s (Draw: 6148, Bodies: 393)
⚡ PHYSICS SPIKE #57: 15.2 ms at 38.6s (Bodies: 393)
⚡ PHYSICS SPIKE #58: 15.2 ms at 38.6s (Bodies: 393)
⚡ PHYSICS SPIKE #59: 15.2 ms at 38.6s (Bodies: 393)
⚡ FRAME SPIKE #1020: 43.7 ms at 38.6s (Draw: 5911, Bodies: 393)
⚡ FRAME SPIKE #1021: 45.2 ms at 38.6s (Draw: 5577, Bodies: 392)
OSM: Loading chunk 0,-5 at lat=59.1289, lon=37.9026
OSM: Loaded from cache: osm_v2_59.1289_37.9026_250.json
OSM: Chunk 0,-5 data loaded
OSM: Found 22 POI nodes in chunk
POI_DEBUG: Found 'Freestyle' inside building at local (367.8, -1455.9)
POI_DEBUG: Found 'Аптека+' inside building at local (184.5, -1499.9)
POI_DEBUG: Found 'Double S Electronics' inside building at local (138.1, -1509.8)
POI_DEBUG: Found 'Ozon' inside building at local (123.0, -1391.8)
BusinessSign: Found logo for 'ozon' -> res://textures/brand_logos/ozon.png
POI_DEBUG: Found 'Эдельвейс' inside building at local (364.3, -1199.0)
POI_DEBUG: Found 'Совкомбанк' inside building at local (328.8, -1220.7)
OSM: Generated 41 roads, 27 buildings, 0 trees, 0 signs, 0 lamps, 25 intersections
OSM: Marked chunk '0,-5' for road batch finalization
OSM: Post-initial chunk loaded, pending_lamps=0
OSM: _create_pending_lamps started, count=0
OSM: No pending lamps
⚡ FRAME SPIKE #1022: 60.8 ms at 38.7s (Draw: 5488, Bodies: 392)
OSM: DEBUG _add_road_to_batch - first road for chunk '0,-5', parent.name='Chunk_0,-5'
⚡ FRAME SPIKE #1023: 55.1 ms at 38.7s (Draw: 5539, Bodies: 393)
⚡ FRAME SPIKE #1024: 53.9 ms at 38.8s (Draw: 5478, Bodies: 394)
⚠️ SLOW FRAME 15.6ms: building=0.5 road=13.2 terrain=1.6 infra=0.3 veg=0.0 curb=0.0ms
⚡ FRAME SPIKE #1025: 66.0 ms at 38.8s (Draw: 5434, Bodies: 395)
OSM: ✅ Finalized road batch 0,-5/residential: 1946 vertices, 1896 triangles, material: <ImageTexture#-9223371972648368119>
OSM: ✅ Finalized road batch 0,-5/path: 1522 vertices, 1490 triangles, material: <ImageTexture#-9223371972547704822>
⚠️ SLOW: road batch finalization took 8.1 ms for chunk 0,-5
⚡ FRAME SPIKE #1026: 59.5 ms at 38.9s (Draw: 5423, Bodies: 396)
⚡ FRAME SPIKE #1027: 58.3 ms at 38.9s (Draw: 5411, Bodies: 397)
⚡ FRAME SPIKE #1028: 58.3 ms at 39.0s (Draw: 5351, Bodies: 398)
⚡ FRAME SPIKE #1029: 50.8 ms at 39.1s (Draw: 5300, Bodies: 399)
⚡ FRAME SPIKE #1030: 48.6 ms at 39.1s (Draw: 5114, Bodies: 400)
OSM: Loading chunk 2,-3 at lat=59.1235, lon=37.9132
OSM: Loaded from cache: osm_v2_59.1235_37.9132_250.json

=== PERFORMANCE METRICS ===
FPS: 21 | Frame: 44.2 ms (max 104.8) | Physics: 16.6 ms (max 61.7)
Godot Process: 26.89 ms | Physics: 9.39 ms
Objects: 63700 | Nodes: 26995 | Resources: 538
Draw calls: 5114 | Vertices: 4386455 | VRAM: 789.0 MB
Physics bodies: 400 | Collision pairs: 5401
--- System Times ---
  road_batch_finalize_total_-1,-1: 22.34 ms (max 22.34)
  road_batch_finalize_total_-1,-2: 29.81 ms (max 29.81)
  road_batch_finalize_total_-1,-3: 20.96 ms (max 20.96)
  road_batch_finalize_total_-1,-4: 9.46 ms (max 9.46)
  road_batch_finalize_total_-1,0: 18.24 ms (max 18.24)
  road_batch_finalize_total_-2,-1: 20.68 ms (max 20.68)
  road_batch_finalize_total_-2,-2: 32.34 ms (max 32.34)
  road_batch_finalize_total_-2,-3: 8.30 ms (max 8.30)
  road_batch_finalize_total_-2,-4: 8.44 ms (max 8.56)
  road_batch_finalize_total_-2,0: 5.37 ms (max 5.37)
  road_batch_finalize_total_0,-1: 35.09 ms (max 35.09)
  road_batch_finalize_total_0,-2: 29.80 ms (max 29.80)
  road_batch_finalize_total_0,-3: 29.24 ms (max 29.24)
  road_batch_finalize_total_0,-4: 13.09 ms (max 13.09)
  road_batch_finalize_total_0,-5: 8.05 ms (max 8.05)
  road_batch_finalize_total_0,0: 29.69 ms (max 29.69)
  road_batch_finalize_total_0,1: 12.21 ms (max 12.21)
  road_batch_finalize_total_1,-1: 29.07 ms (max 29.07)
  road_batch_finalize_total_1,-2: 10.23 ms (max 10.23)
  road_batch_finalize_total_1,-3: 7.96 ms (max 7.96)
  road_batch_finalize_total_1,-4: 18.41 ms (max 18.41)
  road_batch_finalize_total_1,0: 15.00 ms (max 15.00)
  road_collision_create_-1,-1: 7.22 ms (max 15.43)
  road_collision_create_-1,-2: 14.62 ms (max 26.24)
  road_collision_create_-1,-3: 6.73 ms (max 15.91)
  road_collision_create_-1,-4: 4.45 ms (max 5.46)
  road_collision_create_-1,0: 8.88 ms (max 15.62)
  road_collision_create_-2,-1: 6.68 ms (max 13.96)
  road_collision_create_-2,-2: 15.89 ms (max 29.95)
  road_collision_create_-2,-3: 2.46 ms (max 3.96)
  road_collision_create_-2,-4: 3.85 ms (max 5.34)
  road_collision_create_-2,0: 2.48 ms (max 2.88)
  road_collision_create_0,-1: 11.46 ms (max 29.03)
  road_collision_create_0,-2: 9.66 ms (max 22.30)
  road_collision_create_0,-3: 9.37 ms (max 22.06)
  road_collision_create_0,-4: 4.12 ms (max 9.18)
  road_collision_create_0,-5: 3.65 ms (max 3.93)
  road_collision_create_0,0: 9.68 ms (max 26.15)
  road_collision_create_0,1: 11.95 ms (max 11.95)
  road_collision_create_1,-1: 9.46 ms (max 24.83)
  road_collision_create_1,-2: 4.84 ms (max 7.28)
  road_collision_create_1,-3: 2.41 ms (max 3.36)
  road_collision_create_1,-4: 5.80 ms (max 11.85)
  road_collision_create_1,0: 14.60 ms (max 14.60)
===========================

=== PERFORMANCE METRICS ===
FPS: 21 | Frame: 44.2 ms (max 104.8) | Physics: 16.6 ms (max 61.9)
Godot Process: 26.89 ms | Physics: 9.39 ms
Objects: 63700 | Nodes: 26995 | Resources: 538
Draw calls: 5114 | Vertices: 4386455 | VRAM: 789.0 MB
Physics bodies: 400 | Collision pairs: 5401
===========================
OSM: Chunk 2,-3 data loaded
OSM: Found 3 entrance nodes in chunk
OSM: Found 16 POI nodes in chunk
POI_DEBUG: Found 'Бон Аппетит' inside building at local (536.3, -777.3)
POI_DEBUG: Found 'Осетинские пироги' inside building at local (571.7, -769.5)
POI_DEBUG: Found 'Ткани для Вас' inside building at local (630.6, -755.6)
POI_DEBUG: Found 'Аста-запчасти' inside building at local (556.2, -773.0)
POI_DEBUG: Found 'Coffee Like' inside building at local (572.0, -760.4)
POI_DEBUG: Found 'Отделение связи №162602' inside building at local (678.3, -792.8)
POI_DEBUG: Found 'Почта России' inside building at local (652.9, -803.9)
POI_DEBUG: Found 'Ozon' inside building at local (712.1, -787.8)
BusinessSign: Found logo for 'ozon' -> res://textures/brand_logos/ozon.png
POI_DEBUG: Found 'СДЭК' inside building at local (536.8, -743.2)
POI_DEBUG: Found 'Ozon' inside building at local (559.0, -660.9)
BusinessSign: Found logo for 'ozon' -> res://textures/brand_logos/ozon.png
OSM: Generated 37 roads, 41 buildings, 0 trees, 0 signs, 0 lamps, 20 intersections
OSM: Marked chunk '2,-3' for road batch finalization
OSM: Post-initial chunk loaded, pending_lamps=116
OSM: _create_pending_lamps started, count=116
OSM: Created 27 lamps, skipped 89 (added to infrastructure queue)
⚡ FRAME SPIKE #1031: 102.6 ms at 39.2s (Draw: 4926, Bodies: 405)
OSM: DEBUG _add_road_to_batch - first road for chunk '2,-3', parent.name='Chunk_2,-3'
⚡ FRAME SPIKE #1032: 98.5 ms at 39.3s (Draw: 4875, Bodies: 405)
⚠️ SLOW FRAME 10.0ms: building=0.5 road=8.1 terrain=0.3 infra=1.1 veg=0.0 curb=0.0ms
⚡ FRAME SPIKE #1033: 80.5 ms at 39.4s (Draw: 4838, Bodies: 405)
⚡ FRAME SPIKE #1034: 75.5 ms at 39.4s (Draw: 4818, Bodies: 405)
OSM: ✅ Finalized road batch 2,-3/residential: 1746 vertices, 1698 triangles, material: <ImageTexture#-9223371972648368119>
OSM: ✅ Finalized road batch 2,-3/path: 798 vertices, 772 triangles, material: <ImageTexture#-9223371972547704822>
⚡ FRAME SPIKE #1035: 71.2 ms at 39.5s (Draw: 4825, Bodies: 405)
⚡ FRAME SPIKE #1036: 48.3 ms at 39.6s (Draw: 4819, Bodies: 405)
⚡ FRAME SPIKE #1037: 50.3 ms at 39.6s (Draw: 4822, Bodies: 405)
OSM: Loading chunk -1,-5 at lat=59.1289, lon=37.8974
OSM: Loaded from cache: osm_v2_59.1289_37.8974_250.json
OSM: Chunk -1,-5 data loaded
OSM: Found 15 POI nodes in chunk
POI_DEBUG: Found 'Магнит' inside building at local (-186.3, -1338.4)
POI_DEBUG: Found 'Магнит-косметик' inside building at local (-177.7, -1336.2)
BusinessSign: Found logo for 'магнит' -> res://textures/brand_logos/magnit.png
BusinessSign: Found logo for 'магнит-косметик' (matched 'магнит') -> res://textures/brand_logos/magnit.png
POI_DEBUG: Found 'Redial магазин одежды' inside building at local (-211.7, -1285.6)
POI_DEBUG: Found 'Еврочехол' inside building at local (-203.0, -1261.1)
POI_DEBUG: Found 'Галамарт' inside building at local (-200.2, -1277.9)
POI_DEBUG: Found 'МТС' inside building at local (-218.4, -1273.8)
POI_DEBUG: Found 'Fix Price' inside building at local (-216.9, -1262.8)
BusinessSign: Found logo for 'мтс' -> res://textures/brand_logos/mts.png
BusinessSign: Found logo for 'fix price' -> res://textures/brand_logos/fixprice.png
Loading resource: res://textures/brand_logos/fixprice.png
Loading resource: res://.godot/imported/fixprice.png-48650b68fe00fd82204fbbc1261f6d65.ctex
WARNING: Image format RGB8 not supported by hardware, converting to RGBA8.
     at: _validate_texture_format (servers/rendering/renderer_rd/storage_rd/texture_storage.cpp:2265)
     GDScript backtrace (most recent call first):
         [0] _create_logo_sign (res://osm/business_sign_generator.gd:198)
         [1] create_sign (res://osm/business_sign_generator.gd:139)
         [2] _add_business_signs_simple (res://osm/osm_terrain_generator.gd:7084)
         [3] _create_building (res://osm/osm_terrain_generator.gd:2900)
         [4] _generate_terrain (res://osm/osm_terrain_generator.gd:1563)
         [5] _generate_chunk_async (res://osm/osm_terrain_generator.gd:1202)
         [6] _on_chunk_data_loaded (res://osm/osm_terrain_generator.gd:1198)
         [7] _emit_cached_data (res://osm/osm_loader.gd:146)
POI_DEBUG: Found 'Ozon' inside building at local (-206.5, -1435.5)
BusinessSign: Found logo for 'ozon' -> res://textures/brand_logos/ozon.png
OSM: Generated 39 roads, 37 buildings, 0 trees, 0 signs, 0 lamps, 24 intersections
OSM: Marked chunk '-1,-5' for road batch finalization
OSM: Post-initial chunk loaded, pending_lamps=56
OSM: _create_pending_lamps started, count=56
OSM: Created 42 lamps, skipped 14 (added to infrastructure queue)
⚡ FRAME SPIKE #1038: 95.1 ms at 39.7s (Draw: 4825, Bodies: 408)
OSM: DEBUG _add_road_to_batch - first road for chunk '-1,-5', parent.name='Chunk_-1,-5'
⚡ FRAME SPIKE #1039: 83.3 ms at 39.8s (Draw: 4817, Bodies: 408)
⚡ FRAME SPIKE #1040: 80.8 ms at 39.9s (Draw: 4795, Bodies: 408)
⚡ FRAME SPIKE #1041: 69.2 ms at 39.9s (Draw: 4762, Bodies: 408)
OSM: ✅ Finalized road batch -1,-5/residential: 1978 vertices, 1926 triangles, material: <ImageTexture#-9223371972648368119>
OSM: ✅ Finalized road batch -1,-5/path: 1616 vertices, 1590 triangles, material: <ImageTexture#-9223371972547704822>
⚡ FRAME SPIKE #1042: 69.3 ms at 40.0s (Draw: 4752, Bodies: 408)
⚡ FRAME SPIKE #1043: 65.6 ms at 40.1s (Draw: 4749, Bodies: 408)
⚡ FRAME SPIKE #1044: 60.6 ms at 40.2s (Draw: 4747, Bodies: 409)
⚡ FRAME SPIKE #1045: 41.7 ms at 40.2s (Draw: 4745, Bodies: 409)
⚡ FRAME SPIKE #1046: 54.2 ms at 40.3s (Draw: 4747, Bodies: 409)
⚡ FRAME SPIKE #1047: 53.3 ms at 40.3s (Draw: 4732, Bodies: 409)
⚡ FRAME SPIKE #1048: 50.9 ms at 40.4s (Draw: 4739, Bodies: 409)
⚡ FRAME SPIKE #1049: 48.6 ms at 40.4s (Draw: 4692, Bodies: 409)
⚡ FRAME SPIKE #1050: 49.2 ms at 40.5s (Draw: 4676, Bodies: 408)
🚗 Traffic: 19 active NPCs (Near: 7, Mid: 9, Far: 3), 15 pooled
  → Physics bodies from NPCs: 19 (All: 19×1, было бы 19×5=95)

========== Bottleneck Analysis Report ==========
Time: 50.9s | Frames: 1374

📊 PERFORMANCE OVERVIEW:
  FPS: 18.9 avg | 16.0 min
  Frame Time: 41.99 ms avg | 85.38 ms max
  Physics Time: 9.90 ms avg

🔍 BOTTLENECK IDENTIFICATION:
  🔴 [CRITICAL] Frame Time
      Value: 41.99 ms (target: 16.67 ms)
      Impact: Overall performance bottleneck
      Suggestions:
        • Reduce draw calls
        • Optimize scripts in _process()
        • Check for expensive operations per frame

  🟠 [HIGH] Draw Calls
      Value: 7006 calls/frame
      Impact: GPU rendering overhead
      Suggestions:
        • Batch meshes by material
        • Use MultiMeshInstance3D
        • Implement LOD system
        • Enable frustum culling

  🟠 [HIGH] Physics Bodies
      Value: 391 active bodies
      Impact: Physics engine load
      Suggestions:
        • Reduce NPC count
        • Convert distant NPCs to kinematic
        • Disable physics for far objects

  🟡 [MEDIUM] Physics Time
      Value: 9.90 ms
      Impact: Physics simulation overhead
      Suggestions:
        • Reduce number of active physics bodies
        • Simplify collision shapes
        • Disable physics for distant objects

  🟡 [MEDIUM] Vertex Count
      Value: 4957785 vertices/frame
      Impact: GPU vertex processing
      Suggestions:
        • Implement LOD for distant objects
        • Simplify building meshes
        • Use lower poly models

  🟡 [MEDIUM] Node Count
      Value: 28315 nodes
      Impact: Scene tree traversal overhead
      Suggestions:
        • Unload distant chunks
        • Pool and reuse nodes
        • Flatten hierarchy where possible

  🟡 [MEDIUM] Post-Processing Effects
      Value: SSAO, Glow/Bloom, Volumetric Fog
      Impact: GPU shader overhead
      Suggestions:
        • Reduce SSR quality
        • Disable SSAO on low-end hardware
        • Use simpler fog

📈 DETAILED STATS:
  Draw Calls: 7006 avg | 8630 max
  Vertices: 4957785 avg | 5318336 max
  Physics Bodies: 391
  Nodes: 28315
  VRAM: 793.5 MB

=================================================

⚡ FRAME SPIKE #1051: 50.6 ms at 40.5s (Draw: 4538, Bodies: 408)
⚡ FRAME SPIKE #1052: 47.6 ms at 40.6s (Draw: 4522, Bodies: 408)
⚡ FRAME SPIKE #1053: 48.8 ms at 40.6s (Draw: 4520, Bodies: 408)
⚡ FRAME SPIKE #1054: 46.4 ms at 40.7s (Draw: 4512, Bodies: 409)
⚡ FRAME SPIKE #1055: 48.2 ms at 40.7s (Draw: 4509, Bodies: 410)
⚡ FRAME SPIKE #1056: 48.1 ms at 40.8s (Draw: 4536, Bodies: 411)
⚡ FRAME SPIKE #1057: 38.6 ms at 40.8s (Draw: 4542, Bodies: 412)
⚡ FRAME SPIKE #1058: 47.8 ms at 40.8s (Draw: 4574, Bodies: 412)
⚡ FRAME SPIKE #1059: 48.6 ms at 40.9s (Draw: 4583, Bodies: 412)
⚡ FRAME SPIKE #1060: 46.7 ms at 40.9s (Draw: 4579, Bodies: 413)
⚡ FRAME SPIKE #1061: 40.1 ms at 41.0s (Draw: 4590, Bodies: 414)
⚡ FRAME SPIKE #1062: 46.7 ms at 41.0s (Draw: 4589, Bodies: 415)
⚡ FRAME SPIKE #1063: 48.5 ms at 41.1s (Draw: 4587, Bodies: 416)
⚡ FRAME SPIKE #1064: 45.8 ms at 41.1s (Draw: 4578, Bodies: 417)
⚡ FRAME SPIKE #1065: 45.3 ms at 41.2s (Draw: 4587, Bodies: 420)
⚡ FRAME SPIKE #1066: 45.8 ms at 41.2s (Draw: 4583, Bodies: 421)
⚡ FRAME SPIKE #1067: 46.4 ms at 41.3s (Draw: 4583, Bodies: 422)
⚡ FRAME SPIKE #1068: 45.8 ms at 41.3s (Draw: 4593, Bodies: 423)
⚡ FRAME SPIKE #1069: 45.8 ms at 41.3s (Draw: 4605, Bodies: 423)
⚡ FRAME SPIKE #1070: 45.8 ms at 41.4s (Draw: 4611, Bodies: 424)
⚡ FRAME SPIKE #1071: 46.3 ms at 41.4s (Draw: 4626, Bodies: 424)
⚡ FRAME SPIKE #1072: 49.5 ms at 41.5s (Draw: 4627, Bodies: 425)
⚡ FRAME SPIKE #1073: 46.3 ms at 41.5s (Draw: 4633, Bodies: 426)
⚡ FRAME SPIKE #1074: 45.8 ms at 41.6s (Draw: 4635, Bodies: 427)
⚡ FRAME SPIKE #1075: 46.3 ms at 41.6s (Draw: 4643, Bodies: 428)
⚡ FRAME SPIKE #1076: 46.3 ms at 41.7s (Draw: 4644, Bodies: 429)
⚡ FRAME SPIKE #1077: 46.3 ms at 41.7s (Draw: 4641, Bodies: 430)
⚡ FRAME SPIKE #1078: 46.3 ms at 41.8s (Draw: 4642, Bodies: 430)
⚡ FRAME SPIKE #1079: 46.3 ms at 41.8s (Draw: 4644, Bodies: 431)
⚡ FRAME SPIKE #1080: 47.1 ms at 41.9s (Draw: 4648, Bodies: 431)
⚡ FRAME SPIKE #1081: 50.5 ms at 41.9s (Draw: 4650, Bodies: 432)
⚡ FRAME SPIKE #1082: 51.2 ms at 42.0s (Draw: 4650, Bodies: 433)
⚡ FRAME SPIKE #1083: 49.6 ms at 42.0s (Draw: 4648, Bodies: 434)
⚡ FRAME SPIKE #1084: 51.7 ms at 42.1s (Draw: 4645, Bodies: 434)
⚡ FRAME SPIKE #1085: 50.3 ms at 42.1s (Draw: 4642, Bodies: 435)
⚡ FRAME SPIKE #1086: 50.7 ms at 42.2s (Draw: 4644, Bodies: 435)
⚡ FRAME SPIKE #1087: 53.2 ms at 42.2s (Draw: 4643, Bodies: 437)
⚡ FRAME SPIKE #1088: 49.5 ms at 42.3s (Draw: 4651, Bodies: 438)
⚡ FRAME SPIKE #1089: 51.7 ms at 42.3s (Draw: 4654, Bodies: 439)
⚡ FRAME SPIKE #1090: 51.5 ms at 42.4s (Draw: 4661, Bodies: 440)
⚡ FRAME SPIKE #1091: 51.0 ms at 42.4s (Draw: 4661, Bodies: 441)
⚡ FRAME SPIKE #1092: 50.0 ms at 42.5s (Draw: 4652, Bodies: 441)
🚗 Traffic: 22 active NPCs (Near: 8, Mid: 11, Far: 3), 12 pooled
  → Physics bodies from NPCs: 22 (All: 22×1, было бы 22×5=110)

========== Bottleneck Analysis Report ==========
Time: 53.0s | Frames: 1416

📊 PERFORMANCE OVERVIEW:
  FPS: 18.8 avg | 16.0 min
  Frame Time: 45.11 ms avg | 85.38 ms max
  Physics Time: 10.25 ms avg

🔍 BOTTLENECK IDENTIFICATION:
  🔴 [CRITICAL] Frame Time
      Value: 45.11 ms (target: 16.67 ms)
      Impact: Overall performance bottleneck
      Suggestions:
        • Reduce draw calls
        • Optimize scripts in _process()
        • Check for expensive operations per frame

  🔴 [CRITICAL] Physics Time
      Value: 10.25 ms
      Impact: Physics simulation overhead
      Suggestions:
        • Reduce number of active physics bodies
        • Simplify collision shapes
        • Disable physics for distant objects

  🟠 [HIGH] Draw Calls
      Value: 5774 calls/frame
      Impact: GPU rendering overhead
      Suggestions:
        • Batch meshes by material
        • Use MultiMeshInstance3D
        • Implement LOD system
        • Enable frustum culling

  🟠 [HIGH] Physics Bodies
      Value: 406 active bodies
      Impact: Physics engine load
      Suggestions:
        • Reduce NPC count
        • Convert distant NPCs to kinematic
        • Disable physics for far objects

  🟡 [MEDIUM] Vertex Count
      Value: 4659647 vertices/frame
      Impact: GPU vertex processing
      Suggestions:
        • Implement LOD for distant objects
        • Simplify building meshes
        • Use lower poly models

  🟡 [MEDIUM] Node Count
      Value: 30385 nodes
      Impact: Scene tree traversal overhead
      Suggestions:
        • Unload distant chunks
        • Pool and reuse nodes
        • Flatten hierarchy where possible

  🟡 [MEDIUM] Post-Processing Effects
      Value: SSAO, Glow/Bloom, Volumetric Fog
      Impact: GPU shader overhead
      Suggestions:
        • Reduce SSR quality
        • Disable SSAO on low-end hardware
        • Use simpler fog

📈 DETAILED STATS:
  Draw Calls: 5774 avg | 8583 max
  Vertices: 4659647 avg | 5318336 max
  Physics Bodies: 406
  Nodes: 30385
  VRAM: 796.4 MB

=================================================

⚡ FRAME SPIKE #1093: 50.7 ms at 42.5s (Draw: 4661, Bodies: 441)
⚡ FRAME SPIKE #1094: 50.2 ms at 42.6s (Draw: 4664, Bodies: 442)
⚡ PHYSICS SPIKE #60: 10.2 ms at 42.6s (Bodies: 442)
⚡ PHYSICS SPIKE #61: 10.2 ms at 42.6s (Bodies: 443)
⚡ PHYSICS SPIKE #62: 10.2 ms at 42.6s (Bodies: 443)
⚡ FRAME SPIKE #1095: 50.0 ms at 42.6s (Draw: 4667, Bodies: 443)
⚡ PHYSICS SPIKE #63: 10.2 ms at 42.7s (Bodies: 443)
⚡ PHYSICS SPIKE #64: 10.2 ms at 42.7s (Bodies: 444)
⚡ PHYSICS SPIKE #65: 10.2 ms at 42.7s (Bodies: 444)
⚡ FRAME SPIKE #1096: 50.0 ms at 42.7s (Draw: 4668, Bodies: 444)
⚡ PHYSICS SPIKE #66: 10.2 ms at 42.7s (Bodies: 444)
⚡ PHYSICS SPIKE #67: 10.2 ms at 42.7s (Bodies: 445)
⚡ PHYSICS SPIKE #68: 10.2 ms at 42.7s (Bodies: 445)
⚡ FRAME SPIKE #1097: 50.0 ms at 42.7s (Draw: 4664, Bodies: 445)
⚡ PHYSICS SPIKE #69: 10.2 ms at 42.8s (Bodies: 445)
⚡ PHYSICS SPIKE #70: 10.2 ms at 42.8s (Bodies: 445)
⚡ PHYSICS SPIKE #71: 10.2 ms at 42.8s (Bodies: 445)
⚡ FRAME SPIKE #1098: 50.0 ms at 42.8s (Draw: 4663, Bodies: 445)
⚡ PHYSICS SPIKE #72: 10.2 ms at 42.8s (Bodies: 445)
⚡ PHYSICS SPIKE #73: 10.2 ms at 42.8s (Bodies: 445)
⚡ PHYSICS SPIKE #74: 10.2 ms at 42.8s (Bodies: 445)
⚡ FRAME SPIKE #1099: 50.0 ms at 42.8s (Draw: 4664, Bodies: 445)
⚡ PHYSICS SPIKE #75: 10.2 ms at 42.9s (Bodies: 445)
⚡ PHYSICS SPIKE #76: 10.2 ms at 42.9s (Bodies: 446)
⚡ PHYSICS SPIKE #77: 10.2 ms at 42.9s (Bodies: 446)
⚡ FRAME SPIKE #1100: 50.0 ms at 42.9s (Draw: 4662, Bodies: 446)
⚡ PHYSICS SPIKE #78: 10.2 ms at 42.9s (Bodies: 446)
⚡ PHYSICS SPIKE #79: 10.2 ms at 42.9s (Bodies: 447)
⚡ PHYSICS SPIKE #80: 10.2 ms at 42.9s (Bodies: 447)
⚡ FRAME SPIKE #1101: 50.0 ms at 42.9s (Draw: 4661, Bodies: 447)
⚡ PHYSICS SPIKE #81: 10.2 ms at 43.0s (Bodies: 447)
⚡ PHYSICS SPIKE #82: 10.2 ms at 43.0s (Bodies: 448)
⚡ PHYSICS SPIKE #83: 10.2 ms at 43.0s (Bodies: 448)
⚡ FRAME SPIKE #1102: 50.0 ms at 43.0s (Draw: 4662, Bodies: 448)
⚡ PHYSICS SPIKE #84: 10.2 ms at 43.0s (Bodies: 448)
⚡ PHYSICS SPIKE #85: 10.2 ms at 43.0s (Bodies: 449)
⚡ PHYSICS SPIKE #86: 10.2 ms at 43.0s (Bodies: 449)
⚡ FRAME SPIKE #1103: 50.0 ms at 43.0s (Draw: 4657, Bodies: 449)
⚡ PHYSICS SPIKE #87: 10.2 ms at 43.1s (Bodies: 449)
⚡ PHYSICS SPIKE #88: 10.2 ms at 43.1s (Bodies: 449)
⚡ PHYSICS SPIKE #89: 10.2 ms at 43.1s (Bodies: 449)
⚡ FRAME SPIKE #1104: 50.0 ms at 43.1s (Draw: 4664, Bodies: 449)
⚡ PHYSICS SPIKE #90: 10.2 ms at 43.1s (Bodies: 449)
⚡ PHYSICS SPIKE #91: 10.2 ms at 43.1s (Bodies: 449)
⚡ PHYSICS SPIKE #92: 10.2 ms at 43.1s (Bodies: 449)
⚡ FRAME SPIKE #1105: 50.0 ms at 43.1s (Draw: 4662, Bodies: 449)
⚡ PHYSICS SPIKE #93: 10.2 ms at 43.2s (Bodies: 449)
⚡ PHYSICS SPIKE #94: 10.2 ms at 43.2s (Bodies: 450)
⚡ PHYSICS SPIKE #95: 10.2 ms at 43.2s (Bodies: 450)
⚡ FRAME SPIKE #1106: 50.0 ms at 43.2s (Draw: 4667, Bodies: 450)
⚡ PHYSICS SPIKE #96: 10.2 ms at 43.2s (Bodies: 450)
⚡ PHYSICS SPIKE #97: 10.2 ms at 43.2s (Bodies: 451)
⚡ PHYSICS SPIKE #98: 10.2 ms at 43.2s (Bodies: 451)
⚡ FRAME SPIKE #1107: 50.0 ms at 43.2s (Draw: 4669, Bodies: 451)
⚡ PHYSICS SPIKE #99: 10.2 ms at 43.3s (Bodies: 451)
⚡ PHYSICS SPIKE #100: 10.2 ms at 43.3s (Bodies: 452)
⚡ PHYSICS SPIKE #101: 10.2 ms at 43.3s (Bodies: 452)
⚡ FRAME SPIKE #1108: 50.0 ms at 43.3s (Draw: 4674, Bodies: 452)
⚡ PHYSICS SPIKE #102: 10.2 ms at 43.3s (Bodies: 452)
⚡ PHYSICS SPIKE #103: 10.2 ms at 43.3s (Bodies: 453)
⚡ PHYSICS SPIKE #104: 10.2 ms at 43.3s (Bodies: 453)
⚡ FRAME SPIKE #1109: 50.0 ms at 43.3s (Draw: 4671, Bodies: 453)
⚡ PHYSICS SPIKE #105: 10.2 ms at 43.4s (Bodies: 453)
⚡ PHYSICS SPIKE #106: 10.2 ms at 43.4s (Bodies: 454)
⚡ PHYSICS SPIKE #107: 10.2 ms at 43.4s (Bodies: 454)
⚡ FRAME SPIKE #1110: 50.0 ms at 43.4s (Draw: 4668, Bodies: 454)
⚡ PHYSICS SPIKE #108: 10.2 ms at 43.4s (Bodies: 454)
⚡ PHYSICS SPIKE #109: 10.2 ms at 43.4s (Bodies: 455)
⚡ PHYSICS SPIKE #110: 10.2 ms at 43.4s (Bodies: 455)
⚡ FRAME SPIKE #1111: 50.0 ms at 43.4s (Draw: 4674, Bodies: 455)
⚡ PHYSICS SPIKE #111: 10.2 ms at 43.5s (Bodies: 455)
⚡ PHYSICS SPIKE #112: 10.2 ms at 43.5s (Bodies: 456)
⚡ PHYSICS SPIKE #113: 10.2 ms at 43.5s (Bodies: 456)
⚡ FRAME SPIKE #1112: 49.5 ms at 43.5s (Draw: 4676, Bodies: 456)
⚡ PHYSICS SPIKE #114: 10.2 ms at 43.5s (Bodies: 456)
⚡ PHYSICS SPIKE #115: 10.2 ms at 43.5s (Bodies: 456)
⚡ PHYSICS SPIKE #116: 10.2 ms at 43.5s (Bodies: 456)
⚡ FRAME SPIKE #1113: 50.0 ms at 43.5s (Draw: 4678, Bodies: 456)
⚡ PHYSICS SPIKE #117: 10.2 ms at 43.6s (Bodies: 456)
⚡ PHYSICS SPIKE #118: 10.2 ms at 43.6s (Bodies: 457)
⚡ PHYSICS SPIKE #119: 10.2 ms at 43.6s (Bodies: 457)
⚡ FRAME SPIKE #1114: 48.8 ms at 43.6s (Draw: 4682, Bodies: 457)
⚡ PHYSICS SPIKE #120: 10.2 ms at 43.6s (Bodies: 457)
⚡ PHYSICS SPIKE #121: 10.2 ms at 43.6s (Bodies: 457)
⚡ PHYSICS SPIKE #122: 10.2 ms at 43.6s (Bodies: 457)
⚡ FRAME SPIKE #1115: 48.7 ms at 43.6s (Draw: 4682, Bodies: 457)
⚡ PHYSICS SPIKE #123: 10.2 ms at 43.7s (Bodies: 457)
⚡ PHYSICS SPIKE #124: 10.2 ms at 43.7s (Bodies: 458)
⚡ PHYSICS SPIKE #125: 10.2 ms at 43.7s (Bodies: 458)
⚡ FRAME SPIKE #1116: 49.4 ms at 43.7s (Draw: 4680, Bodies: 458)
⚡ PHYSICS SPIKE #126: 10.2 ms at 43.7s (Bodies: 458)
⚡ PHYSICS SPIKE #127: 10.2 ms at 43.7s (Bodies: 459)
⚡ PHYSICS SPIKE #128: 10.2 ms at 43.7s (Bodies: 459)
⚡ FRAME SPIKE #1117: 48.6 ms at 43.7s (Draw: 4681, Bodies: 459)
⚡ PHYSICS SPIKE #129: 10.2 ms at 43.8s (Bodies: 459)
⚡ PHYSICS SPIKE #130: 10.2 ms at 43.8s (Bodies: 460)
⚡ PHYSICS SPIKE #131: 10.2 ms at 43.8s (Bodies: 460)
⚡ FRAME SPIKE #1118: 48.6 ms at 43.8s (Draw: 4680, Bodies: 460)
⚡ PHYSICS SPIKE #132: 10.2 ms at 43.8s (Bodies: 460)
⚡ PHYSICS SPIKE #133: 10.2 ms at 43.8s (Bodies: 461)
⚡ PHYSICS SPIKE #134: 10.2 ms at 43.8s (Bodies: 461)
⚡ FRAME SPIKE #1119: 48.9 ms at 43.8s (Draw: 4684, Bodies: 461)
⚡ PHYSICS SPIKE #135: 10.2 ms at 43.9s (Bodies: 461)
⚡ PHYSICS SPIKE #136: 10.2 ms at 43.9s (Bodies: 462)
⚡ PHYSICS SPIKE #137: 10.2 ms at 43.9s (Bodies: 462)
⚡ FRAME SPIKE #1120: 48.6 ms at 43.9s (Draw: 4685, Bodies: 462)
⚡ PHYSICS SPIKE #138: 10.2 ms at 43.9s (Bodies: 462)
⚡ PHYSICS SPIKE #139: 10.2 ms at 43.9s (Bodies: 462)
⚡ PHYSICS SPIKE #140: 10.2 ms at 43.9s (Bodies: 462)
⚡ FRAME SPIKE #1121: 49.6 ms at 43.9s (Draw: 4683, Bodies: 462)
⚡ PHYSICS SPIKE #141: 10.2 ms at 44.0s (Bodies: 462)
⚡ PHYSICS SPIKE #142: 10.2 ms at 44.0s (Bodies: 462)
⚡ PHYSICS SPIKE #143: 10.2 ms at 44.0s (Bodies: 462)
⚡ FRAME SPIKE #1122: 50.0 ms at 44.0s (Draw: 4683, Bodies: 462)
⚡ PHYSICS SPIKE #144: 10.2 ms at 44.0s (Bodies: 462)
⚡ PHYSICS SPIKE #145: 10.2 ms at 44.0s (Bodies: 463)
⚡ PHYSICS SPIKE #146: 10.2 ms at 44.0s (Bodies: 463)
⚡ FRAME SPIKE #1123: 49.3 ms at 44.0s (Draw: 4682, Bodies: 463)
⚡ PHYSICS SPIKE #147: 10.2 ms at 44.1s (Bodies: 463)
⚡ PHYSICS SPIKE #148: 10.2 ms at 44.1s (Bodies: 463)
⚡ PHYSICS SPIKE #149: 10.2 ms at 44.1s (Bodies: 463)
⚡ FRAME SPIKE #1124: 49.0 ms at 44.1s (Draw: 4685, Bodies: 463)
⚡ PHYSICS SPIKE #150: 10.2 ms at 44.1s (Bodies: 463)
⚡ PHYSICS SPIKE #151: 10.2 ms at 44.1s (Bodies: 463)
⚡ PHYSICS SPIKE #152: 10.2 ms at 44.1s (Bodies: 463)
⚡ FRAME SPIKE #1125: 50.0 ms at 44.1s (Draw: 4682, Bodies: 463)
⚡ PHYSICS SPIKE #153: 10.2 ms at 44.2s (Bodies: 463)
⚡ PHYSICS SPIKE #154: 10.2 ms at 44.2s (Bodies: 463)
⚡ PHYSICS SPIKE #155: 10.2 ms at 44.2s (Bodies: 463)
⚡ FRAME SPIKE #1126: 50.0 ms at 44.2s (Draw: 4687, Bodies: 463)

=== PERFORMANCE METRICS ===
FPS: 20 | Frame: 50.1 ms (max 104.8) | Physics: 16.5 ms (max 85.1)
Godot Process: 22.20 ms | Physics: 10.22 ms
Objects: 71722 | Nodes: 30742 | Resources: 539
Draw calls: 4687 | Vertices: 4340505 | VRAM: 798.3 MB
Physics bodies: 463 | Collision pairs: 6424
--- System Times ---
  road_batch_finalize_total_-1,-1: 22.34 ms (max 22.34)
  road_batch_finalize_total_-1,-2: 29.81 ms (max 29.81)
  road_batch_finalize_total_-1,-3: 20.96 ms (max 20.96)
  road_batch_finalize_total_-1,-4: 9.46 ms (max 9.46)
  road_batch_finalize_total_-1,-5: 7.95 ms (max 7.95)
  road_batch_finalize_total_-1,0: 18.24 ms (max 18.24)
  road_batch_finalize_total_-2,-1: 20.68 ms (max 20.68)
  road_batch_finalize_total_-2,-2: 32.34 ms (max 32.34)
  road_batch_finalize_total_-2,-3: 8.30 ms (max 8.30)
  road_batch_finalize_total_-2,-4: 8.44 ms (max 8.56)
  road_batch_finalize_total_-2,0: 5.37 ms (max 5.37)
  road_batch_finalize_total_0,-1: 35.09 ms (max 35.09)
  road_batch_finalize_total_0,-2: 29.80 ms (max 29.80)
  road_batch_finalize_total_0,-3: 29.24 ms (max 29.24)
  road_batch_finalize_total_0,-4: 13.09 ms (max 13.09)
  road_batch_finalize_total_0,-5: 8.05 ms (max 8.05)
  road_batch_finalize_total_0,0: 29.69 ms (max 29.69)
  road_batch_finalize_total_0,1: 12.21 ms (max 12.21)
  road_batch_finalize_total_1,-1: 29.07 ms (max 29.07)
  road_batch_finalize_total_1,-2: 10.23 ms (max 10.23)
  road_batch_finalize_total_1,-3: 7.96 ms (max 7.96)
  road_batch_finalize_total_1,-4: 18.41 ms (max 18.41)
  road_batch_finalize_total_1,0: 15.00 ms (max 15.00)
  road_batch_finalize_total_2,-3: 6.95 ms (max 6.95)
  road_collision_create_-1,-1: 7.22 ms (max 15.43)
  road_collision_create_-1,-2: 14.62 ms (max 26.24)
  road_collision_create_-1,-3: 6.73 ms (max 15.91)
  road_collision_create_-1,-4: 4.45 ms (max 5.46)
  road_collision_create_-1,-5: 3.57 ms (max 3.91)
  road_collision_create_-1,0: 8.88 ms (max 15.62)
  road_collision_create_-2,-1: 6.68 ms (max 13.96)
  road_collision_create_-2,-2: 15.89 ms (max 29.95)
  road_collision_create_-2,-3: 2.46 ms (max 3.96)
  road_collision_create_-2,-4: 3.85 ms (max 5.34)
  road_collision_create_-2,0: 2.48 ms (max 2.88)
  road_collision_create_0,-1: 11.46 ms (max 29.03)
  road_collision_create_0,-2: 9.66 ms (max 22.30)
  road_collision_create_0,-3: 9.37 ms (max 22.06)
  road_collision_create_0,-4: 4.12 ms (max 9.18)
  road_collision_create_0,-5: 3.65 ms (max 3.93)
  road_collision_create_0,0: 9.68 ms (max 26.15)
  road_collision_create_0,1: 11.95 ms (max 11.95)
  road_collision_create_1,-1: 9.46 ms (max 24.83)
  road_collision_create_1,-2: 4.84 ms (max 7.28)
  road_collision_create_1,-3: 2.41 ms (max 3.36)
  road_collision_create_1,-4: 5.80 ms (max 11.85)
  road_collision_create_1,0: 14.60 ms (max 14.60)
  road_collision_create_2,-3: 3.07 ms (max 3.92)
===========================

=== PERFORMANCE METRICS ===
FPS: 20 | Frame: 50.1 ms (max 104.8) | Physics: 16.5 ms (max 84.9)
Godot Process: 22.20 ms | Physics: 10.22 ms
Objects: 71722 | Nodes: 30742 | Resources: 539
Draw calls: 4687 | Vertices: 4340505 | VRAM: 798.3 MB
Physics bodies: 463 | Collision pairs: 6424
===========================
⚡ PHYSICS SPIKE #156: 10.2 ms at 44.2s (Bodies: 463)
⚡ PHYSICS SPIKE #157: 10.2 ms at 44.2s (Bodies: 463)
⚡ PHYSICS SPIKE #158: 10.2 ms at 44.2s (Bodies: 463)
⚡ FRAME SPIKE #1127: 50.0 ms at 44.2s (Draw: 4687, Bodies: 463)
⚡ PHYSICS SPIKE #159: 10.2 ms at 44.3s (Bodies: 463)
⚡ PHYSICS SPIKE #160: 10.2 ms at 44.3s (Bodies: 465)
⚡ PHYSICS SPIKE #161: 10.2 ms at 44.3s (Bodies: 465)
⚡ FRAME SPIKE #1128: 56.8 ms at 44.3s (Draw: 4687, Bodies: 465)
⚡ PHYSICS SPIKE #162: 10.2 ms at 44.3s (Bodies: 465)
⚡ PHYSICS SPIKE #163: 10.2 ms at 44.3s (Bodies: 466)
⚡ PHYSICS SPIKE #164: 10.2 ms at 44.3s (Bodies: 466)
⚡ FRAME SPIKE #1129: 53.0 ms at 44.3s (Draw: 4686, Bodies: 466)
⚡ PHYSICS SPIKE #165: 10.2 ms at 44.4s (Bodies: 466)
⚡ PHYSICS SPIKE #166: 10.2 ms at 44.4s (Bodies: 467)
⚡ PHYSICS SPIKE #167: 10.2 ms at 44.4s (Bodies: 467)
⚡ FRAME SPIKE #1130: 51.9 ms at 44.4s (Draw: 4687, Bodies: 467)
⚡ PHYSICS SPIKE #168: 10.2 ms at 44.4s (Bodies: 467)
⚡ PHYSICS SPIKE #169: 10.2 ms at 44.4s (Bodies: 468)
⚡ PHYSICS SPIKE #170: 10.2 ms at 44.4s (Bodies: 468)
⚡ PHYSICS SPIKE #171: 10.2 ms at 44.4s (Bodies: 468)
⚡ FRAME SPIKE #1131: 51.4 ms at 44.4s (Draw: 4687, Bodies: 468)
⚡ PHYSICS SPIKE #172: 10.2 ms at 44.5s (Bodies: 468)
⚡ PHYSICS SPIKE #173: 10.2 ms at 44.5s (Bodies: 468)
⚡ PHYSICS SPIKE #174: 10.2 ms at 44.5s (Bodies: 468)
⚡ FRAME SPIKE #1132: 58.3 ms at 44.5s (Draw: 4689, Bodies: 468)
🚗 Traffic: 23 active NPCs (Near: 7, Mid: 14, Far: 2), 11 pooled
  → Physics bodies from NPCs: 23 (All: 23×1, было бы 23×5=115)

========== Bottleneck Analysis Report ==========
Time: 55.0s | Frames: 1456

📊 PERFORMANCE OVERVIEW:
  FPS: 19.2 avg | 16.0 min
  Frame Time: 42.31 ms avg | 85.38 ms max
  Physics Time: 10.11 ms avg

🔍 BOTTLENECK IDENTIFICATION:
  🔴 [CRITICAL] Frame Time
      Value: 42.31 ms (target: 16.67 ms)
      Impact: Overall performance bottleneck
      Suggestions:
        • Reduce draw calls
        • Optimize scripts in _process()
        • Check for expensive operations per frame

  🔴 [CRITICAL] Physics Time
      Value: 10.11 ms
      Impact: Physics simulation overhead
      Suggestions:
        • Reduce number of active physics bodies
        • Simplify collision shapes
        • Disable physics for distant objects

  🟠 [HIGH] Draw Calls
      Value: 4834 calls/frame
      Impact: GPU rendering overhead
      Suggestions:
        • Batch meshes by material
        • Use MultiMeshInstance3D
        • Implement LOD system
        • Enable frustum culling

  🟠 [HIGH] Physics Bodies
      Value: 427 active bodies
      Impact: Physics engine load
      Suggestions:
        • Reduce NPC count
        • Convert distant NPCs to kinematic
        • Disable physics for far objects

  🟡 [MEDIUM] Vertex Count
      Value: 4387012 vertices/frame
      Impact: GPU vertex processing
      Suggestions:
        • Implement LOD for distant objects
        • Simplify building meshes
        • Use lower poly models

  🟡 [MEDIUM] Node Count
      Value: 30758 nodes
      Impact: Scene tree traversal overhead
      Suggestions:
        • Unload distant chunks
        • Pool and reuse nodes
        • Flatten hierarchy where possible

  🟡 [MEDIUM] Post-Processing Effects
      Value: SSAO, Glow/Bloom, Volumetric Fog
      Impact: GPU shader overhead
      Suggestions:
        • Reduce SSR quality
        • Disable SSAO on low-end hardware
        • Use simpler fog

📈 DETAILED STATS:
  Draw Calls: 4834 avg | 6543 max
  Vertices: 4387012 avg | 4884364 max
  Physics Bodies: 427
  Nodes: 30758
  VRAM: 798.2 MB

=================================================

⚡ PHYSICS SPIKE #175: 10.2 ms at 44.5s (Bodies: 468)
⚡ PHYSICS SPIKE #176: 10.2 ms at 44.5s (Bodies: 468)
⚡ PHYSICS SPIKE #177: 10.2 ms at 44.5s (Bodies: 468)
⚡ FRAME SPIKE #1133: 51.4 ms at 44.5s (Draw: 4689, Bodies: 468)
⚡ PHYSICS SPIKE #178: 10.2 ms at 44.6s (Bodies: 468)
⚡ PHYSICS SPIKE #179: 10.2 ms at 44.6s (Bodies: 468)
⚡ PHYSICS SPIKE #180: 10.2 ms at 44.6s (Bodies: 468)
⚡ FRAME SPIKE #1134: 51.4 ms at 44.6s (Draw: 4689, Bodies: 468)
⚡ PHYSICS SPIKE #181: 11.6 ms at 44.6s (Bodies: 468)
⚡ PHYSICS SPIKE #182: 11.6 ms at 44.6s (Bodies: 468)
⚡ PHYSICS SPIKE #183: 11.6 ms at 44.6s (Bodies: 468)
⚡ FRAME SPIKE #1135: 51.4 ms at 44.6s (Draw: 4689, Bodies: 468)
⚡ PHYSICS SPIKE #184: 11.6 ms at 44.7s (Bodies: 468)
⚡ PHYSICS SPIKE #185: 11.6 ms at 44.7s (Bodies: 468)
⚡ PHYSICS SPIKE #186: 11.6 ms at 44.7s (Bodies: 468)
⚡ FRAME SPIKE #1136: 51.4 ms at 44.7s (Draw: 4687, Bodies: 468)
⚡ PHYSICS SPIKE #187: 11.6 ms at 44.7s (Bodies: 468)
⚡ PHYSICS SPIKE #188: 11.6 ms at 44.7s (Bodies: 468)
⚡ PHYSICS SPIKE #189: 11.6 ms at 44.7s (Bodies: 468)
⚡ FRAME SPIKE #1137: 51.4 ms at 44.7s (Draw: 4687, Bodies: 468)
⚡ PHYSICS SPIKE #190: 11.6 ms at 44.8s (Bodies: 468)
⚡ PHYSICS SPIKE #191: 11.6 ms at 44.8s (Bodies: 468)
⚡ PHYSICS SPIKE #192: 11.6 ms at 44.8s (Bodies: 468)
⚡ FRAME SPIKE #1138: 50.0 ms at 44.8s (Draw: 4687, Bodies: 468)
⚡ PHYSICS SPIKE #193: 11.6 ms at 44.8s (Bodies: 468)
⚡ PHYSICS SPIKE #194: 11.6 ms at 44.8s (Bodies: 468)
⚡ PHYSICS SPIKE #195: 11.6 ms at 44.8s (Bodies: 468)
⚡ FRAME SPIKE #1139: 50.0 ms at 44.8s (Draw: 4686, Bodies: 468)
⚡ PHYSICS SPIKE #196: 11.6 ms at 44.9s (Bodies: 468)
⚡ PHYSICS SPIKE #197: 11.6 ms at 44.9s (Bodies: 468)
⚡ PHYSICS SPIKE #198: 11.6 ms at 44.9s (Bodies: 468)
⚡ FRAME SPIKE #1140: 50.0 ms at 44.9s (Draw: 4687, Bodies: 468)
⚡ PHYSICS SPIKE #199: 11.6 ms at 44.9s (Bodies: 468)
⚡ PHYSICS SPIKE #200: 11.6 ms at 44.9s (Bodies: 468)
⚡ PHYSICS SPIKE #201: 11.6 ms at 44.9s (Bodies: 468)
⚡ FRAME SPIKE #1141: 50.0 ms at 44.9s (Draw: 4686, Bodies: 468)
⚡ PHYSICS SPIKE #202: 11.6 ms at 45.0s (Bodies: 468)
⚡ PHYSICS SPIKE #203: 11.6 ms at 45.0s (Bodies: 468)
⚡ PHYSICS SPIKE #204: 11.6 ms at 45.0s (Bodies: 468)
⚡ FRAME SPIKE #1142: 50.0 ms at 45.0s (Draw: 4687, Bodies: 468)
⚡ PHYSICS SPIKE #205: 11.6 ms at 45.0s (Bodies: 468)
⚡ PHYSICS SPIKE #206: 11.6 ms at 45.0s (Bodies: 468)
⚡ PHYSICS SPIKE #207: 11.6 ms at 45.0s (Bodies: 468)
⚡ FRAME SPIKE #1143: 50.0 ms at 45.0s (Draw: 4687, Bodies: 468)
⚡ PHYSICS SPIKE #208: 11.6 ms at 45.1s (Bodies: 468)
⚡ PHYSICS SPIKE #209: 11.6 ms at 45.1s (Bodies: 468)
⚡ PHYSICS SPIKE #210: 11.6 ms at 45.1s (Bodies: 468)
⚡ FRAME SPIKE #1144: 50.0 ms at 45.1s (Draw: 4687, Bodies: 468)
⚡ PHYSICS SPIKE #211: 11.6 ms at 45.1s (Bodies: 468)
⚡ PHYSICS SPIKE #212: 11.6 ms at 45.1s (Bodies: 468)
⚡ PHYSICS SPIKE #213: 11.6 ms at 45.1s (Bodies: 468)
⚡ FRAME SPIKE #1145: 50.0 ms at 45.1s (Draw: 4687, Bodies: 468)
⚡ PHYSICS SPIKE #214: 11.6 ms at 45.2s (Bodies: 468)
⚡ PHYSICS SPIKE #215: 11.6 ms at 45.2s (Bodies: 468)
⚡ PHYSICS SPIKE #216: 11.6 ms at 45.2s (Bodies: 468)
⚡ FRAME SPIKE #1146: 50.0 ms at 45.2s (Draw: 4687, Bodies: 468)
⚡ PHYSICS SPIKE #217: 11.6 ms at 45.2s (Bodies: 468)
⚡ PHYSICS SPIKE #218: 11.6 ms at 45.2s (Bodies: 468)
⚡ PHYSICS SPIKE #219: 11.6 ms at 45.2s (Bodies: 468)
⚡ FRAME SPIKE #1147: 50.0 ms at 45.2s (Draw: 4689, Bodies: 468)
⚡ PHYSICS SPIKE #220: 11.6 ms at 45.3s (Bodies: 468)
⚡ PHYSICS SPIKE #221: 11.6 ms at 45.3s (Bodies: 468)
⚡ PHYSICS SPIKE #222: 11.6 ms at 45.3s (Bodies: 468)
⚡ PHYSICS SPIKE #223: 11.6 ms at 45.3s (Bodies: 468)
⚡ FRAME SPIKE #1148: 51.4 ms at 45.3s (Draw: 4689, Bodies: 468)
⚡ PHYSICS SPIKE #224: 11.6 ms at 45.3s (Bodies: 468)
⚡ PHYSICS SPIKE #225: 11.6 ms at 45.3s (Bodies: 468)
⚡ PHYSICS SPIKE #226: 11.6 ms at 45.3s (Bodies: 468)
⚡ PHYSICS SPIKE #227: 11.6 ms at 45.3s (Bodies: 468)
⚡ FRAME SPIKE #1149: 72.4 ms at 45.3s (Draw: 4689, Bodies: 468)
⚡ PHYSICS SPIKE #228: 11.6 ms at 45.4s (Bodies: 468)
⚡ PHYSICS SPIKE #229: 11.6 ms at 45.4s (Bodies: 468)
⚡ PHYSICS SPIKE #230: 11.6 ms at 45.4s (Bodies: 468)
⚡ PHYSICS SPIKE #231: 11.6 ms at 45.4s (Bodies: 468)
⚡ FRAME SPIKE #1150: 62.5 ms at 45.4s (Draw: 4689, Bodies: 468)
⚡ PHYSICS SPIKE #232: 11.6 ms at 45.5s (Bodies: 468)
⚡ PHYSICS SPIKE #233: 11.6 ms at 45.5s (Bodies: 467)
⚡ PHYSICS SPIKE #234: 11.6 ms at 45.5s (Bodies: 467)
⚡ FRAME SPIKE #1151: 62.5 ms at 45.5s (Draw: 4689, Bodies: 467)
⚡ PHYSICS SPIKE #235: 11.6 ms at 45.5s (Bodies: 467)
⚡ PHYSICS SPIKE #236: 11.6 ms at 45.5s (Bodies: 467)
⚡ PHYSICS SPIKE #237: 11.6 ms at 45.5s (Bodies: 467)
⚡ PHYSICS SPIKE #238: 11.6 ms at 45.5s (Bodies: 467)
⚡ FRAME SPIKE #1152: 60.7 ms at 45.5s (Draw: 4688, Bodies: 467)
⚡ PHYSICS SPIKE #239: 11.6 ms at 45.6s (Bodies: 467)
⚡ PHYSICS SPIKE #240: 11.6 ms at 45.6s (Bodies: 467)
⚡ PHYSICS SPIKE #241: 11.6 ms at 45.6s (Bodies: 467)
⚡ PHYSICS SPIKE #242: 11.6 ms at 45.6s (Bodies: 467)
⚡ FRAME SPIKE #1153: 60.2 ms at 45.6s (Draw: 4689, Bodies: 467)
⚡ PHYSICS SPIKE #243: 17.4 ms at 45.7s (Bodies: 467)
⚡ PHYSICS SPIKE #244: 17.4 ms at 45.7s (Bodies: 467)
⚡ PHYSICS SPIKE #245: 17.4 ms at 45.7s (Bodies: 467)
⚡ FRAME SPIKE #1154: 58.3 ms at 45.7s (Draw: 4688, Bodies: 467)
⚡ PHYSICS SPIKE #246: 17.4 ms at 45.7s (Bodies: 467)
⚡ PHYSICS SPIKE #247: 17.4 ms at 45.7s (Bodies: 467)
⚡ PHYSICS SPIKE #248: 17.4 ms at 45.7s (Bodies: 467)
⚡ FRAME SPIKE #1155: 48.2 ms at 45.7s (Draw: 4688, Bodies: 467)
⚡ PHYSICS SPIKE #249: 17.4 ms at 45.8s (Bodies: 467)
⚡ PHYSICS SPIKE #250: 17.4 ms at 45.8s (Bodies: 467)
⚡ PHYSICS SPIKE #251: 17.4 ms at 45.8s (Bodies: 467)
⚡ FRAME SPIKE #1156: 49.0 ms at 45.8s (Draw: 4688, Bodies: 467)
⚡ PHYSICS SPIKE #252: 17.4 ms at 45.8s (Bodies: 467)
⚡ PHYSICS SPIKE #253: 17.4 ms at 45.8s (Bodies: 467)
⚡ PHYSICS SPIKE #254: 17.4 ms at 45.8s (Bodies: 467)
⚡ FRAME SPIKE #1157: 49.0 ms at 45.8s (Draw: 4687, Bodies: 467)
⚡ PHYSICS SPIKE #255: 17.4 ms at 45.9s (Bodies: 467)
⚡ PHYSICS SPIKE #256: 17.4 ms at 45.9s (Bodies: 467)
⚡ PHYSICS SPIKE #257: 17.4 ms at 45.9s (Bodies: 467)
⚡ FRAME SPIKE #1158: 48.7 ms at 45.9s (Draw: 4688, Bodies: 467)
⚡ PHYSICS SPIKE #258: 17.4 ms at 45.9s (Bodies: 467)
⚡ PHYSICS SPIKE #259: 17.4 ms at 45.9s (Bodies: 467)
⚡ PHYSICS SPIKE #260: 17.4 ms at 45.9s (Bodies: 467)
⚡ FRAME SPIKE #1159: 49.1 ms at 45.9s (Draw: 4687, Bodies: 467)
⚡ PHYSICS SPIKE #261: 17.4 ms at 46.0s (Bodies: 467)
⚡ PHYSICS SPIKE #262: 17.4 ms at 46.0s (Bodies: 467)
⚡ PHYSICS SPIKE #263: 17.4 ms at 46.0s (Bodies: 467)
⚡ FRAME SPIKE #1160: 48.5 ms at 46.0s (Draw: 4687, Bodies: 467)
⚡ PHYSICS SPIKE #264: 17.4 ms at 46.0s (Bodies: 467)
⚡ PHYSICS SPIKE #265: 17.4 ms at 46.0s (Bodies: 467)
⚡ PHYSICS SPIKE #266: 17.4 ms at 46.0s (Bodies: 467)
⚡ FRAME SPIKE #1161: 49.4 ms at 46.0s (Draw: 4687, Bodies: 467)
⚡ PHYSICS SPIKE #267: 17.4 ms at 46.1s (Bodies: 467)
⚡ PHYSICS SPIKE #268: 17.4 ms at 46.1s (Bodies: 467)
⚡ PHYSICS SPIKE #269: 17.4 ms at 46.1s (Bodies: 467)
⚡ FRAME SPIKE #1162: 48.4 ms at 46.1s (Draw: 4688, Bodies: 467)
⚡ PHYSICS SPIKE #270: 17.4 ms at 46.1s (Bodies: 467)
⚡ PHYSICS SPIKE #271: 17.4 ms at 46.1s (Bodies: 467)
⚡ PHYSICS SPIKE #272: 17.4 ms at 46.1s (Bodies: 467)
⚡ FRAME SPIKE #1163: 49.1 ms at 46.1s (Draw: 4688, Bodies: 467)
⚡ PHYSICS SPIKE #273: 17.4 ms at 46.2s (Bodies: 467)
⚡ PHYSICS SPIKE #274: 17.4 ms at 46.2s (Bodies: 467)
⚡ PHYSICS SPIKE #275: 17.4 ms at 46.2s (Bodies: 467)
⚡ FRAME SPIKE #1164: 49.5 ms at 46.2s (Draw: 4689, Bodies: 467)
⚡ PHYSICS SPIKE #276: 17.4 ms at 46.2s (Bodies: 467)
⚡ PHYSICS SPIKE #277: 17.4 ms at 46.2s (Bodies: 467)
⚡ FRAME SPIKE #1165: 48.6 ms at 46.2s (Draw: 4689, Bodies: 467)
⚡ PHYSICS SPIKE #278: 17.4 ms at 46.3s (Bodies: 467)
⚡ PHYSICS SPIKE #279: 17.4 ms at 46.3s (Bodies: 467)
⚡ PHYSICS SPIKE #280: 17.4 ms at 46.3s (Bodies: 467)
⚡ FRAME SPIKE #1166: 39.5 ms at 46.3s (Draw: 4689, Bodies: 467)
⚡ PHYSICS SPIKE #281: 17.4 ms at 46.3s (Bodies: 467)
⚡ PHYSICS SPIKE #282: 17.4 ms at 46.3s (Bodies: 467)
⚡ PHYSICS SPIKE #283: 17.4 ms at 46.3s (Bodies: 467)
⚡ FRAME SPIKE #1167: 48.6 ms at 46.3s (Draw: 4689, Bodies: 466)
⚡ PHYSICS SPIKE #284: 17.4 ms at 46.3s (Bodies: 466)
⚡ PHYSICS SPIKE #285: 17.4 ms at 46.3s (Bodies: 466)
⚡ PHYSICS SPIKE #286: 17.4 ms at 46.3s (Bodies: 466)
⚡ FRAME SPIKE #1168: 48.6 ms at 46.3s (Draw: 4685, Bodies: 466)
⚡ PHYSICS SPIKE #287: 17.4 ms at 46.4s (Bodies: 466)
⚡ PHYSICS SPIKE #288: 17.4 ms at 46.4s (Bodies: 466)
⚡ PHYSICS SPIKE #289: 17.4 ms at 46.4s (Bodies: 466)
⚡ FRAME SPIKE #1169: 48.6 ms at 46.4s (Draw: 4685, Bodies: 466)
⚡ PHYSICS SPIKE #290: 17.4 ms at 46.4s (Bodies: 466)
⚡ PHYSICS SPIKE #291: 17.4 ms at 46.4s (Bodies: 466)
⚡ FRAME SPIKE #1170: 47.2 ms at 46.4s (Draw: 4685, Bodies: 466)
⚡ PHYSICS SPIKE #292: 17.4 ms at 46.5s (Bodies: 466)
⚡ PHYSICS SPIKE #293: 17.4 ms at 46.5s (Bodies: 466)
⚡ PHYSICS SPIKE #294: 17.4 ms at 46.5s (Bodies: 466)
⚡ FRAME SPIKE #1171: 40.3 ms at 46.5s (Draw: 4685, Bodies: 466)
⚡ PHYSICS SPIKE #295: 17.4 ms at 46.5s (Bodies: 466)
⚡ PHYSICS SPIKE #296: 17.4 ms at 46.5s (Bodies: 466)
⚡ PHYSICS SPIKE #297: 17.4 ms at 46.5s (Bodies: 466)
⚡ FRAME SPIKE #1172: 47.2 ms at 46.5s (Draw: 4685, Bodies: 466)
🚗 Traffic: 21 active NPCs (Near: 8, Mid: 12, Far: 1), 13 pooled
  → Physics bodies from NPCs: 21 (All: 21×1, было бы 21×5=105)

========== Bottleneck Analysis Report ==========
Time: 57.0s | Frames: 1496

📊 PERFORMANCE OVERVIEW:
  FPS: 19.4 avg | 16.0 min
  Frame Time: 33.69 ms avg | 75.65 ms max
  Physics Time: 11.39 ms avg

🔍 BOTTLENECK IDENTIFICATION:
  🔴 [CRITICAL] Frame Time
      Value: 33.69 ms (target: 16.67 ms)
      Impact: Overall performance bottleneck
      Suggestions:
        • Reduce draw calls
        • Optimize scripts in _process()
        • Check for expensive operations per frame

  🔴 [CRITICAL] Physics Time
      Value: 11.39 ms
      Impact: Physics simulation overhead
      Suggestions:
        • Reduce number of active physics bodies
        • Simplify collision shapes
        • Disable physics for distant objects

  🟠 [HIGH] Draw Calls
      Value: 4657 calls/frame
      Impact: GPU rendering overhead
      Suggestions:
        • Batch meshes by material
        • Use MultiMeshInstance3D
        • Implement LOD system
        • Enable frustum culling

  🟠 [HIGH] Physics Bodies
      Value: 449 active bodies
      Impact: Physics engine load
      Suggestions:
        • Reduce NPC count
        • Convert distant NPCs to kinematic
        • Disable physics for far objects

  🟡 [MEDIUM] Vertex Count
      Value: 4333529 vertices/frame
      Impact: GPU vertex processing
      Suggestions:
        • Implement LOD for distant objects
        • Simplify building meshes
        • Use lower poly models

  🟡 [MEDIUM] Node Count
      Value: 30758 nodes
      Impact: Scene tree traversal overhead
      Suggestions:
        • Unload distant chunks
        • Pool and reuse nodes
        • Flatten hierarchy where possible

  🟡 [MEDIUM] Post-Processing Effects
      Value: SSAO, Glow/Bloom, Volumetric Fog
      Impact: GPU shader overhead
      Suggestions:
        • Reduce SSR quality
        • Disable SSAO on low-end hardware
        • Use simpler fog

📈 DETAILED STATS:
  Draw Calls: 4657 avg | 4689 max
  Vertices: 4333529 avg | 4344657 max
  Physics Bodies: 449
  Nodes: 30758
  VRAM: 798.2 MB

=================================================

⚡ PHYSICS SPIKE #298: 17.4 ms at 46.6s (Bodies: 466)
⚡ PHYSICS SPIKE #299: 17.4 ms at 46.6s (Bodies: 466)
⚡ PHYSICS SPIKE #300: 17.4 ms at 46.6s (Bodies: 466)
⚡ FRAME SPIKE #1173: 47.8 ms at 46.6s (Draw: 4685, Bodies: 466)
⚡ PHYSICS SPIKE #301: 10.6 ms at 46.6s (Bodies: 466)
⚡ PHYSICS SPIKE #302: 10.6 ms at 46.6s (Bodies: 466)
⚡ PHYSICS SPIKE #303: 10.6 ms at 46.6s (Bodies: 466)
⚡ FRAME SPIKE #1174: 50.0 ms at 46.6s (Draw: 4685, Bodies: 466)
⚡ PHYSICS SPIKE #304: 10.6 ms at 46.7s (Bodies: 466)
⚡ PHYSICS SPIKE #305: 10.6 ms at 46.7s (Bodies: 466)
⚡ FRAME SPIKE #1175: 46.7 ms at 46.7s (Draw: 4685, Bodies: 466)
⚡ PHYSICS SPIKE #306: 10.6 ms at 46.7s (Bodies: 466)
⚡ PHYSICS SPIKE #307: 10.6 ms at 46.7s (Bodies: 466)
⚡ PHYSICS SPIKE #308: 10.6 ms at 46.7s (Bodies: 466)
⚡ FRAME SPIKE #1176: 39.7 ms at 46.7s (Draw: 4685, Bodies: 466)
⚡ PHYSICS SPIKE #309: 10.6 ms at 46.8s (Bodies: 466)
⚡ PHYSICS SPIKE #310: 10.6 ms at 46.8s (Bodies: 466)
⚡ PHYSICS SPIKE #311: 10.6 ms at 46.8s (Bodies: 466)
⚡ FRAME SPIKE #1177: 47.0 ms at 46.8s (Draw: 4685, Bodies: 466)
⚡ PHYSICS SPIKE #312: 10.6 ms at 46.8s (Bodies: 466)
⚡ PHYSICS SPIKE #313: 10.6 ms at 46.8s (Bodies: 466)
⚡ PHYSICS SPIKE #314: 10.6 ms at 46.8s (Bodies: 466)
⚡ FRAME SPIKE #1178: 50.0 ms at 46.8s (Draw: 4685, Bodies: 466)
⚡ PHYSICS SPIKE #315: 10.6 ms at 46.9s (Bodies: 466)
⚡ PHYSICS SPIKE #316: 10.6 ms at 46.9s (Bodies: 466)
⚡ FRAME SPIKE #1179: 46.3 ms at 46.9s (Draw: 4685, Bodies: 466)
⚡ PHYSICS SPIKE #317: 10.6 ms at 46.9s (Bodies: 466)
⚡ PHYSICS SPIKE #318: 10.6 ms at 46.9s (Bodies: 466)
⚡ PHYSICS SPIKE #319: 10.6 ms at 46.9s (Bodies: 466)
⚡ FRAME SPIKE #1180: 40.3 ms at 46.9s (Draw: 4685, Bodies: 466)
⚡ PHYSICS SPIKE #320: 10.6 ms at 46.9s (Bodies: 466)
⚡ PHYSICS SPIKE #321: 10.6 ms at 46.9s (Bodies: 466)
⚡ PHYSICS SPIKE #322: 10.6 ms at 46.9s (Bodies: 466)
⚡ FRAME SPIKE #1181: 46.7 ms at 46.9s (Draw: 4685, Bodies: 466)
⚡ PHYSICS SPIKE #323: 10.6 ms at 47.0s (Bodies: 466)
⚡ PHYSICS SPIKE #324: 10.6 ms at 47.0s (Bodies: 466)
⚡ FRAME SPIKE #1182: 45.8 ms at 47.0s (Draw: 4685, Bodies: 466)
⚡ PHYSICS SPIKE #325: 10.6 ms at 47.0s (Bodies: 466)
⚡ PHYSICS SPIKE #326: 10.6 ms at 47.0s (Bodies: 466)
⚡ PHYSICS SPIKE #327: 10.6 ms at 47.0s (Bodies: 466)
⚡ FRAME SPIKE #1183: 41.8 ms at 47.0s (Draw: 4683, Bodies: 466)
⚡ PHYSICS SPIKE #328: 10.6 ms at 47.1s (Bodies: 466)
⚡ PHYSICS SPIKE #329: 10.6 ms at 47.1s (Bodies: 466)
⚡ PHYSICS SPIKE #330: 10.6 ms at 47.1s (Bodies: 466)
⚡ FRAME SPIKE #1184: 45.8 ms at 47.1s (Draw: 4683, Bodies: 466)
⚡ PHYSICS SPIKE #331: 10.6 ms at 47.1s (Bodies: 466)
⚡ PHYSICS SPIKE #332: 10.6 ms at 47.1s (Bodies: 466)
⚡ FRAME SPIKE #1185: 45.0 ms at 47.1s (Draw: 4683, Bodies: 466)
⚡ PHYSICS SPIKE #333: 10.6 ms at 47.2s (Bodies: 466)
⚡ PHYSICS SPIKE #334: 10.6 ms at 47.2s (Bodies: 466)
⚡ PHYSICS SPIKE #335: 10.6 ms at 47.2s (Bodies: 466)
⚡ FRAME SPIKE #1186: 42.9 ms at 47.2s (Draw: 4683, Bodies: 466)
⚡ PHYSICS SPIKE #336: 10.6 ms at 47.2s (Bodies: 466)
⚡ PHYSICS SPIKE #337: 10.6 ms at 47.2s (Bodies: 466)
⚡ PHYSICS SPIKE #338: 10.6 ms at 47.2s (Bodies: 466)
⚡ FRAME SPIKE #1187: 45.3 ms at 47.2s (Draw: 4685, Bodies: 466)
⚡ PHYSICS SPIKE #339: 10.6 ms at 47.3s (Bodies: 466)
⚡ PHYSICS SPIKE #340: 10.6 ms at 47.3s (Bodies: 466)
⚡ PHYSICS SPIKE #341: 10.6 ms at 47.3s (Bodies: 466)
⚡ FRAME SPIKE #1188: 50.0 ms at 47.3s (Draw: 4685, Bodies: 466)
⚡ PHYSICS SPIKE #342: 10.6 ms at 47.3s (Bodies: 466)
⚡ PHYSICS SPIKE #343: 10.6 ms at 47.3s (Bodies: 467)
⚡ FRAME SPIKE #1189: 45.0 ms at 47.3s (Draw: 4688, Bodies: 467)
⚡ PHYSICS SPIKE #344: 10.6 ms at 47.3s (Bodies: 467)
⚡ PHYSICS SPIKE #345: 10.6 ms at 47.3s (Bodies: 467)
⚡ PHYSICS SPIKE #346: 10.6 ms at 47.3s (Bodies: 467)
⚡ FRAME SPIKE #1190: 45.0 ms at 47.3s (Draw: 4689, Bodies: 467)
⚡ PHYSICS SPIKE #347: 10.6 ms at 47.4s (Bodies: 467)
⚡ PHYSICS SPIKE #348: 10.6 ms at 47.4s (Bodies: 467)
⚡ PHYSICS SPIKE #349: 10.6 ms at 47.4s (Bodies: 467)
⚡ FRAME SPIKE #1191: 45.0 ms at 47.4s (Draw: 4689, Bodies: 467)
⚡ PHYSICS SPIKE #350: 10.6 ms at 47.4s (Bodies: 467)
⚡ PHYSICS SPIKE #351: 10.6 ms at 47.4s (Bodies: 467)
⚡ FRAME SPIKE #1192: 45.2 ms at 47.4s (Draw: 4689, Bodies: 467)
⚡ PHYSICS SPIKE #352: 10.6 ms at 47.5s (Bodies: 467)
⚡ PHYSICS SPIKE #353: 10.6 ms at 47.5s (Bodies: 467)
⚡ PHYSICS SPIKE #354: 10.6 ms at 47.5s (Bodies: 467)
⚡ FRAME SPIKE #1193: 45.0 ms at 47.5s (Draw: 4689, Bodies: 467)
⚡ PHYSICS SPIKE #355: 10.6 ms at 47.5s (Bodies: 467)
⚡ PHYSICS SPIKE #356: 10.6 ms at 47.5s (Bodies: 467)
⚡ PHYSICS SPIKE #357: 10.6 ms at 47.5s (Bodies: 467)
⚡ FRAME SPIKE #1194: 45.0 ms at 47.5s (Draw: 4689, Bodies: 467)
⚡ PHYSICS SPIKE #358: 10.6 ms at 47.6s (Bodies: 467)
⚡ PHYSICS SPIKE #359: 10.6 ms at 47.6s (Bodies: 467)
⚡ PHYSICS SPIKE #360: 10.6 ms at 47.6s (Bodies: 467)
⚡ FRAME SPIKE #1195: 46.4 ms at 47.6s (Draw: 4689, Bodies: 467)
⚡ PHYSICS SPIKE #361: 10.6 ms at 47.6s (Bodies: 467)
⚡ PHYSICS SPIKE #362: 10.6 ms at 47.6s (Bodies: 467)
⚡ FRAME SPIKE #1196: 45.2 ms at 47.6s (Draw: 4688, Bodies: 467)
⚡ PHYSICS SPIKE #363: 10.6 ms at 47.7s (Bodies: 467)
⚡ PHYSICS SPIKE #364: 10.6 ms at 47.7s (Bodies: 467)
⚡ PHYSICS SPIKE #365: 10.6 ms at 47.7s (Bodies: 467)
⚡ FRAME SPIKE #1197: 45.0 ms at 47.7s (Draw: 4689, Bodies: 467)
⚡ PHYSICS SPIKE #366: 10.6 ms at 47.7s (Bodies: 467)
⚡ PHYSICS SPIKE #367: 10.6 ms at 47.7s (Bodies: 467)
⚡ PHYSICS SPIKE #368: 10.6 ms at 47.7s (Bodies: 467)
⚡ FRAME SPIKE #1198: 45.2 ms at 47.7s (Draw: 4689, Bodies: 467)
⚡ PHYSICS SPIKE #369: 10.6 ms at 47.8s (Bodies: 467)
⚡ PHYSICS SPIKE #370: 10.6 ms at 47.8s (Bodies: 467)
⚡ FRAME SPIKE #1199: 45.2 ms at 47.8s (Draw: 4688, Bodies: 467)
⚡ PHYSICS SPIKE #371: 10.6 ms at 47.8s (Bodies: 467)
⚡ PHYSICS SPIKE #372: 10.6 ms at 47.8s (Bodies: 467)
⚡ PHYSICS SPIKE #373: 10.6 ms at 47.8s (Bodies: 467)
⚡ FRAME SPIKE #1200: 45.2 ms at 47.8s (Draw: 4688, Bodies: 467)
⚡ PHYSICS SPIKE #374: 10.6 ms at 47.8s (Bodies: 467)
⚡ PHYSICS SPIKE #375: 10.6 ms at 47.8s (Bodies: 467)
⚡ PHYSICS SPIKE #376: 10.6 ms at 47.8s (Bodies: 467)
⚡ FRAME SPIKE #1201: 45.2 ms at 47.8s (Draw: 4688, Bodies: 467)
⚡ PHYSICS SPIKE #377: 10.6 ms at 47.9s (Bodies: 467)
⚡ PHYSICS SPIKE #378: 10.6 ms at 47.9s (Bodies: 467)
⚡ PHYSICS SPIKE #379: 10.6 ms at 47.9s (Bodies: 467)
⚡ FRAME SPIKE #1202: 45.5 ms at 47.9s (Draw: 4687, Bodies: 467)
⚡ PHYSICS SPIKE #380: 10.6 ms at 47.9s (Bodies: 467)
⚡ PHYSICS SPIKE #381: 10.6 ms at 47.9s (Bodies: 467)
⚡ FRAME SPIKE #1203: 47.8 ms at 47.9s (Draw: 4687, Bodies: 467)
⚡ PHYSICS SPIKE #382: 10.6 ms at 48.0s (Bodies: 467)
⚡ PHYSICS SPIKE #383: 10.6 ms at 48.0s (Bodies: 467)
⚡ PHYSICS SPIKE #384: 10.6 ms at 48.0s (Bodies: 467)
⚡ FRAME SPIKE #1204: 45.2 ms at 48.0s (Draw: 4687, Bodies: 467)
⚡ PHYSICS SPIKE #385: 10.6 ms at 48.0s (Bodies: 467)
⚡ PHYSICS SPIKE #386: 10.6 ms at 48.0s (Bodies: 467)
⚡ PHYSICS SPIKE #387: 10.6 ms at 48.0s (Bodies: 467)
⚡ FRAME SPIKE #1205: 45.2 ms at 48.0s (Draw: 4687, Bodies: 467)
⚡ PHYSICS SPIKE #388: 10.6 ms at 48.1s (Bodies: 467)
⚡ PHYSICS SPIKE #389: 10.6 ms at 48.1s (Bodies: 467)
⚡ PHYSICS SPIKE #390: 10.6 ms at 48.1s (Bodies: 467)
⚡ FRAME SPIKE #1206: 47.6 ms at 48.1s (Draw: 4687, Bodies: 467)
⚡ PHYSICS SPIKE #391: 10.6 ms at 48.1s (Bodies: 467)
⚡ PHYSICS SPIKE #392: 10.6 ms at 48.1s (Bodies: 467)
⚡ FRAME SPIKE #1207: 47.3 ms at 48.1s (Draw: 4688, Bodies: 467)
⚡ PHYSICS SPIKE #393: 10.6 ms at 48.2s (Bodies: 467)
⚡ PHYSICS SPIKE #394: 10.6 ms at 48.2s (Bodies: 467)
⚡ PHYSICS SPIKE #395: 10.6 ms at 48.2s (Bodies: 467)
⚡ FRAME SPIKE #1208: 45.5 ms at 48.2s (Draw: 4688, Bodies: 467)
⚡ PHYSICS SPIKE #396: 10.6 ms at 48.2s (Bodies: 467)
⚡ PHYSICS SPIKE #397: 10.6 ms at 48.2s (Bodies: 467)
⚡ PHYSICS SPIKE #398: 10.6 ms at 48.2s (Bodies: 467)
⚡ FRAME SPIKE #1209: 45.5 ms at 48.2s (Draw: 4688, Bodies: 467)
⚡ PHYSICS SPIKE #399: 10.6 ms at 48.3s (Bodies: 467)
⚡ PHYSICS SPIKE #400: 10.6 ms at 48.3s (Bodies: 467)
⚡ PHYSICS SPIKE #401: 10.6 ms at 48.3s (Bodies: 467)
⚡ FRAME SPIKE #1210: 47.6 ms at 48.3s (Draw: 4688, Bodies: 467)
⚡ PHYSICS SPIKE #402: 10.6 ms at 48.3s (Bodies: 467)
⚡ PHYSICS SPIKE #403: 10.6 ms at 48.3s (Bodies: 469)
⚡ PHYSICS SPIKE #404: 10.6 ms at 48.3s (Bodies: 469)
⚡ FRAME SPIKE #1211: 52.3 ms at 48.3s (Draw: 4690, Bodies: 469)
⚡ PHYSICS SPIKE #405: 10.6 ms at 48.4s (Bodies: 469)
⚡ PHYSICS SPIKE #406: 10.6 ms at 48.4s (Bodies: 469)
⚡ PHYSICS SPIKE #407: 10.6 ms at 48.4s (Bodies: 469)
⚡ FRAME SPIKE #1212: 50.4 ms at 48.4s (Draw: 4690, Bodies: 469)
⚡ PHYSICS SPIKE #408: 10.6 ms at 48.4s (Bodies: 469)
⚡ PHYSICS SPIKE #409: 10.6 ms at 48.4s (Bodies: 469)
⚡ PHYSICS SPIKE #410: 10.6 ms at 48.4s (Bodies: 469)
⚡ FRAME SPIKE #1213: 49.9 ms at 48.4s (Draw: 4690, Bodies: 469)
⚡ PHYSICS SPIKE #411: 10.6 ms at 48.5s (Bodies: 469)
⚡ PHYSICS SPIKE #412: 10.6 ms at 48.5s (Bodies: 469)
⚡ PHYSICS SPIKE #413: 10.6 ms at 48.5s (Bodies: 469)
⚡ FRAME SPIKE #1214: 49.7 ms at 48.5s (Draw: 4690, Bodies: 469)
⚡ PHYSICS SPIKE #414: 10.6 ms at 48.5s (Bodies: 469)
⚡ PHYSICS SPIKE #415: 10.6 ms at 48.5s (Bodies: 469)
⚡ PHYSICS SPIKE #416: 10.6 ms at 48.5s (Bodies: 469)
⚡ FRAME SPIKE #1215: 49.6 ms at 48.5s (Draw: 4690, Bodies: 469)
⚡ PHYSICS SPIKE #417: 10.6 ms at 48.6s (Bodies: 469)
⚡ PHYSICS SPIKE #418: 10.6 ms at 48.6s (Bodies: 469)
⚡ PHYSICS SPIKE #419: 10.6 ms at 48.6s (Bodies: 469)
⚡ FRAME SPIKE #1216: 50.6 ms at 48.6s (Draw: 4690, Bodies: 469)
🚗 Traffic: 24 active NPCs (Near: 8, Mid: 14, Far: 2), 10 pooled
  → Physics bodies from NPCs: 24 (All: 24×1, было бы 24×5=120)

========== Bottleneck Analysis Report ==========
Time: 59.1s | Frames: 1540

📊 PERFORMANCE OVERVIEW:
  FPS: 20.2 avg | 19.0 min
  Frame Time: 23.18 ms avg | 25.99 ms max
  Physics Time: 11.78 ms avg

🔍 BOTTLENECK IDENTIFICATION:
  🔴 [CRITICAL] Physics Time
      Value: 11.78 ms
      Impact: Physics simulation overhead
      Suggestions:
        • Reduce number of active physics bodies
        • Simplify collision shapes
        • Disable physics for distant objects

  🟠 [HIGH] Frame Time
      Value: 23.18 ms (target: 16.67 ms)
      Impact: Overall performance bottleneck
      Suggestions:
        • Reduce draw calls
        • Optimize scripts in _process()
        • Check for expensive operations per frame

  🟠 [HIGH] Draw Calls
      Value: 4683 calls/frame
      Impact: GPU rendering overhead
      Suggestions:
        • Batch meshes by material
        • Use MultiMeshInstance3D
        • Implement LOD system
        • Enable frustum culling

  🟠 [HIGH] Physics Bodies
      Value: 463 active bodies
      Impact: Physics engine load
      Suggestions:
        • Reduce NPC count
        • Convert distant NPCs to kinematic
        • Disable physics for far objects

  🟡 [MEDIUM] Vertex Count
      Value: 4338659 vertices/frame
      Impact: GPU vertex processing
      Suggestions:
        • Implement LOD for distant objects
        • Simplify building meshes
        • Use lower poly models

  🟡 [MEDIUM] Node Count
      Value: 30758 nodes
      Impact: Scene tree traversal overhead
      Suggestions:
        • Unload distant chunks
        • Pool and reuse nodes
        • Flatten hierarchy where possible

  🟡 [MEDIUM] Post-Processing Effects
      Value: SSAO, Glow/Bloom, Volumetric Fog
      Impact: GPU shader overhead
      Suggestions:
        • Reduce SSR quality
        • Disable SSAO on low-end hardware
        • Use simpler fog

📈 DETAILED STATS:
  Draw Calls: 4683 avg | 4690 max
  Vertices: 4338659 avg | 4340509 max
  Physics Bodies: 463
  Nodes: 30758
  VRAM: 798.2 MB

=================================================

⚡ PHYSICS SPIKE #420: 11.4 ms at 48.6s (Bodies: 469)
⚡ PHYSICS SPIKE #421: 11.4 ms at 48.6s (Bodies: 469)
⚡ PHYSICS SPIKE #422: 11.4 ms at 48.6s (Bodies: 469)
⚡ FRAME SPIKE #1217: 52.2 ms at 48.6s (Draw: 4690, Bodies: 469)
⚡ PHYSICS SPIKE #423: 11.4 ms at 48.7s (Bodies: 469)
⚡ PHYSICS SPIKE #424: 11.4 ms at 48.7s (Bodies: 469)
⚡ PHYSICS SPIKE #425: 11.4 ms at 48.7s (Bodies: 469)
⚡ FRAME SPIKE #1218: 50.5 ms at 48.7s (Draw: 4690, Bodies: 469)
⚡ PHYSICS SPIKE #426: 11.4 ms at 48.7s (Bodies: 469)
⚡ PHYSICS SPIKE #427: 11.4 ms at 48.7s (Bodies: 469)
⚡ PHYSICS SPIKE #428: 11.4 ms at 48.7s (Bodies: 469)
⚡ FRAME SPIKE #1219: 50.0 ms at 48.7s (Draw: 4690, Bodies: 469)
⚡ PHYSICS SPIKE #429: 11.4 ms at 48.8s (Bodies: 469)
⚡ PHYSICS SPIKE #430: 11.4 ms at 48.8s (Bodies: 469)
⚡ PHYSICS SPIKE #431: 11.4 ms at 48.8s (Bodies: 469)
⚡ FRAME SPIKE #1220: 50.0 ms at 48.8s (Draw: 4690, Bodies: 469)
⚡ PHYSICS SPIKE #432: 11.4 ms at 48.8s (Bodies: 469)
⚡ PHYSICS SPIKE #433: 11.4 ms at 48.8s (Bodies: 469)
⚡ PHYSICS SPIKE #434: 11.4 ms at 48.8s (Bodies: 469)
⚡ FRAME SPIKE #1221: 50.0 ms at 48.8s (Draw: 4690, Bodies: 469)
⚡ PHYSICS SPIKE #435: 11.4 ms at 48.9s (Bodies: 469)
⚡ PHYSICS SPIKE #436: 11.4 ms at 48.9s (Bodies: 469)
⚡ PHYSICS SPIKE #437: 11.4 ms at 48.9s (Bodies: 469)
⚡ FRAME SPIKE #1222: 50.0 ms at 48.9s (Draw: 4690, Bodies: 469)
⚡ PHYSICS SPIKE #438: 11.4 ms at 48.9s (Bodies: 469)
⚡ PHYSICS SPIKE #439: 11.4 ms at 48.9s (Bodies: 469)
⚡ PHYSICS SPIKE #440: 11.4 ms at 48.9s (Bodies: 469)
⚡ FRAME SPIKE #1223: 50.0 ms at 48.9s (Draw: 4690, Bodies: 469)
⚡ PHYSICS SPIKE #441: 11.4 ms at 49.0s (Bodies: 469)
⚡ PHYSICS SPIKE #442: 11.4 ms at 49.0s (Bodies: 469)
⚡ PHYSICS SPIKE #443: 11.4 ms at 49.0s (Bodies: 469)
⚡ FRAME SPIKE #1224: 50.0 ms at 49.0s (Draw: 4690, Bodies: 469)
⚡ PHYSICS SPIKE #444: 11.4 ms at 49.0s (Bodies: 469)
⚡ PHYSICS SPIKE #445: 11.4 ms at 49.0s (Bodies: 469)
⚡ PHYSICS SPIKE #446: 11.4 ms at 49.0s (Bodies: 469)
⚡ FRAME SPIKE #1225: 50.0 ms at 49.0s (Draw: 4690, Bodies: 469)
⚡ PHYSICS SPIKE #447: 11.4 ms at 49.1s (Bodies: 469)
⚡ PHYSICS SPIKE #448: 11.4 ms at 49.1s (Bodies: 469)
⚡ PHYSICS SPIKE #449: 11.4 ms at 49.1s (Bodies: 469)
⚡ FRAME SPIKE #1226: 50.0 ms at 49.1s (Draw: 4690, Bodies: 469)
⚡ PHYSICS SPIKE #450: 11.4 ms at 49.1s (Bodies: 469)
⚡ PHYSICS SPIKE #451: 11.4 ms at 49.1s (Bodies: 469)
⚡ PHYSICS SPIKE #452: 11.4 ms at 49.1s (Bodies: 469)
⚡ FRAME SPIKE #1227: 50.0 ms at 49.1s (Draw: 4685, Bodies: 469)
⚡ PHYSICS SPIKE #453: 11.4 ms at 49.2s (Bodies: 469)
⚡ PHYSICS SPIKE #454: 11.4 ms at 49.2s (Bodies: 469)
⚡ PHYSICS SPIKE #455: 11.4 ms at 49.2s (Bodies: 469)
⚡ FRAME SPIKE #1228: 50.0 ms at 49.2s (Draw: 4690, Bodies: 469)

=== PERFORMANCE METRICS ===
FPS: 21 | Frame: 50.9 ms (max 102.6) | Physics: 16.7 ms (max 38.7)
Godot Process: 21.96 ms | Physics: 11.38 ms
Objects: 71762 | Nodes: 30758 | Resources: 539
Draw calls: 4690 | Vertices: 4340505 | VRAM: 798.2 MB
Physics bodies: 469 | Collision pairs: 6491
--- System Times ---
  road_batch_finalize_total_-1,-1: 22.34 ms (max 22.34)
  road_batch_finalize_total_-1,-2: 29.81 ms (max 29.81)
  road_batch_finalize_total_-1,-3: 20.96 ms (max 20.96)
  road_batch_finalize_total_-1,-4: 9.46 ms (max 9.46)
  road_batch_finalize_total_-1,-5: 7.95 ms (max 7.95)
  road_batch_finalize_total_-1,0: 18.24 ms (max 18.24)
  road_batch_finalize_total_-2,-1: 20.68 ms (max 20.68)
  road_batch_finalize_total_-2,-2: 32.34 ms (max 32.34)
  road_batch_finalize_total_-2,-3: 8.30 ms (max 8.30)
  road_batch_finalize_total_-2,-4: 8.44 ms (max 8.56)
  road_batch_finalize_total_-2,0: 5.37 ms (max 5.37)
  road_batch_finalize_total_0,-1: 35.09 ms (max 35.09)
  road_batch_finalize_total_0,-2: 29.80 ms (max 29.80)
  road_batch_finalize_total_0,-3: 29.24 ms (max 29.24)
  road_batch_finalize_total_0,-4: 13.09 ms (max 13.09)
  road_batch_finalize_total_0,-5: 8.05 ms (max 8.05)
  road_batch_finalize_total_0,0: 29.69 ms (max 29.69)
  road_batch_finalize_total_0,1: 12.21 ms (max 12.21)
  road_batch_finalize_total_1,-1: 29.07 ms (max 29.07)
  road_batch_finalize_total_1,-2: 10.23 ms (max 10.23)
  road_batch_finalize_total_1,-3: 7.96 ms (max 7.96)
  road_batch_finalize_total_1,-4: 18.41 ms (max 18.41)
  road_batch_finalize_total_1,0: 15.00 ms (max 15.00)
  road_batch_finalize_total_2,-3: 6.95 ms (max 6.95)
  road_collision_create_-1,-1: 7.22 ms (max 15.43)
  road_collision_create_-1,-2: 14.62 ms (max 26.24)
  road_collision_create_-1,-3: 6.73 ms (max 15.91)
  road_collision_create_-1,-4: 4.45 ms (max 5.46)
  road_collision_create_-1,-5: 3.57 ms (max 3.91)
  road_collision_create_-1,0: 8.88 ms (max 15.62)
  road_collision_create_-2,-1: 6.68 ms (max 13.96)
  road_collision_create_-2,-2: 15.89 ms (max 29.95)
  road_collision_create_-2,-3: 2.46 ms (max 3.96)
  road_collision_create_-2,-4: 3.85 ms (max 5.34)
  road_collision_create_-2,0: 2.48 ms (max 2.88)
  road_collision_create_0,-1: 11.46 ms (max 29.03)
  road_collision_create_0,-2: 9.66 ms (max 22.30)
  road_collision_create_0,-3: 9.37 ms (max 22.06)
  road_collision_create_0,-4: 4.12 ms (max 9.18)
  road_collision_create_0,-5: 3.65 ms (max 3.93)
  road_collision_create_0,0: 9.68 ms (max 26.15)
  road_collision_create_0,1: 11.95 ms (max 11.95)
  road_collision_create_1,-1: 9.46 ms (max 24.83)
  road_collision_create_1,-2: 4.84 ms (max 7.28)
  road_collision_create_1,-3: 2.41 ms (max 3.36)
  road_collision_create_1,-4: 5.80 ms (max 11.85)
  road_collision_create_1,0: 14.60 ms (max 14.60)
  road_collision_create_2,-3: 3.07 ms (max 3.92)
===========================

=== PERFORMANCE METRICS ===
FPS: 21 | Frame: 50.9 ms (max 102.6) | Physics: 16.7 ms (max 38.8)
Godot Process: 21.96 ms | Physics: 11.38 ms
Objects: 71762 | Nodes: 30758 | Resources: 539
Draw calls: 4690 | Vertices: 4340505 | VRAM: 798.2 MB
Physics bodies: 469 | Collision pairs: 6491
===========================
⚡ PHYSICS SPIKE #456: 11.4 ms at 49.2s (Bodies: 469)
⚡ PHYSICS SPIKE #457: 11.4 ms at 49.2s (Bodies: 469)
⚡ PHYSICS SPIKE #458: 11.4 ms at 49.2s (Bodies: 469)
⚡ FRAME SPIKE #1229: 50.3 ms at 49.2s (Draw: 4690, Bodies: 469)
⚡ PHYSICS SPIKE #459: 11.4 ms at 49.3s (Bodies: 469)
⚡ PHYSICS SPIKE #460: 11.4 ms at 49.3s (Bodies: 469)
⚡ PHYSICS SPIKE #461: 11.4 ms at 49.3s (Bodies: 469)
⚡ FRAME SPIKE #1230: 50.3 ms at 49.3s (Draw: 4690, Bodies: 469)
⚡ PHYSICS SPIKE #462: 11.4 ms at 49.3s (Bodies: 469)
⚡ PHYSICS SPIKE #463: 11.4 ms at 49.3s (Bodies: 470)
⚡ PHYSICS SPIKE #464: 11.4 ms at 49.3s (Bodies: 470)
⚡ FRAME SPIKE #1231: 52.6 ms at 49.3s (Draw: 4688, Bodies: 470)
⚡ PHYSICS SPIKE #465: 11.4 ms at 49.4s (Bodies: 470)
⚡ PHYSICS SPIKE #466: 11.4 ms at 49.4s (Bodies: 470)
⚡ PHYSICS SPIKE #467: 11.4 ms at 49.4s (Bodies: 470)
⚡ FRAME SPIKE #1232: 51.4 ms at 49.4s (Draw: 4688, Bodies: 470)
⚡ PHYSICS SPIKE #468: 11.4 ms at 49.4s (Bodies: 470)
⚡ PHYSICS SPIKE #469: 11.4 ms at 49.4s (Bodies: 470)
⚡ PHYSICS SPIKE #470: 11.4 ms at 49.4s (Bodies: 470)
⚡ FRAME SPIKE #1233: 50.9 ms at 49.4s (Draw: 4688, Bodies: 470)
⚡ PHYSICS SPIKE #471: 11.4 ms at 49.5s (Bodies: 470)
⚡ PHYSICS SPIKE #472: 11.4 ms at 49.5s (Bodies: 470)
⚡ PHYSICS SPIKE #473: 11.4 ms at 49.5s (Bodies: 470)
⚡ FRAME SPIKE #1234: 50.7 ms at 49.5s (Draw: 4688, Bodies: 470)
⚡ PHYSICS SPIKE #474: 11.4 ms at 49.5s (Bodies: 470)
⚡ PHYSICS SPIKE #475: 11.4 ms at 49.5s (Bodies: 470)
⚡ PHYSICS SPIKE #476: 11.4 ms at 49.5s (Bodies: 470)
⚡ PHYSICS SPIKE #477: 11.4 ms at 49.5s (Bodies: 470)
⚡ FRAME SPIKE #1235: 51.4 ms at 49.5s (Draw: 4688, Bodies: 470)
⚡ PHYSICS SPIKE #478: 11.4 ms at 49.6s (Bodies: 470)
⚡ PHYSICS SPIKE #479: 11.4 ms at 49.6s (Bodies: 470)
⚡ PHYSICS SPIKE #480: 11.4 ms at 49.6s (Bodies: 470)
⚡ FRAME SPIKE #1236: 59.6 ms at 49.6s (Draw: 4688, Bodies: 470)
⚡ PHYSICS SPIKE #481: 11.0 ms at 49.6s (Bodies: 470)
⚡ PHYSICS SPIKE #482: 11.0 ms at 49.6s (Bodies: 470)
⚡ PHYSICS SPIKE #483: 11.0 ms at 49.6s (Bodies: 470)
⚡ FRAME SPIKE #1237: 51.5 ms at 49.6s (Draw: 4688, Bodies: 470)
⚡ PHYSICS SPIKE #484: 11.0 ms at 49.7s (Bodies: 470)
⚡ PHYSICS SPIKE #485: 11.0 ms at 49.7s (Bodies: 470)
⚡ PHYSICS SPIKE #486: 11.0 ms at 49.7s (Bodies: 470)
⚡ FRAME SPIKE #1238: 51.4 ms at 49.7s (Draw: 4688, Bodies: 470)
⚡ PHYSICS SPIKE #487: 11.0 ms at 49.7s (Bodies: 470)
⚡ PHYSICS SPIKE #488: 11.0 ms at 49.7s (Bodies: 470)
⚡ PHYSICS SPIKE #489: 11.0 ms at 49.7s (Bodies: 470)
⚡ FRAME SPIKE #1239: 51.4 ms at 49.7s (Draw: 4688, Bodies: 470)
⚡ PHYSICS SPIKE #490: 11.0 ms at 49.8s (Bodies: 470)
⚡ PHYSICS SPIKE #491: 11.0 ms at 49.8s (Bodies: 470)
⚡ PHYSICS SPIKE #492: 11.0 ms at 49.8s (Bodies: 470)
⚡ FRAME SPIKE #1240: 51.4 ms at 49.8s (Draw: 4688, Bodies: 470)
⚡ PHYSICS SPIKE #493: 11.0 ms at 49.8s (Bodies: 470)
⚡ PHYSICS SPIKE #494: 11.0 ms at 49.8s (Bodies: 470)
⚡ PHYSICS SPIKE #495: 11.0 ms at 49.8s (Bodies: 470)
⚡ PHYSICS SPIKE #496: 11.0 ms at 49.8s (Bodies: 470)
⚡ FRAME SPIKE #1241: 50.4 ms at 49.8s (Draw: 4688, Bodies: 470)
⚡ PHYSICS SPIKE #497: 11.0 ms at 49.9s (Bodies: 470)
⚡ PHYSICS SPIKE #498: 11.0 ms at 49.9s (Bodies: 470)
⚡ PHYSICS SPIKE #499: 11.0 ms at 49.9s (Bodies: 470)
⚡ FRAME SPIKE #1242: 57.8 ms at 49.9s (Draw: 4688, Bodies: 470)
⚡ PHYSICS SPIKE #500: 11.0 ms at 49.9s (Bodies: 470)
⚡ PHYSICS SPIKE #501: 11.0 ms at 49.9s (Bodies: 470)
⚡ PHYSICS SPIKE #502: 11.0 ms at 49.9s (Bodies: 470)
⚡ FRAME SPIKE #1243: 51.4 ms at 49.9s (Draw: 4688, Bodies: 470)
⚡ PHYSICS SPIKE #503: 11.0 ms at 50.0s (Bodies: 470)
⚡ PHYSICS SPIKE #504: 11.0 ms at 50.0s (Bodies: 470)
⚡ PHYSICS SPIKE #505: 11.0 ms at 50.0s (Bodies: 470)
⚡ FRAME SPIKE #1244: 51.4 ms at 50.0s (Draw: 4688, Bodies: 470)
⚡ PHYSICS SPIKE #506: 11.0 ms at 50.0s (Bodies: 470)
⚡ PHYSICS SPIKE #507: 11.0 ms at 50.0s (Bodies: 470)
⚡ PHYSICS SPIKE #508: 11.0 ms at 50.0s (Bodies: 470)
⚡ FRAME SPIKE #1245: 51.4 ms at 50.0s (Draw: 4688, Bodies: 470)
⚡ PHYSICS SPIKE #509: 11.0 ms at 50.1s (Bodies: 470)
⚡ PHYSICS SPIKE #510: 11.0 ms at 50.1s (Bodies: 470)
⚡ PHYSICS SPIKE #511: 11.0 ms at 50.1s (Bodies: 470)
⚡ FRAME SPIKE #1246: 51.4 ms at 50.1s (Draw: 4688, Bodies: 470)
⚡ PHYSICS SPIKE #512: 11.0 ms at 50.1s (Bodies: 470)
⚡ PHYSICS SPIKE #513: 11.0 ms at 50.1s (Bodies: 470)
⚡ PHYSICS SPIKE #514: 11.0 ms at 50.1s (Bodies: 470)
⚡ PHYSICS SPIKE #515: 11.0 ms at 50.1s (Bodies: 470)
⚡ FRAME SPIKE #1247: 53.3 ms at 50.1s (Draw: 4688, Bodies: 470)
⚡ PHYSICS SPIKE #516: 11.0 ms at 50.2s (Bodies: 470)
⚡ PHYSICS SPIKE #517: 11.0 ms at 50.2s (Bodies: 470)
⚡ PHYSICS SPIKE #518: 11.0 ms at 50.2s (Bodies: 470)
⚡ FRAME SPIKE #1248: 51.4 ms at 50.2s (Draw: 4688, Bodies: 470)
⚡ PHYSICS SPIKE #519: 11.0 ms at 50.3s (Bodies: 470)
⚡ PHYSICS SPIKE #520: 11.0 ms at 50.3s (Bodies: 470)
⚡ PHYSICS SPIKE #521: 11.0 ms at 50.3s (Bodies: 470)
⚡ FRAME SPIKE #1249: 51.4 ms at 50.3s (Draw: 4688, Bodies: 469)
⚡ PHYSICS SPIKE #522: 11.0 ms at 50.3s (Bodies: 469)
⚡ PHYSICS SPIKE #523: 11.0 ms at 50.3s (Bodies: 469)
⚡ PHYSICS SPIKE #524: 11.0 ms at 50.3s (Bodies: 469)
⚡ FRAME SPIKE #1250: 51.4 ms at 50.3s (Draw: 4688, Bodies: 469)
⚡ PHYSICS SPIKE #525: 11.0 ms at 50.4s (Bodies: 469)
⚡ PHYSICS SPIKE #526: 11.0 ms at 50.4s (Bodies: 469)
⚡ PHYSICS SPIKE #527: 11.0 ms at 50.4s (Bodies: 469)
⚡ FRAME SPIKE #1251: 51.4 ms at 50.4s (Draw: 4688, Bodies: 469)
⚡ PHYSICS SPIKE #528: 11.0 ms at 50.4s (Bodies: 469)
⚡ PHYSICS SPIKE #529: 11.0 ms at 50.4s (Bodies: 469)
⚡ PHYSICS SPIKE #530: 11.0 ms at 50.4s (Bodies: 469)
⚡ FRAME SPIKE #1252: 51.4 ms at 50.4s (Draw: 4688, Bodies: 469)
⚡ PHYSICS SPIKE #531: 11.0 ms at 50.5s (Bodies: 469)
⚡ PHYSICS SPIKE #532: 11.0 ms at 50.5s (Bodies: 469)
⚡ PHYSICS SPIKE #533: 11.0 ms at 50.5s (Bodies: 469)
⚡ FRAME SPIKE #1253: 51.4 ms at 50.5s (Draw: 4688, Bodies: 469)
⚡ PHYSICS SPIKE #534: 11.0 ms at 50.5s (Bodies: 469)
⚡ PHYSICS SPIKE #535: 11.0 ms at 50.5s (Bodies: 469)
⚡ PHYSICS SPIKE #536: 11.0 ms at 50.5s (Bodies: 469)
⚡ FRAME SPIKE #1254: 50.0 ms at 50.5s (Draw: 4685, Bodies: 469)
⚡ PHYSICS SPIKE #537: 11.0 ms at 50.6s (Bodies: 469)
⚡ PHYSICS SPIKE #538: 11.0 ms at 50.6s (Bodies: 469)
⚡ PHYSICS SPIKE #539: 11.0 ms at 50.6s (Bodies: 469)
⚡ FRAME SPIKE #1255: 50.0 ms at 50.6s (Draw: 4689, Bodies: 469)
🚗 Traffic: 24 active NPCs (Near: 8, Mid: 14, Far: 2), 10 pooled
  → Physics bodies from NPCs: 24 (All: 24×1, было бы 24×5=120)

========== Bottleneck Analysis Report ==========
Time: 61.1s | Frames: 1579

📊 PERFORMANCE OVERVIEW:
  FPS: 20.4 avg | 19.0 min
  Frame Time: 22.54 ms avg | 25.99 ms max
  Physics Time: 12.10 ms avg

🔍 BOTTLENECK IDENTIFICATION:
  🔴 [CRITICAL] Physics Time
      Value: 12.10 ms
      Impact: Physics simulation overhead
      Suggestions:
        • Reduce number of active physics bodies
        • Simplify collision shapes
        • Disable physics for distant objects

  🟠 [HIGH] Frame Time
      Value: 22.54 ms (target: 16.67 ms)
      Impact: Overall performance bottleneck
      Suggestions:
        • Reduce draw calls
        • Optimize scripts in _process()
        • Check for expensive operations per frame

  🟠 [HIGH] Draw Calls
      Value: 4687 calls/frame
      Impact: GPU rendering overhead
      Suggestions:
        • Batch meshes by material
        • Use MultiMeshInstance3D
        • Implement LOD system
        • Enable frustum culling

  🟠 [HIGH] Physics Bodies
      Value: 467 active bodies
      Impact: Physics engine load
      Suggestions:
        • Reduce NPC count
        • Convert distant NPCs to kinematic
        • Disable physics for far objects

  🟡 [MEDIUM] Vertex Count
      Value: 4340262 vertices/frame
      Impact: GPU vertex processing
      Suggestions:
        • Implement LOD for distant objects
        • Simplify building meshes
        • Use lower poly models

  🟡 [MEDIUM] Node Count
      Value: 30758 nodes
      Impact: Scene tree traversal overhead
      Suggestions:
        • Unload distant chunks
        • Pool and reuse nodes
        • Flatten hierarchy where possible

  🟡 [MEDIUM] Post-Processing Effects
      Value: SSAO, Glow/Bloom, Volumetric Fog
      Impact: GPU shader overhead
      Suggestions:
        • Reduce SSR quality
        • Disable SSAO on low-end hardware
        • Use simpler fog

📈 DETAILED STATS:
  Draw Calls: 4687 avg | 4690 max
  Vertices: 4340262 avg | 4340509 max
  Physics Bodies: 467
  Nodes: 30758
  VRAM: 798.2 MB

=================================================

⚡ PHYSICS SPIKE #540: 11.0 ms at 50.6s (Bodies: 469)
⚡ PHYSICS SPIKE #541: 11.0 ms at 50.6s (Bodies: 469)
⚡ PHYSICS SPIKE #542: 11.0 ms at 50.6s (Bodies: 469)
⚡ FRAME SPIKE #1256: 50.0 ms at 50.6s (Draw: 4689, Bodies: 469)
⚡ PHYSICS SPIKE #543: 11.0 ms at 50.7s (Bodies: 469)
⚡ PHYSICS SPIKE #544: 11.0 ms at 50.7s (Bodies: 469)
⚡ PHYSICS SPIKE #545: 11.0 ms at 50.7s (Bodies: 469)
⚡ FRAME SPIKE #1257: 50.0 ms at 50.7s (Draw: 4688, Bodies: 469)
⚡ PHYSICS SPIKE #546: 11.0 ms at 50.7s (Bodies: 469)
⚡ PHYSICS SPIKE #547: 11.0 ms at 50.7s (Bodies: 469)
⚡ PHYSICS SPIKE #548: 11.0 ms at 50.7s (Bodies: 469)
⚡ FRAME SPIKE #1258: 50.0 ms at 50.7s (Draw: 4688, Bodies: 469)
⚡ PHYSICS SPIKE #549: 11.0 ms at 50.8s (Bodies: 469)
⚡ PHYSICS SPIKE #550: 11.0 ms at 50.8s (Bodies: 469)
⚡ PHYSICS SPIKE #551: 11.0 ms at 50.8s (Bodies: 469)
⚡ FRAME SPIKE #1259: 50.0 ms at 50.8s (Draw: 4688, Bodies: 469)
⚡ PHYSICS SPIKE #552: 11.0 ms at 50.8s (Bodies: 469)
⚡ PHYSICS SPIKE #553: 11.0 ms at 50.8s (Bodies: 469)
⚡ PHYSICS SPIKE #554: 11.0 ms at 50.8s (Bodies: 469)
⚡ FRAME SPIKE #1260: 50.0 ms at 50.8s (Draw: 4688, Bodies: 469)
⚡ PHYSICS SPIKE #555: 11.0 ms at 50.9s (Bodies: 469)
⚡ PHYSICS SPIKE #556: 11.0 ms at 50.9s (Bodies: 469)
⚡ PHYSICS SPIKE #557: 11.0 ms at 50.9s (Bodies: 469)
⚡ FRAME SPIKE #1261: 50.0 ms at 50.9s (Draw: 4688, Bodies: 469)
⚡ PHYSICS SPIKE #558: 11.0 ms at 50.9s (Bodies: 469)
⚡ PHYSICS SPIKE #559: 11.0 ms at 50.9s (Bodies: 469)
⚡ PHYSICS SPIKE #560: 11.0 ms at 50.9s (Bodies: 469)
⚡ FRAME SPIKE #1262: 50.0 ms at 50.9s (Draw: 4688, Bodies: 469)
⚡ PHYSICS SPIKE #561: 11.0 ms at 51.0s (Bodies: 469)
⚡ PHYSICS SPIKE #562: 11.0 ms at 51.0s (Bodies: 469)
⚡ PHYSICS SPIKE #563: 11.0 ms at 51.0s (Bodies: 469)
⚡ FRAME SPIKE #1263: 50.0 ms at 51.0s (Draw: 4688, Bodies: 469)
⚡ PHYSICS SPIKE #564: 11.0 ms at 51.0s (Bodies: 469)
⚡ PHYSICS SPIKE #565: 11.0 ms at 51.0s (Bodies: 469)
⚡ PHYSICS SPIKE #566: 11.0 ms at 51.0s (Bodies: 469)
⚡ FRAME SPIKE #1264: 50.0 ms at 51.0s (Draw: 4688, Bodies: 469)
⚡ PHYSICS SPIKE #567: 11.0 ms at 51.1s (Bodies: 469)
⚡ PHYSICS SPIKE #568: 11.0 ms at 51.1s (Bodies: 469)
⚡ PHYSICS SPIKE #569: 11.0 ms at 51.1s (Bodies: 469)
⚡ FRAME SPIKE #1265: 50.0 ms at 51.1s (Draw: 4688, Bodies: 469)
⚡ PHYSICS SPIKE #570: 11.0 ms at 51.1s (Bodies: 469)
⚡ PHYSICS SPIKE #571: 11.0 ms at 51.1s (Bodies: 469)
⚡ PHYSICS SPIKE #572: 11.0 ms at 51.1s (Bodies: 469)
⚡ FRAME SPIKE #1266: 50.0 ms at 51.1s (Draw: 4688, Bodies: 469)
⚡ PHYSICS SPIKE #573: 11.0 ms at 51.2s (Bodies: 469)
⚡ PHYSICS SPIKE #574: 11.0 ms at 51.2s (Bodies: 469)
⚡ PHYSICS SPIKE #575: 11.0 ms at 51.2s (Bodies: 469)
⚡ FRAME SPIKE #1267: 50.0 ms at 51.2s (Draw: 4688, Bodies: 469)
⚡ PHYSICS SPIKE #576: 11.0 ms at 51.2s (Bodies: 469)
⚡ PHYSICS SPIKE #577: 11.0 ms at 51.2s (Bodies: 469)
⚡ PHYSICS SPIKE #578: 11.0 ms at 51.2s (Bodies: 469)
⚡ FRAME SPIKE #1268: 49.4 ms at 51.2s (Draw: 4688, Bodies: 469)
⚡ PHYSICS SPIKE #579: 11.0 ms at 51.3s (Bodies: 469)
⚡ PHYSICS SPIKE #580: 11.0 ms at 51.3s (Bodies: 469)
⚡ PHYSICS SPIKE #581: 11.0 ms at 51.3s (Bodies: 469)
⚡ FRAME SPIKE #1269: 48.8 ms at 51.3s (Draw: 4688, Bodies: 469)
⚡ PHYSICS SPIKE #582: 11.0 ms at 51.3s (Bodies: 469)
⚡ PHYSICS SPIKE #583: 11.0 ms at 51.3s (Bodies: 469)
⚡ PHYSICS SPIKE #584: 11.0 ms at 51.3s (Bodies: 469)
⚡ FRAME SPIKE #1270: 49.7 ms at 51.3s (Draw: 4688, Bodies: 469)
⚡ PHYSICS SPIKE #585: 11.0 ms at 51.4s (Bodies: 469)
⚡ PHYSICS SPIKE #586: 11.0 ms at 51.4s (Bodies: 470)
⚡ PHYSICS SPIKE #587: 11.0 ms at 51.4s (Bodies: 470)
⚡ FRAME SPIKE #1271: 50.0 ms at 51.4s (Draw: 4688, Bodies: 470)
⚡ PHYSICS SPIKE #588: 11.0 ms at 51.4s (Bodies: 470)
⚡ PHYSICS SPIKE #589: 11.0 ms at 51.4s (Bodies: 470)
⚡ PHYSICS SPIKE #590: 11.0 ms at 51.4s (Bodies: 470)
⚡ FRAME SPIKE #1272: 50.0 ms at 51.4s (Draw: 4688, Bodies: 470)
⚡ PHYSICS SPIKE #591: 11.0 ms at 51.5s (Bodies: 470)
⚡ PHYSICS SPIKE #592: 11.0 ms at 51.5s (Bodies: 470)
⚡ PHYSICS SPIKE #593: 11.0 ms at 51.5s (Bodies: 470)
⚡ FRAME SPIKE #1273: 50.0 ms at 51.5s (Draw: 4688, Bodies: 470)
⚡ PHYSICS SPIKE #594: 11.0 ms at 51.5s (Bodies: 470)
⚡ PHYSICS SPIKE #595: 11.0 ms at 51.5s (Bodies: 470)
⚡ PHYSICS SPIKE #596: 11.0 ms at 51.5s (Bodies: 470)
⚡ FRAME SPIKE #1274: 50.0 ms at 51.5s (Draw: 4688, Bodies: 470)
⚡ PHYSICS SPIKE #597: 11.0 ms at 51.6s (Bodies: 470)
⚡ PHYSICS SPIKE #598: 11.0 ms at 51.6s (Bodies: 470)
⚡ PHYSICS SPIKE #599: 11.0 ms at 51.6s (Bodies: 470)
⚡ FRAME SPIKE #1275: 50.0 ms at 51.6s (Draw: 4689, Bodies: 470)
⚡ PHYSICS SPIKE #600: 11.4 ms at 51.6s (Bodies: 470)
⚡ PHYSICS SPIKE #601: 11.4 ms at 51.6s (Bodies: 470)
⚡ PHYSICS SPIKE #602: 11.4 ms at 51.6s (Bodies: 470)
⚡ FRAME SPIKE #1276: 50.0 ms at 51.6s (Draw: 4688, Bodies: 470)
⚡ PHYSICS SPIKE #603: 11.4 ms at 51.7s (Bodies: 470)
⚡ PHYSICS SPIKE #604: 11.4 ms at 51.7s (Bodies: 470)
⚡ PHYSICS SPIKE #605: 11.4 ms at 51.7s (Bodies: 470)
⚡ FRAME SPIKE #1277: 50.0 ms at 51.7s (Draw: 4687, Bodies: 470)
⚡ PHYSICS SPIKE #606: 11.4 ms at 51.7s (Bodies: 470)
⚡ PHYSICS SPIKE #607: 11.4 ms at 51.7s (Bodies: 469)
⚡ PHYSICS SPIKE #608: 11.4 ms at 51.7s (Bodies: 469)
⚡ FRAME SPIKE #1278: 50.0 ms at 51.7s (Draw: 4688, Bodies: 469)
⚡ PHYSICS SPIKE #609: 11.4 ms at 51.8s (Bodies: 469)
⚡ PHYSICS SPIKE #610: 11.4 ms at 51.8s (Bodies: 469)
⚡ PHYSICS SPIKE #611: 11.4 ms at 51.8s (Bodies: 469)
⚡ FRAME SPIKE #1279: 50.0 ms at 51.8s (Draw: 4687, Bodies: 469)
⚡ PHYSICS SPIKE #612: 11.4 ms at 51.8s (Bodies: 469)
⚡ PHYSICS SPIKE #613: 11.4 ms at 51.8s (Bodies: 469)
⚡ PHYSICS SPIKE #614: 11.4 ms at 51.8s (Bodies: 469)
⚡ FRAME SPIKE #1280: 50.0 ms at 51.8s (Draw: 4687, Bodies: 469)
⚡ PHYSICS SPIKE #615: 11.4 ms at 51.9s (Bodies: 469)
⚡ PHYSICS SPIKE #616: 11.4 ms at 51.9s (Bodies: 469)
⚡ PHYSICS SPIKE #617: 11.4 ms at 51.9s (Bodies: 469)
⚡ FRAME SPIKE #1281: 50.0 ms at 51.9s (Draw: 4687, Bodies: 469)
⚡ PHYSICS SPIKE #618: 11.4 ms at 51.9s (Bodies: 469)
⚡ PHYSICS SPIKE #619: 11.4 ms at 51.9s (Bodies: 469)
⚡ PHYSICS SPIKE #620: 11.4 ms at 51.9s (Bodies: 469)
⚡ FRAME SPIKE #1282: 50.0 ms at 51.9s (Draw: 4685, Bodies: 469)
⚡ PHYSICS SPIKE #621: 11.4 ms at 52.0s (Bodies: 469)
⚡ PHYSICS SPIKE #622: 11.4 ms at 52.0s (Bodies: 469)
⚡ PHYSICS SPIKE #623: 11.4 ms at 52.0s (Bodies: 469)
⚡ FRAME SPIKE #1283: 50.0 ms at 52.0s (Draw: 4685, Bodies: 469)
⚡ PHYSICS SPIKE #624: 11.4 ms at 52.0s (Bodies: 469)
⚡ PHYSICS SPIKE #625: 11.4 ms at 52.0s (Bodies: 469)
⚡ PHYSICS SPIKE #626: 11.4 ms at 52.0s (Bodies: 469)
⚡ FRAME SPIKE #1284: 50.0 ms at 52.0s (Draw: 4685, Bodies: 469)
⚡ PHYSICS SPIKE #627: 11.4 ms at 52.1s (Bodies: 469)
⚡ PHYSICS SPIKE #628: 11.4 ms at 52.1s (Bodies: 469)
⚡ PHYSICS SPIKE #629: 11.4 ms at 52.1s (Bodies: 469)
⚡ FRAME SPIKE #1285: 50.0 ms at 52.1s (Draw: 4687, Bodies: 469)
⚡ PHYSICS SPIKE #630: 11.4 ms at 52.1s (Bodies: 469)
⚡ PHYSICS SPIKE #631: 11.4 ms at 52.1s (Bodies: 469)
⚡ PHYSICS SPIKE #632: 11.4 ms at 52.1s (Bodies: 469)
⚡ FRAME SPIKE #1286: 50.0 ms at 52.1s (Draw: 4687, Bodies: 469)
⚡ PHYSICS SPIKE #633: 11.4 ms at 52.2s (Bodies: 469)
⚡ PHYSICS SPIKE #634: 11.4 ms at 52.2s (Bodies: 469)
⚡ PHYSICS SPIKE #635: 11.4 ms at 52.2s (Bodies: 469)
⚡ FRAME SPIKE #1287: 50.0 ms at 52.2s (Draw: 4690, Bodies: 469)
⚡ PHYSICS SPIKE #636: 11.4 ms at 52.2s (Bodies: 469)
⚡ PHYSICS SPIKE #637: 11.4 ms at 52.2s (Bodies: 469)
⚡ PHYSICS SPIKE #638: 11.4 ms at 52.2s (Bodies: 469)
⚡ FRAME SPIKE #1288: 50.0 ms at 52.2s (Draw: 4690, Bodies: 469)
⚡ PHYSICS SPIKE #639: 11.4 ms at 52.3s (Bodies: 469)
⚡ PHYSICS SPIKE #640: 11.4 ms at 52.3s (Bodies: 469)
⚡ PHYSICS SPIKE #641: 11.4 ms at 52.3s (Bodies: 469)
⚡ FRAME SPIKE #1289: 50.0 ms at 52.3s (Draw: 4690, Bodies: 469)
⚡ PHYSICS SPIKE #642: 11.4 ms at 52.3s (Bodies: 469)
⚡ PHYSICS SPIKE #643: 11.4 ms at 52.3s (Bodies: 469)
⚡ PHYSICS SPIKE #644: 11.4 ms at 52.3s (Bodies: 469)
⚡ FRAME SPIKE #1290: 50.0 ms at 52.3s (Draw: 4690, Bodies: 469)
⚡ PHYSICS SPIKE #645: 11.4 ms at 52.4s (Bodies: 469)
⚡ PHYSICS SPIKE #646: 11.4 ms at 52.4s (Bodies: 470)
⚡ PHYSICS SPIKE #647: 11.4 ms at 52.4s (Bodies: 470)
⚡ FRAME SPIKE #1291: 51.4 ms at 52.4s (Draw: 4688, Bodies: 470)
⚡ PHYSICS SPIKE #648: 11.4 ms at 52.4s (Bodies: 470)
⚡ PHYSICS SPIKE #649: 11.4 ms at 52.4s (Bodies: 470)
⚡ PHYSICS SPIKE #650: 11.4 ms at 52.4s (Bodies: 470)
⚡ FRAME SPIKE #1292: 50.0 ms at 52.4s (Draw: 4688, Bodies: 470)
⚡ PHYSICS SPIKE #651: 11.4 ms at 52.5s (Bodies: 470)
⚡ PHYSICS SPIKE #652: 11.4 ms at 52.5s (Bodies: 470)
⚡ PHYSICS SPIKE #653: 11.4 ms at 52.5s (Bodies: 470)
⚡ FRAME SPIKE #1293: 51.0 ms at 52.5s (Draw: 4689, Bodies: 470)
⚡ PHYSICS SPIKE #654: 11.4 ms at 52.5s (Bodies: 470)
⚡ PHYSICS SPIKE #655: 11.4 ms at 52.5s (Bodies: 470)
⚡ PHYSICS SPIKE #656: 11.4 ms at 52.5s (Bodies: 470)
⚡ FRAME SPIKE #1294: 50.0 ms at 52.5s (Draw: 4688, Bodies: 470)
⚡ PHYSICS SPIKE #657: 11.4 ms at 52.6s (Bodies: 470)
⚡ PHYSICS SPIKE #658: 11.4 ms at 52.6s (Bodies: 470)
⚡ PHYSICS SPIKE #659: 11.4 ms at 52.6s (Bodies: 470)
⚡ FRAME SPIKE #1295: 50.0 ms at 52.6s (Draw: 4687, Bodies: 470)
🚗 Traffic: 25 active NPCs (Near: 10, Mid: 12, Far: 3), 9 pooled
  → Physics bodies from NPCs: 25 (All: 25×1, было бы 25×5=125)

========== Bottleneck Analysis Report ==========
Time: 63.1s | Frames: 1619

📊 PERFORMANCE OVERVIEW:
  FPS: 20.4 avg | 19.0 min
  Frame Time: 21.50 ms avg | 22.15 ms max
  Physics Time: 11.00 ms avg

🔍 BOTTLENECK IDENTIFICATION:
  🔴 [CRITICAL] Physics Time
      Value: 11.00 ms
      Impact: Physics simulation overhead
      Suggestions:
        • Reduce number of active physics bodies
        • Simplify collision shapes
        • Disable physics for distant objects

  🟠 [HIGH] Frame Time
      Value: 21.50 ms (target: 16.67 ms)
      Impact: Overall performance bottleneck
      Suggestions:
        • Reduce draw calls
        • Optimize scripts in _process()
        • Check for expensive operations per frame

  🟠 [HIGH] Draw Calls
      Value: 4687 calls/frame
      Impact: GPU rendering overhead
      Suggestions:
        • Batch meshes by material
        • Use MultiMeshInstance3D
        • Implement LOD system
        • Enable frustum culling

  🟠 [HIGH] Physics Bodies
      Value: 468 active bodies
      Impact: Physics engine load
      Suggestions:
        • Reduce NPC count
        • Convert distant NPCs to kinematic
        • Disable physics for far objects

  🟡 [MEDIUM] Vertex Count
      Value: 4340249 vertices/frame
      Impact: GPU vertex processing
      Suggestions:
        • Implement LOD for distant objects
        • Simplify building meshes
        • Use lower poly models

  🟡 [MEDIUM] Node Count
      Value: 30758 nodes
      Impact: Scene tree traversal overhead
      Suggestions:
        • Unload distant chunks
        • Pool and reuse nodes
        • Flatten hierarchy where possible

  🟡 [MEDIUM] Post-Processing Effects
      Value: SSAO, Glow/Bloom, Volumetric Fog
      Impact: GPU shader overhead
      Suggestions:
        • Reduce SSR quality
        • Disable SSAO on low-end hardware
        • Use simpler fog

📈 DETAILED STATS:
  Draw Calls: 4687 avg | 4690 max
  Vertices: 4340249 avg | 4340517 max
  Physics Bodies: 468
  Nodes: 30758
  VRAM: 798.2 MB

=================================================

⚡ PHYSICS SPIKE #660: 11.6 ms at 52.6s (Bodies: 470)
⚡ PHYSICS SPIKE #661: 11.6 ms at 52.6s (Bodies: 470)
⚡ PHYSICS SPIKE #662: 11.6 ms at 52.6s (Bodies: 470)
⚡ FRAME SPIKE #1296: 51.4 ms at 52.6s (Draw: 4688, Bodies: 470)
⚡ PHYSICS SPIKE #663: 11.6 ms at 52.7s (Bodies: 470)
⚡ PHYSICS SPIKE #664: 11.6 ms at 52.7s (Bodies: 470)
⚡ PHYSICS SPIKE #665: 11.6 ms at 52.7s (Bodies: 470)
⚡ FRAME SPIKE #1297: 50.7 ms at 52.7s (Draw: 4688, Bodies: 470)
⚡ PHYSICS SPIKE #666: 11.6 ms at 52.7s (Bodies: 470)
⚡ PHYSICS SPIKE #667: 11.6 ms at 52.7s (Bodies: 470)
⚡ PHYSICS SPIKE #668: 11.6 ms at 52.7s (Bodies: 470)
⚡ FRAME SPIKE #1298: 50.0 ms at 52.7s (Draw: 4688, Bodies: 470)
⚡ PHYSICS SPIKE #669: 11.6 ms at 52.8s (Bodies: 470)
⚡ PHYSICS SPIKE #670: 11.6 ms at 52.8s (Bodies: 470)
⚡ PHYSICS SPIKE #671: 11.6 ms at 52.8s (Bodies: 470)
⚡ FRAME SPIKE #1299: 50.0 ms at 52.8s (Draw: 4688, Bodies: 470)
⚡ PHYSICS SPIKE #672: 11.6 ms at 52.8s (Bodies: 470)
⚡ PHYSICS SPIKE #673: 11.6 ms at 52.8s (Bodies: 470)
⚡ PHYSICS SPIKE #674: 11.6 ms at 52.8s (Bodies: 470)
⚡ FRAME SPIKE #1300: 50.0 ms at 52.8s (Draw: 4688, Bodies: 470)
⚡ PHYSICS SPIKE #675: 11.6 ms at 52.9s (Bodies: 470)
⚡ PHYSICS SPIKE #676: 11.6 ms at 52.9s (Bodies: 470)
⚡ PHYSICS SPIKE #677: 11.6 ms at 52.9s (Bodies: 470)
⚡ FRAME SPIKE #1301: 50.0 ms at 52.9s (Draw: 4688, Bodies: 470)
⚡ PHYSICS SPIKE #678: 11.6 ms at 52.9s (Bodies: 470)
⚡ PHYSICS SPIKE #679: 11.6 ms at 52.9s (Bodies: 470)
⚡ PHYSICS SPIKE #680: 11.6 ms at 52.9s (Bodies: 470)
⚡ FRAME SPIKE #1302: 50.0 ms at 52.9s (Draw: 4688, Bodies: 470)
⚡ PHYSICS SPIKE #681: 11.6 ms at 53.0s (Bodies: 470)
⚡ PHYSICS SPIKE #682: 11.6 ms at 53.0s (Bodies: 470)
⚡ PHYSICS SPIKE #683: 11.6 ms at 53.0s (Bodies: 470)
⚡ FRAME SPIKE #1303: 50.0 ms at 53.0s (Draw: 4687, Bodies: 470)
⚡ PHYSICS SPIKE #684: 11.6 ms at 53.0s (Bodies: 470)
⚡ PHYSICS SPIKE #685: 11.6 ms at 53.0s (Bodies: 470)
⚡ PHYSICS SPIKE #686: 11.6 ms at 53.0s (Bodies: 470)
⚡ FRAME SPIKE #1304: 50.0 ms at 53.0s (Draw: 4688, Bodies: 470)
⚡ PHYSICS SPIKE #687: 11.6 ms at 53.1s (Bodies: 470)
⚡ PHYSICS SPIKE #688: 11.6 ms at 53.1s (Bodies: 470)
⚡ PHYSICS SPIKE #689: 11.6 ms at 53.1s (Bodies: 470)
⚡ FRAME SPIKE #1305: 50.0 ms at 53.1s (Draw: 4687, Bodies: 470)
⚡ PHYSICS SPIKE #690: 11.6 ms at 53.1s (Bodies: 470)
⚡ PHYSICS SPIKE #691: 11.6 ms at 53.1s (Bodies: 469)
⚡ PHYSICS SPIKE #692: 11.6 ms at 53.1s (Bodies: 469)
⚡ FRAME SPIKE #1306: 50.0 ms at 53.1s (Draw: 4688, Bodies: 469)
⚡ PHYSICS SPIKE #693: 11.6 ms at 53.2s (Bodies: 469)
⚡ PHYSICS SPIKE #694: 11.6 ms at 53.2s (Bodies: 469)
⚡ PHYSICS SPIKE #695: 11.6 ms at 53.2s (Bodies: 469)
⚡ FRAME SPIKE #1307: 50.0 ms at 53.2s (Draw: 4685, Bodies: 469)
⚡ PHYSICS SPIKE #696: 11.6 ms at 53.2s (Bodies: 469)
⚡ PHYSICS SPIKE #697: 11.6 ms at 53.2s (Bodies: 469)
⚡ PHYSICS SPIKE #698: 11.6 ms at 53.2s (Bodies: 469)
⚡ FRAME SPIKE #1308: 50.0 ms at 53.2s (Draw: 4688, Bodies: 469)
⚡ PHYSICS SPIKE #699: 11.6 ms at 53.3s (Bodies: 469)
⚡ PHYSICS SPIKE #700: 11.6 ms at 53.3s (Bodies: 469)
⚡ PHYSICS SPIKE #701: 11.6 ms at 53.3s (Bodies: 469)
⚡ FRAME SPIKE #1309: 50.0 ms at 53.3s (Draw: 4685, Bodies: 469)
⚡ PHYSICS SPIKE #702: 11.6 ms at 53.3s (Bodies: 469)
⚡ PHYSICS SPIKE #703: 11.6 ms at 53.3s (Bodies: 469)
⚡ PHYSICS SPIKE #704: 11.6 ms at 53.3s (Bodies: 469)
⚡ FRAME SPIKE #1310: 50.0 ms at 53.3s (Draw: 4688, Bodies: 469)
⚡ PHYSICS SPIKE #705: 11.6 ms at 53.4s (Bodies: 469)
⚡ PHYSICS SPIKE #706: 11.6 ms at 53.4s (Bodies: 470)
⚡ PHYSICS SPIKE #707: 11.6 ms at 53.4s (Bodies: 470)
⚡ FRAME SPIKE #1311: 50.0 ms at 53.4s (Draw: 4948, Bodies: 470)
⚡ PHYSICS SPIKE #708: 11.6 ms at 53.4s (Bodies: 470)
⚡ PHYSICS SPIKE #709: 11.6 ms at 53.4s (Bodies: 470)
⚡ PHYSICS SPIKE #710: 11.6 ms at 53.4s (Bodies: 470)
⚡ FRAME SPIKE #1312: 50.0 ms at 53.4s (Draw: 4950, Bodies: 470)
⚡ PHYSICS SPIKE #711: 11.6 ms at 53.5s (Bodies: 470)
⚡ PHYSICS SPIKE #712: 11.6 ms at 53.5s (Bodies: 470)
⚡ PHYSICS SPIKE #713: 11.6 ms at 53.5s (Bodies: 470)
⚡ FRAME SPIKE #1313: 50.0 ms at 53.5s (Draw: 4950, Bodies: 470)
⚡ PHYSICS SPIKE #714: 11.6 ms at 53.5s (Bodies: 470)
⚡ PHYSICS SPIKE #715: 11.6 ms at 53.5s (Bodies: 470)
⚡ PHYSICS SPIKE #716: 11.6 ms at 53.5s (Bodies: 470)
⚡ FRAME SPIKE #1314: 50.0 ms at 53.5s (Draw: 4950, Bodies: 470)
⚡ PHYSICS SPIKE #717: 11.6 ms at 53.6s (Bodies: 470)
⚡ PHYSICS SPIKE #718: 11.6 ms at 53.6s (Bodies: 470)
⚡ PHYSICS SPIKE #719: 11.6 ms at 53.6s (Bodies: 470)
⚡ FRAME SPIKE #1315: 50.0 ms at 53.6s (Draw: 4950, Bodies: 470)
⚡ PHYSICS SPIKE #720: 11.8 ms at 53.6s (Bodies: 470)
⚡ PHYSICS SPIKE #721: 11.8 ms at 53.6s (Bodies: 470)
⚡ PHYSICS SPIKE #722: 11.8 ms at 53.6s (Bodies: 470)
⚡ FRAME SPIKE #1316: 50.0 ms at 53.6s (Draw: 4950, Bodies: 470)
⚡ PHYSICS SPIKE #723: 11.8 ms at 53.7s (Bodies: 470)
⚡ PHYSICS SPIKE #724: 11.8 ms at 53.7s (Bodies: 470)
⚡ PHYSICS SPIKE #725: 11.8 ms at 53.7s (Bodies: 470)
⚡ FRAME SPIKE #1317: 50.4 ms at 53.7s (Draw: 4948, Bodies: 470)
⚡ PHYSICS SPIKE #726: 11.8 ms at 53.7s (Bodies: 470)
⚡ PHYSICS SPIKE #727: 11.8 ms at 53.7s (Bodies: 470)
⚡ PHYSICS SPIKE #728: 11.8 ms at 53.7s (Bodies: 470)
⚡ FRAME SPIKE #1318: 51.0 ms at 53.7s (Draw: 4950, Bodies: 470)
⚡ PHYSICS SPIKE #729: 11.8 ms at 53.8s (Bodies: 470)
⚡ PHYSICS SPIKE #730: 11.8 ms at 53.8s (Bodies: 470)
⚡ PHYSICS SPIKE #731: 11.8 ms at 53.8s (Bodies: 470)
⚡ FRAME SPIKE #1319: 51.1 ms at 53.8s (Draw: 4948, Bodies: 470)
⚡ PHYSICS SPIKE #732: 11.8 ms at 53.8s (Bodies: 470)
⚡ PHYSICS SPIKE #733: 11.8 ms at 53.8s (Bodies: 470)
⚡ PHYSICS SPIKE #734: 11.8 ms at 53.8s (Bodies: 470)
⚡ FRAME SPIKE #1320: 50.9 ms at 53.8s (Draw: 4950, Bodies: 470)
⚡ PHYSICS SPIKE #735: 11.8 ms at 53.9s (Bodies: 470)
⚡ PHYSICS SPIKE #736: 11.8 ms at 53.9s (Bodies: 470)
⚡ PHYSICS SPIKE #737: 11.8 ms at 53.9s (Bodies: 470)
⚡ FRAME SPIKE #1321: 50.7 ms at 53.9s (Draw: 4950, Bodies: 470)
⚡ PHYSICS SPIKE #738: 11.8 ms at 53.9s (Bodies: 470)
⚡ PHYSICS SPIKE #739: 11.8 ms at 53.9s (Bodies: 470)
⚡ PHYSICS SPIKE #740: 11.8 ms at 53.9s (Bodies: 470)
⚡ PHYSICS SPIKE #741: 11.8 ms at 53.9s (Bodies: 470)
⚡ FRAME SPIKE #1322: 51.9 ms at 53.9s (Draw: 4950, Bodies: 470)
⚡ PHYSICS SPIKE #742: 11.8 ms at 54.0s (Bodies: 470)
⚡ PHYSICS SPIKE #743: 11.8 ms at 54.0s (Bodies: 470)
⚡ PHYSICS SPIKE #744: 11.8 ms at 54.0s (Bodies: 470)
⚡ FRAME SPIKE #1323: 56.0 ms at 54.0s (Draw: 4950, Bodies: 470)
