WorkerThreadPool: 10 threads, 3 max low-priority.
Godot Engine v4.5.1.stable.official.f62fdbde1 - https://godotengine.org
TextServer: Added interface "Dummy"
TextServer: Added interface "ICU / HarfBuzz / Graphite (Built-in)"
Unrecognized output string "misc2" in mapping:
030000007e0500006920000001010000,Nintendo Switch 2 Pro Controller,a:b0,b:b1,back:b14,dpdown:b8,dpleft:b10,dpright:b9,dpup:b11,guide:b16,leftshoulder:b12,leftstick:b15,lefttrigger:b13,leftx:a0,lefty:a1~,misc1:b17,misc2:b20,paddle1:b18,paddle2:b19,rightshoulder:b4,rightstick:b7,righttrigger:b5,rightx:a2,righty:a3~,start:b6,x:b2,y:b3,platform:Mac OS X,
SDL: Init OK!
[mvk-info] MoltenVK version 1.2.9, supporting Vulkan version 1.2.283.
	The following 110 Vulkan extensions are supported:
		VK_KHR_16bit_storage v1
		VK_KHR_8bit_storage v1
		VK_KHR_bind_memory2 v1
		VK_KHR_buffer_device_address v1
		VK_KHR_calibrated_timestamps v1
		VK_KHR_copy_commands2 v1
		VK_KHR_create_renderpass2 v1
		VK_KHR_dedicated_allocation v3
		VK_KHR_deferred_host_operations v4
		VK_KHR_depth_stencil_resolve v1
		VK_KHR_descriptor_update_template v1
		VK_KHR_device_group v4
		VK_KHR_device_group_creation v1
		VK_KHR_driver_properties v1
		VK_KHR_dynamic_rendering v1
		VK_KHR_external_fence v1
		VK_KHR_external_fence_capabilities v1
		VK_KHR_external_memory v1
		VK_KHR_external_memory_capabilities v1
		VK_KHR_external_semaphore v1
		VK_KHR_external_semaphore_capabilities v1
		VK_KHR_fragment_shader_barycentric v1
		VK_KHR_format_feature_flags2 v2
		VK_KHR_get_memory_requirements2 v1
		VK_KHR_get_physical_device_properties2 v2
		VK_KHR_get_surface_capabilities2 v1
		VK_KHR_imageless_framebuffer v1
		VK_KHR_image_format_list v1
		VK_KHR_incremental_present v2
		VK_KHR_maintenance1 v2
		VK_KHR_maintenance2 v1
		VK_KHR_maintenance3 v1
		VK_KHR_map_memory2 v1
		VK_KHR_multiview v1
		VK_KHR_portability_subset v1
		VK_KHR_push_descriptor v2
		VK_KHR_relaxed_block_layout v1
		VK_KHR_sampler_mirror_clamp_to_edge v3
		VK_KHR_sampler_ycbcr_conversion v14
		VK_KHR_separate_depth_stencil_layouts v1
		VK_KHR_shader_draw_parameters v1
		VK_KHR_shader_float_controls v4
		VK_KHR_shader_float16_int8 v1
		VK_KHR_shader_integer_dot_product v1
		VK_KHR_shader_non_semantic_info v1
		VK_KHR_shader_subgroup_extended_types v1
		VK_KHR_spirv_1_4 v1
		VK_KHR_storage_buffer_storage_class v1
		VK_KHR_surface v25
		VK_KHR_swapchain v70
		VK_KHR_swapchain_mutable_format v1
		VK_KHR_synchronization2 v1
		VK_KHR_timeline_semaphore v2
		VK_KHR_uniform_buffer_standard_layout v1
		VK_KHR_variable_pointers v1
		VK_KHR_vertex_attribute_divisor v1
		VK_EXT_4444_formats v1
		VK_EXT_buffer_device_address v2
		VK_EXT_calibrated_timestamps v2
		VK_EXT_debug_marker v4
		VK_EXT_debug_report v10
		VK_EXT_debug_utils v2
		VK_EXT_descriptor_indexing v2
		VK_EXT_extended_dynamic_state v1
		VK_EXT_extended_dynamic_state2 v1
		VK_EXT_extended_dynamic_state3 v2
		VK_EXT_external_memory_host v1
		VK_EXT_fragment_shader_interlock v1
		VK_EXT_hdr_metadata v2
		VK_EXT_headless_surface v1
		VK_EXT_host_image_copy v1
		VK_EXT_host_query_reset v1
		VK_EXT_image_robustness v1
		VK_EXT_inline_uniform_block v1
		VK_EXT_layer_settings v2
		VK_EXT_memory_budget v1
		VK_EXT_metal_objects v2
		VK_EXT_metal_surface v1
		VK_EXT_pipeline_creation_cache_control v3
		VK_EXT_pipeline_creation_feedback v1
		VK_EXT_post_depth_coverage v1
		VK_EXT_private_data v1
		VK_EXT_robustness2 v1
		VK_EXT_sample_locations v1
		VK_EXT_scalar_block_layout v1
		VK_EXT_separate_stencil_usage v1
		VK_EXT_shader_atomic_float v1
		VK_EXT_shader_demote_to_helper_invocation v1
		VK_EXT_shader_stencil_export v1
		VK_EXT_shader_subgroup_ballot v1
		VK_EXT_shader_subgroup_vote v1
		VK_EXT_shader_viewport_index_layer v1
		VK_EXT_subgroup_size_control v2
		VK_EXT_surface_maintenance1 v1
		VK_EXT_swapchain_colorspace v4
		VK_EXT_swapchain_maintenance1 v1
		VK_EXT_texel_buffer_alignment v1
		VK_EXT_texture_compression_astc_hdr v1
		VK_EXT_vertex_attribute_divisor v3
		VK_AMD_gpu_shader_half_float v2
		VK_AMD_negative_viewport_height v1
		VK_AMD_shader_image_load_store_lod v1
		VK_AMD_shader_trinary_minmax v1
		VK_IMG_format_pvrtc v1
		VK_INTEL_shader_integer_functions2 v1
		VK_GOOGLE_display_timing v1
		VK_MVK_macos_surface v3
		VK_MVK_moltenvk v37
		VK_NV_fragment_shader_barycentric v1
		VK_NV_glsl_shader v1
[mvk-info] GPU device:
		model: Apple M1 Pro
		type: Integrated
		vendorID: 0x106b
		deviceID: 0xf0103ef
		pipelineCacheUUID: BF097EDC-0F01-03EF-0000-000000000000
		GPU memory available: 21845 MB
		GPU memory used: 0 MB
	supports the following Metal Versions, GPU's and Feature Sets:
		Metal Shading Language 3.1
		GPU Family Apple 7
		GPU Family Apple 6
		GPU Family Apple 5
		GPU Family Apple 4
		GPU Family Apple 3
		GPU Family Apple 2
		GPU Family Apple 1
		GPU Family Mac 2
		GPU Family Mac 1
		GPU Family Common 3
		GPU Family Common 2
		GPU Family Common 1
		macOS GPU Family 2 v1
		macOS GPU Family 1 v4
		macOS GPU Family 1 v3
		macOS GPU Family 1 v2
		macOS GPU Family 1 v1
[mvk-info] Created VkInstance for Vulkan version 1.2.0, as requested by app, with the following 4 Vulkan extensions enabled:
		VK_KHR_get_physical_device_properties2 v2
		VK_KHR_surface v25
		VK_EXT_debug_utils v2
		VK_EXT_metal_surface v1
Devices:
  #0: Apple Apple M1 Pro - Supported, Integrated
Optional extension VK_KHR_fragment_shading_rate not found
Optional extension VK_EXT_fragment_density_map not found
Optional extension VK_EXT_astc_decode_mode not found
Optional extension VK_KHR_vulkan_memory_model not found
Optional extension VK_KHR_external_memory_fd not found
Optional extension VK_EXT_device_fault not found
- Vulkan Variable Rate Shading not supported
- Vulkan Fragment Density Map not supported
- Vulkan multiview supported:
  max view count: 32
  max instances: 134217727
- Vulkan subgroup:
  size: 32
  min size: 32
  max size: 32
  stages: STAGE_TESSELLATION_CONTROL, STAGE_FRAGMENT, STAGE_COMPUTE
  supported ops: FEATURE_BASIC, FEATURE_VOTE, FEATURE_ARITHMETIC, FEATURE_BALLOT, FEATURE_SHUFFLE, FEATURE_SHUFFLE_RELATIVE, FEATURE_QUAD
  quad operations in all stages
[mvk-info] Vulkan semaphores using Metal implicit guarantees within a single queue.
[mvk-info] Created VkDevice to run on GPU Apple M1 Pro with the following 13 Vulkan extensions enabled:
		VK_KHR_16bit_storage v1
		VK_KHR_buffer_device_address v1
		VK_KHR_create_renderpass2 v1
		VK_KHR_image_format_list v1
		VK_KHR_maintenance2 v1
		VK_KHR_multiview v1
		VK_KHR_shader_float16_int8 v1
		VK_KHR_storage_buffer_storage_class v1
		VK_KHR_swapchain v70
		VK_EXT_debug_marker v4
		VK_EXT_pipeline_creation_cache_control v3
		VK_EXT_subgroup_size_control v2
		VK_EXT_texture_compression_astc_hdr v1
Vulkan 1.2.283 - Forward+ - Using Device #0: Apple - Apple M1 Pro
Startup PSO cache (41.1 MiB)
Using "default" pen tablet driver...
Creating VMA small objects pool for memory type index 0
Shader 'CanvasSdfShaderRD' (group 0) SHA256: e3e36a196484fd7752bf3d5dca5d9ff7512a4e981b5f5f57e6f0a0fc50640721
Loading cache for shader CanvasSdfShaderRD, variant 0
Loading cache for shader CanvasSdfShaderRD, variant 1
Loading cache for shader CanvasSdfShaderRD, variant 2
Loading cache for shader CanvasSdfShaderRD, variant 3
Loading cache for shader CanvasSdfShaderRD, variant 4
Loading cache for shader CanvasSdfShaderRD, variant 5
Shader 'SkeletonShaderRD' (group 0) SHA256: e0325885d3b45ea42d045525d1c732805f14a5a6cc4b6b67ce336626653e9573
Loading cache for shader SkeletonShaderRD, variant 0
Loading cache for shader SkeletonShaderRD, variant 1
Shader 'SortShaderRD' (group 0) SHA256: ce9b4120b1d1a35c1bea19b12a6206dee2526af5e61fd4520555d6b447f15e34
Loading cache for shader SortShaderRD, variant 0
Loading cache for shader SortShaderRD, variant 1
Loading cache for shader SortShaderRD, variant 2
Shader 'ParticlesShaderRD' (group 0) SHA256: c77129ff51da9b8bd8037785c1a2afcdca1f25aa602d8d22c4973640d55305a4
Loading cache for shader ParticlesShaderRD, variant 0
Shader 'ParticlesCopyShaderRD' (group 0) SHA256: 76ee6b7648ff369a05e8340a639ce08c065370fd23e6d18634d522db1c3ac055
Loading cache for shader ParticlesCopyShaderRD, variant 0
Loading cache for shader ParticlesCopyShaderRD, variant 1
Loading cache for shader ParticlesCopyShaderRD, variant 2
Loading cache for shader ParticlesCopyShaderRD, variant 3
Loading cache for shader ParticlesCopyShaderRD, variant 4
Loading cache for shader ParticlesCopyShaderRD, variant 5
Loading cache for shader ParticlesCopyShaderRD, variant 6
Loading cache for shader ParticlesCopyShaderRD, variant 7
Loading cache for shader ParticlesCopyShaderRD, variant 8
Loading cache for shader ParticlesCopyShaderRD, variant 9
Loading cache for shader ParticlesCopyShaderRD, variant 10
Loading cache for shader ParticlesCopyShaderRD, variant 11
Loading cache for shader ParticlesCopyShaderRD, variant 12
Loading cache for shader ParticlesCopyShaderRD, variant 13
Loading cache for shader ParticlesCopyShaderRD, variant 14
Loading cache for shader ParticlesCopyShaderRD, variant 15
Loading cache for shader ParticlesCopyShaderRD, variant 16
Loading cache for shader ParticlesCopyShaderRD, variant 17
Loading cache for shader ParticlesCopyShaderRD, variant 18
Loading cache for shader ParticlesCopyShaderRD, variant 19
Loading cache for shader ParticlesCopyShaderRD, variant 20
Shader 'CanvasShaderRD' (group 0) SHA256: 8f73ea59600218c7f4a72f38f0a825d4b9edae392f00688807259ea2faf43974
Loading cache for shader CanvasShaderRD, variant 0
Loading cache for shader CanvasShaderRD, variant 1
Loading cache for shader CanvasShaderRD, variant 2
Loading cache for shader CanvasShaderRD, variant 3
Loading cache for shader CanvasShaderRD, variant 4
Loading cache for shader CanvasShaderRD, variant 5
Shader 'CanvasOcclusionShaderRD' (group 0) SHA256: 2e1e40e085c85bd3960b7bad3be9bad88a3e02174708138d2eb3215933437ede
Loading cache for shader CanvasOcclusionShaderRD, variant 0
Loading cache for shader CanvasOcclusionShaderRD, variant 1
Loading cache for shader CanvasOcclusionShaderRD, variant 2
Loading cache for shader CanvasShaderRD, variant 0
Loading cache for shader CanvasShaderRD, variant 1
Loading cache for shader CanvasShaderRD, variant 2
Loading cache for shader CanvasShaderRD, variant 3
Loading cache for shader CanvasShaderRD, variant 4
Loading cache for shader CanvasShaderRD, variant 5
Loading cache for shader CanvasShaderRD, variant 0
Loading cache for shader CanvasShaderRD, variant 1
Loading cache for shader CanvasShaderRD, variant 2
Loading cache for shader CanvasShaderRD, variant 3
Loading cache for shader CanvasShaderRD, variant 4
Loading cache for shader CanvasShaderRD, variant 5
Shader 'ClusterRenderShaderRD' (group 0) SHA256: 5520632edde9dc7efc467666b1888d0f07fe10e4c2e113e68f1757bab97a847b
Loading cache for shader ClusterRenderShaderRD, variant 2
Loading cache for shader ClusterRenderShaderRD, variant 3
Shader 'ClusterStoreShaderRD' (group 0) SHA256: 9ca626ebec243544ae7398e49713da5e69391ab29de1ced02b03e718a013c28f
Loading cache for shader ClusterStoreShaderRD, variant 0
Shader 'ClusterDebugShaderRD' (group 0) SHA256: 7253e84e6deaaf9cd1391aff49a754db31e162f9ecaf776485fde4bc31121aa6
Loading cache for shader ClusterDebugShaderRD, variant 0
Shader 'SceneForwardClusteredShaderRD' (group 0) SHA256: df8d1dbb6fb950c04bcc78fb1667a6eb52d604ac1f0317023833936c838ed75f
Shader 'SceneForwardClusteredShaderRD' (group 1) SHA256: 6a184745fdc168cf1854f82e467b075c7754389099dd4260c7cfd820f974abb7
Shader 'SceneForwardClusteredShaderRD' (group 2) SHA256: e54e15eb9546bd2ff28fdb8fc19e33bec138fb364a5418eb6d90e784252ee190
Shader 'SceneForwardClusteredShaderRD' (group 3) SHA256: 210d14d006d21a3471e63300f334a93a8076f61ad1c3147dbd14466d95970249
Loading cache for shader SceneForwardClusteredShaderRD, variant 0
Loading cache for shader SceneForwardClusteredShaderRD, variant 1
Loading cache for shader SceneForwardClusteredShaderRD, variant 2
Loading cache for shader SceneForwardClusteredShaderRD, variant 3
Loading cache for shader SceneForwardClusteredShaderRD, variant 4
Loading cache for shader SceneForwardClusteredShaderRD, variant 5
Loading cache for shader SceneForwardClusteredShaderRD, variant 6
Loading cache for shader SceneForwardClusteredShaderRD, variant 7
Loading cache for shader SceneForwardClusteredShaderRD, variant 0
Loading cache for shader SceneForwardClusteredShaderRD, variant 1
Loading cache for shader SceneForwardClusteredShaderRD, variant 2
Loading cache for shader SceneForwardClusteredShaderRD, variant 3
Loading cache for shader SceneForwardClusteredShaderRD, variant 4
Loading cache for shader SceneForwardClusteredShaderRD, variant 5
Loading cache for shader SceneForwardClusteredShaderRD, variant 6
Loading cache for shader SceneForwardClusteredShaderRD, variant 7
Loading cache for shader SceneForwardClusteredShaderRD, variant 0
Loading cache for shader SceneForwardClusteredShaderRD, variant 1
Loading cache for shader SceneForwardClusteredShaderRD, variant 2
Loading cache for shader SceneForwardClusteredShaderRD, variant 3
Loading cache for shader SceneForwardClusteredShaderRD, variant 4
Loading cache for shader SceneForwardClusteredShaderRD, variant 5
Loading cache for shader SceneForwardClusteredShaderRD, variant 6
Loading cache for shader SceneForwardClusteredShaderRD, variant 7
Shader 'BestFitNormalShaderRD' (group 0) SHA256: 8c748b5176971d04b037d61fe8ee9c0da50efc42fb21ff2f4fc11dbf138ac284
Loading cache for shader BestFitNormalShaderRD, variant 0
Shader 'IntegrateDfgShaderRD' (group 0) SHA256: 287328d7c084c243ad82ac05423c4a58662ea18582b5b369f3288be49e4a66d8
Loading cache for shader IntegrateDfgShaderRD, variant 0
Shader 'ResolveShaderRD' (group 0) SHA256: 5e0937d6a862fc03f2a42b11dd8fcc8ca9fa948bc51bc5504f3e3a92e954cc33
Loading cache for shader ResolveShaderRD, variant 0
Loading cache for shader ResolveShaderRD, variant 1
Loading cache for shader ResolveShaderRD, variant 2
Shader 'TaaResolveShaderRD' (group 0) SHA256: 8e863ed5b6e6cf5b67a722559308f90a5653d397bdedd8d8c2abe45a89893049
Loading cache for shader TaaResolveShaderRD, variant 0
Shader 'Fsr2DepthClipPassShaderRD' (group 0) SHA256: 4130c931008b9d81bce5757c91876fb1c64a992525002d1a9d24c756cdaeb55f
Shader 'Fsr2ReconstructPreviousDepthPassShaderRD' (group 0) SHA256: 7ef7cdf239edd510c42b9e6ef2ca760f08ac92b57c6b2e5562cf430770b69d49
Shader 'Fsr2LockPassShaderRD' (group 0) SHA256: 50c95f98dbda1ad902b8fac4668d32cbfc11a3e86b890460da50600750d6d636
Shader 'Fsr2AccumulatePassShaderRD' (group 0) SHA256: acf7ce56f0f217fbe6fc54b42313d025af58be39a197ea6e6a9c10b1c03de903
Shader 'Fsr2RcasPassShaderRD' (group 0) SHA256: 3f4d394a0080ce37da6dc5f05c36e082efc8f3a0a333428f23697d21a1e665cd
Shader 'Fsr2ComputeLuminancePyramidPassShaderRD' (group 0) SHA256: 246789de2d6807e12325bb146b5b960cbec70a2119fe15f67d12c0a1d55213dd
Shader 'Fsr2AutogenReactivePassShaderRD' (group 0) SHA256: ea81f3d2612452e92eebad3230c8885356cf352779194322ac0b390d949e0a9f
Shader 'Fsr2TcrAutogenPassShaderRD' (group 0) SHA256: c6b965d8d141ea41ff88aa0df571ed29f4b8b5c974713f24b7fa44f23e3db020
Shader 'SsEffectsDownsampleShaderRD' (group 0) SHA256: 47ce5b07a7399a4ea52ee0ba0ba0016f7c1b3429f72c2ef29b4382bf8f1d92e7
Loading cache for shader SsEffectsDownsampleShaderRD, variant 0
Loading cache for shader SsEffectsDownsampleShaderRD, variant 1
Loading cache for shader SsEffectsDownsampleShaderRD, variant 2
Loading cache for shader SsEffectsDownsampleShaderRD, variant 3
Loading cache for shader SsEffectsDownsampleShaderRD, variant 4
Loading cache for shader SsEffectsDownsampleShaderRD, variant 5
Loading cache for shader SsEffectsDownsampleShaderRD, variant 6
Shader 'SsilShaderRD' (group 0) SHA256: 335e8f9954286db1ee28430b2c9ef17fb01fb4bb8b74d688be9cec967dee41e6
Loading cache for shader SsilShaderRD, variant 0
Loading cache for shader SsilShaderRD, variant 1
Loading cache for shader SsilShaderRD, variant 2
Shader 'SsilImportanceMapShaderRD' (group 0) SHA256: 3d668b995f5f00c0cdb73fd8c13cd3bed37bf5f45c10621fcc2475eefd50a7bd
Loading cache for shader SsilImportanceMapShaderRD, variant 0
Loading cache for shader SsilImportanceMapShaderRD, variant 1
Loading cache for shader SsilImportanceMapShaderRD, variant 2
Shader 'SsilBlurShaderRD' (group 0) SHA256: 9d2d3e521c5d1601e636d8fc3e533a52362ad011112fde07a344fe3511cea943
Loading cache for shader SsilBlurShaderRD, variant 0
Loading cache for shader SsilBlurShaderRD, variant 1
Loading cache for shader SsilBlurShaderRD, variant 2
Shader 'SsilInterleaveShaderRD' (group 0) SHA256: 36d769d4532c446edf161d4b3d932557d4fad2904fda9c5f6861ae7fd162c9ee
Loading cache for shader SsilInterleaveShaderRD, variant 0
Loading cache for shader SsilInterleaveShaderRD, variant 1
Loading cache for shader SsilInterleaveShaderRD, variant 2
Shader 'SsaoShaderRD' (group 0) SHA256: 6831fded981ced729634af4cf4f5515538ff84cbb773c0d583873e29462e1080
Loading cache for shader SsaoShaderRD, variant 0
Loading cache for shader SsaoShaderRD, variant 1
Loading cache for shader SsaoShaderRD, variant 2
Shader 'SsaoImportanceMapShaderRD' (group 0) SHA256: fe84d24f104b577d6ae2183f611ddfa9ef6ba4834d972f00460c66aa67c6e788
Loading cache for shader SsaoImportanceMapShaderRD, variant 0
Loading cache for shader SsaoImportanceMapShaderRD, variant 1
Loading cache for shader SsaoImportanceMapShaderRD, variant 2
Shader 'SsaoBlurShaderRD' (group 0) SHA256: 4d3910b2d37af6bb5a68153677dd3f49c424b932871284ee1bb2e31936b31ca0
Loading cache for shader SsaoBlurShaderRD, variant 0
Loading cache for shader SsaoBlurShaderRD, variant 1
Loading cache for shader SsaoBlurShaderRD, variant 2
Shader 'SsaoInterleaveShaderRD' (group 0) SHA256: b804d0579b589636ca331298d9f8885e277e5fd8be1d20d4560044000a029a49
Loading cache for shader SsaoInterleaveShaderRD, variant 0
Loading cache for shader SsaoInterleaveShaderRD, variant 1
Loading cache for shader SsaoInterleaveShaderRD, variant 2
Shader 'ScreenSpaceReflectionScaleShaderRD' (group 0) SHA256: f028513910f44db288a6d0d7315df152a910214dd680426d7817a0db185bb512
Loading cache for shader ScreenSpaceReflectionScaleShaderRD, variant 0
Shader 'ScreenSpaceReflectionShaderRD' (group 0) SHA256: aa7798f702ec7502be62da736ef869c792a69bb4310d9a535e0b6596ad1c4c8f
Loading cache for shader ScreenSpaceReflectionShaderRD, variant 0
Loading cache for shader ScreenSpaceReflectionShaderRD, variant 1
Shader 'ScreenSpaceReflectionFilterShaderRD' (group 0) SHA256: b8974626c582dd282d9ca1bd58b6ffeda45b41e5b160baa199088657ad7eca95
Loading cache for shader ScreenSpaceReflectionFilterShaderRD, variant 0
Loading cache for shader ScreenSpaceReflectionFilterShaderRD, variant 1
Shader 'SubsurfaceScatteringShaderRD' (group 0) SHA256: cfc79a4166aa45746b6bfa4b2a3345978e68ace79a0a82ab13fdda9f32a7a0b0
Loading cache for shader SubsurfaceScatteringShaderRD, variant 0
Loading cache for shader SubsurfaceScatteringShaderRD, variant 1
Loading cache for shader SubsurfaceScatteringShaderRD, variant 2
Shader 'SkyShaderRD' (group 0) SHA256: 9c26bd5dc001c975a8ec36520d74f1e5aa9d8125c8172a160acf52f8ebf362f3
Loading cache for shader SkyShaderRD, variant 0
Loading cache for shader SkyShaderRD, variant 1
Loading cache for shader SkyShaderRD, variant 2
Loading cache for shader SkyShaderRD, variant 3
Loading cache for shader SkyShaderRD, variant 4
Loading cache for shader SkyShaderRD, variant 5
Loading cache for shader SkyShaderRD, variant 0
Loading cache for shader SkyShaderRD, variant 1
Loading cache for shader SkyShaderRD, variant 2
Loading cache for shader SkyShaderRD, variant 3
Loading cache for shader SkyShaderRD, variant 4
Loading cache for shader SkyShaderRD, variant 5
Shader 'VoxelGiShaderRD' (group 0) SHA256: 3d7b0b0258a2977a47dc0a84db7cb49a5e1bfaa74053e42ffae7d3e87d48965f
Loading cache for shader VoxelGiShaderRD, variant 0
Loading cache for shader VoxelGiShaderRD, variant 1
Loading cache for shader VoxelGiShaderRD, variant 2
Loading cache for shader VoxelGiShaderRD, variant 3
Loading cache for shader VoxelGiShaderRD, variant 4
Loading cache for shader VoxelGiShaderRD, variant 5
Loading cache for shader VoxelGiShaderRD, variant 6
Loading cache for shader VoxelGiShaderRD, variant 7
Shader 'VoxelGiDebugShaderRD' (group 0) SHA256: 49ee1e463ded1be1341dc6ee222f492cd9f8484aabe4cf39ca46f519abecbb6c
Loading cache for shader VoxelGiDebugShaderRD, variant 0
Loading cache for shader VoxelGiDebugShaderRD, variant 1
Loading cache for shader VoxelGiDebugShaderRD, variant 2
Loading cache for shader VoxelGiDebugShaderRD, variant 3
Shader 'SdfgiPreprocessShaderRD' (group 0) SHA256: 60c77a38319fd7cc123270bcc0dfbdddd8f74e985d1907c08c726e3d4dbf7b06
Loading cache for shader SdfgiPreprocessShaderRD, variant 0
Loading cache for shader SdfgiPreprocessShaderRD, variant 1
Loading cache for shader SdfgiPreprocessShaderRD, variant 2
Loading cache for shader SdfgiPreprocessShaderRD, variant 3
Loading cache for shader SdfgiPreprocessShaderRD, variant 4
Loading cache for shader SdfgiPreprocessShaderRD, variant 5
Loading cache for shader SdfgiPreprocessShaderRD, variant 6
Loading cache for shader SdfgiPreprocessShaderRD, variant 7
Loading cache for shader SdfgiPreprocessShaderRD, variant 8
Shader 'SdfgiDirectLightShaderRD' (group 0) SHA256: a3474a0b60ebab5bb7010596e49cfb91bbfc3689c4df741b809ddc92e1fa90e9
Loading cache for shader SdfgiDirectLightShaderRD, variant 0
Loading cache for shader SdfgiDirectLightShaderRD, variant 1
Shader 'SdfgiIntegrateShaderRD' (group 0) SHA256: 62e2ae895bf90996b40c48aeab6a59c24d27c6c843ef9ee94adf3f6de80b26ac
Loading cache for shader SdfgiIntegrateShaderRD, variant 0
Loading cache for shader SdfgiIntegrateShaderRD, variant 1
Loading cache for shader SdfgiIntegrateShaderRD, variant 2
Loading cache for shader SdfgiIntegrateShaderRD, variant 3
Shader 'GiShaderRD' (group 0) SHA256: e4e3882307beba471cbf1d2ebf8ca49fedccbba528ef384e7d1e2461d14a71f0
Shader 'GiShaderRD' (group 1) SHA256: 69ca96412569cbef4a05e515b55b5744ab10048a32a6d2fef2a7c2ad984c9155
Loading cache for shader GiShaderRD, variant 0
Loading cache for shader GiShaderRD, variant 1
Loading cache for shader GiShaderRD, variant 2
Loading cache for shader GiShaderRD, variant 3
Loading cache for shader GiShaderRD, variant 4
Shader 'SdfgiDebugShaderRD' (group 0) SHA256: 6de37bb5aa871af3d348d47b0cbfc09f6873bf5a2500f0cf9280e404ff4ce97b
Loading cache for shader SdfgiDebugShaderRD, variant 0
Shader 'SdfgiDebugProbesShaderRD' (group 0) SHA256: c25d7a81827da688487a69637d3e61ae9f31c125940f4fbf05b6de4a2c1e78a9
Loading cache for shader SdfgiDebugProbesShaderRD, variant 0
Loading cache for shader SdfgiDebugProbesShaderRD, variant 1
Loading cache for shader SdfgiDebugProbesShaderRD, variant 2
Loading cache for shader SdfgiDebugProbesShaderRD, variant 3
Shader 'VolumetricFogShaderRD' (group 0) SHA256: 6120947dc0a3cd4bff5b217e63490686b128f0319aabd6f96d597268f68d60e3
Shader 'VolumetricFogShaderRD' (group 1) SHA256: f44655a2103d6cb3b1d0a206e66c4427aca3de3b5de59f72bf7e08db5144f83c
Shader 'VolumetricFogShaderRD' (group 2) SHA256: 963b90021bd602c144aa8f80b75ecdf64c2abe48940f55cf2f25f2deda808186
Shader 'VolumetricFogShaderRD' (group 3) SHA256: 5929600387c20b3c1eead45ba7f6c87fde922e0e4f78f80366f58cdfb10e63f7
Loading cache for shader VolumetricFogShaderRD, variant 0
Shader 'VolumetricFogProcessShaderRD' (group 0) SHA256: 2749f17fe5049db6df987d401e0fb5a52692635224ca129e06c3d6e15dd2dc29
Shader 'VolumetricFogProcessShaderRD' (group 1) SHA256: 8333ba62fcdf5c0ffe915641fe9faa88286844b2bb245d94b41eb48eca8e881d
Shader 'VolumetricFogProcessShaderRD' (group 2) SHA256: 6b05211651f14a1593c8b3be3b5932c64a3beba37ce1e1649b4ea67ac36d3c47
Shader 'VolumetricFogProcessShaderRD' (group 3) SHA256: 14fbd4a37cc30a2991dbfa525da8e6182def041c1eeaa20638fb2597e98f3c52
Loading cache for shader VolumetricFogProcessShaderRD, variant 0
Loading cache for shader VolumetricFogProcessShaderRD, variant 1
Loading cache for shader VolumetricFogProcessShaderRD, variant 2
Loading cache for shader VolumetricFogProcessShaderRD, variant 3
Loading cache for shader VolumetricFogProcessShaderRD, variant 4
Shader 'BokehDofShaderRD' (group 0) SHA256: 5a14c722b7cad6a5d1853b764825b687b8e8c26d08a7edef6f50a28c2a237b9c
Loading cache for shader BokehDofShaderRD, variant 0
Loading cache for shader BokehDofShaderRD, variant 1
Loading cache for shader BokehDofShaderRD, variant 3
Loading cache for shader BokehDofShaderRD, variant 5
Loading cache for shader BokehDofShaderRD, variant 6
Shader 'CopyShaderRD' (group 0) SHA256: 363226e4e754f4dd97b1000777a12a1e717a0202ef34a8bb5cbbee343880d1a3
Loading cache for shader CopyShaderRD, variant 0
Loading cache for shader CopyShaderRD, variant 1
Loading cache for shader CopyShaderRD, variant 2
Loading cache for shader CopyShaderRD, variant 3
Loading cache for shader CopyShaderRD, variant 4
Loading cache for shader CopyShaderRD, variant 5
Loading cache for shader CopyShaderRD, variant 6
Loading cache for shader CopyShaderRD, variant 7
Loading cache for shader CopyShaderRD, variant 8
Loading cache for shader CopyShaderRD, variant 9
Loading cache for shader CopyShaderRD, variant 10
Loading cache for shader CopyShaderRD, variant 11
Loading cache for shader CopyShaderRD, variant 12
Shader 'CopyToFbShaderRD' (group 0) SHA256: 0adebb67e6205ddab89bef68d0541718044b8408d301ef90fcc572ab1f1dc3c1
Loading cache for shader CopyToFbShaderRD, variant 0
Loading cache for shader CopyToFbShaderRD, variant 1
Loading cache for shader CopyToFbShaderRD, variant 2
Loading cache for shader CopyToFbShaderRD, variant 3
Shader 'CubeToDpShaderRD' (group 0) SHA256: f3ba78a7ce282686c1bace415c6d4852f8b5df07fd90aff0139030354b9c53e6
Loading cache for shader CubeToDpShaderRD, variant 0
Shader 'CubemapDownsamplerShaderRD' (group 0) SHA256: 831be8c39044041b2e1da3b55ee6c2d5d5242c0c11326369eda23b7ae42ee04c
Loading cache for shader CubemapDownsamplerShaderRD, variant 0
Shader 'CubemapFilterShaderRD' (group 0) SHA256: 73d1b21cf27dc843bbcc28dc35d902623419ae7f0c17dba1d9c725d82959f576
Loading cache for shader CubemapFilterShaderRD, variant 0
Loading cache for shader CubemapFilterShaderRD, variant 1
Loading cache for shader CubemapFilterShaderRD, variant 2
Loading cache for shader CubemapFilterShaderRD, variant 3
Shader 'CubemapRoughnessShaderRD' (group 0) SHA256: bb92ea060a11d89f9121ad84bf077cdf954f39a59c3cc78038611f19f3d94533
Loading cache for shader CubemapRoughnessShaderRD, variant 0
Shader 'SpecularMergeShaderRD' (group 0) SHA256: 99444119f03d2c92d5ab325e0fa261255c819d4cb4b019c0eaa369b2d0383a8f
Loading cache for shader SpecularMergeShaderRD, variant 0
Loading cache for shader SpecularMergeShaderRD, variant 1
Loading cache for shader SpecularMergeShaderRD, variant 2
Loading cache for shader SpecularMergeShaderRD, variant 3
Shader 'ShadowFrustumShaderRD' (group 0) SHA256: 851c9007fbee11476e65c3cbb595c7113c7e98676c38d49b88056bdb1eb5904b
Loading cache for shader ShadowFrustumShaderRD, variant 0
Shader 'MotionVectorsShaderRD' (group 0) SHA256: e9ac9ae0667a399f458196d55204937c545356cd64ba755844d9c9943cffdc55
Loading cache for shader MotionVectorsShaderRD, variant 0
Shader 'LuminanceReduceShaderRD' (group 0) SHA256: 62fd065f2a03f76e82ff0efdd729b029811828e67b3dc62b0dd4c1b2a8eb2c23
Loading cache for shader LuminanceReduceShaderRD, variant 0
Loading cache for shader LuminanceReduceShaderRD, variant 1
Loading cache for shader LuminanceReduceShaderRD, variant 2
Shader 'SmaaEdgeDetectionShaderRD' (group 0) SHA256: e4c623cbbd80f252ca1afe76f478a818c89eb124cff6ca285865b0ba733f1f07
Loading cache for shader SmaaEdgeDetectionShaderRD, variant 0
Shader 'SmaaWeightCalculationShaderRD' (group 0) SHA256: 604beebafad6f83aaaead58113c3a3e5b0ed7a7c5605fd197dd952e3821b5878
Loading cache for shader SmaaWeightCalculationShaderRD, variant 0
Shader 'SmaaBlendingShaderRD' (group 0) SHA256: 9f3b4dcf01e8d340348bba93235fb3c9c13964b1e1bd23e7d59891cc9748a71c
Loading cache for shader SmaaBlendingShaderRD, variant 0
Shader 'TonemapShaderRD' (group 0) SHA256: 06d49e3e1e33f4e3f9069e4df65b734ffc54e7ad36b2b03be9c40766a30f7576
Loading cache for shader TonemapShaderRD, variant 0
Loading cache for shader TonemapShaderRD, variant 1
Loading cache for shader TonemapShaderRD, variant 2
Loading cache for shader TonemapShaderRD, variant 3
Loading cache for shader TonemapShaderRD, variant 4
Loading cache for shader TonemapShaderRD, variant 5
Shader 'FsrUpscaleShaderRD' (group 0) SHA256: 0715ca028e84f0a9b6f91a4ac308d37a5c185438f466e254fac8b7377dc10759
Loading cache for shader FsrUpscaleShaderRD, variant 0
Loading cache for shader FsrUpscaleShaderRD, variant 1
Shader 'BlitShaderRD' (group 0) SHA256: 25c59c709fcd7c8e69780f3edeaebc055b68c06b660c69bb43d8246614325591
Loading cache for shader BlitShaderRD, variant 0
Loading cache for shader BlitShaderRD, variant 1
Loading cache for shader BlitShaderRD, variant 2
Loading cache for shader BlitShaderRD, variant 3
CoreAudio: detected 2 channels
CoreAudio: output sampling rate: 48000 Hz
CoreAudio: output audio buffer frames: 512 calculated latency: 10ms

[mvk-info] Created 3 swapchain images with size (3024, 1890) and contents scale 2.0 in layer CAMetalLayer: GodotContentView (0x7fcf9aa09cd0) on screen Built-in Retina Display.
TextServer: Primary interface set to: "ICU / HarfBuzz / Graphite (Built-in)".
Loading resource: res://audio/default_bus_layout.tres
CORE API HASH: 937899573
EDITOR API HASH: 1777164193
SceneTreeFTI: traversal method DEFAULT
Loading resource: res://audio/music_manager.gd
Loading resource: res://race/race_state.gd
Loaded system CA certificates
Loading resource: res://tests/performance_test_detailed.tscn
Loading resource: res://addons/gevp/scenes/nexia_car.tscn
Loading resource: res://addons/gevp/scripts/vehicle.gd
Loading resource: res://car/models/nexia/scene.gltf
Loading resource: res://.godot/imported/scene.gltf-da3723215ad592219a17a8e3f5ec4079.scn
Loading resource: res://car/models/nexia/textures/Black_leather_baseColor.jpeg
Loading resource: res://.godot/imported/Black_leather_baseColor.jpeg-27dd6f30fef7f3a67c1452b21a139442.s3tc.ctex
Loading resource: res://car/models/nexia/textures/Black_leather_normal.png
Loading resource: res://.godot/imported/Black_leather_normal.png-645df4b6ce11f1f4aba9288d250b742d.s3tc.ctex
Loading resource: res://car/models/nexia/textures/Black_Opaque__Glass_baseColor.png
Loading resource: res://.godot/imported/Black_Opaque__Glass_baseColor.png-8658f51f68c57f44cb0f6d55f3c25917.s3tc.ctex
Loading resource: res://car/models/nexia/textures/Black_Opaque__Glass_emissive.jpeg
Loading resource: res://.godot/imported/Black_Opaque__Glass_emissive.jpeg-c45eddde3afb26a113f3ebe2e1d65d70.s3tc.ctex
Loading resource: res://car/models/nexia/textures/Black_Opaque__Glass_normal.png
Loading resource: res://.godot/imported/Black_Opaque__Glass_normal.png-483320fc9a3689ffc546bb08f7e8d3e6.s3tc.ctex
Loading cache for shader SceneForwardClusteredShaderRD, variant 0
Loading cache for shader SceneForwardClusteredShaderRD, variant 1
Loading cache for shader SceneForwardClusteredShaderRD, variant 2
Loading cache for shader SceneForwardClusteredShaderRD, variant 3
Loading cache for shader SceneForwardClusteredShaderRD, variant 4
Loading cache for shader SceneForwardClusteredShaderRD, variant 5
Loading cache for shader SceneForwardClusteredShaderRD, variant 6
Loading cache for shader SceneForwardClusteredShaderRD, variant 7
Loading cache for shader SceneForwardClusteredShaderRD, variant 0
Loading cache for shader SceneForwardClusteredShaderRD, variant 1
Loading cache for shader SceneForwardClusteredShaderRD, variant 2
Loading cache for shader SceneForwardClusteredShaderRD, variant 3
Loading cache for shader SceneForwardClusteredShaderRD, variant 4
Loading cache for shader SceneForwardClusteredShaderRD, variant 5
Loading cache for shader SceneForwardClusteredShaderRD, variant 6
Loading cache for shader SceneForwardClusteredShaderRD, variant 7
Loading cache for shader SceneForwardClusteredShaderRD, variant 0
Loading cache for shader SceneForwardClusteredShaderRD, variant 1
Loading cache for shader SceneForwardClusteredShaderRD, variant 2
Loading cache for shader SceneForwardClusteredShaderRD, variant 3
Loading cache for shader SceneForwardClusteredShaderRD, variant 4
Loading cache for shader SceneForwardClusteredShaderRD, variant 5
Loading cache for shader SceneForwardClusteredShaderRD, variant 6
Loading cache for shader SceneForwardClusteredShaderRD, variant 7
Loading resource: res://car/nexia_setup.gd
Loading resource: res://addons/gevp/scripts/wheel_visibility.gd
Loading resource: res://addons/gevp/scripts/vehicle_input.gd
Loading resource: res://addons/gevp/scripts/engine_sound.gd
Loading resource: res://addons/gevp/scripts/tire_squeal_sound.gd
Loading resource: res://addons/gevp/sounds/4000.wav
Loading resource: res://.godot/imported/4000.wav-5b7af0defc40e9d8fb80f07cca8d9fcd.sample
Loading resource: res://addons/gevp/sounds/tire_squeal.wav
Loading resource: res://.godot/imported/tire_squeal.wav-c8a8ffb33767ae9357a23caee4b04892.sample
Loading cache for shader SceneForwardClusteredShaderRD, variant 0
Loading cache for shader SceneForwardClusteredShaderRD, variant 1
Loading cache for shader SceneForwardClusteredShaderRD, variant 2
Loading cache for shader SceneForwardClusteredShaderRD, variant 3
Loading cache for shader SceneForwardClusteredShaderRD, variant 4
Loading cache for shader SceneForwardClusteredShaderRD, variant 5
Loading cache for shader SceneForwardClusteredShaderRD, variant 6
Loading cache for shader SceneForwardClusteredShaderRD, variant 7
Loading cache for shader SceneForwardClusteredShaderRD, variant 0
Loading cache for shader SceneForwardClusteredShaderRD, variant 1
Loading cache for shader SceneForwardClusteredShaderRD, variant 2
Loading cache for shader SceneForwardClusteredShaderRD, variant 3
Loading cache for shader SceneForwardClusteredShaderRD, variant 4
Loading cache for shader SceneForwardClusteredShaderRD, variant 5
Loading cache for shader SceneForwardClusteredShaderRD, variant 6
Loading cache for shader SceneForwardClusteredShaderRD, variant 7
Loading resource: res://tests/performance_test_detailed.gd
Loading resource: res://camera/follow_camera.gd
Loading resource: res://osm/osm_terrain_generator.gd
Loading resource: res://osm/building_wall.gdshader
Loading resource: res://models/trees/birch/scene.gltf
Loading resource: res://.godot/imported/scene.gltf-79a80a6e289860ce24a364f86dd8e784.scn
Loading resource: res://models/trees/birch/textures/Trunk_baseColor.png
Loading resource: res://.godot/imported/Trunk_baseColor.png-327e2ef3ab35d7fea241a502c77c236d.s3tc.ctex
Loading resource: res://traffic/npc_car.tscn
Loading resource: res://traffic/npc_car.gd
Loading resource: res://traffic/npc_lada_2109.tscn
WARNING: res://traffic/npc_lada_2109.tscn:4 - ext_resource, invalid UID: uid://bvnqxj3m4y5oa - using text path instead: res://car/models/lada_2109_dps/scene.gltf
     at: load (scene/resources/resource_format_text.cpp:444)
Loading resource: res://car/models/lada_2109_dps/scene.gltf
Loading resource: res://.godot/imported/scene.gltf-f24f699731375136b32f89ade3a8eddc.scn
Loading resource: res://car/models/lada_2109_dps/textures/Flashlight_lambert_baseColor.png
Loading resource: res://.godot/imported/Flashlight_lambert_baseColor.png-b355e794557fe548f6fa216b11a43455.s3tc.ctex
Loading resource: res://car/models/lada_2109_dps/textures/Flashlight_lambert_metallicRoughness.png
Loading resource: res://.godot/imported/Flashlight_lambert_metallicRoughness.png-b6f98fc79bf4819e1df6cfc74708587a.s3tc.ctex
Loading resource: res://car/models/lada_2109_dps/textures/Flashlight_lambert_normal.png
Loading resource: res://.godot/imported/Flashlight_lambert_normal.png-769f16b6d1cab547b5b4600e43f7af03.s3tc.ctex
Loading resource: res://car/models/lada_2109_dps/textures/Cleaner_lambert_baseColor.png
Loading resource: res://.godot/imported/Cleaner_lambert_baseColor.png-bb2ae7fcd466234fc794558247c635b5.s3tc.ctex
Loading resource: res://car/models/lada_2109_dps/textures/Mirror_lambert_baseColor.png
Loading resource: res://.godot/imported/Mirror_lambert_baseColor.png-5112edd329aff07d78e1ab96052b3e78.s3tc.ctex
Loading resource: res://car/models/lada_2109_dps/textures/Mirror_lambert_metallicRoughness.png
Loading resource: res://.godot/imported/Mirror_lambert_metallicRoughness.png-bbcd66006f159de42aba40ee24912bbc.s3tc.ctex
Loading resource: res://car/models/lada_2109_dps/textures/Mirror_lambert_normal.png
Loading resource: res://.godot/imported/Mirror_lambert_normal.png-58a0ac522a99e7fae172c676b4a29831.s3tc.ctex
Loading resource: res://car/models/lada_2109_dps/textures/taxycap_lambert_baseColor.png
Loading resource: res://.godot/imported/taxycap_lambert_baseColor.png-80673c8306ea25f20d6161d594f81adc.s3tc.ctex
Loading resource: res://car/models/lada_2109_dps/textures/taxycap_lambert_metallicRoughness.png
Loading resource: res://.godot/imported/taxycap_lambert_metallicRoughness.png-e537f5ae30215425bae2808fc2b3b833.s3tc.ctex
Loading resource: res://car/models/lada_2109_dps/textures/taxycap_lambert_normal.png
Loading resource: res://.godot/imported/taxycap_lambert_normal.png-a8eec270eb4e388f2bd7ac1cc98f65b7.s3tc.ctex
Loading resource: res://car/models/lada_2109_dps/textures/Whells3_lambert_baseColor.png
Loading resource: res://.godot/imported/Whells3_lambert_baseColor.png-534e942fd1713c61b1afb676d297402d.s3tc.ctex
Loading resource: res://car/models/lada_2109_dps/textures/Whells3_lambert_metallicRoughness.png
Loading resource: res://.godot/imported/Whells3_lambert_metallicRoughness.png-53a41be61f57b913febcf41fdd10c606.s3tc.ctex
Loading resource: res://car/models/lada_2109_dps/textures/Whells1_lambert_metallicRoughness.png
Loading resource: res://.godot/imported/Whells1_lambert_metallicRoughness.png-6b7c4747eed5d5f4d04e1d581b984c48.s3tc.ctex
Loading resource: res://car/models/lada_2109_dps/textures/CarBody_lambert_baseColor.png
Loading resource: res://.godot/imported/CarBody_lambert_baseColor.png-f4491e448971bed28d689a53e30c796d.s3tc.ctex
Loading resource: res://car/models/lada_2109_dps/textures/CarBody_lambert_metallicRoughness.png
Loading resource: res://.godot/imported/CarBody_lambert_metallicRoughness.png-e54ab5111cd11d73f9bb0c07746ae0d0.s3tc.ctex
Loading resource: res://car/models/lada_2109_dps/textures/CarBody_lambert_normal.png
Loading resource: res://.godot/imported/CarBody_lambert_normal.png-b5c3687dea7001e21bf71938599ff44a.s3tc.ctex
Loading cache for shader SceneForwardClusteredShaderRD, variant 0
Loading cache for shader SceneForwardClusteredShaderRD, variant 1
Loading cache for shader SceneForwardClusteredShaderRD, variant 2
Loading cache for shader SceneForwardClusteredShaderRD, variant 3
Loading cache for shader SceneForwardClusteredShaderRD, variant 4
Loading cache for shader SceneForwardClusteredShaderRD, variant 5
Loading cache for shader SceneForwardClusteredShaderRD, variant 6
Loading cache for shader SceneForwardClusteredShaderRD, variant 7
Loading cache for shader SceneForwardClusteredShaderRD, variant 0
Loading cache for shader SceneForwardClusteredShaderRD, variant 1
Loading cache for shader SceneForwardClusteredShaderRD, variant 2
Loading cache for shader SceneForwardClusteredShaderRD, variant 3
Loading cache for shader SceneForwardClusteredShaderRD, variant 4
Loading cache for shader SceneForwardClusteredShaderRD, variant 5
Loading cache for shader SceneForwardClusteredShaderRD, variant 6
Loading cache for shader SceneForwardClusteredShaderRD, variant 7
Loading resource: res://car/lada_2109_setup.gd
Loading resource: res://traffic/npc_taxi.tscn
WARNING: res://traffic/npc_taxi.tscn:4 - ext_resource, invalid UID: uid://taxi_model - using text path instead: res://car/models/lada_2109_taxi/scene.gltf
     at: load (scene/resources/resource_format_text.cpp:444)
Loading resource: res://car/models/lada_2109_taxi/scene.gltf
Loading resource: res://.godot/imported/scene.gltf-b52ab687efc1f0120251ce55fdab14dd.scn
Loading resource: res://car/models/lada_2109_taxi/textures/Cleaner_lambert_baseColor.png
Loading resource: res://.godot/imported/Cleaner_lambert_baseColor.png-bcf9981b53946007b4a8647d2cfcc91a.s3tc.ctex
Loading resource: res://car/models/lada_2109_taxi/textures/Mirror_lambert_baseColor.png
Loading resource: res://.godot/imported/Mirror_lambert_baseColor.png-427a768a217cd62a68b2ecded39220b3.s3tc.ctex
Loading resource: res://car/models/lada_2109_taxi/textures/Mirror_lambert_metallicRoughness.png
Loading resource: res://.godot/imported/Mirror_lambert_metallicRoughness.png-91c03a15ed7a5008d133f552f2119f55.s3tc.ctex
Loading resource: res://car/models/lada_2109_taxi/textures/taxycap_lambert_baseColor.png
Loading resource: res://.godot/imported/taxycap_lambert_baseColor.png-0bc8f32a9cd7551fd571d5415cd35c78.s3tc.ctex
Loading resource: res://car/models/lada_2109_taxi/textures/taxycap_lambert_metallicRoughness.png
Loading resource: res://.godot/imported/taxycap_lambert_metallicRoughness.png-a68effdd3bfc7b4fcef90951717e7a3d.s3tc.ctex
Loading resource: res://car/models/lada_2109_taxi/textures/Whells3_lambert_baseColor.png
Loading resource: res://.godot/imported/Whells3_lambert_baseColor.png-5d8885656e4f1d67fb2e2281623b52b2.s3tc.ctex
Loading resource: res://car/models/lada_2109_taxi/textures/Whells2_lambert_metallicRoughness.png
Loading resource: res://.godot/imported/Whells2_lambert_metallicRoughness.png-aaa6575caface87bf44297abb8c9b821.s3tc.ctex
Loading resource: res://car/models/lada_2109_taxi/textures/Whells3_lambert_metallicRoughness.png
Loading resource: res://.godot/imported/Whells3_lambert_metallicRoughness.png-a3ef1c1cc236839d0f7707a7d8869f9f.s3tc.ctex
Loading resource: res://car/models/lada_2109_taxi/textures/VAZ2109_BASE_lambert_baseColor.png
Loading resource: res://.godot/imported/VAZ2109_BASE_lambert_baseColor.png-bf15a1e211e98d1b58e2bab566b66185.s3tc.ctex
Loading resource: res://car/models/lada_2109_taxi/textures/VAZ2109_BASE_lambert_metallicRoughness.png
Loading resource: res://.godot/imported/VAZ2109_BASE_lambert_metallicRoughness.png-977fe43c5d7cc17bdc9b17cf06c70ef1.s3tc.ctex
Loading resource: res://car/models/lada_2109_taxi/textures/VAZ2109_BASE_lambert_normal.png
Loading resource: res://.godot/imported/VAZ2109_BASE_lambert_normal.png-cfeb2c0af6329849102c29c2e9bd8a65.s3tc.ctex
Loading resource: res://traffic/traffic_manager.gd
Loading resource: res://traffic/npc_paz.tscn
Loading resource: res://car/models/paz_32053/scene.gltf
Loading resource: res://.godot/imported/scene.gltf-e2ef1de0e6e96c2fdc37a92edd0871d3.scn
Loading resource: res://car/models/paz_32053/textures/Material.006_baseColor.png
Loading resource: res://.godot/imported/Material.006_baseColor.png-cfb6d2383ff6937aac0fe6a6e3e13a87.s3tc.ctex
Loading resource: res://car/models/paz_32053/textures/Material.006_metallicRoughness.png
Loading resource: res://.godot/imported/Material.006_metallicRoughness.png-b65e4d33e5f2d1bdd59486b591a744e1.s3tc.ctex
Loading resource: res://car/models/paz_32053/textures/Material.006_normal.png
Loading resource: res://.godot/imported/Material.006_normal.png-d1ec12af03a9dc62e01eb28b35da9f97.s3tc.ctex
Loading resource: res://car/paz_setup.gd
Loading resource: res://traffic/npc_vaz_2107.tscn
Loading resource: res://car/models/vaz_2107/scene.gltf
Loading resource: res://.godot/imported/scene.gltf-d7b131791e86e600027f4f17262117df.scn
Loading resource: res://car/models/vaz_2107/scene_0.png
Loading resource: res://.godot/imported/scene_0.png-e25bcb14a0f0651912c08347d50bbdc8.s3tc.ctex
Loading resource: res://car/models/vaz_2107/scene_1.png
Loading resource: res://.godot/imported/scene_1.png-4c7a5d36203d9d437746c6449e41c734.s3tc.ctex
Loading resource: res://car/models/vaz_2107/scene_2.png
Loading resource: res://.godot/imported/scene_2.png-1981eda6296e0043ff00aad2572e0abb.s3tc.ctex
Loading resource: res://car/models/vaz_2107/scene_3.png
Loading resource: res://.godot/imported/scene_3.png-d38c00ebf4e93dae6de409b7897aca58.s3tc.ctex
Loading resource: res://car/models/vaz_2107/scene_4.png
Loading resource: res://.godot/imported/scene_4.png-b3bddbd8efa4d8603c141a84c096ee55.s3tc.ctex
Loading cache for shader SceneForwardClusteredShaderRD, variant 0
Loading cache for shader SceneForwardClusteredShaderRD, variant 1
Loading cache for shader SceneForwardClusteredShaderRD, variant 2
Loading cache for shader SceneForwardClusteredShaderRD, variant 3
Loading cache for shader SceneForwardClusteredShaderRD, variant 4
Loading cache for shader SceneForwardClusteredShaderRD, variant 5
Loading cache for shader SceneForwardClusteredShaderRD, variant 6
Loading cache for shader SceneForwardClusteredShaderRD, variant 7
Loading resource: res://car/vaz_2107_setup.gd
Loading resource: res://night_mode/night_mode_manager.gd
Loading resource: res://settings/graphics_settings.gd
Loading resource: res://textures/ground_setup.gd
Loading resource: res://tests/bottleneck_analyzer.gd
Loading cache for shader SkyShaderRD, variant 0
Loading cache for shader SkyShaderRD, variant 1
Loading cache for shader SkyShaderRD, variant 2
Loading cache for shader SkyShaderRD, variant 3
Loading cache for shader SkyShaderRD, variant 4
Loading cache for shader SkyShaderRD, variant 5
ERROR: Error opening file 'res://icon.svg'.
   at: load_image (core/io/image_loader.cpp:89)
Loading resource: res://audio/music/petya_pavlov_ya_hochu_skorosti.ogg
Loading resource: res://.godot/imported/petya_pavlov_ya_hochu_skorosti.ogg-1975faad5a524bfffff2345ac5d67add.oggvorbisstr
MusicManager: Now playing track 0: Петя Павлов - Я хочу скорости
OSM: Initializing textures...
WARNING: Image format RGB8 not supported by hardware, converting to RGBA8.
     at: _validate_texture_format (servers/rendering/renderer_rd/storage_rd/texture_storage.cpp:2265)
     GDScript backtrace (most recent call first):
         [0] create_highway_texture (res://textures/texture_generator.gd:111)
         [1] _init_textures (res://osm/osm_terrain_generator.gd:290)
         [2] _ready (res://osm/osm_terrain_generator.gd:230)
WARNING: Image format RGB8 not supported by hardware, converting to RGBA8.
     at: _validate_texture_format (servers/rendering/renderer_rd/storage_rd/texture_storage.cpp:2265)
     GDScript backtrace (most recent call first):
         [0] create_primary_texture (res://textures/texture_generator.gd:160)
         [1] _init_textures (res://osm/osm_terrain_generator.gd:291)
         [2] _ready (res://osm/osm_terrain_generator.gd:230)
WARNING: Image format RGB8 not supported by hardware, converting to RGBA8.
     at: _validate_texture_format (servers/rendering/renderer_rd/storage_rd/texture_storage.cpp:2265)
     GDScript backtrace (most recent call first):
         [0] create_road_texture (res://textures/texture_generator.gd:61)
         [1] _init_textures (res://osm/osm_terrain_generator.gd:292)
         [2] _ready (res://osm/osm_terrain_generator.gd:230)
WARNING: Image format RGB8 not supported by hardware, converting to RGBA8.
     at: _validate_texture_format (servers/rendering/renderer_rd/storage_rd/texture_storage.cpp:2265)
     GDScript backtrace (most recent call first):
         [0] create_sidewalk_texture (res://textures/texture_generator.gd:209)
         [1] _init_textures (res://osm/osm_terrain_generator.gd:293)
         [2] _ready (res://osm/osm_terrain_generator.gd:230)
WARNING: Image format RGB8 not supported by hardware, converting to RGBA8.
     at: _validate_texture_format (servers/rendering/renderer_rd/storage_rd/texture_storage.cpp:2265)
     GDScript backtrace (most recent call first):
         [0] create_intersection_texture (res://textures/texture_generator.gd:184)
         [1] _init_textures (res://osm/osm_terrain_generator.gd:294)
         [2] _ready (res://osm/osm_terrain_generator.gd:230)
WARNING: Image format RGB8 not supported by hardware, converting to RGBA8.
     at: _validate_texture_format (servers/rendering/renderer_rd/storage_rd/texture_storage.cpp:2265)
     GDScript backtrace (most recent call first):
         [0] create_panel_building_no_windows (res://textures/texture_generator.gd:367)
         [1] _init_textures (res://osm/osm_terrain_generator.gd:297)
         [2] _ready (res://osm/osm_terrain_generator.gd:230)
WARNING: Image format RGB8 not supported by hardware, converting to RGBA8.
     at: _validate_texture_format (servers/rendering/renderer_rd/storage_rd/texture_storage.cpp:2265)
     GDScript backtrace (most recent call first):
         [0] create_brick_building_no_windows (res://textures/texture_generator.gd:401)
         [1] _init_textures (res://osm/osm_terrain_generator.gd:298)
         [2] _ready (res://osm/osm_terrain_generator.gd:230)
WARNING: Image format RGB8 not supported by hardware, converting to RGBA8.
     at: _validate_texture_format (servers/rendering/renderer_rd/storage_rd/texture_storage.cpp:2265)
     GDScript backtrace (most recent call first):
         [0] create_wall_texture (res://textures/texture_generator.gd:325)
         [1] _init_textures (res://osm/osm_terrain_generator.gd:299)
         [2] _ready (res://osm/osm_terrain_generator.gd:230)
WARNING: Image format RGB8 not supported by hardware, converting to RGBA8.
     at: _validate_texture_format (servers/rendering/renderer_rd/storage_rd/texture_storage.cpp:2265)
     GDScript backtrace (most recent call first):
         [0] create_roof_texture (res://textures/texture_generator.gd:309)
         [1] _init_textures (res://osm/osm_terrain_generator.gd:300)
         [2] _ready (res://osm/osm_terrain_generator.gd:230)
WARNING: Loaded resource as image file, this will not work on export: 'res://textures/Grass004_1K-JPG_Color.jpg'. Instead, import the image file as an Image resource and load it normally as a resource.
     at: load_from_file (core/io/image.cpp:2541)
     GDScript backtrace (most recent call first):
         [0] _init_textures (res://osm/osm_terrain_generator.gd:303)
         [1] _ready (res://osm/osm_terrain_generator.gd:230)
WARNING: Image format RGB8 not supported by hardware, converting to RGBA8.
     at: _validate_texture_format (servers/rendering/renderer_rd/storage_rd/texture_storage.cpp:2265)
     GDScript backtrace (most recent call first):
         [0] _init_textures (res://osm/osm_terrain_generator.gd:305)
         [1] _ready (res://osm/osm_terrain_generator.gd:230)
WARNING: Image format RGB8 not supported by hardware, converting to RGBA8.
     at: _validate_texture_format (servers/rendering/renderer_rd/storage_rd/texture_storage.cpp:2265)
     GDScript backtrace (most recent call first):
         [0] create_forest_texture (res://textures/texture_generator.gd:575)
         [1] _init_textures (res://osm/osm_terrain_generator.gd:308)
         [2] _ready (res://osm/osm_terrain_generator.gd:230)
WARNING: Image format RGB8 not supported by hardware, converting to RGBA8.
     at: _validate_texture_format (servers/rendering/renderer_rd/storage_rd/texture_storage.cpp:2265)
     GDScript backtrace (most recent call first):
         [0] create_asphalt_normal (res://textures/texture_generator.gd:627)
         [1] _init_textures (res://osm/osm_terrain_generator.gd:312)
         [2] _ready (res://osm/osm_terrain_generator.gd:230)
WARNING: Image format RGB8 not supported by hardware, converting to RGBA8.
     at: _validate_texture_format (servers/rendering/renderer_rd/storage_rd/texture_storage.cpp:2265)
     GDScript backtrace (most recent call first):
         [0] create_brick_normal (res://textures/texture_generator.gd:657)
         [1] _init_textures (res://osm/osm_terrain_generator.gd:313)
         [2] _ready (res://osm/osm_terrain_generator.gd:230)
WARNING: Image format RGB8 not supported by hardware, converting to RGBA8.
     at: _validate_texture_format (servers/rendering/renderer_rd/storage_rd/texture_storage.cpp:2265)
     GDScript backtrace (most recent call first):
         [0] create_concrete_normal (res://textures/texture_generator.gd:693)
         [1] _init_textures (res://osm/osm_terrain_generator.gd:314)
         [2] _ready (res://osm/osm_terrain_generator.gd:230)
WARNING: Image format RGB8 not supported by hardware, converting to RGBA8.
     at: _validate_texture_format (servers/rendering/renderer_rd/storage_rd/texture_storage.cpp:2265)
     GDScript backtrace (most recent call first):
         [0] create_panel_building_normal (res://textures/texture_generator.gd:744)
         [1] _init_textures (res://osm/osm_terrain_generator.gd:315)
         [2] _ready (res://osm/osm_terrain_generator.gd:230)
OSM: Textures initialized in 1328 ms
OSM: Initializing window shader (compile once, reuse for all batches)...
OSM: Window shader compiled
=== Performance Profiler Started ===
[OSMTerrain] Profiler created for diagnostics
OSMTerrainGenerator: Profiler connected - road performance will be measured

========== Bottleneck Analyzer Started ==========
Collecting performance data...
=================================================

Loading resource: res://tests/performance_logger.gd

========== DETAILED PERFORMANCE TEST ==========
Random seed: 12345 (fixed for reproducibility)
Location: Cherepovets (59.1167, 37.9000)
Duration: 90 seconds
Spike threshold: 25.0 ms
Tracking: Every spike > 25.0 ms
Night mode: ENABLED
==============================================

2026-01-31 07:25:58.519 Godot[69560:2132402] +[IMKClient subclass]: chose IMKClient_Modern
OSM: Night mode enabled
OSM: Chunk distances - load: 700, unload: 900
OSM: Fog enabled (density: 0.0013 for 600m)
OSM: Ready for loading (waiting for start_loading call)...
Nexia: Found mesh: body_Car Paint PL_0
  -> Created override material for surface 0
  -> Material: Car_Paint_PL (StandardMaterial3D)
  -> Changed body color to cherry (glossy)
Nexia: Found mesh: body_Car Paint PL_02
  -> Created override material for surface 0
  -> Material: Car_Paint_PL (StandardMaterial3D)
  -> Changed body color to cherry (glossy)
Nexia: Found mesh: body_Car Paint PL_03
  -> Created override material for surface 0
  -> Material: Car_Paint_PL (StandardMaterial3D)
  -> Changed body color to cherry (glossy)
Nexia: Found mesh: body_Black leather_0
  -> Skipping (light/wheel/chrome/interior)
Nexia: Found mesh: body_Black leather_02
  -> Skipping (light/wheel/chrome/interior)
Nexia: Found mesh: body_Black leather_03
  -> Skipping (light/wheel/chrome/interior)
Nexia: Found mesh: body_Black Opaque  Glass_0
  -> Created override material for surface 0
  -> Material: Black_Opaque__Glass (StandardMaterial3D)
  -> Changed glass to tinted (day mode)
Nexia: Found mesh: body_mattemetal_0
  -> Skipping (light/wheel/chrome/interior)
Nexia: Found mesh: body_orangeglass_0
  -> Skipping (light/wheel/chrome/interior)
Nexia: Found mesh: body_chrome_0
  -> Skipping (light/wheel/chrome/interior)
Nexia: Found mesh: body_chrome_02
  -> Skipping (light/wheel/chrome/interior)
Nexia: Found mesh: body_chrome_03
  -> Skipping (light/wheel/chrome/interior)
Nexia: Found mesh: body_chrome_04
  -> Skipping (light/wheel/chrome/interior)
Nexia: Found mesh: body_redglass_0
  -> Skipping (light/wheel/chrome/interior)
Nexia: Found mesh: body_AR3DMat Procedural Realistic Mirror_0
  -> Skipping (light/wheel/chrome/interior)
Nexia: Found mesh: wheel_front_left_TireProcedural_0
  -> Skipping (light/wheel/chrome/interior)
Nexia: Found mesh: wheel_front_left_rim_0
  -> Skipping (light/wheel/chrome/interior)
Nexia: Found mesh: wheel_front_left_black_0
  -> Skipping (light/wheel/chrome/interior)
Nexia: Found mesh: wheel_front_left_brakedisk_0
  -> Skipping (light/wheel/chrome/interior)
Nexia: Found mesh: wheel_front_left_mattemetal_0
  -> Skipping (light/wheel/chrome/interior)
Nexia: Found mesh: wheel_front_right_TireProcedural_0
  -> Skipping (light/wheel/chrome/interior)
Nexia: Found mesh: wheel_front_right_rim_0
  -> Skipping (light/wheel/chrome/interior)
Nexia: Found mesh: wheel_front_right_black_0
  -> Skipping (light/wheel/chrome/interior)
Nexia: Found mesh: wheel_front_right_brakedisk_0
  -> Skipping (light/wheel/chrome/interior)
Nexia: Found mesh: wheel_front_right_mattemetal_0
  -> Skipping (light/wheel/chrome/interior)
Nexia: Found mesh: wheel_rear_left_TireProcedural_0
  -> Skipping (light/wheel/chrome/interior)
Nexia: Found mesh: wheel_rear_left_black_0
  -> Skipping (light/wheel/chrome/interior)
Nexia: Found mesh: wheel_rear_left_brakedisk_0
  -> Skipping (light/wheel/chrome/interior)
Nexia: Found mesh: wheel_rear_left_rim_0
  -> Skipping (light/wheel/chrome/interior)
Nexia: Found mesh: wheel_rear_left_mattemetal_0
  -> Skipping (light/wheel/chrome/interior)
Nexia: Found mesh: wheel_rear_right_TireProcedural_0
  -> Skipping (light/wheel/chrome/interior)
Nexia: Found mesh: wheel_rear_right_black_0
  -> Skipping (light/wheel/chrome/interior)
Nexia: Found mesh: wheel_rear_right_brakedisk_0
  -> Skipping (light/wheel/chrome/interior)
Nexia: Found mesh: wheel_rear_right_rim_0
  -> Skipping (light/wheel/chrome/interior)
Nexia: Found mesh: wheel_rear_right_mattemetal_0
  -> Skipping (light/wheel/chrome/interior)
Nexia: Found taillight mesh: body_redglass_0
  -> Added taillight material
  -> Created brake SpotLight at (-0.5, 0.9, 1.95)
  -> Created brake SpotLight at (0.5, 0.9, 1.95)
Nexia: Found front marker mesh: body_orangeglass_0
  -> Added front marker material
  -> Created headlight SpotLight at (-0.55, 0.75, -1.9)
  -> Created headlight SpotLight at (0.55, 0.75, -1.9)
  -> Created underglow with 16 lights
Nexia model setup complete
=== Performance Profiler Started ===
[TrafficManager] Profiler created for diagnostics
TrafficManager: Initialized (max 200 NPCs)
Loading cache for shader SkyShaderRD, variant 0
Loading cache for shader SkyShaderRD, variant 1
Loading cache for shader SkyShaderRD, variant 2
Loading cache for shader SkyShaderRD, variant 3
Loading cache for shader SkyShaderRD, variant 4
Loading cache for shader SkyShaderRD, variant 5
Loading cache for shader SkyShaderRD, variant 0
Loading cache for shader SkyShaderRD, variant 1
Loading cache for shader SkyShaderRD, variant 2
Loading cache for shader SkyShaderRD, variant 3
Loading cache for shader SkyShaderRD, variant 4
Loading cache for shader SkyShaderRD, variant 5
Loading cache for shader ParticlesShaderRD, variant 0
Loading cache for shader SceneForwardClusteredShaderRD, variant 0
Loading cache for shader SceneForwardClusteredShaderRD, variant 1
Loading cache for shader SceneForwardClusteredShaderRD, variant 2
Loading cache for shader SceneForwardClusteredShaderRD, variant 3
Loading cache for shader SceneForwardClusteredShaderRD, variant 4
Loading cache for shader SceneForwardClusteredShaderRD, variant 5
Loading cache for shader SceneForwardClusteredShaderRD, variant 6
Loading cache for shader SceneForwardClusteredShaderRD, variant 7
NightModeManager: Ready (day mode, no rain)
GraphicsSettings: Found WorldEnvironment
GraphicsSettings: Found Camera3D: Camera3D
GraphicsSettings: Loading settings from file...
GraphicsSettings: Settings loaded - FXAA: false, TAA: true, MSAA: 1
GraphicsSettings: Applying initial settings...
SSR: OFF
Fog: ON
Glow: ON
SSAO: ON
TAA: ON
MSAA: 2X
FXAA disabled on root viewport
DOF: ON (far distance: 100m)
GraphicsSettings: Ready
[Systems Found]
  OSMTerrain: NO
  TrafficManager: NO
  NightModeManager: NO
  Player Car: YES

[PerformanceTestDetailed] Found nodes:
  Car: YES
  VehicleInput: YES
  OSMTerrain: YES
[PerformanceTestDetailed] Night mode ENABLED (windows + lights + moon)
[PerformanceTestDetailed] Connected to terrain loading signals
[PerformanceTestDetailed] Starting terrain loading...
OSM: Starting initial loading... (generation 0)
OSM: State before start: _loaded_chunks=0, _loading_chunks=0
OSM: Loading chunks around car position (0.0, 0.9, 0.0)
OSM: Need to load 16 chunks for initial area
OSM: Emitting initial_load_started signal...
OSM: initial_load_started signal emitted
OSM: Loading chunk -2,-2 at lat=59.1208, lon=37.8921
OSM: Loaded from cache: osm_v2_59.1208_37.8921_250.json
OSM: Loading chunk -2,-1 at lat=59.1181, lon=37.8921
OSM: Loaded from cache: osm_v2_59.1181_37.8921_250.json
OSM: Loading chunk -2,0 at lat=59.1153, lon=37.8921
OSM: Loaded from cache: osm_v2_59.1153_37.8921_250.json
OSM: Loading chunk -2,1 at lat=59.1126, lon=37.8921
OSM: Loaded from cache: osm_v2_59.1126_37.8921_250.json
OSM: Loading chunk -1,-2 at lat=59.1208, lon=37.8974
OSM: Loaded from cache: osm_v2_59.1208_37.8974_250.json
OSM: Loading chunk -1,-1 at lat=59.1181, lon=37.8974
OSM: Loaded from cache: osm_v2_59.1181_37.8974_250.json
OSM: Loading chunk -1,0 at lat=59.1153, lon=37.8974
OSM: Loaded from cache: osm_v2_59.1153_37.8974_250.json
OSM: Loading chunk -1,1 at lat=59.1126, lon=37.8974
OSM: Loaded from cache: osm_v2_59.1126_37.8974_250.json
OSM: Loading chunk 0,-2 at lat=59.1208, lon=37.9026
OSM: Loaded from cache: osm_v2_59.1208_37.9026_250.json
OSM: Loading chunk 0,-1 at lat=59.1181, lon=37.9026
OSM: Loaded from cache: osm_v2_59.1181_37.9026_250.json
OSM: Loading chunk 0,0 at lat=59.1153, lon=37.9026
OSM: Loaded from cache: osm_v2_59.1153_37.9026_250.json
OSM: Loading chunk 0,1 at lat=59.1126, lon=37.9026
OSM: Loaded from cache: osm_v2_59.1126_37.9026_250.json
OSM: Loading chunk 1,-2 at lat=59.1208, lon=37.9079
OSM: Loaded from cache: osm_v2_59.1208_37.9079_250.json
OSM: Loading chunk 1,-1 at lat=59.1181, lon=37.9079
OSM: Loaded from cache: osm_v2_59.1181_37.9079_250.json
OSM: Loading chunk 1,0 at lat=59.1153, lon=37.9079
OSM: Loaded from cache: osm_v2_59.1153_37.9079_250.json
OSM: Loading chunk 1,1 at lat=59.1126, lon=37.9079
OSM: Loaded from cache: osm_v2_59.1126_37.9079_250.json
OSM: Started loading 16 chunks (total needed: 16, already loaded: 0)
OSM: Chunk -2,-2 data loaded
OSM: Found 7 POI nodes in chunk
POI_DEBUG: Found 'Магнит' inside building at local (-583.6, -540.7)
POI_DEBUG: Found 'Бристоль' inside building at local (-593.0, -497.7)
POI_DEBUG: Found 'Антей' inside building at local (-591.1, -510.1)
BusinessSign: Found logo for 'магнит' -> res://textures/brand_logos/magnit.png
Loading resource: res://textures/brand_logos/magnit.png
Loading resource: res://.godot/imported/magnit.png-31fdba21c9aa2a67aac0029f80d6b4cb.ctex
Loading cache for shader SceneForwardClusteredShaderRD, variant 0
Loading cache for shader SceneForwardClusteredShaderRD, variant 1
Loading cache for shader SceneForwardClusteredShaderRD, variant 2
Loading cache for shader SceneForwardClusteredShaderRD, variant 3
Loading cache for shader SceneForwardClusteredShaderRD, variant 4
Loading cache for shader SceneForwardClusteredShaderRD, variant 5
Loading cache for shader SceneForwardClusteredShaderRD, variant 6
Loading cache for shader SceneForwardClusteredShaderRD, variant 7
Loading cache for shader SceneForwardClusteredShaderRD, variant 0
Loading cache for shader SceneForwardClusteredShaderRD, variant 1
Loading cache for shader SceneForwardClusteredShaderRD, variant 2
Loading cache for shader SceneForwardClusteredShaderRD, variant 3
Loading cache for shader SceneForwardClusteredShaderRD, variant 4
Loading cache for shader SceneForwardClusteredShaderRD, variant 5
Loading cache for shader SceneForwardClusteredShaderRD, variant 6
Loading cache for shader SceneForwardClusteredShaderRD, variant 7
POI_DEBUG: Found 'Ozon' inside building at local (-577.4, -467.7)
POI_DEBUG: Found 'Пятёрочка' inside building at local (-583.9, -471.4)
BusinessSign: Found logo for 'ozon' -> res://textures/brand_logos/ozon.png
Loading resource: res://textures/brand_logos/ozon.png
Loading resource: res://.godot/imported/ozon.png-cc772cb0e65a53f513cfd9ec9f032a08.ctex
BusinessSign: Found logo for 'пятёрочка' -> res://textures/brand_logos/pyaterochka.png
Loading resource: res://textures/brand_logos/pyaterochka.png
Loading resource: res://.godot/imported/pyaterochka.png-384b1f6c66bb2386d37f8481b233ca9c.ctex
Loading cache for shader SceneForwardClusteredShaderRD, variant 0
Loading cache for shader SceneForwardClusteredShaderRD, variant 1
Loading cache for shader SceneForwardClusteredShaderRD, variant 2
Loading cache for shader SceneForwardClusteredShaderRD, variant 3
Loading cache for shader SceneForwardClusteredShaderRD, variant 4
Loading cache for shader SceneForwardClusteredShaderRD, variant 5
Loading cache for shader SceneForwardClusteredShaderRD, variant 6
Loading cache for shader SceneForwardClusteredShaderRD, variant 7
OSM: Generated 39 roads, 29 buildings, 0 trees, 0 signs, 0 lamps, 22 intersections
OSM: Marked chunk '-2,-2' for road batch finalization
OSM DEBUG: Missing chunks (15): ["-2,-1", "-2,0", "-2,1", "-1,-2", "-1,-1", "-1,0", "-1,1", "0,-2", "0,-1", "0,0", "0,1", "1,-2", "1,-1", "1,0", "1,1"]
  - Currently loading: ["-2,-1", "-2,0", "-2,1", "-1,-2", "-1,-1", "-1,0", "-1,1", "0,-2", "0,-1", "0,0", "0,1", "1,-2", "1,-1", "1,0", "1,1"]
OSM: Chunk -2,-1 data loaded
OSM: Generated 30 roads, 10 buildings, 0 trees, 0 signs, 0 lamps, 6 intersections
OSM: Marked chunk '-2,-1' for road batch finalization
OSM DEBUG: Missing chunks (14): ["-2,0", "-2,1", "-1,-2", "-1,-1", "-1,0", "-1,1", "0,-2", "0,-1", "0,0", "0,1", "1,-2", "1,-1", "1,0", "1,1"]
  - Currently loading: ["-2,0", "-2,1", "-1,-2", "-1,-1", "-1,0", "-1,1", "0,-2", "0,-1", "0,0", "0,1", "1,-2", "1,-1", "1,0", "1,1"]
OSM: Chunk -2,0 data loaded
Loading cache for shader SceneForwardClusteredShaderRD, variant 0
Loading cache for shader SceneForwardClusteredShaderRD, variant 1
Loading cache for shader SceneForwardClusteredShaderRD, variant 2
Loading cache for shader SceneForwardClusteredShaderRD, variant 3
Loading cache for shader SceneForwardClusteredShaderRD, variant 4
Loading cache for shader SceneForwardClusteredShaderRD, variant 5
Loading cache for shader SceneForwardClusteredShaderRD, variant 6
Loading cache for shader SceneForwardClusteredShaderRD, variant 7
OSM: Generated 13 roads, 3 buildings, 0 trees, 0 signs, 0 lamps, 1 intersections
OSM: Marked chunk '-2,0' for road batch finalization
OSM DEBUG: Missing chunks (13): ["-2,1", "-1,-2", "-1,-1", "-1,0", "-1,1", "0,-2", "0,-1", "0,0", "0,1", "1,-2", "1,-1", "1,0", "1,1"]
  - Currently loading: ["-2,1", "-1,-2", "-1,-1", "-1,0", "-1,1", "0,-2", "0,-1", "0,0", "0,1", "1,-2", "1,-1", "1,0", "1,1"]
OSM: Chunk -2,1 data loaded
OSM: Generated 0 roads, 0 buildings, 0 trees, 0 signs, 0 lamps, 0 intersections
OSM: Marked chunk '-2,1' for road batch finalization
OSM DEBUG: Missing chunks (12): ["-1,-2", "-1,-1", "-1,0", "-1,1", "0,-2", "0,-1", "0,0", "0,1", "1,-2", "1,-1", "1,0", "1,1"]
  - Currently loading: ["-1,-2", "-1,-1", "-1,0", "-1,1", "0,-2", "0,-1", "0,0", "0,1", "1,-2", "1,-1", "1,0", "1,1"]
OSM: Chunk -1,-2 data loaded
OSM: Found 5 entrance nodes in chunk
OSM: Found 6 POI nodes in chunk
Loading cache for shader SceneForwardClusteredShaderRD, variant 0
Loading cache for shader SceneForwardClusteredShaderRD, variant 1
Loading cache for shader SceneForwardClusteredShaderRD, variant 2
Loading cache for shader SceneForwardClusteredShaderRD, variant 3
Loading cache for shader SceneForwardClusteredShaderRD, variant 4
Loading cache for shader SceneForwardClusteredShaderRD, variant 5
Loading cache for shader SceneForwardClusteredShaderRD, variant 6
Loading cache for shader SceneForwardClusteredShaderRD, variant 7
OSM: Generated 33 roads, 31 buildings, 0 trees, 0 signs, 0 lamps, 13 intersections
OSM: Marked chunk '-1,-2' for road batch finalization
OSM DEBUG: Missing chunks (11): ["-1,-1", "-1,0", "-1,1", "0,-2", "0,-1", "0,0", "0,1", "1,-2", "1,-1", "1,0", "1,1"]
  - Currently loading: ["-1,-1", "-1,0", "-1,1", "0,-2", "0,-1", "0,0", "0,1", "1,-2", "1,-1", "1,0", "1,1"]
OSM: Chunk -1,-1 data loaded
OSM: Found 3 POI nodes in chunk
POI_DEBUG: Found 'Магнит' inside building at local (-106.5, -187.7)
BusinessSign: Found logo for 'магнит' -> res://textures/brand_logos/magnit.png
POI_DEBUG: Found 'Северный градус' inside building at local (-108.4, -158.5)
BusinessSign: Found logo for 'северный градус' -> res://textures/brand_logos/severniy-gradus.png
Loading resource: res://textures/brand_logos/severniy-gradus.png
Loading resource: res://.godot/imported/severniy-gradus.png-79cfe55b765c858de7f261949750f3ce.ctex
OSM: Generated 55 roads, 21 buildings, 1 trees, 0 signs, 0 lamps, 27 intersections
OSM: Marked chunk '-1,-1' for road batch finalization
OSM DEBUG: Missing chunks (10): ["-1,0", "-1,1", "0,-2", "0,-1", "0,0", "0,1", "1,-2", "1,-1", "1,0", "1,1"]
  - Currently loading: ["-1,0", "-1,1", "0,-2", "0,-1", "0,0", "0,1", "1,-2", "1,-1", "1,0", "1,1"]
OSM: Chunk -1,0 data loaded
OSM: Found 1 POI nodes in chunk
OSM: Generated 20 roads, 11 buildings, 0 trees, 0 signs, 0 lamps, 9 intersections
OSM: Marked chunk '-1,0' for road batch finalization
OSM DEBUG: Missing chunks (9): ["-1,1", "0,-2", "0,-1", "0,0", "0,1", "1,-2", "1,-1", "1,0", "1,1"]
  - Currently loading: ["-1,1", "0,-2", "0,-1", "0,0", "0,1", "1,-2", "1,-1", "1,0", "1,1"]
OSM: Chunk -1,1 data loaded
OSM: Generated 0 roads, 0 buildings, 0 trees, 0 signs, 0 lamps, 0 intersections
OSM: Marked chunk '-1,1' for road batch finalization
OSM DEBUG: Missing chunks (8): ["0,-2", "0,-1", "0,0", "0,1", "1,-2", "1,-1", "1,0", "1,1"]
  - Currently loading: ["0,-2", "0,-1", "0,0", "0,1", "1,-2", "1,-1", "1,0", "1,1"]
OSM: Chunk 0,-2 data loaded
OSM: Found 10 POI nodes in chunk
POI_DEBUG: Found 'Антей' inside building at local (29.3, -584.4)
POI_DEBUG: Found 'Coffee Like' inside building at local (88.6, -413.9)
OSM: Generated 59 roads, 20 buildings, 0 trees, 0 signs, 0 lamps, 15 intersections
OSM: Marked chunk '0,-2' for road batch finalization
OSM DEBUG: Missing chunks (7): ["0,-1", "0,0", "0,1", "1,-2", "1,-1", "1,0", "1,1"]
  - Currently loading: ["0,-1", "0,0", "0,1", "1,-2", "1,-1", "1,0", "1,1"]
OSM: Chunk 0,-1 data loaded
OSM: Found 3 entrance nodes in chunk
OSM: Found 4 POI nodes in chunk
POI_DEBUG: Found 'Фонд капитального ремонта многоквартирных домов Вологодской области' inside building at local (283.4, -263.6)
POI_DEBUG: Found 'Пионер-сервис. Сервисный центр Самсунг' inside building at local (240.9, -141.4)
OSM: Generated 61 roads, 15 buildings, 0 trees, 0 signs, 0 lamps, 17 intersections
OSM: Marked chunk '0,-1' for road batch finalization
OSM DEBUG: Missing chunks (6): ["0,0", "0,1", "1,-2", "1,-1", "1,0", "1,1"]
  - Currently loading: ["0,0", "0,1", "1,-2", "1,-1", "1,0", "1,1"]
OSM: Chunk 0,0 data loaded
OSM: Found 2 entrance nodes in chunk
OSM: Generated 42 roads, 0 buildings, 0 trees, 0 signs, 0 lamps, 4 intersections
OSM: Marked chunk '0,0' for road batch finalization
OSM DEBUG: Missing chunks (5): ["0,1", "1,-2", "1,-1", "1,0", "1,1"]
  - Currently loading: ["0,1", "1,-2", "1,-1", "1,0", "1,1"]
OSM: Chunk 0,1 data loaded
OSM: Generated 1 roads, 0 buildings, 0 trees, 0 signs, 0 lamps, 0 intersections
OSM: Marked chunk '0,1' for road batch finalization
OSM DEBUG: Missing chunks (4): ["1,-2", "1,-1", "1,0", "1,1"]
  - Currently loading: ["1,-2", "1,-1", "1,0", "1,1"]
OSM: Chunk 1,-2 data loaded
OSM: Found 4 entrance nodes in chunk
OSM: Found 11 POI nodes in chunk
POI_DEBUG: Found 'Ли Лу' inside building at local (337.6, -257.6)
POI_DEBUG: Found 'ВТБ' inside building at local (407.3, -531.1)
BusinessSign: Found logo for 'втб' -> res://textures/brand_logos/vtb.png
Loading resource: res://textures/brand_logos/vtb.png
Loading resource: res://.godot/imported/vtb.png-4da497bc31ee73b71092cb16c05ad0ec.ctex
POI_DEBUG: Found 'OTP-банк' inside building at local (592.3, -604.5)
POI_DEBUG: Found 'ВТБ' inside building at local (594.8, -612.1)
POI_DEBUG: Found 'Шашлычек' inside building at local (589.3, -592.4)
POI_DEBUG: Found 'Easy Slip' inside building at local (581.6, -593.1)
BusinessSign: Found logo for 'втб' -> res://textures/brand_logos/vtb.png
OSM: Generated 52 roads, 35 buildings, 0 trees, 0 signs, 0 lamps, 34 intersections
OSM: Marked chunk '1,-2' for road batch finalization
OSM DEBUG: Missing chunks (3): ["1,-1", "1,0", "1,1"]
  - Currently loading: ["1,-1", "1,0", "1,1"]
OSM: Chunk 1,-1 data loaded
OSM: Found 8 entrance nodes in chunk
OSM: Found 5 POI nodes in chunk
POI_DEBUG: Found 'Фонд капитального ремонта многоквартирных домов Вологодской области' inside building at local (283.4, -263.6)
POI_DEBUG: Found 'Ли Лу' inside building at local (337.6, -257.6)
OSM: Generated 51 roads, 33 buildings, 0 trees, 0 signs, 0 lamps, 41 intersections
OSM: Marked chunk '1,-1' for road batch finalization
OSM DEBUG: Missing chunks (2): ["1,0", "1,1"]
  - Currently loading: ["1,0", "1,1"]
OSM: Chunk 1,0 data loaded
OSM: Found 4 entrance nodes in chunk
OSM: Generated 2 roads, 2 buildings, 0 trees, 0 signs, 0 lamps, 0 intersections
OSM: Marked chunk '1,0' for road batch finalization
OSM DEBUG: Missing chunks (1): ["1,1"]
  - Currently loading: ["1,1"]
OSM: Chunk 1,1 data loaded
OSM: Generated 0 roads, 0 buildings, 0 trees, 0 signs, 0 lamps, 0 intersections
OSM: Marked chunk '1,1' for road batch finalization
OSM DEBUG: Chunks loaded 16/16, but queues not empty:
  - _building_results: 176
  - _road_queue: 458
  - _terrain_objects_queue: 97
  - _infrastructure_queue: 177
  - _pending_building_tasks: 0
Loading cache for shader SceneForwardClusteredShaderRD, variant 0
Loading cache for shader SceneForwardClusteredShaderRD, variant 1
Loading cache for shader SceneForwardClusteredShaderRD, variant 2
Loading cache for shader SceneForwardClusteredShaderRD, variant 3
Loading cache for shader SceneForwardClusteredShaderRD, variant 4
Loading cache for shader SceneForwardClusteredShaderRD, variant 5
Loading cache for shader SceneForwardClusteredShaderRD, variant 6
Loading cache for shader SceneForwardClusteredShaderRD, variant 7
Loading cache for shader SceneForwardClusteredShaderRD, variant 0
Loading cache for shader SceneForwardClusteredShaderRD, variant 1
Loading cache for shader SceneForwardClusteredShaderRD, variant 2
Loading cache for shader SceneForwardClusteredShaderRD, variant 3
Loading cache for shader SceneForwardClusteredShaderRD, variant 4
Loading cache for shader SceneForwardClusteredShaderRD, variant 5
Loading cache for shader SceneForwardClusteredShaderRD, variant 6
Loading cache for shader SceneForwardClusteredShaderRD, variant 7
OSM: DEBUG _add_road_to_batch - first road for chunk '0,0', parent.name='Chunk_0,0'
OSM: DEBUG _add_road_to_batch - first road for chunk '-1,0', parent.name='Chunk_-1,0'
OSM: DEBUG _add_road_to_batch - first road for chunk '0,-1', parent.name='Chunk_0,-1'
OSM: DEBUG _add_road_to_batch - first road for chunk '-1,-1', parent.name='Chunk_-1,-1'
⚠️ SLOW FRAME 93.5ms: building=1.2 road=8.3 terrain=67.9 infra=1.3 veg=14.7 curb=0.0ms
OSM DEBUG: Chunks loaded 16/16, but queues not empty:
  - _building_results: 175
  - _road_queue: 436
  - _terrain_objects_queue: 95
  - _infrastructure_queue: 176
  - _pending_building_tasks: 0
Loading cache for shader SceneForwardClusteredShaderRD, variant 0
Loading cache for shader SceneForwardClusteredShaderRD, variant 1
Loading cache for shader SceneForwardClusteredShaderRD, variant 2
Loading cache for shader SceneForwardClusteredShaderRD, variant 3
Loading cache for shader SceneForwardClusteredShaderRD, variant 4
Loading cache for shader SceneForwardClusteredShaderRD, variant 5
Loading cache for shader SceneForwardClusteredShaderRD, variant 6
Loading cache for shader SceneForwardClusteredShaderRD, variant 7
Loading cache for shader SceneForwardClusteredShaderRD, variant 0
Loading cache for shader SceneForwardClusteredShaderRD, variant 1
Loading cache for shader SceneForwardClusteredShaderRD, variant 2
Loading cache for shader SceneForwardClusteredShaderRD, variant 3
Loading cache for shader SceneForwardClusteredShaderRD, variant 4
Loading cache for shader SceneForwardClusteredShaderRD, variant 5
Loading cache for shader SceneForwardClusteredShaderRD, variant 6
Loading cache for shader SceneForwardClusteredShaderRD, variant 7
Loading cache for shader SceneForwardClusteredShaderRD, variant 0
Loading cache for shader SceneForwardClusteredShaderRD, variant 1
Loading cache for shader SceneForwardClusteredShaderRD, variant 2
Loading cache for shader SceneForwardClusteredShaderRD, variant 3
Loading cache for shader SceneForwardClusteredShaderRD, variant 4
Loading cache for shader SceneForwardClusteredShaderRD, variant 5
Loading cache for shader SceneForwardClusteredShaderRD, variant 6
Loading cache for shader SceneForwardClusteredShaderRD, variant 7
Loading cache for shader SceneForwardClusteredShaderRD, variant 8
Loading cache for shader SceneForwardClusteredShaderRD, variant 9
Loading cache for shader SceneForwardClusteredShaderRD, variant 10
Loading cache for shader SceneForwardClusteredShaderRD, variant 11
Loading cache for shader SceneForwardClusteredShaderRD, variant 12
Loading cache for shader SceneForwardClusteredShaderRD, variant 13
Loading cache for shader SceneForwardClusteredShaderRD, variant 14
Loading cache for shader SceneForwardClusteredShaderRD, variant 15
Loading cache for shader SceneForwardClusteredShaderRD, variant 16
Loading cache for shader SceneForwardClusteredShaderRD, variant 17
Loading cache for shader SceneForwardClusteredShaderRD, variant 0
Loading cache for shader SceneForwardClusteredShaderRD, variant 1
Loading cache for shader SceneForwardClusteredShaderRD, variant 2
Loading cache for shader SceneForwardClusteredShaderRD, variant 3
Loading cache for shader SceneForwardClusteredShaderRD, variant 4
Loading cache for shader SceneForwardClusteredShaderRD, variant 5
Loading cache for shader SceneForwardClusteredShaderRD, variant 6
Loading cache for shader SceneForwardClusteredShaderRD, variant 7
Loading cache for shader SceneForwardClusteredShaderRD, variant 8
Loading cache for shader SceneForwardClusteredShaderRD, variant 9
Loading cache for shader SceneForwardClusteredShaderRD, variant 10
Loading cache for shader SceneForwardClusteredShaderRD, variant 11
Loading cache for shader SceneForwardClusteredShaderRD, variant 12
Loading cache for shader SceneForwardClusteredShaderRD, variant 13
Loading cache for shader SceneForwardClusteredShaderRD, variant 14
Loading cache for shader SceneForwardClusteredShaderRD, variant 15
Loading cache for shader SceneForwardClusteredShaderRD, variant 16
Loading cache for shader SceneForwardClusteredShaderRD, variant 17
Loading cache for shader SceneForwardClusteredShaderRD, variant 0
Loading cache for shader SceneForwardClusteredShaderRD, variant 1
Loading cache for shader SceneForwardClusteredShaderRD, variant 2
Loading cache for shader SceneForwardClusteredShaderRD, variant 3
Loading cache for shader SceneForwardClusteredShaderRD, variant 4
Loading cache for shader SceneForwardClusteredShaderRD, variant 5
Loading cache for shader SceneForwardClusteredShaderRD, variant 6
Loading cache for shader SceneForwardClusteredShaderRD, variant 7
Loading cache for shader SceneForwardClusteredShaderRD, variant 8
Loading cache for shader SceneForwardClusteredShaderRD, variant 9
Loading cache for shader SceneForwardClusteredShaderRD, variant 10
Loading cache for shader SceneForwardClusteredShaderRD, variant 11
Loading cache for shader SceneForwardClusteredShaderRD, variant 12
Loading cache for shader SceneForwardClusteredShaderRD, variant 13
Loading cache for shader SceneForwardClusteredShaderRD, variant 14
Loading cache for shader SceneForwardClusteredShaderRD, variant 15
Loading cache for shader SceneForwardClusteredShaderRD, variant 16
Loading cache for shader SceneForwardClusteredShaderRD, variant 17
Loading cache for shader SceneForwardClusteredShaderRD, variant 0
Loading cache for shader SceneForwardClusteredShaderRD, variant 1
Loading cache for shader SceneForwardClusteredShaderRD, variant 2
Loading cache for shader SceneForwardClusteredShaderRD, variant 3
Loading cache for shader SceneForwardClusteredShaderRD, variant 4
Loading cache for shader SceneForwardClusteredShaderRD, variant 5
Loading cache for shader SceneForwardClusteredShaderRD, variant 6
Loading cache for shader SceneForwardClusteredShaderRD, variant 7
Loading cache for shader SceneForwardClusteredShaderRD, variant 8
Loading cache for shader SceneForwardClusteredShaderRD, variant 9
Loading cache for shader SceneForwardClusteredShaderRD, variant 10
Loading cache for shader SceneForwardClusteredShaderRD, variant 11
Loading cache for shader SceneForwardClusteredShaderRD, variant 12
Loading cache for shader SceneForwardClusteredShaderRD, variant 13
Loading cache for shader SceneForwardClusteredShaderRD, variant 14
Loading cache for shader SceneForwardClusteredShaderRD, variant 15
Loading cache for shader SceneForwardClusteredShaderRD, variant 16
Loading cache for shader SceneForwardClusteredShaderRD, variant 17
Loading cache for shader SceneForwardClusteredShaderRD, variant 0
Loading cache for shader SceneForwardClusteredShaderRD, variant 1
Loading cache for shader SceneForwardClusteredShaderRD, variant 2
Loading cache for shader SceneForwardClusteredShaderRD, variant 3
Loading cache for shader SceneForwardClusteredShaderRD, variant 4
Loading cache for shader SceneForwardClusteredShaderRD, variant 5
Loading cache for shader SceneForwardClusteredShaderRD, variant 6
Loading cache for shader SceneForwardClusteredShaderRD, variant 7
Loading cache for shader SceneForwardClusteredShaderRD, variant 8
Loading cache for shader SceneForwardClusteredShaderRD, variant 9
Loading cache for shader SceneForwardClusteredShaderRD, variant 10
Loading cache for shader SceneForwardClusteredShaderRD, variant 11
Loading cache for shader SceneForwardClusteredShaderRD, variant 12
Loading cache for shader SceneForwardClusteredShaderRD, variant 13
Loading cache for shader SceneForwardClusteredShaderRD, variant 14
Loading cache for shader SceneForwardClusteredShaderRD, variant 15
Loading cache for shader SceneForwardClusteredShaderRD, variant 16
Loading cache for shader SceneForwardClusteredShaderRD, variant 17
Loading cache for shader SceneForwardClusteredShaderRD, variant 0
Loading cache for shader SceneForwardClusteredShaderRD, variant 1
Loading cache for shader SceneForwardClusteredShaderRD, variant 2
Loading cache for shader SceneForwardClusteredShaderRD, variant 3
Loading cache for shader SceneForwardClusteredShaderRD, variant 4
Loading cache for shader SceneForwardClusteredShaderRD, variant 5
Loading cache for shader SceneForwardClusteredShaderRD, variant 6
Loading cache for shader SceneForwardClusteredShaderRD, variant 7
Loading cache for shader SceneForwardClusteredShaderRD, variant 8
Loading cache for shader SceneForwardClusteredShaderRD, variant 9
Loading cache for shader SceneForwardClusteredShaderRD, variant 10
Loading cache for shader SceneForwardClusteredShaderRD, variant 11
Loading cache for shader SceneForwardClusteredShaderRD, variant 12
Loading cache for shader SceneForwardClusteredShaderRD, variant 13
Loading cache for shader SceneForwardClusteredShaderRD, variant 14
Loading cache for shader SceneForwardClusteredShaderRD, variant 15
Loading cache for shader SceneForwardClusteredShaderRD, variant 16
Loading cache for shader SceneForwardClusteredShaderRD, variant 17
Loading cache for shader SceneForwardClusteredShaderRD, variant 0
Loading cache for shader SceneForwardClusteredShaderRD, variant 1
Loading cache for shader SceneForwardClusteredShaderRD, variant 2
Loading cache for shader SceneForwardClusteredShaderRD, variant 3
Loading cache for shader SceneForwardClusteredShaderRD, variant 4
Loading cache for shader SceneForwardClusteredShaderRD, variant 5
Loading cache for shader SceneForwardClusteredShaderRD, variant 6
Loading cache for shader SceneForwardClusteredShaderRD, variant 7
Loading cache for shader SceneForwardClusteredShaderRD, variant 8
Loading cache for shader SceneForwardClusteredShaderRD, variant 9
Loading cache for shader SceneForwardClusteredShaderRD, variant 10
Loading cache for shader SceneForwardClusteredShaderRD, variant 11
Loading cache for shader SceneForwardClusteredShaderRD, variant 12
Loading cache for shader SceneForwardClusteredShaderRD, variant 13
Loading cache for shader SceneForwardClusteredShaderRD, variant 14
Loading cache for shader SceneForwardClusteredShaderRD, variant 15
Loading cache for shader SceneForwardClusteredShaderRD, variant 16
Loading cache for shader SceneForwardClusteredShaderRD, variant 17
Loading cache for shader SceneForwardClusteredShaderRD, variant 0
Loading cache for shader SceneForwardClusteredShaderRD, variant 1
Loading cache for shader SceneForwardClusteredShaderRD, variant 2
Loading cache for shader SceneForwardClusteredShaderRD, variant 3
Loading cache for shader SceneForwardClusteredShaderRD, variant 4
Loading cache for shader SceneForwardClusteredShaderRD, variant 5
Loading cache for shader SceneForwardClusteredShaderRD, variant 6
Loading cache for shader SceneForwardClusteredShaderRD, variant 7
Loading cache for shader SceneForwardClusteredShaderRD, variant 8
Loading cache for shader SceneForwardClusteredShaderRD, variant 9
Loading cache for shader SceneForwardClusteredShaderRD, variant 10
Loading cache for shader SceneForwardClusteredShaderRD, variant 11
Loading cache for shader SceneForwardClusteredShaderRD, variant 12
Loading cache for shader SceneForwardClusteredShaderRD, variant 13
Loading cache for shader SceneForwardClusteredShaderRD, variant 14
Loading cache for shader SceneForwardClusteredShaderRD, variant 15
Loading cache for shader SceneForwardClusteredShaderRD, variant 16
Loading cache for shader SceneForwardClusteredShaderRD, variant 17
Loading cache for shader SceneForwardClusteredShaderRD, variant 0
Loading cache for shader SceneForwardClusteredShaderRD, variant 1
Loading cache for shader SceneForwardClusteredShaderRD, variant 2
Loading cache for shader SceneForwardClusteredShaderRD, variant 3
Loading cache for shader SceneForwardClusteredShaderRD, variant 4
Loading cache for shader SceneForwardClusteredShaderRD, variant 5
Loading cache for shader SceneForwardClusteredShaderRD, variant 6
Loading cache for shader SceneForwardClusteredShaderRD, variant 7
Loading cache for shader SceneForwardClusteredShaderRD, variant 8
Loading cache for shader SceneForwardClusteredShaderRD, variant 9
Loading cache for shader SceneForwardClusteredShaderRD, variant 10
Loading cache for shader SceneForwardClusteredShaderRD, variant 11
Loading cache for shader SceneForwardClusteredShaderRD, variant 12
Loading cache for shader SceneForwardClusteredShaderRD, variant 13
Loading cache for shader SceneForwardClusteredShaderRD, variant 14
Loading cache for shader SceneForwardClusteredShaderRD, variant 15
Loading cache for shader SceneForwardClusteredShaderRD, variant 16
Loading cache for shader SceneForwardClusteredShaderRD, variant 17
Loading cache for shader SceneForwardClusteredShaderRD, variant 0
Loading cache for shader SceneForwardClusteredShaderRD, variant 1
Loading cache for shader SceneForwardClusteredShaderRD, variant 2
Loading cache for shader SceneForwardClusteredShaderRD, variant 3
Loading cache for shader SceneForwardClusteredShaderRD, variant 4
Loading cache for shader SceneForwardClusteredShaderRD, variant 5
Loading cache for shader SceneForwardClusteredShaderRD, variant 6
Loading cache for shader SceneForwardClusteredShaderRD, variant 7
Loading cache for shader SceneForwardClusteredShaderRD, variant 8
Loading cache for shader SceneForwardClusteredShaderRD, variant 9
Loading cache for shader SceneForwardClusteredShaderRD, variant 10
Loading cache for shader SceneForwardClusteredShaderRD, variant 11
Loading cache for shader SceneForwardClusteredShaderRD, variant 12
Loading cache for shader SceneForwardClusteredShaderRD, variant 13
Loading cache for shader SceneForwardClusteredShaderRD, variant 14
Loading cache for shader SceneForwardClusteredShaderRD, variant 15
Loading cache for shader SceneForwardClusteredShaderRD, variant 16
Loading cache for shader SceneForwardClusteredShaderRD, variant 17
Loading cache for shader SceneForwardClusteredShaderRD, variant 0
Loading cache for shader SceneForwardClusteredShaderRD, variant 1
Loading cache for shader SceneForwardClusteredShaderRD, variant 2
Loading cache for shader SceneForwardClusteredShaderRD, variant 3
Loading cache for shader SceneForwardClusteredShaderRD, variant 4
Loading cache for shader SceneForwardClusteredShaderRD, variant 5
Loading cache for shader SceneForwardClusteredShaderRD, variant 6
Loading cache for shader SceneForwardClusteredShaderRD, variant 7
Loading cache for shader SceneForwardClusteredShaderRD, variant 8
Loading cache for shader SceneForwardClusteredShaderRD, variant 9
Loading cache for shader SceneForwardClusteredShaderRD, variant 10
Loading cache for shader SceneForwardClusteredShaderRD, variant 11
Loading cache for shader SceneForwardClusteredShaderRD, variant 12
Loading cache for shader SceneForwardClusteredShaderRD, variant 13
Loading cache for shader SceneForwardClusteredShaderRD, variant 14
Loading cache for shader SceneForwardClusteredShaderRD, variant 15
Loading cache for shader SceneForwardClusteredShaderRD, variant 16
Loading cache for shader SceneForwardClusteredShaderRD, variant 17
Loading cache for shader SceneForwardClusteredShaderRD, variant 0
Loading cache for shader SceneForwardClusteredShaderRD, variant 1
Loading cache for shader SceneForwardClusteredShaderRD, variant 2
Loading cache for shader SceneForwardClusteredShaderRD, variant 3
Loading cache for shader SceneForwardClusteredShaderRD, variant 4
Loading cache for shader SceneForwardClusteredShaderRD, variant 5
Loading cache for shader SceneForwardClusteredShaderRD, variant 6
Loading cache for shader SceneForwardClusteredShaderRD, variant 7
Loading cache for shader SceneForwardClusteredShaderRD, variant 8
Loading cache for shader SceneForwardClusteredShaderRD, variant 9
Loading cache for shader SceneForwardClusteredShaderRD, variant 10
Loading cache for shader SceneForwardClusteredShaderRD, variant 11
Loading cache for shader SceneForwardClusteredShaderRD, variant 12
Loading cache for shader SceneForwardClusteredShaderRD, variant 13
Loading cache for shader SceneForwardClusteredShaderRD, variant 14
Loading cache for shader SceneForwardClusteredShaderRD, variant 15
Loading cache for shader SceneForwardClusteredShaderRD, variant 16
Loading cache for shader SceneForwardClusteredShaderRD, variant 17
Loading cache for shader SceneForwardClusteredShaderRD, variant 0
Loading cache for shader SceneForwardClusteredShaderRD, variant 1
Loading cache for shader SceneForwardClusteredShaderRD, variant 2
Loading cache for shader SceneForwardClusteredShaderRD, variant 3
Loading cache for shader SceneForwardClusteredShaderRD, variant 4
Loading cache for shader SceneForwardClusteredShaderRD, variant 5
Loading cache for shader SceneForwardClusteredShaderRD, variant 6
Loading cache for shader SceneForwardClusteredShaderRD, variant 7
Loading cache for shader SceneForwardClusteredShaderRD, variant 8
Loading cache for shader SceneForwardClusteredShaderRD, variant 9
Loading cache for shader SceneForwardClusteredShaderRD, variant 10
Loading cache for shader SceneForwardClusteredShaderRD, variant 11
Loading cache for shader SceneForwardClusteredShaderRD, variant 12
Loading cache for shader SceneForwardClusteredShaderRD, variant 13
Loading cache for shader SceneForwardClusteredShaderRD, variant 14
Loading cache for shader SceneForwardClusteredShaderRD, variant 15
Loading cache for shader SceneForwardClusteredShaderRD, variant 16
Loading cache for shader SceneForwardClusteredShaderRD, variant 17
Loading cache for shader SceneForwardClusteredShaderRD, variant 0
Loading cache for shader SceneForwardClusteredShaderRD, variant 1
Loading cache for shader SceneForwardClusteredShaderRD, variant 2
Loading cache for shader SceneForwardClusteredShaderRD, variant 3
Loading cache for shader SceneForwardClusteredShaderRD, variant 4
Loading cache for shader SceneForwardClusteredShaderRD, variant 5
Loading cache for shader SceneForwardClusteredShaderRD, variant 6
Loading cache for shader SceneForwardClusteredShaderRD, variant 7
Loading cache for shader SceneForwardClusteredShaderRD, variant 8
Loading cache for shader SceneForwardClusteredShaderRD, variant 9
Loading cache for shader SceneForwardClusteredShaderRD, variant 10
Loading cache for shader SceneForwardClusteredShaderRD, variant 11
Loading cache for shader SceneForwardClusteredShaderRD, variant 12
Loading cache for shader SceneForwardClusteredShaderRD, variant 13
Loading cache for shader SceneForwardClusteredShaderRD, variant 14
Loading cache for shader SceneForwardClusteredShaderRD, variant 15
Loading cache for shader SceneForwardClusteredShaderRD, variant 16
Loading cache for shader SceneForwardClusteredShaderRD, variant 17
Loading cache for shader SceneForwardClusteredShaderRD, variant 0
Loading cache for shader SceneForwardClusteredShaderRD, variant 1
Loading cache for shader SceneForwardClusteredShaderRD, variant 2
Loading cache for shader SceneForwardClusteredShaderRD, variant 3
Loading cache for shader SceneForwardClusteredShaderRD, variant 4
Loading cache for shader SceneForwardClusteredShaderRD, variant 5
Loading cache for shader SceneForwardClusteredShaderRD, variant 6
Loading cache for shader SceneForwardClusteredShaderRD, variant 7
Loading cache for shader SceneForwardClusteredShaderRD, variant 8
Loading cache for shader SceneForwardClusteredShaderRD, variant 9
Loading cache for shader SceneForwardClusteredShaderRD, variant 10
Loading cache for shader SceneForwardClusteredShaderRD, variant 11
Loading cache for shader SceneForwardClusteredShaderRD, variant 12
Loading cache for shader SceneForwardClusteredShaderRD, variant 13
Loading cache for shader SceneForwardClusteredShaderRD, variant 14
Loading cache for shader SceneForwardClusteredShaderRD, variant 15
Loading cache for shader SceneForwardClusteredShaderRD, variant 16
Loading cache for shader SceneForwardClusteredShaderRD, variant 17
Loading cache for shader SceneForwardClusteredShaderRD, variant 0
Loading cache for shader SceneForwardClusteredShaderRD, variant 1
Loading cache for shader SceneForwardClusteredShaderRD, variant 2
Loading cache for shader SceneForwardClusteredShaderRD, variant 3
Loading cache for shader SceneForwardClusteredShaderRD, variant 4
Loading cache for shader SceneForwardClusteredShaderRD, variant 5
Loading cache for shader SceneForwardClusteredShaderRD, variant 6
Loading cache for shader SceneForwardClusteredShaderRD, variant 7
Loading cache for shader SceneForwardClusteredShaderRD, variant 8
Loading cache for shader SceneForwardClusteredShaderRD, variant 9
Loading cache for shader SceneForwardClusteredShaderRD, variant 10
Loading cache for shader SceneForwardClusteredShaderRD, variant 11
Loading cache for shader SceneForwardClusteredShaderRD, variant 12
Loading cache for shader SceneForwardClusteredShaderRD, variant 13
Loading cache for shader SceneForwardClusteredShaderRD, variant 14
Loading cache for shader SceneForwardClusteredShaderRD, variant 15
Loading cache for shader SceneForwardClusteredShaderRD, variant 16
Loading cache for shader SceneForwardClusteredShaderRD, variant 17
Loading cache for shader SceneForwardClusteredShaderRD, variant 0
Loading cache for shader SceneForwardClusteredShaderRD, variant 1
Loading cache for shader SceneForwardClusteredShaderRD, variant 2
Loading cache for shader SceneForwardClusteredShaderRD, variant 3
Loading cache for shader SceneForwardClusteredShaderRD, variant 4
Loading cache for shader SceneForwardClusteredShaderRD, variant 5
Loading cache for shader SceneForwardClusteredShaderRD, variant 6
Loading cache for shader SceneForwardClusteredShaderRD, variant 7
Loading cache for shader SceneForwardClusteredShaderRD, variant 8
Loading cache for shader SceneForwardClusteredShaderRD, variant 9
Loading cache for shader SceneForwardClusteredShaderRD, variant 10
Loading cache for shader SceneForwardClusteredShaderRD, variant 11
Loading cache for shader SceneForwardClusteredShaderRD, variant 12
Loading cache for shader SceneForwardClusteredShaderRD, variant 13
Loading cache for shader SceneForwardClusteredShaderRD, variant 14
Loading cache for shader SceneForwardClusteredShaderRD, variant 15
Loading cache for shader SceneForwardClusteredShaderRD, variant 16
Loading cache for shader SceneForwardClusteredShaderRD, variant 17
Loading cache for shader SceneForwardClusteredShaderRD, variant 0
Loading cache for shader SceneForwardClusteredShaderRD, variant 1
Loading cache for shader SceneForwardClusteredShaderRD, variant 2
Loading cache for shader SceneForwardClusteredShaderRD, variant 3
Loading cache for shader SceneForwardClusteredShaderRD, variant 4
Loading cache for shader SceneForwardClusteredShaderRD, variant 5
Loading cache for shader SceneForwardClusteredShaderRD, variant 6
Loading cache for shader SceneForwardClusteredShaderRD, variant 7
Loading cache for shader SceneForwardClusteredShaderRD, variant 8
Loading cache for shader SceneForwardClusteredShaderRD, variant 9
Loading cache for shader SceneForwardClusteredShaderRD, variant 10
Loading cache for shader SceneForwardClusteredShaderRD, variant 11
Loading cache for shader SceneForwardClusteredShaderRD, variant 12
Loading cache for shader SceneForwardClusteredShaderRD, variant 13
Loading cache for shader SceneForwardClusteredShaderRD, variant 14
Loading cache for shader SceneForwardClusteredShaderRD, variant 15
Loading cache for shader SceneForwardClusteredShaderRD, variant 16
Loading cache for shader SceneForwardClusteredShaderRD, variant 17
Loading cache for shader SceneForwardClusteredShaderRD, variant 0
Loading cache for shader SceneForwardClusteredShaderRD, variant 1
Loading cache for shader SceneForwardClusteredShaderRD, variant 2
Loading cache for shader SceneForwardClusteredShaderRD, variant 3
Loading cache for shader SceneForwardClusteredShaderRD, variant 4
Loading cache for shader SceneForwardClusteredShaderRD, variant 5
Loading cache for shader SceneForwardClusteredShaderRD, variant 6
Loading cache for shader SceneForwardClusteredShaderRD, variant 7
Loading cache for shader SceneForwardClusteredShaderRD, variant 8
Loading cache for shader SceneForwardClusteredShaderRD, variant 9
Loading cache for shader SceneForwardClusteredShaderRD, variant 10
Loading cache for shader SceneForwardClusteredShaderRD, variant 11
Loading cache for shader SceneForwardClusteredShaderRD, variant 12
Loading cache for shader SceneForwardClusteredShaderRD, variant 13
Loading cache for shader SceneForwardClusteredShaderRD, variant 14
Loading cache for shader SceneForwardClusteredShaderRD, variant 15
Loading cache for shader SceneForwardClusteredShaderRD, variant 16
Loading cache for shader SceneForwardClusteredShaderRD, variant 17
Loading cache for shader SceneForwardClusteredShaderRD, variant 0
Loading cache for shader SceneForwardClusteredShaderRD, variant 1
Loading cache for shader SceneForwardClusteredShaderRD, variant 2
Loading cache for shader SceneForwardClusteredShaderRD, variant 3
Loading cache for shader SceneForwardClusteredShaderRD, variant 4
Loading cache for shader SceneForwardClusteredShaderRD, variant 5
Loading cache for shader SceneForwardClusteredShaderRD, variant 6
Loading cache for shader SceneForwardClusteredShaderRD, variant 7
Loading cache for shader SceneForwardClusteredShaderRD, variant 8
Loading cache for shader SceneForwardClusteredShaderRD, variant 9
Loading cache for shader SceneForwardClusteredShaderRD, variant 10
Loading cache for shader SceneForwardClusteredShaderRD, variant 11
Loading cache for shader SceneForwardClusteredShaderRD, variant 12
Loading cache for shader SceneForwardClusteredShaderRD, variant 13
Loading cache for shader SceneForwardClusteredShaderRD, variant 14
Loading cache for shader SceneForwardClusteredShaderRD, variant 15
Loading cache for shader SceneForwardClusteredShaderRD, variant 16
Loading cache for shader SceneForwardClusteredShaderRD, variant 17
[mvk-info] Created 3 swapchain images with size (3024, 1890) and contents scale 2.0 in layer CAMetalLayer: GodotContentView (0x7fcf9aa09cd0) on screen Built-in Retina Display.
⚠️ SLOW FRAME 15.9ms: building=0.9 road=13.6 terrain=0.6 infra=0.8 veg=0.0 curb=0.0ms
OSM DEBUG: Chunks loaded 16/16, but queues not empty:
  - _building_results: 174
  - _road_queue: 422
  - _terrain_objects_queue: 93
  - _infrastructure_queue: 175
  - _pending_building_tasks: 0
OSM: DEBUG _add_road_to_batch - first road for chunk '-2,-1', parent.name='Chunk_-2,-1'
⚠️ SLOW FRAME 13.3ms: building=1.0 road=10.9 terrain=0.7 infra=0.7 veg=0.0 curb=0.0ms
OSM DEBUG: Chunks loaded 16/16, but queues not empty:
  - _building_results: 173
  - _road_queue: 421
  - _terrain_objects_queue: 91
  - _infrastructure_queue: 174
  - _pending_building_tasks: 0
Loading cache for shader SceneForwardClusteredShaderRD, variant 0
Loading cache for shader SceneForwardClusteredShaderRD, variant 1
Loading cache for shader SceneForwardClusteredShaderRD, variant 2
Loading cache for shader SceneForwardClusteredShaderRD, variant 3
Loading cache for shader SceneForwardClusteredShaderRD, variant 4
Loading cache for shader SceneForwardClusteredShaderRD, variant 5
Loading cache for shader SceneForwardClusteredShaderRD, variant 6
Loading cache for shader SceneForwardClusteredShaderRD, variant 7
Loading cache for shader SceneForwardClusteredShaderRD, variant 0
Loading cache for shader SceneForwardClusteredShaderRD, variant 1
Loading cache for shader SceneForwardClusteredShaderRD, variant 2
Loading cache for shader SceneForwardClusteredShaderRD, variant 3
Loading cache for shader SceneForwardClusteredShaderRD, variant 4
Loading cache for shader SceneForwardClusteredShaderRD, variant 5
Loading cache for shader SceneForwardClusteredShaderRD, variant 6
Loading cache for shader SceneForwardClusteredShaderRD, variant 7
Loading cache for shader SceneForwardClusteredShaderRD, variant 8
Loading cache for shader SceneForwardClusteredShaderRD, variant 9
Loading cache for shader SceneForwardClusteredShaderRD, variant 10
Loading cache for shader SceneForwardClusteredShaderRD, variant 11
Loading cache for shader SceneForwardClusteredShaderRD, variant 12
Loading cache for shader SceneForwardClusteredShaderRD, variant 13
Loading cache for shader SceneForwardClusteredShaderRD, variant 14
Loading cache for shader SceneForwardClusteredShaderRD, variant 15
Loading cache for shader SceneForwardClusteredShaderRD, variant 16
Loading cache for shader SceneForwardClusteredShaderRD, variant 17
2026-01-31 07:25:59.357 Godot[69560:2132402] +[IMKInputSession subclass]: chose IMKInputSession_Modern
OSM: DEBUG _add_road_to_batch - first road for chunk '0,-2', parent.name='Chunk_0,-2'
OSM: DEBUG _add_road_to_batch - first road for chunk '-1,-2', parent.name='Chunk_-1,-2'
OSM DEBUG: Chunks loaded 16/16, but queues not empty:
  - _building_results: 172
  - _road_queue: 385
  - _terrain_objects_queue: 89
  - _infrastructure_queue: 173
  - _pending_building_tasks: 0
[mvk-info] Created 3 swapchain images with size (3024, 1890) and contents scale 2.0 in layer CAMetalLayer: GodotContentView (0x7fcf9aa09cd0) on screen Built-in Retina Display.
OSM DEBUG: Chunks loaded 16/16, but queues not empty:
  - _building_results: 171
  - _road_queue: 367
  - _terrain_objects_queue: 87
  - _infrastructure_queue: 172
  - _pending_building_tasks: 0
OSM DEBUG: Chunks loaded 16/16, but queues not empty:
  - _building_results: 170
  - _road_queue: 356
  - _terrain_objects_queue: 85
  - _infrastructure_queue: 171
  - _pending_building_tasks: 0
⚠️ SLOW FRAME 10.9ms: building=0.9 road=8.3 terrain=0.6 infra=1.0 veg=0.0 curb=0.0ms
OSM DEBUG: Chunks loaded 16/16, but queues not empty:
  - _building_results: 169
  - _road_queue: 345
  - _terrain_objects_queue: 83
  - _infrastructure_queue: 170
  - _pending_building_tasks: 0
OSM: DEBUG _add_road_to_batch - first road for chunk '-2,0', parent.name='Chunk_-2,0'
OSM DEBUG: Chunks loaded 16/16, but queues not empty:
  - _building_results: 168
  - _road_queue: 312
  - _terrain_objects_queue: 81
  - _infrastructure_queue: 169
  - _pending_building_tasks: 0
OSM: DEBUG _add_road_to_batch - first road for chunk '1,-1', parent.name='Chunk_1,-1'
OSM DEBUG: Chunks loaded 16/16, but queues not empty:
  - _building_results: 167
  - _road_queue: 289
  - _terrain_objects_queue: 79
  - _infrastructure_queue: 168
  - _pending_building_tasks: 0
OSM DEBUG: Chunks loaded 16/16, but queues not empty:
  - _building_results: 166
  - _road_queue: 278
  - _terrain_objects_queue: 77
  - _infrastructure_queue: 167
  - _pending_building_tasks: 0
OSM: DEBUG _add_road_to_batch - first road for chunk '1,0', parent.name='Chunk_1,0'
OSM: DEBUG _add_road_to_batch - first road for chunk '1,-2', parent.name='Chunk_1,-2'
OSM: DEBUG _add_road_to_batch - first road for chunk '-2,-2', parent.name='Chunk_-2,-2'
OSM DEBUG: Chunks loaded 16/16, but queues not empty:
  - _building_results: 165
  - _road_queue: 236
  - _terrain_objects_queue: 75
  - _infrastructure_queue: 166
  - _pending_building_tasks: 0
OSM DEBUG: Chunks loaded 16/16, but queues not empty:
  - _building_results: 164
  - _road_queue: 217
  - _terrain_objects_queue: 73
  - _infrastructure_queue: 165
  - _pending_building_tasks: 0
OSM DEBUG: Chunks loaded 16/16, but queues not empty:
  - _building_results: 163
  - _road_queue: 205
  - _terrain_objects_queue: 71
  - _infrastructure_queue: 164
  - _pending_building_tasks: 0
OSM DEBUG: Chunks loaded 16/16, but queues not empty:
  - _building_results: 162
  - _road_queue: 168
  - _terrain_objects_queue: 69
  - _infrastructure_queue: 163
  - _pending_building_tasks: 0
OSM DEBUG: Chunks loaded 16/16, but queues not empty:
  - _building_results: 161
  - _road_queue: 103
  - _terrain_objects_queue: 67
  - _infrastructure_queue: 162
  - _pending_building_tasks: 0
OSM DEBUG: Chunks loaded 16/16, but queues not empty:
  - _building_results: 160
  - _road_queue: 77
  - _terrain_objects_queue: 65
  - _infrastructure_queue: 161
  - _pending_building_tasks: 0
OSM DEBUG: Chunks loaded 16/16, but queues not empty:
  - _building_results: 159
  - _road_queue: 56
  - _terrain_objects_queue: 63
  - _infrastructure_queue: 160
  - _pending_building_tasks: 0
OSM DEBUG: Chunks loaded 16/16, but queues not empty:
  - _building_results: 158
  - _road_queue: 18
  - _terrain_objects_queue: 61
  - _infrastructure_queue: 159
  - _pending_building_tasks: 0
OSM: DEBUG _add_road_to_batch - first road for chunk '0,1', parent.name='Chunk_0,1'
OSM DEBUG: Chunks loaded 16/16, but queues not empty:
  - _building_results: 157
  - _road_queue: 6
  - _terrain_objects_queue: 59
  - _infrastructure_queue: 158
  - _pending_building_tasks: 0
⚠️ SLOW FRAME 14.0ms: building=0.9 road=11.9 terrain=0.5 infra=0.7 veg=0.0 curb=0.0ms
OSM DEBUG: Chunks loaded 16/16, but queues not empty:
  - _building_results: 156
  - _road_queue: 1
  - _terrain_objects_queue: 57
  - _infrastructure_queue: 157
  - _pending_building_tasks: 0
⚠️ SLOW FRAME 12.0ms: building=0.9 road=9.9 terrain=0.5 infra=0.7 veg=0.0 curb=0.0ms
OSM DEBUG: Chunks loaded 16/16, but queues not empty:
  - _building_results: 155
  - _road_queue: 0
  - _terrain_objects_queue: 55
  - _infrastructure_queue: 156
  - _pending_building_tasks: 0
🔴 FREEZE: road collision shape creation took 16.5 ms for chunk -2,-2 (type: residential)
OSM: ✅ Finalized road batch -2,-2/residential: 1688 vertices, 1638 triangles, material: <ImageTexture#-9223371972648368119>
OSM: ✅ Finalized road batch -2,-2/path: 494 vertices, 466 triangles, material: <ImageTexture#-9223371972547704822>
⚠️ SLOW: road batch finalization took 18.8 ms for chunk -2,-2
⚠️ SLOW FRAME 20.9ms: building=0.9 road=18.8 terrain=0.4 infra=0.7 veg=0.0 curb=0.0ms
OSM DEBUG: Chunks loaded 16/16, but queues not empty:
  - _building_results: 154
  - _road_queue: 0
  - _terrain_objects_queue: 53
  - _infrastructure_queue: 155
  - _pending_building_tasks: 0
🔴 FREEZE: road collision shape creation took 15.1 ms for chunk -2,-1 (type: primary)
OSM: ✅ Finalized road batch -2,-1/primary: 962 vertices, 958 triangles, material: <ImageTexture#-9223371972749031416>
OSM: ✅ Finalized road batch -2,-1/residential: 390 vertices, 372 triangles, material: <ImageTexture#-9223371972648368119>
OSM: ✅ Finalized road batch -2,-1/path: 1904 vertices, 1866 triangles, material: <ImageTexture#-9223371972547704822>
⚠️ SLOW: road batch finalization took 20.8 ms for chunk -2,-1
⚠️ SLOW FRAME 22.8ms: building=0.9 road=20.9 terrain=0.4 infra=0.6 veg=0.0 curb=0.0ms
OSM DEBUG: Chunks loaded 16/16, but queues not empty:
  - _building_results: 153
  - _road_queue: 0
  - _terrain_objects_queue: 51
  - _infrastructure_queue: 154
  - _pending_building_tasks: 0
🔴 FREEZE: road collision shape creation took 17.1 ms for chunk -2,0 (type: residential)
OSM: ✅ Finalized road batch -2,0/residential: 386 vertices, 376 triangles, material: <ImageTexture#-9223371972648368119>
OSM: ✅ Finalized road batch -2,0/path: 1336 vertices, 1320 triangles, material: <ImageTexture#-9223371972547704822>
⚠️ SLOW: road batch finalization took 20.9 ms for chunk -2,0
⚠️ SLOW FRAME 22.9ms: building=0.9 road=21.0 terrain=0.4 infra=0.6 veg=0.0 curb=0.0ms
OSM DEBUG: Chunks loaded 16/16, but queues not empty:
  - _building_results: 152
  - _road_queue: 0
  - _terrain_objects_queue: 49
  - _infrastructure_queue: 153
  - _pending_building_tasks: 0
⚠️ SLOW FRAME 22.7ms: building=0.9 road=0.0 terrain=1.3 infra=0.7 veg=19.8 curb=0.0ms
OSM DEBUG: Chunks loaded 16/16, but queues not empty:
  - _building_results: 151
  - _road_queue: 0
  - _terrain_objects_queue: 47
  - _infrastructure_queue: 152
  - _pending_building_tasks: 0
[mvk-info] Created 3 swapchain images with size (3024, 1890) and contents scale 2.0 in layer CAMetalLayer: GodotContentView (0x7fcf9aa09cd0) on screen Built-in Retina Display.
OSM: ✅ Finalized road batch -1,-2/path: 522 vertices, 500 triangles, material: <ImageTexture#-9223371972547704822>
OSM: ✅ Finalized road batch -1,-2/residential: 1384 vertices, 1340 triangles, material: <ImageTexture#-9223371972648368119>
OSM DEBUG: Chunks loaded 16/16, but queues not empty:
  - _building_results: 150
  - _road_queue: 0
  - _terrain_objects_queue: 45
  - _infrastructure_queue: 151
  - _pending_building_tasks: 0
🔴 FREEZE: road collision shape creation took 30.2 ms for chunk -1,-1 (type: path)
OSM: ✅ Finalized road batch -1,-1/path: 1720 vertices, 1672 triangles, material: <ImageTexture#-9223371972547704822>
OSM: ✅ Finalized road batch -1,-1/primary: 1152 vertices, 1144 triangles, material: <ImageTexture#-9223371972749031416>
OSM: ✅ Finalized road batch -1,-1/residential: 1666 vertices, 1612 triangles, material: <ImageTexture#-9223371972648368119>
⚠️ SLOW: road batch finalization took 38.0 ms for chunk -1,-1
⚠️ SLOW FRAME 40.0ms: building=0.8 road=38.0 terrain=0.5 infra=0.7 veg=0.0 curb=0.0ms
OSM DEBUG: Chunks loaded 16/16, but queues not empty:
  - _building_results: 149
  - _road_queue: 0
  - _terrain_objects_queue: 43
  - _infrastructure_queue: 150
  - _pending_building_tasks: 0
🔴 FREEZE: road collision shape creation took 12.7 ms for chunk -1,0 (type: path)
OSM: ✅ Finalized road batch -1,0/path: 246 vertices, 234 triangles, material: <ImageTexture#-9223371972547704822>
OSM: ✅ Finalized road batch -1,0/residential: 928 vertices, 900 triangles, material: <ImageTexture#-9223371972648368119>
⚠️ SLOW: road batch finalization took 15.2 ms for chunk -1,0
⚠️ SLOW FRAME 17.2ms: building=0.8 road=15.3 terrain=0.4 infra=0.7 veg=0.0 curb=0.0ms
OSM DEBUG: Chunks loaded 16/16, but queues not empty:
  - _building_results: 148
  - _road_queue: 0
  - _terrain_objects_queue: 41
  - _infrastructure_queue: 149
  - _pending_building_tasks: 0
OSM DEBUG: Chunks loaded 16/16, but queues not empty:
  - _building_results: 147
  - _road_queue: 0
  - _terrain_objects_queue: 39
  - _infrastructure_queue: 148
  - _pending_building_tasks: 0
🔴 FREEZE: road collision shape creation took 17.5 ms for chunk 0,-2 (type: path)
OSM: ✅ Finalized road batch 0,-2/path: 1494 vertices, 1434 triangles, material: <ImageTexture#-9223371972547704822>
🔴 FREEZE: road collision shape creation took 5.1 ms for chunk 0,-2 (type: residential)
OSM: ✅ Finalized road batch 0,-2/residential: 2208 vertices, 2158 triangles, material: <ImageTexture#-9223371972648368119>
OSM: ✅ Finalized road batch 0,-2/primary: 362 vertices, 354 triangles, material: <ImageTexture#-9223371972749031416>
⚠️ SLOW: road batch finalization took 24.6 ms for chunk 0,-2
⚠️ SLOW FRAME 26.5ms: building=0.8 road=24.7 terrain=0.3 infra=0.6 veg=0.0 curb=0.0ms
OSM DEBUG: Chunks loaded 16/16, but queues not empty:
  - _building_results: 146
  - _road_queue: 0
  - _terrain_objects_queue: 37
  - _infrastructure_queue: 147
  - _pending_building_tasks: 0
🔴 FREEZE: road collision shape creation took 20.9 ms for chunk 0,-1 (type: path)
OSM: ✅ Finalized road batch 0,-1/path: 2306 vertices, 2236 triangles, material: <ImageTexture#-9223371972547704822>
OSM: ✅ Finalized road batch 0,-1/primary: 1070 vertices, 1046 triangles, material: <ImageTexture#-9223371972749031416>
OSM: ✅ Finalized road batch 0,-1/residential: 1164 vertices, 1136 triangles, material: <ImageTexture#-9223371972648368119>
⚠️ SLOW: road batch finalization took 26.9 ms for chunk 0,-1
⚠️ SLOW FRAME 29.2ms: building=0.9 road=26.9 terrain=0.4 infra=0.9 veg=0.0 curb=0.0ms
OSM DEBUG: Chunks loaded 16/16, but queues not empty:
  - _building_results: 145
  - _road_queue: 0
  - _terrain_objects_queue: 35
  - _infrastructure_queue: 146
  - _pending_building_tasks: 0
🔴 FREEZE: road collision shape creation took 21.2 ms for chunk 0,0 (type: path)
OSM: ✅ Finalized road batch 0,0/path: 1540 vertices, 1486 triangles, material: <ImageTexture#-9223371972547704822>
OSM: ✅ Finalized road batch 0,0/primary: 446 vertices, 432 triangles, material: <ImageTexture#-9223371972749031416>
OSM: ✅ Finalized road batch 0,0/residential: 336 vertices, 320 triangles, material: <ImageTexture#-9223371972648368119>
⚠️ SLOW: road batch finalization took 24.8 ms for chunk 0,0
⚠️ SLOW FRAME 27.1ms: building=0.9 road=24.9 terrain=0.4 infra=1.0 veg=0.0 curb=0.0ms
OSM DEBUG: Chunks loaded 16/16, but queues not empty:
  - _building_results: 144
  - _road_queue: 0
  - _terrain_objects_queue: 33
  - _infrastructure_queue: 145
  - _pending_building_tasks: 0
🔴 FREEZE: road collision shape creation took 20.7 ms for chunk 0,1 (type: path)
OSM: ✅ Finalized road batch 0,1/path: 156 vertices, 154 triangles, material: <ImageTexture#-9223371972547704822>
⚠️ SLOW: road batch finalization took 20.9 ms for chunk 0,1
⚠️ SLOW FRAME 23.0ms: building=0.8 road=21.0 terrain=0.4 infra=0.7 veg=0.0 curb=0.0ms
OSM DEBUG: Chunks loaded 16/16, but queues not empty:
  - _building_results: 143
  - _road_queue: 0
  - _terrain_objects_queue: 31
  - _infrastructure_queue: 144
  - _pending_building_tasks: 0
🔴 FREEZE: road collision shape creation took 26.6 ms for chunk 1,-2 (type: residential)
OSM: ✅ Finalized road batch 1,-2/residential: 2176 vertices, 2108 triangles, material: <ImageTexture#-9223371972648368119>
OSM: ✅ Finalized road batch 1,-2/path: 916 vertices, 880 triangles, material: <ImageTexture#-9223371972547704822>
⚠️ SLOW: road batch finalization took 29.7 ms for chunk 1,-2
⚠️ SLOW FRAME 31.6ms: building=0.8 road=29.8 terrain=0.3 infra=0.7 veg=0.0 curb=0.0ms
OSM DEBUG: Chunks loaded 16/16, but queues not empty:
  - _building_results: 142
  - _road_queue: 0
  - _terrain_objects_queue: 29
  - _infrastructure_queue: 143
  - _pending_building_tasks: 0
=== PAZ Model Meshes Debug ===
Total meshes found: 1
  - Mesh: bus_low_Material_006_0 (MeshInstance3D)
PAZ-32053 model setup complete
🔴 FREEZE: road collision shape creation took 9.4 ms for chunk 1,-1 (type: residential)
OSM: ✅ Finalized road batch 1,-1/residential: 2006 vertices, 1930 triangles, material: <ImageTexture#-9223371972648368119>
OSM: ✅ Finalized road batch 1,-1/path: 840 vertices, 818 triangles, material: <ImageTexture#-9223371972547704822>
OSM: ✅ Finalized road batch 1,-1/primary: 254 vertices, 250 triangles, material: <ImageTexture#-9223371972749031416>
⚠️ SLOW: road batch finalization took 13.3 ms for chunk 1,-1
⚠️ SLOW FRAME 15.1ms: building=0.9 road=13.3 terrain=0.3 infra=0.6 veg=0.0 curb=0.0ms
OSM DEBUG: Chunks loaded 16/16, but queues not empty:
  - _building_results: 141
  - _road_queue: 0
  - _terrain_objects_queue: 27
  - _infrastructure_queue: 142
  - _pending_building_tasks: 0
🔴 FREEZE: road collision shape creation took 12.2 ms for chunk 1,0 (type: path)
OSM: ✅ Finalized road batch 1,0/path: 398 vertices, 394 triangles, material: <ImageTexture#-9223371972547704822>
⚠️ SLOW: road batch finalization took 12.5 ms for chunk 1,0
⚠️ SLOW FRAME 14.9ms: building=0.8 road=12.5 terrain=0.9 infra=0.7 veg=0.0 curb=0.0ms
OSM DEBUG: Chunks loaded 16/16, but queues not empty:
  - _building_results: 140
  - _road_queue: 0
  - _terrain_objects_queue: 25
  - _infrastructure_queue: 141
  - _pending_building_tasks: 0
OSM DEBUG: Chunks loaded 16/16, but queues not empty:
  - _building_results: 139
  - _road_queue: 0
  - _terrain_objects_queue: 23
  - _infrastructure_queue: 140
  - _pending_building_tasks: 0
Loading cache for shader SceneForwardClusteredShaderRD, variant 0
Loading cache for shader SceneForwardClusteredShaderRD, variant 1
Loading cache for shader SceneForwardClusteredShaderRD, variant 2
Loading cache for shader SceneForwardClusteredShaderRD, variant 3
Loading cache for shader SceneForwardClusteredShaderRD, variant 4
Loading cache for shader SceneForwardClusteredShaderRD, variant 5
Loading cache for shader SceneForwardClusteredShaderRD, variant 6
Loading cache for shader SceneForwardClusteredShaderRD, variant 7
Loading cache for shader SceneForwardClusteredShaderRD, variant 0
Loading cache for shader SceneForwardClusteredShaderRD, variant 1
Loading cache for shader SceneForwardClusteredShaderRD, variant 2
Loading cache for shader SceneForwardClusteredShaderRD, variant 3
Loading cache for shader SceneForwardClusteredShaderRD, variant 4
Loading cache for shader SceneForwardClusteredShaderRD, variant 5
Loading cache for shader SceneForwardClusteredShaderRD, variant 6
Loading cache for shader SceneForwardClusteredShaderRD, variant 7
Loading cache for shader SceneForwardClusteredShaderRD, variant 8
Loading cache for shader SceneForwardClusteredShaderRD, variant 9
Loading cache for shader SceneForwardClusteredShaderRD, variant 10
Loading cache for shader SceneForwardClusteredShaderRD, variant 11
Loading cache for shader SceneForwardClusteredShaderRD, variant 12
Loading cache for shader SceneForwardClusteredShaderRD, variant 13
Loading cache for shader SceneForwardClusteredShaderRD, variant 14
Loading cache for shader SceneForwardClusteredShaderRD, variant 15
Loading cache for shader SceneForwardClusteredShaderRD, variant 16
Loading cache for shader SceneForwardClusteredShaderRD, variant 17
⚠️ SLOW FRAME 13.9ms: building=0.8 road=11.8 terrain=0.3 infra=0.7 veg=0.0 curb=0.3ms
OSM DEBUG: Chunks loaded 16/16, but queues not empty:
  - _building_results: 138
  - _road_queue: 0
  - _terrain_objects_queue: 21
  - _infrastructure_queue: 139
  - _pending_building_tasks: 0
OSM DEBUG: Chunks loaded 16/16, but queues not empty:
  - _building_results: 137
  - _road_queue: 0
  - _terrain_objects_queue: 19
  - _infrastructure_queue: 138
  - _pending_building_tasks: 0
⚠️ SLOW FRAME 16.9ms: building=0.7 road=0.4 terrain=13.0 infra=0.8 veg=2.1 curb=0.0ms
OSM DEBUG: Chunks loaded 16/16, but queues not empty:
  - _building_results: 136
  - _road_queue: 0
  - _terrain_objects_queue: 17
  - _infrastructure_queue: 137
  - _pending_building_tasks: 0
⚠️ SLOW FRAME 16.2ms: building=0.8 road=1.1 terrain=13.2 infra=0.6 veg=0.0 curb=0.4ms
OSM DEBUG: Chunks loaded 16/16, but queues not empty:
  - _building_results: 135
  - _road_queue: 0
  - _terrain_objects_queue: 15
  - _infrastructure_queue: 136
  - _pending_building_tasks: 0
⚠️ SLOW FRAME 17.1ms: building=0.8 road=1.0 terrain=14.2 infra=0.6 veg=0.0 curb=0.4ms
OSM DEBUG: Chunks loaded 16/16, but queues not empty:
  - _building_results: 134
  - _road_queue: 0
  - _terrain_objects_queue: 13
  - _infrastructure_queue: 135
  - _pending_building_tasks: 0
OSM DEBUG: Chunks loaded 16/16, but queues not empty:
  - _building_results: 133
  - _road_queue: 0
  - _terrain_objects_queue: 11
  - _infrastructure_queue: 134
  - _pending_building_tasks: 0
OSM DEBUG: Chunks loaded 16/16, but queues not empty:
  - _building_results: 132
  - _road_queue: 0
  - _terrain_objects_queue: 9
  - _infrastructure_queue: 133
  - _pending_building_tasks: 0
OSM DEBUG: Chunks loaded 16/16, but queues not empty:
  - _building_results: 131
  - _road_queue: 0
  - _terrain_objects_queue: 7
  - _infrastructure_queue: 132
  - _pending_building_tasks: 0
OSM DEBUG: Chunks loaded 16/16, but queues not empty:
  - _building_results: 130
  - _road_queue: 0
  - _terrain_objects_queue: 5
  - _infrastructure_queue: 131
  - _pending_building_tasks: 0
OSM DEBUG: Chunks loaded 16/16, but queues not empty:
  - _building_results: 129
  - _road_queue: 0
  - _terrain_objects_queue: 3
  - _infrastructure_queue: 130
  - _pending_building_tasks: 0
OSM DEBUG: Chunks loaded 16/16, but queues not empty:
  - _building_results: 128
  - _road_queue: 0
  - _terrain_objects_queue: 1
  - _infrastructure_queue: 129
  - _pending_building_tasks: 0
OSM DEBUG: Chunks loaded 16/16, but queues not empty:
  - _building_results: 127
  - _road_queue: 0
  - _terrain_objects_queue: 0
  - _infrastructure_queue: 128
  - _pending_building_tasks: 0
OSM DEBUG: Chunks loaded 16/16, but queues not empty:
  - _building_results: 126
  - _road_queue: 0
  - _terrain_objects_queue: 0
  - _infrastructure_queue: 127
  - _pending_building_tasks: 0
OSM DEBUG: Chunks loaded 16/16, but queues not empty:
  - _building_results: 125
  - _road_queue: 0
  - _terrain_objects_queue: 0
  - _infrastructure_queue: 126
  - _pending_building_tasks: 0
OSM DEBUG: Chunks loaded 16/16, but queues not empty:
  - _building_results: 124
  - _road_queue: 0
  - _terrain_objects_queue: 0
  - _infrastructure_queue: 125
  - _pending_building_tasks: 0
OSM DEBUG: Chunks loaded 16/16, but queues not empty:
  - _building_results: 123
  - _road_queue: 0
  - _terrain_objects_queue: 0
  - _infrastructure_queue: 124
  - _pending_building_tasks: 0
OSM DEBUG: Chunks loaded 16/16, but queues not empty:
  - _building_results: 122
  - _road_queue: 0
  - _terrain_objects_queue: 0
  - _infrastructure_queue: 123
  - _pending_building_tasks: 0
OSM DEBUG: Chunks loaded 16/16, but queues not empty:
  - _building_results: 121
  - _road_queue: 0
  - _terrain_objects_queue: 0
  - _infrastructure_queue: 122
  - _pending_building_tasks: 0
OSM DEBUG: Chunks loaded 16/16, but queues not empty:
  - _building_results: 120
  - _road_queue: 0
  - _terrain_objects_queue: 0
  - _infrastructure_queue: 121
  - _pending_building_tasks: 0
OSM DEBUG: Chunks loaded 16/16, but queues not empty:
  - _building_results: 119
  - _road_queue: 0
  - _terrain_objects_queue: 0
  - _infrastructure_queue: 120
  - _pending_building_tasks: 0
OSM DEBUG: Chunks loaded 16/16, but queues not empty:
  - _building_results: 118
  - _road_queue: 0
  - _terrain_objects_queue: 0
  - _infrastructure_queue: 119
  - _pending_building_tasks: 0
OSM DEBUG: Chunks loaded 16/16, but queues not empty:
  - _building_results: 117
  - _road_queue: 0
  - _terrain_objects_queue: 0
  - _infrastructure_queue: 118
  - _pending_building_tasks: 0
OSM DEBUG: Chunks loaded 16/16, but queues not empty:
  - _building_results: 116
  - _road_queue: 0
  - _terrain_objects_queue: 0
  - _infrastructure_queue: 117
  - _pending_building_tasks: 0
OSM DEBUG: Chunks loaded 16/16, but queues not empty:
  - _building_results: 115
  - _road_queue: 0
  - _terrain_objects_queue: 0
  - _infrastructure_queue: 116
  - _pending_building_tasks: 0
OSM DEBUG: Chunks loaded 16/16, but queues not empty:
  - _building_results: 114
  - _road_queue: 0
  - _terrain_objects_queue: 0
  - _infrastructure_queue: 115
  - _pending_building_tasks: 0
OSM DEBUG: Chunks loaded 16/16, but queues not empty:
  - _building_results: 113
  - _road_queue: 0
  - _terrain_objects_queue: 0
  - _infrastructure_queue: 114
  - _pending_building_tasks: 0
OSM DEBUG: Chunks loaded 16/16, but queues not empty:
  - _building_results: 112
  - _road_queue: 0
  - _terrain_objects_queue: 0
  - _infrastructure_queue: 113
  - _pending_building_tasks: 0
OSM DEBUG: Chunks loaded 16/16, but queues not empty:
  - _building_results: 111
  - _road_queue: 0
  - _terrain_objects_queue: 0
  - _infrastructure_queue: 112
  - _pending_building_tasks: 0
OSM DEBUG: Chunks loaded 16/16, but queues not empty:
  - _building_results: 110
  - _road_queue: 0
  - _terrain_objects_queue: 0
  - _infrastructure_queue: 111
  - _pending_building_tasks: 0
OSM DEBUG: Chunks loaded 16/16, but queues not empty:
  - _building_results: 109
  - _road_queue: 0
  - _terrain_objects_queue: 0
  - _infrastructure_queue: 110
  - _pending_building_tasks: 0
OSM DEBUG: Chunks loaded 16/16, but queues not empty:
  - _building_results: 108
  - _road_queue: 0
  - _terrain_objects_queue: 0
  - _infrastructure_queue: 109
  - _pending_building_tasks: 0
OSM DEBUG: Chunks loaded 16/16, but queues not empty:
  - _building_results: 107
  - _road_queue: 0
  - _terrain_objects_queue: 0
  - _infrastructure_queue: 108
  - _pending_building_tasks: 0
OSM DEBUG: Chunks loaded 16/16, but queues not empty:
  - _building_results: 106
  - _road_queue: 0
  - _terrain_objects_queue: 0
  - _infrastructure_queue: 107
  - _pending_building_tasks: 0
OSM DEBUG: Chunks loaded 16/16, but queues not empty:
  - _building_results: 105
  - _road_queue: 0
  - _terrain_objects_queue: 0
  - _infrastructure_queue: 106
  - _pending_building_tasks: 0
OSM DEBUG: Chunks loaded 16/16, but queues not empty:
  - _building_results: 104
  - _road_queue: 0
  - _terrain_objects_queue: 0
  - _infrastructure_queue: 105
  - _pending_building_tasks: 0
OSM DEBUG: Chunks loaded 16/16, but queues not empty:
  - _building_results: 103
  - _road_queue: 0
  - _terrain_objects_queue: 0
  - _infrastructure_queue: 104
  - _pending_building_tasks: 0
OSM DEBUG: Chunks loaded 16/16, but queues not empty:
  - _building_results: 102
  - _road_queue: 0
  - _terrain_objects_queue: 0
  - _infrastructure_queue: 103
  - _pending_building_tasks: 0
🚗 Traffic: 6 active NPCs (Near: 2, Mid: 4, Far: 0), 0 pooled
  → Physics bodies from NPCs: 6 (All: 6×1, было бы 6×5=30)

========== Bottleneck Analysis Report ==========
Time: 6.2s | Frames: 74

📊 PERFORMANCE OVERVIEW:
  FPS: 17.8 avg | 1.0 min
  Frame Time: 56.12 ms avg | 695.48 ms max
  Physics Time: 1.24 ms avg

🔍 BOTTLENECK IDENTIFICATION:
  🔴 [CRITICAL] Frame Time
      Value: 56.12 ms (target: 16.67 ms)
      Impact: Overall performance bottleneck
      Suggestions:
        • Reduce draw calls
        • Optimize scripts in _process()
        • Check for expensive operations per frame

  🟡 [MEDIUM] Draw Calls
      Value: 2327 calls/frame
      Impact: GPU rendering overhead
      Suggestions:
        • Batch meshes by material
        • Use MultiMeshInstance3D
        • Implement LOD system
        • Enable frustum culling

  🟡 [MEDIUM] Vertex Count
      Value: 51344534 vertices/frame
      Impact: GPU vertex processing
      Suggestions:
        • Implement LOD for distant objects
        • Simplify building meshes
        • Use lower poly models

  🟡 [MEDIUM] Post-Processing Effects
      Value: SSAO, Glow/Bloom, Volumetric Fog
      Impact: GPU shader overhead
      Suggestions:
        • Reduce SSR quality
        • Disable SSAO on low-end hardware
        • Use simpler fog

📈 DETAILED STATS:
  Draw Calls: 2327 avg | 3232 max
  Vertices: 51344534 avg | 52282659 max
  Physics Bodies: 46
  Nodes: 4325
  VRAM: 705.9 MB

=================================================

OSM DEBUG: Chunks loaded 16/16, but queues not empty:
  - _building_results: 101
  - _road_queue: 0
  - _terrain_objects_queue: 0
  - _infrastructure_queue: 102
  - _pending_building_tasks: 0
OSM DEBUG: Chunks loaded 16/16, but queues not empty:
  - _building_results: 100
  - _road_queue: 0
  - _terrain_objects_queue: 0
  - _infrastructure_queue: 101
  - _pending_building_tasks: 0
OSM DEBUG: Chunks loaded 16/16, but queues not empty:
  - _building_results: 99
  - _road_queue: 0
  - _terrain_objects_queue: 0
  - _infrastructure_queue: 100
  - _pending_building_tasks: 0
OSM DEBUG: Chunks loaded 16/16, but queues not empty:
  - _building_results: 98
  - _road_queue: 0
  - _terrain_objects_queue: 0
  - _infrastructure_queue: 99
  - _pending_building_tasks: 0
OSM DEBUG: Chunks loaded 16/16, but queues not empty:
  - _building_results: 97
  - _road_queue: 0
  - _terrain_objects_queue: 0
  - _infrastructure_queue: 98
  - _pending_building_tasks: 0
OSM DEBUG: Chunks loaded 16/16, but queues not empty:
  - _building_results: 96
  - _road_queue: 0
  - _terrain_objects_queue: 0
  - _infrastructure_queue: 97
  - _pending_building_tasks: 0
OSM DEBUG: Chunks loaded 16/16, but queues not empty:
  - _building_results: 95
  - _road_queue: 0
  - _terrain_objects_queue: 0
  - _infrastructure_queue: 96
  - _pending_building_tasks: 0
OSM DEBUG: Chunks loaded 16/16, but queues not empty:
  - _building_results: 94
  - _road_queue: 0
  - _terrain_objects_queue: 0
  - _infrastructure_queue: 95
  - _pending_building_tasks: 0
OSM DEBUG: Chunks loaded 16/16, but queues not empty:
  - _building_results: 93
  - _road_queue: 0
  - _terrain_objects_queue: 0
  - _infrastructure_queue: 94
  - _pending_building_tasks: 0
OSM DEBUG: Chunks loaded 16/16, but queues not empty:
  - _building_results: 92
  - _road_queue: 0
  - _terrain_objects_queue: 0
  - _infrastructure_queue: 93
  - _pending_building_tasks: 0
OSM DEBUG: Chunks loaded 16/16, but queues not empty:
  - _building_results: 91
  - _road_queue: 0
  - _terrain_objects_queue: 0
  - _infrastructure_queue: 92
  - _pending_building_tasks: 0
=== PAZ Model Meshes Debug ===
Total meshes found: 1
  - Mesh: bus_low_Material_006_0 (MeshInstance3D)
PAZ-32053 model setup complete
OSM DEBUG: Chunks loaded 16/16, but queues not empty:
  - _building_results: 90
  - _road_queue: 0
  - _terrain_objects_queue: 0
  - _infrastructure_queue: 91
  - _pending_building_tasks: 0
OSM DEBUG: Chunks loaded 16/16, but queues not empty:
  - _building_results: 89
  - _road_queue: 0
  - _terrain_objects_queue: 0
  - _infrastructure_queue: 90
  - _pending_building_tasks: 0
OSM DEBUG: Chunks loaded 16/16, but queues not empty:
  - _building_results: 88
  - _road_queue: 0
  - _terrain_objects_queue: 0
  - _infrastructure_queue: 89
  - _pending_building_tasks: 0
OSM DEBUG: Chunks loaded 16/16, but queues not empty:
  - _building_results: 87
  - _road_queue: 0
  - _terrain_objects_queue: 0
  - _infrastructure_queue: 88
  - _pending_building_tasks: 0
OSM DEBUG: Chunks loaded 16/16, but queues not empty:
  - _building_results: 86
  - _road_queue: 0
  - _terrain_objects_queue: 0
  - _infrastructure_queue: 87
  - _pending_building_tasks: 0
OSM DEBUG: Chunks loaded 16/16, but queues not empty:
  - _building_results: 85
  - _road_queue: 0
  - _terrain_objects_queue: 0
  - _infrastructure_queue: 86
  - _pending_building_tasks: 0
OSM DEBUG: Chunks loaded 16/16, but queues not empty:
  - _building_results: 84
  - _road_queue: 0
  - _terrain_objects_queue: 0
  - _infrastructure_queue: 85
  - _pending_building_tasks: 0
OSM DEBUG: Chunks loaded 16/16, but queues not empty:
  - _building_results: 83
  - _road_queue: 0
  - _terrain_objects_queue: 0
  - _infrastructure_queue: 84
  - _pending_building_tasks: 0
OSM DEBUG: Chunks loaded 16/16, but queues not empty:
  - _building_results: 82
  - _road_queue: 0
  - _terrain_objects_queue: 0
  - _infrastructure_queue: 83
  - _pending_building_tasks: 0
OSM DEBUG: Chunks loaded 16/16, but queues not empty:
  - _building_results: 81
  - _road_queue: 0
  - _terrain_objects_queue: 0
  - _infrastructure_queue: 82
  - _pending_building_tasks: 0
OSM DEBUG: Chunks loaded 16/16, but queues not empty:
  - _building_results: 80
  - _road_queue: 0
  - _terrain_objects_queue: 0
  - _infrastructure_queue: 81
  - _pending_building_tasks: 0
OSM DEBUG: Chunks loaded 16/16, but queues not empty:
  - _building_results: 79
  - _road_queue: 0
  - _terrain_objects_queue: 0
  - _infrastructure_queue: 80
  - _pending_building_tasks: 0
OSM DEBUG: Chunks loaded 16/16, but queues not empty:
  - _building_results: 78
  - _road_queue: 0
  - _terrain_objects_queue: 0
  - _infrastructure_queue: 79
  - _pending_building_tasks: 0
OSM DEBUG: Chunks loaded 16/16, but queues not empty:
  - _building_results: 77
  - _road_queue: 0
  - _terrain_objects_queue: 0
  - _infrastructure_queue: 78
  - _pending_building_tasks: 0
OSM DEBUG: Chunks loaded 16/16, but queues not empty:
  - _building_results: 76
  - _road_queue: 0
  - _terrain_objects_queue: 0
  - _infrastructure_queue: 77
  - _pending_building_tasks: 0
OSM DEBUG: Chunks loaded 16/16, but queues not empty:
  - _building_results: 75
  - _road_queue: 0
  - _terrain_objects_queue: 0
  - _infrastructure_queue: 76
  - _pending_building_tasks: 0
OSM DEBUG: Chunks loaded 16/16, but queues not empty:
  - _building_results: 74
  - _road_queue: 0
  - _terrain_objects_queue: 0
  - _infrastructure_queue: 75
  - _pending_building_tasks: 0
OSM DEBUG: Chunks loaded 16/16, but queues not empty:
  - _building_results: 73
  - _road_queue: 0
  - _terrain_objects_queue: 0
  - _infrastructure_queue: 74
  - _pending_building_tasks: 0
OSM DEBUG: Chunks loaded 16/16, but queues not empty:
  - _building_results: 72
  - _road_queue: 0
  - _terrain_objects_queue: 0
  - _infrastructure_queue: 73
  - _pending_building_tasks: 0
OSM DEBUG: Chunks loaded 16/16, but queues not empty:
  - _building_results: 71
  - _road_queue: 0
  - _terrain_objects_queue: 0
  - _infrastructure_queue: 72
  - _pending_building_tasks: 0
OSM DEBUG: Chunks loaded 16/16, but queues not empty:
  - _building_results: 70
  - _road_queue: 0
  - _terrain_objects_queue: 0
  - _infrastructure_queue: 71
  - _pending_building_tasks: 0
OSM DEBUG: Chunks loaded 16/16, but queues not empty:
  - _building_results: 69
  - _road_queue: 0
  - _terrain_objects_queue: 0
  - _infrastructure_queue: 70
  - _pending_building_tasks: 0
OSM DEBUG: Chunks loaded 16/16, but queues not empty:
  - _building_results: 68
  - _road_queue: 0
  - _terrain_objects_queue: 0
  - _infrastructure_queue: 69
  - _pending_building_tasks: 0
OSM DEBUG: Chunks loaded 16/16, but queues not empty:
  - _building_results: 67
  - _road_queue: 0
  - _terrain_objects_queue: 0
  - _infrastructure_queue: 68
  - _pending_building_tasks: 0
OSM DEBUG: Chunks loaded 16/16, but queues not empty:
  - _building_results: 66
  - _road_queue: 0
  - _terrain_objects_queue: 0
  - _infrastructure_queue: 67
  - _pending_building_tasks: 0
OSM DEBUG: Chunks loaded 16/16, but queues not empty:
  - _building_results: 65
  - _road_queue: 0
  - _terrain_objects_queue: 0
  - _infrastructure_queue: 66
  - _pending_building_tasks: 0
OSM DEBUG: Chunks loaded 16/16, but queues not empty:
  - _building_results: 64
  - _road_queue: 0
  - _terrain_objects_queue: 0
  - _infrastructure_queue: 65
  - _pending_building_tasks: 0
OSM DEBUG: Chunks loaded 16/16, but queues not empty:
  - _building_results: 63
  - _road_queue: 0
  - _terrain_objects_queue: 0
  - _infrastructure_queue: 64
  - _pending_building_tasks: 0
OSM DEBUG: Chunks loaded 16/16, but queues not empty:
  - _building_results: 62
  - _road_queue: 0
  - _terrain_objects_queue: 0
  - _infrastructure_queue: 63
  - _pending_building_tasks: 0
OSM DEBUG: Chunks loaded 16/16, but queues not empty:
  - _building_results: 61
  - _road_queue: 0
  - _terrain_objects_queue: 0
  - _infrastructure_queue: 62
  - _pending_building_tasks: 0
OSM DEBUG: Chunks loaded 16/16, but queues not empty:
  - _building_results: 60
  - _road_queue: 0
  - _terrain_objects_queue: 0
  - _infrastructure_queue: 61
  - _pending_building_tasks: 0
OSM DEBUG: Chunks loaded 16/16, but queues not empty:
  - _building_results: 59
  - _road_queue: 0
  - _terrain_objects_queue: 0
  - _infrastructure_queue: 60
  - _pending_building_tasks: 0
OSM DEBUG: Chunks loaded 16/16, but queues not empty:
  - _building_results: 58
  - _road_queue: 0
  - _terrain_objects_queue: 0
  - _infrastructure_queue: 59
  - _pending_building_tasks: 0
OSM DEBUG: Chunks loaded 16/16, but queues not empty:
  - _building_results: 57
  - _road_queue: 0
  - _terrain_objects_queue: 0
  - _infrastructure_queue: 58
  - _pending_building_tasks: 0
OSM DEBUG: Chunks loaded 16/16, but queues not empty:
  - _building_results: 56
  - _road_queue: 0
  - _terrain_objects_queue: 0
  - _infrastructure_queue: 57
  - _pending_building_tasks: 0
OSM DEBUG: Chunks loaded 16/16, but queues not empty:
  - _building_results: 55
  - _road_queue: 0
  - _terrain_objects_queue: 0
  - _infrastructure_queue: 56
  - _pending_building_tasks: 0
OSM DEBUG: Chunks loaded 16/16, but queues not empty:
  - _building_results: 54
  - _road_queue: 0
  - _terrain_objects_queue: 0
  - _infrastructure_queue: 55
  - _pending_building_tasks: 0
OSM DEBUG: Chunks loaded 16/16, but queues not empty:
  - _building_results: 53
  - _road_queue: 0
  - _terrain_objects_queue: 0
  - _infrastructure_queue: 54
  - _pending_building_tasks: 0
OSM DEBUG: Chunks loaded 16/16, but queues not empty:
  - _building_results: 52
  - _road_queue: 0
  - _terrain_objects_queue: 0
  - _infrastructure_queue: 53
  - _pending_building_tasks: 0
OSM DEBUG: Chunks loaded 16/16, but queues not empty:
  - _building_results: 51
  - _road_queue: 0
  - _terrain_objects_queue: 0
  - _infrastructure_queue: 52
  - _pending_building_tasks: 0
OSM DEBUG: Chunks loaded 16/16, but queues not empty:
  - _building_results: 50
  - _road_queue: 0
  - _terrain_objects_queue: 0
  - _infrastructure_queue: 51
  - _pending_building_tasks: 0
OSM DEBUG: Chunks loaded 16/16, but queues not empty:
  - _building_results: 49
  - _road_queue: 0
  - _terrain_objects_queue: 0
  - _infrastructure_queue: 50
  - _pending_building_tasks: 0
OSM DEBUG: Chunks loaded 16/16, but queues not empty:
  - _building_results: 48
  - _road_queue: 0
  - _terrain_objects_queue: 0
  - _infrastructure_queue: 49
  - _pending_building_tasks: 0
OSM DEBUG: Chunks loaded 16/16, but queues not empty:
  - _building_results: 47
  - _road_queue: 0
  - _terrain_objects_queue: 0
  - _infrastructure_queue: 48
  - _pending_building_tasks: 0
OSM DEBUG: Chunks loaded 16/16, but queues not empty:
  - _building_results: 46
  - _road_queue: 0
  - _terrain_objects_queue: 0
  - _infrastructure_queue: 47
  - _pending_building_tasks: 0
OSM DEBUG: Chunks loaded 16/16, but queues not empty:
  - _building_results: 45
  - _road_queue: 0
  - _terrain_objects_queue: 0
  - _infrastructure_queue: 46
  - _pending_building_tasks: 0
OSM DEBUG: Chunks loaded 16/16, but queues not empty:
  - _building_results: 44
  - _road_queue: 0
  - _terrain_objects_queue: 0
  - _infrastructure_queue: 45
  - _pending_building_tasks: 0
OSM DEBUG: Chunks loaded 16/16, but queues not empty:
  - _building_results: 43
  - _road_queue: 0
  - _terrain_objects_queue: 0
  - _infrastructure_queue: 44
  - _pending_building_tasks: 0
OSM DEBUG: Chunks loaded 16/16, but queues not empty:
  - _building_results: 42
  - _road_queue: 0
  - _terrain_objects_queue: 0
  - _infrastructure_queue: 43
  - _pending_building_tasks: 0
OSM DEBUG: Chunks loaded 16/16, but queues not empty:
  - _building_results: 41
  - _road_queue: 0
  - _terrain_objects_queue: 0
  - _infrastructure_queue: 42
  - _pending_building_tasks: 0
OSM DEBUG: Chunks loaded 16/16, but queues not empty:
  - _building_results: 40
  - _road_queue: 0
  - _terrain_objects_queue: 0
  - _infrastructure_queue: 41
  - _pending_building_tasks: 0
OSM DEBUG: Chunks loaded 16/16, but queues not empty:
  - _building_results: 39
  - _road_queue: 0
  - _terrain_objects_queue: 0
  - _infrastructure_queue: 40
  - _pending_building_tasks: 0
OSM DEBUG: Chunks loaded 16/16, but queues not empty:
  - _building_results: 38
  - _road_queue: 0
  - _terrain_objects_queue: 0
  - _infrastructure_queue: 39
  - _pending_building_tasks: 0
OSM DEBUG: Chunks loaded 16/16, but queues not empty:
  - _building_results: 37
  - _road_queue: 0
  - _terrain_objects_queue: 0
  - _infrastructure_queue: 38
  - _pending_building_tasks: 0
OSM DEBUG: Chunks loaded 16/16, but queues not empty:
  - _building_results: 36
  - _road_queue: 0
  - _terrain_objects_queue: 0
  - _infrastructure_queue: 37
  - _pending_building_tasks: 0
OSM DEBUG: Chunks loaded 16/16, but queues not empty:
  - _building_results: 35
  - _road_queue: 0
  - _terrain_objects_queue: 0
  - _infrastructure_queue: 36
  - _pending_building_tasks: 0
OSM DEBUG: Chunks loaded 16/16, but queues not empty:
  - _building_results: 34
  - _road_queue: 0
  - _terrain_objects_queue: 0
  - _infrastructure_queue: 35
  - _pending_building_tasks: 0
OSM DEBUG: Chunks loaded 16/16, but queues not empty:
  - _building_results: 33
  - _road_queue: 0
  - _terrain_objects_queue: 0
  - _infrastructure_queue: 34
  - _pending_building_tasks: 0
OSM DEBUG: Chunks loaded 16/16, but queues not empty:
  - _building_results: 32
  - _road_queue: 0
  - _terrain_objects_queue: 0
  - _infrastructure_queue: 33
  - _pending_building_tasks: 0
OSM DEBUG: Chunks loaded 16/16, but queues not empty:
  - _building_results: 31
  - _road_queue: 0
  - _terrain_objects_queue: 0
  - _infrastructure_queue: 32
  - _pending_building_tasks: 0
OSM DEBUG: Chunks loaded 16/16, but queues not empty:
  - _building_results: 30
  - _road_queue: 0
  - _terrain_objects_queue: 0
  - _infrastructure_queue: 31
  - _pending_building_tasks: 0
OSM DEBUG: Chunks loaded 16/16, but queues not empty:
  - _building_results: 29
  - _road_queue: 0
  - _terrain_objects_queue: 0
  - _infrastructure_queue: 30
  - _pending_building_tasks: 0
OSM DEBUG: Chunks loaded 16/16, but queues not empty:
  - _building_results: 28
  - _road_queue: 0
  - _terrain_objects_queue: 0
  - _infrastructure_queue: 29
  - _pending_building_tasks: 0
OSM DEBUG: Chunks loaded 16/16, but queues not empty:
  - _building_results: 27
  - _road_queue: 0
  - _terrain_objects_queue: 0
  - _infrastructure_queue: 28
  - _pending_building_tasks: 0
OSM DEBUG: Chunks loaded 16/16, but queues not empty:
  - _building_results: 26
  - _road_queue: 0
  - _terrain_objects_queue: 0
  - _infrastructure_queue: 27
  - _pending_building_tasks: 0
OSM DEBUG: Chunks loaded 16/16, but queues not empty:
  - _building_results: 25
  - _road_queue: 0
  - _terrain_objects_queue: 0
  - _infrastructure_queue: 26
  - _pending_building_tasks: 0
OSM DEBUG: Chunks loaded 16/16, but queues not empty:
  - _building_results: 24
  - _road_queue: 0
  - _terrain_objects_queue: 0
  - _infrastructure_queue: 25
  - _pending_building_tasks: 0
OSM DEBUG: Chunks loaded 16/16, but queues not empty:
  - _building_results: 23
  - _road_queue: 0
  - _terrain_objects_queue: 0
  - _infrastructure_queue: 24
  - _pending_building_tasks: 0
OSM DEBUG: Chunks loaded 16/16, but queues not empty:
  - _building_results: 22
  - _road_queue: 0
  - _terrain_objects_queue: 0
  - _infrastructure_queue: 23
  - _pending_building_tasks: 0
OSM DEBUG: Chunks loaded 16/16, but queues not empty:
  - _building_results: 21
  - _road_queue: 0
  - _terrain_objects_queue: 0
  - _infrastructure_queue: 22
  - _pending_building_tasks: 0
OSM DEBUG: Chunks loaded 16/16, but queues not empty:
  - _building_results: 20
  - _road_queue: 0
  - _terrain_objects_queue: 0
  - _infrastructure_queue: 21
  - _pending_building_tasks: 0
OSM DEBUG: Chunks loaded 16/16, but queues not empty:
  - _building_results: 19
  - _road_queue: 0
  - _terrain_objects_queue: 0
  - _infrastructure_queue: 20
  - _pending_building_tasks: 0
OSM DEBUG: Chunks loaded 16/16, but queues not empty:
  - _building_results: 18
  - _road_queue: 0
  - _terrain_objects_queue: 0
  - _infrastructure_queue: 19
  - _pending_building_tasks: 0
OSM DEBUG: Chunks loaded 16/16, but queues not empty:
  - _building_results: 17
  - _road_queue: 0
  - _terrain_objects_queue: 0
  - _infrastructure_queue: 18
  - _pending_building_tasks: 0
OSM DEBUG: Chunks loaded 16/16, but queues not empty:
  - _building_results: 16
  - _road_queue: 0
  - _terrain_objects_queue: 0
  - _infrastructure_queue: 17
  - _pending_building_tasks: 0
OSM DEBUG: Chunks loaded 16/16, but queues not empty:
  - _building_results: 15
  - _road_queue: 0
  - _terrain_objects_queue: 0
  - _infrastructure_queue: 16
  - _pending_building_tasks: 0
OSM DEBUG: Chunks loaded 16/16, but queues not empty:
  - _building_results: 14
  - _road_queue: 0
  - _terrain_objects_queue: 0
  - _infrastructure_queue: 15
  - _pending_building_tasks: 0
OSM DEBUG: Chunks loaded 16/16, but queues not empty:
  - _building_results: 13
  - _road_queue: 0
  - _terrain_objects_queue: 0
  - _infrastructure_queue: 14
  - _pending_building_tasks: 0
OSM DEBUG: Chunks loaded 16/16, but queues not empty:
  - _building_results: 12
  - _road_queue: 0
  - _terrain_objects_queue: 0
  - _infrastructure_queue: 13
  - _pending_building_tasks: 0
OSM DEBUG: Chunks loaded 16/16, but queues not empty:
  - _building_results: 11
  - _road_queue: 0
  - _terrain_objects_queue: 0
  - _infrastructure_queue: 12
  - _pending_building_tasks: 0
OSM DEBUG: Chunks loaded 16/16, but queues not empty:
  - _building_results: 10
  - _road_queue: 0
  - _terrain_objects_queue: 0
  - _infrastructure_queue: 11
  - _pending_building_tasks: 0
OSM DEBUG: Chunks loaded 16/16, but queues not empty:
  - _building_results: 9
  - _road_queue: 0
  - _terrain_objects_queue: 0
  - _infrastructure_queue: 10
  - _pending_building_tasks: 0
OSM DEBUG: Chunks loaded 16/16, but queues not empty:
  - _building_results: 8
  - _road_queue: 0
  - _terrain_objects_queue: 0
  - _infrastructure_queue: 9
  - _pending_building_tasks: 0
OSM DEBUG: Chunks loaded 16/16, but queues not empty:
  - _building_results: 7
  - _road_queue: 0
  - _terrain_objects_queue: 0
  - _infrastructure_queue: 8
  - _pending_building_tasks: 0
🚗 Traffic: 11 active NPCs (Near: 2, Mid: 9, Far: 0), 0 pooled
  → Physics bodies from NPCs: 11 (All: 11×1, было бы 11×5=55)

========== Bottleneck Analysis Report ==========
Time: 8.2s | Frames: 169

📊 PERFORMANCE OVERVIEW:
  FPS: 41.9 avg | 22.0 min
  Frame Time: 46.47 ms avg | 61.78 ms max
  Physics Time: 2.44 ms avg

🔍 BOTTLENECK IDENTIFICATION:
  🔴 [CRITICAL] Frame Time
      Value: 46.47 ms (target: 16.67 ms)
      Impact: Overall performance bottleneck
      Suggestions:
        • Reduce draw calls
        • Optimize scripts in _process()
        • Check for expensive operations per frame

  🟠 [HIGH] Draw Calls
      Value: 4062 calls/frame
      Impact: GPU rendering overhead
      Suggestions:
        • Batch meshes by material
        • Use MultiMeshInstance3D
        • Implement LOD system
        • Enable frustum culling

  🟡 [MEDIUM] Vertex Count
      Value: 52369163 vertices/frame
      Impact: GPU vertex processing
      Suggestions:
        • Implement LOD for distant objects
        • Simplify building meshes
        • Use lower poly models

  🟡 [MEDIUM] Post-Processing Effects
      Value: SSAO, Glow/Bloom, Volumetric Fog
      Impact: GPU shader overhead
      Suggestions:
        • Reduce SSR quality
        • Disable SSAO on low-end hardware
        • Use simpler fog

  🟢 [LOW] Node Count
      Value: 9746 nodes
      Impact: Scene tree traversal overhead
      Suggestions:
        • Unload distant chunks
        • Pool and reuse nodes
        • Flatten hierarchy where possible

📈 DETAILED STATS:
  Draw Calls: 4062 avg | 4648 max
  Vertices: 52369163 avg | 52475387 max
  Physics Bodies: 120
  Nodes: 9746
  VRAM: 709.8 MB

=================================================

OSM DEBUG: Chunks loaded 16/16, but queues not empty:
  - _building_results: 6
  - _road_queue: 0
  - _terrain_objects_queue: 0
  - _infrastructure_queue: 7
  - _pending_building_tasks: 0
OSM DEBUG: Chunks loaded 16/16, but queues not empty:
  - _building_results: 5
  - _road_queue: 0
  - _terrain_objects_queue: 0
  - _infrastructure_queue: 6
  - _pending_building_tasks: 0
OSM DEBUG: Chunks loaded 16/16, but queues not empty:
  - _building_results: 4
  - _road_queue: 0
  - _terrain_objects_queue: 0
  - _infrastructure_queue: 5
  - _pending_building_tasks: 0
OSM DEBUG: Chunks loaded 16/16, but queues not empty:
  - _building_results: 3
  - _road_queue: 0
  - _terrain_objects_queue: 0
  - _infrastructure_queue: 4
  - _pending_building_tasks: 0
OSM DEBUG: Chunks loaded 16/16, but queues not empty:
  - _building_results: 2
  - _road_queue: 0
  - _terrain_objects_queue: 0
  - _infrastructure_queue: 3
  - _pending_building_tasks: 0
OSM DEBUG: Chunks loaded 16/16, but queues not empty:
  - _building_results: 1
  - _road_queue: 0
  - _terrain_objects_queue: 0
  - _infrastructure_queue: 2
  - _pending_building_tasks: 0
Loading cache for shader SceneForwardClusteredShaderRD, variant 0
Loading cache for shader SceneForwardClusteredShaderRD, variant 1
Loading cache for shader SceneForwardClusteredShaderRD, variant 2
Loading cache for shader SceneForwardClusteredShaderRD, variant 3
Loading cache for shader SceneForwardClusteredShaderRD, variant 4
Loading cache for shader SceneForwardClusteredShaderRD, variant 5
Loading cache for shader SceneForwardClusteredShaderRD, variant 6
Loading cache for shader SceneForwardClusteredShaderRD, variant 7
Loading cache for shader SceneForwardClusteredShaderRD, variant 0
Loading cache for shader SceneForwardClusteredShaderRD, variant 1
Loading cache for shader SceneForwardClusteredShaderRD, variant 2
Loading cache for shader SceneForwardClusteredShaderRD, variant 3
Loading cache for shader SceneForwardClusteredShaderRD, variant 4
Loading cache for shader SceneForwardClusteredShaderRD, variant 5
Loading cache for shader SceneForwardClusteredShaderRD, variant 6
Loading cache for shader SceneForwardClusteredShaderRD, variant 7
Loading cache for shader SceneForwardClusteredShaderRD, variant 8
Loading cache for shader SceneForwardClusteredShaderRD, variant 9
Loading cache for shader SceneForwardClusteredShaderRD, variant 10
Loading cache for shader SceneForwardClusteredShaderRD, variant 11
Loading cache for shader SceneForwardClusteredShaderRD, variant 12
Loading cache for shader SceneForwardClusteredShaderRD, variant 13
Loading cache for shader SceneForwardClusteredShaderRD, variant 14
Loading cache for shader SceneForwardClusteredShaderRD, variant 15
Loading cache for shader SceneForwardClusteredShaderRD, variant 16
Loading cache for shader SceneForwardClusteredShaderRD, variant 17
OSM: 🌙 NIGHT Window batch 0,-1 | night_mgr: CACHED | is_night value: true
OSM: ✅ Finalized window batch 0,-1: 1555 windows (was 1555 draw calls before batching)
⚠️ SLOW FRAME 14.3ms: building=0.0 road=13.7 terrain=0.0 infra=0.4 veg=0.0 curb=0.1ms
OSM DEBUG: Chunks loaded 16/16, but queues not empty:
  - _building_results: 0
  - _road_queue: 0
  - _terrain_objects_queue: 0
  - _infrastructure_queue: 1
  - _pending_building_tasks: 0
OSM: 🌙 NIGHT Window batch -1,-1 | night_mgr: CACHED | is_night value: true
OSM: ✅ Finalized window batch -1,-1: 4286 windows (was 4286 draw calls before batching)
OSM: Starting finalization...
OSM: _create_pending_lamps started, count=942
OSM: Created 404 lamps, skipped 538 (added to infrastructure queue)
OSM: Lamps done, starting parking signs...
OSM: _create_pending_parking_signs started, count=16, road_segments=2377
OSM: Created 16 parking signs
OSM: Parking signs done
OSM: Initial loading complete! 16 chunks loaded

[PerformanceTestDetailed] ✓ Terrain loaded! Starting test in 2 seconds...
OSM: 🌙 NIGHT Window batch -1,0 | night_mgr: CACHED | is_night value: true
OSM: ✅ Finalized window batch -1,0: 728 windows (was 728 draw calls before batching)
Loading cache for shader SceneForwardClusteredShaderRD, variant 0
Loading cache for shader SceneForwardClusteredShaderRD, variant 1
Loading cache for shader SceneForwardClusteredShaderRD, variant 2
Loading cache for shader SceneForwardClusteredShaderRD, variant 3
Loading cache for shader SceneForwardClusteredShaderRD, variant 4
Loading cache for shader SceneForwardClusteredShaderRD, variant 5
Loading cache for shader SceneForwardClusteredShaderRD, variant 6
Loading cache for shader SceneForwardClusteredShaderRD, variant 7
Loading cache for shader SceneForwardClusteredShaderRD, variant 0
Loading cache for shader SceneForwardClusteredShaderRD, variant 1
Loading cache for shader SceneForwardClusteredShaderRD, variant 2
Loading cache for shader SceneForwardClusteredShaderRD, variant 3
Loading cache for shader SceneForwardClusteredShaderRD, variant 4
Loading cache for shader SceneForwardClusteredShaderRD, variant 5
Loading cache for shader SceneForwardClusteredShaderRD, variant 6
Loading cache for shader SceneForwardClusteredShaderRD, variant 7
Loading cache for shader SceneForwardClusteredShaderRD, variant 8
Loading cache for shader SceneForwardClusteredShaderRD, variant 9
Loading cache for shader SceneForwardClusteredShaderRD, variant 10
Loading cache for shader SceneForwardClusteredShaderRD, variant 11
Loading cache for shader SceneForwardClusteredShaderRD, variant 12
Loading cache for shader SceneForwardClusteredShaderRD, variant 13
Loading cache for shader SceneForwardClusteredShaderRD, variant 14
Loading cache for shader SceneForwardClusteredShaderRD, variant 15
Loading cache for shader SceneForwardClusteredShaderRD, variant 16
Loading cache for shader SceneForwardClusteredShaderRD, variant 17
⚠️ SLOW FRAME 16.2ms: building=0.0 road=0.6 terrain=0.0 infra=15.5 veg=0.0 curb=0.0ms
OSM: 🌙 NIGHT Window batch -2,0 | night_mgr: CACHED | is_night value: true
OSM: ✅ Finalized window batch -2,0: 96 windows (was 96 draw calls before batching)
OSM: 🌙 NIGHT Window batch -2,-1 | night_mgr: CACHED | is_night value: true
OSM: ✅ Finalized window batch -2,-1: 2311 windows (was 2311 draw calls before batching)
OSM: 🌙 NIGHT Window batch -1,-2 | night_mgr: CACHED | is_night value: true
OSM: ✅ Finalized window batch -1,-2: 5365 windows (was 5365 draw calls before batching)
OSM: 🌙 NIGHT Window batch 1,0 | night_mgr: CACHED | is_night value: true
OSM: ✅ Finalized window batch 1,0: 40 windows (was 40 draw calls before batching)
OSM: 🌙 NIGHT Window batch 1,-1 | night_mgr: CACHED | is_night value: true
OSM: ✅ Finalized window batch 1,-1: 4967 windows (was 4967 draw calls before batching)
OSM: 🌙 NIGHT Window batch 0,-2 | night_mgr: CACHED | is_night value: true
OSM: ✅ Finalized window batch 0,-2: 2148 windows (was 2148 draw calls before batching)
OSM: 🌙 NIGHT Window batch -2,-2 | night_mgr: CACHED | is_night value: true
OSM: ✅ Finalized window batch -2,-2: 5534 windows (was 5534 draw calls before batching)
OSM: 🌙 NIGHT Window batch 1,-2 | night_mgr: CACHED | is_night value: true
OSM: ✅ Finalized window batch 1,-2: 4954 windows (was 4954 draw calls before batching)

=== PERFORMANCE METRICS ===
FPS: 38 | Frame: 24.4 ms (max 150.0) | Physics: 18.2 ms (max 696.8)
Godot Process: 61.40 ms | Physics: 3.56 ms
Objects: 27418 | Nodes: 11027 | Resources: 535
Draw calls: 5062 | Vertices: 53201048 | VRAM: 718.9 MB
Physics bodies: 191 | Collision pairs: 1787
--- System Times ---
  road_batch_finalize_total_-1,-1: 37.99 ms (max 37.99)
  road_batch_finalize_total_-1,-2: 5.72 ms (max 5.72)
  road_batch_finalize_total_-1,0: 15.24 ms (max 15.24)
  road_batch_finalize_total_-2,-1: 20.82 ms (max 20.82)
  road_batch_finalize_total_-2,-2: 18.79 ms (max 18.79)
  road_batch_finalize_total_-2,0: 20.92 ms (max 20.92)
  road_batch_finalize_total_0,-1: 26.87 ms (max 26.87)
  road_batch_finalize_total_0,-2: 24.63 ms (max 24.63)
  road_batch_finalize_total_0,0: 24.82 ms (max 24.82)
  road_batch_finalize_total_0,1: 20.95 ms (max 20.95)
  road_batch_finalize_total_1,-1: 13.26 ms (max 13.26)
  road_batch_finalize_total_1,-2: 29.74 ms (max 29.74)
  road_batch_finalize_total_1,0: 12.47 ms (max 12.47)
  road_collision_create_-1,-1: 12.40 ms (max 30.21)
  road_collision_create_-1,-2: 2.67 ms (max 3.38)
  road_collision_create_-1,0: 7.39 ms (max 12.66)
  road_collision_create_-2,-1: 6.73 ms (max 15.12)
  road_collision_create_-2,-2: 9.17 ms (max 16.47)
  road_collision_create_-2,0: 10.23 ms (max 17.11)
  road_collision_create_0,-1: 8.72 ms (max 20.84)
  road_collision_create_0,-2: 7.97 ms (max 17.50)
  road_collision_create_0,0: 8.07 ms (max 21.14)
  road_collision_create_0,1: 20.70 ms (max 20.70)
  road_collision_create_1,-1: 4.24 ms (max 9.37)
  road_collision_create_1,-2: 14.62 ms (max 26.58)
  road_collision_create_1,0: 12.21 ms (max 12.21)
===========================

=== PERFORMANCE METRICS ===
FPS: 38 | Frame: 24.4 ms (max 150.0) | Physics: 16.3 ms (max 81.4)
Godot Process: 61.40 ms | Physics: 3.56 ms
Objects: 27418 | Nodes: 11027 | Resources: 535
Draw calls: 5062 | Vertices: 53201048 | VRAM: 718.9 MB
Physics bodies: 191 | Collision pairs: 1787
===========================
🚗 Traffic: 13 active NPCs (Near: 3, Mid: 10, Far: 0), 1 pooled
  → Physics bodies from NPCs: 13 (All: 13×1, было бы 13×5=65)

========== Bottleneck Analysis Report ==========
Time: 10.2s | Frames: 247

📊 PERFORMANCE OVERVIEW:
  FPS: 44.2 avg | 38.0 min
  Frame Time: 39.62 ms avg | 61.40 ms max
  Physics Time: 3.37 ms avg

🔍 BOTTLENECK IDENTIFICATION:
  🔴 [CRITICAL] Frame Time
      Value: 39.62 ms (target: 16.67 ms)
      Impact: Overall performance bottleneck
      Suggestions:
        • Reduce draw calls
        • Optimize scripts in _process()
        • Check for expensive operations per frame

  🟠 [HIGH] Draw Calls
      Value: 4899 calls/frame
      Impact: GPU rendering overhead
      Suggestions:
        • Batch meshes by material
        • Use MultiMeshInstance3D
        • Implement LOD system
        • Enable frustum culling

  🟡 [MEDIUM] Vertex Count
      Value: 52884710 vertices/frame
      Impact: GPU vertex processing
      Suggestions:
        • Implement LOD for distant objects
        • Simplify building meshes
        • Use lower poly models

  🟡 [MEDIUM] Physics Bodies
      Value: 180 active bodies
      Impact: Physics engine load
      Suggestions:
        • Reduce NPC count
        • Convert distant NPCs to kinematic
        • Disable physics for far objects

  🟡 [MEDIUM] Node Count
      Value: 11826 nodes
      Impact: Scene tree traversal overhead
      Suggestions:
        • Unload distant chunks
        • Pool and reuse nodes
        • Flatten hierarchy where possible

  🟡 [MEDIUM] Post-Processing Effects
      Value: SSAO, Glow/Bloom, Volumetric Fog
      Impact: GPU shader overhead
      Suggestions:
        • Reduce SSR quality
        • Disable SSAO on low-end hardware
        • Use simpler fog

📈 DETAILED STATS:
  Draw Calls: 4899 avg | 5508 max
  Vertices: 52884710 avg | 53466429 max
  Physics Bodies: 180
  Nodes: 11826
  VRAM: 726.0 MB

=================================================

[PerformanceLogger] Started logging: detailed_test_90s
🚀 Test started!

⚡ FRAME SPIKE #1: 49.3 ms at 0.1s (Draw: 5645, Bodies: 195)
⚡ FRAME SPIKE #2: 33.3 ms at 0.1s (Draw: 5631, Bodies: 195)
⚡ FRAME SPIKE #3: 33.3 ms at 0.2s (Draw: 5643, Bodies: 195)
⚡ FRAME SPIKE #4: 33.3 ms at 0.2s (Draw: 5653, Bodies: 195)
⚡ FRAME SPIKE #5: 31.0 ms at 0.2s (Draw: 5652, Bodies: 195)
⚡ FRAME SPIKE #6: 26.8 ms at 0.3s (Draw: 5645, Bodies: 195)
⚡ FRAME SPIKE #7: 27.3 ms at 0.3s (Draw: 5655, Bodies: 195)
⚡ FRAME SPIKE #8: 26.2 ms at 0.4s (Draw: 5648, Bodies: 195)
⚡ FRAME SPIKE #9: 26.0 ms at 0.4s (Draw: 5660, Bodies: 195)
⚡ FRAME SPIKE #10: 26.9 ms at 0.4s (Draw: 5664, Bodies: 195)
⚡ FRAME SPIKE #11: 26.7 ms at 0.4s (Draw: 5662, Bodies: 195)
⚡ FRAME SPIKE #12: 25.8 ms at 0.5s (Draw: 5674, Bodies: 195)
⚡ FRAME SPIKE #13: 26.4 ms at 0.5s (Draw: 5677, Bodies: 195)
⚡ FRAME SPIKE #14: 26.2 ms at 0.5s (Draw: 5699, Bodies: 195)
⚡ FRAME SPIKE #15: 26.2 ms at 0.6s (Draw: 5701, Bodies: 195)
⚡ FRAME SPIKE #16: 27.2 ms at 0.6s (Draw: 5704, Bodies: 195)
⚡ FRAME SPIKE #17: 26.2 ms at 0.6s (Draw: 5712, Bodies: 195)
⚡ FRAME SPIKE #18: 26.2 ms at 0.6s (Draw: 5722, Bodies: 195)
⚡ FRAME SPIKE #19: 26.2 ms at 0.7s (Draw: 5735, Bodies: 195)
⚡ FRAME SPIKE #20: 26.2 ms at 0.7s (Draw: 5745, Bodies: 195)
⚡ FRAME SPIKE #21: 26.2 ms at 0.7s (Draw: 5760, Bodies: 195)
⚡ FRAME SPIKE #22: 26.2 ms at 0.8s (Draw: 5771, Bodies: 195)
⚡ FRAME SPIKE #23: 26.2 ms at 0.8s (Draw: 5778, Bodies: 195)
⚡ FRAME SPIKE #24: 26.2 ms at 0.8s (Draw: 5784, Bodies: 195)
⚡ FRAME SPIKE #25: 26.2 ms at 0.8s (Draw: 5785, Bodies: 195)
⚡ FRAME SPIKE #26: 26.2 ms at 0.9s (Draw: 5796, Bodies: 195)
⚡ FRAME SPIKE #27: 26.2 ms at 0.9s (Draw: 5806, Bodies: 195)
⚡ FRAME SPIKE #28: 26.2 ms at 0.9s (Draw: 5816, Bodies: 195)
⚡ FRAME SPIKE #29: 26.2 ms at 0.9s (Draw: 5822, Bodies: 195)
⚡ FRAME SPIKE #30: 26.2 ms at 1.0s (Draw: 5837, Bodies: 195)
⚡ FRAME SPIKE #31: 26.4 ms at 1.0s (Draw: 5844, Bodies: 195)
⚡ FRAME SPIKE #32: 26.2 ms at 1.0s (Draw: 5853, Bodies: 195)
⚡ FRAME SPIKE #33: 26.4 ms at 1.0s (Draw: 5866, Bodies: 195)
⚡ FRAME SPIKE #34: 26.4 ms at 1.1s (Draw: 6712, Bodies: 198)
⚡ FRAME SPIKE #35: 35.0 ms at 1.1s (Draw: 6732, Bodies: 198)
⚡ FRAME SPIKE #36: 30.9 ms at 1.1s (Draw: 6741, Bodies: 198)
⚡ FRAME SPIKE #37: 30.4 ms at 1.2s (Draw: 6740, Bodies: 198)
⚡ FRAME SPIKE #38: 31.6 ms at 1.2s (Draw: 6742, Bodies: 198)
⚡ FRAME SPIKE #39: 31.0 ms at 1.2s (Draw: 6749, Bodies: 198)
⚡ FRAME SPIKE #40: 30.6 ms at 1.3s (Draw: 6749, Bodies: 198)
⚡ FRAME SPIKE #41: 30.6 ms at 1.3s (Draw: 6756, Bodies: 198)
⚡ FRAME SPIKE #42: 30.0 ms at 1.3s (Draw: 6771, Bodies: 198)
⚡ FRAME SPIKE #43: 30.3 ms at 1.3s (Draw: 6774, Bodies: 198)
⚡ FRAME SPIKE #44: 30.3 ms at 1.4s (Draw: 6771, Bodies: 198)
⚡ FRAME SPIKE #45: 30.3 ms at 1.4s (Draw: 6764, Bodies: 198)
⚡ FRAME SPIKE #46: 30.3 ms at 1.4s (Draw: 6776, Bodies: 198)
⚡ FRAME SPIKE #47: 30.3 ms at 1.5s (Draw: 6785, Bodies: 199)
⚡ FRAME SPIKE #48: 30.3 ms at 1.5s (Draw: 6783, Bodies: 199)
⚡ FRAME SPIKE #49: 30.4 ms at 1.5s (Draw: 6790, Bodies: 199)
⚡ FRAME SPIKE #50: 31.0 ms at 1.6s (Draw: 6789, Bodies: 199)
⚡ FRAME SPIKE #51: 30.3 ms at 1.6s (Draw: 6793, Bodies: 199)
⚡ FRAME SPIKE #52: 30.3 ms at 1.6s (Draw: 6794, Bodies: 199)
⚡ FRAME SPIKE #53: 30.3 ms at 1.6s (Draw: 6808, Bodies: 199)
⚡ FRAME SPIKE #54: 30.3 ms at 1.7s (Draw: 6810, Bodies: 199)
⚡ FRAME SPIKE #55: 31.6 ms at 1.7s (Draw: 6806, Bodies: 199)
⚡ FRAME SPIKE #56: 32.1 ms at 1.7s (Draw: 6819, Bodies: 199)
⚡ FRAME SPIKE #57: 31.0 ms at 1.8s (Draw: 6833, Bodies: 200)
⚡ FRAME SPIKE #58: 31.0 ms at 1.8s (Draw: 6822, Bodies: 200)
⚡ FRAME SPIKE #59: 31.0 ms at 1.8s (Draw: 6832, Bodies: 200)
🚗 Traffic: 18 active NPCs (Near: 4, Mid: 13, Far: 1), 0 pooled
  → Physics bodies from NPCs: 18 (All: 18×1, было бы 18×5=90)

========== Bottleneck Analysis Report ==========
Time: 12.3s | Frames: 318

📊 PERFORMANCE OVERVIEW:
  FPS: 38.7 avg | 34.0 min
  Frame Time: 42.52 ms avg | 61.40 ms max
  Physics Time: 3.80 ms avg

🔍 BOTTLENECK IDENTIFICATION:
  🔴 [CRITICAL] Frame Time
      Value: 42.52 ms (target: 16.67 ms)
      Impact: Overall performance bottleneck
      Suggestions:
        • Reduce draw calls
        • Optimize scripts in _process()
        • Check for expensive operations per frame

  🟠 [HIGH] Draw Calls
      Value: 5743 calls/frame
      Impact: GPU rendering overhead
      Suggestions:
        • Batch meshes by material
        • Use MultiMeshInstance3D
        • Implement LOD system
        • Enable frustum culling

  🟡 [MEDIUM] Vertex Count
      Value: 53568178 vertices/frame
      Impact: GPU vertex processing
      Suggestions:
        • Implement LOD for distant objects
        • Simplify building meshes
        • Use lower poly models

  🟡 [MEDIUM] Physics Bodies
      Value: 194 active bodies
      Impact: Physics engine load
      Suggestions:
        • Reduce NPC count
        • Convert distant NPCs to kinematic
        • Disable physics for far objects

  🟡 [MEDIUM] Node Count
      Value: 12448 nodes
      Impact: Scene tree traversal overhead
      Suggestions:
        • Unload distant chunks
        • Pool and reuse nodes
        • Flatten hierarchy where possible

  🟡 [MEDIUM] Post-Processing Effects
      Value: SSAO, Glow/Bloom, Volumetric Fog
      Impact: GPU shader overhead
      Suggestions:
        • Reduce SSR quality
        • Disable SSAO on low-end hardware
        • Use simpler fog

📈 DETAILED STATS:
  Draw Calls: 5743 avg | 6833 max
  Vertices: 53568178 avg | 53969236 max
  Physics Bodies: 194
  Nodes: 12448
  VRAM: 734.4 MB

=================================================

⚡ FRAME SPIKE #60: 31.0 ms at 1.9s (Draw: 6829, Bodies: 200)
⚡ FRAME SPIKE #61: 31.0 ms at 1.9s (Draw: 6822, Bodies: 200)
⚡ FRAME SPIKE #62: 31.0 ms at 1.9s (Draw: 6833, Bodies: 200)
⚡ FRAME SPIKE #63: 31.0 ms at 2.0s (Draw: 6836, Bodies: 200)
⚡ FRAME SPIKE #64: 31.0 ms at 2.0s (Draw: 6842, Bodies: 201)
⚡ FRAME SPIKE #65: 31.0 ms at 2.0s (Draw: 6847, Bodies: 201)
⚡ FRAME SPIKE #66: 31.0 ms at 2.0s (Draw: 6846, Bodies: 201)
⚡ FRAME SPIKE #67: 31.0 ms at 2.1s (Draw: 6866, Bodies: 202)
⚡ FRAME SPIKE #68: 56.2 ms at 2.1s (Draw: 6883, Bodies: 202)
⚡ FRAME SPIKE #69: 41.7 ms at 2.2s (Draw: 6896, Bodies: 202)
⚡ FRAME SPIKE #70: 41.7 ms at 2.2s (Draw: 6900, Bodies: 202)
⚡ FRAME SPIKE #71: 36.9 ms at 2.2s (Draw: 6888, Bodies: 202)
⚡ FRAME SPIKE #72: 36.0 ms at 2.3s (Draw: 6901, Bodies: 202)
⚡ FRAME SPIKE #73: 32.9 ms at 2.3s (Draw: 6901, Bodies: 202)
⚡ FRAME SPIKE #74: 32.0 ms at 2.4s (Draw: 6896, Bodies: 202)
⚡ FRAME SPIKE #75: 32.0 ms at 2.4s (Draw: 6900, Bodies: 202)
⚡ FRAME SPIKE #76: 31.4 ms at 2.4s (Draw: 6907, Bodies: 202)
⚡ FRAME SPIKE #77: 28.3 ms at 2.5s (Draw: 6906, Bodies: 202)
⚡ FRAME SPIKE #78: 31.6 ms at 2.5s (Draw: 6895, Bodies: 202)
⚡ FRAME SPIKE #79: 31.1 ms at 2.5s (Draw: 6910, Bodies: 203)
⚡ FRAME SPIKE #80: 31.9 ms at 2.5s (Draw: 6923, Bodies: 203)
⚡ FRAME SPIKE #81: 31.8 ms at 2.6s (Draw: 6920, Bodies: 203)
⚡ FRAME SPIKE #82: 31.4 ms at 2.6s (Draw: 6927, Bodies: 203)
⚡ FRAME SPIKE #83: 31.0 ms at 2.6s (Draw: 6927, Bodies: 204)
⚡ FRAME SPIKE #84: 30.1 ms at 2.7s (Draw: 6919, Bodies: 204)
⚡ FRAME SPIKE #85: 31.0 ms at 2.7s (Draw: 6912, Bodies: 204)
⚡ FRAME SPIKE #86: 31.0 ms at 2.7s (Draw: 6936, Bodies: 204)
⚡ FRAME SPIKE #87: 31.0 ms at 2.8s (Draw: 6942, Bodies: 204)
⚡ FRAME SPIKE #88: 31.0 ms at 2.8s (Draw: 6936, Bodies: 204)
⚡ FRAME SPIKE #89: 31.0 ms at 2.8s (Draw: 6945, Bodies: 204)
⚡ FRAME SPIKE #90: 31.0 ms at 2.9s (Draw: 6946, Bodies: 205)
⚡ FRAME SPIKE #91: 31.0 ms at 2.9s (Draw: 6947, Bodies: 205)
⚡ FRAME SPIKE #92: 31.0 ms at 2.9s (Draw: 6951, Bodies: 205)
⚡ FRAME SPIKE #93: 31.0 ms at 2.9s (Draw: 6952, Bodies: 205)
⚡ FRAME SPIKE #94: 31.0 ms at 3.0s (Draw: 6952, Bodies: 206)
⚡ FRAME SPIKE #95: 31.0 ms at 3.0s (Draw: 6956, Bodies: 206)
⚡ FRAME SPIKE #96: 31.0 ms at 3.0s (Draw: 6964, Bodies: 206)
⚡ FRAME SPIKE #97: 31.0 ms at 3.1s (Draw: 6942, Bodies: 206)
⚡ FRAME SPIKE #98: 31.2 ms at 3.1s (Draw: 8147, Bodies: 207)
⚡ FRAME SPIKE #99: 52.3 ms at 3.1s (Draw: 8151, Bodies: 208)
⚡ FRAME SPIKE #100: 47.4 ms at 3.2s (Draw: 8142, Bodies: 207)
⚡ FRAME SPIKE #101: 38.0 ms at 3.2s (Draw: 8145, Bodies: 207)
⚡ FRAME SPIKE #102: 38.9 ms at 3.3s (Draw: 8148, Bodies: 207)
⚡ FRAME SPIKE #103: 37.5 ms at 3.3s (Draw: 8147, Bodies: 207)
⚡ FRAME SPIKE #104: 36.7 ms at 3.3s (Draw: 8156, Bodies: 207)
⚡ FRAME SPIKE #105: 35.9 ms at 3.4s (Draw: 8153, Bodies: 207)
⚡ FRAME SPIKE #106: 34.2 ms at 3.4s (Draw: 8160, Bodies: 207)
⚡ FRAME SPIKE #107: 34.7 ms at 3.5s (Draw: 8158, Bodies: 207)
⚡ FRAME SPIKE #108: 35.7 ms at 3.5s (Draw: 8161, Bodies: 207)
⚡ FRAME SPIKE #109: 35.7 ms at 3.5s (Draw: 8165, Bodies: 207)
⚡ FRAME SPIKE #110: 35.7 ms at 3.6s (Draw: 8167, Bodies: 207)
⚡ FRAME SPIKE #111: 34.5 ms at 3.6s (Draw: 8165, Bodies: 207)
⚡ FRAME SPIKE #112: 34.5 ms at 3.6s (Draw: 8144, Bodies: 207)
⚡ FRAME SPIKE #113: 34.4 ms at 3.7s (Draw: 8099, Bodies: 207)
⚡ FRAME SPIKE #114: 33.7 ms at 3.7s (Draw: 8078, Bodies: 207)
⚡ FRAME SPIKE #115: 33.9 ms at 3.7s (Draw: 8023, Bodies: 207)
⚡ FRAME SPIKE #116: 33.7 ms at 3.8s (Draw: 8015, Bodies: 207)
⚡ FRAME SPIKE #117: 34.8 ms at 3.8s (Draw: 7974, Bodies: 207)
⚡ FRAME SPIKE #118: 34.7 ms at 3.8s (Draw: 7956, Bodies: 207)

=== PERFORMANCE METRICS ===
FPS: 29 | Frame: 26.7 ms (max 73.8) | Physics: 16.7 ms (max 53.1)
Godot Process: 48.75 ms | Physics: 4.77 ms
Objects: 31923 | Nodes: 13128 | Resources: 535
Draw calls: 7956 | Vertices: 53920110 | VRAM: 740.9 MB
Physics bodies: 207 | Collision pairs: 2008
--- System Times ---
  road_batch_finalize_total_-1,-1: 37.99 ms (max 37.99)
  road_batch_finalize_total_-1,-2: 5.72 ms (max 5.72)
  road_batch_finalize_total_-1,0: 15.24 ms (max 15.24)
  road_batch_finalize_total_-2,-1: 20.82 ms (max 20.82)
  road_batch_finalize_total_-2,-2: 18.79 ms (max 18.79)
  road_batch_finalize_total_-2,0: 20.92 ms (max 20.92)
  road_batch_finalize_total_0,-1: 26.87 ms (max 26.87)
  road_batch_finalize_total_0,-2: 24.63 ms (max 24.63)
  road_batch_finalize_total_0,0: 24.82 ms (max 24.82)
  road_batch_finalize_total_0,1: 20.95 ms (max 20.95)
  road_batch_finalize_total_1,-1: 13.26 ms (max 13.26)
  road_batch_finalize_total_1,-2: 29.74 ms (max 29.74)
  road_batch_finalize_total_1,0: 12.47 ms (max 12.47)
  road_collision_create_-1,-1: 12.40 ms (max 30.21)
  road_collision_create_-1,-2: 2.67 ms (max 3.38)
  road_collision_create_-1,0: 7.39 ms (max 12.66)
  road_collision_create_-2,-1: 6.73 ms (max 15.12)
  road_collision_create_-2,-2: 9.17 ms (max 16.47)
  road_collision_create_-2,0: 10.23 ms (max 17.11)
  road_collision_create_0,-1: 8.72 ms (max 20.84)
  road_collision_create_0,-2: 7.97 ms (max 17.50)
  road_collision_create_0,0: 8.07 ms (max 21.14)
  road_collision_create_0,1: 20.70 ms (max 20.70)
  road_collision_create_1,-1: 4.24 ms (max 9.37)
  road_collision_create_1,-2: 14.62 ms (max 26.58)
  road_collision_create_1,0: 12.21 ms (max 12.21)
===========================
🚗 Traffic: 19 active NPCs (Near: 6, Mid: 12, Far: 1), 2 pooled
  → Physics bodies from NPCs: 19 (All: 19×1, было бы 19×5=95)

=== PERFORMANCE METRICS ===
FPS: 29 | Frame: 26.7 ms (max 73.8) | Physics: 16.7 ms (max 53.2)
Godot Process: 48.75 ms | Physics: 4.77 ms
Objects: 31923 | Nodes: 13128 | Resources: 535
Draw calls: 7956 | Vertices: 53920110 | VRAM: 740.9 MB
Physics bodies: 207 | Collision pairs: 2008
===========================

========== Bottleneck Analysis Report ==========
Time: 14.3s | Frames: 377

📊 PERFORMANCE OVERVIEW:
  FPS: 35.2 avg | 29.0 min
  Frame Time: 38.27 ms avg | 48.75 ms max
  Physics Time: 4.25 ms avg

🔍 BOTTLENECK IDENTIFICATION:
  🔴 [CRITICAL] Frame Time
      Value: 38.27 ms (target: 16.67 ms)
      Impact: Overall performance bottleneck
      Suggestions:
        • Reduce draw calls
        • Optimize scripts in _process()
        • Check for expensive operations per frame

  🟠 [HIGH] Draw Calls
      Value: 6745 calls/frame
      Impact: GPU rendering overhead
      Suggestions:
        • Batch meshes by material
        • Use MultiMeshInstance3D
        • Implement LOD system
        • Enable frustum culling

  🟡 [MEDIUM] Vertex Count
      Value: 53904607 vertices/frame
      Impact: GPU vertex processing
      Suggestions:
        • Implement LOD for distant objects
        • Simplify building meshes
        • Use lower poly models

  🟡 [MEDIUM] Physics Bodies
      Value: 200 active bodies
      Impact: Physics engine load
      Suggestions:
        • Reduce NPC count
        • Convert distant NPCs to kinematic
        • Disable physics for far objects

  🟡 [MEDIUM] Node Count
      Value: 13128 nodes
      Impact: Scene tree traversal overhead
      Suggestions:
        • Unload distant chunks
        • Pool and reuse nodes
        • Flatten hierarchy where possible

  🟡 [MEDIUM] Post-Processing Effects
      Value: SSAO, Glow/Bloom, Volumetric Fog
      Impact: GPU shader overhead
      Suggestions:
        • Reduce SSR quality
        • Disable SSAO on low-end hardware
        • Use simpler fog

📈 DETAILED STATS:
  Draw Calls: 6745 avg | 8167 max
  Vertices: 53904607 avg | 54090696 max
  Physics Bodies: 200
  Nodes: 13128
  VRAM: 740.9 MB

=================================================

⚡ FRAME SPIKE #119: 34.4 ms at 3.9s (Draw: 7924, Bodies: 207)
⚡ FRAME SPIKE #120: 34.7 ms at 3.9s (Draw: 7872, Bodies: 207)
⚡ FRAME SPIKE #121: 34.7 ms at 3.9s (Draw: 7863, Bodies: 207)
⚡ FRAME SPIKE #122: 34.7 ms at 4.0s (Draw: 7827, Bodies: 207)
⚡ FRAME SPIKE #123: 34.3 ms at 4.0s (Draw: 7801, Bodies: 207)
⚡ FRAME SPIKE #124: 32.6 ms at 4.0s (Draw: 7778, Bodies: 207)
⚡ FRAME SPIKE #125: 32.6 ms at 4.1s (Draw: 7781, Bodies: 207)
⚡ FRAME SPIKE #126: 34.7 ms at 4.1s (Draw: 8032, Bodies: 209)
⚡ FRAME SPIKE #127: 34.7 ms at 4.1s (Draw: 8041, Bodies: 209)
⚡ FRAME SPIKE #128: 34.7 ms at 4.2s (Draw: 8040, Bodies: 209)
⚡ FRAME SPIKE #129: 34.7 ms at 4.2s (Draw: 8046, Bodies: 209)
⚡ FRAME SPIKE #130: 34.7 ms at 4.2s (Draw: 8040, Bodies: 209)
⚡ FRAME SPIKE #131: 33.3 ms at 4.3s (Draw: 8051, Bodies: 209)
⚡ FRAME SPIKE #132: 33.3 ms at 4.3s (Draw: 8057, Bodies: 209)
⚡ FRAME SPIKE #133: 34.4 ms at 4.3s (Draw: 8044, Bodies: 209)
⚡ FRAME SPIKE #134: 34.7 ms at 4.4s (Draw: 8056, Bodies: 209)
⚡ FRAME SPIKE #135: 34.7 ms at 4.4s (Draw: 8052, Bodies: 209)
⚡ FRAME SPIKE #136: 35.2 ms at 4.5s (Draw: 8061, Bodies: 209)
⚡ FRAME SPIKE #137: 34.7 ms at 4.5s (Draw: 8053, Bodies: 209)
⚡ FRAME SPIKE #138: 34.7 ms at 4.5s (Draw: 8065, Bodies: 209)
⚡ FRAME SPIKE #139: 34.7 ms at 4.6s (Draw: 8046, Bodies: 209)
⚡ FRAME SPIKE #140: 35.0 ms at 4.6s (Draw: 8056, Bodies: 209)
⚡ FRAME SPIKE #141: 35.1 ms at 4.6s (Draw: 8049, Bodies: 210)
⚡ FRAME SPIKE #142: 35.4 ms at 4.7s (Draw: 8042, Bodies: 210)
⚡ FRAME SPIKE #143: 35.5 ms at 4.7s (Draw: 8040, Bodies: 211)
⚡ FRAME SPIKE #144: 35.3 ms at 4.7s (Draw: 8036, Bodies: 211)
⚡ FRAME SPIKE #145: 35.7 ms at 4.8s (Draw: 8037, Bodies: 211)
⚡ FRAME SPIKE #146: 35.3 ms at 4.8s (Draw: 8039, Bodies: 211)
⚡ FRAME SPIKE #147: 39.4 ms at 4.8s (Draw: 8034, Bodies: 212)
⚡ FRAME SPIKE #148: 35.0 ms at 4.9s (Draw: 8035, Bodies: 212)
⚡ FRAME SPIKE #149: 35.0 ms at 4.9s (Draw: 8031, Bodies: 212)
⚡ FRAME SPIKE #150: 35.0 ms at 4.9s (Draw: 8037, Bodies: 212)
⚡ FRAME SPIKE #151: 35.0 ms at 5.0s (Draw: 8037, Bodies: 212)
⚡ FRAME SPIKE #152: 36.1 ms at 5.0s (Draw: 8043, Bodies: 212)
⚡ FRAME SPIKE #153: 39.9 ms at 5.1s (Draw: 8051, Bodies: 212)
⚡ FRAME SPIKE #154: 36.1 ms at 5.1s (Draw: 8056, Bodies: 212)
⚡ FRAME SPIKE #155: 39.0 ms at 5.1s (Draw: 8092, Bodies: 216)
⚡ FRAME SPIKE #156: 68.0 ms at 5.2s (Draw: 8107, Bodies: 216)
⚡ FRAME SPIKE #157: 46.1 ms at 5.2s (Draw: 8106, Bodies: 216)
⚡ FRAME SPIKE #158: 47.6 ms at 5.3s (Draw: 8102, Bodies: 216)
⚡ FRAME SPIKE #159: 39.4 ms at 5.3s (Draw: 8098, Bodies: 216)
⚡ FRAME SPIKE #160: 35.0 ms at 5.4s (Draw: 8101, Bodies: 216)
⚡ FRAME SPIKE #161: 39.2 ms at 5.4s (Draw: 8095, Bodies: 216)
⚡ FRAME SPIKE #162: 35.1 ms at 5.4s (Draw: 8084, Bodies: 216)
⚡ FRAME SPIKE #163: 35.5 ms at 5.5s (Draw: 8076, Bodies: 216)
⚡ FRAME SPIKE #164: 35.1 ms at 5.5s (Draw: 8070, Bodies: 216)
⚡ FRAME SPIKE #165: 34.9 ms at 5.5s (Draw: 8024, Bodies: 216)
⚡ FRAME SPIKE #166: 35.0 ms at 5.6s (Draw: 7978, Bodies: 216)
⚡ FRAME SPIKE #167: 35.1 ms at 5.6s (Draw: 7902, Bodies: 216)
⚡ FRAME SPIKE #168: 35.7 ms at 5.7s (Draw: 7828, Bodies: 216)
⚡ FRAME SPIKE #169: 35.7 ms at 5.7s (Draw: 7759, Bodies: 216)
⚡ FRAME SPIKE #170: 35.7 ms at 5.7s (Draw: 7717, Bodies: 216)
⚡ FRAME SPIKE #171: 34.9 ms at 5.8s (Draw: 7681, Bodies: 216)
⚡ FRAME SPIKE #172: 33.7 ms at 5.8s (Draw: 7677, Bodies: 216)
⚡ FRAME SPIKE #173: 34.8 ms at 5.8s (Draw: 7674, Bodies: 216)
⚡ FRAME SPIKE #174: 34.0 ms at 5.9s (Draw: 7673, Bodies: 216)
🚗 Traffic: 24 active NPCs (Near: 7, Mid: 16, Far: 1), 0 pooled
  → Physics bodies from NPCs: 24 (All: 24×1, было бы 24×5=120)

========== Bottleneck Analysis Report ==========
Time: 16.3s | Frames: 433

📊 PERFORMANCE OVERVIEW:
  FPS: 30.5 avg | 27.0 min
  Frame Time: 39.46 ms avg | 51.64 ms max
  Physics Time: 4.71 ms avg

🔍 BOTTLENECK IDENTIFICATION:
  🔴 [CRITICAL] Frame Time
      Value: 39.46 ms (target: 16.67 ms)
      Impact: Overall performance bottleneck
      Suggestions:
        • Reduce draw calls
        • Optimize scripts in _process()
        • Check for expensive operations per frame

  🟠 [HIGH] Draw Calls
      Value: 7616 calls/frame
      Impact: GPU rendering overhead
      Suggestions:
        • Batch meshes by material
        • Use MultiMeshInstance3D
        • Implement LOD system
        • Enable frustum culling

  🟠 [HIGH] Physics Bodies
      Value: 207 active bodies
      Impact: Physics engine load
      Suggestions:
        • Reduce NPC count
        • Convert distant NPCs to kinematic
        • Disable physics for far objects

  🟡 [MEDIUM] Vertex Count
      Value: 53951825 vertices/frame
      Impact: GPU vertex processing
      Suggestions:
        • Implement LOD for distant objects
        • Simplify building meshes
        • Use lower poly models

  🟡 [MEDIUM] Node Count
      Value: 13540 nodes
      Impact: Scene tree traversal overhead
      Suggestions:
        • Unload distant chunks
        • Pool and reuse nodes
        • Flatten hierarchy where possible

  🟡 [MEDIUM] Post-Processing Effects
      Value: SSAO, Glow/Bloom, Volumetric Fog
      Impact: GPU shader overhead
      Suggestions:
        • Reduce SSR quality
        • Disable SSAO on low-end hardware
        • Use simpler fog

📈 DETAILED STATS:
  Draw Calls: 7616 avg | 8167 max
  Vertices: 53951825 avg | 54090696 max
  Physics Bodies: 207
  Nodes: 13540
  VRAM: 744.8 MB

=================================================

⚡ FRAME SPIKE #175: 35.2 ms at 5.9s (Draw: 7685, Bodies: 216)
⚡ FRAME SPIKE #176: 35.0 ms at 5.9s (Draw: 7708, Bodies: 216)
⚡ FRAME SPIKE #177: 34.9 ms at 6.0s (Draw: 7691, Bodies: 216)
⚡ FRAME SPIKE #178: 35.0 ms at 6.0s (Draw: 7672, Bodies: 216)
⚡ FRAME SPIKE #179: 35.0 ms at 6.0s (Draw: 7662, Bodies: 216)
⚡ FRAME SPIKE #180: 35.0 ms at 6.1s (Draw: 7659, Bodies: 216)
⚡ FRAME SPIKE #181: 35.0 ms at 6.1s (Draw: 7649, Bodies: 216)
=== PAZ Model Meshes Debug ===
Total meshes found: 1
  - Mesh: bus_low_Material_006_0 (MeshInstance3D)
PAZ-32053 model setup complete
⚡ FRAME SPIKE #182: 35.0 ms at 6.1s (Draw: 7637, Bodies: 217)
⚡ FRAME SPIKE #183: 35.2 ms at 6.2s (Draw: 7620, Bodies: 217)
⚡ FRAME SPIKE #184: 35.2 ms at 6.2s (Draw: 7601, Bodies: 217)
⚡ FRAME SPIKE #185: 35.2 ms at 6.2s (Draw: 7571, Bodies: 216)
⚡ FRAME SPIKE #186: 35.3 ms at 6.3s (Draw: 7545, Bodies: 216)
⚡ FRAME SPIKE #187: 35.2 ms at 6.3s (Draw: 7524, Bodies: 216)
⚡ FRAME SPIKE #188: 35.2 ms at 6.4s (Draw: 7495, Bodies: 216)
⚡ FRAME SPIKE #189: 35.2 ms at 6.4s (Draw: 7468, Bodies: 216)
⚡ FRAME SPIKE #190: 35.2 ms at 6.4s (Draw: 7447, Bodies: 216)
⚡ FRAME SPIKE #191: 35.0 ms at 6.5s (Draw: 7415, Bodies: 216)
⚡ FRAME SPIKE #192: 35.0 ms at 6.5s (Draw: 7406, Bodies: 216)
⚡ FRAME SPIKE #193: 35.0 ms at 6.5s (Draw: 7382, Bodies: 216)
⚡ FRAME SPIKE #194: 35.0 ms at 6.6s (Draw: 7355, Bodies: 216)
⚡ FRAME SPIKE #195: 35.0 ms at 6.6s (Draw: 7331, Bodies: 216)
⚡ FRAME SPIKE #196: 35.0 ms at 6.6s (Draw: 7316, Bodies: 216)
⚡ FRAME SPIKE #197: 35.0 ms at 6.7s (Draw: 7307, Bodies: 216)
⚡ FRAME SPIKE #198: 35.0 ms at 6.7s (Draw: 7286, Bodies: 216)
⚡ FRAME SPIKE #199: 35.0 ms at 6.7s (Draw: 7268, Bodies: 216)
⚡ FRAME SPIKE #200: 35.0 ms at 6.8s (Draw: 7251, Bodies: 216)
⚡ FRAME SPIKE #201: 34.1 ms at 6.8s (Draw: 7240, Bodies: 216)
⚡ FRAME SPIKE #202: 32.9 ms at 6.8s (Draw: 7188, Bodies: 216)
⚡ FRAME SPIKE #203: 32.7 ms at 6.9s (Draw: 7159, Bodies: 216)
⚡ FRAME SPIKE #204: 34.1 ms at 6.9s (Draw: 7170, Bodies: 216)
⚡ FRAME SPIKE #205: 33.5 ms at 6.9s (Draw: 7159, Bodies: 216)
⚡ FRAME SPIKE #206: 33.4 ms at 7.0s (Draw: 7140, Bodies: 216)
⚡ FRAME SPIKE #207: 33.2 ms at 7.0s (Draw: 7111, Bodies: 216)
⚡ FRAME SPIKE #208: 32.6 ms at 7.0s (Draw: 7098, Bodies: 216)
⚡ FRAME SPIKE #209: 33.3 ms at 7.1s (Draw: 6988, Bodies: 216)
⚡ FRAME SPIKE #210: 32.8 ms at 7.1s (Draw: 6951, Bodies: 216)
⚡ FRAME SPIKE #211: 32.5 ms at 7.1s (Draw: 6949, Bodies: 216)
⚡ FRAME SPIKE #212: 33.3 ms at 7.2s (Draw: 6954, Bodies: 219)
⚡ FRAME SPIKE #213: 33.3 ms at 7.2s (Draw: 6953, Bodies: 219)
⚡ FRAME SPIKE #214: 33.3 ms at 7.2s (Draw: 6955, Bodies: 219)
⚡ FRAME SPIKE #215: 33.8 ms at 7.3s (Draw: 6954, Bodies: 219)
⚡ FRAME SPIKE #216: 34.3 ms at 7.3s (Draw: 6956, Bodies: 219)
⚡ FRAME SPIKE #217: 33.5 ms at 7.3s (Draw: 6953, Bodies: 219)
⚡ FRAME SPIKE #218: 34.0 ms at 7.4s (Draw: 6961, Bodies: 219)
⚡ FRAME SPIKE #219: 34.3 ms at 7.4s (Draw: 6968, Bodies: 219)
⚡ FRAME SPIKE #220: 34.0 ms at 7.4s (Draw: 6980, Bodies: 219)
⚡ FRAME SPIKE #221: 33.5 ms at 7.5s (Draw: 6991, Bodies: 219)
⚡ FRAME SPIKE #222: 33.3 ms at 7.5s (Draw: 7017, Bodies: 219)
⚡ FRAME SPIKE #223: 33.5 ms at 7.5s (Draw: 7043, Bodies: 219)
⚡ FRAME SPIKE #224: 34.1 ms at 7.6s (Draw: 7054, Bodies: 219)
⚡ FRAME SPIKE #225: 33.3 ms at 7.6s (Draw: 7059, Bodies: 219)
⚡ FRAME SPIKE #226: 33.3 ms at 7.6s (Draw: 7060, Bodies: 219)
⚡ FRAME SPIKE #227: 33.3 ms at 7.7s (Draw: 7060, Bodies: 219)
⚡ FRAME SPIKE #228: 33.7 ms at 7.7s (Draw: 7068, Bodies: 219)
⚡ FRAME SPIKE #229: 34.3 ms at 7.7s (Draw: 7051, Bodies: 219)
⚡ FRAME SPIKE #230: 33.3 ms at 7.8s (Draw: 7053, Bodies: 219)
⚡ FRAME SPIKE #231: 33.3 ms at 7.8s (Draw: 7043, Bodies: 219)
⚡ FRAME SPIKE #232: 34.1 ms at 7.8s (Draw: 7034, Bodies: 219)
⚡ FRAME SPIKE #233: 33.4 ms at 7.9s (Draw: 7031, Bodies: 219)
🚗 Traffic: 27 active NPCs (Near: 8, Mid: 19, Far: 0), 0 pooled
  → Physics bodies from NPCs: 27 (All: 27×1, было бы 27×5=135)

========== Bottleneck Analysis Report ==========
Time: 18.3s | Frames: 492

📊 PERFORMANCE OVERVIEW:
  FPS: 28.4 avg | 27.0 min
  Frame Time: 39.06 ms avg | 51.64 ms max
  Physics Time: 5.08 ms avg

🔍 BOTTLENECK IDENTIFICATION:
  🔴 [CRITICAL] Frame Time
      Value: 39.06 ms (target: 16.67 ms)
      Impact: Overall performance bottleneck
      Suggestions:
        • Reduce draw calls
        • Optimize scripts in _process()
        • Check for expensive operations per frame

  🟠 [HIGH] Draw Calls
      Value: 7619 calls/frame
      Impact: GPU rendering overhead
      Suggestions:
        • Batch meshes by material
        • Use MultiMeshInstance3D
        • Implement LOD system
        • Enable frustum culling

  🟠 [HIGH] Physics Bodies
      Value: 214 active bodies
      Impact: Physics engine load
      Suggestions:
        • Reduce NPC count
        • Convert distant NPCs to kinematic
        • Disable physics for far objects

  🟡 [MEDIUM] Physics Time
      Value: 5.08 ms
      Impact: Physics simulation overhead
      Suggestions:
        • Reduce number of active physics bodies
        • Simplify collision shapes
        • Disable physics for distant objects

  🟡 [MEDIUM] Vertex Count
      Value: 53747034 vertices/frame
      Impact: GPU vertex processing
      Suggestions:
        • Implement LOD for distant objects
        • Simplify building meshes
        • Use lower poly models

  🟡 [MEDIUM] Node Count
      Value: 13624 nodes
      Impact: Scene tree traversal overhead
      Suggestions:
        • Unload distant chunks
        • Pool and reuse nodes
        • Flatten hierarchy where possible

  🟡 [MEDIUM] Post-Processing Effects
      Value: SSAO, Glow/Bloom, Volumetric Fog
      Impact: GPU shader overhead
      Suggestions:
        • Reduce SSR quality
        • Disable SSAO on low-end hardware
        • Use simpler fog

📈 DETAILED STATS:
  Draw Calls: 7619 avg | 8107 max
  Vertices: 53747034 avg | 53974474 max
  Physics Bodies: 214
  Nodes: 13624
  VRAM: 744.8 MB

=================================================

⚡ FRAME SPIKE #234: 34.4 ms at 7.9s (Draw: 7027, Bodies: 219)
⚡ FRAME SPIKE #235: 34.0 ms at 8.0s (Draw: 7026, Bodies: 219)
⚡ FRAME SPIKE #236: 34.7 ms at 8.0s (Draw: 7021, Bodies: 219)
⚡ FRAME SPIKE #237: 34.2 ms at 8.0s (Draw: 7017, Bodies: 219)
⚡ FRAME SPIKE #238: 34.7 ms at 8.1s (Draw: 7011, Bodies: 219)
⚡ FRAME SPIKE #239: 34.7 ms at 8.1s (Draw: 6999, Bodies: 219)
⚡ FRAME SPIKE #240: 34.7 ms at 8.1s (Draw: 7003, Bodies: 219)
⚡ FRAME SPIKE #241: 33.9 ms at 8.2s (Draw: 6977, Bodies: 219)
⚡ FRAME SPIKE #242: 34.7 ms at 8.2s (Draw: 6998, Bodies: 221)
⚡ FRAME SPIKE #243: 34.7 ms at 8.2s (Draw: 7006, Bodies: 221)
⚡ FRAME SPIKE #244: 34.7 ms at 8.3s (Draw: 6995, Bodies: 221)
⚡ FRAME SPIKE #245: 36.6 ms at 8.3s (Draw: 7010, Bodies: 221)
⚡ FRAME SPIKE #246: 35.0 ms at 8.3s (Draw: 7012, Bodies: 221)
⚡ FRAME SPIKE #247: 34.8 ms at 8.4s (Draw: 7012, Bodies: 221)
⚡ FRAME SPIKE #248: 34.5 ms at 8.4s (Draw: 7006, Bodies: 221)
⚡ FRAME SPIKE #249: 34.7 ms at 8.4s (Draw: 6987, Bodies: 221)
⚡ FRAME SPIKE #250: 38.1 ms at 8.5s (Draw: 6947, Bodies: 221)
⚡ FRAME SPIKE #251: 34.7 ms at 8.5s (Draw: 6951, Bodies: 221)
⚡ FRAME SPIKE #252: 34.8 ms at 8.5s (Draw: 6946, Bodies: 221)
⚡ FRAME SPIKE #253: 34.7 ms at 8.6s (Draw: 6928, Bodies: 221)
⚡ FRAME SPIKE #254: 34.7 ms at 8.6s (Draw: 6924, Bodies: 221)
⚡ FRAME SPIKE #255: 34.7 ms at 8.6s (Draw: 6924, Bodies: 221)
⚡ FRAME SPIKE #256: 34.7 ms at 8.7s (Draw: 6912, Bodies: 221)
⚡ FRAME SPIKE #257: 34.7 ms at 8.7s (Draw: 6898, Bodies: 221)
⚡ FRAME SPIKE #258: 34.0 ms at 8.8s (Draw: 6857, Bodies: 221)
⚡ FRAME SPIKE #259: 33.3 ms at 8.8s (Draw: 6828, Bodies: 221)
⚡ FRAME SPIKE #260: 35.3 ms at 8.8s (Draw: 6755, Bodies: 221)
⚡ FRAME SPIKE #261: 34.7 ms at 8.9s (Draw: 6716, Bodies: 221)

=== PERFORMANCE METRICS ===
FPS: 28 | Frame: 32.3 ms (max 68.0) | Physics: 16.7 ms (max 56.5)
Godot Process: 29.38 ms | Physics: 5.73 ms
Objects: 32977 | Nodes: 13684 | Resources: 535
Draw calls: 6716 | Vertices: 53394176 | VRAM: 744.8 MB
Physics bodies: 221 | Collision pairs: 2135
--- System Times ---
  road_batch_finalize_total_-1,-1: 37.99 ms (max 37.99)
  road_batch_finalize_total_-1,-2: 5.72 ms (max 5.72)
  road_batch_finalize_total_-1,0: 15.24 ms (max 15.24)
  road_batch_finalize_total_-2,-1: 20.82 ms (max 20.82)
  road_batch_finalize_total_-2,-2: 18.79 ms (max 18.79)
  road_batch_finalize_total_-2,0: 20.92 ms (max 20.92)
  road_batch_finalize_total_0,-1: 26.87 ms (max 26.87)
  road_batch_finalize_total_0,-2: 24.63 ms (max 24.63)
  road_batch_finalize_total_0,0: 24.82 ms (max 24.82)
  road_batch_finalize_total_0,1: 20.95 ms (max 20.95)
  road_batch_finalize_total_1,-1: 13.26 ms (max 13.26)
  road_batch_finalize_total_1,-2: 29.74 ms (max 29.74)
  road_batch_finalize_total_1,0: 12.47 ms (max 12.47)
  road_collision_create_-1,-1: 12.40 ms (max 30.21)
  road_collision_create_-1,-2: 2.67 ms (max 3.38)
  road_collision_create_-1,0: 7.39 ms (max 12.66)
  road_collision_create_-2,-1: 6.73 ms (max 15.12)
  road_collision_create_-2,-2: 9.17 ms (max 16.47)
  road_collision_create_-2,0: 10.23 ms (max 17.11)
  road_collision_create_0,-1: 8.72 ms (max 20.84)
  road_collision_create_0,-2: 7.97 ms (max 17.50)
  road_collision_create_0,0: 8.07 ms (max 21.14)
  road_collision_create_0,1: 20.70 ms (max 20.70)
  road_collision_create_1,-1: 4.24 ms (max 9.37)
  road_collision_create_1,-2: 14.62 ms (max 26.58)
  road_collision_create_1,0: 12.21 ms (max 12.21)
===========================

=== PERFORMANCE METRICS ===
FPS: 28 | Frame: 32.3 ms (max 68.0) | Physics: 16.7 ms (max 56.6)
Godot Process: 29.38 ms | Physics: 5.73 ms
Objects: 32977 | Nodes: 13684 | Resources: 535
Draw calls: 6716 | Vertices: 53394176 | VRAM: 744.8 MB
Physics bodies: 221 | Collision pairs: 2135
===========================
⚡ FRAME SPIKE #262: 34.7 ms at 8.9s (Draw: 6705, Bodies: 221)
⚡ FRAME SPIKE #263: 34.7 ms at 8.9s (Draw: 6695, Bodies: 220)
⚡ FRAME SPIKE #264: 34.7 ms at 9.0s (Draw: 6689, Bodies: 220)
⚡ FRAME SPIKE #265: 34.7 ms at 9.0s (Draw: 6675, Bodies: 220)
⚡ FRAME SPIKE #266: 34.7 ms at 9.0s (Draw: 6664, Bodies: 220)
⚡ FRAME SPIKE #267: 34.7 ms at 9.1s (Draw: 6670, Bodies: 220)
⚡ FRAME SPIKE #268: 34.7 ms at 9.1s (Draw: 6674, Bodies: 220)
⚡ FRAME SPIKE #269: 34.5 ms at 9.1s (Draw: 6686, Bodies: 220)
⚡ FRAME SPIKE #270: 33.3 ms at 9.2s (Draw: 6704, Bodies: 220)
⚡ FRAME SPIKE #271: 34.0 ms at 9.2s (Draw: 6688, Bodies: 220)
⚡ FRAME SPIKE #272: 33.9 ms at 9.2s (Draw: 6669, Bodies: 220)
⚡ FRAME SPIKE #273: 33.3 ms at 9.3s (Draw: 6613, Bodies: 220)
⚡ FRAME SPIKE #274: 34.5 ms at 9.3s (Draw: 6567, Bodies: 220)
⚡ FRAME SPIKE #275: 34.7 ms at 9.3s (Draw: 6473, Bodies: 220)
⚡ FRAME SPIKE #276: 34.7 ms at 9.4s (Draw: 6308, Bodies: 220)
⚡ FRAME SPIKE #277: 34.7 ms at 9.4s (Draw: 6214, Bodies: 220)
⚡ FRAME SPIKE #278: 34.7 ms at 9.4s (Draw: 6159, Bodies: 220)
⚡ FRAME SPIKE #279: 34.7 ms at 9.5s (Draw: 6235, Bodies: 220)
⚡ FRAME SPIKE #280: 34.7 ms at 9.5s (Draw: 6264, Bodies: 220)
⚡ FRAME SPIKE #281: 34.7 ms at 9.5s (Draw: 6309, Bodies: 220)
⚡ FRAME SPIKE #282: 34.7 ms at 9.6s (Draw: 6358, Bodies: 220)
⚡ FRAME SPIKE #283: 34.7 ms at 9.6s (Draw: 6470, Bodies: 220)
⚡ FRAME SPIKE #284: 34.7 ms at 9.6s (Draw: 6455, Bodies: 220)
⚡ FRAME SPIKE #285: 34.5 ms at 9.7s (Draw: 6443, Bodies: 220)
⚡ FRAME SPIKE #286: 34.0 ms at 9.7s (Draw: 6444, Bodies: 220)
⚡ FRAME SPIKE #287: 33.3 ms at 9.8s (Draw: 6404, Bodies: 220)
⚡ FRAME SPIKE #288: 33.3 ms at 9.8s (Draw: 6367, Bodies: 220)
⚡ FRAME SPIKE #289: 33.3 ms at 9.8s (Draw: 6379, Bodies: 220)
⚡ FRAME SPIKE #290: 33.3 ms at 9.9s (Draw: 6369, Bodies: 220)
⚡ FRAME SPIKE #291: 33.3 ms at 9.9s (Draw: 6294, Bodies: 220)
🚗 Traffic: 28 active NPCs (Near: 9, Mid: 18, Far: 1), 1 pooled
  → Physics bodies from NPCs: 28 (All: 28×1, было бы 28×5=140)

========== Bottleneck Analysis Report ==========
Time: 20.3s | Frames: 550

📊 PERFORMANCE OVERVIEW:
  FPS: 28.4 avg | 27.0 min
  Frame Time: 33.62 ms avg | 51.64 ms max
  Physics Time: 5.49 ms avg

🔍 BOTTLENECK IDENTIFICATION:
  🔴 [CRITICAL] Frame Time
      Value: 33.62 ms (target: 16.67 ms)
      Impact: Overall performance bottleneck
      Suggestions:
        • Reduce draw calls
        • Optimize scripts in _process()
        • Check for expensive operations per frame

  🟠 [HIGH] Draw Calls
      Value: 6997 calls/frame
      Impact: GPU rendering overhead
      Suggestions:
        • Batch meshes by material
        • Use MultiMeshInstance3D
        • Implement LOD system
        • Enable frustum culling

  🟠 [HIGH] Physics Bodies
      Value: 218 active bodies
      Impact: Physics engine load
      Suggestions:
        • Reduce NPC count
        • Convert distant NPCs to kinematic
        • Disable physics for far objects

  🟡 [MEDIUM] Physics Time
      Value: 5.49 ms
      Impact: Physics simulation overhead
      Suggestions:
        • Reduce number of active physics bodies
        • Simplify collision shapes
        • Disable physics for distant objects

  🟡 [MEDIUM] Vertex Count
      Value: 52829892 vertices/frame
      Impact: GPU vertex processing
      Suggestions:
        • Implement LOD for distant objects
        • Simplify building meshes
        • Use lower poly models

  🟡 [MEDIUM] Node Count
      Value: 13684 nodes
      Impact: Scene tree traversal overhead
      Suggestions:
        • Unload distant chunks
        • Pool and reuse nodes
        • Flatten hierarchy where possible

  🟡 [MEDIUM] Post-Processing Effects
      Value: SSAO, Glow/Bloom, Volumetric Fog
      Impact: GPU shader overhead
      Suggestions:
        • Reduce SSR quality
        • Disable SSAO on low-end hardware
        • Use simpler fog

📈 DETAILED STATS:
  Draw Calls: 6997 avg | 7708 max
  Vertices: 52829892 avg | 53807364 max
  Physics Bodies: 218
  Nodes: 13684
  VRAM: 744.8 MB

=================================================

⚡ FRAME SPIKE #292: 33.3 ms at 9.9s (Draw: 6197, Bodies: 220)
⚡ FRAME SPIKE #293: 33.3 ms at 10.0s (Draw: 6191, Bodies: 220)
⚡ FRAME SPIKE #294: 33.3 ms at 10.0s (Draw: 6145, Bodies: 220)
⚡ FRAME SPIKE #295: 33.3 ms at 10.0s (Draw: 6074, Bodies: 220)
⚡ FRAME SPIKE #296: 33.3 ms at 10.1s (Draw: 6041, Bodies: 220)
⚡ FRAME SPIKE #297: 33.3 ms at 10.1s (Draw: 6101, Bodies: 220)
⚡ FRAME SPIKE #298: 33.3 ms at 10.1s (Draw: 6202, Bodies: 220)
⚡ FRAME SPIKE #299: 33.3 ms at 10.2s (Draw: 6233, Bodies: 220)
⚡ FRAME SPIKE #300: 33.3 ms at 10.2s (Draw: 6256, Bodies: 220)
⚡ FRAME SPIKE #301: 33.3 ms at 10.2s (Draw: 6248, Bodies: 222)
⚡ FRAME SPIKE #302: 46.2 ms at 10.3s (Draw: 6238, Bodies: 222)
⚡ FRAME SPIKE #303: 41.7 ms at 10.3s (Draw: 6219, Bodies: 222)
⚡ FRAME SPIKE #304: 41.7 ms at 10.3s (Draw: 6159, Bodies: 222)
⚡ FRAME SPIKE #305: 41.7 ms at 10.4s (Draw: 6078, Bodies: 222)
⚡ FRAME SPIKE #306: 39.5 ms at 10.4s (Draw: 6083, Bodies: 222)
⚡ FRAME SPIKE #307: 33.1 ms at 10.5s (Draw: 6073, Bodies: 222)
⚡ FRAME SPIKE #308: 33.3 ms at 10.5s (Draw: 6066, Bodies: 222)
⚡ FRAME SPIKE #309: 33.6 ms at 10.5s (Draw: 6062, Bodies: 222)
⚡ FRAME SPIKE #310: 33.2 ms at 10.6s (Draw: 6069, Bodies: 222)
⚡ FRAME SPIKE #311: 32.9 ms at 10.6s (Draw: 6060, Bodies: 222)
⚡ FRAME SPIKE #312: 32.7 ms at 10.6s (Draw: 6049, Bodies: 222)
⚡ FRAME SPIKE #313: 32.5 ms at 10.7s (Draw: 6023, Bodies: 222)
⚡ FRAME SPIKE #314: 31.9 ms at 10.7s (Draw: 5841, Bodies: 222)
⚡ FRAME SPIKE #315: 32.3 ms at 10.7s (Draw: 5816, Bodies: 222)
⚡ FRAME SPIKE #316: 33.1 ms at 10.8s (Draw: 5805, Bodies: 222)
⚡ FRAME SPIKE #317: 31.6 ms at 10.8s (Draw: 5815, Bodies: 222)
⚡ FRAME SPIKE #318: 32.7 ms at 10.8s (Draw: 5815, Bodies: 222)
OSM: Loading chunk -1,-3 at lat=59.1235, lon=37.8974
OSM: Loaded from cache: osm_v2_59.1235_37.8974_250.json
OSM: Loading chunk 0,-3 at lat=59.1235, lon=37.9026
OSM: Loaded from cache: osm_v2_59.1235_37.9026_250.json
OSM: Chunk -1,-3 data loaded
OSM: Found 2 entrance nodes in chunk
OSM: Found 10 POI nodes in chunk
POI_DEBUG: Found 'unknown' inside building at local (-132.4, -816.5)
BusinessSign: Found logo for 'втб' -> res://textures/brand_logos/vtb.png
POI_DEBUG: Found 'Ozon' inside building at local (-208.3, -750.2)
BusinessSign: Found logo for 'ozon' -> res://textures/brand_logos/ozon.png
POI_DEBUG: Found 'Сбербанк' inside building at local (-151.6, -859.4)
BusinessSign: Found logo for 'сбербанк' -> res://textures/brand_logos/sberbank.png
Loading resource: res://textures/brand_logos/sberbank.png
Loading resource: res://.godot/imported/sberbank.png-01daec8b385e47dc915e5db06368ee2f.ctex
BusinessSign: Found logo for 'сбербанк' -> res://textures/brand_logos/sberbank.png
POI_DEBUG: Found 'Ozon' inside building at local (-59.7, -662.5)
BusinessSign: Found logo for 'ozon' -> res://textures/brand_logos/ozon.png
OSM: Generated 38 roads, 35 buildings, 0 trees, 0 signs, 0 lamps, 28 intersections
OSM: Marked chunk '-1,-3' for road batch finalization
OSM: Post-initial chunk loaded, pending_lamps=0
OSM: _create_pending_lamps started, count=0
OSM: No pending lamps
OSM: Chunk 0,-3 data loaded
OSM: Found 14 POI nodes in chunk
POI_DEBUG: Found 'Антей' inside building at local (29.3, -584.4)
OSM: Generated 79 roads, 17 buildings, 0 trees, 0 signs, 0 lamps, 37 intersections
OSM: Marked chunk '0,-3' for road batch finalization
OSM: Post-initial chunk loaded, pending_lamps=0
OSM: _create_pending_lamps started, count=0
OSM: No pending lamps
⚡ FRAME SPIKE #319: 94.6 ms at 10.9s (Draw: 5894, Bodies: 225)
OSM: DEBUG _add_road_to_batch - first road for chunk '0,-3', parent.name='Chunk_0,-3'
OSM: DEBUG _add_road_to_batch - first road for chunk '-1,-3', parent.name='Chunk_-1,-3'
⚡ FRAME SPIKE #320: 62.6 ms at 11.0s (Draw: 6090, Bodies: 226)
⚠️ SLOW FRAME 10.7ms: building=0.5 road=9.3 terrain=0.3 infra=0.6 veg=0.0 curb=0.0ms
⚡ FRAME SPIKE #321: 56.7 ms at 11.0s (Draw: 6026, Bodies: 227)
⚡ FRAME SPIKE #322: 58.2 ms at 11.1s (Draw: 5698, Bodies: 228)
⚡ FRAME SPIKE #323: 46.0 ms at 11.1s (Draw: 5431, Bodies: 229)
⚡ FRAME SPIKE #324: 42.1 ms at 11.2s (Draw: 5192, Bodies: 230)
⚡ FRAME SPIKE #325: 37.6 ms at 11.2s (Draw: 5065, Bodies: 231)
⚡ FRAME SPIKE #326: 43.3 ms at 11.3s (Draw: 5046, Bodies: 233)
⚠️ SLOW FRAME 12.2ms: building=0.4 road=7.4 terrain=0.2 infra=0.6 veg=3.5 curb=0.0ms
⚡ FRAME SPIKE #327: 55.4 ms at 11.3s (Draw: 5024, Bodies: 234)
⚡ FRAME SPIKE #328: 44.4 ms at 11.4s (Draw: 4952, Bodies: 235)
🔴 FREEZE: road collision shape creation took 5.5 ms for chunk -1,-3 (type: residential)
OSM: ✅ Finalized road batch -1,-3/residential: 2166 vertices, 2110 triangles, material: <ImageTexture#-9223371972648368119>
OSM: ✅ Finalized road batch -1,-3/path: 792 vertices, 776 triangles, material: <ImageTexture#-9223371972547704822>
OSM: ✅ Finalized road batch -1,-3/primary: 410 vertices, 406 triangles, material: <ImageTexture#-9223371972749031416>
⚠️ SLOW: road batch finalization took 9.5 ms for chunk -1,-3
⚠️ SLOW FRAME 31.7ms: building=0.4 road=9.6 terrain=0.2 infra=0.4 veg=21.1 curb=0.0ms
⚡ FRAME SPIKE #329: 65.6 ms at 11.4s (Draw: 4974, Bodies: 236)
OSM: ✅ Finalized road batch 0,-3/path: 2286 vertices, 2210 triangles, material: <ImageTexture#-9223371972547704822>
OSM: ✅ Finalized road batch 0,-3/primary: 962 vertices, 944 triangles, material: <ImageTexture#-9223371972749031416>
OSM: ✅ Finalized road batch 0,-3/residential: 1688 vertices, 1624 triangles, material: <ImageTexture#-9223371972648368119>
⚠️ SLOW: road batch finalization took 10.8 ms for chunk 0,-3
⚠️ SLOW FRAME 12.0ms: building=0.5 road=10.9 terrain=0.2 infra=0.4 veg=0.0 curb=0.0ms
⚡ FRAME SPIKE #330: 55.3 ms at 11.5s (Draw: 5260, Bodies: 237)
⚠️ SLOW FRAME 17.7ms: building=0.4 road=1.1 terrain=0.3 infra=0.8 veg=14.7 curb=0.3ms
⚡ FRAME SPIKE #331: 56.7 ms at 11.5s (Draw: 5225, Bodies: 237)
⚡ FRAME SPIKE #332: 55.6 ms at 11.6s (Draw: 5244, Bodies: 238)
⚡ FRAME SPIKE #333: 49.4 ms at 11.6s (Draw: 5220, Bodies: 239)
⚡ FRAME SPIKE #334: 41.0 ms at 11.7s (Draw: 5220, Bodies: 240)
⚡ FRAME SPIKE #335: 41.3 ms at 11.7s (Draw: 5147, Bodies: 240)
⚡ FRAME SPIKE #336: 36.4 ms at 11.8s (Draw: 5054, Bodies: 241)
⚡ FRAME SPIKE #337: 35.1 ms at 11.8s (Draw: 5049, Bodies: 242)
⚡ FRAME SPIKE #338: 35.3 ms at 11.8s (Draw: 5038, Bodies: 243)
⚡ FRAME SPIKE #339: 35.5 ms at 11.9s (Draw: 5009, Bodies: 243)
⚡ FRAME SPIKE #340: 36.7 ms at 11.9s (Draw: 4737, Bodies: 244)
🚗 Traffic: 30 active NPCs (Near: 11, Mid: 15, Far: 4), 2 pooled
  → Physics bodies from NPCs: 30 (All: 30×1, было бы 30×5=150)

========== Bottleneck Analysis Report ==========
Time: 22.3s | Frames: 599

📊 PERFORMANCE OVERVIEW:
  FPS: 28.5 avg | 21.0 min
  Frame Time: 35.22 ms avg | 91.30 ms max
  Physics Time: 5.94 ms avg

🔍 BOTTLENECK IDENTIFICATION:
  🔴 [CRITICAL] Frame Time
      Value: 35.22 ms (target: 16.67 ms)
      Impact: Overall performance bottleneck
      Suggestions:
        • Reduce draw calls
        • Optimize scripts in _process()
        • Check for expensive operations per frame

  🟠 [HIGH] Draw Calls
      Value: 6337 calls/frame
      Impact: GPU rendering overhead
      Suggestions:
        • Batch meshes by material
        • Use MultiMeshInstance3D
        • Implement LOD system
        • Enable frustum culling

  🟠 [HIGH] Physics Bodies
      Value: 223 active bodies
      Impact: Physics engine load
      Suggestions:
        • Reduce NPC count
        • Convert distant NPCs to kinematic
        • Disable physics for far objects

  🟡 [MEDIUM] Physics Time
      Value: 5.94 ms
      Impact: Physics simulation overhead
      Suggestions:
        • Reduce number of active physics bodies
        • Simplify collision shapes
        • Disable physics for distant objects

  🟡 [MEDIUM] Vertex Count
      Value: 42824375 vertices/frame
      Impact: GPU vertex processing
      Suggestions:
        • Implement LOD for distant objects
        • Simplify building meshes
        • Use lower poly models

  🟡 [MEDIUM] Node Count
      Value: 15253 nodes
      Impact: Scene tree traversal overhead
      Suggestions:
        • Unload distant chunks
        • Pool and reuse nodes
        • Flatten hierarchy where possible

  🟡 [MEDIUM] Post-Processing Effects
      Value: SSAO, Glow/Bloom, Volumetric Fog
      Impact: GPU shader overhead
      Suggestions:
        • Reduce SSR quality
        • Disable SSAO on low-end hardware
        • Use simpler fog

📈 DETAILED STATS:
  Draw Calls: 6337 avg | 7068 max
  Vertices: 42824375 avg | 53527577 max
  Physics Bodies: 223
  Nodes: 15253
  VRAM: 751.4 MB

=================================================

⚡ FRAME SPIKE #341: 36.7 ms at 11.9s (Draw: 4642, Bodies: 245)

========== PERFORMANCE METRICS ==========
Frames: 600
  total_frame: avg=2.58 ms, median=0.04 ms, max=93.45 ms, calls=600, total=1546.9 ms
  road_queue: avg=1.19 ms, median=0.01 ms, max=38.04 ms, calls=600, total=715.9 ms
  infra_queue: avg=0.71 ms, median=0.00 ms, max=15.53 ms, calls=600, total=424.5 ms
  road_batch_finalize: avg=19.54 ms, median=20.85 ms, max=38.03 ms, calls=15, total=293.0 ms
  infra_lamp: avg=1.06 ms, median=1.01 ms, max=14.43 ms, calls=223, total=236.7 ms
  road_create: avg=0.32 ms, median=0.11 ms, max=9.94 ms, calls=575, total=186.7 ms
  curb_mesh: avg=0.29 ms, median=0.00 ms, max=11.61 ms, calls=541, total=157.8 ms
  terrain_queue: avg=0.22 ms, median=0.00 ms, max=67.93 ms, calls=600, total=133.3 ms
  building_results: avg=0.20 ms, median=0.00 ms, max=1.17 ms, calls=600, total=117.8 ms
  infra_sort: avg=0.28 ms, median=0.11 ms, max=1.07 ms, calls=396, total=111.8 ms
  terrain_leisure: avg=6.09 ms, median=0.14 ms, max=66.85 ms, calls=18, total=109.7 ms
  vegetation_queue: avg=0.14 ms, median=0.00 ms, max=21.12 ms, calls=600, total=81.2 ms
  veg_trees: avg=8.92 ms, median=3.50 ms, max=21.11 ms, calls=9, total=80.3 ms
  curb_collisions: avg=0.10 ms, median=0.00 ms, max=1.77 ms, calls=600, total=62.4 ms
  infra_yield_sign: avg=0.31 ms, median=0.32 ms, max=0.53 ms, calls=190, total=58.3 ms
  building_sort: avg=0.30 ms, median=0.14 ms, max=0.91 ms, calls=189, total=57.5 ms
  building_apply: avg=0.26 ms, median=0.26 ms, max=0.36 ms, calls=199, total=50.8 ms
  window_batch_finalize: avg=2.68 ms, median=2.13 ms, max=13.72 ms, calls=11, total=29.5 ms
  road_sort: avg=1.02 ms, median=0.86 ms, max=2.77 ms, calls=23, total=23.5 ms
  terrain_landuse: avg=0.11 ms, median=0.10 ms, max=0.55 ms, calls=104, total=11.4 ms
  curb_smooth: avg=0.03 ms, median=0.03 ms, max=0.19 ms, calls=276, total=8.8 ms
  terrain_sort: avg=0.19 ms, median=0.18 ms, max=0.46 ms, calls=45, total=8.6 ms
  infra_parking_sign: avg=0.50 ms, median=0.49 ms, max=0.54 ms, calls=13, total=6.5 ms
  infra_traffic_light: avg=0.57 ms, median=0.55 ms, max=0.79 ms, calls=10, total=5.7 ms
  curb_latlon: avg=0.01 ms, median=0.01 ms, max=0.04 ms, calls=276, total=3.1 ms
  terrain_natural: avg=0.10 ms, median=0.09 ms, max=0.13 ms, calls=6, total=0.6 ms
  veg_bushes_grass: avg=0.01 ms, median=0.01 ms, max=0.01 ms, calls=9, total=0.1 ms
==========================================


========== DRAW CALL BREAKDOWN ==========
Total tracked draw calls: 1956

  Vegetation  :   690 ( 35.3%) ███████
  Lamps       :   669 ( 34.2%) ██████
  Buildings   :   396 ( 20.2%) ████
  Terrain     :   128 (  6.5%) █
  Roads       :    36 (  1.8%) 
  Signs       :    26 (  1.3%) 
  Windows     :    11 (  0.6%) 

💡 RECOMMENDATIONS:
  🟠 Infrastructure: 35.5% of draw calls
     → Use MultiMesh for curbs, lamps, signs
=========================================

⚡ FRAME SPIKE #342: 33.9 ms at 12.0s (Draw: 4512, Bodies: 246)
⚡ FRAME SPIKE #343: 34.4 ms at 12.0s (Draw: 4482, Bodies: 247)
⚡ FRAME SPIKE #344: 33.0 ms at 12.0s (Draw: 4450, Bodies: 247)
⚡ FRAME SPIKE #345: 32.0 ms at 12.1s (Draw: 4453, Bodies: 248)
⚡ FRAME SPIKE #346: 34.9 ms at 12.1s (Draw: 4461, Bodies: 249)
⚡ FRAME SPIKE #347: 33.9 ms at 12.1s (Draw: 4443, Bodies: 250)
⚡ FRAME SPIKE #348: 34.0 ms at 12.2s (Draw: 4384, Bodies: 251)
⚡ FRAME SPIKE #349: 32.9 ms at 12.2s (Draw: 4313, Bodies: 252)
⚡ FRAME SPIKE #350: 33.1 ms at 12.2s (Draw: 4293, Bodies: 253)
⚡ FRAME SPIKE #351: 33.3 ms at 12.3s (Draw: 4288, Bodies: 257)
⚡ FRAME SPIKE #352: 33.3 ms at 12.3s (Draw: 4280, Bodies: 258)
⚡ FRAME SPIKE #353: 33.3 ms at 12.3s (Draw: 4305, Bodies: 259)
⚡ FRAME SPIKE #354: 34.7 ms at 12.4s (Draw: 4420, Bodies: 260)
⚡ FRAME SPIKE #355: 34.7 ms at 12.4s (Draw: 4447, Bodies: 261)
⚡ FRAME SPIKE #356: 34.7 ms at 12.4s (Draw: 4396, Bodies: 262)
⚡ FRAME SPIKE #357: 33.6 ms at 12.5s (Draw: 4373, Bodies: 263)
⚡ FRAME SPIKE #358: 34.7 ms at 12.5s (Draw: 4346, Bodies: 264)
⚡ FRAME SPIKE #359: 34.3 ms at 12.6s (Draw: 4303, Bodies: 265)
⚡ FRAME SPIKE #360: 34.7 ms at 12.6s (Draw: 4309, Bodies: 266)
⚡ FRAME SPIKE #361: 34.7 ms at 12.6s (Draw: 4312, Bodies: 267)
⚡ FRAME SPIKE #362: 34.7 ms at 12.7s (Draw: 4310, Bodies: 267)
⚡ FRAME SPIKE #363: 34.7 ms at 12.7s (Draw: 4300, Bodies: 268)
⚡ FRAME SPIKE #364: 34.7 ms at 12.7s (Draw: 4265, Bodies: 268)
OSM: 🌙 NIGHT Window batch 0,-3 | night_mgr: CACHED | is_night value: true
OSM: ✅ Finalized window batch 0,-3: 2329 windows (was 2329 draw calls before batching)
⚡ FRAME SPIKE #365: 34.7 ms at 12.8s (Draw: 4195, Bodies: 269)
OSM: 🌙 NIGHT Window batch -1,-3 | night_mgr: CACHED | is_night value: true
OSM: ✅ Finalized window batch -1,-3: 4341 windows (was 4341 draw calls before batching)
⚡ FRAME SPIKE #366: 34.7 ms at 12.8s (Draw: 4109, Bodies: 270)
⚡ FRAME SPIKE #367: 34.7 ms at 12.8s (Draw: 4099, Bodies: 271)
⚡ FRAME SPIKE #368: 34.4 ms at 12.9s (Draw: 4105, Bodies: 272)
⚡ FRAME SPIKE #369: 33.3 ms at 12.9s (Draw: 4106, Bodies: 272)
⚡ FRAME SPIKE #370: 33.4 ms at 12.9s (Draw: 4125, Bodies: 272)
⚡ FRAME SPIKE #371: 33.3 ms at 13.0s (Draw: 4128, Bodies: 273)
⚡ FRAME SPIKE #372: 33.3 ms at 13.0s (Draw: 4107, Bodies: 274)
⚡ FRAME SPIKE #373: 33.3 ms at 13.0s (Draw: 4107, Bodies: 275)
⚡ FRAME SPIKE #374: 33.3 ms at 13.1s (Draw: 4161, Bodies: 276)
⚡ FRAME SPIKE #375: 33.3 ms at 13.1s (Draw: 4203, Bodies: 277)
⚡ FRAME SPIKE #376: 33.3 ms at 13.1s (Draw: 4187, Bodies: 278)
⚡ FRAME SPIKE #377: 33.3 ms at 13.2s (Draw: 4073, Bodies: 279)
⚡ FRAME SPIKE #378: 33.3 ms at 13.2s (Draw: 3944, Bodies: 280)
⚡ FRAME SPIKE #379: 33.3 ms at 13.2s (Draw: 3891, Bodies: 281)
⚡ FRAME SPIKE #380: 33.3 ms at 13.3s (Draw: 3863, Bodies: 281)
⚡ FRAME SPIKE #381: 33.3 ms at 13.3s (Draw: 3847, Bodies: 283)
⚡ FRAME SPIKE #382: 33.3 ms at 13.3s (Draw: 3857, Bodies: 283)
⚡ FRAME SPIKE #383: 33.3 ms at 13.4s (Draw: 3872, Bodies: 283)
⚡ FRAME SPIKE #384: 31.6 ms at 13.4s (Draw: 3876, Bodies: 283)
⚡ FRAME SPIKE #385: 30.4 ms at 13.4s (Draw: 3889, Bodies: 283)
⚡ FRAME SPIKE #386: 31.0 ms at 13.5s (Draw: 3891, Bodies: 283)
⚡ FRAME SPIKE #387: 31.6 ms at 13.5s (Draw: 3914, Bodies: 283)
⚡ FRAME SPIKE #388: 30.4 ms at 13.5s (Draw: 3921, Bodies: 283)
⚡ FRAME SPIKE #389: 30.1 ms at 13.6s (Draw: 3923, Bodies: 283)
⚡ FRAME SPIKE #390: 30.7 ms at 13.6s (Draw: 3937, Bodies: 283)
⚡ FRAME SPIKE #391: 29.2 ms at 13.6s (Draw: 3941, Bodies: 283)
⚡ FRAME SPIKE #392: 26.7 ms at 13.7s (Draw: 3956, Bodies: 283)
⚡ FRAME SPIKE #393: 29.2 ms at 13.7s (Draw: 4016, Bodies: 283)
⚡ FRAME SPIKE #394: 29.5 ms at 13.7s (Draw: 4041, Bodies: 283)
⚡ FRAME SPIKE #395: 29.2 ms at 13.8s (Draw: 4039, Bodies: 283)
⚡ FRAME SPIKE #396: 29.2 ms at 13.8s (Draw: 4027, Bodies: 283)
⚡ FRAME SPIKE #397: 29.2 ms at 13.8s (Draw: 4005, Bodies: 283)
⚡ FRAME SPIKE #398: 29.2 ms at 13.8s (Draw: 3985, Bodies: 283)
⚡ FRAME SPIKE #399: 28.8 ms at 13.9s (Draw: 3956, Bodies: 283)

=== PERFORMANCE METRICS ===
FPS: 31 | Frame: 35.6 ms (max 94.6) | Physics: 16.6 ms (max 97.1)
Godot Process: 22.47 ms | Physics: 6.85 ms
Objects: 41721 | Nodes: 17355 | Resources: 536
Draw calls: 3956 | Vertices: 3690149 | VRAM: 754.1 MB
Physics bodies: 283 | Collision pairs: 3040
--- System Times ---
  road_batch_finalize_total_-1,-1: 37.99 ms (max 37.99)
  road_batch_finalize_total_-1,-2: 5.72 ms (max 5.72)
  road_batch_finalize_total_-1,-3: 9.52 ms (max 9.52)
  road_batch_finalize_total_-1,0: 15.24 ms (max 15.24)
  road_batch_finalize_total_-2,-1: 20.82 ms (max 20.82)
  road_batch_finalize_total_-2,-2: 18.79 ms (max 18.79)
  road_batch_finalize_total_-2,0: 20.92 ms (max 20.92)
  road_batch_finalize_total_0,-1: 26.87 ms (max 26.87)
  road_batch_finalize_total_0,-2: 24.63 ms (max 24.63)
  road_batch_finalize_total_0,-3: 10.80 ms (max 10.80)
  road_batch_finalize_total_0,0: 24.82 ms (max 24.82)
  road_batch_finalize_total_0,1: 20.95 ms (max 20.95)
  road_batch_finalize_total_1,-1: 13.26 ms (max 13.26)
  road_batch_finalize_total_1,-2: 29.74 ms (max 29.74)
  road_batch_finalize_total_1,0: 12.47 ms (max 12.47)
  road_collision_create_-1,-1: 12.40 ms (max 30.21)
  road_collision_create_-1,-2: 2.67 ms (max 3.38)
  road_collision_create_-1,-3: 2.88 ms (max 5.48)
  road_collision_create_-1,0: 7.39 ms (max 12.66)
  road_collision_create_-2,-1: 6.73 ms (max 15.12)
  road_collision_create_-2,-2: 9.17 ms (max 16.47)
  road_collision_create_-2,0: 10.23 ms (max 17.11)
  road_collision_create_0,-1: 8.72 ms (max 20.84)
  road_collision_create_0,-2: 7.97 ms (max 17.50)
  road_collision_create_0,-3: 3.25 ms (max 4.54)
  road_collision_create_0,0: 8.07 ms (max 21.14)
  road_collision_create_0,1: 20.70 ms (max 20.70)
  road_collision_create_1,-1: 4.24 ms (max 9.37)
  road_collision_create_1,-2: 14.62 ms (max 26.58)
  road_collision_create_1,0: 12.21 ms (max 12.21)
===========================

=== PERFORMANCE METRICS ===
FPS: 31 | Frame: 35.6 ms (max 94.6) | Physics: 16.6 ms (max 97.2)
Godot Process: 22.47 ms | Physics: 6.85 ms
Objects: 41721 | Nodes: 17355 | Resources: 536
Draw calls: 3956 | Vertices: 3690149 | VRAM: 754.1 MB
Physics bodies: 283 | Collision pairs: 3040
===========================
⚡ FRAME SPIKE #400: 28.8 ms at 13.9s (Draw: 3957, Bodies: 283)
⚡ FRAME SPIKE #401: 29.2 ms at 13.9s (Draw: 3970, Bodies: 283)
🚗 Traffic: 30 active NPCs (Near: 5, Mid: 19, Far: 6), 3 pooled
  → Physics bodies from NPCs: 30 (All: 30×1, было бы 30×5=150)

========== Bottleneck Analysis Report ==========
Time: 24.4s | Frames: 661

📊 PERFORMANCE OVERVIEW:
  FPS: 27.1 avg | 21.0 min
  Frame Time: 44.49 ms avg | 91.30 ms max
  Physics Time: 6.54 ms avg

🔍 BOTTLENECK IDENTIFICATION:
  🔴 [CRITICAL] Frame Time
      Value: 44.49 ms (target: 16.67 ms)
      Impact: Overall performance bottleneck
      Suggestions:
        • Reduce draw calls
        • Optimize scripts in _process()
        • Check for expensive operations per frame

  🟠 [HIGH] Draw Calls
      Value: 4953 calls/frame
      Impact: GPU rendering overhead
      Suggestions:
        • Batch meshes by material
        • Use MultiMeshInstance3D
        • Implement LOD system
        • Enable frustum culling

  🟠 [HIGH] Physics Bodies
      Value: 249 active bodies
      Impact: Physics engine load
      Suggestions:
        • Reduce NPC count
        • Convert distant NPCs to kinematic
        • Disable physics for far objects

  🟡 [MEDIUM] Physics Time
      Value: 6.54 ms
      Impact: Physics simulation overhead
      Suggestions:
        • Reduce number of active physics bodies
        • Simplify collision shapes
        • Disable physics for distant objects

  🟡 [MEDIUM] Vertex Count
      Value: 17616061 vertices/frame
      Impact: GPU vertex processing
      Suggestions:
        • Implement LOD for distant objects
        • Simplify building meshes
        • Use lower poly models

  🟡 [MEDIUM] Node Count
      Value: 17355 nodes
      Impact: Scene tree traversal overhead
      Suggestions:
        • Unload distant chunks
        • Pool and reuse nodes
        • Flatten hierarchy where possible

  🟡 [MEDIUM] Post-Processing Effects
      Value: SSAO, Glow/Bloom, Volumetric Fog
      Impact: GPU shader overhead
      Suggestions:
        • Reduce SSR quality
        • Disable SSAO on low-end hardware
        • Use simpler fog

📈 DETAILED STATS:
  Draw Calls: 4953 avg | 6470 max
  Vertices: 17616061 avg | 53317586 max
  Physics Bodies: 249
  Nodes: 17355
  VRAM: 754.1 MB

=================================================

⚡ FRAME SPIKE #402: 29.9 ms at 14.0s (Draw: 3957, Bodies: 283)
⚡ FRAME SPIKE #403: 29.2 ms at 14.0s (Draw: 3960, Bodies: 283)
⚡ FRAME SPIKE #404: 28.8 ms at 14.0s (Draw: 3960, Bodies: 283)
⚡ FRAME SPIKE #405: 28.8 ms at 14.0s (Draw: 3950, Bodies: 283)
⚡ FRAME SPIKE #406: 29.9 ms at 14.1s (Draw: 3940, Bodies: 282)
⚡ FRAME SPIKE #407: 29.2 ms at 14.1s (Draw: 3925, Bodies: 282)
⚡ FRAME SPIKE #408: 28.8 ms at 14.1s (Draw: 3916, Bodies: 282)
⚡ FRAME SPIKE #409: 28.8 ms at 14.2s (Draw: 3895, Bodies: 282)
⚡ FRAME SPIKE #410: 28.8 ms at 14.2s (Draw: 3887, Bodies: 282)
⚡ FRAME SPIKE #411: 28.8 ms at 14.2s (Draw: 3875, Bodies: 282)
⚡ FRAME SPIKE #412: 28.8 ms at 14.2s (Draw: 3880, Bodies: 282)
⚡ FRAME SPIKE #413: 28.8 ms at 14.3s (Draw: 3873, Bodies: 282)
⚡ FRAME SPIKE #414: 29.2 ms at 14.3s (Draw: 3866, Bodies: 282)
⚡ FRAME SPIKE #415: 28.8 ms at 14.3s (Draw: 3864, Bodies: 282)
⚡ FRAME SPIKE #416: 28.8 ms at 14.4s (Draw: 3846, Bodies: 282)
⚡ FRAME SPIKE #417: 28.8 ms at 14.4s (Draw: 3844, Bodies: 282)
⚡ FRAME SPIKE #418: 28.8 ms at 14.4s (Draw: 3836, Bodies: 282)
⚡ FRAME SPIKE #419: 28.8 ms at 14.4s (Draw: 3830, Bodies: 282)
⚡ FRAME SPIKE #420: 28.8 ms at 14.5s (Draw: 3833, Bodies: 282)
⚡ FRAME SPIKE #421: 28.8 ms at 14.5s (Draw: 3835, Bodies: 282)
⚡ FRAME SPIKE #422: 28.8 ms at 14.5s (Draw: 3836, Bodies: 282)
⚡ FRAME SPIKE #423: 28.8 ms at 14.6s (Draw: 3831, Bodies: 282)
⚡ FRAME SPIKE #424: 28.8 ms at 14.6s (Draw: 3833, Bodies: 282)
⚡ FRAME SPIKE #425: 28.8 ms at 14.6s (Draw: 3837, Bodies: 282)
⚡ FRAME SPIKE #426: 28.6 ms at 14.7s (Draw: 3837, Bodies: 282)
⚡ FRAME SPIKE #427: 28.8 ms at 14.7s (Draw: 3838, Bodies: 282)
⚡ FRAME SPIKE #428: 28.8 ms at 14.7s (Draw: 3838, Bodies: 282)
⚡ FRAME SPIKE #429: 28.8 ms at 14.7s (Draw: 3843, Bodies: 282)
⚡ FRAME SPIKE #430: 27.1 ms at 14.8s (Draw: 3842, Bodies: 282)
⚡ FRAME SPIKE #431: 28.8 ms at 14.8s (Draw: 3825, Bodies: 282)
⚡ FRAME SPIKE #432: 28.8 ms at 14.8s (Draw: 3816, Bodies: 282)
⚡ FRAME SPIKE #433: 26.7 ms at 14.9s (Draw: 3813, Bodies: 282)
⚡ FRAME SPIKE #434: 28.8 ms at 14.9s (Draw: 3820, Bodies: 282)
⚡ FRAME SPIKE #435: 30.4 ms at 14.9s (Draw: 3810, Bodies: 282)
⚡ FRAME SPIKE #436: 28.8 ms at 14.9s (Draw: 3803, Bodies: 282)
⚡ FRAME SPIKE #437: 27.8 ms at 15.0s (Draw: 3802, Bodies: 282)
⚡ FRAME SPIKE #438: 26.3 ms at 15.0s (Draw: 3798, Bodies: 281)
⚡ FRAME SPIKE #439: 27.8 ms at 15.0s (Draw: 3791, Bodies: 281)
⚡ FRAME SPIKE #440: 27.8 ms at 15.1s (Draw: 3789, Bodies: 281)
⚡ FRAME SPIKE #441: 27.8 ms at 15.1s (Draw: 3787, Bodies: 281)
⚡ FRAME SPIKE #442: 27.8 ms at 15.1s (Draw: 3778, Bodies: 281)
⚡ FRAME SPIKE #443: 27.8 ms at 15.2s (Draw: 3769, Bodies: 281)
⚡ FRAME SPIKE #444: 27.8 ms at 15.2s (Draw: 3772, Bodies: 281)
⚡ FRAME SPIKE #445: 27.8 ms at 15.2s (Draw: 3766, Bodies: 281)
⚡ FRAME SPIKE #446: 27.8 ms at 15.2s (Draw: 3766, Bodies: 281)
⚡ FRAME SPIKE #447: 27.3 ms at 15.3s (Draw: 3769, Bodies: 281)
⚡ FRAME SPIKE #448: 27.8 ms at 15.3s (Draw: 3772, Bodies: 281)
⚡ FRAME SPIKE #449: 27.8 ms at 15.3s (Draw: 3786, Bodies: 283)
⚡ FRAME SPIKE #450: 51.3 ms at 15.3s (Draw: 3781, Bodies: 283)
⚡ FRAME SPIKE #451: 48.4 ms at 15.4s (Draw: 3787, Bodies: 283)
⚡ FRAME SPIKE #452: 39.0 ms at 15.4s (Draw: 3788, Bodies: 283)
⚡ FRAME SPIKE #453: 44.4 ms at 15.5s (Draw: 3782, Bodies: 283)
⚡ FRAME SPIKE #454: 31.0 ms at 15.5s (Draw: 3782, Bodies: 282)
⚡ FRAME SPIKE #455: 29.7 ms at 15.6s (Draw: 3781, Bodies: 282)
⚡ FRAME SPIKE #456: 30.6 ms at 15.6s (Draw: 3768, Bodies: 281)
⚡ FRAME SPIKE #457: 29.3 ms at 15.6s (Draw: 3756, Bodies: 281)
⚡ FRAME SPIKE #458: 30.2 ms at 15.7s (Draw: 3742, Bodies: 281)
⚡ FRAME SPIKE #459: 29.6 ms at 15.7s (Draw: 3738, Bodies: 281)
⚡ FRAME SPIKE #460: 29.2 ms at 15.7s (Draw: 3737, Bodies: 281)
⚡ FRAME SPIKE #461: 29.9 ms at 15.8s (Draw: 3734, Bodies: 281)
⚡ FRAME SPIKE #462: 29.2 ms at 15.8s (Draw: 3719, Bodies: 281)
⚡ FRAME SPIKE #463: 29.9 ms at 15.9s (Draw: 3733, Bodies: 281)
⚡ FRAME SPIKE #464: 28.3 ms at 15.9s (Draw: 3722, Bodies: 281)
⚡ FRAME SPIKE #465: 25.3 ms at 15.9s (Draw: 3714, Bodies: 281)
🚗 Traffic: 28 active NPCs (Near: 2, Mid: 20, Far: 6), 5 pooled
  → Physics bodies from NPCs: 28 (All: 28×1, было бы 28×5=140)

========== Bottleneck Analysis Report ==========
Time: 26.3s | Frames: 729

📊 PERFORMANCE OVERVIEW:
  FPS: 30.7 avg | 21.0 min
  Frame Time: 29.94 ms avg | 91.30 ms max
  Physics Time: 6.95 ms avg

🔍 BOTTLENECK IDENTIFICATION:
  🟠 [HIGH] Frame Time
      Value: 29.94 ms (target: 16.67 ms)
      Impact: Overall performance bottleneck
      Suggestions:
        • Reduce draw calls
        • Optimize scripts in _process()
        • Check for expensive operations per frame

  🟠 [HIGH] Draw Calls
      Value: 3935 calls/frame
      Impact: GPU rendering overhead
      Suggestions:
        • Batch meshes by material
        • Use MultiMeshInstance3D
        • Implement LOD system
        • Enable frustum culling

  🟠 [HIGH] Physics Bodies
      Value: 278 active bodies
      Impact: Physics engine load
      Suggestions:
        • Reduce NPC count
        • Convert distant NPCs to kinematic
        • Disable physics for far objects

  🟡 [MEDIUM] Physics Time
      Value: 6.95 ms
      Impact: Physics simulation overhead
      Suggestions:
        • Reduce number of active physics bodies
        • Simplify collision shapes
        • Disable physics for distant objects

  🟡 [MEDIUM] Vertex Count
      Value: 3710473 vertices/frame
      Impact: GPU vertex processing
      Suggestions:
        • Implement LOD for distant objects
        • Simplify building meshes
        • Use lower poly models

  🟡 [MEDIUM] Node Count
      Value: 17355 nodes
      Impact: Scene tree traversal overhead
      Suggestions:
        • Unload distant chunks
        • Pool and reuse nodes
        • Flatten hierarchy where possible

  🟡 [MEDIUM] Post-Processing Effects
      Value: SSAO, Glow/Bloom, Volumetric Fog
      Impact: GPU shader overhead
      Suggestions:
        • Reduce SSR quality
        • Disable SSAO on low-end hardware
        • Use simpler fog

📈 DETAILED STATS:
  Draw Calls: 3935 avg | 4447 max
  Vertices: 3710473 avg | 3941914 max
  Physics Bodies: 278
  Nodes: 17355
  VRAM: 754.1 MB

=================================================

⚡ FRAME SPIKE #466: 27.8 ms at 16.0s (Draw: 3707, Bodies: 281)
⚡ FRAME SPIKE #467: 25.7 ms at 16.0s (Draw: 3708, Bodies: 281)
⚡ FRAME SPIKE #468: 27.8 ms at 16.0s (Draw: 3701, Bodies: 281)
⚡ FRAME SPIKE #469: 27.3 ms at 16.0s (Draw: 3703, Bodies: 281)
⚡ FRAME SPIKE #470: 27.3 ms at 16.1s (Draw: 3706, Bodies: 281)
⚡ FRAME SPIKE #471: 27.3 ms at 16.1s (Draw: 3705, Bodies: 281)
⚡ FRAME SPIKE #472: 27.3 ms at 16.1s (Draw: 3705, Bodies: 281)
⚡ FRAME SPIKE #473: 26.9 ms at 16.1s (Draw: 3698, Bodies: 281)
⚡ FRAME SPIKE #474: 29.1 ms at 16.2s (Draw: 3690, Bodies: 281)
⚡ FRAME SPIKE #475: 27.3 ms at 16.2s (Draw: 3684, Bodies: 281)
⚡ FRAME SPIKE #476: 26.4 ms at 16.2s (Draw: 3685, Bodies: 281)
⚡ FRAME SPIKE #477: 27.3 ms at 16.3s (Draw: 3652, Bodies: 281)
⚡ FRAME SPIKE #478: 25.7 ms at 16.3s (Draw: 3627, Bodies: 281)
⚡ FRAME SPIKE #479: 27.3 ms at 16.3s (Draw: 3614, Bodies: 281)
⚡ FRAME SPIKE #480: 27.3 ms at 16.3s (Draw: 3629, Bodies: 284)
⚡ FRAME SPIKE #481: 27.3 ms at 16.4s (Draw: 3643, Bodies: 284)
⚡ FRAME SPIKE #482: 28.2 ms at 16.4s (Draw: 3651, Bodies: 283)
⚡ FRAME SPIKE #483: 27.5 ms at 16.4s (Draw: 3647, Bodies: 283)
⚡ FRAME SPIKE #484: 27.3 ms at 16.4s (Draw: 3646, Bodies: 283)
⚡ FRAME SPIKE #485: 28.6 ms at 16.5s (Draw: 3650, Bodies: 283)
⚡ FRAME SPIKE #486: 27.8 ms at 16.5s (Draw: 3647, Bodies: 283)
⚡ FRAME SPIKE #487: 27.3 ms at 16.5s (Draw: 3646, Bodies: 283)
⚡ FRAME SPIKE #488: 27.6 ms at 16.6s (Draw: 3646, Bodies: 283)
⚡ FRAME SPIKE #489: 27.3 ms at 16.6s (Draw: 3655, Bodies: 283)
⚡ FRAME SPIKE #490: 27.3 ms at 16.6s (Draw: 3689, Bodies: 283)
⚡ FRAME SPIKE #491: 27.8 ms at 16.6s (Draw: 3695, Bodies: 283)
⚡ FRAME SPIKE #492: 27.8 ms at 16.7s (Draw: 3701, Bodies: 283)
⚡ FRAME SPIKE #493: 27.8 ms at 16.7s (Draw: 3695, Bodies: 283)
⚡ FRAME SPIKE #494: 28.5 ms at 16.7s (Draw: 3680, Bodies: 283)
⚡ FRAME SPIKE #495: 27.8 ms at 16.8s (Draw: 3653, Bodies: 283)
⚡ FRAME SPIKE #496: 27.8 ms at 16.8s (Draw: 3636, Bodies: 283)
⚡ FRAME SPIKE #497: 27.8 ms at 16.8s (Draw: 3636, Bodies: 283)
⚡ FRAME SPIKE #498: 27.8 ms at 16.8s (Draw: 3635, Bodies: 283)
⚡ FRAME SPIKE #499: 27.8 ms at 16.9s (Draw: 3630, Bodies: 283)
⚡ FRAME SPIKE #500: 27.8 ms at 16.9s (Draw: 3617, Bodies: 283)
⚡ FRAME SPIKE #501: 27.8 ms at 16.9s (Draw: 3612, Bodies: 283)
⚡ FRAME SPIKE #502: 27.8 ms at 16.9s (Draw: 3603, Bodies: 283)
⚡ FRAME SPIKE #503: 27.8 ms at 17.0s (Draw: 3606, Bodies: 283)
⚡ FRAME SPIKE #504: 27.8 ms at 17.0s (Draw: 3597, Bodies: 283)
⚡ FRAME SPIKE #505: 27.8 ms at 17.0s (Draw: 3595, Bodies: 283)
⚡ FRAME SPIKE #506: 29.2 ms at 17.1s (Draw: 3593, Bodies: 283)
⚡ FRAME SPIKE #507: 30.1 ms at 17.1s (Draw: 3600, Bodies: 283)
⚡ FRAME SPIKE #508: 28.3 ms at 17.1s (Draw: 3608, Bodies: 283)
⚡ FRAME SPIKE #509: 28.3 ms at 17.1s (Draw: 3616, Bodies: 283)
⚡ FRAME SPIKE #510: 28.3 ms at 17.2s (Draw: 3589, Bodies: 283)
⚡ FRAME SPIKE #511: 28.3 ms at 17.2s (Draw: 3584, Bodies: 283)
⚡ FRAME SPIKE #512: 28.3 ms at 17.2s (Draw: 3583, Bodies: 283)
⚡ FRAME SPIKE #513: 27.9 ms at 17.3s (Draw: 3580, Bodies: 283)
⚡ FRAME SPIKE #514: 28.3 ms at 17.3s (Draw: 3583, Bodies: 283)
⚡ FRAME SPIKE #515: 28.3 ms at 17.3s (Draw: 3584, Bodies: 283)
⚡ FRAME SPIKE #516: 28.3 ms at 17.3s (Draw: 3569, Bodies: 283)
⚡ FRAME SPIKE #517: 29.4 ms at 17.4s (Draw: 3561, Bodies: 283)
⚡ FRAME SPIKE #518: 28.3 ms at 17.4s (Draw: 3548, Bodies: 283)
⚡ FRAME SPIKE #519: 28.3 ms at 17.4s (Draw: 3545, Bodies: 283)
⚡ FRAME SPIKE #520: 28.3 ms at 17.5s (Draw: 3541, Bodies: 283)
⚡ FRAME SPIKE #521: 28.3 ms at 17.5s (Draw: 3535, Bodies: 283)
⚡ FRAME SPIKE #522: 28.3 ms at 17.5s (Draw: 3544, Bodies: 283)
⚡ FRAME SPIKE #523: 27.3 ms at 17.5s (Draw: 3537, Bodies: 283)
⚡ FRAME SPIKE #524: 28.3 ms at 17.6s (Draw: 3536, Bodies: 283)
⚡ FRAME SPIKE #525: 28.3 ms at 17.6s (Draw: 3532, Bodies: 283)
⚡ FRAME SPIKE #526: 28.3 ms at 17.6s (Draw: 3540, Bodies: 283)
⚡ FRAME SPIKE #527: 28.3 ms at 17.7s (Draw: 3539, Bodies: 283)
⚡ FRAME SPIKE #528: 28.3 ms at 17.7s (Draw: 3542, Bodies: 283)
⚡ FRAME SPIKE #529: 28.3 ms at 17.7s (Draw: 3532, Bodies: 283)
⚡ FRAME SPIKE #530: 28.3 ms at 17.7s (Draw: 3532, Bodies: 283)
⚡ FRAME SPIKE #531: 27.8 ms at 17.8s (Draw: 3525, Bodies: 283)
⚡ FRAME SPIKE #532: 28.3 ms at 17.8s (Draw: 3527, Bodies: 283)
⚡ FRAME SPIKE #533: 28.3 ms at 17.8s (Draw: 3514, Bodies: 283)
⚡ FRAME SPIKE #534: 27.8 ms at 17.9s (Draw: 3514, Bodies: 283)
⚡ FRAME SPIKE #535: 28.3 ms at 17.9s (Draw: 3517, Bodies: 283)
⚡ FRAME SPIKE #536: 28.3 ms at 17.9s (Draw: 3507, Bodies: 283)
⚡ FRAME SPIKE #537: 28.3 ms at 17.9s (Draw: 3515, Bodies: 283)
🚗 Traffic: 30 active NPCs (Near: 0, Mid: 19, Far: 11), 3 pooled
  → Physics bodies from NPCs: 30 (All: 30×1, было бы 30×5=150)

========== Bottleneck Analysis Report ==========
Time: 28.4s | Frames: 801

📊 PERFORMANCE OVERVIEW:
  FPS: 34.6 avg | 31.0 min
  Frame Time: 22.12 ms avg | 24.34 ms max
  Physics Time: 7.29 ms avg

🔍 BOTTLENECK IDENTIFICATION:
  🟠 [HIGH] Frame Time
      Value: 22.12 ms (target: 16.67 ms)
      Impact: Overall performance bottleneck
      Suggestions:
        • Reduce draw calls
        • Optimize scripts in _process()
        • Check for expensive operations per frame

  🟠 [HIGH] Draw Calls
      Value: 3680 calls/frame
      Impact: GPU rendering overhead
      Suggestions:
        • Batch meshes by material
        • Use MultiMeshInstance3D
        • Implement LOD system
        • Enable frustum culling

  🟠 [HIGH] Physics Bodies
      Value: 282 active bodies
      Impact: Physics engine load
      Suggestions:
        • Reduce NPC count
        • Convert distant NPCs to kinematic
        • Disable physics for far objects

  🟡 [MEDIUM] Physics Time
      Value: 7.29 ms
      Impact: Physics simulation overhead
      Suggestions:
        • Reduce number of active physics bodies
        • Simplify collision shapes
        • Disable physics for distant objects

  🟡 [MEDIUM] Vertex Count
      Value: 3565698 vertices/frame
      Impact: GPU vertex processing
      Suggestions:
        • Implement LOD for distant objects
        • Simplify building meshes
        • Use lower poly models

  🟡 [MEDIUM] Node Count
      Value: 17355 nodes
      Impact: Scene tree traversal overhead
      Suggestions:
        • Unload distant chunks
        • Pool and reuse nodes
        • Flatten hierarchy where possible

  🟡 [MEDIUM] Post-Processing Effects
      Value: SSAO, Glow/Bloom, Volumetric Fog
      Impact: GPU shader overhead
      Suggestions:
        • Reduce SSR quality
        • Disable SSAO on low-end hardware
        • Use simpler fog

📈 DETAILED STATS:
  Draw Calls: 3680 avg | 3843 max
  Vertices: 3565698 avg | 3809211 max
  Physics Bodies: 282
  Nodes: 17355
  VRAM: 754.1 MB

=================================================

⚡ FRAME SPIKE #538: 27.8 ms at 18.0s (Draw: 3519, Bodies: 283)
⚡ FRAME SPIKE #539: 27.8 ms at 18.0s (Draw: 3511, Bodies: 283)
⚡ FRAME SPIKE #540: 28.3 ms at 18.0s (Draw: 3488, Bodies: 283)
⚡ FRAME SPIKE #541: 27.8 ms at 18.0s (Draw: 3489, Bodies: 283)
⚡ FRAME SPIKE #542: 27.8 ms at 18.1s (Draw: 3498, Bodies: 283)
OSM: Loading chunk -2,-3 at lat=59.1235, lon=37.8921
OSM: Loaded from cache: osm_v2_59.1235_37.8921_250.json
OSM: Loading chunk 1,-3 at lat=59.1235, lon=37.9079
OSM: Loaded from cache: osm_v2_59.1235_37.9079_250.json
OSM: Chunk -2,-3 data loaded
OSM: Found 14 POI nodes in chunk
POI_DEBUG: Found 'Аптека+' inside building at local (-584.9, -728.9)
OSM: Generated 36 roads, 41 buildings, 0 trees, 0 signs, 0 lamps, 26 intersections
OSM: Marked chunk '-2,-3' for road batch finalization
OSM: Post-initial chunk loaded, pending_lamps=442
OSM: _create_pending_lamps started, count=442
OSM: Created 255 lamps, skipped 187 (added to infrastructure queue)
OSM: Chunk 1,-3 data loaded
OSM: Found 4 entrance nodes in chunk
OSM: Found 29 POI nodes in chunk
POI_DEBUG: Found 'Бон Аппетит' inside building at local (536.3, -777.3)
POI_DEBUG: Found 'Осетинские пироги' inside building at local (571.7, -769.5)
POI_DEBUG: Found 'Ткани для Вас' inside building at local (630.6, -755.6)
POI_DEBUG: Found 'Аста-запчасти' inside building at local (556.2, -773.0)
POI_DEBUG: Found 'Coffee Like' inside building at local (572.0, -760.4)
POI_DEBUG: Found 'Шексна' inside building at local (409.3, -852.9)
POI_DEBUG: Found 'Ozon' inside building at local (392.2, -869.7)
BusinessSign: Found logo for 'ozon' -> res://textures/brand_logos/ozon.png
POI_DEBUG: Found 'Академия слуха' inside building at local (369.2, -911.4)
POI_DEBUG: Found 'DNS' inside building at local (364.5, -739.9)
POI_DEBUG: Found 'Пятёрочка' inside building at local (336.8, -729.4)
POI_DEBUG: Found 'Антей' inside building at local (359.3, -721.5)
BusinessSign: Found logo for 'dns' -> res://textures/brand_logos/dns.png
Loading resource: res://textures/brand_logos/dns.png
Loading resource: res://.godot/imported/dns.png-a78c4eefe01684ddab8fef68c4a2d1e5.ctex
BusinessSign: Found logo for 'пятёрочка' -> res://textures/brand_logos/pyaterochka.png
POI_DEBUG: Found 'Десяточка' inside building at local (434.3, -758.0)
POI_DEBUG: Found 'Алоэ' inside building at local (425.4, -758.1)
POI_DEBUG: Found 'МТС' inside building at local (420.4, -759.2)
BusinessSign: Found logo for 'мтс' -> res://textures/brand_logos/mts.png
Loading resource: res://textures/brand_logos/mts.png
Loading resource: res://.godot/imported/mts.png-2f4f8c344a076d2089587acd6374089a.ctex
POI_DEBUG: Found 'Россельхозбанк' inside building at local (465.8, -706.4)
POI_DEBUG: Found 'OTP-банк' inside building at local (592.3, -604.5)
POI_DEBUG: Found 'ВТБ' inside building at local (594.8, -612.1)
POI_DEBUG: Found 'Шашлычек' inside building at local (589.3, -592.4)
POI_DEBUG: Found 'Easy Slip' inside building at local (581.6, -593.1)
BusinessSign: Found logo for 'втб' -> res://textures/brand_logos/vtb.png
POI_DEBUG: Found 'СДЭК' inside building at local (536.8, -743.2)
POI_DEBUG: Found 'Ozon' inside building at local (559.0, -660.9)
BusinessSign: Found logo for 'ozon' -> res://textures/brand_logos/ozon.png
BusinessSign: Found logo for 'пятёрочка' -> res://textures/brand_logos/pyaterochka.png
OSM: Generated 55 roads, 18 buildings, 0 trees, 0 signs, 0 lamps, 28 intersections
OSM: Marked chunk '1,-3' for road batch finalization
OSM: Post-initial chunk loaded, pending_lamps=0
OSM: _create_pending_lamps started, count=0
OSM: No pending lamps
⚡ FRAME SPIKE #543: 126.4 ms at 18.1s (Draw: 3802, Bodies: 283)
OSM: DEBUG _add_road_to_batch - first road for chunk '1,-3', parent.name='Chunk_1,-3'
OSM: DEBUG _add_road_to_batch - first road for chunk '-2,-3', parent.name='Chunk_-2,-3'
⚠️ SLOW FRAME 13.7ms: building=0.8 road=11.0 terrain=0.2 infra=1.8 veg=0.0 curb=0.0ms
⚡ FRAME SPIKE #544: 73.8 ms at 18.2s (Draw: 3835, Bodies: 283)
⚡ FRAME SPIKE #545: 64.9 ms at 18.3s (Draw: 3850, Bodies: 282)
⚡ FRAME SPIKE #546: 50.0 ms at 18.4s (Draw: 3864, Bodies: 283)
⚠️ SLOW FRAME 13.0ms: building=0.6 road=5.2 terrain=0.3 infra=1.5 veg=5.4 curb=0.0ms
⚡ FRAME SPIKE #547: 50.0 ms at 18.4s (Draw: 3875, Bodies: 283)
⚠️ SLOW FRAME 13.3ms: building=0.5 road=11.2 terrain=0.2 infra=1.4 veg=0.0 curb=0.0ms
⚡ FRAME SPIKE #548: 54.2 ms at 18.5s (Draw: 3907, Bodies: 283)
⚡ FRAME SPIKE #549: 40.8 ms at 18.5s (Draw: 3904, Bodies: 283)
🔴 FREEZE: road collision shape creation took 10.5 ms for chunk -2,-3 (type: residential)
OSM: ✅ Finalized road batch -2,-3/residential: 1996 vertices, 1940 triangles, material: <ImageTexture#-9223371972648368119>
OSM: ✅ Finalized road batch -2,-3/primary: 410 vertices, 406 triangles, material: <ImageTexture#-9223371972749031416>
OSM: ✅ Finalized road batch -2,-3/path: 658 vertices, 646 triangles, material: <ImageTexture#-9223371972547704822>
⚠️ SLOW: road batch finalization took 15.3 ms for chunk -2,-3
⚠️ SLOW FRAME 17.7ms: building=0.6 road=15.4 terrain=0.3 infra=1.5 veg=0.0 curb=0.0ms
⚡ FRAME SPIKE #550: 49.2 ms at 18.6s (Draw: 3919, Bodies: 283)
🔴 FREEZE: road collision shape creation took 14.6 ms for chunk 1,-3 (type: residential)
OSM: ✅ Finalized road batch 1,-3/residential: 1686 vertices, 1624 triangles, material: <ImageTexture#-9223371972648368119>
OSM: ✅ Finalized road batch 1,-3/path: 1238 vertices, 1192 triangles, material: <ImageTexture#-9223371972547704822>
OSM: ✅ Finalized road batch 1,-3/primary: 180 vertices, 178 triangles, material: <ImageTexture#-9223371972749031416>
⚠️ SLOW: road batch finalization took 19.5 ms for chunk 1,-3
⚠️ SLOW FRAME 21.8ms: building=0.5 road=19.6 terrain=0.2 infra=1.5 veg=0.0 curb=0.0ms
⚡ FRAME SPIKE #551: 50.0 ms at 18.6s (Draw: 3955, Bodies: 283)
⚡ FRAME SPIKE #552: 50.0 ms at 18.7s (Draw: 3977, Bodies: 283)
⚡ FRAME SPIKE #553: 42.1 ms at 18.7s (Draw: 3961, Bodies: 283)
⚡ FRAME SPIKE #554: 41.5 ms at 18.8s (Draw: 3967, Bodies: 283)
⚡ FRAME SPIKE #555: 36.1 ms at 18.8s (Draw: 3969, Bodies: 283)
⚡ FRAME SPIKE #556: 34.5 ms at 18.8s (Draw: 3980, Bodies: 283)
⚡ FRAME SPIKE #557: 34.2 ms at 18.9s (Draw: 3976, Bodies: 283)

=== PERFORMANCE METRICS ===
FPS: 26 | Frame: 33.3 ms (max 126.4) | Physics: 16.7 ms (max 121.5)
Godot Process: 114.70 ms | Physics: 7.10 ms
Objects: 44710 | Nodes: 18431 | Resources: 538
Draw calls: 3976 | Vertices: 3657960 | VRAM: 756.9 MB
Physics bodies: 283 | Collision pairs: 3364
--- System Times ---
  road_batch_finalize_total_-1,-1: 37.99 ms (max 37.99)
  road_batch_finalize_total_-1,-2: 5.72 ms (max 5.72)
  road_batch_finalize_total_-1,-3: 9.52 ms (max 9.52)
  road_batch_finalize_total_-1,0: 15.24 ms (max 15.24)
  road_batch_finalize_total_-2,-1: 20.82 ms (max 20.82)
  road_batch_finalize_total_-2,-2: 18.79 ms (max 18.79)
  road_batch_finalize_total_-2,-3: 15.34 ms (max 15.34)
  road_batch_finalize_total_-2,0: 20.92 ms (max 20.92)
  road_batch_finalize_total_0,-1: 26.87 ms (max 26.87)
  road_batch_finalize_total_0,-2: 24.63 ms (max 24.63)
  road_batch_finalize_total_0,-3: 10.80 ms (max 10.80)
  road_batch_finalize_total_0,0: 24.82 ms (max 24.82)
  road_batch_finalize_total_0,1: 20.95 ms (max 20.95)
  road_batch_finalize_total_1,-1: 13.26 ms (max 13.26)
  road_batch_finalize_total_1,-2: 29.74 ms (max 29.74)
  road_batch_finalize_total_1,-3: 19.52 ms (max 19.52)
  road_batch_finalize_total_1,0: 12.47 ms (max 12.47)
  road_collision_create_-1,-1: 12.40 ms (max 30.21)
  road_collision_create_-1,-2: 2.67 ms (max 3.38)
  road_collision_create_-1,-3: 2.88 ms (max 5.48)
  road_collision_create_-1,0: 7.39 ms (max 12.66)
  road_collision_create_-2,-1: 6.73 ms (max 15.12)
  road_collision_create_-2,-2: 9.17 ms (max 16.47)
  road_collision_create_-2,-3: 4.80 ms (max 10.47)
  road_collision_create_-2,0: 10.23 ms (max 17.11)
  road_collision_create_0,-1: 8.72 ms (max 20.84)
  road_collision_create_0,-2: 7.97 ms (max 17.50)
  road_collision_create_0,-3: 3.25 ms (max 4.54)
  road_collision_create_0,0: 8.07 ms (max 21.14)
  road_collision_create_0,1: 20.70 ms (max 20.70)
  road_collision_create_1,-1: 4.24 ms (max 9.37)
  road_collision_create_1,-2: 14.62 ms (max 26.58)
  road_collision_create_1,-3: 6.21 ms (max 14.58)
  road_collision_create_1,0: 12.21 ms (max 12.21)
===========================

=== PERFORMANCE METRICS ===
FPS: 26 | Frame: 33.3 ms (max 126.4) | Physics: 16.7 ms (max 121.4)
Godot Process: 114.70 ms | Physics: 7.10 ms
Objects: 44710 | Nodes: 18431 | Resources: 538
Draw calls: 3976 | Vertices: 3657960 | VRAM: 756.9 MB
Physics bodies: 283 | Collision pairs: 3364
===========================
⚡ FRAME SPIKE #558: 36.6 ms at 18.9s (Draw: 3987, Bodies: 283)
⚡ FRAME SPIKE #559: 36.7 ms at 18.9s (Draw: 3995, Bodies: 283)
⚡ FRAME SPIKE #560: 37.5 ms at 19.0s (Draw: 4015, Bodies: 283)
⚡ FRAME SPIKE #561: 36.3 ms at 19.0s (Draw: 4026, Bodies: 283)
⚡ FRAME SPIKE #562: 35.9 ms at 19.0s (Draw: 4041, Bodies: 283)
⚡ FRAME SPIKE #563: 35.4 ms at 19.1s (Draw: 4054, Bodies: 283)
⚡ FRAME SPIKE #564: 36.7 ms at 19.1s (Draw: 4056, Bodies: 282)
⚡ FRAME SPIKE #565: 36.7 ms at 19.2s (Draw: 4065, Bodies: 282)
⚡ FRAME SPIKE #566: 36.7 ms at 19.2s (Draw: 4081, Bodies: 281)
⚡ FRAME SPIKE #567: 36.7 ms at 19.2s (Draw: 4089, Bodies: 281)
⚡ FRAME SPIKE #568: 36.7 ms at 19.3s (Draw: 4096, Bodies: 281)
⚡ FRAME SPIKE #569: 36.7 ms at 19.3s (Draw: 4087, Bodies: 281)
⚡ FRAME SPIKE #570: 36.7 ms at 19.3s (Draw: 4093, Bodies: 281)
⚡ FRAME SPIKE #571: 36.7 ms at 19.4s (Draw: 4093, Bodies: 282)
⚡ FRAME SPIKE #572: 36.7 ms at 19.4s (Draw: 4093, Bodies: 282)
⚡ FRAME SPIKE #573: 36.7 ms at 19.5s (Draw: 4094, Bodies: 282)
⚡ FRAME SPIKE #574: 36.7 ms at 19.5s (Draw: 4101, Bodies: 282)
⚡ FRAME SPIKE #575: 36.7 ms at 19.5s (Draw: 4106, Bodies: 282)
⚡ FRAME SPIKE #576: 36.7 ms at 19.6s (Draw: 4130, Bodies: 282)
⚡ FRAME SPIKE #577: 36.7 ms at 19.6s (Draw: 4151, Bodies: 282)
⚡ FRAME SPIKE #578: 36.7 ms at 19.6s (Draw: 4170, Bodies: 282)
⚡ FRAME SPIKE #579: 36.7 ms at 19.7s (Draw: 4207, Bodies: 282)
⚡ FRAME SPIKE #580: 36.7 ms at 19.7s (Draw: 4214, Bodies: 282)
⚡ FRAME SPIKE #581: 36.7 ms at 19.7s (Draw: 4230, Bodies: 282)
⚡ FRAME SPIKE #582: 36.7 ms at 19.8s (Draw: 4234, Bodies: 282)
⚡ FRAME SPIKE #583: 36.7 ms at 19.8s (Draw: 4236, Bodies: 282)
⚡ FRAME SPIKE #584: 36.7 ms at 19.9s (Draw: 4250, Bodies: 282)
⚡ FRAME SPIKE #585: 36.7 ms at 19.9s (Draw: 4256, Bodies: 282)
⚡ FRAME SPIKE #586: 36.7 ms at 19.9s (Draw: 4268, Bodies: 282)
⚡ FRAME SPIKE #587: 36.7 ms at 20.0s (Draw: 4273, Bodies: 282)
🚗 Traffic: 29 active NPCs (Near: 0, Mid: 8, Far: 21), 4 pooled
  → Physics bodies from NPCs: 29 (All: 29×1, было бы 29×5=145)

========== Bottleneck Analysis Report ==========
Time: 30.4s | Frames: 851

📊 PERFORMANCE OVERVIEW:
  FPS: 32.2 avg | 26.0 min
  Frame Time: 41.67 ms avg | 114.70 ms max
  Physics Time: 7.28 ms avg

🔍 BOTTLENECK IDENTIFICATION:
  🔴 [CRITICAL] Frame Time
      Value: 41.67 ms (target: 16.67 ms)
      Impact: Overall performance bottleneck
      Suggestions:
        • Reduce draw calls
        • Optimize scripts in _process()
        • Check for expensive operations per frame

  🟠 [HIGH] Draw Calls
      Value: 3771 calls/frame
      Impact: GPU rendering overhead
      Suggestions:
        • Batch meshes by material
        • Use MultiMeshInstance3D
        • Implement LOD system
        • Enable frustum culling

  🟠 [HIGH] Physics Bodies
      Value: 282 active bodies
      Impact: Physics engine load
      Suggestions:
        • Reduce NPC count
        • Convert distant NPCs to kinematic
        • Disable physics for far objects

  🟡 [MEDIUM] Physics Time
      Value: 7.28 ms
      Impact: Physics simulation overhead
      Suggestions:
        • Reduce number of active physics bodies
        • Simplify collision shapes
        • Disable physics for distant objects

  🟡 [MEDIUM] Vertex Count
      Value: 3591527 vertices/frame
      Impact: GPU vertex processing
      Suggestions:
        • Implement LOD for distant objects
        • Simplify building meshes
        • Use lower poly models

  🟡 [MEDIUM] Node Count
      Value: 20011 nodes
      Impact: Scene tree traversal overhead
      Suggestions:
        • Unload distant chunks
        • Pool and reuse nodes
        • Flatten hierarchy where possible

  🟡 [MEDIUM] Post-Processing Effects
      Value: SSAO, Glow/Bloom, Volumetric Fog
      Impact: GPU shader overhead
      Suggestions:
        • Reduce SSR quality
        • Disable SSAO on low-end hardware
        • Use simpler fog

📈 DETAILED STATS:
  Draw Calls: 3771 avg | 4273 max
  Vertices: 3591527 avg | 3881454 max
  Physics Bodies: 282
  Nodes: 20011
  VRAM: 761.2 MB

=================================================

⚡ FRAME SPIKE #588: 36.7 ms at 20.0s (Draw: 4267, Bodies: 282)
⚡ FRAME SPIKE #589: 37.0 ms at 20.0s (Draw: 4283, Bodies: 282)
⚡ FRAME SPIKE #590: 37.0 ms at 20.1s (Draw: 4309, Bodies: 281)
⚡ FRAME SPIKE #591: 36.7 ms at 20.1s (Draw: 4317, Bodies: 281)
⚡ FRAME SPIKE #592: 36.7 ms at 20.1s (Draw: 4321, Bodies: 281)
⚡ FRAME SPIKE #593: 36.7 ms at 20.2s (Draw: 4333, Bodies: 281)
⚡ FRAME SPIKE #594: 36.7 ms at 20.2s (Draw: 4342, Bodies: 281)
OSM: 🌙 NIGHT Window batch 1,-3 | night_mgr: CACHED | is_night value: true
OSM: ✅ Finalized window batch 1,-3: 4506 windows (was 4506 draw calls before batching)
⚡ FRAME SPIKE #595: 36.7 ms at 20.3s (Draw: 4345, Bodies: 281)
OSM: 🌙 NIGHT Window batch -2,-3 | night_mgr: CACHED | is_night value: true
OSM: ✅ Finalized window batch -2,-3: 5341 windows (was 5341 draw calls before batching)
⚡ FRAME SPIKE #596: 37.0 ms at 20.3s (Draw: 4347, Bodies: 281)
⚡ FRAME SPIKE #597: 36.7 ms at 20.3s (Draw: 4352, Bodies: 281)
⚡ FRAME SPIKE #598: 36.7 ms at 20.4s (Draw: 4372, Bodies: 281)
⚡ FRAME SPIKE #599: 37.0 ms at 20.4s (Draw: 4403, Bodies: 284)
⚡ FRAME SPIKE #600: 37.0 ms at 20.4s (Draw: 4429, Bodies: 284)
⚡ FRAME SPIKE #601: 36.7 ms at 20.5s (Draw: 4445, Bodies: 284)
⚡ FRAME SPIKE #602: 36.7 ms at 20.5s (Draw: 4455, Bodies: 284)
⚡ FRAME SPIKE #603: 36.7 ms at 20.6s (Draw: 4454, Bodies: 284)
⚡ FRAME SPIKE #604: 37.0 ms at 20.6s (Draw: 4459, Bodies: 284)
⚡ FRAME SPIKE #605: 36.7 ms at 20.6s (Draw: 4467, Bodies: 284)
⚡ FRAME SPIKE #606: 36.7 ms at 20.7s (Draw: 4481, Bodies: 284)
⚡ FRAME SPIKE #607: 36.7 ms at 20.7s (Draw: 4477, Bodies: 284)
⚡ FRAME SPIKE #608: 36.7 ms at 20.7s (Draw: 4486, Bodies: 284)
⚡ FRAME SPIKE #609: 36.9 ms at 20.8s (Draw: 4507, Bodies: 284)
⚡ FRAME SPIKE #610: 36.7 ms at 20.8s (Draw: 4508, Bodies: 284)
⚡ FRAME SPIKE #611: 36.7 ms at 20.8s (Draw: 4521, Bodies: 284)
⚡ FRAME SPIKE #612: 36.6 ms at 20.9s (Draw: 4533, Bodies: 284)
⚡ FRAME SPIKE #613: 35.6 ms at 20.9s (Draw: 4551, Bodies: 284)
⚡ FRAME SPIKE #614: 36.7 ms at 21.0s (Draw: 4589, Bodies: 284)
⚡ FRAME SPIKE #615: 36.7 ms at 21.0s (Draw: 4625, Bodies: 284)
⚡ FRAME SPIKE #616: 36.6 ms at 21.0s (Draw: 4683, Bodies: 284)
⚡ FRAME SPIKE #617: 34.5 ms at 21.1s (Draw: 4751, Bodies: 284)
⚡ FRAME SPIKE #618: 36.4 ms at 21.1s (Draw: 4768, Bodies: 284)
⚡ FRAME SPIKE #619: 35.9 ms at 21.1s (Draw: 4785, Bodies: 284)
⚡ FRAME SPIKE #620: 36.4 ms at 21.2s (Draw: 4793, Bodies: 283)
⚡ FRAME SPIKE #621: 36.4 ms at 21.2s (Draw: 4817, Bodies: 283)
⚡ FRAME SPIKE #622: 36.4 ms at 21.2s (Draw: 4830, Bodies: 284)
⚡ FRAME SPIKE #623: 36.4 ms at 21.3s (Draw: 4826, Bodies: 284)
⚡ FRAME SPIKE #624: 35.2 ms at 21.3s (Draw: 4831, Bodies: 283)
⚡ FRAME SPIKE #625: 33.4 ms at 21.4s (Draw: 4826, Bodies: 284)
⚡ FRAME SPIKE #626: 33.7 ms at 21.4s (Draw: 4831, Bodies: 285)
⚡ FRAME SPIKE #627: 35.7 ms at 21.4s (Draw: 4841, Bodies: 285)
⚡ FRAME SPIKE #628: 35.7 ms at 21.5s (Draw: 4871, Bodies: 285)
⚡ FRAME SPIKE #629: 35.7 ms at 21.5s (Draw: 4886, Bodies: 285)
⚡ FRAME SPIKE #630: 35.7 ms at 21.5s (Draw: 4891, Bodies: 285)
⚡ FRAME SPIKE #631: 35.7 ms at 21.6s (Draw: 4905, Bodies: 284)
⚡ FRAME SPIKE #632: 35.7 ms at 21.6s (Draw: 4914, Bodies: 284)
⚡ FRAME SPIKE #633: 35.7 ms at 21.6s (Draw: 4900, Bodies: 284)
⚡ FRAME SPIKE #634: 35.7 ms at 21.7s (Draw: 4900, Bodies: 284)
⚡ FRAME SPIKE #635: 35.7 ms at 21.7s (Draw: 4910, Bodies: 284)
⚡ FRAME SPIKE #636: 35.7 ms at 21.7s (Draw: 4912, Bodies: 284)
⚡ FRAME SPIKE #637: 35.3 ms at 21.8s (Draw: 4907, Bodies: 285)
⚡ FRAME SPIKE #638: 34.2 ms at 21.8s (Draw: 4890, Bodies: 285)
⚡ FRAME SPIKE #639: 34.4 ms at 21.8s (Draw: 4886, Bodies: 285)
⚡ FRAME SPIKE #640: 34.3 ms at 21.9s (Draw: 4891, Bodies: 285)
⚡ FRAME SPIKE #641: 35.2 ms at 21.9s (Draw: 4875, Bodies: 286)
⚡ FRAME SPIKE #642: 34.1 ms at 22.0s (Draw: 4881, Bodies: 286)
⚡ FRAME SPIKE #643: 34.2 ms at 22.0s (Draw: 4879, Bodies: 286)
🚗 Traffic: 27 active NPCs (Near: 0, Mid: 5, Far: 22), 6 pooled
  → Physics bodies from NPCs: 27 (All: 27×1, было бы 27×5=135)

========== Bottleneck Analysis Report ==========
Time: 32.4s | Frames: 907

📊 PERFORMANCE OVERVIEW:
  FPS: 28.5 avg | 26.0 min
  Frame Time: 43.84 ms avg | 114.70 ms max
  Physics Time: 7.28 ms avg

🔍 BOTTLENECK IDENTIFICATION:
  🔴 [CRITICAL] Frame Time
      Value: 43.84 ms (target: 16.67 ms)
      Impact: Overall performance bottleneck
      Suggestions:
        • Reduce draw calls
        • Optimize scripts in _process()
        • Check for expensive operations per frame

  🟠 [HIGH] Draw Calls
      Value: 4243 calls/frame
      Impact: GPU rendering overhead
      Suggestions:
        • Batch meshes by material
        • Use MultiMeshInstance3D
        • Implement LOD system
        • Enable frustum culling

  🟠 [HIGH] Physics Bodies
      Value: 283 active bodies
      Impact: Physics engine load
      Suggestions:
        • Reduce NPC count
        • Convert distant NPCs to kinematic
        • Disable physics for far objects

  🟡 [MEDIUM] Physics Time
      Value: 7.28 ms
      Impact: Physics simulation overhead
      Suggestions:
        • Reduce number of active physics bodies
        • Simplify collision shapes
        • Disable physics for distant objects

  🟡 [MEDIUM] Vertex Count
      Value: 3906471 vertices/frame
      Impact: GPU vertex processing
      Suggestions:
        • Implement LOD for distant objects
        • Simplify building meshes
        • Use lower poly models

  🟡 [MEDIUM] Node Count
      Value: 20555 nodes
      Impact: Scene tree traversal overhead
      Suggestions:
        • Unload distant chunks
        • Pool and reuse nodes
        • Flatten hierarchy where possible

  🟡 [MEDIUM] Post-Processing Effects
      Value: SSAO, Glow/Bloom, Volumetric Fog
      Impact: GPU shader overhead
      Suggestions:
        • Reduce SSR quality
        • Disable SSAO on low-end hardware
        • Use simpler fog

📈 DETAILED STATS:
  Draw Calls: 4243 avg | 4914 max
  Vertices: 3906471 avg | 4479647 max
  Physics Bodies: 283
  Nodes: 20555
  VRAM: 768.6 MB

=================================================

⚡ FRAME SPIKE #644: 34.0 ms at 22.0s (Draw: 4866, Bodies: 287)
⚡ FRAME SPIKE #645: 33.3 ms at 22.1s (Draw: 4881, Bodies: 287)
⚡ FRAME SPIKE #646: 33.3 ms at 22.1s (Draw: 4890, Bodies: 287)
⚡ FRAME SPIKE #647: 33.3 ms at 22.1s (Draw: 4904, Bodies: 288)
⚡ FRAME SPIKE #648: 33.3 ms at 22.2s (Draw: 4907, Bodies: 289)
⚡ FRAME SPIKE #649: 33.3 ms at 22.2s (Draw: 4916, Bodies: 290)
⚡ FRAME SPIKE #650: 33.3 ms at 22.2s (Draw: 4904, Bodies: 290)
⚡ FRAME SPIKE #651: 33.3 ms at 22.3s (Draw: 4923, Bodies: 291)
⚡ FRAME SPIKE #652: 33.3 ms at 22.3s (Draw: 4933, Bodies: 291)
⚡ FRAME SPIKE #653: 33.3 ms at 22.3s (Draw: 4936, Bodies: 291)
⚡ FRAME SPIKE #654: 33.3 ms at 22.4s (Draw: 4949, Bodies: 292)
⚡ FRAME SPIKE #655: 33.3 ms at 22.4s (Draw: 4965, Bodies: 292)
⚡ FRAME SPIKE #656: 33.3 ms at 22.4s (Draw: 4984, Bodies: 292)
⚡ FRAME SPIKE #657: 34.7 ms at 22.5s (Draw: 4964, Bodies: 293)
⚡ FRAME SPIKE #658: 34.7 ms at 22.5s (Draw: 4953, Bodies: 294)
⚡ FRAME SPIKE #659: 34.7 ms at 22.5s (Draw: 4946, Bodies: 294)
⚡ FRAME SPIKE #660: 34.7 ms at 22.6s (Draw: 4832, Bodies: 294)
⚡ FRAME SPIKE #661: 34.7 ms at 22.6s (Draw: 4836, Bodies: 294)
⚡ FRAME SPIKE #662: 34.7 ms at 22.6s (Draw: 4839, Bodies: 295)
⚡ FRAME SPIKE #663: 34.7 ms at 22.7s (Draw: 4836, Bodies: 295)
⚡ FRAME SPIKE #664: 34.7 ms at 22.7s (Draw: 4910, Bodies: 296)
⚡ FRAME SPIKE #665: 34.7 ms at 22.7s (Draw: 4942, Bodies: 296)
⚡ FRAME SPIKE #666: 34.7 ms at 22.8s (Draw: 4961, Bodies: 297)
⚡ FRAME SPIKE #667: 34.7 ms at 22.8s (Draw: 4975, Bodies: 298)
⚡ FRAME SPIKE #668: 34.7 ms at 22.8s (Draw: 4993, Bodies: 298)
⚡ FRAME SPIKE #669: 34.7 ms at 22.9s (Draw: 4993, Bodies: 298)
⚡ FRAME SPIKE #670: 37.0 ms at 22.9s (Draw: 5007, Bodies: 299)
⚡ FRAME SPIKE #671: 34.7 ms at 22.9s (Draw: 5018, Bodies: 299)
⚡ FRAME SPIKE #672: 34.7 ms at 23.0s (Draw: 5024, Bodies: 299)
⚡ FRAME SPIKE #673: 34.7 ms at 23.0s (Draw: 5010, Bodies: 300)
⚡ FRAME SPIKE #674: 34.7 ms at 23.0s (Draw: 5002, Bodies: 300)
⚡ FRAME SPIKE #675: 34.7 ms at 23.1s (Draw: 5011, Bodies: 300)
⚡ FRAME SPIKE #676: 34.7 ms at 23.1s (Draw: 4987, Bodies: 301)
⚡ FRAME SPIKE #677: 34.7 ms at 23.1s (Draw: 4983, Bodies: 301)
⚡ FRAME SPIKE #678: 34.7 ms at 23.2s (Draw: 4985, Bodies: 302)
⚡ FRAME SPIKE #679: 34.3 ms at 23.2s (Draw: 4968, Bodies: 303)
⚡ FRAME SPIKE #680: 33.3 ms at 23.3s (Draw: 4941, Bodies: 304)
⚡ FRAME SPIKE #681: 34.7 ms at 23.3s (Draw: 4857, Bodies: 305)
⚡ FRAME SPIKE #682: 34.7 ms at 23.3s (Draw: 4843, Bodies: 306)
⚡ FRAME SPIKE #683: 34.7 ms at 23.4s (Draw: 4836, Bodies: 307)
⚡ FRAME SPIKE #684: 34.7 ms at 23.4s (Draw: 4908, Bodies: 307)
⚡ FRAME SPIKE #685: 34.7 ms at 23.4s (Draw: 4947, Bodies: 306)
⚡ FRAME SPIKE #686: 34.7 ms at 23.5s (Draw: 5239, Bodies: 308)
⚡ FRAME SPIKE #687: 41.7 ms at 23.5s (Draw: 5266, Bodies: 309)
⚡ FRAME SPIKE #688: 34.7 ms at 23.5s (Draw: 5294, Bodies: 310)
⚡ FRAME SPIKE #689: 34.7 ms at 23.6s (Draw: 5304, Bodies: 311)
⚡ FRAME SPIKE #690: 34.7 ms at 23.6s (Draw: 5299, Bodies: 312)
⚡ FRAME SPIKE #691: 34.7 ms at 23.6s (Draw: 5301, Bodies: 312)
⚡ FRAME SPIKE #692: 34.7 ms at 23.7s (Draw: 5303, Bodies: 313)
⚡ FRAME SPIKE #693: 34.7 ms at 23.7s (Draw: 5289, Bodies: 313)
⚡ FRAME SPIKE #694: 34.7 ms at 23.7s (Draw: 5284, Bodies: 314)
⚡ FRAME SPIKE #695: 34.7 ms at 23.8s (Draw: 5267, Bodies: 313)
⚡ FRAME SPIKE #696: 34.8 ms at 23.8s (Draw: 5253, Bodies: 312)
⚡ FRAME SPIKE #697: 35.0 ms at 23.8s (Draw: 5221, Bodies: 313)
⚡ FRAME SPIKE #698: 34.7 ms at 23.9s (Draw: 5228, Bodies: 314)

=== PERFORMANCE METRICS ===
FPS: 29 | Frame: 33.1 ms (max 126.4) | Physics: 16.7 ms (max 33.1)
Godot Process: 24.95 ms | Physics: 7.16 ms
Objects: 49856 | Nodes: 20798 | Resources: 538
Draw calls: 5228 | Vertices: 4662406 | VRAM: 771.8 MB
Physics bodies: 314 | Collision pairs: 3722
--- System Times ---
  road_batch_finalize_total_-1,-1: 37.99 ms (max 37.99)
  road_batch_finalize_total_-1,-2: 5.72 ms (max 5.72)
  road_batch_finalize_total_-1,-3: 9.52 ms (max 9.52)
  road_batch_finalize_total_-1,0: 15.24 ms (max 15.24)
  road_batch_finalize_total_-2,-1: 20.82 ms (max 20.82)
  road_batch_finalize_total_-2,-2: 18.79 ms (max 18.79)
  road_batch_finalize_total_-2,-3: 15.34 ms (max 15.34)
  road_batch_finalize_total_-2,0: 20.92 ms (max 20.92)
  road_batch_finalize_total_0,-1: 26.87 ms (max 26.87)
  road_batch_finalize_total_0,-2: 24.63 ms (max 24.63)
  road_batch_finalize_total_0,-3: 10.80 ms (max 10.80)
  road_batch_finalize_total_0,0: 24.82 ms (max 24.82)
  road_batch_finalize_total_0,1: 20.95 ms (max 20.95)
  road_batch_finalize_total_1,-1: 13.26 ms (max 13.26)
  road_batch_finalize_total_1,-2: 29.74 ms (max 29.74)
  road_batch_finalize_total_1,-3: 19.52 ms (max 19.52)
  road_batch_finalize_total_1,0: 12.47 ms (max 12.47)
  road_collision_create_-1,-1: 12.40 ms (max 30.21)
  road_collision_create_-1,-2: 2.67 ms (max 3.38)
  road_collision_create_-1,-3: 2.88 ms (max 5.48)
  road_collision_create_-1,0: 7.39 ms (max 12.66)
  road_collision_create_-2,-1: 6.73 ms (max 15.12)
  road_collision_create_-2,-2: 9.17 ms (max 16.47)
  road_collision_create_-2,-3: 4.80 ms (max 10.47)
  road_collision_create_-2,0: 10.23 ms (max 17.11)
  road_collision_create_0,-1: 8.72 ms (max 20.84)
  road_collision_create_0,-2: 7.97 ms (max 17.50)
  road_collision_create_0,-3: 3.25 ms (max 4.54)
  road_collision_create_0,0: 8.07 ms (max 21.14)
  road_collision_create_0,1: 20.70 ms (max 20.70)
  road_collision_create_1,-1: 4.24 ms (max 9.37)
  road_collision_create_1,-2: 14.62 ms (max 26.58)
  road_collision_create_1,-3: 6.21 ms (max 14.58)
  road_collision_create_1,0: 12.21 ms (max 12.21)
===========================

=== PERFORMANCE METRICS ===
FPS: 29 | Frame: 33.1 ms (max 126.4) | Physics: 16.7 ms (max 33.3)
Godot Process: 24.95 ms | Physics: 7.16 ms
Objects: 49856 | Nodes: 20798 | Resources: 538
Draw calls: 5228 | Vertices: 4662406 | VRAM: 771.8 MB
Physics bodies: 314 | Collision pairs: 3722
===========================
⚡ FRAME SPIKE #699: 34.7 ms at 23.9s (Draw: 5205, Bodies: 314)
⚡ FRAME SPIKE #700: 39.0 ms at 24.0s (Draw: 5110, Bodies: 315)
⚡ FRAME SPIKE #701: 34.7 ms at 24.0s (Draw: 5124, Bodies: 315)
🚗 Traffic: 22 active NPCs (Near: 0, Mid: 5, Far: 17), 11 pooled
  → Physics bodies from NPCs: 22 (All: 22×1, было бы 22×5=110)

========== Bottleneck Analysis Report ==========
Time: 34.4s | Frames: 965

📊 PERFORMANCE OVERVIEW:
  FPS: 27.7 avg | 26.0 min
  Frame Time: 24.36 ms avg | 26.49 ms max
  Physics Time: 7.31 ms avg

🔍 BOTTLENECK IDENTIFICATION:
  🟠 [HIGH] Frame Time
      Value: 24.36 ms (target: 16.67 ms)
      Impact: Overall performance bottleneck
      Suggestions:
        • Reduce draw calls
        • Optimize scripts in _process()
        • Check for expensive operations per frame

  🟠 [HIGH] Draw Calls
      Value: 4805 calls/frame
      Impact: GPU rendering overhead
      Suggestions:
        • Batch meshes by material
        • Use MultiMeshInstance3D
        • Implement LOD system
        • Enable frustum culling

  🟠 [HIGH] Physics Bodies
      Value: 291 active bodies
      Impact: Physics engine load
      Suggestions:
        • Reduce NPC count
        • Convert distant NPCs to kinematic
        • Disable physics for far objects

  🟡 [MEDIUM] Physics Time
      Value: 7.31 ms
      Impact: Physics simulation overhead
      Suggestions:
        • Reduce number of active physics bodies
        • Simplify collision shapes
        • Disable physics for distant objects

  🟡 [MEDIUM] Vertex Count
      Value: 4389121 vertices/frame
      Impact: GPU vertex processing
      Suggestions:
        • Implement LOD for distant objects
        • Simplify building meshes
        • Use lower poly models

  🟡 [MEDIUM] Node Count
      Value: 20811 nodes
      Impact: Scene tree traversal overhead
      Suggestions:
        • Unload distant chunks
        • Pool and reuse nodes
        • Flatten hierarchy where possible

  🟡 [MEDIUM] Post-Processing Effects
      Value: SSAO, Glow/Bloom, Volumetric Fog
      Impact: GPU shader overhead
      Suggestions:
        • Reduce SSR quality
        • Disable SSAO on low-end hardware
        • Use simpler fog

📈 DETAILED STATS:
  Draw Calls: 4805 avg | 5304 max
  Vertices: 4389121 avg | 4666672 max
  Physics Bodies: 291
  Nodes: 20811
  VRAM: 772.2 MB

=================================================

⚡ FRAME SPIKE #702: 34.9 ms at 24.0s (Draw: 5125, Bodies: 316)
⚡ FRAME SPIKE #703: 34.7 ms at 24.1s (Draw: 5134, Bodies: 316)
⚡ FRAME SPIKE #704: 34.7 ms at 24.1s (Draw: 5137, Bodies: 315)
⚡ FRAME SPIKE #705: 34.7 ms at 24.1s (Draw: 5136, Bodies: 315)
⚡ FRAME SPIKE #706: 34.7 ms at 24.2s (Draw: 5145, Bodies: 315)
⚡ FRAME SPIKE #707: 34.7 ms at 24.2s (Draw: 5146, Bodies: 315)
⚡ FRAME SPIKE #708: 34.1 ms at 24.2s (Draw: 5196, Bodies: 316)
⚡ FRAME SPIKE #709: 33.3 ms at 24.3s (Draw: 5246, Bodies: 317)
OSM: Loading chunk -1,-4 at lat=59.1262, lon=37.8974
OSM: Loaded from cache: osm_v2_59.1262_37.8974_250.json
OSM: Loading chunk 0,-4 at lat=59.1262, lon=37.9026
OSM: Loaded from cache: osm_v2_59.1262_37.9026_250.json
OSM: Chunk -1,-4 data loaded
OSM: Found 12 POI nodes in chunk
POI_DEBUG: Found 'Муниципальное учреждение здравоохранения Стомотологическая п-ка №1. Протезирование' inside building at local (-317.5, -1042.1)
POI_DEBUG: Found 'Сбербанк' inside building at local (-151.6, -859.4)
BusinessSign: Found logo for 'сбербанк' -> res://textures/brand_logos/sberbank.png
BusinessSign: Found logo for 'сбербанк' -> res://textures/brand_logos/sberbank.png
OSM: Generated 49 roads, 50 buildings, 0 trees, 0 signs, 0 lamps, 21 intersections
OSM: Marked chunk '-1,-4' for road batch finalization
OSM: Post-initial chunk loaded, pending_lamps=234
OSM: _create_pending_lamps started, count=234
OSM: Created 141 lamps, skipped 93 (added to infrastructure queue)
OSM: Chunk 0,-4 data loaded
OSM: Found 9 POI nodes in chunk
OSM: Generated 21 roads, 15 buildings, 0 trees, 0 signs, 0 lamps, 12 intersections
OSM: Marked chunk '0,-4' for road batch finalization
OSM: Post-initial chunk loaded, pending_lamps=0
OSM: _create_pending_lamps started, count=0
OSM: No pending lamps
⚡ FRAME SPIKE #710: 116.7 ms at 24.3s (Draw: 5320, Bodies: 324)
OSM: DEBUG _add_road_to_batch - first road for chunk '-1,-4', parent.name='Chunk_-1,-4'
OSM: DEBUG _add_road_to_batch - first road for chunk '0,-4', parent.name='Chunk_0,-4'
⚡ FRAME SPIKE #711: 89.5 ms at 24.4s (Draw: 5372, Bodies: 322)
⚡ FRAME SPIKE #712: 67.7 ms at 24.5s (Draw: 5394, Bodies: 321)
⚠️ SLOW FRAME 10.8ms: building=0.5 road=1.8 terrain=7.3 infra=1.2 veg=0.0 curb=0.0ms
⚡ FRAME SPIKE #713: 59.5 ms at 24.6s (Draw: 5384, Bodies: 321)
🔴 FREEZE: road collision shape creation took 5.7 ms for chunk -1,-4 (type: residential)
OSM: ✅ Finalized road batch -1,-4/residential: 2272 vertices, 2226 triangles, material: <ImageTexture#-9223371972648368119>
OSM: ✅ Finalized road batch -1,-4/path: 1590 vertices, 1538 triangles, material: <ImageTexture#-9223371972547704822>
⚠️ SLOW: road batch finalization took 10.1 ms for chunk -1,-4
⚠️ SLOW FRAME 13.0ms: building=0.5 road=10.2 terrain=1.2 infra=1.2 veg=0.0 curb=0.0ms
⚡ FRAME SPIKE #714: 52.9 ms at 24.6s (Draw: 5343, Bodies: 321)
🔴 FREEZE: road collision shape creation took 6.3 ms for chunk 0,-4 (type: residential)
OSM: ✅ Finalized road batch 0,-4/residential: 1086 vertices, 1060 triangles, material: <ImageTexture#-9223371972648368119>
OSM: ✅ Finalized road batch 0,-4/path: 414 vertices, 400 triangles, material: <ImageTexture#-9223371972547704822>
OSM: ✅ Finalized road batch 0,-4/primary: 108 vertices, 106 triangles, material: <ImageTexture#-9223371972749031416>
⚠️ SLOW: road batch finalization took 9.9 ms for chunk 0,-4
⚠️ SLOW FRAME 11.7ms: building=0.4 road=9.9 terrain=0.9 infra=0.4 veg=0.0 curb=0.0ms
⚡ FRAME SPIKE #715: 58.3 ms at 24.7s (Draw: 5355, Bodies: 322)
⚠️ SLOW FRAME 16.8ms: building=0.4 road=1.2 terrain=13.9 infra=1.2 veg=0.0 curb=0.0ms
⚡ FRAME SPIKE #716: 57.0 ms at 24.7s (Draw: 5359, Bodies: 322)
OSM: Unloaded chunk -2,1
⚡ FRAME SPIKE #717: 54.2 ms at 24.8s (Draw: 5347, Bodies: 320)
⚡ FRAME SPIKE #718: 43.3 ms at 24.9s (Draw: 5328, Bodies: 320)
⚠️ SLOW FRAME 10.8ms: building=0.4 road=0.8 terrain=8.6 infra=0.5 veg=0.0 curb=0.4ms
⚡ FRAME SPIKE #719: 43.7 ms at 24.9s (Draw: 5343, Bodies: 321)
⚡ FRAME SPIKE #720: 40.7 ms at 24.9s (Draw: 5355, Bodies: 322)
⚠️ SLOW FRAME 16.5ms: building=0.5 road=1.1 terrain=14.2 infra=0.5 veg=0.0 curb=0.3ms
⚡ FRAME SPIKE #721: 50.0 ms at 25.0s (Draw: 5369, Bodies: 322)
⚡ FRAME SPIKE #722: 43.9 ms at 25.0s (Draw: 5373, Bodies: 321)
⚡ FRAME SPIKE #723: 34.3 ms at 25.1s (Draw: 5411, Bodies: 322)
⚡ FRAME SPIKE #724: 35.8 ms at 25.1s (Draw: 5401, Bodies: 322)
⚡ FRAME SPIKE #725: 35.5 ms at 25.2s (Draw: 5362, Bodies: 322)
⚡ FRAME SPIKE #726: 34.6 ms at 25.2s (Draw: 5381, Bodies: 323)
⚡ FRAME SPIKE #727: 36.7 ms at 25.2s (Draw: 5388, Bodies: 323)
⚡ FRAME SPIKE #728: 37.4 ms at 25.3s (Draw: 5366, Bodies: 324)
⚡ FRAME SPIKE #729: 34.2 ms at 25.3s (Draw: 5342, Bodies: 324)
⚡ FRAME SPIKE #730: 35.5 ms at 25.3s (Draw: 5297, Bodies: 324)
⚡ FRAME SPIKE #731: 33.8 ms at 25.4s (Draw: 5269, Bodies: 325)
⚡ FRAME SPIKE #732: 34.3 ms at 25.4s (Draw: 5283, Bodies: 326)
⚡ FRAME SPIKE #733: 33.9 ms at 25.4s (Draw: 5286, Bodies: 327)
⚡ FRAME SPIKE #734: 35.1 ms at 25.5s (Draw: 5292, Bodies: 327)
⚡ FRAME SPIKE #735: 35.2 ms at 25.5s (Draw: 5308, Bodies: 327)
⚡ FRAME SPIKE #736: 35.2 ms at 25.5s (Draw: 5313, Bodies: 327)
⚡ FRAME SPIKE #737: 35.2 ms at 25.6s (Draw: 5332, Bodies: 327)
⚡ FRAME SPIKE #738: 35.2 ms at 25.6s (Draw: 5359, Bodies: 327)
⚡ FRAME SPIKE #739: 35.2 ms at 25.6s (Draw: 5373, Bodies: 327)
⚡ FRAME SPIKE #740: 35.2 ms at 25.7s (Draw: 5390, Bodies: 328)
⚡ FRAME SPIKE #741: 35.2 ms at 25.7s (Draw: 5387, Bodies: 329)
⚡ FRAME SPIKE #742: 35.2 ms at 25.7s (Draw: 5400, Bodies: 329)
⚡ FRAME SPIKE #743: 35.2 ms at 25.8s (Draw: 5401, Bodies: 329)
⚡ FRAME SPIKE #744: 35.2 ms at 25.8s (Draw: 5395, Bodies: 329)
⚡ FRAME SPIKE #745: 35.2 ms at 25.9s (Draw: 5408, Bodies: 330)
⚡ FRAME SPIKE #746: 35.2 ms at 25.9s (Draw: 5408, Bodies: 330)
⚡ FRAME SPIKE #747: 35.4 ms at 25.9s (Draw: 5500, Bodies: 330)
⚡ FRAME SPIKE #748: 35.4 ms at 26.0s (Draw: 5501, Bodies: 331)
⚡ FRAME SPIKE #749: 35.4 ms at 26.0s (Draw: 5499, Bodies: 330)
🚗 Traffic: 8 active NPCs (Near: 0, Mid: 4, Far: 4), 25 pooled
  → Physics bodies from NPCs: 8 (All: 8×1, было бы 8×5=40)

========== Bottleneck Analysis Report ==========
Time: 36.4s | Frames: 1013

📊 PERFORMANCE OVERVIEW:
  FPS: 27.1 avg | 23.0 min
  Frame Time: 40.90 ms avg | 98.61 ms max
  Physics Time: 7.11 ms avg

🔍 BOTTLENECK IDENTIFICATION:
  🔴 [CRITICAL] Frame Time
      Value: 40.90 ms (target: 16.67 ms)
      Impact: Overall performance bottleneck
      Suggestions:
        • Reduce draw calls
        • Optimize scripts in _process()
        • Check for expensive operations per frame

  🟠 [HIGH] Draw Calls
      Value: 5131 calls/frame
      Impact: GPU rendering overhead
      Suggestions:
        • Batch meshes by material
        • Use MultiMeshInstance3D
        • Implement LOD system
        • Enable frustum culling

  🟠 [HIGH] Physics Bodies
      Value: 307 active bodies
      Impact: Physics engine load
      Suggestions:
        • Reduce NPC count
        • Convert distant NPCs to kinematic
        • Disable physics for far objects

  🟡 [MEDIUM] Physics Time
      Value: 7.11 ms
      Impact: Physics simulation overhead
      Suggestions:
        • Reduce number of active physics bodies
        • Simplify collision shapes
        • Disable physics for distant objects

  🟡 [MEDIUM] Vertex Count
      Value: 4672846 vertices/frame
      Impact: GPU vertex processing
      Suggestions:
        • Implement LOD for distant objects
        • Simplify building meshes
        • Use lower poly models

  🟡 [MEDIUM] Node Count
      Value: 23027 nodes
      Impact: Scene tree traversal overhead
      Suggestions:
        • Unload distant chunks
        • Pool and reuse nodes
        • Flatten hierarchy where possible

  🟡 [MEDIUM] Post-Processing Effects
      Value: SSAO, Glow/Bloom, Volumetric Fog
      Impact: GPU shader overhead
      Suggestions:
        • Reduce SSR quality
        • Disable SSAO on low-end hardware
        • Use simpler fog

📈 DETAILED STATS:
  Draw Calls: 5131 avg | 5501 max
  Vertices: 4672846 avg | 4976801 max
  Physics Bodies: 307
  Nodes: 23027
  VRAM: 776.7 MB

=================================================

⚡ FRAME SPIKE #750: 35.4 ms at 26.0s (Draw: 5393, Bodies: 329)
⚡ FRAME SPIKE #751: 35.4 ms at 26.1s (Draw: 5315, Bodies: 329)
⚡ FRAME SPIKE #752: 35.4 ms at 26.1s (Draw: 5286, Bodies: 329)
⚡ FRAME SPIKE #753: 35.4 ms at 26.1s (Draw: 5277, Bodies: 330)
⚡ FRAME SPIKE #754: 35.4 ms at 26.2s (Draw: 5281, Bodies: 331)
⚡ FRAME SPIKE #755: 35.2 ms at 26.2s (Draw: 5277, Bodies: 331)
⚡ FRAME SPIKE #756: 35.2 ms at 26.2s (Draw: 5268, Bodies: 332)
⚡ FRAME SPIKE #757: 35.2 ms at 26.3s (Draw: 5260, Bodies: 333)
⚡ FRAME SPIKE #758: 35.2 ms at 26.3s (Draw: 5259, Bodies: 334)
⚡ FRAME SPIKE #759: 35.2 ms at 26.3s (Draw: 5267, Bodies: 334)
OSM: 🌙 NIGHT Window batch 0,-4 | night_mgr: CACHED | is_night value: true
OSM: ✅ Finalized window batch 0,-4: 2132 windows (was 2132 draw calls before batching)
⚡ FRAME SPIKE #760: 35.2 ms at 26.4s (Draw: 5284, Bodies: 334)
OSM: 🌙 NIGHT Window batch -1,-4 | night_mgr: CACHED | is_night value: true
OSM: ✅ Finalized window batch -1,-4: 6171 windows (was 6171 draw calls before batching)
⚡ FRAME SPIKE #761: 35.2 ms at 26.4s (Draw: 5306, Bodies: 334)
⚡ FRAME SPIKE #762: 35.2 ms at 26.5s (Draw: 5323, Bodies: 334)
⚡ FRAME SPIKE #763: 34.8 ms at 26.5s (Draw: 5324, Bodies: 334)
⚡ FRAME SPIKE #764: 32.9 ms at 26.5s (Draw: 5293, Bodies: 334)
⚡ FRAME SPIKE #765: 33.9 ms at 26.6s (Draw: 5254, Bodies: 335)
⚡ FRAME SPIKE #766: 30.8 ms at 26.6s (Draw: 5229, Bodies: 336)
⚡ FRAME SPIKE #767: 32.3 ms at 26.6s (Draw: 5238, Bodies: 336)
⚡ FRAME SPIKE #768: 31.8 ms at 26.7s (Draw: 5234, Bodies: 337)
⚡ FRAME SPIKE #769: 26.6 ms at 26.7s (Draw: 5223, Bodies: 338)
⚡ FRAME SPIKE #770: 32.1 ms at 26.7s (Draw: 5199, Bodies: 339)
⚡ FRAME SPIKE #771: 31.8 ms at 26.7s (Draw: 5188, Bodies: 339)
⚡ FRAME SPIKE #772: 32.0 ms at 26.8s (Draw: 5135, Bodies: 339)
⚡ FRAME SPIKE #773: 31.8 ms at 26.8s (Draw: 5135, Bodies: 340)
⚡ FRAME SPIKE #774: 31.8 ms at 26.8s (Draw: 5134, Bodies: 340)
⚡ FRAME SPIKE #775: 31.0 ms at 26.9s (Draw: 5166, Bodies: 341)
⚡ FRAME SPIKE #776: 27.1 ms at 26.9s (Draw: 5179, Bodies: 342)
⚡ FRAME SPIKE #777: 31.0 ms at 26.9s (Draw: 5189, Bodies: 342)
⚡ FRAME SPIKE #778: 31.0 ms at 27.0s (Draw: 5131, Bodies: 343)
⚡ FRAME SPIKE #779: 31.0 ms at 27.0s (Draw: 5286, Bodies: 343)
⚡ FRAME SPIKE #780: 31.0 ms at 27.0s (Draw: 5383, Bodies: 344)
⚡ FRAME SPIKE #781: 33.3 ms at 27.1s (Draw: 5424, Bodies: 345)
⚡ FRAME SPIKE #782: 31.0 ms at 27.1s (Draw: 5455, Bodies: 346)
⚡ FRAME SPIKE #783: 31.0 ms at 27.1s (Draw: 5476, Bodies: 347)
⚡ FRAME SPIKE #784: 31.0 ms at 27.1s (Draw: 5493, Bodies: 348)
⚡ FRAME SPIKE #785: 31.0 ms at 27.2s (Draw: 5504, Bodies: 349)
⚡ FRAME SPIKE #786: 31.0 ms at 27.2s (Draw: 5511, Bodies: 350)
⚡ FRAME SPIKE #787: 31.0 ms at 27.2s (Draw: 5501, Bodies: 350)
⚡ FRAME SPIKE #788: 31.0 ms at 27.3s (Draw: 5532, Bodies: 350)
⚡ FRAME SPIKE #789: 31.0 ms at 27.3s (Draw: 5628, Bodies: 350)
⚡ FRAME SPIKE #790: 30.0 ms at 27.3s (Draw: 5641, Bodies: 350)
⚡ FRAME SPIKE #791: 31.0 ms at 27.4s (Draw: 5646, Bodies: 350)
⚡ FRAME SPIKE #792: 31.0 ms at 27.4s (Draw: 5676, Bodies: 350)
⚡ FRAME SPIKE #793: 31.0 ms at 27.4s (Draw: 5694, Bodies: 350)
⚡ FRAME SPIKE #794: 31.0 ms at 27.5s (Draw: 5717, Bodies: 350)
⚡ FRAME SPIKE #795: 31.9 ms at 27.5s (Draw: 5697, Bodies: 350)
⚡ FRAME SPIKE #796: 31.0 ms at 27.5s (Draw: 5696, Bodies: 350)
⚡ FRAME SPIKE #797: 29.3 ms at 27.6s (Draw: 5712, Bodies: 350)
⚡ FRAME SPIKE #798: 31.0 ms at 27.6s (Draw: 5961, Bodies: 351)
⚡ FRAME SPIKE #799: 31.0 ms at 27.6s (Draw: 5946, Bodies: 351)
⚡ FRAME SPIKE #800: 31.0 ms at 27.6s (Draw: 5930, Bodies: 351)
⚡ FRAME SPIKE #801: 31.0 ms at 27.7s (Draw: 5899, Bodies: 351)
⚡ FRAME SPIKE #802: 32.6 ms at 27.7s (Draw: 5896, Bodies: 351)
⚡ FRAME SPIKE #803: 31.2 ms at 27.7s (Draw: 5858, Bodies: 351)
⚡ FRAME SPIKE #804: 31.0 ms at 27.8s (Draw: 5844, Bodies: 351)
⚡ FRAME SPIKE #805: 31.0 ms at 27.8s (Draw: 5837, Bodies: 351)
⚡ FRAME SPIKE #806: 31.0 ms at 27.8s (Draw: 5826, Bodies: 351)
⚡ FRAME SPIKE #807: 31.2 ms at 27.9s (Draw: 5835, Bodies: 351)
⚡ FRAME SPIKE #808: 31.2 ms at 27.9s (Draw: 5844, Bodies: 351)
⚡ FRAME SPIKE #809: 31.2 ms at 27.9s (Draw: 5857, Bodies: 351)
⚡ FRAME SPIKE #810: 32.1 ms at 28.0s (Draw: 5871, Bodies: 351)
⚡ FRAME SPIKE #811: 31.2 ms at 28.0s (Draw: 5866, Bodies: 351)
⚡ FRAME SPIKE #812: 33.6 ms at 28.0s (Draw: 5867, Bodies: 351)
🚗 Traffic: 9 active NPCs (Near: 0, Mid: 5, Far: 4), 24 pooled
  → Physics bodies from NPCs: 9 (All: 9×1, было бы 9×5=45)

========== Bottleneck Analysis Report ==========
Time: 38.5s | Frames: 1076

📊 PERFORMANCE OVERVIEW:
  FPS: 27.1 avg | 23.0 min
  Frame Time: 43.78 ms avg | 98.61 ms max
  Physics Time: 6.95 ms avg

🔍 BOTTLENECK IDENTIFICATION:
  🔴 [CRITICAL] Frame Time
      Value: 43.78 ms (target: 16.67 ms)
      Impact: Overall performance bottleneck
      Suggestions:
        • Reduce draw calls
        • Optimize scripts in _process()
        • Check for expensive operations per frame

  🟠 [HIGH] Draw Calls
      Value: 5406 calls/frame
      Impact: GPU rendering overhead
      Suggestions:
        • Batch meshes by material
        • Use MultiMeshInstance3D
        • Implement LOD system
        • Enable frustum culling

  🟠 [HIGH] Physics Bodies
      Value: 333 active bodies
      Impact: Physics engine load
      Suggestions:
        • Reduce NPC count
        • Convert distant NPCs to kinematic
        • Disable physics for far objects

  🟡 [MEDIUM] Physics Time
      Value: 6.95 ms
      Impact: Physics simulation overhead
      Suggestions:
        • Reduce number of active physics bodies
        • Simplify collision shapes
        • Disable physics for distant objects

  🟡 [MEDIUM] Vertex Count
      Value: 4999025 vertices/frame
      Impact: GPU vertex processing
      Suggestions:
        • Implement LOD for distant objects
        • Simplify building meshes
        • Use lower poly models

  🟡 [MEDIUM] Node Count
      Value: 23283 nodes
      Impact: Scene tree traversal overhead
      Suggestions:
        • Unload distant chunks
        • Pool and reuse nodes
        • Flatten hierarchy where possible

  🟡 [MEDIUM] Post-Processing Effects
      Value: SSAO, Glow/Bloom, Volumetric Fog
      Impact: GPU shader overhead
      Suggestions:
        • Reduce SSR quality
        • Disable SSAO on low-end hardware
        • Use simpler fog

📈 DETAILED STATS:
  Draw Calls: 5406 avg | 5961 max
  Vertices: 4999025 avg | 5571137 max
  Physics Bodies: 333
  Nodes: 23283
  VRAM: 779.8 MB

=================================================

⚡ FRAME SPIKE #813: 33.4 ms at 28.1s (Draw: 5850, Bodies: 351)
⚡ FRAME SPIKE #814: 32.0 ms at 28.1s (Draw: 5852, Bodies: 351)
⚡ FRAME SPIKE #815: 32.3 ms at 28.1s (Draw: 5843, Bodies: 351)
⚡ FRAME SPIKE #816: 31.8 ms at 28.1s (Draw: 5847, Bodies: 350)
⚡ FRAME SPIKE #817: 31.5 ms at 28.2s (Draw: 5845, Bodies: 350)
⚡ FRAME SPIKE #818: 31.9 ms at 28.2s (Draw: 5830, Bodies: 350)
⚡ FRAME SPIKE #819: 32.3 ms at 28.2s (Draw: 5831, Bodies: 350)
⚡ FRAME SPIKE #820: 31.7 ms at 28.3s (Draw: 5838, Bodies: 350)
⚡ FRAME SPIKE #821: 31.8 ms at 28.3s (Draw: 5840, Bodies: 350)
⚡ FRAME SPIKE #822: 31.9 ms at 28.3s (Draw: 5829, Bodies: 350)
⚡ FRAME SPIKE #823: 31.3 ms at 28.4s (Draw: 5816, Bodies: 350)
⚡ FRAME SPIKE #824: 31.9 ms at 28.4s (Draw: 5809, Bodies: 350)
⚡ FRAME SPIKE #825: 31.9 ms at 28.4s (Draw: 5780, Bodies: 350)
⚡ FRAME SPIKE #826: 31.9 ms at 28.5s (Draw: 5781, Bodies: 350)
⚡ FRAME SPIKE #827: 31.9 ms at 28.5s (Draw: 5793, Bodies: 350)
⚡ FRAME SPIKE #828: 31.9 ms at 28.5s (Draw: 5810, Bodies: 350)
⚡ FRAME SPIKE #829: 31.9 ms at 28.6s (Draw: 5798, Bodies: 350)
⚡ FRAME SPIKE #830: 31.9 ms at 28.6s (Draw: 6086, Bodies: 353)
⚡ FRAME SPIKE #831: 31.9 ms at 28.6s (Draw: 6090, Bodies: 353)
⚡ FRAME SPIKE #832: 31.9 ms at 28.7s (Draw: 6085, Bodies: 353)
⚡ FRAME SPIKE #833: 33.0 ms at 28.7s (Draw: 6083, Bodies: 353)
⚡ FRAME SPIKE #834: 34.4 ms at 28.7s (Draw: 6080, Bodies: 353)
⚡ FRAME SPIKE #835: 34.0 ms at 28.8s (Draw: 6080, Bodies: 353)
⚡ FRAME SPIKE #836: 34.1 ms at 28.8s (Draw: 6073, Bodies: 352)
⚡ FRAME SPIKE #837: 33.3 ms at 28.8s (Draw: 6072, Bodies: 352)
⚡ FRAME SPIKE #838: 33.3 ms at 28.9s (Draw: 6068, Bodies: 352)
⚡ FRAME SPIKE #839: 33.3 ms at 28.9s (Draw: 6071, Bodies: 352)

=== PERFORMANCE METRICS ===
FPS: 31 | Frame: 36.4 ms (max 126.4) | Physics: 16.6 ms (max 104.6)
Godot Process: 30.07 ms | Physics: 6.04 ms
Objects: 55107 | Nodes: 23283 | Resources: 538
Draw calls: 6071 | Vertices: 5214578 | VRAM: 779.8 MB
Physics bodies: 352 | Collision pairs: 4223
--- System Times ---
  road_batch_finalize_total_-1,-1: 37.99 ms (max 37.99)
  road_batch_finalize_total_-1,-2: 5.72 ms (max 5.72)
  road_batch_finalize_total_-1,-3: 9.52 ms (max 9.52)
  road_batch_finalize_total_-1,-4: 10.14 ms (max 10.14)
  road_batch_finalize_total_-1,0: 15.24 ms (max 15.24)
  road_batch_finalize_total_-2,-1: 20.82 ms (max 20.82)
  road_batch_finalize_total_-2,-2: 18.79 ms (max 18.79)
  road_batch_finalize_total_-2,-3: 15.34 ms (max 15.34)
  road_batch_finalize_total_-2,0: 20.92 ms (max 20.92)
  road_batch_finalize_total_0,-1: 26.87 ms (max 26.87)
  road_batch_finalize_total_0,-2: 24.63 ms (max 24.63)
  road_batch_finalize_total_0,-3: 10.80 ms (max 10.80)
  road_batch_finalize_total_0,-4: 9.87 ms (max 9.87)
  road_batch_finalize_total_0,0: 24.82 ms (max 24.82)
  road_batch_finalize_total_0,1: 20.95 ms (max 20.95)
  road_batch_finalize_total_1,-1: 13.26 ms (max 13.26)
  road_batch_finalize_total_1,-2: 29.74 ms (max 29.74)
  road_batch_finalize_total_1,-3: 19.52 ms (max 19.52)
  road_batch_finalize_total_1,0: 12.47 ms (max 12.47)
  road_collision_create_-1,-1: 12.40 ms (max 30.21)
  road_collision_create_-1,-2: 2.67 ms (max 3.38)
  road_collision_create_-1,-3: 2.88 ms (max 5.48)
  road_collision_create_-1,-4: 4.69 ms (max 5.66)
  road_collision_create_-1,0: 7.39 ms (max 12.66)
  road_collision_create_-2,-1: 6.73 ms (max 15.12)
  road_collision_create_-2,-2: 9.17 ms (max 16.47)
  road_collision_create_-2,-3: 4.80 ms (max 10.47)
  road_collision_create_-2,0: 10.23 ms (max 17.11)
  road_collision_create_0,-1: 8.72 ms (max 20.84)
  road_collision_create_0,-2: 7.97 ms (max 17.50)
  road_collision_create_0,-3: 3.25 ms (max 4.54)
  road_collision_create_0,-4: 3.06 ms (max 6.25)
  road_collision_create_0,0: 8.07 ms (max 21.14)
  road_collision_create_0,1: 20.70 ms (max 20.70)
  road_collision_create_1,-1: 4.24 ms (max 9.37)
  road_collision_create_1,-2: 14.62 ms (max 26.58)
  road_collision_create_1,-3: 6.21 ms (max 14.58)
  road_collision_create_1,0: 12.21 ms (max 12.21)
===========================

=== PERFORMANCE METRICS ===
FPS: 31 | Frame: 36.4 ms (max 126.4) | Physics: 16.6 ms (max 104.9)
Godot Process: 30.07 ms | Physics: 6.04 ms
Objects: 55107 | Nodes: 23283 | Resources: 538
Draw calls: 6071 | Vertices: 5214578 | VRAM: 779.8 MB
Physics bodies: 352 | Collision pairs: 4223
===========================
⚡ FRAME SPIKE #840: 33.3 ms at 28.9s (Draw: 6073, Bodies: 352)
⚡ FRAME SPIKE #841: 33.3 ms at 29.0s (Draw: 6067, Bodies: 352)
⚡ FRAME SPIKE #842: 33.3 ms at 29.0s (Draw: 6066, Bodies: 352)
⚡ FRAME SPIKE #843: 33.3 ms at 29.0s (Draw: 6069, Bodies: 352)
⚡ FRAME SPIKE #844: 33.3 ms at 29.1s (Draw: 6070, Bodies: 352)
⚡ FRAME SPIKE #845: 33.3 ms at 29.1s (Draw: 6080, Bodies: 352)
⚡ FRAME SPIKE #846: 33.3 ms at 29.1s (Draw: 6081, Bodies: 352)
⚡ FRAME SPIKE #847: 33.3 ms at 29.2s (Draw: 6083, Bodies: 352)
⚡ FRAME SPIKE #848: 33.3 ms at 29.2s (Draw: 6094, Bodies: 352)
⚡ FRAME SPIKE #849: 33.3 ms at 29.2s (Draw: 6106, Bodies: 352)
⚡ FRAME SPIKE #850: 33.3 ms at 29.3s (Draw: 6087, Bodies: 352)
⚡ FRAME SPIKE #851: 33.3 ms at 29.3s (Draw: 6105, Bodies: 352)
⚡ FRAME SPIKE #852: 33.3 ms at 29.3s (Draw: 6110, Bodies: 352)
⚡ FRAME SPIKE #853: 33.3 ms at 29.4s (Draw: 6125, Bodies: 352)
⚡ FRAME SPIKE #854: 33.3 ms at 29.4s (Draw: 6142, Bodies: 352)
⚡ FRAME SPIKE #855: 33.3 ms at 29.4s (Draw: 6133, Bodies: 352)
⚡ FRAME SPIKE #856: 33.3 ms at 29.5s (Draw: 6150, Bodies: 352)
⚡ FRAME SPIKE #857: 33.3 ms at 29.5s (Draw: 6149, Bodies: 352)
⚡ FRAME SPIKE #858: 33.3 ms at 29.5s (Draw: 6138, Bodies: 352)
⚡ FRAME SPIKE #859: 33.3 ms at 29.6s (Draw: 6138, Bodies: 352)
⚡ FRAME SPIKE #860: 33.3 ms at 29.6s (Draw: 6134, Bodies: 352)
⚡ FRAME SPIKE #861: 33.3 ms at 29.6s (Draw: 6162, Bodies: 354)
⚡ FRAME SPIKE #862: 33.5 ms at 29.7s (Draw: 6168, Bodies: 354)
⚡ FRAME SPIKE #863: 34.1 ms at 29.7s (Draw: 6167, Bodies: 354)
⚡ FRAME SPIKE #864: 34.0 ms at 29.7s (Draw: 6161, Bodies: 354)
⚡ FRAME SPIKE #865: 33.4 ms at 29.8s (Draw: 6152, Bodies: 354)
⚡ FRAME SPIKE #866: 33.3 ms at 29.8s (Draw: 6147, Bodies: 354)
⚡ FRAME SPIKE #867: 33.3 ms at 29.8s (Draw: 6149, Bodies: 354)
⚡ FRAME SPIKE #868: 34.5 ms at 29.9s (Draw: 6141, Bodies: 354)
⚡ FRAME SPIKE #869: 33.8 ms at 29.9s (Draw: 6151, Bodies: 354)
⚡ FRAME SPIKE #870: 33.6 ms at 29.9s (Draw: 6136, Bodies: 354)
⚡ FRAME SPIKE #871: 34.7 ms at 30.0s (Draw: 6141, Bodies: 354)
⚡ FRAME SPIKE #872: 33.8 ms at 30.0s (Draw: 6137, Bodies: 354)
⚡ FRAME SPIKE #873: 33.3 ms at 30.0s (Draw: 6142, Bodies: 354)
🚗 Traffic: 12 active NPCs (Near: 0, Mid: 9, Far: 3), 21 pooled
  → Physics bodies from NPCs: 12 (All: 12×1, было бы 12×5=60)

========== Bottleneck Analysis Report ==========
Time: 40.5s | Frames: 1137

📊 PERFORMANCE OVERVIEW:
  FPS: 29.9 avg | 25.0 min
  Frame Time: 27.77 ms avg | 38.20 ms max
  Physics Time: 6.57 ms avg

🔍 BOTTLENECK IDENTIFICATION:
  🟠 [HIGH] Frame Time
      Value: 27.77 ms (target: 16.67 ms)
      Impact: Overall performance bottleneck
      Suggestions:
        • Reduce draw calls
        • Optimize scripts in _process()
        • Check for expensive operations per frame

  🟠 [HIGH] Draw Calls
      Value: 5770 calls/frame
      Impact: GPU rendering overhead
      Suggestions:
        • Batch meshes by material
        • Use MultiMeshInstance3D
        • Implement LOD system
        • Enable frustum culling

  🟠 [HIGH] Physics Bodies
      Value: 348 active bodies
      Impact: Physics engine load
      Suggestions:
        • Reduce NPC count
        • Convert distant NPCs to kinematic
        • Disable physics for far objects

  🟡 [MEDIUM] Physics Time
      Value: 6.57 ms
      Impact: Physics simulation overhead
      Suggestions:
        • Reduce number of active physics bodies
        • Simplify collision shapes
        • Disable physics for distant objects

  🟡 [MEDIUM] Vertex Count
      Value: 5223767 vertices/frame
      Impact: GPU vertex processing
      Suggestions:
        • Implement LOD for distant objects
        • Simplify building meshes
        • Use lower poly models

  🟡 [MEDIUM] Node Count
      Value: 23283 nodes
      Impact: Scene tree traversal overhead
      Suggestions:
        • Unload distant chunks
        • Pool and reuse nodes
        • Flatten hierarchy where possible

  🟡 [MEDIUM] Post-Processing Effects
      Value: SSAO, Glow/Bloom, Volumetric Fog
      Impact: GPU shader overhead
      Suggestions:
        • Reduce SSR quality
        • Disable SSAO on low-end hardware
        • Use simpler fog

📈 DETAILED STATS:
  Draw Calls: 5770 avg | 6168 max
  Vertices: 5223767 avg | 5571137 max
  Physics Bodies: 348
  Nodes: 23283
  VRAM: 779.8 MB

=================================================

⚡ FRAME SPIKE #874: 33.9 ms at 30.1s (Draw: 6160, Bodies: 354)
⚡ FRAME SPIKE #875: 33.9 ms at 30.1s (Draw: 6168, Bodies: 354)
⚡ FRAME SPIKE #876: 34.6 ms at 30.1s (Draw: 6175, Bodies: 354)
⚡ FRAME SPIKE #877: 33.5 ms at 30.2s (Draw: 6189, Bodies: 354)
⚡ FRAME SPIKE #878: 33.4 ms at 30.2s (Draw: 6190, Bodies: 354)
⚡ FRAME SPIKE #879: 35.6 ms at 30.2s (Draw: 6190, Bodies: 354)
⚡ FRAME SPIKE #880: 39.3 ms at 30.3s (Draw: 6195, Bodies: 354)
⚡ FRAME SPIKE #881: 34.7 ms at 30.3s (Draw: 6166, Bodies: 354)
⚡ FRAME SPIKE #882: 34.7 ms at 30.3s (Draw: 6136, Bodies: 354)
⚡ FRAME SPIKE #883: 34.7 ms at 30.4s (Draw: 6093, Bodies: 354)
⚡ FRAME SPIKE #884: 34.7 ms at 30.4s (Draw: 6054, Bodies: 354)
⚡ FRAME SPIKE #885: 34.7 ms at 30.4s (Draw: 6009, Bodies: 354)
⚡ FRAME SPIKE #886: 34.7 ms at 30.5s (Draw: 5981, Bodies: 354)
⚡ FRAME SPIKE #887: 34.7 ms at 30.5s (Draw: 5982, Bodies: 354)
OSM: Loading chunk 1,-4 at lat=59.1262, lon=37.9079
OSM: Loaded from cache: osm_v2_59.1262_37.9079_250.json
OSM: Chunk 1,-4 data loaded
OSM: Found 23 POI nodes in chunk
POI_DEBUG: Found 'Барбершоп Borodach' inside building at local (598.1, -1152.7)
POI_DEBUG: Found 'Laparet' inside building at local (515.0, -1168.2)
POI_DEBUG: Found 'Буквоед' inside building at local (439.2, -1181.7)
POI_DEBUG: Found 'Эдельвейс' inside building at local (364.3, -1199.0)
POI_DEBUG: Found 'Совкомбанк' inside building at local (328.8, -1220.7)
POI_DEBUG: Found 'Теплэко' inside building at local (458.7, -1132.0)
POI_DEBUG: Found 'Роскедр' inside building at local (472.2, -1125.1)
POI_DEBUG: Found 'Ozon' inside building at local (549.4, -1105.1)
BusinessSign: Found logo for 'ozon' -> res://textures/brand_logos/ozon.png
POI_DEBUG: Found 'Академия слуха' inside building at local (369.2, -911.4)
POI_DEBUG: Found 'Лабиринт' inside building at local (380.4, -997.8)
POI_DEBUG: Found 'Управдом' inside building at local (387.6, -1001.8)
POI_DEBUG: Found 'ИнжЭкон' inside building at local (480.2, -1020.0)
OSM: Generated 56 roads, 21 buildings, 0 trees, 0 signs, 0 lamps, 33 intersections
OSM: Marked chunk '1,-4' for road batch finalization
OSM: Post-initial chunk loaded, pending_lamps=24
OSM: _create_pending_lamps started, count=24
OSM: Created 19 lamps, skipped 5 (added to infrastructure queue)
⚡ FRAME SPIKE #888: 81.9 ms at 30.6s (Draw: 6095, Bodies: 355)
OSM: DEBUG _add_road_to_batch - first road for chunk '1,-4', parent.name='Chunk_1,-4'
⚡ FRAME SPIKE #889: 70.5 ms at 30.6s (Draw: 6209, Bodies: 357)
⚡ FRAME SPIKE #890: 65.2 ms at 30.7s (Draw: 6209, Bodies: 357)
⚡ FRAME SPIKE #891: 60.5 ms at 30.8s (Draw: 6226, Bodies: 357)
⚡ FRAME SPIKE #892: 41.0 ms at 30.8s (Draw: 6219, Bodies: 357)
⚡ FRAME SPIKE #893: 54.2 ms at 30.9s (Draw: 6180, Bodies: 358)
OSM: ✅ Finalized road batch 1,-4/path: 1222 vertices, 1190 triangles, material: <ImageTexture#-9223371972547704822>
OSM: ✅ Finalized road batch 1,-4/primary: 446 vertices, 432 triangles, material: <ImageTexture#-9223371972749031416>
OSM: ✅ Finalized road batch 1,-4/residential: 2004 vertices, 1938 triangles, material: <ImageTexture#-9223371972648368119>
⚠️ SLOW: road batch finalization took 9.7 ms for chunk 1,-4
⚠️ SLOW FRAME 10.8ms: building=0.4 road=9.8 terrain=0.3 infra=0.4 veg=0.0 curb=0.0ms
⚡ FRAME SPIKE #894: 53.3 ms at 30.9s (Draw: 6112, Bodies: 359)
⚠️ SLOW FRAME 19.2ms: building=0.4 road=1.2 terrain=1.5 infra=1.1 veg=15.0 curb=0.0ms
⚡ FRAME SPIKE #895: 57.7 ms at 31.0s (Draw: 5998, Bodies: 359)
⚡ FRAME SPIKE #896: 53.3 ms at 31.0s (Draw: 5992, Bodies: 359)
⚡ FRAME SPIKE #897: 43.9 ms at 31.1s (Draw: 5997, Bodies: 360)
⚡ FRAME SPIKE #898: 37.1 ms at 31.1s (Draw: 6002, Bodies: 361)
⚡ FRAME SPIKE #899: 41.7 ms at 31.2s (Draw: 5992, Bodies: 361)
⚡ FRAME SPIKE #900: 39.8 ms at 31.2s (Draw: 5991, Bodies: 361)
⚡ FRAME SPIKE #901: 35.9 ms at 31.3s (Draw: 5998, Bodies: 362)
⚡ FRAME SPIKE #902: 40.5 ms at 31.3s (Draw: 5997, Bodies: 362)
⚡ FRAME SPIKE #903: 41.2 ms at 31.3s (Draw: 6010, Bodies: 362)
⚡ FRAME SPIKE #904: 40.7 ms at 31.4s (Draw: 6018, Bodies: 363)
⚡ FRAME SPIKE #905: 39.9 ms at 31.4s (Draw: 6021, Bodies: 363)
⚡ FRAME SPIKE #906: 39.4 ms at 31.5s (Draw: 6031, Bodies: 363)
OSM: 🌙 NIGHT Window batch 1,-4 | night_mgr: CACHED | is_night value: true
OSM: ✅ Finalized window batch 1,-4: 5946 windows (was 5946 draw calls before batching)
⚡ FRAME SPIKE #907: 40.3 ms at 31.5s (Draw: 6036, Bodies: 364)
OSM: 🌙 NIGHT Window batch 1,-4 | night_mgr: CACHED | is_night value: true
OSM: ✅ Finalized window batch 1,-4: 620 windows (was 620 draw calls before batching)
⚡ FRAME SPIKE #908: 39.9 ms at 31.5s (Draw: 6065, Bodies: 365)
⚡ FRAME SPIKE #909: 40.3 ms at 31.6s (Draw: 6107, Bodies: 365)
OSM: Loading chunk -2,-4 at lat=59.1262, lon=37.8921
OSM: Loaded from cache: osm_v2_59.1262_37.8921_250.json
OSM: Chunk -2,-4 data loaded
OSM: Found 17 POI nodes in chunk
POI_DEBUG: Found 'Семья7' inside building at local (-443.6, -1129.9)
POI_DEBUG: Found 'Северный' inside building at local (-453.0, -1083.6)
POI_DEBUG: Found 'Антей' inside building at local (-439.0, -1137.5)
POI_DEBUG: Found 'Быстрый заём' inside building at local (-401.3, -1066.1)
POI_DEBUG: Found 'Муниципальное учреждение здравоохранения Стомотологическая п-ка №1. Протезирование' inside building at local (-317.5, -1042.1)
POI_DEBUG: Found 'Мировые' inside building at local (-336.2, -995.9)
POI_DEBUG: Found 'полиц. пункт' inside building at local (-363.7, -1003.3)
POI_DEBUG: Found 'Ozon' inside building at local (-578.2, -925.2)
BusinessSign: Found logo for 'ozon' -> res://textures/brand_logos/ozon.png
POI_DEBUG: Found 'Ла Ла Ланч' inside building at local (-534.1, -955.2)
OSM: Generated 47 roads, 51 buildings, 1 trees, 0 signs, 0 lamps, 36 intersections
OSM: Marked chunk '-2,-4' for road batch finalization
OSM: Post-initial chunk loaded, pending_lamps=150
OSM: _create_pending_lamps started, count=150
OSM: Created 77 lamps, skipped 73 (added to infrastructure queue)
⚡ FRAME SPIKE #910: 101.8 ms at 31.6s (Draw: 6254, Bodies: 367)
OSM: DEBUG _add_road_to_batch - first road for chunk '-2,-4', parent.name='Chunk_-2,-4'
⚡ FRAME SPIKE #911: 85.7 ms at 31.7s (Draw: 7719, Bodies: 369)
⚡ FRAME SPIKE #912: 72.0 ms at 31.8s (Draw: 7717, Bodies: 369)
OSM: ✅ Finalized road batch -2,-4/path: 808 vertices, 786 triangles, material: <ImageTexture#-9223371972547704822>
🔴 FREEZE: road collision shape creation took 5.4 ms for chunk -2,-4 (type: residential)
OSM: ✅ Finalized road batch -2,-4/residential: 2952 vertices, 2880 triangles, material: <ImageTexture#-9223371972648368119>
⚠️ SLOW: road batch finalization took 8.6 ms for chunk -2,-4
⚠️ SLOW FRAME 10.6ms: building=0.5 road=8.7 terrain=0.3 infra=1.2 veg=0.0 curb=0.0ms
⚡ FRAME SPIKE #913: 73.6 ms at 31.9s (Draw: 7715, Bodies: 369)
⚡ FRAME SPIKE #914: 49.7 ms at 31.9s (Draw: 7729, Bodies: 369)
⚡ FRAME SPIKE #915: 50.8 ms at 32.0s (Draw: 7731, Bodies: 369)
⚡ FRAME SPIKE #916: 54.2 ms at 32.0s (Draw: 7731, Bodies: 369)
🚗 Traffic: 16 active NPCs (Near: 0, Mid: 11, Far: 5), 17 pooled
  → Physics bodies from NPCs: 16 (All: 16×1, было бы 16×5=80)

========== Bottleneck Analysis Report ==========
Time: 42.5s | Frames: 1180

📊 PERFORMANCE OVERVIEW:
  FPS: 30.0 avg | 22.0 min
  Frame Time: 37.40 ms avg | 93.35 ms max
  Physics Time: 6.31 ms avg

🔍 BOTTLENECK IDENTIFICATION:
  🔴 [CRITICAL] Frame Time
      Value: 37.40 ms (target: 16.67 ms)
      Impact: Overall performance bottleneck
      Suggestions:
        • Reduce draw calls
        • Optimize scripts in _process()
        • Check for expensive operations per frame

  🟠 [HIGH] Draw Calls
      Value: 6113 calls/frame
      Impact: GPU rendering overhead
      Suggestions:
        • Batch meshes by material
        • Use MultiMeshInstance3D
        • Implement LOD system
        • Enable frustum culling

  🟠 [HIGH] Physics Bodies
      Value: 354 active bodies
      Impact: Physics engine load
      Suggestions:
        • Reduce NPC count
        • Convert distant NPCs to kinematic
        • Disable physics for far objects

  🟡 [MEDIUM] Physics Time
      Value: 6.31 ms
      Impact: Physics simulation overhead
      Suggestions:
        • Reduce number of active physics bodies
        • Simplify collision shapes
        • Disable physics for distant objects

  🟡 [MEDIUM] Vertex Count
      Value: 5262494 vertices/frame
      Impact: GPU vertex processing
      Suggestions:
        • Implement LOD for distant objects
        • Simplify building meshes
        • Use lower poly models

  🟡 [MEDIUM] Node Count
      Value: 25057 nodes
      Impact: Scene tree traversal overhead
      Suggestions:
        • Unload distant chunks
        • Pool and reuse nodes
        • Flatten hierarchy where possible

  🟡 [MEDIUM] Post-Processing Effects
      Value: SSAO, Glow/Bloom, Volumetric Fog
      Impact: GPU shader overhead
      Suggestions:
        • Reduce SSR quality
        • Disable SSAO on low-end hardware
        • Use simpler fog

📈 DETAILED STATS:
  Draw Calls: 6113 avg | 7731 max
  Vertices: 5262494 avg | 5550430 max
  Physics Bodies: 354
  Nodes: 25057
  VRAM: 784.4 MB

=================================================

⚡ FRAME SPIKE #917: 55.0 ms at 32.1s (Draw: 7747, Bodies: 370)
OSM: Unloaded chunk -2,-4
⚡ FRAME SPIKE #918: 55.6 ms at 32.2s (Draw: 7562, Bodies: 367)
⚡ FRAME SPIKE #919: 55.6 ms at 32.2s (Draw: 7546, Bodies: 367)
⚡ FRAME SPIKE #920: 55.6 ms at 32.3s (Draw: 7544, Bodies: 367)
⚡ FRAME SPIKE #921: 53.9 ms at 32.3s (Draw: 7488, Bodies: 367)
⚡ FRAME SPIKE #922: 46.4 ms at 32.4s (Draw: 7283, Bodies: 367)
⚡ FRAME SPIKE #923: 45.1 ms at 32.4s (Draw: 7089, Bodies: 367)
⚡ FRAME SPIKE #924: 38.2 ms at 32.5s (Draw: 7064, Bodies: 367)
⚡ FRAME SPIKE #925: 43.3 ms at 32.5s (Draw: 7058, Bodies: 367)
⚡ FRAME SPIKE #926: 42.6 ms at 32.5s (Draw: 7059, Bodies: 367)
⚡ FRAME SPIKE #927: 42.9 ms at 32.6s (Draw: 7045, Bodies: 367)
⚡ FRAME SPIKE #928: 41.2 ms at 32.6s (Draw: 7046, Bodies: 367)
OSM: Loading chunk -2,-4 at lat=59.1262, lon=37.8921
OSM: Loaded from cache: osm_v2_59.1262_37.8921_250.json
OSM: Unloaded chunk -1,1
OSM: Chunk -2,-4 data loaded
OSM: Found 17 POI nodes in chunk
POI_DEBUG: Found 'Семья7' inside building at local (-443.6, -1129.9)
POI_DEBUG: Found 'Северный' inside building at local (-453.0, -1083.6)
POI_DEBUG: Found 'Антей' inside building at local (-439.0, -1137.5)
POI_DEBUG: Found 'Быстрый заём' inside building at local (-401.3, -1066.1)
POI_DEBUG: Found 'Муниципальное учреждение здравоохранения Стомотологическая п-ка №1. Протезирование' inside building at local (-317.5, -1042.1)
POI_DEBUG: Found 'Мировые' inside building at local (-336.2, -995.9)
POI_DEBUG: Found 'полиц. пункт' inside building at local (-363.7, -1003.3)
POI_DEBUG: Found 'Ozon' inside building at local (-578.2, -925.2)
BusinessSign: Found logo for 'ozon' -> res://textures/brand_logos/ozon.png
POI_DEBUG: Found 'Ла Ла Ланч' inside building at local (-534.1, -955.2)
OSM: Generated 47 roads, 51 buildings, 1 trees, 0 signs, 0 lamps, 36 intersections
OSM: Marked chunk '-2,-4' for road batch finalization
OSM: Post-initial chunk loaded, pending_lamps=0
OSM: _create_pending_lamps started, count=0
OSM: No pending lamps
⚡ FRAME SPIKE #929: 94.9 ms at 32.7s (Draw: 7165, Bodies: 373)
OSM: DEBUG _add_road_to_batch - first road for chunk '-2,-4', parent.name='Chunk_-2,-4'
⚡ FRAME SPIKE #930: 97.3 ms at 32.8s (Draw: 7220, Bodies: 375)
⚡ FRAME SPIKE #931: 73.9 ms at 32.9s (Draw: 7213, Bodies: 375)
OSM: ✅ Finalized road batch -2,-4/path: 808 vertices, 786 triangles, material: <ImageTexture#-9223371972547704822>
🔴 FREEZE: road collision shape creation took 5.4 ms for chunk -2,-4 (type: residential)
OSM: ✅ Finalized road batch -2,-4/residential: 2952 vertices, 2880 triangles, material: <ImageTexture#-9223371972648368119>
⚠️ SLOW: road batch finalization took 8.5 ms for chunk -2,-4
⚡ FRAME SPIKE #932: 80.1 ms at 32.9s (Draw: 7205, Bodies: 375)
⚡ FRAME SPIKE #933: 50.2 ms at 33.0s (Draw: 7194, Bodies: 376)
⚡ FRAME SPIKE #934: 63.8 ms at 33.1s (Draw: 7189, Bodies: 376)
⚡ FRAME SPIKE #935: 50.5 ms at 33.1s (Draw: 7204, Bodies: 376)
OSM: Unloaded chunk 1,1
⚡ FRAME SPIKE #936: 50.3 ms at 33.2s (Draw: 7202, Bodies: 376)

========== PERFORMANCE METRICS ==========
Frames: 600
  total_frame: avg=1.47 ms, median=0.07 ms, max=21.76 ms, calls=600, total=880.6 ms
  road_queue: avg=0.56 ms, median=0.01 ms, max=19.57 ms, calls=600, total=333.5 ms
  infra_queue: avg=0.53 ms, median=0.00 ms, max=1.76 ms, calls=600, total=318.7 ms
  infra_lamp: avg=1.01 ms, median=1.01 ms, max=1.23 ms, calls=190, total=192.2 ms
  curb_mesh: avg=0.21 ms, median=0.00 ms, max=1.91 ms, calls=567, total=117.1 ms
  road_create: avg=0.31 ms, median=0.13 ms, max=9.64 ms, calls=311, total=97.6 ms
  road_batch_finalize: avg=11.71 ms, median=9.90 ms, max=19.56 ms, calls=7, total=82.0 ms
  building_results: avg=0.12 ms, median=0.01 ms, max=0.77 ms, calls=600, total=69.1 ms
  infra_yield_sign: avg=0.49 ms, median=0.51 ms, max=0.76 ms, calls=129, total=63.7 ms
  terrain_queue: avg=0.10 ms, median=0.00 ms, max=14.19 ms, calls=600, total=62.9 ms
  curb_collisions: avg=0.10 ms, median=0.00 ms, max=1.47 ms, calls=600, total=62.2 ms
  infra_sort: avg=0.20 ms, median=0.10 ms, max=0.80 ms, calls=286, total=56.8 ms
  terrain_leisure: avg=3.03 ms, median=0.84 ms, max=13.31 ms, calls=18, total=54.6 ms
  building_apply: avg=0.28 ms, median=0.30 ms, max=0.45 ms, calls=171, total=48.5 ms
  vegetation_queue: avg=0.04 ms, median=0.00 ms, max=15.05 ms, calls=600, total=21.1 ms
  veg_trees: avg=10.24 ms, median=15.04 ms, max=15.04 ms, calls=2, total=20.5 ms
  window_batch_finalize: avg=1.88 ms, median=2.11 ms, max=3.10 ms, calls=8, total=15.0 ms
  building_sort: avg=0.11 ms, median=0.09 ms, max=0.32 ms, calls=131, total=14.0 ms
  curb_smooth: avg=0.03 ms, median=0.03 ms, max=0.14 ms, calls=196, total=6.4 ms
  terrain_landuse: avg=0.11 ms, median=0.10 ms, max=0.20 ms, calls=54, total=5.9 ms
  road_sort: avg=0.25 ms, median=0.21 ms, max=0.50 ms, calls=11, total=2.7 ms
  curb_latlon: avg=0.01 ms, median=0.01 ms, max=0.02 ms, calls=196, total=2.4 ms
  infra_traffic_light: avg=0.65 ms, median=0.67 ms, max=0.67 ms, calls=2, total=1.3 ms
  terrain_sort: avg=0.07 ms, median=0.08 ms, max=0.08 ms, calls=2, total=0.1 ms
  terrain_natural: avg=0.12 ms, median=0.12 ms, max=0.12 ms, calls=1, total=0.1 ms
  veg_bushes_grass: avg=0.01 ms, median=0.02 ms, max=0.02 ms, calls=2, total=0.0 ms
==========================================


========== DRAW CALL BREAKDOWN ==========
Total tracked draw calls: 3095

  Lamps       :  1239 ( 40.0%) ████████
  Vegetation  :   840 ( 27.1%) █████
  Buildings   :   716 ( 23.1%) ████
  Terrain     :   201 (  6.5%) █
  Roads       :    54 (  1.7%) 
  Signs       :    26 (  0.8%) 
  Windows     :    19 (  0.6%) 

💡 RECOMMENDATIONS:
  🟠 Infrastructure: 40.9% of draw calls
     → Use MultiMesh for curbs, lamps, signs
=========================================

⚡ FRAME SPIKE #937: 54.2 ms at 33.2s (Draw: 7164, Bodies: 376)
⚡ FRAME SPIKE #938: 55.6 ms at 33.3s (Draw: 7016, Bodies: 377)
⚡ FRAME SPIKE #939: 53.0 ms at 33.3s (Draw: 6891, Bodies: 377)
⚡ FRAME SPIKE #940: 51.2 ms at 33.4s (Draw: 6830, Bodies: 377)
⚡ FRAME SPIKE #941: 49.8 ms at 33.4s (Draw: 6823, Bodies: 377)
⚡ FRAME SPIKE #942: 51.8 ms at 33.5s (Draw: 6831, Bodies: 377)
⚡ FRAME SPIKE #943: 49.9 ms at 33.5s (Draw: 6830, Bodies: 376)
⚡ FRAME SPIKE #944: 50.2 ms at 33.6s (Draw: 6827, Bodies: 376)
⚡ FRAME SPIKE #945: 48.6 ms at 33.6s (Draw: 6810, Bodies: 376)
⚡ FRAME SPIKE #946: 49.1 ms at 33.7s (Draw: 6810, Bodies: 376)
⚡ FRAME SPIKE #947: 49.4 ms at 33.7s (Draw: 6795, Bodies: 376)
⚡ FRAME SPIKE #948: 51.4 ms at 33.8s (Draw: 6841, Bodies: 380)
⚡ FRAME SPIKE #949: 50.0 ms at 33.8s (Draw: 6846, Bodies: 380)
⚡ FRAME SPIKE #950: 50.0 ms at 33.9s (Draw: 6831, Bodies: 381)

=== PERFORMANCE METRICS ===
FPS: 17 | Frame: 39.0 ms (max 116.7) | Physics: 16.6 ms (max 100.2)
Godot Process: 82.90 ms | Physics: 8.64 ms
Objects: 61492 | Nodes: 26213 | Resources: 538
Draw calls: 6831 | Vertices: 5197552 | VRAM: 786.3 MB
Physics bodies: 381 | Collision pairs: 5038
--- System Times ---
  road_batch_finalize_total_-1,-1: 37.99 ms (max 37.99)
  road_batch_finalize_total_-1,-2: 5.72 ms (max 5.72)
  road_batch_finalize_total_-1,-3: 9.52 ms (max 9.52)
  road_batch_finalize_total_-1,-4: 10.14 ms (max 10.14)
  road_batch_finalize_total_-1,0: 15.24 ms (max 15.24)
  road_batch_finalize_total_-2,-1: 20.82 ms (max 20.82)
  road_batch_finalize_total_-2,-2: 18.79 ms (max 18.79)
  road_batch_finalize_total_-2,-3: 15.34 ms (max 15.34)
  road_batch_finalize_total_-2,-4: 8.57 ms (max 8.64)
  road_batch_finalize_total_-2,0: 20.92 ms (max 20.92)
  road_batch_finalize_total_0,-1: 26.87 ms (max 26.87)
  road_batch_finalize_total_0,-2: 24.63 ms (max 24.63)
  road_batch_finalize_total_0,-3: 10.80 ms (max 10.80)
  road_batch_finalize_total_0,-4: 9.87 ms (max 9.87)
  road_batch_finalize_total_0,0: 24.82 ms (max 24.82)
  road_batch_finalize_total_0,1: 20.95 ms (max 20.95)
  road_batch_finalize_total_1,-1: 13.26 ms (max 13.26)
  road_batch_finalize_total_1,-2: 29.74 ms (max 29.74)
  road_batch_finalize_total_1,-3: 19.52 ms (max 19.52)
  road_batch_finalize_total_1,-4: 9.71 ms (max 9.71)
  road_batch_finalize_total_1,0: 12.47 ms (max 12.47)
  road_collision_create_-1,-1: 12.40 ms (max 30.21)
  road_collision_create_-1,-2: 2.67 ms (max 3.38)
  road_collision_create_-1,-3: 2.88 ms (max 5.48)
  road_collision_create_-1,-4: 4.69 ms (max 5.66)
  road_collision_create_-1,0: 7.39 ms (max 12.66)
  road_collision_create_-2,-1: 6.73 ms (max 15.12)
  road_collision_create_-2,-2: 9.17 ms (max 16.47)
  road_collision_create_-2,-3: 4.80 ms (max 10.47)
  road_collision_create_-2,-4: 3.94 ms (max 5.41)
  road_collision_create_-2,0: 10.23 ms (max 17.11)
  road_collision_create_0,-1: 8.72 ms (max 20.84)
  road_collision_create_0,-2: 7.97 ms (max 17.50)
  road_collision_create_0,-3: 3.25 ms (max 4.54)
  road_collision_create_0,-4: 3.06 ms (max 6.25)
  road_collision_create_0,0: 8.07 ms (max 21.14)
  road_collision_create_0,1: 20.70 ms (max 20.70)
  road_collision_create_1,-1: 4.24 ms (max 9.37)
  road_collision_create_1,-2: 14.62 ms (max 26.58)
  road_collision_create_1,-3: 6.21 ms (max 14.58)
  road_collision_create_1,-4: 2.97 ms (max 3.86)
  road_collision_create_1,0: 12.21 ms (max 12.21)
===========================

=== PERFORMANCE METRICS ===
FPS: 17 | Frame: 39.0 ms (max 116.7) | Physics: 16.6 ms (max 100.2)
Godot Process: 82.90 ms | Physics: 8.64 ms
Objects: 61492 | Nodes: 26213 | Resources: 538
Draw calls: 6831 | Vertices: 5197552 | VRAM: 786.3 MB
Physics bodies: 381 | Collision pairs: 5038
===========================
⚡ FRAME SPIKE #951: 50.0 ms at 33.9s (Draw: 6830, Bodies: 381)
⚡ FRAME SPIKE #952: 50.0 ms at 34.0s (Draw: 6831, Bodies: 382)
⚡ FRAME SPIKE #953: 50.0 ms at 34.0s (Draw: 6809, Bodies: 383)
🚗 Traffic: 20 active NPCs (Near: 5, Mid: 11, Far: 4), 13 pooled
  → Physics bodies from NPCs: 20 (All: 20×1, было бы 20×5=100)

========== Bottleneck Analysis Report ==========
Time: 44.5s | Frames: 1217

📊 PERFORMANCE OVERVIEW:
  FPS: 25.9 avg | 17.0 min
  Frame Time: 50.14 ms avg | 93.35 ms max
  Physics Time: 6.77 ms avg

🔍 BOTTLENECK IDENTIFICATION:
  🔴 [CRITICAL] Frame Time
      Value: 50.14 ms (target: 16.67 ms)
      Impact: Overall performance bottleneck
      Suggestions:
        • Reduce draw calls
        • Optimize scripts in _process()
        • Check for expensive operations per frame

  🟠 [HIGH] Draw Calls
      Value: 6484 calls/frame
      Impact: GPU rendering overhead
      Suggestions:
        • Batch meshes by material
        • Use MultiMeshInstance3D
        • Implement LOD system
        • Enable frustum culling

  🟠 [HIGH] Physics Bodies
      Value: 361 active bodies
      Impact: Physics engine load
      Suggestions:
        • Reduce NPC count
        • Convert distant NPCs to kinematic
        • Disable physics for far objects

  🟡 [MEDIUM] Physics Time
      Value: 6.77 ms
      Impact: Physics simulation overhead
      Suggestions:
        • Reduce number of active physics bodies
        • Simplify collision shapes
        • Disable physics for distant objects

  🟡 [MEDIUM] Vertex Count
      Value: 5284618 vertices/frame
      Impact: GPU vertex processing
      Suggestions:
        • Implement LOD for distant objects
        • Simplify building meshes
        • Use lower poly models

  🟡 [MEDIUM] Node Count
      Value: 26339 nodes
      Impact: Scene tree traversal overhead
      Suggestions:
        • Unload distant chunks
        • Pool and reuse nodes
        • Flatten hierarchy where possible

  🟡 [MEDIUM] Post-Processing Effects
      Value: SSAO, Glow/Bloom, Volumetric Fog
      Impact: GPU shader overhead
      Suggestions:
        • Reduce SSR quality
        • Disable SSAO on low-end hardware
        • Use simpler fog

📈 DETAILED STATS:
  Draw Calls: 6484 avg | 7747 max
  Vertices: 5284618 avg | 5570733 max
  Physics Bodies: 361
  Nodes: 26339
  VRAM: 786.4 MB

=================================================

⚡ FRAME SPIKE #954: 50.0 ms at 34.1s (Draw: 6790, Bodies: 383)
⚡ FRAME SPIKE #955: 50.0 ms at 34.1s (Draw: 6791, Bodies: 382)
⚡ FRAME SPIKE #956: 50.0 ms at 34.2s (Draw: 6791, Bodies: 383)
⚡ FRAME SPIKE #957: 50.0 ms at 34.2s (Draw: 6772, Bodies: 383)
⚡ FRAME SPIKE #958: 50.0 ms at 34.3s (Draw: 6769, Bodies: 382)
⚡ FRAME SPIKE #959: 50.0 ms at 34.3s (Draw: 6770, Bodies: 382)
⚡ FRAME SPIKE #960: 50.0 ms at 34.4s (Draw: 6769, Bodies: 382)
⚡ FRAME SPIKE #961: 50.0 ms at 34.4s (Draw: 6719, Bodies: 382)
⚡ FRAME SPIKE #962: 47.9 ms at 34.5s (Draw: 6648, Bodies: 382)
⚡ FRAME SPIKE #963: 47.7 ms at 34.5s (Draw: 6550, Bodies: 382)
⚡ FRAME SPIKE #964: 50.0 ms at 34.6s (Draw: 6511, Bodies: 382)
⚡ FRAME SPIKE #965: 49.7 ms at 34.6s (Draw: 6480, Bodies: 382)
⚡ FRAME SPIKE #966: 47.0 ms at 34.7s (Draw: 6482, Bodies: 383)
⚡ FRAME SPIKE #967: 48.9 ms at 34.7s (Draw: 6480, Bodies: 384)
⚡ FRAME SPIKE #968: 46.9 ms at 34.8s (Draw: 6496, Bodies: 384)
⚡ FRAME SPIKE #969: 50.0 ms at 34.8s (Draw: 6501, Bodies: 386)
⚡ FRAME SPIKE #970: 50.0 ms at 34.9s (Draw: 6480, Bodies: 386)
⚡ FRAME SPIKE #971: 48.6 ms at 34.9s (Draw: 6476, Bodies: 386)
⚡ FRAME SPIKE #972: 41.1 ms at 35.0s (Draw: 6480, Bodies: 386)
⚡ FRAME SPIKE #973: 47.6 ms at 35.0s (Draw: 6453, Bodies: 386)
⚡ FRAME SPIKE #974: 46.2 ms at 35.1s (Draw: 6405, Bodies: 386)
⚡ FRAME SPIKE #975: 46.7 ms at 35.1s (Draw: 6378, Bodies: 387)
⚡ FRAME SPIKE #976: 41.5 ms at 35.2s (Draw: 6359, Bodies: 388)
⚡ FRAME SPIKE #977: 46.7 ms at 35.2s (Draw: 6359, Bodies: 389)
⚡ FRAME SPIKE #978: 48.1 ms at 35.3s (Draw: 6371, Bodies: 389)
⚡ FRAME SPIKE #979: 50.0 ms at 35.3s (Draw: 6358, Bodies: 389)
⚡ FRAME SPIKE #980: 46.3 ms at 35.4s (Draw: 6347, Bodies: 389)
⚡ FRAME SPIKE #981: 42.6 ms at 35.4s (Draw: 6338, Bodies: 389)
⚡ FRAME SPIKE #982: 46.3 ms at 35.4s (Draw: 6353, Bodies: 389)
⚡ FRAME SPIKE #983: 48.1 ms at 35.5s (Draw: 6331, Bodies: 390)
⚡ FRAME SPIKE #984: 46.3 ms at 35.5s (Draw: 6336, Bodies: 390)
⚡ FRAME SPIKE #985: 43.9 ms at 35.6s (Draw: 6335, Bodies: 390)
⚡ FRAME SPIKE #986: 46.3 ms at 35.6s (Draw: 6326, Bodies: 390)
⚡ FRAME SPIKE #987: 46.8 ms at 35.7s (Draw: 6341, Bodies: 390)
⚡ FRAME SPIKE #988: 50.0 ms at 35.7s (Draw: 6346, Bodies: 390)
⚡ FRAME SPIKE #989: 46.3 ms at 35.8s (Draw: 6339, Bodies: 390)
OSM: Unloaded chunk 0,1
⚡ FRAME SPIKE #990: 43.8 ms at 35.8s (Draw: 6334, Bodies: 390)
⚡ FRAME SPIKE #991: 46.3 ms at 35.9s (Draw: 6358, Bodies: 390)
⚡ FRAME SPIKE #992: 47.0 ms at 35.9s (Draw: 6367, Bodies: 390)
⚡ FRAME SPIKE #993: 46.3 ms at 36.0s (Draw: 6350, Bodies: 390)
⚡ FRAME SPIKE #994: 46.3 ms at 36.0s (Draw: 6363, Bodies: 388)
⚡ FRAME SPIKE #995: 46.3 ms at 36.0s (Draw: 6357, Bodies: 388)
⚡ FRAME SPIKE #996: 46.3 ms at 36.1s (Draw: 6348, Bodies: 388)
🚗 Traffic: 17 active NPCs (Near: 6, Mid: 8, Far: 3), 16 pooled
  → Physics bodies from NPCs: 17 (All: 17×1, было бы 17×5=85)

========== Bottleneck Analysis Report ==========
Time: 46.5s | Frames: 1260

📊 PERFORMANCE OVERVIEW:
  FPS: 21.9 avg | 17.0 min
  Frame Time: 55.27 ms avg | 93.35 ms max
  Physics Time: 7.68 ms avg

🔍 BOTTLENECK IDENTIFICATION:
  🔴 [CRITICAL] Frame Time
      Value: 55.27 ms (target: 16.67 ms)
      Impact: Overall performance bottleneck
      Suggestions:
        • Reduce draw calls
        • Optimize scripts in _process()
        • Check for expensive operations per frame

  🟠 [HIGH] Draw Calls
      Value: 6611 calls/frame
      Impact: GPU rendering overhead
      Suggestions:
        • Batch meshes by material
        • Use MultiMeshInstance3D
        • Implement LOD system
        • Enable frustum culling

  🟠 [HIGH] Physics Bodies
      Value: 373 active bodies
      Impact: Physics engine load
      Suggestions:
        • Reduce NPC count
        • Convert distant NPCs to kinematic
        • Disable physics for far objects

  🟡 [MEDIUM] Physics Time
      Value: 7.68 ms
      Impact: Physics simulation overhead
      Suggestions:
        • Reduce number of active physics bodies
        • Simplify collision shapes
        • Disable physics for distant objects

  🟡 [MEDIUM] Vertex Count
      Value: 5257709 vertices/frame
      Impact: GPU vertex processing
      Suggestions:
        • Implement LOD for distant objects
        • Simplify building meshes
        • Use lower poly models

  🟡 [MEDIUM] Node Count
      Value: 26891 nodes
      Impact: Scene tree traversal overhead
      Suggestions:
        • Unload distant chunks
        • Pool and reuse nodes
        • Flatten hierarchy where possible

  🟡 [MEDIUM] Post-Processing Effects
      Value: SSAO, Glow/Bloom, Volumetric Fog
      Impact: GPU shader overhead
      Suggestions:
        • Reduce SSR quality
        • Disable SSAO on low-end hardware
        • Use simpler fog

📈 DETAILED STATS:
  Draw Calls: 6611 avg | 7747 max
  Vertices: 5257709 avg | 5570733 max
  Physics Bodies: 373
  Nodes: 26891
  VRAM: 788.4 MB

=================================================

⚡ FRAME SPIKE #997: 48.1 ms at 36.1s (Draw: 6339, Bodies: 388)
⚡ FRAME SPIKE #998: 46.3 ms at 36.2s (Draw: 6321, Bodies: 389)
⚡ FRAME SPIKE #999: 44.7 ms at 36.2s (Draw: 6295, Bodies: 389)
OSM: 🌙 NIGHT Window batch -2,-4 | night_mgr: CACHED | is_night value: true
OSM: ✅ Finalized window batch -2,-4: 7309 windows (was 7309 draw calls before batching)
⚡ FRAME SPIKE #1000: 46.3 ms at 36.3s (Draw: 6282, Bodies: 390)
⚡ FRAME SPIKE #1001: 46.3 ms at 36.3s (Draw: 6233, Bodies: 390)
⚡ FRAME SPIKE #1002: 46.3 ms at 36.4s (Draw: 6124, Bodies: 390)
⚡ FRAME SPIKE #1003: 43.6 ms at 36.4s (Draw: 6110, Bodies: 390)
⚡ FRAME SPIKE #1004: 44.5 ms at 36.5s (Draw: 6093, Bodies: 390)
⚡ FRAME SPIKE #1005: 45.6 ms at 36.5s (Draw: 6093, Bodies: 391)
⚡ FRAME SPIKE #1006: 38.1 ms at 36.5s (Draw: 6092, Bodies: 391)
⚡ FRAME SPIKE #1007: 44.4 ms at 36.6s (Draw: 6056, Bodies: 391)
⚡ FRAME SPIKE #1008: 39.8 ms at 36.6s (Draw: 6043, Bodies: 391)
⚡ FRAME SPIKE #1009: 43.3 ms at 36.7s (Draw: 6035, Bodies: 390)
⚡ FRAME SPIKE #1010: 41.0 ms at 36.7s (Draw: 5765, Bodies: 391)
⚡ FRAME SPIKE #1011: 42.6 ms at 36.8s (Draw: 5743, Bodies: 391)
⚡ FRAME SPIKE #1012: 36.6 ms at 36.8s (Draw: 5744, Bodies: 391)
⚡ FRAME SPIKE #1013: 37.7 ms at 36.8s (Draw: 5736, Bodies: 391)
⚡ FRAME SPIKE #1014: 41.7 ms at 36.9s (Draw: 5710, Bodies: 392)
⚡ FRAME SPIKE #1015: 40.1 ms at 36.9s (Draw: 5710, Bodies: 392)
⚡ FRAME SPIKE #1016: 40.9 ms at 37.0s (Draw: 5696, Bodies: 392)
⚡ FRAME SPIKE #1017: 40.2 ms at 37.0s (Draw: 5688, Bodies: 392)
⚡ FRAME SPIKE #1018: 36.3 ms at 37.0s (Draw: 5682, Bodies: 392)
⚡ FRAME SPIKE #1019: 40.3 ms at 37.1s (Draw: 5668, Bodies: 392)
⚡ FRAME SPIKE #1020: 39.3 ms at 37.1s (Draw: 5666, Bodies: 392)
⚡ FRAME SPIKE #1021: 36.6 ms at 37.2s (Draw: 5664, Bodies: 392)
⚡ FRAME SPIKE #1022: 39.6 ms at 37.2s (Draw: 5675, Bodies: 392)
⚡ FRAME SPIKE #1023: 41.4 ms at 37.2s (Draw: 5674, Bodies: 392)
⚡ FRAME SPIKE #1024: 39.6 ms at 37.3s (Draw: 5658, Bodies: 392)
⚡ FRAME SPIKE #1025: 39.6 ms at 37.3s (Draw: 5641, Bodies: 392)
OSM: Unloaded chunk -2,0
⚡ FRAME SPIKE #1026: 39.6 ms at 37.3s (Draw: 5624, Bodies: 389)
⚡ FRAME SPIKE #1027: 39.6 ms at 37.4s (Draw: 5630, Bodies: 389)
⚡ FRAME SPIKE #1028: 39.6 ms at 37.4s (Draw: 5607, Bodies: 389)
⚡ FRAME SPIKE #1029: 38.7 ms at 37.5s (Draw: 5583, Bodies: 389)
⚡ FRAME SPIKE #1030: 39.6 ms at 37.5s (Draw: 5570, Bodies: 389)
⚡ FRAME SPIKE #1031: 39.0 ms at 37.5s (Draw: 5562, Bodies: 389)
⚡ FRAME SPIKE #1032: 36.7 ms at 37.6s (Draw: 5571, Bodies: 389)
⚡ FRAME SPIKE #1033: 39.4 ms at 37.6s (Draw: 5560, Bodies: 389)
⚡ FRAME SPIKE #1034: 38.9 ms at 37.7s (Draw: 5559, Bodies: 389)
⚡ FRAME SPIKE #1035: 36.9 ms at 37.7s (Draw: 5550, Bodies: 389)
⚡ FRAME SPIKE #1036: 38.9 ms at 37.7s (Draw: 5547, Bodies: 389)
⚡ FRAME SPIKE #1037: 38.9 ms at 37.8s (Draw: 5548, Bodies: 389)
⚡ FRAME SPIKE #1038: 36.7 ms at 37.8s (Draw: 5541, Bodies: 389)
⚡ FRAME SPIKE #1039: 35.4 ms at 37.9s (Draw: 5531, Bodies: 389)
⚡ FRAME SPIKE #1040: 38.3 ms at 37.9s (Draw: 5780, Bodies: 391)
⚡ FRAME SPIKE #1041: 38.3 ms at 37.9s (Draw: 5776, Bodies: 391)
⚡ FRAME SPIKE #1042: 39.8 ms at 38.0s (Draw: 5781, Bodies: 391)
⚡ FRAME SPIKE #1043: 38.3 ms at 38.0s (Draw: 5657, Bodies: 391)
⚡ FRAME SPIKE #1044: 38.3 ms at 38.0s (Draw: 5529, Bodies: 391)
⚡ FRAME SPIKE #1045: 40.0 ms at 38.1s (Draw: 5315, Bodies: 391)
⚡ FRAME SPIKE #1046: 38.3 ms at 38.1s (Draw: 5270, Bodies: 391)
🚗 Traffic: 18 active NPCs (Near: 8, Mid: 8, Far: 2), 15 pooled
  → Physics bodies from NPCs: 18 (All: 18×1, было бы 18×5=90)

========== Bottleneck Analysis Report ==========
Time: 48.6s | Frames: 1310

📊 PERFORMANCE OVERVIEW:
  FPS: 20.4 avg | 17.0 min
  Frame Time: 38.72 ms avg | 93.35 ms max
  Physics Time: 8.44 ms avg

🔍 BOTTLENECK IDENTIFICATION:
  🔴 [CRITICAL] Frame Time
      Value: 38.72 ms (target: 16.67 ms)
      Impact: Overall performance bottleneck
      Suggestions:
        • Reduce draw calls
        • Optimize scripts in _process()
        • Check for expensive operations per frame

  🟠 [HIGH] Draw Calls
      Value: 6291 calls/frame
      Impact: GPU rendering overhead
      Suggestions:
        • Batch meshes by material
        • Use MultiMeshInstance3D
        • Implement LOD system
        • Enable frustum culling

  🟠 [HIGH] Physics Bodies
      Value: 385 active bodies
      Impact: Physics engine load
      Suggestions:
        • Reduce NPC count
        • Convert distant NPCs to kinematic
        • Disable physics for far objects

  🟡 [MEDIUM] Physics Time
      Value: 8.44 ms
      Impact: Physics simulation overhead
      Suggestions:
        • Reduce number of active physics bodies
        • Simplify collision shapes
        • Disable physics for distant objects

  🟡 [MEDIUM] Vertex Count
      Value: 5207060 vertices/frame
      Impact: GPU vertex processing
      Suggestions:
        • Implement LOD for distant objects
        • Simplify building meshes
        • Use lower poly models

  🟡 [MEDIUM] Node Count
      Value: 26737 nodes
      Impact: Scene tree traversal overhead
      Suggestions:
        • Unload distant chunks
        • Pool and reuse nodes
        • Flatten hierarchy where possible

  🟡 [MEDIUM] Post-Processing Effects
      Value: SSAO, Glow/Bloom, Volumetric Fog
      Impact: GPU shader overhead
      Suggestions:
        • Reduce SSR quality
        • Disable SSAO on low-end hardware
        • Use simpler fog

📈 DETAILED STATS:
  Draw Calls: 6291 avg | 7220 max
  Vertices: 5207060 avg | 5555680 max
  Physics Bodies: 385
  Nodes: 26737
  VRAM: 789.5 MB

=================================================

⚡ FRAME SPIKE #1047: 38.3 ms at 38.2s (Draw: 5242, Bodies: 391)
⚡ FRAME SPIKE #1048: 38.3 ms at 38.2s (Draw: 5239, Bodies: 391)
⚡ FRAME SPIKE #1049: 38.3 ms at 38.2s (Draw: 5240, Bodies: 391)
⚡ FRAME SPIKE #1050: 38.3 ms at 38.3s (Draw: 5228, Bodies: 391)
⚡ FRAME SPIKE #1051: 38.3 ms at 38.3s (Draw: 5207, Bodies: 391)
⚡ FRAME SPIKE #1052: 38.3 ms at 38.3s (Draw: 5171, Bodies: 391)
OSM: Loading chunk 0,-5 at lat=59.1289, lon=37.9026
OSM: Loaded from cache: osm_v2_59.1289_37.9026_250.json
OSM: Chunk 0,-5 data loaded
OSM: Found 22 POI nodes in chunk
POI_DEBUG: Found 'Freestyle' inside building at local (367.8, -1455.9)
POI_DEBUG: Found 'Аптека+' inside building at local (184.5, -1499.9)
POI_DEBUG: Found 'Double S Electronics' inside building at local (138.1, -1509.8)
POI_DEBUG: Found 'Ozon' inside building at local (123.0, -1391.8)
BusinessSign: Found logo for 'ozon' -> res://textures/brand_logos/ozon.png
POI_DEBUG: Found 'Эдельвейс' inside building at local (364.3, -1199.0)
POI_DEBUG: Found 'Совкомбанк' inside building at local (328.8, -1220.7)
OSM: Generated 41 roads, 27 buildings, 0 trees, 0 signs, 0 lamps, 25 intersections
OSM: Marked chunk '0,-5' for road batch finalization
OSM: Post-initial chunk loaded, pending_lamps=0
OSM: _create_pending_lamps started, count=0
OSM: No pending lamps
⚡ FRAME SPIKE #1053: 62.3 ms at 38.4s (Draw: 5226, Bodies: 391)
OSM: DEBUG _add_road_to_batch - first road for chunk '0,-5', parent.name='Chunk_0,-5'
⚠️ SLOW FRAME 15.5ms: building=0.5 road=7.3 terrain=7.4 infra=0.4 veg=0.0 curb=0.0ms
⚡ FRAME SPIKE #1054: 58.7 ms at 38.5s (Draw: 5179, Bodies: 392)
⚡ FRAME SPIKE #1055: 58.7 ms at 38.5s (Draw: 5145, Bodies: 392)
⚠️ SLOW FRAME 15.1ms: building=0.4 road=12.8 terrain=1.6 infra=0.3 veg=0.0 curb=0.0ms
⚡ FRAME SPIKE #1056: 58.0 ms at 38.6s (Draw: 5112, Bodies: 393)
OSM: ✅ Finalized road batch 0,-5/residential: 1946 vertices, 1896 triangles, material: <ImageTexture#-9223371972648368119>
OSM: ✅ Finalized road batch 0,-5/path: 1522 vertices, 1490 triangles, material: <ImageTexture#-9223371972547704822>
⚠️ SLOW: road batch finalization took 8.3 ms for chunk 0,-5
⚡ FRAME SPIKE #1057: 59.8 ms at 38.6s (Draw: 5031, Bodies: 394)
⚡ FRAME SPIKE #1058: 50.8 ms at 38.7s (Draw: 5001, Bodies: 395)
⚡ FRAME SPIKE #1059: 55.6 ms at 38.7s (Draw: 4864, Bodies: 396)
⚡ FRAME SPIKE #1060: 52.5 ms at 38.8s (Draw: 4702, Bodies: 397)
⚡ FRAME SPIKE #1061: 43.5 ms at 38.8s (Draw: 4694, Bodies: 398)
⚡ FRAME SPIKE #1062: 48.1 ms at 38.9s (Draw: 4667, Bodies: 401)
OSM: Loading chunk 2,-3 at lat=59.1235, lon=37.9132
OSM: Loaded from cache: osm_v2_59.1235_37.9132_250.json
OSM: Chunk 2,-3 data loaded
OSM: Found 3 entrance nodes in chunk
OSM: Found 16 POI nodes in chunk
POI_DEBUG: Found 'Бон Аппетит' inside building at local (536.3, -777.3)
POI_DEBUG: Found 'Осетинские пироги' inside building at local (571.7, -769.5)
POI_DEBUG: Found 'Ткани для Вас' inside building at local (630.6, -755.6)
POI_DEBUG: Found 'Аста-запчасти' inside building at local (556.2, -773.0)
POI_DEBUG: Found 'Coffee Like' inside building at local (572.0, -760.4)
POI_DEBUG: Found 'Отделение связи №162602' inside building at local (678.3, -792.8)
POI_DEBUG: Found 'Почта России' inside building at local (652.9, -803.9)
POI_DEBUG: Found 'Ozon' inside building at local (712.1, -787.8)
BusinessSign: Found logo for 'ozon' -> res://textures/brand_logos/ozon.png
POI_DEBUG: Found 'СДЭК' inside building at local (536.8, -743.2)
POI_DEBUG: Found 'Ozon' inside building at local (559.0, -660.9)
BusinessSign: Found logo for 'ozon' -> res://textures/brand_logos/ozon.png
OSM: Generated 37 roads, 41 buildings, 0 trees, 0 signs, 0 lamps, 20 intersections
OSM: Marked chunk '2,-3' for road batch finalization
OSM: Post-initial chunk loaded, pending_lamps=116
OSM: _create_pending_lamps started, count=116
OSM: Created 27 lamps, skipped 89 (added to infrastructure queue)
⚡ FRAME SPIKE #1063: 78.7 ms at 38.9s (Draw: 4809, Bodies: 403)
OSM: DEBUG _add_road_to_batch - first road for chunk '2,-3', parent.name='Chunk_2,-3'

=== PERFORMANCE METRICS ===
FPS: 23 | Frame: 41.6 ms (max 101.8) | Physics: 16.7 ms (max 79.2)
Godot Process: 54.57 ms | Physics: 8.67 ms
Objects: 64768 | Nodes: 27524 | Resources: 538
Draw calls: 4809 | Vertices: 4504081 | VRAM: 790.2 MB
Physics bodies: 403 | Collision pairs: 5397
--- System Times ---
  road_batch_finalize_total_-1,-1: 37.99 ms (max 37.99)
  road_batch_finalize_total_-1,-2: 5.72 ms (max 5.72)
  road_batch_finalize_total_-1,-3: 9.52 ms (max 9.52)
  road_batch_finalize_total_-1,-4: 10.14 ms (max 10.14)
  road_batch_finalize_total_-1,0: 15.24 ms (max 15.24)
  road_batch_finalize_total_-2,-1: 20.82 ms (max 20.82)
  road_batch_finalize_total_-2,-2: 18.79 ms (max 18.79)
  road_batch_finalize_total_-2,-3: 15.34 ms (max 15.34)
  road_batch_finalize_total_-2,-4: 8.57 ms (max 8.64)
  road_batch_finalize_total_-2,0: 20.92 ms (max 20.92)
  road_batch_finalize_total_0,-1: 26.87 ms (max 26.87)
  road_batch_finalize_total_0,-2: 24.63 ms (max 24.63)
  road_batch_finalize_total_0,-3: 10.80 ms (max 10.80)
  road_batch_finalize_total_0,-4: 9.87 ms (max 9.87)
  road_batch_finalize_total_0,-5: 8.33 ms (max 8.33)
  road_batch_finalize_total_0,0: 24.82 ms (max 24.82)
  road_batch_finalize_total_0,1: 20.95 ms (max 20.95)
  road_batch_finalize_total_1,-1: 13.26 ms (max 13.26)
  road_batch_finalize_total_1,-2: 29.74 ms (max 29.74)
  road_batch_finalize_total_1,-3: 19.52 ms (max 19.52)
  road_batch_finalize_total_1,-4: 9.71 ms (max 9.71)
  road_batch_finalize_total_1,0: 12.47 ms (max 12.47)
  road_collision_create_-1,-1: 12.40 ms (max 30.21)
  road_collision_create_-1,-2: 2.67 ms (max 3.38)
  road_collision_create_-1,-3: 2.88 ms (max 5.48)
  road_collision_create_-1,-4: 4.69 ms (max 5.66)
  road_collision_create_-1,0: 7.39 ms (max 12.66)
  road_collision_create_-2,-1: 6.73 ms (max 15.12)
  road_collision_create_-2,-2: 9.17 ms (max 16.47)
  road_collision_create_-2,-3: 4.80 ms (max 10.47)
  road_collision_create_-2,-4: 3.94 ms (max 5.41)
  road_collision_create_-2,0: 10.23 ms (max 17.11)
  road_collision_create_0,-1: 8.72 ms (max 20.84)
  road_collision_create_0,-2: 7.97 ms (max 17.50)
  road_collision_create_0,-3: 3.25 ms (max 4.54)
  road_collision_create_0,-4: 3.06 ms (max 6.25)
  road_collision_create_0,-5: 3.77 ms (max 4.07)
  road_collision_create_0,0: 8.07 ms (max 21.14)
  road_collision_create_0,1: 20.70 ms (max 20.70)
  road_collision_create_1,-1: 4.24 ms (max 9.37)
  road_collision_create_1,-2: 14.62 ms (max 26.58)
  road_collision_create_1,-3: 6.21 ms (max 14.58)
  road_collision_create_1,-4: 2.97 ms (max 3.86)
  road_collision_create_1,0: 12.21 ms (max 12.21)
===========================

=== PERFORMANCE METRICS ===
FPS: 23 | Frame: 41.6 ms (max 101.8) | Physics: 16.7 ms (max 79.2)
Godot Process: 54.57 ms | Physics: 8.67 ms
Objects: 64768 | Nodes: 27524 | Resources: 538
Draw calls: 4809 | Vertices: 4504081 | VRAM: 790.2 MB
Physics bodies: 403 | Collision pairs: 5397
===========================
⚡ FRAME SPIKE #1064: 79.1 ms at 39.0s (Draw: 4811, Bodies: 404)
⚡ FRAME SPIKE #1065: 70.1 ms at 39.1s (Draw: 4767, Bodies: 404)
⚡ FRAME SPIKE #1066: 66.2 ms at 39.2s (Draw: 4752, Bodies: 404)
OSM: ✅ Finalized road batch 2,-3/residential: 1746 vertices, 1698 triangles, material: <ImageTexture#-9223371972648368119>
OSM: ✅ Finalized road batch 2,-3/path: 798 vertices, 772 triangles, material: <ImageTexture#-9223371972547704822>
⚡ FRAME SPIKE #1067: 60.9 ms at 39.2s (Draw: 4713, Bodies: 404)
⚡ FRAME SPIKE #1068: 56.2 ms at 39.3s (Draw: 4706, Bodies: 404)
⚡ FRAME SPIKE #1069: 47.4 ms at 39.3s (Draw: 4706, Bodies: 404)
⚡ FRAME SPIKE #1070: 48.0 ms at 39.4s (Draw: 4701, Bodies: 404)
OSM: Loading chunk -1,-5 at lat=59.1289, lon=37.8974
OSM: Loaded from cache: osm_v2_59.1289_37.8974_250.json
OSM: Chunk -1,-5 data loaded
OSM: Found 15 POI nodes in chunk
POI_DEBUG: Found 'Магнит' inside building at local (-186.3, -1338.4)
POI_DEBUG: Found 'Магнит-косметик' inside building at local (-177.7, -1336.2)
BusinessSign: Found logo for 'магнит' -> res://textures/brand_logos/magnit.png
BusinessSign: Found logo for 'магнит-косметик' (matched 'магнит') -> res://textures/brand_logos/magnit.png
POI_DEBUG: Found 'Redial магазин одежды' inside building at local (-211.7, -1285.6)
POI_DEBUG: Found 'Еврочехол' inside building at local (-203.0, -1261.1)
POI_DEBUG: Found 'Галамарт' inside building at local (-200.2, -1277.9)
POI_DEBUG: Found 'МТС' inside building at local (-218.4, -1273.8)
POI_DEBUG: Found 'Fix Price' inside building at local (-216.9, -1262.8)
BusinessSign: Found logo for 'мтс' -> res://textures/brand_logos/mts.png
BusinessSign: Found logo for 'fix price' -> res://textures/brand_logos/fixprice.png
Loading resource: res://textures/brand_logos/fixprice.png
Loading resource: res://.godot/imported/fixprice.png-48650b68fe00fd82204fbbc1261f6d65.ctex
WARNING: Image format RGB8 not supported by hardware, converting to RGBA8.
     at: _validate_texture_format (servers/rendering/renderer_rd/storage_rd/texture_storage.cpp:2265)
     GDScript backtrace (most recent call first):
         [0] _create_logo_sign (res://osm/business_sign_generator.gd:198)
         [1] create_sign (res://osm/business_sign_generator.gd:139)
         [2] _add_business_signs_simple (res://osm/osm_terrain_generator.gd:7085)
         [3] _create_building (res://osm/osm_terrain_generator.gd:2900)
         [4] _generate_terrain (res://osm/osm_terrain_generator.gd:1563)
         [5] _generate_chunk_async (res://osm/osm_terrain_generator.gd:1202)
         [6] _on_chunk_data_loaded (res://osm/osm_terrain_generator.gd:1198)
         [7] _emit_cached_data (res://osm/osm_loader.gd:146)
POI_DEBUG: Found 'Ozon' inside building at local (-206.5, -1435.5)
BusinessSign: Found logo for 'ozon' -> res://textures/brand_logos/ozon.png
OSM: Generated 39 roads, 37 buildings, 0 trees, 0 signs, 0 lamps, 24 intersections
OSM: Marked chunk '-1,-5' for road batch finalization
OSM: Post-initial chunk loaded, pending_lamps=56
OSM: _create_pending_lamps started, count=56
OSM: Created 42 lamps, skipped 14 (added to infrastructure queue)
⚡ FRAME SPIKE #1071: 86.3 ms at 39.4s (Draw: 4717, Bodies: 404)
OSM: DEBUG _add_road_to_batch - first road for chunk '-1,-5', parent.name='Chunk_-1,-5'
⚡ FRAME SPIKE #1072: 76.9 ms at 39.5s (Draw: 4705, Bodies: 404)
⚡ FRAME SPIKE #1073: 68.1 ms at 39.6s (Draw: 4669, Bodies: 404)
⚡ FRAME SPIKE #1074: 63.1 ms at 39.7s (Draw: 4657, Bodies: 404)
OSM: ✅ Finalized road batch -1,-5/residential: 1978 vertices, 1926 triangles, material: <ImageTexture#-9223371972648368119>
OSM: ✅ Finalized road batch -1,-5/path: 1616 vertices, 1590 triangles, material: <ImageTexture#-9223371972547704822>
⚠️ SLOW: road batch finalization took 8.5 ms for chunk -1,-5
⚠️ SLOW FRAME 10.4ms: building=0.6 road=8.5 terrain=0.0 infra=1.2 veg=0.0 curb=0.0ms
⚡ FRAME SPIKE #1075: 61.2 ms at 39.7s (Draw: 4647, Bodies: 404)
⚡ FRAME SPIKE #1076: 46.9 ms at 39.8s (Draw: 4642, Bodies: 404)
⚡ FRAME SPIKE #1077: 47.5 ms at 39.8s (Draw: 4625, Bodies: 404)
⚡ FRAME SPIKE #1078: 49.8 ms at 39.9s (Draw: 4635, Bodies: 407)
⚡ FRAME SPIKE #1079: 49.9 ms at 39.9s (Draw: 4635, Bodies: 407)
⚡ FRAME SPIKE #1080: 49.7 ms at 40.0s (Draw: 4636, Bodies: 407)
⚡ FRAME SPIKE #1081: 49.3 ms at 40.0s (Draw: 4632, Bodies: 406)
⚡ FRAME SPIKE #1082: 49.8 ms at 40.1s (Draw: 4632, Bodies: 406)
⚡ FRAME SPIKE #1083: 49.0 ms at 40.1s (Draw: 4624, Bodies: 406)
🚗 Traffic: 20 active NPCs (Near: 8, Mid: 8, Far: 4), 13 pooled
  → Physics bodies from NPCs: 20 (All: 20×1, было бы 20×5=100)

========== Bottleneck Analysis Report ==========
Time: 50.6s | Frames: 1347

📊 PERFORMANCE OVERVIEW:
  FPS: 21.9 avg | 17.0 min
  Frame Time: 34.88 ms avg | 82.90 ms max
  Physics Time: 8.64 ms avg

🔍 BOTTLENECK IDENTIFICATION:
  🔴 [CRITICAL] Frame Time
      Value: 34.88 ms (target: 16.67 ms)
      Impact: Overall performance bottleneck
      Suggestions:
        • Reduce draw calls
        • Optimize scripts in _process()
        • Check for expensive operations per frame

  🟠 [HIGH] Draw Calls
      Value: 5655 calls/frame
      Impact: GPU rendering overhead
      Suggestions:
        • Batch meshes by material
        • Use MultiMeshInstance3D
        • Implement LOD system
        • Enable frustum culling

  🟠 [HIGH] Physics Bodies
      Value: 392 active bodies
      Impact: Physics engine load
      Suggestions:
        • Reduce NPC count
        • Convert distant NPCs to kinematic
        • Disable physics for far objects

  🟡 [MEDIUM] Physics Time
      Value: 8.64 ms
      Impact: Physics simulation overhead
      Suggestions:
        • Reduce number of active physics bodies
        • Simplify collision shapes
        • Disable physics for distant objects

  🟡 [MEDIUM] Vertex Count
      Value: 4959749 vertices/frame
      Impact: GPU vertex processing
      Suggestions:
        • Implement LOD for distant objects
        • Simplify building meshes
        • Use lower poly models

  🟡 [MEDIUM] Node Count
      Value: 28538 nodes
      Impact: Scene tree traversal overhead
      Suggestions:
        • Unload distant chunks
        • Pool and reuse nodes
        • Flatten hierarchy where possible

  🟡 [MEDIUM] Post-Processing Effects
      Value: SSAO, Glow/Bloom, Volumetric Fog
      Impact: GPU shader overhead
      Suggestions:
        • Reduce SSR quality
        • Disable SSAO on low-end hardware
        • Use simpler fog

📈 DETAILED STATS:
  Draw Calls: 5655 avg | 6511 max
  Vertices: 4959749 avg | 5346833 max
  Physics Bodies: 392
  Nodes: 28538
  VRAM: 794.7 MB

=================================================

⚡ FRAME SPIKE #1084: 50.4 ms at 40.2s (Draw: 4604, Bodies: 406)
⚡ FRAME SPIKE #1085: 48.8 ms at 40.2s (Draw: 4603, Bodies: 406)
⚡ FRAME SPIKE #1086: 48.7 ms at 40.3s (Draw: 4506, Bodies: 407)
⚡ FRAME SPIKE #1087: 47.4 ms at 40.3s (Draw: 4442, Bodies: 408)
⚡ FRAME SPIKE #1088: 39.1 ms at 40.4s (Draw: 4423, Bodies: 409)
⚡ FRAME SPIKE #1089: 46.5 ms at 40.4s (Draw: 4421, Bodies: 410)
⚡ FRAME SPIKE #1090: 45.8 ms at 40.5s (Draw: 4408, Bodies: 410)
⚡ FRAME SPIKE #1091: 41.6 ms at 40.5s (Draw: 4409, Bodies: 410)
⚡ FRAME SPIKE #1092: 45.8 ms at 40.6s (Draw: 4426, Bodies: 411)
⚡ FRAME SPIKE #1093: 48.5 ms at 40.6s (Draw: 4460, Bodies: 412)
⚡ FRAME SPIKE #1094: 45.8 ms at 40.7s (Draw: 4486, Bodies: 413)
⚡ FRAME SPIKE #1095: 43.0 ms at 40.7s (Draw: 4485, Bodies: 414)
⚡ FRAME SPIKE #1096: 45.8 ms at 40.7s (Draw: 4465, Bodies: 415)
⚡ FRAME SPIKE #1097: 45.2 ms at 40.8s (Draw: 4481, Bodies: 416)
⚡ FRAME SPIKE #1098: 41.4 ms at 40.8s (Draw: 4571, Bodies: 417)
⚡ FRAME SPIKE #1099: 45.4 ms at 40.9s (Draw: 4570, Bodies: 418)
⚡ FRAME SPIKE #1100: 50.0 ms at 40.9s (Draw: 4468, Bodies: 420)
⚡ FRAME SPIKE #1101: 45.2 ms at 41.0s (Draw: 4479, Bodies: 421)
⚡ FRAME SPIKE #1102: 45.2 ms at 41.0s (Draw: 4490, Bodies: 421)
⚡ FRAME SPIKE #1103: 45.2 ms at 41.1s (Draw: 4504, Bodies: 422)
⚡ FRAME SPIKE #1104: 45.5 ms at 41.1s (Draw: 4510, Bodies: 423)
⚡ FRAME SPIKE #1105: 45.2 ms at 41.2s (Draw: 4512, Bodies: 424)
⚡ FRAME SPIKE #1106: 45.5 ms at 41.2s (Draw: 4516, Bodies: 425)
⚡ FRAME SPIKE #1107: 45.5 ms at 41.2s (Draw: 4511, Bodies: 426)
⚡ FRAME SPIKE #1108: 46.4 ms at 41.3s (Draw: 4508, Bodies: 427)
⚡ FRAME SPIKE #1109: 45.5 ms at 41.3s (Draw: 4519, Bodies: 427)
⚡ FRAME SPIKE #1110: 45.5 ms at 41.4s (Draw: 4524, Bodies: 428)
⚡ FRAME SPIKE #1111: 49.6 ms at 41.4s (Draw: 4533, Bodies: 428)
⚡ FRAME SPIKE #1112: 50.5 ms at 41.5s (Draw: 4541, Bodies: 429)
⚡ FRAME SPIKE #1113: 48.3 ms at 41.5s (Draw: 4545, Bodies: 430)
⚡ FRAME SPIKE #1114: 50.2 ms at 41.6s (Draw: 4544, Bodies: 431)
⚡ PHYSICS SPIKE #1: 10.2 ms at 41.6s (Bodies: 431)
⚡ PHYSICS SPIKE #2: 10.2 ms at 41.6s (Bodies: 431)
⚡ PHYSICS SPIKE #3: 10.2 ms at 41.6s (Bodies: 431)
⚡ FRAME SPIKE #1115: 54.1 ms at 41.6s (Draw: 4545, Bodies: 431)
⚡ PHYSICS SPIKE #4: 10.2 ms at 41.7s (Bodies: 431)
⚡ PHYSICS SPIKE #5: 10.2 ms at 41.7s (Bodies: 432)
⚡ PHYSICS SPIKE #6: 10.2 ms at 41.7s (Bodies: 432)
⚡ FRAME SPIKE #1116: 51.3 ms at 41.7s (Draw: 4549, Bodies: 432)
⚡ PHYSICS SPIKE #7: 10.2 ms at 41.7s (Bodies: 432)
⚡ PHYSICS SPIKE #8: 10.2 ms at 41.7s (Bodies: 432)
⚡ PHYSICS SPIKE #9: 10.2 ms at 41.7s (Bodies: 432)
⚡ FRAME SPIKE #1117: 50.3 ms at 41.7s (Draw: 4553, Bodies: 432)
⚡ PHYSICS SPIKE #10: 10.2 ms at 41.8s (Bodies: 432)
⚡ PHYSICS SPIKE #11: 10.2 ms at 41.8s (Bodies: 433)
⚡ PHYSICS SPIKE #12: 10.2 ms at 41.8s (Bodies: 433)
⚡ FRAME SPIKE #1118: 50.7 ms at 41.8s (Draw: 4556, Bodies: 433)
⚡ PHYSICS SPIKE #13: 10.2 ms at 41.8s (Bodies: 433)
⚡ PHYSICS SPIKE #14: 10.2 ms at 41.8s (Bodies: 434)
⚡ PHYSICS SPIKE #15: 10.2 ms at 41.8s (Bodies: 434)
⚡ FRAME SPIKE #1119: 51.1 ms at 41.8s (Draw: 4555, Bodies: 434)
⚡ PHYSICS SPIKE #16: 10.2 ms at 41.9s (Bodies: 434)
⚡ PHYSICS SPIKE #17: 10.2 ms at 41.9s (Bodies: 435)
⚡ PHYSICS SPIKE #18: 10.2 ms at 41.9s (Bodies: 435)
⚡ FRAME SPIKE #1120: 51.5 ms at 41.9s (Draw: 4555, Bodies: 435)
⚡ PHYSICS SPIKE #19: 10.2 ms at 41.9s (Bodies: 435)
⚡ PHYSICS SPIKE #20: 10.2 ms at 41.9s (Bodies: 437)
⚡ PHYSICS SPIKE #21: 10.2 ms at 41.9s (Bodies: 437)
⚡ FRAME SPIKE #1121: 52.4 ms at 41.9s (Draw: 4550, Bodies: 437)
⚡ PHYSICS SPIKE #22: 10.2 ms at 42.0s (Bodies: 437)
⚡ PHYSICS SPIKE #23: 10.2 ms at 42.0s (Bodies: 438)
⚡ PHYSICS SPIKE #24: 10.2 ms at 42.0s (Bodies: 438)
⚡ FRAME SPIKE #1122: 50.0 ms at 42.0s (Draw: 4553, Bodies: 438)
⚡ PHYSICS SPIKE #25: 10.2 ms at 42.0s (Bodies: 438)
⚡ PHYSICS SPIKE #26: 10.2 ms at 42.0s (Bodies: 438)
⚡ PHYSICS SPIKE #27: 10.2 ms at 42.0s (Bodies: 438)
⚡ FRAME SPIKE #1123: 50.0 ms at 42.0s (Draw: 4552, Bodies: 438)
⚡ PHYSICS SPIKE #28: 10.2 ms at 42.1s (Bodies: 438)
⚡ PHYSICS SPIKE #29: 10.2 ms at 42.1s (Bodies: 437)
⚡ PHYSICS SPIKE #30: 10.2 ms at 42.1s (Bodies: 437)
⚡ FRAME SPIKE #1124: 50.0 ms at 42.1s (Draw: 4556, Bodies: 437)
⚡ PHYSICS SPIKE #31: 10.2 ms at 42.1s (Bodies: 437)
⚡ PHYSICS SPIKE #32: 10.2 ms at 42.1s (Bodies: 438)
⚡ PHYSICS SPIKE #33: 10.2 ms at 42.1s (Bodies: 438)
⚡ FRAME SPIKE #1125: 50.1 ms at 42.1s (Draw: 4558, Bodies: 438)
⚡ PHYSICS SPIKE #34: 10.2 ms at 42.2s (Bodies: 438)
⚡ PHYSICS SPIKE #35: 10.2 ms at 42.2s (Bodies: 439)
⚡ PHYSICS SPIKE #36: 10.2 ms at 42.2s (Bodies: 439)
⚡ FRAME SPIKE #1126: 50.0 ms at 42.2s (Draw: 4563, Bodies: 439)
🚗 Traffic: 22 active NPCs (Near: 8, Mid: 9, Far: 5), 11 pooled
  → Physics bodies from NPCs: 22 (All: 22×1, было бы 22×5=110)

========== Bottleneck Analysis Report ==========
Time: 52.7s | Frames: 1390

📊 PERFORMANCE OVERVIEW:
  FPS: 21.6 avg | 17.0 min
  Frame Time: 37.86 ms avg | 70.90 ms max
  Physics Time: 8.95 ms avg

🔍 BOTTLENECK IDENTIFICATION:
  🔴 [CRITICAL] Frame Time
      Value: 37.86 ms (target: 16.67 ms)
      Impact: Overall performance bottleneck
      Suggestions:
        • Reduce draw calls
        • Optimize scripts in _process()
        • Check for expensive operations per frame

  🟠 [HIGH] Draw Calls
      Value: 4998 calls/frame
      Impact: GPU rendering overhead
      Suggestions:
        • Batch meshes by material
        • Use MultiMeshInstance3D
        • Implement LOD system
        • Enable frustum culling

  🟠 [HIGH] Physics Bodies
      Value: 405 active bodies
      Impact: Physics engine load
      Suggestions:
        • Reduce NPC count
        • Convert distant NPCs to kinematic
        • Disable physics for far objects

  🟡 [MEDIUM] Physics Time
      Value: 8.95 ms
      Impact: Physics simulation overhead
      Suggestions:
        • Reduce number of active physics bodies
        • Simplify collision shapes
        • Disable physics for distant objects

  🟡 [MEDIUM] Vertex Count
      Value: 4672761 vertices/frame
      Impact: GPU vertex processing
      Suggestions:
        • Implement LOD for distant objects
        • Simplify building meshes
        • Use lower poly models

  🟡 [MEDIUM] Node Count
      Value: 30521 nodes
      Impact: Scene tree traversal overhead
      Suggestions:
        • Unload distant chunks
        • Pool and reuse nodes
        • Flatten hierarchy where possible

  🟡 [MEDIUM] Post-Processing Effects
      Value: SSAO, Glow/Bloom, Volumetric Fog
      Impact: GPU shader overhead
      Suggestions:
        • Reduce SSR quality
        • Disable SSAO on low-end hardware
        • Use simpler fog

📈 DETAILED STATS:
  Draw Calls: 4998 avg | 6056 max
  Vertices: 4672761 avg | 5296035 max
  Physics Bodies: 405
  Nodes: 30521
  VRAM: 797.2 MB

=================================================

⚡ PHYSICS SPIKE #37: 10.2 ms at 42.2s (Bodies: 439)
⚡ PHYSICS SPIKE #38: 10.2 ms at 42.2s (Bodies: 440)
⚡ PHYSICS SPIKE #39: 10.2 ms at 42.2s (Bodies: 440)
⚡ FRAME SPIKE #1127: 50.0 ms at 42.2s (Draw: 4565, Bodies: 440)
⚡ PHYSICS SPIKE #40: 10.2 ms at 42.3s (Bodies: 440)
⚡ PHYSICS SPIKE #41: 10.2 ms at 42.3s (Bodies: 441)
⚡ PHYSICS SPIKE #42: 10.2 ms at 42.3s (Bodies: 441)
⚡ FRAME SPIKE #1128: 50.0 ms at 42.3s (Draw: 4567, Bodies: 441)
⚡ PHYSICS SPIKE #43: 10.2 ms at 42.3s (Bodies: 441)
⚡ PHYSICS SPIKE #44: 10.2 ms at 42.3s (Bodies: 441)
⚡ PHYSICS SPIKE #45: 10.2 ms at 42.3s (Bodies: 441)
⚡ FRAME SPIKE #1129: 50.0 ms at 42.3s (Draw: 4561, Bodies: 441)
⚡ PHYSICS SPIKE #46: 10.2 ms at 42.4s (Bodies: 441)
⚡ PHYSICS SPIKE #47: 10.2 ms at 42.4s (Bodies: 441)
⚡ PHYSICS SPIKE #48: 10.2 ms at 42.4s (Bodies: 441)
⚡ FRAME SPIKE #1130: 50.0 ms at 42.4s (Draw: 4562, Bodies: 441)
⚡ PHYSICS SPIKE #49: 10.2 ms at 42.4s (Bodies: 441)
⚡ PHYSICS SPIKE #50: 10.2 ms at 42.4s (Bodies: 442)
⚡ PHYSICS SPIKE #51: 10.2 ms at 42.4s (Bodies: 442)
⚡ FRAME SPIKE #1131: 50.0 ms at 42.4s (Draw: 4562, Bodies: 442)
⚡ PHYSICS SPIKE #52: 10.2 ms at 42.5s (Bodies: 442)
⚡ PHYSICS SPIKE #53: 10.2 ms at 42.5s (Bodies: 443)
⚡ PHYSICS SPIKE #54: 10.2 ms at 42.5s (Bodies: 443)
⚡ FRAME SPIKE #1132: 50.0 ms at 42.5s (Draw: 4569, Bodies: 443)
⚡ PHYSICS SPIKE #55: 10.2 ms at 42.5s (Bodies: 443)
⚡ PHYSICS SPIKE #56: 10.2 ms at 42.5s (Bodies: 444)
⚡ PHYSICS SPIKE #57: 10.2 ms at 42.5s (Bodies: 444)
⚡ FRAME SPIKE #1133: 50.0 ms at 42.5s (Draw: 4572, Bodies: 444)
⚡ PHYSICS SPIKE #58: 10.2 ms at 42.6s (Bodies: 444)
⚡ PHYSICS SPIKE #59: 10.2 ms at 42.6s (Bodies: 445)
⚡ PHYSICS SPIKE #60: 10.2 ms at 42.6s (Bodies: 445)
⚡ FRAME SPIKE #1134: 50.0 ms at 42.6s (Draw: 4573, Bodies: 445)
⚡ PHYSICS SPIKE #61: 10.4 ms at 42.6s (Bodies: 445)
⚡ PHYSICS SPIKE #62: 10.4 ms at 42.6s (Bodies: 445)
⚡ PHYSICS SPIKE #63: 10.4 ms at 42.6s (Bodies: 445)
⚡ FRAME SPIKE #1135: 50.0 ms at 42.6s (Draw: 4571, Bodies: 445)
⚡ PHYSICS SPIKE #64: 10.4 ms at 42.7s (Bodies: 445)
⚡ PHYSICS SPIKE #65: 10.4 ms at 42.7s (Bodies: 445)
⚡ PHYSICS SPIKE #66: 10.4 ms at 42.7s (Bodies: 445)
⚡ FRAME SPIKE #1136: 50.0 ms at 42.7s (Draw: 4574, Bodies: 445)
⚡ PHYSICS SPIKE #67: 10.4 ms at 42.7s (Bodies: 445)
⚡ PHYSICS SPIKE #68: 10.4 ms at 42.7s (Bodies: 446)
⚡ PHYSICS SPIKE #69: 10.4 ms at 42.7s (Bodies: 446)
⚡ FRAME SPIKE #1137: 50.0 ms at 42.7s (Draw: 4573, Bodies: 446)
⚡ PHYSICS SPIKE #70: 10.4 ms at 42.8s (Bodies: 446)
⚡ PHYSICS SPIKE #71: 10.4 ms at 42.8s (Bodies: 447)
⚡ PHYSICS SPIKE #72: 10.4 ms at 42.8s (Bodies: 447)
⚡ FRAME SPIKE #1138: 50.0 ms at 42.8s (Draw: 4572, Bodies: 447)
⚡ PHYSICS SPIKE #73: 10.4 ms at 42.8s (Bodies: 447)
⚡ PHYSICS SPIKE #74: 10.4 ms at 42.8s (Bodies: 448)
⚡ PHYSICS SPIKE #75: 10.4 ms at 42.8s (Bodies: 448)
⚡ FRAME SPIKE #1139: 50.0 ms at 42.8s (Draw: 4577, Bodies: 448)
⚡ PHYSICS SPIKE #76: 10.4 ms at 42.9s (Bodies: 448)
⚡ PHYSICS SPIKE #77: 10.4 ms at 42.9s (Bodies: 449)
⚡ PHYSICS SPIKE #78: 10.4 ms at 42.9s (Bodies: 449)
⚡ FRAME SPIKE #1140: 49.8 ms at 42.9s (Draw: 4573, Bodies: 449)
⚡ PHYSICS SPIKE #79: 10.4 ms at 42.9s (Bodies: 449)
⚡ PHYSICS SPIKE #80: 10.4 ms at 42.9s (Bodies: 452)
⚡ PHYSICS SPIKE #81: 10.4 ms at 42.9s (Bodies: 452)
⚡ FRAME SPIKE #1141: 50.0 ms at 42.9s (Draw: 4579, Bodies: 452)
⚡ PHYSICS SPIKE #82: 10.4 ms at 43.0s (Bodies: 452)
⚡ PHYSICS SPIKE #83: 10.4 ms at 43.0s (Bodies: 453)
⚡ PHYSICS SPIKE #84: 10.4 ms at 43.0s (Bodies: 453)
⚡ FRAME SPIKE #1142: 50.0 ms at 43.0s (Draw: 4578, Bodies: 453)
⚡ PHYSICS SPIKE #85: 10.4 ms at 43.0s (Bodies: 453)
⚡ PHYSICS SPIKE #86: 10.4 ms at 43.0s (Bodies: 454)
⚡ PHYSICS SPIKE #87: 10.4 ms at 43.0s (Bodies: 454)
⚡ FRAME SPIKE #1143: 49.8 ms at 43.0s (Draw: 4580, Bodies: 454)
OSM: 🌙 NIGHT Window batch 0,-5 | night_mgr: CACHED | is_night value: true
OSM: ✅ Finalized window batch 0,-5: 6360 windows (was 6360 draw calls before batching)
⚡ PHYSICS SPIKE #88: 10.4 ms at 43.1s (Bodies: 454)
⚡ PHYSICS SPIKE #89: 10.4 ms at 43.1s (Bodies: 454)
⚡ PHYSICS SPIKE #90: 10.4 ms at 43.1s (Bodies: 454)
⚡ FRAME SPIKE #1144: 50.0 ms at 43.1s (Draw: 4579, Bodies: 454)
OSM: 🌙 NIGHT Window batch 2,-3 | night_mgr: CACHED | is_night value: true
OSM: ✅ Finalized window batch 2,-3: 5869 windows (was 5869 draw calls before batching)
⚡ PHYSICS SPIKE #91: 10.4 ms at 43.1s (Bodies: 454)
⚡ PHYSICS SPIKE #92: 10.4 ms at 43.1s (Bodies: 455)
⚡ PHYSICS SPIKE #93: 10.4 ms at 43.1s (Bodies: 455)
⚡ FRAME SPIKE #1145: 50.0 ms at 43.1s (Draw: 4578, Bodies: 455)
OSM: 🌙 NIGHT Window batch -1,-5 | night_mgr: CACHED | is_night value: true
OSM: ✅ Finalized window batch -1,-5: 6514 windows (was 6514 draw calls before batching)
⚡ PHYSICS SPIKE #94: 10.4 ms at 43.2s (Bodies: 455)
⚡ PHYSICS SPIKE #95: 10.4 ms at 43.2s (Bodies: 455)
⚡ PHYSICS SPIKE #96: 10.4 ms at 43.2s (Bodies: 455)
⚡ FRAME SPIKE #1146: 50.0 ms at 43.2s (Draw: 4585, Bodies: 455)
⚡ PHYSICS SPIKE #97: 10.4 ms at 43.2s (Bodies: 455)
⚡ PHYSICS SPIKE #98: 10.4 ms at 43.2s (Bodies: 456)
⚡ PHYSICS SPIKE #99: 10.4 ms at 43.2s (Bodies: 456)
⚡ FRAME SPIKE #1147: 50.0 ms at 43.2s (Draw: 4579, Bodies: 456)
⚡ PHYSICS SPIKE #100: 10.4 ms at 43.3s (Bodies: 456)
⚡ PHYSICS SPIKE #101: 10.4 ms at 43.3s (Bodies: 457)
⚡ PHYSICS SPIKE #102: 10.4 ms at 43.3s (Bodies: 457)
⚡ FRAME SPIKE #1148: 50.0 ms at 43.3s (Draw: 4584, Bodies: 457)
⚡ PHYSICS SPIKE #103: 10.4 ms at 43.3s (Bodies: 457)
⚡ PHYSICS SPIKE #104: 10.4 ms at 43.3s (Bodies: 458)
⚡ PHYSICS SPIKE #105: 10.4 ms at 43.3s (Bodies: 458)
⚡ FRAME SPIKE #1149: 50.0 ms at 43.3s (Draw: 4582, Bodies: 458)
⚡ PHYSICS SPIKE #106: 10.4 ms at 43.4s (Bodies: 458)
⚡ PHYSICS SPIKE #107: 10.4 ms at 43.4s (Bodies: 459)
⚡ PHYSICS SPIKE #108: 10.4 ms at 43.4s (Bodies: 459)
⚡ FRAME SPIKE #1150: 50.0 ms at 43.4s (Draw: 4587, Bodies: 459)
⚡ PHYSICS SPIKE #109: 10.4 ms at 43.4s (Bodies: 459)
⚡ PHYSICS SPIKE #110: 10.4 ms at 43.4s (Bodies: 460)
⚡ PHYSICS SPIKE #111: 10.4 ms at 43.4s (Bodies: 460)
⚡ FRAME SPIKE #1151: 50.0 ms at 43.4s (Draw: 4584, Bodies: 460)
⚡ PHYSICS SPIKE #112: 10.4 ms at 43.5s (Bodies: 460)
⚡ PHYSICS SPIKE #113: 10.4 ms at 43.5s (Bodies: 460)
⚡ PHYSICS SPIKE #114: 10.4 ms at 43.5s (Bodies: 460)
⚡ FRAME SPIKE #1152: 50.0 ms at 43.5s (Draw: 4584, Bodies: 460)
⚡ PHYSICS SPIKE #115: 10.4 ms at 43.5s (Bodies: 460)
⚡ PHYSICS SPIKE #116: 10.4 ms at 43.5s (Bodies: 460)
⚡ PHYSICS SPIKE #117: 10.4 ms at 43.5s (Bodies: 460)
⚡ FRAME SPIKE #1153: 49.5 ms at 43.5s (Draw: 4581, Bodies: 460)
⚡ PHYSICS SPIKE #118: 10.4 ms at 43.6s (Bodies: 460)
⚡ PHYSICS SPIKE #119: 10.4 ms at 43.6s (Bodies: 461)
⚡ PHYSICS SPIKE #120: 10.4 ms at 43.6s (Bodies: 461)
⚡ FRAME SPIKE #1154: 48.8 ms at 43.6s (Draw: 4580, Bodies: 461)
⚡ PHYSICS SPIKE #121: 10.5 ms at 43.6s (Bodies: 461)
⚡ PHYSICS SPIKE #122: 10.5 ms at 43.6s (Bodies: 461)
⚡ PHYSICS SPIKE #123: 10.5 ms at 43.6s (Bodies: 461)
⚡ FRAME SPIKE #1155: 49.6 ms at 43.6s (Draw: 4582, Bodies: 461)
⚡ PHYSICS SPIKE #124: 10.5 ms at 43.7s (Bodies: 461)
⚡ PHYSICS SPIKE #125: 10.5 ms at 43.7s (Bodies: 461)
⚡ PHYSICS SPIKE #126: 10.5 ms at 43.7s (Bodies: 461)
⚡ FRAME SPIKE #1156: 50.0 ms at 43.7s (Draw: 4583, Bodies: 461)
⚡ PHYSICS SPIKE #127: 10.5 ms at 43.7s (Bodies: 461)
⚡ PHYSICS SPIKE #128: 10.5 ms at 43.7s (Bodies: 461)
⚡ PHYSICS SPIKE #129: 10.5 ms at 43.7s (Bodies: 461)
⚡ FRAME SPIKE #1157: 50.0 ms at 43.7s (Draw: 4588, Bodies: 461)
⚡ PHYSICS SPIKE #130: 10.5 ms at 43.8s (Bodies: 461)
⚡ PHYSICS SPIKE #131: 10.5 ms at 43.8s (Bodies: 461)
⚡ PHYSICS SPIKE #132: 10.5 ms at 43.8s (Bodies: 461)
⚡ FRAME SPIKE #1158: 50.0 ms at 43.8s (Draw: 4583, Bodies: 461)
⚡ PHYSICS SPIKE #133: 10.5 ms at 43.8s (Bodies: 461)
⚡ PHYSICS SPIKE #134: 10.5 ms at 43.8s (Bodies: 462)
⚡ PHYSICS SPIKE #135: 10.5 ms at 43.8s (Bodies: 462)
⚡ FRAME SPIKE #1159: 50.0 ms at 43.8s (Draw: 4592, Bodies: 462)
⚡ PHYSICS SPIKE #136: 10.5 ms at 43.9s (Bodies: 462)
⚡ PHYSICS SPIKE #137: 10.5 ms at 43.9s (Bodies: 463)
⚡ PHYSICS SPIKE #138: 10.5 ms at 43.9s (Bodies: 463)
⚡ FRAME SPIKE #1160: 50.0 ms at 43.9s (Draw: 4591, Bodies: 463)
⚡ PHYSICS SPIKE #139: 10.5 ms at 43.9s (Bodies: 463)
⚡ PHYSICS SPIKE #140: 10.5 ms at 43.9s (Bodies: 464)
⚡ PHYSICS SPIKE #141: 10.5 ms at 43.9s (Bodies: 464)
⚡ FRAME SPIKE #1161: 50.0 ms at 43.9s (Draw: 4592, Bodies: 464)
⚡ PHYSICS SPIKE #142: 10.5 ms at 44.0s (Bodies: 464)
⚡ PHYSICS SPIKE #143: 10.5 ms at 44.0s (Bodies: 467)
⚡ PHYSICS SPIKE #144: 10.5 ms at 44.0s (Bodies: 467)
⚡ FRAME SPIKE #1162: 50.0 ms at 44.0s (Draw: 4593, Bodies: 467)

=== PERFORMANCE METRICS ===
FPS: 20 | Frame: 47.8 ms (max 101.8) | Physics: 16.5 ms (max 77.9)
Godot Process: 23.31 ms | Physics: 10.47 ms
Objects: 71957 | Nodes: 30857 | Resources: 539
Draw calls: 4593 | Vertices: 4597859 | VRAM: 801.5 MB
Physics bodies: 467 | Collision pairs: 6488
--- System Times ---
  road_batch_finalize_total_-1,-1: 37.99 ms (max 37.99)
  road_batch_finalize_total_-1,-2: 5.72 ms (max 5.72)
  road_batch_finalize_total_-1,-3: 9.52 ms (max 9.52)
  road_batch_finalize_total_-1,-4: 10.14 ms (max 10.14)
  road_batch_finalize_total_-1,-5: 8.48 ms (max 8.48)
  road_batch_finalize_total_-1,0: 15.24 ms (max 15.24)
  road_batch_finalize_total_-2,-1: 20.82 ms (max 20.82)
  road_batch_finalize_total_-2,-2: 18.79 ms (max 18.79)
  road_batch_finalize_total_-2,-3: 15.34 ms (max 15.34)
  road_batch_finalize_total_-2,-4: 8.57 ms (max 8.64)
  road_batch_finalize_total_-2,0: 20.92 ms (max 20.92)
  road_batch_finalize_total_0,-1: 26.87 ms (max 26.87)
  road_batch_finalize_total_0,-2: 24.63 ms (max 24.63)
  road_batch_finalize_total_0,-3: 10.80 ms (max 10.80)
  road_batch_finalize_total_0,-4: 9.87 ms (max 9.87)
  road_batch_finalize_total_0,-5: 8.33 ms (max 8.33)
  road_batch_finalize_total_0,0: 24.82 ms (max 24.82)
  road_batch_finalize_total_0,1: 20.95 ms (max 20.95)
  road_batch_finalize_total_1,-1: 13.26 ms (max 13.26)
  road_batch_finalize_total_1,-2: 29.74 ms (max 29.74)
  road_batch_finalize_total_1,-3: 19.52 ms (max 19.52)
  road_batch_finalize_total_1,-4: 9.71 ms (max 9.71)
  road_batch_finalize_total_1,0: 12.47 ms (max 12.47)
  road_batch_finalize_total_2,-3: 6.47 ms (max 6.47)
  road_collision_create_-1,-1: 12.40 ms (max 30.21)
  road_collision_create_-1,-2: 2.67 ms (max 3.38)
  road_collision_create_-1,-3: 2.88 ms (max 5.48)
  road_collision_create_-1,-4: 4.69 ms (max 5.66)
  road_collision_create_-1,-5: 3.81 ms (max 4.26)
  road_collision_create_-1,0: 7.39 ms (max 12.66)
  road_collision_create_-2,-1: 6.73 ms (max 15.12)
  road_collision_create_-2,-2: 9.17 ms (max 16.47)
  road_collision_create_-2,-3: 4.80 ms (max 10.47)
  road_collision_create_-2,-4: 3.94 ms (max 5.41)
  road_collision_create_-2,0: 10.23 ms (max 17.11)
  road_collision_create_0,-1: 8.72 ms (max 20.84)
  road_collision_create_0,-2: 7.97 ms (max 17.50)
  road_collision_create_0,-3: 3.25 ms (max 4.54)
  road_collision_create_0,-4: 3.06 ms (max 6.25)
  road_collision_create_0,-5: 3.77 ms (max 4.07)
  road_collision_create_0,0: 8.07 ms (max 21.14)
  road_collision_create_0,1: 20.70 ms (max 20.70)
  road_collision_create_1,-1: 4.24 ms (max 9.37)
  road_collision_create_1,-2: 14.62 ms (max 26.58)
  road_collision_create_1,-3: 6.21 ms (max 14.58)
  road_collision_create_1,-4: 2.97 ms (max 3.86)
  road_collision_create_1,0: 12.21 ms (max 12.21)
  road_collision_create_2,-3: 2.88 ms (max 3.83)
===========================

=== PERFORMANCE METRICS ===
FPS: 20 | Frame: 47.8 ms (max 101.8) | Physics: 16.5 ms (max 78.0)
Godot Process: 23.31 ms | Physics: 10.47 ms
Objects: 71957 | Nodes: 30857 | Resources: 539
Draw calls: 4593 | Vertices: 4597859 | VRAM: 801.5 MB
Physics bodies: 467 | Collision pairs: 6488
===========================
⚡ PHYSICS SPIKE #145: 10.5 ms at 44.0s (Bodies: 467)
⚡ PHYSICS SPIKE #146: 10.5 ms at 44.0s (Bodies: 467)
⚡ PHYSICS SPIKE #147: 10.5 ms at 44.0s (Bodies: 467)
⚡ FRAME SPIKE #1163: 50.0 ms at 44.0s (Draw: 4594, Bodies: 467)
⚡ PHYSICS SPIKE #148: 10.5 ms at 44.1s (Bodies: 467)
⚡ PHYSICS SPIKE #149: 10.5 ms at 44.1s (Bodies: 467)
⚡ PHYSICS SPIKE #150: 10.5 ms at 44.1s (Bodies: 466)
⚡ FRAME SPIKE #1164: 50.0 ms at 44.1s (Draw: 4595, Bodies: 466)
⚡ PHYSICS SPIKE #151: 10.5 ms at 44.1s (Bodies: 466)
⚡ PHYSICS SPIKE #152: 10.5 ms at 44.1s (Bodies: 466)
⚡ PHYSICS SPIKE #153: 10.5 ms at 44.1s (Bodies: 466)
⚡ FRAME SPIKE #1165: 50.0 ms at 44.1s (Draw: 4596, Bodies: 466)
⚡ PHYSICS SPIKE #154: 10.5 ms at 44.2s (Bodies: 466)
⚡ PHYSICS SPIKE #155: 10.5 ms at 44.2s (Bodies: 466)
⚡ PHYSICS SPIKE #156: 10.5 ms at 44.2s (Bodies: 466)
⚡ FRAME SPIKE #1166: 50.0 ms at 44.2s (Draw: 4595, Bodies: 466)
⚡ PHYSICS SPIKE #157: 10.5 ms at 44.2s (Bodies: 466)
⚡ PHYSICS SPIKE #158: 10.5 ms at 44.2s (Bodies: 466)
⚡ PHYSICS SPIKE #159: 10.5 ms at 44.2s (Bodies: 466)
⚡ FRAME SPIKE #1167: 50.0 ms at 44.2s (Draw: 4596, Bodies: 466)
🚗 Traffic: 25 active NPCs (Near: 8, Mid: 11, Far: 6), 8 pooled
  → Physics bodies from NPCs: 25 (All: 25×1, было бы 25×5=125)

========== Bottleneck Analysis Report ==========
Time: 54.7s | Frames: 1431

📊 PERFORMANCE OVERVIEW:
  FPS: 20.5 avg | 17.0 min
  Frame Time: 36.75 ms avg | 70.90 ms max
  Physics Time: 9.59 ms avg

🔍 BOTTLENECK IDENTIFICATION:
  🔴 [CRITICAL] Frame Time
      Value: 36.75 ms (target: 16.67 ms)
      Impact: Overall performance bottleneck
      Suggestions:
        • Reduce draw calls
        • Optimize scripts in _process()
        • Check for expensive operations per frame

  🟠 [HIGH] Draw Calls
      Value: 4633 calls/frame
      Impact: GPU rendering overhead
      Suggestions:
        • Batch meshes by material
        • Use MultiMeshInstance3D
        • Implement LOD system
        • Enable frustum culling

  🟠 [HIGH] Physics Bodies
      Value: 426 active bodies
      Impact: Physics engine load
      Suggestions:
        • Reduce NPC count
        • Convert distant NPCs to kinematic
        • Disable physics for far objects

  🟡 [MEDIUM] Physics Time
      Value: 9.59 ms
      Impact: Physics simulation overhead
      Suggestions:
        • Reduce number of active physics bodies
        • Simplify collision shapes
        • Disable physics for distant objects

  🟡 [MEDIUM] Vertex Count
      Value: 4454792 vertices/frame
      Impact: GPU vertex processing
      Suggestions:
        • Implement LOD for distant objects
        • Simplify building meshes
        • Use lower poly models

  🟡 [MEDIUM] Node Count
      Value: 30857 nodes
      Impact: Scene tree traversal overhead
      Suggestions:
        • Unload distant chunks
        • Pool and reuse nodes
        • Flatten hierarchy where possible

  🟡 [MEDIUM] Post-Processing Effects
      Value: SSAO, Glow/Bloom, Volumetric Fog
      Impact: GPU shader overhead
      Suggestions:
        • Reduce SSR quality
        • Disable SSAO on low-end hardware
        • Use simpler fog

📈 DETAILED STATS:
  Draw Calls: 4633 avg | 5240 max
  Vertices: 4454792 avg | 4847133 max
  Physics Bodies: 426
  Nodes: 30857
  VRAM: 801.5 MB

=================================================

⚡ PHYSICS SPIKE #160: 10.5 ms at 44.3s (Bodies: 466)
⚡ PHYSICS SPIKE #161: 10.5 ms at 44.3s (Bodies: 466)
⚡ PHYSICS SPIKE #162: 10.5 ms at 44.3s (Bodies: 466)
⚡ FRAME SPIKE #1168: 50.0 ms at 44.3s (Draw: 4603, Bodies: 466)
⚡ PHYSICS SPIKE #163: 10.5 ms at 44.3s (Bodies: 466)
⚡ PHYSICS SPIKE #164: 10.5 ms at 44.3s (Bodies: 466)
⚡ PHYSICS SPIKE #165: 10.5 ms at 44.3s (Bodies: 466)
⚡ FRAME SPIKE #1169: 50.0 ms at 44.3s (Draw: 4601, Bodies: 466)
⚡ PHYSICS SPIKE #166: 10.5 ms at 44.4s (Bodies: 466)
⚡ PHYSICS SPIKE #167: 10.5 ms at 44.4s (Bodies: 466)
⚡ PHYSICS SPIKE #168: 10.5 ms at 44.4s (Bodies: 466)
⚡ FRAME SPIKE #1170: 50.0 ms at 44.4s (Draw: 4599, Bodies: 466)
⚡ PHYSICS SPIKE #169: 10.5 ms at 44.4s (Bodies: 466)
⚡ PHYSICS SPIKE #170: 10.5 ms at 44.4s (Bodies: 466)
⚡ PHYSICS SPIKE #171: 10.5 ms at 44.4s (Bodies: 466)
⚡ FRAME SPIKE #1171: 50.0 ms at 44.4s (Draw: 4599, Bodies: 466)
⚡ PHYSICS SPIKE #172: 10.5 ms at 44.5s (Bodies: 466)
⚡ PHYSICS SPIKE #173: 10.5 ms at 44.5s (Bodies: 466)
⚡ PHYSICS SPIKE #174: 10.5 ms at 44.5s (Bodies: 466)
⚡ FRAME SPIKE #1172: 51.2 ms at 44.5s (Draw: 4599, Bodies: 466)
⚡ PHYSICS SPIKE #175: 10.5 ms at 44.5s (Bodies: 466)
⚡ PHYSICS SPIKE #176: 10.5 ms at 44.5s (Bodies: 466)
⚡ PHYSICS SPIKE #177: 10.5 ms at 44.5s (Bodies: 466)
⚡ FRAME SPIKE #1173: 52.0 ms at 44.5s (Draw: 4599, Bodies: 466)
⚡ PHYSICS SPIKE #178: 10.5 ms at 44.6s (Bodies: 466)
⚡ PHYSICS SPIKE #179: 10.5 ms at 44.6s (Bodies: 466)
⚡ PHYSICS SPIKE #180: 10.5 ms at 44.6s (Bodies: 466)
⚡ PHYSICS SPIKE #181: 10.5 ms at 44.6s (Bodies: 466)
⚡ FRAME SPIKE #1174: 51.8 ms at 44.6s (Draw: 4599, Bodies: 466)
⚡ PHYSICS SPIKE #182: 11.8 ms at 44.6s (Bodies: 466)
⚡ PHYSICS SPIKE #183: 11.8 ms at 44.6s (Bodies: 466)
⚡ PHYSICS SPIKE #184: 11.8 ms at 44.6s (Bodies: 466)
⚡ FRAME SPIKE #1175: 60.0 ms at 44.6s (Draw: 4599, Bodies: 466)
⚡ PHYSICS SPIKE #185: 11.8 ms at 44.7s (Bodies: 466)
⚡ PHYSICS SPIKE #186: 11.8 ms at 44.7s (Bodies: 466)
⚡ PHYSICS SPIKE #187: 11.8 ms at 44.7s (Bodies: 466)
⚡ FRAME SPIKE #1176: 51.4 ms at 44.7s (Draw: 4599, Bodies: 466)
⚡ PHYSICS SPIKE #188: 11.8 ms at 44.7s (Bodies: 466)
⚡ PHYSICS SPIKE #189: 11.8 ms at 44.7s (Bodies: 466)
⚡ PHYSICS SPIKE #190: 11.8 ms at 44.7s (Bodies: 466)
⚡ FRAME SPIKE #1177: 51.4 ms at 44.7s (Draw: 4599, Bodies: 466)
⚡ PHYSICS SPIKE #191: 11.8 ms at 44.8s (Bodies: 466)
⚡ PHYSICS SPIKE #192: 11.8 ms at 44.8s (Bodies: 466)
⚡ PHYSICS SPIKE #193: 11.8 ms at 44.8s (Bodies: 466)
⚡ FRAME SPIKE #1178: 51.4 ms at 44.8s (Draw: 4599, Bodies: 466)
⚡ PHYSICS SPIKE #194: 11.8 ms at 44.9s (Bodies: 466)
⚡ PHYSICS SPIKE #195: 11.8 ms at 44.9s (Bodies: 466)
⚡ PHYSICS SPIKE #196: 11.8 ms at 44.9s (Bodies: 466)
⚡ FRAME SPIKE #1179: 51.1 ms at 44.9s (Draw: 4599, Bodies: 466)
⚡ PHYSICS SPIKE #197: 11.8 ms at 44.9s (Bodies: 466)
⚡ PHYSICS SPIKE #198: 11.8 ms at 44.9s (Bodies: 466)
⚡ PHYSICS SPIKE #199: 11.8 ms at 44.9s (Bodies: 466)
⚡ FRAME SPIKE #1180: 50.0 ms at 44.9s (Draw: 4599, Bodies: 466)
⚡ PHYSICS SPIKE #200: 11.8 ms at 45.0s (Bodies: 466)
⚡ PHYSICS SPIKE #201: 11.8 ms at 45.0s (Bodies: 466)
⚡ PHYSICS SPIKE #202: 11.8 ms at 45.0s (Bodies: 466)
⚡ FRAME SPIKE #1181: 50.0 ms at 45.0s (Draw: 4599, Bodies: 466)
⚡ PHYSICS SPIKE #203: 11.8 ms at 45.0s (Bodies: 466)
⚡ PHYSICS SPIKE #204: 11.8 ms at 45.0s (Bodies: 467)
⚡ PHYSICS SPIKE #205: 11.8 ms at 45.0s (Bodies: 467)
⚡ FRAME SPIKE #1182: 50.4 ms at 45.0s (Draw: 4608, Bodies: 467)
⚡ PHYSICS SPIKE #206: 11.8 ms at 45.1s (Bodies: 467)
⚡ PHYSICS SPIKE #207: 11.8 ms at 45.1s (Bodies: 467)
⚡ PHYSICS SPIKE #208: 11.8 ms at 45.1s (Bodies: 467)
⚡ FRAME SPIKE #1183: 50.0 ms at 45.1s (Draw: 4608, Bodies: 467)
⚡ PHYSICS SPIKE #209: 11.8 ms at 45.1s (Bodies: 467)
⚡ PHYSICS SPIKE #210: 11.8 ms at 45.1s (Bodies: 467)
⚡ PHYSICS SPIKE #211: 11.8 ms at 45.1s (Bodies: 467)
⚡ FRAME SPIKE #1184: 50.0 ms at 45.1s (Draw: 4606, Bodies: 467)
⚡ PHYSICS SPIKE #212: 11.8 ms at 45.2s (Bodies: 467)
⚡ PHYSICS SPIKE #213: 11.8 ms at 45.2s (Bodies: 467)
⚡ PHYSICS SPIKE #214: 11.8 ms at 45.2s (Bodies: 467)
⚡ FRAME SPIKE #1185: 50.0 ms at 45.2s (Draw: 4608, Bodies: 467)
⚡ PHYSICS SPIKE #215: 11.8 ms at 45.2s (Bodies: 467)
⚡ PHYSICS SPIKE #216: 11.8 ms at 45.2s (Bodies: 467)
⚡ PHYSICS SPIKE #217: 11.8 ms at 45.2s (Bodies: 467)
⚡ FRAME SPIKE #1186: 50.0 ms at 45.2s (Draw: 4608, Bodies: 467)
⚡ PHYSICS SPIKE #218: 11.8 ms at 45.3s (Bodies: 467)
⚡ PHYSICS SPIKE #219: 11.8 ms at 45.3s (Bodies: 467)
⚡ PHYSICS SPIKE #220: 11.8 ms at 45.3s (Bodies: 467)
⚡ FRAME SPIKE #1187: 50.0 ms at 45.3s (Draw: 4603, Bodies: 467)
⚡ PHYSICS SPIKE #221: 11.8 ms at 45.3s (Bodies: 467)
⚡ PHYSICS SPIKE #222: 11.8 ms at 45.3s (Bodies: 467)
⚡ PHYSICS SPIKE #223: 11.8 ms at 45.3s (Bodies: 467)
⚡ FRAME SPIKE #1188: 50.0 ms at 45.3s (Draw: 4603, Bodies: 467)
⚡ PHYSICS SPIKE #224: 11.8 ms at 45.4s (Bodies: 467)
⚡ PHYSICS SPIKE #225: 11.8 ms at 45.4s (Bodies: 467)
⚡ PHYSICS SPIKE #226: 11.8 ms at 45.4s (Bodies: 467)
⚡ FRAME SPIKE #1189: 50.2 ms at 45.4s (Draw: 4601, Bodies: 467)
⚡ PHYSICS SPIKE #227: 11.8 ms at 45.4s (Bodies: 467)
⚡ PHYSICS SPIKE #228: 11.8 ms at 45.4s (Bodies: 467)
⚡ PHYSICS SPIKE #229: 11.8 ms at 45.4s (Bodies: 467)
⚡ FRAME SPIKE #1190: 50.0 ms at 45.4s (Draw: 4601, Bodies: 467)
⚡ PHYSICS SPIKE #230: 11.8 ms at 45.5s (Bodies: 467)
⚡ PHYSICS SPIKE #231: 11.8 ms at 45.5s (Bodies: 467)
⚡ PHYSICS SPIKE #232: 11.8 ms at 45.5s (Bodies: 467)
⚡ FRAME SPIKE #1191: 50.0 ms at 45.5s (Draw: 4601, Bodies: 467)
⚡ PHYSICS SPIKE #233: 11.8 ms at 45.5s (Bodies: 467)
⚡ PHYSICS SPIKE #234: 11.8 ms at 45.5s (Bodies: 467)
⚡ PHYSICS SPIKE #235: 11.8 ms at 45.5s (Bodies: 467)
⚡ FRAME SPIKE #1192: 50.0 ms at 45.5s (Draw: 4598, Bodies: 467)
⚡ PHYSICS SPIKE #236: 11.8 ms at 45.6s (Bodies: 467)
⚡ PHYSICS SPIKE #237: 11.8 ms at 45.6s (Bodies: 467)
⚡ PHYSICS SPIKE #238: 11.8 ms at 45.6s (Bodies: 467)
⚡ FRAME SPIKE #1193: 50.0 ms at 45.6s (Draw: 4598, Bodies: 467)
⚡ PHYSICS SPIKE #239: 11.8 ms at 45.6s (Bodies: 467)
⚡ PHYSICS SPIKE #240: 11.8 ms at 45.6s (Bodies: 467)
⚡ PHYSICS SPIKE #241: 11.8 ms at 45.6s (Bodies: 467)
⚡ FRAME SPIKE #1194: 50.0 ms at 45.6s (Draw: 4598, Bodies: 467)
⚡ PHYSICS SPIKE #242: 11.0 ms at 45.7s (Bodies: 467)
⚡ PHYSICS SPIKE #243: 11.0 ms at 45.7s (Bodies: 467)
⚡ PHYSICS SPIKE #244: 11.0 ms at 45.7s (Bodies: 467)
⚡ FRAME SPIKE #1195: 50.0 ms at 45.7s (Draw: 4598, Bodies: 467)
⚡ PHYSICS SPIKE #245: 11.0 ms at 45.7s (Bodies: 467)
⚡ PHYSICS SPIKE #246: 11.0 ms at 45.7s (Bodies: 467)
⚡ PHYSICS SPIKE #247: 11.0 ms at 45.7s (Bodies: 467)
⚡ FRAME SPIKE #1196: 50.0 ms at 45.7s (Draw: 4598, Bodies: 467)
⚡ PHYSICS SPIKE #248: 11.0 ms at 45.8s (Bodies: 467)
⚡ PHYSICS SPIKE #249: 11.0 ms at 45.8s (Bodies: 467)
⚡ PHYSICS SPIKE #250: 11.0 ms at 45.8s (Bodies: 467)
⚡ FRAME SPIKE #1197: 50.0 ms at 45.8s (Draw: 4599, Bodies: 467)
⚡ PHYSICS SPIKE #251: 11.0 ms at 45.8s (Bodies: 467)
⚡ PHYSICS SPIKE #252: 11.0 ms at 45.8s (Bodies: 467)
⚡ PHYSICS SPIKE #253: 11.0 ms at 45.8s (Bodies: 467)
⚡ FRAME SPIKE #1198: 50.0 ms at 45.8s (Draw: 4599, Bodies: 467)
⚡ PHYSICS SPIKE #254: 11.0 ms at 45.9s (Bodies: 467)
⚡ PHYSICS SPIKE #255: 11.0 ms at 45.9s (Bodies: 467)
⚡ PHYSICS SPIKE #256: 11.0 ms at 45.9s (Bodies: 467)
⚡ FRAME SPIKE #1199: 50.0 ms at 45.9s (Draw: 4599, Bodies: 467)
⚡ PHYSICS SPIKE #257: 11.0 ms at 45.9s (Bodies: 467)
⚡ PHYSICS SPIKE #258: 11.0 ms at 45.9s (Bodies: 467)
⚡ PHYSICS SPIKE #259: 11.0 ms at 45.9s (Bodies: 467)
⚡ FRAME SPIKE #1200: 50.0 ms at 45.9s (Draw: 4599, Bodies: 467)
⚡ PHYSICS SPIKE #260: 11.0 ms at 46.0s (Bodies: 467)
⚡ PHYSICS SPIKE #261: 11.0 ms at 46.0s (Bodies: 467)
⚡ PHYSICS SPIKE #262: 11.0 ms at 46.0s (Bodies: 467)
⚡ FRAME SPIKE #1201: 50.0 ms at 46.0s (Draw: 4599, Bodies: 467)
⚡ PHYSICS SPIKE #263: 11.0 ms at 46.0s (Bodies: 467)
⚡ PHYSICS SPIKE #264: 11.0 ms at 46.0s (Bodies: 468)
⚡ PHYSICS SPIKE #265: 11.0 ms at 46.0s (Bodies: 468)
⚡ FRAME SPIKE #1202: 50.0 ms at 46.0s (Draw: 4603, Bodies: 468)
⚡ PHYSICS SPIKE #266: 11.0 ms at 46.1s (Bodies: 468)
⚡ PHYSICS SPIKE #267: 11.0 ms at 46.1s (Bodies: 468)
⚡ PHYSICS SPIKE #268: 11.0 ms at 46.1s (Bodies: 468)
⚡ FRAME SPIKE #1203: 50.0 ms at 46.1s (Draw: 4603, Bodies: 468)
⚡ PHYSICS SPIKE #269: 11.0 ms at 46.1s (Bodies: 468)
⚡ PHYSICS SPIKE #270: 11.0 ms at 46.1s (Bodies: 468)
⚡ PHYSICS SPIKE #271: 11.0 ms at 46.1s (Bodies: 468)
⚡ FRAME SPIKE #1204: 50.0 ms at 46.1s (Draw: 4600, Bodies: 468)
⚡ PHYSICS SPIKE #272: 11.0 ms at 46.2s (Bodies: 468)
⚡ PHYSICS SPIKE #273: 11.0 ms at 46.2s (Bodies: 468)
⚡ PHYSICS SPIKE #274: 11.0 ms at 46.2s (Bodies: 467)
⚡ FRAME SPIKE #1205: 50.0 ms at 46.2s (Draw: 4602, Bodies: 467)
⚡ PHYSICS SPIKE #275: 11.0 ms at 46.2s (Bodies: 467)
⚡ PHYSICS SPIKE #276: 11.0 ms at 46.2s (Bodies: 467)
⚡ PHYSICS SPIKE #277: 11.0 ms at 46.2s (Bodies: 467)
⚡ FRAME SPIKE #1206: 50.0 ms at 46.2s (Draw: 4597, Bodies: 467)
⚡ PHYSICS SPIKE #278: 11.0 ms at 46.3s (Bodies: 467)
⚡ PHYSICS SPIKE #279: 11.0 ms at 46.3s (Bodies: 467)
⚡ PHYSICS SPIKE #280: 11.0 ms at 46.3s (Bodies: 467)
⚡ FRAME SPIKE #1207: 50.0 ms at 46.3s (Draw: 4602, Bodies: 467)
🚗 Traffic: 26 active NPCs (Near: 8, Mid: 11, Far: 7), 7 pooled
  → Physics bodies from NPCs: 26 (All: 26×1, было бы 26×5=130)

========== Bottleneck Analysis Report ==========
Time: 56.7s | Frames: 1471

📊 PERFORMANCE OVERVIEW:
  FPS: 20.0 avg | 17.0 min
  Frame Time: 26.48 ms avg | 70.90 ms max
  Physics Time: 10.44 ms avg

🔍 BOTTLENECK IDENTIFICATION:
  🔴 [CRITICAL] Physics Time
      Value: 10.44 ms
      Impact: Physics simulation overhead
      Suggestions:
        • Reduce number of active physics bodies
        • Simplify collision shapes
        • Disable physics for distant objects

  🟠 [HIGH] Frame Time
      Value: 26.48 ms (target: 16.67 ms)
      Impact: Overall performance bottleneck
      Suggestions:
        • Reduce draw calls
        • Optimize scripts in _process()
        • Check for expensive operations per frame

  🟠 [HIGH] Draw Calls
      Value: 4564 calls/frame
      Impact: GPU rendering overhead
      Suggestions:
        • Batch meshes by material
        • Use MultiMeshInstance3D
        • Implement LOD system
        • Enable frustum culling

  🟠 [HIGH] Physics Bodies
      Value: 448 active bodies
      Impact: Physics engine load
      Suggestions:
        • Reduce NPC count
        • Convert distant NPCs to kinematic
        • Disable physics for far objects

  🟡 [MEDIUM] Vertex Count
      Value: 4485925 vertices/frame
      Impact: GPU vertex processing
      Suggestions:
        • Implement LOD for distant objects
        • Simplify building meshes
        • Use lower poly models

  🟡 [MEDIUM] Node Count
      Value: 30857 nodes
      Impact: Scene tree traversal overhead
      Suggestions:
        • Unload distant chunks
        • Pool and reuse nodes
        • Flatten hierarchy where possible

  🟡 [MEDIUM] Post-Processing Effects
      Value: SSAO, Glow/Bloom, Volumetric Fog
      Impact: GPU shader overhead
      Suggestions:
        • Reduce SSR quality
        • Disable SSAO on low-end hardware
        • Use simpler fog

📈 DETAILED STATS:
  Draw Calls: 4564 avg | 4608 max
  Vertices: 4485925 avg | 4603635 max
  Physics Bodies: 448
  Nodes: 30857
  VRAM: 801.5 MB

=================================================

⚡ PHYSICS SPIKE #281: 11.0 ms at 46.3s (Bodies: 467)
⚡ PHYSICS SPIKE #282: 11.0 ms at 46.3s (Bodies: 467)
⚡ PHYSICS SPIKE #283: 11.0 ms at 46.3s (Bodies: 467)
⚡ FRAME SPIKE #1208: 50.0 ms at 46.3s (Draw: 4603, Bodies: 467)
⚡ PHYSICS SPIKE #284: 11.0 ms at 46.4s (Bodies: 467)
⚡ PHYSICS SPIKE #285: 11.0 ms at 46.4s (Bodies: 467)
⚡ PHYSICS SPIKE #286: 11.0 ms at 46.4s (Bodies: 467)
⚡ FRAME SPIKE #1209: 50.0 ms at 46.4s (Draw: 4602, Bodies: 467)
⚡ PHYSICS SPIKE #287: 11.0 ms at 46.4s (Bodies: 467)
⚡ PHYSICS SPIKE #288: 11.0 ms at 46.4s (Bodies: 467)
⚡ PHYSICS SPIKE #289: 11.0 ms at 46.4s (Bodies: 467)
⚡ FRAME SPIKE #1210: 50.0 ms at 46.4s (Draw: 4601, Bodies: 467)
⚡ PHYSICS SPIKE #290: 11.0 ms at 46.5s (Bodies: 467)
⚡ PHYSICS SPIKE #291: 11.0 ms at 46.5s (Bodies: 467)
⚡ PHYSICS SPIKE #292: 11.0 ms at 46.5s (Bodies: 467)
⚡ FRAME SPIKE #1211: 50.0 ms at 46.5s (Draw: 4602, Bodies: 467)
⚡ PHYSICS SPIKE #293: 11.0 ms at 46.5s (Bodies: 467)
⚡ PHYSICS SPIKE #294: 11.0 ms at 46.5s (Bodies: 467)
⚡ PHYSICS SPIKE #295: 11.0 ms at 46.5s (Bodies: 467)
⚡ FRAME SPIKE #1212: 50.0 ms at 46.5s (Draw: 4602, Bodies: 467)
⚡ PHYSICS SPIKE #296: 11.0 ms at 46.6s (Bodies: 467)
⚡ PHYSICS SPIKE #297: 11.0 ms at 46.6s (Bodies: 467)
⚡ PHYSICS SPIKE #298: 11.0 ms at 46.6s (Bodies: 467)
⚡ FRAME SPIKE #1213: 50.0 ms at 46.6s (Draw: 4602, Bodies: 467)
⚡ PHYSICS SPIKE #299: 11.0 ms at 46.6s (Bodies: 467)
⚡ PHYSICS SPIKE #300: 11.0 ms at 46.6s (Bodies: 467)
⚡ PHYSICS SPIKE #301: 11.0 ms at 46.6s (Bodies: 467)
⚡ PHYSICS SPIKE #302: 11.0 ms at 46.6s (Bodies: 467)
⚡ FRAME SPIKE #1214: 50.3 ms at 46.6s (Draw: 4602, Bodies: 467)
⚡ PHYSICS SPIKE #303: 11.0 ms at 46.7s (Bodies: 467)
⚡ PHYSICS SPIKE #304: 11.0 ms at 46.7s (Bodies: 467)
⚡ PHYSICS SPIKE #305: 11.0 ms at 46.7s (Bodies: 467)
⚡ FRAME SPIKE #1215: 52.3 ms at 46.7s (Draw: 4602, Bodies: 467)
⚡ PHYSICS SPIKE #306: 11.0 ms at 46.7s (Bodies: 467)
⚡ PHYSICS SPIKE #307: 11.0 ms at 46.7s (Bodies: 467)
⚡ PHYSICS SPIKE #308: 11.0 ms at 46.7s (Bodies: 467)
⚡ FRAME SPIKE #1216: 51.4 ms at 46.7s (Draw: 4592, Bodies: 467)
⚡ PHYSICS SPIKE #309: 11.0 ms at 46.8s (Bodies: 467)
⚡ PHYSICS SPIKE #310: 11.0 ms at 46.8s (Bodies: 467)
⚡ PHYSICS SPIKE #311: 11.0 ms at 46.8s (Bodies: 467)
⚡ FRAME SPIKE #1217: 51.4 ms at 46.8s (Draw: 4592, Bodies: 467)
⚡ PHYSICS SPIKE #312: 11.0 ms at 46.8s (Bodies: 467)
⚡ PHYSICS SPIKE #313: 11.0 ms at 46.8s (Bodies: 467)
⚡ PHYSICS SPIKE #314: 11.0 ms at 46.8s (Bodies: 467)
⚡ FRAME SPIKE #1218: 51.4 ms at 46.8s (Draw: 4594, Bodies: 467)
⚡ PHYSICS SPIKE #315: 11.0 ms at 46.9s (Bodies: 467)
⚡ PHYSICS SPIKE #316: 11.0 ms at 46.9s (Bodies: 467)
⚡ PHYSICS SPIKE #317: 11.0 ms at 46.9s (Bodies: 467)
⚡ FRAME SPIKE #1219: 51.4 ms at 46.9s (Draw: 4594, Bodies: 467)
⚡ PHYSICS SPIKE #318: 11.0 ms at 46.9s (Bodies: 467)
⚡ PHYSICS SPIKE #319: 11.0 ms at 46.9s (Bodies: 467)
⚡ PHYSICS SPIKE #320: 11.0 ms at 46.9s (Bodies: 467)
⚡ FRAME SPIKE #1220: 51.4 ms at 46.9s (Draw: 4592, Bodies: 467)
⚡ PHYSICS SPIKE #321: 11.0 ms at 47.0s (Bodies: 467)
⚡ PHYSICS SPIKE #322: 11.0 ms at 47.0s (Bodies: 467)
⚡ PHYSICS SPIKE #323: 11.0 ms at 47.0s (Bodies: 467)
⚡ FRAME SPIKE #1221: 51.4 ms at 47.0s (Draw: 4591, Bodies: 467)
⚡ PHYSICS SPIKE #324: 11.0 ms at 47.0s (Bodies: 467)
⚡ PHYSICS SPIKE #325: 11.0 ms at 47.0s (Bodies: 469)
⚡ PHYSICS SPIKE #326: 11.0 ms at 47.0s (Bodies: 469)
⚡ FRAME SPIKE #1222: 51.4 ms at 47.0s (Draw: 4591, Bodies: 469)
⚡ PHYSICS SPIKE #327: 11.0 ms at 47.1s (Bodies: 469)
⚡ PHYSICS SPIKE #328: 11.0 ms at 47.1s (Bodies: 469)
⚡ PHYSICS SPIKE #329: 11.0 ms at 47.1s (Bodies: 469)
⚡ FRAME SPIKE #1223: 51.4 ms at 47.1s (Draw: 4591, Bodies: 469)
⚡ PHYSICS SPIKE #330: 11.0 ms at 47.1s (Bodies: 469)
⚡ PHYSICS SPIKE #331: 11.0 ms at 47.1s (Bodies: 469)
⚡ PHYSICS SPIKE #332: 11.0 ms at 47.1s (Bodies: 469)
⚡ FRAME SPIKE #1224: 51.4 ms at 47.1s (Draw: 4591, Bodies: 469)
⚡ PHYSICS SPIKE #333: 11.0 ms at 47.2s (Bodies: 469)
⚡ PHYSICS SPIKE #334: 11.0 ms at 47.2s (Bodies: 469)
⚡ PHYSICS SPIKE #335: 11.0 ms at 47.2s (Bodies: 469)
⚡ FRAME SPIKE #1225: 50.0 ms at 47.2s (Draw: 4591, Bodies: 469)
⚡ PHYSICS SPIKE #336: 11.0 ms at 47.2s (Bodies: 469)
⚡ PHYSICS SPIKE #337: 11.0 ms at 47.2s (Bodies: 469)
⚡ PHYSICS SPIKE #338: 11.0 ms at 47.2s (Bodies: 469)
⚡ FRAME SPIKE #1226: 51.3 ms at 47.2s (Draw: 4591, Bodies: 469)
⚡ PHYSICS SPIKE #339: 11.0 ms at 47.3s (Bodies: 469)
⚡ PHYSICS SPIKE #340: 11.0 ms at 47.3s (Bodies: 469)
⚡ PHYSICS SPIKE #341: 11.0 ms at 47.3s (Bodies: 469)
⚡ PHYSICS SPIKE #342: 11.0 ms at 47.3s (Bodies: 469)
⚡ FRAME SPIKE #1227: 50.8 ms at 47.3s (Draw: 4591, Bodies: 469)
⚡ PHYSICS SPIKE #343: 11.0 ms at 47.3s (Bodies: 469)
⚡ PHYSICS SPIKE #344: 11.0 ms at 47.3s (Bodies: 469)
⚡ PHYSICS SPIKE #345: 11.0 ms at 47.3s (Bodies: 469)
⚡ FRAME SPIKE #1228: 51.6 ms at 47.3s (Draw: 4591, Bodies: 469)
⚡ PHYSICS SPIKE #346: 11.0 ms at 47.4s (Bodies: 469)
⚡ PHYSICS SPIKE #347: 11.0 ms at 47.4s (Bodies: 469)
⚡ PHYSICS SPIKE #348: 11.0 ms at 47.4s (Bodies: 469)
⚡ FRAME SPIKE #1229: 51.4 ms at 47.4s (Draw: 4590, Bodies: 469)
⚡ PHYSICS SPIKE #349: 11.0 ms at 47.4s (Bodies: 469)
⚡ PHYSICS SPIKE #350: 11.0 ms at 47.4s (Bodies: 469)
⚡ PHYSICS SPIKE #351: 11.0 ms at 47.4s (Bodies: 469)
⚡ FRAME SPIKE #1230: 51.4 ms at 47.4s (Draw: 4593, Bodies: 469)
⚡ PHYSICS SPIKE #352: 11.0 ms at 47.5s (Bodies: 469)
⚡ PHYSICS SPIKE #353: 11.0 ms at 47.5s (Bodies: 469)
⚡ PHYSICS SPIKE #354: 11.0 ms at 47.5s (Bodies: 469)
⚡ FRAME SPIKE #1231: 51.4 ms at 47.5s (Draw: 4592, Bodies: 469)
⚡ PHYSICS SPIKE #355: 11.0 ms at 47.5s (Bodies: 469)
⚡ PHYSICS SPIKE #356: 11.0 ms at 47.5s (Bodies: 469)
⚡ PHYSICS SPIKE #357: 11.0 ms at 47.5s (Bodies: 469)
⚡ FRAME SPIKE #1232: 51.4 ms at 47.5s (Draw: 4591, Bodies: 469)
⚡ PHYSICS SPIKE #358: 11.0 ms at 47.6s (Bodies: 469)
⚡ PHYSICS SPIKE #359: 11.0 ms at 47.6s (Bodies: 469)
⚡ PHYSICS SPIKE #360: 11.0 ms at 47.6s (Bodies: 469)
⚡ FRAME SPIKE #1233: 51.4 ms at 47.6s (Draw: 4591, Bodies: 469)
⚡ PHYSICS SPIKE #361: 11.3 ms at 47.6s (Bodies: 469)
⚡ PHYSICS SPIKE #362: 11.3 ms at 47.6s (Bodies: 469)
⚡ PHYSICS SPIKE #363: 11.3 ms at 47.6s (Bodies: 469)
⚡ FRAME SPIKE #1234: 51.4 ms at 47.6s (Draw: 4591, Bodies: 469)
⚡ PHYSICS SPIKE #364: 11.3 ms at 47.7s (Bodies: 469)
⚡ PHYSICS SPIKE #365: 11.3 ms at 47.7s (Bodies: 469)
⚡ PHYSICS SPIKE #366: 11.3 ms at 47.7s (Bodies: 469)
⚡ FRAME SPIKE #1235: 51.4 ms at 47.7s (Draw: 4591, Bodies: 469)
⚡ PHYSICS SPIKE #367: 11.3 ms at 47.7s (Bodies: 469)
⚡ PHYSICS SPIKE #368: 11.3 ms at 47.7s (Bodies: 469)
⚡ PHYSICS SPIKE #369: 11.3 ms at 47.7s (Bodies: 469)
⚡ FRAME SPIKE #1236: 51.4 ms at 47.7s (Draw: 4591, Bodies: 469)
⚡ PHYSICS SPIKE #370: 11.3 ms at 47.8s (Bodies: 469)
⚡ PHYSICS SPIKE #371: 11.3 ms at 47.8s (Bodies: 469)
⚡ PHYSICS SPIKE #372: 11.3 ms at 47.8s (Bodies: 469)
⚡ FRAME SPIKE #1237: 51.3 ms at 47.8s (Draw: 4590, Bodies: 469)
⚡ PHYSICS SPIKE #373: 11.3 ms at 47.8s (Bodies: 469)
⚡ PHYSICS SPIKE #374: 11.3 ms at 47.8s (Bodies: 469)
⚡ PHYSICS SPIKE #375: 11.3 ms at 47.8s (Bodies: 469)
⚡ FRAME SPIKE #1238: 51.3 ms at 47.8s (Draw: 4586, Bodies: 469)
⚡ PHYSICS SPIKE #376: 11.3 ms at 47.9s (Bodies: 469)
⚡ PHYSICS SPIKE #377: 11.3 ms at 47.9s (Bodies: 468)
⚡ PHYSICS SPIKE #378: 11.3 ms at 47.9s (Bodies: 468)
⚡ PHYSICS SPIKE #379: 11.3 ms at 47.9s (Bodies: 468)
⚡ FRAME SPIKE #1239: 51.2 ms at 47.9s (Draw: 4586, Bodies: 468)
⚡ PHYSICS SPIKE #380: 11.3 ms at 47.9s (Bodies: 468)
⚡ PHYSICS SPIKE #381: 11.3 ms at 47.9s (Bodies: 468)
⚡ PHYSICS SPIKE #382: 11.3 ms at 47.9s (Bodies: 468)
⚡ FRAME SPIKE #1240: 52.2 ms at 47.9s (Draw: 4589, Bodies: 468)
⚡ PHYSICS SPIKE #383: 11.3 ms at 48.0s (Bodies: 468)
⚡ PHYSICS SPIKE #384: 11.3 ms at 48.0s (Bodies: 468)
⚡ PHYSICS SPIKE #385: 11.3 ms at 48.0s (Bodies: 468)
⚡ FRAME SPIKE #1241: 51.4 ms at 48.0s (Draw: 4591, Bodies: 468)
⚡ PHYSICS SPIKE #386: 11.3 ms at 48.0s (Bodies: 468)
⚡ PHYSICS SPIKE #387: 11.3 ms at 48.0s (Bodies: 468)
⚡ PHYSICS SPIKE #388: 11.3 ms at 48.0s (Bodies: 468)
⚡ FRAME SPIKE #1242: 52.0 ms at 48.0s (Draw: 4591, Bodies: 468)
⚡ PHYSICS SPIKE #389: 11.3 ms at 48.1s (Bodies: 468)
⚡ PHYSICS SPIKE #390: 11.3 ms at 48.1s (Bodies: 468)
⚡ PHYSICS SPIKE #391: 11.3 ms at 48.1s (Bodies: 468)
⚡ FRAME SPIKE #1243: 51.4 ms at 48.1s (Draw: 4591, Bodies: 468)
⚡ PHYSICS SPIKE #392: 11.3 ms at 48.1s (Bodies: 468)
⚡ PHYSICS SPIKE #393: 11.3 ms at 48.1s (Bodies: 468)
⚡ PHYSICS SPIKE #394: 11.3 ms at 48.1s (Bodies: 468)
⚡ FRAME SPIKE #1244: 51.4 ms at 48.1s (Draw: 4591, Bodies: 467)
⚡ PHYSICS SPIKE #395: 11.3 ms at 48.2s (Bodies: 467)
⚡ PHYSICS SPIKE #396: 11.3 ms at 48.2s (Bodies: 467)
⚡ PHYSICS SPIKE #397: 11.3 ms at 48.2s (Bodies: 467)
⚡ FRAME SPIKE #1245: 51.4 ms at 48.2s (Draw: 4590, Bodies: 467)
⚡ PHYSICS SPIKE #398: 11.3 ms at 48.2s (Bodies: 467)
⚡ PHYSICS SPIKE #399: 11.3 ms at 48.2s (Bodies: 467)
⚡ PHYSICS SPIKE #400: 11.3 ms at 48.2s (Bodies: 467)
⚡ FRAME SPIKE #1246: 51.4 ms at 48.2s (Draw: 4590, Bodies: 467)
⚡ PHYSICS SPIKE #401: 11.3 ms at 48.3s (Bodies: 467)
⚡ PHYSICS SPIKE #402: 11.3 ms at 48.3s (Bodies: 467)
⚡ PHYSICS SPIKE #403: 11.3 ms at 48.3s (Bodies: 467)
⚡ FRAME SPIKE #1247: 51.4 ms at 48.3s (Draw: 4586, Bodies: 467)
🚗 Traffic: 26 active NPCs (Near: 9, Mid: 11, Far: 6), 7 pooled
  → Physics bodies from NPCs: 26 (All: 26×1, было бы 26×5=130)

========== Bottleneck Analysis Report ==========
Time: 58.8s | Frames: 1511

📊 PERFORMANCE OVERVIEW:
  FPS: 19.9 avg | 19.0 min
  Frame Time: 22.49 ms avg | 24.14 ms max
  Physics Time: 10.93 ms avg

🔍 BOTTLENECK IDENTIFICATION:
  🔴 [CRITICAL] Physics Time
      Value: 10.93 ms
      Impact: Physics simulation overhead
      Suggestions:
        • Reduce number of active physics bodies
        • Simplify collision shapes
        • Disable physics for distant objects

  🟠 [HIGH] Frame Time
      Value: 22.49 ms (target: 16.67 ms)
      Impact: Overall performance bottleneck
      Suggestions:
        • Reduce draw calls
        • Optimize scripts in _process()
        • Check for expensive operations per frame

  🟠 [HIGH] Draw Calls
      Value: 4591 calls/frame
      Impact: GPU rendering overhead
      Suggestions:
        • Batch meshes by material
        • Use MultiMeshInstance3D
        • Implement LOD system
        • Enable frustum culling

  🟠 [HIGH] Physics Bodies
      Value: 463 active bodies
      Impact: Physics engine load
      Suggestions:
        • Reduce NPC count
        • Convert distant NPCs to kinematic
        • Disable physics for far objects

  🟡 [MEDIUM] Vertex Count
      Value: 4569857 vertices/frame
      Impact: GPU vertex processing
      Suggestions:
        • Implement LOD for distant objects
        • Simplify building meshes
        • Use lower poly models

  🟡 [MEDIUM] Node Count
      Value: 30857 nodes
      Impact: Scene tree traversal overhead
      Suggestions:
        • Unload distant chunks
        • Pool and reuse nodes
        • Flatten hierarchy where possible

  🟡 [MEDIUM] Post-Processing Effects
      Value: SSAO, Glow/Bloom, Volumetric Fog
      Impact: GPU shader overhead
      Suggestions:
        • Reduce SSR quality
        • Disable SSAO on low-end hardware
        • Use simpler fog

📈 DETAILED STATS:
  Draw Calls: 4591 avg | 4608 max
  Vertices: 4569857 avg | 4606859 max
  Physics Bodies: 463
  Nodes: 30857
  VRAM: 801.5 MB

=================================================

⚡ PHYSICS SPIKE #404: 11.3 ms at 48.3s (Bodies: 467)
⚡ PHYSICS SPIKE #405: 11.3 ms at 48.3s (Bodies: 467)
⚡ PHYSICS SPIKE #406: 11.3 ms at 48.3s (Bodies: 467)
⚡ FRAME SPIKE #1248: 51.4 ms at 48.3s (Draw: 4586, Bodies: 467)
⚡ PHYSICS SPIKE #407: 11.3 ms at 48.4s (Bodies: 467)
⚡ PHYSICS SPIKE #408: 11.3 ms at 48.4s (Bodies: 467)
⚡ PHYSICS SPIKE #409: 11.3 ms at 48.4s (Bodies: 467)
⚡ FRAME SPIKE #1249: 50.0 ms at 48.4s (Draw: 4591, Bodies: 467)
⚡ PHYSICS SPIKE #410: 11.3 ms at 48.5s (Bodies: 467)
⚡ PHYSICS SPIKE #411: 11.3 ms at 48.5s (Bodies: 467)
⚡ PHYSICS SPIKE #412: 11.3 ms at 48.5s (Bodies: 467)
⚡ FRAME SPIKE #1250: 50.0 ms at 48.5s (Draw: 4591, Bodies: 467)
⚡ PHYSICS SPIKE #413: 11.3 ms at 48.5s (Bodies: 467)
⚡ PHYSICS SPIKE #414: 11.3 ms at 48.5s (Bodies: 467)
⚡ PHYSICS SPIKE #415: 11.3 ms at 48.5s (Bodies: 467)
⚡ FRAME SPIKE #1251: 50.0 ms at 48.5s (Draw: 4590, Bodies: 467)
⚡ PHYSICS SPIKE #416: 11.3 ms at 48.6s (Bodies: 467)
⚡ PHYSICS SPIKE #417: 11.3 ms at 48.6s (Bodies: 467)
⚡ PHYSICS SPIKE #418: 11.3 ms at 48.6s (Bodies: 467)
⚡ FRAME SPIKE #1252: 50.0 ms at 48.6s (Draw: 4591, Bodies: 467)
⚡ PHYSICS SPIKE #419: 11.3 ms at 48.6s (Bodies: 467)
⚡ PHYSICS SPIKE #420: 11.3 ms at 48.6s (Bodies: 467)
⚡ PHYSICS SPIKE #421: 11.3 ms at 48.6s (Bodies: 467)
⚡ FRAME SPIKE #1253: 50.0 ms at 48.6s (Draw: 4591, Bodies: 467)
⚡ PHYSICS SPIKE #422: 11.1 ms at 48.7s (Bodies: 467)
⚡ PHYSICS SPIKE #423: 11.1 ms at 48.7s (Bodies: 467)
⚡ PHYSICS SPIKE #424: 11.1 ms at 48.7s (Bodies: 467)
⚡ FRAME SPIKE #1254: 50.0 ms at 48.7s (Draw: 4592, Bodies: 467)
⚡ PHYSICS SPIKE #425: 11.1 ms at 48.7s (Bodies: 467)
⚡ PHYSICS SPIKE #426: 11.1 ms at 48.7s (Bodies: 467)
⚡ PHYSICS SPIKE #427: 11.1 ms at 48.7s (Bodies: 467)
⚡ FRAME SPIKE #1255: 50.0 ms at 48.7s (Draw: 4590, Bodies: 467)
⚡ PHYSICS SPIKE #428: 11.1 ms at 48.8s (Bodies: 467)
⚡ PHYSICS SPIKE #429: 11.1 ms at 48.8s (Bodies: 467)
⚡ PHYSICS SPIKE #430: 11.1 ms at 48.8s (Bodies: 467)
⚡ FRAME SPIKE #1256: 50.0 ms at 48.8s (Draw: 4589, Bodies: 467)
⚡ PHYSICS SPIKE #431: 11.1 ms at 48.8s (Bodies: 467)
⚡ PHYSICS SPIKE #432: 11.1 ms at 48.8s (Bodies: 467)
⚡ PHYSICS SPIKE #433: 11.1 ms at 48.8s (Bodies: 467)
⚡ FRAME SPIKE #1257: 50.0 ms at 48.8s (Draw: 4588, Bodies: 467)
⚡ PHYSICS SPIKE #434: 11.1 ms at 48.9s (Bodies: 467)
⚡ PHYSICS SPIKE #435: 11.1 ms at 48.9s (Bodies: 467)
⚡ PHYSICS SPIKE #436: 11.1 ms at 48.9s (Bodies: 467)
⚡ FRAME SPIKE #1258: 50.0 ms at 48.9s (Draw: 4588, Bodies: 467)
⚡ PHYSICS SPIKE #437: 11.1 ms at 48.9s (Bodies: 467)
⚡ PHYSICS SPIKE #438: 11.1 ms at 48.9s (Bodies: 467)
⚡ PHYSICS SPIKE #439: 11.1 ms at 48.9s (Bodies: 467)
⚡ FRAME SPIKE #1259: 50.0 ms at 48.9s (Draw: 4588, Bodies: 467)
⚡ PHYSICS SPIKE #440: 11.1 ms at 49.0s (Bodies: 467)
⚡ PHYSICS SPIKE #441: 11.1 ms at 49.0s (Bodies: 467)
⚡ PHYSICS SPIKE #442: 11.1 ms at 49.0s (Bodies: 467)
⚡ FRAME SPIKE #1260: 50.0 ms at 49.0s (Draw: 4590, Bodies: 467)
⚡ PHYSICS SPIKE #443: 11.1 ms at 49.0s (Bodies: 467)
⚡ PHYSICS SPIKE #444: 11.1 ms at 49.0s (Bodies: 467)
⚡ PHYSICS SPIKE #445: 11.1 ms at 49.0s (Bodies: 467)
⚡ FRAME SPIKE #1261: 50.0 ms at 49.0s (Draw: 4584, Bodies: 467)

=== PERFORMANCE METRICS ===
FPS: 20 | Frame: 48.5 ms (max 86.3) | Physics: 16.6 ms (max 32.7)
Godot Process: 22.11 ms | Physics: 11.11 ms
Objects: 71957 | Nodes: 30857 | Resources: 539
Draw calls: 4584 | Vertices: 4610599 | VRAM: 801.5 MB
Physics bodies: 467 | Collision pairs: 6459
--- System Times ---
  road_batch_finalize_total_-1,-1: 37.99 ms (max 37.99)
  road_batch_finalize_total_-1,-2: 5.72 ms (max 5.72)
  road_batch_finalize_total_-1,-3: 9.52 ms (max 9.52)
  road_batch_finalize_total_-1,-4: 10.14 ms (max 10.14)
  road_batch_finalize_total_-1,-5: 8.48 ms (max 8.48)
  road_batch_finalize_total_-1,0: 15.24 ms (max 15.24)
  road_batch_finalize_total_-2,-1: 20.82 ms (max 20.82)
  road_batch_finalize_total_-2,-2: 18.79 ms (max 18.79)
  road_batch_finalize_total_-2,-3: 15.34 ms (max 15.34)
  road_batch_finalize_total_-2,-4: 8.57 ms (max 8.64)
  road_batch_finalize_total_-2,0: 20.92 ms (max 20.92)
  road_batch_finalize_total_0,-1: 26.87 ms (max 26.87)
  road_batch_finalize_total_0,-2: 24.63 ms (max 24.63)
  road_batch_finalize_total_0,-3: 10.80 ms (max 10.80)
  road_batch_finalize_total_0,-4: 9.87 ms (max 9.87)
  road_batch_finalize_total_0,-5: 8.33 ms (max 8.33)
  road_batch_finalize_total_0,0: 24.82 ms (max 24.82)
  road_batch_finalize_total_0,1: 20.95 ms (max 20.95)
  road_batch_finalize_total_1,-1: 13.26 ms (max 13.26)
  road_batch_finalize_total_1,-2: 29.74 ms (max 29.74)
  road_batch_finalize_total_1,-3: 19.52 ms (max 19.52)
  road_batch_finalize_total_1,-4: 9.71 ms (max 9.71)
  road_batch_finalize_total_1,0: 12.47 ms (max 12.47)
  road_batch_finalize_total_2,-3: 6.47 ms (max 6.47)
  road_collision_create_-1,-1: 12.40 ms (max 30.21)
  road_collision_create_-1,-2: 2.67 ms (max 3.38)
  road_collision_create_-1,-3: 2.88 ms (max 5.48)
  road_collision_create_-1,-4: 4.69 ms (max 5.66)
  road_collision_create_-1,-5: 3.81 ms (max 4.26)
  road_collision_create_-1,0: 7.39 ms (max 12.66)
  road_collision_create_-2,-1: 6.73 ms (max 15.12)
  road_collision_create_-2,-2: 9.17 ms (max 16.47)
  road_collision_create_-2,-3: 4.80 ms (max 10.47)
  road_collision_create_-2,-4: 3.94 ms (max 5.41)
  road_collision_create_-2,0: 10.23 ms (max 17.11)
  road_collision_create_0,-1: 8.72 ms (max 20.84)
  road_collision_create_0,-2: 7.97 ms (max 17.50)
  road_collision_create_0,-3: 3.25 ms (max 4.54)
  road_collision_create_0,-4: 3.06 ms (max 6.25)
  road_collision_create_0,-5: 3.77 ms (max 4.07)
  road_collision_create_0,0: 8.07 ms (max 21.14)
  road_collision_create_0,1: 20.70 ms (max 20.70)
  road_collision_create_1,-1: 4.24 ms (max 9.37)
  road_collision_create_1,-2: 14.62 ms (max 26.58)
  road_collision_create_1,-3: 6.21 ms (max 14.58)
  road_collision_create_1,-4: 2.97 ms (max 3.86)
  road_collision_create_1,0: 12.21 ms (max 12.21)
  road_collision_create_2,-3: 2.88 ms (max 3.83)
===========================

=== PERFORMANCE METRICS ===
FPS: 20 | Frame: 48.5 ms (max 86.3) | Physics: 16.6 ms (max 32.7)
Godot Process: 22.11 ms | Physics: 11.11 ms
Objects: 71957 | Nodes: 30857 | Resources: 539
Draw calls: 4584 | Vertices: 4610599 | VRAM: 801.5 MB
Physics bodies: 467 | Collision pairs: 6459
===========================
⚡ PHYSICS SPIKE #446: 11.1 ms at 49.1s (Bodies: 467)
⚡ PHYSICS SPIKE #447: 11.1 ms at 49.1s (Bodies: 469)
⚡ PHYSICS SPIKE #448: 11.1 ms at 49.1s (Bodies: 469)
⚡ FRAME SPIKE #1262: 51.0 ms at 49.1s (Draw: 4587, Bodies: 469)
⚡ PHYSICS SPIKE #449: 11.1 ms at 49.1s (Bodies: 469)
⚡ PHYSICS SPIKE #450: 11.1 ms at 49.1s (Bodies: 469)
⚡ PHYSICS SPIKE #451: 11.1 ms at 49.1s (Bodies: 469)
⚡ FRAME SPIKE #1263: 50.3 ms at 49.1s (Draw: 4586, Bodies: 469)
⚡ PHYSICS SPIKE #452: 11.1 ms at 49.2s (Bodies: 469)
⚡ PHYSICS SPIKE #453: 11.1 ms at 49.2s (Bodies: 469)
⚡ PHYSICS SPIKE #454: 11.1 ms at 49.2s (Bodies: 469)
⚡ FRAME SPIKE #1264: 50.5 ms at 49.2s (Draw: 4582, Bodies: 469)
⚡ PHYSICS SPIKE #455: 11.1 ms at 49.2s (Bodies: 469)
⚡ PHYSICS SPIKE #456: 11.1 ms at 49.2s (Bodies: 469)
⚡ PHYSICS SPIKE #457: 11.1 ms at 49.2s (Bodies: 469)
⚡ FRAME SPIKE #1265: 50.8 ms at 49.2s (Draw: 4583, Bodies: 469)
⚡ PHYSICS SPIKE #458: 11.1 ms at 49.3s (Bodies: 469)
⚡ PHYSICS SPIKE #459: 11.1 ms at 49.3s (Bodies: 469)
⚡ PHYSICS SPIKE #460: 11.1 ms at 49.3s (Bodies: 469)
⚡ PHYSICS SPIKE #461: 11.1 ms at 49.3s (Bodies: 469)
⚡ FRAME SPIKE #1266: 51.4 ms at 49.3s (Draw: 4580, Bodies: 469)
⚡ PHYSICS SPIKE #462: 11.1 ms at 49.3s (Bodies: 469)
⚡ PHYSICS SPIKE #463: 11.1 ms at 49.3s (Bodies: 469)
⚡ PHYSICS SPIKE #464: 11.1 ms at 49.3s (Bodies: 469)
⚡ FRAME SPIKE #1267: 53.4 ms at 49.3s (Draw: 4580, Bodies: 469)
⚡ PHYSICS SPIKE #465: 11.1 ms at 49.4s (Bodies: 469)
⚡ PHYSICS SPIKE #466: 11.1 ms at 49.4s (Bodies: 469)
⚡ PHYSICS SPIKE #467: 11.1 ms at 49.4s (Bodies: 469)
⚡ FRAME SPIKE #1268: 51.4 ms at 49.4s (Draw: 4576, Bodies: 469)
⚡ PHYSICS SPIKE #468: 11.1 ms at 49.4s (Bodies: 469)
⚡ PHYSICS SPIKE #469: 11.1 ms at 49.4s (Bodies: 469)
⚡ PHYSICS SPIKE #470: 11.1 ms at 49.4s (Bodies: 469)
⚡ FRAME SPIKE #1269: 51.4 ms at 49.4s (Draw: 4576, Bodies: 469)
⚡ PHYSICS SPIKE #471: 11.1 ms at 49.5s (Bodies: 469)
⚡ PHYSICS SPIKE #472: 11.1 ms at 49.5s (Bodies: 469)
⚡ PHYSICS SPIKE #473: 11.1 ms at 49.5s (Bodies: 469)
⚡ FRAME SPIKE #1270: 51.4 ms at 49.5s (Draw: 4576, Bodies: 469)
⚡ PHYSICS SPIKE #474: 11.1 ms at 49.5s (Bodies: 469)
⚡ PHYSICS SPIKE #475: 11.1 ms at 49.5s (Bodies: 469)
⚡ PHYSICS SPIKE #476: 11.1 ms at 49.5s (Bodies: 469)
⚡ FRAME SPIKE #1271: 51.4 ms at 49.5s (Draw: 4575, Bodies: 469)
⚡ PHYSICS SPIKE #477: 11.1 ms at 49.6s (Bodies: 469)
⚡ PHYSICS SPIKE #478: 11.1 ms at 49.6s (Bodies: 469)
⚡ PHYSICS SPIKE #479: 11.1 ms at 49.6s (Bodies: 469)
⚡ FRAME SPIKE #1272: 51.4 ms at 49.6s (Draw: 4575, Bodies: 469)
⚡ PHYSICS SPIKE #480: 11.0 ms at 49.6s (Bodies: 469)
⚡ PHYSICS SPIKE #481: 11.0 ms at 49.6s (Bodies: 469)
⚡ PHYSICS SPIKE #482: 11.0 ms at 49.6s (Bodies: 469)
⚡ FRAME SPIKE #1273: 51.4 ms at 49.6s (Draw: 4575, Bodies: 469)
⚡ PHYSICS SPIKE #483: 11.0 ms at 49.7s (Bodies: 469)
⚡ PHYSICS SPIKE #484: 11.0 ms at 49.7s (Bodies: 469)
⚡ PHYSICS SPIKE #485: 11.0 ms at 49.7s (Bodies: 469)
⚡ FRAME SPIKE #1274: 51.4 ms at 49.7s (Draw: 4576, Bodies: 469)
⚡ PHYSICS SPIKE #486: 11.0 ms at 49.7s (Bodies: 469)
⚡ PHYSICS SPIKE #487: 11.0 ms at 49.7s (Bodies: 469)
⚡ PHYSICS SPIKE #488: 11.0 ms at 49.7s (Bodies: 469)
⚡ FRAME SPIKE #1275: 51.4 ms at 49.7s (Draw: 4576, Bodies: 469)
⚡ PHYSICS SPIKE #489: 11.0 ms at 49.8s (Bodies: 469)
⚡ PHYSICS SPIKE #490: 11.0 ms at 49.8s (Bodies: 469)
⚡ PHYSICS SPIKE #491: 11.0 ms at 49.8s (Bodies: 469)
⚡ PHYSICS SPIKE #492: 11.0 ms at 49.8s (Bodies: 469)
⚡ FRAME SPIKE #1276: 50.8 ms at 49.8s (Draw: 4577, Bodies: 469)
⚡ PHYSICS SPIKE #493: 11.0 ms at 49.8s (Bodies: 469)
⚡ PHYSICS SPIKE #494: 11.0 ms at 49.8s (Bodies: 469)
⚡ PHYSICS SPIKE #495: 11.0 ms at 49.8s (Bodies: 469)
⚡ FRAME SPIKE #1277: 55.6 ms at 49.8s (Draw: 4575, Bodies: 469)
⚡ PHYSICS SPIKE #496: 11.0 ms at 49.9s (Bodies: 469)
⚡ PHYSICS SPIKE #497: 11.0 ms at 49.9s (Bodies: 469)
⚡ PHYSICS SPIKE #498: 11.0 ms at 49.9s (Bodies: 469)
⚡ FRAME SPIKE #1278: 51.4 ms at 49.9s (Draw: 4575, Bodies: 469)
⚡ PHYSICS SPIKE #499: 11.0 ms at 49.9s (Bodies: 469)
⚡ PHYSICS SPIKE #500: 11.0 ms at 49.9s (Bodies: 469)
⚡ PHYSICS SPIKE #501: 11.0 ms at 49.9s (Bodies: 469)
⚡ FRAME SPIKE #1279: 51.4 ms at 49.9s (Draw: 4576, Bodies: 469)
⚡ PHYSICS SPIKE #502: 11.0 ms at 50.0s (Bodies: 469)
⚡ PHYSICS SPIKE #503: 11.0 ms at 50.0s (Bodies: 469)
⚡ PHYSICS SPIKE #504: 11.0 ms at 50.0s (Bodies: 469)
⚡ FRAME SPIKE #1280: 51.4 ms at 50.0s (Draw: 4575, Bodies: 469)
⚡ PHYSICS SPIKE #505: 11.0 ms at 50.0s (Bodies: 469)
⚡ PHYSICS SPIKE #506: 11.0 ms at 50.0s (Bodies: 469)
⚡ PHYSICS SPIKE #507: 11.0 ms at 50.0s (Bodies: 469)
⚡ PHYSICS SPIKE #508: 11.0 ms at 50.0s (Bodies: 469)
⚡ FRAME SPIKE #1281: 56.9 ms at 50.0s (Draw: 4576, Bodies: 469)
⚡ PHYSICS SPIKE #509: 11.0 ms at 50.1s (Bodies: 469)
⚡ PHYSICS SPIKE #510: 11.0 ms at 50.1s (Bodies: 470)
⚡ PHYSICS SPIKE #511: 11.0 ms at 50.1s (Bodies: 470)
⚡ FRAME SPIKE #1282: 56.1 ms at 50.1s (Draw: 4574, Bodies: 470)
⚡ PHYSICS SPIKE #512: 11.0 ms at 50.1s (Bodies: 470)
⚡ PHYSICS SPIKE #513: 11.0 ms at 50.1s (Bodies: 470)
⚡ PHYSICS SPIKE #514: 11.0 ms at 50.1s (Bodies: 470)
⚡ FRAME SPIKE #1283: 51.4 ms at 50.1s (Draw: 4577, Bodies: 470)
⚡ PHYSICS SPIKE #515: 11.0 ms at 50.2s (Bodies: 470)
⚡ PHYSICS SPIKE #516: 11.0 ms at 50.2s (Bodies: 470)
⚡ PHYSICS SPIKE #517: 11.0 ms at 50.2s (Bodies: 469)
⚡ FRAME SPIKE #1284: 51.4 ms at 50.2s (Draw: 4577, Bodies: 469)
⚡ PHYSICS SPIKE #518: 11.0 ms at 50.2s (Bodies: 469)
⚡ PHYSICS SPIKE #519: 11.0 ms at 50.2s (Bodies: 469)
⚡ PHYSICS SPIKE #520: 11.0 ms at 50.2s (Bodies: 469)
⚡ FRAME SPIKE #1285: 51.4 ms at 50.2s (Draw: 4577, Bodies: 469)
⚡ PHYSICS SPIKE #521: 11.0 ms at 50.3s (Bodies: 469)
⚡ PHYSICS SPIKE #522: 11.0 ms at 50.3s (Bodies: 469)
⚡ PHYSICS SPIKE #523: 11.0 ms at 50.3s (Bodies: 469)
⚡ FRAME SPIKE #1286: 51.4 ms at 50.3s (Draw: 4577, Bodies: 469)
⚡ PHYSICS SPIKE #524: 11.0 ms at 50.3s (Bodies: 469)
⚡ PHYSICS SPIKE #525: 11.0 ms at 50.3s (Bodies: 469)
⚡ PHYSICS SPIKE #526: 11.0 ms at 50.3s (Bodies: 469)
⚡ FRAME SPIKE #1287: 51.4 ms at 50.3s (Draw: 4577, Bodies: 469)
🚗 Traffic: 28 active NPCs (Near: 10, Mid: 11, Far: 7), 5 pooled
  → Physics bodies from NPCs: 28 (All: 28×1, было бы 28×5=140)

========== Bottleneck Analysis Report ==========
Time: 60.8s | Frames: 1551

📊 PERFORMANCE OVERVIEW:
  FPS: 19.7 avg | 19.0 min
  Frame Time: 21.98 ms avg | 23.31 ms max
  Physics Time: 11.18 ms avg

🔍 BOTTLENECK IDENTIFICATION:
  🔴 [CRITICAL] Physics Time
      Value: 11.18 ms
      Impact: Physics simulation overhead
      Suggestions:
        • Reduce number of active physics bodies
        • Simplify collision shapes
        • Disable physics for distant objects

  🟠 [HIGH] Frame Time
      Value: 21.98 ms (target: 16.67 ms)
      Impact: Overall performance bottleneck
      Suggestions:
        • Reduce draw calls
        • Optimize scripts in _process()
        • Check for expensive operations per frame

  🟠 [HIGH] Draw Calls
      Value: 4591 calls/frame
      Impact: GPU rendering overhead
      Suggestions:
        • Batch meshes by material
        • Use MultiMeshInstance3D
        • Implement LOD system
        • Enable frustum culling

  🟠 [HIGH] Physics Bodies
      Value: 467 active bodies
      Impact: Physics engine load
      Suggestions:
        • Reduce NPC count
        • Convert distant NPCs to kinematic
        • Disable physics for far objects

  🟡 [MEDIUM] Vertex Count
      Value: 4606184 vertices/frame
      Impact: GPU vertex processing
      Suggestions:
        • Implement LOD for distant objects
        • Simplify building meshes
        • Use lower poly models

  🟡 [MEDIUM] Node Count
      Value: 30857 nodes
      Impact: Scene tree traversal overhead
      Suggestions:
        • Unload distant chunks
        • Pool and reuse nodes
        • Flatten hierarchy where possible

  🟡 [MEDIUM] Post-Processing Effects
      Value: SSAO, Glow/Bloom, Volumetric Fog
      Impact: GPU shader overhead
      Suggestions:
        • Reduce SSR quality
        • Disable SSAO on low-end hardware
        • Use simpler fog

📈 DETAILED STATS:
  Draw Calls: 4591 avg | 4608 max
  Vertices: 4606184 avg | 4613259 max
  Physics Bodies: 467
  Nodes: 30857
  VRAM: 801.5 MB

=================================================

⚡ PHYSICS SPIKE #527: 11.0 ms at 50.4s (Bodies: 469)
⚡ PHYSICS SPIKE #528: 11.0 ms at 50.4s (Bodies: 469)
⚡ PHYSICS SPIKE #529: 11.0 ms at 50.4s (Bodies: 469)
⚡ FRAME SPIKE #1288: 51.4 ms at 50.4s (Draw: 4575, Bodies: 469)
⚡ PHYSICS SPIKE #530: 11.0 ms at 50.5s (Bodies: 469)
⚡ PHYSICS SPIKE #531: 11.0 ms at 50.5s (Bodies: 469)
⚡ PHYSICS SPIKE #532: 11.0 ms at 50.5s (Bodies: 469)
⚡ FRAME SPIKE #1289: 51.4 ms at 50.5s (Draw: 4578, Bodies: 469)
⚡ PHYSICS SPIKE #533: 11.0 ms at 50.5s (Bodies: 469)
⚡ PHYSICS SPIKE #534: 11.0 ms at 50.5s (Bodies: 469)
⚡ PHYSICS SPIKE #535: 11.0 ms at 50.5s (Bodies: 469)
⚡ FRAME SPIKE #1290: 50.8 ms at 50.5s (Draw: 4579, Bodies: 469)
⚡ PHYSICS SPIKE #536: 11.0 ms at 50.6s (Bodies: 469)
⚡ PHYSICS SPIKE #537: 11.0 ms at 50.6s (Bodies: 469)
⚡ PHYSICS SPIKE #538: 11.0 ms at 50.6s (Bodies: 469)
⚡ PHYSICS SPIKE #539: 11.0 ms at 50.6s (Bodies: 469)
⚡ FRAME SPIKE #1291: 50.0 ms at 50.6s (Draw: 4577, Bodies: 469)
⚡ PHYSICS SPIKE #540: 11.0 ms at 50.6s (Bodies: 469)
⚡ PHYSICS SPIKE #541: 11.0 ms at 50.6s (Bodies: 469)
⚡ PHYSICS SPIKE #542: 11.0 ms at 50.6s (Bodies: 469)
⚡ FRAME SPIKE #1292: 58.6 ms at 50.6s (Draw: 4578, Bodies: 469)
⚡ PHYSICS SPIKE #543: 11.3 ms at 50.7s (Bodies: 469)
⚡ PHYSICS SPIKE #544: 11.3 ms at 50.7s (Bodies: 469)
⚡ PHYSICS SPIKE #545: 11.3 ms at 50.7s (Bodies: 469)
⚡ PHYSICS SPIKE #546: 11.3 ms at 50.7s (Bodies: 469)
⚡ FRAME SPIKE #1293: 58.0 ms at 50.7s (Draw: 4573, Bodies: 469)
⚡ PHYSICS SPIKE #547: 11.3 ms at 50.7s (Bodies: 469)
⚡ PHYSICS SPIKE #548: 11.3 ms at 50.7s (Bodies: 469)
⚡ PHYSICS SPIKE #549: 11.3 ms at 50.7s (Bodies: 469)
⚡ FRAME SPIKE #1294: 53.5 ms at 50.7s (Draw: 4573, Bodies: 469)
⚡ PHYSICS SPIKE #550: 11.3 ms at 50.8s (Bodies: 469)
⚡ PHYSICS SPIKE #551: 11.3 ms at 50.8s (Bodies: 469)
⚡ PHYSICS SPIKE #552: 11.3 ms at 50.8s (Bodies: 469)
⚡ FRAME SPIKE #1295: 51.4 ms at 50.8s (Draw: 4579, Bodies: 469)
⚡ PHYSICS SPIKE #553: 11.3 ms at 50.8s (Bodies: 469)
⚡ PHYSICS SPIKE #554: 11.3 ms at 50.8s (Bodies: 469)
⚡ PHYSICS SPIKE #555: 11.3 ms at 50.8s (Bodies: 469)
⚡ FRAME SPIKE #1296: 51.4 ms at 50.8s (Draw: 4570, Bodies: 469)
⚡ PHYSICS SPIKE #556: 11.3 ms at 50.9s (Bodies: 469)
⚡ PHYSICS SPIKE #557: 11.3 ms at 50.9s (Bodies: 469)
⚡ PHYSICS SPIKE #558: 11.3 ms at 50.9s (Bodies: 469)
⚡ FRAME SPIKE #1297: 51.4 ms at 50.9s (Draw: 4571, Bodies: 469)
⚡ PHYSICS SPIKE #559: 11.3 ms at 50.9s (Bodies: 469)
⚡ PHYSICS SPIKE #560: 11.3 ms at 50.9s (Bodies: 469)
⚡ PHYSICS SPIKE #561: 11.3 ms at 50.9s (Bodies: 469)
⚡ FRAME SPIKE #1298: 51.4 ms at 50.9s (Draw: 4571, Bodies: 469)
⚡ PHYSICS SPIKE #562: 11.3 ms at 51.0s (Bodies: 469)
⚡ PHYSICS SPIKE #563: 11.3 ms at 51.0s (Bodies: 469)
⚡ PHYSICS SPIKE #564: 11.3 ms at 51.0s (Bodies: 469)
⚡ FRAME SPIKE #1299: 51.4 ms at 51.0s (Draw: 4571, Bodies: 469)
⚡ PHYSICS SPIKE #565: 11.3 ms at 51.0s (Bodies: 469)
⚡ PHYSICS SPIKE #566: 11.3 ms at 51.0s (Bodies: 469)
⚡ PHYSICS SPIKE #567: 11.3 ms at 51.0s (Bodies: 469)
⚡ FRAME SPIKE #1300: 51.4 ms at 51.0s (Draw: 4571, Bodies: 469)
⚡ PHYSICS SPIKE #568: 11.3 ms at 51.1s (Bodies: 469)
⚡ PHYSICS SPIKE #569: 11.3 ms at 51.1s (Bodies: 469)
⚡ PHYSICS SPIKE #570: 11.3 ms at 51.1s (Bodies: 469)
⚡ FRAME SPIKE #1301: 51.4 ms at 51.1s (Draw: 4571, Bodies: 469)
⚡ PHYSICS SPIKE #571: 11.3 ms at 51.1s (Bodies: 469)
⚡ PHYSICS SPIKE #572: 11.3 ms at 51.1s (Bodies: 471)
⚡ PHYSICS SPIKE #573: 11.3 ms at 51.1s (Bodies: 471)
⚡ FRAME SPIKE #1302: 53.1 ms at 51.1s (Draw: 4575, Bodies: 471)
⚡ PHYSICS SPIKE #574: 11.3 ms at 51.2s (Bodies: 471)
⚡ PHYSICS SPIKE #575: 11.3 ms at 51.2s (Bodies: 471)
⚡ PHYSICS SPIKE #576: 11.3 ms at 51.2s (Bodies: 471)
⚡ PHYSICS SPIKE #577: 11.3 ms at 51.2s (Bodies: 471)
⚡ FRAME SPIKE #1303: 51.7 ms at 51.2s (Draw: 4574, Bodies: 471)
⚡ PHYSICS SPIKE #578: 11.3 ms at 51.2s (Bodies: 471)
⚡ PHYSICS SPIKE #579: 11.3 ms at 51.2s (Bodies: 471)
⚡ PHYSICS SPIKE #580: 11.3 ms at 51.2s (Bodies: 471)
⚡ FRAME SPIKE #1304: 62.6 ms at 51.2s (Draw: 4576, Bodies: 471)
⚡ PHYSICS SPIKE #581: 11.3 ms at 51.3s (Bodies: 471)
⚡ PHYSICS SPIKE #582: 11.3 ms at 51.3s (Bodies: 471)
⚡ PHYSICS SPIKE #583: 11.3 ms at 51.3s (Bodies: 471)
⚡ PHYSICS SPIKE #584: 11.3 ms at 51.3s (Bodies: 471)
⚡ FRAME SPIKE #1305: 55.6 ms at 51.3s (Draw: 4576, Bodies: 471)
⚡ PHYSICS SPIKE #585: 11.3 ms at 51.4s (Bodies: 471)
⚡ PHYSICS SPIKE #586: 11.3 ms at 51.4s (Bodies: 471)
⚡ PHYSICS SPIKE #587: 11.3 ms at 51.4s (Bodies: 471)
⚡ PHYSICS SPIKE #588: 11.3 ms at 51.4s (Bodies: 471)
⚡ FRAME SPIKE #1306: 64.0 ms at 51.4s (Draw: 4576, Bodies: 471)
⚡ PHYSICS SPIKE #589: 11.3 ms at 51.4s (Bodies: 471)
⚡ PHYSICS SPIKE #590: 11.3 ms at 51.4s (Bodies: 471)
⚡ PHYSICS SPIKE #591: 11.3 ms at 51.4s (Bodies: 471)
⚡ PHYSICS SPIKE #592: 11.3 ms at 51.4s (Bodies: 471)
⚡ FRAME SPIKE #1307: 67.4 ms at 51.4s (Draw: 4576, Bodies: 471)
⚡ PHYSICS SPIKE #593: 11.3 ms at 51.5s (Bodies: 471)
⚡ PHYSICS SPIKE #594: 11.3 ms at 51.5s (Bodies: 471)
⚡ PHYSICS SPIKE #595: 11.3 ms at 51.5s (Bodies: 471)
⚡ FRAME SPIKE #1308: 64.9 ms at 51.5s (Draw: 4576, Bodies: 471)
⚡ PHYSICS SPIKE #596: 11.3 ms at 51.6s (Bodies: 471)
⚡ PHYSICS SPIKE #597: 11.3 ms at 51.6s (Bodies: 471)
⚡ PHYSICS SPIKE #598: 11.3 ms at 51.6s (Bodies: 471)
⚡ PHYSICS SPIKE #599: 11.3 ms at 51.6s (Bodies: 471)
⚡ FRAME SPIKE #1309: 61.1 ms at 51.6s (Draw: 4576, Bodies: 471)
⚡ PHYSICS SPIKE #600: 11.3 ms at 51.6s (Bodies: 471)
⚡ PHYSICS SPIKE #601: 11.3 ms at 51.6s (Bodies: 471)
⚡ PHYSICS SPIKE #602: 11.3 ms at 51.6s (Bodies: 471)
⚡ PHYSICS SPIKE #603: 11.3 ms at 51.6s (Bodies: 471)
⚡ FRAME SPIKE #1310: 61.1 ms at 51.6s (Draw: 4572, Bodies: 471)
⚡ PHYSICS SPIKE #604: 12.4 ms at 51.7s (Bodies: 471)
⚡ PHYSICS SPIKE #605: 12.4 ms at 51.7s (Bodies: 471)
⚡ PHYSICS SPIKE #606: 12.4 ms at 51.7s (Bodies: 471)
⚡ FRAME SPIKE #1311: 61.1 ms at 51.7s (Draw: 4569, Bodies: 471)
⚡ PHYSICS SPIKE #607: 12.4 ms at 51.7s (Bodies: 471)
⚡ PHYSICS SPIKE #608: 12.4 ms at 51.7s (Bodies: 471)
⚡ PHYSICS SPIKE #609: 12.4 ms at 51.7s (Bodies: 471)
⚡ PHYSICS SPIKE #610: 12.4 ms at 51.7s (Bodies: 471)
⚡ FRAME SPIKE #1312: 61.1 ms at 51.7s (Draw: 4568, Bodies: 471)
⚡ PHYSICS SPIKE #611: 12.4 ms at 51.8s (Bodies: 471)
⚡ PHYSICS SPIKE #612: 12.4 ms at 51.8s (Bodies: 471)
⚡ PHYSICS SPIKE #613: 12.4 ms at 51.8s (Bodies: 471)
⚡ PHYSICS SPIKE #614: 12.4 ms at 51.8s (Bodies: 471)
⚡ FRAME SPIKE #1313: 61.1 ms at 51.8s (Draw: 4568, Bodies: 471)
⚡ PHYSICS SPIKE #615: 12.4 ms at 51.9s (Bodies: 471)
⚡ PHYSICS SPIKE #616: 12.4 ms at 51.9s (Bodies: 471)
⚡ PHYSICS SPIKE #617: 12.4 ms at 51.9s (Bodies: 471)
⚡ FRAME SPIKE #1314: 61.1 ms at 51.9s (Draw: 4569, Bodies: 471)
⚡ PHYSICS SPIKE #618: 12.4 ms at 51.9s (Bodies: 471)
⚡ PHYSICS SPIKE #619: 12.4 ms at 51.9s (Bodies: 471)
⚡ PHYSICS SPIKE #620: 12.4 ms at 51.9s (Bodies: 471)
⚡ PHYSICS SPIKE #621: 12.4 ms at 51.9s (Bodies: 471)
⚡ FRAME SPIKE #1315: 61.1 ms at 51.9s (Draw: 4568, Bodies: 471)
⚡ PHYSICS SPIKE #622: 12.4 ms at 52.0s (Bodies: 471)
⚡ PHYSICS SPIKE #623: 12.4 ms at 52.0s (Bodies: 471)
⚡ PHYSICS SPIKE #624: 12.4 ms at 52.0s (Bodies: 471)
⚡ PHYSICS SPIKE #625: 12.4 ms at 52.0s (Bodies: 471)
⚡ FRAME SPIKE #1316: 61.7 ms at 52.0s (Draw: 4572, Bodies: 471)
⚡ PHYSICS SPIKE #626: 12.4 ms at 52.0s (Bodies: 471)
⚡ PHYSICS SPIKE #627: 12.4 ms at 52.0s (Bodies: 471)
⚡ PHYSICS SPIKE #628: 12.4 ms at 52.0s (Bodies: 471)
⚡ PHYSICS SPIKE #629: 12.4 ms at 52.0s (Bodies: 471)
⚡ FRAME SPIKE #1317: 61.7 ms at 52.0s (Draw: 4573, Bodies: 471)
⚡ PHYSICS SPIKE #630: 12.4 ms at 52.1s (Bodies: 471)
⚡ PHYSICS SPIKE #631: 12.4 ms at 52.1s (Bodies: 471)
⚡ PHYSICS SPIKE #632: 12.4 ms at 52.1s (Bodies: 471)
⚡ FRAME SPIKE #1318: 61.7 ms at 52.1s (Draw: 4564, Bodies: 471)
⚡ PHYSICS SPIKE #633: 12.4 ms at 52.2s (Bodies: 471)
⚡ PHYSICS SPIKE #634: 12.4 ms at 52.2s (Bodies: 472)
⚡ PHYSICS SPIKE #635: 12.4 ms at 52.2s (Bodies: 472)
⚡ PHYSICS SPIKE #636: 12.4 ms at 52.2s (Bodies: 472)
⚡ FRAME SPIKE #1319: 61.1 ms at 52.2s (Draw: 4565, Bodies: 472)
⚡ PHYSICS SPIKE #637: 12.4 ms at 52.2s (Bodies: 472)
⚡ PHYSICS SPIKE #638: 12.4 ms at 52.2s (Bodies: 472)
⚡ PHYSICS SPIKE #639: 12.4 ms at 52.2s (Bodies: 472)
⚡ PHYSICS SPIKE #640: 12.4 ms at 52.2s (Bodies: 472)
⚡ FRAME SPIKE #1320: 61.7 ms at 52.2s (Draw: 4565, Bodies: 472)
⚡ PHYSICS SPIKE #641: 12.4 ms at 52.3s (Bodies: 472)
⚡ PHYSICS SPIKE #642: 12.4 ms at 52.3s (Bodies: 471)
⚡ PHYSICS SPIKE #643: 12.4 ms at 52.3s (Bodies: 471)
⚡ FRAME SPIKE #1321: 61.7 ms at 52.3s (Draw: 4565, Bodies: 471)
⚡ PHYSICS SPIKE #644: 12.4 ms at 52.3s (Bodies: 471)
⚡ PHYSICS SPIKE #645: 12.4 ms at 52.3s (Bodies: 471)
⚡ PHYSICS SPIKE #646: 12.4 ms at 52.3s (Bodies: 471)
⚡ PHYSICS SPIKE #647: 12.4 ms at 52.3s (Bodies: 471)
⚡ FRAME SPIKE #1322: 61.1 ms at 52.3s (Draw: 4563, Bodies: 471)
🚗 Traffic: 30 active NPCs (Near: 11, Mid: 12, Far: 7), 3 pooled
  → Physics bodies from NPCs: 30 (All: 30×1, было бы 30×5=150)

========== Bottleneck Analysis Report ==========
Time: 62.8s | Frames: 1586

📊 PERFORMANCE OVERVIEW:
  FPS: 19.5 avg | 18.0 min
  Frame Time: 21.69 ms avg | 22.18 ms max
  Physics Time: 11.26 ms avg

🔍 BOTTLENECK IDENTIFICATION:
  🔴 [CRITICAL] Physics Time
      Value: 11.26 ms
      Impact: Physics simulation overhead
      Suggestions:
        • Reduce number of active physics bodies
        • Simplify collision shapes
        • Disable physics for distant objects

  🟠 [HIGH] Frame Time
      Value: 21.69 ms (target: 16.67 ms)
      Impact: Overall performance bottleneck
      Suggestions:
        • Reduce draw calls
        • Optimize scripts in _process()
        • Check for expensive operations per frame

  🟠 [HIGH] Draw Calls
      Value: 4583 calls/frame
      Impact: GPU rendering overhead
      Suggestions:
        • Batch meshes by material
        • Use MultiMeshInstance3D
        • Implement LOD system
        • Enable frustum culling

  🟠 [HIGH] Physics Bodies
      Value: 468 active bodies
      Impact: Physics engine load
      Suggestions:
        • Reduce NPC count
        • Convert distant NPCs to kinematic
        • Disable physics for far objects

  🟡 [MEDIUM] Vertex Count
      Value: 4612376 vertices/frame
      Impact: GPU vertex processing
      Suggestions:
        • Implement LOD for distant objects
        • Simplify building meshes
        • Use lower poly models

  🟡 [MEDIUM] Node Count
      Value: 30857 nodes
      Impact: Scene tree traversal overhead
      Suggestions:
        • Unload distant chunks
        • Pool and reuse nodes
        • Flatten hierarchy where possible

  🟡 [MEDIUM] Post-Processing Effects
      Value: SSAO, Glow/Bloom, Volumetric Fog
      Impact: GPU shader overhead
      Suggestions:
        • Reduce SSR quality
        • Disable SSAO on low-end hardware
        • Use simpler fog

📈 DETAILED STATS:
  Draw Calls: 4583 avg | 4603 max
  Vertices: 4612376 avg | 4628057 max
  Physics Bodies: 468
  Nodes: 30857
  VRAM: 801.5 MB

=================================================

⚡ PHYSICS SPIKE #648: 12.4 ms at 52.4s (Bodies: 471)
⚡ PHYSICS SPIKE #649: 12.4 ms at 52.4s (Bodies: 471)
⚡ PHYSICS SPIKE #650: 12.4 ms at 52.4s (Bodies: 471)
⚡ PHYSICS SPIKE #651: 12.4 ms at 52.4s (Bodies: 471)
⚡ FRAME SPIKE #1323: 61.7 ms at 52.4s (Draw: 4563, Bodies: 471)
⚡ PHYSICS SPIKE #652: 12.4 ms at 52.5s (Bodies: 471)
⚡ PHYSICS SPIKE #653: 12.4 ms at 52.5s (Bodies: 471)
⚡ PHYSICS SPIKE #654: 12.4 ms at 52.5s (Bodies: 471)
⚡ FRAME SPIKE #1324: 61.7 ms at 52.5s (Draw: 4559, Bodies: 471)
⚡ PHYSICS SPIKE #655: 12.4 ms at 52.5s (Bodies: 471)
⚡ PHYSICS SPIKE #656: 12.4 ms at 52.5s (Bodies: 471)
⚡ PHYSICS SPIKE #657: 12.4 ms at 52.5s (Bodies: 471)
⚡ PHYSICS SPIKE #658: 12.4 ms at 52.5s (Bodies: 471)
⚡ FRAME SPIKE #1325: 61.1 ms at 52.5s (Draw: 4560, Bodies: 471)
⚡ PHYSICS SPIKE #659: 12.4 ms at 52.6s (Bodies: 471)
⚡ PHYSICS SPIKE #660: 12.4 ms at 52.6s (Bodies: 471)
⚡ PHYSICS SPIKE #661: 12.4 ms at 52.6s (Bodies: 471)
⚡ PHYSICS SPIKE #662: 12.4 ms at 52.6s (Bodies: 471)
⚡ FRAME SPIKE #1326: 61.1 ms at 52.6s (Draw: 4560, Bodies: 471)
⚡ PHYSICS SPIKE #663: 12.3 ms at 52.7s (Bodies: 471)
⚡ PHYSICS SPIKE #664: 12.3 ms at 52.7s (Bodies: 471)
⚡ PHYSICS SPIKE #665: 12.3 ms at 52.7s (Bodies: 471)
⚡ FRAME SPIKE #1327: 61.1 ms at 52.7s (Draw: 4560, Bodies: 471)
⚡ PHYSICS SPIKE #666: 12.3 ms at 52.7s (Bodies: 471)
⚡ PHYSICS SPIKE #667: 12.3 ms at 52.7s (Bodies: 471)
⚡ PHYSICS SPIKE #668: 12.3 ms at 52.7s (Bodies: 471)
⚡ PHYSICS SPIKE #669: 12.3 ms at 52.7s (Bodies: 471)
⚡ FRAME SPIKE #1328: 56.4 ms at 52.7s (Draw: 4561, Bodies: 471)
⚡ PHYSICS SPIKE #670: 12.3 ms at 52.8s (Bodies: 471)
⚡ PHYSICS SPIKE #671: 12.3 ms at 52.8s (Bodies: 471)
⚡ PHYSICS SPIKE #672: 12.3 ms at 52.8s (Bodies: 471)
⚡ FRAME SPIKE #1329: 60.0 ms at 52.8s (Draw: 4560, Bodies: 471)
⚡ PHYSICS SPIKE #673: 12.3 ms at 52.8s (Bodies: 471)
⚡ PHYSICS SPIKE #674: 12.3 ms at 52.8s (Bodies: 471)
⚡ PHYSICS SPIKE #675: 12.3 ms at 52.8s (Bodies: 471)
⚡ FRAME SPIKE #1330: 51.1 ms at 52.8s (Draw: 4561, Bodies: 471)
⚡ PHYSICS SPIKE #676: 12.3 ms at 52.9s (Bodies: 471)
⚡ PHYSICS SPIKE #677: 12.3 ms at 52.9s (Bodies: 471)
⚡ PHYSICS SPIKE #678: 12.3 ms at 52.9s (Bodies: 471)
⚡ PHYSICS SPIKE #679: 12.3 ms at 52.9s (Bodies: 471)
⚡ FRAME SPIKE #1331: 52.7 ms at 52.9s (Draw: 4560, Bodies: 471)
⚡ PHYSICS SPIKE #680: 12.3 ms at 52.9s (Bodies: 471)
⚡ PHYSICS SPIKE #681: 12.3 ms at 52.9s (Bodies: 471)
⚡ PHYSICS SPIKE #682: 12.3 ms at 52.9s (Bodies: 471)
⚡ FRAME SPIKE #1332: 58.3 ms at 52.9s (Draw: 4560, Bodies: 471)
⚡ PHYSICS SPIKE #683: 12.3 ms at 53.0s (Bodies: 471)
⚡ PHYSICS SPIKE #684: 12.3 ms at 53.0s (Bodies: 471)
⚡ PHYSICS SPIKE #685: 12.3 ms at 53.0s (Bodies: 471)
⚡ FRAME SPIKE #1333: 55.0 ms at 53.0s (Draw: 4560, Bodies: 471)
⚡ PHYSICS SPIKE #686: 12.3 ms at 53.1s (Bodies: 471)
⚡ PHYSICS SPIKE #687: 12.3 ms at 53.1s (Bodies: 471)
⚡ PHYSICS SPIKE #688: 12.3 ms at 53.1s (Bodies: 471)
⚡ FRAME SPIKE #1334: 51.6 ms at 53.1s (Draw: 4560, Bodies: 471)
⚡ PHYSICS SPIKE #689: 12.3 ms at 53.1s (Bodies: 471)
⚡ PHYSICS SPIKE #690: 12.3 ms at 53.1s (Bodies: 471)
⚡ PHYSICS SPIKE #691: 12.3 ms at 53.1s (Bodies: 471)
⚡ PHYSICS SPIKE #692: 12.3 ms at 53.1s (Bodies: 471)
⚡ FRAME SPIKE #1335: 52.4 ms at 53.1s (Draw: 4559, Bodies: 471)
⚡ PHYSICS SPIKE #693: 12.3 ms at 53.2s (Bodies: 471)
⚡ PHYSICS SPIKE #694: 12.3 ms at 53.2s (Bodies: 471)
⚡ PHYSICS SPIKE #695: 12.3 ms at 53.2s (Bodies: 471)
⚡ FRAME SPIKE #1336: 55.6 ms at 53.2s (Draw: 4554, Bodies: 471)
⚡ PHYSICS SPIKE #696: 12.3 ms at 53.2s (Bodies: 471)
⚡ PHYSICS SPIKE #697: 12.3 ms at 53.2s (Bodies: 472)
⚡ PHYSICS SPIKE #698: 12.3 ms at 53.2s (Bodies: 472)
⚡ FRAME SPIKE #1337: 55.6 ms at 53.2s (Draw: 4551, Bodies: 472)
⚡ PHYSICS SPIKE #699: 12.3 ms at 53.3s (Bodies: 472)
⚡ PHYSICS SPIKE #700: 12.3 ms at 53.3s (Bodies: 472)
⚡ PHYSICS SPIKE #701: 12.3 ms at 53.3s (Bodies: 472)
⚡ PHYSICS SPIKE #702: 12.3 ms at 53.3s (Bodies: 472)
⚡ FRAME SPIKE #1338: 55.6 ms at 53.3s (Draw: 4550, Bodies: 472)
⚡ PHYSICS SPIKE #703: 12.3 ms at 53.3s (Bodies: 472)
⚡ PHYSICS SPIKE #704: 12.3 ms at 53.3s (Bodies: 471)
⚡ PHYSICS SPIKE #705: 12.3 ms at 53.3s (Bodies: 471)
⚡ FRAME SPIKE #1339: 55.6 ms at 53.3s (Draw: 4553, Bodies: 471)
⚡ PHYSICS SPIKE #706: 12.3 ms at 53.4s (Bodies: 471)
⚡ PHYSICS SPIKE #707: 12.3 ms at 53.4s (Bodies: 471)
⚡ PHYSICS SPIKE #708: 12.3 ms at 53.4s (Bodies: 471)
⚡ FRAME SPIKE #1340: 55.6 ms at 53.4s (Draw: 4551, Bodies: 471)
⚡ PHYSICS SPIKE #709: 12.3 ms at 53.4s (Bodies: 471)
⚡ PHYSICS SPIKE #710: 12.3 ms at 53.4s (Bodies: 471)
⚡ PHYSICS SPIKE #711: 12.3 ms at 53.4s (Bodies: 471)
⚡ PHYSICS SPIKE #712: 12.3 ms at 53.4s (Bodies: 471)
⚡ FRAME SPIKE #1341: 55.6 ms at 53.4s (Draw: 4548, Bodies: 471)
⚡ PHYSICS SPIKE #713: 12.3 ms at 53.5s (Bodies: 471)
⚡ PHYSICS SPIKE #714: 12.3 ms at 53.5s (Bodies: 471)
⚡ PHYSICS SPIKE #715: 12.3 ms at 53.5s (Bodies: 471)
⚡ FRAME SPIKE #1342: 63.9 ms at 53.5s (Draw: 4550, Bodies: 471)
⚡ PHYSICS SPIKE #716: 12.3 ms at 53.6s (Bodies: 471)
⚡ PHYSICS SPIKE #717: 12.3 ms at 53.6s (Bodies: 471)
⚡ PHYSICS SPIKE #718: 12.3 ms at 53.6s (Bodies: 470)
⚡ PHYSICS SPIKE #719: 12.3 ms at 53.6s (Bodies: 470)
⚡ FRAME SPIKE #1343: 55.6 ms at 53.6s (Draw: 4550, Bodies: 470)
⚡ PHYSICS SPIKE #720: 12.3 ms at 53.6s (Bodies: 470)
⚡ PHYSICS SPIKE #721: 12.3 ms at 53.6s (Bodies: 470)
⚡ PHYSICS SPIKE #722: 12.3 ms at 53.6s (Bodies: 470)
⚡ FRAME SPIKE #1344: 61.4 ms at 53.6s (Draw: 4551, Bodies: 470)
⚡ PHYSICS SPIKE #723: 12.9 ms at 53.7s (Bodies: 470)
⚡ PHYSICS SPIKE #724: 12.9 ms at 53.7s (Bodies: 470)
⚡ PHYSICS SPIKE #725: 12.9 ms at 53.7s (Bodies: 470)
⚡ PHYSICS SPIKE #726: 12.9 ms at 53.7s (Bodies: 470)
⚡ FRAME SPIKE #1345: 56.7 ms at 53.7s (Draw: 4552, Bodies: 470)
⚡ PHYSICS SPIKE #727: 12.9 ms at 53.7s (Bodies: 470)
⚡ PHYSICS SPIKE #728: 12.9 ms at 53.7s (Bodies: 470)
⚡ PHYSICS SPIKE #729: 12.9 ms at 53.7s (Bodies: 470)
⚡ FRAME SPIKE #1346: 56.7 ms at 53.7s (Draw: 4552, Bodies: 470)
⚡ PHYSICS SPIKE #730: 12.9 ms at 53.8s (Bodies: 470)
⚡ PHYSICS SPIKE #731: 12.9 ms at 53.8s (Bodies: 470)
⚡ PHYSICS SPIKE #732: 12.9 ms at 53.8s (Bodies: 470)
⚡ FRAME SPIKE #1347: 54.3 ms at 53.8s (Draw: 4552, Bodies: 470)
⚡ PHYSICS SPIKE #733: 12.9 ms at 53.8s (Bodies: 470)
⚡ PHYSICS SPIKE #734: 12.9 ms at 53.8s (Bodies: 470)
⚡ PHYSICS SPIKE #735: 12.9 ms at 53.8s (Bodies: 470)
⚡ PHYSICS SPIKE #736: 12.9 ms at 53.8s (Bodies: 470)
⚡ FRAME SPIKE #1348: 56.7 ms at 53.8s (Draw: 4548, Bodies: 470)
⚡ PHYSICS SPIKE #737: 12.9 ms at 53.9s (Bodies: 470)
⚡ PHYSICS SPIKE #738: 12.9 ms at 53.9s (Bodies: 470)
⚡ PHYSICS SPIKE #739: 12.9 ms at 53.9s (Bodies: 470)
⚡ FRAME SPIKE #1349: 56.7 ms at 53.9s (Draw: 4545, Bodies: 470)
⚡ PHYSICS SPIKE #740: 12.9 ms at 53.9s (Bodies: 470)
⚡ PHYSICS SPIKE #741: 12.9 ms at 53.9s (Bodies: 470)
⚡ PHYSICS SPIKE #742: 12.9 ms at 53.9s (Bodies: 470)
⚡ PHYSICS SPIKE #743: 12.9 ms at 53.9s (Bodies: 470)
⚡ FRAME SPIKE #1350: 56.7 ms at 53.9s (Draw: 4543, Bodies: 470)
⚡ PHYSICS SPIKE #744: 12.9 ms at 54.0s (Bodies: 470)
⚡ PHYSICS SPIKE #745: 12.9 ms at 54.0s (Bodies: 470)
⚡ PHYSICS SPIKE #746: 12.9 ms at 54.0s (Bodies: 470)
⚡ FRAME SPIKE #1351: 56.9 ms at 54.0s (Draw: 4545, Bodies: 470)

=== PERFORMANCE METRICS ===
FPS: 18 | Frame: 52.4 ms (max 86.3) | Physics: 16.6 ms (max 34.3)
Godot Process: 22.51 ms | Physics: 12.86 ms
Objects: 71957 | Nodes: 30857 | Resources: 539
Draw calls: 4545 | Vertices: 4627424 | VRAM: 801.5 MB
Physics bodies: 470 | Collision pairs: 6554
--- System Times ---
  road_batch_finalize_total_-1,-1: 37.99 ms (max 37.99)
  road_batch_finalize_total_-1,-2: 5.72 ms (max 5.72)
  road_batch_finalize_total_-1,-3: 9.52 ms (max 9.52)
  road_batch_finalize_total_-1,-4: 10.14 ms (max 10.14)
  road_batch_finalize_total_-1,-5: 8.48 ms (max 8.48)
  road_batch_finalize_total_-1,0: 15.24 ms (max 15.24)
  road_batch_finalize_total_-2,-1: 20.82 ms (max 20.82)
  road_batch_finalize_total_-2,-2: 18.79 ms (max 18.79)
  road_batch_finalize_total_-2,-3: 15.34 ms (max 15.34)
  road_batch_finalize_total_-2,-4: 8.57 ms (max 8.64)
  road_batch_finalize_total_-2,0: 20.92 ms (max 20.92)
  road_batch_finalize_total_0,-1: 26.87 ms (max 26.87)
  road_batch_finalize_total_0,-2: 24.63 ms (max 24.63)
  road_batch_finalize_total_0,-3: 10.80 ms (max 10.80)
  road_batch_finalize_total_0,-4: 9.87 ms (max 9.87)
  road_batch_finalize_total_0,-5: 8.33 ms (max 8.33)
  road_batch_finalize_total_0,0: 24.82 ms (max 24.82)
  road_batch_finalize_total_0,1: 20.95 ms (max 20.95)
  road_batch_finalize_total_1,-1: 13.26 ms (max 13.26)
  road_batch_finalize_total_1,-2: 29.74 ms (max 29.74)
  road_batch_finalize_total_1,-3: 19.52 ms (max 19.52)
  road_batch_finalize_total_1,-4: 9.71 ms (max 9.71)
  road_batch_finalize_total_1,0: 12.47 ms (max 12.47)
  road_batch_finalize_total_2,-3: 6.47 ms (max 6.47)
  road_collision_create_-1,-1: 12.40 ms (max 30.21)
  road_collision_create_-1,-2: 2.67 ms (max 3.38)
  road_collision_create_-1,-3: 2.88 ms (max 5.48)
  road_collision_create_-1,-4: 4.69 ms (max 5.66)
  road_collision_create_-1,-5: 3.81 ms (max 4.26)
  road_collision_create_-1,0: 7.39 ms (max 12.66)
  road_collision_create_-2,-1: 6.73 ms (max 15.12)
  road_collision_create_-2,-2: 9.17 ms (max 16.47)
  road_collision_create_-2,-3: 4.80 ms (max 10.47)
  road_collision_create_-2,-4: 3.94 ms (max 5.41)
  road_collision_create_-2,0: 10.23 ms (max 17.11)
  road_collision_create_0,-1: 8.72 ms (max 20.84)
  road_collision_create_0,-2: 7.97 ms (max 17.50)
  road_collision_create_0,-3: 3.25 ms (max 4.54)
  road_collision_create_0,-4: 3.06 ms (max 6.25)
  road_collision_create_0,-5: 3.77 ms (max 4.07)
  road_collision_create_0,0: 8.07 ms (max 21.14)
  road_collision_create_0,1: 20.70 ms (max 20.70)
  road_collision_create_1,-1: 4.24 ms (max 9.37)
  road_collision_create_1,-2: 14.62 ms (max 26.58)
  road_collision_create_1,-3: 6.21 ms (max 14.58)
  road_collision_create_1,-4: 2.97 ms (max 3.86)
  road_collision_create_1,0: 12.21 ms (max 12.21)
  road_collision_create_2,-3: 2.88 ms (max 3.83)
===========================

=== PERFORMANCE METRICS ===
FPS: 18 | Frame: 52.4 ms (max 86.3) | Physics: 16.6 ms (max 34.4)
Godot Process: 22.51 ms | Physics: 12.86 ms
Objects: 71957 | Nodes: 30857 | Resources: 539
Draw calls: 4545 | Vertices: 4627424 | VRAM: 801.5 MB
Physics bodies: 470 | Collision pairs: 6554
===========================
⚡ PHYSICS SPIKE #747: 12.9 ms at 54.1s (Bodies: 470)
⚡ PHYSICS SPIKE #748: 12.9 ms at 54.1s (Bodies: 470)
⚡ PHYSICS SPIKE #749: 12.9 ms at 54.1s (Bodies: 470)
⚡ FRAME SPIKE #1352: 56.4 ms at 54.1s (Draw: 4541, Bodies: 470)
⚡ PHYSICS SPIKE #750: 12.9 ms at 54.1s (Bodies: 470)
⚡ PHYSICS SPIKE #751: 12.9 ms at 54.1s (Bodies: 470)
⚡ PHYSICS SPIKE #752: 12.9 ms at 54.1s (Bodies: 470)
⚡ PHYSICS SPIKE #753: 12.9 ms at 54.1s (Bodies: 470)
⚡ FRAME SPIKE #1353: 56.7 ms at 54.1s (Draw: 4540, Bodies: 470)
⚡ PHYSICS SPIKE #754: 12.9 ms at 54.2s (Bodies: 470)
⚡ PHYSICS SPIKE #755: 12.9 ms at 54.2s (Bodies: 470)
⚡ PHYSICS SPIKE #756: 12.9 ms at 54.2s (Bodies: 470)
⚡ FRAME SPIKE #1354: 56.7 ms at 54.2s (Draw: 4539, Bodies: 470)
⚡ PHYSICS SPIKE #757: 12.9 ms at 54.2s (Bodies: 470)
⚡ PHYSICS SPIKE #758: 12.9 ms at 54.2s (Bodies: 471)
⚡ PHYSICS SPIKE #759: 12.9 ms at 54.2s (Bodies: 471)
⚡ PHYSICS SPIKE #760: 12.9 ms at 54.2s (Bodies: 471)
⚡ FRAME SPIKE #1355: 56.7 ms at 54.2s (Draw: 4539, Bodies: 471)
⚡ PHYSICS SPIKE #761: 12.9 ms at 54.3s (Bodies: 471)
⚡ PHYSICS SPIKE #762: 12.9 ms at 54.3s (Bodies: 471)
⚡ PHYSICS SPIKE #763: 12.9 ms at 54.3s (Bodies: 471)
⚡ FRAME SPIKE #1356: 56.9 ms at 54.3s (Draw: 4541, Bodies: 471)
⚡ PHYSICS SPIKE #764: 12.9 ms at 54.3s (Bodies: 471)
⚡ PHYSICS SPIKE #765: 12.9 ms at 54.3s (Bodies: 471)
⚡ PHYSICS SPIKE #766: 12.9 ms at 54.3s (Bodies: 471)
⚡ PHYSICS SPIKE #767: 12.9 ms at 54.3s (Bodies: 470)
⚡ FRAME SPIKE #1357: 56.4 ms at 54.3s (Draw: 4538, Bodies: 470)
⚡ PHYSICS SPIKE #768: 12.9 ms at 54.4s (Bodies: 470)
⚡ PHYSICS SPIKE #769: 12.9 ms at 54.4s (Bodies: 470)
⚡ PHYSICS SPIKE #770: 12.9 ms at 54.4s (Bodies: 470)
⚡ PHYSICS SPIKE #771: 12.9 ms at 54.4s (Bodies: 470)
⚡ FRAME SPIKE #1358: 66.7 ms at 54.4s (Draw: 4539, Bodies: 470)
🚗 Traffic: 29 active NPCs (Near: 11, Mid: 13, Far: 5), 4 pooled
  → Physics bodies from NPCs: 29 (All: 29×1, было бы 29×5=145)

========== Bottleneck Analysis Report ==========
Time: 64.9s | Frames: 1622

📊 PERFORMANCE OVERVIEW:
  FPS: 18.6 avg | 16.0 min
  Frame Time: 21.97 ms avg | 22.75 ms max
  Physics Time: 11.70 ms avg

🔍 BOTTLENECK IDENTIFICATION:
  🔴 [CRITICAL] Physics Time
      Value: 11.70 ms
      Impact: Physics simulation overhead
      Suggestions:
        • Reduce number of active physics bodies
        • Simplify collision shapes
        • Disable physics for distant objects

  🟠 [HIGH] Frame Time
      Value: 21.97 ms (target: 16.67 ms)
      Impact: Overall performance bottleneck
      Suggestions:
        • Reduce draw calls
        • Optimize scripts in _process()
        • Check for expensive operations per frame

  🟠 [HIGH] Draw Calls
      Value: 4570 calls/frame
      Impact: GPU rendering overhead
      Suggestions:
        • Batch meshes by material
        • Use MultiMeshInstance3D
        • Implement LOD system
        • Enable frustum culling

  🟠 [HIGH] Physics Bodies
      Value: 469 active bodies
      Impact: Physics engine load
      Suggestions:
        • Reduce NPC count
        • Convert distant NPCs to kinematic
        • Disable physics for far objects

  🟡 [MEDIUM] Vertex Count
      Value: 4619447 vertices/frame
      Impact: GPU vertex processing
      Suggestions:
        • Implement LOD for distant objects
        • Simplify building meshes
        • Use lower poly models

  🟡 [MEDIUM] Node Count
      Value: 30857 nodes
      Impact: Scene tree traversal overhead
      Suggestions:
        • Unload distant chunks
        • Pool and reuse nodes
        • Flatten hierarchy where possible

  🟡 [MEDIUM] Post-Processing Effects
      Value: SSAO, Glow/Bloom, Volumetric Fog
      Impact: GPU shader overhead
      Suggestions:
        • Reduce SSR quality
        • Disable SSAO on low-end hardware
        • Use simpler fog

📈 DETAILED STATS:
  Draw Calls: 4570 avg | 4592 max
  Vertices: 4619447 avg | 4630663 max
  Physics Bodies: 469
  Nodes: 30857
  VRAM: 801.5 MB

=================================================

⚡ PHYSICS SPIKE #772: 12.9 ms at 54.5s (Bodies: 470)
⚡ PHYSICS SPIKE #773: 12.9 ms at 54.5s (Bodies: 470)
⚡ PHYSICS SPIKE #774: 12.9 ms at 54.5s (Bodies: 470)
⚡ FRAME SPIKE #1359: 56.7 ms at 54.5s (Draw: 4539, Bodies: 470)
⚡ PHYSICS SPIKE #775: 12.9 ms at 54.5s (Bodies: 470)
⚡ PHYSICS SPIKE #776: 12.9 ms at 54.5s (Bodies: 470)
⚡ PHYSICS SPIKE #777: 12.9 ms at 54.5s (Bodies: 470)
⚡ FRAME SPIKE #1360: 56.2 ms at 54.5s (Draw: 4539, Bodies: 470)
⚡ PHYSICS SPIKE #778: 12.9 ms at 54.6s (Bodies: 470)
⚡ PHYSICS SPIKE #779: 12.9 ms at 54.6s (Bodies: 470)
⚡ PHYSICS SPIKE #780: 12.9 ms at 54.6s (Bodies: 470)
⚡ PHYSICS SPIKE #781: 12.9 ms at 54.6s (Bodies: 470)
⚡ FRAME SPIKE #1361: 54.4 ms at 54.6s (Draw: 4539, Bodies: 470)
⚡ PHYSICS SPIKE #782: 11.7 ms at 54.6s (Bodies: 470)
⚡ PHYSICS SPIKE #783: 11.7 ms at 54.6s (Bodies: 470)
⚡ PHYSICS SPIKE #784: 11.7 ms at 54.6s (Bodies: 470)
⚡ FRAME SPIKE #1362: 56.2 ms at 54.6s (Draw: 4539, Bodies: 470)
⚡ PHYSICS SPIKE #785: 11.7 ms at 54.7s (Bodies: 470)
⚡ PHYSICS SPIKE #786: 11.7 ms at 54.7s (Bodies: 470)
⚡ PHYSICS SPIKE #787: 11.7 ms at 54.7s (Bodies: 470)
⚡ FRAME SPIKE #1363: 56.1 ms at 54.7s (Draw: 4542, Bodies: 470)
⚡ PHYSICS SPIKE #788: 11.7 ms at 54.7s (Bodies: 470)
⚡ PHYSICS SPIKE #789: 11.7 ms at 54.7s (Bodies: 470)
⚡ PHYSICS SPIKE #790: 11.7 ms at 54.7s (Bodies: 470)
⚡ FRAME SPIKE #1364: 52.8 ms at 54.7s (Draw: 4543, Bodies: 470)
⚡ PHYSICS SPIKE #791: 11.7 ms at 54.8s (Bodies: 470)
⚡ PHYSICS SPIKE #792: 11.7 ms at 54.8s (Bodies: 470)
⚡ PHYSICS SPIKE #793: 11.7 ms at 54.8s (Bodies: 470)
⚡ FRAME SPIKE #1365: 50.9 ms at 54.8s (Draw: 4543, Bodies: 470)
⚡ PHYSICS SPIKE #794: 11.7 ms at 54.9s (Bodies: 470)
⚡ PHYSICS SPIKE #795: 11.7 ms at 54.9s (Bodies: 470)
⚡ PHYSICS SPIKE #796: 11.7 ms at 54.9s (Bodies: 470)
⚡ PHYSICS SPIKE #797: 11.7 ms at 54.9s (Bodies: 470)
⚡ FRAME SPIKE #1366: 51.9 ms at 54.9s (Draw: 4544, Bodies: 470)
⚡ PHYSICS SPIKE #798: 11.7 ms at 54.9s (Bodies: 470)
⚡ PHYSICS SPIKE #799: 11.7 ms at 54.9s (Bodies: 470)
⚡ PHYSICS SPIKE #800: 11.7 ms at 54.9s (Bodies: 470)
⚡ FRAME SPIKE #1367: 54.2 ms at 54.9s (Draw: 4544, Bodies: 470)
⚡ PHYSICS SPIKE #801: 11.7 ms at 55.0s (Bodies: 470)
⚡ PHYSICS SPIKE #802: 11.7 ms at 55.0s (Bodies: 470)
⚡ PHYSICS SPIKE #803: 11.7 ms at 55.0s (Bodies: 470)
⚡ FRAME SPIKE #1368: 54.2 ms at 55.0s (Draw: 4544, Bodies: 470)
⚡ PHYSICS SPIKE #804: 11.7 ms at 55.0s (Bodies: 470)
⚡ PHYSICS SPIKE #805: 11.7 ms at 55.0s (Bodies: 470)
⚡ PHYSICS SPIKE #806: 11.7 ms at 55.0s (Bodies: 470)
⚡ FRAME SPIKE #1369: 54.2 ms at 55.0s (Draw: 4544, Bodies: 470)
⚡ PHYSICS SPIKE #807: 11.7 ms at 55.1s (Bodies: 470)
⚡ PHYSICS SPIKE #808: 11.7 ms at 55.1s (Bodies: 470)
⚡ PHYSICS SPIKE #809: 11.7 ms at 55.1s (Bodies: 470)
⚡ PHYSICS SPIKE #810: 11.7 ms at 55.1s (Bodies: 470)
⚡ FRAME SPIKE #1370: 54.0 ms at 55.1s (Draw: 4544, Bodies: 470)
⚡ PHYSICS SPIKE #811: 11.7 ms at 55.1s (Bodies: 470)
⚡ PHYSICS SPIKE #812: 11.7 ms at 55.1s (Bodies: 470)
⚡ PHYSICS SPIKE #813: 11.7 ms at 55.1s (Bodies: 470)
⚡ FRAME SPIKE #1371: 54.2 ms at 55.1s (Draw: 4544, Bodies: 470)
⚡ PHYSICS SPIKE #814: 11.7 ms at 55.2s (Bodies: 470)
⚡ PHYSICS SPIKE #815: 11.7 ms at 55.2s (Bodies: 470)
⚡ PHYSICS SPIKE #816: 11.7 ms at 55.2s (Bodies: 470)
⚡ FRAME SPIKE #1372: 54.2 ms at 55.2s (Draw: 4545, Bodies: 470)
⚡ PHYSICS SPIKE #817: 11.7 ms at 55.2s (Bodies: 470)
⚡ PHYSICS SPIKE #818: 11.7 ms at 55.2s (Bodies: 470)
⚡ PHYSICS SPIKE #819: 11.7 ms at 55.2s (Bodies: 470)
⚡ FRAME SPIKE #1373: 53.7 ms at 55.2s (Draw: 4545, Bodies: 469)
⚡ PHYSICS SPIKE #820: 11.7 ms at 55.3s (Bodies: 469)
⚡ PHYSICS SPIKE #821: 11.7 ms at 55.3s (Bodies: 469)
⚡ PHYSICS SPIKE #822: 11.7 ms at 55.3s (Bodies: 469)
⚡ PHYSICS SPIKE #823: 11.7 ms at 55.3s (Bodies: 469)
⚡ FRAME SPIKE #1374: 53.0 ms at 55.3s (Draw: 4544, Bodies: 469)
⚡ PHYSICS SPIKE #824: 11.7 ms at 55.3s (Bodies: 469)
⚡ PHYSICS SPIKE #825: 11.7 ms at 55.3s (Bodies: 469)
⚡ PHYSICS SPIKE #826: 11.7 ms at 55.3s (Bodies: 469)
⚡ FRAME SPIKE #1375: 53.3 ms at 55.3s (Draw: 4545, Bodies: 469)
⚡ PHYSICS SPIKE #827: 11.7 ms at 55.4s (Bodies: 469)
⚡ PHYSICS SPIKE #828: 11.7 ms at 55.4s (Bodies: 469)
⚡ PHYSICS SPIKE #829: 11.7 ms at 55.4s (Bodies: 469)
⚡ FRAME SPIKE #1376: 52.8 ms at 55.4s (Draw: 4545, Bodies: 469)
⚡ PHYSICS SPIKE #830: 11.7 ms at 55.4s (Bodies: 469)
⚡ PHYSICS SPIKE #831: 11.7 ms at 55.4s (Bodies: 469)
⚡ PHYSICS SPIKE #832: 11.7 ms at 55.4s (Bodies: 469)
⚡ FRAME SPIKE #1377: 52.1 ms at 55.4s (Draw: 4544, Bodies: 469)
⚡ PHYSICS SPIKE #833: 11.7 ms at 55.5s (Bodies: 469)
⚡ PHYSICS SPIKE #834: 11.7 ms at 55.5s (Bodies: 469)
⚡ PHYSICS SPIKE #835: 11.7 ms at 55.5s (Bodies: 469)
⚡ FRAME SPIKE #1378: 51.9 ms at 55.5s (Draw: 4550, Bodies: 469)
⚡ PHYSICS SPIKE #836: 11.7 ms at 55.5s (Bodies: 469)
⚡ PHYSICS SPIKE #837: 11.7 ms at 55.5s (Bodies: 469)
⚡ PHYSICS SPIKE #838: 11.7 ms at 55.5s (Bodies: 469)
⚡ FRAME SPIKE #1379: 51.7 ms at 55.5s (Draw: 4550, Bodies: 469)
⚡ PHYSICS SPIKE #839: 11.7 ms at 55.6s (Bodies: 469)
⚡ PHYSICS SPIKE #840: 11.7 ms at 55.6s (Bodies: 469)
⚡ PHYSICS SPIKE #841: 11.7 ms at 55.6s (Bodies: 469)
⚡ FRAME SPIKE #1380: 51.5 ms at 55.6s (Draw: 4549, Bodies: 469)
⚡ PHYSICS SPIKE #842: 11.8 ms at 55.6s (Bodies: 469)
⚡ PHYSICS SPIKE #843: 11.8 ms at 55.6s (Bodies: 469)
⚡ PHYSICS SPIKE #844: 11.8 ms at 55.6s (Bodies: 469)
⚡ FRAME SPIKE #1381: 51.4 ms at 55.6s (Draw: 4552, Bodies: 469)
⚡ PHYSICS SPIKE #845: 11.8 ms at 55.7s (Bodies: 469)
⚡ PHYSICS SPIKE #846: 11.8 ms at 55.7s (Bodies: 469)
⚡ PHYSICS SPIKE #847: 11.8 ms at 55.7s (Bodies: 469)
⚡ PHYSICS SPIKE #848: 11.8 ms at 55.7s (Bodies: 469)
⚡ FRAME SPIKE #1382: 52.0 ms at 55.7s (Draw: 4552, Bodies: 469)
⚡ PHYSICS SPIKE #849: 11.8 ms at 55.8s (Bodies: 469)
⚡ PHYSICS SPIKE #850: 11.8 ms at 55.8s (Bodies: 469)
⚡ PHYSICS SPIKE #851: 11.8 ms at 55.8s (Bodies: 469)
⚡ FRAME SPIKE #1383: 51.5 ms at 55.8s (Draw: 4552, Bodies: 469)
⚡ PHYSICS SPIKE #852: 11.8 ms at 55.8s (Bodies: 469)
⚡ PHYSICS SPIKE #853: 11.8 ms at 55.8s (Bodies: 469)
⚡ PHYSICS SPIKE #854: 11.8 ms at 55.8s (Bodies: 469)
⚡ FRAME SPIKE #1384: 51.5 ms at 55.8s (Draw: 4552, Bodies: 469)
⚡ PHYSICS SPIKE #855: 11.8 ms at 55.9s (Bodies: 469)
⚡ PHYSICS SPIKE #856: 11.8 ms at 55.9s (Bodies: 469)
⚡ PHYSICS SPIKE #857: 11.8 ms at 55.9s (Bodies: 469)
⚡ FRAME SPIKE #1385: 51.5 ms at 55.9s (Draw: 4554, Bodies: 469)
⚡ PHYSICS SPIKE #858: 11.8 ms at 55.9s (Bodies: 469)
⚡ PHYSICS SPIKE #859: 11.8 ms at 55.9s (Bodies: 469)
⚡ PHYSICS SPIKE #860: 11.8 ms at 55.9s (Bodies: 469)
⚡ FRAME SPIKE #1386: 51.5 ms at 55.9s (Draw: 4558, Bodies: 469)
⚡ PHYSICS SPIKE #861: 11.8 ms at 56.0s (Bodies: 469)
⚡ PHYSICS SPIKE #862: 11.8 ms at 56.0s (Bodies: 469)
⚡ PHYSICS SPIKE #863: 11.8 ms at 56.0s (Bodies: 469)
⚡ FRAME SPIKE #1387: 51.5 ms at 56.0s (Draw: 4558, Bodies: 469)
⚡ PHYSICS SPIKE #864: 11.8 ms at 56.0s (Bodies: 469)
⚡ PHYSICS SPIKE #865: 11.8 ms at 56.0s (Bodies: 469)
⚡ PHYSICS SPIKE #866: 11.8 ms at 56.0s (Bodies: 469)
⚡ FRAME SPIKE #1388: 51.5 ms at 56.0s (Draw: 4560, Bodies: 469)
⚡ PHYSICS SPIKE #867: 11.8 ms at 56.1s (Bodies: 469)
⚡ PHYSICS SPIKE #868: 11.8 ms at 56.1s (Bodies: 469)
⚡ PHYSICS SPIKE #869: 11.8 ms at 56.1s (Bodies: 469)
⚡ FRAME SPIKE #1389: 51.5 ms at 56.1s (Draw: 4560, Bodies: 469)
⚡ PHYSICS SPIKE #870: 11.8 ms at 56.1s (Bodies: 469)
⚡ PHYSICS SPIKE #871: 11.8 ms at 56.1s (Bodies: 469)
⚡ PHYSICS SPIKE #872: 11.8 ms at 56.1s (Bodies: 469)
⚡ FRAME SPIKE #1390: 51.5 ms at 56.1s (Draw: 4556, Bodies: 468)
⚡ PHYSICS SPIKE #873: 11.8 ms at 56.2s (Bodies: 468)
⚡ PHYSICS SPIKE #874: 11.8 ms at 56.2s (Bodies: 468)
⚡ PHYSICS SPIKE #875: 11.8 ms at 56.2s (Bodies: 468)
⚡ FRAME SPIKE #1391: 51.5 ms at 56.2s (Draw: 4558, Bodies: 468)
⚡ PHYSICS SPIKE #876: 11.8 ms at 56.2s (Bodies: 468)
⚡ PHYSICS SPIKE #877: 11.8 ms at 56.2s (Bodies: 468)
⚡ PHYSICS SPIKE #878: 11.8 ms at 56.2s (Bodies: 468)
⚡ FRAME SPIKE #1392: 51.5 ms at 56.2s (Draw: 4554, Bodies: 468)
⚡ PHYSICS SPIKE #879: 11.8 ms at 56.3s (Bodies: 468)
⚡ PHYSICS SPIKE #880: 11.8 ms at 56.3s (Bodies: 468)
⚡ PHYSICS SPIKE #881: 11.8 ms at 56.3s (Bodies: 468)
⚡ FRAME SPIKE #1393: 51.4 ms at 56.3s (Draw: 4556, Bodies: 468)
⚡ PHYSICS SPIKE #882: 11.8 ms at 56.3s (Bodies: 468)
⚡ PHYSICS SPIKE #883: 11.8 ms at 56.3s (Bodies: 469)
⚡ PHYSICS SPIKE #884: 11.8 ms at 56.3s (Bodies: 469)
⚡ PHYSICS SPIKE #885: 11.8 ms at 56.3s (Bodies: 469)
⚡ FRAME SPIKE #1394: 51.4 ms at 56.3s (Draw: 4556, Bodies: 469)
⚡ PHYSICS SPIKE #886: 11.8 ms at 56.4s (Bodies: 469)
⚡ PHYSICS SPIKE #887: 11.8 ms at 56.4s (Bodies: 469)
⚡ PHYSICS SPIKE #888: 11.8 ms at 56.4s (Bodies: 469)
⚡ FRAME SPIKE #1395: 52.4 ms at 56.4s (Draw: 4556, Bodies: 469)
⚡ PHYSICS SPIKE #889: 11.8 ms at 56.4s (Bodies: 469)
⚡ PHYSICS SPIKE #890: 11.8 ms at 56.4s (Bodies: 469)
⚡ PHYSICS SPIKE #891: 11.8 ms at 56.4s (Bodies: 469)
⚡ FRAME SPIKE #1396: 51.5 ms at 56.4s (Draw: 4558, Bodies: 469)
🚗 Traffic: 28 active NPCs (Near: 12, Mid: 12, Far: 4), 5 pooled
  → Physics bodies from NPCs: 28 (All: 28×1, было бы 28×5=140)

========== Bottleneck Analysis Report ==========
Time: 66.9s | Frames: 1660

📊 PERFORMANCE OVERVIEW:
  FPS: 18.1 avg | 16.0 min
  Frame Time: 22.07 ms avg | 22.75 ms max
  Physics Time: 11.90 ms avg

🔍 BOTTLENECK IDENTIFICATION:
  🔴 [CRITICAL] Physics Time
      Value: 11.90 ms
      Impact: Physics simulation overhead
      Suggestions:
        • Reduce number of active physics bodies
        • Simplify collision shapes
        • Disable physics for distant objects

  🟠 [HIGH] Frame Time
      Value: 22.07 ms (target: 16.67 ms)
      Impact: Overall performance bottleneck
      Suggestions:
        • Reduce draw calls
        • Optimize scripts in _process()
        • Check for expensive operations per frame

  🟠 [HIGH] Draw Calls
      Value: 4558 calls/frame
      Impact: GPU rendering overhead
      Suggestions:
        • Batch meshes by material
        • Use MultiMeshInstance3D
        • Implement LOD system
        • Enable frustum culling

  🟠 [HIGH] Physics Bodies
      Value: 469 active bodies
      Impact: Physics engine load
      Suggestions:
        • Reduce NPC count
        • Convert distant NPCs to kinematic
        • Disable physics for far objects

  🟡 [MEDIUM] Vertex Count
      Value: 4626439 vertices/frame
      Impact: GPU vertex processing
      Suggestions:
        • Implement LOD for distant objects
        • Simplify building meshes
        • Use lower poly models

  🟡 [MEDIUM] Node Count
      Value: 30857 nodes
      Impact: Scene tree traversal overhead
      Suggestions:
        • Unload distant chunks
        • Pool and reuse nodes
        • Flatten hierarchy where possible

  🟡 [MEDIUM] Post-Processing Effects
      Value: SSAO, Glow/Bloom, Volumetric Fog
      Impact: GPU shader overhead
      Suggestions:
        • Reduce SSR quality
        • Disable SSAO on low-end hardware
        • Use simpler fog

📈 DETAILED STATS:
  Draw Calls: 4558 avg | 4579 max
  Vertices: 4626439 avg | 4631176 max
  Physics Bodies: 469
  Nodes: 30857
  VRAM: 801.5 MB

=================================================

⚡ PHYSICS SPIKE #892: 11.8 ms at 56.5s (Bodies: 469)
⚡ PHYSICS SPIKE #893: 11.8 ms at 56.5s (Bodies: 469)
⚡ PHYSICS SPIKE #894: 11.8 ms at 56.5s (Bodies: 469)
⚡ FRAME SPIKE #1397: 51.5 ms at 56.5s (Draw: 4558, Bodies: 469)
⚡ PHYSICS SPIKE #895: 11.8 ms at 56.5s (Bodies: 469)
⚡ PHYSICS SPIKE #896: 11.8 ms at 56.5s (Bodies: 469)
⚡ PHYSICS SPIKE #897: 11.8 ms at 56.5s (Bodies: 469)
⚡ FRAME SPIKE #1398: 51.5 ms at 56.5s (Draw: 4558, Bodies: 469)
⚡ PHYSICS SPIKE #898: 11.8 ms at 56.6s (Bodies: 469)
⚡ PHYSICS SPIKE #899: 11.8 ms at 56.6s (Bodies: 469)
⚡ PHYSICS SPIKE #900: 11.8 ms at 56.6s (Bodies: 469)
⚡ FRAME SPIKE #1399: 51.5 ms at 56.6s (Draw: 4558, Bodies: 469)
⚡ PHYSICS SPIKE #901: 11.5 ms at 56.6s (Bodies: 469)
⚡ PHYSICS SPIKE #902: 11.5 ms at 56.6s (Bodies: 469)
⚡ PHYSICS SPIKE #903: 11.5 ms at 56.6s (Bodies: 469)
⚡ FRAME SPIKE #1400: 51.5 ms at 56.6s (Draw: 4558, Bodies: 469)
⚡ PHYSICS SPIKE #904: 11.5 ms at 56.7s (Bodies: 469)
⚡ PHYSICS SPIKE #905: 11.5 ms at 56.7s (Bodies: 469)
⚡ PHYSICS SPIKE #906: 11.5 ms at 56.7s (Bodies: 469)
⚡ FRAME SPIKE #1401: 51.5 ms at 56.7s (Draw: 4558, Bodies: 469)
⚡ PHYSICS SPIKE #907: 11.5 ms at 56.7s (Bodies: 469)
⚡ PHYSICS SPIKE #908: 11.5 ms at 56.7s (Bodies: 469)
⚡ PHYSICS SPIKE #909: 11.5 ms at 56.7s (Bodies: 469)
⚡ FRAME SPIKE #1402: 51.5 ms at 56.7s (Draw: 4557, Bodies: 469)
⚡ PHYSICS SPIKE #910: 11.5 ms at 56.8s (Bodies: 469)
⚡ PHYSICS SPIKE #911: 11.5 ms at 56.8s (Bodies: 469)
⚡ PHYSICS SPIKE #912: 11.5 ms at 56.8s (Bodies: 469)
⚡ FRAME SPIKE #1403: 51.5 ms at 56.8s (Draw: 4560, Bodies: 469)
⚡ PHYSICS SPIKE #913: 11.5 ms at 56.8s (Bodies: 469)
⚡ PHYSICS SPIKE #914: 11.5 ms at 56.8s (Bodies: 469)
⚡ PHYSICS SPIKE #915: 11.5 ms at 56.8s (Bodies: 469)
⚡ FRAME SPIKE #1404: 50.9 ms at 56.8s (Draw: 4560, Bodies: 469)
⚡ PHYSICS SPIKE #916: 11.5 ms at 56.9s (Bodies: 469)
⚡ PHYSICS SPIKE #917: 11.5 ms at 56.9s (Bodies: 469)
⚡ PHYSICS SPIKE #918: 11.5 ms at 56.9s (Bodies: 469)
⚡ PHYSICS SPIKE #919: 11.5 ms at 56.9s (Bodies: 469)
⚡ FRAME SPIKE #1405: 51.5 ms at 56.9s (Draw: 4561, Bodies: 469)
⚡ PHYSICS SPIKE #920: 11.5 ms at 56.9s (Bodies: 469)
⚡ PHYSICS SPIKE #921: 11.5 ms at 56.9s (Bodies: 469)
⚡ PHYSICS SPIKE #922: 11.5 ms at 56.9s (Bodies: 469)
⚡ FRAME SPIKE #1406: 52.8 ms at 56.9s (Draw: 4565, Bodies: 469)
⚡ PHYSICS SPIKE #923: 11.5 ms at 57.0s (Bodies: 469)
⚡ PHYSICS SPIKE #924: 11.5 ms at 57.0s (Bodies: 469)
⚡ PHYSICS SPIKE #925: 11.5 ms at 57.0s (Bodies: 469)
⚡ FRAME SPIKE #1407: 51.5 ms at 57.0s (Draw: 4565, Bodies: 469)
⚡ PHYSICS SPIKE #926: 11.5 ms at 57.0s (Bodies: 469)
⚡ PHYSICS SPIKE #927: 11.5 ms at 57.0s (Bodies: 469)
⚡ PHYSICS SPIKE #928: 11.5 ms at 57.0s (Bodies: 469)
⚡ FRAME SPIKE #1408: 51.5 ms at 57.0s (Draw: 4565, Bodies: 469)
⚡ PHYSICS SPIKE #929: 11.5 ms at 57.1s (Bodies: 469)
⚡ PHYSICS SPIKE #930: 11.5 ms at 57.1s (Bodies: 469)
⚡ PHYSICS SPIKE #931: 11.5 ms at 57.1s (Bodies: 469)
⚡ FRAME SPIKE #1409: 51.5 ms at 57.1s (Draw: 4565, Bodies: 469)
⚡ PHYSICS SPIKE #932: 11.5 ms at 57.1s (Bodies: 469)
⚡ PHYSICS SPIKE #933: 11.5 ms at 57.1s (Bodies: 469)
⚡ PHYSICS SPIKE #934: 11.5 ms at 57.1s (Bodies: 469)
⚡ FRAME SPIKE #1410: 51.5 ms at 57.1s (Draw: 4564, Bodies: 469)
⚡ PHYSICS SPIKE #935: 11.5 ms at 57.2s (Bodies: 469)
⚡ PHYSICS SPIKE #936: 11.5 ms at 57.2s (Bodies: 469)
⚡ PHYSICS SPIKE #937: 11.5 ms at 57.2s (Bodies: 469)
⚡ FRAME SPIKE #1411: 51.5 ms at 57.2s (Draw: 4561, Bodies: 469)
⚡ PHYSICS SPIKE #938: 11.5 ms at 57.2s (Bodies: 469)
⚡ PHYSICS SPIKE #939: 11.5 ms at 57.2s (Bodies: 469)
⚡ PHYSICS SPIKE #940: 11.5 ms at 57.2s (Bodies: 469)
⚡ FRAME SPIKE #1412: 51.5 ms at 57.2s (Draw: 4564, Bodies: 469)
⚡ PHYSICS SPIKE #941: 11.5 ms at 57.3s (Bodies: 469)
⚡ PHYSICS SPIKE #942: 11.5 ms at 57.3s (Bodies: 469)
⚡ PHYSICS SPIKE #943: 11.5 ms at 57.3s (Bodies: 469)
⚡ FRAME SPIKE #1413: 51.5 ms at 57.3s (Draw: 4564, Bodies: 469)
⚡ PHYSICS SPIKE #944: 11.5 ms at 57.4s (Bodies: 469)
⚡ PHYSICS SPIKE #945: 11.5 ms at 57.4s (Bodies: 470)
⚡ PHYSICS SPIKE #946: 11.5 ms at 57.4s (Bodies: 470)
⚡ PHYSICS SPIKE #947: 11.5 ms at 57.4s (Bodies: 470)
⚡ FRAME SPIKE #1414: 62.3 ms at 57.4s (Draw: 4561, Bodies: 470)
⚡ PHYSICS SPIKE #948: 11.5 ms at 57.4s (Bodies: 470)
⚡ PHYSICS SPIKE #949: 11.5 ms at 57.4s (Bodies: 470)
⚡ PHYSICS SPIKE #950: 11.5 ms at 57.4s (Bodies: 470)
⚡ PHYSICS SPIKE #951: 11.5 ms at 57.4s (Bodies: 470)
⚡ FRAME SPIKE #1415: 65.8 ms at 57.4s (Draw: 4561, Bodies: 470)
⚡ PHYSICS SPIKE #952: 11.5 ms at 57.5s (Bodies: 470)
⚡ PHYSICS SPIKE #953: 11.5 ms at 57.5s (Bodies: 470)
⚡ PHYSICS SPIKE #954: 11.5 ms at 57.5s (Bodies: 470)
⚡ PHYSICS SPIKE #955: 11.5 ms at 57.5s (Bodies: 470)
⚡ FRAME SPIKE #1416: 63.3 ms at 57.5s (Draw: 4568, Bodies: 470)
⚡ PHYSICS SPIKE #956: 11.5 ms at 57.5s (Bodies: 470)
⚡ PHYSICS SPIKE #957: 11.5 ms at 57.5s (Bodies: 470)
⚡ PHYSICS SPIKE #958: 11.5 ms at 57.5s (Bodies: 470)
⚡ PHYSICS SPIKE #959: 11.5 ms at 57.5s (Bodies: 470)
⚡ FRAME SPIKE #1417: 68.8 ms at 57.5s (Draw: 4569, Bodies: 470)
⚡ PHYSICS SPIKE #960: 14.5 ms at 57.6s (Bodies: 470)
⚡ PHYSICS SPIKE #961: 14.5 ms at 57.6s (Bodies: 470)
⚡ PHYSICS SPIKE #962: 14.5 ms at 57.6s (Bodies: 470)
⚡ PHYSICS SPIKE #963: 14.5 ms at 57.6s (Bodies: 470)
⚡ FRAME SPIKE #1418: 63.9 ms at 57.6s (Draw: 4567, Bodies: 470)
⚡ PHYSICS SPIKE #964: 14.5 ms at 57.7s (Bodies: 470)
⚡ PHYSICS SPIKE #965: 14.5 ms at 57.7s (Bodies: 470)
⚡ PHYSICS SPIKE #966: 14.5 ms at 57.7s (Bodies: 470)
⚡ FRAME SPIKE #1419: 61.0 ms at 57.7s (Draw: 4571, Bodies: 470)
⚡ PHYSICS SPIKE #967: 14.5 ms at 57.7s (Bodies: 470)
⚡ PHYSICS SPIKE #968: 14.5 ms at 57.7s (Bodies: 470)
⚡ PHYSICS SPIKE #969: 14.5 ms at 57.7s (Bodies: 470)
⚡ PHYSICS SPIKE #970: 14.5 ms at 57.7s (Bodies: 470)
⚡ FRAME SPIKE #1420: 63.3 ms at 57.7s (Draw: 4571, Bodies: 470)
⚡ PHYSICS SPIKE #971: 14.5 ms at 57.8s (Bodies: 470)
⚡ PHYSICS SPIKE #972: 14.5 ms at 57.8s (Bodies: 470)
⚡ PHYSICS SPIKE #973: 14.5 ms at 57.8s (Bodies: 470)
⚡ PHYSICS SPIKE #974: 14.5 ms at 57.8s (Bodies: 470)
⚡ FRAME SPIKE #1421: 63.3 ms at 57.8s (Draw: 4571, Bodies: 470)
⚡ PHYSICS SPIKE #975: 14.5 ms at 57.9s (Bodies: 470)
⚡ PHYSICS SPIKE #976: 14.5 ms at 57.9s (Bodies: 470)
⚡ PHYSICS SPIKE #977: 14.5 ms at 57.9s (Bodies: 470)
⚡ PHYSICS SPIKE #978: 14.5 ms at 57.9s (Bodies: 470)
⚡ FRAME SPIKE #1422: 60.9 ms at 57.9s (Draw: 4571, Bodies: 470)
⚡ PHYSICS SPIKE #979: 14.5 ms at 57.9s (Bodies: 470)
⚡ PHYSICS SPIKE #980: 14.5 ms at 57.9s (Bodies: 470)
⚡ PHYSICS SPIKE #981: 14.5 ms at 57.9s (Bodies: 470)
⚡ FRAME SPIKE #1423: 61.4 ms at 57.9s (Draw: 4571, Bodies: 470)
⚡ PHYSICS SPIKE #982: 14.5 ms at 58.0s (Bodies: 470)
⚡ PHYSICS SPIKE #983: 14.5 ms at 58.0s (Bodies: 470)
⚡ PHYSICS SPIKE #984: 14.5 ms at 58.0s (Bodies: 470)
⚡ PHYSICS SPIKE #985: 14.5 ms at 58.0s (Bodies: 470)
⚡ FRAME SPIKE #1424: 52.1 ms at 58.0s (Draw: 4571, Bodies: 470)
⚡ PHYSICS SPIKE #986: 14.5 ms at 58.0s (Bodies: 470)
⚡ PHYSICS SPIKE #987: 14.5 ms at 58.0s (Bodies: 470)
⚡ PHYSICS SPIKE #988: 14.5 ms at 58.0s (Bodies: 470)
⚡ FRAME SPIKE #1425: 61.1 ms at 58.0s (Draw: 4571, Bodies: 470)
⚡ PHYSICS SPIKE #989: 14.5 ms at 58.1s (Bodies: 470)
⚡ PHYSICS SPIKE #990: 14.5 ms at 58.1s (Bodies: 470)
⚡ PHYSICS SPIKE #991: 14.5 ms at 58.1s (Bodies: 470)
⚡ FRAME SPIKE #1426: 52.0 ms at 58.1s (Draw: 4571, Bodies: 470)
⚡ PHYSICS SPIKE #992: 14.5 ms at 58.2s (Bodies: 470)
⚡ PHYSICS SPIKE #993: 14.5 ms at 58.2s (Bodies: 470)
⚡ PHYSICS SPIKE #994: 14.5 ms at 58.2s (Bodies: 470)
⚡ FRAME SPIKE #1427: 51.3 ms at 58.2s (Draw: 4571, Bodies: 470)
⚡ PHYSICS SPIKE #995: 14.5 ms at 58.2s (Bodies: 470)
⚡ PHYSICS SPIKE #996: 14.5 ms at 58.2s (Bodies: 469)
⚡ PHYSICS SPIKE #997: 14.5 ms at 58.2s (Bodies: 469)
⚡ PHYSICS SPIKE #998: 14.5 ms at 58.2s (Bodies: 469)
⚡ FRAME SPIKE #1428: 51.3 ms at 58.2s (Draw: 4572, Bodies: 469)
⚡ PHYSICS SPIKE #999: 14.5 ms at 58.3s (Bodies: 469)
⚡ PHYSICS SPIKE #1000: 14.5 ms at 58.3s (Bodies: 469)
⚡ PHYSICS SPIKE #1001: 14.5 ms at 58.3s (Bodies: 469)
⚡ FRAME SPIKE #1429: 55.6 ms at 58.3s (Draw: 4574, Bodies: 469)
⚡ PHYSICS SPIKE #1002: 14.5 ms at 58.3s (Bodies: 469)
⚡ PHYSICS SPIKE #1003: 14.5 ms at 58.3s (Bodies: 469)
⚡ PHYSICS SPIKE #1004: 14.5 ms at 58.3s (Bodies: 469)
⚡ FRAME SPIKE #1430: 55.6 ms at 58.3s (Draw: 4574, Bodies: 469)
⚡ PHYSICS SPIKE #1005: 14.5 ms at 58.4s (Bodies: 469)
⚡ PHYSICS SPIKE #1006: 14.5 ms at 58.4s (Bodies: 470)
⚡ PHYSICS SPIKE #1007: 14.5 ms at 58.4s (Bodies: 470)
⚡ FRAME SPIKE #1431: 54.2 ms at 58.4s (Draw: 4572, Bodies: 470)
⚡ PHYSICS SPIKE #1008: 14.5 ms at 58.4s (Bodies: 470)
⚡ PHYSICS SPIKE #1009: 14.5 ms at 58.4s (Bodies: 470)
⚡ PHYSICS SPIKE #1010: 14.5 ms at 58.4s (Bodies: 470)
⚡ FRAME SPIKE #1432: 50.6 ms at 58.4s (Draw: 4572, Bodies: 470)
⚡ PHYSICS SPIKE #1011: 14.5 ms at 58.5s (Bodies: 470)
⚡ PHYSICS SPIKE #1012: 14.5 ms at 58.5s (Bodies: 470)
⚡ PHYSICS SPIKE #1013: 14.5 ms at 58.5s (Bodies: 470)
⚡ PHYSICS SPIKE #1014: 14.5 ms at 58.5s (Bodies: 470)
⚡ FRAME SPIKE #1433: 51.3 ms at 58.5s (Draw: 4572, Bodies: 470)
🚗 Traffic: 29 active NPCs (Near: 11, Mid: 14, Far: 4), 4 pooled
  → Physics bodies from NPCs: 29 (All: 29×1, было бы 29×5=145)

========== Bottleneck Analysis Report ==========
Time: 68.9s | Frames: 1697

📊 PERFORMANCE OVERVIEW:
  FPS: 17.9 avg | 16.0 min
  Frame Time: 23.13 ms avg | 30.83 ms max
  Physics Time: 12.38 ms avg

🔍 BOTTLENECK IDENTIFICATION:
  🔴 [CRITICAL] Physics Time
      Value: 12.38 ms
      Impact: Physics simulation overhead
      Suggestions:
        • Reduce number of active physics bodies
        • Simplify collision shapes
        • Disable physics for distant objects

  🟠 [HIGH] Frame Time
      Value: 23.13 ms (target: 16.67 ms)
      Impact: Overall performance bottleneck
      Suggestions:
        • Reduce draw calls
        • Optimize scripts in _process()
        • Check for expensive operations per frame

  🟠 [HIGH] Draw Calls
      Value: 4556 calls/frame
      Impact: GPU rendering overhead
      Suggestions:
        • Batch meshes by material
        • Use MultiMeshInstance3D
        • Implement LOD system
        • Enable frustum culling

  🟠 [HIGH] Physics Bodies
      Value: 469 active bodies
      Impact: Physics engine load
      Suggestions:
        • Reduce NPC count
        • Convert distant NPCs to kinematic
        • Disable physics for far objects

  🟡 [MEDIUM] Vertex Count
      Value: 4631061 vertices/frame
      Impact: GPU vertex processing
      Suggestions:
        • Implement LOD for distant objects
        • Simplify building meshes
        • Use lower poly models

  🟡 [MEDIUM] Node Count
      Value: 30857 nodes
      Impact: Scene tree traversal overhead
      Suggestions:
        • Unload distant chunks
        • Pool and reuse nodes
        • Flatten hierarchy where possible

  🟡 [MEDIUM] Post-Processing Effects
      Value: SSAO, Glow/Bloom, Volumetric Fog
      Impact: GPU shader overhead
      Suggestions:
        • Reduce SSR quality
        • Disable SSAO on low-end hardware
        • Use simpler fog

📈 DETAILED STATS:
  Draw Calls: 4556 avg | 4574 max
  Vertices: 4631061 avg | 4637148 max
  Physics Bodies: 469
  Nodes: 30857
  VRAM: 801.5 MB

=================================================

⚡ PHYSICS SPIKE #1015: 14.5 ms at 58.5s (Bodies: 470)
⚡ PHYSICS SPIKE #1016: 14.5 ms at 58.5s (Bodies: 470)
⚡ PHYSICS SPIKE #1017: 14.5 ms at 58.5s (Bodies: 470)
⚡ FRAME SPIKE #1434: 53.7 ms at 58.5s (Draw: 4572, Bodies: 470)
⚡ PHYSICS SPIKE #1018: 14.5 ms at 58.6s (Bodies: 470)
⚡ PHYSICS SPIKE #1019: 14.5 ms at 58.6s (Bodies: 470)
⚡ PHYSICS SPIKE #1020: 14.5 ms at 58.6s (Bodies: 470)
⚡ FRAME SPIKE #1435: 54.2 ms at 58.6s (Draw: 4572, Bodies: 470)
⚡ PHYSICS SPIKE #1021: 11.4 ms at 58.6s (Bodies: 470)
⚡ PHYSICS SPIKE #1022: 11.4 ms at 58.6s (Bodies: 470)
⚡ PHYSICS SPIKE #1023: 11.4 ms at 58.6s (Bodies: 470)
⚡ FRAME SPIKE #1436: 53.7 ms at 58.6s (Draw: 4572, Bodies: 470)
⚡ PHYSICS SPIKE #1024: 11.4 ms at 58.7s (Bodies: 470)
⚡ PHYSICS SPIKE #1025: 11.4 ms at 58.7s (Bodies: 470)
⚡ PHYSICS SPIKE #1026: 11.4 ms at 58.7s (Bodies: 470)
⚡ FRAME SPIKE #1437: 53.3 ms at 58.7s (Draw: 4572, Bodies: 470)
⚡ PHYSICS SPIKE #1027: 11.4 ms at 58.7s (Bodies: 470)
⚡ PHYSICS SPIKE #1028: 11.4 ms at 58.7s (Bodies: 470)
⚡ PHYSICS SPIKE #1029: 11.4 ms at 58.7s (Bodies: 470)
⚡ PHYSICS SPIKE #1030: 11.4 ms at 58.7s (Bodies: 470)
⚡ FRAME SPIKE #1438: 52.7 ms at 58.7s (Draw: 4572, Bodies: 470)
⚡ PHYSICS SPIKE #1031: 11.4 ms at 58.8s (Bodies: 470)
⚡ PHYSICS SPIKE #1032: 11.4 ms at 58.8s (Bodies: 470)
⚡ PHYSICS SPIKE #1033: 11.4 ms at 58.8s (Bodies: 470)
⚡ FRAME SPIKE #1439: 53.3 ms at 58.8s (Draw: 4571, Bodies: 470)
⚡ PHYSICS SPIKE #1034: 11.4 ms at 58.8s (Bodies: 470)
⚡ PHYSICS SPIKE #1035: 11.4 ms at 58.8s (Bodies: 470)
⚡ PHYSICS SPIKE #1036: 11.4 ms at 58.8s (Bodies: 470)
⚡ FRAME SPIKE #1440: 53.3 ms at 58.8s (Draw: 4571, Bodies: 470)
⚡ PHYSICS SPIKE #1037: 11.4 ms at 58.9s (Bodies: 470)
⚡ PHYSICS SPIKE #1038: 11.4 ms at 58.9s (Bodies: 470)
⚡ PHYSICS SPIKE #1039: 11.4 ms at 58.9s (Bodies: 470)
⚡ FRAME SPIKE #1441: 53.3 ms at 58.9s (Draw: 4573, Bodies: 470)
⚡ PHYSICS SPIKE #1040: 11.4 ms at 58.9s (Bodies: 470)
⚡ PHYSICS SPIKE #1041: 11.4 ms at 58.9s (Bodies: 470)
⚡ PHYSICS SPIKE #1042: 11.4 ms at 58.9s (Bodies: 470)
⚡ FRAME SPIKE #1442: 53.3 ms at 58.9s (Draw: 4578, Bodies: 470)
⚡ PHYSICS SPIKE #1043: 11.4 ms at 59.0s (Bodies: 470)
⚡ PHYSICS SPIKE #1044: 11.4 ms at 59.0s (Bodies: 470)
⚡ PHYSICS SPIKE #1045: 11.4 ms at 59.0s (Bodies: 470)
⚡ PHYSICS SPIKE #1046: 11.4 ms at 59.0s (Bodies: 470)
⚡ FRAME SPIKE #1443: 53.3 ms at 59.0s (Draw: 4578, Bodies: 470)
⚡ PHYSICS SPIKE #1047: 11.4 ms at 59.1s (Bodies: 470)
⚡ PHYSICS SPIKE #1048: 11.4 ms at 59.1s (Bodies: 470)
⚡ PHYSICS SPIKE #1049: 11.4 ms at 59.1s (Bodies: 470)
⚡ FRAME SPIKE #1444: 53.3 ms at 59.1s (Draw: 4589, Bodies: 470)

=== PERFORMANCE METRICS ===
FPS: 18 | Frame: 53.2 ms (max 68.8) | Physics: 16.6 ms (max 42.5)
Godot Process: 22.12 ms | Physics: 11.37 ms
Objects: 71957 | Nodes: 30857 | Resources: 539
Draw calls: 4589 | Vertices: 4637260 | VRAM: 801.5 MB
Physics bodies: 470 | Collision pairs: 6536
--- System Times ---
  road_batch_finalize_total_-1,-1: 37.99 ms (max 37.99)
  road_batch_finalize_total_-1,-2: 5.72 ms (max 5.72)
  road_batch_finalize_total_-1,-3: 9.52 ms (max 9.52)
  road_batch_finalize_total_-1,-4: 10.14 ms (max 10.14)
  road_batch_finalize_total_-1,-5: 8.48 ms (max 8.48)
  road_batch_finalize_total_-1,0: 15.24 ms (max 15.24)
  road_batch_finalize_total_-2,-1: 20.82 ms (max 20.82)
  road_batch_finalize_total_-2,-2: 18.79 ms (max 18.79)
  road_batch_finalize_total_-2,-3: 15.34 ms (max 15.34)
  road_batch_finalize_total_-2,-4: 8.57 ms (max 8.64)
  road_batch_finalize_total_-2,0: 20.92 ms (max 20.92)
  road_batch_finalize_total_0,-1: 26.87 ms (max 26.87)
  road_batch_finalize_total_0,-2: 24.63 ms (max 24.63)
  road_batch_finalize_total_0,-3: 10.80 ms (max 10.80)
  road_batch_finalize_total_0,-4: 9.87 ms (max 9.87)
  road_batch_finalize_total_0,-5: 8.33 ms (max 8.33)
  road_batch_finalize_total_0,0: 24.82 ms (max 24.82)
  road_batch_finalize_total_0,1: 20.95 ms (max 20.95)
  road_batch_finalize_total_1,-1: 13.26 ms (max 13.26)
  road_batch_finalize_total_1,-2: 29.74 ms (max 29.74)
  road_batch_finalize_total_1,-3: 19.52 ms (max 19.52)
  road_batch_finalize_total_1,-4: 9.71 ms (max 9.71)
  road_batch_finalize_total_1,0: 12.47 ms (max 12.47)
  road_batch_finalize_total_2,-3: 6.47 ms (max 6.47)
  road_collision_create_-1,-1: 12.40 ms (max 30.21)
  road_collision_create_-1,-2: 2.67 ms (max 3.38)
  road_collision_create_-1,-3: 2.88 ms (max 5.48)
  road_collision_create_-1,-4: 4.69 ms (max 5.66)
  road_collision_create_-1,-5: 3.81 ms (max 4.26)
  road_collision_create_-1,0: 7.39 ms (max 12.66)
  road_collision_create_-2,-1: 6.73 ms (max 15.12)
  road_collision_create_-2,-2: 9.17 ms (max 16.47)
  road_collision_create_-2,-3: 4.80 ms (max 10.47)
  road_collision_create_-2,-4: 3.94 ms (max 5.41)
  road_collision_create_-2,0: 10.23 ms (max 17.11)
  road_collision_create_0,-1: 8.72 ms (max 20.84)
  road_collision_create_0,-2: 7.97 ms (max 17.50)
  road_collision_create_0,-3: 3.25 ms (max 4.54)
  road_collision_create_0,-4: 3.06 ms (max 6.25)
  road_collision_create_0,-5: 3.77 ms (max 4.07)
  road_collision_create_0,0: 8.07 ms (max 21.14)
  road_collision_create_0,1: 20.70 ms (max 20.70)
  road_collision_create_1,-1: 4.24 ms (max 9.37)
  road_collision_create_1,-2: 14.62 ms (max 26.58)
  road_collision_create_1,-3: 6.21 ms (max 14.58)
  road_collision_create_1,-4: 2.97 ms (max 3.86)
  road_collision_create_1,0: 12.21 ms (max 12.21)
  road_collision_create_2,-3: 2.88 ms (max 3.83)
===========================

=== PERFORMANCE METRICS ===
FPS: 18 | Frame: 53.2 ms (max 68.8) | Physics: 16.6 ms (max 42.5)
Godot Process: 22.12 ms | Physics: 11.37 ms
Objects: 71957 | Nodes: 30857 | Resources: 539
Draw calls: 4589 | Vertices: 4637260 | VRAM: 801.5 MB
Physics bodies: 470 | Collision pairs: 6536
===========================
⚡ PHYSICS SPIKE #1050: 11.4 ms at 59.1s (Bodies: 470)
⚡ PHYSICS SPIKE #1051: 11.4 ms at 59.1s (Bodies: 470)
⚡ PHYSICS SPIKE #1052: 11.4 ms at 59.1s (Bodies: 470)
⚡ FRAME SPIKE #1445: 53.3 ms at 59.1s (Draw: 4589, Bodies: 470)
⚡ PHYSICS SPIKE #1053: 11.4 ms at 59.2s (Bodies: 470)
⚡ PHYSICS SPIKE #1054: 11.4 ms at 59.2s (Bodies: 470)
⚡ PHYSICS SPIKE #1055: 11.4 ms at 59.2s (Bodies: 470)
⚡ FRAME SPIKE #1446: 53.3 ms at 59.2s (Draw: 4589, Bodies: 470)
⚡ PHYSICS SPIKE #1056: 11.4 ms at 59.2s (Bodies: 470)
⚡ PHYSICS SPIKE #1057: 11.4 ms at 59.2s (Bodies: 470)
⚡ PHYSICS SPIKE #1058: 11.4 ms at 59.2s (Bodies: 470)
⚡ FRAME SPIKE #1447: 53.3 ms at 59.2s (Draw: 4589, Bodies: 470)
⚡ PHYSICS SPIKE #1059: 11.4 ms at 59.3s (Bodies: 470)
⚡ PHYSICS SPIKE #1060: 11.4 ms at 59.3s (Bodies: 470)
⚡ PHYSICS SPIKE #1061: 11.4 ms at 59.3s (Bodies: 470)
⚡ PHYSICS SPIKE #1062: 11.4 ms at 59.3s (Bodies: 470)
⚡ FRAME SPIKE #1448: 53.3 ms at 59.3s (Draw: 4604, Bodies: 470)
⚡ PHYSICS SPIKE #1063: 11.4 ms at 59.3s (Bodies: 470)
⚡ PHYSICS SPIKE #1064: 11.4 ms at 59.3s (Bodies: 470)
⚡ PHYSICS SPIKE #1065: 11.4 ms at 59.3s (Bodies: 470)
⚡ FRAME SPIKE #1449: 53.7 ms at 59.3s (Draw: 4604, Bodies: 470)
⚡ PHYSICS SPIKE #1066: 11.4 ms at 59.4s (Bodies: 470)
⚡ PHYSICS SPIKE #1067: 11.4 ms at 59.4s (Bodies: 471)
⚡ PHYSICS SPIKE #1068: 11.4 ms at 59.4s (Bodies: 471)
⚡ FRAME SPIKE #1450: 53.7 ms at 59.4s (Draw: 4599, Bodies: 471)
⚡ PHYSICS SPIKE #1069: 11.4 ms at 59.4s (Bodies: 471)
⚡ PHYSICS SPIKE #1070: 11.4 ms at 59.4s (Bodies: 471)
⚡ PHYSICS SPIKE #1071: 11.4 ms at 59.4s (Bodies: 471)
⚡ FRAME SPIKE #1451: 53.7 ms at 59.4s (Draw: 4599, Bodies: 471)
⚡ PHYSICS SPIKE #1072: 11.4 ms at 59.5s (Bodies: 471)
⚡ PHYSICS SPIKE #1073: 11.4 ms at 59.5s (Bodies: 471)
⚡ PHYSICS SPIKE #1074: 11.4 ms at 59.5s (Bodies: 471)
⚡ FRAME SPIKE #1452: 53.7 ms at 59.5s (Draw: 4598, Bodies: 471)
⚡ PHYSICS SPIKE #1075: 11.4 ms at 59.5s (Bodies: 471)
⚡ PHYSICS SPIKE #1076: 11.4 ms at 59.5s (Bodies: 471)
⚡ PHYSICS SPIKE #1077: 11.4 ms at 59.5s (Bodies: 471)
⚡ PHYSICS SPIKE #1078: 11.4 ms at 59.5s (Bodies: 471)
⚡ FRAME SPIKE #1453: 53.3 ms at 59.5s (Draw: 4598, Bodies: 471)
⚡ PHYSICS SPIKE #1079: 11.4 ms at 59.6s (Bodies: 471)
⚡ PHYSICS SPIKE #1080: 11.4 ms at 59.6s (Bodies: 471)
⚡ PHYSICS SPIKE #1081: 11.4 ms at 59.6s (Bodies: 471)
⚡ FRAME SPIKE #1454: 54.2 ms at 59.6s (Draw: 4598, Bodies: 471)
⚡ PHYSICS SPIKE #1082: 11.8 ms at 59.6s (Bodies: 471)
⚡ PHYSICS SPIKE #1083: 11.8 ms at 59.6s (Bodies: 471)
⚡ PHYSICS SPIKE #1084: 11.8 ms at 59.6s (Bodies: 471)
⚡ FRAME SPIKE #1455: 53.7 ms at 59.6s (Draw: 4598, Bodies: 471)
⚡ PHYSICS SPIKE #1085: 11.8 ms at 59.7s (Bodies: 471)
⚡ PHYSICS SPIKE #1086: 11.8 ms at 59.7s (Bodies: 471)
⚡ PHYSICS SPIKE #1087: 11.8 ms at 59.7s (Bodies: 471)
⚡ FRAME SPIKE #1456: 53.7 ms at 59.7s (Draw: 4598, Bodies: 471)
⚡ PHYSICS SPIKE #1088: 11.8 ms at 59.8s (Bodies: 471)
⚡ PHYSICS SPIKE #1089: 11.8 ms at 59.8s (Bodies: 471)
⚡ PHYSICS SPIKE #1090: 11.8 ms at 59.8s (Bodies: 471)
⚡ PHYSICS SPIKE #1091: 11.8 ms at 59.8s (Bodies: 471)
⚡ FRAME SPIKE #1457: 53.7 ms at 59.8s (Draw: 4604, Bodies: 471)
⚡ PHYSICS SPIKE #1092: 11.8 ms at 59.8s (Bodies: 471)
⚡ PHYSICS SPIKE #1093: 11.8 ms at 59.8s (Bodies: 471)
⚡ PHYSICS SPIKE #1094: 11.8 ms at 59.8s (Bodies: 471)
⚡ FRAME SPIKE #1458: 60.5 ms at 59.8s (Draw: 4604, Bodies: 471)
⚡ PHYSICS SPIKE #1095: 11.8 ms at 59.9s (Bodies: 471)
⚡ PHYSICS SPIKE #1096: 11.8 ms at 59.9s (Bodies: 471)
⚡ PHYSICS SPIKE #1097: 11.8 ms at 59.9s (Bodies: 471)
⚡ PHYSICS SPIKE #1098: 11.8 ms at 59.9s (Bodies: 471)
⚡ FRAME SPIKE #1459: 55.6 ms at 59.9s (Draw: 4606, Bodies: 471)
⚡ PHYSICS SPIKE #1099: 11.8 ms at 59.9s (Bodies: 471)
⚡ PHYSICS SPIKE #1100: 11.8 ms at 59.9s (Bodies: 471)
⚡ PHYSICS SPIKE #1101: 11.8 ms at 59.9s (Bodies: 471)
⚡ FRAME SPIKE #1460: 62.1 ms at 59.9s (Draw: 4614, Bodies: 471)
⚡ PHYSICS SPIKE #1102: 11.8 ms at 60.0s (Bodies: 471)
⚡ PHYSICS SPIKE #1103: 11.8 ms at 60.0s (Bodies: 471)
⚡ PHYSICS SPIKE #1104: 11.8 ms at 60.0s (Bodies: 471)
⚡ PHYSICS SPIKE #1105: 11.8 ms at 60.0s (Bodies: 471)
⚡ FRAME SPIKE #1461: 53.5 ms at 60.0s (Draw: 4614, Bodies: 471)
⚡ PHYSICS SPIKE #1106: 11.8 ms at 60.0s (Bodies: 471)
⚡ PHYSICS SPIKE #1107: 11.8 ms at 60.0s (Bodies: 471)
⚡ PHYSICS SPIKE #1108: 11.8 ms at 60.0s (Bodies: 471)
⚡ PHYSICS SPIKE #1109: 11.8 ms at 60.0s (Bodies: 471)
⚡ FRAME SPIKE #1462: 66.7 ms at 60.0s (Draw: 4639, Bodies: 471)
⚡ PHYSICS SPIKE #1110: 11.8 ms at 60.1s (Bodies: 471)
⚡ PHYSICS SPIKE #1111: 11.8 ms at 60.1s (Bodies: 471)
⚡ PHYSICS SPIKE #1112: 11.8 ms at 60.1s (Bodies: 471)
⚡ FRAME SPIKE #1463: 57.1 ms at 60.1s (Draw: 4646, Bodies: 471)
⚡ PHYSICS SPIKE #1113: 11.8 ms at 60.2s (Bodies: 471)
⚡ PHYSICS SPIKE #1114: 11.8 ms at 60.2s (Bodies: 471)
⚡ PHYSICS SPIKE #1115: 11.8 ms at 60.2s (Bodies: 471)
⚡ FRAME SPIKE #1464: 55.6 ms at 60.2s (Draw: 4655, Bodies: 471)
⚡ PHYSICS SPIKE #1116: 11.8 ms at 60.2s (Bodies: 471)
⚡ PHYSICS SPIKE #1117: 11.8 ms at 60.2s (Bodies: 471)
⚡ PHYSICS SPIKE #1118: 11.8 ms at 60.2s (Bodies: 471)
⚡ PHYSICS SPIKE #1119: 11.8 ms at 60.2s (Bodies: 471)
⚡ FRAME SPIKE #1465: 55.6 ms at 60.2s (Draw: 4663, Bodies: 471)
⚡ PHYSICS SPIKE #1120: 11.8 ms at 60.3s (Bodies: 471)
⚡ PHYSICS SPIKE #1121: 11.8 ms at 60.3s (Bodies: 471)
⚡ PHYSICS SPIKE #1122: 11.8 ms at 60.3s (Bodies: 471)
⚡ FRAME SPIKE #1466: 57.1 ms at 60.3s (Draw: 4662, Bodies: 471)
⚡ PHYSICS SPIKE #1123: 11.8 ms at 60.3s (Bodies: 471)
⚡ PHYSICS SPIKE #1124: 11.8 ms at 60.3s (Bodies: 471)
⚡ PHYSICS SPIKE #1125: 11.8 ms at 60.3s (Bodies: 471)
⚡ FRAME SPIKE #1467: 55.6 ms at 60.3s (Draw: 4669, Bodies: 471)
⚡ PHYSICS SPIKE #1126: 11.8 ms at 60.4s (Bodies: 471)
⚡ PHYSICS SPIKE #1127: 11.8 ms at 60.4s (Bodies: 471)
⚡ PHYSICS SPIKE #1128: 11.8 ms at 60.4s (Bodies: 471)
⚡ PHYSICS SPIKE #1129: 11.8 ms at 60.4s (Bodies: 471)
⚡ FRAME SPIKE #1468: 56.1 ms at 60.4s (Draw: 4669, Bodies: 471)
⚡ PHYSICS SPIKE #1130: 11.8 ms at 60.4s (Bodies: 471)
⚡ PHYSICS SPIKE #1131: 11.8 ms at 60.4s (Bodies: 471)
⚡ PHYSICS SPIKE #1132: 11.8 ms at 60.4s (Bodies: 471)
⚡ FRAME SPIKE #1469: 56.1 ms at 60.4s (Draw: 4669, Bodies: 471)
⚡ PHYSICS SPIKE #1133: 11.8 ms at 60.5s (Bodies: 471)
⚡ PHYSICS SPIKE #1134: 11.8 ms at 60.5s (Bodies: 471)
⚡ PHYSICS SPIKE #1135: 11.8 ms at 60.5s (Bodies: 471)
⚡ PHYSICS SPIKE #1136: 11.8 ms at 60.5s (Bodies: 471)
⚡ FRAME SPIKE #1470: 57.0 ms at 60.5s (Draw: 4669, Bodies: 470)
🚗 Traffic: 29 active NPCs (Near: 10, Mid: 14, Far: 5), 4 pooled
  → Physics bodies from NPCs: 29 (All: 29×1, было бы 29×5=145)

========== Bottleneck Analysis Report ==========
Time: 71.0s | Frames: 1734

📊 PERFORMANCE OVERVIEW:
  FPS: 18.3 avg | 17.0 min
  Frame Time: 23.30 ms avg | 30.83 ms max
  Physics Time: 12.17 ms avg

🔍 BOTTLENECK IDENTIFICATION:
  🔴 [CRITICAL] Physics Time
      Value: 12.17 ms
      Impact: Physics simulation overhead
      Suggestions:
        • Reduce number of active physics bodies
        • Simplify collision shapes
        • Disable physics for distant objects

  🟠 [HIGH] Frame Time
      Value: 23.30 ms (target: 16.67 ms)
      Impact: Overall performance bottleneck
      Suggestions:
        • Reduce draw calls
        • Optimize scripts in _process()
        • Check for expensive operations per frame

  🟠 [HIGH] Draw Calls
      Value: 4571 calls/frame
      Impact: GPU rendering overhead
      Suggestions:
        • Batch meshes by material
        • Use MultiMeshInstance3D
        • Implement LOD system
        • Enable frustum culling

  🟠 [HIGH] Physics Bodies
      Value: 469 active bodies
      Impact: Physics engine load
      Suggestions:
        • Reduce NPC count
        • Convert distant NPCs to kinematic
        • Disable physics for far objects

  🟡 [MEDIUM] Vertex Count
      Value: 4634401 vertices/frame
      Impact: GPU vertex processing
      Suggestions:
        • Implement LOD for distant objects
        • Simplify building meshes
        • Use lower poly models

  🟡 [MEDIUM] Node Count
      Value: 30857 nodes
      Impact: Scene tree traversal overhead
      Suggestions:
        • Unload distant chunks
        • Pool and reuse nodes
        • Flatten hierarchy where possible

  🟡 [MEDIUM] Post-Processing Effects
      Value: SSAO, Glow/Bloom, Volumetric Fog
      Impact: GPU shader overhead
      Suggestions:
        • Reduce SSR quality
        • Disable SSAO on low-end hardware
        • Use simpler fog

📈 DETAILED STATS:
  Draw Calls: 4571 avg | 4669 max
  Vertices: 4634401 avg | 4645456 max
  Physics Bodies: 469
  Nodes: 30857
  VRAM: 801.5 MB

=================================================

⚡ PHYSICS SPIKE #1137: 11.8 ms at 60.6s (Bodies: 470)
⚡ PHYSICS SPIKE #1138: 11.8 ms at 60.6s (Bodies: 470)
⚡ PHYSICS SPIKE #1139: 11.8 ms at 60.6s (Bodies: 470)
⚡ FRAME SPIKE #1471: 56.1 ms at 60.6s (Draw: 4679, Bodies: 470)
⚡ PHYSICS SPIKE #1140: 11.8 ms at 60.6s (Bodies: 470)
⚡ PHYSICS SPIKE #1141: 11.8 ms at 60.6s (Bodies: 470)
⚡ PHYSICS SPIKE #1142: 11.8 ms at 60.6s (Bodies: 470)
⚡ FRAME SPIKE #1472: 56.1 ms at 60.6s (Draw: 4679, Bodies: 469)
⚡ PHYSICS SPIKE #1143: 11.8 ms at 60.7s (Bodies: 469)
⚡ PHYSICS SPIKE #1144: 11.8 ms at 60.7s (Bodies: 469)
⚡ PHYSICS SPIKE #1145: 11.8 ms at 60.7s (Bodies: 469)
⚡ PHYSICS SPIKE #1146: 11.8 ms at 60.7s (Bodies: 469)
⚡ FRAME SPIKE #1473: 55.6 ms at 60.7s (Draw: 4680, Bodies: 469)
⚡ PHYSICS SPIKE #1147: 11.8 ms at 60.7s (Bodies: 469)
⚡ PHYSICS SPIKE #1148: 11.8 ms at 60.7s (Bodies: 469)
⚡ PHYSICS SPIKE #1149: 11.8 ms at 60.7s (Bodies: 469)
⚡ FRAME SPIKE #1474: 56.1 ms at 60.7s (Draw: 4680, Bodies: 469)
⚡ PHYSICS SPIKE #1150: 11.8 ms at 60.8s (Bodies: 469)
⚡ PHYSICS SPIKE #1151: 11.8 ms at 60.8s (Bodies: 469)
⚡ PHYSICS SPIKE #1152: 11.8 ms at 60.8s (Bodies: 469)
⚡ FRAME SPIKE #1475: 55.6 ms at 60.8s (Draw: 4681, Bodies: 469)
⚡ PHYSICS SPIKE #1153: 11.8 ms at 60.8s (Bodies: 469)
⚡ PHYSICS SPIKE #1154: 11.8 ms at 60.8s (Bodies: 469)
⚡ PHYSICS SPIKE #1155: 11.8 ms at 60.8s (Bodies: 469)
⚡ PHYSICS SPIKE #1156: 11.8 ms at 60.8s (Bodies: 469)
⚡ FRAME SPIKE #1476: 55.6 ms at 60.8s (Draw: 4681, Bodies: 469)
⚡ PHYSICS SPIKE #1157: 11.8 ms at 60.9s (Bodies: 469)
⚡ PHYSICS SPIKE #1158: 11.8 ms at 60.9s (Bodies: 469)
⚡ PHYSICS SPIKE #1159: 11.8 ms at 60.9s (Bodies: 469)
⚡ FRAME SPIKE #1477: 55.6 ms at 60.9s (Draw: 4678, Bodies: 469)
⚡ PHYSICS SPIKE #1160: 11.8 ms at 60.9s (Bodies: 469)
⚡ PHYSICS SPIKE #1161: 11.8 ms at 60.9s (Bodies: 469)
⚡ PHYSICS SPIKE #1162: 11.8 ms at 60.9s (Bodies: 469)
⚡ FRAME SPIKE #1478: 55.6 ms at 60.9s (Draw: 4673, Bodies: 469)
⚡ PHYSICS SPIKE #1163: 11.8 ms at 61.0s (Bodies: 469)
⚡ PHYSICS SPIKE #1164: 11.8 ms at 61.0s (Bodies: 469)
⚡ PHYSICS SPIKE #1165: 11.8 ms at 61.0s (Bodies: 469)
⚡ PHYSICS SPIKE #1166: 11.8 ms at 61.0s (Bodies: 469)
⚡ FRAME SPIKE #1479: 55.6 ms at 61.0s (Draw: 4680, Bodies: 469)
⚡ PHYSICS SPIKE #1167: 11.8 ms at 61.1s (Bodies: 469)
⚡ PHYSICS SPIKE #1168: 11.8 ms at 61.1s (Bodies: 469)
⚡ PHYSICS SPIKE #1169: 11.8 ms at 61.1s (Bodies: 469)
⚡ FRAME SPIKE #1480: 55.6 ms at 61.1s (Draw: 4680, Bodies: 469)
⚡ PHYSICS SPIKE #1170: 11.8 ms at 61.1s (Bodies: 469)
⚡ PHYSICS SPIKE #1171: 11.8 ms at 61.1s (Bodies: 469)
⚡ PHYSICS SPIKE #1172: 11.8 ms at 61.1s (Bodies: 469)
⚡ FRAME SPIKE #1481: 55.6 ms at 61.1s (Draw: 4678, Bodies: 469)
⚡ PHYSICS SPIKE #1173: 11.8 ms at 61.2s (Bodies: 469)
⚡ PHYSICS SPIKE #1174: 11.8 ms at 61.2s (Bodies: 469)
⚡ PHYSICS SPIKE #1175: 11.8 ms at 61.2s (Bodies: 469)
⚡ PHYSICS SPIKE #1176: 11.8 ms at 61.2s (Bodies: 469)
⚡ FRAME SPIKE #1482: 55.3 ms at 61.2s (Draw: 4681, Bodies: 469)
⚡ PHYSICS SPIKE #1177: 11.8 ms at 61.2s (Bodies: 469)
⚡ PHYSICS SPIKE #1178: 11.8 ms at 61.2s (Bodies: 468)
⚡ PHYSICS SPIKE #1179: 11.8 ms at 61.2s (Bodies: 468)
⚡ FRAME SPIKE #1483: 55.6 ms at 61.2s (Draw: 4683, Bodies: 468)
⚡ PHYSICS SPIKE #1180: 11.8 ms at 61.3s (Bodies: 468)
⚡ PHYSICS SPIKE #1181: 11.8 ms at 61.3s (Bodies: 468)
⚡ PHYSICS SPIKE #1182: 11.8 ms at 61.3s (Bodies: 468)
⚡ FRAME SPIKE #1484: 55.6 ms at 61.3s (Draw: 4683, Bodies: 468)
⚡ PHYSICS SPIKE #1183: 11.8 ms at 61.3s (Bodies: 468)
⚡ PHYSICS SPIKE #1184: 11.8 ms at 61.3s (Bodies: 468)
⚡ PHYSICS SPIKE #1185: 11.8 ms at 61.3s (Bodies: 468)
⚡ FRAME SPIKE #1485: 52.1 ms at 61.3s (Draw: 4683, Bodies: 468)
⚡ PHYSICS SPIKE #1186: 11.8 ms at 61.4s (Bodies: 468)
⚡ PHYSICS SPIKE #1187: 11.8 ms at 61.4s (Bodies: 469)
⚡ PHYSICS SPIKE #1188: 11.8 ms at 61.4s (Bodies: 469)
⚡ PHYSICS SPIKE #1189: 11.8 ms at 61.4s (Bodies: 469)
⚡ FRAME SPIKE #1486: 53.4 ms at 61.4s (Draw: 4681, Bodies: 469)
⚡ PHYSICS SPIKE #1190: 11.8 ms at 61.4s (Bodies: 469)
⚡ PHYSICS SPIKE #1191: 11.8 ms at 61.4s (Bodies: 469)
⚡ PHYSICS SPIKE #1192: 11.8 ms at 61.4s (Bodies: 469)
⚡ FRAME SPIKE #1487: 55.0 ms at 61.4s (Draw: 4681, Bodies: 469)
⚡ PHYSICS SPIKE #1193: 11.8 ms at 61.5s (Bodies: 469)
⚡ PHYSICS SPIKE #1194: 11.8 ms at 61.5s (Bodies: 469)
⚡ PHYSICS SPIKE #1195: 11.8 ms at 61.5s (Bodies: 469)
⚡ FRAME SPIKE #1488: 55.0 ms at 61.5s (Draw: 4681, Bodies: 469)
⚡ PHYSICS SPIKE #1196: 11.8 ms at 61.5s (Bodies: 469)
⚡ PHYSICS SPIKE #1197: 11.8 ms at 61.5s (Bodies: 469)
⚡ PHYSICS SPIKE #1198: 11.8 ms at 61.5s (Bodies: 469)
⚡ FRAME SPIKE #1489: 51.9 ms at 61.5s (Draw: 4680, Bodies: 469)
⚡ PHYSICS SPIKE #1199: 11.8 ms at 61.6s (Bodies: 469)
⚡ PHYSICS SPIKE #1200: 11.8 ms at 61.6s (Bodies: 469)
⚡ PHYSICS SPIKE #1201: 11.8 ms at 61.6s (Bodies: 469)
⚡ FRAME SPIKE #1490: 51.1 ms at 61.6s (Draw: 4680, Bodies: 469)
⚡ PHYSICS SPIKE #1202: 11.3 ms at 61.7s (Bodies: 469)
⚡ PHYSICS SPIKE #1203: 11.3 ms at 61.7s (Bodies: 469)
⚡ PHYSICS SPIKE #1204: 11.3 ms at 61.7s (Bodies: 469)
⚡ FRAME SPIKE #1491: 50.4 ms at 61.7s (Draw: 4678, Bodies: 469)
⚡ PHYSICS SPIKE #1205: 11.3 ms at 61.7s (Bodies: 469)
⚡ PHYSICS SPIKE #1206: 11.3 ms at 61.7s (Bodies: 469)
⚡ PHYSICS SPIKE #1207: 11.3 ms at 61.7s (Bodies: 469)
⚡ FRAME SPIKE #1492: 51.4 ms at 61.7s (Draw: 4678, Bodies: 469)
⚡ PHYSICS SPIKE #1208: 11.3 ms at 61.8s (Bodies: 469)
⚡ PHYSICS SPIKE #1209: 11.3 ms at 61.8s (Bodies: 469)
⚡ PHYSICS SPIKE #1210: 11.3 ms at 61.8s (Bodies: 469)
⚡ FRAME SPIKE #1493: 50.3 ms at 61.8s (Draw: 4678, Bodies: 469)
⚡ PHYSICS SPIKE #1211: 11.3 ms at 61.8s (Bodies: 469)
⚡ PHYSICS SPIKE #1212: 11.3 ms at 61.8s (Bodies: 469)
⚡ PHYSICS SPIKE #1213: 11.3 ms at 61.8s (Bodies: 469)
⚡ PHYSICS SPIKE #1214: 11.3 ms at 61.8s (Bodies: 469)
⚡ FRAME SPIKE #1494: 50.5 ms at 61.8s (Draw: 4678, Bodies: 469)
⚡ PHYSICS SPIKE #1215: 11.3 ms at 61.9s (Bodies: 469)
⚡ PHYSICS SPIKE #1216: 11.3 ms at 61.9s (Bodies: 469)
⚡ PHYSICS SPIKE #1217: 11.3 ms at 61.9s (Bodies: 469)
⚡ FRAME SPIKE #1495: 52.1 ms at 61.9s (Draw: 4678, Bodies: 469)
⚡ PHYSICS SPIKE #1218: 11.3 ms at 61.9s (Bodies: 469)
⚡ PHYSICS SPIKE #1219: 11.3 ms at 61.9s (Bodies: 469)
⚡ PHYSICS SPIKE #1220: 11.3 ms at 61.9s (Bodies: 469)
⚡ FRAME SPIKE #1496: 52.1 ms at 61.9s (Draw: 4678, Bodies: 469)
⚡ PHYSICS SPIKE #1221: 11.3 ms at 62.0s (Bodies: 469)
⚡ PHYSICS SPIKE #1222: 11.3 ms at 62.0s (Bodies: 469)
⚡ PHYSICS SPIKE #1223: 11.3 ms at 62.0s (Bodies: 469)
⚡ FRAME SPIKE #1497: 52.1 ms at 62.0s (Draw: 4678, Bodies: 469)
⚡ PHYSICS SPIKE #1224: 11.3 ms at 62.0s (Bodies: 469)
⚡ PHYSICS SPIKE #1225: 11.3 ms at 62.0s (Bodies: 469)
⚡ PHYSICS SPIKE #1226: 11.3 ms at 62.0s (Bodies: 469)
⚡ FRAME SPIKE #1498: 52.1 ms at 62.0s (Draw: 4678, Bodies: 469)
⚡ PHYSICS SPIKE #1227: 11.3 ms at 62.1s (Bodies: 469)
⚡ PHYSICS SPIKE #1228: 11.3 ms at 62.1s (Bodies: 469)
⚡ PHYSICS SPIKE #1229: 11.3 ms at 62.1s (Bodies: 469)
⚡ FRAME SPIKE #1499: 52.1 ms at 62.1s (Draw: 4678, Bodies: 469)
⚡ PHYSICS SPIKE #1230: 11.3 ms at 62.1s (Bodies: 469)
⚡ PHYSICS SPIKE #1231: 11.3 ms at 62.1s (Bodies: 469)
⚡ PHYSICS SPIKE #1232: 11.3 ms at 62.1s (Bodies: 469)
⚡ FRAME SPIKE #1500: 52.1 ms at 62.1s (Draw: 4678, Bodies: 469)
⚡ PHYSICS SPIKE #1233: 11.3 ms at 62.2s (Bodies: 469)
⚡ PHYSICS SPIKE #1234: 11.3 ms at 62.2s (Bodies: 469)
⚡ PHYSICS SPIKE #1235: 11.3 ms at 62.2s (Bodies: 469)
⚡ FRAME SPIKE #1501: 51.1 ms at 62.2s (Draw: 4678, Bodies: 469)
⚡ PHYSICS SPIKE #1236: 11.3 ms at 62.2s (Bodies: 469)
⚡ PHYSICS SPIKE #1237: 11.3 ms at 62.2s (Bodies: 469)
⚡ PHYSICS SPIKE #1238: 11.3 ms at 62.2s (Bodies: 469)
⚡ FRAME SPIKE #1502: 49.8 ms at 62.2s (Draw: 4678, Bodies: 469)
⚡ PHYSICS SPIKE #1239: 11.3 ms at 62.3s (Bodies: 469)
⚡ PHYSICS SPIKE #1240: 11.3 ms at 62.3s (Bodies: 469)
⚡ PHYSICS SPIKE #1241: 11.3 ms at 62.3s (Bodies: 469)
⚡ FRAME SPIKE #1503: 50.8 ms at 62.3s (Draw: 4678, Bodies: 469)
⚡ PHYSICS SPIKE #1242: 11.3 ms at 62.3s (Bodies: 469)
⚡ PHYSICS SPIKE #1243: 11.3 ms at 62.3s (Bodies: 469)
⚡ PHYSICS SPIKE #1244: 11.3 ms at 62.3s (Bodies: 469)
⚡ FRAME SPIKE #1504: 50.2 ms at 62.3s (Draw: 4680, Bodies: 469)
⚡ PHYSICS SPIKE #1245: 11.3 ms at 62.4s (Bodies: 469)
⚡ PHYSICS SPIKE #1246: 11.3 ms at 62.4s (Bodies: 469)
⚡ PHYSICS SPIKE #1247: 11.3 ms at 62.4s (Bodies: 469)
⚡ FRAME SPIKE #1505: 50.2 ms at 62.4s (Draw: 4679, Bodies: 469)
⚡ PHYSICS SPIKE #1248: 11.3 ms at 62.4s (Bodies: 469)
⚡ PHYSICS SPIKE #1249: 11.3 ms at 62.4s (Bodies: 470)
⚡ PHYSICS SPIKE #1250: 11.3 ms at 62.4s (Bodies: 470)
⚡ PHYSICS SPIKE #1251: 11.3 ms at 62.4s (Bodies: 470)
⚡ FRAME SPIKE #1506: 51.8 ms at 62.4s (Draw: 4681, Bodies: 470)
⚡ PHYSICS SPIKE #1252: 11.3 ms at 62.5s (Bodies: 470)
⚡ PHYSICS SPIKE #1253: 11.3 ms at 62.5s (Bodies: 470)
⚡ PHYSICS SPIKE #1254: 11.3 ms at 62.5s (Bodies: 470)
⚡ FRAME SPIKE #1507: 51.5 ms at 62.5s (Draw: 4681, Bodies: 470)
⚡ PHYSICS SPIKE #1255: 11.3 ms at 62.5s (Bodies: 470)
⚡ PHYSICS SPIKE #1256: 11.3 ms at 62.5s (Bodies: 470)
⚡ PHYSICS SPIKE #1257: 11.3 ms at 62.5s (Bodies: 470)
⚡ FRAME SPIKE #1508: 51.5 ms at 62.5s (Draw: 4681, Bodies: 470)
🚗 Traffic: 29 active NPCs (Near: 13, Mid: 12, Far: 4), 4 pooled
  → Physics bodies from NPCs: 29 (All: 29×1, было бы 29×5=145)

========== Bottleneck Analysis Report ==========
Time: 73.0s | Frames: 1772

📊 PERFORMANCE OVERVIEW:
  FPS: 18.4 avg | 18.0 min
  Frame Time: 23.26 ms avg | 30.83 ms max
  Physics Time: 12.03 ms avg

🔍 BOTTLENECK IDENTIFICATION:
  🔴 [CRITICAL] Physics Time
      Value: 12.03 ms
      Impact: Physics simulation overhead
      Suggestions:
        • Reduce number of active physics bodies
        • Simplify collision shapes
        • Disable physics for distant objects

  🟠 [HIGH] Frame Time
      Value: 23.26 ms (target: 16.67 ms)
      Impact: Overall performance bottleneck
      Suggestions:
        • Reduce draw calls
        • Optimize scripts in _process()
        • Check for expensive operations per frame

  🟠 [HIGH] Draw Calls
      Value: 4614 calls/frame
      Impact: GPU rendering overhead
      Suggestions:
        • Batch meshes by material
        • Use MultiMeshInstance3D
        • Implement LOD system
        • Enable frustum culling

  🟠 [HIGH] Physics Bodies
      Value: 469 active bodies
      Impact: Physics engine load
      Suggestions:
        • Reduce NPC count
        • Convert distant NPCs to kinematic
        • Disable physics for far objects

  🟡 [MEDIUM] Vertex Count
      Value: 4639585 vertices/frame
      Impact: GPU vertex processing
      Suggestions:
        • Implement LOD for distant objects
        • Simplify building meshes
        • Use lower poly models

  🟡 [MEDIUM] Node Count
      Value: 30857 nodes
      Impact: Scene tree traversal overhead
      Suggestions:
        • Unload distant chunks
        • Pool and reuse nodes
        • Flatten hierarchy where possible

  🟡 [MEDIUM] Post-Processing Effects
      Value: SSAO, Glow/Bloom, Volumetric Fog
      Impact: GPU shader overhead
      Suggestions:
        • Reduce SSR quality
        • Disable SSAO on low-end hardware
        • Use simpler fog

📈 DETAILED STATS:
  Draw Calls: 4614 avg | 4683 max
  Vertices: 4639585 avg | 4646384 max
  Physics Bodies: 469
  Nodes: 30857
  VRAM: 801.5 MB

=================================================

⚡ PHYSICS SPIKE #1258: 11.3 ms at 62.6s (Bodies: 470)
⚡ PHYSICS SPIKE #1259: 11.3 ms at 62.6s (Bodies: 470)
⚡ PHYSICS SPIKE #1260: 11.3 ms at 62.6s (Bodies: 470)
⚡ FRAME SPIKE #1509: 51.5 ms at 62.6s (Draw: 4681, Bodies: 470)
⚡ PHYSICS SPIKE #1261: 11.5 ms at 62.6s (Bodies: 470)
⚡ PHYSICS SPIKE #1262: 11.5 ms at 62.6s (Bodies: 470)
⚡ PHYSICS SPIKE #1263: 11.5 ms at 62.6s (Bodies: 470)
⚡ FRAME SPIKE #1510: 51.5 ms at 62.6s (Draw: 4681, Bodies: 470)
⚡ PHYSICS SPIKE #1264: 11.5 ms at 62.7s (Bodies: 470)
⚡ PHYSICS SPIKE #1265: 11.5 ms at 62.7s (Bodies: 470)
⚡ PHYSICS SPIKE #1266: 11.5 ms at 62.7s (Bodies: 470)
⚡ FRAME SPIKE #1511: 51.5 ms at 62.7s (Draw: 4681, Bodies: 470)
⚡ PHYSICS SPIKE #1267: 11.5 ms at 62.7s (Bodies: 470)
⚡ PHYSICS SPIKE #1268: 11.5 ms at 62.7s (Bodies: 470)
⚡ PHYSICS SPIKE #1269: 11.5 ms at 62.7s (Bodies: 470)
⚡ FRAME SPIKE #1512: 51.5 ms at 62.7s (Draw: 4681, Bodies: 470)
⚡ PHYSICS SPIKE #1270: 11.5 ms at 62.8s (Bodies: 470)
⚡ PHYSICS SPIKE #1271: 11.5 ms at 62.8s (Bodies: 470)
⚡ PHYSICS SPIKE #1272: 11.5 ms at 62.8s (Bodies: 470)
⚡ FRAME SPIKE #1513: 51.5 ms at 62.8s (Draw: 4681, Bodies: 470)
⚡ PHYSICS SPIKE #1273: 11.5 ms at 62.8s (Bodies: 470)
⚡ PHYSICS SPIKE #1274: 11.5 ms at 62.8s (Bodies: 470)
⚡ PHYSICS SPIKE #1275: 11.5 ms at 62.8s (Bodies: 470)
⚡ FRAME SPIKE #1514: 51.5 ms at 62.8s (Draw: 4681, Bodies: 470)
⚡ PHYSICS SPIKE #1276: 11.5 ms at 62.9s (Bodies: 470)
⚡ PHYSICS SPIKE #1277: 11.5 ms at 62.9s (Bodies: 470)
⚡ PHYSICS SPIKE #1278: 11.5 ms at 62.9s (Bodies: 470)
⚡ FRAME SPIKE #1515: 51.5 ms at 62.9s (Draw: 4681, Bodies: 470)
⚡ PHYSICS SPIKE #1279: 11.5 ms at 62.9s (Bodies: 470)
⚡ PHYSICS SPIKE #1280: 11.5 ms at 62.9s (Bodies: 470)
⚡ PHYSICS SPIKE #1281: 11.5 ms at 62.9s (Bodies: 470)
⚡ FRAME SPIKE #1516: 52.1 ms at 62.9s (Draw: 4681, Bodies: 470)
⚡ PHYSICS SPIKE #1282: 11.5 ms at 63.0s (Bodies: 470)
⚡ PHYSICS SPIKE #1283: 11.5 ms at 63.0s (Bodies: 470)
⚡ PHYSICS SPIKE #1284: 11.5 ms at 63.0s (Bodies: 470)
⚡ PHYSICS SPIKE #1285: 11.5 ms at 63.0s (Bodies: 470)
⚡ FRAME SPIKE #1517: 51.5 ms at 63.0s (Draw: 4681, Bodies: 470)
⚡ PHYSICS SPIKE #1286: 11.5 ms at 63.0s (Bodies: 470)
⚡ PHYSICS SPIKE #1287: 11.5 ms at 63.0s (Bodies: 470)
⚡ PHYSICS SPIKE #1288: 11.5 ms at 63.0s (Bodies: 470)
⚡ FRAME SPIKE #1518: 60.5 ms at 63.0s (Draw: 4681, Bodies: 470)
⚡ PHYSICS SPIKE #1289: 11.5 ms at 63.1s (Bodies: 470)
⚡ PHYSICS SPIKE #1290: 11.5 ms at 63.1s (Bodies: 470)
⚡ PHYSICS SPIKE #1291: 11.5 ms at 63.1s (Bodies: 470)
⚡ FRAME SPIKE #1519: 51.5 ms at 63.1s (Draw: 4681, Bodies: 470)
⚡ PHYSICS SPIKE #1292: 11.5 ms at 63.1s (Bodies: 470)
⚡ PHYSICS SPIKE #1293: 11.5 ms at 63.1s (Bodies: 470)
⚡ PHYSICS SPIKE #1294: 11.5 ms at 63.1s (Bodies: 470)
⚡ FRAME SPIKE #1520: 51.5 ms at 63.1s (Draw: 4681, Bodies: 470)
⚡ PHYSICS SPIKE #1295: 11.5 ms at 63.2s (Bodies: 470)
⚡ PHYSICS SPIKE #1296: 11.5 ms at 63.2s (Bodies: 470)
⚡ PHYSICS SPIKE #1297: 11.5 ms at 63.2s (Bodies: 470)
⚡ FRAME SPIKE #1521: 51.8 ms at 63.2s (Draw: 4681, Bodies: 470)
⚡ PHYSICS SPIKE #1298: 11.5 ms at 63.3s (Bodies: 470)
⚡ PHYSICS SPIKE #1299: 11.5 ms at 63.3s (Bodies: 470)
⚡ PHYSICS SPIKE #1300: 11.5 ms at 63.3s (Bodies: 470)
⚡ PHYSICS SPIKE #1301: 11.5 ms at 63.3s (Bodies: 470)
⚡ FRAME SPIKE #1522: 52.8 ms at 63.3s (Draw: 4681, Bodies: 470)
⚡ PHYSICS SPIKE #1302: 11.5 ms at 63.3s (Bodies: 470)
⚡ PHYSICS SPIKE #1303: 11.5 ms at 63.3s (Bodies: 470)
⚡ PHYSICS SPIKE #1304: 11.5 ms at 63.3s (Bodies: 470)
⚡ FRAME SPIKE #1523: 60.2 ms at 63.3s (Draw: 4681, Bodies: 470)
⚡ PHYSICS SPIKE #1305: 11.5 ms at 63.4s (Bodies: 470)
⚡ PHYSICS SPIKE #1306: 11.5 ms at 63.4s (Bodies: 470)
⚡ PHYSICS SPIKE #1307: 11.5 ms at 63.4s (Bodies: 470)
⚡ FRAME SPIKE #1524: 52.8 ms at 63.4s (Draw: 4681, Bodies: 470)
⚡ PHYSICS SPIKE #1308: 11.5 ms at 63.4s (Bodies: 470)
⚡ PHYSICS SPIKE #1309: 11.5 ms at 63.4s (Bodies: 471)
⚡ PHYSICS SPIKE #1310: 11.5 ms at 63.4s (Bodies: 471)
⚡ PHYSICS SPIKE #1311: 11.5 ms at 63.4s (Bodies: 471)
⚡ FRAME SPIKE #1525: 54.2 ms at 63.4s (Draw: 4684, Bodies: 471)
⚡ PHYSICS SPIKE #1312: 11.5 ms at 63.5s (Bodies: 471)
⚡ PHYSICS SPIKE #1313: 11.5 ms at 63.5s (Bodies: 471)
⚡ PHYSICS SPIKE #1314: 11.5 ms at 63.5s (Bodies: 471)
⚡ FRAME SPIKE #1526: 57.9 ms at 63.5s (Draw: 4684, Bodies: 471)
⚡ PHYSICS SPIKE #1315: 11.5 ms at 63.5s (Bodies: 471)
⚡ PHYSICS SPIKE #1316: 11.5 ms at 63.5s (Bodies: 471)
⚡ PHYSICS SPIKE #1317: 11.5 ms at 63.5s (Bodies: 471)
⚡ FRAME SPIKE #1527: 54.2 ms at 63.5s (Draw: 4684, Bodies: 471)
⚡ PHYSICS SPIKE #1318: 11.5 ms at 63.6s (Bodies: 471)
⚡ PHYSICS SPIKE #1319: 11.5 ms at 63.6s (Bodies: 471)
⚡ PHYSICS SPIKE #1320: 11.5 ms at 63.6s (Bodies: 471)
⚡ PHYSICS SPIKE #1321: 11.5 ms at 63.6s (Bodies: 471)
⚡ FRAME SPIKE #1528: 52.1 ms at 63.6s (Draw: 4684, Bodies: 471)
⚡ PHYSICS SPIKE #1322: 11.8 ms at 63.6s (Bodies: 471)
⚡ PHYSICS SPIKE #1323: 11.8 ms at 63.6s (Bodies: 471)
⚡ PHYSICS SPIKE #1324: 11.8 ms at 63.6s (Bodies: 471)
⚡ PHYSICS SPIKE #1325: 11.8 ms at 63.6s (Bodies: 471)
⚡ FRAME SPIKE #1529: 66.7 ms at 63.6s (Draw: 4684, Bodies: 471)
⚡ PHYSICS SPIKE #1326: 11.8 ms at 63.7s (Bodies: 471)
⚡ PHYSICS SPIKE #1327: 11.8 ms at 63.7s (Bodies: 471)
⚡ PHYSICS SPIKE #1328: 11.8 ms at 63.7s (Bodies: 471)
⚡ FRAME SPIKE #1530: 57.0 ms at 63.7s (Draw: 4684, Bodies: 471)
⚡ PHYSICS SPIKE #1329: 11.8 ms at 63.8s (Bodies: 471)
⚡ PHYSICS SPIKE #1330: 11.8 ms at 63.8s (Bodies: 471)
⚡ PHYSICS SPIKE #1331: 11.8 ms at 63.8s (Bodies: 471)
⚡ FRAME SPIKE #1531: 54.2 ms at 63.8s (Draw: 4684, Bodies: 471)
⚡ PHYSICS SPIKE #1332: 11.8 ms at 63.8s (Bodies: 471)
⚡ PHYSICS SPIKE #1333: 11.8 ms at 63.8s (Bodies: 471)
⚡ PHYSICS SPIKE #1334: 11.8 ms at 63.8s (Bodies: 471)
⚡ FRAME SPIKE #1532: 54.2 ms at 63.8s (Draw: 4684, Bodies: 471)
⚡ PHYSICS SPIKE #1335: 11.8 ms at 63.9s (Bodies: 471)
⚡ PHYSICS SPIKE #1336: 11.8 ms at 63.9s (Bodies: 471)
⚡ PHYSICS SPIKE #1337: 11.8 ms at 63.9s (Bodies: 471)
⚡ PHYSICS SPIKE #1338: 11.8 ms at 63.9s (Bodies: 471)
⚡ FRAME SPIKE #1533: 54.5 ms at 63.9s (Draw: 4684, Bodies: 471)
⚡ PHYSICS SPIKE #1339: 11.8 ms at 63.9s (Bodies: 471)
⚡ PHYSICS SPIKE #1340: 11.8 ms at 63.9s (Bodies: 471)
⚡ PHYSICS SPIKE #1341: 11.8 ms at 63.9s (Bodies: 471)
⚡ FRAME SPIKE #1534: 62.6 ms at 63.9s (Draw: 4684, Bodies: 471)
⚡ PHYSICS SPIKE #1342: 11.8 ms at 64.0s (Bodies: 471)
⚡ PHYSICS SPIKE #1343: 11.8 ms at 64.0s (Bodies: 471)
⚡ PHYSICS SPIKE #1344: 11.8 ms at 64.0s (Bodies: 471)
⚡ PHYSICS SPIKE #1345: 11.8 ms at 64.0s (Bodies: 471)
⚡ FRAME SPIKE #1535: 55.6 ms at 64.0s (Draw: 4684, Bodies: 471)
⚡ PHYSICS SPIKE #1346: 11.8 ms at 64.0s (Bodies: 471)
⚡ PHYSICS SPIKE #1347: 11.8 ms at 64.0s (Bodies: 471)
⚡ PHYSICS SPIKE #1348: 11.8 ms at 64.0s (Bodies: 471)
⚡ PHYSICS SPIKE #1349: 11.8 ms at 64.0s (Bodies: 471)
⚡ FRAME SPIKE #1536: 63.1 ms at 64.0s (Draw: 4684, Bodies: 471)

========== PERFORMANCE METRICS ==========
Frames: 600
  total_frame: avg=0.73 ms, median=0.04 ms, max=15.53 ms, calls=600, total=438.0 ms
  road_queue: avg=0.28 ms, median=0.01 ms, max=12.81 ms, calls=600, total=170.5 ms
  infra_queue: avg=0.24 ms, median=0.00 ms, max=1.33 ms, calls=600, total=141.9 ms
  infra_lamp: avg=0.99 ms, median=0.98 ms, max=1.21 ms, calls=74, total=73.4 ms
  curb_mesh: avg=0.11 ms, median=0.00 ms, max=1.83 ms, calls=584, total=65.8 ms
  building_results: avg=0.11 ms, median=0.00 ms, max=0.70 ms, calls=600, total=64.1 ms
  road_create: avg=0.48 ms, median=0.12 ms, max=11.07 ms, calls=117, total=56.5 ms
  infra_yield_sign: avg=0.57 ms, median=0.58 ms, max=0.79 ms, calls=84, total=48.3 ms
  building_apply: avg=0.26 ms, median=0.31 ms, max=0.41 ms, calls=154, total=40.2 ms
  curb_collisions: avg=0.06 ms, median=0.00 ms, max=1.24 ms, calls=600, total=35.1 ms
  road_batch_finalize: avg=7.79 ms, median=8.37 ms, max=8.52 ms, calls=3, total=23.4 ms
  building_sort: avg=0.13 ms, median=0.12 ms, max=0.31 ms, calls=134, total=17.3 ms
  infra_sort: avg=0.11 ms, median=0.10 ms, max=0.32 ms, calls=139, total=15.8 ms
  terrain_queue: avg=0.02 ms, median=0.00 ms, max=7.37 ms, calls=600, total=12.6 ms
  window_batch_finalize: avg=2.89 ms, median=2.90 ms, max=3.23 ms, calls=4, total=11.6 ms
  terrain_leisure: avg=2.88 ms, median=1.40 ms, max=7.15 ms, calls=3, total=8.6 ms
  curb_smooth: avg=0.04 ms, median=0.03 ms, max=0.15 ms, calls=101, total=3.7 ms
  terrain_landuse: avg=0.12 ms, median=0.11 ms, max=0.19 ms, calls=22, total=2.6 ms
  infra_traffic_light: avg=0.85 ms, median=1.01 ms, max=1.01 ms, calls=2, total=1.7 ms
  curb_latlon: avg=0.01 ms, median=0.01 ms, max=0.03 ms, calls=101, total=1.3 ms
  road_sort: avg=0.17 ms, median=0.18 ms, max=0.18 ms, calls=4, total=0.7 ms
  vegetation_queue: avg=0.00 ms, median=0.00 ms, max=0.02 ms, calls=600, total=0.5 ms
  terrain_natural: avg=0.10 ms, median=0.10 ms, max=0.10 ms, calls=1, total=0.1 ms
==========================================


========== DRAW CALL BREAKDOWN ==========
Total tracked draw calls: 3609

  Lamps       :  1461 ( 40.5%) ████████
  Buildings   :   972 ( 26.9%) █████
  Vegetation  :   840 ( 23.3%) ████
  Terrain     :   227 (  6.3%) █
  Roads       :    60 (  1.7%) 
  Signs       :    26 (  0.7%) 
  Windows     :    23 (  0.6%) 

💡 RECOMMENDATIONS:
  🟠 Infrastructure: 41.2% of draw calls
     → Use MultiMesh for curbs, lamps, signs
=========================================

⚡ PHYSICS SPIKE #1350: 11.8 ms at 64.1s (Bodies: 471)
⚡ PHYSICS SPIKE #1351: 11.8 ms at 64.1s (Bodies: 471)
⚡ PHYSICS SPIKE #1352: 11.8 ms at 64.1s (Bodies: 471)
⚡ PHYSICS SPIKE #1353: 11.8 ms at 64.1s (Bodies: 470)
⚡ FRAME SPIKE #1537: 66.7 ms at 64.1s (Draw: 4684, Bodies: 470)

=== PERFORMANCE METRICS ===
FPS: 19 | Frame: 54.5 ms (max 68.8) | Physics: 16.7 ms (max 33.5)
Godot Process: 21.57 ms | Physics: 11.81 ms
Objects: 71957 | Nodes: 30857 | Resources: 539
Draw calls: 4684 | Vertices: 4646412 | VRAM: 801.5 MB
Physics bodies: 470 | Collision pairs: 6533
--- System Times ---
  road_batch_finalize_total_-1,-1: 37.99 ms (max 37.99)
  road_batch_finalize_total_-1,-2: 5.72 ms (max 5.72)
  road_batch_finalize_total_-1,-3: 9.52 ms (max 9.52)
  road_batch_finalize_total_-1,-4: 10.14 ms (max 10.14)
  road_batch_finalize_total_-1,-5: 8.48 ms (max 8.48)
  road_batch_finalize_total_-1,0: 15.24 ms (max 15.24)
  road_batch_finalize_total_-2,-1: 20.82 ms (max 20.82)
  road_batch_finalize_total_-2,-2: 18.79 ms (max 18.79)
  road_batch_finalize_total_-2,-3: 15.34 ms (max 15.34)
  road_batch_finalize_total_-2,-4: 8.57 ms (max 8.64)
  road_batch_finalize_total_-2,0: 20.92 ms (max 20.92)
  road_batch_finalize_total_0,-1: 26.87 ms (max 26.87)
  road_batch_finalize_total_0,-2: 24.63 ms (max 24.63)
  road_batch_finalize_total_0,-3: 10.80 ms (max 10.80)
  road_batch_finalize_total_0,-4: 9.87 ms (max 9.87)
  road_batch_finalize_total_0,-5: 8.33 ms (max 8.33)
  road_batch_finalize_total_0,0: 24.82 ms (max 24.82)
  road_batch_finalize_total_0,1: 20.95 ms (max 20.95)
  road_batch_finalize_total_1,-1: 13.26 ms (max 13.26)
  road_batch_finalize_total_1,-2: 29.74 ms (max 29.74)
  road_batch_finalize_total_1,-3: 19.52 ms (max 19.52)
  road_batch_finalize_total_1,-4: 9.71 ms (max 9.71)
  road_batch_finalize_total_1,0: 12.47 ms (max 12.47)
  road_batch_finalize_total_2,-3: 6.47 ms (max 6.47)
  road_collision_create_-1,-1: 12.40 ms (max 30.21)
  road_collision_create_-1,-2: 2.67 ms (max 3.38)
  road_collision_create_-1,-3: 2.88 ms (max 5.48)
  road_collision_create_-1,-4: 4.69 ms (max 5.66)
  road_collision_create_-1,-5: 3.81 ms (max 4.26)
  road_collision_create_-1,0: 7.39 ms (max 12.66)
  road_collision_create_-2,-1: 6.73 ms (max 15.12)
  road_collision_create_-2,-2: 9.17 ms (max 16.47)
  road_collision_create_-2,-3: 4.80 ms (max 10.47)
  road_collision_create_-2,-4: 3.94 ms (max 5.41)
  road_collision_create_-2,0: 10.23 ms (max 17.11)
  road_collision_create_0,-1: 8.72 ms (max 20.84)
  road_collision_create_0,-2: 7.97 ms (max 17.50)
  road_collision_create_0,-3: 3.25 ms (max 4.54)
  road_collision_create_0,-4: 3.06 ms (max 6.25)
  road_collision_create_0,-5: 3.77 ms (max 4.07)
  road_collision_create_0,0: 8.07 ms (max 21.14)
  road_collision_create_0,1: 20.70 ms (max 20.70)
  road_collision_create_1,-1: 4.24 ms (max 9.37)
  road_collision_create_1,-2: 14.62 ms (max 26.58)
  road_collision_create_1,-3: 6.21 ms (max 14.58)
  road_collision_create_1,-4: 2.97 ms (max 3.86)
  road_collision_create_1,0: 12.21 ms (max 12.21)
  road_collision_create_2,-3: 2.88 ms (max 3.83)
===========================

=== PERFORMANCE METRICS ===
FPS: 19 | Frame: 54.5 ms (max 68.8) | Physics: 16.7 ms (max 33.5)
Godot Process: 21.57 ms | Physics: 11.81 ms
Objects: 71957 | Nodes: 30857 | Resources: 539
Draw calls: 4684 | Vertices: 4646412 | VRAM: 801.5 MB
Physics bodies: 470 | Collision pairs: 6533
===========================
⚡ PHYSICS SPIKE #1354: 11.8 ms at 64.2s (Bodies: 470)
⚡ PHYSICS SPIKE #1355: 11.8 ms at 64.2s (Bodies: 470)
⚡ PHYSICS SPIKE #1356: 11.8 ms at 64.2s (Bodies: 470)
⚡ FRAME SPIKE #1538: 64.2 ms at 64.2s (Draw: 4684, Bodies: 470)
⚡ PHYSICS SPIKE #1357: 11.8 ms at 64.2s (Bodies: 470)
⚡ PHYSICS SPIKE #1358: 11.8 ms at 64.2s (Bodies: 470)
⚡ PHYSICS SPIKE #1359: 11.8 ms at 64.2s (Bodies: 470)
⚡ PHYSICS SPIKE #1360: 11.8 ms at 64.2s (Bodies: 470)
⚡ FRAME SPIKE #1539: 61.1 ms at 64.2s (Draw: 4684, Bodies: 470)
⚡ PHYSICS SPIKE #1361: 11.8 ms at 64.3s (Bodies: 470)
⚡ PHYSICS SPIKE #1362: 11.8 ms at 64.3s (Bodies: 470)
⚡ PHYSICS SPIKE #1363: 11.8 ms at 64.3s (Bodies: 470)
⚡ PHYSICS SPIKE #1364: 11.8 ms at 64.3s (Bodies: 470)
⚡ FRAME SPIKE #1540: 61.1 ms at 64.3s (Draw: 4684, Bodies: 470)
⚡ PHYSICS SPIKE #1365: 11.8 ms at 64.4s (Bodies: 470)
⚡ PHYSICS SPIKE #1366: 11.8 ms at 64.4s (Bodies: 470)
⚡ PHYSICS SPIKE #1367: 11.8 ms at 64.4s (Bodies: 470)
⚡ FRAME SPIKE #1541: 61.1 ms at 64.4s (Draw: 4684, Bodies: 470)
⚡ PHYSICS SPIKE #1368: 11.8 ms at 64.4s (Bodies: 470)
⚡ PHYSICS SPIKE #1369: 11.8 ms at 64.4s (Bodies: 471)
⚡ PHYSICS SPIKE #1370: 11.8 ms at 64.4s (Bodies: 471)
⚡ PHYSICS SPIKE #1371: 11.8 ms at 64.4s (Bodies: 471)
⚡ FRAME SPIKE #1542: 61.1 ms at 64.4s (Draw: 4685, Bodies: 471)
⚡ PHYSICS SPIKE #1372: 11.8 ms at 64.5s (Bodies: 471)
⚡ PHYSICS SPIKE #1373: 11.8 ms at 64.5s (Bodies: 471)
⚡ PHYSICS SPIKE #1374: 11.8 ms at 64.5s (Bodies: 471)
⚡ PHYSICS SPIKE #1375: 11.8 ms at 64.5s (Bodies: 471)
⚡ FRAME SPIKE #1543: 61.1 ms at 64.5s (Draw: 4685, Bodies: 471)
⚡ PHYSICS SPIKE #1376: 11.8 ms at 64.5s (Bodies: 471)
⚡ PHYSICS SPIKE #1377: 11.8 ms at 64.5s (Bodies: 471)
⚡ PHYSICS SPIKE #1378: 11.8 ms at 64.5s (Bodies: 471)
⚡ FRAME SPIKE #1544: 61.1 ms at 64.5s (Draw: 4685, Bodies: 470)
🚗 Traffic: 29 active NPCs (Near: 14, Mid: 8, Far: 7), 4 pooled
  → Physics bodies from NPCs: 29 (All: 29×1, было бы 29×5=145)

========== Bottleneck Analysis Report ==========
Time: 75.0s | Frames: 1808

📊 PERFORMANCE OVERVIEW:
  FPS: 18.4 avg | 18.0 min
  Frame Time: 22.77 ms avg | 30.83 ms max
  Physics Time: 11.87 ms avg

🔍 BOTTLENECK IDENTIFICATION:
  🔴 [CRITICAL] Physics Time
      Value: 11.87 ms
      Impact: Physics simulation overhead
      Suggestions:
        • Reduce number of active physics bodies
        • Simplify collision shapes
        • Disable physics for distant objects

  🟠 [HIGH] Frame Time
      Value: 22.77 ms (target: 16.67 ms)
      Impact: Overall performance bottleneck
      Suggestions:
        • Reduce draw calls
        • Optimize scripts in _process()
        • Check for expensive operations per frame

  🟠 [HIGH] Draw Calls
      Value: 4650 calls/frame
      Impact: GPU rendering overhead
      Suggestions:
        • Batch meshes by material
        • Use MultiMeshInstance3D
        • Implement LOD system
        • Enable frustum culling

  🟠 [HIGH] Physics Bodies
      Value: 469 active bodies
      Impact: Physics engine load
      Suggestions:
        • Reduce NPC count
        • Convert distant NPCs to kinematic
        • Disable physics for far objects

  🟡 [MEDIUM] Vertex Count
      Value: 4643516 vertices/frame
      Impact: GPU vertex processing
      Suggestions:
        • Implement LOD for distant objects
        • Simplify building meshes
        • Use lower poly models

  🟡 [MEDIUM] Node Count
      Value: 30857 nodes
      Impact: Scene tree traversal overhead
      Suggestions:
        • Unload distant chunks
        • Pool and reuse nodes
        • Flatten hierarchy where possible

  🟡 [MEDIUM] Post-Processing Effects
      Value: SSAO, Glow/Bloom, Volumetric Fog
      Impact: GPU shader overhead
      Suggestions:
        • Reduce SSR quality
        • Disable SSAO on low-end hardware
        • Use simpler fog

📈 DETAILED STATS:
  Draw Calls: 4650 avg | 4685 max
  Vertices: 4643516 avg | 4646412 max
  Physics Bodies: 469
  Nodes: 30857
  VRAM: 801.5 MB

=================================================

⚡ PHYSICS SPIKE #1379: 11.8 ms at 64.6s (Bodies: 470)
⚡ PHYSICS SPIKE #1380: 11.8 ms at 64.6s (Bodies: 470)
⚡ PHYSICS SPIKE #1381: 11.8 ms at 64.6s (Bodies: 470)
⚡ PHYSICS SPIKE #1382: 11.8 ms at 64.6s (Bodies: 470)
⚡ FRAME SPIKE #1545: 61.1 ms at 64.6s (Draw: 4681, Bodies: 470)
⚡ PHYSICS SPIKE #1383: 11.9 ms at 64.7s (Bodies: 470)
⚡ PHYSICS SPIKE #1384: 11.9 ms at 64.7s (Bodies: 470)
⚡ PHYSICS SPIKE #1385: 11.9 ms at 64.7s (Bodies: 470)
⚡ PHYSICS SPIKE #1386: 11.9 ms at 64.7s (Bodies: 470)
⚡ FRAME SPIKE #1546: 61.1 ms at 64.7s (Draw: 4681, Bodies: 470)
⚡ PHYSICS SPIKE #1387: 11.9 ms at 64.7s (Bodies: 470)
⚡ PHYSICS SPIKE #1388: 11.9 ms at 64.7s (Bodies: 470)
⚡ PHYSICS SPIKE #1389: 11.9 ms at 64.7s (Bodies: 470)
⚡ FRAME SPIKE #1547: 61.1 ms at 64.7s (Draw: 4681, Bodies: 470)
⚡ PHYSICS SPIKE #1390: 11.9 ms at 64.8s (Bodies: 470)
⚡ PHYSICS SPIKE #1391: 11.9 ms at 64.8s (Bodies: 470)
⚡ PHYSICS SPIKE #1392: 11.9 ms at 64.8s (Bodies: 470)
⚡ PHYSICS SPIKE #1393: 11.9 ms at 64.8s (Bodies: 470)
⚡ FRAME SPIKE #1548: 57.5 ms at 64.8s (Draw: 4681, Bodies: 470)
⚡ PHYSICS SPIKE #1394: 11.9 ms at 64.8s (Bodies: 470)
⚡ PHYSICS SPIKE #1395: 11.9 ms at 64.8s (Bodies: 470)
⚡ PHYSICS SPIKE #1396: 11.9 ms at 64.8s (Bodies: 470)
⚡ PHYSICS SPIKE #1397: 11.9 ms at 64.8s (Bodies: 470)
⚡ FRAME SPIKE #1549: 61.1 ms at 64.8s (Draw: 4681, Bodies: 470)
⚡ PHYSICS SPIKE #1398: 11.9 ms at 64.9s (Bodies: 470)
⚡ PHYSICS SPIKE #1399: 11.9 ms at 64.9s (Bodies: 470)
⚡ PHYSICS SPIKE #1400: 11.9 ms at 64.9s (Bodies: 470)
⚡ FRAME SPIKE #1550: 61.1 ms at 64.9s (Draw: 4681, Bodies: 470)
⚡ PHYSICS SPIKE #1401: 11.9 ms at 65.0s (Bodies: 470)
⚡ PHYSICS SPIKE #1402: 11.9 ms at 65.0s (Bodies: 470)
⚡ PHYSICS SPIKE #1403: 11.9 ms at 65.0s (Bodies: 470)
⚡ PHYSICS SPIKE #1404: 11.9 ms at 65.0s (Bodies: 470)
⚡ FRAME SPIKE #1551: 56.7 ms at 65.0s (Draw: 4681, Bodies: 470)
⚡ PHYSICS SPIKE #1405: 11.9 ms at 65.0s (Bodies: 470)
⚡ PHYSICS SPIKE #1406: 11.9 ms at 65.0s (Bodies: 470)
⚡ PHYSICS SPIKE #1407: 11.9 ms at 65.0s (Bodies: 470)
⚡ FRAME SPIKE #1552: 60.6 ms at 65.0s (Draw: 4681, Bodies: 470)
⚡ PHYSICS SPIKE #1408: 11.9 ms at 65.1s (Bodies: 470)
⚡ PHYSICS SPIKE #1409: 11.9 ms at 65.1s (Bodies: 470)
⚡ PHYSICS SPIKE #1410: 11.9 ms at 65.1s (Bodies: 470)
⚡ FRAME SPIKE #1553: 51.5 ms at 65.1s (Draw: 4681, Bodies: 470)
⚡ PHYSICS SPIKE #1411: 11.9 ms at 65.1s (Bodies: 470)
⚡ PHYSICS SPIKE #1412: 11.9 ms at 65.1s (Bodies: 470)
⚡ PHYSICS SPIKE #1413: 11.9 ms at 65.1s (Bodies: 470)
⚡ PHYSICS SPIKE #1414: 11.9 ms at 65.1s (Bodies: 470)
⚡ FRAME SPIKE #1554: 53.3 ms at 65.1s (Draw: 4681, Bodies: 470)
⚡ PHYSICS SPIKE #1415: 11.9 ms at 65.2s (Bodies: 470)
⚡ PHYSICS SPIKE #1416: 11.9 ms at 65.2s (Bodies: 470)
⚡ PHYSICS SPIKE #1417: 11.9 ms at 65.2s (Bodies: 470)
⚡ FRAME SPIKE #1555: 58.3 ms at 65.2s (Draw: 4681, Bodies: 470)
⚡ PHYSICS SPIKE #1418: 11.9 ms at 65.2s (Bodies: 470)
⚡ PHYSICS SPIKE #1419: 11.9 ms at 65.2s (Bodies: 470)
⚡ PHYSICS SPIKE #1420: 11.9 ms at 65.2s (Bodies: 470)
⚡ FRAME SPIKE #1556: 55.0 ms at 65.2s (Draw: 4681, Bodies: 470)
⚡ PHYSICS SPIKE #1421: 11.9 ms at 65.3s (Bodies: 470)
⚡ PHYSICS SPIKE #1422: 11.9 ms at 65.3s (Bodies: 470)
⚡ PHYSICS SPIKE #1423: 11.9 ms at 65.3s (Bodies: 470)
⚡ FRAME SPIKE #1557: 51.3 ms at 65.3s (Draw: 4681, Bodies: 470)
⚡ PHYSICS SPIKE #1424: 11.9 ms at 65.4s (Bodies: 470)
⚡ PHYSICS SPIKE #1425: 11.9 ms at 65.4s (Bodies: 470)
⚡ PHYSICS SPIKE #1426: 11.9 ms at 65.4s (Bodies: 470)
⚡ PHYSICS SPIKE #1427: 11.9 ms at 65.4s (Bodies: 470)
⚡ FRAME SPIKE #1558: 51.8 ms at 65.4s (Draw: 4681, Bodies: 470)
⚡ PHYSICS SPIKE #1428: 11.9 ms at 65.4s (Bodies: 470)
⚡ PHYSICS SPIKE #1429: 11.9 ms at 65.4s (Bodies: 470)
⚡ PHYSICS SPIKE #1430: 11.9 ms at 65.4s (Bodies: 470)
⚡ FRAME SPIKE #1559: 55.6 ms at 65.4s (Draw: 4681, Bodies: 470)
⚡ PHYSICS SPIKE #1431: 11.9 ms at 65.5s (Bodies: 470)
⚡ PHYSICS SPIKE #1432: 11.9 ms at 65.5s (Bodies: 470)
⚡ PHYSICS SPIKE #1433: 11.9 ms at 65.5s (Bodies: 470)
⚡ FRAME SPIKE #1560: 55.6 ms at 65.5s (Draw: 4681, Bodies: 470)
⚡ PHYSICS SPIKE #1434: 11.9 ms at 65.5s (Bodies: 470)
⚡ PHYSICS SPIKE #1435: 11.9 ms at 65.5s (Bodies: 470)
⚡ PHYSICS SPIKE #1436: 11.9 ms at 65.5s (Bodies: 470)
⚡ PHYSICS SPIKE #1437: 11.9 ms at 65.5s (Bodies: 470)
⚡ FRAME SPIKE #1561: 55.6 ms at 65.5s (Draw: 4681, Bodies: 470)
⚡ PHYSICS SPIKE #1438: 11.9 ms at 65.6s (Bodies: 470)
⚡ PHYSICS SPIKE #1439: 11.9 ms at 65.6s (Bodies: 470)
⚡ PHYSICS SPIKE #1440: 11.9 ms at 65.6s (Bodies: 470)
⚡ FRAME SPIKE #1562: 55.6 ms at 65.6s (Draw: 4681, Bodies: 470)
⚡ PHYSICS SPIKE #1441: 12.1 ms at 65.6s (Bodies: 470)
⚡ PHYSICS SPIKE #1442: 12.1 ms at 65.6s (Bodies: 469)
⚡ PHYSICS SPIKE #1443: 12.1 ms at 65.6s (Bodies: 469)
⚡ FRAME SPIKE #1563: 55.0 ms at 65.6s (Draw: 4679, Bodies: 469)
⚡ PHYSICS SPIKE #1444: 12.1 ms at 65.7s (Bodies: 469)
⚡ PHYSICS SPIKE #1445: 12.1 ms at 65.7s (Bodies: 469)
⚡ PHYSICS SPIKE #1446: 12.1 ms at 65.7s (Bodies: 469)
⚡ PHYSICS SPIKE #1447: 12.1 ms at 65.7s (Bodies: 469)
⚡ FRAME SPIKE #1564: 55.7 ms at 65.7s (Draw: 4679, Bodies: 469)
⚡ PHYSICS SPIKE #1448: 12.1 ms at 65.7s (Bodies: 469)
⚡ PHYSICS SPIKE #1449: 12.1 ms at 65.7s (Bodies: 469)
⚡ PHYSICS SPIKE #1450: 12.1 ms at 65.7s (Bodies: 469)
⚡ FRAME SPIKE #1565: 55.0 ms at 65.7s (Draw: 4679, Bodies: 469)
⚡ PHYSICS SPIKE #1451: 12.1 ms at 65.8s (Bodies: 469)
⚡ PHYSICS SPIKE #1452: 12.1 ms at 65.8s (Bodies: 469)
⚡ PHYSICS SPIKE #1453: 12.1 ms at 65.8s (Bodies: 469)
⚡ FRAME SPIKE #1566: 55.0 ms at 65.8s (Draw: 4679, Bodies: 469)
⚡ PHYSICS SPIKE #1454: 12.1 ms at 65.8s (Bodies: 469)
⚡ PHYSICS SPIKE #1455: 12.1 ms at 65.8s (Bodies: 469)
⚡ PHYSICS SPIKE #1456: 12.1 ms at 65.8s (Bodies: 469)
⚡ FRAME SPIKE #1567: 55.0 ms at 65.8s (Draw: 4679, Bodies: 469)
⚡ PHYSICS SPIKE #1457: 12.1 ms at 65.9s (Bodies: 469)
⚡ PHYSICS SPIKE #1458: 12.1 ms at 65.9s (Bodies: 469)
⚡ PHYSICS SPIKE #1459: 12.1 ms at 65.9s (Bodies: 469)
⚡ PHYSICS SPIKE #1460: 12.1 ms at 65.9s (Bodies: 469)
⚡ FRAME SPIKE #1568: 54.3 ms at 65.9s (Draw: 4679, Bodies: 469)
⚡ PHYSICS SPIKE #1461: 12.1 ms at 66.0s (Bodies: 469)
⚡ PHYSICS SPIKE #1462: 12.1 ms at 66.0s (Bodies: 469)
⚡ PHYSICS SPIKE #1463: 12.1 ms at 66.0s (Bodies: 469)
⚡ FRAME SPIKE #1569: 55.0 ms at 66.0s (Draw: 4679, Bodies: 469)
⚡ PHYSICS SPIKE #1464: 12.1 ms at 66.0s (Bodies: 469)
⚡ PHYSICS SPIKE #1465: 12.1 ms at 66.0s (Bodies: 469)
⚡ PHYSICS SPIKE #1466: 12.1 ms at 66.0s (Bodies: 469)
⚡ FRAME SPIKE #1570: 55.0 ms at 66.0s (Draw: 4679, Bodies: 469)
⚡ PHYSICS SPIKE #1467: 12.1 ms at 66.1s (Bodies: 469)
⚡ PHYSICS SPIKE #1468: 12.1 ms at 66.1s (Bodies: 469)
⚡ PHYSICS SPIKE #1469: 12.1 ms at 66.1s (Bodies: 469)
⚡ PHYSICS SPIKE #1470: 12.1 ms at 66.1s (Bodies: 469)
⚡ FRAME SPIKE #1571: 55.0 ms at 66.1s (Draw: 4679, Bodies: 469)
⚡ PHYSICS SPIKE #1471: 12.1 ms at 66.1s (Bodies: 469)
⚡ PHYSICS SPIKE #1472: 12.1 ms at 66.1s (Bodies: 469)
⚡ PHYSICS SPIKE #1473: 12.1 ms at 66.1s (Bodies: 469)
⚡ FRAME SPIKE #1572: 55.6 ms at 66.1s (Draw: 4679, Bodies: 469)
⚡ PHYSICS SPIKE #1474: 12.1 ms at 66.2s (Bodies: 469)
⚡ PHYSICS SPIKE #1475: 12.1 ms at 66.2s (Bodies: 469)
⚡ PHYSICS SPIKE #1476: 12.1 ms at 66.2s (Bodies: 469)
⚡ FRAME SPIKE #1573: 55.6 ms at 66.2s (Draw: 4679, Bodies: 469)
⚡ PHYSICS SPIKE #1477: 12.1 ms at 66.2s (Bodies: 469)
⚡ PHYSICS SPIKE #1478: 12.1 ms at 66.2s (Bodies: 469)
⚡ PHYSICS SPIKE #1479: 12.1 ms at 66.2s (Bodies: 469)
⚡ PHYSICS SPIKE #1480: 12.1 ms at 66.2s (Bodies: 469)
⚡ FRAME SPIKE #1574: 55.0 ms at 66.2s (Draw: 4679, Bodies: 469)
⚡ PHYSICS SPIKE #1481: 12.1 ms at 66.3s (Bodies: 469)
⚡ PHYSICS SPIKE #1482: 12.1 ms at 66.3s (Bodies: 469)
⚡ PHYSICS SPIKE #1483: 12.1 ms at 66.3s (Bodies: 469)
⚡ FRAME SPIKE #1575: 55.6 ms at 66.3s (Draw: 4679, Bodies: 469)
⚡ PHYSICS SPIKE #1484: 12.1 ms at 66.3s (Bodies: 469)
⚡ PHYSICS SPIKE #1485: 12.1 ms at 66.3s (Bodies: 469)
⚡ PHYSICS SPIKE #1486: 12.1 ms at 66.3s (Bodies: 469)
⚡ FRAME SPIKE #1576: 55.6 ms at 66.3s (Draw: 4679, Bodies: 469)
⚡ PHYSICS SPIKE #1487: 12.1 ms at 66.4s (Bodies: 469)
⚡ PHYSICS SPIKE #1488: 12.1 ms at 66.4s (Bodies: 469)
⚡ PHYSICS SPIKE #1489: 12.1 ms at 66.4s (Bodies: 469)
⚡ FRAME SPIKE #1577: 55.0 ms at 66.4s (Draw: 4679, Bodies: 469)
⚡ PHYSICS SPIKE #1490: 12.1 ms at 66.5s (Bodies: 469)
⚡ PHYSICS SPIKE #1491: 12.1 ms at 66.5s (Bodies: 469)
⚡ PHYSICS SPIKE #1492: 12.1 ms at 66.5s (Bodies: 469)
⚡ PHYSICS SPIKE #1493: 12.1 ms at 66.5s (Bodies: 469)
⚡ FRAME SPIKE #1578: 55.0 ms at 66.5s (Draw: 4679, Bodies: 469)
⚡ PHYSICS SPIKE #1494: 12.1 ms at 66.5s (Bodies: 469)
⚡ PHYSICS SPIKE #1495: 12.1 ms at 66.5s (Bodies: 470)
⚡ PHYSICS SPIKE #1496: 12.1 ms at 66.5s (Bodies: 470)
⚡ FRAME SPIKE #1579: 55.6 ms at 66.5s (Draw: 4681, Bodies: 470)
⚡ PHYSICS SPIKE #1497: 12.1 ms at 66.6s (Bodies: 470)
⚡ PHYSICS SPIKE #1498: 12.1 ms at 66.6s (Bodies: 470)
⚡ PHYSICS SPIKE #1499: 12.1 ms at 66.6s (Bodies: 470)
⚡ FRAME SPIKE #1580: 55.0 ms at 66.6s (Draw: 4681, Bodies: 470)
🚗 Traffic: 29 active NPCs (Near: 14, Mid: 8, Far: 7), 4 pooled
  → Physics bodies from NPCs: 29 (All: 29×1, было бы 29×5=145)

========== Bottleneck Analysis Report ==========
Time: 77.0s | Frames: 1844

📊 PERFORMANCE OVERVIEW:
  FPS: 18.1 avg | 17.0 min
  Frame Time: 21.99 ms avg | 22.69 ms max
  Physics Time: 11.73 ms avg

🔍 BOTTLENECK IDENTIFICATION:
  🔴 [CRITICAL] Physics Time
      Value: 11.73 ms
      Impact: Physics simulation overhead
      Suggestions:
        • Reduce number of active physics bodies
        • Simplify collision shapes
        • Disable physics for distant objects

  🟠 [HIGH] Frame Time
      Value: 21.99 ms (target: 16.67 ms)
      Impact: Overall performance bottleneck
      Suggestions:
        • Reduce draw calls
        • Optimize scripts in _process()
        • Check for expensive operations per frame

  🟠 [HIGH] Draw Calls
      Value: 4678 calls/frame
      Impact: GPU rendering overhead
      Suggestions:
        • Batch meshes by material
        • Use MultiMeshInstance3D
        • Implement LOD system
        • Enable frustum culling

  🟠 [HIGH] Physics Bodies
      Value: 469 active bodies
      Impact: Physics engine load
      Suggestions:
        • Reduce NPC count
        • Convert distant NPCs to kinematic
        • Disable physics for far objects

  🟡 [MEDIUM] Vertex Count
      Value: 4646175 vertices/frame
      Impact: GPU vertex processing
      Suggestions:
        • Implement LOD for distant objects
        • Simplify building meshes
        • Use lower poly models

  🟡 [MEDIUM] Node Count
      Value: 30857 nodes
      Impact: Scene tree traversal overhead
      Suggestions:
        • Unload distant chunks
        • Pool and reuse nodes
        • Flatten hierarchy where possible

  🟡 [MEDIUM] Post-Processing Effects
      Value: SSAO, Glow/Bloom, Volumetric Fog
      Impact: GPU shader overhead
      Suggestions:
        • Reduce SSR quality
        • Disable SSAO on low-end hardware
        • Use simpler fog

📈 DETAILED STATS:
  Draw Calls: 4678 avg | 4685 max
  Vertices: 4646175 avg | 4646412 max
  Physics Bodies: 469
  Nodes: 30857
  VRAM: 801.5 MB

=================================================

⚡ PHYSICS SPIKE #1500: 11.9 ms at 66.6s (Bodies: 470)
⚡ PHYSICS SPIKE #1501: 11.9 ms at 66.6s (Bodies: 470)
⚡ PHYSICS SPIKE #1502: 11.9 ms at 66.6s (Bodies: 470)
⚡ PHYSICS SPIKE #1503: 11.9 ms at 66.6s (Bodies: 470)
⚡ FRAME SPIKE #1581: 55.0 ms at 66.6s (Draw: 4681, Bodies: 470)
⚡ PHYSICS SPIKE #1504: 11.9 ms at 66.7s (Bodies: 470)
⚡ PHYSICS SPIKE #1505: 11.9 ms at 66.7s (Bodies: 470)
⚡ PHYSICS SPIKE #1506: 11.9 ms at 66.7s (Bodies: 470)
⚡ FRAME SPIKE #1582: 55.6 ms at 66.7s (Draw: 4682, Bodies: 470)
⚡ PHYSICS SPIKE #1507: 11.9 ms at 66.7s (Bodies: 470)
⚡ PHYSICS SPIKE #1508: 11.9 ms at 66.7s (Bodies: 470)
⚡ PHYSICS SPIKE #1509: 11.9 ms at 66.7s (Bodies: 470)
⚡ FRAME SPIKE #1583: 55.6 ms at 66.7s (Draw: 4681, Bodies: 470)
⚡ PHYSICS SPIKE #1510: 11.9 ms at 66.8s (Bodies: 470)
⚡ PHYSICS SPIKE #1511: 11.9 ms at 66.8s (Bodies: 470)
⚡ PHYSICS SPIKE #1512: 11.9 ms at 66.8s (Bodies: 470)
⚡ PHYSICS SPIKE #1513: 11.9 ms at 66.8s (Bodies: 470)
⚡ FRAME SPIKE #1584: 55.0 ms at 66.8s (Draw: 4681, Bodies: 470)
⚡ PHYSICS SPIKE #1514: 11.9 ms at 66.8s (Bodies: 470)
⚡ PHYSICS SPIKE #1515: 11.9 ms at 66.8s (Bodies: 470)
⚡ PHYSICS SPIKE #1516: 11.9 ms at 66.8s (Bodies: 470)
⚡ FRAME SPIKE #1585: 55.6 ms at 66.8s (Draw: 4681, Bodies: 470)
⚡ PHYSICS SPIKE #1517: 11.9 ms at 66.9s (Bodies: 470)
⚡ PHYSICS SPIKE #1518: 11.9 ms at 66.9s (Bodies: 470)
⚡ PHYSICS SPIKE #1519: 11.9 ms at 66.9s (Bodies: 470)
⚡ FRAME SPIKE #1586: 55.6 ms at 66.9s (Draw: 4681, Bodies: 470)
⚡ PHYSICS SPIKE #1520: 11.9 ms at 67.0s (Bodies: 470)
⚡ PHYSICS SPIKE #1521: 11.9 ms at 67.0s (Bodies: 470)
⚡ PHYSICS SPIKE #1522: 11.9 ms at 67.0s (Bodies: 470)
⚡ PHYSICS SPIKE #1523: 11.9 ms at 67.0s (Bodies: 470)
⚡ FRAME SPIKE #1587: 55.0 ms at 67.0s (Draw: 4681, Bodies: 470)
⚡ PHYSICS SPIKE #1524: 11.9 ms at 67.0s (Bodies: 470)
⚡ PHYSICS SPIKE #1525: 11.9 ms at 67.0s (Bodies: 470)
⚡ PHYSICS SPIKE #1526: 11.9 ms at 67.0s (Bodies: 470)
⚡ FRAME SPIKE #1588: 55.6 ms at 67.0s (Draw: 4681, Bodies: 470)
⚡ PHYSICS SPIKE #1527: 11.9 ms at 67.1s (Bodies: 470)
⚡ PHYSICS SPIKE #1528: 11.9 ms at 67.1s (Bodies: 470)
⚡ PHYSICS SPIKE #1529: 11.9 ms at 67.1s (Bodies: 470)
⚡ FRAME SPIKE #1589: 55.6 ms at 67.1s (Draw: 4681, Bodies: 470)
⚡ PHYSICS SPIKE #1530: 11.9 ms at 67.1s (Bodies: 470)
⚡ PHYSICS SPIKE #1531: 11.9 ms at 67.1s (Bodies: 470)
⚡ PHYSICS SPIKE #1532: 11.9 ms at 67.1s (Bodies: 470)
⚡ PHYSICS SPIKE #1533: 11.9 ms at 67.1s (Bodies: 470)
⚡ FRAME SPIKE #1590: 53.0 ms at 67.1s (Draw: 4681, Bodies: 470)
⚡ PHYSICS SPIKE #1534: 11.9 ms at 67.2s (Bodies: 470)
⚡ PHYSICS SPIKE #1535: 11.9 ms at 67.2s (Bodies: 470)
⚡ PHYSICS SPIKE #1536: 11.9 ms at 67.2s (Bodies: 470)
⚡ PHYSICS SPIKE #1537: 11.9 ms at 67.2s (Bodies: 470)
⚡ FRAME SPIKE #1591: 66.7 ms at 67.2s (Draw: 4681, Bodies: 470)
⚡ PHYSICS SPIKE #1538: 11.9 ms at 67.2s (Bodies: 470)
⚡ PHYSICS SPIKE #1539: 11.9 ms at 67.2s (Bodies: 470)
⚡ PHYSICS SPIKE #1540: 11.9 ms at 67.2s (Bodies: 470)
⚡ FRAME SPIKE #1592: 55.0 ms at 67.2s (Draw: 4681, Bodies: 470)
⚡ PHYSICS SPIKE #1541: 11.9 ms at 67.3s (Bodies: 470)
⚡ PHYSICS SPIKE #1542: 11.9 ms at 67.3s (Bodies: 470)
⚡ PHYSICS SPIKE #1543: 11.9 ms at 67.3s (Bodies: 470)
⚡ FRAME SPIKE #1593: 55.0 ms at 67.3s (Draw: 4681, Bodies: 470)
⚡ PHYSICS SPIKE #1544: 11.9 ms at 67.3s (Bodies: 470)
⚡ PHYSICS SPIKE #1545: 11.9 ms at 67.3s (Bodies: 470)
⚡ PHYSICS SPIKE #1546: 11.9 ms at 67.3s (Bodies: 470)
⚡ FRAME SPIKE #1594: 54.5 ms at 67.3s (Draw: 4681, Bodies: 470)
⚡ PHYSICS SPIKE #1547: 11.9 ms at 67.4s (Bodies: 470)
⚡ PHYSICS SPIKE #1548: 11.9 ms at 67.4s (Bodies: 470)
⚡ PHYSICS SPIKE #1549: 11.9 ms at 67.4s (Bodies: 470)
⚡ PHYSICS SPIKE #1550: 11.9 ms at 67.4s (Bodies: 470)
⚡ FRAME SPIKE #1595: 53.9 ms at 67.4s (Draw: 4681, Bodies: 470)
⚡ PHYSICS SPIKE #1551: 11.9 ms at 67.5s (Bodies: 470)
⚡ PHYSICS SPIKE #1552: 11.9 ms at 67.5s (Bodies: 470)
⚡ PHYSICS SPIKE #1553: 11.9 ms at 67.5s (Bodies: 470)
⚡ FRAME SPIKE #1596: 54.5 ms at 67.5s (Draw: 4681, Bodies: 470)
⚡ PHYSICS SPIKE #1554: 11.9 ms at 67.5s (Bodies: 470)
⚡ PHYSICS SPIKE #1555: 11.9 ms at 67.5s (Bodies: 471)
⚡ PHYSICS SPIKE #1556: 11.9 ms at 67.5s (Bodies: 471)
⚡ FRAME SPIKE #1597: 54.5 ms at 67.5s (Draw: 4681, Bodies: 471)
⚡ PHYSICS SPIKE #1557: 11.9 ms at 67.6s (Bodies: 471)
⚡ PHYSICS SPIKE #1558: 11.9 ms at 67.6s (Bodies: 471)
⚡ PHYSICS SPIKE #1559: 11.9 ms at 67.6s (Bodies: 471)
⚡ PHYSICS SPIKE #1560: 11.9 ms at 67.6s (Bodies: 471)
⚡ FRAME SPIKE #1598: 55.8 ms at 67.6s (Draw: 4681, Bodies: 471)
⚡ PHYSICS SPIKE #1561: 11.9 ms at 67.6s (Bodies: 471)
⚡ PHYSICS SPIKE #1562: 11.9 ms at 67.6s (Bodies: 471)
⚡ PHYSICS SPIKE #1563: 11.9 ms at 67.6s (Bodies: 471)
⚡ FRAME SPIKE #1599: 54.8 ms at 67.6s (Draw: 4681, Bodies: 471)
⚡ PHYSICS SPIKE #1564: 12.5 ms at 67.7s (Bodies: 471)
⚡ PHYSICS SPIKE #1565: 12.5 ms at 67.7s (Bodies: 471)
⚡ PHYSICS SPIKE #1566: 12.5 ms at 67.7s (Bodies: 471)
⚡ FRAME SPIKE #1600: 54.5 ms at 67.7s (Draw: 4681, Bodies: 471)
⚡ PHYSICS SPIKE #1567: 12.5 ms at 67.7s (Bodies: 471)
⚡ PHYSICS SPIKE #1568: 12.5 ms at 67.7s (Bodies: 471)
⚡ PHYSICS SPIKE #1569: 12.5 ms at 67.7s (Bodies: 471)
⚡ FRAME SPIKE #1601: 54.5 ms at 67.7s (Draw: 4681, Bodies: 471)
⚡ PHYSICS SPIKE #1570: 12.5 ms at 67.8s (Bodies: 471)
⚡ PHYSICS SPIKE #1571: 12.5 ms at 67.8s (Bodies: 471)
⚡ PHYSICS SPIKE #1572: 12.5 ms at 67.8s (Bodies: 471)
⚡ PHYSICS SPIKE #1573: 12.5 ms at 67.8s (Bodies: 471)
⚡ FRAME SPIKE #1602: 54.5 ms at 67.8s (Draw: 4681, Bodies: 471)
⚡ PHYSICS SPIKE #1574: 12.5 ms at 67.8s (Bodies: 471)
⚡ PHYSICS SPIKE #1575: 12.5 ms at 67.8s (Bodies: 471)
⚡ PHYSICS SPIKE #1576: 12.5 ms at 67.8s (Bodies: 471)
⚡ FRAME SPIKE #1603: 54.8 ms at 67.8s (Draw: 4681, Bodies: 471)
⚡ PHYSICS SPIKE #1577: 12.5 ms at 67.9s (Bodies: 471)
⚡ PHYSICS SPIKE #1578: 12.5 ms at 67.9s (Bodies: 471)
⚡ PHYSICS SPIKE #1579: 12.5 ms at 67.9s (Bodies: 471)
⚡ FRAME SPIKE #1604: 54.5 ms at 67.9s (Draw: 4681, Bodies: 471)
⚡ PHYSICS SPIKE #1580: 12.5 ms at 67.9s (Bodies: 471)
⚡ PHYSICS SPIKE #1581: 12.5 ms at 67.9s (Bodies: 471)
⚡ PHYSICS SPIKE #1582: 12.5 ms at 67.9s (Bodies: 471)
⚡ FRAME SPIKE #1605: 54.5 ms at 67.9s (Draw: 4681, Bodies: 471)
⚡ PHYSICS SPIKE #1583: 12.5 ms at 68.0s (Bodies: 471)
⚡ PHYSICS SPIKE #1584: 12.5 ms at 68.0s (Bodies: 470)
⚡ PHYSICS SPIKE #1585: 12.5 ms at 68.0s (Bodies: 470)
⚡ PHYSICS SPIKE #1586: 12.5 ms at 68.0s (Bodies: 470)
⚡ FRAME SPIKE #1606: 54.5 ms at 68.0s (Draw: 4681, Bodies: 470)
⚡ PHYSICS SPIKE #1587: 12.5 ms at 68.1s (Bodies: 470)
⚡ PHYSICS SPIKE #1588: 12.5 ms at 68.1s (Bodies: 470)
⚡ PHYSICS SPIKE #1589: 12.5 ms at 68.1s (Bodies: 470)
⚡ FRAME SPIKE #1607: 54.8 ms at 68.1s (Draw: 4676, Bodies: 470)
⚡ PHYSICS SPIKE #1590: 12.5 ms at 68.1s (Bodies: 470)
⚡ PHYSICS SPIKE #1591: 12.5 ms at 68.1s (Bodies: 470)
⚡ PHYSICS SPIKE #1592: 12.5 ms at 68.1s (Bodies: 470)
⚡ FRAME SPIKE #1608: 54.5 ms at 68.1s (Draw: 4676, Bodies: 470)
⚡ PHYSICS SPIKE #1593: 12.5 ms at 68.2s (Bodies: 470)
⚡ PHYSICS SPIKE #1594: 12.5 ms at 68.2s (Bodies: 470)
⚡ PHYSICS SPIKE #1595: 12.5 ms at 68.2s (Bodies: 470)
⚡ PHYSICS SPIKE #1596: 12.5 ms at 68.2s (Bodies: 470)
⚡ FRAME SPIKE #1609: 54.5 ms at 68.2s (Draw: 4676, Bodies: 470)
⚡ PHYSICS SPIKE #1597: 12.5 ms at 68.2s (Bodies: 470)
⚡ PHYSICS SPIKE #1598: 12.5 ms at 68.2s (Bodies: 470)
⚡ PHYSICS SPIKE #1599: 12.5 ms at 68.2s (Bodies: 470)
⚡ FRAME SPIKE #1610: 54.8 ms at 68.2s (Draw: 4676, Bodies: 470)
⚡ PHYSICS SPIKE #1600: 12.5 ms at 68.3s (Bodies: 470)
⚡ PHYSICS SPIKE #1601: 12.5 ms at 68.3s (Bodies: 469)
⚡ PHYSICS SPIKE #1602: 12.5 ms at 68.3s (Bodies: 469)
⚡ FRAME SPIKE #1611: 54.6 ms at 68.3s (Draw: 4679, Bodies: 469)
⚡ PHYSICS SPIKE #1603: 12.5 ms at 68.3s (Bodies: 469)
⚡ PHYSICS SPIKE #1604: 12.5 ms at 68.3s (Bodies: 469)
⚡ PHYSICS SPIKE #1605: 12.5 ms at 68.3s (Bodies: 469)
⚡ FRAME SPIKE #1612: 54.5 ms at 68.3s (Draw: 4679, Bodies: 469)
⚡ PHYSICS SPIKE #1606: 12.5 ms at 68.4s (Bodies: 469)
⚡ PHYSICS SPIKE #1607: 12.5 ms at 68.4s (Bodies: 469)
⚡ PHYSICS SPIKE #1608: 12.5 ms at 68.4s (Bodies: 469)
⚡ PHYSICS SPIKE #1609: 12.5 ms at 68.4s (Bodies: 469)
⚡ FRAME SPIKE #1613: 54.5 ms at 68.4s (Draw: 4679, Bodies: 469)
⚡ PHYSICS SPIKE #1610: 12.5 ms at 68.4s (Bodies: 469)
⚡ PHYSICS SPIKE #1611: 12.5 ms at 68.4s (Bodies: 469)
⚡ PHYSICS SPIKE #1612: 12.5 ms at 68.4s (Bodies: 469)
⚡ FRAME SPIKE #1614: 54.8 ms at 68.4s (Draw: 4679, Bodies: 469)
⚡ PHYSICS SPIKE #1613: 12.5 ms at 68.5s (Bodies: 469)
⚡ PHYSICS SPIKE #1614: 12.5 ms at 68.5s (Bodies: 469)
⚡ PHYSICS SPIKE #1615: 12.5 ms at 68.5s (Bodies: 469)
⚡ FRAME SPIKE #1615: 54.5 ms at 68.5s (Draw: 4679, Bodies: 469)
⚡ PHYSICS SPIKE #1616: 12.5 ms at 68.5s (Bodies: 469)
⚡ PHYSICS SPIKE #1617: 12.5 ms at 68.5s (Bodies: 472)
⚡ PHYSICS SPIKE #1618: 12.5 ms at 68.5s (Bodies: 472)
⚡ FRAME SPIKE #1616: 54.5 ms at 68.5s (Draw: 4682, Bodies: 472)
⚡ PHYSICS SPIKE #1619: 12.5 ms at 68.6s (Bodies: 472)
⚡ PHYSICS SPIKE #1620: 12.5 ms at 68.6s (Bodies: 472)
⚡ PHYSICS SPIKE #1621: 12.5 ms at 68.6s (Bodies: 472)
⚡ PHYSICS SPIKE #1622: 12.5 ms at 68.6s (Bodies: 472)
⚡ FRAME SPIKE #1617: 54.0 ms at 68.6s (Draw: 4682, Bodies: 472)
🚗 Traffic: 31 active NPCs (Near: 14, Mid: 12, Far: 5), 2 pooled
  → Physics bodies from NPCs: 31 (All: 31×1, было бы 31×5=155)

========== Bottleneck Analysis Report ==========
Time: 79.1s | Frames: 1881

📊 PERFORMANCE OVERVIEW:
  FPS: 18.2 avg | 17.0 min
  Frame Time: 21.98 ms avg | 22.63 ms max
  Physics Time: 11.88 ms avg

🔍 BOTTLENECK IDENTIFICATION:
  🔴 [CRITICAL] Physics Time
      Value: 11.88 ms
      Impact: Physics simulation overhead
      Suggestions:
        • Reduce number of active physics bodies
        • Simplify collision shapes
        • Disable physics for distant objects

  🟠 [HIGH] Frame Time
      Value: 21.98 ms (target: 16.67 ms)
      Impact: Overall performance bottleneck
      Suggestions:
        • Reduce draw calls
        • Optimize scripts in _process()
        • Check for expensive operations per frame

  🟠 [HIGH] Draw Calls
      Value: 4680 calls/frame
      Impact: GPU rendering overhead
      Suggestions:
        • Batch meshes by material
        • Use MultiMeshInstance3D
        • Implement LOD system
        • Enable frustum culling

  🟠 [HIGH] Physics Bodies
      Value: 469 active bodies
      Impact: Physics engine load
      Suggestions:
        • Reduce NPC count
        • Convert distant NPCs to kinematic
        • Disable physics for far objects

  🟡 [MEDIUM] Vertex Count
      Value: 4646353 vertices/frame
      Impact: GPU vertex processing
      Suggestions:
        • Implement LOD for distant objects
        • Simplify building meshes
        • Use lower poly models

  🟡 [MEDIUM] Node Count
      Value: 30857 nodes
      Impact: Scene tree traversal overhead
      Suggestions:
        • Unload distant chunks
        • Pool and reuse nodes
        • Flatten hierarchy where possible

  🟡 [MEDIUM] Post-Processing Effects
      Value: SSAO, Glow/Bloom, Volumetric Fog
      Impact: GPU shader overhead
      Suggestions:
        • Reduce SSR quality
        • Disable SSAO on low-end hardware
        • Use simpler fog

📈 DETAILED STATS:
  Draw Calls: 4680 avg | 4685 max
  Vertices: 4646353 avg | 4646412 max
  Physics Bodies: 469
  Nodes: 30857
  VRAM: 801.5 MB

=================================================

⚡ PHYSICS SPIKE #1623: 11.6 ms at 68.7s (Bodies: 472)
⚡ PHYSICS SPIKE #1624: 11.6 ms at 68.7s (Bodies: 472)
⚡ PHYSICS SPIKE #1625: 11.6 ms at 68.7s (Bodies: 471)
⚡ FRAME SPIKE #1618: 54.5 ms at 68.7s (Draw: 4682, Bodies: 471)
⚡ PHYSICS SPIKE #1626: 11.6 ms at 68.7s (Bodies: 471)
⚡ PHYSICS SPIKE #1627: 11.6 ms at 68.7s (Bodies: 471)
⚡ PHYSICS SPIKE #1628: 11.6 ms at 68.7s (Bodies: 471)
⚡ FRAME SPIKE #1619: 54.5 ms at 68.7s (Draw: 4681, Bodies: 471)
⚡ PHYSICS SPIKE #1629: 11.6 ms at 68.8s (Bodies: 471)
⚡ PHYSICS SPIKE #1630: 11.6 ms at 68.8s (Bodies: 471)
⚡ PHYSICS SPIKE #1631: 11.6 ms at 68.8s (Bodies: 471)
⚡ PHYSICS SPIKE #1632: 11.6 ms at 68.8s (Bodies: 471)
⚡ FRAME SPIKE #1620: 54.5 ms at 68.8s (Draw: 4681, Bodies: 471)
⚡ PHYSICS SPIKE #1633: 11.6 ms at 68.8s (Bodies: 471)
⚡ PHYSICS SPIKE #1634: 11.6 ms at 68.8s (Bodies: 471)
⚡ PHYSICS SPIKE #1635: 11.6 ms at 68.8s (Bodies: 471)
⚡ FRAME SPIKE #1621: 54.8 ms at 68.8s (Draw: 4681, Bodies: 471)
⚡ PHYSICS SPIKE #1636: 11.6 ms at 68.9s (Bodies: 471)
⚡ PHYSICS SPIKE #1637: 11.6 ms at 68.9s (Bodies: 471)
⚡ PHYSICS SPIKE #1638: 11.6 ms at 68.9s (Bodies: 471)
⚡ FRAME SPIKE #1622: 54.5 ms at 68.9s (Draw: 4681, Bodies: 471)
⚡ PHYSICS SPIKE #1639: 11.6 ms at 68.9s (Bodies: 471)
⚡ PHYSICS SPIKE #1640: 11.6 ms at 68.9s (Bodies: 471)
⚡ PHYSICS SPIKE #1641: 11.6 ms at 68.9s (Bodies: 471)
⚡ FRAME SPIKE #1623: 54.5 ms at 68.9s (Draw: 4681, Bodies: 471)
⚡ PHYSICS SPIKE #1642: 11.6 ms at 69.0s (Bodies: 471)
⚡ PHYSICS SPIKE #1643: 11.6 ms at 69.0s (Bodies: 471)
⚡ PHYSICS SPIKE #1644: 11.6 ms at 69.0s (Bodies: 471)
⚡ PHYSICS SPIKE #1645: 11.6 ms at 69.0s (Bodies: 471)
⚡ FRAME SPIKE #1624: 54.5 ms at 69.0s (Draw: 4681, Bodies: 471)
⚡ PHYSICS SPIKE #1646: 11.6 ms at 69.0s (Bodies: 471)
⚡ PHYSICS SPIKE #1647: 11.6 ms at 69.0s (Bodies: 471)
⚡ PHYSICS SPIKE #1648: 11.6 ms at 69.0s (Bodies: 471)
⚡ FRAME SPIKE #1625: 54.8 ms at 69.0s (Draw: 4681, Bodies: 471)
⚡ PHYSICS SPIKE #1649: 11.6 ms at 69.1s (Bodies: 471)
⚡ PHYSICS SPIKE #1650: 11.6 ms at 69.1s (Bodies: 471)
⚡ PHYSICS SPIKE #1651: 11.6 ms at 69.1s (Bodies: 471)
⚡ FRAME SPIKE #1626: 54.5 ms at 69.1s (Draw: 4681, Bodies: 471)
⚡ PHYSICS SPIKE #1652: 11.6 ms at 69.1s (Bodies: 471)
⚡ PHYSICS SPIKE #1653: 11.6 ms at 69.1s (Bodies: 471)
⚡ PHYSICS SPIKE #1654: 11.6 ms at 69.1s (Bodies: 471)
⚡ FRAME SPIKE #1627: 54.5 ms at 69.1s (Draw: 4681, Bodies: 471)

=== PERFORMANCE METRICS ===
FPS: 18 | Frame: 55.0 ms (max 68.8) | Physics: 16.6 ms (max 33.9)
Godot Process: 21.31 ms | Physics: 11.57 ms
Objects: 71957 | Nodes: 30857 | Resources: 539
Draw calls: 4681 | Vertices: 4646340 | VRAM: 801.5 MB
Physics bodies: 471 | Collision pairs: 6558
--- System Times ---
  road_batch_finalize_total_-1,-1: 37.99 ms (max 37.99)
  road_batch_finalize_total_-1,-2: 5.72 ms (max 5.72)
  road_batch_finalize_total_-1,-3: 9.52 ms (max 9.52)
  road_batch_finalize_total_-1,-4: 10.14 ms (max 10.14)
  road_batch_finalize_total_-1,-5: 8.48 ms (max 8.48)
  road_batch_finalize_total_-1,0: 15.24 ms (max 15.24)
  road_batch_finalize_total_-2,-1: 20.82 ms (max 20.82)
  road_batch_finalize_total_-2,-2: 18.79 ms (max 18.79)
  road_batch_finalize_total_-2,-3: 15.34 ms (max 15.34)
  road_batch_finalize_total_-2,-4: 8.57 ms (max 8.64)
  road_batch_finalize_total_-2,0: 20.92 ms (max 20.92)
  road_batch_finalize_total_0,-1: 26.87 ms (max 26.87)
  road_batch_finalize_total_0,-2: 24.63 ms (max 24.63)
  road_batch_finalize_total_0,-3: 10.80 ms (max 10.80)
  road_batch_finalize_total_0,-4: 9.87 ms (max 9.87)
  road_batch_finalize_total_0,-5: 8.33 ms (max 8.33)
  road_batch_finalize_total_0,0: 24.82 ms (max 24.82)
  road_batch_finalize_total_0,1: 20.95 ms (max 20.95)
  road_batch_finalize_total_1,-1: 13.26 ms (max 13.26)
  road_batch_finalize_total_1,-2: 29.74 ms (max 29.74)
  road_batch_finalize_total_1,-3: 19.52 ms (max 19.52)
  road_batch_finalize_total_1,-4: 9.71 ms (max 9.71)
  road_batch_finalize_total_1,0: 12.47 ms (max 12.47)
  road_batch_finalize_total_2,-3: 6.47 ms (max 6.47)
  road_collision_create_-1,-1: 12.40 ms (max 30.21)
  road_collision_create_-1,-2: 2.67 ms (max 3.38)
  road_collision_create_-1,-3: 2.88 ms (max 5.48)
  road_collision_create_-1,-4: 4.69 ms (max 5.66)
  road_collision_create_-1,-5: 3.81 ms (max 4.26)
  road_collision_create_-1,0: 7.39 ms (max 12.66)
  road_collision_create_-2,-1: 6.73 ms (max 15.12)
  road_collision_create_-2,-2: 9.17 ms (max 16.47)
  road_collision_create_-2,-3: 4.80 ms (max 10.47)
  road_collision_create_-2,-4: 3.94 ms (max 5.41)
  road_collision_create_-2,0: 10.23 ms (max 17.11)
  road_collision_create_0,-1: 8.72 ms (max 20.84)
  road_collision_create_0,-2: 7.97 ms (max 17.50)
  road_collision_create_0,-3: 3.25 ms (max 4.54)
  road_collision_create_0,-4: 3.06 ms (max 6.25)
  road_collision_create_0,-5: 3.77 ms (max 4.07)
  road_collision_create_0,0: 8.07 ms (max 21.14)
  road_collision_create_0,1: 20.70 ms (max 20.70)
  road_collision_create_1,-1: 4.24 ms (max 9.37)
  road_collision_create_1,-2: 14.62 ms (max 26.58)
  road_collision_create_1,-3: 6.21 ms (max 14.58)
  road_collision_create_1,-4: 2.97 ms (max 3.86)
  road_collision_create_1,0: 12.21 ms (max 12.21)
  road_collision_create_2,-3: 2.88 ms (max 3.83)
===========================

=== PERFORMANCE METRICS ===
FPS: 18 | Frame: 55.0 ms (max 68.8) | Physics: 16.6 ms (max 33.6)
Godot Process: 21.31 ms | Physics: 11.57 ms
Objects: 71957 | Nodes: 30857 | Resources: 539
Draw calls: 4681 | Vertices: 4646340 | VRAM: 801.5 MB
Physics bodies: 471 | Collision pairs: 6558
===========================
⚡ PHYSICS SPIKE #1655: 11.6 ms at 69.2s (Bodies: 471)
⚡ PHYSICS SPIKE #1656: 11.6 ms at 69.2s (Bodies: 471)
⚡ PHYSICS SPIKE #1657: 11.6 ms at 69.2s (Bodies: 471)
⚡ PHYSICS SPIKE #1658: 11.6 ms at 69.2s (Bodies: 471)
⚡ FRAME SPIKE #1628: 54.5 ms at 69.2s (Draw: 4681, Bodies: 471)
⚡ PHYSICS SPIKE #1659: 11.6 ms at 69.3s (Bodies: 471)
⚡ PHYSICS SPIKE #1660: 11.6 ms at 69.3s (Bodies: 470)
⚡ PHYSICS SPIKE #1661: 11.6 ms at 69.3s (Bodies: 470)
⚡ FRAME SPIKE #1629: 54.8 ms at 69.3s (Draw: 4681, Bodies: 470)
⚡ PHYSICS SPIKE #1662: 11.6 ms at 69.3s (Bodies: 470)
⚡ PHYSICS SPIKE #1663: 11.6 ms at 69.3s (Bodies: 470)
⚡ PHYSICS SPIKE #1664: 11.6 ms at 69.3s (Bodies: 470)
⚡ FRAME SPIKE #1630: 54.8 ms at 69.3s (Draw: 4681, Bodies: 470)
⚡ PHYSICS SPIKE #1665: 11.6 ms at 69.4s (Bodies: 470)
⚡ PHYSICS SPIKE #1666: 11.6 ms at 69.4s (Bodies: 470)
⚡ PHYSICS SPIKE #1667: 11.6 ms at 69.4s (Bodies: 470)
⚡ PHYSICS SPIKE #1668: 11.6 ms at 69.4s (Bodies: 470)
⚡ FRAME SPIKE #1631: 54.7 ms at 69.4s (Draw: 4681, Bodies: 470)
⚡ PHYSICS SPIKE #1669: 11.6 ms at 69.4s (Bodies: 470)
⚡ PHYSICS SPIKE #1670: 11.6 ms at 69.4s (Bodies: 470)
⚡ PHYSICS SPIKE #1671: 11.6 ms at 69.4s (Bodies: 470)
⚡ FRAME SPIKE #1632: 54.8 ms at 69.4s (Draw: 4681, Bodies: 470)
⚡ PHYSICS SPIKE #1672: 11.6 ms at 69.5s (Bodies: 470)
⚡ PHYSICS SPIKE #1673: 11.6 ms at 69.5s (Bodies: 470)
⚡ PHYSICS SPIKE #1674: 11.6 ms at 69.5s (Bodies: 470)
⚡ FRAME SPIKE #1633: 54.8 ms at 69.5s (Draw: 4681, Bodies: 470)
⚡ PHYSICS SPIKE #1675: 11.6 ms at 69.5s (Bodies: 470)
⚡ PHYSICS SPIKE #1676: 11.6 ms at 69.5s (Bodies: 470)
⚡ PHYSICS SPIKE #1677: 11.6 ms at 69.5s (Bodies: 470)
⚡ FRAME SPIKE #1634: 54.8 ms at 69.5s (Draw: 4681, Bodies: 470)
⚡ PHYSICS SPIKE #1678: 11.6 ms at 69.6s (Bodies: 470)
⚡ PHYSICS SPIKE #1679: 11.6 ms at 69.6s (Bodies: 472)
⚡ PHYSICS SPIKE #1680: 11.6 ms at 69.6s (Bodies: 472)
⚡ PHYSICS SPIKE #1681: 11.6 ms at 69.6s (Bodies: 472)
⚡ FRAME SPIKE #1635: 54.8 ms at 69.6s (Draw: 4682, Bodies: 472)
⚡ PHYSICS SPIKE #1682: 12.1 ms at 69.6s (Bodies: 472)
⚡ PHYSICS SPIKE #1683: 12.1 ms at 69.6s (Bodies: 472)
⚡ PHYSICS SPIKE #1684: 12.1 ms at 69.6s (Bodies: 472)
⚡ FRAME SPIKE #1636: 57.5 ms at 69.6s (Draw: 4682, Bodies: 472)
⚡ PHYSICS SPIKE #1685: 12.1 ms at 69.7s (Bodies: 472)
⚡ PHYSICS SPIKE #1686: 12.1 ms at 69.7s (Bodies: 472)
⚡ PHYSICS SPIKE #1687: 12.1 ms at 69.7s (Bodies: 472)
⚡ FRAME SPIKE #1637: 54.8 ms at 69.7s (Draw: 4682, Bodies: 472)
⚡ PHYSICS SPIKE #1688: 12.1 ms at 69.8s (Bodies: 472)
⚡ PHYSICS SPIKE #1689: 12.1 ms at 69.8s (Bodies: 472)
⚡ PHYSICS SPIKE #1690: 12.1 ms at 69.8s (Bodies: 472)
⚡ PHYSICS SPIKE #1691: 12.1 ms at 69.8s (Bodies: 472)
⚡ FRAME SPIKE #1638: 54.8 ms at 69.8s (Draw: 4682, Bodies: 472)
⚡ PHYSICS SPIKE #1692: 12.1 ms at 69.8s (Bodies: 472)
⚡ PHYSICS SPIKE #1693: 12.1 ms at 69.8s (Bodies: 472)
⚡ PHYSICS SPIKE #1694: 12.1 ms at 69.8s (Bodies: 472)
⚡ PHYSICS SPIKE #1695: 12.1 ms at 69.8s (Bodies: 472)
⚡ FRAME SPIKE #1639: 62.5 ms at 69.8s (Draw: 4682, Bodies: 472)
⚡ PHYSICS SPIKE #1696: 12.1 ms at 69.9s (Bodies: 472)
⚡ PHYSICS SPIKE #1697: 12.1 ms at 69.9s (Bodies: 472)
⚡ PHYSICS SPIKE #1698: 12.1 ms at 69.9s (Bodies: 472)
⚡ FRAME SPIKE #1640: 63.2 ms at 69.9s (Draw: 4682, Bodies: 472)
⚡ PHYSICS SPIKE #1699: 12.1 ms at 69.9s (Bodies: 472)
⚡ PHYSICS SPIKE #1700: 12.1 ms at 69.9s (Bodies: 472)
⚡ PHYSICS SPIKE #1701: 12.1 ms at 69.9s (Bodies: 472)
⚡ PHYSICS SPIKE #1702: 12.1 ms at 69.9s (Bodies: 472)
⚡ FRAME SPIKE #1641: 58.3 ms at 69.9s (Draw: 4682, Bodies: 472)
⚡ PHYSICS SPIKE #1703: 12.1 ms at 70.0s (Bodies: 472)
⚡ PHYSICS SPIKE #1704: 12.1 ms at 70.0s (Bodies: 472)
⚡ PHYSICS SPIKE #1705: 12.1 ms at 70.0s (Bodies: 472)
⚡ FRAME SPIKE #1642: 58.3 ms at 70.0s (Draw: 4682, Bodies: 472)
⚡ PHYSICS SPIKE #1706: 12.1 ms at 70.0s (Bodies: 472)
⚡ PHYSICS SPIKE #1707: 12.1 ms at 70.0s (Bodies: 472)
⚡ PHYSICS SPIKE #1708: 12.1 ms at 70.0s (Bodies: 472)
⚡ PHYSICS SPIKE #1709: 12.1 ms at 70.0s (Bodies: 472)
⚡ FRAME SPIKE #1643: 58.3 ms at 70.0s (Draw: 4682, Bodies: 472)
⚡ PHYSICS SPIKE #1710: 12.1 ms at 70.1s (Bodies: 472)
⚡ PHYSICS SPIKE #1711: 12.1 ms at 70.1s (Bodies: 472)
⚡ PHYSICS SPIKE #1712: 12.1 ms at 70.1s (Bodies: 472)
⚡ FRAME SPIKE #1644: 58.3 ms at 70.1s (Draw: 4682, Bodies: 472)
⚡ PHYSICS SPIKE #1713: 12.1 ms at 70.2s (Bodies: 472)
⚡ PHYSICS SPIKE #1714: 12.1 ms at 70.2s (Bodies: 472)
⚡ PHYSICS SPIKE #1715: 12.1 ms at 70.2s (Bodies: 472)
⚡ PHYSICS SPIKE #1716: 12.1 ms at 70.2s (Bodies: 472)
⚡ FRAME SPIKE #1645: 58.3 ms at 70.2s (Draw: 4682, Bodies: 472)
⚡ PHYSICS SPIKE #1717: 12.1 ms at 70.2s (Bodies: 472)
⚡ PHYSICS SPIKE #1718: 12.1 ms at 70.2s (Bodies: 472)
⚡ PHYSICS SPIKE #1719: 12.1 ms at 70.2s (Bodies: 472)
⚡ FRAME SPIKE #1646: 58.3 ms at 70.2s (Draw: 4682, Bodies: 472)
⚡ PHYSICS SPIKE #1720: 12.1 ms at 70.3s (Bodies: 472)
⚡ PHYSICS SPIKE #1721: 12.1 ms at 70.3s (Bodies: 472)
⚡ PHYSICS SPIKE #1722: 12.1 ms at 70.3s (Bodies: 472)
⚡ PHYSICS SPIKE #1723: 12.1 ms at 70.3s (Bodies: 472)
⚡ FRAME SPIKE #1647: 58.3 ms at 70.3s (Draw: 4682, Bodies: 472)
⚡ PHYSICS SPIKE #1724: 12.1 ms at 70.3s (Bodies: 472)
⚡ PHYSICS SPIKE #1725: 12.1 ms at 70.3s (Bodies: 472)
⚡ PHYSICS SPIKE #1726: 12.1 ms at 70.3s (Bodies: 472)
⚡ FRAME SPIKE #1648: 58.3 ms at 70.3s (Draw: 4682, Bodies: 472)
⚡ PHYSICS SPIKE #1727: 12.1 ms at 70.4s (Bodies: 472)
⚡ PHYSICS SPIKE #1728: 12.1 ms at 70.4s (Bodies: 472)
⚡ PHYSICS SPIKE #1729: 12.1 ms at 70.4s (Bodies: 472)
⚡ PHYSICS SPIKE #1730: 12.1 ms at 70.4s (Bodies: 472)
⚡ FRAME SPIKE #1649: 58.3 ms at 70.4s (Draw: 4682, Bodies: 472)
⚡ PHYSICS SPIKE #1731: 12.1 ms at 70.5s (Bodies: 472)
⚡ PHYSICS SPIKE #1732: 12.1 ms at 70.5s (Bodies: 472)
⚡ PHYSICS SPIKE #1733: 12.1 ms at 70.5s (Bodies: 472)
⚡ FRAME SPIKE #1650: 59.1 ms at 70.5s (Draw: 4682, Bodies: 472)
⚡ PHYSICS SPIKE #1734: 12.1 ms at 70.5s (Bodies: 472)
⚡ PHYSICS SPIKE #1735: 12.1 ms at 70.5s (Bodies: 472)
⚡ PHYSICS SPIKE #1736: 12.1 ms at 70.5s (Bodies: 472)
⚡ PHYSICS SPIKE #1737: 12.1 ms at 70.5s (Bodies: 472)
⚡ FRAME SPIKE #1651: 58.3 ms at 70.5s (Draw: 4682, Bodies: 472)
⚡ PHYSICS SPIKE #1738: 12.1 ms at 70.6s (Bodies: 472)
⚡ PHYSICS SPIKE #1739: 12.1 ms at 70.6s (Bodies: 472)
⚡ PHYSICS SPIKE #1740: 12.1 ms at 70.6s (Bodies: 472)
⚡ FRAME SPIKE #1652: 58.3 ms at 70.6s (Draw: 4682, Bodies: 472)
⚡ PHYSICS SPIKE #1741: 11.9 ms at 70.6s (Bodies: 472)
⚡ PHYSICS SPIKE #1742: 11.9 ms at 70.6s (Bodies: 473)
⚡ PHYSICS SPIKE #1743: 11.9 ms at 70.6s (Bodies: 473)
⚡ PHYSICS SPIKE #1744: 11.9 ms at 70.6s (Bodies: 473)
⚡ FRAME SPIKE #1653: 58.3 ms at 70.6s (Draw: 4681, Bodies: 473)
🚗 Traffic: 32 active NPCs (Near: 13, Mid: 15, Far: 4), 1 pooled
  → Physics bodies from NPCs: 32 (All: 32×1, было бы 32×5=160)

========== Bottleneck Analysis Report ==========
Time: 81.1s | Frames: 1917

📊 PERFORMANCE OVERVIEW:
  FPS: 17.9 avg | 17.0 min
  Frame Time: 22.01 ms avg | 22.63 ms max
  Physics Time: 11.98 ms avg

🔍 BOTTLENECK IDENTIFICATION:
  🔴 [CRITICAL] Physics Time
      Value: 11.98 ms
      Impact: Physics simulation overhead
      Suggestions:
        • Reduce number of active physics bodies
        • Simplify collision shapes
        • Disable physics for distant objects

  🟠 [HIGH] Frame Time
      Value: 22.01 ms (target: 16.67 ms)
      Impact: Overall performance bottleneck
      Suggestions:
        • Reduce draw calls
        • Optimize scripts in _process()
        • Check for expensive operations per frame

  🟠 [HIGH] Draw Calls
      Value: 4680 calls/frame
      Impact: GPU rendering overhead
      Suggestions:
        • Batch meshes by material
        • Use MultiMeshInstance3D
        • Implement LOD system
        • Enable frustum culling

  🟠 [HIGH] Physics Bodies
      Value: 470 active bodies
      Impact: Physics engine load
      Suggestions:
        • Reduce NPC count
        • Convert distant NPCs to kinematic
        • Disable physics for far objects

  🟡 [MEDIUM] Vertex Count
      Value: 4646346 vertices/frame
      Impact: GPU vertex processing
      Suggestions:
        • Implement LOD for distant objects
        • Simplify building meshes
        • Use lower poly models

  🟡 [MEDIUM] Node Count
      Value: 30857 nodes
      Impact: Scene tree traversal overhead
      Suggestions:
        • Unload distant chunks
        • Pool and reuse nodes
        • Flatten hierarchy where possible

  🟡 [MEDIUM] Post-Processing Effects
      Value: SSAO, Glow/Bloom, Volumetric Fog
      Impact: GPU shader overhead
      Suggestions:
        • Reduce SSR quality
        • Disable SSAO on low-end hardware
        • Use simpler fog

📈 DETAILED STATS:
  Draw Calls: 4680 avg | 4685 max
  Vertices: 4646346 avg | 4646412 max
  Physics Bodies: 470
  Nodes: 30857
  VRAM: 801.5 MB

=================================================

⚡ PHYSICS SPIKE #1745: 11.9 ms at 70.7s (Bodies: 473)
⚡ PHYSICS SPIKE #1746: 11.9 ms at 70.7s (Bodies: 473)
⚡ PHYSICS SPIKE #1747: 11.9 ms at 70.7s (Bodies: 473)
⚡ FRAME SPIKE #1654: 59.1 ms at 70.7s (Draw: 4681, Bodies: 473)
⚡ PHYSICS SPIKE #1748: 11.9 ms at 70.8s (Bodies: 473)
⚡ PHYSICS SPIKE #1749: 11.9 ms at 70.8s (Bodies: 472)
⚡ PHYSICS SPIKE #1750: 11.9 ms at 70.8s (Bodies: 472)
⚡ PHYSICS SPIKE #1751: 11.9 ms at 70.8s (Bodies: 472)
⚡ FRAME SPIKE #1655: 58.3 ms at 70.8s (Draw: 4681, Bodies: 472)
⚡ PHYSICS SPIKE #1752: 11.9 ms at 70.8s (Bodies: 472)
⚡ PHYSICS SPIKE #1753: 11.9 ms at 70.8s (Bodies: 472)
⚡ PHYSICS SPIKE #1754: 11.9 ms at 70.8s (Bodies: 472)
⚡ FRAME SPIKE #1656: 58.3 ms at 70.8s (Draw: 4681, Bodies: 472)
⚡ PHYSICS SPIKE #1755: 11.9 ms at 70.9s (Bodies: 472)
⚡ PHYSICS SPIKE #1756: 11.9 ms at 70.9s (Bodies: 472)
⚡ PHYSICS SPIKE #1757: 11.9 ms at 70.9s (Bodies: 472)
⚡ PHYSICS SPIKE #1758: 11.9 ms at 70.9s (Bodies: 472)
⚡ FRAME SPIKE #1657: 58.3 ms at 70.9s (Draw: 4681, Bodies: 472)
⚡ PHYSICS SPIKE #1759: 11.9 ms at 70.9s (Bodies: 472)
⚡ PHYSICS SPIKE #1760: 11.9 ms at 70.9s (Bodies: 472)
⚡ PHYSICS SPIKE #1761: 11.9 ms at 70.9s (Bodies: 472)
⚡ FRAME SPIKE #1658: 58.3 ms at 70.9s (Draw: 4681, Bodies: 472)
⚡ PHYSICS SPIKE #1762: 11.9 ms at 71.0s (Bodies: 472)
⚡ PHYSICS SPIKE #1763: 11.9 ms at 71.0s (Bodies: 472)
⚡ PHYSICS SPIKE #1764: 11.9 ms at 71.0s (Bodies: 472)
⚡ PHYSICS SPIKE #1765: 11.9 ms at 71.0s (Bodies: 472)
⚡ FRAME SPIKE #1659: 58.2 ms at 71.0s (Draw: 4681, Bodies: 472)
⚡ PHYSICS SPIKE #1766: 11.9 ms at 71.0s (Bodies: 472)
⚡ PHYSICS SPIKE #1767: 11.9 ms at 71.0s (Bodies: 472)
⚡ PHYSICS SPIKE #1768: 11.9 ms at 71.0s (Bodies: 472)
⚡ FRAME SPIKE #1660: 58.3 ms at 71.0s (Draw: 4681, Bodies: 472)
⚡ PHYSICS SPIKE #1769: 11.9 ms at 71.1s (Bodies: 472)
⚡ PHYSICS SPIKE #1770: 11.9 ms at 71.1s (Bodies: 472)
⚡ PHYSICS SPIKE #1771: 11.9 ms at 71.1s (Bodies: 472)
⚡ PHYSICS SPIKE #1772: 11.9 ms at 71.1s (Bodies: 472)
⚡ FRAME SPIKE #1661: 56.7 ms at 71.1s (Draw: 4681, Bodies: 472)
⚡ PHYSICS SPIKE #1773: 11.9 ms at 71.2s (Bodies: 472)
⚡ PHYSICS SPIKE #1774: 11.9 ms at 71.2s (Bodies: 472)
⚡ PHYSICS SPIKE #1775: 11.9 ms at 71.2s (Bodies: 472)
⚡ FRAME SPIKE #1662: 58.3 ms at 71.2s (Draw: 4681, Bodies: 472)
⚡ PHYSICS SPIKE #1776: 11.9 ms at 71.2s (Bodies: 472)
⚡ PHYSICS SPIKE #1777: 11.9 ms at 71.2s (Bodies: 472)
⚡ PHYSICS SPIKE #1778: 11.9 ms at 71.2s (Bodies: 472)
⚡ PHYSICS SPIKE #1779: 11.9 ms at 71.2s (Bodies: 472)
⚡ FRAME SPIKE #1663: 57.6 ms at 71.2s (Draw: 4681, Bodies: 472)
⚡ PHYSICS SPIKE #1780: 11.9 ms at 71.3s (Bodies: 472)
⚡ PHYSICS SPIKE #1781: 11.9 ms at 71.3s (Bodies: 472)
⚡ PHYSICS SPIKE #1782: 11.9 ms at 71.3s (Bodies: 472)
⚡ FRAME SPIKE #1664: 58.3 ms at 71.3s (Draw: 4681, Bodies: 472)
⚡ PHYSICS SPIKE #1783: 11.9 ms at 71.3s (Bodies: 472)
⚡ PHYSICS SPIKE #1784: 11.9 ms at 71.3s (Bodies: 472)
⚡ PHYSICS SPIKE #1785: 11.9 ms at 71.3s (Bodies: 472)
⚡ PHYSICS SPIKE #1786: 11.9 ms at 71.3s (Bodies: 472)
⚡ FRAME SPIKE #1665: 55.2 ms at 71.3s (Draw: 4681, Bodies: 472)
⚡ PHYSICS SPIKE #1787: 11.9 ms at 71.4s (Bodies: 472)
⚡ PHYSICS SPIKE #1788: 11.9 ms at 71.4s (Bodies: 472)
⚡ PHYSICS SPIKE #1789: 11.9 ms at 71.4s (Bodies: 472)
⚡ FRAME SPIKE #1666: 58.3 ms at 71.4s (Draw: 4681, Bodies: 472)
⚡ PHYSICS SPIKE #1790: 11.9 ms at 71.4s (Bodies: 472)
⚡ PHYSICS SPIKE #1791: 11.9 ms at 71.4s (Bodies: 472)
⚡ PHYSICS SPIKE #1792: 11.9 ms at 71.4s (Bodies: 472)
⚡ PHYSICS SPIKE #1793: 11.9 ms at 71.4s (Bodies: 472)
⚡ FRAME SPIKE #1667: 57.3 ms at 71.4s (Draw: 4681, Bodies: 472)
⚡ PHYSICS SPIKE #1794: 11.9 ms at 71.5s (Bodies: 472)
⚡ PHYSICS SPIKE #1795: 11.9 ms at 71.5s (Bodies: 472)
⚡ PHYSICS SPIKE #1796: 11.9 ms at 71.5s (Bodies: 472)
⚡ FRAME SPIKE #1668: 58.3 ms at 71.5s (Draw: 4681, Bodies: 472)
⚡ PHYSICS SPIKE #1797: 11.9 ms at 71.6s (Bodies: 472)
⚡ PHYSICS SPIKE #1798: 11.9 ms at 71.6s (Bodies: 472)
⚡ PHYSICS SPIKE #1799: 11.9 ms at 71.6s (Bodies: 472)
⚡ FRAME SPIKE #1669: 56.8 ms at 71.6s (Draw: 4681, Bodies: 472)
⚡ PHYSICS SPIKE #1800: 11.9 ms at 71.6s (Bodies: 472)
⚡ PHYSICS SPIKE #1801: 11.9 ms at 71.6s (Bodies: 472)
⚡ PHYSICS SPIKE #1802: 11.9 ms at 71.6s (Bodies: 472)
⚡ PHYSICS SPIKE #1803: 11.9 ms at 71.6s (Bodies: 472)
⚡ FRAME SPIKE #1670: 53.1 ms at 71.6s (Draw: 4681, Bodies: 472)
⚡ PHYSICS SPIKE #1804: 12.0 ms at 71.7s (Bodies: 472)
⚡ PHYSICS SPIKE #1805: 12.0 ms at 71.7s (Bodies: 474)
⚡ PHYSICS SPIKE #1806: 12.0 ms at 71.7s (Bodies: 474)
⚡ FRAME SPIKE #1671: 57.6 ms at 71.7s (Draw: 4684, Bodies: 474)
⚡ PHYSICS SPIKE #1807: 12.0 ms at 71.7s (Bodies: 474)
⚡ PHYSICS SPIKE #1808: 12.0 ms at 71.7s (Bodies: 474)
⚡ PHYSICS SPIKE #1809: 12.0 ms at 71.7s (Bodies: 474)
⚡ PHYSICS SPIKE #1810: 12.0 ms at 71.7s (Bodies: 474)
⚡ FRAME SPIKE #1672: 57.6 ms at 71.7s (Draw: 4684, Bodies: 474)
⚡ PHYSICS SPIKE #1811: 12.0 ms at 71.8s (Bodies: 474)
⚡ PHYSICS SPIKE #1812: 12.0 ms at 71.8s (Bodies: 474)
⚡ PHYSICS SPIKE #1813: 12.0 ms at 71.8s (Bodies: 474)
⚡ FRAME SPIKE #1673: 58.3 ms at 71.8s (Draw: 4684, Bodies: 474)
⚡ PHYSICS SPIKE #1814: 12.0 ms at 71.8s (Bodies: 474)
⚡ PHYSICS SPIKE #1815: 12.0 ms at 71.8s (Bodies: 474)
⚡ PHYSICS SPIKE #1816: 12.0 ms at 71.8s (Bodies: 474)
⚡ PHYSICS SPIKE #1817: 12.0 ms at 71.8s (Bodies: 474)
⚡ FRAME SPIKE #1674: 58.2 ms at 71.8s (Draw: 4684, Bodies: 474)
⚡ PHYSICS SPIKE #1818: 12.0 ms at 71.9s (Bodies: 474)
⚡ PHYSICS SPIKE #1819: 12.0 ms at 71.9s (Bodies: 474)
⚡ PHYSICS SPIKE #1820: 12.0 ms at 71.9s (Bodies: 474)
⚡ FRAME SPIKE #1675: 58.3 ms at 71.9s (Draw: 4684, Bodies: 474)
⚡ PHYSICS SPIKE #1821: 12.0 ms at 72.0s (Bodies: 474)
⚡ PHYSICS SPIKE #1822: 12.0 ms at 72.0s (Bodies: 474)
⚡ PHYSICS SPIKE #1823: 12.0 ms at 72.0s (Bodies: 474)
⚡ PHYSICS SPIKE #1824: 12.0 ms at 72.0s (Bodies: 474)
⚡ FRAME SPIKE #1676: 58.3 ms at 72.0s (Draw: 4684, Bodies: 474)
⚡ PHYSICS SPIKE #1825: 12.0 ms at 72.0s (Bodies: 474)
⚡ PHYSICS SPIKE #1826: 12.0 ms at 72.0s (Bodies: 474)
⚡ PHYSICS SPIKE #1827: 12.0 ms at 72.0s (Bodies: 474)
⚡ FRAME SPIKE #1677: 58.3 ms at 72.0s (Draw: 4684, Bodies: 474)
⚡ PHYSICS SPIKE #1828: 12.0 ms at 72.1s (Bodies: 474)
⚡ PHYSICS SPIKE #1829: 12.0 ms at 72.1s (Bodies: 474)
⚡ PHYSICS SPIKE #1830: 12.0 ms at 72.1s (Bodies: 474)
⚡ PHYSICS SPIKE #1831: 12.0 ms at 72.1s (Bodies: 474)
⚡ FRAME SPIKE #1678: 58.3 ms at 72.1s (Draw: 4684, Bodies: 474)
⚡ PHYSICS SPIKE #1832: 12.0 ms at 72.1s (Bodies: 474)
⚡ PHYSICS SPIKE #1833: 12.0 ms at 72.1s (Bodies: 474)
⚡ PHYSICS SPIKE #1834: 12.0 ms at 72.1s (Bodies: 474)
⚡ FRAME SPIKE #1679: 58.3 ms at 72.1s (Draw: 4684, Bodies: 474)
⚡ PHYSICS SPIKE #1835: 12.0 ms at 72.2s (Bodies: 474)
⚡ PHYSICS SPIKE #1836: 12.0 ms at 72.2s (Bodies: 474)
⚡ PHYSICS SPIKE #1837: 12.0 ms at 72.2s (Bodies: 474)
⚡ FRAME SPIKE #1680: 57.6 ms at 72.2s (Draw: 4684, Bodies: 474)
⚡ PHYSICS SPIKE #1838: 12.0 ms at 72.3s (Bodies: 474)
⚡ PHYSICS SPIKE #1839: 12.0 ms at 72.3s (Bodies: 474)
⚡ PHYSICS SPIKE #1840: 12.0 ms at 72.3s (Bodies: 474)
⚡ PHYSICS SPIKE #1841: 12.0 ms at 72.3s (Bodies: 474)
⚡ FRAME SPIKE #1681: 57.6 ms at 72.3s (Draw: 4684, Bodies: 474)
⚡ PHYSICS SPIKE #1842: 12.0 ms at 72.3s (Bodies: 474)
⚡ PHYSICS SPIKE #1843: 12.0 ms at 72.3s (Bodies: 474)
⚡ PHYSICS SPIKE #1844: 12.0 ms at 72.3s (Bodies: 474)
⚡ FRAME SPIKE #1682: 58.3 ms at 72.3s (Draw: 4684, Bodies: 474)
⚡ PHYSICS SPIKE #1845: 12.0 ms at 72.4s (Bodies: 474)
⚡ PHYSICS SPIKE #1846: 12.0 ms at 72.4s (Bodies: 474)
⚡ PHYSICS SPIKE #1847: 12.0 ms at 72.4s (Bodies: 474)
⚡ PHYSICS SPIKE #1848: 12.0 ms at 72.4s (Bodies: 474)
⚡ FRAME SPIKE #1683: 57.6 ms at 72.4s (Draw: 4684, Bodies: 474)
⚡ PHYSICS SPIKE #1849: 12.0 ms at 72.4s (Bodies: 474)
⚡ PHYSICS SPIKE #1850: 12.0 ms at 72.4s (Bodies: 474)
⚡ PHYSICS SPIKE #1851: 12.0 ms at 72.4s (Bodies: 474)
⚡ FRAME SPIKE #1684: 58.3 ms at 72.4s (Draw: 4684, Bodies: 474)
⚡ PHYSICS SPIKE #1852: 12.0 ms at 72.5s (Bodies: 474)
⚡ PHYSICS SPIKE #1853: 12.0 ms at 72.5s (Bodies: 474)
⚡ PHYSICS SPIKE #1854: 12.0 ms at 72.5s (Bodies: 474)
⚡ PHYSICS SPIKE #1855: 12.0 ms at 72.5s (Bodies: 474)
⚡ FRAME SPIKE #1685: 57.6 ms at 72.5s (Draw: 4684, Bodies: 474)
⚡ PHYSICS SPIKE #1856: 12.0 ms at 72.5s (Bodies: 474)
⚡ PHYSICS SPIKE #1857: 12.0 ms at 72.5s (Bodies: 474)
⚡ PHYSICS SPIKE #1858: 12.0 ms at 72.5s (Bodies: 474)
⚡ FRAME SPIKE #1686: 58.3 ms at 72.5s (Draw: 4684, Bodies: 474)
⚡ PHYSICS SPIKE #1859: 12.0 ms at 72.6s (Bodies: 474)
⚡ PHYSICS SPIKE #1860: 12.0 ms at 72.6s (Bodies: 474)
⚡ PHYSICS SPIKE #1861: 12.0 ms at 72.6s (Bodies: 474)
⚡ PHYSICS SPIKE #1862: 12.0 ms at 72.6s (Bodies: 474)
⚡ FRAME SPIKE #1687: 57.6 ms at 72.6s (Draw: 4684, Bodies: 474)
⚡ PHYSICS SPIKE #1863: 12.0 ms at 72.7s (Bodies: 474)
⚡ PHYSICS SPIKE #1864: 12.0 ms at 72.7s (Bodies: 474)
⚡ PHYSICS SPIKE #1865: 12.0 ms at 72.7s (Bodies: 474)
⚡ FRAME SPIKE #1688: 58.3 ms at 72.7s (Draw: 4684, Bodies: 474)
🚗 Traffic: 34 active NPCs (Near: 10, Mid: 19, Far: 5), 1 pooled
  → Physics bodies from NPCs: 34 (All: 34×1, было бы 34×5=170)

========== Bottleneck Analysis Report ==========
Time: 83.1s | Frames: 1952

📊 PERFORMANCE OVERVIEW:
  FPS: 17.9 avg | 17.0 min
  Frame Time: 21.82 ms avg | 22.38 ms max
  Physics Time: 12.00 ms avg

🔍 BOTTLENECK IDENTIFICATION:
  🔴 [CRITICAL] Physics Time
      Value: 12.00 ms
      Impact: Physics simulation overhead
      Suggestions:
        • Reduce number of active physics bodies
        • Simplify collision shapes
        • Disable physics for distant objects

  🟠 [HIGH] Frame Time
      Value: 21.82 ms (target: 16.67 ms)
      Impact: Overall performance bottleneck
      Suggestions:
        • Reduce draw calls
        • Optimize scripts in _process()
        • Check for expensive operations per frame

  🟠 [HIGH] Draw Calls
      Value: 4681 calls/frame
      Impact: GPU rendering overhead
      Suggestions:
        • Batch meshes by material
        • Use MultiMeshInstance3D
        • Implement LOD system
        • Enable frustum culling

  🟠 [HIGH] Physics Bodies
      Value: 471 active bodies
      Impact: Physics engine load
      Suggestions:
        • Reduce NPC count
        • Convert distant NPCs to kinematic
        • Disable physics for far objects

  🟡 [MEDIUM] Vertex Count
      Value: 4647953 vertices/frame
      Impact: GPU vertex processing
      Suggestions:
        • Implement LOD for distant objects
        • Simplify building meshes
        • Use lower poly models

  🟡 [MEDIUM] Node Count
      Value: 30902 nodes
      Impact: Scene tree traversal overhead
      Suggestions:
        • Unload distant chunks
        • Pool and reuse nodes
        • Flatten hierarchy where possible

  🟡 [MEDIUM] Post-Processing Effects
      Value: SSAO, Glow/Bloom, Volumetric Fog
      Impact: GPU shader overhead
      Suggestions:
        • Reduce SSR quality
        • Disable SSAO on low-end hardware
        • Use simpler fog

📈 DETAILED STATS:
  Draw Calls: 4681 avg | 4684 max
  Vertices: 4647953 avg | 4657094 max
  Physics Bodies: 471
  Nodes: 30902
  VRAM: 801.5 MB

=================================================

⚡ PHYSICS SPIKE #1866: 12.0 ms at 72.7s (Bodies: 474)
⚡ PHYSICS SPIKE #1867: 12.0 ms at 72.7s (Bodies: 475)
⚡ PHYSICS SPIKE #1868: 12.0 ms at 72.7s (Bodies: 475)
⚡ PHYSICS SPIKE #1869: 12.0 ms at 72.7s (Bodies: 475)
=== PAZ Model Meshes Debug ===
Total meshes found: 1
  - Mesh: bus_low_Material_006_0 (MeshInstance3D)
PAZ-32053 model setup complete
⚡ FRAME SPIKE #1689: 58.3 ms at 72.7s (Draw: 4683, Bodies: 475)
⚡ PHYSICS SPIKE #1870: 12.0 ms at 72.8s (Bodies: 475)
⚡ PHYSICS SPIKE #1871: 12.0 ms at 72.8s (Bodies: 475)
⚡ PHYSICS SPIKE #1872: 12.0 ms at 72.8s (Bodies: 475)
⚡ PHYSICS SPIKE #1873: 12.0 ms at 72.8s (Bodies: 475)
⚡ FRAME SPIKE #1690: 75.4 ms at 72.8s (Draw: 4686, Bodies: 475)
⚡ PHYSICS SPIKE #1874: 12.0 ms at 72.8s (Bodies: 475)
⚡ PHYSICS SPIKE #1875: 12.0 ms at 72.8s (Bodies: 474)
⚡ PHYSICS SPIKE #1876: 12.0 ms at 72.8s (Bodies: 474)
⚡ PHYSICS SPIKE #1877: 12.0 ms at 72.8s (Bodies: 474)
⚡ FRAME SPIKE #1691: 65.3 ms at 72.8s (Draw: 4686, Bodies: 474)
⚡ PHYSICS SPIKE #1878: 12.0 ms at 72.9s (Bodies: 474)
⚡ PHYSICS SPIKE #1879: 12.0 ms at 72.9s (Bodies: 474)
⚡ PHYSICS SPIKE #1880: 12.0 ms at 72.9s (Bodies: 474)
⚡ PHYSICS SPIKE #1881: 12.0 ms at 72.9s (Bodies: 474)
⚡ FRAME SPIKE #1692: 64.0 ms at 72.9s (Draw: 4684, Bodies: 474)
⚡ PHYSICS SPIKE #1882: 12.0 ms at 73.0s (Bodies: 474)
⚡ PHYSICS SPIKE #1883: 12.0 ms at 73.0s (Bodies: 474)
⚡ PHYSICS SPIKE #1884: 12.0 ms at 73.0s (Bodies: 474)
⚡ PHYSICS SPIKE #1885: 12.0 ms at 73.0s (Bodies: 474)
⚡ FRAME SPIKE #1693: 64.6 ms at 73.0s (Draw: 4684, Bodies: 474)
⚡ PHYSICS SPIKE #1886: 12.0 ms at 73.0s (Bodies: 474)
⚡ PHYSICS SPIKE #1887: 12.0 ms at 73.0s (Bodies: 474)
⚡ PHYSICS SPIKE #1888: 12.0 ms at 73.0s (Bodies: 474)
⚡ PHYSICS SPIKE #1889: 12.0 ms at 73.0s (Bodies: 474)
⚡ FRAME SPIKE #1694: 64.3 ms at 73.0s (Draw: 4684, Bodies: 474)
⚡ PHYSICS SPIKE #1890: 12.0 ms at 73.1s (Bodies: 474)
⚡ PHYSICS SPIKE #1891: 12.0 ms at 73.1s (Bodies: 474)
⚡ PHYSICS SPIKE #1892: 12.0 ms at 73.1s (Bodies: 474)
⚡ PHYSICS SPIKE #1893: 12.0 ms at 73.1s (Bodies: 474)
⚡ FRAME SPIKE #1695: 64.6 ms at 73.1s (Draw: 4684, Bodies: 474)
⚡ PHYSICS SPIKE #1894: 12.0 ms at 73.2s (Bodies: 474)
⚡ PHYSICS SPIKE #1895: 12.0 ms at 73.2s (Bodies: 474)
⚡ PHYSICS SPIKE #1896: 12.0 ms at 73.2s (Bodies: 474)
⚡ FRAME SPIKE #1696: 63.9 ms at 73.2s (Draw: 4684, Bodies: 474)
⚡ PHYSICS SPIKE #1897: 12.0 ms at 73.2s (Bodies: 474)
⚡ PHYSICS SPIKE #1898: 12.0 ms at 73.2s (Bodies: 474)
⚡ PHYSICS SPIKE #1899: 12.0 ms at 73.2s (Bodies: 474)
⚡ PHYSICS SPIKE #1900: 12.0 ms at 73.2s (Bodies: 474)
⚡ FRAME SPIKE #1697: 64.3 ms at 73.2s (Draw: 4684, Bodies: 474)
⚡ PHYSICS SPIKE #1901: 12.0 ms at 73.3s (Bodies: 474)
⚡ PHYSICS SPIKE #1902: 12.0 ms at 73.3s (Bodies: 474)
⚡ PHYSICS SPIKE #1903: 12.0 ms at 73.3s (Bodies: 474)
⚡ PHYSICS SPIKE #1904: 12.0 ms at 73.3s (Bodies: 474)
⚡ FRAME SPIKE #1698: 64.3 ms at 73.3s (Draw: 4684, Bodies: 474)
⚡ PHYSICS SPIKE #1905: 12.0 ms at 73.4s (Bodies: 474)
⚡ PHYSICS SPIKE #1906: 12.0 ms at 73.4s (Bodies: 474)
⚡ PHYSICS SPIKE #1907: 12.0 ms at 73.4s (Bodies: 474)
⚡ PHYSICS SPIKE #1908: 12.0 ms at 73.4s (Bodies: 474)
⚡ FRAME SPIKE #1699: 64.3 ms at 73.4s (Draw: 4684, Bodies: 474)
⚡ PHYSICS SPIKE #1909: 12.0 ms at 73.4s (Bodies: 474)
⚡ PHYSICS SPIKE #1910: 12.0 ms at 73.4s (Bodies: 474)
⚡ PHYSICS SPIKE #1911: 12.0 ms at 73.4s (Bodies: 474)
⚡ PHYSICS SPIKE #1912: 12.0 ms at 73.4s (Bodies: 474)
⚡ FRAME SPIKE #1700: 64.3 ms at 73.4s (Draw: 4684, Bodies: 474)
⚡ PHYSICS SPIKE #1913: 12.0 ms at 73.5s (Bodies: 474)
⚡ PHYSICS SPIKE #1914: 12.0 ms at 73.5s (Bodies: 474)
⚡ PHYSICS SPIKE #1915: 12.0 ms at 73.5s (Bodies: 474)
⚡ PHYSICS SPIKE #1916: 12.0 ms at 73.5s (Bodies: 474)
⚡ FRAME SPIKE #1701: 64.3 ms at 73.5s (Draw: 4684, Bodies: 474)
⚡ PHYSICS SPIKE #1917: 12.0 ms at 73.6s (Bodies: 474)
⚡ PHYSICS SPIKE #1918: 12.0 ms at 73.6s (Bodies: 474)
⚡ PHYSICS SPIKE #1919: 12.0 ms at 73.6s (Bodies: 474)
⚡ PHYSICS SPIKE #1920: 12.0 ms at 73.6s (Bodies: 474)
⚡ FRAME SPIKE #1702: 64.3 ms at 73.6s (Draw: 4684, Bodies: 474)
⚡ PHYSICS SPIKE #1921: 12.0 ms at 73.6s (Bodies: 474)
⚡ PHYSICS SPIKE #1922: 12.0 ms at 73.6s (Bodies: 474)
⚡ PHYSICS SPIKE #1923: 12.0 ms at 73.6s (Bodies: 474)
⚡ FRAME SPIKE #1703: 64.3 ms at 73.6s (Draw: 4684, Bodies: 474)
⚡ PHYSICS SPIKE #1924: 12.1 ms at 73.7s (Bodies: 474)
⚡ PHYSICS SPIKE #1925: 12.1 ms at 73.7s (Bodies: 474)
⚡ PHYSICS SPIKE #1926: 12.1 ms at 73.7s (Bodies: 474)
⚡ PHYSICS SPIKE #1927: 12.1 ms at 73.7s (Bodies: 474)
⚡ FRAME SPIKE #1704: 54.9 ms at 73.7s (Draw: 4684, Bodies: 474)
⚡ PHYSICS SPIKE #1928: 12.1 ms at 73.7s (Bodies: 474)
⚡ PHYSICS SPIKE #1929: 12.1 ms at 73.7s (Bodies: 474)
⚡ PHYSICS SPIKE #1930: 12.1 ms at 73.7s (Bodies: 474)
⚡ PHYSICS SPIKE #1931: 12.1 ms at 73.7s (Bodies: 474)
⚡ FRAME SPIKE #1705: 64.3 ms at 73.7s (Draw: 4684, Bodies: 474)
⚡ PHYSICS SPIKE #1932: 12.1 ms at 73.8s (Bodies: 474)
⚡ PHYSICS SPIKE #1933: 12.1 ms at 73.8s (Bodies: 474)
⚡ PHYSICS SPIKE #1934: 12.1 ms at 73.8s (Bodies: 474)
⚡ PHYSICS SPIKE #1935: 12.1 ms at 73.8s (Bodies: 474)
⚡ FRAME SPIKE #1706: 64.3 ms at 73.8s (Draw: 4684, Bodies: 474)
⚡ PHYSICS SPIKE #1936: 12.1 ms at 73.9s (Bodies: 474)
⚡ PHYSICS SPIKE #1937: 12.1 ms at 73.9s (Bodies: 474)
⚡ PHYSICS SPIKE #1938: 12.1 ms at 73.9s (Bodies: 474)
⚡ PHYSICS SPIKE #1939: 12.1 ms at 73.9s (Bodies: 474)
⚡ FRAME SPIKE #1707: 66.6 ms at 73.9s (Draw: 4684, Bodies: 474)
⚡ PHYSICS SPIKE #1940: 12.1 ms at 73.9s (Bodies: 474)
⚡ PHYSICS SPIKE #1941: 12.1 ms at 73.9s (Bodies: 474)
⚡ PHYSICS SPIKE #1942: 12.1 ms at 73.9s (Bodies: 474)
⚡ FRAME SPIKE #1708: 63.9 ms at 73.9s (Draw: 4684, Bodies: 474)
⚡ PHYSICS SPIKE #1943: 12.1 ms at 74.0s (Bodies: 474)
⚡ PHYSICS SPIKE #1944: 12.1 ms at 74.0s (Bodies: 474)
⚡ PHYSICS SPIKE #1945: 12.1 ms at 74.0s (Bodies: 474)
⚡ PHYSICS SPIKE #1946: 12.1 ms at 74.0s (Bodies: 474)
⚡ FRAME SPIKE #1709: 54.6 ms at 74.0s (Draw: 4684, Bodies: 474)
⚡ PHYSICS SPIKE #1947: 12.1 ms at 74.1s (Bodies: 474)
⚡ PHYSICS SPIKE #1948: 12.1 ms at 74.1s (Bodies: 474)
⚡ PHYSICS SPIKE #1949: 12.1 ms at 74.1s (Bodies: 474)
⚡ FRAME SPIKE #1710: 61.1 ms at 74.1s (Draw: 4684, Bodies: 474)
⚡ PHYSICS SPIKE #1950: 12.1 ms at 74.1s (Bodies: 474)
⚡ PHYSICS SPIKE #1951: 12.1 ms at 74.1s (Bodies: 474)
⚡ PHYSICS SPIKE #1952: 12.1 ms at 74.1s (Bodies: 474)
⚡ PHYSICS SPIKE #1953: 12.1 ms at 74.1s (Bodies: 474)
⚡ FRAME SPIKE #1711: 58.1 ms at 74.1s (Draw: 4684, Bodies: 474)
⚡ PHYSICS SPIKE #1954: 12.1 ms at 74.2s (Bodies: 474)
⚡ PHYSICS SPIKE #1955: 12.1 ms at 74.2s (Bodies: 474)
⚡ PHYSICS SPIKE #1956: 12.1 ms at 74.2s (Bodies: 474)
⚡ PHYSICS SPIKE #1957: 12.1 ms at 74.2s (Bodies: 474)
⚡ FRAME SPIKE #1712: 62.3 ms at 74.2s (Draw: 4684, Bodies: 474)

=== PERFORMANCE METRICS ===
FPS: 16 | Frame: 56.5 ms (max 75.4) | Physics: 16.6 ms (max 46.2)
Godot Process: 34.92 ms | Physics: 12.06 ms
Objects: 72022 | Nodes: 30902 | Resources: 539
Draw calls: 4684 | Vertices: 4657094 | VRAM: 801.5 MB
Physics bodies: 474 | Collision pairs: 6619
--- System Times ---
  road_batch_finalize_total_-1,-1: 37.99 ms (max 37.99)
  road_batch_finalize_total_-1,-2: 5.72 ms (max 5.72)
  road_batch_finalize_total_-1,-3: 9.52 ms (max 9.52)
  road_batch_finalize_total_-1,-4: 10.14 ms (max 10.14)
  road_batch_finalize_total_-1,-5: 8.48 ms (max 8.48)
  road_batch_finalize_total_-1,0: 15.24 ms (max 15.24)
  road_batch_finalize_total_-2,-1: 20.82 ms (max 20.82)
  road_batch_finalize_total_-2,-2: 18.79 ms (max 18.79)
  road_batch_finalize_total_-2,-3: 15.34 ms (max 15.34)
  road_batch_finalize_total_-2,-4: 8.57 ms (max 8.64)
  road_batch_finalize_total_-2,0: 20.92 ms (max 20.92)
  road_batch_finalize_total_0,-1: 26.87 ms (max 26.87)
  road_batch_finalize_total_0,-2: 24.63 ms (max 24.63)
  road_batch_finalize_total_0,-3: 10.80 ms (max 10.80)
  road_batch_finalize_total_0,-4: 9.87 ms (max 9.87)
  road_batch_finalize_total_0,-5: 8.33 ms (max 8.33)
  road_batch_finalize_total_0,0: 24.82 ms (max 24.82)
  road_batch_finalize_total_0,1: 20.95 ms (max 20.95)
  road_batch_finalize_total_1,-1: 13.26 ms (max 13.26)
  road_batch_finalize_total_1,-2: 29.74 ms (max 29.74)
  road_batch_finalize_total_1,-3: 19.52 ms (max 19.52)
  road_batch_finalize_total_1,-4: 9.71 ms (max 9.71)
  road_batch_finalize_total_1,0: 12.47 ms (max 12.47)
  road_batch_finalize_total_2,-3: 6.47 ms (max 6.47)
  road_collision_create_-1,-1: 12.40 ms (max 30.21)
  road_collision_create_-1,-2: 2.67 ms (max 3.38)
  road_collision_create_-1,-3: 2.88 ms (max 5.48)
  road_collision_create_-1,-4: 4.69 ms (max 5.66)
  road_collision_create_-1,-5: 3.81 ms (max 4.26)
  road_collision_create_-1,0: 7.39 ms (max 12.66)
  road_collision_create_-2,-1: 6.73 ms (max 15.12)
  road_collision_create_-2,-2: 9.17 ms (max 16.47)
  road_collision_create_-2,-3: 4.80 ms (max 10.47)
  road_collision_create_-2,-4: 3.94 ms (max 5.41)
  road_collision_create_-2,0: 10.23 ms (max 17.11)
  road_collision_create_0,-1: 8.72 ms (max 20.84)
  road_collision_create_0,-2: 7.97 ms (max 17.50)
  road_collision_create_0,-3: 3.25 ms (max 4.54)
  road_collision_create_0,-4: 3.06 ms (max 6.25)
  road_collision_create_0,-5: 3.77 ms (max 4.07)
  road_collision_create_0,0: 8.07 ms (max 21.14)
  road_collision_create_0,1: 20.70 ms (max 20.70)
  road_collision_create_1,-1: 4.24 ms (max 9.37)
  road_collision_create_1,-2: 14.62 ms (max 26.58)
  road_collision_create_1,-3: 6.21 ms (max 14.58)
  road_collision_create_1,-4: 2.97 ms (max 3.86)
  road_collision_create_1,0: 12.21 ms (max 12.21)
  road_collision_create_2,-3: 2.88 ms (max 3.83)
===========================

=== PERFORMANCE METRICS ===
FPS: 16 | Frame: 56.5 ms (max 75.4) | Physics: 16.6 ms (max 46.5)
Godot Process: 34.92 ms | Physics: 12.06 ms
Objects: 72022 | Nodes: 30902 | Resources: 539
Draw calls: 4684 | Vertices: 4657094 | VRAM: 801.5 MB
Physics bodies: 474 | Collision pairs: 6619
===========================
⚡ PHYSICS SPIKE #1958: 12.1 ms at 74.2s (Bodies: 474)
⚡ PHYSICS SPIKE #1959: 12.1 ms at 74.2s (Bodies: 474)
⚡ PHYSICS SPIKE #1960: 12.1 ms at 74.2s (Bodies: 474)
⚡ FRAME SPIKE #1713: 61.1 ms at 74.2s (Draw: 4684, Bodies: 474)
⚡ PHYSICS SPIKE #1961: 12.1 ms at 74.3s (Bodies: 474)
⚡ PHYSICS SPIKE #1962: 12.1 ms at 74.3s (Bodies: 474)
⚡ PHYSICS SPIKE #1963: 12.1 ms at 74.3s (Bodies: 474)
⚡ PHYSICS SPIKE #1964: 12.1 ms at 74.3s (Bodies: 474)
⚡ FRAME SPIKE #1714: 61.1 ms at 74.3s (Draw: 4684, Bodies: 474)
⚡ PHYSICS SPIKE #1965: 12.1 ms at 74.4s (Bodies: 474)
⚡ PHYSICS SPIKE #1966: 12.1 ms at 74.4s (Bodies: 474)
⚡ PHYSICS SPIKE #1967: 12.1 ms at 74.4s (Bodies: 474)
⚡ PHYSICS SPIKE #1968: 12.1 ms at 74.4s (Bodies: 474)
⚡ FRAME SPIKE #1715: 61.1 ms at 74.4s (Draw: 4684, Bodies: 474)
⚡ PHYSICS SPIKE #1969: 12.1 ms at 74.4s (Bodies: 474)
⚡ PHYSICS SPIKE #1970: 12.1 ms at 74.4s (Bodies: 474)
⚡ PHYSICS SPIKE #1971: 12.1 ms at 74.4s (Bodies: 474)
⚡ FRAME SPIKE #1716: 61.1 ms at 74.4s (Draw: 4684, Bodies: 474)
⚡ PHYSICS SPIKE #1972: 12.1 ms at 74.5s (Bodies: 474)
⚡ PHYSICS SPIKE #1973: 12.1 ms at 74.5s (Bodies: 474)
⚡ PHYSICS SPIKE #1974: 12.1 ms at 74.5s (Bodies: 474)
⚡ PHYSICS SPIKE #1975: 12.1 ms at 74.5s (Bodies: 474)
⚡ FRAME SPIKE #1717: 60.6 ms at 74.5s (Draw: 4684, Bodies: 474)
⚡ PHYSICS SPIKE #1976: 12.1 ms at 74.5s (Bodies: 474)
⚡ PHYSICS SPIKE #1977: 12.1 ms at 74.5s (Bodies: 474)
⚡ PHYSICS SPIKE #1978: 12.1 ms at 74.5s (Bodies: 474)
⚡ PHYSICS SPIKE #1979: 12.1 ms at 74.5s (Bodies: 474)
⚡ FRAME SPIKE #1718: 61.6 ms at 74.5s (Draw: 4684, Bodies: 474)
⚡ PHYSICS SPIKE #1980: 12.1 ms at 74.6s (Bodies: 474)
⚡ PHYSICS SPIKE #1981: 12.1 ms at 74.6s (Bodies: 474)
⚡ PHYSICS SPIKE #1982: 12.1 ms at 74.6s (Bodies: 474)
⚡ FRAME SPIKE #1719: 60.6 ms at 74.6s (Draw: 4684, Bodies: 474)
⚡ PHYSICS SPIKE #1983: 12.3 ms at 74.7s (Bodies: 474)
⚡ PHYSICS SPIKE #1984: 12.3 ms at 74.7s (Bodies: 474)
⚡ PHYSICS SPIKE #1985: 12.3 ms at 74.7s (Bodies: 474)
⚡ PHYSICS SPIKE #1986: 12.3 ms at 74.7s (Bodies: 474)
⚡ FRAME SPIKE #1720: 60.5 ms at 74.7s (Draw: 4684, Bodies: 474)
🚗 Traffic: 33 active NPCs (Near: 10, Mid: 16, Far: 7), 2 pooled
  → Physics bodies from NPCs: 33 (All: 33×1, было бы 33×5=165)

========== Bottleneck Analysis Report ==========
Time: 85.1s | Frames: 1984

📊 PERFORMANCE OVERVIEW:
  FPS: 17.6 avg | 16.0 min
  Frame Time: 23.31 ms avg | 34.92 ms max
  Physics Time: 12.02 ms avg

🔍 BOTTLENECK IDENTIFICATION:
  🔴 [CRITICAL] Physics Time
      Value: 12.02 ms
      Impact: Physics simulation overhead
      Suggestions:
        • Reduce number of active physics bodies
        • Simplify collision shapes
        • Disable physics for distant objects

  🟠 [HIGH] Frame Time
      Value: 23.31 ms (target: 16.67 ms)
      Impact: Overall performance bottleneck
      Suggestions:
        • Reduce draw calls
        • Optimize scripts in _process()
        • Check for expensive operations per frame

  🟠 [HIGH] Draw Calls
      Value: 4682 calls/frame
      Impact: GPU rendering overhead
      Suggestions:
        • Batch meshes by material
        • Use MultiMeshInstance3D
        • Implement LOD system
        • Enable frustum culling

  🟠 [HIGH] Physics Bodies
      Value: 472 active bodies
      Impact: Physics engine load
      Suggestions:
        • Reduce NPC count
        • Convert distant NPCs to kinematic
        • Disable physics for far objects

  🟡 [MEDIUM] Vertex Count
      Value: 4650820 vertices/frame
      Impact: GPU vertex processing
      Suggestions:
        • Implement LOD for distant objects
        • Simplify building meshes
        • Use lower poly models

  🟡 [MEDIUM] Node Count
      Value: 30902 nodes
      Impact: Scene tree traversal overhead
      Suggestions:
        • Unload distant chunks
        • Pool and reuse nodes
        • Flatten hierarchy where possible

  🟡 [MEDIUM] Post-Processing Effects
      Value: SSAO, Glow/Bloom, Volumetric Fog
      Impact: GPU shader overhead
      Suggestions:
        • Reduce SSR quality
        • Disable SSAO on low-end hardware
        • Use simpler fog

📈 DETAILED STATS:
  Draw Calls: 4682 avg | 4686 max
  Vertices: 4650820 avg | 4657094 max
  Physics Bodies: 472
  Nodes: 30902
  VRAM: 801.5 MB

=================================================

⚡ PHYSICS SPIKE #1987: 12.3 ms at 74.7s (Bodies: 474)
⚡ PHYSICS SPIKE #1988: 12.3 ms at 74.7s (Bodies: 474)
⚡ PHYSICS SPIKE #1989: 12.3 ms at 74.7s (Bodies: 474)
⚡ FRAME SPIKE #1721: 60.6 ms at 74.7s (Draw: 4684, Bodies: 474)
⚡ PHYSICS SPIKE #1990: 12.3 ms at 74.8s (Bodies: 474)
⚡ PHYSICS SPIKE #1991: 12.3 ms at 74.8s (Bodies: 474)
⚡ PHYSICS SPIKE #1992: 12.3 ms at 74.8s (Bodies: 474)
⚡ PHYSICS SPIKE #1993: 12.3 ms at 74.8s (Bodies: 474)
⚡ FRAME SPIKE #1722: 60.6 ms at 74.8s (Draw: 4684, Bodies: 474)
⚡ PHYSICS SPIKE #1994: 12.3 ms at 74.8s (Bodies: 474)
⚡ PHYSICS SPIKE #1995: 12.3 ms at 74.8s (Bodies: 474)
⚡ PHYSICS SPIKE #1996: 12.3 ms at 74.8s (Bodies: 474)
⚡ PHYSICS SPIKE #1997: 12.3 ms at 74.8s (Bodies: 474)
⚡ FRAME SPIKE #1723: 60.6 ms at 74.8s (Draw: 4684, Bodies: 474)
⚡ PHYSICS SPIKE #1998: 12.3 ms at 74.9s (Bodies: 474)
⚡ PHYSICS SPIKE #1999: 12.3 ms at 74.9s (Bodies: 474)
⚡ PHYSICS SPIKE #2000: 12.3 ms at 74.9s (Bodies: 474)
⚡ FRAME SPIKE #1724: 60.6 ms at 74.9s (Draw: 4684, Bodies: 474)
⚡ PHYSICS SPIKE #2001: 12.3 ms at 75.0s (Bodies: 474)
⚡ PHYSICS SPIKE #2002: 12.3 ms at 75.0s (Bodies: 474)
⚡ PHYSICS SPIKE #2003: 12.3 ms at 75.0s (Bodies: 474)
⚡ PHYSICS SPIKE #2004: 12.3 ms at 75.0s (Bodies: 474)
⚡ FRAME SPIKE #1725: 60.0 ms at 75.0s (Draw: 4684, Bodies: 474)
⚡ PHYSICS SPIKE #2005: 12.3 ms at 75.0s (Bodies: 474)
⚡ PHYSICS SPIKE #2006: 12.3 ms at 75.0s (Bodies: 474)
⚡ PHYSICS SPIKE #2007: 12.3 ms at 75.0s (Bodies: 474)
⚡ PHYSICS SPIKE #2008: 12.3 ms at 75.0s (Bodies: 474)
⚡ FRAME SPIKE #1726: 60.6 ms at 75.0s (Draw: 4684, Bodies: 474)
⚡ PHYSICS SPIKE #2009: 12.3 ms at 75.1s (Bodies: 474)
⚡ PHYSICS SPIKE #2010: 12.3 ms at 75.1s (Bodies: 474)
⚡ PHYSICS SPIKE #2011: 12.3 ms at 75.1s (Bodies: 474)
⚡ FRAME SPIKE #1727: 60.6 ms at 75.1s (Draw: 4684, Bodies: 474)
⚡ PHYSICS SPIKE #2012: 12.3 ms at 75.1s (Bodies: 474)
⚡ PHYSICS SPIKE #2013: 12.3 ms at 75.1s (Bodies: 474)
⚡ PHYSICS SPIKE #2014: 12.3 ms at 75.1s (Bodies: 474)
⚡ PHYSICS SPIKE #2015: 12.3 ms at 75.1s (Bodies: 474)
⚡ FRAME SPIKE #1728: 57.3 ms at 75.1s (Draw: 4684, Bodies: 474)
⚡ PHYSICS SPIKE #2016: 12.3 ms at 75.2s (Bodies: 474)
⚡ PHYSICS SPIKE #2017: 12.3 ms at 75.2s (Bodies: 474)
⚡ PHYSICS SPIKE #2018: 12.3 ms at 75.2s (Bodies: 474)
⚡ FRAME SPIKE #1729: 60.4 ms at 75.2s (Draw: 4684, Bodies: 474)
⚡ PHYSICS SPIKE #2019: 12.3 ms at 75.3s (Bodies: 474)
⚡ PHYSICS SPIKE #2020: 12.3 ms at 75.3s (Bodies: 474)
⚡ PHYSICS SPIKE #2021: 12.3 ms at 75.3s (Bodies: 474)
⚡ PHYSICS SPIKE #2022: 12.3 ms at 75.3s (Bodies: 474)
⚡ FRAME SPIKE #1730: 56.5 ms at 75.3s (Draw: 4684, Bodies: 474)
⚡ PHYSICS SPIKE #2023: 12.3 ms at 75.3s (Bodies: 474)
⚡ PHYSICS SPIKE #2024: 12.3 ms at 75.3s (Bodies: 474)
⚡ PHYSICS SPIKE #2025: 12.3 ms at 75.3s (Bodies: 474)
⚡ FRAME SPIKE #1731: 60.0 ms at 75.3s (Draw: 4684, Bodies: 474)
⚡ PHYSICS SPIKE #2026: 12.3 ms at 75.4s (Bodies: 474)
⚡ PHYSICS SPIKE #2027: 12.3 ms at 75.4s (Bodies: 474)
⚡ PHYSICS SPIKE #2028: 12.3 ms at 75.4s (Bodies: 474)
⚡ PHYSICS SPIKE #2029: 12.3 ms at 75.4s (Bodies: 474)
⚡ FRAME SPIKE #1732: 57.2 ms at 75.4s (Draw: 4684, Bodies: 474)
⚡ PHYSICS SPIKE #2030: 12.3 ms at 75.4s (Bodies: 474)
⚡ PHYSICS SPIKE #2031: 12.3 ms at 75.4s (Bodies: 474)
⚡ PHYSICS SPIKE #2032: 12.3 ms at 75.4s (Bodies: 474)
⚡ PHYSICS SPIKE #2033: 12.3 ms at 75.4s (Bodies: 474)
⚡ FRAME SPIKE #1733: 63.7 ms at 75.4s (Draw: 4684, Bodies: 474)
⚡ PHYSICS SPIKE #2034: 12.3 ms at 75.5s (Bodies: 474)
⚡ PHYSICS SPIKE #2035: 12.3 ms at 75.5s (Bodies: 474)
⚡ PHYSICS SPIKE #2036: 12.3 ms at 75.5s (Bodies: 474)
⚡ FRAME SPIKE #1734: 60.0 ms at 75.5s (Draw: 4684, Bodies: 474)
⚡ PHYSICS SPIKE #2037: 12.3 ms at 75.6s (Bodies: 474)
⚡ PHYSICS SPIKE #2038: 12.3 ms at 75.6s (Bodies: 474)
⚡ PHYSICS SPIKE #2039: 12.3 ms at 75.6s (Bodies: 474)
⚡ PHYSICS SPIKE #2040: 12.3 ms at 75.6s (Bodies: 474)
⚡ FRAME SPIKE #1735: 57.2 ms at 75.6s (Draw: 4684, Bodies: 474)
⚡ PHYSICS SPIKE #2041: 12.3 ms at 75.6s (Bodies: 474)
⚡ PHYSICS SPIKE #2042: 12.3 ms at 75.6s (Bodies: 474)
⚡ PHYSICS SPIKE #2043: 12.3 ms at 75.6s (Bodies: 474)
⚡ FRAME SPIKE #1736: 59.7 ms at 75.6s (Draw: 4684, Bodies: 474)
⚡ PHYSICS SPIKE #2044: 12.1 ms at 75.7s (Bodies: 474)
⚡ PHYSICS SPIKE #2045: 12.1 ms at 75.7s (Bodies: 474)
⚡ PHYSICS SPIKE #2046: 12.1 ms at 75.7s (Bodies: 474)
⚡ FRAME SPIKE #1737: 56.1 ms at 75.7s (Draw: 4684, Bodies: 474)
⚡ PHYSICS SPIKE #2047: 12.1 ms at 75.7s (Bodies: 474)
⚡ PHYSICS SPIKE #2048: 12.1 ms at 75.7s (Bodies: 474)
⚡ PHYSICS SPIKE #2049: 12.1 ms at 75.7s (Bodies: 474)
⚡ PHYSICS SPIKE #2050: 12.1 ms at 75.7s (Bodies: 474)
⚡ FRAME SPIKE #1738: 53.2 ms at 75.7s (Draw: 4684, Bodies: 474)
⚡ PHYSICS SPIKE #2051: 12.1 ms at 75.8s (Bodies: 474)
⚡ PHYSICS SPIKE #2052: 12.1 ms at 75.8s (Bodies: 475)
⚡ PHYSICS SPIKE #2053: 12.1 ms at 75.8s (Bodies: 475)
⚡ FRAME SPIKE #1739: 58.3 ms at 75.8s (Draw: 4686, Bodies: 475)
⚡ PHYSICS SPIKE #2054: 12.1 ms at 75.8s (Bodies: 475)
⚡ PHYSICS SPIKE #2055: 12.1 ms at 75.8s (Bodies: 475)
⚡ PHYSICS SPIKE #2056: 12.1 ms at 75.8s (Bodies: 475)
⚡ PHYSICS SPIKE #2057: 12.1 ms at 75.8s (Bodies: 475)
⚡ FRAME SPIKE #1740: 58.3 ms at 75.8s (Draw: 4686, Bodies: 475)
⚡ PHYSICS SPIKE #2058: 12.1 ms at 75.9s (Bodies: 475)
⚡ PHYSICS SPIKE #2059: 12.1 ms at 75.9s (Bodies: 475)
⚡ PHYSICS SPIKE #2060: 12.1 ms at 75.9s (Bodies: 475)
⚡ FRAME SPIKE #1741: 58.3 ms at 75.9s (Draw: 4686, Bodies: 475)
⚡ PHYSICS SPIKE #2061: 12.1 ms at 76.0s (Bodies: 475)
⚡ PHYSICS SPIKE #2062: 12.1 ms at 76.0s (Bodies: 475)
⚡ PHYSICS SPIKE #2063: 12.1 ms at 76.0s (Bodies: 475)
⚡ PHYSICS SPIKE #2064: 12.1 ms at 76.0s (Bodies: 475)
⚡ FRAME SPIKE #1742: 58.3 ms at 76.0s (Draw: 4686, Bodies: 475)
⚡ PHYSICS SPIKE #2065: 12.1 ms at 76.0s (Bodies: 475)
⚡ PHYSICS SPIKE #2066: 12.1 ms at 76.0s (Bodies: 475)
⚡ PHYSICS SPIKE #2067: 12.1 ms at 76.0s (Bodies: 475)
⚡ FRAME SPIKE #1743: 58.3 ms at 76.0s (Draw: 4686, Bodies: 475)
⚡ PHYSICS SPIKE #2068: 12.1 ms at 76.1s (Bodies: 475)
⚡ PHYSICS SPIKE #2069: 12.1 ms at 76.1s (Bodies: 475)
⚡ PHYSICS SPIKE #2070: 12.1 ms at 76.1s (Bodies: 475)
⚡ PHYSICS SPIKE #2071: 12.1 ms at 76.1s (Bodies: 475)
⚡ FRAME SPIKE #1744: 58.3 ms at 76.1s (Draw: 4686, Bodies: 475)
⚡ PHYSICS SPIKE #2072: 12.1 ms at 76.1s (Bodies: 475)
⚡ PHYSICS SPIKE #2073: 12.1 ms at 76.1s (Bodies: 475)
⚡ PHYSICS SPIKE #2074: 12.1 ms at 76.1s (Bodies: 475)
⚡ FRAME SPIKE #1745: 58.3 ms at 76.1s (Draw: 4686, Bodies: 475)
⚡ PHYSICS SPIKE #2075: 12.1 ms at 76.2s (Bodies: 475)
⚡ PHYSICS SPIKE #2076: 12.1 ms at 76.2s (Bodies: 475)
⚡ PHYSICS SPIKE #2077: 12.1 ms at 76.2s (Bodies: 475)
⚡ PHYSICS SPIKE #2078: 12.1 ms at 76.2s (Bodies: 475)
⚡ FRAME SPIKE #1746: 58.3 ms at 76.2s (Draw: 4686, Bodies: 475)
⚡ PHYSICS SPIKE #2079: 12.1 ms at 76.3s (Bodies: 475)
⚡ PHYSICS SPIKE #2080: 12.1 ms at 76.3s (Bodies: 475)
⚡ PHYSICS SPIKE #2081: 12.1 ms at 76.3s (Bodies: 475)
⚡ FRAME SPIKE #1747: 58.3 ms at 76.3s (Draw: 4686, Bodies: 475)
⚡ PHYSICS SPIKE #2082: 12.1 ms at 76.3s (Bodies: 475)
⚡ PHYSICS SPIKE #2083: 12.1 ms at 76.3s (Bodies: 475)
⚡ PHYSICS SPIKE #2084: 12.1 ms at 76.3s (Bodies: 475)
⚡ PHYSICS SPIKE #2085: 12.1 ms at 76.3s (Bodies: 475)
⚡ FRAME SPIKE #1748: 58.3 ms at 76.3s (Draw: 4686, Bodies: 475)
⚡ PHYSICS SPIKE #2086: 12.1 ms at 76.4s (Bodies: 475)
⚡ PHYSICS SPIKE #2087: 12.1 ms at 76.4s (Bodies: 475)
⚡ PHYSICS SPIKE #2088: 12.1 ms at 76.4s (Bodies: 475)
⚡ FRAME SPIKE #1749: 58.5 ms at 76.4s (Draw: 4686, Bodies: 475)
⚡ PHYSICS SPIKE #2089: 12.1 ms at 76.4s (Bodies: 475)
⚡ PHYSICS SPIKE #2090: 12.1 ms at 76.4s (Bodies: 475)
⚡ PHYSICS SPIKE #2091: 12.1 ms at 76.4s (Bodies: 475)
⚡ PHYSICS SPIKE #2092: 12.1 ms at 76.4s (Bodies: 475)
⚡ FRAME SPIKE #1750: 58.3 ms at 76.4s (Draw: 4686, Bodies: 475)
⚡ PHYSICS SPIKE #2093: 12.1 ms at 76.5s (Bodies: 475)
⚡ PHYSICS SPIKE #2094: 12.1 ms at 76.5s (Bodies: 475)
⚡ PHYSICS SPIKE #2095: 12.1 ms at 76.5s (Bodies: 475)
⚡ FRAME SPIKE #1751: 58.7 ms at 76.5s (Draw: 4686, Bodies: 475)
⚡ PHYSICS SPIKE #2096: 12.1 ms at 76.5s (Bodies: 475)
⚡ PHYSICS SPIKE #2097: 12.1 ms at 76.5s (Bodies: 475)
⚡ PHYSICS SPIKE #2098: 12.1 ms at 76.5s (Bodies: 475)
⚡ PHYSICS SPIKE #2099: 12.1 ms at 76.5s (Bodies: 475)
⚡ FRAME SPIKE #1752: 58.3 ms at 76.5s (Draw: 4686, Bodies: 475)
⚡ PHYSICS SPIKE #2100: 12.1 ms at 76.6s (Bodies: 475)
⚡ PHYSICS SPIKE #2101: 12.1 ms at 76.6s (Bodies: 475)
⚡ PHYSICS SPIKE #2102: 12.1 ms at 76.6s (Bodies: 475)
⚡ FRAME SPIKE #1753: 58.3 ms at 76.6s (Draw: 4686, Bodies: 475)
⚡ PHYSICS SPIKE #2103: 12.2 ms at 76.7s (Bodies: 475)
⚡ PHYSICS SPIKE #2104: 12.2 ms at 76.7s (Bodies: 475)
⚡ PHYSICS SPIKE #2105: 12.2 ms at 76.7s (Bodies: 475)
⚡ PHYSICS SPIKE #2106: 12.2 ms at 76.7s (Bodies: 475)
⚡ FRAME SPIKE #1754: 58.3 ms at 76.7s (Draw: 4686, Bodies: 475)
⚡ PHYSICS SPIKE #2107: 12.2 ms at 76.7s (Bodies: 475)
⚡ PHYSICS SPIKE #2108: 12.2 ms at 76.7s (Bodies: 475)
⚡ PHYSICS SPIKE #2109: 12.2 ms at 76.7s (Bodies: 475)
⚡ FRAME SPIKE #1755: 58.7 ms at 76.7s (Draw: 4686, Bodies: 475)
🚗 Traffic: 34 active NPCs (Near: 10, Mid: 17, Far: 7), 1 pooled
  → Physics bodies from NPCs: 34 (All: 34×1, было бы 34×5=170)

========== Bottleneck Analysis Report ==========
Time: 87.2s | Frames: 2019

📊 PERFORMANCE OVERVIEW:
  FPS: 17.0 avg | 16.0 min
  Frame Time: 23.60 ms avg | 34.92 ms max
  Physics Time: 12.07 ms avg

🔍 BOTTLENECK IDENTIFICATION:
  🔴 [CRITICAL] Physics Time
      Value: 12.07 ms
      Impact: Physics simulation overhead
      Suggestions:
        • Reduce number of active physics bodies
        • Simplify collision shapes
        • Disable physics for distant objects

  🟠 [HIGH] Frame Time
      Value: 23.60 ms (target: 16.67 ms)
      Impact: Overall performance bottleneck
      Suggestions:
        • Reduce draw calls
        • Optimize scripts in _process()
        • Check for expensive operations per frame

  🟠 [HIGH] Draw Calls
      Value: 4683 calls/frame
      Impact: GPU rendering overhead
      Suggestions:
        • Batch meshes by material
        • Use MultiMeshInstance3D
        • Implement LOD system
        • Enable frustum culling

  🟠 [HIGH] Physics Bodies
      Value: 473 active bodies
      Impact: Physics engine load
      Suggestions:
        • Reduce NPC count
        • Convert distant NPCs to kinematic
        • Disable physics for far objects

  🟡 [MEDIUM] Vertex Count
      Value: 4653957 vertices/frame
      Impact: GPU vertex processing
      Suggestions:
        • Implement LOD for distant objects
        • Simplify building meshes
        • Use lower poly models

  🟡 [MEDIUM] Node Count
      Value: 30902 nodes
      Impact: Scene tree traversal overhead
      Suggestions:
        • Unload distant chunks
        • Pool and reuse nodes
        • Flatten hierarchy where possible

  🟡 [MEDIUM] Post-Processing Effects
      Value: SSAO, Glow/Bloom, Volumetric Fog
      Impact: GPU shader overhead
      Suggestions:
        • Reduce SSR quality
        • Disable SSAO on low-end hardware
        • Use simpler fog

📈 DETAILED STATS:
  Draw Calls: 4683 avg | 4686 max
  Vertices: 4653957 avg | 4657094 max
  Physics Bodies: 473
  Nodes: 30902
  VRAM: 801.5 MB

=================================================

⚡ PHYSICS SPIKE #2110: 12.2 ms at 76.8s (Bodies: 475)
⚡ PHYSICS SPIKE #2111: 12.2 ms at 76.8s (Bodies: 475)
⚡ PHYSICS SPIKE #2112: 12.2 ms at 76.8s (Bodies: 475)
⚡ PHYSICS SPIKE #2113: 12.2 ms at 76.8s (Bodies: 475)
⚡ FRAME SPIKE #1756: 58.3 ms at 76.8s (Draw: 4686, Bodies: 475)
⚡ PHYSICS SPIKE #2114: 12.2 ms at 76.8s (Bodies: 475)
⚡ PHYSICS SPIKE #2115: 12.2 ms at 76.8s (Bodies: 475)
⚡ PHYSICS SPIKE #2116: 12.2 ms at 76.8s (Bodies: 475)
⚡ PHYSICS SPIKE #2117: 12.2 ms at 76.8s (Bodies: 475)
⚡ FRAME SPIKE #1757: 63.2 ms at 76.8s (Draw: 4686, Bodies: 475)
⚡ PHYSICS SPIKE #2118: 12.2 ms at 76.9s (Bodies: 475)
⚡ PHYSICS SPIKE #2119: 12.2 ms at 76.9s (Bodies: 475)
⚡ PHYSICS SPIKE #2120: 12.2 ms at 76.9s (Bodies: 475)
⚡ FRAME SPIKE #1758: 63.5 ms at 76.9s (Draw: 4686, Bodies: 475)
⚡ PHYSICS SPIKE #2121: 12.2 ms at 77.0s (Bodies: 475)
⚡ PHYSICS SPIKE #2122: 12.2 ms at 77.0s (Bodies: 474)
⚡ PHYSICS SPIKE #2123: 12.2 ms at 77.0s (Bodies: 474)
⚡ PHYSICS SPIKE #2124: 12.2 ms at 77.0s (Bodies: 474)
⚡ FRAME SPIKE #1759: 59.1 ms at 77.0s (Draw: 4686, Bodies: 474)
⚡ PHYSICS SPIKE #2125: 12.2 ms at 77.0s (Bodies: 474)
⚡ PHYSICS SPIKE #2126: 12.2 ms at 77.0s (Bodies: 474)
⚡ PHYSICS SPIKE #2127: 12.2 ms at 77.0s (Bodies: 474)
⚡ FRAME SPIKE #1760: 59.1 ms at 77.0s (Draw: 4684, Bodies: 474)
⚡ PHYSICS SPIKE #2128: 12.2 ms at 77.1s (Bodies: 474)
⚡ PHYSICS SPIKE #2129: 12.2 ms at 77.1s (Bodies: 474)
⚡ PHYSICS SPIKE #2130: 12.2 ms at 77.1s (Bodies: 474)
⚡ PHYSICS SPIKE #2131: 12.2 ms at 77.1s (Bodies: 474)
⚡ FRAME SPIKE #1761: 58.8 ms at 77.1s (Draw: 4684, Bodies: 474)
⚡ PHYSICS SPIKE #2132: 12.2 ms at 77.1s (Bodies: 474)
⚡ PHYSICS SPIKE #2133: 12.2 ms at 77.1s (Bodies: 474)
⚡ PHYSICS SPIKE #2134: 12.2 ms at 77.1s (Bodies: 474)
⚡ FRAME SPIKE #1762: 59.1 ms at 77.1s (Draw: 4684, Bodies: 474)
⚡ PHYSICS SPIKE #2135: 12.2 ms at 77.2s (Bodies: 474)
⚡ PHYSICS SPIKE #2136: 12.2 ms at 77.2s (Bodies: 474)
⚡ PHYSICS SPIKE #2137: 12.2 ms at 77.2s (Bodies: 474)
⚡ PHYSICS SPIKE #2138: 12.2 ms at 77.2s (Bodies: 474)
⚡ FRAME SPIKE #1763: 58.3 ms at 77.2s (Draw: 4684, Bodies: 474)
⚡ PHYSICS SPIKE #2139: 12.2 ms at 77.3s (Bodies: 474)
⚡ PHYSICS SPIKE #2140: 12.2 ms at 77.3s (Bodies: 474)
⚡ PHYSICS SPIKE #2141: 12.2 ms at 77.3s (Bodies: 474)
⚡ FRAME SPIKE #1764: 58.4 ms at 77.3s (Draw: 4684, Bodies: 474)
⚡ PHYSICS SPIKE #2142: 12.2 ms at 77.3s (Bodies: 474)
⚡ PHYSICS SPIKE #2143: 12.2 ms at 77.3s (Bodies: 474)
⚡ PHYSICS SPIKE #2144: 12.2 ms at 77.3s (Bodies: 474)
⚡ PHYSICS SPIKE #2145: 12.2 ms at 77.3s (Bodies: 474)
⚡ FRAME SPIKE #1765: 58.3 ms at 77.3s (Draw: 4684, Bodies: 474)
⚡ PHYSICS SPIKE #2146: 12.2 ms at 77.4s (Bodies: 474)
⚡ PHYSICS SPIKE #2147: 12.2 ms at 77.4s (Bodies: 474)
⚡ PHYSICS SPIKE #2148: 12.2 ms at 77.4s (Bodies: 474)
⚡ PHYSICS SPIKE #2149: 12.2 ms at 77.4s (Bodies: 474)
⚡ FRAME SPIKE #1766: 58.3 ms at 77.4s (Draw: 4684, Bodies: 474)
⚡ PHYSICS SPIKE #2150: 12.2 ms at 77.4s (Bodies: 474)
⚡ PHYSICS SPIKE #2151: 12.2 ms at 77.4s (Bodies: 474)
⚡ PHYSICS SPIKE #2152: 12.2 ms at 77.4s (Bodies: 474)
⚡ PHYSICS SPIKE #2153: 12.2 ms at 77.4s (Bodies: 474)
⚡ FRAME SPIKE #1767: 66.7 ms at 77.4s (Draw: 4684, Bodies: 474)
⚡ PHYSICS SPIKE #2154: 12.2 ms at 77.5s (Bodies: 474)
⚡ PHYSICS SPIKE #2155: 12.2 ms at 77.5s (Bodies: 474)
⚡ PHYSICS SPIKE #2156: 12.2 ms at 77.5s (Bodies: 474)
⚡ FRAME SPIKE #1768: 59.1 ms at 77.5s (Draw: 4684, Bodies: 474)
⚡ PHYSICS SPIKE #2157: 12.2 ms at 77.6s (Bodies: 474)
⚡ PHYSICS SPIKE #2158: 12.2 ms at 77.6s (Bodies: 474)
⚡ PHYSICS SPIKE #2159: 12.2 ms at 77.6s (Bodies: 474)
⚡ PHYSICS SPIKE #2160: 12.2 ms at 77.6s (Bodies: 474)
⚡ FRAME SPIKE #1769: 59.1 ms at 77.6s (Draw: 4684, Bodies: 474)
⚡ PHYSICS SPIKE #2161: 12.2 ms at 77.6s (Bodies: 474)
⚡ PHYSICS SPIKE #2162: 12.2 ms at 77.6s (Bodies: 474)
⚡ PHYSICS SPIKE #2163: 12.2 ms at 77.6s (Bodies: 474)
⚡ FRAME SPIKE #1770: 59.1 ms at 77.6s (Draw: 4684, Bodies: 474)
⚡ PHYSICS SPIKE #2164: 12.2 ms at 77.7s (Bodies: 474)
⚡ PHYSICS SPIKE #2165: 12.2 ms at 77.7s (Bodies: 474)
⚡ PHYSICS SPIKE #2166: 12.2 ms at 77.7s (Bodies: 474)
⚡ PHYSICS SPIKE #2167: 12.2 ms at 77.7s (Bodies: 474)
⚡ FRAME SPIKE #1771: 58.3 ms at 77.7s (Draw: 4684, Bodies: 474)
⚡ PHYSICS SPIKE #2168: 12.2 ms at 77.7s (Bodies: 474)
⚡ PHYSICS SPIKE #2169: 12.2 ms at 77.7s (Bodies: 474)
⚡ PHYSICS SPIKE #2170: 12.2 ms at 77.7s (Bodies: 474)
⚡ FRAME SPIKE #1772: 59.1 ms at 77.7s (Draw: 4684, Bodies: 474)
⚡ PHYSICS SPIKE #2171: 12.2 ms at 77.8s (Bodies: 474)
⚡ PHYSICS SPIKE #2172: 12.2 ms at 77.8s (Bodies: 474)
⚡ PHYSICS SPIKE #2173: 12.2 ms at 77.8s (Bodies: 474)
⚡ PHYSICS SPIKE #2174: 12.2 ms at 77.8s (Bodies: 474)
⚡ FRAME SPIKE #1773: 58.3 ms at 77.8s (Draw: 4684, Bodies: 474)
⚡ PHYSICS SPIKE #2175: 12.2 ms at 77.9s (Bodies: 474)
⚡ PHYSICS SPIKE #2176: 12.2 ms at 77.9s (Bodies: 474)
⚡ PHYSICS SPIKE #2177: 12.2 ms at 77.9s (Bodies: 474)
⚡ PHYSICS SPIKE #2178: 12.2 ms at 77.9s (Bodies: 474)
⚡ FRAME SPIKE #1774: 63.6 ms at 77.9s (Draw: 4684, Bodies: 474)
⚡ PHYSICS SPIKE #2179: 12.2 ms at 77.9s (Bodies: 474)
⚡ PHYSICS SPIKE #2180: 12.2 ms at 77.9s (Bodies: 474)
⚡ PHYSICS SPIKE #2181: 12.2 ms at 77.9s (Bodies: 473)
⚡ FRAME SPIKE #1775: 59.1 ms at 77.9s (Draw: 4684, Bodies: 473)
⚡ PHYSICS SPIKE #2182: 12.2 ms at 78.0s (Bodies: 473)
⚡ PHYSICS SPIKE #2183: 12.2 ms at 78.0s (Bodies: 473)
⚡ PHYSICS SPIKE #2184: 12.2 ms at 78.0s (Bodies: 473)
⚡ PHYSICS SPIKE #2185: 12.2 ms at 78.0s (Bodies: 473)
⚡ FRAME SPIKE #1776: 58.3 ms at 78.0s (Draw: 4685, Bodies: 473)
⚡ PHYSICS SPIKE #2186: 12.2 ms at 78.0s (Bodies: 473)
⚡ PHYSICS SPIKE #2187: 12.2 ms at 78.0s (Bodies: 473)
⚡ PHYSICS SPIKE #2188: 12.2 ms at 78.0s (Bodies: 473)
⚡ FRAME SPIKE #1777: 59.1 ms at 78.0s (Draw: 4685, Bodies: 473)
⚡ PHYSICS SPIKE #2189: 12.2 ms at 78.1s (Bodies: 473)
⚡ PHYSICS SPIKE #2190: 12.2 ms at 78.1s (Bodies: 473)
⚡ PHYSICS SPIKE #2191: 12.2 ms at 78.1s (Bodies: 473)
⚡ PHYSICS SPIKE #2192: 12.2 ms at 78.1s (Bodies: 473)
⚡ FRAME SPIKE #1778: 58.3 ms at 78.1s (Draw: 4685, Bodies: 473)
⚡ PHYSICS SPIKE #2193: 12.2 ms at 78.2s (Bodies: 473)
⚡ PHYSICS SPIKE #2194: 12.2 ms at 78.2s (Bodies: 473)
⚡ PHYSICS SPIKE #2195: 12.2 ms at 78.2s (Bodies: 473)
⚡ FRAME SPIKE #1779: 59.1 ms at 78.2s (Draw: 4685, Bodies: 473)
⚡ PHYSICS SPIKE #2196: 12.2 ms at 78.2s (Bodies: 473)
⚡ PHYSICS SPIKE #2197: 12.2 ms at 78.2s (Bodies: 473)
⚡ PHYSICS SPIKE #2198: 12.2 ms at 78.2s (Bodies: 473)
⚡ PHYSICS SPIKE #2199: 12.2 ms at 78.2s (Bodies: 473)
⚡ FRAME SPIKE #1780: 58.3 ms at 78.2s (Draw: 4685, Bodies: 473)
⚡ PHYSICS SPIKE #2200: 12.2 ms at 78.3s (Bodies: 473)
⚡ PHYSICS SPIKE #2201: 12.2 ms at 78.3s (Bodies: 473)
⚡ PHYSICS SPIKE #2202: 12.2 ms at 78.3s (Bodies: 473)
⚡ FRAME SPIKE #1781: 58.3 ms at 78.3s (Draw: 4685, Bodies: 473)
⚡ PHYSICS SPIKE #2203: 12.2 ms at 78.3s (Bodies: 473)
⚡ PHYSICS SPIKE #2204: 12.2 ms at 78.3s (Bodies: 473)
⚡ PHYSICS SPIKE #2205: 12.2 ms at 78.3s (Bodies: 473)
⚡ PHYSICS SPIKE #2206: 12.2 ms at 78.3s (Bodies: 473)
⚡ FRAME SPIKE #1782: 58.3 ms at 78.3s (Draw: 4685, Bodies: 473)
⚡ PHYSICS SPIKE #2207: 12.2 ms at 78.4s (Bodies: 473)
⚡ PHYSICS SPIKE #2208: 12.2 ms at 78.4s (Bodies: 473)
⚡ PHYSICS SPIKE #2209: 12.2 ms at 78.4s (Bodies: 473)
⚡ FRAME SPIKE #1783: 58.3 ms at 78.4s (Draw: 4685, Bodies: 473)
⚡ PHYSICS SPIKE #2210: 12.2 ms at 78.4s (Bodies: 473)
⚡ PHYSICS SPIKE #2211: 12.2 ms at 78.4s (Bodies: 473)
⚡ PHYSICS SPIKE #2212: 12.2 ms at 78.4s (Bodies: 473)
⚡ PHYSICS SPIKE #2213: 12.2 ms at 78.4s (Bodies: 473)
⚡ FRAME SPIKE #1784: 58.3 ms at 78.4s (Draw: 4685, Bodies: 473)
⚡ PHYSICS SPIKE #2214: 12.2 ms at 78.5s (Bodies: 473)
⚡ PHYSICS SPIKE #2215: 12.2 ms at 78.5s (Bodies: 473)
⚡ PHYSICS SPIKE #2216: 12.2 ms at 78.5s (Bodies: 473)
⚡ FRAME SPIKE #1785: 58.3 ms at 78.5s (Draw: 4685, Bodies: 473)
⚡ PHYSICS SPIKE #2217: 12.2 ms at 78.6s (Bodies: 473)
⚡ PHYSICS SPIKE #2218: 12.2 ms at 78.6s (Bodies: 473)
⚡ PHYSICS SPIKE #2219: 12.2 ms at 78.6s (Bodies: 473)
⚡ PHYSICS SPIKE #2220: 12.2 ms at 78.6s (Bodies: 473)
⚡ FRAME SPIKE #1786: 58.3 ms at 78.6s (Draw: 4685, Bodies: 473)
⚡ PHYSICS SPIKE #2221: 12.2 ms at 78.6s (Bodies: 473)
⚡ PHYSICS SPIKE #2222: 12.2 ms at 78.6s (Bodies: 473)
⚡ PHYSICS SPIKE #2223: 12.2 ms at 78.6s (Bodies: 473)
⚡ FRAME SPIKE #1787: 58.3 ms at 78.6s (Draw: 4685, Bodies: 473)
⚡ PHYSICS SPIKE #2224: 11.7 ms at 78.7s (Bodies: 473)
⚡ PHYSICS SPIKE #2225: 11.7 ms at 78.7s (Bodies: 473)
⚡ PHYSICS SPIKE #2226: 11.7 ms at 78.7s (Bodies: 473)
⚡ PHYSICS SPIKE #2227: 11.7 ms at 78.7s (Bodies: 473)
⚡ FRAME SPIKE #1788: 56.2 ms at 78.7s (Draw: 4685, Bodies: 473)
⚡ PHYSICS SPIKE #2228: 11.7 ms at 78.7s (Bodies: 473)
⚡ PHYSICS SPIKE #2229: 11.7 ms at 78.7s (Bodies: 473)
⚡ PHYSICS SPIKE #2230: 11.7 ms at 78.7s (Bodies: 473)
⚡ FRAME SPIKE #1789: 58.3 ms at 78.7s (Draw: 4685, Bodies: 473)
🚗 Traffic: 32 active NPCs (Near: 9, Mid: 16, Far: 7), 3 pooled
  → Physics bodies from NPCs: 32 (All: 32×1, было бы 32×5=160)

========== Bottleneck Analysis Report ==========
Time: 89.2s | Frames: 2053

📊 PERFORMANCE OVERVIEW:
  FPS: 16.7 avg | 16.0 min
  Frame Time: 23.83 ms avg | 34.92 ms max
  Physics Time: 12.11 ms avg

🔍 BOTTLENECK IDENTIFICATION:
  🔴 [CRITICAL] Physics Time
      Value: 12.11 ms
      Impact: Physics simulation overhead
      Suggestions:
        • Reduce number of active physics bodies
        • Simplify collision shapes
        • Disable physics for distant objects

  🟠 [HIGH] Frame Time
      Value: 23.83 ms (target: 16.67 ms)
      Impact: Overall performance bottleneck
      Suggestions:
        • Reduce draw calls
        • Optimize scripts in _process()
        • Check for expensive operations per frame

  🟠 [HIGH] Draw Calls
      Value: 4684 calls/frame
      Impact: GPU rendering overhead
      Suggestions:
        • Batch meshes by material
        • Use MultiMeshInstance3D
        • Implement LOD system
        • Enable frustum culling

  🟠 [HIGH] Physics Bodies
      Value: 474 active bodies
      Impact: Physics engine load
      Suggestions:
        • Reduce NPC count
        • Convert distant NPCs to kinematic
        • Disable physics for far objects

  🟡 [MEDIUM] Vertex Count
      Value: 4657004 vertices/frame
      Impact: GPU vertex processing
      Suggestions:
        • Implement LOD for distant objects
        • Simplify building meshes
        • Use lower poly models

  🟡 [MEDIUM] Node Count
      Value: 30902 nodes
      Impact: Scene tree traversal overhead
      Suggestions:
        • Unload distant chunks
        • Pool and reuse nodes
        • Flatten hierarchy where possible

  🟡 [MEDIUM] Post-Processing Effects
      Value: SSAO, Glow/Bloom, Volumetric Fog
      Impact: GPU shader overhead
      Suggestions:
        • Reduce SSR quality
        • Disable SSAO on low-end hardware
        • Use simpler fog

📈 DETAILED STATS:
  Draw Calls: 4684 avg | 4686 max
  Vertices: 4657004 avg | 4657094 max
  Physics Bodies: 474
  Nodes: 30902
  VRAM: 801.5 MB

=================================================

⚡ PHYSICS SPIKE #2231: 11.7 ms at 78.8s (Bodies: 473)
⚡ PHYSICS SPIKE #2232: 11.7 ms at 78.8s (Bodies: 473)
⚡ PHYSICS SPIKE #2233: 11.7 ms at 78.8s (Bodies: 473)
⚡ FRAME SPIKE #1790: 57.6 ms at 78.8s (Draw: 4685, Bodies: 473)
⚡ PHYSICS SPIKE #2234: 11.7 ms at 78.9s (Bodies: 473)
⚡ PHYSICS SPIKE #2235: 11.7 ms at 78.9s (Bodies: 473)
⚡ PHYSICS SPIKE #2236: 11.7 ms at 78.9s (Bodies: 473)
⚡ PHYSICS SPIKE #2237: 11.7 ms at 78.9s (Bodies: 473)
⚡ FRAME SPIKE #1791: 53.8 ms at 78.9s (Draw: 4685, Bodies: 473)
⚡ PHYSICS SPIKE #2238: 11.7 ms at 78.9s (Bodies: 473)
⚡ PHYSICS SPIKE #2239: 11.7 ms at 78.9s (Bodies: 473)
⚡ PHYSICS SPIKE #2240: 11.7 ms at 78.9s (Bodies: 473)
⚡ FRAME SPIKE #1792: 57.9 ms at 78.9s (Draw: 4685, Bodies: 473)
⚡ PHYSICS SPIKE #2241: 11.7 ms at 79.0s (Bodies: 473)
⚡ PHYSICS SPIKE #2242: 11.7 ms at 79.0s (Bodies: 473)
⚡ PHYSICS SPIKE #2243: 11.7 ms at 79.0s (Bodies: 473)
⚡ PHYSICS SPIKE #2244: 11.7 ms at 79.0s (Bodies: 473)
⚡ FRAME SPIKE #1793: 57.6 ms at 79.0s (Draw: 4685, Bodies: 473)
⚡ PHYSICS SPIKE #2245: 11.7 ms at 79.0s (Bodies: 473)
⚡ PHYSICS SPIKE #2246: 11.7 ms at 79.0s (Bodies: 473)
⚡ PHYSICS SPIKE #2247: 11.7 ms at 79.0s (Bodies: 473)
⚡ FRAME SPIKE #1794: 58.1 ms at 79.0s (Draw: 4685, Bodies: 473)
⚡ PHYSICS SPIKE #2248: 11.7 ms at 79.1s (Bodies: 473)
⚡ PHYSICS SPIKE #2249: 11.7 ms at 79.1s (Bodies: 473)
⚡ PHYSICS SPIKE #2250: 11.7 ms at 79.1s (Bodies: 473)
⚡ PHYSICS SPIKE #2251: 11.7 ms at 79.1s (Bodies: 473)
⚡ FRAME SPIKE #1795: 57.6 ms at 79.1s (Draw: 4685, Bodies: 473)
⚡ PHYSICS SPIKE #2252: 11.7 ms at 79.1s (Bodies: 473)
⚡ PHYSICS SPIKE #2253: 11.7 ms at 79.1s (Bodies: 473)
⚡ PHYSICS SPIKE #2254: 11.7 ms at 79.1s (Bodies: 473)
⚡ FRAME SPIKE #1796: 58.2 ms at 79.1s (Draw: 4685, Bodies: 473)
⚡ PHYSICS SPIKE #2255: 11.7 ms at 79.2s (Bodies: 473)
⚡ PHYSICS SPIKE #2256: 11.7 ms at 79.2s (Bodies: 473)
⚡ PHYSICS SPIKE #2257: 11.7 ms at 79.2s (Bodies: 473)
⚡ PHYSICS SPIKE #2258: 11.7 ms at 79.2s (Bodies: 473)
⚡ FRAME SPIKE #1797: 57.6 ms at 79.2s (Draw: 4685, Bodies: 473)

=== PERFORMANCE METRICS ===
FPS: 18 | Frame: 57.5 ms (max 75.4) | Physics: 16.6 ms (max 34.5)
Godot Process: 22.10 ms | Physics: 11.71 ms
Objects: 72022 | Nodes: 30902 | Resources: 539
Draw calls: 4685 | Vertices: 4657094 | VRAM: 801.5 MB
Physics bodies: 473 | Collision pairs: 6606
--- System Times ---
  road_batch_finalize_total_-1,-1: 37.99 ms (max 37.99)
  road_batch_finalize_total_-1,-2: 5.72 ms (max 5.72)
  road_batch_finalize_total_-1,-3: 9.52 ms (max 9.52)
  road_batch_finalize_total_-1,-4: 10.14 ms (max 10.14)
  road_batch_finalize_total_-1,-5: 8.48 ms (max 8.48)
  road_batch_finalize_total_-1,0: 15.24 ms (max 15.24)
  road_batch_finalize_total_-2,-1: 20.82 ms (max 20.82)
  road_batch_finalize_total_-2,-2: 18.79 ms (max 18.79)
  road_batch_finalize_total_-2,-3: 15.34 ms (max 15.34)
  road_batch_finalize_total_-2,-4: 8.57 ms (max 8.64)
  road_batch_finalize_total_-2,0: 20.92 ms (max 20.92)
  road_batch_finalize_total_0,-1: 26.87 ms (max 26.87)
  road_batch_finalize_total_0,-2: 24.63 ms (max 24.63)
  road_batch_finalize_total_0,-3: 10.80 ms (max 10.80)
  road_batch_finalize_total_0,-4: 9.87 ms (max 9.87)
  road_batch_finalize_total_0,-5: 8.33 ms (max 8.33)
  road_batch_finalize_total_0,0: 24.82 ms (max 24.82)
  road_batch_finalize_total_0,1: 20.95 ms (max 20.95)
  road_batch_finalize_total_1,-1: 13.26 ms (max 13.26)
  road_batch_finalize_total_1,-2: 29.74 ms (max 29.74)
  road_batch_finalize_total_1,-3: 19.52 ms (max 19.52)
  road_batch_finalize_total_1,-4: 9.71 ms (max 9.71)
  road_batch_finalize_total_1,0: 12.47 ms (max 12.47)
  road_batch_finalize_total_2,-3: 6.47 ms (max 6.47)
  road_collision_create_-1,-1: 12.40 ms (max 30.21)
  road_collision_create_-1,-2: 2.67 ms (max 3.38)
  road_collision_create_-1,-3: 2.88 ms (max 5.48)
  road_collision_create_-1,-4: 4.69 ms (max 5.66)
  road_collision_create_-1,-5: 3.81 ms (max 4.26)
  road_collision_create_-1,0: 7.39 ms (max 12.66)
  road_collision_create_-2,-1: 6.73 ms (max 15.12)
  road_collision_create_-2,-2: 9.17 ms (max 16.47)
  road_collision_create_-2,-3: 4.80 ms (max 10.47)
  road_collision_create_-2,-4: 3.94 ms (max 5.41)
  road_collision_create_-2,0: 10.23 ms (max 17.11)
  road_collision_create_0,-1: 8.72 ms (max 20.84)
  road_collision_create_0,-2: 7.97 ms (max 17.50)
  road_collision_create_0,-3: 3.25 ms (max 4.54)
  road_collision_create_0,-4: 3.06 ms (max 6.25)
  road_collision_create_0,-5: 3.77 ms (max 4.07)
  road_collision_create_0,0: 8.07 ms (max 21.14)
  road_collision_create_0,1: 20.70 ms (max 20.70)
  road_collision_create_1,-1: 4.24 ms (max 9.37)
  road_collision_create_1,-2: 14.62 ms (max 26.58)
  road_collision_create_1,-3: 6.21 ms (max 14.58)
  road_collision_create_1,-4: 2.97 ms (max 3.86)
  road_collision_create_1,0: 12.21 ms (max 12.21)
  road_collision_create_2,-3: 2.88 ms (max 3.83)
===========================

=== PERFORMANCE METRICS ===
FPS: 18 | Frame: 57.5 ms (max 75.4) | Physics: 16.6 ms (max 34.6)
Godot Process: 22.10 ms | Physics: 11.71 ms
Objects: 72022 | Nodes: 30902 | Resources: 539
Draw calls: 4685 | Vertices: 4657094 | VRAM: 801.5 MB
Physics bodies: 473 | Collision pairs: 6606
===========================
⚡ PHYSICS SPIKE #2259: 11.7 ms at 79.3s (Bodies: 473)
⚡ PHYSICS SPIKE #2260: 11.7 ms at 79.3s (Bodies: 473)
⚡ PHYSICS SPIKE #2261: 11.7 ms at 79.3s (Bodies: 473)
⚡ FRAME SPIKE #1798: 58.3 ms at 79.3s (Draw: 4685, Bodies: 473)
⚡ PHYSICS SPIKE #2262: 11.7 ms at 79.3s (Bodies: 473)
⚡ PHYSICS SPIKE #2263: 11.7 ms at 79.3s (Bodies: 473)
⚡ PHYSICS SPIKE #2264: 11.7 ms at 79.3s (Bodies: 473)
⚡ PHYSICS SPIKE #2265: 11.7 ms at 79.3s (Bodies: 473)
⚡ FRAME SPIKE #1799: 58.2 ms at 79.3s (Draw: 4685, Bodies: 473)
⚡ PHYSICS SPIKE #2266: 11.7 ms at 79.4s (Bodies: 473)
⚡ PHYSICS SPIKE #2267: 11.7 ms at 79.4s (Bodies: 473)
⚡ PHYSICS SPIKE #2268: 11.7 ms at 79.4s (Bodies: 473)
⚡ FRAME SPIKE #1800: 58.3 ms at 79.4s (Draw: 4685, Bodies: 473)
⚡ PHYSICS SPIKE #2269: 11.7 ms at 79.4s (Bodies: 473)
⚡ PHYSICS SPIKE #2270: 11.7 ms at 79.4s (Bodies: 473)
⚡ PHYSICS SPIKE #2271: 11.7 ms at 79.4s (Bodies: 473)
⚡ FRAME SPIKE #1801: 57.6 ms at 79.4s (Draw: 4685, Bodies: 473)
⚡ PHYSICS SPIKE #2272: 11.7 ms at 79.5s (Bodies: 473)
⚡ PHYSICS SPIKE #2273: 11.7 ms at 79.5s (Bodies: 473)
⚡ PHYSICS SPIKE #2274: 11.7 ms at 79.5s (Bodies: 473)
⚡ PHYSICS SPIKE #2275: 11.7 ms at 79.5s (Bodies: 473)
⚡ FRAME SPIKE #1802: 57.6 ms at 79.5s (Draw: 4685, Bodies: 473)
⚡ PHYSICS SPIKE #2276: 11.7 ms at 79.5s (Bodies: 473)
⚡ PHYSICS SPIKE #2277: 11.7 ms at 79.5s (Bodies: 473)
⚡ PHYSICS SPIKE #2278: 11.7 ms at 79.5s (Bodies: 473)
⚡ FRAME SPIKE #1803: 58.1 ms at 79.5s (Draw: 4685, Bodies: 473)
⚡ PHYSICS SPIKE #2279: 11.7 ms at 79.6s (Bodies: 473)
⚡ PHYSICS SPIKE #2280: 11.7 ms at 79.6s (Bodies: 473)
⚡ PHYSICS SPIKE #2281: 11.7 ms at 79.6s (Bodies: 473)
⚡ PHYSICS SPIKE #2282: 11.7 ms at 79.6s (Bodies: 473)
⚡ FRAME SPIKE #1804: 57.6 ms at 79.6s (Draw: 4685, Bodies: 473)
⚡ PHYSICS SPIKE #2283: 11.8 ms at 79.7s (Bodies: 473)
⚡ PHYSICS SPIKE #2284: 11.8 ms at 79.7s (Bodies: 473)
⚡ PHYSICS SPIKE #2285: 11.8 ms at 79.7s (Bodies: 473)
⚡ FRAME SPIKE #1805: 58.3 ms at 79.7s (Draw: 4684, Bodies: 473)
⚡ PHYSICS SPIKE #2286: 11.8 ms at 79.7s (Bodies: 473)
⚡ PHYSICS SPIKE #2287: 11.8 ms at 79.7s (Bodies: 473)
⚡ PHYSICS SPIKE #2288: 11.8 ms at 79.7s (Bodies: 473)
⚡ PHYSICS SPIKE #2289: 11.8 ms at 79.7s (Bodies: 473)
⚡ FRAME SPIKE #1806: 57.6 ms at 79.7s (Draw: 4684, Bodies: 473)
⚡ PHYSICS SPIKE #2290: 11.8 ms at 79.8s (Bodies: 473)
⚡ PHYSICS SPIKE #2291: 11.8 ms at 79.8s (Bodies: 473)
⚡ PHYSICS SPIKE #2292: 11.8 ms at 79.8s (Bodies: 473)
⚡ FRAME SPIKE #1807: 58.3 ms at 79.8s (Draw: 4685, Bodies: 473)
⚡ PHYSICS SPIKE #2293: 11.8 ms at 79.8s (Bodies: 473)
⚡ PHYSICS SPIKE #2294: 11.8 ms at 79.8s (Bodies: 473)
⚡ PHYSICS SPIKE #2295: 11.8 ms at 79.8s (Bodies: 473)
⚡ PHYSICS SPIKE #2296: 11.8 ms at 79.8s (Bodies: 473)
⚡ FRAME SPIKE #1808: 57.7 ms at 79.8s (Draw: 4685, Bodies: 473)
⚡ PHYSICS SPIKE #2297: 11.8 ms at 79.9s (Bodies: 473)
⚡ PHYSICS SPIKE #2298: 11.8 ms at 79.9s (Bodies: 473)
⚡ PHYSICS SPIKE #2299: 11.8 ms at 79.9s (Bodies: 473)
⚡ FRAME SPIKE #1809: 58.3 ms at 79.9s (Draw: 4681, Bodies: 473)
⚡ PHYSICS SPIKE #2300: 11.8 ms at 79.9s (Bodies: 473)
⚡ PHYSICS SPIKE #2301: 11.8 ms at 79.9s (Bodies: 475)
⚡ PHYSICS SPIKE #2302: 11.8 ms at 79.9s (Bodies: 475)
⚡ PHYSICS SPIKE #2303: 11.8 ms at 79.9s (Bodies: 475)
⚡ FRAME SPIKE #1810: 58.3 ms at 79.9s (Draw: 4682, Bodies: 475)
⚡ PHYSICS SPIKE #2304: 11.8 ms at 80.0s (Bodies: 475)
⚡ PHYSICS SPIKE #2305: 11.8 ms at 80.0s (Bodies: 475)
⚡ PHYSICS SPIKE #2306: 11.8 ms at 80.0s (Bodies: 475)
⚡ FRAME SPIKE #1811: 58.4 ms at 80.0s (Draw: 4682, Bodies: 475)
⚡ PHYSICS SPIKE #2307: 11.8 ms at 80.1s (Bodies: 475)
⚡ PHYSICS SPIKE #2308: 11.8 ms at 80.1s (Bodies: 475)
⚡ PHYSICS SPIKE #2309: 11.8 ms at 80.1s (Bodies: 475)
⚡ PHYSICS SPIKE #2310: 11.8 ms at 80.1s (Bodies: 475)
⚡ FRAME SPIKE #1812: 58.3 ms at 80.1s (Draw: 4682, Bodies: 475)
⚡ PHYSICS SPIKE #2311: 11.8 ms at 80.1s (Bodies: 475)
⚡ PHYSICS SPIKE #2312: 11.8 ms at 80.1s (Bodies: 475)
⚡ PHYSICS SPIKE #2313: 11.8 ms at 80.1s (Bodies: 475)
⚡ FRAME SPIKE #1813: 59.3 ms at 80.1s (Draw: 4681, Bodies: 475)
⚡ PHYSICS SPIKE #2314: 11.8 ms at 80.2s (Bodies: 475)
⚡ PHYSICS SPIKE #2315: 11.8 ms at 80.2s (Bodies: 475)
⚡ PHYSICS SPIKE #2316: 11.8 ms at 80.2s (Bodies: 475)
⚡ PHYSICS SPIKE #2317: 11.8 ms at 80.2s (Bodies: 475)
⚡ FRAME SPIKE #1814: 58.3 ms at 80.2s (Draw: 4681, Bodies: 475)
⚡ PHYSICS SPIKE #2318: 11.8 ms at 80.2s (Bodies: 475)
⚡ PHYSICS SPIKE #2319: 11.8 ms at 80.2s (Bodies: 475)
⚡ PHYSICS SPIKE #2320: 11.8 ms at 80.2s (Bodies: 475)
⚡ FRAME SPIKE #1815: 59.7 ms at 80.2s (Draw: 4681, Bodies: 475)
⚡ PHYSICS SPIKE #2321: 11.8 ms at 80.3s (Bodies: 475)
⚡ PHYSICS SPIKE #2322: 11.8 ms at 80.3s (Bodies: 475)
⚡ PHYSICS SPIKE #2323: 11.8 ms at 80.3s (Bodies: 475)
⚡ PHYSICS SPIKE #2324: 11.8 ms at 80.3s (Bodies: 475)
⚡ FRAME SPIKE #1816: 59.8 ms at 80.3s (Draw: 4681, Bodies: 475)
⚡ PHYSICS SPIKE #2325: 11.8 ms at 80.4s (Bodies: 475)
⚡ PHYSICS SPIKE #2326: 11.8 ms at 80.4s (Bodies: 475)
⚡ PHYSICS SPIKE #2327: 11.8 ms at 80.4s (Bodies: 475)
⚡ PHYSICS SPIKE #2328: 11.8 ms at 80.4s (Bodies: 475)
⚡ FRAME SPIKE #1817: 66.1 ms at 80.4s (Draw: 4681, Bodies: 475)
⚡ PHYSICS SPIKE #2329: 11.8 ms at 80.4s (Bodies: 475)
⚡ PHYSICS SPIKE #2330: 11.8 ms at 80.4s (Bodies: 475)
⚡ PHYSICS SPIKE #2331: 11.8 ms at 80.4s (Bodies: 475)
⚡ PHYSICS SPIKE #2332: 11.8 ms at 80.4s (Bodies: 475)
⚡ FRAME SPIKE #1818: 64.2 ms at 80.4s (Draw: 4681, Bodies: 475)
⚡ PHYSICS SPIKE #2333: 11.8 ms at 80.5s (Bodies: 475)
⚡ PHYSICS SPIKE #2334: 11.8 ms at 80.5s (Bodies: 475)
⚡ PHYSICS SPIKE #2335: 11.8 ms at 80.5s (Bodies: 475)
⚡ PHYSICS SPIKE #2336: 11.8 ms at 80.5s (Bodies: 475)
⚡ FRAME SPIKE #1819: 64.6 ms at 80.5s (Draw: 4681, Bodies: 475)
⚡ PHYSICS SPIKE #2337: 11.8 ms at 80.6s (Bodies: 475)
⚡ PHYSICS SPIKE #2338: 11.8 ms at 80.6s (Bodies: 475)
⚡ PHYSICS SPIKE #2339: 11.8 ms at 80.6s (Bodies: 475)
⚡ PHYSICS SPIKE #2340: 11.8 ms at 80.6s (Bodies: 475)
⚡ FRAME SPIKE #1820: 64.0 ms at 80.6s (Draw: 4681, Bodies: 475)
⚡ PHYSICS SPIKE #2341: 14.5 ms at 80.6s (Bodies: 475)
⚡ PHYSICS SPIKE #2342: 14.5 ms at 80.6s (Bodies: 475)
⚡ PHYSICS SPIKE #2343: 14.5 ms at 80.6s (Bodies: 475)
⚡ FRAME SPIKE #1821: 63.9 ms at 80.6s (Draw: 4681, Bodies: 475)
⚡ PHYSICS SPIKE #2344: 14.5 ms at 80.7s (Bodies: 475)
⚡ PHYSICS SPIKE #2345: 14.5 ms at 80.7s (Bodies: 475)
⚡ PHYSICS SPIKE #2346: 14.5 ms at 80.7s (Bodies: 475)
⚡ PHYSICS SPIKE #2347: 14.5 ms at 80.7s (Bodies: 475)
⚡ FRAME SPIKE #1822: 63.3 ms at 80.7s (Draw: 4681, Bodies: 475)
⚡ PHYSICS SPIKE #2348: 14.5 ms at 80.7s (Bodies: 475)
⚡ PHYSICS SPIKE #2349: 14.5 ms at 80.7s (Bodies: 475)
⚡ PHYSICS SPIKE #2350: 14.5 ms at 80.7s (Bodies: 475)
⚡ PHYSICS SPIKE #2351: 14.5 ms at 80.7s (Bodies: 475)
⚡ FRAME SPIKE #1823: 63.3 ms at 80.7s (Draw: 4681, Bodies: 475)
🚗 Traffic: 34 active NPCs (Near: 8, Mid: 18, Far: 8), 1 pooled
  → Physics bodies from NPCs: 34 (All: 34×1, было бы 34×5=170)

========== Bottleneck Analysis Report ==========
Time: 91.2s | Frames: 2087

📊 PERFORMANCE OVERVIEW:
  FPS: 16.7 avg | 16.0 min
  Frame Time: 24.22 ms avg | 34.92 ms max
  Physics Time: 12.13 ms avg

🔍 BOTTLENECK IDENTIFICATION:
  🔴 [CRITICAL] Physics Time
      Value: 12.13 ms
      Impact: Physics simulation overhead
      Suggestions:
        • Reduce number of active physics bodies
        • Simplify collision shapes
        • Disable physics for distant objects

  🟠 [HIGH] Frame Time
      Value: 24.22 ms (target: 16.67 ms)
      Impact: Overall performance bottleneck
      Suggestions:
        • Reduce draw calls
        • Optimize scripts in _process()
        • Check for expensive operations per frame

  🟠 [HIGH] Draw Calls
      Value: 4684 calls/frame
      Impact: GPU rendering overhead
      Suggestions:
        • Batch meshes by material
        • Use MultiMeshInstance3D
        • Implement LOD system
        • Enable frustum culling

  🟠 [HIGH] Physics Bodies
      Value: 473 active bodies
      Impact: Physics engine load
      Suggestions:
        • Reduce NPC count
        • Convert distant NPCs to kinematic
        • Disable physics for far objects

  🟡 [MEDIUM] Vertex Count
      Value: 4655784 vertices/frame
      Impact: GPU vertex processing
      Suggestions:
        • Implement LOD for distant objects
        • Simplify building meshes
        • Use lower poly models

  🟡 [MEDIUM] Node Count
      Value: 30902 nodes
      Impact: Scene tree traversal overhead
      Suggestions:
        • Unload distant chunks
        • Pool and reuse nodes
        • Flatten hierarchy where possible

  🟡 [MEDIUM] Post-Processing Effects
      Value: SSAO, Glow/Bloom, Volumetric Fog
      Impact: GPU shader overhead
      Suggestions:
        • Reduce SSR quality
        • Disable SSAO on low-end hardware
        • Use simpler fog

📈 DETAILED STATS:
  Draw Calls: 4684 avg | 4686 max
  Vertices: 4655784 avg | 4657094 max
  Physics Bodies: 473
  Nodes: 30902
  VRAM: 801.5 MB

=================================================

⚡ PHYSICS SPIKE #2352: 14.5 ms at 80.8s (Bodies: 475)
⚡ PHYSICS SPIKE #2353: 14.5 ms at 80.8s (Bodies: 475)
⚡ PHYSICS SPIKE #2354: 14.5 ms at 80.8s (Bodies: 475)
⚡ PHYSICS SPIKE #2355: 14.5 ms at 80.8s (Bodies: 475)
⚡ FRAME SPIKE #1824: 63.3 ms at 80.8s (Draw: 4681, Bodies: 475)
⚡ PHYSICS SPIKE #2356: 14.5 ms at 80.9s (Bodies: 475)
⚡ PHYSICS SPIKE #2357: 14.5 ms at 80.9s (Bodies: 475)
⚡ PHYSICS SPIKE #2358: 14.5 ms at 80.9s (Bodies: 475)
⚡ PHYSICS SPIKE #2359: 14.5 ms at 80.9s (Bodies: 475)
⚡ FRAME SPIKE #1825: 63.6 ms at 80.9s (Draw: 4681, Bodies: 475)
⚡ PHYSICS SPIKE #2360: 14.5 ms at 80.9s (Bodies: 475)
⚡ PHYSICS SPIKE #2361: 14.5 ms at 80.9s (Bodies: 475)
⚡ PHYSICS SPIKE #2362: 14.5 ms at 80.9s (Bodies: 475)
⚡ FRAME SPIKE #1826: 63.6 ms at 80.9s (Draw: 4681, Bodies: 475)
⚡ PHYSICS SPIKE #2363: 14.5 ms at 81.0s (Bodies: 475)
⚡ PHYSICS SPIKE #2364: 14.5 ms at 81.0s (Bodies: 476)
⚡ PHYSICS SPIKE #2365: 14.5 ms at 81.0s (Bodies: 476)
⚡ PHYSICS SPIKE #2366: 14.5 ms at 81.0s (Bodies: 476)
⚡ FRAME SPIKE #1827: 63.3 ms at 81.0s (Draw: 4681, Bodies: 476)
⚡ PHYSICS SPIKE #2367: 14.5 ms at 81.1s (Bodies: 476)
⚡ PHYSICS SPIKE #2368: 14.5 ms at 81.1s (Bodies: 476)
⚡ PHYSICS SPIKE #2369: 14.5 ms at 81.1s (Bodies: 476)
⚡ PHYSICS SPIKE #2370: 14.5 ms at 81.1s (Bodies: 476)
⚡ FRAME SPIKE #1828: 66.2 ms at 81.1s (Draw: 4681, Bodies: 475)
⚡ PHYSICS SPIKE #2371: 14.5 ms at 81.1s (Bodies: 475)
⚡ PHYSICS SPIKE #2372: 14.5 ms at 81.1s (Bodies: 475)
⚡ PHYSICS SPIKE #2373: 14.5 ms at 81.1s (Bodies: 475)
⚡ PHYSICS SPIKE #2374: 14.5 ms at 81.1s (Bodies: 475)
⚡ FRAME SPIKE #1829: 64.8 ms at 81.1s (Draw: 4681, Bodies: 475)
⚡ PHYSICS SPIKE #2375: 14.5 ms at 81.2s (Bodies: 475)
⚡ PHYSICS SPIKE #2376: 14.5 ms at 81.2s (Bodies: 475)
⚡ PHYSICS SPIKE #2377: 14.5 ms at 81.2s (Bodies: 475)
⚡ PHYSICS SPIKE #2378: 14.5 ms at 81.2s (Bodies: 474)
⚡ FRAME SPIKE #1830: 63.6 ms at 81.2s (Draw: 4681, Bodies: 474)
⚡ PHYSICS SPIKE #2379: 14.5 ms at 81.3s (Bodies: 474)
⚡ PHYSICS SPIKE #2380: 14.5 ms at 81.3s (Bodies: 474)
⚡ PHYSICS SPIKE #2381: 14.5 ms at 81.3s (Bodies: 474)
⚡ PHYSICS SPIKE #2382: 14.5 ms at 81.3s (Bodies: 474)
⚡ FRAME SPIKE #1831: 63.6 ms at 81.3s (Draw: 4680, Bodies: 474)
⚡ PHYSICS SPIKE #2383: 14.5 ms at 81.3s (Bodies: 474)
⚡ PHYSICS SPIKE #2384: 14.5 ms at 81.3s (Bodies: 474)
⚡ PHYSICS SPIKE #2385: 14.5 ms at 81.3s (Bodies: 474)
⚡ PHYSICS SPIKE #2386: 14.5 ms at 81.3s (Bodies: 474)
⚡ FRAME SPIKE #1832: 64.7 ms at 81.3s (Draw: 4680, Bodies: 474)
⚡ PHYSICS SPIKE #2387: 14.5 ms at 81.4s (Bodies: 474)
⚡ PHYSICS SPIKE #2388: 14.5 ms at 81.4s (Bodies: 474)
⚡ PHYSICS SPIKE #2389: 14.5 ms at 81.4s (Bodies: 474)
⚡ FRAME SPIKE #1833: 63.9 ms at 81.4s (Draw: 4680, Bodies: 474)
⚡ PHYSICS SPIKE #2390: 14.5 ms at 81.5s (Bodies: 474)
⚡ PHYSICS SPIKE #2391: 14.5 ms at 81.5s (Bodies: 474)
⚡ PHYSICS SPIKE #2392: 14.5 ms at 81.5s (Bodies: 474)
⚡ PHYSICS SPIKE #2393: 14.5 ms at 81.5s (Bodies: 474)
⚡ FRAME SPIKE #1834: 63.9 ms at 81.5s (Draw: 4680, Bodies: 474)
⚡ PHYSICS SPIKE #2394: 14.5 ms at 81.5s (Bodies: 474)
⚡ PHYSICS SPIKE #2395: 14.5 ms at 81.5s (Bodies: 474)
⚡ PHYSICS SPIKE #2396: 14.5 ms at 81.5s (Bodies: 474)
⚡ PHYSICS SPIKE #2397: 14.5 ms at 81.5s (Bodies: 474)
⚡ FRAME SPIKE #1835: 63.9 ms at 81.5s (Draw: 4680, Bodies: 474)
⚡ PHYSICS SPIKE #2398: 14.5 ms at 81.6s (Bodies: 474)
⚡ PHYSICS SPIKE #2399: 14.5 ms at 81.6s (Bodies: 474)
⚡ PHYSICS SPIKE #2400: 14.5 ms at 81.6s (Bodies: 474)
⚡ PHYSICS SPIKE #2401: 14.5 ms at 81.6s (Bodies: 474)
⚡ FRAME SPIKE #1836: 63.9 ms at 81.6s (Draw: 4680, Bodies: 474)
⚡ PHYSICS SPIKE #2402: 12.1 ms at 81.6s (Bodies: 474)
⚡ PHYSICS SPIKE #2403: 12.1 ms at 81.6s (Bodies: 474)
⚡ PHYSICS SPIKE #2404: 12.1 ms at 81.6s (Bodies: 474)
⚡ PHYSICS SPIKE #2405: 12.1 ms at 81.6s (Bodies: 474)
⚡ FRAME SPIKE #1837: 63.9 ms at 81.6s (Draw: 4680, Bodies: 474)
⚡ PHYSICS SPIKE #2406: 12.1 ms at 81.7s (Bodies: 474)
⚡ PHYSICS SPIKE #2407: 12.1 ms at 81.7s (Bodies: 474)
⚡ PHYSICS SPIKE #2408: 12.1 ms at 81.7s (Bodies: 474)
⚡ PHYSICS SPIKE #2409: 12.1 ms at 81.7s (Bodies: 474)
⚡ FRAME SPIKE #1838: 63.9 ms at 81.7s (Draw: 4680, Bodies: 474)
⚡ PHYSICS SPIKE #2410: 12.1 ms at 81.8s (Bodies: 474)
⚡ PHYSICS SPIKE #2411: 12.1 ms at 81.8s (Bodies: 474)
⚡ PHYSICS SPIKE #2412: 12.1 ms at 81.8s (Bodies: 474)
⚡ FRAME SPIKE #1839: 63.9 ms at 81.8s (Draw: 4680, Bodies: 474)
⚡ PHYSICS SPIKE #2413: 12.1 ms at 81.8s (Bodies: 474)
⚡ PHYSICS SPIKE #2414: 12.1 ms at 81.8s (Bodies: 474)
⚡ PHYSICS SPIKE #2415: 12.1 ms at 81.8s (Bodies: 474)
⚡ PHYSICS SPIKE #2416: 12.1 ms at 81.8s (Bodies: 474)
⚡ FRAME SPIKE #1840: 60.1 ms at 81.8s (Draw: 4680, Bodies: 474)
⚡ PHYSICS SPIKE #2417: 12.1 ms at 81.9s (Bodies: 474)
⚡ PHYSICS SPIKE #2418: 12.1 ms at 81.9s (Bodies: 474)
⚡ PHYSICS SPIKE #2419: 12.1 ms at 81.9s (Bodies: 474)
⚡ PHYSICS SPIKE #2420: 12.1 ms at 81.9s (Bodies: 474)
⚡ FRAME SPIKE #1841: 63.9 ms at 81.9s (Draw: 4680, Bodies: 474)
⚡ PHYSICS SPIKE #2421: 12.1 ms at 82.0s (Bodies: 474)
⚡ PHYSICS SPIKE #2422: 12.1 ms at 82.0s (Bodies: 474)
⚡ PHYSICS SPIKE #2423: 12.1 ms at 82.0s (Bodies: 474)
⚡ PHYSICS SPIKE #2424: 12.1 ms at 82.0s (Bodies: 473)
⚡ FRAME SPIKE #1842: 63.9 ms at 82.0s (Draw: 4680, Bodies: 473)
⚡ PHYSICS SPIKE #2425: 12.1 ms at 82.0s (Bodies: 473)
⚡ PHYSICS SPIKE #2426: 12.1 ms at 82.0s (Bodies: 474)
⚡ PHYSICS SPIKE #2427: 12.1 ms at 82.0s (Bodies: 474)
⚡ PHYSICS SPIKE #2428: 12.1 ms at 82.0s (Bodies: 474)
⚡ FRAME SPIKE #1843: 63.9 ms at 82.0s (Draw: 4680, Bodies: 474)
⚡ PHYSICS SPIKE #2429: 12.1 ms at 82.1s (Bodies: 474)
⚡ PHYSICS SPIKE #2430: 12.1 ms at 82.1s (Bodies: 474)
⚡ PHYSICS SPIKE #2431: 12.1 ms at 82.1s (Bodies: 474)
⚡ PHYSICS SPIKE #2432: 12.1 ms at 82.1s (Bodies: 474)
⚡ FRAME SPIKE #1844: 66.5 ms at 82.1s (Draw: 4680, Bodies: 474)
⚡ PHYSICS SPIKE #2433: 12.1 ms at 82.2s (Bodies: 474)
⚡ PHYSICS SPIKE #2434: 12.1 ms at 82.2s (Bodies: 474)
⚡ PHYSICS SPIKE #2435: 12.1 ms at 82.2s (Bodies: 474)
⚡ FRAME SPIKE #1845: 63.9 ms at 82.2s (Draw: 4680, Bodies: 474)
⚡ PHYSICS SPIKE #2436: 12.1 ms at 82.2s (Bodies: 474)
⚡ PHYSICS SPIKE #2437: 12.1 ms at 82.2s (Bodies: 474)
⚡ PHYSICS SPIKE #2438: 12.1 ms at 82.2s (Bodies: 474)
⚡ PHYSICS SPIKE #2439: 12.1 ms at 82.2s (Bodies: 474)
⚡ FRAME SPIKE #1846: 56.1 ms at 82.2s (Draw: 4680, Bodies: 474)
⚡ PHYSICS SPIKE #2440: 12.1 ms at 82.3s (Bodies: 474)
⚡ PHYSICS SPIKE #2441: 12.1 ms at 82.3s (Bodies: 474)
⚡ PHYSICS SPIKE #2442: 12.1 ms at 82.3s (Bodies: 474)
⚡ PHYSICS SPIKE #2443: 12.1 ms at 82.3s (Bodies: 474)
⚡ FRAME SPIKE #1847: 63.9 ms at 82.3s (Draw: 4680, Bodies: 474)
⚡ PHYSICS SPIKE #2444: 12.1 ms at 82.3s (Bodies: 474)
⚡ PHYSICS SPIKE #2445: 12.1 ms at 82.3s (Bodies: 474)
⚡ PHYSICS SPIKE #2446: 12.1 ms at 82.3s (Bodies: 474)
⚡ FRAME SPIKE #1848: 62.5 ms at 82.3s (Draw: 4680, Bodies: 474)
⚡ PHYSICS SPIKE #2447: 12.1 ms at 82.4s (Bodies: 474)
⚡ PHYSICS SPIKE #2448: 12.1 ms at 82.4s (Bodies: 474)
⚡ PHYSICS SPIKE #2449: 12.1 ms at 82.4s (Bodies: 474)
⚡ PHYSICS SPIKE #2450: 12.1 ms at 82.4s (Bodies: 474)
⚡ FRAME SPIKE #1849: 57.4 ms at 82.4s (Draw: 4680, Bodies: 474)
⚡ PHYSICS SPIKE #2451: 12.1 ms at 82.5s (Bodies: 474)
⚡ PHYSICS SPIKE #2452: 12.1 ms at 82.5s (Bodies: 474)
⚡ PHYSICS SPIKE #2453: 12.1 ms at 82.5s (Bodies: 474)
⚡ PHYSICS SPIKE #2454: 12.1 ms at 82.5s (Bodies: 474)
⚡ FRAME SPIKE #1850: 62.9 ms at 82.5s (Draw: 4680, Bodies: 474)
⚡ PHYSICS SPIKE #2455: 12.1 ms at 82.5s (Bodies: 474)
⚡ PHYSICS SPIKE #2456: 12.1 ms at 82.5s (Bodies: 474)
⚡ PHYSICS SPIKE #2457: 12.1 ms at 82.5s (Bodies: 474)
⚡ FRAME SPIKE #1851: 61.7 ms at 82.5s (Draw: 4680, Bodies: 474)
⚡ PHYSICS SPIKE #2458: 12.1 ms at 82.6s (Bodies: 474)
⚡ PHYSICS SPIKE #2459: 12.1 ms at 82.6s (Bodies: 474)
⚡ PHYSICS SPIKE #2460: 12.1 ms at 82.6s (Bodies: 474)
⚡ PHYSICS SPIKE #2461: 12.1 ms at 82.6s (Bodies: 474)
⚡ FRAME SPIKE #1852: 57.8 ms at 82.6s (Draw: 4680, Bodies: 474)
⚡ PHYSICS SPIKE #2462: 11.9 ms at 82.6s (Bodies: 474)
⚡ PHYSICS SPIKE #2463: 11.9 ms at 82.6s (Bodies: 474)
⚡ PHYSICS SPIKE #2464: 11.9 ms at 82.6s (Bodies: 474)
⚡ PHYSICS SPIKE #2465: 11.9 ms at 82.6s (Bodies: 474)
⚡ FRAME SPIKE #1853: 63.9 ms at 82.6s (Draw: 4680, Bodies: 474)
⚡ PHYSICS SPIKE #2466: 11.9 ms at 82.7s (Bodies: 474)
⚡ PHYSICS SPIKE #2467: 11.9 ms at 82.7s (Bodies: 474)
⚡ PHYSICS SPIKE #2468: 11.9 ms at 82.7s (Bodies: 474)
⚡ FRAME SPIKE #1854: 61.1 ms at 82.7s (Draw: 4680, Bodies: 474)
⚡ PHYSICS SPIKE #2469: 11.9 ms at 82.8s (Bodies: 474)
⚡ PHYSICS SPIKE #2470: 11.9 ms at 82.8s (Bodies: 474)
⚡ PHYSICS SPIKE #2471: 11.9 ms at 82.8s (Bodies: 474)
⚡ PHYSICS SPIKE #2472: 11.9 ms at 82.8s (Bodies: 474)
⚡ FRAME SPIKE #1855: 59.2 ms at 82.8s (Draw: 4680, Bodies: 474)
🚗 Traffic: 33 active NPCs (Near: 9, Mid: 13, Far: 11), 3 pooled
  → Physics bodies from NPCs: 33 (All: 33×1, было бы 33×5=165)

========== Bottleneck Analysis Report ==========
Time: 93.2s | Frames: 2119

📊 PERFORMANCE OVERVIEW:
  FPS: 16.7 avg | 16.0 min
  Frame Time: 23.43 ms avg | 29.25 ms max
  Physics Time: 12.37 ms avg

🔍 BOTTLENECK IDENTIFICATION:
  🔴 [CRITICAL] Physics Time
      Value: 12.37 ms
      Impact: Physics simulation overhead
      Suggestions:
        • Reduce number of active physics bodies
        • Simplify collision shapes
        • Disable physics for distant objects

  🟠 [HIGH] Frame Time
      Value: 23.43 ms (target: 16.67 ms)
      Impact: Overall performance bottleneck
      Suggestions:
        • Reduce draw calls
        • Optimize scripts in _process()
        • Check for expensive operations per frame

  🟠 [HIGH] Draw Calls
      Value: 4683 calls/frame
      Impact: GPU rendering overhead
      Suggestions:
        • Batch meshes by material
        • Use MultiMeshInstance3D
        • Implement LOD system
        • Enable frustum culling

  🟠 [HIGH] Physics Bodies
      Value: 474 active bodies
      Impact: Physics engine load
      Suggestions:
        • Reduce NPC count
        • Convert distant NPCs to kinematic
        • Disable physics for far objects

  🟡 [MEDIUM] Vertex Count
      Value: 4652917 vertices/frame
      Impact: GPU vertex processing
      Suggestions:
        • Implement LOD for distant objects
        • Simplify building meshes
        • Use lower poly models

  🟡 [MEDIUM] Node Count
      Value: 30923 nodes
      Impact: Scene tree traversal overhead
      Suggestions:
        • Unload distant chunks
        • Pool and reuse nodes
        • Flatten hierarchy where possible

  🟡 [MEDIUM] Post-Processing Effects
      Value: SSAO, Glow/Bloom, Volumetric Fog
      Impact: GPU shader overhead
      Suggestions:
        • Reduce SSR quality
        • Disable SSAO on low-end hardware
        • Use simpler fog

📈 DETAILED STATS:
  Draw Calls: 4683 avg | 4686 max
  Vertices: 4652917 avg | 4657094 max
  Physics Bodies: 474
  Nodes: 30923
  VRAM: 801.5 MB

=================================================

⚡ PHYSICS SPIKE #2473: 11.9 ms at 82.8s (Bodies: 474)
⚡ PHYSICS SPIKE #2474: 11.9 ms at 82.8s (Bodies: 474)
⚡ PHYSICS SPIKE #2475: 11.9 ms at 82.8s (Bodies: 474)
⚡ PHYSICS SPIKE #2476: 11.9 ms at 82.8s (Bodies: 474)
⚡ FRAME SPIKE #1856: 63.1 ms at 82.8s (Draw: 4680, Bodies: 474)
⚡ PHYSICS SPIKE #2477: 11.9 ms at 82.9s (Bodies: 474)
⚡ PHYSICS SPIKE #2478: 11.9 ms at 82.9s (Bodies: 474)
⚡ PHYSICS SPIKE #2479: 11.9 ms at 82.9s (Bodies: 474)
⚡ FRAME SPIKE #1857: 61.1 ms at 82.9s (Draw: 4680, Bodies: 474)
⚡ PHYSICS SPIKE #2480: 11.9 ms at 82.9s (Bodies: 474)
⚡ PHYSICS SPIKE #2481: 11.9 ms at 82.9s (Bodies: 474)
⚡ PHYSICS SPIKE #2482: 11.9 ms at 82.9s (Bodies: 474)
⚡ PHYSICS SPIKE #2483: 11.9 ms at 82.9s (Bodies: 474)
⚡ FRAME SPIKE #1858: 58.2 ms at 82.9s (Draw: 4680, Bodies: 474)
⚡ PHYSICS SPIKE #2484: 11.9 ms at 83.0s (Bodies: 474)
⚡ PHYSICS SPIKE #2485: 11.9 ms at 83.0s (Bodies: 474)
⚡ PHYSICS SPIKE #2486: 11.9 ms at 83.0s (Bodies: 474)
⚡ PHYSICS SPIKE #2487: 11.9 ms at 83.0s (Bodies: 474)
⚡ FRAME SPIKE #1859: 64.1 ms at 83.0s (Draw: 4680, Bodies: 474)
⚡ PHYSICS SPIKE #2488: 11.9 ms at 83.1s (Bodies: 474)
⚡ PHYSICS SPIKE #2489: 11.9 ms at 83.1s (Bodies: 474)
⚡ PHYSICS SPIKE #2490: 11.9 ms at 83.1s (Bodies: 474)
⚡ FRAME SPIKE #1860: 61.7 ms at 83.1s (Draw: 4680, Bodies: 474)
⚡ PHYSICS SPIKE #2491: 11.9 ms at 83.1s (Bodies: 474)
⚡ PHYSICS SPIKE #2492: 11.9 ms at 83.1s (Bodies: 474)
⚡ PHYSICS SPIKE #2493: 11.9 ms at 83.1s (Bodies: 474)
⚡ PHYSICS SPIKE #2494: 11.9 ms at 83.1s (Bodies: 474)
⚡ FRAME SPIKE #1861: 61.1 ms at 83.1s (Draw: 4680, Bodies: 474)
⚡ PHYSICS SPIKE #2495: 11.9 ms at 83.2s (Bodies: 474)
⚡ PHYSICS SPIKE #2496: 11.9 ms at 83.2s (Bodies: 474)
⚡ PHYSICS SPIKE #2497: 11.9 ms at 83.2s (Bodies: 474)
⚡ PHYSICS SPIKE #2498: 11.9 ms at 83.2s (Bodies: 474)
⚡ FRAME SPIKE #1862: 61.7 ms at 83.2s (Draw: 4680, Bodies: 474)
⚡ PHYSICS SPIKE #2499: 11.9 ms at 83.3s (Bodies: 474)
⚡ PHYSICS SPIKE #2500: 11.9 ms at 83.3s (Bodies: 474)
⚡ PHYSICS SPIKE #2501: 11.9 ms at 83.3s (Bodies: 474)
⚡ PHYSICS SPIKE #2502: 11.9 ms at 83.3s (Bodies: 474)
⚡ FRAME SPIKE #1863: 65.6 ms at 83.3s (Draw: 4680, Bodies: 474)
⚡ PHYSICS SPIKE #2503: 11.9 ms at 83.3s (Bodies: 474)
⚡ PHYSICS SPIKE #2504: 11.9 ms at 83.3s (Bodies: 474)
⚡ PHYSICS SPIKE #2505: 11.9 ms at 83.3s (Bodies: 474)
⚡ FRAME SPIKE #1864: 61.7 ms at 83.3s (Draw: 4680, Bodies: 474)
⚡ PHYSICS SPIKE #2506: 11.9 ms at 83.4s (Bodies: 474)
⚡ PHYSICS SPIKE #2507: 11.9 ms at 83.4s (Bodies: 474)
⚡ PHYSICS SPIKE #2508: 11.9 ms at 83.4s (Bodies: 474)
⚡ PHYSICS SPIKE #2509: 11.9 ms at 83.4s (Bodies: 474)
⚡ FRAME SPIKE #1865: 61.1 ms at 83.4s (Draw: 4680, Bodies: 474)
⚡ PHYSICS SPIKE #2510: 11.9 ms at 83.4s (Bodies: 474)
⚡ PHYSICS SPIKE #2511: 11.9 ms at 83.4s (Bodies: 473)
⚡ PHYSICS SPIKE #2512: 11.9 ms at 83.4s (Bodies: 473)
⚡ PHYSICS SPIKE #2513: 11.9 ms at 83.4s (Bodies: 473)
⚡ FRAME SPIKE #1866: 61.1 ms at 83.4s (Draw: 4679, Bodies: 473)
⚡ PHYSICS SPIKE #2514: 11.9 ms at 83.5s (Bodies: 473)
⚡ PHYSICS SPIKE #2515: 11.9 ms at 83.5s (Bodies: 473)
⚡ PHYSICS SPIKE #2516: 11.9 ms at 83.5s (Bodies: 473)
⚡ FRAME SPIKE #1867: 61.7 ms at 83.5s (Draw: 4679, Bodies: 473)
⚡ PHYSICS SPIKE #2517: 11.9 ms at 83.6s (Bodies: 473)
⚡ PHYSICS SPIKE #2518: 11.9 ms at 83.6s (Bodies: 473)
⚡ PHYSICS SPIKE #2519: 11.9 ms at 83.6s (Bodies: 473)
⚡ PHYSICS SPIKE #2520: 11.9 ms at 83.6s (Bodies: 473)
⚡ FRAME SPIKE #1868: 61.0 ms at 83.6s (Draw: 4679, Bodies: 473)
⚡ PHYSICS SPIKE #2521: 13.3 ms at 83.6s (Bodies: 473)
⚡ PHYSICS SPIKE #2522: 13.3 ms at 83.6s (Bodies: 473)
⚡ PHYSICS SPIKE #2523: 13.3 ms at 83.6s (Bodies: 473)
⚡ PHYSICS SPIKE #2524: 13.3 ms at 83.6s (Bodies: 473)
⚡ FRAME SPIKE #1869: 61.1 ms at 83.6s (Draw: 4679, Bodies: 473)
⚡ PHYSICS SPIKE #2525: 13.3 ms at 83.7s (Bodies: 473)
⚡ PHYSICS SPIKE #2526: 13.3 ms at 83.7s (Bodies: 473)
⚡ PHYSICS SPIKE #2527: 13.3 ms at 83.7s (Bodies: 473)
⚡ FRAME SPIKE #1870: 61.1 ms at 83.7s (Draw: 4679, Bodies: 473)
⚡ PHYSICS SPIKE #2528: 13.3 ms at 83.7s (Bodies: 473)
⚡ PHYSICS SPIKE #2529: 13.3 ms at 83.7s (Bodies: 473)
⚡ PHYSICS SPIKE #2530: 13.3 ms at 83.7s (Bodies: 473)
⚡ PHYSICS SPIKE #2531: 13.3 ms at 83.7s (Bodies: 473)
⚡ FRAME SPIKE #1871: 57.8 ms at 83.7s (Draw: 4679, Bodies: 473)
⚡ PHYSICS SPIKE #2532: 13.3 ms at 83.8s (Bodies: 473)
⚡ PHYSICS SPIKE #2533: 13.3 ms at 83.8s (Bodies: 473)
⚡ PHYSICS SPIKE #2534: 13.3 ms at 83.8s (Bodies: 473)
⚡ PHYSICS SPIKE #2535: 13.3 ms at 83.8s (Bodies: 473)
⚡ FRAME SPIKE #1872: 63.3 ms at 83.8s (Draw: 4679, Bodies: 473)
⚡ PHYSICS SPIKE #2536: 13.3 ms at 83.9s (Bodies: 473)
⚡ PHYSICS SPIKE #2537: 13.3 ms at 83.9s (Bodies: 473)
⚡ PHYSICS SPIKE #2538: 13.3 ms at 83.9s (Bodies: 473)
⚡ FRAME SPIKE #1873: 61.1 ms at 83.9s (Draw: 4679, Bodies: 473)
⚡ PHYSICS SPIKE #2539: 13.3 ms at 83.9s (Bodies: 473)
⚡ PHYSICS SPIKE #2540: 13.3 ms at 83.9s (Bodies: 473)
⚡ PHYSICS SPIKE #2541: 13.3 ms at 83.9s (Bodies: 473)
⚡ PHYSICS SPIKE #2542: 13.3 ms at 83.9s (Bodies: 473)
⚡ FRAME SPIKE #1874: 56.3 ms at 83.9s (Draw: 4679, Bodies: 473)
⚡ PHYSICS SPIKE #2543: 13.3 ms at 84.0s (Bodies: 473)
⚡ PHYSICS SPIKE #2544: 13.3 ms at 84.0s (Bodies: 473)
⚡ PHYSICS SPIKE #2545: 13.3 ms at 84.0s (Bodies: 473)
⚡ FRAME SPIKE #1875: 60.6 ms at 84.0s (Draw: 4679, Bodies: 473)
⚡ PHYSICS SPIKE #2546: 13.3 ms at 84.0s (Bodies: 473)
⚡ PHYSICS SPIKE #2547: 13.3 ms at 84.0s (Bodies: 473)
⚡ PHYSICS SPIKE #2548: 13.3 ms at 84.0s (Bodies: 473)
⚡ PHYSICS SPIKE #2549: 13.3 ms at 84.0s (Bodies: 473)
⚡ FRAME SPIKE #1876: 56.6 ms at 84.0s (Draw: 4679, Bodies: 473)
⚡ PHYSICS SPIKE #2550: 13.3 ms at 84.1s (Bodies: 473)
⚡ PHYSICS SPIKE #2551: 13.3 ms at 84.1s (Bodies: 475)
⚡ PHYSICS SPIKE #2552: 13.3 ms at 84.1s (Bodies: 475)
⚡ PHYSICS SPIKE #2553: 13.3 ms at 84.1s (Bodies: 475)
⚡ FRAME SPIKE #1877: 65.5 ms at 84.1s (Draw: 4681, Bodies: 475)
⚡ PHYSICS SPIKE #2554: 13.3 ms at 84.2s (Bodies: 475)
⚡ PHYSICS SPIKE #2555: 13.3 ms at 84.2s (Bodies: 475)
⚡ PHYSICS SPIKE #2556: 13.3 ms at 84.2s (Bodies: 475)
⚡ FRAME SPIKE #1878: 60.6 ms at 84.2s (Draw: 4681, Bodies: 475)
⚡ PHYSICS SPIKE #2557: 13.3 ms at 84.2s (Bodies: 475)
⚡ PHYSICS SPIKE #2558: 13.3 ms at 84.2s (Bodies: 475)
⚡ PHYSICS SPIKE #2559: 13.3 ms at 84.2s (Bodies: 475)
⚡ PHYSICS SPIKE #2560: 13.3 ms at 84.2s (Bodies: 475)
⚡ FRAME SPIKE #1879: 58.9 ms at 84.2s (Draw: 4681, Bodies: 475)

=== PERFORMANCE METRICS ===
FPS: 16 | Frame: 59.1 ms (max 75.4) | Physics: 16.6 ms (max 41.5)
Godot Process: 23.21 ms | Physics: 13.33 ms
Objects: 72053 | Nodes: 30923 | Resources: 539
Draw calls: 4681 | Vertices: 4646340 | VRAM: 801.5 MB
Physics bodies: 475 | Collision pairs: 6681
--- System Times ---
  road_batch_finalize_total_-1,-1: 37.99 ms (max 37.99)
  road_batch_finalize_total_-1,-2: 5.72 ms (max 5.72)
  road_batch_finalize_total_-1,-3: 9.52 ms (max 9.52)
  road_batch_finalize_total_-1,-4: 10.14 ms (max 10.14)
  road_batch_finalize_total_-1,-5: 8.48 ms (max 8.48)
  road_batch_finalize_total_-1,0: 15.24 ms (max 15.24)
  road_batch_finalize_total_-2,-1: 20.82 ms (max 20.82)
  road_batch_finalize_total_-2,-2: 18.79 ms (max 18.79)
  road_batch_finalize_total_-2,-3: 15.34 ms (max 15.34)
  road_batch_finalize_total_-2,-4: 8.57 ms (max 8.64)
  road_batch_finalize_total_-2,0: 20.92 ms (max 20.92)
  road_batch_finalize_total_0,-1: 26.87 ms (max 26.87)
  road_batch_finalize_total_0,-2: 24.63 ms (max 24.63)
  road_batch_finalize_total_0,-3: 10.80 ms (max 10.80)
  road_batch_finalize_total_0,-4: 9.87 ms (max 9.87)
  road_batch_finalize_total_0,-5: 8.33 ms (max 8.33)
  road_batch_finalize_total_0,0: 24.82 ms (max 24.82)
  road_batch_finalize_total_0,1: 20.95 ms (max 20.95)
  road_batch_finalize_total_1,-1: 13.26 ms (max 13.26)
  road_batch_finalize_total_1,-2: 29.74 ms (max 29.74)
  road_batch_finalize_total_1,-3: 19.52 ms (max 19.52)
  road_batch_finalize_total_1,-4: 9.71 ms (max 9.71)
  road_batch_finalize_total_1,0: 12.47 ms (max 12.47)
  road_batch_finalize_total_2,-3: 6.47 ms (max 6.47)
  road_collision_create_-1,-1: 12.40 ms (max 30.21)
  road_collision_create_-1,-2: 2.67 ms (max 3.38)
  road_collision_create_-1,-3: 2.88 ms (max 5.48)
  road_collision_create_-1,-4: 4.69 ms (max 5.66)
  road_collision_create_-1,-5: 3.81 ms (max 4.26)
  road_collision_create_-1,0: 7.39 ms (max 12.66)
  road_collision_create_-2,-1: 6.73 ms (max 15.12)
  road_collision_create_-2,-2: 9.17 ms (max 16.47)
  road_collision_create_-2,-3: 4.80 ms (max 10.47)
  road_collision_create_-2,-4: 3.94 ms (max 5.41)
  road_collision_create_-2,0: 10.23 ms (max 17.11)
  road_collision_create_0,-1: 8.72 ms (max 20.84)
  road_collision_create_0,-2: 7.97 ms (max 17.50)
  road_collision_create_0,-3: 3.25 ms (max 4.54)
  road_collision_create_0,-4: 3.06 ms (max 6.25)
  road_collision_create_0,-5: 3.77 ms (max 4.07)
  road_collision_create_0,0: 8.07 ms (max 21.14)
  road_collision_create_0,1: 20.70 ms (max 20.70)
  road_collision_create_1,-1: 4.24 ms (max 9.37)
  road_collision_create_1,-2: 14.62 ms (max 26.58)
  road_collision_create_1,-3: 6.21 ms (max 14.58)
  road_collision_create_1,-4: 2.97 ms (max 3.86)
  road_collision_create_1,0: 12.21 ms (max 12.21)
  road_collision_create_2,-3: 2.88 ms (max 3.83)
===========================

=== PERFORMANCE METRICS ===
FPS: 16 | Frame: 59.1 ms (max 75.4) | Physics: 16.6 ms (max 41.5)
Godot Process: 23.21 ms | Physics: 13.33 ms
Objects: 72053 | Nodes: 30923 | Resources: 539
Draw calls: 4681 | Vertices: 4646340 | VRAM: 801.5 MB
Physics bodies: 475 | Collision pairs: 6681
===========================
⚡ PHYSICS SPIKE #2561: 13.3 ms at 84.3s (Bodies: 475)
⚡ PHYSICS SPIKE #2562: 13.3 ms at 84.3s (Bodies: 475)
⚡ PHYSICS SPIKE #2563: 13.3 ms at 84.3s (Bodies: 475)
⚡ PHYSICS SPIKE #2564: 13.3 ms at 84.3s (Bodies: 475)
⚡ FRAME SPIKE #1880: 63.8 ms at 84.3s (Draw: 4681, Bodies: 475)
⚡ PHYSICS SPIKE #2565: 13.3 ms at 84.4s (Bodies: 475)
⚡ PHYSICS SPIKE #2566: 13.3 ms at 84.4s (Bodies: 475)
⚡ PHYSICS SPIKE #2567: 13.3 ms at 84.4s (Bodies: 475)
⚡ FRAME SPIKE #1881: 60.6 ms at 84.4s (Draw: 4681, Bodies: 475)
⚡ PHYSICS SPIKE #2568: 13.3 ms at 84.4s (Bodies: 475)
⚡ PHYSICS SPIKE #2569: 13.3 ms at 84.4s (Bodies: 475)
⚡ PHYSICS SPIKE #2570: 13.3 ms at 84.4s (Bodies: 475)
⚡ PHYSICS SPIKE #2571: 13.3 ms at 84.4s (Bodies: 475)
⚡ FRAME SPIKE #1882: 60.6 ms at 84.4s (Draw: 4681, Bodies: 475)
⚡ PHYSICS SPIKE #2572: 13.3 ms at 84.5s (Bodies: 475)
⚡ PHYSICS SPIKE #2573: 13.3 ms at 84.5s (Bodies: 475)
⚡ PHYSICS SPIKE #2574: 13.3 ms at 84.5s (Bodies: 475)
⚡ PHYSICS SPIKE #2575: 13.3 ms at 84.5s (Bodies: 475)
⚡ FRAME SPIKE #1883: 62.1 ms at 84.5s (Draw: 4681, Bodies: 475)
⚡ PHYSICS SPIKE #2576: 13.3 ms at 84.5s (Bodies: 475)
⚡ PHYSICS SPIKE #2577: 13.3 ms at 84.5s (Bodies: 475)
⚡ PHYSICS SPIKE #2578: 13.3 ms at 84.5s (Bodies: 475)
⚡ FRAME SPIKE #1884: 60.8 ms at 84.5s (Draw: 4681, Bodies: 475)
⚡ PHYSICS SPIKE #2579: 13.3 ms at 84.6s (Bodies: 475)
⚡ PHYSICS SPIKE #2580: 13.3 ms at 84.6s (Bodies: 475)
⚡ PHYSICS SPIKE #2581: 13.3 ms at 84.6s (Bodies: 475)
⚡ PHYSICS SPIKE #2582: 13.3 ms at 84.6s (Bodies: 475)
⚡ FRAME SPIKE #1885: 60.6 ms at 84.6s (Draw: 4681, Bodies: 475)
⚡ PHYSICS SPIKE #2583: 12.3 ms at 84.7s (Bodies: 475)
⚡ PHYSICS SPIKE #2584: 12.3 ms at 84.7s (Bodies: 475)
⚡ PHYSICS SPIKE #2585: 12.3 ms at 84.7s (Bodies: 475)
⚡ FRAME SPIKE #1886: 60.6 ms at 84.7s (Draw: 4681, Bodies: 475)
⚡ PHYSICS SPIKE #2586: 12.3 ms at 84.7s (Bodies: 475)
⚡ PHYSICS SPIKE #2587: 12.3 ms at 84.7s (Bodies: 475)
⚡ PHYSICS SPIKE #2588: 12.3 ms at 84.7s (Bodies: 475)
⚡ PHYSICS SPIKE #2589: 12.3 ms at 84.7s (Bodies: 475)
⚡ FRAME SPIKE #1887: 60.6 ms at 84.7s (Draw: 4681, Bodies: 475)
⚡ PHYSICS SPIKE #2590: 12.3 ms at 84.8s (Bodies: 475)
⚡ PHYSICS SPIKE #2591: 12.3 ms at 84.8s (Bodies: 475)
⚡ PHYSICS SPIKE #2592: 12.3 ms at 84.8s (Bodies: 475)
⚡ PHYSICS SPIKE #2593: 12.3 ms at 84.8s (Bodies: 475)
⚡ FRAME SPIKE #1888: 60.6 ms at 84.8s (Draw: 4681, Bodies: 475)
🚗 Traffic: 34 active NPCs (Near: 8, Mid: 17, Far: 9), 2 pooled
  → Physics bodies from NPCs: 34 (All: 34×1, было бы 34×5=170)

========== Bottleneck Analysis Report ==========
Time: 95.3s | Frames: 2152

📊 PERFORMANCE OVERVIEW:
  FPS: 16.4 avg | 16.0 min
  Frame Time: 23.35 ms avg | 29.25 ms max
  Physics Time: 12.51 ms avg

🔍 BOTTLENECK IDENTIFICATION:
  🔴 [CRITICAL] Physics Time
      Value: 12.51 ms
      Impact: Physics simulation overhead
      Suggestions:
        • Reduce number of active physics bodies
        • Simplify collision shapes
        • Disable physics for distant objects

  🟠 [HIGH] Frame Time
      Value: 23.35 ms (target: 16.67 ms)
      Impact: Overall performance bottleneck
      Suggestions:
        • Reduce draw calls
        • Optimize scripts in _process()
        • Check for expensive operations per frame

  🟠 [HIGH] Draw Calls
      Value: 4681 calls/frame
      Impact: GPU rendering overhead
      Suggestions:
        • Batch meshes by material
        • Use MultiMeshInstance3D
        • Implement LOD system
        • Enable frustum culling

  🟠 [HIGH] Physics Bodies
      Value: 473 active bodies
      Impact: Physics engine load
      Suggestions:
        • Reduce NPC count
        • Convert distant NPCs to kinematic
        • Disable physics for far objects

  🟡 [MEDIUM] Vertex Count
      Value: 4649959 vertices/frame
      Impact: GPU vertex processing
      Suggestions:
        • Implement LOD for distant objects
        • Simplify building meshes
        • Use lower poly models

  🟡 [MEDIUM] Node Count
      Value: 30923 nodes
      Impact: Scene tree traversal overhead
      Suggestions:
        • Unload distant chunks
        • Pool and reuse nodes
        • Flatten hierarchy where possible

  🟡 [MEDIUM] Post-Processing Effects
      Value: SSAO, Glow/Bloom, Volumetric Fog
      Impact: GPU shader overhead
      Suggestions:
        • Reduce SSR quality
        • Disable SSAO on low-end hardware
        • Use simpler fog

📈 DETAILED STATS:
  Draw Calls: 4681 avg | 4685 max
  Vertices: 4649959 avg | 4657094 max
  Physics Bodies: 473
  Nodes: 30923
  VRAM: 801.5 MB

=================================================

⚡ PHYSICS SPIKE #2594: 12.3 ms at 84.8s (Bodies: 475)
⚡ PHYSICS SPIKE #2595: 12.3 ms at 84.8s (Bodies: 475)
⚡ PHYSICS SPIKE #2596: 12.3 ms at 84.8s (Bodies: 475)
⚡ FRAME SPIKE #1889: 61.1 ms at 84.8s (Draw: 4681, Bodies: 475)
⚡ PHYSICS SPIKE #2597: 12.3 ms at 84.9s (Bodies: 475)
⚡ PHYSICS SPIKE #2598: 12.3 ms at 84.9s (Bodies: 475)
⚡ PHYSICS SPIKE #2599: 12.3 ms at 84.9s (Bodies: 475)
⚡ PHYSICS SPIKE #2600: 12.3 ms at 84.9s (Bodies: 475)
⚡ FRAME SPIKE #1890: 60.6 ms at 84.9s (Draw: 4681, Bodies: 475)
⚡ PHYSICS SPIKE #2601: 12.3 ms at 85.0s (Bodies: 475)
⚡ PHYSICS SPIKE #2602: 12.3 ms at 85.0s (Bodies: 475)
⚡ PHYSICS SPIKE #2603: 12.3 ms at 85.0s (Bodies: 475)
⚡ PHYSICS SPIKE #2604: 12.3 ms at 85.0s (Bodies: 475)
⚡ FRAME SPIKE #1891: 61.1 ms at 85.0s (Draw: 4681, Bodies: 475)
⚡ PHYSICS SPIKE #2605: 12.3 ms at 85.0s (Bodies: 475)
⚡ PHYSICS SPIKE #2606: 12.3 ms at 85.0s (Bodies: 475)
⚡ PHYSICS SPIKE #2607: 12.3 ms at 85.0s (Bodies: 475)
⚡ FRAME SPIKE #1892: 61.1 ms at 85.0s (Draw: 4681, Bodies: 475)
⚡ PHYSICS SPIKE #2608: 12.3 ms at 85.1s (Bodies: 475)
⚡ PHYSICS SPIKE #2609: 12.3 ms at 85.1s (Bodies: 475)
⚡ PHYSICS SPIKE #2610: 12.3 ms at 85.1s (Bodies: 475)
⚡ PHYSICS SPIKE #2611: 12.3 ms at 85.1s (Bodies: 475)
⚡ FRAME SPIKE #1893: 60.6 ms at 85.1s (Draw: 4681, Bodies: 475)
⚡ PHYSICS SPIKE #2612: 12.3 ms at 85.1s (Bodies: 475)
⚡ PHYSICS SPIKE #2613: 12.3 ms at 85.1s (Bodies: 475)
⚡ PHYSICS SPIKE #2614: 12.3 ms at 85.1s (Bodies: 475)
⚡ PHYSICS SPIKE #2615: 12.3 ms at 85.1s (Bodies: 475)
⚡ FRAME SPIKE #1894: 61.1 ms at 85.1s (Draw: 4681, Bodies: 475)
⚡ PHYSICS SPIKE #2616: 12.3 ms at 85.2s (Bodies: 475)
⚡ PHYSICS SPIKE #2617: 12.3 ms at 85.2s (Bodies: 475)
⚡ PHYSICS SPIKE #2618: 12.3 ms at 85.2s (Bodies: 475)
⚡ FRAME SPIKE #1895: 61.1 ms at 85.2s (Draw: 4681, Bodies: 475)
⚡ PHYSICS SPIKE #2619: 12.3 ms at 85.3s (Bodies: 475)
⚡ PHYSICS SPIKE #2620: 12.3 ms at 85.3s (Bodies: 475)
⚡ PHYSICS SPIKE #2621: 12.3 ms at 85.3s (Bodies: 475)
⚡ PHYSICS SPIKE #2622: 12.3 ms at 85.3s (Bodies: 475)
⚡ FRAME SPIKE #1896: 61.1 ms at 85.3s (Draw: 4681, Bodies: 475)
⚡ PHYSICS SPIKE #2623: 12.3 ms at 85.3s (Bodies: 475)
⚡ PHYSICS SPIKE #2624: 12.3 ms at 85.3s (Bodies: 474)
⚡ PHYSICS SPIKE #2625: 12.3 ms at 85.3s (Bodies: 474)
⚡ PHYSICS SPIKE #2626: 12.3 ms at 85.3s (Bodies: 474)
⚡ FRAME SPIKE #1897: 61.1 ms at 85.3s (Draw: 4681, Bodies: 474)
⚡ PHYSICS SPIKE #2627: 12.3 ms at 85.4s (Bodies: 474)
⚡ PHYSICS SPIKE #2628: 12.3 ms at 85.4s (Bodies: 474)
⚡ PHYSICS SPIKE #2629: 12.3 ms at 85.4s (Bodies: 474)
⚡ FRAME SPIKE #1898: 61.1 ms at 85.4s (Draw: 4680, Bodies: 474)
⚡ PHYSICS SPIKE #2630: 12.3 ms at 85.4s (Bodies: 474)
⚡ PHYSICS SPIKE #2631: 12.3 ms at 85.4s (Bodies: 474)
⚡ PHYSICS SPIKE #2632: 12.3 ms at 85.4s (Bodies: 474)
⚡ PHYSICS SPIKE #2633: 12.3 ms at 85.4s (Bodies: 474)
⚡ FRAME SPIKE #1899: 60.6 ms at 85.4s (Draw: 4680, Bodies: 474)
⚡ PHYSICS SPIKE #2634: 12.3 ms at 85.5s (Bodies: 474)
⚡ PHYSICS SPIKE #2635: 12.3 ms at 85.5s (Bodies: 474)
⚡ PHYSICS SPIKE #2636: 12.3 ms at 85.5s (Bodies: 474)
⚡ PHYSICS SPIKE #2637: 12.3 ms at 85.5s (Bodies: 474)
⚡ FRAME SPIKE #1900: 61.1 ms at 85.5s (Draw: 4680, Bodies: 474)
⚡ PHYSICS SPIKE #2638: 12.3 ms at 85.6s (Bodies: 474)
⚡ PHYSICS SPIKE #2639: 12.3 ms at 85.6s (Bodies: 474)
⚡ PHYSICS SPIKE #2640: 12.3 ms at 85.6s (Bodies: 474)
⚡ FRAME SPIKE #1901: 61.1 ms at 85.6s (Draw: 4680, Bodies: 474)
⚡ PHYSICS SPIKE #2641: 12.2 ms at 85.6s (Bodies: 474)
⚡ PHYSICS SPIKE #2642: 12.2 ms at 85.6s (Bodies: 474)
⚡ PHYSICS SPIKE #2643: 12.2 ms at 85.6s (Bodies: 474)
⚡ PHYSICS SPIKE #2644: 12.2 ms at 85.6s (Bodies: 474)
⚡ FRAME SPIKE #1902: 60.6 ms at 85.6s (Draw: 4680, Bodies: 474)
⚡ PHYSICS SPIKE #2645: 12.2 ms at 85.7s (Bodies: 474)
⚡ PHYSICS SPIKE #2646: 12.2 ms at 85.7s (Bodies: 474)
⚡ PHYSICS SPIKE #2647: 12.2 ms at 85.7s (Bodies: 474)
⚡ PHYSICS SPIKE #2648: 12.2 ms at 85.7s (Bodies: 474)
⚡ FRAME SPIKE #1903: 61.1 ms at 85.7s (Draw: 4680, Bodies: 474)
⚡ PHYSICS SPIKE #2649: 12.2 ms at 85.8s (Bodies: 474)
⚡ PHYSICS SPIKE #2650: 12.2 ms at 85.8s (Bodies: 474)
⚡ PHYSICS SPIKE #2651: 12.2 ms at 85.8s (Bodies: 474)
⚡ FRAME SPIKE #1904: 61.1 ms at 85.8s (Draw: 4680, Bodies: 474)
⚡ PHYSICS SPIKE #2652: 12.2 ms at 85.8s (Bodies: 474)
⚡ PHYSICS SPIKE #2653: 12.2 ms at 85.8s (Bodies: 474)
⚡ PHYSICS SPIKE #2654: 12.2 ms at 85.8s (Bodies: 474)
⚡ PHYSICS SPIKE #2655: 12.2 ms at 85.8s (Bodies: 474)
⚡ FRAME SPIKE #1905: 60.6 ms at 85.8s (Draw: 4680, Bodies: 474)
⚡ PHYSICS SPIKE #2656: 12.2 ms at 85.9s (Bodies: 474)
⚡ PHYSICS SPIKE #2657: 12.2 ms at 85.9s (Bodies: 474)
⚡ PHYSICS SPIKE #2658: 12.2 ms at 85.9s (Bodies: 474)
⚡ PHYSICS SPIKE #2659: 12.2 ms at 85.9s (Bodies: 474)
⚡ FRAME SPIKE #1906: 60.6 ms at 85.9s (Draw: 4680, Bodies: 474)
⚡ PHYSICS SPIKE #2660: 12.2 ms at 85.9s (Bodies: 474)
⚡ PHYSICS SPIKE #2661: 12.2 ms at 85.9s (Bodies: 474)
⚡ PHYSICS SPIKE #2662: 12.2 ms at 85.9s (Bodies: 474)
⚡ FRAME SPIKE #1907: 61.1 ms at 85.9s (Draw: 4680, Bodies: 474)
⚡ PHYSICS SPIKE #2663: 12.2 ms at 86.0s (Bodies: 474)
⚡ PHYSICS SPIKE #2664: 12.2 ms at 86.0s (Bodies: 474)
⚡ PHYSICS SPIKE #2665: 12.2 ms at 86.0s (Bodies: 474)
⚡ PHYSICS SPIKE #2666: 12.2 ms at 86.0s (Bodies: 474)
⚡ FRAME SPIKE #1908: 60.6 ms at 86.0s (Draw: 4680, Bodies: 474)
⚡ PHYSICS SPIKE #2667: 12.2 ms at 86.1s (Bodies: 474)
⚡ PHYSICS SPIKE #2668: 12.2 ms at 86.1s (Bodies: 474)
⚡ PHYSICS SPIKE #2669: 12.2 ms at 86.1s (Bodies: 474)
⚡ FRAME SPIKE #1909: 60.6 ms at 86.1s (Draw: 4680, Bodies: 474)
⚡ PHYSICS SPIKE #2670: 12.2 ms at 86.1s (Bodies: 474)
⚡ PHYSICS SPIKE #2671: 12.2 ms at 86.1s (Bodies: 474)
⚡ PHYSICS SPIKE #2672: 12.2 ms at 86.1s (Bodies: 474)
⚡ PHYSICS SPIKE #2673: 12.2 ms at 86.1s (Bodies: 474)
⚡ FRAME SPIKE #1910: 58.6 ms at 86.1s (Draw: 4680, Bodies: 474)
⚡ PHYSICS SPIKE #2674: 12.2 ms at 86.2s (Bodies: 474)
⚡ PHYSICS SPIKE #2675: 12.2 ms at 86.2s (Bodies: 474)
⚡ PHYSICS SPIKE #2676: 12.2 ms at 86.2s (Bodies: 474)
⚡ PHYSICS SPIKE #2677: 12.2 ms at 86.2s (Bodies: 474)
⚡ FRAME SPIKE #1911: 60.6 ms at 86.2s (Draw: 4680, Bodies: 474)
⚡ PHYSICS SPIKE #2678: 12.2 ms at 86.2s (Bodies: 474)
⚡ PHYSICS SPIKE #2679: 12.2 ms at 86.2s (Bodies: 474)
⚡ PHYSICS SPIKE #2680: 12.2 ms at 86.2s (Bodies: 474)
⚡ FRAME SPIKE #1912: 61.1 ms at 86.2s (Draw: 4680, Bodies: 474)
⚡ PHYSICS SPIKE #2681: 12.2 ms at 86.3s (Bodies: 474)
⚡ PHYSICS SPIKE #2682: 12.2 ms at 86.3s (Bodies: 474)
⚡ PHYSICS SPIKE #2683: 12.2 ms at 86.3s (Bodies: 474)
⚡ PHYSICS SPIKE #2684: 12.2 ms at 86.3s (Bodies: 474)
⚡ FRAME SPIKE #1913: 60.6 ms at 86.3s (Draw: 4680, Bodies: 474)
⚡ PHYSICS SPIKE #2685: 12.2 ms at 86.4s (Bodies: 474)
⚡ PHYSICS SPIKE #2686: 12.2 ms at 86.4s (Bodies: 474)
⚡ PHYSICS SPIKE #2687: 12.2 ms at 86.4s (Bodies: 474)
⚡ PHYSICS SPIKE #2688: 12.2 ms at 86.4s (Bodies: 474)
⚡ FRAME SPIKE #1914: 60.6 ms at 86.4s (Draw: 4680, Bodies: 474)
⚡ PHYSICS SPIKE #2689: 12.2 ms at 86.4s (Bodies: 474)
⚡ PHYSICS SPIKE #2690: 12.2 ms at 86.4s (Bodies: 474)
⚡ PHYSICS SPIKE #2691: 12.2 ms at 86.4s (Bodies: 474)
⚡ FRAME SPIKE #1915: 61.1 ms at 86.4s (Draw: 4680, Bodies: 474)
⚡ PHYSICS SPIKE #2692: 12.2 ms at 86.5s (Bodies: 474)
⚡ PHYSICS SPIKE #2693: 12.2 ms at 86.5s (Bodies: 474)
⚡ PHYSICS SPIKE #2694: 12.2 ms at 86.5s (Bodies: 474)
⚡ PHYSICS SPIKE #2695: 12.2 ms at 86.5s (Bodies: 473)
⚡ FRAME SPIKE #1916: 60.6 ms at 86.5s (Draw: 4680, Bodies: 473)
⚡ PHYSICS SPIKE #2696: 12.2 ms at 86.5s (Bodies: 473)
⚡ PHYSICS SPIKE #2697: 12.2 ms at 86.5s (Bodies: 473)
⚡ PHYSICS SPIKE #2698: 12.2 ms at 86.5s (Bodies: 473)
⚡ PHYSICS SPIKE #2699: 12.2 ms at 86.5s (Bodies: 473)
⚡ FRAME SPIKE #1917: 60.8 ms at 86.5s (Draw: 4679, Bodies: 473)
⚡ PHYSICS SPIKE #2700: 12.2 ms at 86.6s (Bodies: 473)
⚡ PHYSICS SPIKE #2701: 12.2 ms at 86.6s (Bodies: 473)
⚡ PHYSICS SPIKE #2702: 12.2 ms at 86.6s (Bodies: 473)
⚡ FRAME SPIKE #1918: 60.6 ms at 86.6s (Draw: 4679, Bodies: 473)
⚡ PHYSICS SPIKE #2703: 12.0 ms at 86.7s (Bodies: 473)
⚡ PHYSICS SPIKE #2704: 12.0 ms at 86.7s (Bodies: 473)
⚡ PHYSICS SPIKE #2705: 12.0 ms at 86.7s (Bodies: 473)
⚡ PHYSICS SPIKE #2706: 12.0 ms at 86.7s (Bodies: 473)
⚡ FRAME SPIKE #1919: 58.2 ms at 86.7s (Draw: 4679, Bodies: 473)
⚡ PHYSICS SPIKE #2707: 12.0 ms at 86.7s (Bodies: 473)
⚡ PHYSICS SPIKE #2708: 12.0 ms at 86.7s (Bodies: 472)
⚡ PHYSICS SPIKE #2709: 12.0 ms at 86.7s (Bodies: 472)
⚡ FRAME SPIKE #1920: 60.6 ms at 86.7s (Draw: 4679, Bodies: 472)
⚡ PHYSICS SPIKE #2710: 12.0 ms at 86.8s (Bodies: 472)
⚡ PHYSICS SPIKE #2711: 12.0 ms at 86.8s (Bodies: 472)
⚡ PHYSICS SPIKE #2712: 12.0 ms at 86.8s (Bodies: 472)
⚡ PHYSICS SPIKE #2713: 12.0 ms at 86.8s (Bodies: 472)
⚡ FRAME SPIKE #1921: 55.9 ms at 86.8s (Draw: 4679, Bodies: 472)
⚡ PHYSICS SPIKE #2714: 12.0 ms at 86.8s (Bodies: 472)
⚡ PHYSICS SPIKE #2715: 12.0 ms at 86.8s (Bodies: 472)
⚡ PHYSICS SPIKE #2716: 12.0 ms at 86.8s (Bodies: 472)
⚡ FRAME SPIKE #1922: 60.0 ms at 86.8s (Draw: 4679, Bodies: 472)
🚗 Traffic: 31 active NPCs (Near: 9, Mid: 15, Far: 7), 5 pooled
  → Physics bodies from NPCs: 31 (All: 31×1, было бы 31×5=155)

========== Bottleneck Analysis Report ==========
Time: 97.3s | Frames: 2186

📊 PERFORMANCE OVERVIEW:
  FPS: 16.3 avg | 16.0 min
  Frame Time: 23.29 ms avg | 29.25 ms max
  Physics Time: 12.57 ms avg

🔍 BOTTLENECK IDENTIFICATION:
  🔴 [CRITICAL] Physics Time
      Value: 12.57 ms
      Impact: Physics simulation overhead
      Suggestions:
        • Reduce number of active physics bodies
        • Simplify collision shapes
        • Disable physics for distant objects

  🟠 [HIGH] Frame Time
      Value: 23.29 ms (target: 16.67 ms)
      Impact: Overall performance bottleneck
      Suggestions:
        • Reduce draw calls
        • Optimize scripts in _process()
        • Check for expensive operations per frame

  🟠 [HIGH] Draw Calls
      Value: 4680 calls/frame
      Impact: GPU rendering overhead
      Suggestions:
        • Batch meshes by material
        • Use MultiMeshInstance3D
        • Implement LOD system
        • Enable frustum culling

  🟠 [HIGH] Physics Bodies
      Value: 474 active bodies
      Impact: Physics engine load
      Suggestions:
        • Reduce NPC count
        • Convert distant NPCs to kinematic
        • Disable physics for far objects

  🟡 [MEDIUM] Vertex Count
      Value: 4646915 vertices/frame
      Impact: GPU vertex processing
      Suggestions:
        • Implement LOD for distant objects
        • Simplify building meshes
        • Use lower poly models

  🟡 [MEDIUM] Node Count
      Value: 30923 nodes
      Impact: Scene tree traversal overhead
      Suggestions:
        • Unload distant chunks
        • Pool and reuse nodes
        • Flatten hierarchy where possible

  🟡 [MEDIUM] Post-Processing Effects
      Value: SSAO, Glow/Bloom, Volumetric Fog
      Impact: GPU shader overhead
      Suggestions:
        • Reduce SSR quality
        • Disable SSAO on low-end hardware
        • Use simpler fog

📈 DETAILED STATS:
  Draw Calls: 4680 avg | 4685 max
  Vertices: 4646915 avg | 4656822 max
  Physics Bodies: 474
  Nodes: 30923
  VRAM: 801.5 MB

=================================================

⚡ PHYSICS SPIKE #2717: 12.0 ms at 86.9s (Bodies: 472)
⚡ PHYSICS SPIKE #2718: 12.0 ms at 86.9s (Bodies: 472)
⚡ PHYSICS SPIKE #2719: 12.0 ms at 86.9s (Bodies: 472)
⚡ PHYSICS SPIKE #2720: 12.0 ms at 86.9s (Bodies: 472)
⚡ FRAME SPIKE #1923: 58.4 ms at 86.9s (Draw: 4679, Bodies: 472)
⚡ PHYSICS SPIKE #2721: 12.0 ms at 87.0s (Bodies: 472)
⚡ PHYSICS SPIKE #2722: 12.0 ms at 87.0s (Bodies: 472)
⚡ PHYSICS SPIKE #2723: 12.0 ms at 87.0s (Bodies: 472)
⚡ FRAME SPIKE #1924: 59.3 ms at 87.0s (Draw: 4679, Bodies: 472)
⚡ PHYSICS SPIKE #2724: 12.0 ms at 87.0s (Bodies: 472)
⚡ PHYSICS SPIKE #2725: 12.0 ms at 87.0s (Bodies: 472)
⚡ PHYSICS SPIKE #2726: 12.0 ms at 87.0s (Bodies: 472)
⚡ PHYSICS SPIKE #2727: 12.0 ms at 87.0s (Bodies: 472)
⚡ FRAME SPIKE #1925: 56.0 ms at 87.0s (Draw: 4679, Bodies: 472)
⚡ PHYSICS SPIKE #2728: 12.0 ms at 87.1s (Bodies: 472)
⚡ PHYSICS SPIKE #2729: 12.0 ms at 87.1s (Bodies: 472)
⚡ PHYSICS SPIKE #2730: 12.0 ms at 87.1s (Bodies: 472)
⚡ FRAME SPIKE #1926: 59.1 ms at 87.1s (Draw: 4679, Bodies: 472)
⚡ PHYSICS SPIKE #2731: 12.0 ms at 87.1s (Bodies: 472)
⚡ PHYSICS SPIKE #2732: 12.0 ms at 87.1s (Bodies: 472)
⚡ PHYSICS SPIKE #2733: 12.0 ms at 87.1s (Bodies: 472)
⚡ PHYSICS SPIKE #2734: 12.0 ms at 87.1s (Bodies: 472)
⚡ FRAME SPIKE #1927: 56.0 ms at 87.1s (Draw: 4679, Bodies: 472)
⚡ PHYSICS SPIKE #2735: 12.0 ms at 87.2s (Bodies: 472)
⚡ PHYSICS SPIKE #2736: 12.0 ms at 87.2s (Bodies: 474)
⚡ PHYSICS SPIKE #2737: 12.0 ms at 87.2s (Bodies: 474)
⚡ FRAME SPIKE #1928: 58.3 ms at 87.2s (Draw: 4680, Bodies: 474)
⚡ PHYSICS SPIKE #2738: 12.0 ms at 87.2s (Bodies: 474)
⚡ PHYSICS SPIKE #2739: 12.0 ms at 87.2s (Bodies: 474)
⚡ PHYSICS SPIKE #2740: 12.0 ms at 87.2s (Bodies: 474)
⚡ PHYSICS SPIKE #2741: 12.0 ms at 87.2s (Bodies: 474)
⚡ FRAME SPIKE #1929: 58.3 ms at 87.2s (Draw: 4680, Bodies: 474)
⚡ PHYSICS SPIKE #2742: 12.0 ms at 87.3s (Bodies: 474)
⚡ PHYSICS SPIKE #2743: 12.0 ms at 87.3s (Bodies: 474)
⚡ PHYSICS SPIKE #2744: 12.0 ms at 87.3s (Bodies: 474)
⚡ FRAME SPIKE #1930: 58.3 ms at 87.3s (Draw: 4680, Bodies: 474)
⚡ PHYSICS SPIKE #2745: 12.0 ms at 87.4s (Bodies: 474)
⚡ PHYSICS SPIKE #2746: 12.0 ms at 87.4s (Bodies: 474)
⚡ PHYSICS SPIKE #2747: 12.0 ms at 87.4s (Bodies: 474)
⚡ PHYSICS SPIKE #2748: 12.0 ms at 87.4s (Bodies: 473)
⚡ FRAME SPIKE #1931: 58.3 ms at 87.4s (Draw: 4680, Bodies: 473)
⚡ PHYSICS SPIKE #2749: 12.0 ms at 87.4s (Bodies: 473)
⚡ PHYSICS SPIKE #2750: 12.0 ms at 87.4s (Bodies: 473)
⚡ PHYSICS SPIKE #2751: 12.0 ms at 87.4s (Bodies: 473)
⚡ FRAME SPIKE #1932: 58.3 ms at 87.4s (Draw: 4678, Bodies: 473)
⚡ PHYSICS SPIKE #2752: 12.0 ms at 87.5s (Bodies: 473)
⚡ PHYSICS SPIKE #2753: 12.0 ms at 87.5s (Bodies: 473)
⚡ PHYSICS SPIKE #2754: 12.0 ms at 87.5s (Bodies: 473)
⚡ FRAME SPIKE #1933: 57.3 ms at 87.5s (Draw: 4678, Bodies: 473)
⚡ PHYSICS SPIKE #2755: 12.0 ms at 87.5s (Bodies: 473)
⚡ PHYSICS SPIKE #2756: 12.0 ms at 87.5s (Bodies: 473)
⚡ PHYSICS SPIKE #2757: 12.0 ms at 87.5s (Bodies: 473)
⚡ PHYSICS SPIKE #2758: 12.0 ms at 87.5s (Bodies: 473)
⚡ FRAME SPIKE #1934: 52.8 ms at 87.5s (Draw: 4678, Bodies: 473)
⚡ PHYSICS SPIKE #2759: 12.0 ms at 87.6s (Bodies: 473)
⚡ PHYSICS SPIKE #2760: 12.0 ms at 87.6s (Bodies: 473)
⚡ PHYSICS SPIKE #2761: 12.0 ms at 87.6s (Bodies: 473)
⚡ FRAME SPIKE #1935: 57.6 ms at 87.6s (Draw: 4678, Bodies: 473)
⚡ PHYSICS SPIKE #2762: 11.6 ms at 87.6s (Bodies: 473)
⚡ PHYSICS SPIKE #2763: 11.6 ms at 87.6s (Bodies: 473)
⚡ PHYSICS SPIKE #2764: 11.6 ms at 87.6s (Bodies: 473)
⚡ PHYSICS SPIKE #2765: 11.6 ms at 87.6s (Bodies: 473)
⚡ FRAME SPIKE #1936: 57.6 ms at 87.6s (Draw: 4678, Bodies: 473)
⚡ PHYSICS SPIKE #2766: 11.6 ms at 87.7s (Bodies: 473)
⚡ PHYSICS SPIKE #2767: 11.6 ms at 87.7s (Bodies: 473)
⚡ PHYSICS SPIKE #2768: 11.6 ms at 87.7s (Bodies: 473)
⚡ FRAME SPIKE #1937: 57.6 ms at 87.7s (Draw: 4678, Bodies: 473)
⚡ PHYSICS SPIKE #2769: 11.6 ms at 87.8s (Bodies: 473)
⚡ PHYSICS SPIKE #2770: 11.6 ms at 87.8s (Bodies: 473)
⚡ PHYSICS SPIKE #2771: 11.6 ms at 87.8s (Bodies: 473)
⚡ PHYSICS SPIKE #2772: 11.6 ms at 87.8s (Bodies: 473)
⚡ FRAME SPIKE #1938: 58.1 ms at 87.8s (Draw: 4678, Bodies: 473)
⚡ PHYSICS SPIKE #2773: 11.6 ms at 87.8s (Bodies: 473)
⚡ PHYSICS SPIKE #2774: 11.6 ms at 87.8s (Bodies: 473)
⚡ PHYSICS SPIKE #2775: 11.6 ms at 87.8s (Bodies: 473)
⚡ FRAME SPIKE #1939: 57.6 ms at 87.8s (Draw: 4678, Bodies: 473)
⚡ PHYSICS SPIKE #2776: 11.6 ms at 87.9s (Bodies: 473)
⚡ PHYSICS SPIKE #2777: 11.6 ms at 87.9s (Bodies: 473)
⚡ PHYSICS SPIKE #2778: 11.6 ms at 87.9s (Bodies: 473)
⚡ PHYSICS SPIKE #2779: 11.6 ms at 87.9s (Bodies: 473)
⚡ FRAME SPIKE #1940: 59.1 ms at 87.9s (Draw: 4678, Bodies: 473)
⚡ PHYSICS SPIKE #2780: 11.6 ms at 87.9s (Bodies: 473)
⚡ PHYSICS SPIKE #2781: 11.6 ms at 87.9s (Bodies: 473)
⚡ PHYSICS SPIKE #2782: 11.6 ms at 87.9s (Bodies: 473)
⚡ FRAME SPIKE #1941: 57.6 ms at 87.9s (Draw: 4678, Bodies: 473)
⚡ PHYSICS SPIKE #2783: 11.6 ms at 88.0s (Bodies: 473)
⚡ PHYSICS SPIKE #2784: 11.6 ms at 88.0s (Bodies: 473)
⚡ PHYSICS SPIKE #2785: 11.6 ms at 88.0s (Bodies: 473)
⚡ PHYSICS SPIKE #2786: 11.6 ms at 88.0s (Bodies: 473)
⚡ FRAME SPIKE #1942: 59.1 ms at 88.0s (Draw: 4678, Bodies: 473)
⚡ PHYSICS SPIKE #2787: 11.6 ms at 88.1s (Bodies: 473)
⚡ PHYSICS SPIKE #2788: 11.6 ms at 88.1s (Bodies: 473)
⚡ PHYSICS SPIKE #2789: 11.6 ms at 88.1s (Bodies: 473)
⚡ FRAME SPIKE #1943: 57.6 ms at 88.1s (Draw: 4678, Bodies: 473)
⚡ PHYSICS SPIKE #2790: 11.6 ms at 88.1s (Bodies: 473)
⚡ PHYSICS SPIKE #2791: 11.6 ms at 88.1s (Bodies: 473)
⚡ PHYSICS SPIKE #2792: 11.6 ms at 88.1s (Bodies: 473)
⚡ FRAME SPIKE #1944: 57.6 ms at 88.1s (Draw: 4678, Bodies: 473)
⚡ PHYSICS SPIKE #2793: 11.6 ms at 88.2s (Bodies: 473)
⚡ PHYSICS SPIKE #2794: 11.6 ms at 88.2s (Bodies: 473)
⚡ PHYSICS SPIKE #2795: 11.6 ms at 88.2s (Bodies: 473)
⚡ PHYSICS SPIKE #2796: 11.6 ms at 88.2s (Bodies: 473)
⚡ FRAME SPIKE #1945: 52.4 ms at 88.2s (Draw: 4678, Bodies: 473)
⚡ PHYSICS SPIKE #2797: 11.6 ms at 88.2s (Bodies: 473)
⚡ PHYSICS SPIKE #2798: 11.6 ms at 88.2s (Bodies: 474)
⚡ PHYSICS SPIKE #2799: 11.6 ms at 88.2s (Bodies: 474)
⚡ FRAME SPIKE #1946: 57.6 ms at 88.2s (Draw: 4697, Bodies: 474)
⚡ PHYSICS SPIKE #2800: 11.6 ms at 88.3s (Bodies: 474)
⚡ PHYSICS SPIKE #2801: 11.6 ms at 88.3s (Bodies: 474)
⚡ PHYSICS SPIKE #2802: 11.6 ms at 88.3s (Bodies: 474)
⚡ PHYSICS SPIKE #2803: 11.6 ms at 88.3s (Bodies: 474)
⚡ FRAME SPIKE #1947: 58.2 ms at 88.3s (Draw: 4697, Bodies: 474)
⚡ PHYSICS SPIKE #2804: 11.6 ms at 88.3s (Bodies: 474)
⚡ PHYSICS SPIKE #2805: 11.6 ms at 88.3s (Bodies: 474)
⚡ PHYSICS SPIKE #2806: 11.6 ms at 88.3s (Bodies: 474)
⚡ FRAME SPIKE #1948: 57.6 ms at 88.3s (Draw: 4697, Bodies: 474)
⚡ PHYSICS SPIKE #2807: 11.6 ms at 88.4s (Bodies: 474)
⚡ PHYSICS SPIKE #2808: 11.6 ms at 88.4s (Bodies: 474)
⚡ PHYSICS SPIKE #2809: 11.6 ms at 88.4s (Bodies: 474)
⚡ PHYSICS SPIKE #2810: 11.6 ms at 88.4s (Bodies: 474)
⚡ FRAME SPIKE #1949: 59.1 ms at 88.4s (Draw: 4697, Bodies: 474)
⚡ PHYSICS SPIKE #2811: 11.6 ms at 88.5s (Bodies: 474)
⚡ PHYSICS SPIKE #2812: 11.6 ms at 88.5s (Bodies: 474)
⚡ PHYSICS SPIKE #2813: 11.6 ms at 88.5s (Bodies: 474)
⚡ FRAME SPIKE #1950: 57.6 ms at 88.5s (Draw: 4697, Bodies: 474)
⚡ PHYSICS SPIKE #2814: 11.6 ms at 88.5s (Bodies: 474)
⚡ PHYSICS SPIKE #2815: 11.6 ms at 88.5s (Bodies: 474)
⚡ PHYSICS SPIKE #2816: 11.6 ms at 88.5s (Bodies: 474)
⚡ PHYSICS SPIKE #2817: 11.6 ms at 88.5s (Bodies: 474)
⚡ FRAME SPIKE #1951: 59.1 ms at 88.5s (Draw: 4697, Bodies: 473)
⚡ PHYSICS SPIKE #2818: 11.6 ms at 88.6s (Bodies: 473)
⚡ PHYSICS SPIKE #2819: 11.6 ms at 88.6s (Bodies: 473)
⚡ PHYSICS SPIKE #2820: 11.6 ms at 88.6s (Bodies: 473)
⚡ FRAME SPIKE #1952: 57.6 ms at 88.6s (Draw: 4693, Bodies: 473)
⚡ PHYSICS SPIKE #2821: 11.9 ms at 88.6s (Bodies: 473)
⚡ PHYSICS SPIKE #2822: 11.9 ms at 88.6s (Bodies: 473)
⚡ PHYSICS SPIKE #2823: 11.9 ms at 88.6s (Bodies: 473)
⚡ PHYSICS SPIKE #2824: 11.9 ms at 88.6s (Bodies: 473)
⚡ FRAME SPIKE #1953: 59.1 ms at 88.6s (Draw: 4693, Bodies: 473)
⚡ PHYSICS SPIKE #2825: 11.9 ms at 88.7s (Bodies: 473)
⚡ PHYSICS SPIKE #2826: 11.9 ms at 88.7s (Bodies: 473)
⚡ PHYSICS SPIKE #2827: 11.9 ms at 88.7s (Bodies: 473)
⚡ FRAME SPIKE #1954: 57.6 ms at 88.7s (Draw: 4693, Bodies: 473)
⚡ PHYSICS SPIKE #2828: 11.9 ms at 88.7s (Bodies: 473)
⚡ PHYSICS SPIKE #2829: 11.9 ms at 88.7s (Bodies: 473)
⚡ PHYSICS SPIKE #2830: 11.9 ms at 88.7s (Bodies: 473)
⚡ FRAME SPIKE #1955: 57.6 ms at 88.7s (Draw: 4693, Bodies: 473)
⚡ PHYSICS SPIKE #2831: 11.9 ms at 88.8s (Bodies: 473)
⚡ PHYSICS SPIKE #2832: 11.9 ms at 88.8s (Bodies: 473)
⚡ PHYSICS SPIKE #2833: 11.9 ms at 88.8s (Bodies: 473)
⚡ PHYSICS SPIKE #2834: 11.9 ms at 88.8s (Bodies: 473)
⚡ FRAME SPIKE #1956: 53.4 ms at 88.8s (Draw: 4693, Bodies: 473)
⚡ PHYSICS SPIKE #2835: 11.9 ms at 88.9s (Bodies: 473)
⚡ PHYSICS SPIKE #2836: 11.9 ms at 88.9s (Bodies: 473)
⚡ PHYSICS SPIKE #2837: 11.9 ms at 88.9s (Bodies: 472)
⚡ FRAME SPIKE #1957: 57.6 ms at 88.9s (Draw: 4693, Bodies: 472)
🚗 Traffic: 32 active NPCs (Near: 7, Mid: 19, Far: 6), 4 pooled
  → Physics bodies from NPCs: 32 (All: 32×1, было бы 32×5=160)

========== Bottleneck Analysis Report ==========
Time: 99.3s | Frames: 2221

📊 PERFORMANCE OVERVIEW:
  FPS: 16.5 avg | 16.0 min
  Frame Time: 23.21 ms avg | 29.25 ms max
  Physics Time: 12.19 ms avg

🔍 BOTTLENECK IDENTIFICATION:
  🔴 [CRITICAL] Physics Time
      Value: 12.19 ms
      Impact: Physics simulation overhead
      Suggestions:
        • Reduce number of active physics bodies
        • Simplify collision shapes
        • Disable physics for distant objects

  🟠 [HIGH] Frame Time
      Value: 23.21 ms (target: 16.67 ms)
      Impact: Overall performance bottleneck
      Suggestions:
        • Reduce draw calls
        • Optimize scripts in _process()
        • Check for expensive operations per frame

  🟠 [HIGH] Draw Calls
      Value: 4681 calls/frame
      Impact: GPU rendering overhead
      Suggestions:
        • Batch meshes by material
        • Use MultiMeshInstance3D
        • Implement LOD system
        • Enable frustum culling

  🟠 [HIGH] Physics Bodies
      Value: 473 active bodies
      Impact: Physics engine load
      Suggestions:
        • Reduce NPC count
        • Convert distant NPCs to kinematic
        • Disable physics for far objects

  🟡 [MEDIUM] Vertex Count
      Value: 4646637 vertices/frame
      Impact: GPU vertex processing
      Suggestions:
        • Implement LOD for distant objects
        • Simplify building meshes
        • Use lower poly models

  🟡 [MEDIUM] Node Count
      Value: 30923 nodes
      Impact: Scene tree traversal overhead
      Suggestions:
        • Unload distant chunks
        • Pool and reuse nodes
        • Flatten hierarchy where possible

  🟡 [MEDIUM] Post-Processing Effects
      Value: SSAO, Glow/Bloom, Volumetric Fog
      Impact: GPU shader overhead
      Suggestions:
        • Reduce SSR quality
        • Disable SSAO on low-end hardware
        • Use simpler fog

📈 DETAILED STATS:
  Draw Calls: 4681 avg | 4697 max
  Vertices: 4646637 avg | 4649318 max
  Physics Bodies: 473
  Nodes: 30923
  VRAM: 801.5 MB

=================================================

⚡ PHYSICS SPIKE #2838: 11.9 ms at 88.9s (Bodies: 472)
⚡ PHYSICS SPIKE #2839: 11.9 ms at 88.9s (Bodies: 472)
⚡ PHYSICS SPIKE #2840: 11.9 ms at 88.9s (Bodies: 472)
⚡ PHYSICS SPIKE #2841: 11.9 ms at 88.9s (Bodies: 472)
⚡ FRAME SPIKE #1958: 57.6 ms at 88.9s (Draw: 4693, Bodies: 472)
⚡ PHYSICS SPIKE #2842: 11.9 ms at 89.0s (Bodies: 472)
⚡ PHYSICS SPIKE #2843: 11.9 ms at 89.0s (Bodies: 472)
⚡ PHYSICS SPIKE #2844: 11.9 ms at 89.0s (Bodies: 472)
⚡ FRAME SPIKE #1959: 57.6 ms at 89.0s (Draw: 4693, Bodies: 472)
⚡ PHYSICS SPIKE #2845: 11.9 ms at 89.0s (Bodies: 472)
⚡ PHYSICS SPIKE #2846: 11.9 ms at 89.0s (Bodies: 472)
⚡ PHYSICS SPIKE #2847: 11.9 ms at 89.0s (Bodies: 472)
⚡ FRAME SPIKE #1960: 56.9 ms at 89.0s (Draw: 4693, Bodies: 472)
⚡ PHYSICS SPIKE #2848: 11.9 ms at 89.1s (Bodies: 472)
⚡ PHYSICS SPIKE #2849: 11.9 ms at 89.1s (Bodies: 472)
⚡ PHYSICS SPIKE #2850: 11.9 ms at 89.1s (Bodies: 472)
⚡ PHYSICS SPIKE #2851: 11.9 ms at 89.1s (Bodies: 471)
⚡ FRAME SPIKE #1961: 54.0 ms at 89.1s (Draw: 4693, Bodies: 471)
⚡ PHYSICS SPIKE #2852: 11.9 ms at 89.1s (Bodies: 471)
⚡ PHYSICS SPIKE #2853: 11.9 ms at 89.1s (Bodies: 471)
⚡ PHYSICS SPIKE #2854: 11.9 ms at 89.1s (Bodies: 471)
⚡ FRAME SPIKE #1962: 56.9 ms at 89.1s (Draw: 4699, Bodies: 471)
⚡ PHYSICS SPIKE #2855: 11.9 ms at 89.2s (Bodies: 471)
⚡ PHYSICS SPIKE #2856: 11.9 ms at 89.2s (Bodies: 471)
⚡ PHYSICS SPIKE #2857: 11.9 ms at 89.2s (Bodies: 471)
⚡ PHYSICS SPIKE #2858: 11.9 ms at 89.2s (Bodies: 471)
⚡ FRAME SPIKE #1963: 57.5 ms at 89.2s (Draw: 4699, Bodies: 471)
⚡ PHYSICS SPIKE #2859: 11.9 ms at 89.3s (Bodies: 471)
⚡ PHYSICS SPIKE #2860: 11.9 ms at 89.3s (Bodies: 471)
⚡ PHYSICS SPIKE #2861: 11.9 ms at 89.3s (Bodies: 471)
⚡ FRAME SPIKE #1964: 57.1 ms at 89.3s (Draw: 4699, Bodies: 471)

=== PERFORMANCE METRICS ===
FPS: 17 | Frame: 59.9 ms (max 75.4) | Physics: 16.6 ms (max 34.0)
Godot Process: 21.54 ms | Physics: 11.89 ms
Objects: 72053 | Nodes: 30923 | Resources: 539
Draw calls: 4699 | Vertices: 4649318 | VRAM: 801.5 MB
Physics bodies: 471 | Collision pairs: 6569
--- System Times ---
  road_batch_finalize_total_-1,-1: 37.99 ms (max 37.99)
  road_batch_finalize_total_-1,-2: 5.72 ms (max 5.72)
  road_batch_finalize_total_-1,-3: 9.52 ms (max 9.52)
  road_batch_finalize_total_-1,-4: 10.14 ms (max 10.14)
  road_batch_finalize_total_-1,-5: 8.48 ms (max 8.48)
  road_batch_finalize_total_-1,0: 15.24 ms (max 15.24)
  road_batch_finalize_total_-2,-1: 20.82 ms (max 20.82)
  road_batch_finalize_total_-2,-2: 18.79 ms (max 18.79)
  road_batch_finalize_total_-2,-3: 15.34 ms (max 15.34)
  road_batch_finalize_total_-2,-4: 8.57 ms (max 8.64)
  road_batch_finalize_total_-2,0: 20.92 ms (max 20.92)
  road_batch_finalize_total_0,-1: 26.87 ms (max 26.87)
  road_batch_finalize_total_0,-2: 24.63 ms (max 24.63)
  road_batch_finalize_total_0,-3: 10.80 ms (max 10.80)
  road_batch_finalize_total_0,-4: 9.87 ms (max 9.87)
  road_batch_finalize_total_0,-5: 8.33 ms (max 8.33)
  road_batch_finalize_total_0,0: 24.82 ms (max 24.82)
  road_batch_finalize_total_0,1: 20.95 ms (max 20.95)
  road_batch_finalize_total_1,-1: 13.26 ms (max 13.26)
  road_batch_finalize_total_1,-2: 29.74 ms (max 29.74)
  road_batch_finalize_total_1,-3: 19.52 ms (max 19.52)
  road_batch_finalize_total_1,-4: 9.71 ms (max 9.71)
  road_batch_finalize_total_1,0: 12.47 ms (max 12.47)
  road_batch_finalize_total_2,-3: 6.47 ms (max 6.47)
  road_collision_create_-1,-1: 12.40 ms (max 30.21)
  road_collision_create_-1,-2: 2.67 ms (max 3.38)
  road_collision_create_-1,-3: 2.88 ms (max 5.48)
  road_collision_create_-1,-4: 4.69 ms (max 5.66)
  road_collision_create_-1,-5: 3.81 ms (max 4.26)
  road_collision_create_-1,0: 7.39 ms (max 12.66)
  road_collision_create_-2,-1: 6.73 ms (max 15.12)
  road_collision_create_-2,-2: 9.17 ms (max 16.47)
  road_collision_create_-2,-3: 4.80 ms (max 10.47)
  road_collision_create_-2,-4: 3.94 ms (max 5.41)
  road_collision_create_-2,0: 10.23 ms (max 17.11)
  road_collision_create_0,-1: 8.72 ms (max 20.84)
  road_collision_create_0,-2: 7.97 ms (max 17.50)
  road_collision_create_0,-3: 3.25 ms (max 4.54)
  road_collision_create_0,-4: 3.06 ms (max 6.25)
  road_collision_create_0,-5: 3.77 ms (max 4.07)
  road_collision_create_0,0: 8.07 ms (max 21.14)
  road_collision_create_0,1: 20.70 ms (max 20.70)
  road_collision_create_1,-1: 4.24 ms (max 9.37)
  road_collision_create_1,-2: 14.62 ms (max 26.58)
  road_collision_create_1,-3: 6.21 ms (max 14.58)
  road_collision_create_1,-4: 2.97 ms (max 3.86)
  road_collision_create_1,0: 12.21 ms (max 12.21)
  road_collision_create_2,-3: 2.88 ms (max 3.83)
===========================

=== PERFORMANCE METRICS ===
FPS: 17 | Frame: 59.9 ms (max 75.4) | Physics: 16.6 ms (max 34.3)
Godot Process: 21.54 ms | Physics: 11.89 ms
Objects: 72053 | Nodes: 30923 | Resources: 539
Draw calls: 4699 | Vertices: 4649318 | VRAM: 801.5 MB
Physics bodies: 471 | Collision pairs: 6569
===========================
⚡ PHYSICS SPIKE #2862: 11.9 ms at 89.3s (Bodies: 471)
⚡ PHYSICS SPIKE #2863: 11.9 ms at 89.3s (Bodies: 471)
⚡ PHYSICS SPIKE #2864: 11.9 ms at 89.3s (Bodies: 471)
⚡ PHYSICS SPIKE #2865: 11.9 ms at 89.3s (Bodies: 471)
⚡ FRAME SPIKE #1965: 59.5 ms at 89.3s (Draw: 4699, Bodies: 471)
⚡ PHYSICS SPIKE #2866: 11.9 ms at 89.4s (Bodies: 471)
⚡ PHYSICS SPIKE #2867: 11.9 ms at 89.4s (Bodies: 471)
⚡ PHYSICS SPIKE #2868: 11.9 ms at 89.4s (Bodies: 471)
⚡ FRAME SPIKE #1966: 59.2 ms at 89.4s (Draw: 4699, Bodies: 471)
⚡ PHYSICS SPIKE #2869: 11.9 ms at 89.4s (Bodies: 471)
⚡ PHYSICS SPIKE #2870: 11.9 ms at 89.4s (Bodies: 471)
⚡ PHYSICS SPIKE #2871: 11.9 ms at 89.4s (Bodies: 471)
⚡ FRAME SPIKE #1967: 57.1 ms at 89.4s (Draw: 4699, Bodies: 470)
⚡ PHYSICS SPIKE #2872: 11.9 ms at 89.5s (Bodies: 470)
⚡ PHYSICS SPIKE #2873: 11.9 ms at 89.5s (Bodies: 470)
⚡ PHYSICS SPIKE #2874: 11.9 ms at 89.5s (Bodies: 470)
⚡ PHYSICS SPIKE #2875: 11.9 ms at 89.5s (Bodies: 470)
⚡ FRAME SPIKE #1968: 57.1 ms at 89.5s (Draw: 4695, Bodies: 470)
⚡ PHYSICS SPIKE #2876: 11.9 ms at 89.5s (Bodies: 470)
⚡ PHYSICS SPIKE #2877: 11.9 ms at 89.5s (Bodies: 470)
⚡ PHYSICS SPIKE #2878: 11.9 ms at 89.5s (Bodies: 470)
⚡ PHYSICS SPIKE #2879: 11.9 ms at 89.5s (Bodies: 470)
⚡ FRAME SPIKE #1969: 63.4 ms at 89.5s (Draw: 4695, Bodies: 470)
⚡ PHYSICS SPIKE #2880: 11.9 ms at 89.6s (Bodies: 470)
⚡ PHYSICS SPIKE #2881: 11.9 ms at 89.6s (Bodies: 470)
⚡ PHYSICS SPIKE #2882: 11.9 ms at 89.6s (Bodies: 470)
⚡ PHYSICS SPIKE #2883: 11.9 ms at 89.6s (Bodies: 470)
⚡ FRAME SPIKE #1970: 65.8 ms at 89.6s (Draw: 4695, Bodies: 470)
⚡ PHYSICS SPIKE #2884: 12.5 ms at 89.7s (Bodies: 470)
⚡ PHYSICS SPIKE #2885: 12.5 ms at 89.7s (Bodies: 470)
⚡ PHYSICS SPIKE #2886: 12.5 ms at 89.7s (Bodies: 470)
⚡ PHYSICS SPIKE #2887: 12.5 ms at 89.7s (Bodies: 470)
⚡ FRAME SPIKE #1971: 69.3 ms at 89.7s (Draw: 4695, Bodies: 470)
⚡ PHYSICS SPIKE #2888: 12.5 ms at 89.7s (Bodies: 470)
⚡ PHYSICS SPIKE #2889: 12.5 ms at 89.7s (Bodies: 470)
⚡ PHYSICS SPIKE #2890: 12.5 ms at 89.7s (Bodies: 470)
⚡ PHYSICS SPIKE #2891: 12.5 ms at 89.7s (Bodies: 470)
⚡ FRAME SPIKE #1972: 71.9 ms at 89.7s (Draw: 4695, Bodies: 470)
⚡ PHYSICS SPIKE #2892: 12.5 ms at 89.8s (Bodies: 470)
⚡ PHYSICS SPIKE #2893: 12.5 ms at 89.8s (Bodies: 470)
⚡ PHYSICS SPIKE #2894: 12.5 ms at 89.8s (Bodies: 470)
⚡ PHYSICS SPIKE #2895: 12.5 ms at 89.8s (Bodies: 470)
⚡ FRAME SPIKE #1973: 64.3 ms at 89.8s (Draw: 4695, Bodies: 470)
⚡ PHYSICS SPIKE #2896: 12.5 ms at 89.9s (Bodies: 470)
⚡ PHYSICS SPIKE #2897: 12.5 ms at 89.9s (Bodies: 470)
⚡ PHYSICS SPIKE #2898: 12.5 ms at 89.9s (Bodies: 470)
⚡ PHYSICS SPIKE #2899: 12.5 ms at 89.9s (Bodies: 470)
⚡ FRAME SPIKE #1974: 64.6 ms at 89.9s (Draw: 4695, Bodies: 470)
⚡ PHYSICS SPIKE #2900: 12.5 ms at 89.9s (Bodies: 470)
⚡ PHYSICS SPIKE #2901: 12.5 ms at 89.9s (Bodies: 470)
⚡ PHYSICS SPIKE #2902: 12.5 ms at 89.9s (Bodies: 470)
⚡ FRAME SPIKE #1975: 60.5 ms at 89.9s (Draw: 4695, Bodies: 470)

========== DETAILED TEST RESULTS ==========
Test duration: 90.0 seconds

📊 FRAME SPIKES (> 25.0 ms): 1975 total
  Early (0-30s): 872 spikes
  Mid (30-60s): 589 spikes
  Late (60-90s): 514 spikes

  🔴 WORST SPIKE:
    Time: 18.1s
    Frame time: 126.4 ms
    FPS: 35
    Draw calls: 3802
    Vertices: 3423174
    Physics bodies: 283
    Nodes: 17876

  First 5 spikes:
    0.1s: 49.3 ms (Draw: 5645, Bodies: 195)
    0.1s: 33.3 ms (Draw: 5631, Bodies: 195)
    0.2s: 33.3 ms (Draw: 5643, Bodies: 195)
    0.2s: 33.3 ms (Draw: 5653, Bodies: 195)
    0.2s: 31.0 ms (Draw: 5652, Bodies: 195)

📊 PHYSICS SPIKES (> 10ms): 2902 total
  🔴 WORST PHYSICS SPIKE:
    Time: 80.6s
    Physics time: 14.5 ms
    Bodies: 475

✅ Detailed spike data saved to:
   /Users/sergey/Library/Application Support/Godot/app_userdata/OSM Racing/detailed_performance.json
[PerformanceLogger] Stopped logging: detailed_test_90s
[PerformanceLogger] Exported metrics to: user://detailed_test_90s.csv

========== Performance Test Summary ==========
Test: detailed_test_90s
Duration: 90.07 seconds
Frames: 1986

FPS:
  Average: 23.8
  Median (50th): 21.0
  95th Percentile: 35.0
  5th Percentile: 16.0
  Min: 16.0
  Max: 41.0

Frame Time (ms):
  Average: 31.61
  Min: 18.11
  Max: 114.70

Rendering:
  Avg Draw Calls: 5179
  Max Draw Calls: 8167
  Avg Vertices: 12488684
  Max Vertices: 54090696
  VRAM: 801.5 MB

Physics:
  Active Bodies: 470

Scene:
  Node Count: 30923
==============================================


===========================================

Quitting application...
🚗 Traffic: 30 active NPCs (Near: 6, Mid: 18, Far: 6), 6 pooled
  → Physics bodies from NPCs: 30 (All: 30×1, было бы 30×5=150)

========== Bottleneck Analysis Report ==========
Time: 101.3s | Frames: 2253

📊 PERFORMANCE OVERVIEW:
  FPS: 16.7 avg | 14.0 min
  Frame Time: 24.69 ms avg | 69.01 ms max
  Physics Time: 12.36 ms avg

🔍 BOTTLENECK IDENTIFICATION:
  🔴 [CRITICAL] Physics Time
      Value: 12.36 ms
      Impact: Physics simulation overhead
      Suggestions:
        • Reduce number of active physics bodies
        • Simplify collision shapes
        • Disable physics for distant objects

  🟠 [HIGH] Frame Time
      Value: 24.69 ms (target: 16.67 ms)
      Impact: Overall performance bottleneck
      Suggestions:
        • Reduce draw calls
        • Optimize scripts in _process()
        • Check for expensive operations per frame

  🟠 [HIGH] Draw Calls
      Value: 4686 calls/frame
      Impact: GPU rendering overhead
      Suggestions:
        • Batch meshes by material
        • Use MultiMeshInstance3D
        • Implement LOD system
        • Enable frustum culling

  🟠 [HIGH] Physics Bodies
      Value: 472 active bodies
      Impact: Physics engine load
      Suggestions:
        • Reduce NPC count
        • Convert distant NPCs to kinematic
        • Disable physics for far objects

  🟡 [MEDIUM] Vertex Count
      Value: 4647642 vertices/frame
      Impact: GPU vertex processing
      Suggestions:
        • Implement LOD for distant objects
        • Simplify building meshes
        • Use lower poly models

  🟡 [MEDIUM] Node Count
      Value: 30923 nodes
      Impact: Scene tree traversal overhead
      Suggestions:
        • Unload distant chunks
        • Pool and reuse nodes
        • Flatten hierarchy where possible

  🟡 [MEDIUM] Post-Processing Effects
      Value: SSAO, Glow/Bloom, Volumetric Fog
      Impact: GPU shader overhead
      Suggestions:
        • Reduce SSR quality
        • Disable SSAO on low-end hardware
        • Use simpler fog

📈 DETAILED STATS:
  Draw Calls: 4686 avg | 4709 max
  Vertices: 4647642 avg | 4651720 max
  Physics Bodies: 472
  Nodes: 30923
  VRAM: 801.5 MB

=================================================

XR: Clearing primary interface
XR: Removed interface "Native mobile"
XR: Removed interface "OpenXR"
[mvk-info] Destroyed VkDevice on GPU Apple M1 Pro with 13 Vulkan extensions enabled.
[mvk-info] Destroyed VkPhysicalDevice for GPU Apple M1 Pro with 72 MB of GPU memory still allocated.
[mvk-info] Destroying VkInstance for Vulkan version 1.2.0 with 4 Vulkan extensions enabled.
WARNING: ObjectDB instances leaked at exit (run with --verbose for details).
     at: cleanup (core/object/object.cpp:2514)
Leaked instance: GDScriptNativeClass:9223372055678812869
Leaked instance: GDScript:9223372076516115864 - Resource path: res://osm/osm_loader.gd
ERROR: Cannot get path of node as it is not in a scene tree.
   at: get_path (scene/main/node.cpp:2374)
Leaked instance: Node:70632081439 - Node path: 
ERROR: Cannot get path of node as it is not in a scene tree.
   at: get_path (scene/main/node.cpp:2374)
Leaked instance: Node:76453775829 - Node path: 
ERROR: Cannot get path of node as it is not in a scene tree.
   at: get_path (scene/main/node.cpp:2374)
Leaked instance: Node:76789320168 - Node path: 
ERROR: Cannot get path of node as it is not in a scene tree.
   at: get_path (scene/main/node.cpp:2374)
Leaked instance: Node:3056875866609 - Node path: 
ERROR: Cannot get path of node as it is not in a scene tree.
   at: get_path (scene/main/node.cpp:2374)
Leaked instance: Node:78047611433 - Node path: 
ERROR: Cannot get path of node as it is not in a scene tree.
   at: get_path (scene/main/node.cpp:2374)
Leaked instance: Node:78131497518 - Node path: 
ERROR: Cannot get path of node as it is not in a scene tree.
   at: get_path (scene/main/node.cpp:2374)
Leaked instance: Node:80463530665 - Node path: 
ERROR: Cannot get path of node as it is not in a scene tree.
   at: get_path (scene/main/node.cpp:2374)
Leaked instance: Node:83886082904 - Node path: 
ERROR: Cannot get path of node as it is not in a scene tree.
   at: get_path (scene/main/node.cpp:2374)
Leaked instance: Node:83919637338 - Node path: 
ERROR: Cannot get path of node as it is not in a scene tree.
   at: get_path (scene/main/node.cpp:2374)
Leaked instance: Node:84003523423 - Node path: 
ERROR: Cannot get path of node as it is not in a scene tree.
   at: get_path (scene/main/node.cpp:2374)
Leaked instance: Node:88566926436 - Node path: 
ERROR: Cannot get path of node as it is not in a scene tree.
   at: get_path (scene/main/node.cpp:2374)
Leaked instance: Node:91888815391 - Node path: 
ERROR: Cannot get path of node as it is not in a scene tree.
   at: get_path (scene/main/node.cpp:2374)
Leaked instance: Node:92241136944 - Node path: 
ERROR: Cannot get path of node as it is not in a scene tree.
   at: get_path (scene/main/node.cpp:2374)
Leaked instance: Node:92274691378 - Node path: 
ERROR: Cannot get path of node as it is not in a scene tree.
   at: get_path (scene/main/node.cpp:2374)
Leaked instance: Node:100076097251 - Node path: 
ERROR: Cannot get path of node as it is not in a scene tree.
   at: get_path (scene/main/node.cpp:2374)
Leaked instance: Node:102995333000 - Node path: 
ERROR: Cannot get path of node as it is not in a scene tree.
   at: get_path (scene/main/node.cpp:2374)
Leaked instance: Node:103079219085 - Node path: 
ERROR: Cannot get path of node as it is not in a scene tree.
   at: get_path (scene/main/node.cpp:2374)
Leaked instance: Node:1246228415051 - Node path: 
ERROR: Cannot get path of node as it is not in a scene tree.
   at: get_path (scene/main/node.cpp:2374)
Leaked instance: Node:1250372387624 - Node path: 
ERROR: Cannot get path of node as it is not in a scene tree.
   at: get_path (scene/main/node.cpp:2374)
Leaked instance: Node:1764392739594 - Node path: 
ERROR: Cannot get path of node as it is not in a scene tree.
   at: get_path (scene/main/node.cpp:2374)
Leaked instance: Node:1766825436049 - Node path: 
ERROR: Cannot get path of node as it is not in a scene tree.
   at: get_path (scene/main/node.cpp:2374)
Leaked instance: Node:2203385381710 - Node path: 
ERROR: Cannot get path of node as it is not in a scene tree.
   at: get_path (scene/main/node.cpp:2374)
Leaked instance: Node:2209358070947 - Node path: 
ERROR: Cannot get path of node as it is not in a scene tree.
   at: get_path (scene/main/node.cpp:2374)
Leaked instance: Node:2528846600011 - Node path: 
ERROR: Cannot get path of node as it is not in a scene tree.
   at: get_path (scene/main/node.cpp:2374)
Leaked instance: Node:2622715126509 - Node path: 
ERROR: Cannot get path of node as it is not in a scene tree.
   at: get_path (scene/main/node.cpp:2374)
Leaked instance: Node:2694488056860 - Node path: 
ERROR: Cannot get path of node as it is not in a scene tree.
   at: get_path (scene/main/node.cpp:2374)
Leaked instance: Node:3108549753512 - Node path: 
ERROR: Cannot get path of node as it is not in a scene tree.
   at: get_path (scene/main/node.cpp:2374)
Leaked instance: Node:3157304344524 - Node path: 
Hint: Leaked instances typically happen when nodes are removed from the scene tree (with `remove_child()`) but not freed (with `free()` or `queue_free()`).
ERROR: 1 resources still in use at exit.
   at: clear (core/io/resource.cpp:790)
Resource still in use: res://osm/osm_loader.gd (GDScript)
Orphan StringName: _ready (static: 1, total: 2)
Orphan StringName: current_server_index (static: 0, total: 32)
Orphan StringName: is_cached (static: 0, total: 1)
Orphan StringName: HTTPRequest (static: 1, total: 3)
Orphan StringName: CACHE_VERSION (static: 0, total: 1)
Orphan StringName: _emit_cached_data (static: 0, total: 1)
Orphan StringName: use_cache (static: 0, total: 32)
Orphan StringName: OSMLoader (static: 0, total: 3)
Orphan StringName: CACHE_DIR (static: 0, total: 1)
Orphan StringName: _ensure_cache_dir (static: 0, total: 1)
Orphan StringName: OVERPASS_SERVERS (static: 0, total: 1)
Orphan StringName: radius_meters (static: 0, total: 31)
Orphan StringName: max_retries (static: 0, total: 32)
Orphan StringName: get_cache_size (static: 0, total: 1)
Orphan StringName: _parse_osm_data (static: 0, total: 1)
Orphan StringName: current_cache_key (static: 0, total: 32)
Orphan StringName: center_lat (static: 0, total: 31)
Orphan StringName: center_lon (static: 0, total: 31)
Orphan StringName: Master (static: 0, total: 3)
Orphan StringName: load_failed (static: 0, total: 2)
Orphan StringName: _get_cache_path (static: 0, total: 1)
Orphan StringName: _send_request (static: 0, total: 1)
Orphan StringName: load_area (static: 0, total: 1)
Orphan StringName: _try_next_server (static: 0, total: 1)
Orphan StringName: data_loaded (static: 0, total: 2)
Orphan StringName: latlon_to_local (static: 0, total: 1)
Orphan StringName: Node (static: 3, total: 4)
Orphan StringName: _on_request_completed (static: 0, total: 1)
Orphan StringName: http_request (static: 0, total: 31)
Orphan StringName: clear_cache (static: 0, total: 1)
Orphan StringName: retry_count (static: 0, total: 32)
Orphan StringName: _load_from_cache (static: 0, total: 1)
Orphan StringName: pending_query (static: 0, total: 32)
Orphan StringName: _get_cache_key (static: 0, total: 1)
Orphan StringName: _save_to_cache (static: 0, total: 1)
StringName: 35 unclaimed string names at exit.
