WorkerThreadPool: 10 threads, 3 max low-priority.
Godot Engine v4.5.1.stable.official.f62fdbde1 - https://godotengine.org
TextServer: Added interface "Dummy"
TextServer: Added interface "ICU / HarfBuzz / Graphite (Built-in)"
Unrecognized output string "misc2" in mapping:
030000007e0500006920000001010000,Nintendo Switch 2 Pro Controller,a:b0,b:b1,back:b14,dpdown:b8,dpleft:b10,dpright:b9,dpup:b11,guide:b16,leftshoulder:b12,leftstick:b15,lefttrigger:b13,leftx:a0,lefty:a1~,misc1:b17,misc2:b20,paddle1:b18,paddle2:b19,rightshoulder:b4,rightstick:b7,righttrigger:b5,rightx:a2,righty:a3~,start:b6,x:b2,y:b3,platform:Mac OS X,
SDL: Init OK!
[mvk-info] MoltenVK version 1.2.9, supporting Vulkan version 1.2.283.
	The following 110 Vulkan extensions are supported:
		VK_KHR_16bit_storage v1
		VK_KHR_8bit_storage v1
		VK_KHR_bind_memory2 v1
		VK_KHR_buffer_device_address v1
		VK_KHR_calibrated_timestamps v1
		VK_KHR_copy_commands2 v1
		VK_KHR_create_renderpass2 v1
		VK_KHR_dedicated_allocation v3
		VK_KHR_deferred_host_operations v4
		VK_KHR_depth_stencil_resolve v1
		VK_KHR_descriptor_update_template v1
		VK_KHR_device_group v4
		VK_KHR_device_group_creation v1
		VK_KHR_driver_properties v1
		VK_KHR_dynamic_rendering v1
		VK_KHR_external_fence v1
		VK_KHR_external_fence_capabilities v1
		VK_KHR_external_memory v1
		VK_KHR_external_memory_capabilities v1
		VK_KHR_external_semaphore v1
		VK_KHR_external_semaphore_capabilities v1
		VK_KHR_fragment_shader_barycentric v1
		VK_KHR_format_feature_flags2 v2
		VK_KHR_get_memory_requirements2 v1
		VK_KHR_get_physical_device_properties2 v2
		VK_KHR_get_surface_capabilities2 v1
		VK_KHR_imageless_framebuffer v1
		VK_KHR_image_format_list v1
		VK_KHR_incremental_present v2
		VK_KHR_maintenance1 v2
		VK_KHR_maintenance2 v1
		VK_KHR_maintenance3 v1
		VK_KHR_map_memory2 v1
		VK_KHR_multiview v1
		VK_KHR_portability_subset v1
		VK_KHR_push_descriptor v2
		VK_KHR_relaxed_block_layout v1
		VK_KHR_sampler_mirror_clamp_to_edge v3
		VK_KHR_sampler_ycbcr_conversion v14
		VK_KHR_separate_depth_stencil_layouts v1
		VK_KHR_shader_draw_parameters v1
		VK_KHR_shader_float_controls v4
		VK_KHR_shader_float16_int8 v1
		VK_KHR_shader_integer_dot_product v1
		VK_KHR_shader_non_semantic_info v1
		VK_KHR_shader_subgroup_extended_types v1
		VK_KHR_spirv_1_4 v1
		VK_KHR_storage_buffer_storage_class v1
		VK_KHR_surface v25
		VK_KHR_swapchain v70
		VK_KHR_swapchain_mutable_format v1
		VK_KHR_synchronization2 v1
		VK_KHR_timeline_semaphore v2
		VK_KHR_uniform_buffer_standard_layout v1
		VK_KHR_variable_pointers v1
		VK_KHR_vertex_attribute_divisor v1
		VK_EXT_4444_formats v1
		VK_EXT_buffer_device_address v2
		VK_EXT_calibrated_timestamps v2
		VK_EXT_debug_marker v4
		VK_EXT_debug_report v10
		VK_EXT_debug_utils v2
		VK_EXT_descriptor_indexing v2
		VK_EXT_extended_dynamic_state v1
		VK_EXT_extended_dynamic_state2 v1
		VK_EXT_extended_dynamic_state3 v2
		VK_EXT_external_memory_host v1
		VK_EXT_fragment_shader_interlock v1
		VK_EXT_hdr_metadata v2
		VK_EXT_headless_surface v1
		VK_EXT_host_image_copy v1
		VK_EXT_host_query_reset v1
		VK_EXT_image_robustness v1
		VK_EXT_inline_uniform_block v1
		VK_EXT_layer_settings v2
		VK_EXT_memory_budget v1
		VK_EXT_metal_objects v2
		VK_EXT_metal_surface v1
		VK_EXT_pipeline_creation_cache_control v3
		VK_EXT_pipeline_creation_feedback v1
		VK_EXT_post_depth_coverage v1
		VK_EXT_private_data v1
		VK_EXT_robustness2 v1
		VK_EXT_sample_locations v1
		VK_EXT_scalar_block_layout v1
		VK_EXT_separate_stencil_usage v1
		VK_EXT_shader_atomic_float v1
		VK_EXT_shader_demote_to_helper_invocation v1
		VK_EXT_shader_stencil_export v1
		VK_EXT_shader_subgroup_ballot v1
		VK_EXT_shader_subgroup_vote v1
		VK_EXT_shader_viewport_index_layer v1
		VK_EXT_subgroup_size_control v2
		VK_EXT_surface_maintenance1 v1
		VK_EXT_swapchain_colorspace v4
		VK_EXT_swapchain_maintenance1 v1
		VK_EXT_texel_buffer_alignment v1
		VK_EXT_texture_compression_astc_hdr v1
		VK_EXT_vertex_attribute_divisor v3
		VK_AMD_gpu_shader_half_float v2
		VK_AMD_negative_viewport_height v1
		VK_AMD_shader_image_load_store_lod v1
		VK_AMD_shader_trinary_minmax v1
		VK_IMG_format_pvrtc v1
		VK_INTEL_shader_integer_functions2 v1
		VK_GOOGLE_display_timing v1
		VK_MVK_macos_surface v3
		VK_MVK_moltenvk v37
		VK_NV_fragment_shader_barycentric v1
		VK_NV_glsl_shader v1
[mvk-info] GPU device:
		model: Apple M1 Pro
		type: Integrated
		vendorID: 0x106b
		deviceID: 0xf0103ef
		pipelineCacheUUID: BF097EDC-0F01-03EF-0000-000000000000
		GPU memory available: 21845 MB
		GPU memory used: 0 MB
	supports the following Metal Versions, GPU's and Feature Sets:
		Metal Shading Language 3.1
		GPU Family Apple 7
		GPU Family Apple 6
		GPU Family Apple 5
		GPU Family Apple 4
		GPU Family Apple 3
		GPU Family Apple 2
		GPU Family Apple 1
		GPU Family Mac 2
		GPU Family Mac 1
		GPU Family Common 3
		GPU Family Common 2
		GPU Family Common 1
		macOS GPU Family 2 v1
		macOS GPU Family 1 v4
		macOS GPU Family 1 v3
		macOS GPU Family 1 v2
		macOS GPU Family 1 v1
[mvk-info] Created VkInstance for Vulkan version 1.2.0, as requested by app, with the following 4 Vulkan extensions enabled:
		VK_KHR_get_physical_device_properties2 v2
		VK_KHR_surface v25
		VK_EXT_debug_utils v2
		VK_EXT_metal_surface v1
Devices:
  #0: Apple Apple M1 Pro - Supported, Integrated
Optional extension VK_KHR_fragment_shading_rate not found
Optional extension VK_EXT_fragment_density_map not found
Optional extension VK_EXT_astc_decode_mode not found
Optional extension VK_KHR_vulkan_memory_model not found
Optional extension VK_KHR_external_memory_fd not found
Optional extension VK_EXT_device_fault not found
- Vulkan Variable Rate Shading not supported
- Vulkan Fragment Density Map not supported
- Vulkan multiview supported:
  max view count: 32
  max instances: 134217727
- Vulkan subgroup:
  size: 32
  min size: 32
  max size: 32
  stages: STAGE_TESSELLATION_CONTROL, STAGE_FRAGMENT, STAGE_COMPUTE
  supported ops: FEATURE_BASIC, FEATURE_VOTE, FEATURE_ARITHMETIC, FEATURE_BALLOT, FEATURE_SHUFFLE, FEATURE_SHUFFLE_RELATIVE, FEATURE_QUAD
  quad operations in all stages
[mvk-info] Vulkan semaphores using Metal implicit guarantees within a single queue.
[mvk-info] Created VkDevice to run on GPU Apple M1 Pro with the following 13 Vulkan extensions enabled:
		VK_KHR_16bit_storage v1
		VK_KHR_buffer_device_address v1
		VK_KHR_create_renderpass2 v1
		VK_KHR_image_format_list v1
		VK_KHR_maintenance2 v1
		VK_KHR_multiview v1
		VK_KHR_shader_float16_int8 v1
		VK_KHR_storage_buffer_storage_class v1
		VK_KHR_swapchain v70
		VK_EXT_debug_marker v4
		VK_EXT_pipeline_creation_cache_control v3
		VK_EXT_subgroup_size_control v2
		VK_EXT_texture_compression_astc_hdr v1
Vulkan 1.2.283 - Forward+ - Using Device #0: Apple - Apple M1 Pro
Startup PSO cache (41.1 MiB)
Using "default" pen tablet driver...
Creating VMA small objects pool for memory type index 0
Shader 'CanvasSdfShaderRD' (group 0) SHA256: e3e36a196484fd7752bf3d5dca5d9ff7512a4e981b5f5f57e6f0a0fc50640721
Loading cache for shader CanvasSdfShaderRD, variant 0
Loading cache for shader CanvasSdfShaderRD, variant 1
Loading cache for shader CanvasSdfShaderRD, variant 2
Loading cache for shader CanvasSdfShaderRD, variant 3
Loading cache for shader CanvasSdfShaderRD, variant 4
Loading cache for shader CanvasSdfShaderRD, variant 5
Shader 'SkeletonShaderRD' (group 0) SHA256: e0325885d3b45ea42d045525d1c732805f14a5a6cc4b6b67ce336626653e9573
Loading cache for shader SkeletonShaderRD, variant 0
Loading cache for shader SkeletonShaderRD, variant 1
Shader 'SortShaderRD' (group 0) SHA256: ce9b4120b1d1a35c1bea19b12a6206dee2526af5e61fd4520555d6b447f15e34
Loading cache for shader SortShaderRD, variant 0
Loading cache for shader SortShaderRD, variant 1
Loading cache for shader SortShaderRD, variant 2
Shader 'ParticlesShaderRD' (group 0) SHA256: c77129ff51da9b8bd8037785c1a2afcdca1f25aa602d8d22c4973640d55305a4
Loading cache for shader ParticlesShaderRD, variant 0
Shader 'ParticlesCopyShaderRD' (group 0) SHA256: 76ee6b7648ff369a05e8340a639ce08c065370fd23e6d18634d522db1c3ac055
Loading cache for shader ParticlesCopyShaderRD, variant 0
Loading cache for shader ParticlesCopyShaderRD, variant 1
Loading cache for shader ParticlesCopyShaderRD, variant 2
Loading cache for shader ParticlesCopyShaderRD, variant 3
Loading cache for shader ParticlesCopyShaderRD, variant 4
Loading cache for shader ParticlesCopyShaderRD, variant 5
Loading cache for shader ParticlesCopyShaderRD, variant 6
Loading cache for shader ParticlesCopyShaderRD, variant 7
Loading cache for shader ParticlesCopyShaderRD, variant 8
Loading cache for shader ParticlesCopyShaderRD, variant 9
Loading cache for shader ParticlesCopyShaderRD, variant 10
Loading cache for shader ParticlesCopyShaderRD, variant 11
Loading cache for shader ParticlesCopyShaderRD, variant 12
Loading cache for shader ParticlesCopyShaderRD, variant 13
Loading cache for shader ParticlesCopyShaderRD, variant 14
Loading cache for shader ParticlesCopyShaderRD, variant 15
Loading cache for shader ParticlesCopyShaderRD, variant 16
Loading cache for shader ParticlesCopyShaderRD, variant 17
Loading cache for shader ParticlesCopyShaderRD, variant 18
Loading cache for shader ParticlesCopyShaderRD, variant 19
Loading cache for shader ParticlesCopyShaderRD, variant 20
Shader 'CanvasShaderRD' (group 0) SHA256: 8f73ea59600218c7f4a72f38f0a825d4b9edae392f00688807259ea2faf43974
Loading cache for shader CanvasShaderRD, variant 0
Loading cache for shader CanvasShaderRD, variant 1
Loading cache for shader CanvasShaderRD, variant 2
Loading cache for shader CanvasShaderRD, variant 3
Loading cache for shader CanvasShaderRD, variant 4
Loading cache for shader CanvasShaderRD, variant 5
Shader 'CanvasOcclusionShaderRD' (group 0) SHA256: 2e1e40e085c85bd3960b7bad3be9bad88a3e02174708138d2eb3215933437ede
Loading cache for shader CanvasOcclusionShaderRD, variant 0
Loading cache for shader CanvasOcclusionShaderRD, variant 1
Loading cache for shader CanvasOcclusionShaderRD, variant 2
Loading cache for shader CanvasShaderRD, variant 0
Loading cache for shader CanvasShaderRD, variant 1
Loading cache for shader CanvasShaderRD, variant 2
Loading cache for shader CanvasShaderRD, variant 3
Loading cache for shader CanvasShaderRD, variant 4
Loading cache for shader CanvasShaderRD, variant 5
Loading cache for shader CanvasShaderRD, variant 0
Loading cache for shader CanvasShaderRD, variant 1
Loading cache for shader CanvasShaderRD, variant 2
Loading cache for shader CanvasShaderRD, variant 3
Loading cache for shader CanvasShaderRD, variant 4
Loading cache for shader CanvasShaderRD, variant 5
Shader 'ClusterRenderShaderRD' (group 0) SHA256: 5520632edde9dc7efc467666b1888d0f07fe10e4c2e113e68f1757bab97a847b
Loading cache for shader ClusterRenderShaderRD, variant 2
Loading cache for shader ClusterRenderShaderRD, variant 3
Shader 'ClusterStoreShaderRD' (group 0) SHA256: 9ca626ebec243544ae7398e49713da5e69391ab29de1ced02b03e718a013c28f
Loading cache for shader ClusterStoreShaderRD, variant 0
Shader 'ClusterDebugShaderRD' (group 0) SHA256: 7253e84e6deaaf9cd1391aff49a754db31e162f9ecaf776485fde4bc31121aa6
Loading cache for shader ClusterDebugShaderRD, variant 0
Shader 'SceneForwardClusteredShaderRD' (group 0) SHA256: df8d1dbb6fb950c04bcc78fb1667a6eb52d604ac1f0317023833936c838ed75f
Shader 'SceneForwardClusteredShaderRD' (group 1) SHA256: 6a184745fdc168cf1854f82e467b075c7754389099dd4260c7cfd820f974abb7
Shader 'SceneForwardClusteredShaderRD' (group 2) SHA256: e54e15eb9546bd2ff28fdb8fc19e33bec138fb364a5418eb6d90e784252ee190
Shader 'SceneForwardClusteredShaderRD' (group 3) SHA256: 210d14d006d21a3471e63300f334a93a8076f61ad1c3147dbd14466d95970249
Loading cache for shader SceneForwardClusteredShaderRD, variant 0
Loading cache for shader SceneForwardClusteredShaderRD, variant 1
Loading cache for shader SceneForwardClusteredShaderRD, variant 2
Loading cache for shader SceneForwardClusteredShaderRD, variant 3
Loading cache for shader SceneForwardClusteredShaderRD, variant 4
Loading cache for shader SceneForwardClusteredShaderRD, variant 5
Loading cache for shader SceneForwardClusteredShaderRD, variant 6
Loading cache for shader SceneForwardClusteredShaderRD, variant 7
Loading cache for shader SceneForwardClusteredShaderRD, variant 0
Loading cache for shader SceneForwardClusteredShaderRD, variant 1
Loading cache for shader SceneForwardClusteredShaderRD, variant 2
Loading cache for shader SceneForwardClusteredShaderRD, variant 3
Loading cache for shader SceneForwardClusteredShaderRD, variant 4
Loading cache for shader SceneForwardClusteredShaderRD, variant 5
Loading cache for shader SceneForwardClusteredShaderRD, variant 6
Loading cache for shader SceneForwardClusteredShaderRD, variant 7
Loading cache for shader SceneForwardClusteredShaderRD, variant 0
Loading cache for shader SceneForwardClusteredShaderRD, variant 1
Loading cache for shader SceneForwardClusteredShaderRD, variant 2
Loading cache for shader SceneForwardClusteredShaderRD, variant 3
Loading cache for shader SceneForwardClusteredShaderRD, variant 4
Loading cache for shader SceneForwardClusteredShaderRD, variant 5
Loading cache for shader SceneForwardClusteredShaderRD, variant 6
Loading cache for shader SceneForwardClusteredShaderRD, variant 7
Shader 'BestFitNormalShaderRD' (group 0) SHA256: 8c748b5176971d04b037d61fe8ee9c0da50efc42fb21ff2f4fc11dbf138ac284
Loading cache for shader BestFitNormalShaderRD, variant 0
Shader 'IntegrateDfgShaderRD' (group 0) SHA256: 287328d7c084c243ad82ac05423c4a58662ea18582b5b369f3288be49e4a66d8
Loading cache for shader IntegrateDfgShaderRD, variant 0
Shader 'ResolveShaderRD' (group 0) SHA256: 5e0937d6a862fc03f2a42b11dd8fcc8ca9fa948bc51bc5504f3e3a92e954cc33
Loading cache for shader ResolveShaderRD, variant 0
Loading cache for shader ResolveShaderRD, variant 1
Loading cache for shader ResolveShaderRD, variant 2
Shader 'TaaResolveShaderRD' (group 0) SHA256: 8e863ed5b6e6cf5b67a722559308f90a5653d397bdedd8d8c2abe45a89893049
Loading cache for shader TaaResolveShaderRD, variant 0
Shader 'Fsr2DepthClipPassShaderRD' (group 0) SHA256: 4130c931008b9d81bce5757c91876fb1c64a992525002d1a9d24c756cdaeb55f
Shader 'Fsr2ReconstructPreviousDepthPassShaderRD' (group 0) SHA256: 7ef7cdf239edd510c42b9e6ef2ca760f08ac92b57c6b2e5562cf430770b69d49
Shader 'Fsr2LockPassShaderRD' (group 0) SHA256: 50c95f98dbda1ad902b8fac4668d32cbfc11a3e86b890460da50600750d6d636
Shader 'Fsr2AccumulatePassShaderRD' (group 0) SHA256: acf7ce56f0f217fbe6fc54b42313d025af58be39a197ea6e6a9c10b1c03de903
Shader 'Fsr2RcasPassShaderRD' (group 0) SHA256: 3f4d394a0080ce37da6dc5f05c36e082efc8f3a0a333428f23697d21a1e665cd
Shader 'Fsr2ComputeLuminancePyramidPassShaderRD' (group 0) SHA256: 246789de2d6807e12325bb146b5b960cbec70a2119fe15f67d12c0a1d55213dd
Shader 'Fsr2AutogenReactivePassShaderRD' (group 0) SHA256: ea81f3d2612452e92eebad3230c8885356cf352779194322ac0b390d949e0a9f
Shader 'Fsr2TcrAutogenPassShaderRD' (group 0) SHA256: c6b965d8d141ea41ff88aa0df571ed29f4b8b5c974713f24b7fa44f23e3db020
Shader 'SsEffectsDownsampleShaderRD' (group 0) SHA256: 47ce5b07a7399a4ea52ee0ba0ba0016f7c1b3429f72c2ef29b4382bf8f1d92e7
Loading cache for shader SsEffectsDownsampleShaderRD, variant 0
Loading cache for shader SsEffectsDownsampleShaderRD, variant 1
Loading cache for shader SsEffectsDownsampleShaderRD, variant 2
Loading cache for shader SsEffectsDownsampleShaderRD, variant 3
Loading cache for shader SsEffectsDownsampleShaderRD, variant 4
Loading cache for shader SsEffectsDownsampleShaderRD, variant 5
Loading cache for shader SsEffectsDownsampleShaderRD, variant 6
Shader 'SsilShaderRD' (group 0) SHA256: 335e8f9954286db1ee28430b2c9ef17fb01fb4bb8b74d688be9cec967dee41e6
Loading cache for shader SsilShaderRD, variant 0
Loading cache for shader SsilShaderRD, variant 1
Loading cache for shader SsilShaderRD, variant 2
Shader 'SsilImportanceMapShaderRD' (group 0) SHA256: 3d668b995f5f00c0cdb73fd8c13cd3bed37bf5f45c10621fcc2475eefd50a7bd
Loading cache for shader SsilImportanceMapShaderRD, variant 0
Loading cache for shader SsilImportanceMapShaderRD, variant 1
Loading cache for shader SsilImportanceMapShaderRD, variant 2
Shader 'SsilBlurShaderRD' (group 0) SHA256: 9d2d3e521c5d1601e636d8fc3e533a52362ad011112fde07a344fe3511cea943
Loading cache for shader SsilBlurShaderRD, variant 0
Loading cache for shader SsilBlurShaderRD, variant 1
Loading cache for shader SsilBlurShaderRD, variant 2
Shader 'SsilInterleaveShaderRD' (group 0) SHA256: 36d769d4532c446edf161d4b3d932557d4fad2904fda9c5f6861ae7fd162c9ee
Loading cache for shader SsilInterleaveShaderRD, variant 0
Loading cache for shader SsilInterleaveShaderRD, variant 1
Loading cache for shader SsilInterleaveShaderRD, variant 2
Shader 'SsaoShaderRD' (group 0) SHA256: 6831fded981ced729634af4cf4f5515538ff84cbb773c0d583873e29462e1080
Loading cache for shader SsaoShaderRD, variant 0
Loading cache for shader SsaoShaderRD, variant 1
Loading cache for shader SsaoShaderRD, variant 2
Shader 'SsaoImportanceMapShaderRD' (group 0) SHA256: fe84d24f104b577d6ae2183f611ddfa9ef6ba4834d972f00460c66aa67c6e788
Loading cache for shader SsaoImportanceMapShaderRD, variant 0
Loading cache for shader SsaoImportanceMapShaderRD, variant 1
Loading cache for shader SsaoImportanceMapShaderRD, variant 2
Shader 'SsaoBlurShaderRD' (group 0) SHA256: 4d3910b2d37af6bb5a68153677dd3f49c424b932871284ee1bb2e31936b31ca0
Loading cache for shader SsaoBlurShaderRD, variant 0
Loading cache for shader SsaoBlurShaderRD, variant 1
Loading cache for shader SsaoBlurShaderRD, variant 2
Shader 'SsaoInterleaveShaderRD' (group 0) SHA256: b804d0579b589636ca331298d9f8885e277e5fd8be1d20d4560044000a029a49
Loading cache for shader SsaoInterleaveShaderRD, variant 0
Loading cache for shader SsaoInterleaveShaderRD, variant 1
Loading cache for shader SsaoInterleaveShaderRD, variant 2
Shader 'ScreenSpaceReflectionScaleShaderRD' (group 0) SHA256: f028513910f44db288a6d0d7315df152a910214dd680426d7817a0db185bb512
Loading cache for shader ScreenSpaceReflectionScaleShaderRD, variant 0
Shader 'ScreenSpaceReflectionShaderRD' (group 0) SHA256: aa7798f702ec7502be62da736ef869c792a69bb4310d9a535e0b6596ad1c4c8f
Loading cache for shader ScreenSpaceReflectionShaderRD, variant 0
Loading cache for shader ScreenSpaceReflectionShaderRD, variant 1
Shader 'ScreenSpaceReflectionFilterShaderRD' (group 0) SHA256: b8974626c582dd282d9ca1bd58b6ffeda45b41e5b160baa199088657ad7eca95
Loading cache for shader ScreenSpaceReflectionFilterShaderRD, variant 0
Loading cache for shader ScreenSpaceReflectionFilterShaderRD, variant 1
Shader 'SubsurfaceScatteringShaderRD' (group 0) SHA256: cfc79a4166aa45746b6bfa4b2a3345978e68ace79a0a82ab13fdda9f32a7a0b0
Loading cache for shader SubsurfaceScatteringShaderRD, variant 0
Loading cache for shader SubsurfaceScatteringShaderRD, variant 1
Loading cache for shader SubsurfaceScatteringShaderRD, variant 2
Shader 'SkyShaderRD' (group 0) SHA256: 9c26bd5dc001c975a8ec36520d74f1e5aa9d8125c8172a160acf52f8ebf362f3
Loading cache for shader SkyShaderRD, variant 0
Loading cache for shader SkyShaderRD, variant 1
Loading cache for shader SkyShaderRD, variant 2
Loading cache for shader SkyShaderRD, variant 3
Loading cache for shader SkyShaderRD, variant 4
Loading cache for shader SkyShaderRD, variant 5
Loading cache for shader SkyShaderRD, variant 0
Loading cache for shader SkyShaderRD, variant 1
Loading cache for shader SkyShaderRD, variant 2
Loading cache for shader SkyShaderRD, variant 3
Loading cache for shader SkyShaderRD, variant 4
Loading cache for shader SkyShaderRD, variant 5
Shader 'VoxelGiShaderRD' (group 0) SHA256: 3d7b0b0258a2977a47dc0a84db7cb49a5e1bfaa74053e42ffae7d3e87d48965f
Loading cache for shader VoxelGiShaderRD, variant 0
Loading cache for shader VoxelGiShaderRD, variant 1
Loading cache for shader VoxelGiShaderRD, variant 2
Loading cache for shader VoxelGiShaderRD, variant 3
Loading cache for shader VoxelGiShaderRD, variant 4
Loading cache for shader VoxelGiShaderRD, variant 5
Loading cache for shader VoxelGiShaderRD, variant 6
Loading cache for shader VoxelGiShaderRD, variant 7
Shader 'VoxelGiDebugShaderRD' (group 0) SHA256: 49ee1e463ded1be1341dc6ee222f492cd9f8484aabe4cf39ca46f519abecbb6c
Loading cache for shader VoxelGiDebugShaderRD, variant 0
Loading cache for shader VoxelGiDebugShaderRD, variant 1
Loading cache for shader VoxelGiDebugShaderRD, variant 2
Loading cache for shader VoxelGiDebugShaderRD, variant 3
Shader 'SdfgiPreprocessShaderRD' (group 0) SHA256: 60c77a38319fd7cc123270bcc0dfbdddd8f74e985d1907c08c726e3d4dbf7b06
Loading cache for shader SdfgiPreprocessShaderRD, variant 0
Loading cache for shader SdfgiPreprocessShaderRD, variant 1
Loading cache for shader SdfgiPreprocessShaderRD, variant 2
Loading cache for shader SdfgiPreprocessShaderRD, variant 3
Loading cache for shader SdfgiPreprocessShaderRD, variant 4
Loading cache for shader SdfgiPreprocessShaderRD, variant 5
Loading cache for shader SdfgiPreprocessShaderRD, variant 6
Loading cache for shader SdfgiPreprocessShaderRD, variant 7
Loading cache for shader SdfgiPreprocessShaderRD, variant 8
Shader 'SdfgiDirectLightShaderRD' (group 0) SHA256: a3474a0b60ebab5bb7010596e49cfb91bbfc3689c4df741b809ddc92e1fa90e9
Loading cache for shader SdfgiDirectLightShaderRD, variant 0
Loading cache for shader SdfgiDirectLightShaderRD, variant 1
Shader 'SdfgiIntegrateShaderRD' (group 0) SHA256: 62e2ae895bf90996b40c48aeab6a59c24d27c6c843ef9ee94adf3f6de80b26ac
Loading cache for shader SdfgiIntegrateShaderRD, variant 0
Loading cache for shader SdfgiIntegrateShaderRD, variant 1
Loading cache for shader SdfgiIntegrateShaderRD, variant 2
Loading cache for shader SdfgiIntegrateShaderRD, variant 3
Shader 'GiShaderRD' (group 0) SHA256: e4e3882307beba471cbf1d2ebf8ca49fedccbba528ef384e7d1e2461d14a71f0
Shader 'GiShaderRD' (group 1) SHA256: 69ca96412569cbef4a05e515b55b5744ab10048a32a6d2fef2a7c2ad984c9155
Loading cache for shader GiShaderRD, variant 0
Loading cache for shader GiShaderRD, variant 1
Loading cache for shader GiShaderRD, variant 2
Loading cache for shader GiShaderRD, variant 3
Loading cache for shader GiShaderRD, variant 4
Shader 'SdfgiDebugShaderRD' (group 0) SHA256: 6de37bb5aa871af3d348d47b0cbfc09f6873bf5a2500f0cf9280e404ff4ce97b
Loading cache for shader SdfgiDebugShaderRD, variant 0
Shader 'SdfgiDebugProbesShaderRD' (group 0) SHA256: c25d7a81827da688487a69637d3e61ae9f31c125940f4fbf05b6de4a2c1e78a9
Loading cache for shader SdfgiDebugProbesShaderRD, variant 0
Loading cache for shader SdfgiDebugProbesShaderRD, variant 1
Loading cache for shader SdfgiDebugProbesShaderRD, variant 2
Loading cache for shader SdfgiDebugProbesShaderRD, variant 3
Shader 'VolumetricFogShaderRD' (group 0) SHA256: 6120947dc0a3cd4bff5b217e63490686b128f0319aabd6f96d597268f68d60e3
Shader 'VolumetricFogShaderRD' (group 1) SHA256: f44655a2103d6cb3b1d0a206e66c4427aca3de3b5de59f72bf7e08db5144f83c
Shader 'VolumetricFogShaderRD' (group 2) SHA256: 963b90021bd602c144aa8f80b75ecdf64c2abe48940f55cf2f25f2deda808186
Shader 'VolumetricFogShaderRD' (group 3) SHA256: 5929600387c20b3c1eead45ba7f6c87fde922e0e4f78f80366f58cdfb10e63f7
Loading cache for shader VolumetricFogShaderRD, variant 0
Shader 'VolumetricFogProcessShaderRD' (group 0) SHA256: 2749f17fe5049db6df987d401e0fb5a52692635224ca129e06c3d6e15dd2dc29
Shader 'VolumetricFogProcessShaderRD' (group 1) SHA256: 8333ba62fcdf5c0ffe915641fe9faa88286844b2bb245d94b41eb48eca8e881d
Shader 'VolumetricFogProcessShaderRD' (group 2) SHA256: 6b05211651f14a1593c8b3be3b5932c64a3beba37ce1e1649b4ea67ac36d3c47
Shader 'VolumetricFogProcessShaderRD' (group 3) SHA256: 14fbd4a37cc30a2991dbfa525da8e6182def041c1eeaa20638fb2597e98f3c52
Loading cache for shader VolumetricFogProcessShaderRD, variant 0
Loading cache for shader VolumetricFogProcessShaderRD, variant 1
Loading cache for shader VolumetricFogProcessShaderRD, variant 2
Loading cache for shader VolumetricFogProcessShaderRD, variant 3
Loading cache for shader VolumetricFogProcessShaderRD, variant 4
Shader 'BokehDofShaderRD' (group 0) SHA256: 5a14c722b7cad6a5d1853b764825b687b8e8c26d08a7edef6f50a28c2a237b9c
Loading cache for shader BokehDofShaderRD, variant 0
Loading cache for shader BokehDofShaderRD, variant 1
Loading cache for shader BokehDofShaderRD, variant 3
Loading cache for shader BokehDofShaderRD, variant 5
Loading cache for shader BokehDofShaderRD, variant 6
Shader 'CopyShaderRD' (group 0) SHA256: 363226e4e754f4dd97b1000777a12a1e717a0202ef34a8bb5cbbee343880d1a3
Loading cache for shader CopyShaderRD, variant 0
Loading cache for shader CopyShaderRD, variant 1
Loading cache for shader CopyShaderRD, variant 2
Loading cache for shader CopyShaderRD, variant 3
Loading cache for shader CopyShaderRD, variant 4
Loading cache for shader CopyShaderRD, variant 5
Loading cache for shader CopyShaderRD, variant 6
Loading cache for shader CopyShaderRD, variant 7
Loading cache for shader CopyShaderRD, variant 8
Loading cache for shader CopyShaderRD, variant 9
Loading cache for shader CopyShaderRD, variant 10
Loading cache for shader CopyShaderRD, variant 11
Loading cache for shader CopyShaderRD, variant 12
Shader 'CopyToFbShaderRD' (group 0) SHA256: 0adebb67e6205ddab89bef68d0541718044b8408d301ef90fcc572ab1f1dc3c1
Loading cache for shader CopyToFbShaderRD, variant 0
Loading cache for shader CopyToFbShaderRD, variant 1
Loading cache for shader CopyToFbShaderRD, variant 2
Loading cache for shader CopyToFbShaderRD, variant 3
Shader 'CubeToDpShaderRD' (group 0) SHA256: f3ba78a7ce282686c1bace415c6d4852f8b5df07fd90aff0139030354b9c53e6
Loading cache for shader CubeToDpShaderRD, variant 0
Shader 'CubemapDownsamplerShaderRD' (group 0) SHA256: 831be8c39044041b2e1da3b55ee6c2d5d5242c0c11326369eda23b7ae42ee04c
Loading cache for shader CubemapDownsamplerShaderRD, variant 0
Shader 'CubemapFilterShaderRD' (group 0) SHA256: 73d1b21cf27dc843bbcc28dc35d902623419ae7f0c17dba1d9c725d82959f576
Loading cache for shader CubemapFilterShaderRD, variant 0
Loading cache for shader CubemapFilterShaderRD, variant 1
Loading cache for shader CubemapFilterShaderRD, variant 2
Loading cache for shader CubemapFilterShaderRD, variant 3
Shader 'CubemapRoughnessShaderRD' (group 0) SHA256: bb92ea060a11d89f9121ad84bf077cdf954f39a59c3cc78038611f19f3d94533
Loading cache for shader CubemapRoughnessShaderRD, variant 0
Shader 'SpecularMergeShaderRD' (group 0) SHA256: 99444119f03d2c92d5ab325e0fa261255c819d4cb4b019c0eaa369b2d0383a8f
Loading cache for shader SpecularMergeShaderRD, variant 0
Loading cache for shader SpecularMergeShaderRD, variant 1
Loading cache for shader SpecularMergeShaderRD, variant 2
Loading cache for shader SpecularMergeShaderRD, variant 3
Shader 'ShadowFrustumShaderRD' (group 0) SHA256: 851c9007fbee11476e65c3cbb595c7113c7e98676c38d49b88056bdb1eb5904b
Loading cache for shader ShadowFrustumShaderRD, variant 0
Shader 'MotionVectorsShaderRD' (group 0) SHA256: e9ac9ae0667a399f458196d55204937c545356cd64ba755844d9c9943cffdc55
Loading cache for shader MotionVectorsShaderRD, variant 0
Shader 'LuminanceReduceShaderRD' (group 0) SHA256: 62fd065f2a03f76e82ff0efdd729b029811828e67b3dc62b0dd4c1b2a8eb2c23
Loading cache for shader LuminanceReduceShaderRD, variant 0
Loading cache for shader LuminanceReduceShaderRD, variant 1
Loading cache for shader LuminanceReduceShaderRD, variant 2
Shader 'SmaaEdgeDetectionShaderRD' (group 0) SHA256: e4c623cbbd80f252ca1afe76f478a818c89eb124cff6ca285865b0ba733f1f07
Loading cache for shader SmaaEdgeDetectionShaderRD, variant 0
Shader 'SmaaWeightCalculationShaderRD' (group 0) SHA256: 604beebafad6f83aaaead58113c3a3e5b0ed7a7c5605fd197dd952e3821b5878
Loading cache for shader SmaaWeightCalculationShaderRD, variant 0
Shader 'SmaaBlendingShaderRD' (group 0) SHA256: 9f3b4dcf01e8d340348bba93235fb3c9c13964b1e1bd23e7d59891cc9748a71c
Loading cache for shader SmaaBlendingShaderRD, variant 0
Shader 'TonemapShaderRD' (group 0) SHA256: 06d49e3e1e33f4e3f9069e4df65b734ffc54e7ad36b2b03be9c40766a30f7576
Loading cache for shader TonemapShaderRD, variant 0
Loading cache for shader TonemapShaderRD, variant 1
Loading cache for shader TonemapShaderRD, variant 2
Loading cache for shader TonemapShaderRD, variant 3
Loading cache for shader TonemapShaderRD, variant 4
Loading cache for shader TonemapShaderRD, variant 5
Shader 'FsrUpscaleShaderRD' (group 0) SHA256: 0715ca028e84f0a9b6f91a4ac308d37a5c185438f466e254fac8b7377dc10759
Loading cache for shader FsrUpscaleShaderRD, variant 0
Loading cache for shader FsrUpscaleShaderRD, variant 1
Shader 'BlitShaderRD' (group 0) SHA256: 25c59c709fcd7c8e69780f3edeaebc055b68c06b660c69bb43d8246614325591
Loading cache for shader BlitShaderRD, variant 0
Loading cache for shader BlitShaderRD, variant 1
Loading cache for shader BlitShaderRD, variant 2
Loading cache for shader BlitShaderRD, variant 3
CoreAudio: detected 2 channels
CoreAudio: output sampling rate: 48000 Hz
CoreAudio: output audio buffer frames: 512 calculated latency: 10ms

[mvk-info] Created 3 swapchain images with size (3024, 1890) and contents scale 2.0 in layer CAMetalLayer: GodotContentView (0x7fcf3625cfa0) on screen Built-in Retina Display.
TextServer: Primary interface set to: "ICU / HarfBuzz / Graphite (Built-in)".
Loading resource: res://audio/default_bus_layout.tres
CORE API HASH: 937899573
EDITOR API HASH: 1777164193
SceneTreeFTI: traversal method DEFAULT
Loading resource: res://audio/music_manager.gd
Loading resource: res://race/race_state.gd
Loaded system CA certificates
Loading resource: res://tests/performance_test_detailed.tscn
Loading resource: res://addons/gevp/scenes/nexia_car.tscn
Loading resource: res://addons/gevp/scripts/vehicle.gd
Loading resource: res://car/models/nexia/scene.gltf
Loading resource: res://.godot/imported/scene.gltf-da3723215ad592219a17a8e3f5ec4079.scn
Loading resource: res://car/models/nexia/textures/Black_leather_baseColor.jpeg
Loading resource: res://.godot/imported/Black_leather_baseColor.jpeg-27dd6f30fef7f3a67c1452b21a139442.s3tc.ctex
Loading resource: res://car/models/nexia/textures/Black_leather_normal.png
Loading resource: res://.godot/imported/Black_leather_normal.png-645df4b6ce11f1f4aba9288d250b742d.s3tc.ctex
Loading resource: res://car/models/nexia/textures/Black_Opaque__Glass_baseColor.png
Loading resource: res://.godot/imported/Black_Opaque__Glass_baseColor.png-8658f51f68c57f44cb0f6d55f3c25917.s3tc.ctex
Loading resource: res://car/models/nexia/textures/Black_Opaque__Glass_emissive.jpeg
Loading resource: res://.godot/imported/Black_Opaque__Glass_emissive.jpeg-c45eddde3afb26a113f3ebe2e1d65d70.s3tc.ctex
Loading resource: res://car/models/nexia/textures/Black_Opaque__Glass_normal.png
Loading resource: res://.godot/imported/Black_Opaque__Glass_normal.png-483320fc9a3689ffc546bb08f7e8d3e6.s3tc.ctex
Loading cache for shader SceneForwardClusteredShaderRD, variant 0
Loading cache for shader SceneForwardClusteredShaderRD, variant 1
Loading cache for shader SceneForwardClusteredShaderRD, variant 2
Loading cache for shader SceneForwardClusteredShaderRD, variant 3
Loading cache for shader SceneForwardClusteredShaderRD, variant 4
Loading cache for shader SceneForwardClusteredShaderRD, variant 5
Loading cache for shader SceneForwardClusteredShaderRD, variant 6
Loading cache for shader SceneForwardClusteredShaderRD, variant 7
Loading cache for shader SceneForwardClusteredShaderRD, variant 0
Loading cache for shader SceneForwardClusteredShaderRD, variant 1
Loading cache for shader SceneForwardClusteredShaderRD, variant 2
Loading cache for shader SceneForwardClusteredShaderRD, variant 3
Loading cache for shader SceneForwardClusteredShaderRD, variant 4
Loading cache for shader SceneForwardClusteredShaderRD, variant 5
Loading cache for shader SceneForwardClusteredShaderRD, variant 6
Loading cache for shader SceneForwardClusteredShaderRD, variant 7
Loading cache for shader SceneForwardClusteredShaderRD, variant 0
Loading cache for shader SceneForwardClusteredShaderRD, variant 1
Loading cache for shader SceneForwardClusteredShaderRD, variant 2
Loading cache for shader SceneForwardClusteredShaderRD, variant 3
Loading cache for shader SceneForwardClusteredShaderRD, variant 4
Loading cache for shader SceneForwardClusteredShaderRD, variant 5
Loading cache for shader SceneForwardClusteredShaderRD, variant 6
Loading cache for shader SceneForwardClusteredShaderRD, variant 7
Loading resource: res://car/nexia_setup.gd
Loading resource: res://addons/gevp/scripts/wheel_visibility.gd
Loading resource: res://addons/gevp/scripts/vehicle_input.gd
Loading resource: res://addons/gevp/scripts/engine_sound.gd
Loading resource: res://addons/gevp/scripts/tire_squeal_sound.gd
Loading resource: res://addons/gevp/sounds/4000.wav
Loading resource: res://.godot/imported/4000.wav-5b7af0defc40e9d8fb80f07cca8d9fcd.sample
Loading resource: res://addons/gevp/sounds/tire_squeal.wav
Loading resource: res://.godot/imported/tire_squeal.wav-c8a8ffb33767ae9357a23caee4b04892.sample
Loading cache for shader SceneForwardClusteredShaderRD, variant 0
Loading cache for shader SceneForwardClusteredShaderRD, variant 1
Loading cache for shader SceneForwardClusteredShaderRD, variant 2
Loading cache for shader SceneForwardClusteredShaderRD, variant 3
Loading cache for shader SceneForwardClusteredShaderRD, variant 4
Loading cache for shader SceneForwardClusteredShaderRD, variant 5
Loading cache for shader SceneForwardClusteredShaderRD, variant 6
Loading cache for shader SceneForwardClusteredShaderRD, variant 7
Loading cache for shader SceneForwardClusteredShaderRD, variant 0
Loading cache for shader SceneForwardClusteredShaderRD, variant 1
Loading cache for shader SceneForwardClusteredShaderRD, variant 2
Loading cache for shader SceneForwardClusteredShaderRD, variant 3
Loading cache for shader SceneForwardClusteredShaderRD, variant 4
Loading cache for shader SceneForwardClusteredShaderRD, variant 5
Loading cache for shader SceneForwardClusteredShaderRD, variant 6
Loading cache for shader SceneForwardClusteredShaderRD, variant 7
Loading resource: res://tests/performance_test_detailed.gd
Loading resource: res://camera/follow_camera.gd
Loading resource: res://osm/osm_terrain_generator.gd
Loading resource: res://osm/building_wall.gdshader
Loading resource: res://models/trees/birch/scene.gltf
Loading resource: res://.godot/imported/scene.gltf-79a80a6e289860ce24a364f86dd8e784.scn
Loading resource: res://models/trees/birch/textures/Trunk_baseColor.png
Loading resource: res://.godot/imported/Trunk_baseColor.png-327e2ef3ab35d7fea241a502c77c236d.s3tc.ctex
Loading resource: res://traffic/npc_car.tscn
Loading resource: res://traffic/npc_car.gd
Loading resource: res://traffic/npc_lada_2109.tscn
WARNING: res://traffic/npc_lada_2109.tscn:4 - ext_resource, invalid UID: uid://bvnqxj3m4y5oa - using text path instead: res://car/models/lada_2109_dps/scene.gltf
     at: load (scene/resources/resource_format_text.cpp:444)
Loading resource: res://car/models/lada_2109_dps/scene.gltf
Loading resource: res://.godot/imported/scene.gltf-f24f699731375136b32f89ade3a8eddc.scn
Loading resource: res://car/models/lada_2109_dps/textures/Flashlight_lambert_baseColor.png
Loading resource: res://.godot/imported/Flashlight_lambert_baseColor.png-b355e794557fe548f6fa216b11a43455.s3tc.ctex
Loading resource: res://car/models/lada_2109_dps/textures/Flashlight_lambert_metallicRoughness.png
Loading resource: res://.godot/imported/Flashlight_lambert_metallicRoughness.png-b6f98fc79bf4819e1df6cfc74708587a.s3tc.ctex
Loading resource: res://car/models/lada_2109_dps/textures/Flashlight_lambert_normal.png
Loading resource: res://.godot/imported/Flashlight_lambert_normal.png-769f16b6d1cab547b5b4600e43f7af03.s3tc.ctex
Loading resource: res://car/models/lada_2109_dps/textures/Cleaner_lambert_baseColor.png
Loading resource: res://.godot/imported/Cleaner_lambert_baseColor.png-bb2ae7fcd466234fc794558247c635b5.s3tc.ctex
Loading resource: res://car/models/lada_2109_dps/textures/Mirror_lambert_baseColor.png
Loading resource: res://.godot/imported/Mirror_lambert_baseColor.png-5112edd329aff07d78e1ab96052b3e78.s3tc.ctex
Loading resource: res://car/models/lada_2109_dps/textures/Mirror_lambert_metallicRoughness.png
Loading resource: res://.godot/imported/Mirror_lambert_metallicRoughness.png-bbcd66006f159de42aba40ee24912bbc.s3tc.ctex
Loading resource: res://car/models/lada_2109_dps/textures/Mirror_lambert_normal.png
Loading resource: res://.godot/imported/Mirror_lambert_normal.png-58a0ac522a99e7fae172c676b4a29831.s3tc.ctex
Loading resource: res://car/models/lada_2109_dps/textures/taxycap_lambert_baseColor.png
Loading resource: res://.godot/imported/taxycap_lambert_baseColor.png-80673c8306ea25f20d6161d594f81adc.s3tc.ctex
Loading resource: res://car/models/lada_2109_dps/textures/taxycap_lambert_metallicRoughness.png
Loading resource: res://.godot/imported/taxycap_lambert_metallicRoughness.png-e537f5ae30215425bae2808fc2b3b833.s3tc.ctex
Loading resource: res://car/models/lada_2109_dps/textures/taxycap_lambert_normal.png
Loading resource: res://.godot/imported/taxycap_lambert_normal.png-a8eec270eb4e388f2bd7ac1cc98f65b7.s3tc.ctex
Loading resource: res://car/models/lada_2109_dps/textures/Whells3_lambert_baseColor.png
Loading resource: res://.godot/imported/Whells3_lambert_baseColor.png-534e942fd1713c61b1afb676d297402d.s3tc.ctex
Loading resource: res://car/models/lada_2109_dps/textures/Whells3_lambert_metallicRoughness.png
Loading resource: res://.godot/imported/Whells3_lambert_metallicRoughness.png-53a41be61f57b913febcf41fdd10c606.s3tc.ctex
Loading resource: res://car/models/lada_2109_dps/textures/Whells1_lambert_metallicRoughness.png
Loading resource: res://.godot/imported/Whells1_lambert_metallicRoughness.png-6b7c4747eed5d5f4d04e1d581b984c48.s3tc.ctex
Loading resource: res://car/models/lada_2109_dps/textures/CarBody_lambert_baseColor.png
Loading resource: res://.godot/imported/CarBody_lambert_baseColor.png-f4491e448971bed28d689a53e30c796d.s3tc.ctex
Loading resource: res://car/models/lada_2109_dps/textures/CarBody_lambert_metallicRoughness.png
Loading resource: res://.godot/imported/CarBody_lambert_metallicRoughness.png-e54ab5111cd11d73f9bb0c07746ae0d0.s3tc.ctex
Loading resource: res://car/models/lada_2109_dps/textures/CarBody_lambert_normal.png
Loading resource: res://.godot/imported/CarBody_lambert_normal.png-b5c3687dea7001e21bf71938599ff44a.s3tc.ctex
Loading cache for shader SceneForwardClusteredShaderRD, variant 0
Loading cache for shader SceneForwardClusteredShaderRD, variant 1
Loading cache for shader SceneForwardClusteredShaderRD, variant 2
Loading cache for shader SceneForwardClusteredShaderRD, variant 3
Loading cache for shader SceneForwardClusteredShaderRD, variant 4
Loading cache for shader SceneForwardClusteredShaderRD, variant 5
Loading cache for shader SceneForwardClusteredShaderRD, variant 6
Loading cache for shader SceneForwardClusteredShaderRD, variant 7
Loading cache for shader SceneForwardClusteredShaderRD, variant 0
Loading cache for shader SceneForwardClusteredShaderRD, variant 1
Loading cache for shader SceneForwardClusteredShaderRD, variant 2
Loading cache for shader SceneForwardClusteredShaderRD, variant 3
Loading cache for shader SceneForwardClusteredShaderRD, variant 4
Loading cache for shader SceneForwardClusteredShaderRD, variant 5
Loading cache for shader SceneForwardClusteredShaderRD, variant 6
Loading cache for shader SceneForwardClusteredShaderRD, variant 7
Loading resource: res://car/lada_2109_setup.gd
Loading resource: res://traffic/npc_taxi.tscn
WARNING: res://traffic/npc_taxi.tscn:4 - ext_resource, invalid UID: uid://taxi_model - using text path instead: res://car/models/lada_2109_taxi/scene.gltf
     at: load (scene/resources/resource_format_text.cpp:444)
Loading resource: res://car/models/lada_2109_taxi/scene.gltf
Loading resource: res://.godot/imported/scene.gltf-b52ab687efc1f0120251ce55fdab14dd.scn
Loading resource: res://car/models/lada_2109_taxi/textures/Cleaner_lambert_baseColor.png
Loading resource: res://.godot/imported/Cleaner_lambert_baseColor.png-bcf9981b53946007b4a8647d2cfcc91a.s3tc.ctex
Loading resource: res://car/models/lada_2109_taxi/textures/Mirror_lambert_baseColor.png
Loading resource: res://.godot/imported/Mirror_lambert_baseColor.png-427a768a217cd62a68b2ecded39220b3.s3tc.ctex
Loading resource: res://car/models/lada_2109_taxi/textures/Mirror_lambert_metallicRoughness.png
Loading resource: res://.godot/imported/Mirror_lambert_metallicRoughness.png-91c03a15ed7a5008d133f552f2119f55.s3tc.ctex
Loading resource: res://car/models/lada_2109_taxi/textures/taxycap_lambert_baseColor.png
Loading resource: res://.godot/imported/taxycap_lambert_baseColor.png-0bc8f32a9cd7551fd571d5415cd35c78.s3tc.ctex
Loading resource: res://car/models/lada_2109_taxi/textures/taxycap_lambert_metallicRoughness.png
Loading resource: res://.godot/imported/taxycap_lambert_metallicRoughness.png-a68effdd3bfc7b4fcef90951717e7a3d.s3tc.ctex
Loading resource: res://car/models/lada_2109_taxi/textures/Whells3_lambert_baseColor.png
Loading resource: res://.godot/imported/Whells3_lambert_baseColor.png-5d8885656e4f1d67fb2e2281623b52b2.s3tc.ctex
Loading resource: res://car/models/lada_2109_taxi/textures/Whells2_lambert_metallicRoughness.png
Loading resource: res://.godot/imported/Whells2_lambert_metallicRoughness.png-aaa6575caface87bf44297abb8c9b821.s3tc.ctex
Loading resource: res://car/models/lada_2109_taxi/textures/Whells3_lambert_metallicRoughness.png
Loading resource: res://.godot/imported/Whells3_lambert_metallicRoughness.png-a3ef1c1cc236839d0f7707a7d8869f9f.s3tc.ctex
Loading resource: res://car/models/lada_2109_taxi/textures/VAZ2109_BASE_lambert_baseColor.png
Loading resource: res://.godot/imported/VAZ2109_BASE_lambert_baseColor.png-bf15a1e211e98d1b58e2bab566b66185.s3tc.ctex
Loading resource: res://car/models/lada_2109_taxi/textures/VAZ2109_BASE_lambert_metallicRoughness.png
Loading resource: res://.godot/imported/VAZ2109_BASE_lambert_metallicRoughness.png-977fe43c5d7cc17bdc9b17cf06c70ef1.s3tc.ctex
Loading resource: res://car/models/lada_2109_taxi/textures/VAZ2109_BASE_lambert_normal.png
Loading resource: res://.godot/imported/VAZ2109_BASE_lambert_normal.png-cfeb2c0af6329849102c29c2e9bd8a65.s3tc.ctex
Loading resource: res://traffic/traffic_manager.gd
Loading resource: res://traffic/npc_paz.tscn
Loading resource: res://car/models/paz_32053/scene.gltf
Loading resource: res://.godot/imported/scene.gltf-e2ef1de0e6e96c2fdc37a92edd0871d3.scn
Loading resource: res://car/models/paz_32053/textures/Material.006_baseColor.png
Loading resource: res://.godot/imported/Material.006_baseColor.png-cfb6d2383ff6937aac0fe6a6e3e13a87.s3tc.ctex
Loading resource: res://car/models/paz_32053/textures/Material.006_metallicRoughness.png
Loading resource: res://.godot/imported/Material.006_metallicRoughness.png-b65e4d33e5f2d1bdd59486b591a744e1.s3tc.ctex
Loading resource: res://car/models/paz_32053/textures/Material.006_normal.png
Loading resource: res://.godot/imported/Material.006_normal.png-d1ec12af03a9dc62e01eb28b35da9f97.s3tc.ctex
Loading resource: res://car/paz_setup.gd
Loading resource: res://traffic/npc_vaz_2107.tscn
Loading resource: res://car/models/vaz_2107/scene.gltf
Loading resource: res://.godot/imported/scene.gltf-d7b131791e86e600027f4f17262117df.scn
Loading resource: res://car/models/vaz_2107/scene_0.png
Loading resource: res://.godot/imported/scene_0.png-e25bcb14a0f0651912c08347d50bbdc8.s3tc.ctex
Loading resource: res://car/models/vaz_2107/scene_1.png
Loading resource: res://.godot/imported/scene_1.png-4c7a5d36203d9d437746c6449e41c734.s3tc.ctex
Loading resource: res://car/models/vaz_2107/scene_2.png
Loading resource: res://.godot/imported/scene_2.png-1981eda6296e0043ff00aad2572e0abb.s3tc.ctex
Loading resource: res://car/models/vaz_2107/scene_3.png
Loading resource: res://.godot/imported/scene_3.png-d38c00ebf4e93dae6de409b7897aca58.s3tc.ctex
Loading resource: res://car/models/vaz_2107/scene_4.png
Loading resource: res://.godot/imported/scene_4.png-b3bddbd8efa4d8603c141a84c096ee55.s3tc.ctex
Loading cache for shader SceneForwardClusteredShaderRD, variant 0
Loading cache for shader SceneForwardClusteredShaderRD, variant 1
Loading cache for shader SceneForwardClusteredShaderRD, variant 2
Loading cache for shader SceneForwardClusteredShaderRD, variant 3
Loading cache for shader SceneForwardClusteredShaderRD, variant 4
Loading cache for shader SceneForwardClusteredShaderRD, variant 5
Loading cache for shader SceneForwardClusteredShaderRD, variant 6
Loading cache for shader SceneForwardClusteredShaderRD, variant 7
Loading resource: res://car/vaz_2107_setup.gd
Loading resource: res://night_mode/night_mode_manager.gd
Loading resource: res://settings/graphics_settings.gd
Loading resource: res://textures/ground_setup.gd
Loading resource: res://tests/bottleneck_analyzer.gd
Loading cache for shader SkyShaderRD, variant 0
Loading cache for shader SkyShaderRD, variant 1
Loading cache for shader SkyShaderRD, variant 2
Loading cache for shader SkyShaderRD, variant 3
Loading cache for shader SkyShaderRD, variant 4
Loading cache for shader SkyShaderRD, variant 5
ERROR: Error opening file 'res://icon.svg'.
   at: load_image (core/io/image_loader.cpp:89)
Loading resource: res://audio/music/petya_pavlov_ya_hochu_skorosti.ogg
Loading resource: res://.godot/imported/petya_pavlov_ya_hochu_skorosti.ogg-1975faad5a524bfffff2345ac5d67add.oggvorbisstr
MusicManager: Now playing track 0: Петя Павлов - Я хочу скорости
OSM: Initializing textures...
WARNING: Image format RGB8 not supported by hardware, converting to RGBA8.
     at: _validate_texture_format (servers/rendering/renderer_rd/storage_rd/texture_storage.cpp:2265)
     GDScript backtrace (most recent call first):
         [0] create_highway_texture (res://textures/texture_generator.gd:111)
         [1] _init_textures (res://osm/osm_terrain_generator.gd:290)
         [2] _ready (res://osm/osm_terrain_generator.gd:230)
WARNING: Image format RGB8 not supported by hardware, converting to RGBA8.
     at: _validate_texture_format (servers/rendering/renderer_rd/storage_rd/texture_storage.cpp:2265)
     GDScript backtrace (most recent call first):
         [0] create_primary_texture (res://textures/texture_generator.gd:160)
         [1] _init_textures (res://osm/osm_terrain_generator.gd:291)
         [2] _ready (res://osm/osm_terrain_generator.gd:230)
WARNING: Image format RGB8 not supported by hardware, converting to RGBA8.
     at: _validate_texture_format (servers/rendering/renderer_rd/storage_rd/texture_storage.cpp:2265)
     GDScript backtrace (most recent call first):
         [0] create_road_texture (res://textures/texture_generator.gd:61)
         [1] _init_textures (res://osm/osm_terrain_generator.gd:292)
         [2] _ready (res://osm/osm_terrain_generator.gd:230)
WARNING: Image format RGB8 not supported by hardware, converting to RGBA8.
     at: _validate_texture_format (servers/rendering/renderer_rd/storage_rd/texture_storage.cpp:2265)
     GDScript backtrace (most recent call first):
         [0] create_sidewalk_texture (res://textures/texture_generator.gd:209)
         [1] _init_textures (res://osm/osm_terrain_generator.gd:293)
         [2] _ready (res://osm/osm_terrain_generator.gd:230)
WARNING: Image format RGB8 not supported by hardware, converting to RGBA8.
     at: _validate_texture_format (servers/rendering/renderer_rd/storage_rd/texture_storage.cpp:2265)
     GDScript backtrace (most recent call first):
         [0] create_intersection_texture (res://textures/texture_generator.gd:184)
         [1] _init_textures (res://osm/osm_terrain_generator.gd:294)
         [2] _ready (res://osm/osm_terrain_generator.gd:230)
WARNING: Image format RGB8 not supported by hardware, converting to RGBA8.
     at: _validate_texture_format (servers/rendering/renderer_rd/storage_rd/texture_storage.cpp:2265)
     GDScript backtrace (most recent call first):
         [0] create_panel_building_no_windows (res://textures/texture_generator.gd:367)
         [1] _init_textures (res://osm/osm_terrain_generator.gd:297)
         [2] _ready (res://osm/osm_terrain_generator.gd:230)
WARNING: Image format RGB8 not supported by hardware, converting to RGBA8.
     at: _validate_texture_format (servers/rendering/renderer_rd/storage_rd/texture_storage.cpp:2265)
     GDScript backtrace (most recent call first):
         [0] create_brick_building_no_windows (res://textures/texture_generator.gd:401)
         [1] _init_textures (res://osm/osm_terrain_generator.gd:298)
         [2] _ready (res://osm/osm_terrain_generator.gd:230)
WARNING: Image format RGB8 not supported by hardware, converting to RGBA8.
     at: _validate_texture_format (servers/rendering/renderer_rd/storage_rd/texture_storage.cpp:2265)
     GDScript backtrace (most recent call first):
         [0] create_wall_texture (res://textures/texture_generator.gd:325)
         [1] _init_textures (res://osm/osm_terrain_generator.gd:299)
         [2] _ready (res://osm/osm_terrain_generator.gd:230)
WARNING: Image format RGB8 not supported by hardware, converting to RGBA8.
     at: _validate_texture_format (servers/rendering/renderer_rd/storage_rd/texture_storage.cpp:2265)
     GDScript backtrace (most recent call first):
         [0] create_roof_texture (res://textures/texture_generator.gd:309)
         [1] _init_textures (res://osm/osm_terrain_generator.gd:300)
         [2] _ready (res://osm/osm_terrain_generator.gd:230)
WARNING: Loaded resource as image file, this will not work on export: 'res://textures/Grass004_1K-JPG_Color.jpg'. Instead, import the image file as an Image resource and load it normally as a resource.
     at: load_from_file (core/io/image.cpp:2541)
     GDScript backtrace (most recent call first):
         [0] _init_textures (res://osm/osm_terrain_generator.gd:303)
         [1] _ready (res://osm/osm_terrain_generator.gd:230)
WARNING: Image format RGB8 not supported by hardware, converting to RGBA8.
     at: _validate_texture_format (servers/rendering/renderer_rd/storage_rd/texture_storage.cpp:2265)
     GDScript backtrace (most recent call first):
         [0] _init_textures (res://osm/osm_terrain_generator.gd:305)
         [1] _ready (res://osm/osm_terrain_generator.gd:230)
WARNING: Image format RGB8 not supported by hardware, converting to RGBA8.
     at: _validate_texture_format (servers/rendering/renderer_rd/storage_rd/texture_storage.cpp:2265)
     GDScript backtrace (most recent call first):
         [0] create_forest_texture (res://textures/texture_generator.gd:575)
         [1] _init_textures (res://osm/osm_terrain_generator.gd:308)
         [2] _ready (res://osm/osm_terrain_generator.gd:230)
WARNING: Image format RGB8 not supported by hardware, converting to RGBA8.
     at: _validate_texture_format (servers/rendering/renderer_rd/storage_rd/texture_storage.cpp:2265)
     GDScript backtrace (most recent call first):
         [0] create_asphalt_normal (res://textures/texture_generator.gd:627)
         [1] _init_textures (res://osm/osm_terrain_generator.gd:312)
         [2] _ready (res://osm/osm_terrain_generator.gd:230)
WARNING: Image format RGB8 not supported by hardware, converting to RGBA8.
     at: _validate_texture_format (servers/rendering/renderer_rd/storage_rd/texture_storage.cpp:2265)
     GDScript backtrace (most recent call first):
         [0] create_brick_normal (res://textures/texture_generator.gd:657)
         [1] _init_textures (res://osm/osm_terrain_generator.gd:313)
         [2] _ready (res://osm/osm_terrain_generator.gd:230)
WARNING: Image format RGB8 not supported by hardware, converting to RGBA8.
     at: _validate_texture_format (servers/rendering/renderer_rd/storage_rd/texture_storage.cpp:2265)
     GDScript backtrace (most recent call first):
         [0] create_concrete_normal (res://textures/texture_generator.gd:693)
         [1] _init_textures (res://osm/osm_terrain_generator.gd:314)
         [2] _ready (res://osm/osm_terrain_generator.gd:230)
WARNING: Image format RGB8 not supported by hardware, converting to RGBA8.
     at: _validate_texture_format (servers/rendering/renderer_rd/storage_rd/texture_storage.cpp:2265)
     GDScript backtrace (most recent call first):
         [0] create_panel_building_normal (res://textures/texture_generator.gd:744)
         [1] _init_textures (res://osm/osm_terrain_generator.gd:315)
         [2] _ready (res://osm/osm_terrain_generator.gd:230)
OSM: Textures initialized in 1336 ms
OSM: Initializing window shader (compile once, reuse for all batches)...
OSM: Window shader compiled
=== Performance Profiler Started ===
[OSMTerrain] Profiler created for diagnostics
OSMTerrainGenerator: Profiler connected - road performance will be measured

========== Bottleneck Analyzer Started ==========
Collecting performance data...
=================================================

Loading resource: res://tests/performance_logger.gd

========== DETAILED PERFORMANCE TEST ==========
Random seed: 12345 (fixed for reproducibility)
Location: Cherepovets (59.1167, 37.9000)
Duration: 90 seconds
Spike threshold: 25.0 ms
Tracking: Every spike > 25.0 ms
Night mode: ENABLED
==============================================

2026-01-31 07:23:33.922 Godot[69460:2130016] +[IMKClient subclass]: chose IMKClient_Modern
OSM: Night mode enabled
OSM: Chunk distances - load: 700, unload: 900
OSM: Fog enabled (density: 0.0013 for 600m)
OSM: Ready for loading (waiting for start_loading call)...
Nexia: Found mesh: body_Car Paint PL_0
  -> Created override material for surface 0
  -> Material: Car_Paint_PL (StandardMaterial3D)
  -> Changed body color to cherry (glossy)
Nexia: Found mesh: body_Car Paint PL_02
  -> Created override material for surface 0
  -> Material: Car_Paint_PL (StandardMaterial3D)
  -> Changed body color to cherry (glossy)
Nexia: Found mesh: body_Car Paint PL_03
  -> Created override material for surface 0
  -> Material: Car_Paint_PL (StandardMaterial3D)
  -> Changed body color to cherry (glossy)
Nexia: Found mesh: body_Black leather_0
  -> Skipping (light/wheel/chrome/interior)
Nexia: Found mesh: body_Black leather_02
  -> Skipping (light/wheel/chrome/interior)
Nexia: Found mesh: body_Black leather_03
  -> Skipping (light/wheel/chrome/interior)
Nexia: Found mesh: body_Black Opaque  Glass_0
  -> Created override material for surface 0
  -> Material: Black_Opaque__Glass (StandardMaterial3D)
  -> Changed glass to tinted (day mode)
Nexia: Found mesh: body_mattemetal_0
  -> Skipping (light/wheel/chrome/interior)
Nexia: Found mesh: body_orangeglass_0
  -> Skipping (light/wheel/chrome/interior)
Nexia: Found mesh: body_chrome_0
  -> Skipping (light/wheel/chrome/interior)
Nexia: Found mesh: body_chrome_02
  -> Skipping (light/wheel/chrome/interior)
Nexia: Found mesh: body_chrome_03
  -> Skipping (light/wheel/chrome/interior)
Nexia: Found mesh: body_chrome_04
  -> Skipping (light/wheel/chrome/interior)
Nexia: Found mesh: body_redglass_0
  -> Skipping (light/wheel/chrome/interior)
Nexia: Found mesh: body_AR3DMat Procedural Realistic Mirror_0
  -> Skipping (light/wheel/chrome/interior)
Nexia: Found mesh: wheel_front_left_TireProcedural_0
  -> Skipping (light/wheel/chrome/interior)
Nexia: Found mesh: wheel_front_left_rim_0
  -> Skipping (light/wheel/chrome/interior)
Nexia: Found mesh: wheel_front_left_black_0
  -> Skipping (light/wheel/chrome/interior)
Nexia: Found mesh: wheel_front_left_brakedisk_0
  -> Skipping (light/wheel/chrome/interior)
Nexia: Found mesh: wheel_front_left_mattemetal_0
  -> Skipping (light/wheel/chrome/interior)
Nexia: Found mesh: wheel_front_right_TireProcedural_0
  -> Skipping (light/wheel/chrome/interior)
Nexia: Found mesh: wheel_front_right_rim_0
  -> Skipping (light/wheel/chrome/interior)
Nexia: Found mesh: wheel_front_right_black_0
  -> Skipping (light/wheel/chrome/interior)
Nexia: Found mesh: wheel_front_right_brakedisk_0
  -> Skipping (light/wheel/chrome/interior)
Nexia: Found mesh: wheel_front_right_mattemetal_0
  -> Skipping (light/wheel/chrome/interior)
Nexia: Found mesh: wheel_rear_left_TireProcedural_0
  -> Skipping (light/wheel/chrome/interior)
Nexia: Found mesh: wheel_rear_left_black_0
  -> Skipping (light/wheel/chrome/interior)
Nexia: Found mesh: wheel_rear_left_brakedisk_0
  -> Skipping (light/wheel/chrome/interior)
Nexia: Found mesh: wheel_rear_left_rim_0
  -> Skipping (light/wheel/chrome/interior)
Nexia: Found mesh: wheel_rear_left_mattemetal_0
  -> Skipping (light/wheel/chrome/interior)
Nexia: Found mesh: wheel_rear_right_TireProcedural_0
  -> Skipping (light/wheel/chrome/interior)
Nexia: Found mesh: wheel_rear_right_black_0
  -> Skipping (light/wheel/chrome/interior)
Nexia: Found mesh: wheel_rear_right_brakedisk_0
  -> Skipping (light/wheel/chrome/interior)
Nexia: Found mesh: wheel_rear_right_rim_0
  -> Skipping (light/wheel/chrome/interior)
Nexia: Found mesh: wheel_rear_right_mattemetal_0
  -> Skipping (light/wheel/chrome/interior)
Nexia: Found taillight mesh: body_redglass_0
  -> Added taillight material
  -> Created brake SpotLight at (-0.5, 0.9, 1.95)
  -> Created brake SpotLight at (0.5, 0.9, 1.95)
Nexia: Found front marker mesh: body_orangeglass_0
  -> Added front marker material
  -> Created headlight SpotLight at (-0.55, 0.75, -1.9)
  -> Created headlight SpotLight at (0.55, 0.75, -1.9)
  -> Created underglow with 16 lights
Nexia model setup complete
=== Performance Profiler Started ===
[TrafficManager] Profiler created for diagnostics
TrafficManager: Initialized (max 200 NPCs)
Loading cache for shader SkyShaderRD, variant 0
Loading cache for shader SkyShaderRD, variant 1
Loading cache for shader SkyShaderRD, variant 2
Loading cache for shader SkyShaderRD, variant 3
Loading cache for shader SkyShaderRD, variant 4
Loading cache for shader SkyShaderRD, variant 5
Loading cache for shader SkyShaderRD, variant 0
Loading cache for shader SkyShaderRD, variant 1
Loading cache for shader SkyShaderRD, variant 2
Loading cache for shader SkyShaderRD, variant 3
Loading cache for shader SkyShaderRD, variant 4
Loading cache for shader SkyShaderRD, variant 5
Loading cache for shader ParticlesShaderRD, variant 0
Loading cache for shader SceneForwardClusteredShaderRD, variant 0
Loading cache for shader SceneForwardClusteredShaderRD, variant 1
Loading cache for shader SceneForwardClusteredShaderRD, variant 2
Loading cache for shader SceneForwardClusteredShaderRD, variant 3
Loading cache for shader SceneForwardClusteredShaderRD, variant 4
Loading cache for shader SceneForwardClusteredShaderRD, variant 5
Loading cache for shader SceneForwardClusteredShaderRD, variant 6
Loading cache for shader SceneForwardClusteredShaderRD, variant 7
NightModeManager: Ready (day mode, no rain)
GraphicsSettings: Found WorldEnvironment
GraphicsSettings: Found Camera3D: Camera3D
GraphicsSettings: Loading settings from file...
GraphicsSettings: Settings loaded - FXAA: false, TAA: true, MSAA: 1
GraphicsSettings: Applying initial settings...
SSR: OFF
Fog: ON
Glow: ON
SSAO: ON
TAA: ON
MSAA: 2X
FXAA disabled on root viewport
DOF: ON (far distance: 100m)
GraphicsSettings: Ready
[Systems Found]
  OSMTerrain: NO
  TrafficManager: NO
  NightModeManager: NO
  Player Car: YES

[PerformanceTestDetailed] Found nodes:
  Car: YES
  VehicleInput: YES
  OSMTerrain: YES
[PerformanceTestDetailed] Night mode ENABLED (windows + lights + moon)
[PerformanceTestDetailed] Connected to terrain loading signals
[PerformanceTestDetailed] Starting terrain loading...
OSM: Starting initial loading... (generation 0)
OSM: State before start: _loaded_chunks=0, _loading_chunks=0
OSM: Loading chunks around car position (0.0, 0.9, 0.0)
OSM: Need to load 16 chunks for initial area
OSM: Emitting initial_load_started signal...
OSM: initial_load_started signal emitted
OSM: Loading chunk -2,-2 at lat=59.1208, lon=37.8921
OSM: Loaded from cache: osm_v2_59.1208_37.8921_250.json
OSM: Loading chunk -2,-1 at lat=59.1181, lon=37.8921
OSM: Loaded from cache: osm_v2_59.1181_37.8921_250.json
OSM: Loading chunk -2,0 at lat=59.1153, lon=37.8921
OSM: Loaded from cache: osm_v2_59.1153_37.8921_250.json
OSM: Loading chunk -2,1 at lat=59.1126, lon=37.8921
OSM: Loaded from cache: osm_v2_59.1126_37.8921_250.json
OSM: Loading chunk -1,-2 at lat=59.1208, lon=37.8974
OSM: Loaded from cache: osm_v2_59.1208_37.8974_250.json
OSM: Loading chunk -1,-1 at lat=59.1181, lon=37.8974
OSM: Loaded from cache: osm_v2_59.1181_37.8974_250.json
OSM: Loading chunk -1,0 at lat=59.1153, lon=37.8974
OSM: Loaded from cache: osm_v2_59.1153_37.8974_250.json
OSM: Loading chunk -1,1 at lat=59.1126, lon=37.8974
OSM: Loaded from cache: osm_v2_59.1126_37.8974_250.json
OSM: Loading chunk 0,-2 at lat=59.1208, lon=37.9026
OSM: Loaded from cache: osm_v2_59.1208_37.9026_250.json
OSM: Loading chunk 0,-1 at lat=59.1181, lon=37.9026
OSM: Loaded from cache: osm_v2_59.1181_37.9026_250.json
OSM: Loading chunk 0,0 at lat=59.1153, lon=37.9026
OSM: Loaded from cache: osm_v2_59.1153_37.9026_250.json
OSM: Loading chunk 0,1 at lat=59.1126, lon=37.9026
OSM: Loaded from cache: osm_v2_59.1126_37.9026_250.json
OSM: Loading chunk 1,-2 at lat=59.1208, lon=37.9079
OSM: Loaded from cache: osm_v2_59.1208_37.9079_250.json
OSM: Loading chunk 1,-1 at lat=59.1181, lon=37.9079
OSM: Loaded from cache: osm_v2_59.1181_37.9079_250.json
OSM: Loading chunk 1,0 at lat=59.1153, lon=37.9079
OSM: Loaded from cache: osm_v2_59.1153_37.9079_250.json
OSM: Loading chunk 1,1 at lat=59.1126, lon=37.9079
OSM: Loaded from cache: osm_v2_59.1126_37.9079_250.json
OSM: Started loading 16 chunks (total needed: 16, already loaded: 0)
OSM: Chunk -2,-2 data loaded
OSM: Found 7 POI nodes in chunk
POI_DEBUG: Found 'Магнит' inside building at local (-583.6, -540.7)
POI_DEBUG: Found 'Бристоль' inside building at local (-593.0, -497.7)
POI_DEBUG: Found 'Антей' inside building at local (-591.1, -510.1)
BusinessSign: Found logo for 'магнит' -> res://textures/brand_logos/magnit.png
Loading resource: res://textures/brand_logos/magnit.png
Loading resource: res://.godot/imported/magnit.png-31fdba21c9aa2a67aac0029f80d6b4cb.ctex
Loading cache for shader SceneForwardClusteredShaderRD, variant 0
Loading cache for shader SceneForwardClusteredShaderRD, variant 1
Loading cache for shader SceneForwardClusteredShaderRD, variant 2
Loading cache for shader SceneForwardClusteredShaderRD, variant 3
Loading cache for shader SceneForwardClusteredShaderRD, variant 4
Loading cache for shader SceneForwardClusteredShaderRD, variant 5
Loading cache for shader SceneForwardClusteredShaderRD, variant 6
Loading cache for shader SceneForwardClusteredShaderRD, variant 7
Loading cache for shader SceneForwardClusteredShaderRD, variant 0
Loading cache for shader SceneForwardClusteredShaderRD, variant 1
Loading cache for shader SceneForwardClusteredShaderRD, variant 2
Loading cache for shader SceneForwardClusteredShaderRD, variant 3
Loading cache for shader SceneForwardClusteredShaderRD, variant 4
Loading cache for shader SceneForwardClusteredShaderRD, variant 5
Loading cache for shader SceneForwardClusteredShaderRD, variant 6
Loading cache for shader SceneForwardClusteredShaderRD, variant 7
POI_DEBUG: Found 'Ozon' inside building at local (-577.4, -467.7)
POI_DEBUG: Found 'Пятёрочка' inside building at local (-583.9, -471.4)
BusinessSign: Found logo for 'ozon' -> res://textures/brand_logos/ozon.png
Loading resource: res://textures/brand_logos/ozon.png
Loading resource: res://.godot/imported/ozon.png-cc772cb0e65a53f513cfd9ec9f032a08.ctex
BusinessSign: Found logo for 'пятёрочка' -> res://textures/brand_logos/pyaterochka.png
Loading resource: res://textures/brand_logos/pyaterochka.png
Loading resource: res://.godot/imported/pyaterochka.png-384b1f6c66bb2386d37f8481b233ca9c.ctex
Loading cache for shader SceneForwardClusteredShaderRD, variant 0
Loading cache for shader SceneForwardClusteredShaderRD, variant 1
Loading cache for shader SceneForwardClusteredShaderRD, variant 2
Loading cache for shader SceneForwardClusteredShaderRD, variant 3
Loading cache for shader SceneForwardClusteredShaderRD, variant 4
Loading cache for shader SceneForwardClusteredShaderRD, variant 5
Loading cache for shader SceneForwardClusteredShaderRD, variant 6
Loading cache for shader SceneForwardClusteredShaderRD, variant 7
OSM: Generated 39 roads, 29 buildings, 0 trees, 0 signs, 0 lamps, 22 intersections
OSM: Marked chunk '-2,-2' for road batch finalization
OSM DEBUG: Missing chunks (15): ["-2,-1", "-2,0", "-2,1", "-1,-2", "-1,-1", "-1,0", "-1,1", "0,-2", "0,-1", "0,0", "0,1", "1,-2", "1,-1", "1,0", "1,1"]
  - Currently loading: ["-2,-1", "-2,0", "-2,1", "-1,-2", "-1,-1", "-1,0", "-1,1", "0,-2", "0,-1", "0,0", "0,1", "1,-2", "1,-1", "1,0", "1,1"]
OSM: Chunk -2,-1 data loaded
OSM: Generated 30 roads, 10 buildings, 0 trees, 0 signs, 0 lamps, 6 intersections
OSM: Marked chunk '-2,-1' for road batch finalization
OSM DEBUG: Missing chunks (14): ["-2,0", "-2,1", "-1,-2", "-1,-1", "-1,0", "-1,1", "0,-2", "0,-1", "0,0", "0,1", "1,-2", "1,-1", "1,0", "1,1"]
  - Currently loading: ["-2,0", "-2,1", "-1,-2", "-1,-1", "-1,0", "-1,1", "0,-2", "0,-1", "0,0", "0,1", "1,-2", "1,-1", "1,0", "1,1"]
OSM: Chunk -2,0 data loaded
Loading cache for shader SceneForwardClusteredShaderRD, variant 0
Loading cache for shader SceneForwardClusteredShaderRD, variant 1
Loading cache for shader SceneForwardClusteredShaderRD, variant 2
Loading cache for shader SceneForwardClusteredShaderRD, variant 3
Loading cache for shader SceneForwardClusteredShaderRD, variant 4
Loading cache for shader SceneForwardClusteredShaderRD, variant 5
Loading cache for shader SceneForwardClusteredShaderRD, variant 6
Loading cache for shader SceneForwardClusteredShaderRD, variant 7
OSM: Generated 13 roads, 3 buildings, 0 trees, 0 signs, 0 lamps, 1 intersections
OSM: Marked chunk '-2,0' for road batch finalization
OSM DEBUG: Missing chunks (13): ["-2,1", "-1,-2", "-1,-1", "-1,0", "-1,1", "0,-2", "0,-1", "0,0", "0,1", "1,-2", "1,-1", "1,0", "1,1"]
  - Currently loading: ["-2,1", "-1,-2", "-1,-1", "-1,0", "-1,1", "0,-2", "0,-1", "0,0", "0,1", "1,-2", "1,-1", "1,0", "1,1"]
OSM: Chunk -2,1 data loaded
OSM: Generated 0 roads, 0 buildings, 0 trees, 0 signs, 0 lamps, 0 intersections
OSM: Marked chunk '-2,1' for road batch finalization
OSM DEBUG: Missing chunks (12): ["-1,-2", "-1,-1", "-1,0", "-1,1", "0,-2", "0,-1", "0,0", "0,1", "1,-2", "1,-1", "1,0", "1,1"]
  - Currently loading: ["-1,-2", "-1,-1", "-1,0", "-1,1", "0,-2", "0,-1", "0,0", "0,1", "1,-2", "1,-1", "1,0", "1,1"]
OSM: Chunk -1,-2 data loaded
OSM: Found 5 entrance nodes in chunk
OSM: Found 6 POI nodes in chunk
Loading cache for shader SceneForwardClusteredShaderRD, variant 0
Loading cache for shader SceneForwardClusteredShaderRD, variant 1
Loading cache for shader SceneForwardClusteredShaderRD, variant 2
Loading cache for shader SceneForwardClusteredShaderRD, variant 3
Loading cache for shader SceneForwardClusteredShaderRD, variant 4
Loading cache for shader SceneForwardClusteredShaderRD, variant 5
Loading cache for shader SceneForwardClusteredShaderRD, variant 6
Loading cache for shader SceneForwardClusteredShaderRD, variant 7
OSM: Generated 33 roads, 31 buildings, 0 trees, 0 signs, 0 lamps, 13 intersections
OSM: Marked chunk '-1,-2' for road batch finalization
OSM DEBUG: Missing chunks (11): ["-1,-1", "-1,0", "-1,1", "0,-2", "0,-1", "0,0", "0,1", "1,-2", "1,-1", "1,0", "1,1"]
  - Currently loading: ["-1,-1", "-1,0", "-1,1", "0,-2", "0,-1", "0,0", "0,1", "1,-2", "1,-1", "1,0", "1,1"]
OSM: Chunk -1,-1 data loaded
OSM: Found 3 POI nodes in chunk
POI_DEBUG: Found 'Магнит' inside building at local (-106.5, -187.7)
BusinessSign: Found logo for 'магнит' -> res://textures/brand_logos/magnit.png
POI_DEBUG: Found 'Северный градус' inside building at local (-108.4, -158.5)
BusinessSign: Found logo for 'северный градус' -> res://textures/brand_logos/severniy-gradus.png
Loading resource: res://textures/brand_logos/severniy-gradus.png
Loading resource: res://.godot/imported/severniy-gradus.png-79cfe55b765c858de7f261949750f3ce.ctex
OSM: Generated 55 roads, 21 buildings, 1 trees, 0 signs, 0 lamps, 27 intersections
OSM: Marked chunk '-1,-1' for road batch finalization
OSM DEBUG: Missing chunks (10): ["-1,0", "-1,1", "0,-2", "0,-1", "0,0", "0,1", "1,-2", "1,-1", "1,0", "1,1"]
  - Currently loading: ["-1,0", "-1,1", "0,-2", "0,-1", "0,0", "0,1", "1,-2", "1,-1", "1,0", "1,1"]
OSM: Chunk -1,0 data loaded
OSM: Found 1 POI nodes in chunk
OSM: Generated 20 roads, 11 buildings, 0 trees, 0 signs, 0 lamps, 9 intersections
OSM: Marked chunk '-1,0' for road batch finalization
OSM DEBUG: Missing chunks (9): ["-1,1", "0,-2", "0,-1", "0,0", "0,1", "1,-2", "1,-1", "1,0", "1,1"]
  - Currently loading: ["-1,1", "0,-2", "0,-1", "0,0", "0,1", "1,-2", "1,-1", "1,0", "1,1"]
OSM: Chunk -1,1 data loaded
OSM: Generated 0 roads, 0 buildings, 0 trees, 0 signs, 0 lamps, 0 intersections
OSM: Marked chunk '-1,1' for road batch finalization
OSM DEBUG: Missing chunks (8): ["0,-2", "0,-1", "0,0", "0,1", "1,-2", "1,-1", "1,0", "1,1"]
  - Currently loading: ["0,-2", "0,-1", "0,0", "0,1", "1,-2", "1,-1", "1,0", "1,1"]
OSM: Chunk 0,-2 data loaded
OSM: Found 10 POI nodes in chunk
POI_DEBUG: Found 'Антей' inside building at local (29.3, -584.4)
POI_DEBUG: Found 'Coffee Like' inside building at local (88.6, -413.9)
OSM: Generated 59 roads, 20 buildings, 0 trees, 0 signs, 0 lamps, 15 intersections
OSM: Marked chunk '0,-2' for road batch finalization
OSM DEBUG: Missing chunks (7): ["0,-1", "0,0", "0,1", "1,-2", "1,-1", "1,0", "1,1"]
  - Currently loading: ["0,-1", "0,0", "0,1", "1,-2", "1,-1", "1,0", "1,1"]
OSM: Chunk 0,-1 data loaded
OSM: Found 3 entrance nodes in chunk
OSM: Found 4 POI nodes in chunk
POI_DEBUG: Found 'Фонд капитального ремонта многоквартирных домов Вологодской области' inside building at local (283.4, -263.6)
POI_DEBUG: Found 'Пионер-сервис. Сервисный центр Самсунг' inside building at local (240.9, -141.4)
OSM: Generated 61 roads, 15 buildings, 0 trees, 0 signs, 0 lamps, 17 intersections
OSM: Marked chunk '0,-1' for road batch finalization
OSM DEBUG: Missing chunks (6): ["0,0", "0,1", "1,-2", "1,-1", "1,0", "1,1"]
  - Currently loading: ["0,0", "0,1", "1,-2", "1,-1", "1,0", "1,1"]
OSM: Chunk 0,0 data loaded
OSM: Found 2 entrance nodes in chunk
OSM: Generated 42 roads, 0 buildings, 0 trees, 0 signs, 0 lamps, 4 intersections
OSM: Marked chunk '0,0' for road batch finalization
OSM DEBUG: Missing chunks (5): ["0,1", "1,-2", "1,-1", "1,0", "1,1"]
  - Currently loading: ["0,1", "1,-2", "1,-1", "1,0", "1,1"]
OSM: Chunk 0,1 data loaded
OSM: Generated 1 roads, 0 buildings, 0 trees, 0 signs, 0 lamps, 0 intersections
OSM: Marked chunk '0,1' for road batch finalization
OSM DEBUG: Missing chunks (4): ["1,-2", "1,-1", "1,0", "1,1"]
  - Currently loading: ["1,-2", "1,-1", "1,0", "1,1"]
OSM: Chunk 1,-2 data loaded
OSM: Found 4 entrance nodes in chunk
OSM: Found 11 POI nodes in chunk
POI_DEBUG: Found 'Ли Лу' inside building at local (337.6, -257.6)
POI_DEBUG: Found 'ВТБ' inside building at local (407.3, -531.1)
BusinessSign: Found logo for 'втб' -> res://textures/brand_logos/vtb.png
Loading resource: res://textures/brand_logos/vtb.png
Loading resource: res://.godot/imported/vtb.png-4da497bc31ee73b71092cb16c05ad0ec.ctex
POI_DEBUG: Found 'OTP-банк' inside building at local (592.3, -604.5)
POI_DEBUG: Found 'ВТБ' inside building at local (594.8, -612.1)
POI_DEBUG: Found 'Шашлычек' inside building at local (589.3, -592.4)
POI_DEBUG: Found 'Easy Slip' inside building at local (581.6, -593.1)
BusinessSign: Found logo for 'втб' -> res://textures/brand_logos/vtb.png
OSM: Generated 52 roads, 35 buildings, 0 trees, 0 signs, 0 lamps, 34 intersections
OSM: Marked chunk '1,-2' for road batch finalization
OSM DEBUG: Missing chunks (3): ["1,-1", "1,0", "1,1"]
  - Currently loading: ["1,-1", "1,0", "1,1"]
OSM: Chunk 1,-1 data loaded
OSM: Found 8 entrance nodes in chunk
OSM: Found 5 POI nodes in chunk
POI_DEBUG: Found 'Фонд капитального ремонта многоквартирных домов Вологодской области' inside building at local (283.4, -263.6)
POI_DEBUG: Found 'Ли Лу' inside building at local (337.6, -257.6)
OSM: Generated 51 roads, 33 buildings, 0 trees, 0 signs, 0 lamps, 41 intersections
OSM: Marked chunk '1,-1' for road batch finalization
OSM DEBUG: Missing chunks (2): ["1,0", "1,1"]
  - Currently loading: ["1,0", "1,1"]
OSM: Chunk 1,0 data loaded
OSM: Found 4 entrance nodes in chunk
OSM: Generated 2 roads, 2 buildings, 0 trees, 0 signs, 0 lamps, 0 intersections
OSM: Marked chunk '1,0' for road batch finalization
OSM DEBUG: Missing chunks (1): ["1,1"]
  - Currently loading: ["1,1"]
OSM: Chunk 1,1 data loaded
OSM: Generated 0 roads, 0 buildings, 0 trees, 0 signs, 0 lamps, 0 intersections
OSM: Marked chunk '1,1' for road batch finalization
OSM DEBUG: Chunks loaded 16/16, but queues not empty:
  - _building_results: 176
  - _road_queue: 458
  - _terrain_objects_queue: 97
  - _infrastructure_queue: 177
  - _pending_building_tasks: 0
Loading cache for shader SceneForwardClusteredShaderRD, variant 0
Loading cache for shader SceneForwardClusteredShaderRD, variant 1
Loading cache for shader SceneForwardClusteredShaderRD, variant 2
Loading cache for shader SceneForwardClusteredShaderRD, variant 3
Loading cache for shader SceneForwardClusteredShaderRD, variant 4
Loading cache for shader SceneForwardClusteredShaderRD, variant 5
Loading cache for shader SceneForwardClusteredShaderRD, variant 6
Loading cache for shader SceneForwardClusteredShaderRD, variant 7
Loading cache for shader SceneForwardClusteredShaderRD, variant 0
Loading cache for shader SceneForwardClusteredShaderRD, variant 1
Loading cache for shader SceneForwardClusteredShaderRD, variant 2
Loading cache for shader SceneForwardClusteredShaderRD, variant 3
Loading cache for shader SceneForwardClusteredShaderRD, variant 4
Loading cache for shader SceneForwardClusteredShaderRD, variant 5
Loading cache for shader SceneForwardClusteredShaderRD, variant 6
Loading cache for shader SceneForwardClusteredShaderRD, variant 7
OSM: DEBUG _add_road_to_batch - first road for chunk '0,0', parent.name='Chunk_0,0'
OSM: DEBUG _add_road_to_batch - first road for chunk '-1,0', parent.name='Chunk_-1,0'
OSM: DEBUG _add_road_to_batch - first road for chunk '0,-1', parent.name='Chunk_0,-1'
OSM: DEBUG _add_road_to_batch - first road for chunk '-1,-1', parent.name='Chunk_-1,-1'
⚠️ SLOW FRAME 101.6ms: building=1.2 road=8.0 terrain=76.9 infra=1.3 veg=14.2 curb=0.0ms
OSM DEBUG: Chunks loaded 16/16, but queues not empty:
  - _building_results: 175
  - _road_queue: 436
  - _terrain_objects_queue: 95
  - _infrastructure_queue: 176
  - _pending_building_tasks: 0
Loading cache for shader SceneForwardClusteredShaderRD, variant 0
Loading cache for shader SceneForwardClusteredShaderRD, variant 1
Loading cache for shader SceneForwardClusteredShaderRD, variant 2
Loading cache for shader SceneForwardClusteredShaderRD, variant 3
Loading cache for shader SceneForwardClusteredShaderRD, variant 4
Loading cache for shader SceneForwardClusteredShaderRD, variant 5
Loading cache for shader SceneForwardClusteredShaderRD, variant 6
Loading cache for shader SceneForwardClusteredShaderRD, variant 7
Loading cache for shader SceneForwardClusteredShaderRD, variant 0
Loading cache for shader SceneForwardClusteredShaderRD, variant 1
Loading cache for shader SceneForwardClusteredShaderRD, variant 2
Loading cache for shader SceneForwardClusteredShaderRD, variant 3
Loading cache for shader SceneForwardClusteredShaderRD, variant 4
Loading cache for shader SceneForwardClusteredShaderRD, variant 5
Loading cache for shader SceneForwardClusteredShaderRD, variant 6
Loading cache for shader SceneForwardClusteredShaderRD, variant 7
Loading cache for shader SceneForwardClusteredShaderRD, variant 0
Loading cache for shader SceneForwardClusteredShaderRD, variant 1
Loading cache for shader SceneForwardClusteredShaderRD, variant 2
Loading cache for shader SceneForwardClusteredShaderRD, variant 3
Loading cache for shader SceneForwardClusteredShaderRD, variant 4
Loading cache for shader SceneForwardClusteredShaderRD, variant 5
Loading cache for shader SceneForwardClusteredShaderRD, variant 6
Loading cache for shader SceneForwardClusteredShaderRD, variant 7
Loading cache for shader SceneForwardClusteredShaderRD, variant 8
Loading cache for shader SceneForwardClusteredShaderRD, variant 9
Loading cache for shader SceneForwardClusteredShaderRD, variant 10
Loading cache for shader SceneForwardClusteredShaderRD, variant 11
Loading cache for shader SceneForwardClusteredShaderRD, variant 12
Loading cache for shader SceneForwardClusteredShaderRD, variant 13
Loading cache for shader SceneForwardClusteredShaderRD, variant 14
Loading cache for shader SceneForwardClusteredShaderRD, variant 15
Loading cache for shader SceneForwardClusteredShaderRD, variant 16
Loading cache for shader SceneForwardClusteredShaderRD, variant 17
Loading cache for shader SceneForwardClusteredShaderRD, variant 0
Loading cache for shader SceneForwardClusteredShaderRD, variant 1
Loading cache for shader SceneForwardClusteredShaderRD, variant 2
Loading cache for shader SceneForwardClusteredShaderRD, variant 3
Loading cache for shader SceneForwardClusteredShaderRD, variant 4
Loading cache for shader SceneForwardClusteredShaderRD, variant 5
Loading cache for shader SceneForwardClusteredShaderRD, variant 6
Loading cache for shader SceneForwardClusteredShaderRD, variant 7
Loading cache for shader SceneForwardClusteredShaderRD, variant 8
Loading cache for shader SceneForwardClusteredShaderRD, variant 9
Loading cache for shader SceneForwardClusteredShaderRD, variant 10
Loading cache for shader SceneForwardClusteredShaderRD, variant 11
Loading cache for shader SceneForwardClusteredShaderRD, variant 12
Loading cache for shader SceneForwardClusteredShaderRD, variant 13
Loading cache for shader SceneForwardClusteredShaderRD, variant 14
Loading cache for shader SceneForwardClusteredShaderRD, variant 15
Loading cache for shader SceneForwardClusteredShaderRD, variant 16
Loading cache for shader SceneForwardClusteredShaderRD, variant 17
Loading cache for shader SceneForwardClusteredShaderRD, variant 0
Loading cache for shader SceneForwardClusteredShaderRD, variant 1
Loading cache for shader SceneForwardClusteredShaderRD, variant 2
Loading cache for shader SceneForwardClusteredShaderRD, variant 3
Loading cache for shader SceneForwardClusteredShaderRD, variant 4
Loading cache for shader SceneForwardClusteredShaderRD, variant 5
Loading cache for shader SceneForwardClusteredShaderRD, variant 6
Loading cache for shader SceneForwardClusteredShaderRD, variant 7
Loading cache for shader SceneForwardClusteredShaderRD, variant 8
Loading cache for shader SceneForwardClusteredShaderRD, variant 9
Loading cache for shader SceneForwardClusteredShaderRD, variant 10
Loading cache for shader SceneForwardClusteredShaderRD, variant 11
Loading cache for shader SceneForwardClusteredShaderRD, variant 12
Loading cache for shader SceneForwardClusteredShaderRD, variant 13
Loading cache for shader SceneForwardClusteredShaderRD, variant 14
Loading cache for shader SceneForwardClusteredShaderRD, variant 15
Loading cache for shader SceneForwardClusteredShaderRD, variant 16
Loading cache for shader SceneForwardClusteredShaderRD, variant 17
Loading cache for shader SceneForwardClusteredShaderRD, variant 0
Loading cache for shader SceneForwardClusteredShaderRD, variant 1
Loading cache for shader SceneForwardClusteredShaderRD, variant 2
Loading cache for shader SceneForwardClusteredShaderRD, variant 3
Loading cache for shader SceneForwardClusteredShaderRD, variant 4
Loading cache for shader SceneForwardClusteredShaderRD, variant 5
Loading cache for shader SceneForwardClusteredShaderRD, variant 6
Loading cache for shader SceneForwardClusteredShaderRD, variant 7
Loading cache for shader SceneForwardClusteredShaderRD, variant 8
Loading cache for shader SceneForwardClusteredShaderRD, variant 9
Loading cache for shader SceneForwardClusteredShaderRD, variant 10
Loading cache for shader SceneForwardClusteredShaderRD, variant 11
Loading cache for shader SceneForwardClusteredShaderRD, variant 12
Loading cache for shader SceneForwardClusteredShaderRD, variant 13
Loading cache for shader SceneForwardClusteredShaderRD, variant 14
Loading cache for shader SceneForwardClusteredShaderRD, variant 15
Loading cache for shader SceneForwardClusteredShaderRD, variant 16
Loading cache for shader SceneForwardClusteredShaderRD, variant 17
Loading cache for shader SceneForwardClusteredShaderRD, variant 0
Loading cache for shader SceneForwardClusteredShaderRD, variant 1
Loading cache for shader SceneForwardClusteredShaderRD, variant 2
Loading cache for shader SceneForwardClusteredShaderRD, variant 3
Loading cache for shader SceneForwardClusteredShaderRD, variant 4
Loading cache for shader SceneForwardClusteredShaderRD, variant 5
Loading cache for shader SceneForwardClusteredShaderRD, variant 6
Loading cache for shader SceneForwardClusteredShaderRD, variant 7
Loading cache for shader SceneForwardClusteredShaderRD, variant 8
Loading cache for shader SceneForwardClusteredShaderRD, variant 9
Loading cache for shader SceneForwardClusteredShaderRD, variant 10
Loading cache for shader SceneForwardClusteredShaderRD, variant 11
Loading cache for shader SceneForwardClusteredShaderRD, variant 12
Loading cache for shader SceneForwardClusteredShaderRD, variant 13
Loading cache for shader SceneForwardClusteredShaderRD, variant 14
Loading cache for shader SceneForwardClusteredShaderRD, variant 15
Loading cache for shader SceneForwardClusteredShaderRD, variant 16
Loading cache for shader SceneForwardClusteredShaderRD, variant 17
Loading cache for shader SceneForwardClusteredShaderRD, variant 0
Loading cache for shader SceneForwardClusteredShaderRD, variant 1
Loading cache for shader SceneForwardClusteredShaderRD, variant 2
Loading cache for shader SceneForwardClusteredShaderRD, variant 3
Loading cache for shader SceneForwardClusteredShaderRD, variant 4
Loading cache for shader SceneForwardClusteredShaderRD, variant 5
Loading cache for shader SceneForwardClusteredShaderRD, variant 6
Loading cache for shader SceneForwardClusteredShaderRD, variant 7
Loading cache for shader SceneForwardClusteredShaderRD, variant 8
Loading cache for shader SceneForwardClusteredShaderRD, variant 9
Loading cache for shader SceneForwardClusteredShaderRD, variant 10
Loading cache for shader SceneForwardClusteredShaderRD, variant 11
Loading cache for shader SceneForwardClusteredShaderRD, variant 12
Loading cache for shader SceneForwardClusteredShaderRD, variant 13
Loading cache for shader SceneForwardClusteredShaderRD, variant 14
Loading cache for shader SceneForwardClusteredShaderRD, variant 15
Loading cache for shader SceneForwardClusteredShaderRD, variant 16
Loading cache for shader SceneForwardClusteredShaderRD, variant 17
Loading cache for shader SceneForwardClusteredShaderRD, variant 0
Loading cache for shader SceneForwardClusteredShaderRD, variant 1
Loading cache for shader SceneForwardClusteredShaderRD, variant 2
Loading cache for shader SceneForwardClusteredShaderRD, variant 3
Loading cache for shader SceneForwardClusteredShaderRD, variant 4
Loading cache for shader SceneForwardClusteredShaderRD, variant 5
Loading cache for shader SceneForwardClusteredShaderRD, variant 6
Loading cache for shader SceneForwardClusteredShaderRD, variant 7
Loading cache for shader SceneForwardClusteredShaderRD, variant 8
Loading cache for shader SceneForwardClusteredShaderRD, variant 9
Loading cache for shader SceneForwardClusteredShaderRD, variant 10
Loading cache for shader SceneForwardClusteredShaderRD, variant 11
Loading cache for shader SceneForwardClusteredShaderRD, variant 12
Loading cache for shader SceneForwardClusteredShaderRD, variant 13
Loading cache for shader SceneForwardClusteredShaderRD, variant 14
Loading cache for shader SceneForwardClusteredShaderRD, variant 15
Loading cache for shader SceneForwardClusteredShaderRD, variant 16
Loading cache for shader SceneForwardClusteredShaderRD, variant 17
Loading cache for shader SceneForwardClusteredShaderRD, variant 0
Loading cache for shader SceneForwardClusteredShaderRD, variant 1
Loading cache for shader SceneForwardClusteredShaderRD, variant 2
Loading cache for shader SceneForwardClusteredShaderRD, variant 3
Loading cache for shader SceneForwardClusteredShaderRD, variant 4
Loading cache for shader SceneForwardClusteredShaderRD, variant 5
Loading cache for shader SceneForwardClusteredShaderRD, variant 6
Loading cache for shader SceneForwardClusteredShaderRD, variant 7
Loading cache for shader SceneForwardClusteredShaderRD, variant 8
Loading cache for shader SceneForwardClusteredShaderRD, variant 9
Loading cache for shader SceneForwardClusteredShaderRD, variant 10
Loading cache for shader SceneForwardClusteredShaderRD, variant 11
Loading cache for shader SceneForwardClusteredShaderRD, variant 12
Loading cache for shader SceneForwardClusteredShaderRD, variant 13
Loading cache for shader SceneForwardClusteredShaderRD, variant 14
Loading cache for shader SceneForwardClusteredShaderRD, variant 15
Loading cache for shader SceneForwardClusteredShaderRD, variant 16
Loading cache for shader SceneForwardClusteredShaderRD, variant 17
Loading cache for shader SceneForwardClusteredShaderRD, variant 0
Loading cache for shader SceneForwardClusteredShaderRD, variant 1
Loading cache for shader SceneForwardClusteredShaderRD, variant 2
Loading cache for shader SceneForwardClusteredShaderRD, variant 3
Loading cache for shader SceneForwardClusteredShaderRD, variant 4
Loading cache for shader SceneForwardClusteredShaderRD, variant 5
Loading cache for shader SceneForwardClusteredShaderRD, variant 6
Loading cache for shader SceneForwardClusteredShaderRD, variant 7
Loading cache for shader SceneForwardClusteredShaderRD, variant 8
Loading cache for shader SceneForwardClusteredShaderRD, variant 9
Loading cache for shader SceneForwardClusteredShaderRD, variant 10
Loading cache for shader SceneForwardClusteredShaderRD, variant 11
Loading cache for shader SceneForwardClusteredShaderRD, variant 12
Loading cache for shader SceneForwardClusteredShaderRD, variant 13
Loading cache for shader SceneForwardClusteredShaderRD, variant 14
Loading cache for shader SceneForwardClusteredShaderRD, variant 15
Loading cache for shader SceneForwardClusteredShaderRD, variant 16
Loading cache for shader SceneForwardClusteredShaderRD, variant 17
Loading cache for shader SceneForwardClusteredShaderRD, variant 0
Loading cache for shader SceneForwardClusteredShaderRD, variant 1
Loading cache for shader SceneForwardClusteredShaderRD, variant 2
Loading cache for shader SceneForwardClusteredShaderRD, variant 3
Loading cache for shader SceneForwardClusteredShaderRD, variant 4
Loading cache for shader SceneForwardClusteredShaderRD, variant 5
Loading cache for shader SceneForwardClusteredShaderRD, variant 6
Loading cache for shader SceneForwardClusteredShaderRD, variant 7
Loading cache for shader SceneForwardClusteredShaderRD, variant 8
Loading cache for shader SceneForwardClusteredShaderRD, variant 9
Loading cache for shader SceneForwardClusteredShaderRD, variant 10
Loading cache for shader SceneForwardClusteredShaderRD, variant 11
Loading cache for shader SceneForwardClusteredShaderRD, variant 12
Loading cache for shader SceneForwardClusteredShaderRD, variant 13
Loading cache for shader SceneForwardClusteredShaderRD, variant 14
Loading cache for shader SceneForwardClusteredShaderRD, variant 15
Loading cache for shader SceneForwardClusteredShaderRD, variant 16
Loading cache for shader SceneForwardClusteredShaderRD, variant 17
Loading cache for shader SceneForwardClusteredShaderRD, variant 0
Loading cache for shader SceneForwardClusteredShaderRD, variant 1
Loading cache for shader SceneForwardClusteredShaderRD, variant 2
Loading cache for shader SceneForwardClusteredShaderRD, variant 3
Loading cache for shader SceneForwardClusteredShaderRD, variant 4
Loading cache for shader SceneForwardClusteredShaderRD, variant 5
Loading cache for shader SceneForwardClusteredShaderRD, variant 6
Loading cache for shader SceneForwardClusteredShaderRD, variant 7
Loading cache for shader SceneForwardClusteredShaderRD, variant 8
Loading cache for shader SceneForwardClusteredShaderRD, variant 9
Loading cache for shader SceneForwardClusteredShaderRD, variant 10
Loading cache for shader SceneForwardClusteredShaderRD, variant 11
Loading cache for shader SceneForwardClusteredShaderRD, variant 12
Loading cache for shader SceneForwardClusteredShaderRD, variant 13
Loading cache for shader SceneForwardClusteredShaderRD, variant 14
Loading cache for shader SceneForwardClusteredShaderRD, variant 15
Loading cache for shader SceneForwardClusteredShaderRD, variant 16
Loading cache for shader SceneForwardClusteredShaderRD, variant 17
Loading cache for shader SceneForwardClusteredShaderRD, variant 0
Loading cache for shader SceneForwardClusteredShaderRD, variant 1
Loading cache for shader SceneForwardClusteredShaderRD, variant 2
Loading cache for shader SceneForwardClusteredShaderRD, variant 3
Loading cache for shader SceneForwardClusteredShaderRD, variant 4
Loading cache for shader SceneForwardClusteredShaderRD, variant 5
Loading cache for shader SceneForwardClusteredShaderRD, variant 6
Loading cache for shader SceneForwardClusteredShaderRD, variant 7
Loading cache for shader SceneForwardClusteredShaderRD, variant 8
Loading cache for shader SceneForwardClusteredShaderRD, variant 9
Loading cache for shader SceneForwardClusteredShaderRD, variant 10
Loading cache for shader SceneForwardClusteredShaderRD, variant 11
Loading cache for shader SceneForwardClusteredShaderRD, variant 12
Loading cache for shader SceneForwardClusteredShaderRD, variant 13
Loading cache for shader SceneForwardClusteredShaderRD, variant 14
Loading cache for shader SceneForwardClusteredShaderRD, variant 15
Loading cache for shader SceneForwardClusteredShaderRD, variant 16
Loading cache for shader SceneForwardClusteredShaderRD, variant 17
Loading cache for shader SceneForwardClusteredShaderRD, variant 0
Loading cache for shader SceneForwardClusteredShaderRD, variant 1
Loading cache for shader SceneForwardClusteredShaderRD, variant 2
Loading cache for shader SceneForwardClusteredShaderRD, variant 3
Loading cache for shader SceneForwardClusteredShaderRD, variant 4
Loading cache for shader SceneForwardClusteredShaderRD, variant 5
Loading cache for shader SceneForwardClusteredShaderRD, variant 6
Loading cache for shader SceneForwardClusteredShaderRD, variant 7
Loading cache for shader SceneForwardClusteredShaderRD, variant 8
Loading cache for shader SceneForwardClusteredShaderRD, variant 9
Loading cache for shader SceneForwardClusteredShaderRD, variant 10
Loading cache for shader SceneForwardClusteredShaderRD, variant 11
Loading cache for shader SceneForwardClusteredShaderRD, variant 12
Loading cache for shader SceneForwardClusteredShaderRD, variant 13
Loading cache for shader SceneForwardClusteredShaderRD, variant 14
Loading cache for shader SceneForwardClusteredShaderRD, variant 15
Loading cache for shader SceneForwardClusteredShaderRD, variant 16
Loading cache for shader SceneForwardClusteredShaderRD, variant 17
Loading cache for shader SceneForwardClusteredShaderRD, variant 0
Loading cache for shader SceneForwardClusteredShaderRD, variant 1
Loading cache for shader SceneForwardClusteredShaderRD, variant 2
Loading cache for shader SceneForwardClusteredShaderRD, variant 3
Loading cache for shader SceneForwardClusteredShaderRD, variant 4
Loading cache for shader SceneForwardClusteredShaderRD, variant 5
Loading cache for shader SceneForwardClusteredShaderRD, variant 6
Loading cache for shader SceneForwardClusteredShaderRD, variant 7
Loading cache for shader SceneForwardClusteredShaderRD, variant 8
Loading cache for shader SceneForwardClusteredShaderRD, variant 9
Loading cache for shader SceneForwardClusteredShaderRD, variant 10
Loading cache for shader SceneForwardClusteredShaderRD, variant 11
Loading cache for shader SceneForwardClusteredShaderRD, variant 12
Loading cache for shader SceneForwardClusteredShaderRD, variant 13
Loading cache for shader SceneForwardClusteredShaderRD, variant 14
Loading cache for shader SceneForwardClusteredShaderRD, variant 15
Loading cache for shader SceneForwardClusteredShaderRD, variant 16
Loading cache for shader SceneForwardClusteredShaderRD, variant 17
Loading cache for shader SceneForwardClusteredShaderRD, variant 0
Loading cache for shader SceneForwardClusteredShaderRD, variant 1
Loading cache for shader SceneForwardClusteredShaderRD, variant 2
Loading cache for shader SceneForwardClusteredShaderRD, variant 3
Loading cache for shader SceneForwardClusteredShaderRD, variant 4
Loading cache for shader SceneForwardClusteredShaderRD, variant 5
Loading cache for shader SceneForwardClusteredShaderRD, variant 6
Loading cache for shader SceneForwardClusteredShaderRD, variant 7
Loading cache for shader SceneForwardClusteredShaderRD, variant 8
Loading cache for shader SceneForwardClusteredShaderRD, variant 9
Loading cache for shader SceneForwardClusteredShaderRD, variant 10
Loading cache for shader SceneForwardClusteredShaderRD, variant 11
Loading cache for shader SceneForwardClusteredShaderRD, variant 12
Loading cache for shader SceneForwardClusteredShaderRD, variant 13
Loading cache for shader SceneForwardClusteredShaderRD, variant 14
Loading cache for shader SceneForwardClusteredShaderRD, variant 15
Loading cache for shader SceneForwardClusteredShaderRD, variant 16
Loading cache for shader SceneForwardClusteredShaderRD, variant 17
Loading cache for shader SceneForwardClusteredShaderRD, variant 0
Loading cache for shader SceneForwardClusteredShaderRD, variant 1
Loading cache for shader SceneForwardClusteredShaderRD, variant 2
Loading cache for shader SceneForwardClusteredShaderRD, variant 3
Loading cache for shader SceneForwardClusteredShaderRD, variant 4
Loading cache for shader SceneForwardClusteredShaderRD, variant 5
Loading cache for shader SceneForwardClusteredShaderRD, variant 6
Loading cache for shader SceneForwardClusteredShaderRD, variant 7
Loading cache for shader SceneForwardClusteredShaderRD, variant 8
Loading cache for shader SceneForwardClusteredShaderRD, variant 9
Loading cache for shader SceneForwardClusteredShaderRD, variant 10
Loading cache for shader SceneForwardClusteredShaderRD, variant 11
Loading cache for shader SceneForwardClusteredShaderRD, variant 12
Loading cache for shader SceneForwardClusteredShaderRD, variant 13
Loading cache for shader SceneForwardClusteredShaderRD, variant 14
Loading cache for shader SceneForwardClusteredShaderRD, variant 15
Loading cache for shader SceneForwardClusteredShaderRD, variant 16
Loading cache for shader SceneForwardClusteredShaderRD, variant 17
Loading cache for shader SceneForwardClusteredShaderRD, variant 0
Loading cache for shader SceneForwardClusteredShaderRD, variant 1
Loading cache for shader SceneForwardClusteredShaderRD, variant 2
Loading cache for shader SceneForwardClusteredShaderRD, variant 3
Loading cache for shader SceneForwardClusteredShaderRD, variant 4
Loading cache for shader SceneForwardClusteredShaderRD, variant 5
Loading cache for shader SceneForwardClusteredShaderRD, variant 6
Loading cache for shader SceneForwardClusteredShaderRD, variant 7
Loading cache for shader SceneForwardClusteredShaderRD, variant 8
Loading cache for shader SceneForwardClusteredShaderRD, variant 9
Loading cache for shader SceneForwardClusteredShaderRD, variant 10
Loading cache for shader SceneForwardClusteredShaderRD, variant 11
Loading cache for shader SceneForwardClusteredShaderRD, variant 12
Loading cache for shader SceneForwardClusteredShaderRD, variant 13
Loading cache for shader SceneForwardClusteredShaderRD, variant 14
Loading cache for shader SceneForwardClusteredShaderRD, variant 15
Loading cache for shader SceneForwardClusteredShaderRD, variant 16
Loading cache for shader SceneForwardClusteredShaderRD, variant 17
Loading cache for shader SceneForwardClusteredShaderRD, variant 0
Loading cache for shader SceneForwardClusteredShaderRD, variant 1
Loading cache for shader SceneForwardClusteredShaderRD, variant 2
Loading cache for shader SceneForwardClusteredShaderRD, variant 3
Loading cache for shader SceneForwardClusteredShaderRD, variant 4
Loading cache for shader SceneForwardClusteredShaderRD, variant 5
Loading cache for shader SceneForwardClusteredShaderRD, variant 6
Loading cache for shader SceneForwardClusteredShaderRD, variant 7
Loading cache for shader SceneForwardClusteredShaderRD, variant 8
Loading cache for shader SceneForwardClusteredShaderRD, variant 9
Loading cache for shader SceneForwardClusteredShaderRD, variant 10
Loading cache for shader SceneForwardClusteredShaderRD, variant 11
Loading cache for shader SceneForwardClusteredShaderRD, variant 12
Loading cache for shader SceneForwardClusteredShaderRD, variant 13
Loading cache for shader SceneForwardClusteredShaderRD, variant 14
Loading cache for shader SceneForwardClusteredShaderRD, variant 15
Loading cache for shader SceneForwardClusteredShaderRD, variant 16
Loading cache for shader SceneForwardClusteredShaderRD, variant 17
Loading cache for shader SceneForwardClusteredShaderRD, variant 0
Loading cache for shader SceneForwardClusteredShaderRD, variant 1
Loading cache for shader SceneForwardClusteredShaderRD, variant 2
Loading cache for shader SceneForwardClusteredShaderRD, variant 3
Loading cache for shader SceneForwardClusteredShaderRD, variant 4
Loading cache for shader SceneForwardClusteredShaderRD, variant 5
Loading cache for shader SceneForwardClusteredShaderRD, variant 6
Loading cache for shader SceneForwardClusteredShaderRD, variant 7
Loading cache for shader SceneForwardClusteredShaderRD, variant 8
Loading cache for shader SceneForwardClusteredShaderRD, variant 9
Loading cache for shader SceneForwardClusteredShaderRD, variant 10
Loading cache for shader SceneForwardClusteredShaderRD, variant 11
Loading cache for shader SceneForwardClusteredShaderRD, variant 12
Loading cache for shader SceneForwardClusteredShaderRD, variant 13
Loading cache for shader SceneForwardClusteredShaderRD, variant 14
Loading cache for shader SceneForwardClusteredShaderRD, variant 15
Loading cache for shader SceneForwardClusteredShaderRD, variant 16
Loading cache for shader SceneForwardClusteredShaderRD, variant 17
Loading cache for shader SceneForwardClusteredShaderRD, variant 0
Loading cache for shader SceneForwardClusteredShaderRD, variant 1
Loading cache for shader SceneForwardClusteredShaderRD, variant 2
Loading cache for shader SceneForwardClusteredShaderRD, variant 3
Loading cache for shader SceneForwardClusteredShaderRD, variant 4
Loading cache for shader SceneForwardClusteredShaderRD, variant 5
Loading cache for shader SceneForwardClusteredShaderRD, variant 6
Loading cache for shader SceneForwardClusteredShaderRD, variant 7
Loading cache for shader SceneForwardClusteredShaderRD, variant 8
Loading cache for shader SceneForwardClusteredShaderRD, variant 9
Loading cache for shader SceneForwardClusteredShaderRD, variant 10
Loading cache for shader SceneForwardClusteredShaderRD, variant 11
Loading cache for shader SceneForwardClusteredShaderRD, variant 12
Loading cache for shader SceneForwardClusteredShaderRD, variant 13
Loading cache for shader SceneForwardClusteredShaderRD, variant 14
Loading cache for shader SceneForwardClusteredShaderRD, variant 15
Loading cache for shader SceneForwardClusteredShaderRD, variant 16
Loading cache for shader SceneForwardClusteredShaderRD, variant 17
[mvk-info] Created 3 swapchain images with size (3024, 1890) and contents scale 2.0 in layer CAMetalLayer: GodotContentView (0x7fcf3625cfa0) on screen Built-in Retina Display.
⚠️ SLOW FRAME 15.5ms: building=0.9 road=13.1 terrain=0.7 infra=0.8 veg=0.0 curb=0.0ms
OSM DEBUG: Chunks loaded 16/16, but queues not empty:
  - _building_results: 174
  - _road_queue: 422
  - _terrain_objects_queue: 93
  - _infrastructure_queue: 175
  - _pending_building_tasks: 0
OSM: DEBUG _add_road_to_batch - first road for chunk '-2,-1', parent.name='Chunk_-2,-1'
⚠️ SLOW FRAME 13.0ms: building=1.0 road=10.6 terrain=0.6 infra=0.7 veg=0.0 curb=0.0ms
OSM DEBUG: Chunks loaded 16/16, but queues not empty:
  - _building_results: 173
  - _road_queue: 421
  - _terrain_objects_queue: 91
  - _infrastructure_queue: 174
  - _pending_building_tasks: 0
Loading cache for shader SceneForwardClusteredShaderRD, variant 0
Loading cache for shader SceneForwardClusteredShaderRD, variant 1
Loading cache for shader SceneForwardClusteredShaderRD, variant 2
Loading cache for shader SceneForwardClusteredShaderRD, variant 3
Loading cache for shader SceneForwardClusteredShaderRD, variant 4
Loading cache for shader SceneForwardClusteredShaderRD, variant 5
Loading cache for shader SceneForwardClusteredShaderRD, variant 6
Loading cache for shader SceneForwardClusteredShaderRD, variant 7
Loading cache for shader SceneForwardClusteredShaderRD, variant 0
Loading cache for shader SceneForwardClusteredShaderRD, variant 1
Loading cache for shader SceneForwardClusteredShaderRD, variant 2
Loading cache for shader SceneForwardClusteredShaderRD, variant 3
Loading cache for shader SceneForwardClusteredShaderRD, variant 4
Loading cache for shader SceneForwardClusteredShaderRD, variant 5
Loading cache for shader SceneForwardClusteredShaderRD, variant 6
Loading cache for shader SceneForwardClusteredShaderRD, variant 7
Loading cache for shader SceneForwardClusteredShaderRD, variant 8
Loading cache for shader SceneForwardClusteredShaderRD, variant 9
Loading cache for shader SceneForwardClusteredShaderRD, variant 10
Loading cache for shader SceneForwardClusteredShaderRD, variant 11
Loading cache for shader SceneForwardClusteredShaderRD, variant 12
Loading cache for shader SceneForwardClusteredShaderRD, variant 13
Loading cache for shader SceneForwardClusteredShaderRD, variant 14
Loading cache for shader SceneForwardClusteredShaderRD, variant 15
Loading cache for shader SceneForwardClusteredShaderRD, variant 16
Loading cache for shader SceneForwardClusteredShaderRD, variant 17
OSM: DEBUG _add_road_to_batch - first road for chunk '0,-2', parent.name='Chunk_0,-2'
OSM: DEBUG _add_road_to_batch - first road for chunk '-1,-2', parent.name='Chunk_-1,-2'
OSM DEBUG: Chunks loaded 16/16, but queues not empty:
  - _building_results: 172
  - _road_queue: 385
  - _terrain_objects_queue: 89
  - _infrastructure_queue: 173
  - _pending_building_tasks: 0
OSM DEBUG: Chunks loaded 16/16, but queues not empty:
  - _building_results: 171
  - _road_queue: 365
  - _terrain_objects_queue: 87
  - _infrastructure_queue: 172
  - _pending_building_tasks: 0
OSM DEBUG: Chunks loaded 16/16, but queues not empty:
  - _building_results: 170
  - _road_queue: 355
  - _terrain_objects_queue: 85
  - _infrastructure_queue: 171
  - _pending_building_tasks: 0
⚠️ SLOW FRAME 10.1ms: building=1.1 road=7.3 terrain=0.5 infra=1.2 veg=0.0 curb=0.0ms
OSM DEBUG: Chunks loaded 16/16, but queues not empty:
  - _building_results: 169
  - _road_queue: 345
  - _terrain_objects_queue: 83
  - _infrastructure_queue: 170
  - _pending_building_tasks: 0
OSM: DEBUG _add_road_to_batch - first road for chunk '-2,0', parent.name='Chunk_-2,0'
OSM DEBUG: Chunks loaded 16/16, but queues not empty:
  - _building_results: 168
  - _road_queue: 312
  - _terrain_objects_queue: 81
  - _infrastructure_queue: 169
  - _pending_building_tasks: 0
OSM: DEBUG _add_road_to_batch - first road for chunk '1,-1', parent.name='Chunk_1,-1'
OSM DEBUG: Chunks loaded 16/16, but queues not empty:
  - _building_results: 167
  - _road_queue: 289
  - _terrain_objects_queue: 79
  - _infrastructure_queue: 168
  - _pending_building_tasks: 0
OSM DEBUG: Chunks loaded 16/16, but queues not empty:
  - _building_results: 166
  - _road_queue: 275
  - _terrain_objects_queue: 77
  - _infrastructure_queue: 167
  - _pending_building_tasks: 0
OSM: DEBUG _add_road_to_batch - first road for chunk '1,0', parent.name='Chunk_1,0'
OSM: DEBUG _add_road_to_batch - first road for chunk '1,-2', parent.name='Chunk_1,-2'
OSM: DEBUG _add_road_to_batch - first road for chunk '-2,-2', parent.name='Chunk_-2,-2'
OSM DEBUG: Chunks loaded 16/16, but queues not empty:
  - _building_results: 165
  - _road_queue: 233
  - _terrain_objects_queue: 75
  - _infrastructure_queue: 166
  - _pending_building_tasks: 0
OSM DEBUG: Chunks loaded 16/16, but queues not empty:
  - _building_results: 164
  - _road_queue: 215
  - _terrain_objects_queue: 73
  - _infrastructure_queue: 165
  - _pending_building_tasks: 0
OSM DEBUG: Chunks loaded 16/16, but queues not empty:
  - _building_results: 163
  - _road_queue: 203
  - _terrain_objects_queue: 71
  - _infrastructure_queue: 164
  - _pending_building_tasks: 0
OSM DEBUG: Chunks loaded 16/16, but queues not empty:
  - _building_results: 162
  - _road_queue: 152
  - _terrain_objects_queue: 69
  - _infrastructure_queue: 163
  - _pending_building_tasks: 0
OSM DEBUG: Chunks loaded 16/16, but queues not empty:
  - _building_results: 161
  - _road_queue: 94
  - _terrain_objects_queue: 67
  - _infrastructure_queue: 162
  - _pending_building_tasks: 0
OSM DEBUG: Chunks loaded 16/16, but queues not empty:
  - _building_results: 160
  - _road_queue: 67
  - _terrain_objects_queue: 65
  - _infrastructure_queue: 161
  - _pending_building_tasks: 0
OSM DEBUG: Chunks loaded 16/16, but queues not empty:
  - _building_results: 159
  - _road_queue: 27
  - _terrain_objects_queue: 63
  - _infrastructure_queue: 160
  - _pending_building_tasks: 0
OSM: DEBUG _add_road_to_batch - first road for chunk '0,1', parent.name='Chunk_0,1'
OSM DEBUG: Chunks loaded 16/16, but queues not empty:
  - _building_results: 158
  - _road_queue: 6
  - _terrain_objects_queue: 61
  - _infrastructure_queue: 159
  - _pending_building_tasks: 0
⚠️ SLOW FRAME 13.7ms: building=0.9 road=11.6 terrain=0.5 infra=0.7 veg=0.0 curb=0.0ms
OSM DEBUG: Chunks loaded 16/16, but queues not empty:
  - _building_results: 157
  - _road_queue: 1
  - _terrain_objects_queue: 59
  - _infrastructure_queue: 158
  - _pending_building_tasks: 0
2026-01-31 07:23:35.042 Godot[69460:2130016] +[IMKInputSession subclass]: chose IMKInputSession_Modern
⚠️ SLOW FRAME 11.6ms: building=0.9 road=9.6 terrain=0.4 infra=0.7 veg=0.0 curb=0.0ms
OSM DEBUG: Chunks loaded 16/16, but queues not empty:
  - _building_results: 156
  - _road_queue: 0
  - _terrain_objects_queue: 57
  - _infrastructure_queue: 157
  - _pending_building_tasks: 0
[mvk-info] Created 3 swapchain images with size (3024, 1890) and contents scale 2.0 in layer CAMetalLayer: GodotContentView (0x7fcf3625cfa0) on screen Built-in Retina Display.
OSM: ✅ Finalized road batch -2,-2/residential: 1688 vertices, 1638 triangles, material: <ImageTexture#-9223371972648368119>
OSM: ✅ Finalized road batch -2,-2/path: 494 vertices, 466 triangles, material: <ImageTexture#-9223371972547704822>
OSM DEBUG: Chunks loaded 16/16, but queues not empty:
  - _building_results: 155
  - _road_queue: 0
  - _terrain_objects_queue: 55
  - _infrastructure_queue: 156
  - _pending_building_tasks: 0
🔴 FREEZE: road collision shape creation took 16.5 ms for chunk -2,-1 (type: primary)
OSM: ✅ Finalized road batch -2,-1/primary: 962 vertices, 958 triangles, material: <ImageTexture#-9223371972749031416>
OSM: ✅ Finalized road batch -2,-1/residential: 390 vertices, 372 triangles, material: <ImageTexture#-9223371972648368119>
OSM: ✅ Finalized road batch -2,-1/path: 1904 vertices, 1866 triangles, material: <ImageTexture#-9223371972547704822>
⚠️ SLOW: road batch finalization took 22.8 ms for chunk -2,-1
⚠️ SLOW FRAME 24.8ms: building=0.9 road=22.8 terrain=0.4 infra=0.7 veg=0.0 curb=0.0ms
OSM DEBUG: Chunks loaded 16/16, but queues not empty:
  - _building_results: 154
  - _road_queue: 0
  - _terrain_objects_queue: 53
  - _infrastructure_queue: 155
  - _pending_building_tasks: 0
🔴 FREEZE: road collision shape creation took 17.3 ms for chunk -2,0 (type: residential)
OSM: ✅ Finalized road batch -2,0/residential: 386 vertices, 376 triangles, material: <ImageTexture#-9223371972648368119>
OSM: ✅ Finalized road batch -2,0/path: 1336 vertices, 1320 triangles, material: <ImageTexture#-9223371972547704822>
⚠️ SLOW: road batch finalization took 20.8 ms for chunk -2,0
⚠️ SLOW FRAME 22.7ms: building=0.8 road=20.8 terrain=0.4 infra=0.6 veg=0.0 curb=0.0ms
OSM DEBUG: Chunks loaded 16/16, but queues not empty:
  - _building_results: 153
  - _road_queue: 0
  - _terrain_objects_queue: 51
  - _infrastructure_queue: 154
  - _pending_building_tasks: 0
OSM DEBUG: Chunks loaded 16/16, but queues not empty:
  - _building_results: 152
  - _road_queue: 0
  - _terrain_objects_queue: 49
  - _infrastructure_queue: 153
  - _pending_building_tasks: 0
OSM: ✅ Finalized road batch -1,-2/path: 522 vertices, 500 triangles, material: <ImageTexture#-9223371972547704822>
OSM: ✅ Finalized road batch -1,-2/residential: 1384 vertices, 1340 triangles, material: <ImageTexture#-9223371972648368119>
⚠️ SLOW FRAME 27.6ms: building=0.8 road=5.3 terrain=1.2 infra=0.7 veg=19.5 curb=0.0ms
OSM DEBUG: Chunks loaded 16/16, but queues not empty:
  - _building_results: 151
  - _road_queue: 0
  - _terrain_objects_queue: 47
  - _infrastructure_queue: 152
  - _pending_building_tasks: 0
[mvk-info] Created 3 swapchain images with size (3024, 1890) and contents scale 2.0 in layer CAMetalLayer: GodotContentView (0x7fcf3625cfa0) on screen Built-in Retina Display.
OSM: ✅ Finalized road batch -1,-1/path: 1720 vertices, 1672 triangles, material: <ImageTexture#-9223371972547704822>
OSM: ✅ Finalized road batch -1,-1/primary: 1152 vertices, 1144 triangles, material: <ImageTexture#-9223371972749031416>
OSM: ✅ Finalized road batch -1,-1/residential: 1666 vertices, 1612 triangles, material: <ImageTexture#-9223371972648368119>
⚠️ SLOW: road batch finalization took 10.5 ms for chunk -1,-1
⚠️ SLOW FRAME 12.5ms: building=0.9 road=10.6 terrain=0.4 infra=0.6 veg=0.0 curb=0.0ms
OSM DEBUG: Chunks loaded 16/16, but queues not empty:
  - _building_results: 150
  - _road_queue: 0
  - _terrain_objects_queue: 45
  - _infrastructure_queue: 151
  - _pending_building_tasks: 0
🔴 FREEZE: road collision shape creation took 11.8 ms for chunk -1,0 (type: path)
OSM: ✅ Finalized road batch -1,0/path: 246 vertices, 234 triangles, material: <ImageTexture#-9223371972547704822>
OSM: ✅ Finalized road batch -1,0/residential: 928 vertices, 900 triangles, material: <ImageTexture#-9223371972648368119>
⚠️ SLOW: road batch finalization took 14.4 ms for chunk -1,0
⚠️ SLOW FRAME 16.3ms: building=0.9 road=14.4 terrain=0.4 infra=0.6 veg=0.0 curb=0.0ms
OSM DEBUG: Chunks loaded 16/16, but queues not empty:
  - _building_results: 149
  - _road_queue: 0
  - _terrain_objects_queue: 43
  - _infrastructure_queue: 150
  - _pending_building_tasks: 0
OSM DEBUG: Chunks loaded 16/16, but queues not empty:
  - _building_results: 148
  - _road_queue: 0
  - _terrain_objects_queue: 41
  - _infrastructure_queue: 149
  - _pending_building_tasks: 0
🔴 FREEZE: road collision shape creation took 17.4 ms for chunk 0,-2 (type: path)
OSM: ✅ Finalized road batch 0,-2/path: 1494 vertices, 1434 triangles, material: <ImageTexture#-9223371972547704822>
OSM: ✅ Finalized road batch 0,-2/residential: 2208 vertices, 2158 triangles, material: <ImageTexture#-9223371972648368119>
OSM: ✅ Finalized road batch 0,-2/primary: 362 vertices, 354 triangles, material: <ImageTexture#-9223371972749031416>
⚠️ SLOW: road batch finalization took 24.5 ms for chunk 0,-2
⚠️ SLOW FRAME 26.3ms: building=0.8 road=24.5 terrain=0.3 infra=0.6 veg=0.0 curb=0.0ms
OSM DEBUG: Chunks loaded 16/16, but queues not empty:
  - _building_results: 147
  - _road_queue: 0
  - _terrain_objects_queue: 39
  - _infrastructure_queue: 148
  - _pending_building_tasks: 0
🔴 FREEZE: road collision shape creation took 17.6 ms for chunk 0,-1 (type: path)
OSM: ✅ Finalized road batch 0,-1/path: 2306 vertices, 2236 triangles, material: <ImageTexture#-9223371972547704822>
OSM: ✅ Finalized road batch 0,-1/primary: 1070 vertices, 1046 triangles, material: <ImageTexture#-9223371972749031416>
OSM: ✅ Finalized road batch 0,-1/residential: 1164 vertices, 1136 triangles, material: <ImageTexture#-9223371972648368119>
⚠️ SLOW: road batch finalization took 23.5 ms for chunk 0,-1
⚠️ SLOW FRAME 25.5ms: building=0.9 road=23.6 terrain=0.4 infra=0.6 veg=0.0 curb=0.0ms
OSM DEBUG: Chunks loaded 16/16, but queues not empty:
  - _building_results: 146
  - _road_queue: 0
  - _terrain_objects_queue: 37
  - _infrastructure_queue: 147
  - _pending_building_tasks: 0
🔴 FREEZE: road collision shape creation took 19.4 ms for chunk 0,0 (type: path)
OSM: ✅ Finalized road batch 0,0/path: 1540 vertices, 1486 triangles, material: <ImageTexture#-9223371972547704822>
OSM: ✅ Finalized road batch 0,0/primary: 446 vertices, 432 triangles, material: <ImageTexture#-9223371972749031416>
OSM: ✅ Finalized road batch 0,0/residential: 336 vertices, 320 triangles, material: <ImageTexture#-9223371972648368119>
⚠️ SLOW: road batch finalization took 23.3 ms for chunk 0,0
⚠️ SLOW FRAME 25.5ms: building=0.8 road=23.3 terrain=0.4 infra=0.9 veg=0.0 curb=0.0ms
OSM DEBUG: Chunks loaded 16/16, but queues not empty:
  - _building_results: 145
  - _road_queue: 0
  - _terrain_objects_queue: 35
  - _infrastructure_queue: 146
  - _pending_building_tasks: 0
🔴 FREEZE: road collision shape creation took 26.2 ms for chunk 0,1 (type: path)
OSM: ✅ Finalized road batch 0,1/path: 156 vertices, 154 triangles, material: <ImageTexture#-9223371972547704822>
⚠️ SLOW: road batch finalization took 26.5 ms for chunk 0,1
⚠️ SLOW FRAME 28.8ms: building=0.9 road=26.5 terrain=0.4 infra=1.0 veg=0.0 curb=0.0ms
OSM DEBUG: Chunks loaded 16/16, but queues not empty:
  - _building_results: 144
  - _road_queue: 0
  - _terrain_objects_queue: 33
  - _infrastructure_queue: 145
  - _pending_building_tasks: 0
🔴 FREEZE: road collision shape creation took 25.2 ms for chunk 1,-2 (type: residential)
OSM: ✅ Finalized road batch 1,-2/residential: 2176 vertices, 2108 triangles, material: <ImageTexture#-9223371972648368119>
OSM: ✅ Finalized road batch 1,-2/path: 916 vertices, 880 triangles, material: <ImageTexture#-9223371972547704822>
⚠️ SLOW: road batch finalization took 28.3 ms for chunk 1,-2
⚠️ SLOW FRAME 30.3ms: building=0.9 road=28.3 terrain=0.4 infra=0.7 veg=0.0 curb=0.0ms
OSM DEBUG: Chunks loaded 16/16, but queues not empty:
  - _building_results: 143
  - _road_queue: 0
  - _terrain_objects_queue: 31
  - _infrastructure_queue: 144
  - _pending_building_tasks: 0
🔴 FREEZE: road collision shape creation took 15.3 ms for chunk 1,-1 (type: residential)
OSM: ✅ Finalized road batch 1,-1/residential: 2006 vertices, 1930 triangles, material: <ImageTexture#-9223371972648368119>
OSM: ✅ Finalized road batch 1,-1/path: 840 vertices, 818 triangles, material: <ImageTexture#-9223371972547704822>
OSM: ✅ Finalized road batch 1,-1/primary: 254 vertices, 250 triangles, material: <ImageTexture#-9223371972749031416>
⚠️ SLOW: road batch finalization took 19.6 ms for chunk 1,-1
⚠️ SLOW FRAME 21.5ms: building=0.9 road=19.6 terrain=0.3 infra=0.6 veg=0.0 curb=0.0ms
OSM DEBUG: Chunks loaded 16/16, but queues not empty:
  - _building_results: 142
  - _road_queue: 0
  - _terrain_objects_queue: 29
  - _infrastructure_queue: 143
  - _pending_building_tasks: 0
=== PAZ Model Meshes Debug ===
Total meshes found: 1
  - Mesh: bus_low_Material_006_0 (MeshInstance3D)
PAZ-32053 model setup complete
OSM: ✅ Finalized road batch 1,0/path: 398 vertices, 394 triangles, material: <ImageTexture#-9223371972547704822>
OSM DEBUG: Chunks loaded 16/16, but queues not empty:
  - _building_results: 141
  - _road_queue: 0
  - _terrain_objects_queue: 27
  - _infrastructure_queue: 142
  - _pending_building_tasks: 0
⚠️ SLOW FRAME 21.7ms: building=0.9 road=0.0 terrain=20.1 infra=0.7 veg=0.0 curb=0.0ms
OSM DEBUG: Chunks loaded 16/16, but queues not empty:
  - _building_results: 140
  - _road_queue: 0
  - _terrain_objects_queue: 25
  - _infrastructure_queue: 141
  - _pending_building_tasks: 0
Loading cache for shader SceneForwardClusteredShaderRD, variant 0
Loading cache for shader SceneForwardClusteredShaderRD, variant 1
Loading cache for shader SceneForwardClusteredShaderRD, variant 2
Loading cache for shader SceneForwardClusteredShaderRD, variant 3
Loading cache for shader SceneForwardClusteredShaderRD, variant 4
Loading cache for shader SceneForwardClusteredShaderRD, variant 5
Loading cache for shader SceneForwardClusteredShaderRD, variant 6
Loading cache for shader SceneForwardClusteredShaderRD, variant 7
Loading cache for shader SceneForwardClusteredShaderRD, variant 0
Loading cache for shader SceneForwardClusteredShaderRD, variant 1
Loading cache for shader SceneForwardClusteredShaderRD, variant 2
Loading cache for shader SceneForwardClusteredShaderRD, variant 3
Loading cache for shader SceneForwardClusteredShaderRD, variant 4
Loading cache for shader SceneForwardClusteredShaderRD, variant 5
Loading cache for shader SceneForwardClusteredShaderRD, variant 6
Loading cache for shader SceneForwardClusteredShaderRD, variant 7
Loading cache for shader SceneForwardClusteredShaderRD, variant 8
Loading cache for shader SceneForwardClusteredShaderRD, variant 9
Loading cache for shader SceneForwardClusteredShaderRD, variant 10
Loading cache for shader SceneForwardClusteredShaderRD, variant 11
Loading cache for shader SceneForwardClusteredShaderRD, variant 12
Loading cache for shader SceneForwardClusteredShaderRD, variant 13
Loading cache for shader SceneForwardClusteredShaderRD, variant 14
Loading cache for shader SceneForwardClusteredShaderRD, variant 15
Loading cache for shader SceneForwardClusteredShaderRD, variant 16
Loading cache for shader SceneForwardClusteredShaderRD, variant 17
⚠️ SLOW FRAME 13.8ms: building=0.8 road=11.6 terrain=0.4 infra=0.7 veg=0.0 curb=0.3ms
OSM DEBUG: Chunks loaded 16/16, but queues not empty:
  - _building_results: 139
  - _road_queue: 0
  - _terrain_objects_queue: 23
  - _infrastructure_queue: 140
  - _pending_building_tasks: 0
OSM DEBUG: Chunks loaded 16/16, but queues not empty:
  - _building_results: 138
  - _road_queue: 0
  - _terrain_objects_queue: 21
  - _infrastructure_queue: 139
  - _pending_building_tasks: 0
OSM DEBUG: Chunks loaded 16/16, but queues not empty:
  - _building_results: 137
  - _road_queue: 0
  - _terrain_objects_queue: 19
  - _infrastructure_queue: 138
  - _pending_building_tasks: 0
⚠️ SLOW FRAME 13.6ms: building=0.9 road=1.0 terrain=8.8 infra=0.6 veg=2.0 curb=0.4ms
OSM DEBUG: Chunks loaded 16/16, but queues not empty:
  - _building_results: 136
  - _road_queue: 0
  - _terrain_objects_queue: 17
  - _infrastructure_queue: 137
  - _pending_building_tasks: 0
⚠️ SLOW FRAME 10.2ms: building=0.8 road=1.0 terrain=7.3 infra=0.6 veg=0.0 curb=0.4ms
OSM DEBUG: Chunks loaded 16/16, but queues not empty:
  - _building_results: 135
  - _road_queue: 0
  - _terrain_objects_queue: 15
  - _infrastructure_queue: 136
  - _pending_building_tasks: 0
⚠️ SLOW FRAME 12.4ms: building=0.8 road=0.5 terrain=10.5 infra=0.6 veg=0.0 curb=0.0ms
OSM DEBUG: Chunks loaded 16/16, but queues not empty:
  - _building_results: 134
  - _road_queue: 0
  - _terrain_objects_queue: 13
  - _infrastructure_queue: 135
  - _pending_building_tasks: 0
OSM DEBUG: Chunks loaded 16/16, but queues not empty:
  - _building_results: 133
  - _road_queue: 0
  - _terrain_objects_queue: 11
  - _infrastructure_queue: 134
  - _pending_building_tasks: 0
OSM DEBUG: Chunks loaded 16/16, but queues not empty:
  - _building_results: 132
  - _road_queue: 0
  - _terrain_objects_queue: 9
  - _infrastructure_queue: 133
  - _pending_building_tasks: 0
OSM DEBUG: Chunks loaded 16/16, but queues not empty:
  - _building_results: 131
  - _road_queue: 0
  - _terrain_objects_queue: 7
  - _infrastructure_queue: 132
  - _pending_building_tasks: 0
OSM DEBUG: Chunks loaded 16/16, but queues not empty:
  - _building_results: 130
  - _road_queue: 0
  - _terrain_objects_queue: 5
  - _infrastructure_queue: 131
  - _pending_building_tasks: 0
OSM DEBUG: Chunks loaded 16/16, but queues not empty:
  - _building_results: 129
  - _road_queue: 0
  - _terrain_objects_queue: 3
  - _infrastructure_queue: 130
  - _pending_building_tasks: 0
OSM DEBUG: Chunks loaded 16/16, but queues not empty:
  - _building_results: 128
  - _road_queue: 0
  - _terrain_objects_queue: 1
  - _infrastructure_queue: 129
  - _pending_building_tasks: 0
OSM DEBUG: Chunks loaded 16/16, but queues not empty:
  - _building_results: 127
  - _road_queue: 0
  - _terrain_objects_queue: 0
  - _infrastructure_queue: 128
  - _pending_building_tasks: 0
OSM DEBUG: Chunks loaded 16/16, but queues not empty:
  - _building_results: 126
  - _road_queue: 0
  - _terrain_objects_queue: 0
  - _infrastructure_queue: 127
  - _pending_building_tasks: 0
OSM DEBUG: Chunks loaded 16/16, but queues not empty:
  - _building_results: 125
  - _road_queue: 0
  - _terrain_objects_queue: 0
  - _infrastructure_queue: 126
  - _pending_building_tasks: 0
OSM DEBUG: Chunks loaded 16/16, but queues not empty:
  - _building_results: 124
  - _road_queue: 0
  - _terrain_objects_queue: 0
  - _infrastructure_queue: 125
  - _pending_building_tasks: 0
OSM DEBUG: Chunks loaded 16/16, but queues not empty:
  - _building_results: 123
  - _road_queue: 0
  - _terrain_objects_queue: 0
  - _infrastructure_queue: 124
  - _pending_building_tasks: 0
OSM DEBUG: Chunks loaded 16/16, but queues not empty:
  - _building_results: 122
  - _road_queue: 0
  - _terrain_objects_queue: 0
  - _infrastructure_queue: 123
  - _pending_building_tasks: 0
OSM DEBUG: Chunks loaded 16/16, but queues not empty:
  - _building_results: 121
  - _road_queue: 0
  - _terrain_objects_queue: 0
  - _infrastructure_queue: 122
  - _pending_building_tasks: 0
OSM DEBUG: Chunks loaded 16/16, but queues not empty:
  - _building_results: 120
  - _road_queue: 0
  - _terrain_objects_queue: 0
  - _infrastructure_queue: 121
  - _pending_building_tasks: 0
OSM DEBUG: Chunks loaded 16/16, but queues not empty:
  - _building_results: 119
  - _road_queue: 0
  - _terrain_objects_queue: 0
  - _infrastructure_queue: 120
  - _pending_building_tasks: 0
OSM DEBUG: Chunks loaded 16/16, but queues not empty:
  - _building_results: 118
  - _road_queue: 0
  - _terrain_objects_queue: 0
  - _infrastructure_queue: 119
  - _pending_building_tasks: 0
OSM DEBUG: Chunks loaded 16/16, but queues not empty:
  - _building_results: 117
  - _road_queue: 0
  - _terrain_objects_queue: 0
  - _infrastructure_queue: 118
  - _pending_building_tasks: 0
OSM DEBUG: Chunks loaded 16/16, but queues not empty:
  - _building_results: 116
  - _road_queue: 0
  - _terrain_objects_queue: 0
  - _infrastructure_queue: 117
  - _pending_building_tasks: 0
OSM DEBUG: Chunks loaded 16/16, but queues not empty:
  - _building_results: 115
  - _road_queue: 0
  - _terrain_objects_queue: 0
  - _infrastructure_queue: 116
  - _pending_building_tasks: 0
OSM DEBUG: Chunks loaded 16/16, but queues not empty:
  - _building_results: 114
  - _road_queue: 0
  - _terrain_objects_queue: 0
  - _infrastructure_queue: 115
  - _pending_building_tasks: 0
OSM DEBUG: Chunks loaded 16/16, but queues not empty:
  - _building_results: 113
  - _road_queue: 0
  - _terrain_objects_queue: 0
  - _infrastructure_queue: 114
  - _pending_building_tasks: 0
OSM DEBUG: Chunks loaded 16/16, but queues not empty:
  - _building_results: 112
  - _road_queue: 0
  - _terrain_objects_queue: 0
  - _infrastructure_queue: 113
  - _pending_building_tasks: 0
OSM DEBUG: Chunks loaded 16/16, but queues not empty:
  - _building_results: 111
  - _road_queue: 0
  - _terrain_objects_queue: 0
  - _infrastructure_queue: 112
  - _pending_building_tasks: 0
OSM DEBUG: Chunks loaded 16/16, but queues not empty:
  - _building_results: 110
  - _road_queue: 0
  - _terrain_objects_queue: 0
  - _infrastructure_queue: 111
  - _pending_building_tasks: 0
OSM DEBUG: Chunks loaded 16/16, but queues not empty:
  - _building_results: 109
  - _road_queue: 0
  - _terrain_objects_queue: 0
  - _infrastructure_queue: 110
  - _pending_building_tasks: 0
OSM DEBUG: Chunks loaded 16/16, but queues not empty:
  - _building_results: 108
  - _road_queue: 0
  - _terrain_objects_queue: 0
  - _infrastructure_queue: 109
  - _pending_building_tasks: 0
OSM DEBUG: Chunks loaded 16/16, but queues not empty:
  - _building_results: 107
  - _road_queue: 0
  - _terrain_objects_queue: 0
  - _infrastructure_queue: 108
  - _pending_building_tasks: 0
OSM DEBUG: Chunks loaded 16/16, but queues not empty:
  - _building_results: 106
  - _road_queue: 0
  - _terrain_objects_queue: 0
  - _infrastructure_queue: 107
  - _pending_building_tasks: 0
OSM DEBUG: Chunks loaded 16/16, but queues not empty:
  - _building_results: 105
  - _road_queue: 0
  - _terrain_objects_queue: 0
  - _infrastructure_queue: 106
  - _pending_building_tasks: 0
OSM DEBUG: Chunks loaded 16/16, but queues not empty:
  - _building_results: 104
  - _road_queue: 0
  - _terrain_objects_queue: 0
  - _infrastructure_queue: 105
  - _pending_building_tasks: 0
OSM DEBUG: Chunks loaded 16/16, but queues not empty:
  - _building_results: 103
  - _road_queue: 0
  - _terrain_objects_queue: 0
  - _infrastructure_queue: 104
  - _pending_building_tasks: 0
OSM DEBUG: Chunks loaded 16/16, but queues not empty:
  - _building_results: 102
  - _road_queue: 0
  - _terrain_objects_queue: 0
  - _infrastructure_queue: 103
  - _pending_building_tasks: 0
OSM DEBUG: Chunks loaded 16/16, but queues not empty:
  - _building_results: 101
  - _road_queue: 0
  - _terrain_objects_queue: 0
  - _infrastructure_queue: 102
  - _pending_building_tasks: 0
OSM DEBUG: Chunks loaded 16/16, but queues not empty:
  - _building_results: 100
  - _road_queue: 0
  - _terrain_objects_queue: 0
  - _infrastructure_queue: 101
  - _pending_building_tasks: 0
OSM DEBUG: Chunks loaded 16/16, but queues not empty:
  - _building_results: 99
  - _road_queue: 0
  - _terrain_objects_queue: 0
  - _infrastructure_queue: 100
  - _pending_building_tasks: 0
🚗 Traffic: 6 active NPCs (Near: 2, Mid: 4, Far: 0), 0 pooled
  → Physics bodies from NPCs: 6 (All: 6×1, было бы 6×5=30)

========== Bottleneck Analysis Report ==========
Time: 6.2s | Frames: 77

📊 PERFORMANCE OVERVIEW:
  FPS: 18.4 avg | 1.0 min
  Frame Time: 58.78 ms avg | 687.25 ms max
  Physics Time: 1.24 ms avg

🔍 BOTTLENECK IDENTIFICATION:
  🔴 [CRITICAL] Frame Time
      Value: 58.78 ms (target: 16.67 ms)
      Impact: Overall performance bottleneck
      Suggestions:
        • Reduce draw calls
        • Optimize scripts in _process()
        • Check for expensive operations per frame

  🟡 [MEDIUM] Draw Calls
      Value: 2363 calls/frame
      Impact: GPU rendering overhead
      Suggestions:
        • Batch meshes by material
        • Use MultiMeshInstance3D
        • Implement LOD system
        • Enable frustum culling

  🟡 [MEDIUM] Vertex Count
      Value: 51381408 vertices/frame
      Impact: GPU vertex processing
      Suggestions:
        • Implement LOD for distant objects
        • Simplify building meshes
        • Use lower poly models

  🟡 [MEDIUM] Post-Processing Effects
      Value: SSAO, Glow/Bloom, Volumetric Fog
      Impact: GPU shader overhead
      Suggestions:
        • Reduce SSR quality
        • Disable SSAO on low-end hardware
        • Use simpler fog

📈 DETAILED STATS:
  Draw Calls: 2363 avg | 3251 max
  Vertices: 51381408 avg | 52285181 max
  Physics Bodies: 48
  Nodes: 4568
  VRAM: 706.0 MB

=================================================

OSM DEBUG: Chunks loaded 16/16, but queues not empty:
  - _building_results: 98
  - _road_queue: 0
  - _terrain_objects_queue: 0
  - _infrastructure_queue: 99
  - _pending_building_tasks: 0
OSM DEBUG: Chunks loaded 16/16, but queues not empty:
  - _building_results: 97
  - _road_queue: 0
  - _terrain_objects_queue: 0
  - _infrastructure_queue: 98
  - _pending_building_tasks: 0
OSM DEBUG: Chunks loaded 16/16, but queues not empty:
  - _building_results: 96
  - _road_queue: 0
  - _terrain_objects_queue: 0
  - _infrastructure_queue: 97
  - _pending_building_tasks: 0
OSM DEBUG: Chunks loaded 16/16, but queues not empty:
  - _building_results: 95
  - _road_queue: 0
  - _terrain_objects_queue: 0
  - _infrastructure_queue: 96
  - _pending_building_tasks: 0
OSM DEBUG: Chunks loaded 16/16, but queues not empty:
  - _building_results: 94
  - _road_queue: 0
  - _terrain_objects_queue: 0
  - _infrastructure_queue: 95
  - _pending_building_tasks: 0
OSM DEBUG: Chunks loaded 16/16, but queues not empty:
  - _building_results: 93
  - _road_queue: 0
  - _terrain_objects_queue: 0
  - _infrastructure_queue: 94
  - _pending_building_tasks: 0
OSM DEBUG: Chunks loaded 16/16, but queues not empty:
  - _building_results: 92
  - _road_queue: 0
  - _terrain_objects_queue: 0
  - _infrastructure_queue: 93
  - _pending_building_tasks: 0
OSM DEBUG: Chunks loaded 16/16, but queues not empty:
  - _building_results: 91
  - _road_queue: 0
  - _terrain_objects_queue: 0
  - _infrastructure_queue: 92
  - _pending_building_tasks: 0
OSM DEBUG: Chunks loaded 16/16, but queues not empty:
  - _building_results: 90
  - _road_queue: 0
  - _terrain_objects_queue: 0
  - _infrastructure_queue: 91
  - _pending_building_tasks: 0
=== PAZ Model Meshes Debug ===
Total meshes found: 1
  - Mesh: bus_low_Material_006_0 (MeshInstance3D)
PAZ-32053 model setup complete
OSM DEBUG: Chunks loaded 16/16, but queues not empty:
  - _building_results: 89
  - _road_queue: 0
  - _terrain_objects_queue: 0
  - _infrastructure_queue: 90
  - _pending_building_tasks: 0
OSM DEBUG: Chunks loaded 16/16, but queues not empty:
  - _building_results: 88
  - _road_queue: 0
  - _terrain_objects_queue: 0
  - _infrastructure_queue: 89
  - _pending_building_tasks: 0
OSM DEBUG: Chunks loaded 16/16, but queues not empty:
  - _building_results: 87
  - _road_queue: 0
  - _terrain_objects_queue: 0
  - _infrastructure_queue: 88
  - _pending_building_tasks: 0
OSM DEBUG: Chunks loaded 16/16, but queues not empty:
  - _building_results: 86
  - _road_queue: 0
  - _terrain_objects_queue: 0
  - _infrastructure_queue: 87
  - _pending_building_tasks: 0
OSM DEBUG: Chunks loaded 16/16, but queues not empty:
  - _building_results: 85
  - _road_queue: 0
  - _terrain_objects_queue: 0
  - _infrastructure_queue: 86
  - _pending_building_tasks: 0
OSM DEBUG: Chunks loaded 16/16, but queues not empty:
  - _building_results: 84
  - _road_queue: 0
  - _terrain_objects_queue: 0
  - _infrastructure_queue: 85
  - _pending_building_tasks: 0
OSM DEBUG: Chunks loaded 16/16, but queues not empty:
  - _building_results: 83
  - _road_queue: 0
  - _terrain_objects_queue: 0
  - _infrastructure_queue: 84
  - _pending_building_tasks: 0
OSM DEBUG: Chunks loaded 16/16, but queues not empty:
  - _building_results: 82
  - _road_queue: 0
  - _terrain_objects_queue: 0
  - _infrastructure_queue: 83
  - _pending_building_tasks: 0
OSM DEBUG: Chunks loaded 16/16, but queues not empty:
  - _building_results: 81
  - _road_queue: 0
  - _terrain_objects_queue: 0
  - _infrastructure_queue: 82
  - _pending_building_tasks: 0
OSM DEBUG: Chunks loaded 16/16, but queues not empty:
  - _building_results: 80
  - _road_queue: 0
  - _terrain_objects_queue: 0
  - _infrastructure_queue: 81
  - _pending_building_tasks: 0
OSM DEBUG: Chunks loaded 16/16, but queues not empty:
  - _building_results: 79
  - _road_queue: 0
  - _terrain_objects_queue: 0
  - _infrastructure_queue: 80
  - _pending_building_tasks: 0
OSM DEBUG: Chunks loaded 16/16, but queues not empty:
  - _building_results: 78
  - _road_queue: 0
  - _terrain_objects_queue: 0
  - _infrastructure_queue: 79
  - _pending_building_tasks: 0
OSM DEBUG: Chunks loaded 16/16, but queues not empty:
  - _building_results: 77
  - _road_queue: 0
  - _terrain_objects_queue: 0
  - _infrastructure_queue: 78
  - _pending_building_tasks: 0
OSM DEBUG: Chunks loaded 16/16, but queues not empty:
  - _building_results: 76
  - _road_queue: 0
  - _terrain_objects_queue: 0
  - _infrastructure_queue: 77
  - _pending_building_tasks: 0
OSM DEBUG: Chunks loaded 16/16, but queues not empty:
  - _building_results: 75
  - _road_queue: 0
  - _terrain_objects_queue: 0
  - _infrastructure_queue: 76
  - _pending_building_tasks: 0
OSM DEBUG: Chunks loaded 16/16, but queues not empty:
  - _building_results: 74
  - _road_queue: 0
  - _terrain_objects_queue: 0
  - _infrastructure_queue: 75
  - _pending_building_tasks: 0
OSM DEBUG: Chunks loaded 16/16, but queues not empty:
  - _building_results: 73
  - _road_queue: 0
  - _terrain_objects_queue: 0
  - _infrastructure_queue: 74
  - _pending_building_tasks: 0
OSM DEBUG: Chunks loaded 16/16, but queues not empty:
  - _building_results: 72
  - _road_queue: 0
  - _terrain_objects_queue: 0
  - _infrastructure_queue: 73
  - _pending_building_tasks: 0
OSM DEBUG: Chunks loaded 16/16, but queues not empty:
  - _building_results: 71
  - _road_queue: 0
  - _terrain_objects_queue: 0
  - _infrastructure_queue: 72
  - _pending_building_tasks: 0
OSM DEBUG: Chunks loaded 16/16, but queues not empty:
  - _building_results: 70
  - _road_queue: 0
  - _terrain_objects_queue: 0
  - _infrastructure_queue: 71
  - _pending_building_tasks: 0
OSM DEBUG: Chunks loaded 16/16, but queues not empty:
  - _building_results: 69
  - _road_queue: 0
  - _terrain_objects_queue: 0
  - _infrastructure_queue: 70
  - _pending_building_tasks: 0
OSM DEBUG: Chunks loaded 16/16, but queues not empty:
  - _building_results: 68
  - _road_queue: 0
  - _terrain_objects_queue: 0
  - _infrastructure_queue: 69
  - _pending_building_tasks: 0
OSM DEBUG: Chunks loaded 16/16, but queues not empty:
  - _building_results: 67
  - _road_queue: 0
  - _terrain_objects_queue: 0
  - _infrastructure_queue: 68
  - _pending_building_tasks: 0
OSM DEBUG: Chunks loaded 16/16, but queues not empty:
  - _building_results: 66
  - _road_queue: 0
  - _terrain_objects_queue: 0
  - _infrastructure_queue: 67
  - _pending_building_tasks: 0
OSM DEBUG: Chunks loaded 16/16, but queues not empty:
  - _building_results: 65
  - _road_queue: 0
  - _terrain_objects_queue: 0
  - _infrastructure_queue: 66
  - _pending_building_tasks: 0
OSM DEBUG: Chunks loaded 16/16, but queues not empty:
  - _building_results: 64
  - _road_queue: 0
  - _terrain_objects_queue: 0
  - _infrastructure_queue: 65
  - _pending_building_tasks: 0
OSM DEBUG: Chunks loaded 16/16, but queues not empty:
  - _building_results: 63
  - _road_queue: 0
  - _terrain_objects_queue: 0
  - _infrastructure_queue: 64
  - _pending_building_tasks: 0
OSM DEBUG: Chunks loaded 16/16, but queues not empty:
  - _building_results: 62
  - _road_queue: 0
  - _terrain_objects_queue: 0
  - _infrastructure_queue: 63
  - _pending_building_tasks: 0
OSM DEBUG: Chunks loaded 16/16, but queues not empty:
  - _building_results: 61
  - _road_queue: 0
  - _terrain_objects_queue: 0
  - _infrastructure_queue: 62
  - _pending_building_tasks: 0
OSM DEBUG: Chunks loaded 16/16, but queues not empty:
  - _building_results: 60
  - _road_queue: 0
  - _terrain_objects_queue: 0
  - _infrastructure_queue: 61
  - _pending_building_tasks: 0
OSM DEBUG: Chunks loaded 16/16, but queues not empty:
  - _building_results: 59
  - _road_queue: 0
  - _terrain_objects_queue: 0
  - _infrastructure_queue: 60
  - _pending_building_tasks: 0
OSM DEBUG: Chunks loaded 16/16, but queues not empty:
  - _building_results: 58
  - _road_queue: 0
  - _terrain_objects_queue: 0
  - _infrastructure_queue: 59
  - _pending_building_tasks: 0
OSM DEBUG: Chunks loaded 16/16, but queues not empty:
  - _building_results: 57
  - _road_queue: 0
  - _terrain_objects_queue: 0
  - _infrastructure_queue: 58
  - _pending_building_tasks: 0
OSM DEBUG: Chunks loaded 16/16, but queues not empty:
  - _building_results: 56
  - _road_queue: 0
  - _terrain_objects_queue: 0
  - _infrastructure_queue: 57
  - _pending_building_tasks: 0
OSM DEBUG: Chunks loaded 16/16, but queues not empty:
  - _building_results: 55
  - _road_queue: 0
  - _terrain_objects_queue: 0
  - _infrastructure_queue: 56
  - _pending_building_tasks: 0
OSM DEBUG: Chunks loaded 16/16, but queues not empty:
  - _building_results: 54
  - _road_queue: 0
  - _terrain_objects_queue: 0
  - _infrastructure_queue: 55
  - _pending_building_tasks: 0
OSM DEBUG: Chunks loaded 16/16, but queues not empty:
  - _building_results: 53
  - _road_queue: 0
  - _terrain_objects_queue: 0
  - _infrastructure_queue: 54
  - _pending_building_tasks: 0
OSM DEBUG: Chunks loaded 16/16, but queues not empty:
  - _building_results: 52
  - _road_queue: 0
  - _terrain_objects_queue: 0
  - _infrastructure_queue: 53
  - _pending_building_tasks: 0
OSM DEBUG: Chunks loaded 16/16, but queues not empty:
  - _building_results: 51
  - _road_queue: 0
  - _terrain_objects_queue: 0
  - _infrastructure_queue: 52
  - _pending_building_tasks: 0
OSM DEBUG: Chunks loaded 16/16, but queues not empty:
  - _building_results: 50
  - _road_queue: 0
  - _terrain_objects_queue: 0
  - _infrastructure_queue: 51
  - _pending_building_tasks: 0
OSM DEBUG: Chunks loaded 16/16, but queues not empty:
  - _building_results: 49
  - _road_queue: 0
  - _terrain_objects_queue: 0
  - _infrastructure_queue: 50
  - _pending_building_tasks: 0
OSM DEBUG: Chunks loaded 16/16, but queues not empty:
  - _building_results: 48
  - _road_queue: 0
  - _terrain_objects_queue: 0
  - _infrastructure_queue: 49
  - _pending_building_tasks: 0
OSM DEBUG: Chunks loaded 16/16, but queues not empty:
  - _building_results: 47
  - _road_queue: 0
  - _terrain_objects_queue: 0
  - _infrastructure_queue: 48
  - _pending_building_tasks: 0
OSM DEBUG: Chunks loaded 16/16, but queues not empty:
  - _building_results: 46
  - _road_queue: 0
  - _terrain_objects_queue: 0
  - _infrastructure_queue: 47
  - _pending_building_tasks: 0
OSM DEBUG: Chunks loaded 16/16, but queues not empty:
  - _building_results: 45
  - _road_queue: 0
  - _terrain_objects_queue: 0
  - _infrastructure_queue: 46
  - _pending_building_tasks: 0
OSM DEBUG: Chunks loaded 16/16, but queues not empty:
  - _building_results: 44
  - _road_queue: 0
  - _terrain_objects_queue: 0
  - _infrastructure_queue: 45
  - _pending_building_tasks: 0
OSM DEBUG: Chunks loaded 16/16, but queues not empty:
  - _building_results: 43
  - _road_queue: 0
  - _terrain_objects_queue: 0
  - _infrastructure_queue: 44
  - _pending_building_tasks: 0
OSM DEBUG: Chunks loaded 16/16, but queues not empty:
  - _building_results: 42
  - _road_queue: 0
  - _terrain_objects_queue: 0
  - _infrastructure_queue: 43
  - _pending_building_tasks: 0
OSM DEBUG: Chunks loaded 16/16, but queues not empty:
  - _building_results: 41
  - _road_queue: 0
  - _terrain_objects_queue: 0
  - _infrastructure_queue: 42
  - _pending_building_tasks: 0
OSM DEBUG: Chunks loaded 16/16, but queues not empty:
  - _building_results: 40
  - _road_queue: 0
  - _terrain_objects_queue: 0
  - _infrastructure_queue: 41
  - _pending_building_tasks: 0
OSM DEBUG: Chunks loaded 16/16, but queues not empty:
  - _building_results: 39
  - _road_queue: 0
  - _terrain_objects_queue: 0
  - _infrastructure_queue: 40
  - _pending_building_tasks: 0
OSM DEBUG: Chunks loaded 16/16, but queues not empty:
  - _building_results: 38
  - _road_queue: 0
  - _terrain_objects_queue: 0
  - _infrastructure_queue: 39
  - _pending_building_tasks: 0
OSM DEBUG: Chunks loaded 16/16, but queues not empty:
  - _building_results: 37
  - _road_queue: 0
  - _terrain_objects_queue: 0
  - _infrastructure_queue: 38
  - _pending_building_tasks: 0
=== PAZ Model Meshes Debug ===
Total meshes found: 1
  - Mesh: bus_low_Material_006_0 (MeshInstance3D)
PAZ-32053 model setup complete
OSM DEBUG: Chunks loaded 16/16, but queues not empty:
  - _building_results: 36
  - _road_queue: 0
  - _terrain_objects_queue: 0
  - _infrastructure_queue: 37
  - _pending_building_tasks: 0
OSM DEBUG: Chunks loaded 16/16, but queues not empty:
  - _building_results: 35
  - _road_queue: 0
  - _terrain_objects_queue: 0
  - _infrastructure_queue: 36
  - _pending_building_tasks: 0
OSM DEBUG: Chunks loaded 16/16, but queues not empty:
  - _building_results: 34
  - _road_queue: 0
  - _terrain_objects_queue: 0
  - _infrastructure_queue: 35
  - _pending_building_tasks: 0
OSM DEBUG: Chunks loaded 16/16, but queues not empty:
  - _building_results: 33
  - _road_queue: 0
  - _terrain_objects_queue: 0
  - _infrastructure_queue: 34
  - _pending_building_tasks: 0
OSM DEBUG: Chunks loaded 16/16, but queues not empty:
  - _building_results: 32
  - _road_queue: 0
  - _terrain_objects_queue: 0
  - _infrastructure_queue: 33
  - _pending_building_tasks: 0
OSM DEBUG: Chunks loaded 16/16, but queues not empty:
  - _building_results: 31
  - _road_queue: 0
  - _terrain_objects_queue: 0
  - _infrastructure_queue: 32
  - _pending_building_tasks: 0
OSM DEBUG: Chunks loaded 16/16, but queues not empty:
  - _building_results: 30
  - _road_queue: 0
  - _terrain_objects_queue: 0
  - _infrastructure_queue: 31
  - _pending_building_tasks: 0
OSM DEBUG: Chunks loaded 16/16, but queues not empty:
  - _building_results: 29
  - _road_queue: 0
  - _terrain_objects_queue: 0
  - _infrastructure_queue: 30
  - _pending_building_tasks: 0
OSM DEBUG: Chunks loaded 16/16, but queues not empty:
  - _building_results: 28
  - _road_queue: 0
  - _terrain_objects_queue: 0
  - _infrastructure_queue: 29
  - _pending_building_tasks: 0
OSM DEBUG: Chunks loaded 16/16, but queues not empty:
  - _building_results: 27
  - _road_queue: 0
  - _terrain_objects_queue: 0
  - _infrastructure_queue: 28
  - _pending_building_tasks: 0
OSM DEBUG: Chunks loaded 16/16, but queues not empty:
  - _building_results: 26
  - _road_queue: 0
  - _terrain_objects_queue: 0
  - _infrastructure_queue: 27
  - _pending_building_tasks: 0
OSM DEBUG: Chunks loaded 16/16, but queues not empty:
  - _building_results: 25
  - _road_queue: 0
  - _terrain_objects_queue: 0
  - _infrastructure_queue: 26
  - _pending_building_tasks: 0
OSM DEBUG: Chunks loaded 16/16, but queues not empty:
  - _building_results: 24
  - _road_queue: 0
  - _terrain_objects_queue: 0
  - _infrastructure_queue: 25
  - _pending_building_tasks: 0
OSM DEBUG: Chunks loaded 16/16, but queues not empty:
  - _building_results: 23
  - _road_queue: 0
  - _terrain_objects_queue: 0
  - _infrastructure_queue: 24
  - _pending_building_tasks: 0
OSM DEBUG: Chunks loaded 16/16, but queues not empty:
  - _building_results: 22
  - _road_queue: 0
  - _terrain_objects_queue: 0
  - _infrastructure_queue: 23
  - _pending_building_tasks: 0
OSM DEBUG: Chunks loaded 16/16, but queues not empty:
  - _building_results: 21
  - _road_queue: 0
  - _terrain_objects_queue: 0
  - _infrastructure_queue: 22
  - _pending_building_tasks: 0
OSM DEBUG: Chunks loaded 16/16, but queues not empty:
  - _building_results: 20
  - _road_queue: 0
  - _terrain_objects_queue: 0
  - _infrastructure_queue: 21
  - _pending_building_tasks: 0
OSM DEBUG: Chunks loaded 16/16, but queues not empty:
  - _building_results: 19
  - _road_queue: 0
  - _terrain_objects_queue: 0
  - _infrastructure_queue: 20
  - _pending_building_tasks: 0
OSM DEBUG: Chunks loaded 16/16, but queues not empty:
  - _building_results: 18
  - _road_queue: 0
  - _terrain_objects_queue: 0
  - _infrastructure_queue: 19
  - _pending_building_tasks: 0
OSM DEBUG: Chunks loaded 16/16, but queues not empty:
  - _building_results: 17
  - _road_queue: 0
  - _terrain_objects_queue: 0
  - _infrastructure_queue: 18
  - _pending_building_tasks: 0
OSM DEBUG: Chunks loaded 16/16, but queues not empty:
  - _building_results: 16
  - _road_queue: 0
  - _terrain_objects_queue: 0
  - _infrastructure_queue: 17
  - _pending_building_tasks: 0
OSM DEBUG: Chunks loaded 16/16, but queues not empty:
  - _building_results: 15
  - _road_queue: 0
  - _terrain_objects_queue: 0
  - _infrastructure_queue: 16
  - _pending_building_tasks: 0
OSM DEBUG: Chunks loaded 16/16, but queues not empty:
  - _building_results: 14
  - _road_queue: 0
  - _terrain_objects_queue: 0
  - _infrastructure_queue: 15
  - _pending_building_tasks: 0
OSM DEBUG: Chunks loaded 16/16, but queues not empty:
  - _building_results: 13
  - _road_queue: 0
  - _terrain_objects_queue: 0
  - _infrastructure_queue: 14
  - _pending_building_tasks: 0
OSM DEBUG: Chunks loaded 16/16, but queues not empty:
  - _building_results: 12
  - _road_queue: 0
  - _terrain_objects_queue: 0
  - _infrastructure_queue: 13
  - _pending_building_tasks: 0
OSM DEBUG: Chunks loaded 16/16, but queues not empty:
  - _building_results: 11
  - _road_queue: 0
  - _terrain_objects_queue: 0
  - _infrastructure_queue: 12
  - _pending_building_tasks: 0
OSM DEBUG: Chunks loaded 16/16, but queues not empty:
  - _building_results: 10
  - _road_queue: 0
  - _terrain_objects_queue: 0
  - _infrastructure_queue: 11
  - _pending_building_tasks: 0
OSM DEBUG: Chunks loaded 16/16, but queues not empty:
  - _building_results: 9
  - _road_queue: 0
  - _terrain_objects_queue: 0
  - _infrastructure_queue: 10
  - _pending_building_tasks: 0
OSM DEBUG: Chunks loaded 16/16, but queues not empty:
  - _building_results: 8
  - _road_queue: 0
  - _terrain_objects_queue: 0
  - _infrastructure_queue: 9
  - _pending_building_tasks: 0
OSM DEBUG: Chunks loaded 16/16, but queues not empty:
  - _building_results: 7
  - _road_queue: 0
  - _terrain_objects_queue: 0
  - _infrastructure_queue: 8
  - _pending_building_tasks: 0
OSM DEBUG: Chunks loaded 16/16, but queues not empty:
  - _building_results: 6
  - _road_queue: 0
  - _terrain_objects_queue: 0
  - _infrastructure_queue: 7
  - _pending_building_tasks: 0
OSM DEBUG: Chunks loaded 16/16, but queues not empty:
  - _building_results: 5
  - _road_queue: 0
  - _terrain_objects_queue: 0
  - _infrastructure_queue: 6
  - _pending_building_tasks: 0
OSM DEBUG: Chunks loaded 16/16, but queues not empty:
  - _building_results: 4
  - _road_queue: 0
  - _terrain_objects_queue: 0
  - _infrastructure_queue: 5
  - _pending_building_tasks: 0
OSM DEBUG: Chunks loaded 16/16, but queues not empty:
  - _building_results: 3
  - _road_queue: 0
  - _terrain_objects_queue: 0
  - _infrastructure_queue: 4
  - _pending_building_tasks: 0
OSM DEBUG: Chunks loaded 16/16, but queues not empty:
  - _building_results: 2
  - _road_queue: 0
  - _terrain_objects_queue: 0
  - _infrastructure_queue: 3
  - _pending_building_tasks: 0
OSM DEBUG: Chunks loaded 16/16, but queues not empty:
  - _building_results: 1
  - _road_queue: 0
  - _terrain_objects_queue: 0
  - _infrastructure_queue: 2
  - _pending_building_tasks: 0
Loading cache for shader SceneForwardClusteredShaderRD, variant 0
Loading cache for shader SceneForwardClusteredShaderRD, variant 1
Loading cache for shader SceneForwardClusteredShaderRD, variant 2
Loading cache for shader SceneForwardClusteredShaderRD, variant 3
Loading cache for shader SceneForwardClusteredShaderRD, variant 4
Loading cache for shader SceneForwardClusteredShaderRD, variant 5
Loading cache for shader SceneForwardClusteredShaderRD, variant 6
Loading cache for shader SceneForwardClusteredShaderRD, variant 7
Loading cache for shader SceneForwardClusteredShaderRD, variant 0
Loading cache for shader SceneForwardClusteredShaderRD, variant 1
Loading cache for shader SceneForwardClusteredShaderRD, variant 2
Loading cache for shader SceneForwardClusteredShaderRD, variant 3
Loading cache for shader SceneForwardClusteredShaderRD, variant 4
Loading cache for shader SceneForwardClusteredShaderRD, variant 5
Loading cache for shader SceneForwardClusteredShaderRD, variant 6
Loading cache for shader SceneForwardClusteredShaderRD, variant 7
Loading cache for shader SceneForwardClusteredShaderRD, variant 8
Loading cache for shader SceneForwardClusteredShaderRD, variant 9
Loading cache for shader SceneForwardClusteredShaderRD, variant 10
Loading cache for shader SceneForwardClusteredShaderRD, variant 11
Loading cache for shader SceneForwardClusteredShaderRD, variant 12
Loading cache for shader SceneForwardClusteredShaderRD, variant 13
Loading cache for shader SceneForwardClusteredShaderRD, variant 14
Loading cache for shader SceneForwardClusteredShaderRD, variant 15
Loading cache for shader SceneForwardClusteredShaderRD, variant 16
Loading cache for shader SceneForwardClusteredShaderRD, variant 17
OSM: 🌙 NIGHT Window batch 0,-1 | night_mgr: CACHED | is_night value: true
OSM: ✅ Finalized window batch 0,-1: 1555 windows (was 1555 draw calls before batching)
⚠️ SLOW FRAME 14.9ms: building=0.0 road=14.1 terrain=0.0 infra=0.5 veg=0.0 curb=0.2ms
OSM DEBUG: Chunks loaded 16/16, but queues not empty:
  - _building_results: 0
  - _road_queue: 0
  - _terrain_objects_queue: 0
  - _infrastructure_queue: 1
  - _pending_building_tasks: 0
OSM: 🌙 NIGHT Window batch -1,-1 | night_mgr: CACHED | is_night value: true
OSM: ✅ Finalized window batch -1,-1: 4286 windows (was 4286 draw calls before batching)
OSM: Starting finalization...
OSM: _create_pending_lamps started, count=942
OSM: Created 404 lamps, skipped 538 (added to infrastructure queue)
OSM: Lamps done, starting parking signs...
OSM: _create_pending_parking_signs started, count=16, road_segments=2377
OSM: Created 16 parking signs
OSM: Parking signs done
OSM: Initial loading complete! 16 chunks loaded

[PerformanceTestDetailed] ✓ Terrain loaded! Starting test in 2 seconds...
OSM: 🌙 NIGHT Window batch -1,0 | night_mgr: CACHED | is_night value: true
OSM: ✅ Finalized window batch -1,0: 728 windows (was 728 draw calls before batching)
Loading cache for shader SceneForwardClusteredShaderRD, variant 0
Loading cache for shader SceneForwardClusteredShaderRD, variant 1
Loading cache for shader SceneForwardClusteredShaderRD, variant 2
Loading cache for shader SceneForwardClusteredShaderRD, variant 3
Loading cache for shader SceneForwardClusteredShaderRD, variant 4
Loading cache for shader SceneForwardClusteredShaderRD, variant 5
Loading cache for shader SceneForwardClusteredShaderRD, variant 6
Loading cache for shader SceneForwardClusteredShaderRD, variant 7
Loading cache for shader SceneForwardClusteredShaderRD, variant 0
Loading cache for shader SceneForwardClusteredShaderRD, variant 1
Loading cache for shader SceneForwardClusteredShaderRD, variant 2
Loading cache for shader SceneForwardClusteredShaderRD, variant 3
Loading cache for shader SceneForwardClusteredShaderRD, variant 4
Loading cache for shader SceneForwardClusteredShaderRD, variant 5
Loading cache for shader SceneForwardClusteredShaderRD, variant 6
Loading cache for shader SceneForwardClusteredShaderRD, variant 7
Loading cache for shader SceneForwardClusteredShaderRD, variant 8
Loading cache for shader SceneForwardClusteredShaderRD, variant 9
Loading cache for shader SceneForwardClusteredShaderRD, variant 10
Loading cache for shader SceneForwardClusteredShaderRD, variant 11
Loading cache for shader SceneForwardClusteredShaderRD, variant 12
Loading cache for shader SceneForwardClusteredShaderRD, variant 13
Loading cache for shader SceneForwardClusteredShaderRD, variant 14
Loading cache for shader SceneForwardClusteredShaderRD, variant 15
Loading cache for shader SceneForwardClusteredShaderRD, variant 16
Loading cache for shader SceneForwardClusteredShaderRD, variant 17
⚠️ SLOW FRAME 16.5ms: building=0.0 road=0.7 terrain=0.0 infra=15.8 veg=0.0 curb=0.0ms
🚗 Traffic: 10 active NPCs (Near: 3, Mid: 7, Far: 0), 1 pooled
  → Physics bodies from NPCs: 10 (All: 10×1, было бы 10×5=50)

========== Bottleneck Analysis Report ==========
Time: 8.3s | Frames: 178

📊 PERFORMANCE OVERVIEW:
  FPS: 46.3 avg | 23.0 min
  Frame Time: 35.60 ms avg | 49.09 ms max
  Physics Time: 2.53 ms avg

🔍 BOTTLENECK IDENTIFICATION:
  🔴 [CRITICAL] Frame Time
      Value: 35.60 ms (target: 16.67 ms)
      Impact: Overall performance bottleneck
      Suggestions:
        • Reduce draw calls
        • Optimize scripts in _process()
        • Check for expensive operations per frame

  🟠 [HIGH] Draw Calls
      Value: 3575 calls/frame
      Impact: GPU rendering overhead
      Suggestions:
        • Batch meshes by material
        • Use MultiMeshInstance3D
        • Implement LOD system
        • Enable frustum culling

  🟡 [MEDIUM] Vertex Count
      Value: 52368025 vertices/frame
      Impact: GPU vertex processing
      Suggestions:
        • Implement LOD for distant objects
        • Simplify building meshes
        • Use lower poly models

  🟡 [MEDIUM] Node Count
      Value: 10102 nodes
      Impact: Scene tree traversal overhead
      Suggestions:
        • Unload distant chunks
        • Pool and reuse nodes
        • Flatten hierarchy where possible

  🟡 [MEDIUM] Post-Processing Effects
      Value: SSAO, Glow/Bloom, Volumetric Fog
      Impact: GPU shader overhead
      Suggestions:
        • Reduce SSR quality
        • Disable SSAO on low-end hardware
        • Use simpler fog

📈 DETAILED STATS:
  Draw Calls: 3575 avg | 3903 max
  Vertices: 52368025 avg | 52537597 max
  Physics Bodies: 129
  Nodes: 10102
  VRAM: 711.1 MB

=================================================

OSM: 🌙 NIGHT Window batch -2,0 | night_mgr: CACHED | is_night value: true
OSM: ✅ Finalized window batch -2,0: 96 windows (was 96 draw calls before batching)
OSM: 🌙 NIGHT Window batch -2,-1 | night_mgr: CACHED | is_night value: true
OSM: ✅ Finalized window batch -2,-1: 2311 windows (was 2311 draw calls before batching)
OSM: 🌙 NIGHT Window batch -1,-2 | night_mgr: CACHED | is_night value: true
OSM: ✅ Finalized window batch -1,-2: 5365 windows (was 5365 draw calls before batching)
OSM: 🌙 NIGHT Window batch 1,0 | night_mgr: CACHED | is_night value: true
OSM: ✅ Finalized window batch 1,0: 40 windows (was 40 draw calls before batching)
OSM: 🌙 NIGHT Window batch 1,-1 | night_mgr: CACHED | is_night value: true
OSM: ✅ Finalized window batch 1,-1: 4967 windows (was 4967 draw calls before batching)
OSM: 🌙 NIGHT Window batch 0,-2 | night_mgr: CACHED | is_night value: true
OSM: ✅ Finalized window batch 0,-2: 2148 windows (was 2148 draw calls before batching)
OSM: 🌙 NIGHT Window batch -2,-2 | night_mgr: CACHED | is_night value: true
OSM: ✅ Finalized window batch -2,-2: 5534 windows (was 5534 draw calls before batching)
OSM: 🌙 NIGHT Window batch 1,-2 | night_mgr: CACHED | is_night value: true
OSM: ✅ Finalized window batch 1,-2: 4954 windows (was 4954 draw calls before batching)

=== PERFORMANCE METRICS ===
FPS: 34 | Frame: 23.7 ms (max 142.3) | Physics: 18.2 ms (max 688.7)
Godot Process: 70.46 ms | Physics: 4.35 ms
Objects: 28137 | Nodes: 11367 | Resources: 535
Draw calls: 4696 | Vertices: 53236529 | VRAM: 718.8 MB
Physics bodies: 191 | Collision pairs: 1798
--- System Times ---
  road_batch_finalize_total_-1,-1: 10.52 ms (max 10.52)
  road_batch_finalize_total_-1,-2: 5.25 ms (max 5.25)
  road_batch_finalize_total_-1,0: 14.40 ms (max 14.40)
  road_batch_finalize_total_-2,-1: 22.75 ms (max 22.75)
  road_batch_finalize_total_-2,-2: 6.28 ms (max 6.28)
  road_batch_finalize_total_-2,0: 20.76 ms (max 20.76)
  road_batch_finalize_total_0,-1: 23.51 ms (max 23.51)
  road_batch_finalize_total_0,-2: 24.46 ms (max 24.46)
  road_batch_finalize_total_0,0: 23.28 ms (max 23.28)
  road_batch_finalize_total_0,1: 26.48 ms (max 26.48)
  road_batch_finalize_total_1,-1: 19.59 ms (max 19.59)
  road_batch_finalize_total_1,-2: 28.29 ms (max 28.29)
  road_batch_finalize_total_1,0: 1.77 ms (max 1.77)
  road_collision_create_-1,-1: 3.30 ms (max 4.00)
  road_collision_create_-1,-2: 2.40 ms (max 2.94)
  road_collision_create_-1,0: 6.98 ms (max 11.84)
  road_collision_create_-2,-1: 7.37 ms (max 16.50)
  road_collision_create_-2,-2: 2.95 ms (max 3.83)
  road_collision_create_-2,0: 10.14 ms (max 17.31)
  road_collision_create_0,-1: 7.61 ms (max 17.59)
  road_collision_create_0,-2: 7.94 ms (max 17.36)
  road_collision_create_0,0: 7.55 ms (max 19.41)
  road_collision_create_0,1: 26.23 ms (max 26.23)
  road_collision_create_1,-1: 6.33 ms (max 15.25)
  road_collision_create_1,-2: 13.87 ms (max 25.23)
  road_collision_create_1,0: 1.57 ms (max 1.57)
===========================

=== PERFORMANCE METRICS ===
FPS: 34 | Frame: 23.7 ms (max 142.3) | Physics: 16.3 ms (max 77.1)
Godot Process: 70.46 ms | Physics: 4.35 ms
Objects: 28137 | Nodes: 11367 | Resources: 535
Draw calls: 4696 | Vertices: 53236529 | VRAM: 718.8 MB
Physics bodies: 191 | Collision pairs: 1798
===========================
[PerformanceLogger] Started logging: detailed_test_90s
🚀 Test started!

🚗 Traffic: 14 active NPCs (Near: 2, Mid: 12, Far: 0), 1 pooled
  → Physics bodies from NPCs: 14 (All: 14×1, было бы 14×5=70)

========== Bottleneck Analysis Report ==========
Time: 10.3s | Frames: 252

📊 PERFORMANCE OVERVIEW:
  FPS: 45.3 avg | 34.0 min
  Frame Time: 43.57 ms avg | 70.46 ms max
  Physics Time: 3.59 ms avg

🔍 BOTTLENECK IDENTIFICATION:
  🔴 [CRITICAL] Frame Time
      Value: 43.57 ms (target: 16.67 ms)
      Impact: Overall performance bottleneck
      Suggestions:
        • Reduce draw calls
        • Optimize scripts in _process()
        • Check for expensive operations per frame

  🟠 [HIGH] Draw Calls
      Value: 4369 calls/frame
      Impact: GPU rendering overhead
      Suggestions:
        • Batch meshes by material
        • Use MultiMeshInstance3D
        • Implement LOD system
        • Enable frustum culling

  🟡 [MEDIUM] Vertex Count
      Value: 52918066 vertices/frame
      Impact: GPU vertex processing
      Suggestions:
        • Implement LOD for distant objects
        • Simplify building meshes
        • Use lower poly models

  🟡 [MEDIUM] Physics Bodies
      Value: 182 active bodies
      Impact: Physics engine load
      Suggestions:
        • Reduce NPC count
        • Convert distant NPCs to kinematic
        • Disable physics for far objects

  🟡 [MEDIUM] Node Count
      Value: 12141 nodes
      Impact: Scene tree traversal overhead
      Suggestions:
        • Unload distant chunks
        • Pool and reuse nodes
        • Flatten hierarchy where possible

  🟡 [MEDIUM] Post-Processing Effects
      Value: SSAO, Glow/Bloom, Volumetric Fog
      Impact: GPU shader overhead
      Suggestions:
        • Reduce SSR quality
        • Disable SSAO on low-end hardware
        • Use simpler fog

📈 DETAILED STATS:
  Draw Calls: 4369 avg | 5101 max
  Vertices: 52918066 avg | 53483686 max
  Physics Bodies: 182
  Nodes: 12141
  VRAM: 726.6 MB

=================================================

⚡ FRAME SPIKE #1: 33.6 ms at 0.2s (Draw: 6270, Bodies: 197)
⚡ FRAME SPIKE #2: 29.0 ms at 0.3s (Draw: 6280, Bodies: 197)
⚡ FRAME SPIKE #3: 28.8 ms at 0.3s (Draw: 6280, Bodies: 197)
⚡ FRAME SPIKE #4: 27.8 ms at 0.3s (Draw: 6290, Bodies: 197)
⚡ FRAME SPIKE #5: 29.7 ms at 0.4s (Draw: 6298, Bodies: 197)
⚡ FRAME SPIKE #6: 30.3 ms at 0.4s (Draw: 6297, Bodies: 197)
⚡ FRAME SPIKE #7: 30.2 ms at 0.4s (Draw: 6296, Bodies: 197)
⚡ FRAME SPIKE #8: 29.9 ms at 0.5s (Draw: 6297, Bodies: 197)
⚡ FRAME SPIKE #9: 29.6 ms at 0.5s (Draw: 6304, Bodies: 197)
⚡ FRAME SPIKE #10: 29.2 ms at 0.5s (Draw: 6315, Bodies: 197)
⚡ FRAME SPIKE #11: 29.6 ms at 0.5s (Draw: 6306, Bodies: 197)
⚡ FRAME SPIKE #12: 29.6 ms at 0.6s (Draw: 6318, Bodies: 197)
⚡ FRAME SPIKE #13: 29.6 ms at 0.6s (Draw: 6319, Bodies: 197)
⚡ FRAME SPIKE #14: 29.6 ms at 0.6s (Draw: 6324, Bodies: 197)
⚡ FRAME SPIKE #15: 29.6 ms at 0.7s (Draw: 6339, Bodies: 197)
⚡ FRAME SPIKE #16: 29.6 ms at 0.7s (Draw: 6336, Bodies: 197)
⚡ FRAME SPIKE #17: 29.6 ms at 0.7s (Draw: 6346, Bodies: 197)
⚡ FRAME SPIKE #18: 29.6 ms at 0.8s (Draw: 6343, Bodies: 197)
⚡ FRAME SPIKE #19: 29.6 ms at 0.8s (Draw: 6350, Bodies: 197)
⚡ FRAME SPIKE #20: 29.6 ms at 0.8s (Draw: 6358, Bodies: 197)
⚡ FRAME SPIKE #21: 29.6 ms at 0.8s (Draw: 6367, Bodies: 197)
⚡ FRAME SPIKE #22: 29.6 ms at 0.9s (Draw: 6380, Bodies: 197)
⚡ FRAME SPIKE #23: 29.6 ms at 0.9s (Draw: 6390, Bodies: 197)
⚡ FRAME SPIKE #24: 29.6 ms at 0.9s (Draw: 6399, Bodies: 197)
⚡ FRAME SPIKE #25: 29.6 ms at 1.0s (Draw: 6406, Bodies: 197)
⚡ FRAME SPIKE #26: 29.6 ms at 1.0s (Draw: 6409, Bodies: 197)
⚡ FRAME SPIKE #27: 29.4 ms at 1.0s (Draw: 6407, Bodies: 197)
⚡ FRAME SPIKE #28: 29.6 ms at 1.1s (Draw: 6415, Bodies: 197)
⚡ FRAME SPIKE #29: 29.6 ms at 1.1s (Draw: 6414, Bodies: 197)
⚡ FRAME SPIKE #30: 29.6 ms at 1.1s (Draw: 6426, Bodies: 197)
⚡ FRAME SPIKE #31: 29.2 ms at 1.1s (Draw: 6435, Bodies: 197)
⚡ FRAME SPIKE #32: 29.4 ms at 1.2s (Draw: 6438, Bodies: 197)
⚡ FRAME SPIKE #33: 29.6 ms at 1.2s (Draw: 6439, Bodies: 197)
⚡ FRAME SPIKE #34: 29.8 ms at 1.2s (Draw: 6458, Bodies: 199)
⚡ FRAME SPIKE #35: 56.8 ms at 1.3s (Draw: 6472, Bodies: 199)
⚡ FRAME SPIKE #36: 34.9 ms at 1.3s (Draw: 6459, Bodies: 199)
⚡ FRAME SPIKE #37: 33.3 ms at 1.4s (Draw: 6459, Bodies: 199)
⚡ FRAME SPIKE #38: 33.3 ms at 1.4s (Draw: 6449, Bodies: 199)
⚡ FRAME SPIKE #39: 33.3 ms at 1.4s (Draw: 6432, Bodies: 199)
⚡ FRAME SPIKE #40: 33.3 ms at 1.5s (Draw: 6437, Bodies: 199)
⚡ FRAME SPIKE #41: 33.3 ms at 1.5s (Draw: 6432, Bodies: 199)
⚡ FRAME SPIKE #42: 33.3 ms at 1.5s (Draw: 6447, Bodies: 199)
⚡ FRAME SPIKE #43: 33.3 ms at 1.6s (Draw: 6441, Bodies: 199)
⚡ FRAME SPIKE #44: 33.3 ms at 1.6s (Draw: 6455, Bodies: 199)
⚡ FRAME SPIKE #45: 31.0 ms at 1.6s (Draw: 6461, Bodies: 199)
⚡ FRAME SPIKE #46: 31.3 ms at 1.6s (Draw: 6458, Bodies: 199)
⚡ FRAME SPIKE #47: 31.1 ms at 1.7s (Draw: 6457, Bodies: 199)
⚡ FRAME SPIKE #48: 31.6 ms at 1.7s (Draw: 6469, Bodies: 200)
⚡ FRAME SPIKE #49: 31.3 ms at 1.7s (Draw: 6463, Bodies: 200)
⚡ FRAME SPIKE #50: 31.6 ms at 1.8s (Draw: 6471, Bodies: 200)
⚡ FRAME SPIKE #51: 31.9 ms at 1.8s (Draw: 6476, Bodies: 200)
⚡ FRAME SPIKE #52: 30.8 ms at 1.8s (Draw: 6479, Bodies: 200)
⚡ FRAME SPIKE #53: 31.5 ms at 1.9s (Draw: 6476, Bodies: 200)
⚡ FRAME SPIKE #54: 31.3 ms at 1.9s (Draw: 6475, Bodies: 200)
⚡ FRAME SPIKE #55: 30.8 ms at 1.9s (Draw: 6481, Bodies: 200)
⚡ FRAME SPIKE #56: 31.9 ms at 2.0s (Draw: 6490, Bodies: 200)
⚡ FRAME SPIKE #57: 31.2 ms at 2.0s (Draw: 6495, Bodies: 200)
⚡ FRAME SPIKE #58: 27.3 ms at 2.0s (Draw: 6498, Bodies: 201)
⚡ FRAME SPIKE #59: 30.2 ms at 2.1s (Draw: 6504, Bodies: 201)
⚡ FRAME SPIKE #60: 31.1 ms at 2.1s (Draw: 6508, Bodies: 201)
🚗 Traffic: 19 active NPCs (Near: 4, Mid: 14, Far: 1), 0 pooled
  → Physics bodies from NPCs: 19 (All: 19×1, было бы 19×5=95)

========== Bottleneck Analysis Report ==========
Time: 12.3s | Frames: 318

📊 PERFORMANCE OVERVIEW:
  FPS: 36.3 avg | 32.0 min
  Frame Time: 49.57 ms avg | 70.46 ms max
  Physics Time: 4.27 ms avg

🔍 BOTTLENECK IDENTIFICATION:
  🔴 [CRITICAL] Frame Time
      Value: 49.57 ms (target: 16.67 ms)
      Impact: Overall performance bottleneck
      Suggestions:
        • Reduce draw calls
        • Optimize scripts in _process()
        • Check for expensive operations per frame

  🟠 [HIGH] Draw Calls
      Value: 5638 calls/frame
      Impact: GPU rendering overhead
      Suggestions:
        • Batch meshes by material
        • Use MultiMeshInstance3D
        • Implement LOD system
        • Enable frustum culling

  🟡 [MEDIUM] Vertex Count
      Value: 53556505 vertices/frame
      Impact: GPU vertex processing
      Suggestions:
        • Implement LOD for distant objects
        • Simplify building meshes
        • Use lower poly models

  🟡 [MEDIUM] Physics Bodies
      Value: 195 active bodies
      Impact: Physics engine load
      Suggestions:
        • Reduce NPC count
        • Convert distant NPCs to kinematic
        • Disable physics for far objects

  🟡 [MEDIUM] Node Count
      Value: 12706 nodes
      Impact: Scene tree traversal overhead
      Suggestions:
        • Unload distant chunks
        • Pool and reuse nodes
        • Flatten hierarchy where possible

  🟡 [MEDIUM] Post-Processing Effects
      Value: SSAO, Glow/Bloom, Volumetric Fog
      Impact: GPU shader overhead
      Suggestions:
        • Reduce SSR quality
        • Disable SSAO on low-end hardware
        • Use simpler fog

📈 DETAILED STATS:
  Draw Calls: 5638 avg | 6508 max
  Vertices: 53556505 avg | 53926597 max
  Physics Bodies: 195
  Nodes: 12706
  VRAM: 734.4 MB

=================================================

⚡ FRAME SPIKE #61: 31.2 ms at 2.1s (Draw: 6507, Bodies: 201)
⚡ FRAME SPIKE #62: 31.2 ms at 2.1s (Draw: 6502, Bodies: 201)
⚡ FRAME SPIKE #63: 33.1 ms at 2.2s (Draw: 6513, Bodies: 201)
⚡ FRAME SPIKE #64: 31.0 ms at 2.2s (Draw: 6520, Bodies: 201)
⚡ FRAME SPIKE #65: 31.0 ms at 2.2s (Draw: 6529, Bodies: 203)
⚡ FRAME SPIKE #66: 31.0 ms at 2.3s (Draw: 6544, Bodies: 203)
⚡ FRAME SPIKE #67: 31.2 ms at 2.3s (Draw: 6551, Bodies: 203)
⚡ FRAME SPIKE #68: 31.2 ms at 2.3s (Draw: 6550, Bodies: 203)
⚡ FRAME SPIKE #69: 31.2 ms at 2.4s (Draw: 6552, Bodies: 203)
⚡ FRAME SPIKE #70: 31.2 ms at 2.4s (Draw: 6560, Bodies: 203)
⚡ FRAME SPIKE #71: 32.1 ms at 2.4s (Draw: 6549, Bodies: 203)
⚡ FRAME SPIKE #72: 31.2 ms at 2.5s (Draw: 6560, Bodies: 203)
⚡ FRAME SPIKE #73: 31.2 ms at 2.5s (Draw: 6563, Bodies: 203)
⚡ FRAME SPIKE #74: 31.2 ms at 2.5s (Draw: 6559, Bodies: 202)
⚡ FRAME SPIKE #75: 31.2 ms at 2.6s (Draw: 6553, Bodies: 202)
⚡ FRAME SPIKE #76: 31.2 ms at 2.6s (Draw: 6560, Bodies: 202)
⚡ FRAME SPIKE #77: 31.2 ms at 2.6s (Draw: 6570, Bodies: 202)
⚡ FRAME SPIKE #78: 31.2 ms at 2.6s (Draw: 6576, Bodies: 202)
⚡ FRAME SPIKE #79: 31.2 ms at 2.7s (Draw: 6580, Bodies: 202)
⚡ FRAME SPIKE #80: 31.2 ms at 2.7s (Draw: 6590, Bodies: 203)
⚡ FRAME SPIKE #81: 31.2 ms at 2.7s (Draw: 6609, Bodies: 203)
⚡ FRAME SPIKE #82: 31.2 ms at 2.8s (Draw: 6617, Bodies: 203)
⚡ FRAME SPIKE #83: 31.2 ms at 2.8s (Draw: 6619, Bodies: 203)
⚡ FRAME SPIKE #84: 31.2 ms at 2.8s (Draw: 6626, Bodies: 204)
⚡ FRAME SPIKE #85: 31.2 ms at 2.9s (Draw: 6635, Bodies: 204)
⚡ FRAME SPIKE #86: 31.2 ms at 2.9s (Draw: 6628, Bodies: 204)
⚡ FRAME SPIKE #87: 31.2 ms at 2.9s (Draw: 6643, Bodies: 204)
⚡ FRAME SPIKE #88: 31.4 ms at 3.0s (Draw: 6652, Bodies: 204)
⚡ FRAME SPIKE #89: 31.2 ms at 3.0s (Draw: 6653, Bodies: 204)
⚡ FRAME SPIKE #90: 32.0 ms at 3.0s (Draw: 6664, Bodies: 204)
⚡ FRAME SPIKE #91: 31.2 ms at 3.1s (Draw: 6667, Bodies: 205)
⚡ FRAME SPIKE #92: 31.5 ms at 3.1s (Draw: 6665, Bodies: 205)
⚡ FRAME SPIKE #93: 31.6 ms at 3.1s (Draw: 6681, Bodies: 205)
⚡ FRAME SPIKE #94: 32.4 ms at 3.1s (Draw: 6677, Bodies: 205)
⚡ FRAME SPIKE #95: 31.8 ms at 3.2s (Draw: 6674, Bodies: 206)
⚡ FRAME SPIKE #96: 31.5 ms at 3.2s (Draw: 6689, Bodies: 206)
⚡ FRAME SPIKE #97: 36.1 ms at 3.2s (Draw: 6707, Bodies: 209)
⚡ FRAME SPIKE #98: 55.4 ms at 3.3s (Draw: 6723, Bodies: 209)
⚡ FRAME SPIKE #99: 36.9 ms at 3.3s (Draw: 6729, Bodies: 209)
⚡ FRAME SPIKE #100: 34.7 ms at 3.4s (Draw: 6735, Bodies: 210)
⚡ FRAME SPIKE #101: 34.7 ms at 3.4s (Draw: 6735, Bodies: 209)
⚡ FRAME SPIKE #102: 34.2 ms at 3.4s (Draw: 6730, Bodies: 209)
⚡ FRAME SPIKE #103: 33.3 ms at 3.5s (Draw: 6739, Bodies: 209)
⚡ FRAME SPIKE #104: 34.7 ms at 3.5s (Draw: 6737, Bodies: 209)
⚡ FRAME SPIKE #105: 34.7 ms at 3.5s (Draw: 6750, Bodies: 209)
⚡ FRAME SPIKE #106: 33.3 ms at 3.6s (Draw: 6743, Bodies: 209)
⚡ FRAME SPIKE #107: 33.3 ms at 3.6s (Draw: 6742, Bodies: 209)
⚡ FRAME SPIKE #108: 33.3 ms at 3.6s (Draw: 6743, Bodies: 209)
⚡ FRAME SPIKE #109: 33.3 ms at 3.7s (Draw: 6744, Bodies: 209)
⚡ FRAME SPIKE #110: 33.3 ms at 3.7s (Draw: 6749, Bodies: 209)
⚡ FRAME SPIKE #111: 33.3 ms at 3.7s (Draw: 6741, Bodies: 209)
⚡ FRAME SPIKE #112: 33.3 ms at 3.8s (Draw: 6752, Bodies: 209)
⚡ FRAME SPIKE #113: 33.3 ms at 3.8s (Draw: 6743, Bodies: 209)
⚡ FRAME SPIKE #114: 33.3 ms at 3.8s (Draw: 6752, Bodies: 209)
⚡ FRAME SPIKE #115: 33.3 ms at 3.9s (Draw: 6752, Bodies: 209)
⚡ FRAME SPIKE #116: 33.3 ms at 3.9s (Draw: 6752, Bodies: 209)
⚡ FRAME SPIKE #117: 33.3 ms at 3.9s (Draw: 6764, Bodies: 209)
⚡ FRAME SPIKE #118: 32.8 ms at 4.0s (Draw: 6758, Bodies: 209)
⚡ FRAME SPIKE #119: 32.0 ms at 4.0s (Draw: 6755, Bodies: 209)

=== PERFORMANCE METRICS ===
FPS: 30 | Frame: 26.7 ms (max 68.4) | Physics: 16.6 ms (max 54.1)
Godot Process: 46.91 ms | Physics: 5.25 ms
Objects: 32171 | Nodes: 13235 | Resources: 535
Draw calls: 6755 | Vertices: 53812376 | VRAM: 740.9 MB
Physics bodies: 209 | Collision pairs: 2015
--- System Times ---
  road_batch_finalize_total_-1,-1: 10.52 ms (max 10.52)
  road_batch_finalize_total_-1,-2: 5.25 ms (max 5.25)
  road_batch_finalize_total_-1,0: 14.40 ms (max 14.40)
  road_batch_finalize_total_-2,-1: 22.75 ms (max 22.75)
  road_batch_finalize_total_-2,-2: 6.28 ms (max 6.28)
  road_batch_finalize_total_-2,0: 20.76 ms (max 20.76)
  road_batch_finalize_total_0,-1: 23.51 ms (max 23.51)
  road_batch_finalize_total_0,-2: 24.46 ms (max 24.46)
  road_batch_finalize_total_0,0: 23.28 ms (max 23.28)
  road_batch_finalize_total_0,1: 26.48 ms (max 26.48)
  road_batch_finalize_total_1,-1: 19.59 ms (max 19.59)
  road_batch_finalize_total_1,-2: 28.29 ms (max 28.29)
  road_batch_finalize_total_1,0: 1.77 ms (max 1.77)
  road_collision_create_-1,-1: 3.30 ms (max 4.00)
  road_collision_create_-1,-2: 2.40 ms (max 2.94)
  road_collision_create_-1,0: 6.98 ms (max 11.84)
  road_collision_create_-2,-1: 7.37 ms (max 16.50)
  road_collision_create_-2,-2: 2.95 ms (max 3.83)
  road_collision_create_-2,0: 10.14 ms (max 17.31)
  road_collision_create_0,-1: 7.61 ms (max 17.59)
  road_collision_create_0,-2: 7.94 ms (max 17.36)
  road_collision_create_0,0: 7.55 ms (max 19.41)
  road_collision_create_0,1: 26.23 ms (max 26.23)
  road_collision_create_1,-1: 6.33 ms (max 15.25)
  road_collision_create_1,-2: 13.87 ms (max 25.23)
  road_collision_create_1,0: 1.57 ms (max 1.57)
===========================

=== PERFORMANCE METRICS ===
FPS: 30 | Frame: 26.7 ms (max 68.4) | Physics: 16.6 ms (max 54.2)
Godot Process: 46.91 ms | Physics: 5.25 ms
Objects: 32171 | Nodes: 13235 | Resources: 535
Draw calls: 6755 | Vertices: 53812376 | VRAM: 740.9 MB
Physics bodies: 209 | Collision pairs: 2015
===========================
⚡ FRAME SPIKE #120: 33.3 ms at 4.0s (Draw: 6740, Bodies: 209)
⚡ FRAME SPIKE #121: 33.0 ms at 4.1s (Draw: 6733, Bodies: 209)
⚡ FRAME SPIKE #122: 33.3 ms at 4.1s (Draw: 6725, Bodies: 209)
🚗 Traffic: 21 active NPCs (Near: 5, Mid: 14, Far: 2), 1 pooled
  → Physics bodies from NPCs: 21 (All: 21×1, было бы 21×5=105)

========== Bottleneck Analysis Report ==========
Time: 14.3s | Frames: 380

📊 PERFORMANCE OVERVIEW:
  FPS: 33.7 avg | 30.0 min
  Frame Time: 38.12 ms avg | 49.66 ms max
  Physics Time: 4.62 ms avg

🔍 BOTTLENECK IDENTIFICATION:
  🔴 [CRITICAL] Frame Time
      Value: 38.12 ms (target: 16.67 ms)
      Impact: Overall performance bottleneck
      Suggestions:
        • Reduce draw calls
        • Optimize scripts in _process()
        • Check for expensive operations per frame

  🟠 [HIGH] Draw Calls
      Value: 6535 calls/frame
      Impact: GPU rendering overhead
      Suggestions:
        • Batch meshes by material
        • Use MultiMeshInstance3D
        • Implement LOD system
        • Enable frustum culling

  🟠 [HIGH] Physics Bodies
      Value: 202 active bodies
      Impact: Physics engine load
      Suggestions:
        • Reduce NPC count
        • Convert distant NPCs to kinematic
        • Disable physics for far objects

  🟡 [MEDIUM] Vertex Count
      Value: 53853913 vertices/frame
      Impact: GPU vertex processing
      Suggestions:
        • Implement LOD for distant objects
        • Simplify building meshes
        • Use lower poly models

  🟡 [MEDIUM] Node Count
      Value: 13250 nodes
      Impact: Scene tree traversal overhead
      Suggestions:
        • Unload distant chunks
        • Pool and reuse nodes
        • Flatten hierarchy where possible

  🟡 [MEDIUM] Post-Processing Effects
      Value: SSAO, Glow/Bloom, Volumetric Fog
      Impact: GPU shader overhead
      Suggestions:
        • Reduce SSR quality
        • Disable SSAO on low-end hardware
        • Use simpler fog

📈 DETAILED STATS:
  Draw Calls: 6535 avg | 6764 max
  Vertices: 53853913 avg | 54001472 max
  Physics Bodies: 202
  Nodes: 13250
  VRAM: 741.3 MB

=================================================

⚡ FRAME SPIKE #123: 33.3 ms at 4.1s (Draw: 6713, Bodies: 209)
⚡ FRAME SPIKE #124: 33.2 ms at 4.2s (Draw: 6694, Bodies: 209)
⚡ FRAME SPIKE #125: 31.9 ms at 4.2s (Draw: 6674, Bodies: 209)
⚡ FRAME SPIKE #126: 28.1 ms at 4.2s (Draw: 6664, Bodies: 209)
⚡ FRAME SPIKE #127: 31.9 ms at 4.3s (Draw: 6923, Bodies: 210)
⚡ FRAME SPIKE #128: 43.5 ms at 4.3s (Draw: 6917, Bodies: 210)
⚡ FRAME SPIKE #129: 37.0 ms at 4.3s (Draw: 6908, Bodies: 210)
⚡ FRAME SPIKE #130: 33.3 ms at 4.4s (Draw: 6912, Bodies: 210)
⚡ FRAME SPIKE #131: 33.3 ms at 4.4s (Draw: 6921, Bodies: 210)
⚡ FRAME SPIKE #132: 33.3 ms at 4.4s (Draw: 6914, Bodies: 210)
⚡ FRAME SPIKE #133: 33.3 ms at 4.5s (Draw: 6916, Bodies: 210)
⚡ FRAME SPIKE #134: 33.3 ms at 4.5s (Draw: 6917, Bodies: 210)
⚡ FRAME SPIKE #135: 33.3 ms at 4.5s (Draw: 6913, Bodies: 210)
⚡ FRAME SPIKE #136: 33.3 ms at 4.6s (Draw: 6914, Bodies: 210)
⚡ FRAME SPIKE #137: 34.7 ms at 4.6s (Draw: 6907, Bodies: 210)
⚡ FRAME SPIKE #138: 34.7 ms at 4.6s (Draw: 6905, Bodies: 210)
⚡ FRAME SPIKE #139: 34.7 ms at 4.7s (Draw: 6900, Bodies: 210)
⚡ FRAME SPIKE #140: 34.7 ms at 4.7s (Draw: 6901, Bodies: 210)
⚡ FRAME SPIKE #141: 34.7 ms at 4.8s (Draw: 6898, Bodies: 210)
⚡ FRAME SPIKE #142: 34.3 ms at 4.8s (Draw: 6906, Bodies: 211)
⚡ FRAME SPIKE #143: 33.3 ms at 4.8s (Draw: 6908, Bodies: 211)
⚡ FRAME SPIKE #144: 33.3 ms at 4.9s (Draw: 6910, Bodies: 212)
⚡ FRAME SPIKE #145: 33.3 ms at 4.9s (Draw: 6909, Bodies: 212)
⚡ FRAME SPIKE #146: 33.9 ms at 4.9s (Draw: 6908, Bodies: 212)
⚡ FRAME SPIKE #147: 33.3 ms at 5.0s (Draw: 6911, Bodies: 212)
⚡ FRAME SPIKE #148: 33.3 ms at 5.0s (Draw: 6913, Bodies: 213)
⚡ FRAME SPIKE #149: 33.3 ms at 5.0s (Draw: 6912, Bodies: 213)
⚡ FRAME SPIKE #150: 33.3 ms at 5.1s (Draw: 6916, Bodies: 213)
⚡ FRAME SPIKE #151: 33.3 ms at 5.1s (Draw: 6919, Bodies: 213)
⚡ FRAME SPIKE #152: 33.3 ms at 5.1s (Draw: 6928, Bodies: 213)
⚡ FRAME SPIKE #153: 33.3 ms at 5.2s (Draw: 6930, Bodies: 213)
⚡ FRAME SPIKE #154: 33.4 ms at 5.2s (Draw: 6937, Bodies: 213)
⚡ FRAME SPIKE #155: 33.3 ms at 5.2s (Draw: 6943, Bodies: 213)
⚡ FRAME SPIKE #156: 33.3 ms at 5.3s (Draw: 6943, Bodies: 214)
⚡ FRAME SPIKE #157: 35.2 ms at 5.3s (Draw: 7893, Bodies: 215)
⚡ FRAME SPIKE #158: 58.8 ms at 5.3s (Draw: 7892, Bodies: 215)
⚡ FRAME SPIKE #159: 41.2 ms at 5.4s (Draw: 7895, Bodies: 215)
⚡ FRAME SPIKE #160: 50.0 ms at 5.4s (Draw: 7888, Bodies: 215)
⚡ FRAME SPIKE #161: 41.7 ms at 5.5s (Draw: 7886, Bodies: 215)
⚡ FRAME SPIKE #162: 34.8 ms at 5.5s (Draw: 7890, Bodies: 215)
⚡ FRAME SPIKE #163: 33.6 ms at 5.6s (Draw: 7878, Bodies: 215)
⚡ FRAME SPIKE #164: 35.0 ms at 5.6s (Draw: 7877, Bodies: 215)
⚡ FRAME SPIKE #165: 34.6 ms at 5.6s (Draw: 7873, Bodies: 215)
⚡ FRAME SPIKE #166: 34.4 ms at 5.7s (Draw: 7872, Bodies: 215)
⚡ FRAME SPIKE #167: 34.7 ms at 5.7s (Draw: 7869, Bodies: 215)
⚡ FRAME SPIKE #168: 34.9 ms at 5.7s (Draw: 7859, Bodies: 215)
⚡ FRAME SPIKE #169: 35.4 ms at 5.8s (Draw: 7874, Bodies: 215)
⚡ FRAME SPIKE #170: 35.4 ms at 5.8s (Draw: 7901, Bodies: 215)
⚡ FRAME SPIKE #171: 35.4 ms at 5.8s (Draw: 7894, Bodies: 215)
⚡ FRAME SPIKE #172: 35.4 ms at 5.9s (Draw: 7886, Bodies: 215)
⚡ FRAME SPIKE #173: 35.2 ms at 5.9s (Draw: 7884, Bodies: 215)
⚡ FRAME SPIKE #174: 34.9 ms at 5.9s (Draw: 7885, Bodies: 215)
⚡ FRAME SPIKE #175: 33.8 ms at 6.0s (Draw: 7880, Bodies: 215)
⚡ FRAME SPIKE #176: 34.0 ms at 6.0s (Draw: 7868, Bodies: 215)
⚡ FRAME SPIKE #177: 33.3 ms at 6.0s (Draw: 7868, Bodies: 215)
⚡ FRAME SPIKE #178: 34.8 ms at 6.1s (Draw: 7870, Bodies: 215)
⚡ FRAME SPIKE #179: 35.3 ms at 6.1s (Draw: 7873, Bodies: 215)
⚡ FRAME SPIKE #180: 34.8 ms at 6.1s (Draw: 7864, Bodies: 215)
🚗 Traffic: 23 active NPCs (Near: 6, Mid: 15, Far: 2), 1 pooled
  → Physics bodies from NPCs: 23 (All: 23×1, было бы 23×5=115)

========== Bottleneck Analysis Report ==========
Time: 16.3s | Frames: 438

📊 PERFORMANCE OVERVIEW:
  FPS: 30.5 avg | 28.0 min
  Frame Time: 43.14 ms avg | 50.07 ms max
  Physics Time: 4.97 ms avg

🔍 BOTTLENECK IDENTIFICATION:
  🔴 [CRITICAL] Frame Time
      Value: 43.14 ms (target: 16.67 ms)
      Impact: Overall performance bottleneck
      Suggestions:
        • Reduce draw calls
        • Optimize scripts in _process()
        • Check for expensive operations per frame

  🟠 [HIGH] Draw Calls
      Value: 6966 calls/frame
      Impact: GPU rendering overhead
      Suggestions:
        • Batch meshes by material
        • Use MultiMeshInstance3D
        • Implement LOD system
        • Enable frustum culling

  🟠 [HIGH] Physics Bodies
      Value: 209 active bodies
      Impact: Physics engine load
      Suggestions:
        • Reduce NPC count
        • Convert distant NPCs to kinematic
        • Disable physics for far objects

  🟡 [MEDIUM] Vertex Count
      Value: 53844541 vertices/frame
      Impact: GPU vertex processing
      Suggestions:
        • Implement LOD for distant objects
        • Simplify building meshes
        • Use lower poly models

  🟡 [MEDIUM] Node Count
      Value: 13759 nodes
      Impact: Scene tree traversal overhead
      Suggestions:
        • Unload distant chunks
        • Pool and reuse nodes
        • Flatten hierarchy where possible

  🟡 [MEDIUM] Post-Processing Effects
      Value: SSAO, Glow/Bloom, Volumetric Fog
      Impact: GPU shader overhead
      Suggestions:
        • Reduce SSR quality
        • Disable SSAO on low-end hardware
        • Use simpler fog

📈 DETAILED STATS:
  Draw Calls: 6966 avg | 7901 max
  Vertices: 53844541 avg | 54001472 max
  Physics Bodies: 209
  Nodes: 13759
  VRAM: 744.8 MB

=================================================

⚡ FRAME SPIKE #181: 34.8 ms at 6.2s (Draw: 7859, Bodies: 215)
⚡ FRAME SPIKE #182: 34.8 ms at 6.2s (Draw: 7861, Bodies: 215)
⚡ FRAME SPIKE #183: 34.8 ms at 6.2s (Draw: 7858, Bodies: 215)
⚡ FRAME SPIKE #184: 34.8 ms at 6.3s (Draw: 7854, Bodies: 215)
⚡ FRAME SPIKE #185: 34.8 ms at 6.3s (Draw: 7851, Bodies: 215)
⚡ FRAME SPIKE #186: 34.8 ms at 6.4s (Draw: 7852, Bodies: 215)
⚡ FRAME SPIKE #187: 33.7 ms at 6.4s (Draw: 7850, Bodies: 215)
⚡ FRAME SPIKE #188: 33.9 ms at 6.4s (Draw: 7844, Bodies: 214)
⚡ FRAME SPIKE #189: 34.0 ms at 6.5s (Draw: 7844, Bodies: 214)
⚡ FRAME SPIKE #190: 33.6 ms at 6.5s (Draw: 7841, Bodies: 214)
⚡ FRAME SPIKE #191: 33.3 ms at 6.5s (Draw: 7837, Bodies: 214)
⚡ FRAME SPIKE #192: 33.3 ms at 6.6s (Draw: 7834, Bodies: 214)
⚡ FRAME SPIKE #193: 33.3 ms at 6.6s (Draw: 7838, Bodies: 214)
⚡ FRAME SPIKE #194: 33.3 ms at 6.6s (Draw: 7830, Bodies: 214)
⚡ FRAME SPIKE #195: 33.3 ms at 6.7s (Draw: 7836, Bodies: 214)
⚡ FRAME SPIKE #196: 33.3 ms at 6.7s (Draw: 7840, Bodies: 214)
⚡ FRAME SPIKE #197: 33.3 ms at 6.7s (Draw: 7837, Bodies: 214)
⚡ FRAME SPIKE #198: 33.3 ms at 6.8s (Draw: 7838, Bodies: 214)
⚡ FRAME SPIKE #199: 33.6 ms at 6.8s (Draw: 7838, Bodies: 214)
⚡ FRAME SPIKE #200: 33.3 ms at 6.8s (Draw: 7841, Bodies: 214)
⚡ FRAME SPIKE #201: 33.3 ms at 6.9s (Draw: 7843, Bodies: 214)
⚡ FRAME SPIKE #202: 33.7 ms at 6.9s (Draw: 7843, Bodies: 214)
⚡ FRAME SPIKE #203: 34.7 ms at 6.9s (Draw: 7849, Bodies: 214)
⚡ FRAME SPIKE #204: 34.4 ms at 7.0s (Draw: 7845, Bodies: 214)
⚡ FRAME SPIKE #205: 34.0 ms at 7.0s (Draw: 7847, Bodies: 214)
⚡ FRAME SPIKE #206: 33.8 ms at 7.0s (Draw: 7843, Bodies: 214)
⚡ FRAME SPIKE #207: 34.7 ms at 7.1s (Draw: 7844, Bodies: 214)
⚡ FRAME SPIKE #208: 34.7 ms at 7.1s (Draw: 7782, Bodies: 214)
⚡ FRAME SPIKE #209: 34.7 ms at 7.1s (Draw: 7681, Bodies: 214)
⚡ FRAME SPIKE #210: 34.7 ms at 7.2s (Draw: 7572, Bodies: 214)
⚡ FRAME SPIKE #211: 34.7 ms at 7.2s (Draw: 7530, Bodies: 214)
⚡ FRAME SPIKE #212: 33.7 ms at 7.2s (Draw: 7410, Bodies: 214)
⚡ FRAME SPIKE #213: 34.7 ms at 7.3s (Draw: 7336, Bodies: 214)
⚡ FRAME SPIKE #214: 34.7 ms at 7.3s (Draw: 7273, Bodies: 214)
⚡ FRAME SPIKE #215: 34.7 ms at 7.3s (Draw: 7286, Bodies: 215)
⚡ FRAME SPIKE #216: 34.3 ms at 7.4s (Draw: 7282, Bodies: 215)
⚡ FRAME SPIKE #217: 33.4 ms at 7.4s (Draw: 7276, Bodies: 215)
⚡ FRAME SPIKE #218: 34.2 ms at 7.4s (Draw: 7276, Bodies: 215)
⚡ FRAME SPIKE #219: 33.3 ms at 7.5s (Draw: 7283, Bodies: 215)
⚡ FRAME SPIKE #220: 33.5 ms at 7.5s (Draw: 7302, Bodies: 215)
⚡ FRAME SPIKE #221: 33.3 ms at 7.5s (Draw: 7326, Bodies: 215)
⚡ FRAME SPIKE #222: 33.9 ms at 7.6s (Draw: 7344, Bodies: 215)
⚡ FRAME SPIKE #223: 33.3 ms at 7.6s (Draw: 7362, Bodies: 215)
⚡ FRAME SPIKE #224: 33.3 ms at 7.6s (Draw: 7367, Bodies: 215)
⚡ FRAME SPIKE #225: 33.3 ms at 7.7s (Draw: 7383, Bodies: 215)
⚡ FRAME SPIKE #226: 33.3 ms at 7.7s (Draw: 7400, Bodies: 214)
⚡ FRAME SPIKE #227: 33.3 ms at 7.7s (Draw: 7404, Bodies: 214)
⚡ FRAME SPIKE #228: 33.3 ms at 7.8s (Draw: 7402, Bodies: 214)
⚡ FRAME SPIKE #229: 33.3 ms at 7.8s (Draw: 7405, Bodies: 214)
⚡ FRAME SPIKE #230: 33.3 ms at 7.8s (Draw: 7404, Bodies: 214)
⚡ FRAME SPIKE #231: 33.3 ms at 7.9s (Draw: 7402, Bodies: 214)
⚡ FRAME SPIKE #232: 33.3 ms at 7.9s (Draw: 7399, Bodies: 214)
⚡ FRAME SPIKE #233: 33.3 ms at 7.9s (Draw: 7393, Bodies: 214)
⚡ FRAME SPIKE #234: 33.3 ms at 8.0s (Draw: 7395, Bodies: 214)
⚡ FRAME SPIKE #235: 33.3 ms at 8.0s (Draw: 7382, Bodies: 214)
⚡ FRAME SPIKE #236: 33.3 ms at 8.0s (Draw: 7380, Bodies: 214)
⚡ FRAME SPIKE #237: 33.3 ms at 8.1s (Draw: 7381, Bodies: 214)
⚡ FRAME SPIKE #238: 33.3 ms at 8.1s (Draw: 7367, Bodies: 214)
⚡ FRAME SPIKE #239: 33.3 ms at 8.1s (Draw: 7374, Bodies: 214)
⚡ FRAME SPIKE #240: 33.3 ms at 8.2s (Draw: 7341, Bodies: 214)
🚗 Traffic: 22 active NPCs (Near: 5, Mid: 16, Far: 1), 2 pooled
  → Physics bodies from NPCs: 22 (All: 22×1, было бы 22×5=110)

========== Bottleneck Analysis Report ==========
Time: 18.4s | Frames: 498

📊 PERFORMANCE OVERVIEW:
  FPS: 29.0 avg | 28.0 min
  Frame Time: 40.90 ms avg | 50.07 ms max
  Physics Time: 5.17 ms avg

🔍 BOTTLENECK IDENTIFICATION:
  🔴 [CRITICAL] Frame Time
      Value: 40.90 ms (target: 16.67 ms)
      Impact: Overall performance bottleneck
      Suggestions:
        • Reduce draw calls
        • Optimize scripts in _process()
        • Check for expensive operations per frame

  🟠 [HIGH] Draw Calls
      Value: 7437 calls/frame
      Impact: GPU rendering overhead
      Suggestions:
        • Batch meshes by material
        • Use MultiMeshInstance3D
        • Implement LOD system
        • Enable frustum culling

  🟠 [HIGH] Physics Bodies
      Value: 213 active bodies
      Impact: Physics engine load
      Suggestions:
        • Reduce NPC count
        • Convert distant NPCs to kinematic
        • Disable physics for far objects

  🟡 [MEDIUM] Physics Time
      Value: 5.17 ms
      Impact: Physics simulation overhead
      Suggestions:
        • Reduce number of active physics bodies
        • Simplify collision shapes
        • Disable physics for distant objects

  🟡 [MEDIUM] Vertex Count
      Value: 53642263 vertices/frame
      Impact: GPU vertex processing
      Suggestions:
        • Implement LOD for distant objects
        • Simplify building meshes
        • Use lower poly models

  🟡 [MEDIUM] Node Count
      Value: 13759 nodes
      Impact: Scene tree traversal overhead
      Suggestions:
        • Unload distant chunks
        • Pool and reuse nodes
        • Flatten hierarchy where possible

  🟡 [MEDIUM] Post-Processing Effects
      Value: SSAO, Glow/Bloom, Volumetric Fog
      Impact: GPU shader overhead
      Suggestions:
        • Reduce SSR quality
        • Disable SSAO on low-end hardware
        • Use simpler fog

📈 DETAILED STATS:
  Draw Calls: 7437 avg | 7901 max
  Vertices: 53642263 avg | 53817098 max
  Physics Bodies: 213
  Nodes: 13759
  VRAM: 744.8 MB

=================================================

⚡ FRAME SPIKE #241: 33.3 ms at 8.2s (Draw: 7327, Bodies: 214)
⚡ FRAME SPIKE #242: 33.0 ms at 8.2s (Draw: 7322, Bodies: 214)
⚡ FRAME SPIKE #243: 33.3 ms at 8.3s (Draw: 7324, Bodies: 214)
⚡ FRAME SPIKE #244: 33.3 ms at 8.3s (Draw: 7336, Bodies: 214)
⚡ FRAME SPIKE #245: 33.3 ms at 8.3s (Draw: 7329, Bodies: 215)
⚡ FRAME SPIKE #246: 33.3 ms at 8.4s (Draw: 7340, Bodies: 215)
⚡ FRAME SPIKE #247: 33.3 ms at 8.4s (Draw: 7335, Bodies: 215)
⚡ FRAME SPIKE #248: 33.3 ms at 8.4s (Draw: 7322, Bodies: 215)
⚡ FRAME SPIKE #249: 33.3 ms at 8.5s (Draw: 7300, Bodies: 215)
⚡ FRAME SPIKE #250: 33.2 ms at 8.5s (Draw: 7282, Bodies: 215)
⚡ FRAME SPIKE #251: 33.3 ms at 8.5s (Draw: 7285, Bodies: 215)
⚡ FRAME SPIKE #252: 33.3 ms at 8.6s (Draw: 7280, Bodies: 215)
⚡ FRAME SPIKE #253: 33.3 ms at 8.6s (Draw: 7276, Bodies: 215)
⚡ FRAME SPIKE #254: 32.2 ms at 8.6s (Draw: 7277, Bodies: 215)
⚡ FRAME SPIKE #255: 33.3 ms at 8.7s (Draw: 7282, Bodies: 215)
⚡ FRAME SPIKE #256: 33.3 ms at 8.7s (Draw: 7276, Bodies: 215)
⚡ FRAME SPIKE #257: 33.0 ms at 8.7s (Draw: 7266, Bodies: 215)
⚡ FRAME SPIKE #258: 33.2 ms at 8.8s (Draw: 7265, Bodies: 215)
⚡ FRAME SPIKE #259: 33.3 ms at 8.8s (Draw: 7259, Bodies: 215)
⚡ FRAME SPIKE #260: 33.3 ms at 8.8s (Draw: 7245, Bodies: 215)
⚡ FRAME SPIKE #261: 33.2 ms at 8.9s (Draw: 7229, Bodies: 215)
⚡ FRAME SPIKE #262: 32.3 ms at 8.9s (Draw: 7156, Bodies: 215)
⚡ FRAME SPIKE #263: 32.4 ms at 8.9s (Draw: 7031, Bodies: 215)
⚡ FRAME SPIKE #264: 32.4 ms at 9.0s (Draw: 6908, Bodies: 215)
⚡ FRAME SPIKE #265: 32.5 ms at 9.0s (Draw: 6791, Bodies: 215)
⚡ FRAME SPIKE #266: 32.3 ms at 9.0s (Draw: 6636, Bodies: 215)

=== PERFORMANCE METRICS ===
FPS: 30 | Frame: 32.2 ms (max 58.8) | Physics: 16.6 ms (max 54.9)
Godot Process: 24.80 ms | Physics: 5.17 ms
Objects: 33260 | Nodes: 13759 | Resources: 535
Draw calls: 6636 | Vertices: 53284418 | VRAM: 744.8 MB
Physics bodies: 215 | Collision pairs: 2069
--- System Times ---
  road_batch_finalize_total_-1,-1: 10.52 ms (max 10.52)
  road_batch_finalize_total_-1,-2: 5.25 ms (max 5.25)
  road_batch_finalize_total_-1,0: 14.40 ms (max 14.40)
  road_batch_finalize_total_-2,-1: 22.75 ms (max 22.75)
  road_batch_finalize_total_-2,-2: 6.28 ms (max 6.28)
  road_batch_finalize_total_-2,0: 20.76 ms (max 20.76)
  road_batch_finalize_total_0,-1: 23.51 ms (max 23.51)
  road_batch_finalize_total_0,-2: 24.46 ms (max 24.46)
  road_batch_finalize_total_0,0: 23.28 ms (max 23.28)
  road_batch_finalize_total_0,1: 26.48 ms (max 26.48)
  road_batch_finalize_total_1,-1: 19.59 ms (max 19.59)
  road_batch_finalize_total_1,-2: 28.29 ms (max 28.29)
  road_batch_finalize_total_1,0: 1.77 ms (max 1.77)
  road_collision_create_-1,-1: 3.30 ms (max 4.00)
  road_collision_create_-1,-2: 2.40 ms (max 2.94)
  road_collision_create_-1,0: 6.98 ms (max 11.84)
  road_collision_create_-2,-1: 7.37 ms (max 16.50)
  road_collision_create_-2,-2: 2.95 ms (max 3.83)
  road_collision_create_-2,0: 10.14 ms (max 17.31)
  road_collision_create_0,-1: 7.61 ms (max 17.59)
  road_collision_create_0,-2: 7.94 ms (max 17.36)
  road_collision_create_0,0: 7.55 ms (max 19.41)
  road_collision_create_0,1: 26.23 ms (max 26.23)
  road_collision_create_1,-1: 6.33 ms (max 15.25)
  road_collision_create_1,-2: 13.87 ms (max 25.23)
  road_collision_create_1,0: 1.57 ms (max 1.57)
===========================

=== PERFORMANCE METRICS ===
FPS: 30 | Frame: 32.2 ms (max 58.8) | Physics: 16.6 ms (max 54.9)
Godot Process: 24.80 ms | Physics: 5.17 ms
Objects: 33260 | Nodes: 13759 | Resources: 535
Draw calls: 6636 | Vertices: 53284418 | VRAM: 744.8 MB
Physics bodies: 215 | Collision pairs: 2069
===========================
⚡ FRAME SPIKE #267: 32.3 ms at 9.1s (Draw: 6543, Bodies: 215)
⚡ FRAME SPIKE #268: 30.8 ms at 9.1s (Draw: 6513, Bodies: 215)
⚡ FRAME SPIKE #269: 31.1 ms at 9.1s (Draw: 6516, Bodies: 214)
⚡ FRAME SPIKE #270: 33.1 ms at 9.2s (Draw: 6534, Bodies: 214)
⚡ FRAME SPIKE #271: 31.0 ms at 9.2s (Draw: 6522, Bodies: 214)
⚡ FRAME SPIKE #272: 27.8 ms at 9.2s (Draw: 6520, Bodies: 214)
⚡ FRAME SPIKE #273: 31.1 ms at 9.3s (Draw: 6472, Bodies: 214)
⚡ FRAME SPIKE #274: 30.8 ms at 9.3s (Draw: 6364, Bodies: 214)
⚡ FRAME SPIKE #275: 31.8 ms at 9.3s (Draw: 6347, Bodies: 214)
⚡ FRAME SPIKE #276: 31.4 ms at 9.3s (Draw: 6329, Bodies: 215)
⚡ FRAME SPIKE #277: 30.3 ms at 9.4s (Draw: 6180, Bodies: 215)
⚡ FRAME SPIKE #278: 26.7 ms at 9.4s (Draw: 6142, Bodies: 215)
⚡ FRAME SPIKE #279: 30.6 ms at 9.4s (Draw: 6008, Bodies: 215)
⚡ FRAME SPIKE #280: 30.6 ms at 9.5s (Draw: 6043, Bodies: 215)
⚡ FRAME SPIKE #281: 30.6 ms at 9.5s (Draw: 6069, Bodies: 215)
⚡ FRAME SPIKE #282: 30.3 ms at 9.5s (Draw: 6103, Bodies: 215)
⚡ FRAME SPIKE #283: 30.3 ms at 9.6s (Draw: 6135, Bodies: 215)
⚡ FRAME SPIKE #284: 30.3 ms at 9.6s (Draw: 6230, Bodies: 215)
⚡ FRAME SPIKE #285: 30.3 ms at 9.6s (Draw: 6337, Bodies: 215)
⚡ FRAME SPIKE #286: 30.3 ms at 9.6s (Draw: 6344, Bodies: 215)
⚡ FRAME SPIKE #287: 31.7 ms at 9.7s (Draw: 6354, Bodies: 215)
⚡ FRAME SPIKE #288: 30.3 ms at 9.7s (Draw: 6375, Bodies: 215)
⚡ FRAME SPIKE #289: 30.3 ms at 9.7s (Draw: 6377, Bodies: 215)
⚡ FRAME SPIKE #290: 30.3 ms at 9.8s (Draw: 6377, Bodies: 215)
⚡ FRAME SPIKE #291: 30.3 ms at 9.8s (Draw: 6379, Bodies: 215)
⚡ FRAME SPIKE #292: 30.3 ms at 9.8s (Draw: 6384, Bodies: 215)
⚡ FRAME SPIKE #293: 30.3 ms at 9.9s (Draw: 6343, Bodies: 215)
⚡ FRAME SPIKE #294: 30.3 ms at 9.9s (Draw: 6240, Bodies: 215)
⚡ FRAME SPIKE #295: 30.3 ms at 9.9s (Draw: 6082, Bodies: 215)
⚡ FRAME SPIKE #296: 30.3 ms at 10.0s (Draw: 6072, Bodies: 215)
⚡ FRAME SPIKE #297: 30.3 ms at 10.0s (Draw: 6052, Bodies: 215)
⚡ FRAME SPIKE #298: 30.3 ms at 10.0s (Draw: 6037, Bodies: 215)
⚡ FRAME SPIKE #299: 30.3 ms at 10.0s (Draw: 6039, Bodies: 215)
⚡ FRAME SPIKE #300: 30.3 ms at 10.1s (Draw: 6046, Bodies: 215)
⚡ FRAME SPIKE #301: 30.3 ms at 10.1s (Draw: 6061, Bodies: 215)
⚡ FRAME SPIKE #302: 30.3 ms at 10.1s (Draw: 6068, Bodies: 215)
⚡ FRAME SPIKE #303: 30.3 ms at 10.2s (Draw: 6074, Bodies: 215)
⚡ FRAME SPIKE #304: 30.3 ms at 10.2s (Draw: 6075, Bodies: 215)
🚗 Traffic: 23 active NPCs (Near: 6, Mid: 16, Far: 1), 1 pooled
  → Physics bodies from NPCs: 23 (All: 23×1, было бы 23×5=115)

========== Bottleneck Analysis Report ==========
Time: 20.4s | Frames: 562

📊 PERFORMANCE OVERVIEW:
  FPS: 29.7 avg | 28.0 min
  Frame Time: 29.54 ms avg | 50.07 ms max
  Physics Time: 5.20 ms avg

🔍 BOTTLENECK IDENTIFICATION:
  🟠 [HIGH] Frame Time
      Value: 29.54 ms (target: 16.67 ms)
      Impact: Overall performance bottleneck
      Suggestions:
        • Reduce draw calls
        • Optimize scripts in _process()
        • Check for expensive operations per frame

  🟠 [HIGH] Draw Calls
      Value: 7080 calls/frame
      Impact: GPU rendering overhead
      Suggestions:
        • Batch meshes by material
        • Use MultiMeshInstance3D
        • Implement LOD system
        • Enable frustum culling

  🟠 [HIGH] Physics Bodies
      Value: 214 active bodies
      Impact: Physics engine load
      Suggestions:
        • Reduce NPC count
        • Convert distant NPCs to kinematic
        • Disable physics for far objects

  🟡 [MEDIUM] Physics Time
      Value: 5.20 ms
      Impact: Physics simulation overhead
      Suggestions:
        • Reduce number of active physics bodies
        • Simplify collision shapes
        • Disable physics for distant objects

  🟡 [MEDIUM] Vertex Count
      Value: 52140403 vertices/frame
      Impact: GPU vertex processing
      Suggestions:
        • Implement LOD for distant objects
        • Simplify building meshes
        • Use lower poly models

  🟡 [MEDIUM] Node Count
      Value: 13759 nodes
      Impact: Scene tree traversal overhead
      Suggestions:
        • Unload distant chunks
        • Pool and reuse nodes
        • Flatten hierarchy where possible

  🟡 [MEDIUM] Post-Processing Effects
      Value: SSAO, Glow/Bloom, Volumetric Fog
      Impact: GPU shader overhead
      Suggestions:
        • Reduce SSR quality
        • Disable SSAO on low-end hardware
        • Use simpler fog

📈 DETAILED STATS:
  Draw Calls: 7080 avg | 7852 max
  Vertices: 52140403 avg | 53638519 max
  Physics Bodies: 214
  Nodes: 13759
  VRAM: 744.8 MB

=================================================

⚡ FRAME SPIKE #305: 30.3 ms at 10.2s (Draw: 6076, Bodies: 215)
⚡ FRAME SPIKE #306: 30.3 ms at 10.3s (Draw: 6073, Bodies: 215)
⚡ FRAME SPIKE #307: 30.3 ms at 10.3s (Draw: 6064, Bodies: 215)
⚡ FRAME SPIKE #308: 30.3 ms at 10.3s (Draw: 6061, Bodies: 215)
⚡ FRAME SPIKE #309: 30.3 ms at 10.3s (Draw: 6041, Bodies: 215)
=== PAZ Model Meshes Debug ===
Total meshes found: 1
  - Mesh: bus_low_Material_006_0 (MeshInstance3D)
PAZ-32053 model setup complete
⚡ FRAME SPIKE #310: 30.3 ms at 10.4s (Draw: 6371, Bodies: 217)
⚡ FRAME SPIKE #311: 30.6 ms at 10.4s (Draw: 6331, Bodies: 217)
⚡ FRAME SPIKE #312: 30.6 ms at 10.4s (Draw: 6288, Bodies: 217)
⚡ FRAME SPIKE #313: 30.6 ms at 10.5s (Draw: 6274, Bodies: 217)
⚡ FRAME SPIKE #314: 30.6 ms at 10.5s (Draw: 6268, Bodies: 217)
⚡ FRAME SPIKE #315: 30.8 ms at 10.5s (Draw: 6264, Bodies: 217)
⚡ FRAME SPIKE #316: 32.0 ms at 10.6s (Draw: 6265, Bodies: 217)
⚡ FRAME SPIKE #317: 30.6 ms at 10.6s (Draw: 6264, Bodies: 217)
⚡ FRAME SPIKE #318: 30.6 ms at 10.6s (Draw: 6255, Bodies: 217)
⚡ FRAME SPIKE #319: 30.6 ms at 10.7s (Draw: 6171, Bodies: 217)
⚡ FRAME SPIKE #320: 30.6 ms at 10.7s (Draw: 5778, Bodies: 217)
⚡ FRAME SPIKE #321: 30.6 ms at 10.7s (Draw: 5520, Bodies: 217)
⚡ FRAME SPIKE #322: 30.6 ms at 10.7s (Draw: 5500, Bodies: 217)
⚡ FRAME SPIKE #323: 30.6 ms at 10.8s (Draw: 5492, Bodies: 217)
⚡ FRAME SPIKE #324: 30.6 ms at 10.8s (Draw: 5497, Bodies: 217)
⚡ FRAME SPIKE #325: 30.6 ms at 10.8s (Draw: 5495, Bodies: 217)
⚡ FRAME SPIKE #326: 30.6 ms at 10.9s (Draw: 5748, Bodies: 217)
⚡ FRAME SPIKE #327: 30.6 ms at 10.9s (Draw: 5871, Bodies: 217)
OSM: Loading chunk -1,-3 at lat=59.1235, lon=37.8974
OSM: Loaded from cache: osm_v2_59.1235_37.8974_250.json
OSM: Loading chunk 0,-3 at lat=59.1235, lon=37.9026
OSM: Loaded from cache: osm_v2_59.1235_37.9026_250.json
OSM: Chunk -1,-3 data loaded
OSM: Found 2 entrance nodes in chunk
OSM: Found 10 POI nodes in chunk
POI_DEBUG: Found 'unknown' inside building at local (-132.4, -816.5)
BusinessSign: Found logo for 'втб' -> res://textures/brand_logos/vtb.png
POI_DEBUG: Found 'Ozon' inside building at local (-208.3, -750.2)
BusinessSign: Found logo for 'ozon' -> res://textures/brand_logos/ozon.png
POI_DEBUG: Found 'Сбербанк' inside building at local (-151.6, -859.4)
BusinessSign: Found logo for 'сбербанк' -> res://textures/brand_logos/sberbank.png
Loading resource: res://textures/brand_logos/sberbank.png
Loading resource: res://.godot/imported/sberbank.png-01daec8b385e47dc915e5db06368ee2f.ctex
BusinessSign: Found logo for 'сбербанк' -> res://textures/brand_logos/sberbank.png
POI_DEBUG: Found 'Ozon' inside building at local (-59.7, -662.5)
BusinessSign: Found logo for 'ozon' -> res://textures/brand_logos/ozon.png
OSM: Generated 38 roads, 35 buildings, 0 trees, 0 signs, 0 lamps, 28 intersections
OSM: Marked chunk '-1,-3' for road batch finalization
OSM: Post-initial chunk loaded, pending_lamps=0
OSM: _create_pending_lamps started, count=0
OSM: No pending lamps
OSM: Chunk 0,-3 data loaded
OSM: Found 14 POI nodes in chunk
POI_DEBUG: Found 'Антей' inside building at local (29.3, -584.4)
OSM: Generated 79 roads, 17 buildings, 0 trees, 0 signs, 0 lamps, 37 intersections
OSM: Marked chunk '0,-3' for road batch finalization
OSM: Post-initial chunk loaded, pending_lamps=0
OSM: _create_pending_lamps started, count=0
OSM: No pending lamps
⚡ FRAME SPIKE #328: 108.3 ms at 10.9s (Draw: 5917, Bodies: 223)
OSM: DEBUG _add_road_to_batch - first road for chunk '0,-3', parent.name='Chunk_0,-3'
OSM: DEBUG _add_road_to_batch - first road for chunk '-1,-3', parent.name='Chunk_-1,-3'
⚡ FRAME SPIKE #329: 73.5 ms at 11.0s (Draw: 5643, Bodies: 224)
⚠️ SLOW FRAME 10.2ms: building=0.5 road=8.7 terrain=0.4 infra=0.6 veg=0.0 curb=0.0ms
⚡ FRAME SPIKE #330: 50.6 ms at 11.1s (Draw: 5054, Bodies: 225)
⚡ FRAME SPIKE #331: 49.4 ms at 11.2s (Draw: 4542, Bodies: 226)
⚡ FRAME SPIKE #332: 36.1 ms at 11.2s (Draw: 4486, Bodies: 227)
⚡ FRAME SPIKE #333: 41.7 ms at 11.2s (Draw: 4489, Bodies: 228)
⚠️ SLOW FRAME 12.9ms: building=0.4 road=11.6 terrain=0.3 infra=0.6 veg=0.0 curb=0.0ms
⚡ FRAME SPIKE #334: 41.7 ms at 11.3s (Draw: 4492, Bodies: 229)
⚡ FRAME SPIKE #335: 41.7 ms at 11.3s (Draw: 4446, Bodies: 230)
⚡ FRAME SPIKE #336: 38.5 ms at 11.4s (Draw: 4435, Bodies: 231)
🔴 FREEZE: road collision shape creation took 21.8 ms for chunk -1,-3 (type: residential)
OSM: ✅ Finalized road batch -1,-3/residential: 2166 vertices, 2110 triangles, material: <ImageTexture#-9223371972648368119>
OSM: ✅ Finalized road batch -1,-3/path: 792 vertices, 776 triangles, material: <ImageTexture#-9223371972547704822>
OSM: ✅ Finalized road batch -1,-3/primary: 410 vertices, 406 triangles, material: <ImageTexture#-9223371972749031416>
⚠️ SLOW: road batch finalization took 26.1 ms for chunk -1,-3
⚠️ SLOW FRAME 27.2ms: building=0.4 road=26.1 terrain=0.2 infra=0.4 veg=0.0 curb=0.0ms
=== PAZ Model Meshes Debug ===
Total meshes found: 1
  - Mesh: bus_low_Material_006_0 (MeshInstance3D)
PAZ-32053 model setup complete
⚡ FRAME SPIKE #337: 44.2 ms at 11.4s (Draw: 4481, Bodies: 233)
🔴 FREEZE: road collision shape creation took 17.8 ms for chunk 0,-3 (type: path)
OSM: ✅ Finalized road batch 0,-3/path: 2286 vertices, 2210 triangles, material: <ImageTexture#-9223371972547704822>
OSM: ✅ Finalized road batch 0,-3/primary: 962 vertices, 944 triangles, material: <ImageTexture#-9223371972749031416>
OSM: ✅ Finalized road batch 0,-3/residential: 1688 vertices, 1624 triangles, material: <ImageTexture#-9223371972648368119>
⚠️ SLOW: road batch finalization took 24.9 ms for chunk 0,-3
⚠️ SLOW FRAME 47.0ms: building=0.4 road=24.9 terrain=0.3 infra=0.3 veg=21.0 curb=0.0ms
⚡ FRAME SPIKE #338: 89.5 ms at 11.5s (Draw: 4553, Bodies: 234)
⚡ FRAME SPIKE #339: 54.2 ms at 11.5s (Draw: 4645, Bodies: 235)
⚠️ SLOW FRAME 16.5ms: building=0.4 road=0.9 terrain=0.2 infra=0.7 veg=14.2 curb=0.1ms
⚡ FRAME SPIKE #340: 64.0 ms at 11.6s (Draw: 4665, Bodies: 235)
⚡ FRAME SPIKE #341: 33.7 ms at 11.7s (Draw: 4510, Bodies: 236)
⚡ FRAME SPIKE #342: 35.0 ms at 11.7s (Draw: 4486, Bodies: 237)

========== PERFORMANCE METRICS ==========
Frames: 600
  total_frame: avg=2.53 ms, median=0.04 ms, max=101.59 ms, calls=600, total=1518.5 ms
  road_queue: avg=1.14 ms, median=0.01 ms, max=28.33 ms, calls=600, total=683.6 ms
  infra_queue: avg=0.70 ms, median=0.00 ms, max=15.77 ms, calls=600, total=421.2 ms
  road_batch_finalize: avg=18.59 ms, median=22.79 ms, max=28.32 ms, calls=15, total=278.8 ms
  infra_lamp: avg=1.07 ms, median=1.00 ms, max=14.71 ms, calls=223, total=238.4 ms
  road_create: avg=0.31 ms, median=0.11 ms, max=9.57 ms, calls=575, total=178.2 ms
  curb_mesh: avg=0.27 ms, median=0.00 ms, max=11.50 ms, calls=543, total=148.6 ms
  terrain_queue: avg=0.24 ms, median=0.00 ms, max=76.88 ms, calls=600, total=146.9 ms
  terrain_leisure: avg=6.88 ms, median=0.13 ms, max=75.85 ms, calls=18, total=123.9 ms
  building_results: avg=0.19 ms, median=0.00 ms, max=1.17 ms, calls=600, total=116.1 ms
  infra_sort: avg=0.29 ms, median=0.12 ms, max=1.04 ms, calls=388, total=111.3 ms
  vegetation_queue: avg=0.13 ms, median=0.00 ms, max=21.00 ms, calls=600, total=78.5 ms
  veg_trees: avg=9.69 ms, median=14.15 ms, max=20.99 ms, calls=8, total=77.6 ms
  curb_collisions: avg=0.10 ms, median=0.00 ms, max=1.66 ms, calls=600, total=60.4 ms
  building_sort: avg=0.32 ms, median=0.16 ms, max=0.91 ms, calls=181, total=57.6 ms
  infra_yield_sign: avg=0.30 ms, median=0.31 ms, max=0.49 ms, calls=183, total=54.4 ms
  building_apply: avg=0.26 ms, median=0.26 ms, max=0.37 ms, calls=191, total=49.4 ms
  window_batch_finalize: avg=2.75 ms, median=2.17 ms, max=14.10 ms, calls=11, total=30.2 ms
  road_sort: avg=1.06 ms, median=1.15 ms, max=2.73 ms, calls=22, total=23.4 ms
  terrain_landuse: avg=0.10 ms, median=0.09 ms, max=0.49 ms, calls=103, total=10.7 ms
  terrain_sort: avg=0.19 ms, median=0.18 ms, max=0.48 ms, calls=45, total=8.6 ms
  curb_smooth: avg=0.03 ms, median=0.03 ms, max=0.18 ms, calls=262, total=8.0 ms
  infra_parking_sign: avg=0.51 ms, median=0.51 ms, max=0.61 ms, calls=13, total=6.6 ms
  infra_traffic_light: avg=0.55 ms, median=0.54 ms, max=0.64 ms, calls=9, total=5.0 ms
  curb_latlon: avg=0.01 ms, median=0.01 ms, max=0.05 ms, calls=262, total=3.0 ms
  terrain_natural: avg=0.10 ms, median=0.10 ms, max=0.12 ms, calls=6, total=0.6 ms
  veg_bushes_grass: avg=0.02 ms, median=0.02 ms, max=0.02 ms, calls=8, total=0.1 ms
==========================================


========== DRAW CALL BREAKDOWN ==========
Total tracked draw calls: 1929

  Vegetation  :   680 ( 35.3%) ███████
  Lamps       :   669 ( 34.7%) ██████
  Buildings   :   380 ( 19.7%) ███
  Terrain     :   127 (  6.6%) █
  Roads       :    36 (  1.9%) 
  Signs       :    26 (  1.3%) 
  Windows     :    11 (  0.6%) 

💡 RECOMMENDATIONS:
  🟠 Infrastructure: 36.0% of draw calls
     → Use MultiMesh for curbs, lamps, signs
=========================================

⚡ FRAME SPIKE #343: 33.9 ms at 11.7s (Draw: 4499, Bodies: 238)
⚡ FRAME SPIKE #344: 34.0 ms at 11.8s (Draw: 4499, Bodies: 239)
⚡ FRAME SPIKE #345: 33.3 ms at 11.8s (Draw: 4503, Bodies: 240)
⚡ FRAME SPIKE #346: 33.3 ms at 11.8s (Draw: 4504, Bodies: 241)
⚡ FRAME SPIKE #347: 33.3 ms at 11.9s (Draw: 4452, Bodies: 242)
⚡ FRAME SPIKE #348: 33.3 ms at 11.9s (Draw: 4337, Bodies: 242)
⚡ FRAME SPIKE #349: 33.3 ms at 11.9s (Draw: 4318, Bodies: 243)
⚡ FRAME SPIKE #350: 33.3 ms at 12.0s (Draw: 4246, Bodies: 244)
⚡ FRAME SPIKE #351: 33.3 ms at 12.0s (Draw: 4100, Bodies: 245)
⚡ FRAME SPIKE #352: 32.7 ms at 12.0s (Draw: 4053, Bodies: 246)
⚡ FRAME SPIKE #353: 31.6 ms at 12.1s (Draw: 4004, Bodies: 246)
⚡ FRAME SPIKE #354: 32.0 ms at 12.1s (Draw: 4006, Bodies: 247)
⚡ FRAME SPIKE #355: 31.7 ms at 12.1s (Draw: 4013, Bodies: 248)
⚡ FRAME SPIKE #356: 25.9 ms at 12.2s (Draw: 4011, Bodies: 249)
⚡ FRAME SPIKE #357: 31.7 ms at 12.2s (Draw: 3992, Bodies: 250)
⚡ FRAME SPIKE #358: 31.0 ms at 12.2s (Draw: 3987, Bodies: 251)
🚗 Traffic: 26 active NPCs (Near: 7, Mid: 17, Far: 2), 2 pooled
  → Physics bodies from NPCs: 26 (All: 26×1, было бы 26×5=130)

========== Bottleneck Analysis Report ==========
Time: 22.4s | Frames: 616

📊 PERFORMANCE OVERVIEW:
  FPS: 30.2 avg | 21.0 min
  Frame Time: 33.33 ms avg | 93.69 ms max
  Physics Time: 5.35 ms avg

🔍 BOTTLENECK IDENTIFICATION:
  🔴 [CRITICAL] Frame Time
      Value: 33.33 ms (target: 16.67 ms)
      Impact: Overall performance bottleneck
      Suggestions:
        • Reduce draw calls
        • Optimize scripts in _process()
        • Check for expensive operations per frame

  🟠 [HIGH] Draw Calls
      Value: 5970 calls/frame
      Impact: GPU rendering overhead
      Suggestions:
        • Batch meshes by material
        • Use MultiMeshInstance3D
        • Implement LOD system
        • Enable frustum culling

  🟠 [HIGH] Physics Bodies
      Value: 221 active bodies
      Impact: Physics engine load
      Suggestions:
        • Reduce NPC count
        • Convert distant NPCs to kinematic
        • Disable physics for far objects

  🟡 [MEDIUM] Physics Time
      Value: 5.35 ms
      Impact: Physics simulation overhead
      Suggestions:
        • Reduce number of active physics bodies
        • Simplify collision shapes
        • Disable physics for distant objects

  🟡 [MEDIUM] Vertex Count
      Value: 38075938 vertices/frame
      Impact: GPU vertex processing
      Suggestions:
        • Implement LOD for distant objects
        • Simplify building meshes
        • Use lower poly models

  🟡 [MEDIUM] Node Count
      Value: 15701 nodes
      Impact: Scene tree traversal overhead
      Suggestions:
        • Unload distant chunks
        • Pool and reuse nodes
        • Flatten hierarchy where possible

  🟡 [MEDIUM] Post-Processing Effects
      Value: SSAO, Glow/Bloom, Volumetric Fog
      Impact: GPU shader overhead
      Suggestions:
        • Reduce SSR quality
        • Disable SSAO on low-end hardware
        • Use simpler fog

📈 DETAILED STATS:
  Draw Calls: 5970 avg | 7374 max
  Vertices: 38075938 avg | 53393126 max
  Physics Bodies: 221
  Nodes: 15701
  VRAM: 751.9 MB

=================================================

⚡ FRAME SPIKE #359: 31.9 ms at 12.2s (Draw: 3994, Bodies: 252)
⚡ FRAME SPIKE #360: 31.9 ms at 12.3s (Draw: 4001, Bodies: 253)
⚡ FRAME SPIKE #361: 31.5 ms at 12.3s (Draw: 4002, Bodies: 254)
⚡ FRAME SPIKE #362: 30.9 ms at 12.3s (Draw: 4012, Bodies: 255)
⚡ FRAME SPIKE #363: 29.9 ms at 12.4s (Draw: 4030, Bodies: 256)
⚡ FRAME SPIKE #364: 31.0 ms at 12.4s (Draw: 4040, Bodies: 257)
⚡ FRAME SPIKE #365: 31.0 ms at 12.4s (Draw: 4016, Bodies: 259)
⚡ FRAME SPIKE #366: 31.0 ms at 12.5s (Draw: 4031, Bodies: 260)
⚡ FRAME SPIKE #367: 31.0 ms at 12.5s (Draw: 4039, Bodies: 261)
⚡ FRAME SPIKE #368: 31.7 ms at 12.5s (Draw: 4045, Bodies: 262)
⚡ FRAME SPIKE #369: 31.0 ms at 12.6s (Draw: 4028, Bodies: 263)
⚡ FRAME SPIKE #370: 31.0 ms at 12.6s (Draw: 4047, Bodies: 264)
⚡ FRAME SPIKE #371: 31.0 ms at 12.6s (Draw: 4047, Bodies: 265)
⚡ FRAME SPIKE #372: 31.0 ms at 12.7s (Draw: 4049, Bodies: 266)
⚡ FRAME SPIKE #373: 31.0 ms at 12.7s (Draw: 4047, Bodies: 267)
OSM: 🌙 NIGHT Window batch 0,-3 | night_mgr: CACHED | is_night value: true
OSM: ✅ Finalized window batch 0,-3: 2329 windows (was 2329 draw calls before batching)
⚡ FRAME SPIKE #374: 31.0 ms at 12.7s (Draw: 4046, Bodies: 268)
OSM: 🌙 NIGHT Window batch -1,-3 | night_mgr: CACHED | is_night value: true
OSM: ✅ Finalized window batch -1,-3: 4341 windows (was 4341 draw calls before batching)
⚡ FRAME SPIKE #375: 31.2 ms at 12.7s (Draw: 4025, Bodies: 269)
⚡ FRAME SPIKE #376: 44.8 ms at 12.8s (Draw: 3991, Bodies: 270)
⚡ FRAME SPIKE #377: 37.4 ms at 12.8s (Draw: 3989, Bodies: 271)
⚡ FRAME SPIKE #378: 37.3 ms at 12.9s (Draw: 3985, Bodies: 272)
⚡ FRAME SPIKE #379: 39.9 ms at 12.9s (Draw: 3994, Bodies: 272)
⚡ FRAME SPIKE #380: 33.3 ms at 12.9s (Draw: 4005, Bodies: 273)
⚡ FRAME SPIKE #381: 34.7 ms at 13.0s (Draw: 4016, Bodies: 274)
⚡ FRAME SPIKE #382: 34.7 ms at 13.0s (Draw: 3992, Bodies: 275)
⚡ FRAME SPIKE #383: 34.7 ms at 13.0s (Draw: 3992, Bodies: 276)
⚡ FRAME SPIKE #384: 33.3 ms at 13.1s (Draw: 4047, Bodies: 277)
⚡ FRAME SPIKE #385: 33.7 ms at 13.1s (Draw: 4082, Bodies: 278)
⚡ FRAME SPIKE #386: 33.3 ms at 13.1s (Draw: 4066, Bodies: 279)
⚡ FRAME SPIKE #387: 33.3 ms at 13.2s (Draw: 4002, Bodies: 280)
⚡ FRAME SPIKE #388: 33.3 ms at 13.2s (Draw: 3965, Bodies: 281)
⚡ FRAME SPIKE #389: 33.3 ms at 13.2s (Draw: 3906, Bodies: 282)
⚡ FRAME SPIKE #390: 33.3 ms at 13.3s (Draw: 3885, Bodies: 283)
⚡ FRAME SPIKE #391: 33.3 ms at 13.3s (Draw: 3871, Bodies: 283)
⚡ FRAME SPIKE #392: 30.0 ms at 13.3s (Draw: 3876, Bodies: 283)
⚡ FRAME SPIKE #393: 29.9 ms at 13.4s (Draw: 3891, Bodies: 283)
⚡ FRAME SPIKE #394: 30.5 ms at 13.4s (Draw: 3897, Bodies: 283)
⚡ FRAME SPIKE #395: 30.9 ms at 13.4s (Draw: 3920, Bodies: 283)
⚡ FRAME SPIKE #396: 33.3 ms at 13.5s (Draw: 3918, Bodies: 284)
⚡ FRAME SPIKE #397: 38.9 ms at 13.5s (Draw: 3929, Bodies: 284)
⚡ FRAME SPIKE #398: 34.7 ms at 13.5s (Draw: 3944, Bodies: 284)
⚡ FRAME SPIKE #399: 34.7 ms at 13.6s (Draw: 3951, Bodies: 284)
⚡ FRAME SPIKE #400: 33.3 ms at 13.6s (Draw: 3950, Bodies: 284)
⚡ FRAME SPIKE #401: 33.3 ms at 13.6s (Draw: 3961, Bodies: 284)
⚡ FRAME SPIKE #402: 32.5 ms at 13.7s (Draw: 3979, Bodies: 284)
⚡ FRAME SPIKE #403: 30.6 ms at 13.7s (Draw: 4043, Bodies: 284)
⚡ FRAME SPIKE #404: 30.5 ms at 13.7s (Draw: 4063, Bodies: 284)
⚡ FRAME SPIKE #405: 30.9 ms at 13.8s (Draw: 4063, Bodies: 284)
⚡ FRAME SPIKE #406: 30.8 ms at 13.8s (Draw: 4056, Bodies: 284)
⚡ FRAME SPIKE #407: 25.2 ms at 13.8s (Draw: 4039, Bodies: 284)
⚡ FRAME SPIKE #408: 31.0 ms at 13.8s (Draw: 4030, Bodies: 284)
⚡ FRAME SPIKE #409: 30.4 ms at 13.9s (Draw: 3997, Bodies: 284)
⚡ FRAME SPIKE #410: 30.0 ms at 13.9s (Draw: 3999, Bodies: 284)
⚡ FRAME SPIKE #411: 26.1 ms at 13.9s (Draw: 4009, Bodies: 284)
⚡ FRAME SPIKE #412: 30.0 ms at 14.0s (Draw: 3994, Bodies: 284)
⚡ FRAME SPIKE #413: 30.0 ms at 14.0s (Draw: 3996, Bodies: 284)
⚡ FRAME SPIKE #414: 31.6 ms at 14.0s (Draw: 4001, Bodies: 284)
⚡ FRAME SPIKE #415: 29.6 ms at 14.1s (Draw: 3989, Bodies: 284)

=== PERFORMANCE METRICS ===
FPS: 31 | Frame: 33.9 ms (max 108.3) | Physics: 16.7 ms (max 98.8)
Godot Process: 41.15 ms | Physics: 6.83 ms
Objects: 41874 | Nodes: 17389 | Resources: 536
Draw calls: 3989 | Vertices: 3682784 | VRAM: 754.1 MB
Physics bodies: 284 | Collision pairs: 3043
--- System Times ---
  road_batch_finalize_total_-1,-1: 10.52 ms (max 10.52)
  road_batch_finalize_total_-1,-2: 5.25 ms (max 5.25)
  road_batch_finalize_total_-1,-3: 26.08 ms (max 26.08)
  road_batch_finalize_total_-1,0: 14.40 ms (max 14.40)
  road_batch_finalize_total_-2,-1: 22.75 ms (max 22.75)
  road_batch_finalize_total_-2,-2: 6.28 ms (max 6.28)
  road_batch_finalize_total_-2,0: 20.76 ms (max 20.76)
  road_batch_finalize_total_0,-1: 23.51 ms (max 23.51)
  road_batch_finalize_total_0,-2: 24.46 ms (max 24.46)
  road_batch_finalize_total_0,-3: 24.86 ms (max 24.86)
  road_batch_finalize_total_0,0: 23.28 ms (max 23.28)
  road_batch_finalize_total_0,1: 26.48 ms (max 26.48)
  road_batch_finalize_total_1,-1: 19.59 ms (max 19.59)
  road_batch_finalize_total_1,-2: 28.29 ms (max 28.29)
  road_batch_finalize_total_1,0: 1.77 ms (max 1.77)
  road_collision_create_-1,-1: 3.30 ms (max 4.00)
  road_collision_create_-1,-2: 2.40 ms (max 2.94)
  road_collision_create_-1,-3: 8.42 ms (max 21.84)
  road_collision_create_-1,0: 6.98 ms (max 11.84)
  road_collision_create_-2,-1: 7.37 ms (max 16.50)
  road_collision_create_-2,-2: 2.95 ms (max 3.83)
  road_collision_create_-2,0: 10.14 ms (max 17.31)
  road_collision_create_0,-1: 7.61 ms (max 17.59)
  road_collision_create_0,-2: 7.94 ms (max 17.36)
  road_collision_create_0,-3: 7.95 ms (max 17.78)
  road_collision_create_0,0: 7.55 ms (max 19.41)
  road_collision_create_0,1: 26.23 ms (max 26.23)
  road_collision_create_1,-1: 6.33 ms (max 15.25)
  road_collision_create_1,-2: 13.87 ms (max 25.23)
  road_collision_create_1,0: 1.57 ms (max 1.57)
===========================

=== PERFORMANCE METRICS ===
FPS: 31 | Frame: 33.9 ms (max 108.3) | Physics: 16.7 ms (max 99.0)
Godot Process: 41.15 ms | Physics: 6.83 ms
Objects: 41874 | Nodes: 17389 | Resources: 536
Draw calls: 3989 | Vertices: 3682784 | VRAM: 754.1 MB
Physics bodies: 284 | Collision pairs: 3043
===========================
⚡ FRAME SPIKE #416: 29.6 ms at 14.1s (Draw: 3983, Bodies: 284)
⚡ FRAME SPIKE #417: 29.9 ms at 14.1s (Draw: 3970, Bodies: 284)
⚡ FRAME SPIKE #418: 29.8 ms at 14.1s (Draw: 3950, Bodies: 284)
⚡ FRAME SPIKE #419: 29.6 ms at 14.2s (Draw: 3933, Bodies: 284)
⚡ FRAME SPIKE #420: 29.6 ms at 14.2s (Draw: 3933, Bodies: 284)
⚡ FRAME SPIKE #421: 29.6 ms at 14.2s (Draw: 3928, Bodies: 284)
🚗 Traffic: 28 active NPCs (Near: 8, Mid: 15, Far: 5), 1 pooled
  → Physics bodies from NPCs: 28 (All: 28×1, было бы 28×5=140)

========== Bottleneck Analysis Report ==========
Time: 24.4s | Frames: 679

📊 PERFORMANCE OVERVIEW:
  FPS: 29.0 avg | 21.0 min
  Frame Time: 45.14 ms avg | 93.69 ms max
  Physics Time: 6.23 ms avg

🔍 BOTTLENECK IDENTIFICATION:
  🔴 [CRITICAL] Frame Time
      Value: 45.14 ms (target: 16.67 ms)
      Impact: Overall performance bottleneck
      Suggestions:
        • Reduce draw calls
        • Optimize scripts in _process()
        • Check for expensive operations per frame

  🟠 [HIGH] Draw Calls
      Value: 4550 calls/frame
      Impact: GPU rendering overhead
      Suggestions:
        • Batch meshes by material
        • Use MultiMeshInstance3D
        • Implement LOD system
        • Enable frustum culling

  🟠 [HIGH] Physics Bodies
      Value: 253 active bodies
      Impact: Physics engine load
      Suggestions:
        • Reduce NPC count
        • Convert distant NPCs to kinematic
        • Disable physics for far objects

  🟡 [MEDIUM] Physics Time
      Value: 6.23 ms
      Impact: Physics simulation overhead
      Suggestions:
        • Reduce number of active physics bodies
        • Simplify collision shapes
        • Disable physics for distant objects

  🟡 [MEDIUM] Vertex Count
      Value: 13178751 vertices/frame
      Impact: GPU vertex processing
      Suggestions:
        • Implement LOD for distant objects
        • Simplify building meshes
        • Use lower poly models

  🟡 [MEDIUM] Node Count
      Value: 17389 nodes
      Impact: Scene tree traversal overhead
      Suggestions:
        • Unload distant chunks
        • Pool and reuse nodes
        • Flatten hierarchy where possible

  🟡 [MEDIUM] Post-Processing Effects
      Value: SSAO, Glow/Bloom, Volumetric Fog
      Impact: GPU shader overhead
      Suggestions:
        • Reduce SSR quality
        • Disable SSAO on low-end hardware
        • Use simpler fog

📈 DETAILED STATS:
  Draw Calls: 4550 avg | 6371 max
  Vertices: 13178751 avg | 47020918 max
  Physics Bodies: 253
  Nodes: 17389
  VRAM: 754.1 MB

=================================================

⚡ FRAME SPIKE #422: 29.6 ms at 14.3s (Draw: 3923, Bodies: 284)
⚡ FRAME SPIKE #423: 30.0 ms at 14.3s (Draw: 3919, Bodies: 284)
⚡ FRAME SPIKE #424: 30.0 ms at 14.3s (Draw: 3912, Bodies: 284)
⚡ FRAME SPIKE #425: 30.0 ms at 14.4s (Draw: 3907, Bodies: 284)
⚡ FRAME SPIKE #426: 30.0 ms at 14.4s (Draw: 3899, Bodies: 284)
⚡ FRAME SPIKE #427: 30.0 ms at 14.4s (Draw: 3893, Bodies: 284)
⚡ FRAME SPIKE #428: 30.0 ms at 14.4s (Draw: 3887, Bodies: 284)
⚡ FRAME SPIKE #429: 30.0 ms at 14.5s (Draw: 3881, Bodies: 285)
⚡ FRAME SPIKE #430: 46.8 ms at 14.5s (Draw: 3884, Bodies: 285)
⚡ FRAME SPIKE #431: 44.2 ms at 14.6s (Draw: 3877, Bodies: 285)
⚡ FRAME SPIKE #432: 35.9 ms at 14.6s (Draw: 3882, Bodies: 285)
⚡ FRAME SPIKE #433: 38.2 ms at 14.6s (Draw: 3880, Bodies: 285)
⚡ FRAME SPIKE #434: 29.0 ms at 14.7s (Draw: 3881, Bodies: 285)
⚡ FRAME SPIKE #435: 30.0 ms at 14.7s (Draw: 3880, Bodies: 285)
⚡ FRAME SPIKE #436: 29.5 ms at 14.7s (Draw: 3880, Bodies: 285)
⚡ FRAME SPIKE #437: 30.4 ms at 14.8s (Draw: 3878, Bodies: 285)
⚡ FRAME SPIKE #438: 30.8 ms at 14.8s (Draw: 3858, Bodies: 285)
⚡ FRAME SPIKE #439: 29.2 ms at 14.8s (Draw: 3850, Bodies: 285)
⚡ PHYSICS SPIKE #1: 11.0 ms at 14.9s (Bodies: 285)
⚡ PHYSICS SPIKE #2: 11.0 ms at 14.9s (Bodies: 285)
⚡ FRAME SPIKE #440: 25.3 ms at 14.9s (Draw: 3853, Bodies: 285)
⚡ PHYSICS SPIKE #3: 11.0 ms at 14.9s (Bodies: 285)
⚡ PHYSICS SPIKE #4: 11.0 ms at 14.9s (Bodies: 285)
⚡ FRAME SPIKE #441: 29.2 ms at 14.9s (Draw: 3857, Bodies: 285)
⚡ PHYSICS SPIKE #5: 11.0 ms at 14.9s (Bodies: 285)
⚡ PHYSICS SPIKE #6: 11.0 ms at 14.9s (Bodies: 284)
⚡ FRAME SPIKE #442: 29.7 ms at 14.9s (Draw: 3844, Bodies: 284)
⚡ PHYSICS SPIKE #7: 11.0 ms at 15.0s (Bodies: 284)
⚡ FRAME SPIKE #443: 29.2 ms at 15.0s (Draw: 3849, Bodies: 284)
⚡ PHYSICS SPIKE #8: 11.0 ms at 15.0s (Bodies: 284)
⚡ PHYSICS SPIKE #9: 11.0 ms at 15.0s (Bodies: 284)
⚡ FRAME SPIKE #444: 29.1 ms at 15.0s (Draw: 3844, Bodies: 284)
⚡ PHYSICS SPIKE #10: 11.0 ms at 15.0s (Bodies: 284)
⚡ PHYSICS SPIKE #11: 11.0 ms at 15.0s (Bodies: 284)
⚡ FRAME SPIKE #445: 29.2 ms at 15.0s (Draw: 3840, Bodies: 284)
⚡ PHYSICS SPIKE #12: 11.0 ms at 15.0s (Bodies: 284)
⚡ PHYSICS SPIKE #13: 11.0 ms at 15.0s (Bodies: 284)
⚡ FRAME SPIKE #446: 29.2 ms at 15.0s (Draw: 3838, Bodies: 284)
⚡ PHYSICS SPIKE #14: 11.0 ms at 15.1s (Bodies: 284)
⚡ FRAME SPIKE #447: 28.8 ms at 15.1s (Draw: 3831, Bodies: 284)
⚡ PHYSICS SPIKE #15: 11.0 ms at 15.1s (Bodies: 284)
⚡ PHYSICS SPIKE #16: 11.0 ms at 15.1s (Bodies: 284)
⚡ FRAME SPIKE #448: 26.9 ms at 15.1s (Draw: 3831, Bodies: 284)
⚡ PHYSICS SPIKE #17: 11.0 ms at 15.1s (Bodies: 284)
⚡ PHYSICS SPIKE #18: 11.0 ms at 15.1s (Bodies: 284)
⚡ FRAME SPIKE #449: 28.8 ms at 15.1s (Draw: 3820, Bodies: 284)
⚡ PHYSICS SPIKE #19: 11.0 ms at 15.2s (Bodies: 284)
⚡ FRAME SPIKE #450: 28.8 ms at 15.2s (Draw: 3807, Bodies: 284)
⚡ PHYSICS SPIKE #20: 11.0 ms at 15.2s (Bodies: 284)
⚡ PHYSICS SPIKE #21: 11.0 ms at 15.2s (Bodies: 284)
⚡ FRAME SPIKE #451: 26.8 ms at 15.2s (Draw: 3811, Bodies: 284)
⚡ PHYSICS SPIKE #22: 11.0 ms at 15.2s (Bodies: 284)
⚡ PHYSICS SPIKE #23: 11.0 ms at 15.2s (Bodies: 284)
⚡ FRAME SPIKE #452: 28.8 ms at 15.2s (Draw: 3810, Bodies: 284)
⚡ PHYSICS SPIKE #24: 11.0 ms at 15.2s (Bodies: 284)
⚡ PHYSICS SPIKE #25: 11.0 ms at 15.2s (Bodies: 284)
⚡ FRAME SPIKE #453: 31.2 ms at 15.2s (Draw: 3807, Bodies: 284)
⚡ PHYSICS SPIKE #26: 11.0 ms at 15.3s (Bodies: 284)
⚡ FRAME SPIKE #454: 28.8 ms at 15.3s (Draw: 3810, Bodies: 284)
⚡ PHYSICS SPIKE #27: 11.0 ms at 15.3s (Bodies: 284)
⚡ PHYSICS SPIKE #28: 11.0 ms at 15.3s (Bodies: 284)
⚡ FRAME SPIKE #455: 25.9 ms at 15.3s (Draw: 3814, Bodies: 284)
⚡ PHYSICS SPIKE #29: 11.0 ms at 15.3s (Bodies: 284)
⚡ PHYSICS SPIKE #30: 11.0 ms at 15.3s (Bodies: 284)
⚡ FRAME SPIKE #456: 28.8 ms at 15.3s (Draw: 3814, Bodies: 284)
⚡ PHYSICS SPIKE #31: 11.0 ms at 15.4s (Bodies: 284)
⚡ PHYSICS SPIKE #32: 11.0 ms at 15.4s (Bodies: 284)
⚡ FRAME SPIKE #457: 33.2 ms at 15.4s (Draw: 3809, Bodies: 284)
⚡ PHYSICS SPIKE #33: 11.0 ms at 15.4s (Bodies: 284)
⚡ FRAME SPIKE #458: 28.8 ms at 15.4s (Draw: 3817, Bodies: 284)
⚡ PHYSICS SPIKE #34: 11.0 ms at 15.4s (Bodies: 284)
⚡ PHYSICS SPIKE #35: 11.0 ms at 15.4s (Bodies: 284)
⚡ FRAME SPIKE #459: 27.5 ms at 15.4s (Draw: 3817, Bodies: 284)
⚡ PHYSICS SPIKE #36: 11.0 ms at 15.4s (Bodies: 284)
⚡ PHYSICS SPIKE #37: 11.0 ms at 15.4s (Bodies: 284)
⚡ FRAME SPIKE #460: 28.8 ms at 15.4s (Draw: 3817, Bodies: 284)
⚡ PHYSICS SPIKE #38: 11.0 ms at 15.5s (Bodies: 284)
⚡ FRAME SPIKE #461: 28.8 ms at 15.5s (Draw: 4471, Bodies: 285)
⚡ PHYSICS SPIKE #39: 11.0 ms at 15.5s (Bodies: 285)
⚡ PHYSICS SPIKE #40: 11.0 ms at 15.5s (Bodies: 285)
⚡ FRAME SPIKE #462: 28.8 ms at 15.5s (Draw: 4473, Bodies: 285)
⚡ PHYSICS SPIKE #41: 11.0 ms at 15.5s (Bodies: 285)
⚡ PHYSICS SPIKE #42: 11.0 ms at 15.5s (Bodies: 284)
⚡ FRAME SPIKE #463: 29.2 ms at 15.5s (Draw: 4470, Bodies: 284)
⚡ PHYSICS SPIKE #43: 11.0 ms at 15.6s (Bodies: 284)
⚡ PHYSICS SPIKE #44: 11.0 ms at 15.6s (Bodies: 284)
⚡ FRAME SPIKE #464: 29.2 ms at 15.6s (Draw: 4469, Bodies: 284)
⚡ PHYSICS SPIKE #45: 11.0 ms at 15.6s (Bodies: 284)
⚡ FRAME SPIKE #465: 29.2 ms at 15.6s (Draw: 4457, Bodies: 284)
⚡ PHYSICS SPIKE #46: 11.0 ms at 15.6s (Bodies: 284)
⚡ PHYSICS SPIKE #47: 11.0 ms at 15.6s (Bodies: 284)
⚡ FRAME SPIKE #466: 29.2 ms at 15.6s (Draw: 4445, Bodies: 284)
⚡ PHYSICS SPIKE #48: 11.0 ms at 15.7s (Bodies: 284)
⚡ PHYSICS SPIKE #49: 11.0 ms at 15.7s (Bodies: 284)
⚡ FRAME SPIKE #467: 29.2 ms at 15.7s (Draw: 4441, Bodies: 284)
⚡ PHYSICS SPIKE #50: 11.0 ms at 15.7s (Bodies: 284)
⚡ PHYSICS SPIKE #51: 11.0 ms at 15.7s (Bodies: 284)
⚡ FRAME SPIKE #468: 29.2 ms at 15.7s (Draw: 4430, Bodies: 284)
⚡ PHYSICS SPIKE #52: 11.0 ms at 15.7s (Bodies: 284)
⚡ FRAME SPIKE #469: 29.2 ms at 15.7s (Draw: 4421, Bodies: 284)
⚡ PHYSICS SPIKE #53: 11.0 ms at 15.7s (Bodies: 284)
⚡ PHYSICS SPIKE #54: 11.0 ms at 15.7s (Bodies: 284)
⚡ FRAME SPIKE #470: 29.2 ms at 15.7s (Draw: 4421, Bodies: 284)
⚡ PHYSICS SPIKE #55: 11.0 ms at 15.8s (Bodies: 284)
⚡ PHYSICS SPIKE #56: 11.0 ms at 15.8s (Bodies: 284)
⚡ FRAME SPIKE #471: 29.2 ms at 15.8s (Draw: 4414, Bodies: 284)
⚡ PHYSICS SPIKE #57: 11.0 ms at 15.8s (Bodies: 284)
⚡ PHYSICS SPIKE #58: 11.0 ms at 15.8s (Bodies: 284)
⚡ FRAME SPIKE #472: 29.8 ms at 15.8s (Draw: 4397, Bodies: 284)
⚡ PHYSICS SPIKE #59: 11.0 ms at 15.8s (Bodies: 284)
⚡ FRAME SPIKE #473: 31.4 ms at 15.8s (Draw: 4393, Bodies: 284)
⚡ FRAME SPIKE #474: 29.2 ms at 15.9s (Draw: 4386, Bodies: 284)
⚡ FRAME SPIKE #475: 29.2 ms at 15.9s (Draw: 4389, Bodies: 284)
⚡ FRAME SPIKE #476: 31.4 ms at 15.9s (Draw: 4383, Bodies: 284)
⚡ FRAME SPIKE #477: 31.7 ms at 15.9s (Draw: 4373, Bodies: 284)
⚡ FRAME SPIKE #478: 32.8 ms at 16.0s (Draw: 4373, Bodies: 284)
⚡ FRAME SPIKE #479: 31.4 ms at 16.0s (Draw: 4368, Bodies: 284)
⚡ FRAME SPIKE #480: 32.1 ms at 16.0s (Draw: 4367, Bodies: 284)
⚡ FRAME SPIKE #481: 32.1 ms at 16.1s (Draw: 4374, Bodies: 284)
⚡ FRAME SPIKE #482: 31.2 ms at 16.1s (Draw: 4370, Bodies: 284)
⚡ FRAME SPIKE #483: 31.2 ms at 16.1s (Draw: 4376, Bodies: 284)
⚡ FRAME SPIKE #484: 31.2 ms at 16.2s (Draw: 4365, Bodies: 284)
⚡ FRAME SPIKE #485: 31.2 ms at 16.2s (Draw: 4361, Bodies: 284)
⚡ FRAME SPIKE #486: 31.2 ms at 16.2s (Draw: 4350, Bodies: 284)
⚡ FRAME SPIKE #487: 31.2 ms at 16.3s (Draw: 4312, Bodies: 284)
🚗 Traffic: 28 active NPCs (Near: 0, Mid: 19, Far: 9), 2 pooled
  → Physics bodies from NPCs: 28 (All: 28×1, было бы 28×5=140)

========== Bottleneck Analysis Report ==========
Time: 26.5s | Frames: 746

📊 PERFORMANCE OVERVIEW:
  FPS: 30.9 avg | 21.0 min
  Frame Time: 38.51 ms avg | 93.69 ms max
  Physics Time: 8.11 ms avg

🔍 BOTTLENECK IDENTIFICATION:
  🔴 [CRITICAL] Frame Time
      Value: 38.51 ms (target: 16.67 ms)
      Impact: Overall performance bottleneck
      Suggestions:
        • Reduce draw calls
        • Optimize scripts in _process()
        • Check for expensive operations per frame

  🟠 [HIGH] Draw Calls
      Value: 4035 calls/frame
      Impact: GPU rendering overhead
      Suggestions:
        • Batch meshes by material
        • Use MultiMeshInstance3D
        • Implement LOD system
        • Enable frustum culling

  🟠 [HIGH] Physics Bodies
      Value: 282 active bodies
      Impact: Physics engine load
      Suggestions:
        • Reduce NPC count
        • Convert distant NPCs to kinematic
        • Disable physics for far objects

  🟡 [MEDIUM] Physics Time
      Value: 8.11 ms
      Impact: Physics simulation overhead
      Suggestions:
        • Reduce number of active physics bodies
        • Simplify collision shapes
        • Disable physics for distant objects

  🟡 [MEDIUM] Vertex Count
      Value: 3690443 vertices/frame
      Impact: GPU vertex processing
      Suggestions:
        • Implement LOD for distant objects
        • Simplify building meshes
        • Use lower poly models

  🟡 [MEDIUM] Node Count
      Value: 17559 nodes
      Impact: Scene tree traversal overhead
      Suggestions:
        • Unload distant chunks
        • Pool and reuse nodes
        • Flatten hierarchy where possible

  🟡 [MEDIUM] Post-Processing Effects
      Value: SSAO, Glow/Bloom, Volumetric Fog
      Impact: GPU shader overhead
      Suggestions:
        • Reduce SSR quality
        • Disable SSAO on low-end hardware
        • Use simpler fog

📈 DETAILED STATS:
  Draw Calls: 4035 avg | 4473 max
  Vertices: 3690443 avg | 3933868 max
  Physics Bodies: 282
  Nodes: 17559
  VRAM: 754.1 MB

=================================================

⚡ FRAME SPIKE #488: 31.2 ms at 16.3s (Draw: 4280, Bodies: 284)
⚡ FRAME SPIKE #489: 31.2 ms at 16.3s (Draw: 4270, Bodies: 283)
⚡ FRAME SPIKE #490: 31.0 ms at 16.4s (Draw: 4274, Bodies: 283)
⚡ FRAME SPIKE #491: 31.0 ms at 16.4s (Draw: 4291, Bodies: 283)
⚡ FRAME SPIKE #492: 31.0 ms at 16.4s (Draw: 4293, Bodies: 283)
⚡ FRAME SPIKE #493: 31.0 ms at 16.5s (Draw: 4287, Bodies: 283)
⚡ FRAME SPIKE #494: 31.0 ms at 16.5s (Draw: 4307, Bodies: 284)
⚡ FRAME SPIKE #495: 31.0 ms at 16.5s (Draw: 4303, Bodies: 284)
⚡ FRAME SPIKE #496: 31.0 ms at 16.5s (Draw: 4298, Bodies: 284)
⚡ FRAME SPIKE #497: 30.7 ms at 16.6s (Draw: 4302, Bodies: 284)
⚡ FRAME SPIKE #498: 30.9 ms at 16.6s (Draw: 4318, Bodies: 284)
⚡ FRAME SPIKE #499: 30.8 ms at 16.6s (Draw: 4343, Bodies: 284)
⚡ FRAME SPIKE #500: 31.0 ms at 16.7s (Draw: 4355, Bodies: 284)
⚡ FRAME SPIKE #501: 30.7 ms at 16.7s (Draw: 4258, Bodies: 284)
⚡ FRAME SPIKE #502: 30.7 ms at 16.7s (Draw: 4139, Bodies: 284)
⚡ FRAME SPIKE #503: 30.4 ms at 16.8s (Draw: 4069, Bodies: 284)
⚡ FRAME SPIKE #504: 25.1 ms at 16.8s (Draw: 4063, Bodies: 284)
⚡ FRAME SPIKE #505: 30.3 ms at 16.8s (Draw: 4022, Bodies: 284)
⚡ FRAME SPIKE #506: 29.2 ms at 16.8s (Draw: 3991, Bodies: 284)
⚡ FRAME SPIKE #507: 29.2 ms at 16.9s (Draw: 3915, Bodies: 284)
⚡ FRAME SPIKE #508: 30.5 ms at 16.9s (Draw: 3875, Bodies: 284)
⚡ FRAME SPIKE #509: 29.2 ms at 17.0s (Draw: 3869, Bodies: 284)
⚡ FRAME SPIKE #510: 27.2 ms at 17.0s (Draw: 3873, Bodies: 284)
⚡ FRAME SPIKE #511: 29.2 ms at 17.0s (Draw: 3861, Bodies: 284)
⚡ FRAME SPIKE #512: 31.2 ms at 17.0s (Draw: 3871, Bodies: 284)
⚡ FRAME SPIKE #513: 28.8 ms at 17.1s (Draw: 3864, Bodies: 284)
⚡ FRAME SPIKE #514: 30.0 ms at 17.1s (Draw: 3876, Bodies: 284)
⚡ FRAME SPIKE #515: 28.8 ms at 17.2s (Draw: 3867, Bodies: 284)
⚡ FRAME SPIKE #516: 25.9 ms at 17.2s (Draw: 3856, Bodies: 284)
⚡ FRAME SPIKE #517: 28.8 ms at 17.2s (Draw: 3847, Bodies: 284)
⚡ FRAME SPIKE #518: 28.3 ms at 17.2s (Draw: 3849, Bodies: 284)
⚡ FRAME SPIKE #519: 25.7 ms at 17.3s (Draw: 3845, Bodies: 284)
⚡ FRAME SPIKE #520: 29.1 ms at 17.3s (Draw: 3851, Bodies: 284)
⚡ FRAME SPIKE #521: 27.8 ms at 17.3s (Draw: 3846, Bodies: 284)
⚡ FRAME SPIKE #522: 26.5 ms at 17.4s (Draw: 3838, Bodies: 283)
⚡ FRAME SPIKE #523: 29.0 ms at 17.4s (Draw: 3833, Bodies: 283)
⚡ FRAME SPIKE #524: 27.8 ms at 17.4s (Draw: 3830, Bodies: 283)
⚡ FRAME SPIKE #525: 26.2 ms at 17.4s (Draw: 3818, Bodies: 283)
⚡ FRAME SPIKE #526: 27.3 ms at 17.5s (Draw: 3810, Bodies: 283)
⚡ FRAME SPIKE #527: 27.3 ms at 17.5s (Draw: 4735, Bodies: 286)
⚡ FRAME SPIKE #528: 27.3 ms at 17.5s (Draw: 4734, Bodies: 284)
⚡ FRAME SPIKE #529: 27.8 ms at 17.5s (Draw: 4721, Bodies: 284)
⚡ FRAME SPIKE #530: 27.8 ms at 17.6s (Draw: 4725, Bodies: 284)
⚡ FRAME SPIKE #531: 27.8 ms at 17.6s (Draw: 4728, Bodies: 284)
⚡ FRAME SPIKE #532: 29.3 ms at 17.6s (Draw: 4732, Bodies: 284)
⚡ FRAME SPIKE #533: 27.8 ms at 17.7s (Draw: 4732, Bodies: 284)
⚡ FRAME SPIKE #534: 30.3 ms at 17.7s (Draw: 4736, Bodies: 284)
⚡ FRAME SPIKE #535: 32.2 ms at 17.7s (Draw: 4726, Bodies: 283)
⚡ FRAME SPIKE #536: 31.3 ms at 17.7s (Draw: 4721, Bodies: 283)
⚡ FRAME SPIKE #537: 32.0 ms at 17.8s (Draw: 4724, Bodies: 283)
⚡ FRAME SPIKE #538: 31.8 ms at 17.8s (Draw: 4714, Bodies: 283)
⚡ FRAME SPIKE #539: 31.0 ms at 17.8s (Draw: 4695, Bodies: 283)
⚡ FRAME SPIKE #540: 31.0 ms at 17.9s (Draw: 4650, Bodies: 283)
⚡ FRAME SPIKE #541: 31.0 ms at 17.9s (Draw: 4533, Bodies: 283)
⚡ FRAME SPIKE #542: 31.0 ms at 17.9s (Draw: 4417, Bodies: 283)
⚡ FRAME SPIKE #543: 30.6 ms at 18.0s (Draw: 4341, Bodies: 283)
⚡ FRAME SPIKE #544: 31.0 ms at 18.0s (Draw: 4313, Bodies: 283)
⚡ FRAME SPIKE #545: 31.0 ms at 18.0s (Draw: 4301, Bodies: 283)
⚡ FRAME SPIKE #546: 30.9 ms at 18.1s (Draw: 4288, Bodies: 283)
⚡ FRAME SPIKE #547: 30.6 ms at 18.1s (Draw: 4298, Bodies: 283)
OSM: Loading chunk -2,-3 at lat=59.1235, lon=37.8921
OSM: Loaded from cache: osm_v2_59.1235_37.8921_250.json
OSM: Loading chunk 1,-3 at lat=59.1235, lon=37.9079
OSM: Loaded from cache: osm_v2_59.1235_37.9079_250.json
OSM: Chunk -2,-3 data loaded
OSM: Found 14 POI nodes in chunk
POI_DEBUG: Found 'Аптека+' inside building at local (-584.9, -728.9)
OSM: Generated 36 roads, 41 buildings, 0 trees, 0 signs, 0 lamps, 26 intersections
OSM: Marked chunk '-2,-3' for road batch finalization
OSM: Post-initial chunk loaded, pending_lamps=442
OSM: _create_pending_lamps started, count=442
OSM: Created 255 lamps, skipped 187 (added to infrastructure queue)
OSM: Chunk 1,-3 data loaded
OSM: Found 4 entrance nodes in chunk
OSM: Found 29 POI nodes in chunk
POI_DEBUG: Found 'Бон Аппетит' inside building at local (536.3, -777.3)
POI_DEBUG: Found 'Осетинские пироги' inside building at local (571.7, -769.5)
POI_DEBUG: Found 'Ткани для Вас' inside building at local (630.6, -755.6)
POI_DEBUG: Found 'Аста-запчасти' inside building at local (556.2, -773.0)
POI_DEBUG: Found 'Coffee Like' inside building at local (572.0, -760.4)
POI_DEBUG: Found 'Шексна' inside building at local (409.3, -852.9)
POI_DEBUG: Found 'Ozon' inside building at local (392.2, -869.7)
BusinessSign: Found logo for 'ozon' -> res://textures/brand_logos/ozon.png
POI_DEBUG: Found 'Академия слуха' inside building at local (369.2, -911.4)
POI_DEBUG: Found 'DNS' inside building at local (364.5, -739.9)
POI_DEBUG: Found 'Пятёрочка' inside building at local (336.8, -729.4)
POI_DEBUG: Found 'Антей' inside building at local (359.3, -721.5)
BusinessSign: Found logo for 'dns' -> res://textures/brand_logos/dns.png
Loading resource: res://textures/brand_logos/dns.png
Loading resource: res://.godot/imported/dns.png-a78c4eefe01684ddab8fef68c4a2d1e5.ctex
BusinessSign: Found logo for 'пятёрочка' -> res://textures/brand_logos/pyaterochka.png
POI_DEBUG: Found 'Десяточка' inside building at local (434.3, -758.0)
POI_DEBUG: Found 'Алоэ' inside building at local (425.4, -758.1)
POI_DEBUG: Found 'МТС' inside building at local (420.4, -759.2)
BusinessSign: Found logo for 'мтс' -> res://textures/brand_logos/mts.png
Loading resource: res://textures/brand_logos/mts.png
Loading resource: res://.godot/imported/mts.png-2f4f8c344a076d2089587acd6374089a.ctex
POI_DEBUG: Found 'Россельхозбанк' inside building at local (465.8, -706.4)
POI_DEBUG: Found 'OTP-банк' inside building at local (592.3, -604.5)
POI_DEBUG: Found 'ВТБ' inside building at local (594.8, -612.1)
POI_DEBUG: Found 'Шашлычек' inside building at local (589.3, -592.4)
POI_DEBUG: Found 'Easy Slip' inside building at local (581.6, -593.1)
BusinessSign: Found logo for 'втб' -> res://textures/brand_logos/vtb.png
POI_DEBUG: Found 'СДЭК' inside building at local (536.8, -743.2)
POI_DEBUG: Found 'Ozon' inside building at local (559.0, -660.9)
BusinessSign: Found logo for 'ozon' -> res://textures/brand_logos/ozon.png
BusinessSign: Found logo for 'пятёрочка' -> res://textures/brand_logos/pyaterochka.png
OSM: Generated 55 roads, 18 buildings, 0 trees, 0 signs, 0 lamps, 28 intersections
OSM: Marked chunk '1,-3' for road batch finalization
OSM: Post-initial chunk loaded, pending_lamps=0
OSM: _create_pending_lamps started, count=0
OSM: No pending lamps
⚡ FRAME SPIKE #548: 121.6 ms at 18.1s (Draw: 4606, Bodies: 285)
OSM: DEBUG _add_road_to_batch - first road for chunk '1,-3', parent.name='Chunk_1,-3'
OSM: DEBUG _add_road_to_batch - first road for chunk '-2,-3', parent.name='Chunk_-2,-3'
⚠️ SLOW FRAME 12.7ms: building=0.7 road=10.1 terrain=0.2 infra=1.7 veg=0.0 curb=0.0ms
⚡ FRAME SPIKE #549: 87.1 ms at 18.2s (Draw: 4636, Bodies: 285)
🚗 Traffic: 27 active NPCs (Near: 0, Mid: 14, Far: 13), 3 pooled
  → Physics bodies from NPCs: 27 (All: 27×1, было бы 27×5=135)

========== Bottleneck Analysis Report ==========
Time: 28.5s | Frames: 810

📊 PERFORMANCE OVERVIEW:
  FPS: 33.0 avg | 31.0 min
  Frame Time: 28.00 ms avg | 41.23 ms max
  Physics Time: 8.22 ms avg

🔍 BOTTLENECK IDENTIFICATION:
  🟠 [HIGH] Frame Time
      Value: 28.00 ms (target: 16.67 ms)
      Impact: Overall performance bottleneck
      Suggestions:
        • Reduce draw calls
        • Optimize scripts in _process()
        • Check for expensive operations per frame

  🟠 [HIGH] Draw Calls
      Value: 4177 calls/frame
      Impact: GPU rendering overhead
      Suggestions:
        • Batch meshes by material
        • Use MultiMeshInstance3D
        • Implement LOD system
        • Enable frustum culling

  🟠 [HIGH] Physics Bodies
      Value: 283 active bodies
      Impact: Physics engine load
      Suggestions:
        • Reduce NPC count
        • Convert distant NPCs to kinematic
        • Disable physics for far objects

  🟡 [MEDIUM] Physics Time
      Value: 8.22 ms
      Impact: Physics simulation overhead
      Suggestions:
        • Reduce number of active physics bodies
        • Simplify collision shapes
        • Disable physics for distant objects

  🟡 [MEDIUM] Vertex Count
      Value: 3571559 vertices/frame
      Impact: GPU vertex processing
      Suggestions:
        • Implement LOD for distant objects
        • Simplify building meshes
        • Use lower poly models

  🟡 [MEDIUM] Node Count
      Value: 18150 nodes
      Impact: Scene tree traversal overhead
      Suggestions:
        • Unload distant chunks
        • Pool and reuse nodes
        • Flatten hierarchy where possible

  🟡 [MEDIUM] Post-Processing Effects
      Value: SSAO, Glow/Bloom, Volumetric Fog
      Impact: GPU shader overhead
      Suggestions:
        • Reduce SSR quality
        • Disable SSAO on low-end hardware
        • Use simpler fog

📈 DETAILED STATS:
  Draw Calls: 4177 avg | 4736 max
  Vertices: 3571559 avg | 3829613 max
  Physics Bodies: 283
  Nodes: 18150
  VRAM: 755.1 MB

=================================================

⚡ FRAME SPIKE #550: 64.8 ms at 18.3s (Draw: 4644, Bodies: 285)
⚡ FRAME SPIKE #551: 52.6 ms at 18.4s (Draw: 4658, Bodies: 285)
⚠️ SLOW FRAME 12.6ms: building=0.5 road=5.2 terrain=0.2 infra=1.5 veg=5.3 curb=0.0ms
⚡ FRAME SPIKE #552: 51.1 ms at 18.4s (Draw: 4683, Bodies: 285)
⚠️ SLOW FRAME 12.6ms: building=0.5 road=10.4 terrain=0.3 infra=1.4 veg=0.0 curb=0.0ms
⚡ FRAME SPIKE #553: 61.1 ms at 18.5s (Draw: 4697, Bodies: 287)
⚡ FRAME SPIKE #554: 47.8 ms at 18.6s (Draw: 4697, Bodies: 287)
🔴 FREEZE: road collision shape creation took 5.9 ms for chunk -2,-3 (type: residential)
OSM: ✅ Finalized road batch -2,-3/residential: 1996 vertices, 1940 triangles, material: <ImageTexture#-9223371972648368119>
OSM: ✅ Finalized road batch -2,-3/primary: 410 vertices, 406 triangles, material: <ImageTexture#-9223371972749031416>
OSM: ✅ Finalized road batch -2,-3/path: 658 vertices, 646 triangles, material: <ImageTexture#-9223371972547704822>
⚠️ SLOW: road batch finalization took 10.1 ms for chunk -2,-3
⚠️ SLOW FRAME 12.4ms: building=0.4 road=10.2 terrain=0.2 infra=1.5 veg=0.0 curb=0.0ms
⚡ FRAME SPIKE #555: 45.3 ms at 18.6s (Draw: 4720, Bodies: 287)
OSM: ✅ Finalized road batch 1,-3/residential: 1686 vertices, 1624 triangles, material: <ImageTexture#-9223371972648368119>
OSM: ✅ Finalized road batch 1,-3/path: 1238 vertices, 1192 triangles, material: <ImageTexture#-9223371972547704822>
OSM: ✅ Finalized road batch 1,-3/primary: 180 vertices, 178 triangles, material: <ImageTexture#-9223371972749031416>
⚠️ SLOW: road batch finalization took 9.7 ms for chunk 1,-3
⚠️ SLOW FRAME 11.9ms: building=0.5 road=9.7 terrain=0.2 infra=1.5 veg=0.0 curb=0.0ms
⚡ FRAME SPIKE #556: 50.0 ms at 18.7s (Draw: 4757, Bodies: 287)
⚡ FRAME SPIKE #557: 40.3 ms at 18.7s (Draw: 4749, Bodies: 287)
⚡ FRAME SPIKE #558: 40.9 ms at 18.7s (Draw: 4750, Bodies: 287)
⚡ FRAME SPIKE #559: 44.4 ms at 18.8s (Draw: 4760, Bodies: 287)
⚡ FRAME SPIKE #560: 44.4 ms at 18.8s (Draw: 4757, Bodies: 287)
⚡ FRAME SPIKE #561: 36.5 ms at 18.9s (Draw: 4763, Bodies: 287)
⚡ FRAME SPIKE #562: 36.6 ms at 18.9s (Draw: 4774, Bodies: 287)
⚡ FRAME SPIKE #563: 41.7 ms at 18.9s (Draw: 4784, Bodies: 286)
⚡ FRAME SPIKE #564: 38.5 ms at 19.0s (Draw: 4798, Bodies: 286)
⚡ FRAME SPIKE #565: 36.7 ms at 19.0s (Draw: 4812, Bodies: 286)
⚡ FRAME SPIKE #566: 39.6 ms at 19.1s (Draw: 4831, Bodies: 286)

=== PERFORMANCE METRICS ===
FPS: 22 | Frame: 33.1 ms (max 121.6) | Physics: 16.6 ms (max 126.4)
Godot Process: 120.35 ms | Physics: 6.97 ms
Objects: 45677 | Nodes: 18888 | Resources: 538
Draw calls: 4831 | Vertices: 3722094 | VRAM: 757.6 MB
Physics bodies: 286 | Collision pairs: 3354
--- System Times ---
  road_batch_finalize_total_-1,-1: 10.52 ms (max 10.52)
  road_batch_finalize_total_-1,-2: 5.25 ms (max 5.25)
  road_batch_finalize_total_-1,-3: 26.08 ms (max 26.08)
  road_batch_finalize_total_-1,0: 14.40 ms (max 14.40)
  road_batch_finalize_total_-2,-1: 22.75 ms (max 22.75)
  road_batch_finalize_total_-2,-2: 6.28 ms (max 6.28)
  road_batch_finalize_total_-2,-3: 10.11 ms (max 10.11)
  road_batch_finalize_total_-2,0: 20.76 ms (max 20.76)
  road_batch_finalize_total_0,-1: 23.51 ms (max 23.51)
  road_batch_finalize_total_0,-2: 24.46 ms (max 24.46)
  road_batch_finalize_total_0,-3: 24.86 ms (max 24.86)
  road_batch_finalize_total_0,0: 23.28 ms (max 23.28)
  road_batch_finalize_total_0,1: 26.48 ms (max 26.48)
  road_batch_finalize_total_1,-1: 19.59 ms (max 19.59)
  road_batch_finalize_total_1,-2: 28.29 ms (max 28.29)
  road_batch_finalize_total_1,-3: 9.66 ms (max 9.66)
  road_batch_finalize_total_1,0: 1.77 ms (max 1.77)
  road_collision_create_-1,-1: 3.30 ms (max 4.00)
  road_collision_create_-1,-2: 2.40 ms (max 2.94)
  road_collision_create_-1,-3: 8.42 ms (max 21.84)
  road_collision_create_-1,0: 6.98 ms (max 11.84)
  road_collision_create_-2,-1: 7.37 ms (max 16.50)
  road_collision_create_-2,-2: 2.95 ms (max 3.83)
  road_collision_create_-2,-3: 3.10 ms (max 5.93)
  road_collision_create_-2,0: 10.14 ms (max 17.31)
  road_collision_create_0,-1: 7.61 ms (max 17.59)
  road_collision_create_0,-2: 7.94 ms (max 17.36)
  road_collision_create_0,-3: 7.95 ms (max 17.78)
  road_collision_create_0,0: 7.55 ms (max 19.41)
  road_collision_create_0,1: 26.23 ms (max 26.23)
  road_collision_create_1,-1: 6.33 ms (max 15.25)
  road_collision_create_1,-2: 13.87 ms (max 25.23)
  road_collision_create_1,-3: 2.98 ms (max 4.52)
  road_collision_create_1,0: 1.57 ms (max 1.57)
===========================

=== PERFORMANCE METRICS ===
FPS: 22 | Frame: 33.1 ms (max 121.6) | Physics: 16.6 ms (max 126.6)
Godot Process: 120.35 ms | Physics: 6.97 ms
Objects: 45677 | Nodes: 18888 | Resources: 538
Draw calls: 4831 | Vertices: 3722094 | VRAM: 757.6 MB
Physics bodies: 286 | Collision pairs: 3354
===========================
⚡ FRAME SPIKE #567: 40.8 ms at 19.1s (Draw: 4843, Bodies: 286)
⚡ FRAME SPIKE #568: 40.0 ms at 19.1s (Draw: 4822, Bodies: 285)
⚡ FRAME SPIKE #569: 39.6 ms at 19.2s (Draw: 4788, Bodies: 285)
⚡ FRAME SPIKE #570: 36.3 ms at 19.2s (Draw: 4738, Bodies: 285)
⚡ FRAME SPIKE #571: 36.8 ms at 19.3s (Draw: 4738, Bodies: 285)
⚡ FRAME SPIKE #572: 38.9 ms at 19.3s (Draw: 4744, Bodies: 285)
⚡ FRAME SPIKE #573: 38.9 ms at 19.3s (Draw: 4739, Bodies: 285)
⚡ FRAME SPIKE #574: 38.9 ms at 19.4s (Draw: 4758, Bodies: 285)
⚡ FRAME SPIKE #575: 38.9 ms at 19.4s (Draw: 4754, Bodies: 284)
⚡ FRAME SPIKE #576: 38.9 ms at 19.5s (Draw: 4756, Bodies: 284)
⚡ FRAME SPIKE #577: 38.9 ms at 19.5s (Draw: 4762, Bodies: 284)
⚡ FRAME SPIKE #578: 38.9 ms at 19.5s (Draw: 4778, Bodies: 286)
⚡ FRAME SPIKE #579: 38.3 ms at 19.6s (Draw: 4803, Bodies: 286)
⚡ FRAME SPIKE #580: 36.7 ms at 19.6s (Draw: 4820, Bodies: 286)
⚡ FRAME SPIKE #581: 38.3 ms at 19.6s (Draw: 4851, Bodies: 286)
⚡ FRAME SPIKE #582: 38.9 ms at 19.7s (Draw: 4883, Bodies: 285)
⚡ FRAME SPIKE #583: 38.7 ms at 19.7s (Draw: 4887, Bodies: 285)
⚡ FRAME SPIKE #584: 38.3 ms at 19.8s (Draw: 4902, Bodies: 285)
⚡ FRAME SPIKE #585: 38.9 ms at 19.8s (Draw: 4857, Bodies: 285)
⚡ FRAME SPIKE #586: 38.9 ms at 19.8s (Draw: 4740, Bodies: 285)
⚡ FRAME SPIKE #587: 38.3 ms at 19.9s (Draw: 4731, Bodies: 285)
⚡ FRAME SPIKE #588: 38.9 ms at 19.9s (Draw: 4677, Bodies: 285)
⚡ FRAME SPIKE #589: 38.9 ms at 20.0s (Draw: 4688, Bodies: 285)
⚡ FRAME SPIKE #590: 38.3 ms at 20.0s (Draw: 4691, Bodies: 285)
⚡ FRAME SPIKE #591: 38.9 ms at 20.0s (Draw: 4688, Bodies: 285)
⚡ FRAME SPIKE #592: 38.9 ms at 20.1s (Draw: 4725, Bodies: 285)
⚡ FRAME SPIKE #593: 38.7 ms at 20.1s (Draw: 4741, Bodies: 285)
⚡ FRAME SPIKE #594: 38.9 ms at 20.1s (Draw: 4745, Bodies: 285)
⚡ FRAME SPIKE #595: 38.9 ms at 20.2s (Draw: 4757, Bodies: 285)
⚡ FRAME SPIKE #596: 38.9 ms at 20.2s (Draw: 4764, Bodies: 285)
⚡ FRAME SPIKE #597: 38.9 ms at 20.3s (Draw: 4763, Bodies: 285)
⚡ FRAME SPIKE #598: 38.9 ms at 20.3s (Draw: 4770, Bodies: 285)
🚗 Traffic: 27 active NPCs (Near: 0, Mid: 11, Far: 16), 3 pooled
  → Physics bodies from NPCs: 27 (All: 27×1, было бы 27×5=135)

========== Bottleneck Analysis Report ==========
Time: 30.5s | Frames: 859

📊 PERFORMANCE OVERVIEW:
  FPS: 30.3 avg | 22.0 min
  Frame Time: 42.94 ms avg | 120.35 ms max
  Physics Time: 7.10 ms avg

🔍 BOTTLENECK IDENTIFICATION:
  🔴 [CRITICAL] Frame Time
      Value: 42.94 ms (target: 16.67 ms)
      Impact: Overall performance bottleneck
      Suggestions:
        • Reduce draw calls
        • Optimize scripts in _process()
        • Check for expensive operations per frame

  🟠 [HIGH] Draw Calls
      Value: 4458 calls/frame
      Impact: GPU rendering overhead
      Suggestions:
        • Batch meshes by material
        • Use MultiMeshInstance3D
        • Implement LOD system
        • Enable frustum culling

  🟠 [HIGH] Physics Bodies
      Value: 284 active bodies
      Impact: Physics engine load
      Suggestions:
        • Reduce NPC count
        • Convert distant NPCs to kinematic
        • Disable physics for far objects

  🟡 [MEDIUM] Physics Time
      Value: 7.10 ms
      Impact: Physics simulation overhead
      Suggestions:
        • Reduce number of active physics bodies
        • Simplify collision shapes
        • Disable physics for distant objects

  🟡 [MEDIUM] Vertex Count
      Value: 3634363 vertices/frame
      Impact: GPU vertex processing
      Suggestions:
        • Implement LOD for distant objects
        • Simplify building meshes
        • Use lower poly models

  🟡 [MEDIUM] Node Count
      Value: 20539 nodes
      Impact: Scene tree traversal overhead
      Suggestions:
        • Unload distant chunks
        • Pool and reuse nodes
        • Flatten hierarchy where possible

  🟡 [MEDIUM] Post-Processing Effects
      Value: SSAO, Glow/Bloom, Volumetric Fog
      Impact: GPU shader overhead
      Suggestions:
        • Reduce SSR quality
        • Disable SSAO on low-end hardware
        • Use simpler fog

📈 DETAILED STATS:
  Draw Calls: 4458 avg | 4902 max
  Vertices: 3634363 avg | 3982389 max
  Physics Bodies: 284
  Nodes: 20539
  VRAM: 762.0 MB

=================================================

⚡ FRAME SPIKE #599: 38.9 ms at 20.3s (Draw: 4771, Bodies: 285)
OSM: 🌙 NIGHT Window batch 1,-3 | night_mgr: CACHED | is_night value: true
OSM: ✅ Finalized window batch 1,-3: 4506 windows (was 4506 draw calls before batching)
⚡ FRAME SPIKE #600: 38.9 ms at 20.4s (Draw: 4752, Bodies: 284)
OSM: 🌙 NIGHT Window batch -2,-3 | night_mgr: CACHED | is_night value: true
OSM: ✅ Finalized window batch -2,-3: 5341 windows (was 5341 draw calls before batching)
⚡ FRAME SPIKE #601: 38.9 ms at 20.4s (Draw: 4738, Bodies: 284)
⚡ FRAME SPIKE #602: 38.9 ms at 20.5s (Draw: 4723, Bodies: 284)
⚡ FRAME SPIKE #603: 38.9 ms at 20.5s (Draw: 4740, Bodies: 284)
⚡ FRAME SPIKE #604: 38.9 ms at 20.5s (Draw: 4750, Bodies: 284)
⚡ FRAME SPIKE #605: 36.0 ms at 20.6s (Draw: 4749, Bodies: 284)
⚡ FRAME SPIKE #606: 38.3 ms at 20.6s (Draw: 4756, Bodies: 284)
⚡ FRAME SPIKE #607: 38.3 ms at 20.6s (Draw: 4767, Bodies: 284)
⚡ FRAME SPIKE #608: 38.3 ms at 20.7s (Draw: 4768, Bodies: 284)
⚡ FRAME SPIKE #609: 38.0 ms at 20.7s (Draw: 4778, Bodies: 284)
⚡ FRAME SPIKE #610: 38.3 ms at 20.8s (Draw: 4793, Bodies: 284)
⚡ FRAME SPIKE #611: 38.3 ms at 20.8s (Draw: 4799, Bodies: 284)
⚡ FRAME SPIKE #612: 35.8 ms at 20.8s (Draw: 4812, Bodies: 284)
⚡ FRAME SPIKE #613: 34.9 ms at 20.9s (Draw: 4824, Bodies: 284)
⚡ FRAME SPIKE #614: 38.1 ms at 20.9s (Draw: 4835, Bodies: 285)
⚡ FRAME SPIKE #615: 36.9 ms at 20.9s (Draw: 4873, Bodies: 284)
⚡ FRAME SPIKE #616: 34.9 ms at 21.0s (Draw: 4881, Bodies: 284)
⚡ FRAME SPIKE #617: 36.4 ms at 21.0s (Draw: 4935, Bodies: 284)
⚡ FRAME SPIKE #618: 36.3 ms at 21.1s (Draw: 5027, Bodies: 284)
⚡ FRAME SPIKE #619: 36.0 ms at 21.1s (Draw: 5054, Bodies: 284)
⚡ FRAME SPIKE #620: 36.7 ms at 21.1s (Draw: 5075, Bodies: 284)
⚡ FRAME SPIKE #621: 36.7 ms at 21.2s (Draw: 5083, Bodies: 284)
⚡ FRAME SPIKE #622: 36.7 ms at 21.2s (Draw: 5113, Bodies: 284)
⚡ FRAME SPIKE #623: 36.4 ms at 21.2s (Draw: 5122, Bodies: 284)
⚡ FRAME SPIKE #624: 36.4 ms at 21.3s (Draw: 5130, Bodies: 284)
⚡ FRAME SPIKE #625: 36.4 ms at 21.3s (Draw: 5132, Bodies: 284)
⚡ FRAME SPIKE #626: 36.4 ms at 21.3s (Draw: 5103, Bodies: 284)
⚡ FRAME SPIKE #627: 36.4 ms at 21.4s (Draw: 5076, Bodies: 284)
⚡ FRAME SPIKE #628: 36.4 ms at 21.4s (Draw: 5030, Bodies: 285)
⚡ FRAME SPIKE #629: 36.4 ms at 21.5s (Draw: 5028, Bodies: 285)
⚡ FRAME SPIKE #630: 36.4 ms at 21.5s (Draw: 5047, Bodies: 286)
⚡ FRAME SPIKE #631: 36.4 ms at 21.5s (Draw: 5060, Bodies: 287)
⚡ FRAME SPIKE #632: 36.4 ms at 21.6s (Draw: 5071, Bodies: 288)
⚡ FRAME SPIKE #633: 36.4 ms at 21.6s (Draw: 5075, Bodies: 288)
⚡ FRAME SPIKE #634: 36.4 ms at 21.6s (Draw: 5067, Bodies: 288)
⚡ FRAME SPIKE #635: 36.4 ms at 21.7s (Draw: 5061, Bodies: 288)
⚡ FRAME SPIKE #636: 36.7 ms at 21.7s (Draw: 5070, Bodies: 288)
⚡ FRAME SPIKE #637: 36.7 ms at 21.7s (Draw: 5073, Bodies: 287)
⚡ FRAME SPIKE #638: 36.7 ms at 21.8s (Draw: 5054, Bodies: 287)
⚡ FRAME SPIKE #639: 36.7 ms at 21.8s (Draw: 5005, Bodies: 287)
⚡ FRAME SPIKE #640: 36.7 ms at 21.9s (Draw: 4958, Bodies: 287)
⚡ FRAME SPIKE #641: 36.7 ms at 21.9s (Draw: 4912, Bodies: 287)
⚡ FRAME SPIKE #642: 36.7 ms at 21.9s (Draw: 4907, Bodies: 288)
⚡ FRAME SPIKE #643: 36.7 ms at 22.0s (Draw: 4905, Bodies: 288)
⚡ FRAME SPIKE #644: 36.4 ms at 22.0s (Draw: 4916, Bodies: 288)
⚡ FRAME SPIKE #645: 36.4 ms at 22.0s (Draw: 4912, Bodies: 288)
⚡ FRAME SPIKE #646: 36.7 ms at 22.1s (Draw: 4926, Bodies: 289)
⚡ FRAME SPIKE #647: 36.7 ms at 22.1s (Draw: 4933, Bodies: 289)
⚡ FRAME SPIKE #648: 36.7 ms at 22.1s (Draw: 4934, Bodies: 289)
⚡ FRAME SPIKE #649: 39.9 ms at 22.2s (Draw: 4933, Bodies: 289)
⚡ FRAME SPIKE #650: 46.4 ms at 22.2s (Draw: 4932, Bodies: 289)
⚡ FRAME SPIKE #651: 36.1 ms at 22.3s (Draw: 4948, Bodies: 289)
⚡ FRAME SPIKE #652: 37.5 ms at 22.3s (Draw: 4947, Bodies: 290)
🚗 Traffic: 24 active NPCs (Near: 0, Mid: 5, Far: 19), 6 pooled
  → Physics bodies from NPCs: 24 (All: 24×1, было бы 24×5=120)

========== Bottleneck Analysis Report ==========
Time: 32.5s | Frames: 913

📊 PERFORMANCE OVERVIEW:
  FPS: 27.1 avg | 22.0 min
  Frame Time: 44.72 ms avg | 120.35 ms max
  Physics Time: 7.14 ms avg

🔍 BOTTLENECK IDENTIFICATION:
  🔴 [CRITICAL] Frame Time
      Value: 44.72 ms (target: 16.67 ms)
      Impact: Overall performance bottleneck
      Suggestions:
        • Reduce draw calls
        • Optimize scripts in _process()
        • Check for expensive operations per frame

  🟠 [HIGH] Draw Calls
      Value: 4811 calls/frame
      Impact: GPU rendering overhead
      Suggestions:
        • Batch meshes by material
        • Use MultiMeshInstance3D
        • Implement LOD system
        • Enable frustum culling

  🟠 [HIGH] Physics Bodies
      Value: 285 active bodies
      Impact: Physics engine load
      Suggestions:
        • Reduce NPC count
        • Convert distant NPCs to kinematic
        • Disable physics for far objects

  🟡 [MEDIUM] Physics Time
      Value: 7.14 ms
      Impact: Physics simulation overhead
      Suggestions:
        • Reduce number of active physics bodies
        • Simplify collision shapes
        • Disable physics for distant objects

  🟡 [MEDIUM] Vertex Count
      Value: 3976172 vertices/frame
      Impact: GPU vertex processing
      Suggestions:
        • Implement LOD for distant objects
        • Simplify building meshes
        • Use lower poly models

  🟡 [MEDIUM] Node Count
      Value: 20819 nodes
      Impact: Scene tree traversal overhead
      Suggestions:
        • Unload distant chunks
        • Pool and reuse nodes
        • Flatten hierarchy where possible

  🟡 [MEDIUM] Post-Processing Effects
      Value: SSAO, Glow/Bloom, Volumetric Fog
      Impact: GPU shader overhead
      Suggestions:
        • Reduce SSR quality
        • Disable SSAO on low-end hardware
        • Use simpler fog

📈 DETAILED STATS:
  Draw Calls: 4811 avg | 5132 max
  Vertices: 3976172 avg | 4542949 max
  Physics Bodies: 285
  Nodes: 20819
  VRAM: 768.7 MB

=================================================

⚡ FRAME SPIKE #653: 38.9 ms at 22.3s (Draw: 4968, Bodies: 291)
⚡ FRAME SPIKE #654: 37.5 ms at 22.4s (Draw: 4984, Bodies: 291)
⚡ FRAME SPIKE #655: 36.1 ms at 22.4s (Draw: 4998, Bodies: 291)
⚡ FRAME SPIKE #656: 50.0 ms at 22.5s (Draw: 4975, Bodies: 292)
⚡ FRAME SPIKE #657: 37.5 ms at 22.5s (Draw: 4973, Bodies: 292)
⚡ FRAME SPIKE #658: 37.5 ms at 22.5s (Draw: 4893, Bodies: 292)
⚡ FRAME SPIKE #659: 37.5 ms at 22.6s (Draw: 4849, Bodies: 294)
⚡ FRAME SPIKE #660: 36.3 ms at 22.6s (Draw: 4850, Bodies: 294)
⚡ FRAME SPIKE #661: 35.3 ms at 22.7s (Draw: 4849, Bodies: 294)
⚡ FRAME SPIKE #662: 37.5 ms at 22.7s (Draw: 4928, Bodies: 293)
⚡ FRAME SPIKE #663: 37.5 ms at 22.7s (Draw: 4957, Bodies: 294)
⚡ FRAME SPIKE #664: 35.4 ms at 22.8s (Draw: 4974, Bodies: 293)
⚡ FRAME SPIKE #665: 33.9 ms at 22.8s (Draw: 4999, Bodies: 293)
⚡ FRAME SPIKE #666: 35.2 ms at 22.8s (Draw: 5014, Bodies: 293)
⚡ FRAME SPIKE #667: 34.8 ms at 22.9s (Draw: 5014, Bodies: 293)
⚡ FRAME SPIKE #668: 33.5 ms at 22.9s (Draw: 5023, Bodies: 293)
⚡ FRAME SPIKE #669: 32.9 ms at 22.9s (Draw: 5039, Bodies: 294)
⚡ FRAME SPIKE #670: 33.1 ms at 23.0s (Draw: 5055, Bodies: 294)
⚡ FRAME SPIKE #671: 32.7 ms at 23.0s (Draw: 5049, Bodies: 295)
⚡ FRAME SPIKE #672: 33.4 ms at 23.0s (Draw: 5025, Bodies: 296)
⚡ FRAME SPIKE #673: 33.3 ms at 23.1s (Draw: 5031, Bodies: 296)
⚡ FRAME SPIKE #674: 33.3 ms at 23.1s (Draw: 5024, Bodies: 297)
⚡ FRAME SPIKE #675: 32.4 ms at 23.1s (Draw: 5000, Bodies: 298)
⚡ FRAME SPIKE #676: 33.3 ms at 23.2s (Draw: 4992, Bodies: 299)
⚡ FRAME SPIKE #677: 33.3 ms at 23.2s (Draw: 4995, Bodies: 299)
⚡ FRAME SPIKE #678: 33.0 ms at 23.2s (Draw: 4964, Bodies: 300)
⚡ FRAME SPIKE #679: 33.2 ms at 23.3s (Draw: 4929, Bodies: 300)
⚡ FRAME SPIKE #680: 33.3 ms at 23.3s (Draw: 4885, Bodies: 300)
⚡ FRAME SPIKE #681: 33.1 ms at 23.3s (Draw: 4866, Bodies: 301)
⚡ FRAME SPIKE #682: 33.3 ms at 23.4s (Draw: 4864, Bodies: 301)
⚡ FRAME SPIKE #683: 33.3 ms at 23.4s (Draw: 4933, Bodies: 302)
⚡ FRAME SPIKE #684: 33.3 ms at 23.4s (Draw: 4969, Bodies: 303)
⚡ FRAME SPIKE #685: 32.7 ms at 23.5s (Draw: 4996, Bodies: 304)
⚡ FRAME SPIKE #686: 32.6 ms at 23.5s (Draw: 5025, Bodies: 305)
⚡ FRAME SPIKE #687: 32.9 ms at 23.5s (Draw: 5041, Bodies: 305)
⚡ FRAME SPIKE #688: 31.9 ms at 23.6s (Draw: 5050, Bodies: 306)
⚡ FRAME SPIKE #689: 33.3 ms at 23.6s (Draw: 5048, Bodies: 305)
⚡ FRAME SPIKE #690: 33.3 ms at 23.6s (Draw: 5048, Bodies: 305)
⚡ FRAME SPIKE #691: 33.3 ms at 23.7s (Draw: 5052, Bodies: 305)
⚡ FRAME SPIKE #692: 33.3 ms at 23.7s (Draw: 5053, Bodies: 306)
⚡ FRAME SPIKE #693: 33.3 ms at 23.7s (Draw: 5042, Bodies: 307)
⚡ FRAME SPIKE #694: 33.3 ms at 23.8s (Draw: 5029, Bodies: 308)
⚡ FRAME SPIKE #695: 33.3 ms at 23.8s (Draw: 5017, Bodies: 309)
⚡ FRAME SPIKE #696: 32.2 ms at 23.8s (Draw: 4983, Bodies: 310)
⚡ FRAME SPIKE #697: 32.1 ms at 23.9s (Draw: 4984, Bodies: 311)
⚡ FRAME SPIKE #698: 33.3 ms at 23.9s (Draw: 4971, Bodies: 311)
⚡ FRAME SPIKE #699: 33.3 ms at 23.9s (Draw: 4958, Bodies: 312)
⚡ FRAME SPIKE #700: 33.3 ms at 24.0s (Draw: 4862, Bodies: 311)
⚡ FRAME SPIKE #701: 33.3 ms at 24.0s (Draw: 4881, Bodies: 311)
⚡ FRAME SPIKE #702: 31.8 ms at 24.0s (Draw: 4885, Bodies: 311)
⚡ FRAME SPIKE #703: 30.5 ms at 24.1s (Draw: 4890, Bodies: 312)
⚡ FRAME SPIKE #704: 30.4 ms at 24.1s (Draw: 4894, Bodies: 313)

=== PERFORMANCE METRICS ===
FPS: 30 | Frame: 34.3 ms (max 121.6) | Physics: 16.6 ms (max 41.1)
Godot Process: 24.04 ms | Physics: 6.51 ms
Objects: 50395 | Nodes: 21048 | Resources: 538
Draw calls: 4894 | Vertices: 4673807 | VRAM: 771.8 MB
Physics bodies: 313 | Collision pairs: 3672
--- System Times ---
  road_batch_finalize_total_-1,-1: 10.52 ms (max 10.52)
  road_batch_finalize_total_-1,-2: 5.25 ms (max 5.25)
  road_batch_finalize_total_-1,-3: 26.08 ms (max 26.08)
  road_batch_finalize_total_-1,0: 14.40 ms (max 14.40)
  road_batch_finalize_total_-2,-1: 22.75 ms (max 22.75)
  road_batch_finalize_total_-2,-2: 6.28 ms (max 6.28)
  road_batch_finalize_total_-2,-3: 10.11 ms (max 10.11)
  road_batch_finalize_total_-2,0: 20.76 ms (max 20.76)
  road_batch_finalize_total_0,-1: 23.51 ms (max 23.51)
  road_batch_finalize_total_0,-2: 24.46 ms (max 24.46)
  road_batch_finalize_total_0,-3: 24.86 ms (max 24.86)
  road_batch_finalize_total_0,0: 23.28 ms (max 23.28)
  road_batch_finalize_total_0,1: 26.48 ms (max 26.48)
  road_batch_finalize_total_1,-1: 19.59 ms (max 19.59)
  road_batch_finalize_total_1,-2: 28.29 ms (max 28.29)
  road_batch_finalize_total_1,-3: 9.66 ms (max 9.66)
  road_batch_finalize_total_1,0: 1.77 ms (max 1.77)
  road_collision_create_-1,-1: 3.30 ms (max 4.00)
  road_collision_create_-1,-2: 2.40 ms (max 2.94)
  road_collision_create_-1,-3: 8.42 ms (max 21.84)
  road_collision_create_-1,0: 6.98 ms (max 11.84)
  road_collision_create_-2,-1: 7.37 ms (max 16.50)
  road_collision_create_-2,-2: 2.95 ms (max 3.83)
  road_collision_create_-2,-3: 3.10 ms (max 5.93)
  road_collision_create_-2,0: 10.14 ms (max 17.31)
  road_collision_create_0,-1: 7.61 ms (max 17.59)
  road_collision_create_0,-2: 7.94 ms (max 17.36)
  road_collision_create_0,-3: 7.95 ms (max 17.78)
  road_collision_create_0,0: 7.55 ms (max 19.41)
  road_collision_create_0,1: 26.23 ms (max 26.23)
  road_collision_create_1,-1: 6.33 ms (max 15.25)
  road_collision_create_1,-2: 13.87 ms (max 25.23)
  road_collision_create_1,-3: 2.98 ms (max 4.52)
  road_collision_create_1,0: 1.57 ms (max 1.57)
===========================

=== PERFORMANCE METRICS ===
FPS: 30 | Frame: 34.3 ms (max 121.6) | Physics: 16.6 ms (max 41.2)
Godot Process: 24.04 ms | Physics: 6.51 ms
Objects: 50395 | Nodes: 21048 | Resources: 538
Draw calls: 4894 | Vertices: 4673807 | VRAM: 771.8 MB
Physics bodies: 313 | Collision pairs: 3672
===========================
⚡ FRAME SPIKE #705: 26.9 ms at 24.1s (Draw: 4897, Bodies: 314)
⚡ FRAME SPIKE #706: 31.9 ms at 24.2s (Draw: 4902, Bodies: 313)
⚡ FRAME SPIKE #707: 31.7 ms at 24.2s (Draw: 4903, Bodies: 314)
⚡ FRAME SPIKE #708: 31.4 ms at 24.2s (Draw: 4909, Bodies: 314)
⚡ FRAME SPIKE #709: 31.9 ms at 24.2s (Draw: 5007, Bodies: 314)
⚡ FRAME SPIKE #710: 31.9 ms at 24.3s (Draw: 5024, Bodies: 315)
⚡ FRAME SPIKE #711: 31.6 ms at 24.3s (Draw: 5049, Bodies: 316)
OSM: Loading chunk -1,-4 at lat=59.1262, lon=37.8974
OSM: Loaded from cache: osm_v2_59.1262_37.8974_250.json
OSM: Loading chunk 0,-4 at lat=59.1262, lon=37.9026
OSM: Loaded from cache: osm_v2_59.1262_37.9026_250.json
OSM: Chunk -1,-4 data loaded
OSM: Found 12 POI nodes in chunk
POI_DEBUG: Found 'Муниципальное учреждение здравоохранения Стомотологическая п-ка №1. Протезирование' inside building at local (-317.5, -1042.1)
POI_DEBUG: Found 'Сбербанк' inside building at local (-151.6, -859.4)
BusinessSign: Found logo for 'сбербанк' -> res://textures/brand_logos/sberbank.png
BusinessSign: Found logo for 'сбербанк' -> res://textures/brand_logos/sberbank.png
OSM: Generated 49 roads, 50 buildings, 0 trees, 0 signs, 0 lamps, 21 intersections
OSM: Marked chunk '-1,-4' for road batch finalization
OSM: Post-initial chunk loaded, pending_lamps=234
OSM: _create_pending_lamps started, count=234
OSM: Created 141 lamps, skipped 93 (added to infrastructure queue)
OSM: Chunk 0,-4 data loaded
OSM: Found 9 POI nodes in chunk
OSM: Generated 21 roads, 15 buildings, 0 trees, 0 signs, 0 lamps, 12 intersections
OSM: Marked chunk '0,-4' for road batch finalization
OSM: Post-initial chunk loaded, pending_lamps=0
OSM: _create_pending_lamps started, count=0
OSM: No pending lamps
⚡ FRAME SPIKE #712: 112.6 ms at 24.3s (Draw: 5114, Bodies: 328)
OSM: DEBUG _add_road_to_batch - first road for chunk '-1,-4', parent.name='Chunk_-1,-4'
OSM: DEBUG _add_road_to_batch - first road for chunk '0,-4', parent.name='Chunk_0,-4'
🚗 Traffic: 13 active NPCs (Near: 0, Mid: 5, Far: 8), 17 pooled
  → Physics bodies from NPCs: 13 (All: 13×1, было бы 13×5=65)

========== Bottleneck Analysis Report ==========
Time: 34.7s | Frames: 973

📊 PERFORMANCE OVERVIEW:
  FPS: 27.0 avg | 26.0 min
  Frame Time: 26.25 ms avg | 31.22 ms max
  Physics Time: 7.54 ms avg

🔍 BOTTLENECK IDENTIFICATION:
  🟠 [HIGH] Frame Time
      Value: 26.25 ms (target: 16.67 ms)
      Impact: Overall performance bottleneck
      Suggestions:
        • Reduce draw calls
        • Optimize scripts in _process()
        • Check for expensive operations per frame

  🟠 [HIGH] Draw Calls
      Value: 4946 calls/frame
      Impact: GPU rendering overhead
      Suggestions:
        • Batch meshes by material
        • Use MultiMeshInstance3D
        • Implement LOD system
        • Enable frustum culling

  🟠 [HIGH] Physics Bodies
      Value: 294 active bodies
      Impact: Physics engine load
      Suggestions:
        • Reduce NPC count
        • Convert distant NPCs to kinematic
        • Disable physics for far objects

  🟡 [MEDIUM] Physics Time
      Value: 7.54 ms
      Impact: Physics simulation overhead
      Suggestions:
        • Reduce number of active physics bodies
        • Simplify collision shapes
        • Disable physics for distant objects

  🟡 [MEDIUM] Vertex Count
      Value: 4457321 vertices/frame
      Impact: GPU vertex processing
      Suggestions:
        • Implement LOD for distant objects
        • Simplify building meshes
        • Use lower poly models

  🟡 [MEDIUM] Node Count
      Value: 21482 nodes
      Impact: Scene tree traversal overhead
      Suggestions:
        • Unload distant chunks
        • Pool and reuse nodes
        • Flatten hierarchy where possible

  🟡 [MEDIUM] Post-Processing Effects
      Value: SSAO, Glow/Bloom, Volumetric Fog
      Impact: GPU shader overhead
      Suggestions:
        • Reduce SSR quality
        • Disable SSAO on low-end hardware
        • Use simpler fog

📈 DETAILED STATS:
  Draw Calls: 4946 avg | 5132 max
  Vertices: 4457321 avg | 4713281 max
  Physics Bodies: 294
  Nodes: 21482
  VRAM: 772.4 MB

=================================================

⚡ FRAME SPIKE #713: 103.9 ms at 24.5s (Draw: 5202, Bodies: 327)
⚡ FRAME SPIKE #714: 66.7 ms at 24.6s (Draw: 5186, Bodies: 327)
⚡ FRAME SPIKE #715: 57.9 ms at 24.6s (Draw: 5128, Bodies: 327)
OSM: ✅ Finalized road batch -1,-4/residential: 2272 vertices, 2226 triangles, material: <ImageTexture#-9223371972648368119>
OSM: ✅ Finalized road batch -1,-4/path: 1590 vertices, 1538 triangles, material: <ImageTexture#-9223371972547704822>
⚠️ SLOW: road batch finalization took 8.4 ms for chunk -1,-4
⚠️ SLOW FRAME 11.3ms: building=0.5 road=8.4 terrain=1.2 infra=1.1 veg=0.0 curb=0.0ms
⚡ FRAME SPIKE #716: 50.4 ms at 24.7s (Draw: 5144, Bodies: 326)
🔴 FREEZE: road collision shape creation took 8.7 ms for chunk 0,-4 (type: residential)
OSM: ✅ Finalized road batch 0,-4/residential: 1086 vertices, 1060 triangles, material: <ImageTexture#-9223371972648368119>
OSM: ✅ Finalized road batch 0,-4/path: 414 vertices, 400 triangles, material: <ImageTexture#-9223371972547704822>
OSM: ✅ Finalized road batch 0,-4/primary: 108 vertices, 106 triangles, material: <ImageTexture#-9223371972749031416>
⚠️ SLOW: road batch finalization took 12.0 ms for chunk 0,-4
⚠️ SLOW FRAME 14.3ms: building=0.5 road=12.1 terrain=1.2 infra=0.5 veg=0.0 curb=0.0ms
⚡ FRAME SPIKE #717: 54.0 ms at 24.7s (Draw: 5155, Bodies: 327)
⚠️ SLOW FRAME 17.2ms: building=0.4 road=1.2 terrain=14.3 infra=1.2 veg=0.0 curb=0.0ms
⚡ FRAME SPIKE #718: 54.0 ms at 24.8s (Draw: 5163, Bodies: 326)
⚠️ SLOW FRAME 20.4ms: building=0.5 road=0.9 terrain=17.3 infra=1.2 veg=0.0 curb=0.6ms
⚡ FRAME SPIKE #719: 54.2 ms at 24.8s (Draw: 5209, Bodies: 326)
OSM: Unloaded chunk -2,1
⚡ FRAME SPIKE #720: 53.3 ms at 24.9s (Draw: 5258, Bodies: 327)
⚡ FRAME SPIKE #721: 53.3 ms at 24.9s (Draw: 5280, Bodies: 327)
⚡ FRAME SPIKE #722: 42.5 ms at 25.0s (Draw: 5291, Bodies: 328)
⚠️ SLOW FRAME 15.5ms: building=0.4 road=1.0 terrain=13.3 infra=0.5 veg=0.0 curb=0.3ms
⚡ FRAME SPIKE #723: 52.4 ms at 25.0s (Draw: 5287, Bodies: 329)
⚡ FRAME SPIKE #724: 42.0 ms at 25.1s (Draw: 5359, Bodies: 329)
⚡ FRAME SPIKE #725: 35.4 ms at 25.1s (Draw: 5295, Bodies: 330)
⚡ FRAME SPIKE #726: 37.8 ms at 25.2s (Draw: 5308, Bodies: 330)
⚡ FRAME SPIKE #727: 41.7 ms at 25.2s (Draw: 5329, Bodies: 330)
⚡ FRAME SPIKE #728: 35.3 ms at 25.3s (Draw: 5333, Bodies: 331)
⚡ FRAME SPIKE #729: 36.6 ms at 25.3s (Draw: 5331, Bodies: 332)
⚡ FRAME SPIKE #730: 39.6 ms at 25.3s (Draw: 5326, Bodies: 333)
⚡ FRAME SPIKE #731: 38.1 ms at 25.4s (Draw: 5348, Bodies: 333)
⚡ FRAME SPIKE #732: 35.9 ms at 25.4s (Draw: 5361, Bodies: 333)
⚡ FRAME SPIKE #733: 36.1 ms at 25.4s (Draw: 5350, Bodies: 334)
⚡ FRAME SPIKE #734: 38.9 ms at 25.5s (Draw: 5350, Bodies: 335)
⚡ FRAME SPIKE #735: 37.5 ms at 25.5s (Draw: 5362, Bodies: 336)
⚡ FRAME SPIKE #736: 37.2 ms at 25.6s (Draw: 5371, Bodies: 336)
⚡ FRAME SPIKE #737: 35.7 ms at 25.6s (Draw: 5387, Bodies: 336)
⚡ FRAME SPIKE #738: 35.7 ms at 25.6s (Draw: 5415, Bodies: 336)
⚡ FRAME SPIKE #739: 37.5 ms at 25.7s (Draw: 5432, Bodies: 336)
⚡ FRAME SPIKE #740: 37.5 ms at 25.7s (Draw: 5439, Bodies: 336)
⚡ FRAME SPIKE #741: 37.0 ms at 25.7s (Draw: 5447, Bodies: 337)
⚡ FRAME SPIKE #742: 37.5 ms at 25.8s (Draw: 5456, Bodies: 337)
⚡ FRAME SPIKE #743: 37.5 ms at 25.8s (Draw: 5440, Bodies: 338)
⚡ FRAME SPIKE #744: 37.5 ms at 25.8s (Draw: 5456, Bodies: 338)
⚡ FRAME SPIKE #745: 37.5 ms at 25.9s (Draw: 5463, Bodies: 338)
⚡ FRAME SPIKE #746: 37.5 ms at 25.9s (Draw: 5518, Bodies: 338)
⚡ FRAME SPIKE #747: 37.5 ms at 26.0s (Draw: 5560, Bodies: 339)
⚡ FRAME SPIKE #748: 37.5 ms at 26.0s (Draw: 5553, Bodies: 339)
⚡ FRAME SPIKE #749: 37.5 ms at 26.0s (Draw: 5452, Bodies: 339)
⚡ FRAME SPIKE #750: 37.5 ms at 26.1s (Draw: 5374, Bodies: 340)
⚡ FRAME SPIKE #751: 39.0 ms at 26.1s (Draw: 5332, Bodies: 340)
⚡ FRAME SPIKE #752: 37.5 ms at 26.1s (Draw: 5331, Bodies: 340)
⚡ FRAME SPIKE #753: 37.5 ms at 26.2s (Draw: 5334, Bodies: 340)
⚡ FRAME SPIKE #754: 37.5 ms at 26.2s (Draw: 5336, Bodies: 341)
⚡ FRAME SPIKE #755: 37.5 ms at 26.3s (Draw: 5336, Bodies: 341)
⚡ FRAME SPIKE #756: 37.5 ms at 26.3s (Draw: 5330, Bodies: 341)
⚡ FRAME SPIKE #757: 37.5 ms at 26.3s (Draw: 5332, Bodies: 341)
⚡ FRAME SPIKE #758: 37.5 ms at 26.4s (Draw: 5344, Bodies: 342)
⚡ FRAME SPIKE #759: 37.5 ms at 26.4s (Draw: 5377, Bodies: 343)
⚡ FRAME SPIKE #760: 37.5 ms at 26.4s (Draw: 5376, Bodies: 343)
🚗 Traffic: 10 active NPCs (Near: 0, Mid: 2, Far: 8), 20 pooled
  → Physics bodies from NPCs: 10 (All: 10×1, было бы 10×5=50)

========== Bottleneck Analysis Report ==========
Time: 36.7s | Frames: 1021

📊 PERFORMANCE OVERVIEW:
  FPS: 26.4 avg | 23.0 min
  Frame Time: 44.69 ms avg | 109.92 ms max
  Physics Time: 7.37 ms avg

🔍 BOTTLENECK IDENTIFICATION:
  🔴 [CRITICAL] Frame Time
      Value: 44.69 ms (target: 16.67 ms)
      Impact: Overall performance bottleneck
      Suggestions:
        • Reduce draw calls
        • Optimize scripts in _process()
        • Check for expensive operations per frame

  🟠 [HIGH] Draw Calls
      Value: 5116 calls/frame
      Impact: GPU rendering overhead
      Suggestions:
        • Batch meshes by material
        • Use MultiMeshInstance3D
        • Implement LOD system
        • Enable frustum culling

  🟠 [HIGH] Physics Bodies
      Value: 313 active bodies
      Impact: Physics engine load
      Suggestions:
        • Reduce NPC count
        • Convert distant NPCs to kinematic
        • Disable physics for far objects

  🟡 [MEDIUM] Physics Time
      Value: 7.37 ms
      Impact: Physics simulation overhead
      Suggestions:
        • Reduce number of active physics bodies
        • Simplify collision shapes
        • Disable physics for distant objects

  🟡 [MEDIUM] Vertex Count
      Value: 4728350 vertices/frame
      Impact: GPU vertex processing
      Suggestions:
        • Implement LOD for distant objects
        • Simplify building meshes
        • Use lower poly models

  🟡 [MEDIUM] Node Count
      Value: 23502 nodes
      Impact: Scene tree traversal overhead
      Suggestions:
        • Unload distant chunks
        • Pool and reuse nodes
        • Flatten hierarchy where possible

  🟡 [MEDIUM] Post-Processing Effects
      Value: SSAO, Glow/Bloom, Volumetric Fog
      Impact: GPU shader overhead
      Suggestions:
        • Reduce SSR quality
        • Disable SSAO on low-end hardware
        • Use simpler fog

📈 DETAILED STATS:
  Draw Calls: 5116 avg | 5560 max
  Vertices: 4728350 avg | 4998280 max
  Physics Bodies: 313
  Nodes: 23502
  VRAM: 777.3 MB

=================================================

⚡ FRAME SPIKE #761: 37.5 ms at 26.5s (Draw: 5390, Bodies: 344)
OSM: 🌙 NIGHT Window batch 0,-4 | night_mgr: CACHED | is_night value: true
OSM: ✅ Finalized window batch 0,-4: 2132 windows (was 2132 draw calls before batching)
⚡ FRAME SPIKE #762: 37.0 ms at 26.5s (Draw: 5379, Bodies: 345)
OSM: 🌙 NIGHT Window batch -1,-4 | night_mgr: CACHED | is_night value: true
OSM: ✅ Finalized window batch -1,-4: 6171 windows (was 6171 draw calls before batching)
⚡ FRAME SPIKE #763: 37.5 ms at 26.6s (Draw: 5326, Bodies: 346)
⚡ FRAME SPIKE #764: 37.5 ms at 26.6s (Draw: 5305, Bodies: 346)
⚡ FRAME SPIKE #765: 37.5 ms at 26.6s (Draw: 5319, Bodies: 346)
⚡ FRAME SPIKE #766: 37.5 ms at 26.7s (Draw: 5309, Bodies: 346)
⚡ FRAME SPIKE #767: 37.5 ms at 26.7s (Draw: 5280, Bodies: 345)
⚡ FRAME SPIKE #768: 37.5 ms at 26.7s (Draw: 5258, Bodies: 344)
⚡ FRAME SPIKE #769: 37.0 ms at 26.8s (Draw: 5216, Bodies: 344)
⚡ FRAME SPIKE #770: 35.2 ms at 26.8s (Draw: 5207, Bodies: 345)
⚡ FRAME SPIKE #771: 37.0 ms at 26.9s (Draw: 5205, Bodies: 346)
⚡ FRAME SPIKE #772: 37.0 ms at 26.9s (Draw: 5252, Bodies: 346)
⚡ FRAME SPIKE #773: 37.0 ms at 26.9s (Draw: 5260, Bodies: 347)
⚡ FRAME SPIKE #774: 34.8 ms at 27.0s (Draw: 5209, Bodies: 348)
⚡ FRAME SPIKE #775: 34.0 ms at 27.0s (Draw: 5353, Bodies: 349)
⚡ FRAME SPIKE #776: 33.3 ms at 27.0s (Draw: 5432, Bodies: 350)
⚡ FRAME SPIKE #777: 33.4 ms at 27.1s (Draw: 5485, Bodies: 350)
⚡ FRAME SPIKE #778: 36.8 ms at 27.1s (Draw: 5515, Bodies: 350)
⚡ FRAME SPIKE #779: 36.1 ms at 27.1s (Draw: 5559, Bodies: 350)
⚡ FRAME SPIKE #780: 36.1 ms at 27.2s (Draw: 5577, Bodies: 350)
⚡ FRAME SPIKE #781: 36.1 ms at 27.2s (Draw: 5571, Bodies: 351)
⚡ FRAME SPIKE #782: 36.1 ms at 27.3s (Draw: 5567, Bodies: 352)
⚡ FRAME SPIKE #783: 36.1 ms at 27.3s (Draw: 5594, Bodies: 352)
⚡ FRAME SPIKE #784: 36.1 ms at 27.3s (Draw: 5667, Bodies: 352)
⚡ FRAME SPIKE #785: 36.1 ms at 27.4s (Draw: 5690, Bodies: 353)
⚡ FRAME SPIKE #786: 36.1 ms at 27.4s (Draw: 5714, Bodies: 354)
⚡ FRAME SPIKE #787: 36.1 ms at 27.4s (Draw: 5746, Bodies: 355)
⚡ FRAME SPIKE #788: 36.1 ms at 27.5s (Draw: 5762, Bodies: 356)
⚡ FRAME SPIKE #789: 36.1 ms at 27.5s (Draw: 5758, Bodies: 357)
⚡ FRAME SPIKE #790: 36.1 ms at 27.5s (Draw: 5765, Bodies: 358)
⚡ FRAME SPIKE #791: 36.1 ms at 27.6s (Draw: 5785, Bodies: 359)
⚡ FRAME SPIKE #792: 36.1 ms at 27.6s (Draw: 5774, Bodies: 359)
⚡ FRAME SPIKE #793: 35.7 ms at 27.6s (Draw: 5761, Bodies: 359)
⚡ FRAME SPIKE #794: 35.7 ms at 27.7s (Draw: 5741, Bodies: 360)
⚡ FRAME SPIKE #795: 35.7 ms at 27.7s (Draw: 5715, Bodies: 360)
⚡ FRAME SPIKE #796: 35.7 ms at 27.8s (Draw: 5679, Bodies: 360)
⚡ FRAME SPIKE #797: 35.7 ms at 27.8s (Draw: 5667, Bodies: 360)
⚡ FRAME SPIKE #798: 35.7 ms at 27.8s (Draw: 5643, Bodies: 360)
⚡ FRAME SPIKE #799: 35.7 ms at 27.9s (Draw: 5658, Bodies: 360)
⚡ FRAME SPIKE #800: 35.7 ms at 27.9s (Draw: 5675, Bodies: 360)
⚡ FRAME SPIKE #801: 34.2 ms at 27.9s (Draw: 5685, Bodies: 360)
⚡ FRAME SPIKE #802: 33.9 ms at 28.0s (Draw: 5700, Bodies: 360)
⚡ FRAME SPIKE #803: 34.0 ms at 28.0s (Draw: 5697, Bodies: 360)
⚡ FRAME SPIKE #804: 34.3 ms at 28.0s (Draw: 5699, Bodies: 360)
⚡ FRAME SPIKE #805: 34.2 ms at 28.1s (Draw: 5691, Bodies: 360)
⚡ FRAME SPIKE #806: 33.9 ms at 28.1s (Draw: 5687, Bodies: 360)
⚡ FRAME SPIKE #807: 33.8 ms at 28.1s (Draw: 5685, Bodies: 360)
⚡ FRAME SPIKE #808: 34.7 ms at 28.2s (Draw: 5676, Bodies: 360)
⚡ FRAME SPIKE #809: 33.3 ms at 28.2s (Draw: 5671, Bodies: 360)
⚡ FRAME SPIKE #810: 33.3 ms at 28.2s (Draw: 5668, Bodies: 360)
⚡ FRAME SPIKE #811: 33.3 ms at 28.3s (Draw: 5672, Bodies: 360)
⚡ FRAME SPIKE #812: 33.3 ms at 28.3s (Draw: 5683, Bodies: 360)
⚡ FRAME SPIKE #813: 33.3 ms at 28.3s (Draw: 5680, Bodies: 360)
⚡ FRAME SPIKE #814: 33.3 ms at 28.4s (Draw: 5659, Bodies: 360)
⚡ FRAME SPIKE #815: 33.3 ms at 28.4s (Draw: 5648, Bodies: 360)
⚡ FRAME SPIKE #816: 34.1 ms at 28.4s (Draw: 5622, Bodies: 360)
⚡ FRAME SPIKE #817: 33.3 ms at 28.5s (Draw: 5629, Bodies: 360)
🚗 Traffic: 8 active NPCs (Near: 0, Mid: 2, Far: 6), 22 pooled
  → Physics bodies from NPCs: 8 (All: 8×1, было бы 8×5=40)

========== Bottleneck Analysis Report ==========
Time: 38.7s | Frames: 1078

📊 PERFORMANCE OVERVIEW:
  FPS: 26.2 avg | 23.0 min
  Frame Time: 44.42 ms avg | 109.92 ms max
  Physics Time: 6.95 ms avg

🔍 BOTTLENECK IDENTIFICATION:
  🔴 [CRITICAL] Frame Time
      Value: 44.42 ms (target: 16.67 ms)
      Impact: Overall performance bottleneck
      Suggestions:
        • Reduce draw calls
        • Optimize scripts in _process()
        • Check for expensive operations per frame

  🟠 [HIGH] Draw Calls
      Value: 5399 calls/frame
      Impact: GPU rendering overhead
      Suggestions:
        • Batch meshes by material
        • Use MultiMeshInstance3D
        • Implement LOD system
        • Enable frustum culling

  🟠 [HIGH] Physics Bodies
      Value: 341 active bodies
      Impact: Physics engine load
      Suggestions:
        • Reduce NPC count
        • Convert distant NPCs to kinematic
        • Disable physics for far objects

  🟡 [MEDIUM] Physics Time
      Value: 6.95 ms
      Impact: Physics simulation overhead
      Suggestions:
        • Reduce number of active physics bodies
        • Simplify collision shapes
        • Disable physics for distant objects

  🟡 [MEDIUM] Vertex Count
      Value: 5050156 vertices/frame
      Impact: GPU vertex processing
      Suggestions:
        • Implement LOD for distant objects
        • Simplify building meshes
        • Use lower poly models

  🟡 [MEDIUM] Node Count
      Value: 23650 nodes
      Impact: Scene tree traversal overhead
      Suggestions:
        • Unload distant chunks
        • Pool and reuse nodes
        • Flatten hierarchy where possible

  🟡 [MEDIUM] Post-Processing Effects
      Value: SSAO, Glow/Bloom, Volumetric Fog
      Impact: GPU shader overhead
      Suggestions:
        • Reduce SSR quality
        • Disable SSAO on low-end hardware
        • Use simpler fog

📈 DETAILED STATS:
  Draw Calls: 5399 avg | 5785 max
  Vertices: 5050156 avg | 5602720 max
  Physics Bodies: 341
  Nodes: 23650
  VRAM: 779.9 MB

=================================================

⚡ FRAME SPIKE #818: 34.7 ms at 28.5s (Draw: 5639, Bodies: 360)
⚡ FRAME SPIKE #819: 33.9 ms at 28.5s (Draw: 5657, Bodies: 360)
⚡ FRAME SPIKE #820: 34.7 ms at 28.6s (Draw: 5647, Bodies: 360)
⚡ FRAME SPIKE #821: 34.7 ms at 28.6s (Draw: 5653, Bodies: 360)
⚡ FRAME SPIKE #822: 34.7 ms at 28.6s (Draw: 5650, Bodies: 360)
⚡ FRAME SPIKE #823: 34.7 ms at 28.7s (Draw: 5654, Bodies: 360)
⚡ FRAME SPIKE #824: 34.7 ms at 28.7s (Draw: 5656, Bodies: 362)
⚡ FRAME SPIKE #825: 34.7 ms at 28.7s (Draw: 5661, Bodies: 362)
⚡ FRAME SPIKE #826: 34.1 ms at 28.8s (Draw: 5656, Bodies: 362)
⚡ FRAME SPIKE #827: 33.3 ms at 28.8s (Draw: 5652, Bodies: 362)
⚡ FRAME SPIKE #828: 33.3 ms at 28.9s (Draw: 5653, Bodies: 362)
⚡ FRAME SPIKE #829: 33.3 ms at 28.9s (Draw: 5657, Bodies: 362)
⚡ FRAME SPIKE #830: 33.3 ms at 28.9s (Draw: 5659, Bodies: 362)
⚡ FRAME SPIKE #831: 33.3 ms at 29.0s (Draw: 5650, Bodies: 362)
⚡ FRAME SPIKE #832: 33.8 ms at 29.0s (Draw: 5651, Bodies: 362)
⚡ FRAME SPIKE #833: 34.4 ms at 29.0s (Draw: 5651, Bodies: 362)
⚡ FRAME SPIKE #834: 33.4 ms at 29.1s (Draw: 5655, Bodies: 362)
⚡ FRAME SPIKE #835: 33.7 ms at 29.1s (Draw: 5657, Bodies: 362)
⚡ FRAME SPIKE #836: 33.6 ms at 29.1s (Draw: 5660, Bodies: 362)

=== PERFORMANCE METRICS ===
FPS: 29 | Frame: 37.9 ms (max 121.6) | Physics: 16.7 ms (max 115.6)
Godot Process: 23.95 ms | Physics: 7.32 ms
Objects: 55813 | Nodes: 23650 | Resources: 538
Draw calls: 5660 | Vertices: 5241440 | VRAM: 779.9 MB
Physics bodies: 362 | Collision pairs: 4325
--- System Times ---
  road_batch_finalize_total_-1,-1: 10.52 ms (max 10.52)
  road_batch_finalize_total_-1,-2: 5.25 ms (max 5.25)
  road_batch_finalize_total_-1,-3: 26.08 ms (max 26.08)
  road_batch_finalize_total_-1,-4: 8.39 ms (max 8.39)
  road_batch_finalize_total_-1,0: 14.40 ms (max 14.40)
  road_batch_finalize_total_-2,-1: 22.75 ms (max 22.75)
  road_batch_finalize_total_-2,-2: 6.28 ms (max 6.28)
  road_batch_finalize_total_-2,-3: 10.11 ms (max 10.11)
  road_batch_finalize_total_-2,0: 20.76 ms (max 20.76)
  road_batch_finalize_total_0,-1: 23.51 ms (max 23.51)
  road_batch_finalize_total_0,-2: 24.46 ms (max 24.46)
  road_batch_finalize_total_0,-3: 24.86 ms (max 24.86)
  road_batch_finalize_total_0,-4: 12.04 ms (max 12.04)
  road_batch_finalize_total_0,0: 23.28 ms (max 23.28)
  road_batch_finalize_total_0,1: 26.48 ms (max 26.48)
  road_batch_finalize_total_1,-1: 19.59 ms (max 19.59)
  road_batch_finalize_total_1,-2: 28.29 ms (max 28.29)
  road_batch_finalize_total_1,-3: 9.66 ms (max 9.66)
  road_batch_finalize_total_1,0: 1.77 ms (max 1.77)
  road_collision_create_-1,-1: 3.30 ms (max 4.00)
  road_collision_create_-1,-2: 2.40 ms (max 2.94)
  road_collision_create_-1,-3: 8.42 ms (max 21.84)
  road_collision_create_-1,-4: 3.91 ms (max 4.62)
  road_collision_create_-1,0: 6.98 ms (max 11.84)
  road_collision_create_-2,-1: 7.37 ms (max 16.50)
  road_collision_create_-2,-2: 2.95 ms (max 3.83)
  road_collision_create_-2,-3: 3.10 ms (max 5.93)
  road_collision_create_-2,0: 10.14 ms (max 17.31)
  road_collision_create_0,-1: 7.61 ms (max 17.59)
  road_collision_create_0,-2: 7.94 ms (max 17.36)
  road_collision_create_0,-3: 7.95 ms (max 17.78)
  road_collision_create_0,-4: 3.75 ms (max 8.67)
  road_collision_create_0,0: 7.55 ms (max 19.41)
  road_collision_create_0,1: 26.23 ms (max 26.23)
  road_collision_create_1,-1: 6.33 ms (max 15.25)
  road_collision_create_1,-2: 13.87 ms (max 25.23)
  road_collision_create_1,-3: 2.98 ms (max 4.52)
  road_collision_create_1,0: 1.57 ms (max 1.57)
===========================

=== PERFORMANCE METRICS ===
FPS: 29 | Frame: 37.9 ms (max 121.6) | Physics: 16.7 ms (max 115.9)
Godot Process: 23.95 ms | Physics: 7.32 ms
Objects: 55813 | Nodes: 23650 | Resources: 538
Draw calls: 5660 | Vertices: 5241440 | VRAM: 779.9 MB
Physics bodies: 362 | Collision pairs: 4325
===========================
⚡ FRAME SPIKE #837: 34.7 ms at 29.2s (Draw: 5657, Bodies: 362)
⚡ FRAME SPIKE #838: 34.7 ms at 29.2s (Draw: 5661, Bodies: 362)
⚡ FRAME SPIKE #839: 34.7 ms at 29.2s (Draw: 5679, Bodies: 362)
⚡ FRAME SPIKE #840: 34.7 ms at 29.3s (Draw: 5684, Bodies: 362)
⚡ FRAME SPIKE #841: 34.7 ms at 29.3s (Draw: 5684, Bodies: 362)
⚡ FRAME SPIKE #842: 34.7 ms at 29.3s (Draw: 5698, Bodies: 361)
⚡ FRAME SPIKE #843: 34.7 ms at 29.4s (Draw: 5704, Bodies: 361)
⚡ FRAME SPIKE #844: 34.7 ms at 29.4s (Draw: 5703, Bodies: 361)
⚡ FRAME SPIKE #845: 34.7 ms at 29.4s (Draw: 5711, Bodies: 361)
⚡ FRAME SPIKE #846: 34.7 ms at 29.5s (Draw: 5721, Bodies: 361)
⚡ FRAME SPIKE #847: 34.7 ms at 29.5s (Draw: 5722, Bodies: 361)
⚡ FRAME SPIKE #848: 34.7 ms at 29.5s (Draw: 5715, Bodies: 361)
⚡ FRAME SPIKE #849: 34.7 ms at 29.6s (Draw: 5716, Bodies: 361)
⚡ FRAME SPIKE #850: 34.7 ms at 29.6s (Draw: 5711, Bodies: 361)
⚡ FRAME SPIKE #851: 34.7 ms at 29.6s (Draw: 5718, Bodies: 361)
⚡ FRAME SPIKE #852: 34.2 ms at 29.7s (Draw: 5722, Bodies: 361)
⚡ FRAME SPIKE #853: 34.7 ms at 29.7s (Draw: 5709, Bodies: 361)
⚡ FRAME SPIKE #854: 35.1 ms at 29.7s (Draw: 6498, Bodies: 364)
⚡ FRAME SPIKE #855: 37.4 ms at 29.8s (Draw: 6490, Bodies: 364)
⚡ FRAME SPIKE #856: 36.5 ms at 29.8s (Draw: 6496, Bodies: 364)
⚡ FRAME SPIKE #857: 36.7 ms at 29.9s (Draw: 6485, Bodies: 364)
⚡ FRAME SPIKE #858: 38.0 ms at 29.9s (Draw: 6495, Bodies: 364)
⚡ FRAME SPIKE #859: 43.0 ms at 29.9s (Draw: 6488, Bodies: 364)
⚡ FRAME SPIKE #860: 37.7 ms at 30.0s (Draw: 6487, Bodies: 363)
⚡ FRAME SPIKE #861: 37.5 ms at 30.0s (Draw: 6482, Bodies: 363)
⚡ FRAME SPIKE #862: 40.2 ms at 30.0s (Draw: 6491, Bodies: 363)
⚡ FRAME SPIKE #863: 37.5 ms at 30.1s (Draw: 6509, Bodies: 363)
⚡ FRAME SPIKE #864: 38.3 ms at 30.1s (Draw: 6514, Bodies: 363)
⚡ FRAME SPIKE #865: 38.7 ms at 30.2s (Draw: 6530, Bodies: 363)
⚡ FRAME SPIKE #866: 38.3 ms at 30.2s (Draw: 6533, Bodies: 363)
⚡ FRAME SPIKE #867: 36.8 ms at 30.2s (Draw: 6536, Bodies: 363)
⚡ FRAME SPIKE #868: 50.0 ms at 30.3s (Draw: 6553, Bodies: 363)
⚡ FRAME SPIKE #869: 38.3 ms at 30.3s (Draw: 6573, Bodies: 363)
⚡ FRAME SPIKE #870: 38.3 ms at 30.4s (Draw: 6597, Bodies: 363)
⚡ FRAME SPIKE #871: 40.0 ms at 30.4s (Draw: 6639, Bodies: 363)
⚡ FRAME SPIKE #872: 38.3 ms at 30.4s (Draw: 6686, Bodies: 363)
⚡ FRAME SPIKE #873: 38.3 ms at 30.5s (Draw: 6705, Bodies: 363)
🚗 Traffic: 11 active NPCs (Near: 0, Mid: 6, Far: 5), 19 pooled
  → Physics bodies from NPCs: 11 (All: 11×1, было бы 11×5=55)

========== Bottleneck Analysis Report ==========
Time: 40.7s | Frames: 1134

📊 PERFORMANCE OVERVIEW:
  FPS: 27.6 avg | 24.0 min
  Frame Time: 26.61 ms avg | 35.75 ms max
  Physics Time: 7.17 ms avg

🔍 BOTTLENECK IDENTIFICATION:
  🟠 [HIGH] Frame Time
      Value: 26.61 ms (target: 16.67 ms)
      Impact: Overall performance bottleneck
      Suggestions:
        • Reduce draw calls
        • Optimize scripts in _process()
        • Check for expensive operations per frame

  🟠 [HIGH] Draw Calls
      Value: 5748 calls/frame
      Impact: GPU rendering overhead
      Suggestions:
        • Batch meshes by material
        • Use MultiMeshInstance3D
        • Implement LOD system
        • Enable frustum culling

  🟠 [HIGH] Physics Bodies
      Value: 357 active bodies
      Impact: Physics engine load
      Suggestions:
        • Reduce NPC count
        • Convert distant NPCs to kinematic
        • Disable physics for far objects

  🟡 [MEDIUM] Physics Time
      Value: 7.17 ms
      Impact: Physics simulation overhead
      Suggestions:
        • Reduce number of active physics bodies
        • Simplify collision shapes
        • Disable physics for distant objects

  🟡 [MEDIUM] Vertex Count
      Value: 5248135 vertices/frame
      Impact: GPU vertex processing
      Suggestions:
        • Implement LOD for distant objects
        • Simplify building meshes
        • Use lower poly models

  🟡 [MEDIUM] Node Count
      Value: 23650 nodes
      Impact: Scene tree traversal overhead
      Suggestions:
        • Unload distant chunks
        • Pool and reuse nodes
        • Flatten hierarchy where possible

  🟡 [MEDIUM] Post-Processing Effects
      Value: SSAO, Glow/Bloom, Volumetric Fog
      Impact: GPU shader overhead
      Suggestions:
        • Reduce SSR quality
        • Disable SSAO on low-end hardware
        • Use simpler fog

📈 DETAILED STATS:
  Draw Calls: 5748 avg | 6705 max
  Vertices: 5248135 avg | 5602720 max
  Physics Bodies: 357
  Nodes: 23650
  VRAM: 779.9 MB

=================================================

⚡ FRAME SPIKE #874: 40.0 ms at 30.5s (Draw: 6718, Bodies: 363)
⚡ FRAME SPIKE #875: 38.3 ms at 30.6s (Draw: 6718, Bodies: 363)
OSM: Loading chunk 1,-4 at lat=59.1262, lon=37.9079
OSM: Loaded from cache: osm_v2_59.1262_37.9079_250.json
OSM: Chunk 1,-4 data loaded
OSM: Found 23 POI nodes in chunk
POI_DEBUG: Found 'Барбершоп Borodach' inside building at local (598.1, -1152.7)
POI_DEBUG: Found 'Laparet' inside building at local (515.0, -1168.2)
POI_DEBUG: Found 'Буквоед' inside building at local (439.2, -1181.7)
POI_DEBUG: Found 'Эдельвейс' inside building at local (364.3, -1199.0)
POI_DEBUG: Found 'Совкомбанк' inside building at local (328.8, -1220.7)
POI_DEBUG: Found 'Теплэко' inside building at local (458.7, -1132.0)
POI_DEBUG: Found 'Роскедр' inside building at local (472.2, -1125.1)
POI_DEBUG: Found 'Ozon' inside building at local (549.4, -1105.1)
BusinessSign: Found logo for 'ozon' -> res://textures/brand_logos/ozon.png
POI_DEBUG: Found 'Академия слуха' inside building at local (369.2, -911.4)
POI_DEBUG: Found 'Лабиринт' inside building at local (380.4, -997.8)
POI_DEBUG: Found 'Управдом' inside building at local (387.6, -1001.8)
POI_DEBUG: Found 'ИнжЭкон' inside building at local (480.2, -1020.0)
OSM: Generated 56 roads, 21 buildings, 0 trees, 0 signs, 0 lamps, 33 intersections
OSM: Marked chunk '1,-4' for road batch finalization
OSM: Post-initial chunk loaded, pending_lamps=24
OSM: _create_pending_lamps started, count=24
OSM: Created 19 lamps, skipped 5 (added to infrastructure queue)
⚡ FRAME SPIKE #876: 94.1 ms at 30.6s (Draw: 6825, Bodies: 364)
OSM: DEBUG _add_road_to_batch - first road for chunk '1,-4', parent.name='Chunk_1,-4'
⚡ FRAME SPIKE #877: 73.2 ms at 30.7s (Draw: 6853, Bodies: 364)
⚡ FRAME SPIKE #878: 67.5 ms at 30.8s (Draw: 7138, Bodies: 367)
⚡ FRAME SPIKE #879: 68.8 ms at 30.8s (Draw: 7137, Bodies: 367)
⚡ FRAME SPIKE #880: 61.6 ms at 30.9s (Draw: 7147, Bodies: 367)
⚡ FRAME SPIKE #881: 58.3 ms at 31.0s (Draw: 7152, Bodies: 368)
🔴 FREEZE: road collision shape creation took 9.2 ms for chunk 1,-4 (type: path)
OSM: ✅ Finalized road batch 1,-4/path: 1222 vertices, 1190 triangles, material: <ImageTexture#-9223371972547704822>
OSM: ✅ Finalized road batch 1,-4/primary: 446 vertices, 432 triangles, material: <ImageTexture#-9223371972749031416>
OSM: ✅ Finalized road batch 1,-4/residential: 2004 vertices, 1938 triangles, material: <ImageTexture#-9223371972648368119>
⚠️ SLOW: road batch finalization took 16.3 ms for chunk 1,-4
⚠️ SLOW FRAME 17.4ms: building=0.4 road=16.4 terrain=0.2 infra=0.3 veg=0.0 curb=0.0ms
⚡ FRAME SPIKE #882: 63.1 ms at 31.0s (Draw: 7175, Bodies: 369)
⚠️ SLOW FRAME 18.7ms: building=0.4 road=1.1 terrain=1.3 infra=1.1 veg=14.8 curb=0.0ms
⚡ FRAME SPIKE #883: 66.7 ms at 31.1s (Draw: 7176, Bodies: 369)
⚡ FRAME SPIKE #884: 59.9 ms at 31.2s (Draw: 7191, Bodies: 369)
⚡ FRAME SPIKE #885: 56.5 ms at 31.2s (Draw: 7177, Bodies: 370)
⚡ FRAME SPIKE #886: 48.9 ms at 31.3s (Draw: 7193, Bodies: 371)
⚡ FRAME SPIKE #887: 49.9 ms at 31.3s (Draw: 7204, Bodies: 371)
⚡ FRAME SPIKE #888: 49.5 ms at 31.4s (Draw: 7214, Bodies: 371)
⚡ FRAME SPIKE #889: 49.4 ms at 31.4s (Draw: 7220, Bodies: 372)
⚡ FRAME SPIKE #890: 48.4 ms at 31.5s (Draw: 7238, Bodies: 372)
⚡ FRAME SPIKE #891: 49.9 ms at 31.5s (Draw: 7268, Bodies: 372)
⚡ FRAME SPIKE #892: 51.0 ms at 31.6s (Draw: 7315, Bodies: 373)
⚡ FRAME SPIKE #893: 49.3 ms at 31.6s (Draw: 7342, Bodies: 373)
OSM: Loading chunk -2,-4 at lat=59.1262, lon=37.8921
OSM: Loaded from cache: osm_v2_59.1262_37.8921_250.json
OSM: Chunk -2,-4 data loaded
OSM: Found 17 POI nodes in chunk
POI_DEBUG: Found 'Семья7' inside building at local (-443.6, -1129.9)
POI_DEBUG: Found 'Северный' inside building at local (-453.0, -1083.6)
POI_DEBUG: Found 'Антей' inside building at local (-439.0, -1137.5)
POI_DEBUG: Found 'Быстрый заём' inside building at local (-401.3, -1066.1)
POI_DEBUG: Found 'Муниципальное учреждение здравоохранения Стомотологическая п-ка №1. Протезирование' inside building at local (-317.5, -1042.1)
POI_DEBUG: Found 'Мировые' inside building at local (-336.2, -995.9)
POI_DEBUG: Found 'полиц. пункт' inside building at local (-363.7, -1003.3)
POI_DEBUG: Found 'Ozon' inside building at local (-578.2, -925.2)
BusinessSign: Found logo for 'ozon' -> res://textures/brand_logos/ozon.png
POI_DEBUG: Found 'Ла Ла Ланч' inside building at local (-534.1, -955.2)
OSM: Generated 47 roads, 51 buildings, 1 trees, 0 signs, 0 lamps, 36 intersections
OSM: Marked chunk '-2,-4' for road batch finalization
OSM: Post-initial chunk loaded, pending_lamps=150
OSM: _create_pending_lamps started, count=150
OSM: Created 77 lamps, skipped 73 (added to infrastructure queue)
⚡ FRAME SPIKE #894: 112.2 ms at 31.7s (Draw: 7507, Bodies: 379)
OSM: DEBUG _add_road_to_batch - first road for chunk '-2,-4', parent.name='Chunk_-2,-4'
⚡ FRAME SPIKE #895: 116.7 ms at 31.8s (Draw: 8457, Bodies: 381)
⚡ FRAME SPIKE #896: 87.1 ms at 31.9s (Draw: 8465, Bodies: 381)
OSM: ✅ Finalized road batch -2,-4/path: 808 vertices, 786 triangles, material: <ImageTexture#-9223371972547704822>
🔴 FREEZE: road collision shape creation took 5.5 ms for chunk -2,-4 (type: residential)
OSM: ✅ Finalized road batch -2,-4/residential: 2952 vertices, 2880 triangles, material: <ImageTexture#-9223371972648368119>
⚠️ SLOW: road batch finalization took 8.4 ms for chunk -2,-4
⚠️ SLOW FRAME 10.3ms: building=0.4 road=8.4 terrain=0.3 infra=1.1 veg=0.0 curb=0.0ms
⚡ FRAME SPIKE #897: 93.6 ms at 32.0s (Draw: 8454, Bodies: 380)
⚡ FRAME SPIKE #898: 69.4 ms at 32.1s (Draw: 8468, Bodies: 380)
⚡ FRAME SPIKE #899: 74.5 ms at 32.1s (Draw: 8482, Bodies: 380)
OSM: Unloaded chunk -2,-4
⚡ FRAME SPIKE #900: 69.5 ms at 32.2s (Draw: 8293, Bodies: 374)
⚡ FRAME SPIKE #901: 70.8 ms at 32.3s (Draw: 8285, Bodies: 373)
⚡ FRAME SPIKE #902: 59.6 ms at 32.4s (Draw: 8222, Bodies: 373)
⚡ FRAME SPIKE #903: 58.6 ms at 32.4s (Draw: 8203, Bodies: 373)
⚡ FRAME SPIKE #904: 51.8 ms at 32.5s (Draw: 8200, Bodies: 372)
🚗 Traffic: 13 active NPCs (Near: 0, Mid: 10, Far: 3), 17 pooled
  → Physics bodies from NPCs: 13 (All: 13×1, было бы 13×5=65)

========== Bottleneck Analysis Report ==========
Time: 42.7s | Frames: 1165

📊 PERFORMANCE OVERVIEW:
  FPS: 26.8 avg | 16.0 min
  Frame Time: 37.56 ms avg | 103.23 ms max
  Physics Time: 7.31 ms avg

🔍 BOTTLENECK IDENTIFICATION:
  🔴 [CRITICAL] Frame Time
      Value: 37.56 ms (target: 16.67 ms)
      Impact: Overall performance bottleneck
      Suggestions:
        • Reduce draw calls
        • Optimize scripts in _process()
        • Check for expensive operations per frame

  🟠 [HIGH] Draw Calls
      Value: 6304 calls/frame
      Impact: GPU rendering overhead
      Suggestions:
        • Batch meshes by material
        • Use MultiMeshInstance3D
        • Implement LOD system
        • Enable frustum culling

  🟠 [HIGH] Physics Bodies
      Value: 363 active bodies
      Impact: Physics engine load
      Suggestions:
        • Reduce NPC count
        • Convert distant NPCs to kinematic
        • Disable physics for far objects

  🟡 [MEDIUM] Physics Time
      Value: 7.31 ms
      Impact: Physics simulation overhead
      Suggestions:
        • Reduce number of active physics bodies
        • Simplify collision shapes
        • Disable physics for distant objects

  🟡 [MEDIUM] Vertex Count
      Value: 5315585 vertices/frame
      Impact: GPU vertex processing
      Suggestions:
        • Implement LOD for distant objects
        • Simplify building meshes
        • Use lower poly models

  🟡 [MEDIUM] Node Count
      Value: 25101 nodes
      Impact: Scene tree traversal overhead
      Suggestions:
        • Unload distant chunks
        • Pool and reuse nodes
        • Flatten hierarchy where possible

  🟡 [MEDIUM] Post-Processing Effects
      Value: SSAO, Glow/Bloom, Volumetric Fog
      Impact: GPU shader overhead
      Suggestions:
        • Reduce SSR quality
        • Disable SSAO on low-end hardware
        • Use simpler fog

📈 DETAILED STATS:
  Draw Calls: 6304 avg | 8482 max
  Vertices: 5315585 avg | 5585370 max
  Physics Bodies: 363
  Nodes: 25101
  VRAM: 783.1 MB

=================================================

⚡ FRAME SPIKE #905: 60.4 ms at 32.5s (Draw: 8197, Bodies: 372)
⚡ FRAME SPIKE #906: 51.2 ms at 32.6s (Draw: 8204, Bodies: 372)
⚡ FRAME SPIKE #907: 51.3 ms at 32.6s (Draw: 8201, Bodies: 372)
⚡ FRAME SPIKE #908: 48.7 ms at 32.7s (Draw: 8202, Bodies: 372)
OSM: Loading chunk -2,-4 at lat=59.1262, lon=37.8921
OSM: Loaded from cache: osm_v2_59.1262_37.8921_250.json
OSM: Unloaded chunk -1,1
OSM: Chunk -2,-4 data loaded
OSM: Found 17 POI nodes in chunk
POI_DEBUG: Found 'Семья7' inside building at local (-443.6, -1129.9)
POI_DEBUG: Found 'Северный' inside building at local (-453.0, -1083.6)
POI_DEBUG: Found 'Антей' inside building at local (-439.0, -1137.5)
POI_DEBUG: Found 'Быстрый заём' inside building at local (-401.3, -1066.1)
POI_DEBUG: Found 'Муниципальное учреждение здравоохранения Стомотологическая п-ка №1. Протезирование' inside building at local (-317.5, -1042.1)
POI_DEBUG: Found 'Мировые' inside building at local (-336.2, -995.9)
POI_DEBUG: Found 'полиц. пункт' inside building at local (-363.7, -1003.3)
POI_DEBUG: Found 'Ozon' inside building at local (-578.2, -925.2)
BusinessSign: Found logo for 'ozon' -> res://textures/brand_logos/ozon.png
POI_DEBUG: Found 'Ла Ла Ланч' inside building at local (-534.1, -955.2)
OSM: Generated 47 roads, 51 buildings, 1 trees, 0 signs, 0 lamps, 36 intersections
OSM: Marked chunk '-2,-4' for road batch finalization
OSM: Post-initial chunk loaded, pending_lamps=0
OSM: _create_pending_lamps started, count=0
OSM: No pending lamps
⚡ FRAME SPIKE #909: 87.0 ms at 32.7s (Draw: 8346, Bodies: 375)
OSM: DEBUG _add_road_to_batch - first road for chunk '-2,-4', parent.name='Chunk_-2,-4'
⚡ FRAME SPIKE #910: 97.1 ms at 32.8s (Draw: 8393, Bodies: 377)
⚡ FRAME SPIKE #911: 75.8 ms at 32.9s (Draw: 8359, Bodies: 377)
OSM: ✅ Finalized road batch -2,-4/path: 808 vertices, 786 triangles, material: <ImageTexture#-9223371972547704822>
🔴 FREEZE: road collision shape creation took 5.6 ms for chunk -2,-4 (type: residential)
OSM: ✅ Finalized road batch -2,-4/residential: 2952 vertices, 2880 triangles, material: <ImageTexture#-9223371972648368119>
⚠️ SLOW: road batch finalization took 9.2 ms for chunk -2,-4
⚠️ SLOW FRAME 10.6ms: building=0.6 road=9.3 terrain=0.3 infra=0.5 veg=0.0 curb=0.0ms
⚡ FRAME SPIKE #912: 83.3 ms at 33.0s (Draw: 8338, Bodies: 378)
⚡ FRAME SPIKE #913: 68.1 ms at 33.1s (Draw: 8321, Bodies: 378)
⚡ FRAME SPIKE #914: 60.4 ms at 33.1s (Draw: 8316, Bodies: 378)
⚡ FRAME SPIKE #915: 60.2 ms at 33.2s (Draw: 8328, Bodies: 378)
OSM: Unloaded chunk 1,1
⚡ FRAME SPIKE #916: 54.7 ms at 33.3s (Draw: 8320, Bodies: 378)
⚡ FRAME SPIKE #917: 53.3 ms at 33.3s (Draw: 8323, Bodies: 378)
⚡ FRAME SPIKE #918: 58.3 ms at 33.4s (Draw: 8342, Bodies: 378)
⚡ FRAME SPIKE #919: 57.2 ms at 33.4s (Draw: 8357, Bodies: 378)
⚡ FRAME SPIKE #920: 58.3 ms at 33.5s (Draw: 8387, Bodies: 379)
⚡ FRAME SPIKE #921: 55.2 ms at 33.6s (Draw: 8455, Bodies: 379)
⚡ FRAME SPIKE #922: 52.2 ms at 33.6s (Draw: 8491, Bodies: 379)
⚡ FRAME SPIKE #923: 56.7 ms at 33.7s (Draw: 8476, Bodies: 379)
⚡ FRAME SPIKE #924: 56.2 ms at 33.7s (Draw: 8475, Bodies: 379)
⚡ FRAME SPIKE #925: 56.0 ms at 33.8s (Draw: 8477, Bodies: 379)
⚡ FRAME SPIKE #926: 56.2 ms at 33.8s (Draw: 8740, Bodies: 382)
⚡ FRAME SPIKE #927: 57.1 ms at 33.9s (Draw: 8724, Bodies: 382)
⚡ FRAME SPIKE #928: 56.7 ms at 33.9s (Draw: 8729, Bodies: 382)
⚡ FRAME SPIKE #929: 56.4 ms at 34.0s (Draw: 8738, Bodies: 382)
⚡ FRAME SPIKE #930: 56.2 ms at 34.1s (Draw: 8712, Bodies: 382)
⚡ FRAME SPIKE #931: 56.7 ms at 34.1s (Draw: 8699, Bodies: 382)

=== PERFORMANCE METRICS ===
FPS: 16 | Frame: 42.0 ms (max 116.7) | Physics: 16.7 ms (max 110.9)
Godot Process: 38.26 ms | Physics: 8.33 ms
Objects: 62104 | Nodes: 26506 | Resources: 538
Draw calls: 8699 | Vertices: 5248275 | VRAM: 785.3 MB
Physics bodies: 382 | Collision pairs: 5047
--- System Times ---
  road_batch_finalize_total_-1,-1: 10.52 ms (max 10.52)
  road_batch_finalize_total_-1,-2: 5.25 ms (max 5.25)
  road_batch_finalize_total_-1,-3: 26.08 ms (max 26.08)
  road_batch_finalize_total_-1,-4: 8.39 ms (max 8.39)
  road_batch_finalize_total_-1,0: 14.40 ms (max 14.40)
  road_batch_finalize_total_-2,-1: 22.75 ms (max 22.75)
  road_batch_finalize_total_-2,-2: 6.28 ms (max 6.28)
  road_batch_finalize_total_-2,-3: 10.11 ms (max 10.11)
  road_batch_finalize_total_-2,-4: 8.82 ms (max 9.24)
  road_batch_finalize_total_-2,0: 20.76 ms (max 20.76)
  road_batch_finalize_total_0,-1: 23.51 ms (max 23.51)
  road_batch_finalize_total_0,-2: 24.46 ms (max 24.46)
  road_batch_finalize_total_0,-3: 24.86 ms (max 24.86)
  road_batch_finalize_total_0,-4: 12.04 ms (max 12.04)
  road_batch_finalize_total_0,0: 23.28 ms (max 23.28)
  road_batch_finalize_total_0,1: 26.48 ms (max 26.48)
  road_batch_finalize_total_1,-1: 19.59 ms (max 19.59)
  road_batch_finalize_total_1,-2: 28.29 ms (max 28.29)
  road_batch_finalize_total_1,-3: 9.66 ms (max 9.66)
  road_batch_finalize_total_1,-4: 16.32 ms (max 16.32)
  road_batch_finalize_total_1,0: 1.77 ms (max 1.77)
  road_collision_create_-1,-1: 3.30 ms (max 4.00)
  road_collision_create_-1,-2: 2.40 ms (max 2.94)
  road_collision_create_-1,-3: 8.42 ms (max 21.84)
  road_collision_create_-1,-4: 3.91 ms (max 4.62)
  road_collision_create_-1,0: 6.98 ms (max 11.84)
  road_collision_create_-2,-1: 7.37 ms (max 16.50)
  road_collision_create_-2,-2: 2.95 ms (max 3.83)
  road_collision_create_-2,-3: 3.10 ms (max 5.93)
  road_collision_create_-2,-4: 4.02 ms (max 5.61)
  road_collision_create_-2,0: 10.14 ms (max 17.31)
  road_collision_create_0,-1: 7.61 ms (max 17.59)
  road_collision_create_0,-2: 7.94 ms (max 17.36)
  road_collision_create_0,-3: 7.95 ms (max 17.78)
  road_collision_create_0,-4: 3.75 ms (max 8.67)
  road_collision_create_0,0: 7.55 ms (max 19.41)
  road_collision_create_0,1: 26.23 ms (max 26.23)
  road_collision_create_1,-1: 6.33 ms (max 15.25)
  road_collision_create_1,-2: 13.87 ms (max 25.23)
  road_collision_create_1,-3: 2.98 ms (max 4.52)
  road_collision_create_1,-4: 5.09 ms (max 9.19)
  road_collision_create_1,0: 1.57 ms (max 1.57)
===========================

=== PERFORMANCE METRICS ===
FPS: 16 | Frame: 42.0 ms (max 116.7) | Physics: 16.7 ms (max 111.0)
Godot Process: 38.26 ms | Physics: 8.33 ms
Objects: 62104 | Nodes: 26506 | Resources: 538
Draw calls: 8699 | Vertices: 5248275 | VRAM: 785.3 MB
Physics bodies: 382 | Collision pairs: 5047
===========================
⚡ FRAME SPIKE #932: 57.3 ms at 34.2s (Draw: 8676, Bodies: 382)
⚡ FRAME SPIKE #933: 56.7 ms at 34.2s (Draw: 8598, Bodies: 382)
⚡ FRAME SPIKE #934: 56.7 ms at 34.3s (Draw: 8541, Bodies: 382)
⚡ FRAME SPIKE #935: 56.7 ms at 34.3s (Draw: 8463, Bodies: 383)
⚡ FRAME SPIKE #936: 56.7 ms at 34.4s (Draw: 8404, Bodies: 383)
⚡ FRAME SPIKE #937: 56.7 ms at 34.5s (Draw: 8364, Bodies: 383)
⚡ FRAME SPIKE #938: 56.7 ms at 34.5s (Draw: 8206, Bodies: 383)
🚗 Traffic: 15 active NPCs (Near: 5, Mid: 9, Far: 1), 15 pooled
  → Physics bodies from NPCs: 15 (All: 15×1, было бы 15×5=75)

========== Bottleneck Analysis Report ==========
Time: 44.8s | Frames: 1199

📊 PERFORMANCE OVERVIEW:
  FPS: 23.3 avg | 15.0 min
  Frame Time: 50.21 ms avg | 103.23 ms max
  Physics Time: 7.60 ms avg

🔍 BOTTLENECK IDENTIFICATION:
  🔴 [CRITICAL] Frame Time
      Value: 50.21 ms (target: 16.67 ms)
      Impact: Overall performance bottleneck
      Suggestions:
        • Reduce draw calls
        • Optimize scripts in _process()
        • Check for expensive operations per frame

  🟠 [HIGH] Draw Calls
      Value: 7081 calls/frame
      Impact: GPU rendering overhead
      Suggestions:
        • Batch meshes by material
        • Use MultiMeshInstance3D
        • Implement LOD system
        • Enable frustum culling

  🟠 [HIGH] Physics Bodies
      Value: 369 active bodies
      Impact: Physics engine load
      Suggestions:
        • Reduce NPC count
        • Convert distant NPCs to kinematic
        • Disable physics for far objects

  🟡 [MEDIUM] Physics Time
      Value: 7.60 ms
      Impact: Physics simulation overhead
      Suggestions:
        • Reduce number of active physics bodies
        • Simplify collision shapes
        • Disable physics for distant objects

  🟡 [MEDIUM] Vertex Count
      Value: 5317645 vertices/frame
      Impact: GPU vertex processing
      Suggestions:
        • Implement LOD for distant objects
        • Simplify building meshes
        • Use lower poly models

  🟡 [MEDIUM] Node Count
      Value: 26801 nodes
      Impact: Scene tree traversal overhead
      Suggestions:
        • Unload distant chunks
        • Pool and reuse nodes
        • Flatten hierarchy where possible

  🟡 [MEDIUM] Post-Processing Effects
      Value: SSAO, Glow/Bloom, Volumetric Fog
      Impact: GPU shader overhead
      Suggestions:
        • Reduce SSR quality
        • Disable SSAO on low-end hardware
        • Use simpler fog

📈 DETAILED STATS:
  Draw Calls: 7081 avg | 8740 max
  Vertices: 5317645 avg | 5585653 max
  Physics Bodies: 369
  Nodes: 26801
  VRAM: 785.7 MB

=================================================

⚡ FRAME SPIKE #939: 56.7 ms at 34.6s (Draw: 8138, Bodies: 384)

========== PERFORMANCE METRICS ==========
Frames: 600
  total_frame: avg=1.54 ms, median=2.11 ms, max=20.44 ms, calls=600, total=925.5 ms
  road_queue: avg=0.57 ms, median=0.76 ms, max=16.38 ms, calls=600, total=341.6 ms
  infra_queue: avg=0.55 ms, median=0.24 ms, max=1.70 ms, calls=600, total=328.5 ms
  infra_lamp: avg=1.00 ms, median=0.99 ms, max=1.22 ms, calls=195, total=194.6 ms
  curb_mesh: avg=0.24 ms, median=0.28 ms, max=1.98 ms, calls=569, total=138.1 ms
  road_create: avg=0.30 ms, median=0.12 ms, max=8.80 ms, calls=311, total=92.9 ms
  building_results: avg=0.13 ms, median=0.22 ms, max=0.80 ms, calls=600, total=79.9 ms
  road_batch_finalize: avg=10.63 ms, median=9.70 ms, max=16.37 ms, calls=7, total=74.4 ms
  curb_collisions: avg=0.12 ms, median=0.00 ms, max=1.66 ms, calls=600, total=73.9 ms
  terrain_queue: avg=0.11 ms, median=0.00 ms, max=17.27 ms, calls=600, total=67.9 ms
  infra_yield_sign: avg=0.47 ms, median=0.50 ms, max=0.72 ms, calls=140, total=66.4 ms
  infra_sort: avg=0.19 ms, median=0.11 ms, max=0.78 ms, calls=312, total=60.6 ms
  terrain_leisure: avg=3.31 ms, median=1.01 ms, max=17.04 ms, calls=18, total=59.6 ms
  building_apply: avg=0.27 ms, median=0.30 ms, max=0.47 ms, calls=197, total=53.8 ms
  vegetation_queue: avg=0.04 ms, median=0.00 ms, max=14.80 ms, calls=600, total=22.2 ms
  veg_trees: avg=7.14 ms, median=5.29 ms, max=14.79 ms, calls=3, total=21.4 ms
  building_sort: avg=0.12 ms, median=0.13 ms, max=0.35 ms, calls=158, total=18.7 ms
  window_batch_finalize: avg=1.96 ms, median=2.18 ms, max=2.86 ms, calls=6, total=11.7 ms
  curb_smooth: avg=0.03 ms, median=0.03 ms, max=0.15 ms, calls=236, total=7.8 ms
  terrain_landuse: avg=0.11 ms, median=0.10 ms, max=0.20 ms, calls=55, total=6.0 ms
  curb_latlon: avg=0.01 ms, median=0.01 ms, max=0.03 ms, calls=236, total=2.9 ms
  road_sort: avg=0.23 ms, median=0.22 ms, max=0.45 ms, calls=11, total=2.6 ms
  infra_traffic_light: avg=0.64 ms, median=0.62 ms, max=0.71 ms, calls=3, total=1.9 ms
  terrain_sort: avg=0.08 ms, median=0.10 ms, max=0.10 ms, calls=2, total=0.2 ms
  terrain_natural: avg=0.09 ms, median=0.09 ms, max=0.09 ms, calls=1, total=0.1 ms
  veg_bushes_grass: avg=0.01 ms, median=0.01 ms, max=0.01 ms, calls=3, total=0.0 ms
==========================================


========== DRAW CALL BREAKDOWN ==========
Total tracked draw calls: 3132

  Lamps       :  1254 ( 40.0%) ████████
  Vegetation  :   840 ( 26.8%) █████
  Buildings   :   740 ( 23.6%) ████
  Terrain     :   201 (  6.4%) █
  Roads       :    54 (  1.7%) 
  Signs       :    26 (  0.8%) 
  Windows     :    17 (  0.5%) 

💡 RECOMMENDATIONS:
  🟠 Infrastructure: 40.9% of draw calls
     → Use MultiMesh for curbs, lamps, signs
=========================================

⚡ FRAME SPIKE #940: 56.7 ms at 34.6s (Draw: 8081, Bodies: 385)
⚡ FRAME SPIKE #941: 56.7 ms at 34.7s (Draw: 8055, Bodies: 385)
⚡ FRAME SPIKE #942: 56.2 ms at 34.7s (Draw: 8019, Bodies: 385)
⚡ FRAME SPIKE #943: 56.2 ms at 34.8s (Draw: 7988, Bodies: 386)
⚡ FRAME SPIKE #944: 56.7 ms at 34.8s (Draw: 9097, Bodies: 388)
⚡ FRAME SPIKE #945: 56.7 ms at 34.9s (Draw: 8961, Bodies: 388)
⚡ FRAME SPIKE #946: 56.7 ms at 35.0s (Draw: 8859, Bodies: 388)
⚡ FRAME SPIKE #947: 56.7 ms at 35.0s (Draw: 8858, Bodies: 388)
⚡ FRAME SPIKE #948: 56.7 ms at 35.1s (Draw: 8810, Bodies: 388)
⚡ FRAME SPIKE #949: 57.7 ms at 35.1s (Draw: 8774, Bodies: 388)
⚡ FRAME SPIKE #950: 56.7 ms at 35.2s (Draw: 8762, Bodies: 388)
⚡ FRAME SPIKE #951: 60.2 ms at 35.2s (Draw: 8755, Bodies: 388)
⚡ FRAME SPIKE #952: 56.9 ms at 35.3s (Draw: 8725, Bodies: 388)
⚡ FRAME SPIKE #953: 58.7 ms at 35.4s (Draw: 8707, Bodies: 388)
⚡ FRAME SPIKE #954: 57.4 ms at 35.4s (Draw: 8711, Bodies: 389)
⚡ FRAME SPIKE #955: 60.7 ms at 35.5s (Draw: 8697, Bodies: 390)
⚡ FRAME SPIKE #956: 57.6 ms at 35.5s (Draw: 8715, Bodies: 390)
⚡ FRAME SPIKE #957: 62.0 ms at 35.6s (Draw: 8770, Bodies: 390)
⚡ FRAME SPIKE #958: 60.8 ms at 35.7s (Draw: 8823, Bodies: 390)
⚡ FRAME SPIKE #959: 59.1 ms at 35.7s (Draw: 8829, Bodies: 390)
⚡ FRAME SPIKE #960: 59.5 ms at 35.8s (Draw: 8826, Bodies: 390)
OSM: Unloaded chunk 0,1
⚡ FRAME SPIKE #961: 59.1 ms at 35.8s (Draw: 8832, Bodies: 391)
⚡ FRAME SPIKE #962: 63.7 ms at 35.9s (Draw: 9103, Bodies: 393)
⚡ FRAME SPIKE #963: 63.7 ms at 36.0s (Draw: 9110, Bodies: 393)
⚡ FRAME SPIKE #964: 59.7 ms at 36.0s (Draw: 9109, Bodies: 393)
⚡ FRAME SPIKE #965: 60.4 ms at 36.1s (Draw: 9127, Bodies: 393)
⚡ FRAME SPIKE #966: 62.2 ms at 36.1s (Draw: 9104, Bodies: 394)
⚡ FRAME SPIKE #967: 60.4 ms at 36.2s (Draw: 9086, Bodies: 394)
⚡ FRAME SPIKE #968: 60.6 ms at 36.3s (Draw: 9056, Bodies: 394)
⚡ FRAME SPIKE #969: 61.9 ms at 36.3s (Draw: 8969, Bodies: 394)
⚡ FRAME SPIKE #970: 60.6 ms at 36.4s (Draw: 8925, Bodies: 394)
⚡ FRAME SPIKE #971: 61.1 ms at 36.5s (Draw: 8899, Bodies: 394)
⚡ FRAME SPIKE #972: 61.1 ms at 36.5s (Draw: 8857, Bodies: 395)
🚗 Traffic: 18 active NPCs (Near: 8, Mid: 8, Far: 2), 12 pooled
  → Physics bodies from NPCs: 18 (All: 18×1, было бы 18×5=90)

========== Bottleneck Analysis Report ==========
Time: 46.8s | Frames: 1233

📊 PERFORMANCE OVERVIEW:
  FPS: 20.0 avg | 15.0 min
  Frame Time: 52.81 ms avg | 103.23 ms max
  Physics Time: 8.04 ms avg

🔍 BOTTLENECK IDENTIFICATION:
  🔴 [CRITICAL] Frame Time
      Value: 52.81 ms (target: 16.67 ms)
      Impact: Overall performance bottleneck
      Suggestions:
        • Reduce draw calls
        • Optimize scripts in _process()
        • Check for expensive operations per frame

  🟠 [HIGH] Draw Calls
      Value: 7958 calls/frame
      Impact: GPU rendering overhead
      Suggestions:
        • Batch meshes by material
        • Use MultiMeshInstance3D
        • Implement LOD system
        • Enable frustum culling

  🟠 [HIGH] Physics Bodies
      Value: 377 active bodies
      Impact: Physics engine load
      Suggestions:
        • Reduce NPC count
        • Convert distant NPCs to kinematic
        • Disable physics for far objects

  🟡 [MEDIUM] Physics Time
      Value: 8.04 ms
      Impact: Physics simulation overhead
      Suggestions:
        • Reduce number of active physics bodies
        • Simplify collision shapes
        • Disable physics for distant objects

  🟡 [MEDIUM] Vertex Count
      Value: 5299017 vertices/frame
      Impact: GPU vertex processing
      Suggestions:
        • Implement LOD for distant objects
        • Simplify building meshes
        • Use lower poly models

  🟡 [MEDIUM] Node Count
      Value: 27083 nodes
      Impact: Scene tree traversal overhead
      Suggestions:
        • Unload distant chunks
        • Pool and reuse nodes
        • Flatten hierarchy where possible

  🟡 [MEDIUM] Post-Processing Effects
      Value: SSAO, Glow/Bloom, Volumetric Fog
      Impact: GPU shader overhead
      Suggestions:
        • Reduce SSR quality
        • Disable SSAO on low-end hardware
        • Use simpler fog

📈 DETAILED STATS:
  Draw Calls: 7958 avg | 9127 max
  Vertices: 5299017 avg | 5585653 max
  Physics Bodies: 377
  Nodes: 27083
  VRAM: 788.2 MB

=================================================

⚡ FRAME SPIKE #973: 61.1 ms at 36.6s (Draw: 8492, Bodies: 395)
⚡ FRAME SPIKE #974: 61.1 ms at 36.6s (Draw: 7850, Bodies: 395)
⚡ FRAME SPIKE #975: 61.1 ms at 36.7s (Draw: 7658, Bodies: 395)
⚡ FRAME SPIKE #976: 60.6 ms at 36.8s (Draw: 7637, Bodies: 395)
⚡ FRAME SPIKE #977: 58.5 ms at 36.8s (Draw: 7597, Bodies: 396)
⚡ FRAME SPIKE #978: 58.3 ms at 36.9s (Draw: 7551, Bodies: 396)
OSM: Unloaded chunk -2,0
⚡ FRAME SPIKE #979: 58.3 ms at 36.9s (Draw: 7526, Bodies: 394)
⚡ FRAME SPIKE #980: 58.3 ms at 37.0s (Draw: 7473, Bodies: 394)
⚡ FRAME SPIKE #981: 55.5 ms at 37.1s (Draw: 7478, Bodies: 394)
⚡ FRAME SPIKE #982: 52.0 ms at 37.1s (Draw: 7493, Bodies: 394)
⚡ FRAME SPIKE #983: 51.5 ms at 37.2s (Draw: 7525, Bodies: 394)
⚡ FRAME SPIKE #984: 55.6 ms at 37.2s (Draw: 7562, Bodies: 394)
OSM: 🌙 NIGHT Window batch 1,-4 | night_mgr: CACHED | is_night value: true
OSM: ✅ Finalized window batch 1,-4: 6566 windows (was 6566 draw calls before batching)
⚡ FRAME SPIKE #985: 55.6 ms at 37.3s (Draw: 7310, Bodies: 394)
OSM: 🌙 NIGHT Window batch -2,-4 | night_mgr: CACHED | is_night value: true
OSM: ✅ Finalized window batch -2,-4: 7273 windows (was 7273 draw calls before batching)
⚡ FRAME SPIKE #986: 55.6 ms at 37.3s (Draw: 7311, Bodies: 395)
⚡ FRAME SPIKE #987: 55.6 ms at 37.4s (Draw: 7279, Bodies: 395)
⚡ FRAME SPIKE #988: 55.0 ms at 37.4s (Draw: 7283, Bodies: 395)
⚡ FRAME SPIKE #989: 54.8 ms at 37.5s (Draw: 7283, Bodies: 395)
⚡ FRAME SPIKE #990: 52.3 ms at 37.5s (Draw: 7286, Bodies: 396)
⚡ FRAME SPIKE #991: 54.8 ms at 37.6s (Draw: 7230, Bodies: 397)
⚡ FRAME SPIKE #992: 54.8 ms at 37.6s (Draw: 7142, Bodies: 397)
⚡ FRAME SPIKE #993: 51.3 ms at 37.7s (Draw: 7111, Bodies: 397)
⚡ FRAME SPIKE #994: 51.2 ms at 37.8s (Draw: 7079, Bodies: 397)
⚡ FRAME SPIKE #995: 52.0 ms at 37.8s (Draw: 7012, Bodies: 397)
⚡ FRAME SPIKE #996: 49.5 ms at 37.9s (Draw: 6968, Bodies: 397)
⚡ FRAME SPIKE #997: 49.9 ms at 37.9s (Draw: 6854, Bodies: 397)
⚡ FRAME SPIKE #998: 52.1 ms at 38.0s (Draw: 7061, Bodies: 399)
⚡ FRAME SPIKE #999: 52.1 ms at 38.0s (Draw: 6856, Bodies: 399)
⚡ FRAME SPIKE #1000: 52.1 ms at 38.1s (Draw: 6413, Bodies: 399)
⚡ FRAME SPIKE #1001: 51.8 ms at 38.1s (Draw: 6323, Bodies: 399)
⚡ FRAME SPIKE #1002: 47.5 ms at 38.2s (Draw: 6247, Bodies: 399)
⚡ FRAME SPIKE #1003: 48.0 ms at 38.2s (Draw: 5990, Bodies: 399)
⚡ FRAME SPIKE #1004: 47.3 ms at 38.3s (Draw: 5720, Bodies: 399)
⚡ FRAME SPIKE #1005: 39.9 ms at 38.3s (Draw: 5701, Bodies: 399)
⚡ FRAME SPIKE #1006: 47.2 ms at 38.3s (Draw: 5702, Bodies: 399)
⚡ FRAME SPIKE #1007: 47.6 ms at 38.4s (Draw: 5666, Bodies: 399)
⚡ FRAME SPIKE #1008: 46.7 ms at 38.4s (Draw: 5644, Bodies: 399)
⚡ FRAME SPIKE #1009: 39.4 ms at 38.5s (Draw: 5635, Bodies: 399)
OSM: Loading chunk 0,-5 at lat=59.1289, lon=37.9026
OSM: Loaded from cache: osm_v2_59.1289_37.9026_250.json
OSM: Chunk 0,-5 data loaded
OSM: Found 22 POI nodes in chunk
POI_DEBUG: Found 'Freestyle' inside building at local (367.8, -1455.9)
POI_DEBUG: Found 'Аптека+' inside building at local (184.5, -1499.9)
POI_DEBUG: Found 'Double S Electronics' inside building at local (138.1, -1509.8)
POI_DEBUG: Found 'Ozon' inside building at local (123.0, -1391.8)
BusinessSign: Found logo for 'ozon' -> res://textures/brand_logos/ozon.png
POI_DEBUG: Found 'Эдельвейс' inside building at local (364.3, -1199.0)
POI_DEBUG: Found 'Совкомбанк' inside building at local (328.8, -1220.7)
OSM: Generated 41 roads, 27 buildings, 0 trees, 0 signs, 0 lamps, 25 intersections
OSM: Marked chunk '0,-5' for road batch finalization
OSM: Post-initial chunk loaded, pending_lamps=0
OSM: _create_pending_lamps started, count=0
OSM: No pending lamps
⚡ FRAME SPIKE #1010: 65.8 ms at 38.5s (Draw: 5655, Bodies: 399)
OSM: DEBUG _add_road_to_batch - first road for chunk '0,-5', parent.name='Chunk_0,-5'
🚗 Traffic: 19 active NPCs (Near: 8, Mid: 7, Far: 4), 11 pooled
  → Physics bodies from NPCs: 19 (All: 19×1, было бы 19×5=95)

========== Bottleneck Analysis Report ==========
Time: 48.8s | Frames: 1271

📊 PERFORMANCE OVERVIEW:
  FPS: 16.8 avg | 15.0 min
  Frame Time: 50.40 ms avg | 103.23 ms max
  Physics Time: 8.69 ms avg

🔍 BOTTLENECK IDENTIFICATION:
  🔴 [CRITICAL] Frame Time
      Value: 50.40 ms (target: 16.67 ms)
      Impact: Overall performance bottleneck
      Suggestions:
        • Reduce draw calls
        • Optimize scripts in _process()
        • Check for expensive operations per frame

  🟠 [HIGH] Draw Calls
      Value: 8013 calls/frame
      Impact: GPU rendering overhead
      Suggestions:
        • Batch meshes by material
        • Use MultiMeshInstance3D
        • Implement LOD system
        • Enable frustum culling

  🟠 [HIGH] Physics Bodies
      Value: 387 active bodies
      Impact: Physics engine load
      Suggestions:
        • Reduce NPC count
        • Convert distant NPCs to kinematic
        • Disable physics for far objects

  🟡 [MEDIUM] Physics Time
      Value: 8.69 ms
      Impact: Physics simulation overhead
      Suggestions:
        • Reduce number of active physics bodies
        • Simplify collision shapes
        • Disable physics for distant objects

  🟡 [MEDIUM] Vertex Count
      Value: 5258152 vertices/frame
      Impact: GPU vertex processing
      Suggestions:
        • Implement LOD for distant objects
        • Simplify building meshes
        • Use lower poly models

  🟡 [MEDIUM] Node Count
      Value: 27160 nodes
      Impact: Scene tree traversal overhead
      Suggestions:
        • Unload distant chunks
        • Pool and reuse nodes
        • Flatten hierarchy where possible

  🟡 [MEDIUM] Post-Processing Effects
      Value: SSAO, Glow/Bloom, Volumetric Fog
      Impact: GPU shader overhead
      Suggestions:
        • Reduce SSR quality
        • Disable SSAO on low-end hardware
        • Use simpler fog

📈 DETAILED STATS:
  Draw Calls: 8013 avg | 9127 max
  Vertices: 5258152 avg | 5585653 max
  Physics Bodies: 387
  Nodes: 27160
  VRAM: 791.3 MB

=================================================

⚡ FRAME SPIKE #1011: 74.9 ms at 38.6s (Draw: 5541, Bodies: 400)
⚡ FRAME SPIKE #1012: 62.5 ms at 38.7s (Draw: 5545, Bodies: 401)
⚠️ SLOW FRAME 14.4ms: building=0.4 road=11.9 terrain=1.8 infra=0.3 veg=0.0 curb=0.0ms
⚡ FRAME SPIKE #1013: 63.3 ms at 38.7s (Draw: 5379, Bodies: 402)
OSM: ✅ Finalized road batch 0,-5/residential: 1946 vertices, 1896 triangles, material: <ImageTexture#-9223371972648368119>
OSM: ✅ Finalized road batch 0,-5/path: 1522 vertices, 1490 triangles, material: <ImageTexture#-9223371972547704822>
⚠️ SLOW: road batch finalization took 9.1 ms for chunk 0,-5
⚡ FRAME SPIKE #1014: 65.5 ms at 38.8s (Draw: 5058, Bodies: 403)
⚡ FRAME SPIKE #1015: 63.9 ms at 38.9s (Draw: 4826, Bodies: 404)
⚡ FRAME SPIKE #1016: 58.5 ms at 38.9s (Draw: 4842, Bodies: 405)
⚡ FRAME SPIKE #1017: 59.3 ms at 39.0s (Draw: 4847, Bodies: 409)
OSM: Loading chunk 2,-3 at lat=59.1235, lon=37.9132
OSM: Loaded from cache: osm_v2_59.1235_37.9132_250.json
OSM: Chunk 2,-3 data loaded
OSM: Found 3 entrance nodes in chunk
OSM: Found 16 POI nodes in chunk
POI_DEBUG: Found 'Бон Аппетит' inside building at local (536.3, -777.3)
POI_DEBUG: Found 'Осетинские пироги' inside building at local (571.7, -769.5)
POI_DEBUG: Found 'Ткани для Вас' inside building at local (630.6, -755.6)
POI_DEBUG: Found 'Аста-запчасти' inside building at local (556.2, -773.0)
POI_DEBUG: Found 'Coffee Like' inside building at local (572.0, -760.4)
POI_DEBUG: Found 'Отделение связи №162602' inside building at local (678.3, -792.8)
POI_DEBUG: Found 'Почта России' inside building at local (652.9, -803.9)
POI_DEBUG: Found 'Ozon' inside building at local (712.1, -787.8)
BusinessSign: Found logo for 'ozon' -> res://textures/brand_logos/ozon.png
POI_DEBUG: Found 'СДЭК' inside building at local (536.8, -743.2)
POI_DEBUG: Found 'Ozon' inside building at local (559.0, -660.9)
BusinessSign: Found logo for 'ozon' -> res://textures/brand_logos/ozon.png
OSM: Generated 37 roads, 41 buildings, 0 trees, 0 signs, 0 lamps, 20 intersections
OSM: Marked chunk '2,-3' for road batch finalization
OSM: Post-initial chunk loaded, pending_lamps=116
OSM: _create_pending_lamps started, count=116
OSM: Created 27 lamps, skipped 89 (added to infrastructure queue)
⚡ FRAME SPIKE #1018: 116.2 ms at 39.0s (Draw: 4948, Bodies: 418)
OSM: DEBUG _add_road_to_batch - first road for chunk '2,-3', parent.name='Chunk_2,-3'
⚡ FRAME SPIKE #1019: 131.0 ms at 39.2s (Draw: 4885, Bodies: 418)

=== PERFORMANCE METRICS ===
FPS: 19 | Frame: 48.0 ms (max 131.0) | Physics: 16.8 ms (max 100.8)
Godot Process: 55.72 ms | Physics: 9.72 ms
Objects: 65537 | Nodes: 27893 | Resources: 538
Draw calls: 4885 | Vertices: 4509610 | VRAM: 792.2 MB
Physics bodies: 418 | Collision pairs: 5586
--- System Times ---
  road_batch_finalize_total_-1,-1: 10.52 ms (max 10.52)
  road_batch_finalize_total_-1,-2: 5.25 ms (max 5.25)
  road_batch_finalize_total_-1,-3: 26.08 ms (max 26.08)
  road_batch_finalize_total_-1,-4: 8.39 ms (max 8.39)
  road_batch_finalize_total_-1,0: 14.40 ms (max 14.40)
  road_batch_finalize_total_-2,-1: 22.75 ms (max 22.75)
  road_batch_finalize_total_-2,-2: 6.28 ms (max 6.28)
  road_batch_finalize_total_-2,-3: 10.11 ms (max 10.11)
  road_batch_finalize_total_-2,-4: 8.82 ms (max 9.24)
  road_batch_finalize_total_-2,0: 20.76 ms (max 20.76)
  road_batch_finalize_total_0,-1: 23.51 ms (max 23.51)
  road_batch_finalize_total_0,-2: 24.46 ms (max 24.46)
  road_batch_finalize_total_0,-3: 24.86 ms (max 24.86)
  road_batch_finalize_total_0,-4: 12.04 ms (max 12.04)
  road_batch_finalize_total_0,-5: 9.13 ms (max 9.13)
  road_batch_finalize_total_0,0: 23.28 ms (max 23.28)
  road_batch_finalize_total_0,1: 26.48 ms (max 26.48)
  road_batch_finalize_total_1,-1: 19.59 ms (max 19.59)
  road_batch_finalize_total_1,-2: 28.29 ms (max 28.29)
  road_batch_finalize_total_1,-3: 9.66 ms (max 9.66)
  road_batch_finalize_total_1,-4: 16.32 ms (max 16.32)
  road_batch_finalize_total_1,0: 1.77 ms (max 1.77)
  road_collision_create_-1,-1: 3.30 ms (max 4.00)
  road_collision_create_-1,-2: 2.40 ms (max 2.94)
  road_collision_create_-1,-3: 8.42 ms (max 21.84)
  road_collision_create_-1,-4: 3.91 ms (max 4.62)
  road_collision_create_-1,0: 6.98 ms (max 11.84)
  road_collision_create_-2,-1: 7.37 ms (max 16.50)
  road_collision_create_-2,-2: 2.95 ms (max 3.83)
  road_collision_create_-2,-3: 3.10 ms (max 5.93)
  road_collision_create_-2,-4: 4.02 ms (max 5.61)
  road_collision_create_-2,0: 10.14 ms (max 17.31)
  road_collision_create_0,-1: 7.61 ms (max 17.59)
  road_collision_create_0,-2: 7.94 ms (max 17.36)
  road_collision_create_0,-3: 7.95 ms (max 17.78)
  road_collision_create_0,-4: 3.75 ms (max 8.67)
  road_collision_create_0,-5: 4.00 ms (max 4.47)
  road_collision_create_0,0: 7.55 ms (max 19.41)
  road_collision_create_0,1: 26.23 ms (max 26.23)
  road_collision_create_1,-1: 6.33 ms (max 15.25)
  road_collision_create_1,-2: 13.87 ms (max 25.23)
  road_collision_create_1,-3: 2.98 ms (max 4.52)
  road_collision_create_1,-4: 5.09 ms (max 9.19)
  road_collision_create_1,0: 1.57 ms (max 1.57)
===========================

=== PERFORMANCE METRICS ===
FPS: 19 | Frame: 48.0 ms (max 131.0) | Physics: 16.8 ms (max 101.1)
Godot Process: 55.72 ms | Physics: 9.72 ms
Objects: 65537 | Nodes: 27893 | Resources: 538
Draw calls: 4885 | Vertices: 4509610 | VRAM: 792.2 MB
Physics bodies: 418 | Collision pairs: 5586
===========================
⚡ FRAME SPIKE #1020: 103.4 ms at 39.3s (Draw: 4912, Bodies: 418)
⚡ FRAME SPIKE #1021: 99.5 ms at 39.4s (Draw: 4901, Bodies: 418)
OSM: ✅ Finalized road batch 2,-3/residential: 1746 vertices, 1698 triangles, material: <ImageTexture#-9223371972648368119>
OSM: ✅ Finalized road batch 2,-3/path: 798 vertices, 772 triangles, material: <ImageTexture#-9223371972547704822>
⚡ FRAME SPIKE #1022: 82.7 ms at 39.5s (Draw: 4885, Bodies: 418)
OSM: Loading chunk -1,-5 at lat=59.1289, lon=37.8974
OSM: Loaded from cache: osm_v2_59.1289_37.8974_250.json
OSM: Chunk -1,-5 data loaded
OSM: Found 15 POI nodes in chunk
POI_DEBUG: Found 'Магнит' inside building at local (-186.3, -1338.4)
POI_DEBUG: Found 'Магнит-косметик' inside building at local (-177.7, -1336.2)
BusinessSign: Found logo for 'магнит' -> res://textures/brand_logos/magnit.png
BusinessSign: Found logo for 'магнит-косметик' (matched 'магнит') -> res://textures/brand_logos/magnit.png
POI_DEBUG: Found 'Redial магазин одежды' inside building at local (-211.7, -1285.6)
POI_DEBUG: Found 'Еврочехол' inside building at local (-203.0, -1261.1)
POI_DEBUG: Found 'Галамарт' inside building at local (-200.2, -1277.9)
POI_DEBUG: Found 'МТС' inside building at local (-218.4, -1273.8)
POI_DEBUG: Found 'Fix Price' inside building at local (-216.9, -1262.8)
BusinessSign: Found logo for 'мтс' -> res://textures/brand_logos/mts.png
BusinessSign: Found logo for 'fix price' -> res://textures/brand_logos/fixprice.png
Loading resource: res://textures/brand_logos/fixprice.png
Loading resource: res://.godot/imported/fixprice.png-48650b68fe00fd82204fbbc1261f6d65.ctex
WARNING: Image format RGB8 not supported by hardware, converting to RGBA8.
     at: _validate_texture_format (servers/rendering/renderer_rd/storage_rd/texture_storage.cpp:2265)
     GDScript backtrace (most recent call first):
         [0] _create_logo_sign (res://osm/business_sign_generator.gd:198)
         [1] create_sign (res://osm/business_sign_generator.gd:139)
         [2] _add_business_signs_simple (res://osm/osm_terrain_generator.gd:7082)
         [3] _create_building (res://osm/osm_terrain_generator.gd:2900)
         [4] _generate_terrain (res://osm/osm_terrain_generator.gd:1563)
         [5] _generate_chunk_async (res://osm/osm_terrain_generator.gd:1202)
         [6] _on_chunk_data_loaded (res://osm/osm_terrain_generator.gd:1198)
         [7] _emit_cached_data (res://osm/osm_loader.gd:146)
POI_DEBUG: Found 'Ozon' inside building at local (-206.5, -1435.5)
BusinessSign: Found logo for 'ozon' -> res://textures/brand_logos/ozon.png
OSM: Generated 39 roads, 37 buildings, 0 trees, 0 signs, 0 lamps, 24 intersections
OSM: Marked chunk '-1,-5' for road batch finalization
OSM: Post-initial chunk loaded, pending_lamps=56
OSM: _create_pending_lamps started, count=56
OSM: Created 42 lamps, skipped 14 (added to infrastructure queue)
⚡ FRAME SPIKE #1023: 105.8 ms at 39.6s (Draw: 4864, Bodies: 418)
OSM: DEBUG _add_road_to_batch - first road for chunk '-1,-5', parent.name='Chunk_-1,-5'
⚡ FRAME SPIKE #1024: 100.0 ms at 39.7s (Draw: 4816, Bodies: 418)
⚡ FRAME SPIKE #1025: 87.7 ms at 39.8s (Draw: 4794, Bodies: 418)
⚡ PHYSICS SPIKE #60: 10.4 ms at 39.9s (Bodies: 418)
⚡ PHYSICS SPIKE #61: 10.4 ms at 39.9s (Bodies: 418)
⚡ PHYSICS SPIKE #62: 10.4 ms at 39.9s (Bodies: 418)
⚡ PHYSICS SPIKE #63: 10.4 ms at 39.9s (Bodies: 418)
⚡ FRAME SPIKE #1026: 63.5 ms at 39.9s (Draw: 4771, Bodies: 418)
OSM: ✅ Finalized road batch -1,-5/residential: 1978 vertices, 1926 triangles, material: <ImageTexture#-9223371972648368119>
OSM: ✅ Finalized road batch -1,-5/path: 1616 vertices, 1590 triangles, material: <ImageTexture#-9223371972547704822>
⚠️ SLOW: road batch finalization took 8.8 ms for chunk -1,-5
⚠️ SLOW FRAME 10.8ms: building=0.6 road=8.8 terrain=0.2 infra=1.1 veg=0.0 curb=0.0ms
⚡ PHYSICS SPIKE #64: 10.4 ms at 39.9s (Bodies: 418)
⚡ PHYSICS SPIKE #65: 10.4 ms at 39.9s (Bodies: 418)
⚡ PHYSICS SPIKE #66: 10.4 ms at 39.9s (Bodies: 418)
⚡ PHYSICS SPIKE #67: 10.4 ms at 39.9s (Bodies: 418)
⚡ PHYSICS SPIKE #68: 10.4 ms at 39.9s (Bodies: 418)
⚡ FRAME SPIKE #1027: 79.2 ms at 39.9s (Draw: 4762, Bodies: 418)
⚡ PHYSICS SPIKE #69: 10.4 ms at 40.0s (Bodies: 418)
⚡ PHYSICS SPIKE #70: 10.4 ms at 40.0s (Bodies: 419)
⚡ PHYSICS SPIKE #71: 10.4 ms at 40.0s (Bodies: 419)
⚡ PHYSICS SPIKE #72: 10.4 ms at 40.0s (Bodies: 419)
⚡ FRAME SPIKE #1028: 75.0 ms at 40.0s (Draw: 4747, Bodies: 419)
⚡ PHYSICS SPIKE #73: 10.4 ms at 40.1s (Bodies: 419)
⚡ PHYSICS SPIKE #74: 10.4 ms at 40.1s (Bodies: 419)
⚡ PHYSICS SPIKE #75: 10.4 ms at 40.1s (Bodies: 419)
⚡ PHYSICS SPIKE #76: 10.4 ms at 40.1s (Bodies: 419)
⚡ PHYSICS SPIKE #77: 10.4 ms at 40.1s (Bodies: 419)
⚡ FRAME SPIKE #1029: 76.7 ms at 40.1s (Draw: 4755, Bodies: 419)
⚡ PHYSICS SPIKE #78: 10.4 ms at 40.2s (Bodies: 419)
⚡ PHYSICS SPIKE #79: 10.4 ms at 40.2s (Bodies: 419)
⚡ PHYSICS SPIKE #80: 10.4 ms at 40.2s (Bodies: 419)
⚡ PHYSICS SPIKE #81: 10.4 ms at 40.2s (Bodies: 419)
⚡ PHYSICS SPIKE #82: 10.4 ms at 40.2s (Bodies: 419)
⚡ FRAME SPIKE #1030: 78.9 ms at 40.2s (Draw: 4698, Bodies: 419)
⚡ PHYSICS SPIKE #83: 10.4 ms at 40.2s (Bodies: 419)
⚡ PHYSICS SPIKE #84: 10.4 ms at 40.2s (Bodies: 419)
⚡ PHYSICS SPIKE #85: 10.4 ms at 40.2s (Bodies: 419)
⚡ PHYSICS SPIKE #86: 10.4 ms at 40.2s (Bodies: 419)
⚡ FRAME SPIKE #1031: 76.7 ms at 40.2s (Draw: 4559, Bodies: 419)
⚡ PHYSICS SPIKE #87: 10.4 ms at 40.3s (Bodies: 419)
⚡ PHYSICS SPIKE #88: 10.4 ms at 40.3s (Bodies: 419)
⚡ PHYSICS SPIKE #89: 10.4 ms at 40.3s (Bodies: 419)
⚡ PHYSICS SPIKE #90: 10.4 ms at 40.3s (Bodies: 419)
⚡ FRAME SPIKE #1032: 68.8 ms at 40.3s (Draw: 4526, Bodies: 419)
⚡ PHYSICS SPIKE #91: 10.4 ms at 40.4s (Bodies: 419)
⚡ PHYSICS SPIKE #92: 10.4 ms at 40.4s (Bodies: 419)
⚡ PHYSICS SPIKE #93: 10.4 ms at 40.4s (Bodies: 419)
⚡ PHYSICS SPIKE #94: 10.4 ms at 40.4s (Bodies: 419)
⚡ FRAME SPIKE #1033: 64.2 ms at 40.4s (Draw: 4521, Bodies: 419)
⚡ PHYSICS SPIKE #95: 10.4 ms at 40.5s (Bodies: 419)
⚡ PHYSICS SPIKE #96: 10.4 ms at 40.5s (Bodies: 419)
⚡ PHYSICS SPIKE #97: 10.4 ms at 40.5s (Bodies: 419)
⚡ PHYSICS SPIKE #98: 10.4 ms at 40.5s (Bodies: 419)
⚡ FRAME SPIKE #1034: 65.2 ms at 40.5s (Draw: 4548, Bodies: 419)
⚡ PHYSICS SPIKE #99: 10.4 ms at 40.5s (Bodies: 419)
⚡ PHYSICS SPIKE #100: 10.4 ms at 40.5s (Bodies: 419)
⚡ PHYSICS SPIKE #101: 10.4 ms at 40.5s (Bodies: 419)
⚡ PHYSICS SPIKE #102: 10.4 ms at 40.5s (Bodies: 419)
⚡ FRAME SPIKE #1035: 64.9 ms at 40.5s (Draw: 4554, Bodies: 419)
⚡ PHYSICS SPIKE #103: 10.4 ms at 40.6s (Bodies: 419)
⚡ PHYSICS SPIKE #104: 10.4 ms at 40.6s (Bodies: 419)
⚡ PHYSICS SPIKE #105: 10.4 ms at 40.6s (Bodies: 419)
⚡ PHYSICS SPIKE #106: 10.4 ms at 40.6s (Bodies: 419)
⚡ FRAME SPIKE #1036: 65.6 ms at 40.6s (Draw: 4599, Bodies: 419)
🚗 Traffic: 23 active NPCs (Near: 9, Mid: 8, Far: 6), 7 pooled
  → Physics bodies from NPCs: 23 (All: 23×1, было бы 23×5=115)

========== Bottleneck Analysis Report ==========
Time: 50.8s | Frames: 1297

📊 PERFORMANCE OVERVIEW:
  FPS: 16.5 avg | 11.0 min
  Frame Time: 44.87 ms avg | 91.60 ms max
  Physics Time: 9.14 ms avg

🔍 BOTTLENECK IDENTIFICATION:
  🔴 [CRITICAL] Frame Time
      Value: 44.87 ms (target: 16.67 ms)
      Impact: Overall performance bottleneck
      Suggestions:
        • Reduce draw calls
        • Optimize scripts in _process()
        • Check for expensive operations per frame

  🟠 [HIGH] Draw Calls
      Value: 7293 calls/frame
      Impact: GPU rendering overhead
      Suggestions:
        • Batch meshes by material
        • Use MultiMeshInstance3D
        • Implement LOD system
        • Enable frustum culling

  🟠 [HIGH] Physics Bodies
      Value: 395 active bodies
      Impact: Physics engine load
      Suggestions:
        • Reduce NPC count
        • Convert distant NPCs to kinematic
        • Disable physics for far objects

  🟡 [MEDIUM] Physics Time
      Value: 9.14 ms
      Impact: Physics simulation overhead
      Suggestions:
        • Reduce number of active physics bodies
        • Simplify collision shapes
        • Disable physics for distant objects

  🟡 [MEDIUM] Vertex Count
      Value: 5040738 vertices/frame
      Impact: GPU vertex processing
      Suggestions:
        • Implement LOD for distant objects
        • Simplify building meshes
        • Use lower poly models

  🟡 [MEDIUM] Node Count
      Value: 28729 nodes
      Impact: Scene tree traversal overhead
      Suggestions:
        • Unload distant chunks
        • Pool and reuse nodes
        • Flatten hierarchy where possible

  🟡 [MEDIUM] Post-Processing Effects
      Value: SSAO, Glow/Bloom, Volumetric Fog
      Impact: GPU shader overhead
      Suggestions:
        • Reduce SSR quality
        • Disable SSAO on low-end hardware
        • Use simpler fog

📈 DETAILED STATS:
  Draw Calls: 7293 avg | 9127 max
  Vertices: 5040738 avg | 5496370 max
  Physics Bodies: 395
  Nodes: 28729
  VRAM: 796.1 MB

=================================================

⚡ PHYSICS SPIKE #107: 10.4 ms at 40.6s (Bodies: 419)
⚡ PHYSICS SPIKE #108: 10.4 ms at 40.6s (Bodies: 419)
⚡ PHYSICS SPIKE #109: 10.4 ms at 40.6s (Bodies: 419)
⚡ PHYSICS SPIKE #110: 10.4 ms at 40.6s (Bodies: 419)
⚡ FRAME SPIKE #1037: 64.7 ms at 40.6s (Draw: 4611, Bodies: 419)
⚡ PHYSICS SPIKE #111: 10.4 ms at 40.7s (Bodies: 419)
⚡ PHYSICS SPIKE #112: 10.4 ms at 40.7s (Bodies: 420)
⚡ PHYSICS SPIKE #113: 10.4 ms at 40.7s (Bodies: 420)
⚡ PHYSICS SPIKE #114: 10.4 ms at 40.7s (Bodies: 420)
⚡ FRAME SPIKE #1038: 64.5 ms at 40.7s (Draw: 4614, Bodies: 420)
⚡ PHYSICS SPIKE #115: 10.4 ms at 40.8s (Bodies: 420)
⚡ PHYSICS SPIKE #116: 10.4 ms at 40.8s (Bodies: 420)
⚡ PHYSICS SPIKE #117: 10.4 ms at 40.8s (Bodies: 420)
⚡ FRAME SPIKE #1039: 63.8 ms at 40.8s (Draw: 4616, Bodies: 420)
⚡ PHYSICS SPIKE #118: 10.4 ms at 40.8s (Bodies: 420)
⚡ PHYSICS SPIKE #119: 10.4 ms at 40.8s (Bodies: 420)
⚡ PHYSICS SPIKE #120: 10.4 ms at 40.8s (Bodies: 420)
⚡ PHYSICS SPIKE #121: 10.4 ms at 40.8s (Bodies: 420)
⚡ FRAME SPIKE #1040: 54.2 ms at 40.8s (Draw: 4619, Bodies: 420)
⚡ PHYSICS SPIKE #122: 12.1 ms at 40.9s (Bodies: 420)
⚡ PHYSICS SPIKE #123: 12.1 ms at 40.9s (Bodies: 421)
⚡ PHYSICS SPIKE #124: 12.1 ms at 40.9s (Bodies: 421)
⚡ PHYSICS SPIKE #125: 12.1 ms at 40.9s (Bodies: 421)
⚡ FRAME SPIKE #1041: 64.4 ms at 40.9s (Draw: 4619, Bodies: 421)
⚡ PHYSICS SPIKE #126: 12.1 ms at 41.0s (Bodies: 421)
⚡ PHYSICS SPIKE #127: 12.1 ms at 41.0s (Bodies: 422)
⚡ PHYSICS SPIKE #128: 12.1 ms at 41.0s (Bodies: 422)
⚡ FRAME SPIKE #1042: 62.5 ms at 41.0s (Draw: 4619, Bodies: 422)
⚡ PHYSICS SPIKE #129: 12.1 ms at 41.0s (Bodies: 422)
⚡ PHYSICS SPIKE #130: 12.1 ms at 41.0s (Bodies: 424)
⚡ PHYSICS SPIKE #131: 12.1 ms at 41.0s (Bodies: 424)
⚡ PHYSICS SPIKE #132: 12.1 ms at 41.0s (Bodies: 424)
⚡ FRAME SPIKE #1043: 59.0 ms at 41.0s (Draw: 4617, Bodies: 424)
⚡ PHYSICS SPIKE #133: 12.1 ms at 41.1s (Bodies: 424)
⚡ PHYSICS SPIKE #134: 12.1 ms at 41.1s (Bodies: 425)
⚡ PHYSICS SPIKE #135: 12.1 ms at 41.1s (Bodies: 425)
⚡ PHYSICS SPIKE #136: 12.1 ms at 41.1s (Bodies: 425)
⚡ FRAME SPIKE #1044: 62.5 ms at 41.1s (Draw: 4625, Bodies: 425)
⚡ PHYSICS SPIKE #137: 12.1 ms at 41.1s (Bodies: 425)
⚡ PHYSICS SPIKE #138: 12.1 ms at 41.1s (Bodies: 425)
⚡ PHYSICS SPIKE #139: 12.1 ms at 41.1s (Bodies: 425)
⚡ PHYSICS SPIKE #140: 12.1 ms at 41.1s (Bodies: 425)
⚡ FRAME SPIKE #1045: 66.9 ms at 41.1s (Draw: 4633, Bodies: 425)
⚡ PHYSICS SPIKE #141: 12.1 ms at 41.2s (Bodies: 425)
⚡ PHYSICS SPIKE #142: 12.1 ms at 41.2s (Bodies: 425)
⚡ PHYSICS SPIKE #143: 12.1 ms at 41.2s (Bodies: 425)
⚡ PHYSICS SPIKE #144: 12.1 ms at 41.2s (Bodies: 425)
⚡ FRAME SPIKE #1046: 69.5 ms at 41.2s (Draw: 4642, Bodies: 425)
⚡ PHYSICS SPIKE #145: 12.1 ms at 41.3s (Bodies: 425)
⚡ PHYSICS SPIKE #146: 12.1 ms at 41.3s (Bodies: 426)
⚡ PHYSICS SPIKE #147: 12.1 ms at 41.3s (Bodies: 426)
⚡ PHYSICS SPIKE #148: 12.1 ms at 41.3s (Bodies: 426)
⚡ FRAME SPIKE #1047: 64.6 ms at 41.3s (Draw: 4643, Bodies: 426)
⚡ PHYSICS SPIKE #149: 12.1 ms at 41.3s (Bodies: 426)
⚡ PHYSICS SPIKE #150: 12.1 ms at 41.3s (Bodies: 427)
⚡ PHYSICS SPIKE #151: 12.1 ms at 41.3s (Bodies: 427)
⚡ FRAME SPIKE #1048: 63.3 ms at 41.3s (Draw: 4638, Bodies: 427)
⚡ PHYSICS SPIKE #152: 12.1 ms at 41.4s (Bodies: 427)
⚡ PHYSICS SPIKE #153: 12.1 ms at 41.4s (Bodies: 428)
⚡ PHYSICS SPIKE #154: 12.1 ms at 41.4s (Bodies: 428)
⚡ PHYSICS SPIKE #155: 12.1 ms at 41.4s (Bodies: 428)
⚡ FRAME SPIKE #1049: 63.3 ms at 41.4s (Draw: 4644, Bodies: 428)
⚡ PHYSICS SPIKE #156: 12.1 ms at 41.5s (Bodies: 428)
⚡ PHYSICS SPIKE #157: 12.1 ms at 41.5s (Bodies: 429)
⚡ PHYSICS SPIKE #158: 12.1 ms at 41.5s (Bodies: 429)
⚡ PHYSICS SPIKE #159: 12.1 ms at 41.5s (Bodies: 429)
⚡ FRAME SPIKE #1050: 63.3 ms at 41.5s (Draw: 4646, Bodies: 429)
⚡ PHYSICS SPIKE #160: 12.1 ms at 41.5s (Bodies: 429)
⚡ PHYSICS SPIKE #161: 12.1 ms at 41.5s (Bodies: 430)
⚡ PHYSICS SPIKE #162: 12.1 ms at 41.5s (Bodies: 430)
⚡ PHYSICS SPIKE #163: 12.1 ms at 41.5s (Bodies: 430)
⚡ FRAME SPIKE #1051: 63.3 ms at 41.5s (Draw: 4655, Bodies: 430)
⚡ PHYSICS SPIKE #164: 12.1 ms at 41.6s (Bodies: 430)
⚡ PHYSICS SPIKE #165: 12.1 ms at 41.6s (Bodies: 431)
⚡ PHYSICS SPIKE #166: 12.1 ms at 41.6s (Bodies: 431)
⚡ PHYSICS SPIKE #167: 12.1 ms at 41.6s (Bodies: 431)
⚡ FRAME SPIKE #1052: 63.6 ms at 41.6s (Draw: 4658, Bodies: 431)
⚡ PHYSICS SPIKE #168: 12.1 ms at 41.7s (Bodies: 431)
⚡ PHYSICS SPIKE #169: 12.1 ms at 41.7s (Bodies: 432)
⚡ PHYSICS SPIKE #170: 12.1 ms at 41.7s (Bodies: 432)
⚡ PHYSICS SPIKE #171: 12.1 ms at 41.7s (Bodies: 432)
⚡ FRAME SPIKE #1053: 65.5 ms at 41.7s (Draw: 4666, Bodies: 432)
⚡ PHYSICS SPIKE #172: 12.1 ms at 41.7s (Bodies: 432)
⚡ PHYSICS SPIKE #173: 12.1 ms at 41.7s (Bodies: 433)
⚡ PHYSICS SPIKE #174: 12.1 ms at 41.7s (Bodies: 433)
⚡ FRAME SPIKE #1054: 64.7 ms at 41.7s (Draw: 4666, Bodies: 433)
⚡ PHYSICS SPIKE #175: 12.1 ms at 41.8s (Bodies: 433)
⚡ PHYSICS SPIKE #176: 12.1 ms at 41.8s (Bodies: 434)
⚡ PHYSICS SPIKE #177: 12.1 ms at 41.8s (Bodies: 434)
⚡ PHYSICS SPIKE #178: 12.1 ms at 41.8s (Bodies: 434)
⚡ FRAME SPIKE #1055: 63.6 ms at 41.8s (Draw: 4670, Bodies: 434)
⚡ PHYSICS SPIKE #179: 16.0 ms at 41.9s (Bodies: 434)
⚡ PHYSICS SPIKE #180: 16.0 ms at 41.9s (Bodies: 435)
⚡ PHYSICS SPIKE #181: 16.0 ms at 41.9s (Bodies: 435)
⚡ PHYSICS SPIKE #182: 16.0 ms at 41.9s (Bodies: 435)
⚡ FRAME SPIKE #1056: 63.9 ms at 41.9s (Draw: 4667, Bodies: 435)
⚡ PHYSICS SPIKE #183: 16.0 ms at 41.9s (Bodies: 435)
⚡ PHYSICS SPIKE #184: 16.0 ms at 41.9s (Bodies: 435)
⚡ PHYSICS SPIKE #185: 16.0 ms at 41.9s (Bodies: 435)
⚡ PHYSICS SPIKE #186: 16.0 ms at 41.9s (Bodies: 435)
⚡ FRAME SPIKE #1057: 63.9 ms at 41.9s (Draw: 4674, Bodies: 435)
⚡ PHYSICS SPIKE #187: 16.0 ms at 42.0s (Bodies: 435)
⚡ PHYSICS SPIKE #188: 16.0 ms at 42.0s (Bodies: 436)
⚡ PHYSICS SPIKE #189: 16.0 ms at 42.0s (Bodies: 436)
⚡ PHYSICS SPIKE #190: 16.0 ms at 42.0s (Bodies: 436)
⚡ FRAME SPIKE #1058: 63.9 ms at 42.0s (Draw: 4673, Bodies: 436)
⚡ PHYSICS SPIKE #191: 16.0 ms at 42.0s (Bodies: 436)
⚡ PHYSICS SPIKE #192: 16.0 ms at 42.0s (Bodies: 437)
⚡ PHYSICS SPIKE #193: 16.0 ms at 42.0s (Bodies: 437)
⚡ PHYSICS SPIKE #194: 16.0 ms at 42.0s (Bodies: 437)
⚡ FRAME SPIKE #1059: 66.7 ms at 42.0s (Draw: 4676, Bodies: 437)
⚡ PHYSICS SPIKE #195: 16.0 ms at 42.1s (Bodies: 437)
⚡ PHYSICS SPIKE #196: 16.0 ms at 42.1s (Bodies: 437)
⚡ PHYSICS SPIKE #197: 16.0 ms at 42.1s (Bodies: 437)
⚡ PHYSICS SPIKE #198: 16.0 ms at 42.1s (Bodies: 437)
⚡ FRAME SPIKE #1060: 66.6 ms at 42.1s (Draw: 4676, Bodies: 437)
⚡ PHYSICS SPIKE #199: 16.0 ms at 42.2s (Bodies: 437)
⚡ PHYSICS SPIKE #200: 16.0 ms at 42.2s (Bodies: 438)
⚡ PHYSICS SPIKE #201: 16.0 ms at 42.2s (Bodies: 438)
⚡ PHYSICS SPIKE #202: 16.0 ms at 42.2s (Bodies: 438)
⚡ FRAME SPIKE #1061: 64.6 ms at 42.2s (Draw: 4677, Bodies: 438)
⚡ PHYSICS SPIKE #203: 16.0 ms at 42.2s (Bodies: 438)
⚡ PHYSICS SPIKE #204: 16.0 ms at 42.2s (Bodies: 439)
⚡ PHYSICS SPIKE #205: 16.0 ms at 42.2s (Bodies: 439)
⚡ PHYSICS SPIKE #206: 16.0 ms at 42.2s (Bodies: 439)
⚡ FRAME SPIKE #1062: 64.9 ms at 42.2s (Draw: 4682, Bodies: 439)
⚡ PHYSICS SPIKE #207: 16.0 ms at 42.3s (Bodies: 439)
⚡ PHYSICS SPIKE #208: 16.0 ms at 42.3s (Bodies: 440)
⚡ PHYSICS SPIKE #209: 16.0 ms at 42.3s (Bodies: 440)
⚡ PHYSICS SPIKE #210: 16.0 ms at 42.3s (Bodies: 440)
⚡ FRAME SPIKE #1063: 66.4 ms at 42.3s (Draw: 4688, Bodies: 440)
⚡ PHYSICS SPIKE #211: 16.0 ms at 42.4s (Bodies: 440)
⚡ PHYSICS SPIKE #212: 16.0 ms at 42.4s (Bodies: 441)
⚡ PHYSICS SPIKE #213: 16.0 ms at 42.4s (Bodies: 441)
⚡ FRAME SPIKE #1064: 65.3 ms at 42.4s (Draw: 4691, Bodies: 441)
⚡ PHYSICS SPIKE #214: 16.0 ms at 42.4s (Bodies: 441)
⚡ PHYSICS SPIKE #215: 16.0 ms at 42.4s (Bodies: 442)
⚡ PHYSICS SPIKE #216: 16.0 ms at 42.4s (Bodies: 442)
⚡ PHYSICS SPIKE #217: 16.0 ms at 42.4s (Bodies: 442)
⚡ FRAME SPIKE #1065: 64.8 ms at 42.4s (Draw: 4685, Bodies: 442)
⚡ PHYSICS SPIKE #218: 16.0 ms at 42.5s (Bodies: 442)
⚡ PHYSICS SPIKE #219: 16.0 ms at 42.5s (Bodies: 442)
⚡ PHYSICS SPIKE #220: 16.0 ms at 42.5s (Bodies: 442)
⚡ PHYSICS SPIKE #221: 16.0 ms at 42.5s (Bodies: 442)
⚡ FRAME SPIKE #1066: 64.8 ms at 42.5s (Draw: 4688, Bodies: 442)
⚡ PHYSICS SPIKE #222: 16.0 ms at 42.6s (Bodies: 442)
⚡ PHYSICS SPIKE #223: 16.0 ms at 42.6s (Bodies: 443)
⚡ PHYSICS SPIKE #224: 16.0 ms at 42.6s (Bodies: 443)
⚡ PHYSICS SPIKE #225: 16.0 ms at 42.6s (Bodies: 443)
⚡ FRAME SPIKE #1067: 65.0 ms at 42.6s (Draw: 4690, Bodies: 443)
⚡ PHYSICS SPIKE #226: 16.0 ms at 42.6s (Bodies: 443)
⚡ PHYSICS SPIKE #227: 16.0 ms at 42.6s (Bodies: 443)
⚡ PHYSICS SPIKE #228: 16.0 ms at 42.6s (Bodies: 443)
⚡ PHYSICS SPIKE #229: 16.0 ms at 42.6s (Bodies: 443)
⚡ FRAME SPIKE #1068: 65.0 ms at 42.6s (Draw: 4694, Bodies: 443)
🚗 Traffic: 24 active NPCs (Near: 9, Mid: 9, Far: 6), 6 pooled
  → Physics bodies from NPCs: 24 (All: 24×1, было бы 24×5=120)

========== Bottleneck Analysis Report ==========
Time: 52.9s | Frames: 1329

📊 PERFORMANCE OVERVIEW:
  FPS: 16.1 avg | 11.0 min
  Frame Time: 41.19 ms avg | 91.60 ms max
  Physics Time: 10.49 ms avg

🔍 BOTTLENECK IDENTIFICATION:
  🔴 [CRITICAL] Frame Time
      Value: 41.19 ms (target: 16.67 ms)
      Impact: Overall performance bottleneck
      Suggestions:
        • Reduce draw calls
        • Optimize scripts in _process()
        • Check for expensive operations per frame

  🔴 [CRITICAL] Physics Time
      Value: 10.49 ms
      Impact: Physics simulation overhead
      Suggestions:
        • Reduce number of active physics bodies
        • Simplify collision shapes
        • Disable physics for distant objects

  🟠 [HIGH] Draw Calls
      Value: 6265 calls/frame
      Impact: GPU rendering overhead
      Suggestions:
        • Batch meshes by material
        • Use MultiMeshInstance3D
        • Implement LOD system
        • Enable frustum culling

  🟠 [HIGH] Physics Bodies
      Value: 408 active bodies
      Impact: Physics engine load
      Suggestions:
        • Reduce NPC count
        • Convert distant NPCs to kinematic
        • Disable physics for far objects

  🟡 [MEDIUM] Vertex Count
      Value: 4789377 vertices/frame
      Impact: GPU vertex processing
      Suggestions:
        • Implement LOD for distant objects
        • Simplify building meshes
        • Use lower poly models

  🟡 [MEDIUM] Node Count
      Value: 30333 nodes
      Impact: Scene tree traversal overhead
      Suggestions:
        • Unload distant chunks
        • Pool and reuse nodes
        • Flatten hierarchy where possible

  🟡 [MEDIUM] Post-Processing Effects
      Value: SSAO, Glow/Bloom, Volumetric Fog
      Impact: GPU shader overhead
      Suggestions:
        • Reduce SSR quality
        • Disable SSAO on low-end hardware
        • Use simpler fog

📈 DETAILED STATS:
  Draw Calls: 6265 avg | 9127 max
  Vertices: 4789377 avg | 5359797 max
  Physics Bodies: 408
  Nodes: 30333
  VRAM: 798.3 MB

=================================================

⚡ PHYSICS SPIKE #230: 16.0 ms at 42.7s (Bodies: 443)
⚡ PHYSICS SPIKE #231: 16.0 ms at 42.7s (Bodies: 444)
⚡ PHYSICS SPIKE #232: 16.0 ms at 42.7s (Bodies: 444)
⚡ PHYSICS SPIKE #233: 16.0 ms at 42.7s (Bodies: 444)
⚡ FRAME SPIKE #1069: 65.0 ms at 42.7s (Draw: 4708, Bodies: 444)
⚡ PHYSICS SPIKE #234: 16.0 ms at 42.8s (Bodies: 444)
⚡ PHYSICS SPIKE #235: 16.0 ms at 42.8s (Bodies: 445)
⚡ PHYSICS SPIKE #236: 16.0 ms at 42.8s (Bodies: 445)
⚡ PHYSICS SPIKE #237: 16.0 ms at 42.8s (Bodies: 445)
⚡ FRAME SPIKE #1070: 65.0 ms at 42.8s (Draw: 4707, Bodies: 445)
⚡ PHYSICS SPIKE #238: 16.0 ms at 42.8s (Bodies: 445)
⚡ PHYSICS SPIKE #239: 16.0 ms at 42.8s (Bodies: 446)
⚡ PHYSICS SPIKE #240: 16.0 ms at 42.8s (Bodies: 446)
⚡ PHYSICS SPIKE #241: 16.0 ms at 42.8s (Bodies: 446)
⚡ FRAME SPIKE #1071: 65.5 ms at 42.8s (Draw: 4703, Bodies: 446)
⚡ PHYSICS SPIKE #242: 11.5 ms at 42.9s (Bodies: 446)
⚡ PHYSICS SPIKE #243: 11.5 ms at 42.9s (Bodies: 446)
⚡ PHYSICS SPIKE #244: 11.5 ms at 42.9s (Bodies: 446)
⚡ PHYSICS SPIKE #245: 11.5 ms at 42.9s (Bodies: 446)
⚡ FRAME SPIKE #1072: 66.4 ms at 42.9s (Draw: 4706, Bodies: 446)
⚡ PHYSICS SPIKE #246: 11.5 ms at 43.0s (Bodies: 446)
⚡ PHYSICS SPIKE #247: 11.5 ms at 43.0s (Bodies: 447)
⚡ PHYSICS SPIKE #248: 11.5 ms at 43.0s (Bodies: 447)
⚡ PHYSICS SPIKE #249: 11.5 ms at 43.0s (Bodies: 447)
⚡ FRAME SPIKE #1073: 67.1 ms at 43.0s (Draw: 4707, Bodies: 447)
⚡ PHYSICS SPIKE #250: 11.5 ms at 43.0s (Bodies: 447)
⚡ PHYSICS SPIKE #251: 11.5 ms at 43.0s (Bodies: 447)
⚡ PHYSICS SPIKE #252: 11.5 ms at 43.0s (Bodies: 447)
⚡ PHYSICS SPIKE #253: 11.5 ms at 43.0s (Bodies: 447)
⚡ FRAME SPIKE #1074: 66.1 ms at 43.0s (Draw: 4714, Bodies: 447)
⚡ PHYSICS SPIKE #254: 11.5 ms at 43.1s (Bodies: 447)
⚡ PHYSICS SPIKE #255: 11.5 ms at 43.1s (Bodies: 449)
⚡ PHYSICS SPIKE #256: 11.5 ms at 43.1s (Bodies: 449)
⚡ PHYSICS SPIKE #257: 11.5 ms at 43.1s (Bodies: 449)
⚡ FRAME SPIKE #1075: 68.3 ms at 43.1s (Draw: 4716, Bodies: 449)
⚡ PHYSICS SPIKE #258: 11.5 ms at 43.2s (Bodies: 449)
⚡ PHYSICS SPIKE #259: 11.5 ms at 43.2s (Bodies: 450)
⚡ PHYSICS SPIKE #260: 11.5 ms at 43.2s (Bodies: 450)
⚡ PHYSICS SPIKE #261: 11.5 ms at 43.2s (Bodies: 450)
⚡ FRAME SPIKE #1076: 66.7 ms at 43.2s (Draw: 4723, Bodies: 450)
⚡ PHYSICS SPIKE #262: 11.5 ms at 43.2s (Bodies: 450)
⚡ PHYSICS SPIKE #263: 11.5 ms at 43.2s (Bodies: 451)
⚡ PHYSICS SPIKE #264: 11.5 ms at 43.2s (Bodies: 451)
⚡ PHYSICS SPIKE #265: 11.5 ms at 43.2s (Bodies: 451)
⚡ FRAME SPIKE #1077: 66.7 ms at 43.2s (Draw: 4729, Bodies: 451)
⚡ PHYSICS SPIKE #266: 11.5 ms at 43.3s (Bodies: 451)
⚡ PHYSICS SPIKE #267: 11.5 ms at 43.3s (Bodies: 452)
⚡ PHYSICS SPIKE #268: 11.5 ms at 43.3s (Bodies: 452)
⚡ PHYSICS SPIKE #269: 11.5 ms at 43.3s (Bodies: 452)
⚡ FRAME SPIKE #1078: 69.1 ms at 43.3s (Draw: 4723, Bodies: 452)
⚡ PHYSICS SPIKE #270: 11.5 ms at 43.4s (Bodies: 452)
⚡ PHYSICS SPIKE #271: 11.5 ms at 43.4s (Bodies: 453)
⚡ PHYSICS SPIKE #272: 11.5 ms at 43.4s (Bodies: 453)
⚡ PHYSICS SPIKE #273: 11.5 ms at 43.4s (Bodies: 453)
⚡ FRAME SPIKE #1079: 68.3 ms at 43.4s (Draw: 4727, Bodies: 453)
⚡ PHYSICS SPIKE #274: 11.5 ms at 43.4s (Bodies: 453)
⚡ PHYSICS SPIKE #275: 11.5 ms at 43.4s (Bodies: 453)
⚡ PHYSICS SPIKE #276: 11.5 ms at 43.4s (Bodies: 453)
⚡ PHYSICS SPIKE #277: 11.5 ms at 43.4s (Bodies: 453)
⚡ FRAME SPIKE #1080: 66.7 ms at 43.4s (Draw: 4726, Bodies: 453)
⚡ PHYSICS SPIKE #278: 11.5 ms at 43.5s (Bodies: 453)
⚡ PHYSICS SPIKE #279: 11.5 ms at 43.5s (Bodies: 453)
⚡ PHYSICS SPIKE #280: 11.5 ms at 43.5s (Bodies: 453)
⚡ PHYSICS SPIKE #281: 11.5 ms at 43.5s (Bodies: 453)
⚡ FRAME SPIKE #1081: 66.7 ms at 43.5s (Draw: 4728, Bodies: 453)
⚡ PHYSICS SPIKE #282: 11.5 ms at 43.6s (Bodies: 453)
⚡ PHYSICS SPIKE #283: 11.5 ms at 43.6s (Bodies: 454)
⚡ PHYSICS SPIKE #284: 11.5 ms at 43.6s (Bodies: 454)
⚡ PHYSICS SPIKE #285: 11.5 ms at 43.6s (Bodies: 454)
⚡ FRAME SPIKE #1082: 66.7 ms at 43.6s (Draw: 4729, Bodies: 454)
⚡ PHYSICS SPIKE #286: 11.5 ms at 43.6s (Bodies: 454)
⚡ PHYSICS SPIKE #287: 11.5 ms at 43.6s (Bodies: 455)
⚡ PHYSICS SPIKE #288: 11.5 ms at 43.6s (Bodies: 455)
⚡ PHYSICS SPIKE #289: 11.5 ms at 43.6s (Bodies: 455)
⚡ FRAME SPIKE #1083: 66.7 ms at 43.6s (Draw: 4732, Bodies: 455)
⚡ PHYSICS SPIKE #290: 11.5 ms at 43.7s (Bodies: 455)
⚡ PHYSICS SPIKE #291: 11.5 ms at 43.7s (Bodies: 456)
⚡ PHYSICS SPIKE #292: 11.5 ms at 43.7s (Bodies: 456)
⚡ PHYSICS SPIKE #293: 11.5 ms at 43.7s (Bodies: 456)
⚡ FRAME SPIKE #1084: 66.7 ms at 43.7s (Draw: 4733, Bodies: 456)
⚡ PHYSICS SPIKE #294: 11.5 ms at 43.8s (Bodies: 456)
⚡ PHYSICS SPIKE #295: 11.5 ms at 43.8s (Bodies: 457)
⚡ PHYSICS SPIKE #296: 11.5 ms at 43.8s (Bodies: 457)
⚡ PHYSICS SPIKE #297: 11.5 ms at 43.8s (Bodies: 457)
⚡ FRAME SPIKE #1085: 66.7 ms at 43.8s (Draw: 4734, Bodies: 457)
⚡ PHYSICS SPIKE #298: 11.5 ms at 43.8s (Bodies: 457)
⚡ PHYSICS SPIKE #299: 11.5 ms at 43.8s (Bodies: 457)
⚡ PHYSICS SPIKE #300: 11.5 ms at 43.8s (Bodies: 457)
⚡ PHYSICS SPIKE #301: 11.5 ms at 43.8s (Bodies: 457)
⚡ FRAME SPIKE #1086: 65.5 ms at 43.8s (Draw: 4735, Bodies: 457)
⚡ PHYSICS SPIKE #302: 12.1 ms at 43.9s (Bodies: 457)
⚡ PHYSICS SPIKE #303: 12.1 ms at 43.9s (Bodies: 457)
⚡ PHYSICS SPIKE #304: 12.1 ms at 43.9s (Bodies: 457)
⚡ PHYSICS SPIKE #305: 12.1 ms at 43.9s (Bodies: 457)
⚡ FRAME SPIKE #1087: 66.7 ms at 43.9s (Draw: 4735, Bodies: 457)
⚡ PHYSICS SPIKE #306: 12.1 ms at 44.0s (Bodies: 457)
⚡ PHYSICS SPIKE #307: 12.1 ms at 44.0s (Bodies: 458)
⚡ PHYSICS SPIKE #308: 12.1 ms at 44.0s (Bodies: 458)
⚡ PHYSICS SPIKE #309: 12.1 ms at 44.0s (Bodies: 458)
⚡ FRAME SPIKE #1088: 66.7 ms at 44.0s (Draw: 4735, Bodies: 458)
⚡ PHYSICS SPIKE #310: 12.1 ms at 44.0s (Bodies: 458)
⚡ PHYSICS SPIKE #311: 12.1 ms at 44.0s (Bodies: 459)
⚡ PHYSICS SPIKE #312: 12.1 ms at 44.0s (Bodies: 459)
⚡ PHYSICS SPIKE #313: 12.1 ms at 44.0s (Bodies: 459)
⚡ FRAME SPIKE #1089: 66.7 ms at 44.0s (Draw: 4737, Bodies: 459)
⚡ PHYSICS SPIKE #314: 12.1 ms at 44.1s (Bodies: 459)
⚡ PHYSICS SPIKE #315: 12.1 ms at 44.1s (Bodies: 461)
⚡ PHYSICS SPIKE #316: 12.1 ms at 44.1s (Bodies: 461)
⚡ PHYSICS SPIKE #317: 12.1 ms at 44.1s (Bodies: 461)
⚡ FRAME SPIKE #1090: 66.7 ms at 44.1s (Draw: 4738, Bodies: 461)
⚡ PHYSICS SPIKE #318: 12.1 ms at 44.2s (Bodies: 461)
⚡ PHYSICS SPIKE #319: 12.1 ms at 44.2s (Bodies: 462)
⚡ PHYSICS SPIKE #320: 12.1 ms at 44.2s (Bodies: 462)
⚡ PHYSICS SPIKE #321: 12.1 ms at 44.2s (Bodies: 462)
⚡ FRAME SPIKE #1091: 66.7 ms at 44.2s (Draw: 4739, Bodies: 462)
⚡ PHYSICS SPIKE #322: 12.1 ms at 44.2s (Bodies: 462)
⚡ PHYSICS SPIKE #323: 12.1 ms at 44.2s (Bodies: 462)
⚡ PHYSICS SPIKE #324: 12.1 ms at 44.2s (Bodies: 462)
⚡ PHYSICS SPIKE #325: 12.1 ms at 44.2s (Bodies: 462)
⚡ FRAME SPIKE #1092: 66.7 ms at 44.2s (Draw: 4741, Bodies: 462)

=== PERFORMANCE METRICS ===
FPS: 15 | Frame: 55.5 ms (max 131.0) | Physics: 16.5 ms (max 78.9)
Godot Process: 26.08 ms | Physics: 12.08 ms
Objects: 72267 | Nodes: 31084 | Resources: 539
Draw calls: 4741 | Vertices: 4379483 | VRAM: 799.7 MB
Physics bodies: 462 | Collision pairs: 6464
--- System Times ---
  road_batch_finalize_total_-1,-1: 10.52 ms (max 10.52)
  road_batch_finalize_total_-1,-2: 5.25 ms (max 5.25)
  road_batch_finalize_total_-1,-3: 26.08 ms (max 26.08)
  road_batch_finalize_total_-1,-4: 8.39 ms (max 8.39)
  road_batch_finalize_total_-1,-5: 8.76 ms (max 8.76)
  road_batch_finalize_total_-1,0: 14.40 ms (max 14.40)
  road_batch_finalize_total_-2,-1: 22.75 ms (max 22.75)
  road_batch_finalize_total_-2,-2: 6.28 ms (max 6.28)
  road_batch_finalize_total_-2,-3: 10.11 ms (max 10.11)
  road_batch_finalize_total_-2,-4: 8.82 ms (max 9.24)
  road_batch_finalize_total_-2,0: 20.76 ms (max 20.76)
  road_batch_finalize_total_0,-1: 23.51 ms (max 23.51)
  road_batch_finalize_total_0,-2: 24.46 ms (max 24.46)
  road_batch_finalize_total_0,-3: 24.86 ms (max 24.86)
  road_batch_finalize_total_0,-4: 12.04 ms (max 12.04)
  road_batch_finalize_total_0,-5: 9.13 ms (max 9.13)
  road_batch_finalize_total_0,0: 23.28 ms (max 23.28)
  road_batch_finalize_total_0,1: 26.48 ms (max 26.48)
  road_batch_finalize_total_1,-1: 19.59 ms (max 19.59)
  road_batch_finalize_total_1,-2: 28.29 ms (max 28.29)
  road_batch_finalize_total_1,-3: 9.66 ms (max 9.66)
  road_batch_finalize_total_1,-4: 16.32 ms (max 16.32)
  road_batch_finalize_total_1,0: 1.77 ms (max 1.77)
  road_batch_finalize_total_2,-3: 7.20 ms (max 7.20)
  road_collision_create_-1,-1: 3.30 ms (max 4.00)
  road_collision_create_-1,-2: 2.40 ms (max 2.94)
  road_collision_create_-1,-3: 8.42 ms (max 21.84)
  road_collision_create_-1,-4: 3.91 ms (max 4.62)
  road_collision_create_-1,-5: 3.87 ms (max 4.55)
  road_collision_create_-1,0: 6.98 ms (max 11.84)
  road_collision_create_-2,-1: 7.37 ms (max 16.50)
  road_collision_create_-2,-2: 2.95 ms (max 3.83)
  road_collision_create_-2,-3: 3.10 ms (max 5.93)
  road_collision_create_-2,-4: 4.02 ms (max 5.61)
  road_collision_create_-2,0: 10.14 ms (max 17.31)
  road_collision_create_0,-1: 7.61 ms (max 17.59)
  road_collision_create_0,-2: 7.94 ms (max 17.36)
  road_collision_create_0,-3: 7.95 ms (max 17.78)
  road_collision_create_0,-4: 3.75 ms (max 8.67)
  road_collision_create_0,-5: 4.00 ms (max 4.47)
  road_collision_create_0,0: 7.55 ms (max 19.41)
  road_collision_create_0,1: 26.23 ms (max 26.23)
  road_collision_create_1,-1: 6.33 ms (max 15.25)
  road_collision_create_1,-2: 13.87 ms (max 25.23)
  road_collision_create_1,-3: 2.98 ms (max 4.52)
  road_collision_create_1,-4: 5.09 ms (max 9.19)
  road_collision_create_1,0: 1.57 ms (max 1.57)
  road_collision_create_2,-3: 3.15 ms (max 4.10)
===========================

=== PERFORMANCE METRICS ===
FPS: 15 | Frame: 55.5 ms (max 131.0) | Physics: 16.5 ms (max 78.9)
Godot Process: 26.08 ms | Physics: 12.08 ms
Objects: 72267 | Nodes: 31084 | Resources: 539
Draw calls: 4741 | Vertices: 4379483 | VRAM: 799.7 MB
Physics bodies: 462 | Collision pairs: 6464
===========================
⚡ PHYSICS SPIKE #326: 12.1 ms at 44.3s (Bodies: 462)
⚡ PHYSICS SPIKE #327: 12.1 ms at 44.3s (Bodies: 462)
⚡ PHYSICS SPIKE #328: 12.1 ms at 44.3s (Bodies: 462)
⚡ PHYSICS SPIKE #329: 12.1 ms at 44.3s (Bodies: 462)
⚡ FRAME SPIKE #1093: 66.7 ms at 44.3s (Draw: 4739, Bodies: 462)
⚡ PHYSICS SPIKE #330: 12.1 ms at 44.4s (Bodies: 462)
⚡ PHYSICS SPIKE #331: 12.1 ms at 44.4s (Bodies: 463)
⚡ PHYSICS SPIKE #332: 12.1 ms at 44.4s (Bodies: 463)
⚡ PHYSICS SPIKE #333: 12.1 ms at 44.4s (Bodies: 463)
⚡ FRAME SPIKE #1094: 66.7 ms at 44.4s (Draw: 4743, Bodies: 463)
⚡ PHYSICS SPIKE #334: 12.1 ms at 44.4s (Bodies: 463)
⚡ PHYSICS SPIKE #335: 12.1 ms at 44.4s (Bodies: 464)
⚡ PHYSICS SPIKE #336: 12.1 ms at 44.4s (Bodies: 464)
⚡ PHYSICS SPIKE #337: 12.1 ms at 44.4s (Bodies: 464)
⚡ FRAME SPIKE #1095: 66.7 ms at 44.4s (Draw: 4743, Bodies: 464)
⚡ PHYSICS SPIKE #338: 12.1 ms at 44.5s (Bodies: 464)
⚡ PHYSICS SPIKE #339: 12.1 ms at 44.5s (Bodies: 465)
⚡ PHYSICS SPIKE #340: 12.1 ms at 44.5s (Bodies: 465)
⚡ PHYSICS SPIKE #341: 12.1 ms at 44.5s (Bodies: 465)
⚡ FRAME SPIKE #1096: 66.7 ms at 44.5s (Draw: 4747, Bodies: 465)
⚡ PHYSICS SPIKE #342: 12.1 ms at 44.6s (Bodies: 465)
⚡ PHYSICS SPIKE #343: 12.1 ms at 44.6s (Bodies: 466)
⚡ PHYSICS SPIKE #344: 12.1 ms at 44.6s (Bodies: 466)
⚡ PHYSICS SPIKE #345: 12.1 ms at 44.6s (Bodies: 466)
⚡ FRAME SPIKE #1097: 66.7 ms at 44.6s (Draw: 4749, Bodies: 466)
⚡ PHYSICS SPIKE #346: 12.1 ms at 44.6s (Bodies: 466)
⚡ PHYSICS SPIKE #347: 12.1 ms at 44.6s (Bodies: 467)
⚡ PHYSICS SPIKE #348: 12.1 ms at 44.6s (Bodies: 467)
⚡ PHYSICS SPIKE #349: 12.1 ms at 44.6s (Bodies: 467)
⚡ FRAME SPIKE #1098: 66.7 ms at 44.6s (Draw: 4745, Bodies: 467)
⚡ PHYSICS SPIKE #350: 12.1 ms at 44.7s (Bodies: 467)
⚡ PHYSICS SPIKE #351: 12.1 ms at 44.7s (Bodies: 468)
⚡ PHYSICS SPIKE #352: 12.1 ms at 44.7s (Bodies: 468)
