WorkerThreadPool: 10 threads, 3 max low-priority.
Godot Engine v4.5.1.stable.official.f62fdbde1 - https://godotengine.org
TextServer: Added interface "Dummy"
TextServer: Added interface "ICU / HarfBuzz / Graphite (Built-in)"
Unrecognized output string "misc2" in mapping:
030000007e0500006920000001010000,Nintendo Switch 2 Pro Controller,a:b0,b:b1,back:b14,dpdown:b8,dpleft:b10,dpright:b9,dpup:b11,guide:b16,leftshoulder:b12,leftstick:b15,lefttrigger:b13,leftx:a0,lefty:a1~,misc1:b17,misc2:b20,paddle1:b18,paddle2:b19,rightshoulder:b4,rightstick:b7,righttrigger:b5,rightx:a2,righty:a3~,start:b6,x:b2,y:b3,platform:Mac OS X,
SDL: Init OK!
[mvk-info] MoltenVK version 1.2.9, supporting Vulkan version 1.2.283.
	The following 110 Vulkan extensions are supported:
		VK_KHR_16bit_storage v1
		VK_KHR_8bit_storage v1
		VK_KHR_bind_memory2 v1
		VK_KHR_buffer_device_address v1
		VK_KHR_calibrated_timestamps v1
		VK_KHR_copy_commands2 v1
		VK_KHR_create_renderpass2 v1
		VK_KHR_dedicated_allocation v3
		VK_KHR_deferred_host_operations v4
		VK_KHR_depth_stencil_resolve v1
		VK_KHR_descriptor_update_template v1
		VK_KHR_device_group v4
		VK_KHR_device_group_creation v1
		VK_KHR_driver_properties v1
		VK_KHR_dynamic_rendering v1
		VK_KHR_external_fence v1
		VK_KHR_external_fence_capabilities v1
		VK_KHR_external_memory v1
		VK_KHR_external_memory_capabilities v1
		VK_KHR_external_semaphore v1
		VK_KHR_external_semaphore_capabilities v1
		VK_KHR_fragment_shader_barycentric v1
		VK_KHR_format_feature_flags2 v2
		VK_KHR_get_memory_requirements2 v1
		VK_KHR_get_physical_device_properties2 v2
		VK_KHR_get_surface_capabilities2 v1
		VK_KHR_imageless_framebuffer v1
		VK_KHR_image_format_list v1
		VK_KHR_incremental_present v2
		VK_KHR_maintenance1 v2
		VK_KHR_maintenance2 v1
		VK_KHR_maintenance3 v1
		VK_KHR_map_memory2 v1
		VK_KHR_multiview v1
		VK_KHR_portability_subset v1
		VK_KHR_push_descriptor v2
		VK_KHR_relaxed_block_layout v1
		VK_KHR_sampler_mirror_clamp_to_edge v3
		VK_KHR_sampler_ycbcr_conversion v14
		VK_KHR_separate_depth_stencil_layouts v1
		VK_KHR_shader_draw_parameters v1
		VK_KHR_shader_float_controls v4
		VK_KHR_shader_float16_int8 v1
		VK_KHR_shader_integer_dot_product v1
		VK_KHR_shader_non_semantic_info v1
		VK_KHR_shader_subgroup_extended_types v1
		VK_KHR_spirv_1_4 v1
		VK_KHR_storage_buffer_storage_class v1
		VK_KHR_surface v25
		VK_KHR_swapchain v70
		VK_KHR_swapchain_mutable_format v1
		VK_KHR_synchronization2 v1
		VK_KHR_timeline_semaphore v2
		VK_KHR_uniform_buffer_standard_layout v1
		VK_KHR_variable_pointers v1
		VK_KHR_vertex_attribute_divisor v1
		VK_EXT_4444_formats v1
		VK_EXT_buffer_device_address v2
		VK_EXT_calibrated_timestamps v2
		VK_EXT_debug_marker v4
		VK_EXT_debug_report v10
		VK_EXT_debug_utils v2
		VK_EXT_descriptor_indexing v2
		VK_EXT_extended_dynamic_state v1
		VK_EXT_extended_dynamic_state2 v1
		VK_EXT_extended_dynamic_state3 v2
		VK_EXT_external_memory_host v1
		VK_EXT_fragment_shader_interlock v1
		VK_EXT_hdr_metadata v2
		VK_EXT_headless_surface v1
		VK_EXT_host_image_copy v1
		VK_EXT_host_query_reset v1
		VK_EXT_image_robustness v1
		VK_EXT_inline_uniform_block v1
		VK_EXT_layer_settings v2
		VK_EXT_memory_budget v1
		VK_EXT_metal_objects v2
		VK_EXT_metal_surface v1
		VK_EXT_pipeline_creation_cache_control v3
		VK_EXT_pipeline_creation_feedback v1
		VK_EXT_post_depth_coverage v1
		VK_EXT_private_data v1
		VK_EXT_robustness2 v1
		VK_EXT_sample_locations v1
		VK_EXT_scalar_block_layout v1
		VK_EXT_separate_stencil_usage v1
		VK_EXT_shader_atomic_float v1
		VK_EXT_shader_demote_to_helper_invocation v1
		VK_EXT_shader_stencil_export v1
		VK_EXT_shader_subgroup_ballot v1
		VK_EXT_shader_subgroup_vote v1
		VK_EXT_shader_viewport_index_layer v1
		VK_EXT_subgroup_size_control v2
		VK_EXT_surface_maintenance1 v1
		VK_EXT_swapchain_colorspace v4
		VK_EXT_swapchain_maintenance1 v1
		VK_EXT_texel_buffer_alignment v1
		VK_EXT_texture_compression_astc_hdr v1
		VK_EXT_vertex_attribute_divisor v3
		VK_AMD_gpu_shader_half_float v2
		VK_AMD_negative_viewport_height v1
		VK_AMD_shader_image_load_store_lod v1
		VK_AMD_shader_trinary_minmax v1
		VK_IMG_format_pvrtc v1
		VK_INTEL_shader_integer_functions2 v1
		VK_GOOGLE_display_timing v1
		VK_MVK_macos_surface v3
		VK_MVK_moltenvk v37
		VK_NV_fragment_shader_barycentric v1
		VK_NV_glsl_shader v1
[mvk-info] GPU device:
		model: Apple M1 Pro
		type: Integrated
		vendorID: 0x106b
		deviceID: 0xf0103ef
		pipelineCacheUUID: BF097EDC-0F01-03EF-0000-000000000000
		GPU memory available: 21845 MB
		GPU memory used: 0 MB
	supports the following Metal Versions, GPU's and Feature Sets:
		Metal Shading Language 3.1
		GPU Family Apple 7
		GPU Family Apple 6
		GPU Family Apple 5
		GPU Family Apple 4
		GPU Family Apple 3
		GPU Family Apple 2
		GPU Family Apple 1
		GPU Family Mac 2
		GPU Family Mac 1
		GPU Family Common 3
		GPU Family Common 2
		GPU Family Common 1
		macOS GPU Family 2 v1
		macOS GPU Family 1 v4
		macOS GPU Family 1 v3
		macOS GPU Family 1 v2
		macOS GPU Family 1 v1
[mvk-info] Created VkInstance for Vulkan version 1.2.0, as requested by app, with the following 4 Vulkan extensions enabled:
		VK_KHR_get_physical_device_properties2 v2
		VK_KHR_surface v25
		VK_EXT_debug_utils v2
		VK_EXT_metal_surface v1
Devices:
  #0: Apple Apple M1 Pro - Supported, Integrated
Optional extension VK_KHR_fragment_shading_rate not found
Optional extension VK_EXT_fragment_density_map not found
Optional extension VK_EXT_astc_decode_mode not found
Optional extension VK_KHR_vulkan_memory_model not found
Optional extension VK_KHR_external_memory_fd not found
Optional extension VK_EXT_device_fault not found
- Vulkan Variable Rate Shading not supported
- Vulkan Fragment Density Map not supported
- Vulkan multiview supported:
  max view count: 32
  max instances: 134217727
- Vulkan subgroup:
  size: 32
  min size: 32
  max size: 32
  stages: STAGE_TESSELLATION_CONTROL, STAGE_FRAGMENT, STAGE_COMPUTE
  supported ops: FEATURE_BASIC, FEATURE_VOTE, FEATURE_ARITHMETIC, FEATURE_BALLOT, FEATURE_SHUFFLE, FEATURE_SHUFFLE_RELATIVE, FEATURE_QUAD
  quad operations in all stages
[mvk-info] Vulkan semaphores using Metal implicit guarantees within a single queue.
[mvk-info] Created VkDevice to run on GPU Apple M1 Pro with the following 13 Vulkan extensions enabled:
		VK_KHR_16bit_storage v1
		VK_KHR_buffer_device_address v1
		VK_KHR_create_renderpass2 v1
		VK_KHR_image_format_list v1
		VK_KHR_maintenance2 v1
		VK_KHR_multiview v1
		VK_KHR_shader_float16_int8 v1
		VK_KHR_storage_buffer_storage_class v1
		VK_KHR_swapchain v70
		VK_EXT_debug_marker v4
		VK_EXT_pipeline_creation_cache_control v3
		VK_EXT_subgroup_size_control v2
		VK_EXT_texture_compression_astc_hdr v1
Vulkan 1.2.283 - Forward+ - Using Device #0: Apple - Apple M1 Pro
Startup PSO cache (41.1 MiB)
Using "default" pen tablet driver...
Creating VMA small objects pool for memory type index 0
Shader 'CanvasSdfShaderRD' (group 0) SHA256: e3e36a196484fd7752bf3d5dca5d9ff7512a4e981b5f5f57e6f0a0fc50640721
Loading cache for shader CanvasSdfShaderRD, variant 0
Loading cache for shader CanvasSdfShaderRD, variant 1
Loading cache for shader CanvasSdfShaderRD, variant 2
Loading cache for shader CanvasSdfShaderRD, variant 3
Loading cache for shader CanvasSdfShaderRD, variant 4
Loading cache for shader CanvasSdfShaderRD, variant 5
Shader 'SkeletonShaderRD' (group 0) SHA256: e0325885d3b45ea42d045525d1c732805f14a5a6cc4b6b67ce336626653e9573
Loading cache for shader SkeletonShaderRD, variant 0
Loading cache for shader SkeletonShaderRD, variant 1
Shader 'SortShaderRD' (group 0) SHA256: ce9b4120b1d1a35c1bea19b12a6206dee2526af5e61fd4520555d6b447f15e34
Loading cache for shader SortShaderRD, variant 0
Loading cache for shader SortShaderRD, variant 1
Loading cache for shader SortShaderRD, variant 2
Shader 'ParticlesShaderRD' (group 0) SHA256: c77129ff51da9b8bd8037785c1a2afcdca1f25aa602d8d22c4973640d55305a4
Loading cache for shader ParticlesShaderRD, variant 0
Shader 'ParticlesCopyShaderRD' (group 0) SHA256: 76ee6b7648ff369a05e8340a639ce08c065370fd23e6d18634d522db1c3ac055
Loading cache for shader ParticlesCopyShaderRD, variant 0
Loading cache for shader ParticlesCopyShaderRD, variant 1
Loading cache for shader ParticlesCopyShaderRD, variant 2
Loading cache for shader ParticlesCopyShaderRD, variant 3
Loading cache for shader ParticlesCopyShaderRD, variant 4
Loading cache for shader ParticlesCopyShaderRD, variant 5
Loading cache for shader ParticlesCopyShaderRD, variant 6
Loading cache for shader ParticlesCopyShaderRD, variant 7
Loading cache for shader ParticlesCopyShaderRD, variant 8
Loading cache for shader ParticlesCopyShaderRD, variant 9
Loading cache for shader ParticlesCopyShaderRD, variant 10
Loading cache for shader ParticlesCopyShaderRD, variant 11
Loading cache for shader ParticlesCopyShaderRD, variant 12
Loading cache for shader ParticlesCopyShaderRD, variant 13
Loading cache for shader ParticlesCopyShaderRD, variant 14
Loading cache for shader ParticlesCopyShaderRD, variant 15
Loading cache for shader ParticlesCopyShaderRD, variant 16
Loading cache for shader ParticlesCopyShaderRD, variant 17
Loading cache for shader ParticlesCopyShaderRD, variant 18
Loading cache for shader ParticlesCopyShaderRD, variant 19
Loading cache for shader ParticlesCopyShaderRD, variant 20
Shader 'CanvasShaderRD' (group 0) SHA256: 8f73ea59600218c7f4a72f38f0a825d4b9edae392f00688807259ea2faf43974
Loading cache for shader CanvasShaderRD, variant 0
Loading cache for shader CanvasShaderRD, variant 1
Loading cache for shader CanvasShaderRD, variant 2
Loading cache for shader CanvasShaderRD, variant 3
Loading cache for shader CanvasShaderRD, variant 4
Loading cache for shader CanvasShaderRD, variant 5
Shader 'CanvasOcclusionShaderRD' (group 0) SHA256: 2e1e40e085c85bd3960b7bad3be9bad88a3e02174708138d2eb3215933437ede
Loading cache for shader CanvasOcclusionShaderRD, variant 0
Loading cache for shader CanvasOcclusionShaderRD, variant 1
Loading cache for shader CanvasOcclusionShaderRD, variant 2
Loading cache for shader CanvasShaderRD, variant 0
Loading cache for shader CanvasShaderRD, variant 1
Loading cache for shader CanvasShaderRD, variant 2
Loading cache for shader CanvasShaderRD, variant 3
Loading cache for shader CanvasShaderRD, variant 4
Loading cache for shader CanvasShaderRD, variant 5
Loading cache for shader CanvasShaderRD, variant 0
Loading cache for shader CanvasShaderRD, variant 1
Loading cache for shader CanvasShaderRD, variant 2
Loading cache for shader CanvasShaderRD, variant 3
Loading cache for shader CanvasShaderRD, variant 4
Loading cache for shader CanvasShaderRD, variant 5
Shader 'ClusterRenderShaderRD' (group 0) SHA256: 5520632edde9dc7efc467666b1888d0f07fe10e4c2e113e68f1757bab97a847b
Loading cache for shader ClusterRenderShaderRD, variant 2
Loading cache for shader ClusterRenderShaderRD, variant 3
Shader 'ClusterStoreShaderRD' (group 0) SHA256: 9ca626ebec243544ae7398e49713da5e69391ab29de1ced02b03e718a013c28f
Loading cache for shader ClusterStoreShaderRD, variant 0
Shader 'ClusterDebugShaderRD' (group 0) SHA256: 7253e84e6deaaf9cd1391aff49a754db31e162f9ecaf776485fde4bc31121aa6
Loading cache for shader ClusterDebugShaderRD, variant 0
Shader 'SceneForwardClusteredShaderRD' (group 0) SHA256: df8d1dbb6fb950c04bcc78fb1667a6eb52d604ac1f0317023833936c838ed75f
Shader 'SceneForwardClusteredShaderRD' (group 1) SHA256: 6a184745fdc168cf1854f82e467b075c7754389099dd4260c7cfd820f974abb7
Shader 'SceneForwardClusteredShaderRD' (group 2) SHA256: e54e15eb9546bd2ff28fdb8fc19e33bec138fb364a5418eb6d90e784252ee190
Shader 'SceneForwardClusteredShaderRD' (group 3) SHA256: 210d14d006d21a3471e63300f334a93a8076f61ad1c3147dbd14466d95970249
Loading cache for shader SceneForwardClusteredShaderRD, variant 0
Loading cache for shader SceneForwardClusteredShaderRD, variant 1
Loading cache for shader SceneForwardClusteredShaderRD, variant 2
Loading cache for shader SceneForwardClusteredShaderRD, variant 3
Loading cache for shader SceneForwardClusteredShaderRD, variant 4
Loading cache for shader SceneForwardClusteredShaderRD, variant 5
Loading cache for shader SceneForwardClusteredShaderRD, variant 6
Loading cache for shader SceneForwardClusteredShaderRD, variant 7
Loading cache for shader SceneForwardClusteredShaderRD, variant 0
Loading cache for shader SceneForwardClusteredShaderRD, variant 1
Loading cache for shader SceneForwardClusteredShaderRD, variant 2
Loading cache for shader SceneForwardClusteredShaderRD, variant 3
Loading cache for shader SceneForwardClusteredShaderRD, variant 4
Loading cache for shader SceneForwardClusteredShaderRD, variant 5
Loading cache for shader SceneForwardClusteredShaderRD, variant 6
Loading cache for shader SceneForwardClusteredShaderRD, variant 7
Loading cache for shader SceneForwardClusteredShaderRD, variant 0
Loading cache for shader SceneForwardClusteredShaderRD, variant 1
Loading cache for shader SceneForwardClusteredShaderRD, variant 2
Loading cache for shader SceneForwardClusteredShaderRD, variant 3
Loading cache for shader SceneForwardClusteredShaderRD, variant 4
Loading cache for shader SceneForwardClusteredShaderRD, variant 5
Loading cache for shader SceneForwardClusteredShaderRD, variant 6
Loading cache for shader SceneForwardClusteredShaderRD, variant 7
Shader 'BestFitNormalShaderRD' (group 0) SHA256: 8c748b5176971d04b037d61fe8ee9c0da50efc42fb21ff2f4fc11dbf138ac284
Loading cache for shader BestFitNormalShaderRD, variant 0
Shader 'IntegrateDfgShaderRD' (group 0) SHA256: 287328d7c084c243ad82ac05423c4a58662ea18582b5b369f3288be49e4a66d8
Loading cache for shader IntegrateDfgShaderRD, variant 0
Shader 'ResolveShaderRD' (group 0) SHA256: 5e0937d6a862fc03f2a42b11dd8fcc8ca9fa948bc51bc5504f3e3a92e954cc33
Loading cache for shader ResolveShaderRD, variant 0
Loading cache for shader ResolveShaderRD, variant 1
Loading cache for shader ResolveShaderRD, variant 2
Shader 'TaaResolveShaderRD' (group 0) SHA256: 8e863ed5b6e6cf5b67a722559308f90a5653d397bdedd8d8c2abe45a89893049
Loading cache for shader TaaResolveShaderRD, variant 0
Shader 'Fsr2DepthClipPassShaderRD' (group 0) SHA256: 4130c931008b9d81bce5757c91876fb1c64a992525002d1a9d24c756cdaeb55f
Shader 'Fsr2ReconstructPreviousDepthPassShaderRD' (group 0) SHA256: 7ef7cdf239edd510c42b9e6ef2ca760f08ac92b57c6b2e5562cf430770b69d49
Shader 'Fsr2LockPassShaderRD' (group 0) SHA256: 50c95f98dbda1ad902b8fac4668d32cbfc11a3e86b890460da50600750d6d636
Shader 'Fsr2AccumulatePassShaderRD' (group 0) SHA256: acf7ce56f0f217fbe6fc54b42313d025af58be39a197ea6e6a9c10b1c03de903
Shader 'Fsr2RcasPassShaderRD' (group 0) SHA256: 3f4d394a0080ce37da6dc5f05c36e082efc8f3a0a333428f23697d21a1e665cd
Shader 'Fsr2ComputeLuminancePyramidPassShaderRD' (group 0) SHA256: 246789de2d6807e12325bb146b5b960cbec70a2119fe15f67d12c0a1d55213dd
Shader 'Fsr2AutogenReactivePassShaderRD' (group 0) SHA256: ea81f3d2612452e92eebad3230c8885356cf352779194322ac0b390d949e0a9f
Shader 'Fsr2TcrAutogenPassShaderRD' (group 0) SHA256: c6b965d8d141ea41ff88aa0df571ed29f4b8b5c974713f24b7fa44f23e3db020
Shader 'SsEffectsDownsampleShaderRD' (group 0) SHA256: 47ce5b07a7399a4ea52ee0ba0ba0016f7c1b3429f72c2ef29b4382bf8f1d92e7
Loading cache for shader SsEffectsDownsampleShaderRD, variant 0
Loading cache for shader SsEffectsDownsampleShaderRD, variant 1
Loading cache for shader SsEffectsDownsampleShaderRD, variant 2
Loading cache for shader SsEffectsDownsampleShaderRD, variant 3
Loading cache for shader SsEffectsDownsampleShaderRD, variant 4
Loading cache for shader SsEffectsDownsampleShaderRD, variant 5
Loading cache for shader SsEffectsDownsampleShaderRD, variant 6
Shader 'SsilShaderRD' (group 0) SHA256: 335e8f9954286db1ee28430b2c9ef17fb01fb4bb8b74d688be9cec967dee41e6
Loading cache for shader SsilShaderRD, variant 0
Loading cache for shader SsilShaderRD, variant 1
Loading cache for shader SsilShaderRD, variant 2
Shader 'SsilImportanceMapShaderRD' (group 0) SHA256: 3d668b995f5f00c0cdb73fd8c13cd3bed37bf5f45c10621fcc2475eefd50a7bd
Loading cache for shader SsilImportanceMapShaderRD, variant 0
Loading cache for shader SsilImportanceMapShaderRD, variant 1
Loading cache for shader SsilImportanceMapShaderRD, variant 2
Shader 'SsilBlurShaderRD' (group 0) SHA256: 9d2d3e521c5d1601e636d8fc3e533a52362ad011112fde07a344fe3511cea943
Loading cache for shader SsilBlurShaderRD, variant 0
Loading cache for shader SsilBlurShaderRD, variant 1
Loading cache for shader SsilBlurShaderRD, variant 2
Shader 'SsilInterleaveShaderRD' (group 0) SHA256: 36d769d4532c446edf161d4b3d932557d4fad2904fda9c5f6861ae7fd162c9ee
Loading cache for shader SsilInterleaveShaderRD, variant 0
Loading cache for shader SsilInterleaveShaderRD, variant 1
Loading cache for shader SsilInterleaveShaderRD, variant 2
Shader 'SsaoShaderRD' (group 0) SHA256: 6831fded981ced729634af4cf4f5515538ff84cbb773c0d583873e29462e1080
Loading cache for shader SsaoShaderRD, variant 0
Loading cache for shader SsaoShaderRD, variant 1
Loading cache for shader SsaoShaderRD, variant 2
Shader 'SsaoImportanceMapShaderRD' (group 0) SHA256: fe84d24f104b577d6ae2183f611ddfa9ef6ba4834d972f00460c66aa67c6e788
Loading cache for shader SsaoImportanceMapShaderRD, variant 0
Loading cache for shader SsaoImportanceMapShaderRD, variant 1
Loading cache for shader SsaoImportanceMapShaderRD, variant 2
Shader 'SsaoBlurShaderRD' (group 0) SHA256: 4d3910b2d37af6bb5a68153677dd3f49c424b932871284ee1bb2e31936b31ca0
Loading cache for shader SsaoBlurShaderRD, variant 0
Loading cache for shader SsaoBlurShaderRD, variant 1
Loading cache for shader SsaoBlurShaderRD, variant 2
Shader 'SsaoInterleaveShaderRD' (group 0) SHA256: b804d0579b589636ca331298d9f8885e277e5fd8be1d20d4560044000a029a49
Loading cache for shader SsaoInterleaveShaderRD, variant 0
Loading cache for shader SsaoInterleaveShaderRD, variant 1
Loading cache for shader SsaoInterleaveShaderRD, variant 2
Shader 'ScreenSpaceReflectionScaleShaderRD' (group 0) SHA256: f028513910f44db288a6d0d7315df152a910214dd680426d7817a0db185bb512
Loading cache for shader ScreenSpaceReflectionScaleShaderRD, variant 0
Shader 'ScreenSpaceReflectionShaderRD' (group 0) SHA256: aa7798f702ec7502be62da736ef869c792a69bb4310d9a535e0b6596ad1c4c8f
Loading cache for shader ScreenSpaceReflectionShaderRD, variant 0
Loading cache for shader ScreenSpaceReflectionShaderRD, variant 1
Shader 'ScreenSpaceReflectionFilterShaderRD' (group 0) SHA256: b8974626c582dd282d9ca1bd58b6ffeda45b41e5b160baa199088657ad7eca95
Loading cache for shader ScreenSpaceReflectionFilterShaderRD, variant 0
Loading cache for shader ScreenSpaceReflectionFilterShaderRD, variant 1
Shader 'SubsurfaceScatteringShaderRD' (group 0) SHA256: cfc79a4166aa45746b6bfa4b2a3345978e68ace79a0a82ab13fdda9f32a7a0b0
Loading cache for shader SubsurfaceScatteringShaderRD, variant 0
Loading cache for shader SubsurfaceScatteringShaderRD, variant 1
Loading cache for shader SubsurfaceScatteringShaderRD, variant 2
Shader 'SkyShaderRD' (group 0) SHA256: 9c26bd5dc001c975a8ec36520d74f1e5aa9d8125c8172a160acf52f8ebf362f3
Loading cache for shader SkyShaderRD, variant 0
Loading cache for shader SkyShaderRD, variant 1
Loading cache for shader SkyShaderRD, variant 2
Loading cache for shader SkyShaderRD, variant 3
Loading cache for shader SkyShaderRD, variant 4
Loading cache for shader SkyShaderRD, variant 5
Loading cache for shader SkyShaderRD, variant 0
Loading cache for shader SkyShaderRD, variant 1
Loading cache for shader SkyShaderRD, variant 2
Loading cache for shader SkyShaderRD, variant 3
Loading cache for shader SkyShaderRD, variant 4
Loading cache for shader SkyShaderRD, variant 5
Shader 'VoxelGiShaderRD' (group 0) SHA256: 3d7b0b0258a2977a47dc0a84db7cb49a5e1bfaa74053e42ffae7d3e87d48965f
Loading cache for shader VoxelGiShaderRD, variant 0
Loading cache for shader VoxelGiShaderRD, variant 1
Loading cache for shader VoxelGiShaderRD, variant 2
Loading cache for shader VoxelGiShaderRD, variant 3
Loading cache for shader VoxelGiShaderRD, variant 4
Loading cache for shader VoxelGiShaderRD, variant 5
Loading cache for shader VoxelGiShaderRD, variant 6
Loading cache for shader VoxelGiShaderRD, variant 7
Shader 'VoxelGiDebugShaderRD' (group 0) SHA256: 49ee1e463ded1be1341dc6ee222f492cd9f8484aabe4cf39ca46f519abecbb6c
Loading cache for shader VoxelGiDebugShaderRD, variant 0
Loading cache for shader VoxelGiDebugShaderRD, variant 1
Loading cache for shader VoxelGiDebugShaderRD, variant 2
Loading cache for shader VoxelGiDebugShaderRD, variant 3
Shader 'SdfgiPreprocessShaderRD' (group 0) SHA256: 60c77a38319fd7cc123270bcc0dfbdddd8f74e985d1907c08c726e3d4dbf7b06
Loading cache for shader SdfgiPreprocessShaderRD, variant 0
Loading cache for shader SdfgiPreprocessShaderRD, variant 1
Loading cache for shader SdfgiPreprocessShaderRD, variant 2
Loading cache for shader SdfgiPreprocessShaderRD, variant 3
Loading cache for shader SdfgiPreprocessShaderRD, variant 4
Loading cache for shader SdfgiPreprocessShaderRD, variant 5
Loading cache for shader SdfgiPreprocessShaderRD, variant 6
Loading cache for shader SdfgiPreprocessShaderRD, variant 7
Loading cache for shader SdfgiPreprocessShaderRD, variant 8
Shader 'SdfgiDirectLightShaderRD' (group 0) SHA256: a3474a0b60ebab5bb7010596e49cfb91bbfc3689c4df741b809ddc92e1fa90e9
Loading cache for shader SdfgiDirectLightShaderRD, variant 0
Loading cache for shader SdfgiDirectLightShaderRD, variant 1
Shader 'SdfgiIntegrateShaderRD' (group 0) SHA256: 62e2ae895bf90996b40c48aeab6a59c24d27c6c843ef9ee94adf3f6de80b26ac
Loading cache for shader SdfgiIntegrateShaderRD, variant 0
Loading cache for shader SdfgiIntegrateShaderRD, variant 1
Loading cache for shader SdfgiIntegrateShaderRD, variant 2
Loading cache for shader SdfgiIntegrateShaderRD, variant 3
Shader 'GiShaderRD' (group 0) SHA256: e4e3882307beba471cbf1d2ebf8ca49fedccbba528ef384e7d1e2461d14a71f0
Shader 'GiShaderRD' (group 1) SHA256: 69ca96412569cbef4a05e515b55b5744ab10048a32a6d2fef2a7c2ad984c9155
Loading cache for shader GiShaderRD, variant 0
Loading cache for shader GiShaderRD, variant 1
Loading cache for shader GiShaderRD, variant 2
Loading cache for shader GiShaderRD, variant 3
Loading cache for shader GiShaderRD, variant 4
Shader 'SdfgiDebugShaderRD' (group 0) SHA256: 6de37bb5aa871af3d348d47b0cbfc09f6873bf5a2500f0cf9280e404ff4ce97b
Loading cache for shader SdfgiDebugShaderRD, variant 0
Shader 'SdfgiDebugProbesShaderRD' (group 0) SHA256: c25d7a81827da688487a69637d3e61ae9f31c125940f4fbf05b6de4a2c1e78a9
Loading cache for shader SdfgiDebugProbesShaderRD, variant 0
Loading cache for shader SdfgiDebugProbesShaderRD, variant 1
Loading cache for shader SdfgiDebugProbesShaderRD, variant 2
Loading cache for shader SdfgiDebugProbesShaderRD, variant 3
Shader 'VolumetricFogShaderRD' (group 0) SHA256: 6120947dc0a3cd4bff5b217e63490686b128f0319aabd6f96d597268f68d60e3
Shader 'VolumetricFogShaderRD' (group 1) SHA256: f44655a2103d6cb3b1d0a206e66c4427aca3de3b5de59f72bf7e08db5144f83c
Shader 'VolumetricFogShaderRD' (group 2) SHA256: 963b90021bd602c144aa8f80b75ecdf64c2abe48940f55cf2f25f2deda808186
Shader 'VolumetricFogShaderRD' (group 3) SHA256: 5929600387c20b3c1eead45ba7f6c87fde922e0e4f78f80366f58cdfb10e63f7
Loading cache for shader VolumetricFogShaderRD, variant 0
Shader 'VolumetricFogProcessShaderRD' (group 0) SHA256: 2749f17fe5049db6df987d401e0fb5a52692635224ca129e06c3d6e15dd2dc29
Shader 'VolumetricFogProcessShaderRD' (group 1) SHA256: 8333ba62fcdf5c0ffe915641fe9faa88286844b2bb245d94b41eb48eca8e881d
Shader 'VolumetricFogProcessShaderRD' (group 2) SHA256: 6b05211651f14a1593c8b3be3b5932c64a3beba37ce1e1649b4ea67ac36d3c47
Shader 'VolumetricFogProcessShaderRD' (group 3) SHA256: 14fbd4a37cc30a2991dbfa525da8e6182def041c1eeaa20638fb2597e98f3c52
Loading cache for shader VolumetricFogProcessShaderRD, variant 0
Loading cache for shader VolumetricFogProcessShaderRD, variant 1
Loading cache for shader VolumetricFogProcessShaderRD, variant 2
Loading cache for shader VolumetricFogProcessShaderRD, variant 3
Loading cache for shader VolumetricFogProcessShaderRD, variant 4
Shader 'BokehDofShaderRD' (group 0) SHA256: 5a14c722b7cad6a5d1853b764825b687b8e8c26d08a7edef6f50a28c2a237b9c
Loading cache for shader BokehDofShaderRD, variant 0
Loading cache for shader BokehDofShaderRD, variant 1
Loading cache for shader BokehDofShaderRD, variant 3
Loading cache for shader BokehDofShaderRD, variant 5
Loading cache for shader BokehDofShaderRD, variant 6
Shader 'CopyShaderRD' (group 0) SHA256: 363226e4e754f4dd97b1000777a12a1e717a0202ef34a8bb5cbbee343880d1a3
Loading cache for shader CopyShaderRD, variant 0
Loading cache for shader CopyShaderRD, variant 1
Loading cache for shader CopyShaderRD, variant 2
Loading cache for shader CopyShaderRD, variant 3
Loading cache for shader CopyShaderRD, variant 4
Loading cache for shader CopyShaderRD, variant 5
Loading cache for shader CopyShaderRD, variant 6
Loading cache for shader CopyShaderRD, variant 7
Loading cache for shader CopyShaderRD, variant 8
Loading cache for shader CopyShaderRD, variant 9
Loading cache for shader CopyShaderRD, variant 10
Loading cache for shader CopyShaderRD, variant 11
Loading cache for shader CopyShaderRD, variant 12
Shader 'CopyToFbShaderRD' (group 0) SHA256: 0adebb67e6205ddab89bef68d0541718044b8408d301ef90fcc572ab1f1dc3c1
Loading cache for shader CopyToFbShaderRD, variant 0
Loading cache for shader CopyToFbShaderRD, variant 1
Loading cache for shader CopyToFbShaderRD, variant 2
Loading cache for shader CopyToFbShaderRD, variant 3
Shader 'CubeToDpShaderRD' (group 0) SHA256: f3ba78a7ce282686c1bace415c6d4852f8b5df07fd90aff0139030354b9c53e6
Loading cache for shader CubeToDpShaderRD, variant 0
Shader 'CubemapDownsamplerShaderRD' (group 0) SHA256: 831be8c39044041b2e1da3b55ee6c2d5d5242c0c11326369eda23b7ae42ee04c
Loading cache for shader CubemapDownsamplerShaderRD, variant 0
Shader 'CubemapFilterShaderRD' (group 0) SHA256: 73d1b21cf27dc843bbcc28dc35d902623419ae7f0c17dba1d9c725d82959f576
Loading cache for shader CubemapFilterShaderRD, variant 0
Loading cache for shader CubemapFilterShaderRD, variant 1
Loading cache for shader CubemapFilterShaderRD, variant 2
Loading cache for shader CubemapFilterShaderRD, variant 3
Shader 'CubemapRoughnessShaderRD' (group 0) SHA256: bb92ea060a11d89f9121ad84bf077cdf954f39a59c3cc78038611f19f3d94533
Loading cache for shader CubemapRoughnessShaderRD, variant 0
Shader 'SpecularMergeShaderRD' (group 0) SHA256: 99444119f03d2c92d5ab325e0fa261255c819d4cb4b019c0eaa369b2d0383a8f
Loading cache for shader SpecularMergeShaderRD, variant 0
Loading cache for shader SpecularMergeShaderRD, variant 1
Loading cache for shader SpecularMergeShaderRD, variant 2
Loading cache for shader SpecularMergeShaderRD, variant 3
Shader 'ShadowFrustumShaderRD' (group 0) SHA256: 851c9007fbee11476e65c3cbb595c7113c7e98676c38d49b88056bdb1eb5904b
Loading cache for shader ShadowFrustumShaderRD, variant 0
Shader 'MotionVectorsShaderRD' (group 0) SHA256: e9ac9ae0667a399f458196d55204937c545356cd64ba755844d9c9943cffdc55
Loading cache for shader MotionVectorsShaderRD, variant 0
Shader 'LuminanceReduceShaderRD' (group 0) SHA256: 62fd065f2a03f76e82ff0efdd729b029811828e67b3dc62b0dd4c1b2a8eb2c23
Loading cache for shader LuminanceReduceShaderRD, variant 0
Loading cache for shader LuminanceReduceShaderRD, variant 1
Loading cache for shader LuminanceReduceShaderRD, variant 2
Shader 'SmaaEdgeDetectionShaderRD' (group 0) SHA256: e4c623cbbd80f252ca1afe76f478a818c89eb124cff6ca285865b0ba733f1f07
Loading cache for shader SmaaEdgeDetectionShaderRD, variant 0
Shader 'SmaaWeightCalculationShaderRD' (group 0) SHA256: 604beebafad6f83aaaead58113c3a3e5b0ed7a7c5605fd197dd952e3821b5878
Loading cache for shader SmaaWeightCalculationShaderRD, variant 0
Shader 'SmaaBlendingShaderRD' (group 0) SHA256: 9f3b4dcf01e8d340348bba93235fb3c9c13964b1e1bd23e7d59891cc9748a71c
Loading cache for shader SmaaBlendingShaderRD, variant 0
Shader 'TonemapShaderRD' (group 0) SHA256: 06d49e3e1e33f4e3f9069e4df65b734ffc54e7ad36b2b03be9c40766a30f7576
Loading cache for shader TonemapShaderRD, variant 0
Loading cache for shader TonemapShaderRD, variant 1
Loading cache for shader TonemapShaderRD, variant 2
Loading cache for shader TonemapShaderRD, variant 3
Loading cache for shader TonemapShaderRD, variant 4
Loading cache for shader TonemapShaderRD, variant 5
Shader 'FsrUpscaleShaderRD' (group 0) SHA256: 0715ca028e84f0a9b6f91a4ac308d37a5c185438f466e254fac8b7377dc10759
Loading cache for shader FsrUpscaleShaderRD, variant 0
Loading cache for shader FsrUpscaleShaderRD, variant 1
Shader 'BlitShaderRD' (group 0) SHA256: 25c59c709fcd7c8e69780f3edeaebc055b68c06b660c69bb43d8246614325591
Loading cache for shader BlitShaderRD, variant 0
Loading cache for shader BlitShaderRD, variant 1
Loading cache for shader BlitShaderRD, variant 2
Loading cache for shader BlitShaderRD, variant 3
CoreAudio: detected 2 channels
CoreAudio: output sampling rate: 48000 Hz
CoreAudio: output audio buffer frames: 512 calculated latency: 10ms

[mvk-info] Created 3 swapchain images with size (3024, 1890) and contents scale 2.0 in layer CAMetalLayer: GodotContentView (0x7fe908328f80) on screen Built-in Retina Display.
TextServer: Primary interface set to: "ICU / HarfBuzz / Graphite (Built-in)".
Loading resource: res://audio/default_bus_layout.tres
CORE API HASH: 937899573
EDITOR API HASH: 1777164193
SceneTreeFTI: traversal method DEFAULT
Loading resource: res://audio/music_manager.gd
Loading resource: res://race/race_state.gd
Loaded system CA certificates
Loading resource: res://tests/performance_test_detailed.tscn
Loading resource: res://addons/gevp/scenes/nexia_car.tscn
Loading resource: res://addons/gevp/scripts/vehicle.gd
Loading resource: res://car/models/nexia/scene.gltf
Loading resource: res://.godot/imported/scene.gltf-da3723215ad592219a17a8e3f5ec4079.scn
Loading resource: res://car/models/nexia/textures/Black_leather_baseColor.jpeg
Loading resource: res://.godot/imported/Black_leather_baseColor.jpeg-27dd6f30fef7f3a67c1452b21a139442.s3tc.ctex
Loading resource: res://car/models/nexia/textures/Black_leather_normal.png
Loading resource: res://.godot/imported/Black_leather_normal.png-645df4b6ce11f1f4aba9288d250b742d.s3tc.ctex
Loading resource: res://car/models/nexia/textures/Black_Opaque__Glass_baseColor.png
Loading resource: res://.godot/imported/Black_Opaque__Glass_baseColor.png-8658f51f68c57f44cb0f6d55f3c25917.s3tc.ctex
Loading resource: res://car/models/nexia/textures/Black_Opaque__Glass_emissive.jpeg
Loading resource: res://.godot/imported/Black_Opaque__Glass_emissive.jpeg-c45eddde3afb26a113f3ebe2e1d65d70.s3tc.ctex
Loading resource: res://car/models/nexia/textures/Black_Opaque__Glass_normal.png
Loading resource: res://.godot/imported/Black_Opaque__Glass_normal.png-483320fc9a3689ffc546bb08f7e8d3e6.s3tc.ctex
Loading cache for shader SceneForwardClusteredShaderRD, variant 0
Loading cache for shader SceneForwardClusteredShaderRD, variant 1
Loading cache for shader SceneForwardClusteredShaderRD, variant 2
Loading cache for shader SceneForwardClusteredShaderRD, variant 3
Loading cache for shader SceneForwardClusteredShaderRD, variant 4
Loading cache for shader SceneForwardClusteredShaderRD, variant 5
Loading cache for shader SceneForwardClusteredShaderRD, variant 6
Loading cache for shader SceneForwardClusteredShaderRD, variant 7
Loading cache for shader SceneForwardClusteredShaderRD, variant 0
Loading cache for shader SceneForwardClusteredShaderRD, variant 1
Loading cache for shader SceneForwardClusteredShaderRD, variant 2
Loading cache for shader SceneForwardClusteredShaderRD, variant 3
Loading cache for shader SceneForwardClusteredShaderRD, variant 4
Loading cache for shader SceneForwardClusteredShaderRD, variant 5
Loading cache for shader SceneForwardClusteredShaderRD, variant 6
Loading cache for shader SceneForwardClusteredShaderRD, variant 7
Loading cache for shader SceneForwardClusteredShaderRD, variant 0
Loading cache for shader SceneForwardClusteredShaderRD, variant 1
Loading cache for shader SceneForwardClusteredShaderRD, variant 2
Loading cache for shader SceneForwardClusteredShaderRD, variant 3
Loading cache for shader SceneForwardClusteredShaderRD, variant 4
Loading cache for shader SceneForwardClusteredShaderRD, variant 5
Loading cache for shader SceneForwardClusteredShaderRD, variant 6
Loading cache for shader SceneForwardClusteredShaderRD, variant 7
Loading resource: res://car/nexia_setup.gd
Loading resource: res://addons/gevp/scripts/wheel_visibility.gd
Loading resource: res://addons/gevp/scripts/vehicle_input.gd
Loading resource: res://addons/gevp/scripts/engine_sound.gd
Loading resource: res://addons/gevp/scripts/tire_squeal_sound.gd
Loading resource: res://addons/gevp/sounds/4000.wav
Loading resource: res://.godot/imported/4000.wav-5b7af0defc40e9d8fb80f07cca8d9fcd.sample
Loading resource: res://addons/gevp/sounds/tire_squeal.wav
Loading resource: res://.godot/imported/tire_squeal.wav-c8a8ffb33767ae9357a23caee4b04892.sample
Loading cache for shader SceneForwardClusteredShaderRD, variant 0
Loading cache for shader SceneForwardClusteredShaderRD, variant 1
Loading cache for shader SceneForwardClusteredShaderRD, variant 2
Loading cache for shader SceneForwardClusteredShaderRD, variant 3
Loading cache for shader SceneForwardClusteredShaderRD, variant 4
Loading cache for shader SceneForwardClusteredShaderRD, variant 5
Loading cache for shader SceneForwardClusteredShaderRD, variant 6
Loading cache for shader SceneForwardClusteredShaderRD, variant 7
Loading cache for shader SceneForwardClusteredShaderRD, variant 0
Loading cache for shader SceneForwardClusteredShaderRD, variant 1
Loading cache for shader SceneForwardClusteredShaderRD, variant 2
Loading cache for shader SceneForwardClusteredShaderRD, variant 3
Loading cache for shader SceneForwardClusteredShaderRD, variant 4
Loading cache for shader SceneForwardClusteredShaderRD, variant 5
Loading cache for shader SceneForwardClusteredShaderRD, variant 6
Loading cache for shader SceneForwardClusteredShaderRD, variant 7
Loading resource: res://tests/performance_test_detailed.gd
Loading resource: res://camera/follow_camera.gd
Loading resource: res://osm/osm_terrain_generator.gd
Loading resource: res://osm/building_wall.gdshader
Loading resource: res://models/trees/birch/scene.gltf
Loading resource: res://.godot/imported/scene.gltf-79a80a6e289860ce24a364f86dd8e784.scn
Loading resource: res://models/trees/birch/textures/Trunk_baseColor.png
Loading resource: res://.godot/imported/Trunk_baseColor.png-327e2ef3ab35d7fea241a502c77c236d.s3tc.ctex
Loading resource: res://traffic/npc_car.tscn
Loading resource: res://traffic/npc_car.gd
Loading resource: res://traffic/npc_lada_2109.tscn
WARNING: res://traffic/npc_lada_2109.tscn:4 - ext_resource, invalid UID: uid://bvnqxj3m4y5oa - using text path instead: res://car/models/lada_2109_dps/scene.gltf
     at: load (scene/resources/resource_format_text.cpp:444)
Loading resource: res://car/models/lada_2109_dps/scene.gltf
Loading resource: res://.godot/imported/scene.gltf-f24f699731375136b32f89ade3a8eddc.scn
Loading resource: res://car/models/lada_2109_dps/textures/Flashlight_lambert_baseColor.png
Loading resource: res://.godot/imported/Flashlight_lambert_baseColor.png-b355e794557fe548f6fa216b11a43455.s3tc.ctex
Loading resource: res://car/models/lada_2109_dps/textures/Flashlight_lambert_metallicRoughness.png
Loading resource: res://.godot/imported/Flashlight_lambert_metallicRoughness.png-b6f98fc79bf4819e1df6cfc74708587a.s3tc.ctex
Loading resource: res://car/models/lada_2109_dps/textures/Flashlight_lambert_normal.png
Loading resource: res://.godot/imported/Flashlight_lambert_normal.png-769f16b6d1cab547b5b4600e43f7af03.s3tc.ctex
Loading resource: res://car/models/lada_2109_dps/textures/Cleaner_lambert_baseColor.png
Loading resource: res://.godot/imported/Cleaner_lambert_baseColor.png-bb2ae7fcd466234fc794558247c635b5.s3tc.ctex
Loading resource: res://car/models/lada_2109_dps/textures/Mirror_lambert_baseColor.png
Loading resource: res://.godot/imported/Mirror_lambert_baseColor.png-5112edd329aff07d78e1ab96052b3e78.s3tc.ctex
Loading resource: res://car/models/lada_2109_dps/textures/Mirror_lambert_metallicRoughness.png
Loading resource: res://.godot/imported/Mirror_lambert_metallicRoughness.png-bbcd66006f159de42aba40ee24912bbc.s3tc.ctex
Loading resource: res://car/models/lada_2109_dps/textures/Mirror_lambert_normal.png
Loading resource: res://.godot/imported/Mirror_lambert_normal.png-58a0ac522a99e7fae172c676b4a29831.s3tc.ctex
Loading resource: res://car/models/lada_2109_dps/textures/taxycap_lambert_baseColor.png
Loading resource: res://.godot/imported/taxycap_lambert_baseColor.png-80673c8306ea25f20d6161d594f81adc.s3tc.ctex
Loading resource: res://car/models/lada_2109_dps/textures/taxycap_lambert_metallicRoughness.png
Loading resource: res://.godot/imported/taxycap_lambert_metallicRoughness.png-e537f5ae30215425bae2808fc2b3b833.s3tc.ctex
Loading resource: res://car/models/lada_2109_dps/textures/taxycap_lambert_normal.png
Loading resource: res://.godot/imported/taxycap_lambert_normal.png-a8eec270eb4e388f2bd7ac1cc98f65b7.s3tc.ctex
Loading resource: res://car/models/lada_2109_dps/textures/Whells3_lambert_baseColor.png
Loading resource: res://.godot/imported/Whells3_lambert_baseColor.png-534e942fd1713c61b1afb676d297402d.s3tc.ctex
Loading resource: res://car/models/lada_2109_dps/textures/Whells3_lambert_metallicRoughness.png
Loading resource: res://.godot/imported/Whells3_lambert_metallicRoughness.png-53a41be61f57b913febcf41fdd10c606.s3tc.ctex
Loading resource: res://car/models/lada_2109_dps/textures/Whells1_lambert_metallicRoughness.png
Loading resource: res://.godot/imported/Whells1_lambert_metallicRoughness.png-6b7c4747eed5d5f4d04e1d581b984c48.s3tc.ctex
Loading resource: res://car/models/lada_2109_dps/textures/CarBody_lambert_baseColor.png
Loading resource: res://.godot/imported/CarBody_lambert_baseColor.png-f4491e448971bed28d689a53e30c796d.s3tc.ctex
Loading resource: res://car/models/lada_2109_dps/textures/CarBody_lambert_metallicRoughness.png
Loading resource: res://.godot/imported/CarBody_lambert_metallicRoughness.png-e54ab5111cd11d73f9bb0c07746ae0d0.s3tc.ctex
Loading resource: res://car/models/lada_2109_dps/textures/CarBody_lambert_normal.png
Loading resource: res://.godot/imported/CarBody_lambert_normal.png-b5c3687dea7001e21bf71938599ff44a.s3tc.ctex
Loading cache for shader SceneForwardClusteredShaderRD, variant 0
Loading cache for shader SceneForwardClusteredShaderRD, variant 1
Loading cache for shader SceneForwardClusteredShaderRD, variant 2
Loading cache for shader SceneForwardClusteredShaderRD, variant 3
Loading cache for shader SceneForwardClusteredShaderRD, variant 4
Loading cache for shader SceneForwardClusteredShaderRD, variant 5
Loading cache for shader SceneForwardClusteredShaderRD, variant 6
Loading cache for shader SceneForwardClusteredShaderRD, variant 7
Loading cache for shader SceneForwardClusteredShaderRD, variant 0
Loading cache for shader SceneForwardClusteredShaderRD, variant 1
Loading cache for shader SceneForwardClusteredShaderRD, variant 2
Loading cache for shader SceneForwardClusteredShaderRD, variant 3
Loading cache for shader SceneForwardClusteredShaderRD, variant 4
Loading cache for shader SceneForwardClusteredShaderRD, variant 5
Loading cache for shader SceneForwardClusteredShaderRD, variant 6
Loading cache for shader SceneForwardClusteredShaderRD, variant 7
Loading resource: res://car/lada_2109_setup.gd
Loading resource: res://traffic/npc_taxi.tscn
WARNING: res://traffic/npc_taxi.tscn:4 - ext_resource, invalid UID: uid://taxi_model - using text path instead: res://car/models/lada_2109_taxi/scene.gltf
     at: load (scene/resources/resource_format_text.cpp:444)
Loading resource: res://car/models/lada_2109_taxi/scene.gltf
Loading resource: res://.godot/imported/scene.gltf-b52ab687efc1f0120251ce55fdab14dd.scn
Loading resource: res://car/models/lada_2109_taxi/textures/Cleaner_lambert_baseColor.png
Loading resource: res://.godot/imported/Cleaner_lambert_baseColor.png-bcf9981b53946007b4a8647d2cfcc91a.s3tc.ctex
Loading resource: res://car/models/lada_2109_taxi/textures/Mirror_lambert_baseColor.png
Loading resource: res://.godot/imported/Mirror_lambert_baseColor.png-427a768a217cd62a68b2ecded39220b3.s3tc.ctex
Loading resource: res://car/models/lada_2109_taxi/textures/Mirror_lambert_metallicRoughness.png
Loading resource: res://.godot/imported/Mirror_lambert_metallicRoughness.png-91c03a15ed7a5008d133f552f2119f55.s3tc.ctex
Loading resource: res://car/models/lada_2109_taxi/textures/taxycap_lambert_baseColor.png
Loading resource: res://.godot/imported/taxycap_lambert_baseColor.png-0bc8f32a9cd7551fd571d5415cd35c78.s3tc.ctex
Loading resource: res://car/models/lada_2109_taxi/textures/taxycap_lambert_metallicRoughness.png
Loading resource: res://.godot/imported/taxycap_lambert_metallicRoughness.png-a68effdd3bfc7b4fcef90951717e7a3d.s3tc.ctex
Loading resource: res://car/models/lada_2109_taxi/textures/Whells3_lambert_baseColor.png
Loading resource: res://.godot/imported/Whells3_lambert_baseColor.png-5d8885656e4f1d67fb2e2281623b52b2.s3tc.ctex
Loading resource: res://car/models/lada_2109_taxi/textures/Whells2_lambert_metallicRoughness.png
Loading resource: res://.godot/imported/Whells2_lambert_metallicRoughness.png-aaa6575caface87bf44297abb8c9b821.s3tc.ctex
Loading resource: res://car/models/lada_2109_taxi/textures/Whells3_lambert_metallicRoughness.png
Loading resource: res://.godot/imported/Whells3_lambert_metallicRoughness.png-a3ef1c1cc236839d0f7707a7d8869f9f.s3tc.ctex
Loading resource: res://car/models/lada_2109_taxi/textures/VAZ2109_BASE_lambert_baseColor.png
Loading resource: res://.godot/imported/VAZ2109_BASE_lambert_baseColor.png-bf15a1e211e98d1b58e2bab566b66185.s3tc.ctex
Loading resource: res://car/models/lada_2109_taxi/textures/VAZ2109_BASE_lambert_metallicRoughness.png
Loading resource: res://.godot/imported/VAZ2109_BASE_lambert_metallicRoughness.png-977fe43c5d7cc17bdc9b17cf06c70ef1.s3tc.ctex
Loading resource: res://car/models/lada_2109_taxi/textures/VAZ2109_BASE_lambert_normal.png
Loading resource: res://.godot/imported/VAZ2109_BASE_lambert_normal.png-cfeb2c0af6329849102c29c2e9bd8a65.s3tc.ctex
Loading resource: res://traffic/traffic_manager.gd
Loading resource: res://traffic/npc_paz.tscn
Loading resource: res://car/models/paz_32053/scene.gltf
Loading resource: res://.godot/imported/scene.gltf-e2ef1de0e6e96c2fdc37a92edd0871d3.scn
Loading resource: res://car/models/paz_32053/textures/Material.006_baseColor.png
Loading resource: res://.godot/imported/Material.006_baseColor.png-cfb6d2383ff6937aac0fe6a6e3e13a87.s3tc.ctex
Loading resource: res://car/models/paz_32053/textures/Material.006_metallicRoughness.png
Loading resource: res://.godot/imported/Material.006_metallicRoughness.png-b65e4d33e5f2d1bdd59486b591a744e1.s3tc.ctex
Loading resource: res://car/models/paz_32053/textures/Material.006_normal.png
Loading resource: res://.godot/imported/Material.006_normal.png-d1ec12af03a9dc62e01eb28b35da9f97.s3tc.ctex
Loading resource: res://car/paz_setup.gd
Loading resource: res://traffic/npc_vaz_2107.tscn
Loading resource: res://car/models/vaz_2107/scene.gltf
Loading resource: res://.godot/imported/scene.gltf-d7b131791e86e600027f4f17262117df.scn
Loading resource: res://car/models/vaz_2107/scene_0.png
Loading resource: res://.godot/imported/scene_0.png-e25bcb14a0f0651912c08347d50bbdc8.s3tc.ctex
Loading resource: res://car/models/vaz_2107/scene_1.png
Loading resource: res://.godot/imported/scene_1.png-4c7a5d36203d9d437746c6449e41c734.s3tc.ctex
Loading resource: res://car/models/vaz_2107/scene_2.png
Loading resource: res://.godot/imported/scene_2.png-1981eda6296e0043ff00aad2572e0abb.s3tc.ctex
Loading resource: res://car/models/vaz_2107/scene_3.png
Loading resource: res://.godot/imported/scene_3.png-d38c00ebf4e93dae6de409b7897aca58.s3tc.ctex
Loading resource: res://car/models/vaz_2107/scene_4.png
Loading resource: res://.godot/imported/scene_4.png-b3bddbd8efa4d8603c141a84c096ee55.s3tc.ctex
Loading cache for shader SceneForwardClusteredShaderRD, variant 0
Loading cache for shader SceneForwardClusteredShaderRD, variant 1
Loading cache for shader SceneForwardClusteredShaderRD, variant 2
Loading cache for shader SceneForwardClusteredShaderRD, variant 3
Loading cache for shader SceneForwardClusteredShaderRD, variant 4
Loading cache for shader SceneForwardClusteredShaderRD, variant 5
Loading cache for shader SceneForwardClusteredShaderRD, variant 6
Loading cache for shader SceneForwardClusteredShaderRD, variant 7
Loading resource: res://car/vaz_2107_setup.gd
Loading resource: res://night_mode/night_mode_manager.gd
Loading resource: res://settings/graphics_settings.gd
Loading resource: res://textures/ground_setup.gd
Loading resource: res://tests/bottleneck_analyzer.gd
Loading cache for shader SkyShaderRD, variant 0
Loading cache for shader SkyShaderRD, variant 1
Loading cache for shader SkyShaderRD, variant 2
Loading cache for shader SkyShaderRD, variant 3
Loading cache for shader SkyShaderRD, variant 4
Loading cache for shader SkyShaderRD, variant 5
ERROR: Error opening file 'res://icon.svg'.
   at: load_image (core/io/image_loader.cpp:89)
Loading resource: res://audio/music/petya_pavlov_ya_hochu_skorosti.ogg
Loading resource: res://.godot/imported/petya_pavlov_ya_hochu_skorosti.ogg-1975faad5a524bfffff2345ac5d67add.oggvorbisstr
MusicManager: Now playing track 0: Петя Павлов - Я хочу скорости
OSM: Initializing textures...
WARNING: Image format RGB8 not supported by hardware, converting to RGBA8.
     at: _validate_texture_format (servers/rendering/renderer_rd/storage_rd/texture_storage.cpp:2265)
     GDScript backtrace (most recent call first):
         [0] create_highway_texture (res://textures/texture_generator.gd:111)
         [1] _init_textures (res://osm/osm_terrain_generator.gd:291)
         [2] _ready (res://osm/osm_terrain_generator.gd:231)
WARNING: Image format RGB8 not supported by hardware, converting to RGBA8.
     at: _validate_texture_format (servers/rendering/renderer_rd/storage_rd/texture_storage.cpp:2265)
     GDScript backtrace (most recent call first):
         [0] create_primary_texture (res://textures/texture_generator.gd:160)
         [1] _init_textures (res://osm/osm_terrain_generator.gd:292)
         [2] _ready (res://osm/osm_terrain_generator.gd:231)
WARNING: Image format RGB8 not supported by hardware, converting to RGBA8.
     at: _validate_texture_format (servers/rendering/renderer_rd/storage_rd/texture_storage.cpp:2265)
     GDScript backtrace (most recent call first):
         [0] create_road_texture (res://textures/texture_generator.gd:61)
         [1] _init_textures (res://osm/osm_terrain_generator.gd:293)
         [2] _ready (res://osm/osm_terrain_generator.gd:231)
WARNING: Image format RGB8 not supported by hardware, converting to RGBA8.
     at: _validate_texture_format (servers/rendering/renderer_rd/storage_rd/texture_storage.cpp:2265)
     GDScript backtrace (most recent call first):
         [0] create_sidewalk_texture (res://textures/texture_generator.gd:209)
         [1] _init_textures (res://osm/osm_terrain_generator.gd:294)
         [2] _ready (res://osm/osm_terrain_generator.gd:231)
WARNING: Image format RGB8 not supported by hardware, converting to RGBA8.
     at: _validate_texture_format (servers/rendering/renderer_rd/storage_rd/texture_storage.cpp:2265)
     GDScript backtrace (most recent call first):
         [0] create_intersection_texture (res://textures/texture_generator.gd:184)
         [1] _init_textures (res://osm/osm_terrain_generator.gd:295)
         [2] _ready (res://osm/osm_terrain_generator.gd:231)
WARNING: Image format RGB8 not supported by hardware, converting to RGBA8.
     at: _validate_texture_format (servers/rendering/renderer_rd/storage_rd/texture_storage.cpp:2265)
     GDScript backtrace (most recent call first):
         [0] create_panel_building_no_windows (res://textures/texture_generator.gd:367)
         [1] _init_textures (res://osm/osm_terrain_generator.gd:298)
         [2] _ready (res://osm/osm_terrain_generator.gd:231)
WARNING: Image format RGB8 not supported by hardware, converting to RGBA8.
     at: _validate_texture_format (servers/rendering/renderer_rd/storage_rd/texture_storage.cpp:2265)
     GDScript backtrace (most recent call first):
         [0] create_brick_building_no_windows (res://textures/texture_generator.gd:401)
         [1] _init_textures (res://osm/osm_terrain_generator.gd:299)
         [2] _ready (res://osm/osm_terrain_generator.gd:231)
WARNING: Image format RGB8 not supported by hardware, converting to RGBA8.
     at: _validate_texture_format (servers/rendering/renderer_rd/storage_rd/texture_storage.cpp:2265)
     GDScript backtrace (most recent call first):
         [0] create_wall_texture (res://textures/texture_generator.gd:325)
         [1] _init_textures (res://osm/osm_terrain_generator.gd:300)
         [2] _ready (res://osm/osm_terrain_generator.gd:231)
WARNING: Image format RGB8 not supported by hardware, converting to RGBA8.
     at: _validate_texture_format (servers/rendering/renderer_rd/storage_rd/texture_storage.cpp:2265)
     GDScript backtrace (most recent call first):
         [0] create_roof_texture (res://textures/texture_generator.gd:309)
         [1] _init_textures (res://osm/osm_terrain_generator.gd:301)
         [2] _ready (res://osm/osm_terrain_generator.gd:231)
WARNING: Loaded resource as image file, this will not work on export: 'res://textures/Grass004_1K-JPG_Color.jpg'. Instead, import the image file as an Image resource and load it normally as a resource.
     at: load_from_file (core/io/image.cpp:2541)
     GDScript backtrace (most recent call first):
         [0] _init_textures (res://osm/osm_terrain_generator.gd:304)
         [1] _ready (res://osm/osm_terrain_generator.gd:231)
WARNING: Image format RGB8 not supported by hardware, converting to RGBA8.
     at: _validate_texture_format (servers/rendering/renderer_rd/storage_rd/texture_storage.cpp:2265)
     GDScript backtrace (most recent call first):
         [0] _init_textures (res://osm/osm_terrain_generator.gd:306)
         [1] _ready (res://osm/osm_terrain_generator.gd:231)
WARNING: Image format RGB8 not supported by hardware, converting to RGBA8.
     at: _validate_texture_format (servers/rendering/renderer_rd/storage_rd/texture_storage.cpp:2265)
     GDScript backtrace (most recent call first):
         [0] create_forest_texture (res://textures/texture_generator.gd:575)
         [1] _init_textures (res://osm/osm_terrain_generator.gd:309)
         [2] _ready (res://osm/osm_terrain_generator.gd:231)
WARNING: Image format RGB8 not supported by hardware, converting to RGBA8.
     at: _validate_texture_format (servers/rendering/renderer_rd/storage_rd/texture_storage.cpp:2265)
     GDScript backtrace (most recent call first):
         [0] create_asphalt_normal (res://textures/texture_generator.gd:627)
         [1] _init_textures (res://osm/osm_terrain_generator.gd:313)
         [2] _ready (res://osm/osm_terrain_generator.gd:231)
WARNING: Image format RGB8 not supported by hardware, converting to RGBA8.
     at: _validate_texture_format (servers/rendering/renderer_rd/storage_rd/texture_storage.cpp:2265)
     GDScript backtrace (most recent call first):
         [0] create_brick_normal (res://textures/texture_generator.gd:657)
         [1] _init_textures (res://osm/osm_terrain_generator.gd:314)
         [2] _ready (res://osm/osm_terrain_generator.gd:231)
WARNING: Image format RGB8 not supported by hardware, converting to RGBA8.
     at: _validate_texture_format (servers/rendering/renderer_rd/storage_rd/texture_storage.cpp:2265)
     GDScript backtrace (most recent call first):
         [0] create_concrete_normal (res://textures/texture_generator.gd:693)
         [1] _init_textures (res://osm/osm_terrain_generator.gd:315)
         [2] _ready (res://osm/osm_terrain_generator.gd:231)
WARNING: Image format RGB8 not supported by hardware, converting to RGBA8.
     at: _validate_texture_format (servers/rendering/renderer_rd/storage_rd/texture_storage.cpp:2265)
     GDScript backtrace (most recent call first):
         [0] create_panel_building_normal (res://textures/texture_generator.gd:744)
         [1] _init_textures (res://osm/osm_terrain_generator.gd:316)
         [2] _ready (res://osm/osm_terrain_generator.gd:231)
OSM: Textures initialized in 1345 ms
OSM: Initializing window shader (compile once, reuse for all batches)...
OSM: Window shader compiled
=== Performance Profiler Started ===
[OSMTerrain] Profiler created for diagnostics
OSMTerrainGenerator: Profiler connected - road performance will be measured

========== Bottleneck Analyzer Started ==========
Collecting performance data...
=================================================

Loading resource: res://tests/performance_logger.gd

========== DETAILED PERFORMANCE TEST ==========
Random seed: 12345 (fixed for reproducibility)
Location: Cherepovets (59.1167, 37.9000)
Duration: 90 seconds
Spike threshold: 25.0 ms
Tracking: Every spike > 25.0 ms
Night mode: ENABLED
==============================================

2026-01-31 07:12:44.656 Godot[68946:2120126] +[IMKClient subclass]: chose IMKClient_Modern
OSM: Night mode enabled
OSM: Chunk distances - load: 700, unload: 900
OSM: Fog enabled (density: 0.0013 for 600m)
OSM: Ready for loading (waiting for start_loading call)...
Nexia: Found mesh: body_Car Paint PL_0
  -> Created override material for surface 0
  -> Material: Car_Paint_PL (StandardMaterial3D)
  -> Changed body color to cherry (glossy)
Nexia: Found mesh: body_Car Paint PL_02
  -> Created override material for surface 0
  -> Material: Car_Paint_PL (StandardMaterial3D)
  -> Changed body color to cherry (glossy)
Nexia: Found mesh: body_Car Paint PL_03
  -> Created override material for surface 0
  -> Material: Car_Paint_PL (StandardMaterial3D)
  -> Changed body color to cherry (glossy)
Nexia: Found mesh: body_Black leather_0
  -> Skipping (light/wheel/chrome/interior)
Nexia: Found mesh: body_Black leather_02
  -> Skipping (light/wheel/chrome/interior)
Nexia: Found mesh: body_Black leather_03
  -> Skipping (light/wheel/chrome/interior)
Nexia: Found mesh: body_Black Opaque  Glass_0
  -> Created override material for surface 0
  -> Material: Black_Opaque__Glass (StandardMaterial3D)
  -> Changed glass to tinted (day mode)
Nexia: Found mesh: body_mattemetal_0
  -> Skipping (light/wheel/chrome/interior)
Nexia: Found mesh: body_orangeglass_0
  -> Skipping (light/wheel/chrome/interior)
Nexia: Found mesh: body_chrome_0
  -> Skipping (light/wheel/chrome/interior)
Nexia: Found mesh: body_chrome_02
  -> Skipping (light/wheel/chrome/interior)
Nexia: Found mesh: body_chrome_03
  -> Skipping (light/wheel/chrome/interior)
Nexia: Found mesh: body_chrome_04
  -> Skipping (light/wheel/chrome/interior)
Nexia: Found mesh: body_redglass_0
  -> Skipping (light/wheel/chrome/interior)
Nexia: Found mesh: body_AR3DMat Procedural Realistic Mirror_0
  -> Skipping (light/wheel/chrome/interior)
Nexia: Found mesh: wheel_front_left_TireProcedural_0
  -> Skipping (light/wheel/chrome/interior)
Nexia: Found mesh: wheel_front_left_rim_0
  -> Skipping (light/wheel/chrome/interior)
Nexia: Found mesh: wheel_front_left_black_0
  -> Skipping (light/wheel/chrome/interior)
Nexia: Found mesh: wheel_front_left_brakedisk_0
  -> Skipping (light/wheel/chrome/interior)
Nexia: Found mesh: wheel_front_left_mattemetal_0
  -> Skipping (light/wheel/chrome/interior)
Nexia: Found mesh: wheel_front_right_TireProcedural_0
  -> Skipping (light/wheel/chrome/interior)
Nexia: Found mesh: wheel_front_right_rim_0
  -> Skipping (light/wheel/chrome/interior)
Nexia: Found mesh: wheel_front_right_black_0
  -> Skipping (light/wheel/chrome/interior)
Nexia: Found mesh: wheel_front_right_brakedisk_0
  -> Skipping (light/wheel/chrome/interior)
Nexia: Found mesh: wheel_front_right_mattemetal_0
  -> Skipping (light/wheel/chrome/interior)
Nexia: Found mesh: wheel_rear_left_TireProcedural_0
  -> Skipping (light/wheel/chrome/interior)
Nexia: Found mesh: wheel_rear_left_black_0
  -> Skipping (light/wheel/chrome/interior)
Nexia: Found mesh: wheel_rear_left_brakedisk_0
  -> Skipping (light/wheel/chrome/interior)
Nexia: Found mesh: wheel_rear_left_rim_0
  -> Skipping (light/wheel/chrome/interior)
Nexia: Found mesh: wheel_rear_left_mattemetal_0
  -> Skipping (light/wheel/chrome/interior)
Nexia: Found mesh: wheel_rear_right_TireProcedural_0
  -> Skipping (light/wheel/chrome/interior)
Nexia: Found mesh: wheel_rear_right_black_0
  -> Skipping (light/wheel/chrome/interior)
Nexia: Found mesh: wheel_rear_right_brakedisk_0
  -> Skipping (light/wheel/chrome/interior)
Nexia: Found mesh: wheel_rear_right_rim_0
  -> Skipping (light/wheel/chrome/interior)
Nexia: Found mesh: wheel_rear_right_mattemetal_0
  -> Skipping (light/wheel/chrome/interior)
Nexia: Found taillight mesh: body_redglass_0
  -> Added taillight material
  -> Created brake SpotLight at (-0.5, 0.9, 1.95)
  -> Created brake SpotLight at (0.5, 0.9, 1.95)
Nexia: Found front marker mesh: body_orangeglass_0
  -> Added front marker material
  -> Created headlight SpotLight at (-0.55, 0.75, -1.9)
  -> Created headlight SpotLight at (0.55, 0.75, -1.9)
  -> Created underglow with 16 lights
Nexia model setup complete
=== Performance Profiler Started ===
[TrafficManager] Profiler created for diagnostics
TrafficManager: Initialized (max 200 NPCs)
Loading cache for shader SkyShaderRD, variant 0
Loading cache for shader SkyShaderRD, variant 1
Loading cache for shader SkyShaderRD, variant 2
Loading cache for shader SkyShaderRD, variant 3
Loading cache for shader SkyShaderRD, variant 4
Loading cache for shader SkyShaderRD, variant 5
Loading cache for shader SkyShaderRD, variant 0
Loading cache for shader SkyShaderRD, variant 1
Loading cache for shader SkyShaderRD, variant 2
Loading cache for shader SkyShaderRD, variant 3
Loading cache for shader SkyShaderRD, variant 4
Loading cache for shader SkyShaderRD, variant 5
Loading cache for shader ParticlesShaderRD, variant 0
Loading cache for shader SceneForwardClusteredShaderRD, variant 0
Loading cache for shader SceneForwardClusteredShaderRD, variant 1
Loading cache for shader SceneForwardClusteredShaderRD, variant 2
Loading cache for shader SceneForwardClusteredShaderRD, variant 3
Loading cache for shader SceneForwardClusteredShaderRD, variant 4
Loading cache for shader SceneForwardClusteredShaderRD, variant 5
Loading cache for shader SceneForwardClusteredShaderRD, variant 6
Loading cache for shader SceneForwardClusteredShaderRD, variant 7
NightModeManager: Ready (day mode, no rain)
GraphicsSettings: Found WorldEnvironment
GraphicsSettings: Found Camera3D: Camera3D
GraphicsSettings: Loading settings from file...
GraphicsSettings: Settings loaded - FXAA: false, TAA: true, MSAA: 1
GraphicsSettings: Applying initial settings...
SSR: OFF
Fog: ON
Glow: ON
SSAO: ON
TAA: ON
MSAA: 2X
FXAA disabled on root viewport
DOF: ON (far distance: 100m)
GraphicsSettings: Ready
[Systems Found]
  OSMTerrain: NO
  TrafficManager: NO
  NightModeManager: NO
  Player Car: YES

[PerformanceTestDetailed] Found nodes:
  Car: YES
  VehicleInput: YES
  OSMTerrain: YES
[PerformanceTestDetailed] Night mode ENABLED (windows + lights + moon)
[PerformanceTestDetailed] Connected to terrain loading signals
[PerformanceTestDetailed] Starting terrain loading...
OSM: Starting initial loading... (generation 0)
OSM: State before start: _loaded_chunks=0, _loading_chunks=0
OSM: Loading chunks around car position (0.0, 0.9, 0.0)
OSM: Need to load 16 chunks for initial area
OSM: Emitting initial_load_started signal...
OSM: initial_load_started signal emitted
OSM: Loading chunk -2,-2 at lat=59.1208, lon=37.8921
OSM: Loaded from cache: osm_v2_59.1208_37.8921_250.json
OSM: Loading chunk -2,-1 at lat=59.1181, lon=37.8921
OSM: Loaded from cache: osm_v2_59.1181_37.8921_250.json
OSM: Loading chunk -2,0 at lat=59.1153, lon=37.8921
OSM: Loaded from cache: osm_v2_59.1153_37.8921_250.json
OSM: Loading chunk -2,1 at lat=59.1126, lon=37.8921
OSM: Loaded from cache: osm_v2_59.1126_37.8921_250.json
OSM: Loading chunk -1,-2 at lat=59.1208, lon=37.8974
OSM: Loaded from cache: osm_v2_59.1208_37.8974_250.json
OSM: Loading chunk -1,-1 at lat=59.1181, lon=37.8974
OSM: Loaded from cache: osm_v2_59.1181_37.8974_250.json
OSM: Loading chunk -1,0 at lat=59.1153, lon=37.8974
OSM: Loaded from cache: osm_v2_59.1153_37.8974_250.json
OSM: Loading chunk -1,1 at lat=59.1126, lon=37.8974
OSM: Loaded from cache: osm_v2_59.1126_37.8974_250.json
OSM: Loading chunk 0,-2 at lat=59.1208, lon=37.9026
OSM: Loaded from cache: osm_v2_59.1208_37.9026_250.json
OSM: Loading chunk 0,-1 at lat=59.1181, lon=37.9026
OSM: Loaded from cache: osm_v2_59.1181_37.9026_250.json
OSM: Loading chunk 0,0 at lat=59.1153, lon=37.9026
OSM: Loaded from cache: osm_v2_59.1153_37.9026_250.json
OSM: Loading chunk 0,1 at lat=59.1126, lon=37.9026
OSM: Loaded from cache: osm_v2_59.1126_37.9026_250.json
OSM: Loading chunk 1,-2 at lat=59.1208, lon=37.9079
OSM: Loaded from cache: osm_v2_59.1208_37.9079_250.json
OSM: Loading chunk 1,-1 at lat=59.1181, lon=37.9079
OSM: Loaded from cache: osm_v2_59.1181_37.9079_250.json
OSM: Loading chunk 1,0 at lat=59.1153, lon=37.9079
OSM: Loaded from cache: osm_v2_59.1153_37.9079_250.json
OSM: Loading chunk 1,1 at lat=59.1126, lon=37.9079
OSM: Loaded from cache: osm_v2_59.1126_37.9079_250.json
OSM: Started loading 16 chunks (total needed: 16, already loaded: 0)
OSM: Chunk -2,-2 data loaded
OSM: Found 7 POI nodes in chunk
POI_DEBUG: Found 'Магнит' inside building at local (-583.6, -540.7)
POI_DEBUG: Found 'Бристоль' inside building at local (-593.0, -497.7)
POI_DEBUG: Found 'Антей' inside building at local (-591.1, -510.1)
BusinessSign: Found logo for 'магнит' -> res://textures/brand_logos/magnit.png
Loading resource: res://textures/brand_logos/magnit.png
Loading resource: res://.godot/imported/magnit.png-31fdba21c9aa2a67aac0029f80d6b4cb.ctex
Loading cache for shader SceneForwardClusteredShaderRD, variant 0
Loading cache for shader SceneForwardClusteredShaderRD, variant 1
Loading cache for shader SceneForwardClusteredShaderRD, variant 2
Loading cache for shader SceneForwardClusteredShaderRD, variant 3
Loading cache for shader SceneForwardClusteredShaderRD, variant 4
Loading cache for shader SceneForwardClusteredShaderRD, variant 5
Loading cache for shader SceneForwardClusteredShaderRD, variant 6
Loading cache for shader SceneForwardClusteredShaderRD, variant 7
Loading cache for shader SceneForwardClusteredShaderRD, variant 0
Loading cache for shader SceneForwardClusteredShaderRD, variant 1
Loading cache for shader SceneForwardClusteredShaderRD, variant 2
Loading cache for shader SceneForwardClusteredShaderRD, variant 3
Loading cache for shader SceneForwardClusteredShaderRD, variant 4
Loading cache for shader SceneForwardClusteredShaderRD, variant 5
Loading cache for shader SceneForwardClusteredShaderRD, variant 6
Loading cache for shader SceneForwardClusteredShaderRD, variant 7
POI_DEBUG: Found 'Ozon' inside building at local (-577.4, -467.7)
POI_DEBUG: Found 'Пятёрочка' inside building at local (-583.9, -471.4)
BusinessSign: Found logo for 'ozon' -> res://textures/brand_logos/ozon.png
Loading resource: res://textures/brand_logos/ozon.png
Loading resource: res://.godot/imported/ozon.png-cc772cb0e65a53f513cfd9ec9f032a08.ctex
BusinessSign: Found logo for 'пятёрочка' -> res://textures/brand_logos/pyaterochka.png
Loading resource: res://textures/brand_logos/pyaterochka.png
Loading resource: res://.godot/imported/pyaterochka.png-384b1f6c66bb2386d37f8481b233ca9c.ctex
Loading cache for shader SceneForwardClusteredShaderRD, variant 0
Loading cache for shader SceneForwardClusteredShaderRD, variant 1
Loading cache for shader SceneForwardClusteredShaderRD, variant 2
Loading cache for shader SceneForwardClusteredShaderRD, variant 3
Loading cache for shader SceneForwardClusteredShaderRD, variant 4
Loading cache for shader SceneForwardClusteredShaderRD, variant 5
Loading cache for shader SceneForwardClusteredShaderRD, variant 6
Loading cache for shader SceneForwardClusteredShaderRD, variant 7
OSM: Generated 39 roads, 29 buildings, 0 trees, 0 signs, 0 lamps, 22 intersections
OSM: Marked chunk '-2,-2' for road batch finalization
OSM DEBUG: Missing chunks (15): ["-2,-1", "-2,0", "-2,1", "-1,-2", "-1,-1", "-1,0", "-1,1", "0,-2", "0,-1", "0,0", "0,1", "1,-2", "1,-1", "1,0", "1,1"]
  - Currently loading: ["-2,-1", "-2,0", "-2,1", "-1,-2", "-1,-1", "-1,0", "-1,1", "0,-2", "0,-1", "0,0", "0,1", "1,-2", "1,-1", "1,0", "1,1"]
OSM: Chunk -2,-1 data loaded
OSM: Generated 30 roads, 10 buildings, 0 trees, 0 signs, 0 lamps, 6 intersections
OSM: Marked chunk '-2,-1' for road batch finalization
OSM DEBUG: Missing chunks (14): ["-2,0", "-2,1", "-1,-2", "-1,-1", "-1,0", "-1,1", "0,-2", "0,-1", "0,0", "0,1", "1,-2", "1,-1", "1,0", "1,1"]
  - Currently loading: ["-2,0", "-2,1", "-1,-2", "-1,-1", "-1,0", "-1,1", "0,-2", "0,-1", "0,0", "0,1", "1,-2", "1,-1", "1,0", "1,1"]
OSM: Chunk -2,0 data loaded
Loading cache for shader SceneForwardClusteredShaderRD, variant 0
Loading cache for shader SceneForwardClusteredShaderRD, variant 1
Loading cache for shader SceneForwardClusteredShaderRD, variant 2
Loading cache for shader SceneForwardClusteredShaderRD, variant 3
Loading cache for shader SceneForwardClusteredShaderRD, variant 4
Loading cache for shader SceneForwardClusteredShaderRD, variant 5
Loading cache for shader SceneForwardClusteredShaderRD, variant 6
Loading cache for shader SceneForwardClusteredShaderRD, variant 7
OSM: Generated 13 roads, 3 buildings, 0 trees, 0 signs, 0 lamps, 1 intersections
OSM: Marked chunk '-2,0' for road batch finalization
OSM DEBUG: Missing chunks (13): ["-2,1", "-1,-2", "-1,-1", "-1,0", "-1,1", "0,-2", "0,-1", "0,0", "0,1", "1,-2", "1,-1", "1,0", "1,1"]
  - Currently loading: ["-2,1", "-1,-2", "-1,-1", "-1,0", "-1,1", "0,-2", "0,-1", "0,0", "0,1", "1,-2", "1,-1", "1,0", "1,1"]
OSM: Chunk -2,1 data loaded
OSM: Generated 0 roads, 0 buildings, 0 trees, 0 signs, 0 lamps, 0 intersections
OSM: Marked chunk '-2,1' for road batch finalization
OSM DEBUG: Missing chunks (12): ["-1,-2", "-1,-1", "-1,0", "-1,1", "0,-2", "0,-1", "0,0", "0,1", "1,-2", "1,-1", "1,0", "1,1"]
  - Currently loading: ["-1,-2", "-1,-1", "-1,0", "-1,1", "0,-2", "0,-1", "0,0", "0,1", "1,-2", "1,-1", "1,0", "1,1"]
OSM: Chunk -1,-2 data loaded
OSM: Found 5 entrance nodes in chunk
OSM: Found 6 POI nodes in chunk
Loading cache for shader SceneForwardClusteredShaderRD, variant 0
Loading cache for shader SceneForwardClusteredShaderRD, variant 1
Loading cache for shader SceneForwardClusteredShaderRD, variant 2
Loading cache for shader SceneForwardClusteredShaderRD, variant 3
Loading cache for shader SceneForwardClusteredShaderRD, variant 4
Loading cache for shader SceneForwardClusteredShaderRD, variant 5
Loading cache for shader SceneForwardClusteredShaderRD, variant 6
Loading cache for shader SceneForwardClusteredShaderRD, variant 7
OSM: Generated 33 roads, 31 buildings, 0 trees, 0 signs, 0 lamps, 13 intersections
OSM: Marked chunk '-1,-2' for road batch finalization
OSM DEBUG: Missing chunks (11): ["-1,-1", "-1,0", "-1,1", "0,-2", "0,-1", "0,0", "0,1", "1,-2", "1,-1", "1,0", "1,1"]
  - Currently loading: ["-1,-1", "-1,0", "-1,1", "0,-2", "0,-1", "0,0", "0,1", "1,-2", "1,-1", "1,0", "1,1"]
OSM: Chunk -1,-1 data loaded
OSM: Found 3 POI nodes in chunk
POI_DEBUG: Found 'Магнит' inside building at local (-106.5, -187.7)
BusinessSign: Found logo for 'магнит' -> res://textures/brand_logos/magnit.png
POI_DEBUG: Found 'Северный градус' inside building at local (-108.4, -158.5)
BusinessSign: Found logo for 'северный градус' -> res://textures/brand_logos/severniy-gradus.png
Loading resource: res://textures/brand_logos/severniy-gradus.png
Loading resource: res://.godot/imported/severniy-gradus.png-79cfe55b765c858de7f261949750f3ce.ctex
OSM: Generated 55 roads, 21 buildings, 1 trees, 0 signs, 0 lamps, 27 intersections
OSM: Marked chunk '-1,-1' for road batch finalization
OSM DEBUG: Missing chunks (10): ["-1,0", "-1,1", "0,-2", "0,-1", "0,0", "0,1", "1,-2", "1,-1", "1,0", "1,1"]
  - Currently loading: ["-1,0", "-1,1", "0,-2", "0,-1", "0,0", "0,1", "1,-2", "1,-1", "1,0", "1,1"]
OSM: Chunk -1,0 data loaded
OSM: Found 1 POI nodes in chunk
OSM: Generated 20 roads, 11 buildings, 0 trees, 0 signs, 0 lamps, 9 intersections
OSM: Marked chunk '-1,0' for road batch finalization
OSM DEBUG: Missing chunks (9): ["-1,1", "0,-2", "0,-1", "0,0", "0,1", "1,-2", "1,-1", "1,0", "1,1"]
  - Currently loading: ["-1,1", "0,-2", "0,-1", "0,0", "0,1", "1,-2", "1,-1", "1,0", "1,1"]
OSM: Chunk -1,1 data loaded
OSM: Generated 0 roads, 0 buildings, 0 trees, 0 signs, 0 lamps, 0 intersections
OSM: Marked chunk '-1,1' for road batch finalization
OSM DEBUG: Missing chunks (8): ["0,-2", "0,-1", "0,0", "0,1", "1,-2", "1,-1", "1,0", "1,1"]
  - Currently loading: ["0,-2", "0,-1", "0,0", "0,1", "1,-2", "1,-1", "1,0", "1,1"]
OSM: Chunk 0,-2 data loaded
OSM: Found 10 POI nodes in chunk
POI_DEBUG: Found 'Антей' inside building at local (29.3, -584.4)
POI_DEBUG: Found 'Coffee Like' inside building at local (88.6, -413.9)
OSM: Generated 59 roads, 20 buildings, 0 trees, 0 signs, 0 lamps, 15 intersections
OSM: Marked chunk '0,-2' for road batch finalization
OSM DEBUG: Missing chunks (7): ["0,-1", "0,0", "0,1", "1,-2", "1,-1", "1,0", "1,1"]
  - Currently loading: ["0,-1", "0,0", "0,1", "1,-2", "1,-1", "1,0", "1,1"]
OSM: Chunk 0,-1 data loaded
OSM: Found 3 entrance nodes in chunk
OSM: Found 4 POI nodes in chunk
POI_DEBUG: Found 'Фонд капитального ремонта многоквартирных домов Вологодской области' inside building at local (283.4, -263.6)
POI_DEBUG: Found 'Пионер-сервис. Сервисный центр Самсунг' inside building at local (240.9, -141.4)
OSM: Generated 61 roads, 15 buildings, 0 trees, 0 signs, 0 lamps, 17 intersections
OSM: Marked chunk '0,-1' for road batch finalization
OSM DEBUG: Missing chunks (6): ["0,0", "0,1", "1,-2", "1,-1", "1,0", "1,1"]
  - Currently loading: ["0,0", "0,1", "1,-2", "1,-1", "1,0", "1,1"]
OSM: Chunk 0,0 data loaded
OSM: Found 2 entrance nodes in chunk
OSM: Generated 42 roads, 0 buildings, 0 trees, 0 signs, 0 lamps, 4 intersections
OSM: Marked chunk '0,0' for road batch finalization
OSM DEBUG: Missing chunks (5): ["0,1", "1,-2", "1,-1", "1,0", "1,1"]
  - Currently loading: ["0,1", "1,-2", "1,-1", "1,0", "1,1"]
OSM: Chunk 0,1 data loaded
OSM: Generated 1 roads, 0 buildings, 0 trees, 0 signs, 0 lamps, 0 intersections
OSM: Marked chunk '0,1' for road batch finalization
OSM DEBUG: Missing chunks (4): ["1,-2", "1,-1", "1,0", "1,1"]
  - Currently loading: ["1,-2", "1,-1", "1,0", "1,1"]
OSM: Chunk 1,-2 data loaded
OSM: Found 4 entrance nodes in chunk
OSM: Found 11 POI nodes in chunk
POI_DEBUG: Found 'Ли Лу' inside building at local (337.6, -257.6)
POI_DEBUG: Found 'ВТБ' inside building at local (407.3, -531.1)
BusinessSign: Found logo for 'втб' -> res://textures/brand_logos/vtb.png
Loading resource: res://textures/brand_logos/vtb.png
Loading resource: res://.godot/imported/vtb.png-4da497bc31ee73b71092cb16c05ad0ec.ctex
POI_DEBUG: Found 'OTP-банк' inside building at local (592.3, -604.5)
POI_DEBUG: Found 'ВТБ' inside building at local (594.8, -612.1)
POI_DEBUG: Found 'Шашлычек' inside building at local (589.3, -592.4)
POI_DEBUG: Found 'Easy Slip' inside building at local (581.6, -593.1)
BusinessSign: Found logo for 'втб' -> res://textures/brand_logos/vtb.png
OSM: Generated 52 roads, 35 buildings, 0 trees, 0 signs, 0 lamps, 34 intersections
OSM: Marked chunk '1,-2' for road batch finalization
OSM DEBUG: Missing chunks (3): ["1,-1", "1,0", "1,1"]
  - Currently loading: ["1,-1", "1,0", "1,1"]
OSM: Chunk 1,-1 data loaded
OSM: Found 8 entrance nodes in chunk
OSM: Found 5 POI nodes in chunk
POI_DEBUG: Found 'Фонд капитального ремонта многоквартирных домов Вологодской области' inside building at local (283.4, -263.6)
POI_DEBUG: Found 'Ли Лу' inside building at local (337.6, -257.6)
OSM: Generated 51 roads, 33 buildings, 0 trees, 0 signs, 0 lamps, 41 intersections
OSM: Marked chunk '1,-1' for road batch finalization
OSM DEBUG: Missing chunks (2): ["1,0", "1,1"]
  - Currently loading: ["1,0", "1,1"]
OSM: Chunk 1,0 data loaded
OSM: Found 4 entrance nodes in chunk
OSM: Generated 2 roads, 2 buildings, 0 trees, 0 signs, 0 lamps, 0 intersections
OSM: Marked chunk '1,0' for road batch finalization
OSM DEBUG: Missing chunks (1): ["1,1"]
  - Currently loading: ["1,1"]
OSM: Chunk 1,1 data loaded
OSM: Generated 0 roads, 0 buildings, 0 trees, 0 signs, 0 lamps, 0 intersections
OSM: Marked chunk '1,1' for road batch finalization
OSM DEBUG: Chunks loaded 16/16, but queues not empty:
  - _building_results: 176
  - _road_queue: 458
  - _terrain_objects_queue: 97
  - _infrastructure_queue: 177
  - _pending_building_tasks: 0
Loading cache for shader SceneForwardClusteredShaderRD, variant 0
Loading cache for shader SceneForwardClusteredShaderRD, variant 1
Loading cache for shader SceneForwardClusteredShaderRD, variant 2
Loading cache for shader SceneForwardClusteredShaderRD, variant 3
Loading cache for shader SceneForwardClusteredShaderRD, variant 4
Loading cache for shader SceneForwardClusteredShaderRD, variant 5
Loading cache for shader SceneForwardClusteredShaderRD, variant 6
Loading cache for shader SceneForwardClusteredShaderRD, variant 7
Loading cache for shader SceneForwardClusteredShaderRD, variant 0
Loading cache for shader SceneForwardClusteredShaderRD, variant 1
Loading cache for shader SceneForwardClusteredShaderRD, variant 2
Loading cache for shader SceneForwardClusteredShaderRD, variant 3
Loading cache for shader SceneForwardClusteredShaderRD, variant 4
Loading cache for shader SceneForwardClusteredShaderRD, variant 5
Loading cache for shader SceneForwardClusteredShaderRD, variant 6
Loading cache for shader SceneForwardClusteredShaderRD, variant 7
OSM: DEBUG _add_road_to_batch - first road for chunk '0,0', parent.name='Chunk_0,0'
OSM: DEBUG _add_road_to_batch - first road for chunk '-1,0', parent.name='Chunk_-1,0'
OSM: DEBUG _add_road_to_batch - first road for chunk '0,-1', parent.name='Chunk_0,-1'
OSM: DEBUG _add_road_to_batch - first road for chunk '-1,-1', parent.name='Chunk_-1,-1'
⚠️ SLOW FRAME 103.1ms: building=1.2 road=8.1 terrain=77.5 infra=1.4 veg=14.9 curb=0.0ms
OSM DEBUG: Chunks loaded 16/16, but queues not empty:
  - _building_results: 175
  - _road_queue: 436
  - _terrain_objects_queue: 95
  - _infrastructure_queue: 176
  - _pending_building_tasks: 0
Loading cache for shader SceneForwardClusteredShaderRD, variant 0
Loading cache for shader SceneForwardClusteredShaderRD, variant 1
Loading cache for shader SceneForwardClusteredShaderRD, variant 2
Loading cache for shader SceneForwardClusteredShaderRD, variant 3
Loading cache for shader SceneForwardClusteredShaderRD, variant 4
Loading cache for shader SceneForwardClusteredShaderRD, variant 5
Loading cache for shader SceneForwardClusteredShaderRD, variant 6
Loading cache for shader SceneForwardClusteredShaderRD, variant 7
Loading cache for shader SceneForwardClusteredShaderRD, variant 0
Loading cache for shader SceneForwardClusteredShaderRD, variant 1
Loading cache for shader SceneForwardClusteredShaderRD, variant 2
Loading cache for shader SceneForwardClusteredShaderRD, variant 3
Loading cache for shader SceneForwardClusteredShaderRD, variant 4
Loading cache for shader SceneForwardClusteredShaderRD, variant 5
Loading cache for shader SceneForwardClusteredShaderRD, variant 6
Loading cache for shader SceneForwardClusteredShaderRD, variant 7
Loading cache for shader SceneForwardClusteredShaderRD, variant 0
Loading cache for shader SceneForwardClusteredShaderRD, variant 1
Loading cache for shader SceneForwardClusteredShaderRD, variant 2
Loading cache for shader SceneForwardClusteredShaderRD, variant 3
Loading cache for shader SceneForwardClusteredShaderRD, variant 4
Loading cache for shader SceneForwardClusteredShaderRD, variant 5
Loading cache for shader SceneForwardClusteredShaderRD, variant 6
Loading cache for shader SceneForwardClusteredShaderRD, variant 7
Loading cache for shader SceneForwardClusteredShaderRD, variant 8
Loading cache for shader SceneForwardClusteredShaderRD, variant 9
Loading cache for shader SceneForwardClusteredShaderRD, variant 10
Loading cache for shader SceneForwardClusteredShaderRD, variant 11
Loading cache for shader SceneForwardClusteredShaderRD, variant 12
Loading cache for shader SceneForwardClusteredShaderRD, variant 13
Loading cache for shader SceneForwardClusteredShaderRD, variant 14
Loading cache for shader SceneForwardClusteredShaderRD, variant 15
Loading cache for shader SceneForwardClusteredShaderRD, variant 16
Loading cache for shader SceneForwardClusteredShaderRD, variant 17
Loading cache for shader SceneForwardClusteredShaderRD, variant 0
Loading cache for shader SceneForwardClusteredShaderRD, variant 1
Loading cache for shader SceneForwardClusteredShaderRD, variant 2
Loading cache for shader SceneForwardClusteredShaderRD, variant 3
Loading cache for shader SceneForwardClusteredShaderRD, variant 4
Loading cache for shader SceneForwardClusteredShaderRD, variant 5
Loading cache for shader SceneForwardClusteredShaderRD, variant 6
Loading cache for shader SceneForwardClusteredShaderRD, variant 7
Loading cache for shader SceneForwardClusteredShaderRD, variant 8
Loading cache for shader SceneForwardClusteredShaderRD, variant 9
Loading cache for shader SceneForwardClusteredShaderRD, variant 10
Loading cache for shader SceneForwardClusteredShaderRD, variant 11
Loading cache for shader SceneForwardClusteredShaderRD, variant 12
Loading cache for shader SceneForwardClusteredShaderRD, variant 13
Loading cache for shader SceneForwardClusteredShaderRD, variant 14
Loading cache for shader SceneForwardClusteredShaderRD, variant 15
Loading cache for shader SceneForwardClusteredShaderRD, variant 16
Loading cache for shader SceneForwardClusteredShaderRD, variant 17
Loading cache for shader SceneForwardClusteredShaderRD, variant 0
Loading cache for shader SceneForwardClusteredShaderRD, variant 1
Loading cache for shader SceneForwardClusteredShaderRD, variant 2
Loading cache for shader SceneForwardClusteredShaderRD, variant 3
Loading cache for shader SceneForwardClusteredShaderRD, variant 4
Loading cache for shader SceneForwardClusteredShaderRD, variant 5
Loading cache for shader SceneForwardClusteredShaderRD, variant 6
Loading cache for shader SceneForwardClusteredShaderRD, variant 7
Loading cache for shader SceneForwardClusteredShaderRD, variant 8
Loading cache for shader SceneForwardClusteredShaderRD, variant 9
Loading cache for shader SceneForwardClusteredShaderRD, variant 10
Loading cache for shader SceneForwardClusteredShaderRD, variant 11
Loading cache for shader SceneForwardClusteredShaderRD, variant 12
Loading cache for shader SceneForwardClusteredShaderRD, variant 13
Loading cache for shader SceneForwardClusteredShaderRD, variant 14
Loading cache for shader SceneForwardClusteredShaderRD, variant 15
Loading cache for shader SceneForwardClusteredShaderRD, variant 16
Loading cache for shader SceneForwardClusteredShaderRD, variant 17
Loading cache for shader SceneForwardClusteredShaderRD, variant 0
Loading cache for shader SceneForwardClusteredShaderRD, variant 1
Loading cache for shader SceneForwardClusteredShaderRD, variant 2
Loading cache for shader SceneForwardClusteredShaderRD, variant 3
Loading cache for shader SceneForwardClusteredShaderRD, variant 4
Loading cache for shader SceneForwardClusteredShaderRD, variant 5
Loading cache for shader SceneForwardClusteredShaderRD, variant 6
Loading cache for shader SceneForwardClusteredShaderRD, variant 7
Loading cache for shader SceneForwardClusteredShaderRD, variant 8
Loading cache for shader SceneForwardClusteredShaderRD, variant 9
Loading cache for shader SceneForwardClusteredShaderRD, variant 10
Loading cache for shader SceneForwardClusteredShaderRD, variant 11
Loading cache for shader SceneForwardClusteredShaderRD, variant 12
Loading cache for shader SceneForwardClusteredShaderRD, variant 13
Loading cache for shader SceneForwardClusteredShaderRD, variant 14
Loading cache for shader SceneForwardClusteredShaderRD, variant 15
Loading cache for shader SceneForwardClusteredShaderRD, variant 16
Loading cache for shader SceneForwardClusteredShaderRD, variant 17
Loading cache for shader SceneForwardClusteredShaderRD, variant 0
Loading cache for shader SceneForwardClusteredShaderRD, variant 1
Loading cache for shader SceneForwardClusteredShaderRD, variant 2
Loading cache for shader SceneForwardClusteredShaderRD, variant 3
Loading cache for shader SceneForwardClusteredShaderRD, variant 4
Loading cache for shader SceneForwardClusteredShaderRD, variant 5
Loading cache for shader SceneForwardClusteredShaderRD, variant 6
Loading cache for shader SceneForwardClusteredShaderRD, variant 7
Loading cache for shader SceneForwardClusteredShaderRD, variant 8
Loading cache for shader SceneForwardClusteredShaderRD, variant 9
Loading cache for shader SceneForwardClusteredShaderRD, variant 10
Loading cache for shader SceneForwardClusteredShaderRD, variant 11
Loading cache for shader SceneForwardClusteredShaderRD, variant 12
Loading cache for shader SceneForwardClusteredShaderRD, variant 13
Loading cache for shader SceneForwardClusteredShaderRD, variant 14
Loading cache for shader SceneForwardClusteredShaderRD, variant 15
Loading cache for shader SceneForwardClusteredShaderRD, variant 16
Loading cache for shader SceneForwardClusteredShaderRD, variant 17
Loading cache for shader SceneForwardClusteredShaderRD, variant 0
Loading cache for shader SceneForwardClusteredShaderRD, variant 1
Loading cache for shader SceneForwardClusteredShaderRD, variant 2
Loading cache for shader SceneForwardClusteredShaderRD, variant 3
Loading cache for shader SceneForwardClusteredShaderRD, variant 4
Loading cache for shader SceneForwardClusteredShaderRD, variant 5
Loading cache for shader SceneForwardClusteredShaderRD, variant 6
Loading cache for shader SceneForwardClusteredShaderRD, variant 7
Loading cache for shader SceneForwardClusteredShaderRD, variant 8
Loading cache for shader SceneForwardClusteredShaderRD, variant 9
Loading cache for shader SceneForwardClusteredShaderRD, variant 10
Loading cache for shader SceneForwardClusteredShaderRD, variant 11
Loading cache for shader SceneForwardClusteredShaderRD, variant 12
Loading cache for shader SceneForwardClusteredShaderRD, variant 13
Loading cache for shader SceneForwardClusteredShaderRD, variant 14
Loading cache for shader SceneForwardClusteredShaderRD, variant 15
Loading cache for shader SceneForwardClusteredShaderRD, variant 16
Loading cache for shader SceneForwardClusteredShaderRD, variant 17
Loading cache for shader SceneForwardClusteredShaderRD, variant 0
Loading cache for shader SceneForwardClusteredShaderRD, variant 1
Loading cache for shader SceneForwardClusteredShaderRD, variant 2
Loading cache for shader SceneForwardClusteredShaderRD, variant 3
Loading cache for shader SceneForwardClusteredShaderRD, variant 4
Loading cache for shader SceneForwardClusteredShaderRD, variant 5
Loading cache for shader SceneForwardClusteredShaderRD, variant 6
Loading cache for shader SceneForwardClusteredShaderRD, variant 7
Loading cache for shader SceneForwardClusteredShaderRD, variant 8
Loading cache for shader SceneForwardClusteredShaderRD, variant 9
Loading cache for shader SceneForwardClusteredShaderRD, variant 10
Loading cache for shader SceneForwardClusteredShaderRD, variant 11
Loading cache for shader SceneForwardClusteredShaderRD, variant 12
Loading cache for shader SceneForwardClusteredShaderRD, variant 13
Loading cache for shader SceneForwardClusteredShaderRD, variant 14
Loading cache for shader SceneForwardClusteredShaderRD, variant 15
Loading cache for shader SceneForwardClusteredShaderRD, variant 16
Loading cache for shader SceneForwardClusteredShaderRD, variant 17
Loading cache for shader SceneForwardClusteredShaderRD, variant 0
Loading cache for shader SceneForwardClusteredShaderRD, variant 1
Loading cache for shader SceneForwardClusteredShaderRD, variant 2
Loading cache for shader SceneForwardClusteredShaderRD, variant 3
Loading cache for shader SceneForwardClusteredShaderRD, variant 4
Loading cache for shader SceneForwardClusteredShaderRD, variant 5
Loading cache for shader SceneForwardClusteredShaderRD, variant 6
Loading cache for shader SceneForwardClusteredShaderRD, variant 7
Loading cache for shader SceneForwardClusteredShaderRD, variant 8
Loading cache for shader SceneForwardClusteredShaderRD, variant 9
Loading cache for shader SceneForwardClusteredShaderRD, variant 10
Loading cache for shader SceneForwardClusteredShaderRD, variant 11
Loading cache for shader SceneForwardClusteredShaderRD, variant 12
Loading cache for shader SceneForwardClusteredShaderRD, variant 13
Loading cache for shader SceneForwardClusteredShaderRD, variant 14
Loading cache for shader SceneForwardClusteredShaderRD, variant 15
Loading cache for shader SceneForwardClusteredShaderRD, variant 16
Loading cache for shader SceneForwardClusteredShaderRD, variant 17
Loading cache for shader SceneForwardClusteredShaderRD, variant 0
Loading cache for shader SceneForwardClusteredShaderRD, variant 1
Loading cache for shader SceneForwardClusteredShaderRD, variant 2
Loading cache for shader SceneForwardClusteredShaderRD, variant 3
Loading cache for shader SceneForwardClusteredShaderRD, variant 4
Loading cache for shader SceneForwardClusteredShaderRD, variant 5
Loading cache for shader SceneForwardClusteredShaderRD, variant 6
Loading cache for shader SceneForwardClusteredShaderRD, variant 7
Loading cache for shader SceneForwardClusteredShaderRD, variant 8
Loading cache for shader SceneForwardClusteredShaderRD, variant 9
Loading cache for shader SceneForwardClusteredShaderRD, variant 10
Loading cache for shader SceneForwardClusteredShaderRD, variant 11
Loading cache for shader SceneForwardClusteredShaderRD, variant 12
Loading cache for shader SceneForwardClusteredShaderRD, variant 13
Loading cache for shader SceneForwardClusteredShaderRD, variant 14
Loading cache for shader SceneForwardClusteredShaderRD, variant 15
Loading cache for shader SceneForwardClusteredShaderRD, variant 16
Loading cache for shader SceneForwardClusteredShaderRD, variant 17
Loading cache for shader SceneForwardClusteredShaderRD, variant 0
Loading cache for shader SceneForwardClusteredShaderRD, variant 1
Loading cache for shader SceneForwardClusteredShaderRD, variant 2
Loading cache for shader SceneForwardClusteredShaderRD, variant 3
Loading cache for shader SceneForwardClusteredShaderRD, variant 4
Loading cache for shader SceneForwardClusteredShaderRD, variant 5
Loading cache for shader SceneForwardClusteredShaderRD, variant 6
Loading cache for shader SceneForwardClusteredShaderRD, variant 7
Loading cache for shader SceneForwardClusteredShaderRD, variant 8
Loading cache for shader SceneForwardClusteredShaderRD, variant 9
Loading cache for shader SceneForwardClusteredShaderRD, variant 10
Loading cache for shader SceneForwardClusteredShaderRD, variant 11
Loading cache for shader SceneForwardClusteredShaderRD, variant 12
Loading cache for shader SceneForwardClusteredShaderRD, variant 13
Loading cache for shader SceneForwardClusteredShaderRD, variant 14
Loading cache for shader SceneForwardClusteredShaderRD, variant 15
Loading cache for shader SceneForwardClusteredShaderRD, variant 16
Loading cache for shader SceneForwardClusteredShaderRD, variant 17
Loading cache for shader SceneForwardClusteredShaderRD, variant 0
Loading cache for shader SceneForwardClusteredShaderRD, variant 1
Loading cache for shader SceneForwardClusteredShaderRD, variant 2
Loading cache for shader SceneForwardClusteredShaderRD, variant 3
Loading cache for shader SceneForwardClusteredShaderRD, variant 4
Loading cache for shader SceneForwardClusteredShaderRD, variant 5
Loading cache for shader SceneForwardClusteredShaderRD, variant 6
Loading cache for shader SceneForwardClusteredShaderRD, variant 7
Loading cache for shader SceneForwardClusteredShaderRD, variant 8
Loading cache for shader SceneForwardClusteredShaderRD, variant 9
Loading cache for shader SceneForwardClusteredShaderRD, variant 10
Loading cache for shader SceneForwardClusteredShaderRD, variant 11
Loading cache for shader SceneForwardClusteredShaderRD, variant 12
Loading cache for shader SceneForwardClusteredShaderRD, variant 13
Loading cache for shader SceneForwardClusteredShaderRD, variant 14
Loading cache for shader SceneForwardClusteredShaderRD, variant 15
Loading cache for shader SceneForwardClusteredShaderRD, variant 16
Loading cache for shader SceneForwardClusteredShaderRD, variant 17
Loading cache for shader SceneForwardClusteredShaderRD, variant 0
Loading cache for shader SceneForwardClusteredShaderRD, variant 1
Loading cache for shader SceneForwardClusteredShaderRD, variant 2
Loading cache for shader SceneForwardClusteredShaderRD, variant 3
Loading cache for shader SceneForwardClusteredShaderRD, variant 4
Loading cache for shader SceneForwardClusteredShaderRD, variant 5
Loading cache for shader SceneForwardClusteredShaderRD, variant 6
Loading cache for shader SceneForwardClusteredShaderRD, variant 7
Loading cache for shader SceneForwardClusteredShaderRD, variant 8
Loading cache for shader SceneForwardClusteredShaderRD, variant 9
Loading cache for shader SceneForwardClusteredShaderRD, variant 10
Loading cache for shader SceneForwardClusteredShaderRD, variant 11
Loading cache for shader SceneForwardClusteredShaderRD, variant 12
Loading cache for shader SceneForwardClusteredShaderRD, variant 13
Loading cache for shader SceneForwardClusteredShaderRD, variant 14
Loading cache for shader SceneForwardClusteredShaderRD, variant 15
Loading cache for shader SceneForwardClusteredShaderRD, variant 16
Loading cache for shader SceneForwardClusteredShaderRD, variant 17
Loading cache for shader SceneForwardClusteredShaderRD, variant 0
Loading cache for shader SceneForwardClusteredShaderRD, variant 1
Loading cache for shader SceneForwardClusteredShaderRD, variant 2
Loading cache for shader SceneForwardClusteredShaderRD, variant 3
Loading cache for shader SceneForwardClusteredShaderRD, variant 4
Loading cache for shader SceneForwardClusteredShaderRD, variant 5
Loading cache for shader SceneForwardClusteredShaderRD, variant 6
Loading cache for shader SceneForwardClusteredShaderRD, variant 7
Loading cache for shader SceneForwardClusteredShaderRD, variant 8
Loading cache for shader SceneForwardClusteredShaderRD, variant 9
Loading cache for shader SceneForwardClusteredShaderRD, variant 10
Loading cache for shader SceneForwardClusteredShaderRD, variant 11
Loading cache for shader SceneForwardClusteredShaderRD, variant 12
Loading cache for shader SceneForwardClusteredShaderRD, variant 13
Loading cache for shader SceneForwardClusteredShaderRD, variant 14
Loading cache for shader SceneForwardClusteredShaderRD, variant 15
Loading cache for shader SceneForwardClusteredShaderRD, variant 16
Loading cache for shader SceneForwardClusteredShaderRD, variant 17
Loading cache for shader SceneForwardClusteredShaderRD, variant 0
Loading cache for shader SceneForwardClusteredShaderRD, variant 1
Loading cache for shader SceneForwardClusteredShaderRD, variant 2
Loading cache for shader SceneForwardClusteredShaderRD, variant 3
Loading cache for shader SceneForwardClusteredShaderRD, variant 4
Loading cache for shader SceneForwardClusteredShaderRD, variant 5
Loading cache for shader SceneForwardClusteredShaderRD, variant 6
Loading cache for shader SceneForwardClusteredShaderRD, variant 7
Loading cache for shader SceneForwardClusteredShaderRD, variant 8
Loading cache for shader SceneForwardClusteredShaderRD, variant 9
Loading cache for shader SceneForwardClusteredShaderRD, variant 10
Loading cache for shader SceneForwardClusteredShaderRD, variant 11
Loading cache for shader SceneForwardClusteredShaderRD, variant 12
Loading cache for shader SceneForwardClusteredShaderRD, variant 13
Loading cache for shader SceneForwardClusteredShaderRD, variant 14
Loading cache for shader SceneForwardClusteredShaderRD, variant 15
Loading cache for shader SceneForwardClusteredShaderRD, variant 16
Loading cache for shader SceneForwardClusteredShaderRD, variant 17
Loading cache for shader SceneForwardClusteredShaderRD, variant 0
Loading cache for shader SceneForwardClusteredShaderRD, variant 1
Loading cache for shader SceneForwardClusteredShaderRD, variant 2
Loading cache for shader SceneForwardClusteredShaderRD, variant 3
Loading cache for shader SceneForwardClusteredShaderRD, variant 4
Loading cache for shader SceneForwardClusteredShaderRD, variant 5
Loading cache for shader SceneForwardClusteredShaderRD, variant 6
Loading cache for shader SceneForwardClusteredShaderRD, variant 7
Loading cache for shader SceneForwardClusteredShaderRD, variant 8
Loading cache for shader SceneForwardClusteredShaderRD, variant 9
Loading cache for shader SceneForwardClusteredShaderRD, variant 10
Loading cache for shader SceneForwardClusteredShaderRD, variant 11
Loading cache for shader SceneForwardClusteredShaderRD, variant 12
Loading cache for shader SceneForwardClusteredShaderRD, variant 13
Loading cache for shader SceneForwardClusteredShaderRD, variant 14
Loading cache for shader SceneForwardClusteredShaderRD, variant 15
Loading cache for shader SceneForwardClusteredShaderRD, variant 16
Loading cache for shader SceneForwardClusteredShaderRD, variant 17
Loading cache for shader SceneForwardClusteredShaderRD, variant 0
Loading cache for shader SceneForwardClusteredShaderRD, variant 1
Loading cache for shader SceneForwardClusteredShaderRD, variant 2
Loading cache for shader SceneForwardClusteredShaderRD, variant 3
Loading cache for shader SceneForwardClusteredShaderRD, variant 4
Loading cache for shader SceneForwardClusteredShaderRD, variant 5
Loading cache for shader SceneForwardClusteredShaderRD, variant 6
Loading cache for shader SceneForwardClusteredShaderRD, variant 7
Loading cache for shader SceneForwardClusteredShaderRD, variant 8
Loading cache for shader SceneForwardClusteredShaderRD, variant 9
Loading cache for shader SceneForwardClusteredShaderRD, variant 10
Loading cache for shader SceneForwardClusteredShaderRD, variant 11
Loading cache for shader SceneForwardClusteredShaderRD, variant 12
Loading cache for shader SceneForwardClusteredShaderRD, variant 13
Loading cache for shader SceneForwardClusteredShaderRD, variant 14
Loading cache for shader SceneForwardClusteredShaderRD, variant 15
Loading cache for shader SceneForwardClusteredShaderRD, variant 16
Loading cache for shader SceneForwardClusteredShaderRD, variant 17
Loading cache for shader SceneForwardClusteredShaderRD, variant 0
Loading cache for shader SceneForwardClusteredShaderRD, variant 1
Loading cache for shader SceneForwardClusteredShaderRD, variant 2
Loading cache for shader SceneForwardClusteredShaderRD, variant 3
Loading cache for shader SceneForwardClusteredShaderRD, variant 4
Loading cache for shader SceneForwardClusteredShaderRD, variant 5
Loading cache for shader SceneForwardClusteredShaderRD, variant 6
Loading cache for shader SceneForwardClusteredShaderRD, variant 7
Loading cache for shader SceneForwardClusteredShaderRD, variant 8
Loading cache for shader SceneForwardClusteredShaderRD, variant 9
Loading cache for shader SceneForwardClusteredShaderRD, variant 10
Loading cache for shader SceneForwardClusteredShaderRD, variant 11
Loading cache for shader SceneForwardClusteredShaderRD, variant 12
Loading cache for shader SceneForwardClusteredShaderRD, variant 13
Loading cache for shader SceneForwardClusteredShaderRD, variant 14
Loading cache for shader SceneForwardClusteredShaderRD, variant 15
Loading cache for shader SceneForwardClusteredShaderRD, variant 16
Loading cache for shader SceneForwardClusteredShaderRD, variant 17
Loading cache for shader SceneForwardClusteredShaderRD, variant 0
Loading cache for shader SceneForwardClusteredShaderRD, variant 1
Loading cache for shader SceneForwardClusteredShaderRD, variant 2
Loading cache for shader SceneForwardClusteredShaderRD, variant 3
Loading cache for shader SceneForwardClusteredShaderRD, variant 4
Loading cache for shader SceneForwardClusteredShaderRD, variant 5
Loading cache for shader SceneForwardClusteredShaderRD, variant 6
Loading cache for shader SceneForwardClusteredShaderRD, variant 7
Loading cache for shader SceneForwardClusteredShaderRD, variant 8
Loading cache for shader SceneForwardClusteredShaderRD, variant 9
Loading cache for shader SceneForwardClusteredShaderRD, variant 10
Loading cache for shader SceneForwardClusteredShaderRD, variant 11
Loading cache for shader SceneForwardClusteredShaderRD, variant 12
Loading cache for shader SceneForwardClusteredShaderRD, variant 13
Loading cache for shader SceneForwardClusteredShaderRD, variant 14
Loading cache for shader SceneForwardClusteredShaderRD, variant 15
Loading cache for shader SceneForwardClusteredShaderRD, variant 16
Loading cache for shader SceneForwardClusteredShaderRD, variant 17
Loading cache for shader SceneForwardClusteredShaderRD, variant 0
Loading cache for shader SceneForwardClusteredShaderRD, variant 1
Loading cache for shader SceneForwardClusteredShaderRD, variant 2
Loading cache for shader SceneForwardClusteredShaderRD, variant 3
Loading cache for shader SceneForwardClusteredShaderRD, variant 4
Loading cache for shader SceneForwardClusteredShaderRD, variant 5
Loading cache for shader SceneForwardClusteredShaderRD, variant 6
Loading cache for shader SceneForwardClusteredShaderRD, variant 7
Loading cache for shader SceneForwardClusteredShaderRD, variant 8
Loading cache for shader SceneForwardClusteredShaderRD, variant 9
Loading cache for shader SceneForwardClusteredShaderRD, variant 10
Loading cache for shader SceneForwardClusteredShaderRD, variant 11
Loading cache for shader SceneForwardClusteredShaderRD, variant 12
Loading cache for shader SceneForwardClusteredShaderRD, variant 13
Loading cache for shader SceneForwardClusteredShaderRD, variant 14
Loading cache for shader SceneForwardClusteredShaderRD, variant 15
Loading cache for shader SceneForwardClusteredShaderRD, variant 16
Loading cache for shader SceneForwardClusteredShaderRD, variant 17
Loading cache for shader SceneForwardClusteredShaderRD, variant 0
Loading cache for shader SceneForwardClusteredShaderRD, variant 1
Loading cache for shader SceneForwardClusteredShaderRD, variant 2
Loading cache for shader SceneForwardClusteredShaderRD, variant 3
Loading cache for shader SceneForwardClusteredShaderRD, variant 4
Loading cache for shader SceneForwardClusteredShaderRD, variant 5
Loading cache for shader SceneForwardClusteredShaderRD, variant 6
Loading cache for shader SceneForwardClusteredShaderRD, variant 7
Loading cache for shader SceneForwardClusteredShaderRD, variant 8
Loading cache for shader SceneForwardClusteredShaderRD, variant 9
Loading cache for shader SceneForwardClusteredShaderRD, variant 10
Loading cache for shader SceneForwardClusteredShaderRD, variant 11
Loading cache for shader SceneForwardClusteredShaderRD, variant 12
Loading cache for shader SceneForwardClusteredShaderRD, variant 13
Loading cache for shader SceneForwardClusteredShaderRD, variant 14
Loading cache for shader SceneForwardClusteredShaderRD, variant 15
Loading cache for shader SceneForwardClusteredShaderRD, variant 16
Loading cache for shader SceneForwardClusteredShaderRD, variant 17
[mvk-info] Created 3 swapchain images with size (3024, 1890) and contents scale 2.0 in layer CAMetalLayer: GodotContentView (0x7fe908328f80) on screen Built-in Retina Display.
⚠️ SLOW FRAME 15.4ms: building=0.9 road=13.2 terrain=0.5 infra=0.7 veg=0.0 curb=0.0ms
OSM DEBUG: Chunks loaded 16/16, but queues not empty:
  - _building_results: 174
  - _road_queue: 422
  - _terrain_objects_queue: 93
  - _infrastructure_queue: 175
  - _pending_building_tasks: 0
OSM: DEBUG _add_road_to_batch - first road for chunk '-2,-1', parent.name='Chunk_-2,-1'
⚠️ SLOW FRAME 13.0ms: building=1.0 road=10.6 terrain=0.7 infra=0.8 veg=0.0 curb=0.0ms
OSM DEBUG: Chunks loaded 16/16, but queues not empty:
  - _building_results: 173
  - _road_queue: 421
  - _terrain_objects_queue: 91
  - _infrastructure_queue: 174
  - _pending_building_tasks: 0
Loading cache for shader SceneForwardClusteredShaderRD, variant 0
Loading cache for shader SceneForwardClusteredShaderRD, variant 1
Loading cache for shader SceneForwardClusteredShaderRD, variant 2
Loading cache for shader SceneForwardClusteredShaderRD, variant 3
Loading cache for shader SceneForwardClusteredShaderRD, variant 4
Loading cache for shader SceneForwardClusteredShaderRD, variant 5
Loading cache for shader SceneForwardClusteredShaderRD, variant 6
Loading cache for shader SceneForwardClusteredShaderRD, variant 7
Loading cache for shader SceneForwardClusteredShaderRD, variant 0
Loading cache for shader SceneForwardClusteredShaderRD, variant 1
Loading cache for shader SceneForwardClusteredShaderRD, variant 2
Loading cache for shader SceneForwardClusteredShaderRD, variant 3
Loading cache for shader SceneForwardClusteredShaderRD, variant 4
Loading cache for shader SceneForwardClusteredShaderRD, variant 5
Loading cache for shader SceneForwardClusteredShaderRD, variant 6
Loading cache for shader SceneForwardClusteredShaderRD, variant 7
Loading cache for shader SceneForwardClusteredShaderRD, variant 8
Loading cache for shader SceneForwardClusteredShaderRD, variant 9
Loading cache for shader SceneForwardClusteredShaderRD, variant 10
Loading cache for shader SceneForwardClusteredShaderRD, variant 11
Loading cache for shader SceneForwardClusteredShaderRD, variant 12
Loading cache for shader SceneForwardClusteredShaderRD, variant 13
Loading cache for shader SceneForwardClusteredShaderRD, variant 14
Loading cache for shader SceneForwardClusteredShaderRD, variant 15
Loading cache for shader SceneForwardClusteredShaderRD, variant 16
Loading cache for shader SceneForwardClusteredShaderRD, variant 17
OSM: DEBUG _add_road_to_batch - first road for chunk '0,-2', parent.name='Chunk_0,-2'
OSM: DEBUG _add_road_to_batch - first road for chunk '-1,-2', parent.name='Chunk_-1,-2'
OSM DEBUG: Chunks loaded 16/16, but queues not empty:
  - _building_results: 172
  - _road_queue: 385
  - _terrain_objects_queue: 89
  - _infrastructure_queue: 173
  - _pending_building_tasks: 0
OSM DEBUG: Chunks loaded 16/16, but queues not empty:
  - _building_results: 171
  - _road_queue: 366
  - _terrain_objects_queue: 87
  - _infrastructure_queue: 172
  - _pending_building_tasks: 0
OSM DEBUG: Chunks loaded 16/16, but queues not empty:
  - _building_results: 170
  - _road_queue: 356
  - _terrain_objects_queue: 85
  - _infrastructure_queue: 171
  - _pending_building_tasks: 0
⚠️ SLOW FRAME 10.4ms: building=0.9 road=7.9 terrain=0.6 infra=1.0 veg=0.0 curb=0.0ms
OSM DEBUG: Chunks loaded 16/16, but queues not empty:
  - _building_results: 169
  - _road_queue: 345
  - _terrain_objects_queue: 83
  - _infrastructure_queue: 170
  - _pending_building_tasks: 0
OSM: DEBUG _add_road_to_batch - first road for chunk '-2,0', parent.name='Chunk_-2,0'
OSM DEBUG: Chunks loaded 16/16, but queues not empty:
  - _building_results: 168
  - _road_queue: 312
  - _terrain_objects_queue: 81
  - _infrastructure_queue: 169
  - _pending_building_tasks: 0
OSM: DEBUG _add_road_to_batch - first road for chunk '1,-1', parent.name='Chunk_1,-1'
OSM DEBUG: Chunks loaded 16/16, but queues not empty:
  - _building_results: 167
  - _road_queue: 289
  - _terrain_objects_queue: 79
  - _infrastructure_queue: 168
  - _pending_building_tasks: 0
OSM DEBUG: Chunks loaded 16/16, but queues not empty:
  - _building_results: 166
  - _road_queue: 278
  - _terrain_objects_queue: 77
  - _infrastructure_queue: 167
  - _pending_building_tasks: 0
OSM: DEBUG _add_road_to_batch - first road for chunk '1,0', parent.name='Chunk_1,0'
OSM: DEBUG _add_road_to_batch - first road for chunk '1,-2', parent.name='Chunk_1,-2'
OSM: DEBUG _add_road_to_batch - first road for chunk '-2,-2', parent.name='Chunk_-2,-2'
OSM DEBUG: Chunks loaded 16/16, but queues not empty:
  - _building_results: 165
  - _road_queue: 237
  - _terrain_objects_queue: 75
  - _infrastructure_queue: 166
  - _pending_building_tasks: 0
OSM DEBUG: Chunks loaded 16/16, but queues not empty:
  - _building_results: 164
  - _road_queue: 218
  - _terrain_objects_queue: 73
  - _infrastructure_queue: 165
  - _pending_building_tasks: 0
OSM DEBUG: Chunks loaded 16/16, but queues not empty:
  - _building_results: 163
  - _road_queue: 204
  - _terrain_objects_queue: 71
  - _infrastructure_queue: 164
  - _pending_building_tasks: 0
OSM DEBUG: Chunks loaded 16/16, but queues not empty:
  - _building_results: 162
  - _road_queue: 174
  - _terrain_objects_queue: 69
  - _infrastructure_queue: 163
  - _pending_building_tasks: 0
OSM DEBUG: Chunks loaded 16/16, but queues not empty:
  - _building_results: 161
  - _road_queue: 108
  - _terrain_objects_queue: 67
  - _infrastructure_queue: 162
  - _pending_building_tasks: 0
OSM DEBUG: Chunks loaded 16/16, but queues not empty:
  - _building_results: 160
  - _road_queue: 78
  - _terrain_objects_queue: 65
  - _infrastructure_queue: 161
  - _pending_building_tasks: 0
2026-01-31 07:12:45.738 Godot[68946:2120126] +[IMKInputSession subclass]: chose IMKInputSession_Modern
OSM DEBUG: Chunks loaded 16/16, but queues not empty:
  - _building_results: 159
  - _road_queue: 57
  - _terrain_objects_queue: 63
  - _infrastructure_queue: 160
  - _pending_building_tasks: 0
[mvk-info] Created 3 swapchain images with size (3024, 1890) and contents scale 2.0 in layer CAMetalLayer: GodotContentView (0x7fe908328f80) on screen Built-in Retina Display.
OSM DEBUG: Chunks loaded 16/16, but queues not empty:
  - _building_results: 158
  - _road_queue: 19
  - _terrain_objects_queue: 61
  - _infrastructure_queue: 159
  - _pending_building_tasks: 0
OSM: DEBUG _add_road_to_batch - first road for chunk '0,1', parent.name='Chunk_0,1'
OSM DEBUG: Chunks loaded 16/16, but queues not empty:
  - _building_results: 157
  - _road_queue: 6
  - _terrain_objects_queue: 59
  - _infrastructure_queue: 158
  - _pending_building_tasks: 0
⚠️ SLOW FRAME 13.2ms: building=0.8 road=11.2 terrain=0.5 infra=0.7 veg=0.0 curb=0.0ms
OSM DEBUG: Chunks loaded 16/16, but queues not empty:
  - _building_results: 156
  - _road_queue: 1
  - _terrain_objects_queue: 57
  - _infrastructure_queue: 157
  - _pending_building_tasks: 0
⚠️ SLOW FRAME 12.3ms: building=1.0 road=10.0 terrain=0.5 infra=0.8 veg=0.0 curb=0.0ms
OSM DEBUG: Chunks loaded 16/16, but queues not empty:
  - _building_results: 155
  - _road_queue: 0
  - _terrain_objects_queue: 55
  - _infrastructure_queue: 156
  - _pending_building_tasks: 0
🔴 FREEZE: road collision shape creation took 18.8 ms for chunk -2,-2 (type: residential)
OSM: ✅ Finalized road batch -2,-2/residential: 1688 vertices, 1638 triangles, material: <ImageTexture#-9223371972648368119>
OSM: ✅ Finalized road batch -2,-2/path: 494 vertices, 466 triangles, material: <ImageTexture#-9223371972547704822>
⚠️ SLOW: road batch finalization took 21.1 ms for chunk -2,-2
⚠️ SLOW FRAME 23.0ms: building=0.8 road=21.1 terrain=0.4 infra=0.7 veg=0.0 curb=0.0ms
OSM DEBUG: Chunks loaded 16/16, but queues not empty:
  - _building_results: 154
  - _road_queue: 0
  - _terrain_objects_queue: 53
  - _infrastructure_queue: 155
  - _pending_building_tasks: 0
🔴 FREEZE: road collision shape creation took 15.0 ms for chunk -2,-1 (type: primary)
OSM: ✅ Finalized road batch -2,-1/primary: 962 vertices, 958 triangles, material: <ImageTexture#-9223371972749031416>
OSM: ✅ Finalized road batch -2,-1/residential: 390 vertices, 372 triangles, material: <ImageTexture#-9223371972648368119>
OSM: ✅ Finalized road batch -2,-1/path: 1904 vertices, 1866 triangles, material: <ImageTexture#-9223371972547704822>
⚠️ SLOW: road batch finalization took 21.6 ms for chunk -2,-1
⚠️ SLOW FRAME 23.6ms: building=0.8 road=21.7 terrain=0.4 infra=0.7 veg=0.0 curb=0.0ms
OSM DEBUG: Chunks loaded 16/16, but queues not empty:
  - _building_results: 153
  - _road_queue: 0
  - _terrain_objects_queue: 51
  - _infrastructure_queue: 154
  - _pending_building_tasks: 0
🔴 FREEZE: road collision shape creation took 16.5 ms for chunk -2,0 (type: residential)
OSM: ✅ Finalized road batch -2,0/residential: 386 vertices, 376 triangles, material: <ImageTexture#-9223371972648368119>
OSM: ✅ Finalized road batch -2,0/path: 1336 vertices, 1320 triangles, material: <ImageTexture#-9223371972547704822>
⚠️ SLOW: road batch finalization took 20.1 ms for chunk -2,0
⚠️ SLOW FRAME 21.9ms: building=0.8 road=20.1 terrain=0.4 infra=0.6 veg=0.0 curb=0.0ms
OSM DEBUG: Chunks loaded 16/16, but queues not empty:
  - _building_results: 152
  - _road_queue: 0
  - _terrain_objects_queue: 49
  - _infrastructure_queue: 153
  - _pending_building_tasks: 0
⚠️ SLOW FRAME 22.3ms: building=0.9 road=0.0 terrain=1.3 infra=0.6 veg=19.5 curb=0.0ms
OSM DEBUG: Chunks loaded 16/16, but queues not empty:
  - _building_results: 151
  - _road_queue: 0
  - _terrain_objects_queue: 47
  - _infrastructure_queue: 152
  - _pending_building_tasks: 0
[mvk-info] Created 3 swapchain images with size (3024, 1890) and contents scale 2.0 in layer CAMetalLayer: GodotContentView (0x7fe908328f80) on screen Built-in Retina Display.
OSM: ✅ Finalized road batch -1,-2/path: 522 vertices, 500 triangles, material: <ImageTexture#-9223371972547704822>
OSM: ✅ Finalized road batch -1,-2/residential: 1384 vertices, 1340 triangles, material: <ImageTexture#-9223371972648368119>
OSM DEBUG: Chunks loaded 16/16, but queues not empty:
  - _building_results: 150
  - _road_queue: 0
  - _terrain_objects_queue: 45
  - _infrastructure_queue: 151
  - _pending_building_tasks: 0
🔴 FREEZE: road collision shape creation took 31.0 ms for chunk -1,-1 (type: path)
OSM: ✅ Finalized road batch -1,-1/path: 1720 vertices, 1672 triangles, material: <ImageTexture#-9223371972547704822>
OSM: ✅ Finalized road batch -1,-1/primary: 1152 vertices, 1144 triangles, material: <ImageTexture#-9223371972749031416>
OSM: ✅ Finalized road batch -1,-1/residential: 1666 vertices, 1612 triangles, material: <ImageTexture#-9223371972648368119>
⚠️ SLOW: road batch finalization took 37.9 ms for chunk -1,-1
⚠️ SLOW FRAME 39.7ms: building=0.8 road=38.0 terrain=0.4 infra=0.6 veg=0.0 curb=0.0ms
OSM DEBUG: Chunks loaded 16/16, but queues not empty:
  - _building_results: 149
  - _road_queue: 0
  - _terrain_objects_queue: 43
  - _infrastructure_queue: 150
  - _pending_building_tasks: 0
🔴 FREEZE: road collision shape creation took 12.8 ms for chunk -1,0 (type: path)
OSM: ✅ Finalized road batch -1,0/path: 246 vertices, 234 triangles, material: <ImageTexture#-9223371972547704822>
OSM: ✅ Finalized road batch -1,0/residential: 928 vertices, 900 triangles, material: <ImageTexture#-9223371972648368119>
⚠️ SLOW: road batch finalization took 15.4 ms for chunk -1,0
⚠️ SLOW FRAME 17.3ms: building=0.8 road=15.4 terrain=0.4 infra=0.7 veg=0.0 curb=0.0ms
OSM DEBUG: Chunks loaded 16/16, but queues not empty:
  - _building_results: 148
  - _road_queue: 0
  - _terrain_objects_queue: 41
  - _infrastructure_queue: 149
  - _pending_building_tasks: 0
OSM DEBUG: Chunks loaded 16/16, but queues not empty:
  - _building_results: 147
  - _road_queue: 0
  - _terrain_objects_queue: 39
  - _infrastructure_queue: 148
  - _pending_building_tasks: 0
🔴 FREEZE: road collision shape creation took 15.2 ms for chunk 0,-2 (type: path)
OSM: ✅ Finalized road batch 0,-2/path: 1494 vertices, 1434 triangles, material: <ImageTexture#-9223371972547704822>
OSM: ✅ Finalized road batch 0,-2/residential: 2208 vertices, 2158 triangles, material: <ImageTexture#-9223371972648368119>
OSM: ✅ Finalized road batch 0,-2/primary: 362 vertices, 354 triangles, material: <ImageTexture#-9223371972749031416>
⚠️ SLOW: road batch finalization took 22.4 ms for chunk 0,-2
⚠️ SLOW FRAME 24.4ms: building=0.9 road=22.4 terrain=0.4 infra=0.6 veg=0.0 curb=0.0ms
OSM DEBUG: Chunks loaded 16/16, but queues not empty:
  - _building_results: 146
  - _road_queue: 0
  - _terrain_objects_queue: 37
  - _infrastructure_queue: 147
  - _pending_building_tasks: 0
🔴 FREEZE: road collision shape creation took 15.6 ms for chunk 0,-1 (type: path)
OSM: ✅ Finalized road batch 0,-1/path: 2306 vertices, 2236 triangles, material: <ImageTexture#-9223371972547704822>
OSM: ✅ Finalized road batch 0,-1/primary: 1070 vertices, 1046 triangles, material: <ImageTexture#-9223371972749031416>
OSM: ✅ Finalized road batch 0,-1/residential: 1164 vertices, 1136 triangles, material: <ImageTexture#-9223371972648368119>
⚠️ SLOW: road batch finalization took 21.5 ms for chunk 0,-1
⚠️ SLOW FRAME 23.7ms: building=0.9 road=21.6 terrain=0.4 infra=0.9 veg=0.0 curb=0.0ms
OSM DEBUG: Chunks loaded 16/16, but queues not empty:
  - _building_results: 145
  - _road_queue: 0
  - _terrain_objects_queue: 35
  - _infrastructure_queue: 146
  - _pending_building_tasks: 0
🔴 FREEZE: road collision shape creation took 18.1 ms for chunk 0,0 (type: path)
OSM: ✅ Finalized road batch 0,0/path: 1540 vertices, 1486 triangles, material: <ImageTexture#-9223371972547704822>
OSM: ✅ Finalized road batch 0,0/primary: 446 vertices, 432 triangles, material: <ImageTexture#-9223371972749031416>
OSM: ✅ Finalized road batch 0,0/residential: 336 vertices, 320 triangles, material: <ImageTexture#-9223371972648368119>
⚠️ SLOW: road batch finalization took 21.7 ms for chunk 0,0
⚠️ SLOW FRAME 23.9ms: building=0.9 road=21.8 terrain=0.4 infra=0.9 veg=0.0 curb=0.0ms
OSM DEBUG: Chunks loaded 16/16, but queues not empty:
  - _building_results: 144
  - _road_queue: 0
  - _terrain_objects_queue: 33
  - _infrastructure_queue: 145
  - _pending_building_tasks: 0
🔴 FREEZE: road collision shape creation took 14.7 ms for chunk 0,1 (type: path)
OSM: ✅ Finalized road batch 0,1/path: 156 vertices, 154 triangles, material: <ImageTexture#-9223371972547704822>
⚠️ SLOW: road batch finalization took 15.0 ms for chunk 0,1
⚠️ SLOW FRAME 16.9ms: building=0.8 road=15.0 terrain=0.4 infra=0.6 veg=0.0 curb=0.0ms
OSM DEBUG: Chunks loaded 16/16, but queues not empty:
  - _building_results: 143
  - _road_queue: 0
  - _terrain_objects_queue: 31
  - _infrastructure_queue: 144
  - _pending_building_tasks: 0
🔴 FREEZE: road collision shape creation took 25.2 ms for chunk 1,-2 (type: residential)
OSM: ✅ Finalized road batch 1,-2/residential: 2176 vertices, 2108 triangles, material: <ImageTexture#-9223371972648368119>
OSM: ✅ Finalized road batch 1,-2/path: 916 vertices, 880 triangles, material: <ImageTexture#-9223371972547704822>
⚠️ SLOW: road batch finalization took 28.1 ms for chunk 1,-2
⚠️ SLOW FRAME 30.1ms: building=0.9 road=28.2 terrain=0.3 infra=0.6 veg=0.0 curb=0.0ms
OSM DEBUG: Chunks loaded 16/16, but queues not empty:
  - _building_results: 142
  - _road_queue: 0
  - _terrain_objects_queue: 29
  - _infrastructure_queue: 143
  - _pending_building_tasks: 0
=== PAZ Model Meshes Debug ===
Total meshes found: 1
  - Mesh: bus_low_Material_006_0 (MeshInstance3D)
PAZ-32053 model setup complete
🔴 FREEZE: road collision shape creation took 13.2 ms for chunk 1,-1 (type: residential)
OSM: ✅ Finalized road batch 1,-1/residential: 2006 vertices, 1930 triangles, material: <ImageTexture#-9223371972648368119>
OSM: ✅ Finalized road batch 1,-1/path: 840 vertices, 818 triangles, material: <ImageTexture#-9223371972547704822>
OSM: ✅ Finalized road batch 1,-1/primary: 254 vertices, 250 triangles, material: <ImageTexture#-9223371972749031416>
⚠️ SLOW: road batch finalization took 16.9 ms for chunk 1,-1
⚠️ SLOW FRAME 18.7ms: building=0.8 road=17.0 terrain=0.3 infra=0.6 veg=0.0 curb=0.0ms
OSM DEBUG: Chunks loaded 16/16, but queues not empty:
  - _building_results: 141
  - _road_queue: 0
  - _terrain_objects_queue: 27
  - _infrastructure_queue: 142
  - _pending_building_tasks: 0
🔴 FREEZE: road collision shape creation took 12.4 ms for chunk 1,0 (type: path)
OSM: ✅ Finalized road batch 1,0/path: 398 vertices, 394 triangles, material: <ImageTexture#-9223371972547704822>
⚠️ SLOW: road batch finalization took 12.7 ms for chunk 1,0
⚠️ SLOW FRAME 15.2ms: building=0.8 road=12.7 terrain=1.0 infra=0.7 veg=0.0 curb=0.0ms
OSM DEBUG: Chunks loaded 16/16, but queues not empty:
  - _building_results: 140
  - _road_queue: 0
  - _terrain_objects_queue: 25
  - _infrastructure_queue: 141
  - _pending_building_tasks: 0
OSM DEBUG: Chunks loaded 16/16, but queues not empty:
  - _building_results: 139
  - _road_queue: 0
  - _terrain_objects_queue: 23
  - _infrastructure_queue: 140
  - _pending_building_tasks: 0
Loading cache for shader SceneForwardClusteredShaderRD, variant 0
Loading cache for shader SceneForwardClusteredShaderRD, variant 1
Loading cache for shader SceneForwardClusteredShaderRD, variant 2
Loading cache for shader SceneForwardClusteredShaderRD, variant 3
Loading cache for shader SceneForwardClusteredShaderRD, variant 4
Loading cache for shader SceneForwardClusteredShaderRD, variant 5
Loading cache for shader SceneForwardClusteredShaderRD, variant 6
Loading cache for shader SceneForwardClusteredShaderRD, variant 7
Loading cache for shader SceneForwardClusteredShaderRD, variant 0
Loading cache for shader SceneForwardClusteredShaderRD, variant 1
Loading cache for shader SceneForwardClusteredShaderRD, variant 2
Loading cache for shader SceneForwardClusteredShaderRD, variant 3
Loading cache for shader SceneForwardClusteredShaderRD, variant 4
Loading cache for shader SceneForwardClusteredShaderRD, variant 5
Loading cache for shader SceneForwardClusteredShaderRD, variant 6
Loading cache for shader SceneForwardClusteredShaderRD, variant 7
Loading cache for shader SceneForwardClusteredShaderRD, variant 8
Loading cache for shader SceneForwardClusteredShaderRD, variant 9
Loading cache for shader SceneForwardClusteredShaderRD, variant 10
Loading cache for shader SceneForwardClusteredShaderRD, variant 11
Loading cache for shader SceneForwardClusteredShaderRD, variant 12
Loading cache for shader SceneForwardClusteredShaderRD, variant 13
Loading cache for shader SceneForwardClusteredShaderRD, variant 14
Loading cache for shader SceneForwardClusteredShaderRD, variant 15
Loading cache for shader SceneForwardClusteredShaderRD, variant 16
Loading cache for shader SceneForwardClusteredShaderRD, variant 17
⚠️ SLOW FRAME 14.7ms: building=0.9 road=12.2 terrain=0.4 infra=0.8 veg=0.0 curb=0.3ms
OSM DEBUG: Chunks loaded 16/16, but queues not empty:
  - _building_results: 138
  - _road_queue: 0
  - _terrain_objects_queue: 21
  - _infrastructure_queue: 139
  - _pending_building_tasks: 0
OSM DEBUG: Chunks loaded 16/16, but queues not empty:
  - _building_results: 137
  - _road_queue: 0
  - _terrain_objects_queue: 19
  - _infrastructure_queue: 138
  - _pending_building_tasks: 0
⚠️ SLOW FRAME 14.6ms: building=0.8 road=0.4 terrain=10.8 infra=0.6 veg=2.0 curb=0.0ms
OSM DEBUG: Chunks loaded 16/16, but queues not empty:
  - _building_results: 136
  - _road_queue: 0
  - _terrain_objects_queue: 17
  - _infrastructure_queue: 137
  - _pending_building_tasks: 0
⚠️ SLOW FRAME 16.0ms: building=0.8 road=1.1 terrain=12.9 infra=0.6 veg=0.0 curb=0.5ms
OSM DEBUG: Chunks loaded 16/16, but queues not empty:
  - _building_results: 135
  - _road_queue: 0
  - _terrain_objects_queue: 15
  - _infrastructure_queue: 136
  - _pending_building_tasks: 0
⚠️ SLOW FRAME 12.5ms: building=0.8 road=1.1 terrain=9.6 infra=0.6 veg=0.0 curb=0.4ms
OSM DEBUG: Chunks loaded 16/16, but queues not empty:
  - _building_results: 134
  - _road_queue: 0
  - _terrain_objects_queue: 13
  - _infrastructure_queue: 135
  - _pending_building_tasks: 0
OSM DEBUG: Chunks loaded 16/16, but queues not empty:
  - _building_results: 133
  - _road_queue: 0
  - _terrain_objects_queue: 11
  - _infrastructure_queue: 134
  - _pending_building_tasks: 0
OSM DEBUG: Chunks loaded 16/16, but queues not empty:
  - _building_results: 132
  - _road_queue: 0
  - _terrain_objects_queue: 9
  - _infrastructure_queue: 133
  - _pending_building_tasks: 0
OSM DEBUG: Chunks loaded 16/16, but queues not empty:
  - _building_results: 131
  - _road_queue: 0
  - _terrain_objects_queue: 7
  - _infrastructure_queue: 132
  - _pending_building_tasks: 0
OSM DEBUG: Chunks loaded 16/16, but queues not empty:
  - _building_results: 130
  - _road_queue: 0
  - _terrain_objects_queue: 5
  - _infrastructure_queue: 131
  - _pending_building_tasks: 0
OSM DEBUG: Chunks loaded 16/16, but queues not empty:
  - _building_results: 129
  - _road_queue: 0
  - _terrain_objects_queue: 3
  - _infrastructure_queue: 130
  - _pending_building_tasks: 0
OSM DEBUG: Chunks loaded 16/16, but queues not empty:
  - _building_results: 128
  - _road_queue: 0
  - _terrain_objects_queue: 1
  - _infrastructure_queue: 129
  - _pending_building_tasks: 0
OSM DEBUG: Chunks loaded 16/16, but queues not empty:
  - _building_results: 127
  - _road_queue: 0
  - _terrain_objects_queue: 0
  - _infrastructure_queue: 128
  - _pending_building_tasks: 0
OSM DEBUG: Chunks loaded 16/16, but queues not empty:
  - _building_results: 126
  - _road_queue: 0
  - _terrain_objects_queue: 0
  - _infrastructure_queue: 127
  - _pending_building_tasks: 0
OSM DEBUG: Chunks loaded 16/16, but queues not empty:
  - _building_results: 125
  - _road_queue: 0
  - _terrain_objects_queue: 0
  - _infrastructure_queue: 126
  - _pending_building_tasks: 0
OSM DEBUG: Chunks loaded 16/16, but queues not empty:
  - _building_results: 124
  - _road_queue: 0
  - _terrain_objects_queue: 0
  - _infrastructure_queue: 125
  - _pending_building_tasks: 0
OSM DEBUG: Chunks loaded 16/16, but queues not empty:
  - _building_results: 123
  - _road_queue: 0
  - _terrain_objects_queue: 0
  - _infrastructure_queue: 124
  - _pending_building_tasks: 0
OSM DEBUG: Chunks loaded 16/16, but queues not empty:
  - _building_results: 122
  - _road_queue: 0
  - _terrain_objects_queue: 0
  - _infrastructure_queue: 123
  - _pending_building_tasks: 0
OSM DEBUG: Chunks loaded 16/16, but queues not empty:
  - _building_results: 121
  - _road_queue: 0
  - _terrain_objects_queue: 0
  - _infrastructure_queue: 122
  - _pending_building_tasks: 0
OSM DEBUG: Chunks loaded 16/16, but queues not empty:
  - _building_results: 120
  - _road_queue: 0
  - _terrain_objects_queue: 0
  - _infrastructure_queue: 121
  - _pending_building_tasks: 0
OSM DEBUG: Chunks loaded 16/16, but queues not empty:
  - _building_results: 119
  - _road_queue: 0
  - _terrain_objects_queue: 0
  - _infrastructure_queue: 120
  - _pending_building_tasks: 0
OSM DEBUG: Chunks loaded 16/16, but queues not empty:
  - _building_results: 118
  - _road_queue: 0
  - _terrain_objects_queue: 0
  - _infrastructure_queue: 119
  - _pending_building_tasks: 0
OSM DEBUG: Chunks loaded 16/16, but queues not empty:
  - _building_results: 117
  - _road_queue: 0
  - _terrain_objects_queue: 0
  - _infrastructure_queue: 118
  - _pending_building_tasks: 0
OSM DEBUG: Chunks loaded 16/16, but queues not empty:
  - _building_results: 116
  - _road_queue: 0
  - _terrain_objects_queue: 0
  - _infrastructure_queue: 117
  - _pending_building_tasks: 0
OSM DEBUG: Chunks loaded 16/16, but queues not empty:
  - _building_results: 115
  - _road_queue: 0
  - _terrain_objects_queue: 0
  - _infrastructure_queue: 116
  - _pending_building_tasks: 0
OSM DEBUG: Chunks loaded 16/16, but queues not empty:
  - _building_results: 114
  - _road_queue: 0
  - _terrain_objects_queue: 0
  - _infrastructure_queue: 115
  - _pending_building_tasks: 0
OSM DEBUG: Chunks loaded 16/16, but queues not empty:
  - _building_results: 113
  - _road_queue: 0
  - _terrain_objects_queue: 0
  - _infrastructure_queue: 114
  - _pending_building_tasks: 0
OSM DEBUG: Chunks loaded 16/16, but queues not empty:
  - _building_results: 112
  - _road_queue: 0
  - _terrain_objects_queue: 0
  - _infrastructure_queue: 113
  - _pending_building_tasks: 0
OSM DEBUG: Chunks loaded 16/16, but queues not empty:
  - _building_results: 111
  - _road_queue: 0
  - _terrain_objects_queue: 0
  - _infrastructure_queue: 112
  - _pending_building_tasks: 0
OSM DEBUG: Chunks loaded 16/16, but queues not empty:
  - _building_results: 110
  - _road_queue: 0
  - _terrain_objects_queue: 0
  - _infrastructure_queue: 111
  - _pending_building_tasks: 0
OSM DEBUG: Chunks loaded 16/16, but queues not empty:
  - _building_results: 109
  - _road_queue: 0
  - _terrain_objects_queue: 0
  - _infrastructure_queue: 110
  - _pending_building_tasks: 0
OSM DEBUG: Chunks loaded 16/16, but queues not empty:
  - _building_results: 108
  - _road_queue: 0
  - _terrain_objects_queue: 0
  - _infrastructure_queue: 109
  - _pending_building_tasks: 0
OSM DEBUG: Chunks loaded 16/16, but queues not empty:
  - _building_results: 107
  - _road_queue: 0
  - _terrain_objects_queue: 0
  - _infrastructure_queue: 108
  - _pending_building_tasks: 0
OSM DEBUG: Chunks loaded 16/16, but queues not empty:
  - _building_results: 106
  - _road_queue: 0
  - _terrain_objects_queue: 0
  - _infrastructure_queue: 107
  - _pending_building_tasks: 0
OSM DEBUG: Chunks loaded 16/16, but queues not empty:
  - _building_results: 105
  - _road_queue: 0
  - _terrain_objects_queue: 0
  - _infrastructure_queue: 106
  - _pending_building_tasks: 0
OSM DEBUG: Chunks loaded 16/16, but queues not empty:
  - _building_results: 104
  - _road_queue: 0
  - _terrain_objects_queue: 0
  - _infrastructure_queue: 105
  - _pending_building_tasks: 0
OSM DEBUG: Chunks loaded 16/16, but queues not empty:
  - _building_results: 103
  - _road_queue: 0
  - _terrain_objects_queue: 0
  - _infrastructure_queue: 104
  - _pending_building_tasks: 0
OSM DEBUG: Chunks loaded 16/16, but queues not empty:
  - _building_results: 102
  - _road_queue: 0
  - _terrain_objects_queue: 0
  - _infrastructure_queue: 103
  - _pending_building_tasks: 0
OSM DEBUG: Chunks loaded 16/16, but queues not empty:
  - _building_results: 101
  - _road_queue: 0
  - _terrain_objects_queue: 0
  - _infrastructure_queue: 102
  - _pending_building_tasks: 0
OSM DEBUG: Chunks loaded 16/16, but queues not empty:
  - _building_results: 100
  - _road_queue: 0
  - _terrain_objects_queue: 0
  - _infrastructure_queue: 101
  - _pending_building_tasks: 0
🚗 Traffic: 6 active NPCs (Near: 2, Mid: 4, Far: 0), 0 pooled
  → Physics bodies from NPCs: 6 (All: 6×1, было бы 6×5=30)

========== Bottleneck Analysis Report ==========
Time: 6.2s | Frames: 76

📊 PERFORMANCE OVERVIEW:
  FPS: 18.3 avg | 1.0 min
  Frame Time: 51.76 ms avg | 711.71 ms max
  Physics Time: 1.34 ms avg

🔍 BOTTLENECK IDENTIFICATION:
  🔴 [CRITICAL] Frame Time
      Value: 51.76 ms (target: 16.67 ms)
      Impact: Overall performance bottleneck
      Suggestions:
        • Reduce draw calls
        • Optimize scripts in _process()
        • Check for expensive operations per frame

  🟡 [MEDIUM] Draw Calls
      Value: 2351 calls/frame
      Impact: GPU rendering overhead
      Suggestions:
        • Batch meshes by material
        • Use MultiMeshInstance3D
        • Implement LOD system
        • Enable frustum culling

  🟡 [MEDIUM] Vertex Count
      Value: 51367788 vertices/frame
      Impact: GPU vertex processing
      Suggestions:
        • Implement LOD for distant objects
        • Simplify building meshes
        • Use lower poly models

  🟡 [MEDIUM] Post-Processing Effects
      Value: SSAO, Glow/Bloom, Volumetric Fog
      Impact: GPU shader overhead
      Suggestions:
        • Reduce SSR quality
        • Disable SSAO on low-end hardware
        • Use simpler fog

📈 DETAILED STATS:
  Draw Calls: 2351 avg | 3238 max
  Vertices: 51367788 avg | 52283443 max
  Physics Bodies: 47
  Nodes: 4418
  VRAM: 706.0 MB

=================================================

OSM DEBUG: Chunks loaded 16/16, but queues not empty:
  - _building_results: 99
  - _road_queue: 0
  - _terrain_objects_queue: 0
  - _infrastructure_queue: 100
  - _pending_building_tasks: 0
OSM DEBUG: Chunks loaded 16/16, but queues not empty:
  - _building_results: 98
  - _road_queue: 0
  - _terrain_objects_queue: 0
  - _infrastructure_queue: 99
  - _pending_building_tasks: 0
OSM DEBUG: Chunks loaded 16/16, but queues not empty:
  - _building_results: 97
  - _road_queue: 0
  - _terrain_objects_queue: 0
  - _infrastructure_queue: 98
  - _pending_building_tasks: 0
OSM DEBUG: Chunks loaded 16/16, but queues not empty:
  - _building_results: 96
  - _road_queue: 0
  - _terrain_objects_queue: 0
  - _infrastructure_queue: 97
  - _pending_building_tasks: 0
OSM DEBUG: Chunks loaded 16/16, but queues not empty:
  - _building_results: 95
  - _road_queue: 0
  - _terrain_objects_queue: 0
  - _infrastructure_queue: 96
  - _pending_building_tasks: 0
OSM DEBUG: Chunks loaded 16/16, but queues not empty:
  - _building_results: 94
  - _road_queue: 0
  - _terrain_objects_queue: 0
  - _infrastructure_queue: 95
  - _pending_building_tasks: 0
OSM DEBUG: Chunks loaded 16/16, but queues not empty:
  - _building_results: 93
  - _road_queue: 0
  - _terrain_objects_queue: 0
  - _infrastructure_queue: 94
  - _pending_building_tasks: 0
OSM DEBUG: Chunks loaded 16/16, but queues not empty:
  - _building_results: 92
  - _road_queue: 0
  - _terrain_objects_queue: 0
  - _infrastructure_queue: 93
  - _pending_building_tasks: 0
OSM DEBUG: Chunks loaded 16/16, but queues not empty:
  - _building_results: 91
  - _road_queue: 0
  - _terrain_objects_queue: 0
  - _infrastructure_queue: 92
  - _pending_building_tasks: 0
OSM DEBUG: Chunks loaded 16/16, but queues not empty:
  - _building_results: 90
  - _road_queue: 0
  - _terrain_objects_queue: 0
  - _infrastructure_queue: 91
  - _pending_building_tasks: 0
OSM DEBUG: Chunks loaded 16/16, but queues not empty:
  - _building_results: 89
  - _road_queue: 0
  - _terrain_objects_queue: 0
  - _infrastructure_queue: 90
  - _pending_building_tasks: 0
OSM DEBUG: Chunks loaded 16/16, but queues not empty:
  - _building_results: 88
  - _road_queue: 0
  - _terrain_objects_queue: 0
  - _infrastructure_queue: 89
  - _pending_building_tasks: 0
OSM DEBUG: Chunks loaded 16/16, but queues not empty:
  - _building_results: 87
  - _road_queue: 0
  - _terrain_objects_queue: 0
  - _infrastructure_queue: 88
  - _pending_building_tasks: 0
OSM DEBUG: Chunks loaded 16/16, but queues not empty:
  - _building_results: 86
  - _road_queue: 0
  - _terrain_objects_queue: 0
  - _infrastructure_queue: 87
  - _pending_building_tasks: 0
OSM DEBUG: Chunks loaded 16/16, but queues not empty:
  - _building_results: 85
  - _road_queue: 0
  - _terrain_objects_queue: 0
  - _infrastructure_queue: 86
  - _pending_building_tasks: 0
OSM DEBUG: Chunks loaded 16/16, but queues not empty:
  - _building_results: 84
  - _road_queue: 0
  - _terrain_objects_queue: 0
  - _infrastructure_queue: 85
  - _pending_building_tasks: 0
OSM DEBUG: Chunks loaded 16/16, but queues not empty:
  - _building_results: 83
  - _road_queue: 0
  - _terrain_objects_queue: 0
  - _infrastructure_queue: 84
  - _pending_building_tasks: 0
OSM DEBUG: Chunks loaded 16/16, but queues not empty:
  - _building_results: 82
  - _road_queue: 0
  - _terrain_objects_queue: 0
  - _infrastructure_queue: 83
  - _pending_building_tasks: 0
OSM DEBUG: Chunks loaded 16/16, but queues not empty:
  - _building_results: 81
  - _road_queue: 0
  - _terrain_objects_queue: 0
  - _infrastructure_queue: 82
  - _pending_building_tasks: 0
OSM DEBUG: Chunks loaded 16/16, but queues not empty:
  - _building_results: 80
  - _road_queue: 0
  - _terrain_objects_queue: 0
  - _infrastructure_queue: 81
  - _pending_building_tasks: 0
OSM DEBUG: Chunks loaded 16/16, but queues not empty:
  - _building_results: 79
  - _road_queue: 0
  - _terrain_objects_queue: 0
  - _infrastructure_queue: 80
  - _pending_building_tasks: 0
OSM DEBUG: Chunks loaded 16/16, but queues not empty:
  - _building_results: 78
  - _road_queue: 0
  - _terrain_objects_queue: 0
  - _infrastructure_queue: 79
  - _pending_building_tasks: 0
OSM DEBUG: Chunks loaded 16/16, but queues not empty:
  - _building_results: 77
  - _road_queue: 0
  - _terrain_objects_queue: 0
  - _infrastructure_queue: 78
  - _pending_building_tasks: 0
OSM DEBUG: Chunks loaded 16/16, but queues not empty:
  - _building_results: 76
  - _road_queue: 0
  - _terrain_objects_queue: 0
  - _infrastructure_queue: 77
  - _pending_building_tasks: 0
OSM DEBUG: Chunks loaded 16/16, but queues not empty:
  - _building_results: 75
  - _road_queue: 0
  - _terrain_objects_queue: 0
  - _infrastructure_queue: 76
  - _pending_building_tasks: 0
OSM DEBUG: Chunks loaded 16/16, but queues not empty:
  - _building_results: 74
  - _road_queue: 0
  - _terrain_objects_queue: 0
  - _infrastructure_queue: 75
  - _pending_building_tasks: 0
OSM DEBUG: Chunks loaded 16/16, but queues not empty:
  - _building_results: 73
  - _road_queue: 0
  - _terrain_objects_queue: 0
  - _infrastructure_queue: 74
  - _pending_building_tasks: 0
OSM DEBUG: Chunks loaded 16/16, but queues not empty:
  - _building_results: 72
  - _road_queue: 0
  - _terrain_objects_queue: 0
  - _infrastructure_queue: 73
  - _pending_building_tasks: 0
OSM DEBUG: Chunks loaded 16/16, but queues not empty:
  - _building_results: 71
  - _road_queue: 0
  - _terrain_objects_queue: 0
  - _infrastructure_queue: 72
  - _pending_building_tasks: 0
OSM DEBUG: Chunks loaded 16/16, but queues not empty:
  - _building_results: 70
  - _road_queue: 0
  - _terrain_objects_queue: 0
  - _infrastructure_queue: 71
  - _pending_building_tasks: 0
OSM DEBUG: Chunks loaded 16/16, but queues not empty:
  - _building_results: 69
  - _road_queue: 0
  - _terrain_objects_queue: 0
  - _infrastructure_queue: 70
  - _pending_building_tasks: 0
OSM DEBUG: Chunks loaded 16/16, but queues not empty:
  - _building_results: 68
  - _road_queue: 0
  - _terrain_objects_queue: 0
  - _infrastructure_queue: 69
  - _pending_building_tasks: 0
OSM DEBUG: Chunks loaded 16/16, but queues not empty:
  - _building_results: 67
  - _road_queue: 0
  - _terrain_objects_queue: 0
  - _infrastructure_queue: 68
  - _pending_building_tasks: 0
OSM DEBUG: Chunks loaded 16/16, but queues not empty:
  - _building_results: 66
  - _road_queue: 0
  - _terrain_objects_queue: 0
  - _infrastructure_queue: 67
  - _pending_building_tasks: 0
OSM DEBUG: Chunks loaded 16/16, but queues not empty:
  - _building_results: 65
  - _road_queue: 0
  - _terrain_objects_queue: 0
  - _infrastructure_queue: 66
  - _pending_building_tasks: 0
OSM DEBUG: Chunks loaded 16/16, but queues not empty:
  - _building_results: 64
  - _road_queue: 0
  - _terrain_objects_queue: 0
  - _infrastructure_queue: 65
  - _pending_building_tasks: 0
OSM DEBUG: Chunks loaded 16/16, but queues not empty:
  - _building_results: 63
  - _road_queue: 0
  - _terrain_objects_queue: 0
  - _infrastructure_queue: 64
  - _pending_building_tasks: 0
OSM DEBUG: Chunks loaded 16/16, but queues not empty:
  - _building_results: 62
  - _road_queue: 0
  - _terrain_objects_queue: 0
  - _infrastructure_queue: 63
  - _pending_building_tasks: 0
OSM DEBUG: Chunks loaded 16/16, but queues not empty:
  - _building_results: 61
  - _road_queue: 0
  - _terrain_objects_queue: 0
  - _infrastructure_queue: 62
  - _pending_building_tasks: 0
OSM DEBUG: Chunks loaded 16/16, but queues not empty:
  - _building_results: 60
  - _road_queue: 0
  - _terrain_objects_queue: 0
  - _infrastructure_queue: 61
  - _pending_building_tasks: 0
OSM DEBUG: Chunks loaded 16/16, but queues not empty:
  - _building_results: 59
  - _road_queue: 0
  - _terrain_objects_queue: 0
  - _infrastructure_queue: 60
  - _pending_building_tasks: 0
OSM DEBUG: Chunks loaded 16/16, but queues not empty:
  - _building_results: 58
  - _road_queue: 0
  - _terrain_objects_queue: 0
  - _infrastructure_queue: 59
  - _pending_building_tasks: 0
OSM DEBUG: Chunks loaded 16/16, but queues not empty:
  - _building_results: 57
  - _road_queue: 0
  - _terrain_objects_queue: 0
  - _infrastructure_queue: 58
  - _pending_building_tasks: 0
OSM DEBUG: Chunks loaded 16/16, but queues not empty:
  - _building_results: 56
  - _road_queue: 0
  - _terrain_objects_queue: 0
  - _infrastructure_queue: 57
  - _pending_building_tasks: 0
OSM DEBUG: Chunks loaded 16/16, but queues not empty:
  - _building_results: 55
  - _road_queue: 0
  - _terrain_objects_queue: 0
  - _infrastructure_queue: 56
  - _pending_building_tasks: 0
OSM DEBUG: Chunks loaded 16/16, but queues not empty:
  - _building_results: 54
  - _road_queue: 0
  - _terrain_objects_queue: 0
  - _infrastructure_queue: 55
  - _pending_building_tasks: 0
OSM DEBUG: Chunks loaded 16/16, but queues not empty:
  - _building_results: 53
  - _road_queue: 0
  - _terrain_objects_queue: 0
  - _infrastructure_queue: 54
  - _pending_building_tasks: 0
OSM DEBUG: Chunks loaded 16/16, but queues not empty:
  - _building_results: 52
  - _road_queue: 0
  - _terrain_objects_queue: 0
  - _infrastructure_queue: 53
  - _pending_building_tasks: 0
OSM DEBUG: Chunks loaded 16/16, but queues not empty:
  - _building_results: 51
  - _road_queue: 0
  - _terrain_objects_queue: 0
  - _infrastructure_queue: 52
  - _pending_building_tasks: 0
OSM DEBUG: Chunks loaded 16/16, but queues not empty:
  - _building_results: 50
  - _road_queue: 0
  - _terrain_objects_queue: 0
  - _infrastructure_queue: 51
  - _pending_building_tasks: 0
OSM DEBUG: Chunks loaded 16/16, but queues not empty:
  - _building_results: 49
  - _road_queue: 0
  - _terrain_objects_queue: 0
  - _infrastructure_queue: 50
  - _pending_building_tasks: 0
OSM DEBUG: Chunks loaded 16/16, but queues not empty:
  - _building_results: 48
  - _road_queue: 0
  - _terrain_objects_queue: 0
  - _infrastructure_queue: 49
  - _pending_building_tasks: 0
OSM DEBUG: Chunks loaded 16/16, but queues not empty:
  - _building_results: 47
  - _road_queue: 0
  - _terrain_objects_queue: 0
  - _infrastructure_queue: 48
  - _pending_building_tasks: 0
OSM DEBUG: Chunks loaded 16/16, but queues not empty:
  - _building_results: 46
  - _road_queue: 0
  - _terrain_objects_queue: 0
  - _infrastructure_queue: 47
  - _pending_building_tasks: 0
OSM DEBUG: Chunks loaded 16/16, but queues not empty:
  - _building_results: 45
  - _road_queue: 0
  - _terrain_objects_queue: 0
  - _infrastructure_queue: 46
  - _pending_building_tasks: 0
OSM DEBUG: Chunks loaded 16/16, but queues not empty:
  - _building_results: 44
  - _road_queue: 0
  - _terrain_objects_queue: 0
  - _infrastructure_queue: 45
  - _pending_building_tasks: 0
OSM DEBUG: Chunks loaded 16/16, but queues not empty:
  - _building_results: 43
  - _road_queue: 0
  - _terrain_objects_queue: 0
  - _infrastructure_queue: 44
  - _pending_building_tasks: 0
OSM DEBUG: Chunks loaded 16/16, but queues not empty:
  - _building_results: 42
  - _road_queue: 0
  - _terrain_objects_queue: 0
  - _infrastructure_queue: 43
  - _pending_building_tasks: 0
OSM DEBUG: Chunks loaded 16/16, but queues not empty:
  - _building_results: 41
  - _road_queue: 0
  - _terrain_objects_queue: 0
  - _infrastructure_queue: 42
  - _pending_building_tasks: 0
OSM DEBUG: Chunks loaded 16/16, but queues not empty:
  - _building_results: 40
  - _road_queue: 0
  - _terrain_objects_queue: 0
  - _infrastructure_queue: 41
  - _pending_building_tasks: 0
OSM DEBUG: Chunks loaded 16/16, but queues not empty:
  - _building_results: 39
  - _road_queue: 0
  - _terrain_objects_queue: 0
  - _infrastructure_queue: 40
  - _pending_building_tasks: 0
OSM DEBUG: Chunks loaded 16/16, but queues not empty:
  - _building_results: 38
  - _road_queue: 0
  - _terrain_objects_queue: 0
  - _infrastructure_queue: 39
  - _pending_building_tasks: 0
OSM DEBUG: Chunks loaded 16/16, but queues not empty:
  - _building_results: 37
  - _road_queue: 0
  - _terrain_objects_queue: 0
  - _infrastructure_queue: 38
  - _pending_building_tasks: 0
OSM DEBUG: Chunks loaded 16/16, but queues not empty:
  - _building_results: 36
  - _road_queue: 0
  - _terrain_objects_queue: 0
  - _infrastructure_queue: 37
  - _pending_building_tasks: 0
OSM DEBUG: Chunks loaded 16/16, but queues not empty:
  - _building_results: 35
  - _road_queue: 0
  - _terrain_objects_queue: 0
  - _infrastructure_queue: 36
  - _pending_building_tasks: 0
OSM DEBUG: Chunks loaded 16/16, but queues not empty:
  - _building_results: 34
  - _road_queue: 0
  - _terrain_objects_queue: 0
  - _infrastructure_queue: 35
  - _pending_building_tasks: 0
OSM DEBUG: Chunks loaded 16/16, but queues not empty:
  - _building_results: 33
  - _road_queue: 0
  - _terrain_objects_queue: 0
  - _infrastructure_queue: 34
  - _pending_building_tasks: 0
OSM DEBUG: Chunks loaded 16/16, but queues not empty:
  - _building_results: 32
  - _road_queue: 0
  - _terrain_objects_queue: 0
  - _infrastructure_queue: 33
  - _pending_building_tasks: 0
OSM DEBUG: Chunks loaded 16/16, but queues not empty:
  - _building_results: 31
  - _road_queue: 0
  - _terrain_objects_queue: 0
  - _infrastructure_queue: 32
  - _pending_building_tasks: 0
OSM DEBUG: Chunks loaded 16/16, but queues not empty:
  - _building_results: 30
  - _road_queue: 0
  - _terrain_objects_queue: 0
  - _infrastructure_queue: 31
  - _pending_building_tasks: 0
OSM DEBUG: Chunks loaded 16/16, but queues not empty:
  - _building_results: 29
  - _road_queue: 0
  - _terrain_objects_queue: 0
  - _infrastructure_queue: 30
  - _pending_building_tasks: 0
OSM DEBUG: Chunks loaded 16/16, but queues not empty:
  - _building_results: 28
  - _road_queue: 0
  - _terrain_objects_queue: 0
  - _infrastructure_queue: 29
  - _pending_building_tasks: 0
OSM DEBUG: Chunks loaded 16/16, but queues not empty:
  - _building_results: 27
  - _road_queue: 0
  - _terrain_objects_queue: 0
  - _infrastructure_queue: 28
  - _pending_building_tasks: 0
OSM DEBUG: Chunks loaded 16/16, but queues not empty:
  - _building_results: 26
  - _road_queue: 0
  - _terrain_objects_queue: 0
  - _infrastructure_queue: 27
  - _pending_building_tasks: 0
OSM DEBUG: Chunks loaded 16/16, but queues not empty:
  - _building_results: 25
  - _road_queue: 0
  - _terrain_objects_queue: 0
  - _infrastructure_queue: 26
  - _pending_building_tasks: 0
OSM DEBUG: Chunks loaded 16/16, but queues not empty:
  - _building_results: 24
  - _road_queue: 0
  - _terrain_objects_queue: 0
  - _infrastructure_queue: 25
  - _pending_building_tasks: 0
OSM DEBUG: Chunks loaded 16/16, but queues not empty:
  - _building_results: 23
  - _road_queue: 0
  - _terrain_objects_queue: 0
  - _infrastructure_queue: 24
  - _pending_building_tasks: 0
OSM DEBUG: Chunks loaded 16/16, but queues not empty:
  - _building_results: 22
  - _road_queue: 0
  - _terrain_objects_queue: 0
  - _infrastructure_queue: 23
  - _pending_building_tasks: 0
OSM DEBUG: Chunks loaded 16/16, but queues not empty:
  - _building_results: 21
  - _road_queue: 0
  - _terrain_objects_queue: 0
  - _infrastructure_queue: 22
  - _pending_building_tasks: 0
OSM DEBUG: Chunks loaded 16/16, but queues not empty:
  - _building_results: 20
  - _road_queue: 0
  - _terrain_objects_queue: 0
  - _infrastructure_queue: 21
  - _pending_building_tasks: 0
OSM DEBUG: Chunks loaded 16/16, but queues not empty:
  - _building_results: 19
  - _road_queue: 0
  - _terrain_objects_queue: 0
  - _infrastructure_queue: 20
  - _pending_building_tasks: 0
OSM DEBUG: Chunks loaded 16/16, but queues not empty:
  - _building_results: 18
  - _road_queue: 0
  - _terrain_objects_queue: 0
  - _infrastructure_queue: 19
  - _pending_building_tasks: 0
OSM DEBUG: Chunks loaded 16/16, but queues not empty:
  - _building_results: 17
  - _road_queue: 0
  - _terrain_objects_queue: 0
  - _infrastructure_queue: 18
  - _pending_building_tasks: 0
OSM DEBUG: Chunks loaded 16/16, but queues not empty:
  - _building_results: 16
  - _road_queue: 0
  - _terrain_objects_queue: 0
  - _infrastructure_queue: 17
  - _pending_building_tasks: 0
OSM DEBUG: Chunks loaded 16/16, but queues not empty:
  - _building_results: 15
  - _road_queue: 0
  - _terrain_objects_queue: 0
  - _infrastructure_queue: 16
  - _pending_building_tasks: 0
OSM DEBUG: Chunks loaded 16/16, but queues not empty:
  - _building_results: 14
  - _road_queue: 0
  - _terrain_objects_queue: 0
  - _infrastructure_queue: 15
  - _pending_building_tasks: 0
OSM DEBUG: Chunks loaded 16/16, but queues not empty:
  - _building_results: 13
  - _road_queue: 0
  - _terrain_objects_queue: 0
  - _infrastructure_queue: 14
  - _pending_building_tasks: 0
OSM DEBUG: Chunks loaded 16/16, but queues not empty:
  - _building_results: 12
  - _road_queue: 0
  - _terrain_objects_queue: 0
  - _infrastructure_queue: 13
  - _pending_building_tasks: 0
OSM DEBUG: Chunks loaded 16/16, but queues not empty:
  - _building_results: 11
  - _road_queue: 0
  - _terrain_objects_queue: 0
  - _infrastructure_queue: 12
  - _pending_building_tasks: 0
OSM DEBUG: Chunks loaded 16/16, but queues not empty:
  - _building_results: 10
  - _road_queue: 0
  - _terrain_objects_queue: 0
  - _infrastructure_queue: 11
  - _pending_building_tasks: 0
OSM DEBUG: Chunks loaded 16/16, but queues not empty:
  - _building_results: 9
  - _road_queue: 0
  - _terrain_objects_queue: 0
  - _infrastructure_queue: 10
  - _pending_building_tasks: 0
OSM DEBUG: Chunks loaded 16/16, but queues not empty:
  - _building_results: 8
  - _road_queue: 0
  - _terrain_objects_queue: 0
  - _infrastructure_queue: 9
  - _pending_building_tasks: 0
OSM DEBUG: Chunks loaded 16/16, but queues not empty:
  - _building_results: 7
  - _road_queue: 0
  - _terrain_objects_queue: 0
  - _infrastructure_queue: 8
  - _pending_building_tasks: 0
OSM DEBUG: Chunks loaded 16/16, but queues not empty:
  - _building_results: 6
  - _road_queue: 0
  - _terrain_objects_queue: 0
  - _infrastructure_queue: 7
  - _pending_building_tasks: 0
OSM DEBUG: Chunks loaded 16/16, but queues not empty:
  - _building_results: 5
  - _road_queue: 0
  - _terrain_objects_queue: 0
  - _infrastructure_queue: 6
  - _pending_building_tasks: 0
OSM DEBUG: Chunks loaded 16/16, but queues not empty:
  - _building_results: 4
  - _road_queue: 0
  - _terrain_objects_queue: 0
  - _infrastructure_queue: 5
  - _pending_building_tasks: 0
OSM DEBUG: Chunks loaded 16/16, but queues not empty:
  - _building_results: 3
  - _road_queue: 0
  - _terrain_objects_queue: 0
  - _infrastructure_queue: 4
  - _pending_building_tasks: 0
OSM DEBUG: Chunks loaded 16/16, but queues not empty:
  - _building_results: 2
  - _road_queue: 0
  - _terrain_objects_queue: 0
  - _infrastructure_queue: 3
  - _pending_building_tasks: 0
OSM DEBUG: Chunks loaded 16/16, but queues not empty:
  - _building_results: 1
  - _road_queue: 0
  - _terrain_objects_queue: 0
  - _infrastructure_queue: 2
  - _pending_building_tasks: 0
Loading cache for shader SceneForwardClusteredShaderRD, variant 0
Loading cache for shader SceneForwardClusteredShaderRD, variant 1
Loading cache for shader SceneForwardClusteredShaderRD, variant 2
Loading cache for shader SceneForwardClusteredShaderRD, variant 3
Loading cache for shader SceneForwardClusteredShaderRD, variant 4
Loading cache for shader SceneForwardClusteredShaderRD, variant 5
Loading cache for shader SceneForwardClusteredShaderRD, variant 6
Loading cache for shader SceneForwardClusteredShaderRD, variant 7
Loading cache for shader SceneForwardClusteredShaderRD, variant 0
Loading cache for shader SceneForwardClusteredShaderRD, variant 1
Loading cache for shader SceneForwardClusteredShaderRD, variant 2
Loading cache for shader SceneForwardClusteredShaderRD, variant 3
Loading cache for shader SceneForwardClusteredShaderRD, variant 4
Loading cache for shader SceneForwardClusteredShaderRD, variant 5
Loading cache for shader SceneForwardClusteredShaderRD, variant 6
Loading cache for shader SceneForwardClusteredShaderRD, variant 7
Loading cache for shader SceneForwardClusteredShaderRD, variant 8
Loading cache for shader SceneForwardClusteredShaderRD, variant 9
Loading cache for shader SceneForwardClusteredShaderRD, variant 10
Loading cache for shader SceneForwardClusteredShaderRD, variant 11
Loading cache for shader SceneForwardClusteredShaderRD, variant 12
Loading cache for shader SceneForwardClusteredShaderRD, variant 13
Loading cache for shader SceneForwardClusteredShaderRD, variant 14
Loading cache for shader SceneForwardClusteredShaderRD, variant 15
Loading cache for shader SceneForwardClusteredShaderRD, variant 16
Loading cache for shader SceneForwardClusteredShaderRD, variant 17
OSM: 🌙 NIGHT Window batch 0,-1 | night_mgr: CACHED | is_night value: true
OSM: ✅ Finalized window batch 0,-1: 1555 windows (was 1555 draw calls before batching)
⚠️ SLOW FRAME 15.0ms: building=0.0 road=14.4 terrain=0.0 infra=0.4 veg=0.0 curb=0.1ms
OSM DEBUG: Chunks loaded 16/16, but queues not empty:
  - _building_results: 0
  - _road_queue: 0
  - _terrain_objects_queue: 0
  - _infrastructure_queue: 1
  - _pending_building_tasks: 0
OSM: 🌙 NIGHT Window batch -1,-1 | night_mgr: CACHED | is_night value: true
OSM: ✅ Finalized window batch -1,-1: 4286 windows (was 4286 draw calls before batching)
OSM: Starting finalization...
OSM: _create_pending_lamps started, count=942
OSM: Created 404 lamps, skipped 538 (added to infrastructure queue)
OSM: Lamps done, starting parking signs...
OSM: _create_pending_parking_signs started, count=16, road_segments=2377
OSM: Created 16 parking signs
OSM: Parking signs done
OSM: Initial loading complete! 16 chunks loaded

[PerformanceTestDetailed] ✓ Terrain loaded! Starting test in 2 seconds...
OSM: 🌙 NIGHT Window batch -1,0 | night_mgr: CACHED | is_night value: true
OSM: ✅ Finalized window batch -1,0: 728 windows (was 728 draw calls before batching)
OSM: DEBUG - First lamp added to chunk 0,-1 batch
🚗 Traffic: 9 active NPCs (Near: 2, Mid: 7, Far: 0), 1 pooled
  → Physics bodies from NPCs: 9 (All: 9×1, было бы 9×5=45)

========== Bottleneck Analysis Report ==========
Time: 8.3s | Frames: 178

📊 PERFORMANCE OVERVIEW:
  FPS: 46.4 avg | 21.0 min
  Frame Time: 35.92 ms avg | 55.88 ms max
  Physics Time: 2.47 ms avg

🔍 BOTTLENECK IDENTIFICATION:
  🔴 [CRITICAL] Frame Time
      Value: 35.92 ms (target: 16.67 ms)
      Impact: Overall performance bottleneck
      Suggestions:
        • Reduce draw calls
        • Optimize scripts in _process()
        • Check for expensive operations per frame

  🟠 [HIGH] Draw Calls
      Value: 3569 calls/frame
      Impact: GPU rendering overhead
      Suggestions:
        • Batch meshes by material
        • Use MultiMeshInstance3D
        • Implement LOD system
        • Enable frustum culling

  🟡 [MEDIUM] Vertex Count
      Value: 52363507 vertices/frame
      Impact: GPU vertex processing
      Suggestions:
        • Implement LOD for distant objects
        • Simplify building meshes
        • Use lower poly models

  🟡 [MEDIUM] Post-Processing Effects
      Value: SSAO, Glow/Bloom, Volumetric Fog
      Impact: GPU shader overhead
      Suggestions:
        • Reduce SSR quality
        • Disable SSAO on low-end hardware
        • Use simpler fog

  🟢 [LOW] Node Count
      Value: 9913 nodes
      Impact: Scene tree traversal overhead
      Suggestions:
        • Unload distant chunks
        • Pool and reuse nodes
        • Flatten hierarchy where possible

📈 DETAILED STATS:
  Draw Calls: 3569 avg | 3919 max
  Vertices: 52363507 avg | 52527057 max
  Physics Bodies: 128
  Nodes: 9913
  VRAM: 711.1 MB

=================================================

OSM: 🌙 NIGHT Window batch -2,0 | night_mgr: CACHED | is_night value: true
OSM: ✅ Finalized window batch -2,0: 96 windows (was 96 draw calls before batching)
OSM: 🌙 NIGHT Window batch -2,-1 | night_mgr: CACHED | is_night value: true
OSM: ✅ Finalized window batch -2,-1: 2311 windows (was 2311 draw calls before batching)
OSM: 🌙 NIGHT Window batch -1,-2 | night_mgr: CACHED | is_night value: true
OSM: ✅ Finalized window batch -1,-2: 5365 windows (was 5365 draw calls before batching)
OSM: 🌙 NIGHT Window batch 1,0 | night_mgr: CACHED | is_night value: true
OSM: ✅ Finalized window batch 1,0: 40 windows (was 40 draw calls before batching)
OSM: DEBUG - First lamp added to chunk -1,-1 batch
OSM: 🌙 NIGHT Window batch 1,-1 | night_mgr: CACHED | is_night value: true
OSM: ✅ Finalized window batch 1,-1: 4967 windows (was 4967 draw calls before batching)
OSM: 🌙 NIGHT Window batch 0,-2 | night_mgr: CACHED | is_night value: true
OSM: ✅ Finalized window batch 0,-2: 2148 windows (was 2148 draw calls before batching)
OSM: 🌙 NIGHT Window batch -2,-2 | night_mgr: CACHED | is_night value: true
OSM: ✅ Finalized window batch -2,-2: 5534 windows (was 5534 draw calls before batching)
OSM: 🌙 NIGHT Window batch 1,-2 | night_mgr: CACHED | is_night value: true
OSM: ✅ Finalized window batch 1,-2: 4954 windows (was 4954 draw calls before batching)
OSM: DEBUG - First lamp added to chunk 0,0 batch

=== PERFORMANCE METRICS ===
FPS: 45 | Frame: 22.3 ms (max 150.0) | Physics: 18.3 ms (max 713.0)
Godot Process: 55.37 ms | Physics: 3.67 ms
Objects: 27852 | Nodes: 11265 | Resources: 535
Draw calls: 3966 | Vertices: 52851073 | VRAM: 714.7 MB
Physics bodies: 191 | Collision pairs: 1783
--- System Times ---
  road_batch_finalize_total_-1,-1: 37.91 ms (max 37.91)
  road_batch_finalize_total_-1,-2: 5.38 ms (max 5.38)
  road_batch_finalize_total_-1,0: 15.37 ms (max 15.37)
  road_batch_finalize_total_-2,-1: 21.62 ms (max 21.62)
  road_batch_finalize_total_-2,-2: 21.09 ms (max 21.09)
  road_batch_finalize_total_-2,0: 20.10 ms (max 20.10)
  road_batch_finalize_total_0,-1: 21.54 ms (max 21.54)
  road_batch_finalize_total_0,-2: 22.39 ms (max 22.39)
  road_batch_finalize_total_0,0: 21.71 ms (max 21.71)
  road_batch_finalize_total_0,1: 14.98 ms (max 14.98)
  road_batch_finalize_total_1,-1: 16.94 ms (max 16.94)
  road_batch_finalize_total_1,-2: 28.13 ms (max 28.13)
  road_batch_finalize_total_1,0: 12.65 ms (max 12.65)
  road_collision_create_-1,-1: 12.40 ms (max 31.01)
  road_collision_create_-1,-2: 2.46 ms (max 2.91)
  road_collision_create_-1,0: 7.44 ms (max 12.79)
  road_collision_create_-2,-1: 6.98 ms (max 14.94)
  road_collision_create_-2,-2: 10.28 ms (max 18.80)
  road_collision_create_-2,0: 9.79 ms (max 16.48)
  road_collision_create_0,-1: 6.95 ms (max 15.59)
  road_collision_create_0,-2: 7.12 ms (max 15.17)
  road_collision_create_0,0: 7.01 ms (max 18.11)
  road_collision_create_0,1: 14.74 ms (max 14.74)
  road_collision_create_1,-1: 5.46 ms (max 13.21)
  road_collision_create_1,-2: 13.78 ms (max 25.15)
  road_collision_create_1,0: 12.42 ms (max 12.42)
===========================

=== PERFORMANCE METRICS ===
FPS: 45 | Frame: 22.3 ms (max 150.0) | Physics: 16.3 ms (max 77.6)
Godot Process: 55.37 ms | Physics: 3.67 ms
Objects: 27852 | Nodes: 11265 | Resources: 535
Draw calls: 3966 | Vertices: 52851073 | VRAM: 714.7 MB
Physics bodies: 191 | Collision pairs: 1783
===========================
[PerformanceLogger] Started logging: detailed_test_90s
🚀 Test started!

🚗 Traffic: 14 active NPCs (Near: 3, Mid: 11, Far: 0), 1 pooled
  → Physics bodies from NPCs: 14 (All: 14×1, было бы 14×5=70)

========== Bottleneck Analysis Report ==========
Time: 10.3s | Frames: 270

📊 PERFORMANCE OVERVIEW:
  FPS: 48.5 avg | 45.0 min
  Frame Time: 35.40 ms avg | 55.37 ms max
  Physics Time: 3.43 ms avg

🔍 BOTTLENECK IDENTIFICATION:
  🔴 [CRITICAL] Frame Time
      Value: 35.40 ms (target: 16.67 ms)
      Impact: Overall performance bottleneck
      Suggestions:
        • Reduce draw calls
        • Optimize scripts in _process()
        • Check for expensive operations per frame

  🟠 [HIGH] Draw Calls
      Value: 4266 calls/frame
      Impact: GPU rendering overhead
      Suggestions:
        • Batch meshes by material
        • Use MultiMeshInstance3D
        • Implement LOD system
        • Enable frustum culling

  🟡 [MEDIUM] Vertex Count
      Value: 52754629 vertices/frame
      Impact: GPU vertex processing
      Suggestions:
        • Implement LOD for distant objects
        • Simplify building meshes
        • Use lower poly models

  🟡 [MEDIUM] Physics Bodies
      Value: 187 active bodies
      Impact: Physics engine load
      Suggestions:
        • Reduce NPC count
        • Convert distant NPCs to kinematic
        • Disable physics for far objects

  🟡 [MEDIUM] Node Count
      Value: 11483 nodes
      Impact: Scene tree traversal overhead
      Suggestions:
        • Unload distant chunks
        • Pool and reuse nodes
        • Flatten hierarchy where possible

  🟡 [MEDIUM] Post-Processing Effects
      Value: SSAO, Glow/Bloom, Volumetric Fog
      Impact: GPU shader overhead
      Suggestions:
        • Reduce SSR quality
        • Disable SSAO on low-end hardware
        • Use simpler fog

📈 DETAILED STATS:
  Draw Calls: 4266 avg | 5135 max
  Vertices: 52754629 avg | 52898659 max
  Physics Bodies: 187
  Nodes: 11483
  VRAM: 717.6 MB

=================================================

OSM: DEBUG - First lamp added to chunk -2,-1 batch
OSM: DEBUG - First lamp added to chunk 0,-2 batch
=== PAZ Model Meshes Debug ===
Total meshes found: 1
  - Mesh: bus_low_Material_006_0 (MeshInstance3D)
PAZ-32053 model setup complete
⚡ FRAME SPIKE #1: 26.4 ms at 0.3s (Draw: 5151, Bodies: 196)
⚡ FRAME SPIKE #2: 25.2 ms at 0.4s (Draw: 5159, Bodies: 196)
OSM: DEBUG - First lamp added to chunk 0,1 batch
OSM: DEBUG - First lamp added to chunk 1,-1 batch
⚡ FRAME SPIKE #3: 34.8 ms at 0.6s (Draw: 5119, Bodies: 196)
⚡ FRAME SPIKE #4: 29.2 ms at 0.7s (Draw: 5117, Bodies: 196)
⚡ FRAME SPIKE #5: 29.2 ms at 0.7s (Draw: 5104, Bodies: 196)
⚡ FRAME SPIKE #6: 27.8 ms at 0.7s (Draw: 5103, Bodies: 196)
⚡ FRAME SPIKE #7: 27.8 ms at 0.8s (Draw: 5100, Bodies: 196)
⚡ FRAME SPIKE #8: 27.8 ms at 0.8s (Draw: 5099, Bodies: 196)
⚡ PHYSICS SPIKE #1: 11.4 ms at 0.8s (Bodies: 196)
⚡ PHYSICS SPIKE #2: 11.4 ms at 0.9s (Bodies: 196)
⚡ PHYSICS SPIKE #3: 11.4 ms at 0.9s (Bodies: 196)
⚡ PHYSICS SPIKE #4: 11.4 ms at 0.9s (Bodies: 196)
⚡ FRAME SPIKE #9: 25.1 ms at 0.9s (Draw: 5098, Bodies: 196)
⚡ PHYSICS SPIKE #5: 11.4 ms at 0.9s (Bodies: 196)
⚡ PHYSICS SPIKE #6: 11.4 ms at 0.9s (Bodies: 196)
⚡ PHYSICS SPIKE #7: 11.4 ms at 0.9s (Bodies: 197)
⚡ PHYSICS SPIKE #8: 11.4 ms at 1.0s (Bodies: 197)
⚡ PHYSICS SPIKE #9: 11.4 ms at 1.0s (Bodies: 197)
⚡ PHYSICS SPIKE #10: 11.4 ms at 1.0s (Bodies: 197)
⚡ PHYSICS SPIKE #11: 11.4 ms at 1.0s (Bodies: 197)
⚡ PHYSICS SPIKE #12: 11.4 ms at 1.0s (Bodies: 197)
⚡ PHYSICS SPIKE #13: 11.4 ms at 1.0s (Bodies: 197)
⚡ PHYSICS SPIKE #14: 11.4 ms at 1.0s (Bodies: 197)
⚡ PHYSICS SPIKE #15: 11.4 ms at 1.1s (Bodies: 197)
⚡ PHYSICS SPIKE #16: 11.4 ms at 1.1s (Bodies: 197)
⚡ PHYSICS SPIKE #17: 11.4 ms at 1.1s (Bodies: 197)
⚡ PHYSICS SPIKE #18: 11.4 ms at 1.1s (Bodies: 197)
⚡ PHYSICS SPIKE #19: 11.4 ms at 1.1s (Bodies: 197)
⚡ PHYSICS SPIKE #20: 11.4 ms at 1.2s (Bodies: 197)
⚡ PHYSICS SPIKE #21: 11.4 ms at 1.2s (Bodies: 198)
⚡ PHYSICS SPIKE #22: 11.4 ms at 1.2s (Bodies: 198)
⚡ PHYSICS SPIKE #23: 11.4 ms at 1.2s (Bodies: 198)
⚡ PHYSICS SPIKE #24: 11.4 ms at 1.2s (Bodies: 198)
⚡ PHYSICS SPIKE #25: 11.4 ms at 1.2s (Bodies: 198)
⚡ PHYSICS SPIKE #26: 11.4 ms at 1.3s (Bodies: 198)
⚡ PHYSICS SPIKE #27: 11.4 ms at 1.3s (Bodies: 198)
⚡ PHYSICS SPIKE #28: 11.4 ms at 1.3s (Bodies: 198)
⚡ PHYSICS SPIKE #29: 11.4 ms at 1.3s (Bodies: 198)
=== PAZ Model Meshes Debug ===
Total meshes found: 1
  - Mesh: bus_low_Material_006_0 (MeshInstance3D)
PAZ-32053 model setup complete
⚡ PHYSICS SPIKE #30: 11.4 ms at 1.3s (Bodies: 201)
⚡ PHYSICS SPIKE #31: 11.4 ms at 1.3s (Bodies: 202)
⚡ FRAME SPIKE #10: 37.1 ms at 1.3s (Draw: 5403, Bodies: 202)
⚡ PHYSICS SPIKE #32: 11.4 ms at 1.4s (Bodies: 202)
⚡ PHYSICS SPIKE #33: 11.4 ms at 1.4s (Bodies: 202)
⚡ FRAME SPIKE #11: 28.9 ms at 1.4s (Draw: 5393, Bodies: 202)
⚡ PHYSICS SPIKE #34: 11.4 ms at 1.4s (Bodies: 202)
⚡ PHYSICS SPIKE #35: 11.4 ms at 1.4s (Bodies: 202)
⚡ FRAME SPIKE #12: 32.0 ms at 1.4s (Draw: 5394, Bodies: 202)
⚡ PHYSICS SPIKE #36: 11.4 ms at 1.4s (Bodies: 202)
⚡ PHYSICS SPIKE #37: 11.4 ms at 1.4s (Bodies: 202)
⚡ FRAME SPIKE #13: 30.0 ms at 1.4s (Draw: 5384, Bodies: 202)
⚡ PHYSICS SPIKE #38: 11.4 ms at 1.5s (Bodies: 202)
⚡ FRAME SPIKE #14: 27.2 ms at 1.5s (Draw: 5378, Bodies: 202)
⚡ PHYSICS SPIKE #39: 11.4 ms at 1.5s (Bodies: 202)
⚡ PHYSICS SPIKE #40: 11.4 ms at 1.5s (Bodies: 202)
⚡ FRAME SPIKE #15: 29.2 ms at 1.5s (Draw: 5379, Bodies: 202)
⚡ PHYSICS SPIKE #41: 11.4 ms at 1.5s (Bodies: 202)
⚡ PHYSICS SPIKE #42: 11.4 ms at 1.5s (Bodies: 202)
⚡ FRAME SPIKE #16: 29.2 ms at 1.5s (Draw: 5386, Bodies: 202)
⚡ PHYSICS SPIKE #43: 11.4 ms at 1.5s (Bodies: 202)
⚡ PHYSICS SPIKE #44: 11.4 ms at 1.5s (Bodies: 202)
⚡ FRAME SPIKE #17: 29.2 ms at 1.5s (Draw: 5386, Bodies: 202)
⚡ PHYSICS SPIKE #45: 11.4 ms at 1.6s (Bodies: 202)
⚡ FRAME SPIKE #18: 27.9 ms at 1.6s (Draw: 5387, Bodies: 202)
⚡ PHYSICS SPIKE #46: 11.4 ms at 1.6s (Bodies: 202)
⚡ PHYSICS SPIKE #47: 11.4 ms at 1.6s (Bodies: 202)
⚡ PHYSICS SPIKE #48: 11.4 ms at 1.6s (Bodies: 202)
⚡ FRAME SPIKE #19: 27.4 ms at 1.6s (Draw: 5382, Bodies: 202)
⚡ PHYSICS SPIKE #49: 11.4 ms at 1.6s (Bodies: 202)
⚡ PHYSICS SPIKE #50: 11.4 ms at 1.6s (Bodies: 202)
⚡ PHYSICS SPIKE #51: 11.4 ms at 1.7s (Bodies: 202)
⚡ PHYSICS SPIKE #52: 11.4 ms at 1.7s (Bodies: 202)
⚡ FRAME SPIKE #20: 27.7 ms at 1.7s (Draw: 5379, Bodies: 202)
⚡ PHYSICS SPIKE #53: 11.4 ms at 1.7s (Bodies: 202)
⚡ FRAME SPIKE #21: 27.8 ms at 1.7s (Draw: 5383, Bodies: 202)
⚡ PHYSICS SPIKE #54: 11.4 ms at 1.7s (Bodies: 202)
⚡ PHYSICS SPIKE #55: 11.4 ms at 1.7s (Bodies: 202)
⚡ FRAME SPIKE #22: 27.4 ms at 1.7s (Draw: 5383, Bodies: 202)
⚡ PHYSICS SPIKE #56: 11.4 ms at 1.8s (Bodies: 202)
⚡ FRAME SPIKE #23: 26.5 ms at 1.8s (Draw: 5391, Bodies: 203)
⚡ PHYSICS SPIKE #57: 11.4 ms at 1.8s (Bodies: 203)
⚡ PHYSICS SPIKE #58: 11.4 ms at 1.8s (Bodies: 203)
⚡ PHYSICS SPIKE #59: 11.4 ms at 1.8s (Bodies: 203)
⚡ FRAME SPIKE #24: 26.4 ms at 1.8s (Draw: 5390, Bodies: 203)
⚡ FRAME SPIKE #25: 25.9 ms at 1.9s (Draw: 5384, Bodies: 204)
⚡ FRAME SPIKE #26: 25.8 ms at 1.9s (Draw: 5378, Bodies: 204)
🚗 Traffic: 19 active NPCs (Near: 6, Mid: 12, Far: 1), 0 pooled
  → Physics bodies from NPCs: 19 (All: 19×1, было бы 19×5=95)

========== Bottleneck Analysis Report ==========
Time: 12.3s | Frames: 351

📊 PERFORMANCE OVERVIEW:
  FPS: 43.8 avg | 39.0 min
  Frame Time: 40.79 ms avg | 55.37 ms max
  Physics Time: 6.37 ms avg

🔍 BOTTLENECK IDENTIFICATION:
  🔴 [CRITICAL] Frame Time
      Value: 40.79 ms (target: 16.67 ms)
      Impact: Overall performance bottleneck
      Suggestions:
        • Reduce draw calls
        • Optimize scripts in _process()
        • Check for expensive operations per frame

  🟠 [HIGH] Draw Calls
      Value: 5135 calls/frame
      Impact: GPU rendering overhead
      Suggestions:
        • Batch meshes by material
        • Use MultiMeshInstance3D
        • Implement LOD system
        • Enable frustum culling

  🟡 [MEDIUM] Physics Time
      Value: 6.37 ms
      Impact: Physics simulation overhead
      Suggestions:
        • Reduce number of active physics bodies
        • Simplify collision shapes
        • Disable physics for distant objects

  🟡 [MEDIUM] Vertex Count
      Value: 52895298 vertices/frame
      Impact: GPU vertex processing
      Suggestions:
        • Implement LOD for distant objects
        • Simplify building meshes
        • Use lower poly models

  🟡 [MEDIUM] Physics Bodies
      Value: 197 active bodies
      Impact: Physics engine load
      Suggestions:
        • Reduce NPC count
        • Convert distant NPCs to kinematic
        • Disable physics for far objects

  🟡 [MEDIUM] Node Count
      Value: 11758 nodes
      Impact: Scene tree traversal overhead
      Suggestions:
        • Unload distant chunks
        • Pool and reuse nodes
        • Flatten hierarchy where possible

  🟡 [MEDIUM] Post-Processing Effects
      Value: SSAO, Glow/Bloom, Volumetric Fog
      Impact: GPU shader overhead
      Suggestions:
        • Reduce SSR quality
        • Disable SSAO on low-end hardware
        • Use simpler fog

📈 DETAILED STATS:
  Draw Calls: 5135 avg | 5403 max
  Vertices: 52895298 avg | 52912638 max
  Physics Bodies: 197
  Nodes: 11758
  VRAM: 717.7 MB

=================================================

=== PAZ Model Meshes Debug ===
Total meshes found: 1
  - Mesh: bus_low_Material_006_0 (MeshInstance3D)
PAZ-32053 model setup complete
⚡ FRAME SPIKE #27: 26.5 ms at 3.3s (Draw: 6554, Bodies: 211)
⚡ FRAME SPIKE #28: 52.0 ms at 3.4s (Draw: 6584, Bodies: 212)
⚡ FRAME SPIKE #29: 36.6 ms at 3.4s (Draw: 6590, Bodies: 211)
⚡ FRAME SPIKE #30: 33.3 ms at 3.5s (Draw: 6580, Bodies: 211)
⚡ FRAME SPIKE #31: 33.3 ms at 3.5s (Draw: 6584, Bodies: 211)
⚡ FRAME SPIKE #32: 33.3 ms at 3.5s (Draw: 6584, Bodies: 211)
⚡ FRAME SPIKE #33: 33.3 ms at 3.6s (Draw: 6585, Bodies: 212)
⚡ FRAME SPIKE #34: 31.3 ms at 3.6s (Draw: 6590, Bodies: 212)
⚡ FRAME SPIKE #35: 29.0 ms at 3.6s (Draw: 6581, Bodies: 212)
⚡ FRAME SPIKE #36: 25.2 ms at 3.6s (Draw: 6579, Bodies: 212)
OSM: DEBUG - First lamp added to chunk -2,-2 batch
⚡ FRAME SPIKE #37: 29.8 ms at 3.7s (Draw: 6548, Bodies: 212)
⚡ FRAME SPIKE #38: 28.1 ms at 3.7s (Draw: 6543, Bodies: 212)
⚡ FRAME SPIKE #39: 25.9 ms at 3.7s (Draw: 6508, Bodies: 213)
OSM: Infrastructure queue empty, finalizing 8 lamp batches...
Loading cache for shader SceneForwardClusteredShaderRD, variant 0
Loading cache for shader SceneForwardClusteredShaderRD, variant 1
Loading cache for shader SceneForwardClusteredShaderRD, variant 2
Loading cache for shader SceneForwardClusteredShaderRD, variant 3
Loading cache for shader SceneForwardClusteredShaderRD, variant 4
Loading cache for shader SceneForwardClusteredShaderRD, variant 5
Loading cache for shader SceneForwardClusteredShaderRD, variant 6
Loading cache for shader SceneForwardClusteredShaderRD, variant 7
Loading cache for shader SceneForwardClusteredShaderRD, variant 0
Loading cache for shader SceneForwardClusteredShaderRD, variant 1
Loading cache for shader SceneForwardClusteredShaderRD, variant 2
Loading cache for shader SceneForwardClusteredShaderRD, variant 3
Loading cache for shader SceneForwardClusteredShaderRD, variant 4
Loading cache for shader SceneForwardClusteredShaderRD, variant 5
Loading cache for shader SceneForwardClusteredShaderRD, variant 6
Loading cache for shader SceneForwardClusteredShaderRD, variant 7
Loading cache for shader SceneForwardClusteredShaderRD, variant 8
Loading cache for shader SceneForwardClusteredShaderRD, variant 9
Loading cache for shader SceneForwardClusteredShaderRD, variant 10
Loading cache for shader SceneForwardClusteredShaderRD, variant 11
Loading cache for shader SceneForwardClusteredShaderRD, variant 12
Loading cache for shader SceneForwardClusteredShaderRD, variant 13
Loading cache for shader SceneForwardClusteredShaderRD, variant 14
Loading cache for shader SceneForwardClusteredShaderRD, variant 15
Loading cache for shader SceneForwardClusteredShaderRD, variant 16
Loading cache for shader SceneForwardClusteredShaderRD, variant 17
OSM: ✅ Finalized lamp batch 0,-1: 62 lamps (3 MultiMeshes + 62 lights, was 186 draw calls before)
OSM: ✅ Finalized lamp batch -1,-1: 34 lamps (3 MultiMeshes + 34 lights, was 102 draw calls before)
OSM: ✅ Finalized lamp batch 0,0: 6 lamps (3 MultiMeshes + 6 lights, was 18 draw calls before)
OSM: ✅ Finalized lamp batch -2,-1: 50 lamps (3 MultiMeshes + 50 lights, was 150 draw calls before)
OSM: ✅ Finalized lamp batch 0,-2: 45 lamps (3 MultiMeshes + 45 lights, was 135 draw calls before)
OSM: ✅ Finalized lamp batch 0,1: 11 lamps (3 MultiMeshes + 11 lights, was 33 draw calls before)
OSM: ✅ Finalized lamp batch 1,-1: 14 lamps (3 MultiMeshes + 14 lights, was 42 draw calls before)
OSM: ✅ Finalized lamp batch -2,-2: 1 lamps (3 MultiMeshes + 1 lights, was 3 draw calls before)
⚠️ SLOW FRAME 18.0ms: building=0.0 road=0.0 terrain=0.0 infra=17.9 veg=0.0 curb=0.0ms
⚡ FRAME SPIKE #40: 40.2 ms at 3.8s (Draw: 6576, Bodies: 213)
⚡ FRAME SPIKE #41: 29.8 ms at 3.8s (Draw: 6540, Bodies: 213)
⚡ FRAME SPIKE #42: 30.0 ms at 3.8s (Draw: 6480, Bodies: 213)
⚡ FRAME SPIKE #43: 30.6 ms at 3.9s (Draw: 6416, Bodies: 213)
⚡ FRAME SPIKE #44: 30.0 ms at 3.9s (Draw: 6337, Bodies: 213)
⚡ FRAME SPIKE #45: 30.0 ms at 3.9s (Draw: 6314, Bodies: 213)
⚡ FRAME SPIKE #46: 30.0 ms at 3.9s (Draw: 6223, Bodies: 213)
⚡ FRAME SPIKE #47: 30.0 ms at 4.0s (Draw: 6192, Bodies: 213)
⚡ FRAME SPIKE #48: 30.0 ms at 4.0s (Draw: 6125, Bodies: 213)
⚡ FRAME SPIKE #49: 30.0 ms at 4.0s (Draw: 6068, Bodies: 213)
⚡ FRAME SPIKE #50: 29.7 ms at 4.1s (Draw: 6042, Bodies: 213)

=== PERFORMANCE METRICS ===
FPS: 36 | Frame: 23.8 ms (max 67.3) | Physics: 16.7 ms (max 52.9)
Godot Process: 48.30 ms | Physics: 5.19 ms
Objects: 29525 | Nodes: 12285 | Resources: 535
Draw calls: 6042 | Vertices: 56450666 | VRAM: 718.9 MB
Physics bodies: 213 | Collision pairs: 2036
--- System Times ---
  road_batch_finalize_total_-1,-1: 37.91 ms (max 37.91)
  road_batch_finalize_total_-1,-2: 5.38 ms (max 5.38)
  road_batch_finalize_total_-1,0: 15.37 ms (max 15.37)
  road_batch_finalize_total_-2,-1: 21.62 ms (max 21.62)
  road_batch_finalize_total_-2,-2: 21.09 ms (max 21.09)
  road_batch_finalize_total_-2,0: 20.10 ms (max 20.10)
  road_batch_finalize_total_0,-1: 21.54 ms (max 21.54)
  road_batch_finalize_total_0,-2: 22.39 ms (max 22.39)
  road_batch_finalize_total_0,0: 21.71 ms (max 21.71)
  road_batch_finalize_total_0,1: 14.98 ms (max 14.98)
  road_batch_finalize_total_1,-1: 16.94 ms (max 16.94)
  road_batch_finalize_total_1,-2: 28.13 ms (max 28.13)
  road_batch_finalize_total_1,0: 12.65 ms (max 12.65)
  road_collision_create_-1,-1: 12.40 ms (max 31.01)
  road_collision_create_-1,-2: 2.46 ms (max 2.91)
  road_collision_create_-1,0: 7.44 ms (max 12.79)
  road_collision_create_-2,-1: 6.98 ms (max 14.94)
  road_collision_create_-2,-2: 10.28 ms (max 18.80)
  road_collision_create_-2,0: 9.79 ms (max 16.48)
  road_collision_create_0,-1: 6.95 ms (max 15.59)
  road_collision_create_0,-2: 7.12 ms (max 15.17)
  road_collision_create_0,0: 7.01 ms (max 18.11)
  road_collision_create_0,1: 14.74 ms (max 14.74)
  road_collision_create_1,-1: 5.46 ms (max 13.21)
  road_collision_create_1,-2: 13.78 ms (max 25.15)
  road_collision_create_1,0: 12.42 ms (max 12.42)
===========================

=== PERFORMANCE METRICS ===
FPS: 36 | Frame: 23.8 ms (max 67.3) | Physics: 16.7 ms (max 53.0)
Godot Process: 48.30 ms | Physics: 5.19 ms
Objects: 29525 | Nodes: 12285 | Resources: 535
Draw calls: 6042 | Vertices: 56450666 | VRAM: 718.9 MB
Physics bodies: 213 | Collision pairs: 2036
===========================
⚡ FRAME SPIKE #51: 28.7 ms at 4.1s (Draw: 6027, Bodies: 213)
🚗 Traffic: 21 active NPCs (Near: 7, Mid: 12, Far: 2), 2 pooled
  → Physics bodies from NPCs: 21 (All: 21×1, было бы 21×5=105)

========== Bottleneck Analysis Report ==========
Time: 14.3s | Frames: 426

📊 PERFORMANCE OVERVIEW:
  FPS: 40.2 avg | 36.0 min
  Frame Time: 32.74 ms avg | 48.30 ms max
  Physics Time: 6.77 ms avg

🔍 BOTTLENECK IDENTIFICATION:
  🟠 [HIGH] Frame Time
      Value: 32.74 ms (target: 16.67 ms)
      Impact: Overall performance bottleneck
      Suggestions:
        • Reduce draw calls
        • Optimize scripts in _process()
        • Check for expensive operations per frame

  🟠 [HIGH] Draw Calls
      Value: 5561 calls/frame
      Impact: GPU rendering overhead
      Suggestions:
        • Batch meshes by material
        • Use MultiMeshInstance3D
        • Implement LOD system
        • Enable frustum culling

  🟠 [HIGH] Physics Bodies
      Value: 206 active bodies
      Impact: Physics engine load
      Suggestions:
        • Reduce NPC count
        • Convert distant NPCs to kinematic
        • Disable physics for far objects

  🟡 [MEDIUM] Physics Time
      Value: 6.77 ms
      Impact: Physics simulation overhead
      Suggestions:
        • Reduce number of active physics bodies
        • Simplify collision shapes
        • Disable physics for distant objects

  🟡 [MEDIUM] Vertex Count
      Value: 53223288 vertices/frame
      Impact: GPU vertex processing
      Suggestions:
        • Implement LOD for distant objects
        • Simplify building meshes
        • Use lower poly models

  🟡 [MEDIUM] Node Count
      Value: 12285 nodes
      Impact: Scene tree traversal overhead
      Suggestions:
        • Unload distant chunks
        • Pool and reuse nodes
        • Flatten hierarchy where possible

  🟡 [MEDIUM] Post-Processing Effects
      Value: SSAO, Glow/Bloom, Volumetric Fog
      Impact: GPU shader overhead
      Suggestions:
        • Reduce SSR quality
        • Disable SSAO on low-end hardware
        • Use simpler fog

📈 DETAILED STATS:
  Draw Calls: 5561 avg | 6590 max
  Vertices: 53223288 avg | 56529365 max
  Physics Bodies: 206
  Nodes: 12285
  VRAM: 718.9 MB

=================================================

⚡ FRAME SPIKE #52: 28.8 ms at 4.1s (Draw: 6014, Bodies: 213)
⚡ FRAME SPIKE #53: 28.1 ms at 4.2s (Draw: 6015, Bodies: 213)
⚡ FRAME SPIKE #54: 27.6 ms at 4.2s (Draw: 6013, Bodies: 213)
⚡ FRAME SPIKE #55: 27.8 ms at 4.2s (Draw: 6009, Bodies: 213)
⚡ FRAME SPIKE #56: 27.8 ms at 4.3s (Draw: 6010, Bodies: 213)
⚡ FRAME SPIKE #57: 26.7 ms at 4.3s (Draw: 6018, Bodies: 213)
⚡ FRAME SPIKE #58: 26.7 ms at 4.4s (Draw: 6819, Bodies: 215)
⚡ FRAME SPIKE #59: 26.7 ms at 4.4s (Draw: 6817, Bodies: 215)
⚡ FRAME SPIKE #60: 26.7 ms at 4.4s (Draw: 6818, Bodies: 215)
⚡ FRAME SPIKE #61: 26.7 ms at 4.4s (Draw: 6815, Bodies: 215)
⚡ FRAME SPIKE #62: 28.9 ms at 4.5s (Draw: 6819, Bodies: 215)
⚡ FRAME SPIKE #63: 26.7 ms at 4.5s (Draw: 6819, Bodies: 215)
⚡ FRAME SPIKE #64: 29.5 ms at 4.5s (Draw: 6822, Bodies: 215)
⚡ FRAME SPIKE #65: 30.3 ms at 4.6s (Draw: 6818, Bodies: 215)
⚡ FRAME SPIKE #66: 29.9 ms at 4.6s (Draw: 6816, Bodies: 215)
⚡ FRAME SPIKE #67: 27.8 ms at 4.6s (Draw: 6817, Bodies: 215)
⚡ FRAME SPIKE #68: 30.1 ms at 4.6s (Draw: 6811, Bodies: 215)
⚡ FRAME SPIKE #69: 31.4 ms at 4.7s (Draw: 6806, Bodies: 215)
⚡ FRAME SPIKE #70: 30.2 ms at 4.7s (Draw: 6804, Bodies: 215)
⚡ FRAME SPIKE #71: 30.8 ms at 4.7s (Draw: 6795, Bodies: 215)
⚡ FRAME SPIKE #72: 29.6 ms at 4.8s (Draw: 6793, Bodies: 215)
⚡ FRAME SPIKE #73: 29.2 ms at 4.8s (Draw: 6793, Bodies: 215)
⚡ FRAME SPIKE #74: 29.6 ms at 4.8s (Draw: 6790, Bodies: 215)
⚡ FRAME SPIKE #75: 30.0 ms at 4.9s (Draw: 6787, Bodies: 215)
⚡ FRAME SPIKE #76: 30.0 ms at 4.9s (Draw: 6782, Bodies: 215)
⚡ FRAME SPIKE #77: 30.0 ms at 4.9s (Draw: 6782, Bodies: 215)
⚡ FRAME SPIKE #78: 30.0 ms at 4.9s (Draw: 6772, Bodies: 215)
⚡ FRAME SPIKE #79: 30.0 ms at 5.0s (Draw: 6763, Bodies: 215)
⚡ FRAME SPIKE #80: 30.0 ms at 5.0s (Draw: 6750, Bodies: 215)
⚡ FRAME SPIKE #81: 30.0 ms at 5.0s (Draw: 6740, Bodies: 215)
⚡ FRAME SPIKE #82: 30.0 ms at 5.1s (Draw: 6738, Bodies: 215)
⚡ FRAME SPIKE #83: 30.0 ms at 5.1s (Draw: 6729, Bodies: 215)
⚡ FRAME SPIKE #84: 30.0 ms at 5.1s (Draw: 6723, Bodies: 215)
⚡ FRAME SPIKE #85: 30.0 ms at 5.2s (Draw: 6715, Bodies: 215)
⚡ FRAME SPIKE #86: 30.0 ms at 5.2s (Draw: 6704, Bodies: 215)
⚡ FRAME SPIKE #87: 30.0 ms at 5.2s (Draw: 6692, Bodies: 215)
⚡ FRAME SPIKE #88: 30.0 ms at 5.2s (Draw: 6690, Bodies: 215)
⚡ FRAME SPIKE #89: 30.0 ms at 5.3s (Draw: 6675, Bodies: 215)
⚡ FRAME SPIKE #90: 30.0 ms at 5.3s (Draw: 6675, Bodies: 215)
⚡ FRAME SPIKE #91: 30.0 ms at 5.3s (Draw: 6671, Bodies: 215)
⚡ FRAME SPIKE #92: 30.0 ms at 5.4s (Draw: 6684, Bodies: 216)
⚡ FRAME SPIKE #93: 52.1 ms at 5.4s (Draw: 6687, Bodies: 216)
⚡ FRAME SPIKE #94: 45.2 ms at 5.4s (Draw: 6686, Bodies: 216)
⚡ FRAME SPIKE #95: 41.5 ms at 5.5s (Draw: 6683, Bodies: 216)
⚡ FRAME SPIKE #96: 36.3 ms at 5.5s (Draw: 6665, Bodies: 216)
⚡ FRAME SPIKE #97: 30.8 ms at 5.6s (Draw: 6611, Bodies: 216)
⚡ FRAME SPIKE #98: 31.7 ms at 5.6s (Draw: 6561, Bodies: 216)
⚡ FRAME SPIKE #99: 25.5 ms at 5.6s (Draw: 6541, Bodies: 216)
⚡ FRAME SPIKE #100: 30.6 ms at 5.7s (Draw: 6542, Bodies: 216)
⚡ FRAME SPIKE #101: 30.9 ms at 5.7s (Draw: 6538, Bodies: 216)
⚡ FRAME SPIKE #102: 31.3 ms at 5.7s (Draw: 6533, Bodies: 216)
⚡ FRAME SPIKE #103: 30.0 ms at 5.7s (Draw: 6549, Bodies: 216)
⚡ FRAME SPIKE #104: 26.7 ms at 5.8s (Draw: 6566, Bodies: 216)
⚡ FRAME SPIKE #105: 30.3 ms at 5.8s (Draw: 6604, Bodies: 216)
⚡ FRAME SPIKE #106: 30.6 ms at 5.8s (Draw: 6621, Bodies: 216)
⚡ FRAME SPIKE #107: 32.0 ms at 5.9s (Draw: 6635, Bodies: 216)
⚡ FRAME SPIKE #108: 30.0 ms at 5.9s (Draw: 6644, Bodies: 216)
⚡ FRAME SPIKE #109: 28.6 ms at 5.9s (Draw: 6653, Bodies: 216)
⚡ FRAME SPIKE #110: 30.0 ms at 6.0s (Draw: 6635, Bodies: 216)
⚡ FRAME SPIKE #111: 30.0 ms at 6.0s (Draw: 6582, Bodies: 216)
⚡ FRAME SPIKE #112: 29.6 ms at 6.0s (Draw: 6520, Bodies: 216)
⚡ FRAME SPIKE #113: 26.6 ms at 6.0s (Draw: 6514, Bodies: 216)
⚡ FRAME SPIKE #114: 29.6 ms at 6.1s (Draw: 6479, Bodies: 216)
⚡ FRAME SPIKE #115: 29.6 ms at 6.1s (Draw: 6433, Bodies: 216)
🚗 Traffic: 24 active NPCs (Near: 7, Mid: 14, Far: 3), 1 pooled
  → Physics bodies from NPCs: 24 (All: 24×1, было бы 24×5=120)

========== Bottleneck Analysis Report ==========
Time: 16.3s | Frames: 493

📊 PERFORMANCE OVERVIEW:
  FPS: 36.8 avg | 32.0 min
  Frame Time: 34.34 ms avg | 48.30 ms max
  Physics Time: 5.12 ms avg

🔍 BOTTLENECK IDENTIFICATION:
  🔴 [CRITICAL] Frame Time
      Value: 34.34 ms (target: 16.67 ms)
      Impact: Overall performance bottleneck
      Suggestions:
        • Reduce draw calls
        • Optimize scripts in _process()
        • Check for expensive operations per frame

  🟠 [HIGH] Draw Calls
      Value: 6279 calls/frame
      Impact: GPU rendering overhead
      Suggestions:
        • Batch meshes by material
        • Use MultiMeshInstance3D
        • Implement LOD system
        • Enable frustum culling

  🟠 [HIGH] Physics Bodies
      Value: 213 active bodies
      Impact: Physics engine load
      Suggestions:
        • Reduce NPC count
        • Convert distant NPCs to kinematic
        • Disable physics for far objects

  🟡 [MEDIUM] Physics Time
      Value: 5.12 ms
      Impact: Physics simulation overhead
      Suggestions:
        • Reduce number of active physics bodies
        • Simplify collision shapes
        • Disable physics for distant objects

  🟡 [MEDIUM] Vertex Count
      Value: 55184667 vertices/frame
      Impact: GPU vertex processing
      Suggestions:
        • Implement LOD for distant objects
        • Simplify building meshes
        • Use lower poly models

  🟡 [MEDIUM] Node Count
      Value: 12476 nodes
      Impact: Scene tree traversal overhead
      Suggestions:
        • Unload distant chunks
        • Pool and reuse nodes
        • Flatten hierarchy where possible

  🟡 [MEDIUM] Post-Processing Effects
      Value: SSAO, Glow/Bloom, Volumetric Fog
      Impact: GPU shader overhead
      Suggestions:
        • Reduce SSR quality
        • Disable SSAO on low-end hardware
        • Use simpler fog

📈 DETAILED STATS:
  Draw Calls: 6279 avg | 6822 max
  Vertices: 55184667 avg | 56529365 max
  Physics Bodies: 213
  Nodes: 12476
  VRAM: 718.9 MB

=================================================

⚡ FRAME SPIKE #116: 29.2 ms at 6.1s (Draw: 6379, Bodies: 216)
⚡ FRAME SPIKE #117: 27.7 ms at 6.2s (Draw: 6345, Bodies: 216)
⚡ FRAME SPIKE #118: 29.2 ms at 6.2s (Draw: 6312, Bodies: 216)
⚡ FRAME SPIKE #119: 29.9 ms at 6.2s (Draw: 6292, Bodies: 216)
⚡ FRAME SPIKE #120: 29.2 ms at 6.2s (Draw: 6291, Bodies: 216)
⚡ FRAME SPIKE #121: 27.8 ms at 6.3s (Draw: 6288, Bodies: 216)
⚡ FRAME SPIKE #122: 29.2 ms at 6.3s (Draw: 6288, Bodies: 216)
⚡ FRAME SPIKE #123: 28.8 ms at 6.3s (Draw: 6289, Bodies: 216)
⚡ FRAME SPIKE #124: 28.8 ms at 6.4s (Draw: 6659, Bodies: 218)
⚡ FRAME SPIKE #125: 28.9 ms at 6.4s (Draw: 6654, Bodies: 218)
⚡ FRAME SPIKE #126: 29.2 ms at 6.4s (Draw: 6654, Bodies: 218)
⚡ FRAME SPIKE #127: 29.2 ms at 6.5s (Draw: 6656, Bodies: 218)
⚡ FRAME SPIKE #128: 29.2 ms at 6.5s (Draw: 6654, Bodies: 217)
⚡ FRAME SPIKE #129: 29.2 ms at 6.5s (Draw: 6654, Bodies: 217)
⚡ FRAME SPIKE #130: 29.2 ms at 6.5s (Draw: 6657, Bodies: 217)
⚡ FRAME SPIKE #131: 30.3 ms at 6.6s (Draw: 6660, Bodies: 217)
⚡ FRAME SPIKE #132: 29.2 ms at 6.6s (Draw: 6657, Bodies: 217)
⚡ FRAME SPIKE #133: 29.2 ms at 6.6s (Draw: 6667, Bodies: 217)
⚡ FRAME SPIKE #134: 31.2 ms at 6.7s (Draw: 6671, Bodies: 217)
⚡ FRAME SPIKE #135: 31.0 ms at 6.7s (Draw: 6678, Bodies: 217)
⚡ FRAME SPIKE #136: 31.8 ms at 6.7s (Draw: 6681, Bodies: 217)
⚡ FRAME SPIKE #137: 32.1 ms at 6.7s (Draw: 6686, Bodies: 217)
⚡ FRAME SPIKE #138: 30.0 ms at 6.8s (Draw: 6690, Bodies: 217)
⚡ FRAME SPIKE #139: 30.0 ms at 6.8s (Draw: 6696, Bodies: 217)
⚡ FRAME SPIKE #140: 30.0 ms at 6.8s (Draw: 6705, Bodies: 217)
⚡ FRAME SPIKE #141: 31.6 ms at 6.9s (Draw: 6707, Bodies: 217)
⚡ FRAME SPIKE #142: 31.0 ms at 6.9s (Draw: 6697, Bodies: 217)
⚡ FRAME SPIKE #143: 31.3 ms at 6.9s (Draw: 6712, Bodies: 217)
⚡ FRAME SPIKE #144: 31.8 ms at 7.0s (Draw: 6735, Bodies: 217)
⚡ FRAME SPIKE #145: 31.0 ms at 7.0s (Draw: 6744, Bodies: 217)
⚡ FRAME SPIKE #146: 31.0 ms at 7.0s (Draw: 6735, Bodies: 217)
⚡ FRAME SPIKE #147: 31.0 ms at 7.1s (Draw: 6717, Bodies: 217)
⚡ FRAME SPIKE #148: 31.0 ms at 7.1s (Draw: 6651, Bodies: 217)
⚡ FRAME SPIKE #149: 31.0 ms at 7.1s (Draw: 6643, Bodies: 217)
⚡ FRAME SPIKE #150: 31.0 ms at 7.2s (Draw: 6640, Bodies: 217)
⚡ FRAME SPIKE #151: 31.0 ms at 7.2s (Draw: 6652, Bodies: 217)
⚡ FRAME SPIKE #152: 31.0 ms at 7.2s (Draw: 6658, Bodies: 217)
⚡ FRAME SPIKE #153: 31.0 ms at 7.2s (Draw: 6662, Bodies: 217)
⚡ FRAME SPIKE #154: 31.0 ms at 7.3s (Draw: 6665, Bodies: 217)
⚡ FRAME SPIKE #155: 31.0 ms at 7.3s (Draw: 6669, Bodies: 217)
⚡ FRAME SPIKE #156: 31.0 ms at 7.3s (Draw: 6685, Bodies: 217)
⚡ FRAME SPIKE #157: 32.5 ms at 7.4s (Draw: 7112, Bodies: 219)
⚡ FRAME SPIKE #158: 56.0 ms at 7.4s (Draw: 7166, Bodies: 219)
⚡ FRAME SPIKE #159: 38.2 ms at 7.5s (Draw: 7195, Bodies: 219)
⚡ FRAME SPIKE #160: 34.1 ms at 7.5s (Draw: 7226, Bodies: 219)
⚡ FRAME SPIKE #161: 33.3 ms at 7.5s (Draw: 7255, Bodies: 219)
⚡ FRAME SPIKE #162: 33.3 ms at 7.6s (Draw: 7291, Bodies: 219)
⚡ FRAME SPIKE #163: 34.7 ms at 7.6s (Draw: 7321, Bodies: 219)
⚡ FRAME SPIKE #164: 34.4 ms at 7.6s (Draw: 7344, Bodies: 219)
⚡ FRAME SPIKE #165: 33.3 ms at 7.7s (Draw: 7366, Bodies: 219)
⚡ FRAME SPIKE #166: 35.7 ms at 7.7s (Draw: 7394, Bodies: 219)
⚡ FRAME SPIKE #167: 34.7 ms at 7.7s (Draw: 7403, Bodies: 219)
⚡ FRAME SPIKE #168: 34.7 ms at 7.8s (Draw: 7405, Bodies: 219)
⚡ FRAME SPIKE #169: 34.7 ms at 7.8s (Draw: 7377, Bodies: 219)
⚡ FRAME SPIKE #170: 34.7 ms at 7.8s (Draw: 7357, Bodies: 219)
⚡ FRAME SPIKE #171: 34.7 ms at 7.9s (Draw: 7314, Bodies: 219)
⚡ FRAME SPIKE #172: 34.7 ms at 7.9s (Draw: 7271, Bodies: 219)
⚡ FRAME SPIKE #173: 34.7 ms at 7.9s (Draw: 7261, Bodies: 219)
⚡ FRAME SPIKE #174: 34.7 ms at 8.0s (Draw: 7247, Bodies: 219)
⚡ FRAME SPIKE #175: 33.8 ms at 8.0s (Draw: 7240, Bodies: 219)
⚡ FRAME SPIKE #176: 33.3 ms at 8.0s (Draw: 7232, Bodies: 219)
⚡ FRAME SPIKE #177: 33.3 ms at 8.1s (Draw: 7198, Bodies: 219)
⚡ FRAME SPIKE #178: 33.3 ms at 8.1s (Draw: 7171, Bodies: 219)
🚗 Traffic: 27 active NPCs (Near: 7, Mid: 17, Far: 3), 1 pooled
  → Physics bodies from NPCs: 27 (All: 27×1, было бы 27×5=135)

========== Bottleneck Analysis Report ==========
Time: 18.3s | Frames: 556

📊 PERFORMANCE OVERVIEW:
  FPS: 33.5 avg | 31.0 min
  Frame Time: 34.42 ms avg | 48.30 ms max
  Physics Time: 5.36 ms avg

🔍 BOTTLENECK IDENTIFICATION:
  🔴 [CRITICAL] Frame Time
      Value: 34.42 ms (target: 16.67 ms)
      Impact: Overall performance bottleneck
      Suggestions:
        • Reduce draw calls
        • Optimize scripts in _process()
        • Check for expensive operations per frame

  🟠 [HIGH] Draw Calls
      Value: 6770 calls/frame
      Impact: GPU rendering overhead
      Suggestions:
        • Batch meshes by material
        • Use MultiMeshInstance3D
        • Implement LOD system
        • Enable frustum culling

  🟠 [HIGH] Physics Bodies
      Value: 216 active bodies
      Impact: Physics engine load
      Suggestions:
        • Reduce NPC count
        • Convert distant NPCs to kinematic
        • Disable physics for far objects

  🟡 [MEDIUM] Physics Time
      Value: 5.36 ms
      Impact: Physics simulation overhead
      Suggestions:
        • Reduce number of active physics bodies
        • Simplify collision shapes
        • Disable physics for distant objects

  🟡 [MEDIUM] Vertex Count
      Value: 56297653 vertices/frame
      Impact: GPU vertex processing
      Suggestions:
        • Implement LOD for distant objects
        • Simplify building meshes
        • Use lower poly models

  🟡 [MEDIUM] Node Count
      Value: 12688 nodes
      Impact: Scene tree traversal overhead
      Suggestions:
        • Unload distant chunks
        • Pool and reuse nodes
        • Flatten hierarchy where possible

  🟡 [MEDIUM] Post-Processing Effects
      Value: SSAO, Glow/Bloom, Volumetric Fog
      Impact: GPU shader overhead
      Suggestions:
        • Reduce SSR quality
        • Disable SSAO on low-end hardware
        • Use simpler fog

📈 DETAILED STATS:
  Draw Calls: 6770 avg | 7405 max
  Vertices: 56297653 avg | 56459025 max
  Physics Bodies: 216
  Nodes: 12688
  VRAM: 718.9 MB

=================================================

⚡ FRAME SPIKE #179: 34.4 ms at 8.1s (Draw: 7154, Bodies: 219)
⚡ FRAME SPIKE #180: 33.3 ms at 8.2s (Draw: 7123, Bodies: 219)
⚡ FRAME SPIKE #181: 33.3 ms at 8.2s (Draw: 7103, Bodies: 219)
⚡ FRAME SPIKE #182: 33.3 ms at 8.2s (Draw: 7071, Bodies: 219)
⚡ FRAME SPIKE #183: 33.3 ms at 8.3s (Draw: 7051, Bodies: 219)
⚡ FRAME SPIKE #184: 33.3 ms at 8.3s (Draw: 7023, Bodies: 219)
⚡ FRAME SPIKE #185: 33.3 ms at 8.3s (Draw: 7020, Bodies: 219)
⚡ FRAME SPIKE #186: 33.3 ms at 8.4s (Draw: 7009, Bodies: 219)
⚡ FRAME SPIKE #187: 33.3 ms at 8.4s (Draw: 7002, Bodies: 219)
⚡ FRAME SPIKE #188: 33.3 ms at 8.4s (Draw: 7010, Bodies: 219)
⚡ FRAME SPIKE #189: 33.3 ms at 8.5s (Draw: 7022, Bodies: 219)
⚡ FRAME SPIKE #190: 33.3 ms at 8.5s (Draw: 7021, Bodies: 219)
⚡ FRAME SPIKE #191: 33.3 ms at 8.5s (Draw: 7026, Bodies: 219)
⚡ FRAME SPIKE #192: 33.3 ms at 8.6s (Draw: 7025, Bodies: 219)
⚡ FRAME SPIKE #193: 33.0 ms at 8.6s (Draw: 7028, Bodies: 219)
⚡ FRAME SPIKE #194: 31.9 ms at 8.6s (Draw: 7021, Bodies: 219)
⚡ FRAME SPIKE #195: 32.5 ms at 8.7s (Draw: 7004, Bodies: 219)
⚡ FRAME SPIKE #196: 32.6 ms at 8.7s (Draw: 6992, Bodies: 219)
⚡ FRAME SPIKE #197: 31.6 ms at 8.7s (Draw: 6973, Bodies: 219)
⚡ FRAME SPIKE #198: 32.4 ms at 8.8s (Draw: 6946, Bodies: 218)
⚡ FRAME SPIKE #199: 33.3 ms at 8.8s (Draw: 6902, Bodies: 218)
⚡ FRAME SPIKE #200: 31.6 ms at 8.8s (Draw: 6887, Bodies: 218)
⚡ FRAME SPIKE #201: 30.9 ms at 8.9s (Draw: 6881, Bodies: 218)
⚡ FRAME SPIKE #202: 31.7 ms at 8.9s (Draw: 6869, Bodies: 218)
⚡ FRAME SPIKE #203: 32.2 ms at 8.9s (Draw: 6861, Bodies: 218)
⚡ FRAME SPIKE #204: 31.4 ms at 9.0s (Draw: 6858, Bodies: 218)
⚡ FRAME SPIKE #205: 30.9 ms at 9.0s (Draw: 6850, Bodies: 218)
⚡ FRAME SPIKE #206: 28.0 ms at 9.0s (Draw: 6850, Bodies: 218)
⚡ FRAME SPIKE #207: 31.9 ms at 9.1s (Draw: 6846, Bodies: 218)
⚡ FRAME SPIKE #208: 31.9 ms at 9.1s (Draw: 6852, Bodies: 218)

=== PERFORMANCE METRICS ===
FPS: 30 | Frame: 28.9 ms (max 56.0) | Physics: 16.7 ms (max 51.0)
Godot Process: 24.12 ms | Physics: 6.17 ms
Objects: 30245 | Nodes: 12688 | Resources: 535
Draw calls: 6852 | Vertices: 56063704 | VRAM: 718.9 MB
Physics bodies: 218 | Collision pairs: 2105
--- System Times ---
  road_batch_finalize_total_-1,-1: 37.91 ms (max 37.91)
  road_batch_finalize_total_-1,-2: 5.38 ms (max 5.38)
  road_batch_finalize_total_-1,0: 15.37 ms (max 15.37)
  road_batch_finalize_total_-2,-1: 21.62 ms (max 21.62)
  road_batch_finalize_total_-2,-2: 21.09 ms (max 21.09)
  road_batch_finalize_total_-2,0: 20.10 ms (max 20.10)
  road_batch_finalize_total_0,-1: 21.54 ms (max 21.54)
  road_batch_finalize_total_0,-2: 22.39 ms (max 22.39)
  road_batch_finalize_total_0,0: 21.71 ms (max 21.71)
  road_batch_finalize_total_0,1: 14.98 ms (max 14.98)
  road_batch_finalize_total_1,-1: 16.94 ms (max 16.94)
  road_batch_finalize_total_1,-2: 28.13 ms (max 28.13)
  road_batch_finalize_total_1,0: 12.65 ms (max 12.65)
  road_collision_create_-1,-1: 12.40 ms (max 31.01)
  road_collision_create_-1,-2: 2.46 ms (max 2.91)
  road_collision_create_-1,0: 7.44 ms (max 12.79)
  road_collision_create_-2,-1: 6.98 ms (max 14.94)
  road_collision_create_-2,-2: 10.28 ms (max 18.80)
  road_collision_create_-2,0: 9.79 ms (max 16.48)
  road_collision_create_0,-1: 6.95 ms (max 15.59)
  road_collision_create_0,-2: 7.12 ms (max 15.17)
  road_collision_create_0,0: 7.01 ms (max 18.11)
  road_collision_create_0,1: 14.74 ms (max 14.74)
  road_collision_create_1,-1: 5.46 ms (max 13.21)
  road_collision_create_1,-2: 13.78 ms (max 25.15)
  road_collision_create_1,0: 12.42 ms (max 12.42)
===========================

=== PERFORMANCE METRICS ===
FPS: 30 | Frame: 28.9 ms (max 56.0) | Physics: 16.7 ms (max 51.0)
Godot Process: 24.12 ms | Physics: 6.17 ms
Objects: 30245 | Nodes: 12688 | Resources: 535
Draw calls: 6852 | Vertices: 56063704 | VRAM: 718.9 MB
Physics bodies: 218 | Collision pairs: 2105
===========================
⚡ FRAME SPIKE #209: 31.9 ms at 9.1s (Draw: 6854, Bodies: 218)
⚡ FRAME SPIKE #210: 31.9 ms at 9.2s (Draw: 6849, Bodies: 217)
⚡ FRAME SPIKE #211: 31.9 ms at 9.2s (Draw: 6847, Bodies: 217)
⚡ FRAME SPIKE #212: 31.9 ms at 9.2s (Draw: 6848, Bodies: 217)
⚡ FRAME SPIKE #213: 32.6 ms at 9.2s (Draw: 6844, Bodies: 217)
⚡ FRAME SPIKE #214: 31.5 ms at 9.3s (Draw: 6853, Bodies: 217)
⚡ FRAME SPIKE #215: 30.5 ms at 9.3s (Draw: 6850, Bodies: 217)
⚡ FRAME SPIKE #216: 31.5 ms at 9.3s (Draw: 6836, Bodies: 217)
⚡ FRAME SPIKE #217: 31.0 ms at 9.4s (Draw: 6813, Bodies: 217)
⚡ FRAME SPIKE #218: 31.5 ms at 9.4s (Draw: 6672, Bodies: 218)
⚡ FRAME SPIKE #219: 31.5 ms at 9.4s (Draw: 6660, Bodies: 218)
⚡ FRAME SPIKE #220: 31.5 ms at 9.5s (Draw: 6652, Bodies: 218)
⚡ FRAME SPIKE #221: 31.5 ms at 9.5s (Draw: 6596, Bodies: 218)
⚡ FRAME SPIKE #222: 33.0 ms at 9.5s (Draw: 6587, Bodies: 218)

========== PERFORMANCE METRICS ==========
Frames: 600
  total_frame: avg=1.94 ms, median=0.04 ms, max=103.09 ms, calls=600, total=1162.5 ms
  road_queue: avg=1.02 ms, median=0.01 ms, max=37.96 ms, calls=600, total=611.4 ms
  road_batch_finalize: avg=20.02 ms, median=21.12 ms, max=37.95 ms, calls=13, total=260.2 ms
  infra_queue: avg=0.33 ms, median=0.00 ms, max=17.95 ms, calls=600, total=199.1 ms
  curb_mesh: avg=0.27 ms, median=0.00 ms, max=12.06 ms, calls=552, total=147.3 ms
  terrain_queue: avg=0.22 ms, median=0.00 ms, max=77.48 ms, calls=600, total=132.2 ms
  road_create: avg=0.28 ms, median=0.15 ms, max=9.95 ms, calls=458, total=128.7 ms
  terrain_leisure: avg=6.23 ms, median=0.13 ms, max=76.41 ms, calls=18, total=112.1 ms
  building_results: avg=0.18 ms, median=0.00 ms, max=1.20 ms, calls=600, total=108.7 ms
  infra_sort: avg=0.29 ms, median=0.17 ms, max=1.07 ms, calls=373, total=108.0 ms
  curb_collisions: avg=0.10 ms, median=0.00 ms, max=1.76 ms, calls=600, total=60.0 ms
  building_sort: avg=0.33 ms, median=0.19 ms, max=0.93 ms, calls=166, total=54.5 ms
  infra_yield_sign: avg=0.30 ms, median=0.31 ms, max=0.42 ms, calls=169, total=50.3 ms
  building_apply: avg=0.26 ms, median=0.26 ms, max=0.37 ms, calls=176, total=45.3 ms
  vegetation_queue: avg=0.07 ms, median=0.00 ms, max=19.53 ms, calls=600, total=39.1 ms
  veg_trees: avg=9.58 ms, median=14.91 ms, max=19.52 ms, calls=4, total=38.3 ms
  window_batch_finalize: avg=2.76 ms, median=2.02 ms, max=14.39 ms, calls=11, total=30.3 ms
  road_sort: avg=1.20 ms, median=1.30 ms, max=2.67 ms, calls=18, total=21.6 ms
  terrain_landuse: avg=0.12 ms, median=0.10 ms, max=0.54 ms, calls=78, total=9.2 ms
  terrain_sort: avg=0.21 ms, median=0.19 ms, max=0.47 ms, calls=39, total=8.2 ms
  curb_smooth: avg=0.03 ms, median=0.03 ms, max=0.18 ms, calls=252, total=7.6 ms
  infra_parking_sign: avg=0.53 ms, median=0.51 ms, max=0.63 ms, calls=13, total=6.9 ms
  infra_lamp: avg=0.03 ms, median=0.03 ms, max=0.12 ms, calls=223, total=6.4 ms
  infra_traffic_light: avg=0.52 ms, median=0.53 ms, max=0.62 ms, calls=8, total=4.2 ms
  curb_latlon: avg=0.01 ms, median=0.01 ms, max=0.04 ms, calls=252, total=2.9 ms
  terrain_natural: avg=0.07 ms, median=0.07 ms, max=0.07 ms, calls=1, total=0.1 ms
  veg_bushes_grass: avg=0.01 ms, median=0.02 ms, max=0.02 ms, calls=4, total=0.1 ms
==========================================


========== DRAW CALL BREAKDOWN ==========
Total tracked draw calls: 908

  Vegetation  :   370 ( 40.7%) ████████
  Buildings   :   350 ( 38.5%) ███████
  Terrain     :    97 ( 10.7%) ██
  Roads       :    30 (  3.3%) 
  Signs       :    26 (  2.9%) 
  Lamps       :    24 (  2.6%) 
  Windows     :    11 (  1.2%) 

💡 RECOMMENDATIONS:
  🔴 Buildings: 38.5% of draw calls
     → Implement MultiMeshInstance3D for building base meshes
=========================================

⚡ FRAME SPIKE #223: 33.3 ms at 9.6s (Draw: 6565, Bodies: 218)
⚡ FRAME SPIKE #224: 31.7 ms at 9.6s (Draw: 6630, Bodies: 218)
⚡ FRAME SPIKE #225: 31.7 ms at 9.6s (Draw: 6704, Bodies: 218)
⚡ FRAME SPIKE #226: 31.7 ms at 9.7s (Draw: 6673, Bodies: 218)
⚡ FRAME SPIKE #227: 31.7 ms at 9.7s (Draw: 6545, Bodies: 218)
⚡ FRAME SPIKE #228: 31.7 ms at 9.7s (Draw: 6439, Bodies: 218)
⚡ FRAME SPIKE #229: 31.7 ms at 9.8s (Draw: 6324, Bodies: 218)
⚡ FRAME SPIKE #230: 31.7 ms at 9.8s (Draw: 6231, Bodies: 218)
⚡ FRAME SPIKE #231: 31.7 ms at 9.8s (Draw: 6205, Bodies: 218)
⚡ FRAME SPIKE #232: 31.7 ms at 9.9s (Draw: 6201, Bodies: 218)
⚡ FRAME SPIKE #233: 31.7 ms at 9.9s (Draw: 6182, Bodies: 218)
⚡ FRAME SPIKE #234: 31.7 ms at 9.9s (Draw: 6164, Bodies: 218)
⚡ FRAME SPIKE #235: 31.5 ms at 9.9s (Draw: 6151, Bodies: 218)
⚡ FRAME SPIKE #236: 31.5 ms at 10.0s (Draw: 6007, Bodies: 218)
⚡ FRAME SPIKE #237: 31.5 ms at 10.0s (Draw: 6001, Bodies: 218)
⚡ FRAME SPIKE #238: 31.5 ms at 10.0s (Draw: 5992, Bodies: 218)
⚡ FRAME SPIKE #239: 31.1 ms at 10.1s (Draw: 5979, Bodies: 218)
⚡ FRAME SPIKE #240: 29.8 ms at 10.1s (Draw: 5974, Bodies: 218)
⚡ FRAME SPIKE #241: 29.7 ms at 10.1s (Draw: 5976, Bodies: 218)
🚗 Traffic: 26 active NPCs (Near: 8, Mid: 14, Far: 4), 2 pooled
  → Physics bodies from NPCs: 26 (All: 26×1, было бы 26×5=130)

========== Bottleneck Analysis Report ==========
Time: 20.3s | Frames: 619

📊 PERFORMANCE OVERVIEW:
  FPS: 31.4 avg | 30.0 min
  Frame Time: 32.46 ms avg | 45.33 ms max
  Physics Time: 5.85 ms avg

🔍 BOTTLENECK IDENTIFICATION:
  🟠 [HIGH] Frame Time
      Value: 32.46 ms (target: 16.67 ms)
      Impact: Overall performance bottleneck
      Suggestions:
        • Reduce draw calls
        • Optimize scripts in _process()
        • Check for expensive operations per frame

  🟠 [HIGH] Draw Calls
      Value: 6800 calls/frame
      Impact: GPU rendering overhead
      Suggestions:
        • Batch meshes by material
        • Use MultiMeshInstance3D
        • Implement LOD system
        • Enable frustum culling

  🟠 [HIGH] Physics Bodies
      Value: 218 active bodies
      Impact: Physics engine load
      Suggestions:
        • Reduce NPC count
        • Convert distant NPCs to kinematic
        • Disable physics for far objects

  🟡 [MEDIUM] Physics Time
      Value: 5.85 ms
      Impact: Physics simulation overhead
      Suggestions:
        • Reduce number of active physics bodies
        • Simplify collision shapes
        • Disable physics for distant objects

  🟡 [MEDIUM] Vertex Count
      Value: 55242966 vertices/frame
      Impact: GPU vertex processing
      Suggestions:
        • Implement LOD for distant objects
        • Simplify building meshes
        • Use lower poly models

  🟡 [MEDIUM] Node Count
      Value: 12688 nodes
      Impact: Scene tree traversal overhead
      Suggestions:
        • Unload distant chunks
        • Pool and reuse nodes
        • Flatten hierarchy where possible

  🟡 [MEDIUM] Post-Processing Effects
      Value: SSAO, Glow/Bloom, Volumetric Fog
      Impact: GPU shader overhead
      Suggestions:
        • Reduce SSR quality
        • Disable SSAO on low-end hardware
        • Use simpler fog

📈 DETAILED STATS:
  Draw Calls: 6800 avg | 7405 max
  Vertices: 55242966 avg | 56274823 max
  Physics Bodies: 218
  Nodes: 12688
  VRAM: 718.9 MB

=================================================

⚡ FRAME SPIKE #242: 25.9 ms at 10.2s (Draw: 5974, Bodies: 218)
⚡ FRAME SPIKE #243: 29.7 ms at 10.2s (Draw: 5969, Bodies: 218)
⚡ FRAME SPIKE #244: 29.9 ms at 10.2s (Draw: 5958, Bodies: 218)
⚡ FRAME SPIKE #245: 30.0 ms at 10.2s (Draw: 5950, Bodies: 218)
⚡ FRAME SPIKE #246: 26.0 ms at 10.3s (Draw: 5947, Bodies: 218)
⚡ FRAME SPIKE #247: 30.0 ms at 10.3s (Draw: 5935, Bodies: 218)
⚡ FRAME SPIKE #248: 30.4 ms at 10.3s (Draw: 5911, Bodies: 218)
⚡ FRAME SPIKE #249: 29.2 ms at 10.4s (Draw: 5897, Bodies: 218)
⚡ FRAME SPIKE #250: 25.4 ms at 10.4s (Draw: 5896, Bodies: 218)
⚡ FRAME SPIKE #251: 29.2 ms at 10.4s (Draw: 6143, Bodies: 219)
⚡ FRAME SPIKE #252: 32.9 ms at 10.4s (Draw: 6072, Bodies: 219)
⚡ FRAME SPIKE #253: 29.2 ms at 10.5s (Draw: 5981, Bodies: 219)
⚡ FRAME SPIKE #254: 29.2 ms at 10.5s (Draw: 5986, Bodies: 219)
⚡ FRAME SPIKE #255: 29.2 ms at 10.5s (Draw: 6066, Bodies: 219)
⚡ FRAME SPIKE #256: 29.2 ms at 10.6s (Draw: 6123, Bodies: 219)
⚡ FRAME SPIKE #257: 29.2 ms at 10.6s (Draw: 6118, Bodies: 219)
⚡ FRAME SPIKE #258: 29.2 ms at 10.6s (Draw: 6113, Bodies: 219)
⚡ FRAME SPIKE #259: 29.2 ms at 10.7s (Draw: 6024, Bodies: 219)
⚡ FRAME SPIKE #260: 29.2 ms at 10.7s (Draw: 5827, Bodies: 219)
⚡ FRAME SPIKE #261: 29.2 ms at 10.7s (Draw: 5597, Bodies: 219)
⚡ FRAME SPIKE #262: 29.2 ms at 10.7s (Draw: 5523, Bodies: 219)
⚡ FRAME SPIKE #263: 29.2 ms at 10.8s (Draw: 5517, Bodies: 219)
⚡ FRAME SPIKE #264: 29.2 ms at 10.8s (Draw: 5515, Bodies: 219)
⚡ FRAME SPIKE #265: 29.6 ms at 10.8s (Draw: 5537, Bodies: 219)
⚡ FRAME SPIKE #266: 29.2 ms at 10.9s (Draw: 5650, Bodies: 219)
⚡ FRAME SPIKE #267: 29.2 ms at 10.9s (Draw: 5760, Bodies: 219)
⚡ FRAME SPIKE #268: 29.6 ms at 10.9s (Draw: 5834, Bodies: 219)
OSM: Loading chunk -1,-3 at lat=59.1235, lon=37.8974
OSM: Loaded from cache: osm_v2_59.1235_37.8974_250.json
OSM: Loading chunk 0,-3 at lat=59.1235, lon=37.9026
OSM: Loaded from cache: osm_v2_59.1235_37.9026_250.json
OSM: Chunk -1,-3 data loaded
OSM: Found 2 entrance nodes in chunk
OSM: Found 10 POI nodes in chunk
POI_DEBUG: Found 'unknown' inside building at local (-132.4, -816.5)
BusinessSign: Found logo for 'втб' -> res://textures/brand_logos/vtb.png
POI_DEBUG: Found 'Ozon' inside building at local (-208.3, -750.2)
BusinessSign: Found logo for 'ozon' -> res://textures/brand_logos/ozon.png
POI_DEBUG: Found 'Сбербанк' inside building at local (-151.6, -859.4)
BusinessSign: Found logo for 'сбербанк' -> res://textures/brand_logos/sberbank.png
Loading resource: res://textures/brand_logos/sberbank.png
Loading resource: res://.godot/imported/sberbank.png-01daec8b385e47dc915e5db06368ee2f.ctex
BusinessSign: Found logo for 'сбербанк' -> res://textures/brand_logos/sberbank.png
POI_DEBUG: Found 'Ozon' inside building at local (-59.7, -662.5)
BusinessSign: Found logo for 'ozon' -> res://textures/brand_logos/ozon.png
OSM: Generated 38 roads, 35 buildings, 0 trees, 0 signs, 0 lamps, 28 intersections
OSM: Marked chunk '-1,-3' for road batch finalization
OSM: Post-initial chunk loaded, pending_lamps=0
OSM: _create_pending_lamps started, count=0
OSM: No pending lamps
OSM: Chunk 0,-3 data loaded
OSM: Found 14 POI nodes in chunk
POI_DEBUG: Found 'Антей' inside building at local (29.3, -584.4)
OSM: Generated 79 roads, 17 buildings, 0 trees, 0 signs, 0 lamps, 37 intersections
OSM: Marked chunk '0,-3' for road batch finalization
OSM: Post-initial chunk loaded, pending_lamps=0
OSM: _create_pending_lamps started, count=0
OSM: No pending lamps
⚡ FRAME SPIKE #269: 99.1 ms at 10.9s (Draw: 6041, Bodies: 222)
OSM: DEBUG _add_road_to_batch - first road for chunk '0,-3', parent.name='Chunk_0,-3'
OSM: DEBUG _add_road_to_batch - first road for chunk '-1,-3', parent.name='Chunk_-1,-3'
⚡ FRAME SPIKE #270: 64.7 ms at 11.0s (Draw: 5709, Bodies: 223)
⚠️ SLOW FRAME 10.8ms: building=0.5 road=9.4 terrain=0.3 infra=0.6 veg=0.0 curb=0.0ms
⚡ FRAME SPIKE #271: 52.4 ms at 11.1s (Draw: 5327, Bodies: 224)
⚡ FRAME SPIKE #272: 57.4 ms at 11.2s (Draw: 5136, Bodies: 225)
⚠️ SLOW FRAME 10.1ms: building=0.5 road=8.6 terrain=0.4 infra=0.6 veg=0.0 curb=0.0ms
⚡ FRAME SPIKE #273: 63.3 ms at 11.2s (Draw: 4848, Bodies: 226)
⚡ FRAME SPIKE #274: 55.6 ms at 11.3s (Draw: 4760, Bodies: 227)
⚡ FRAME SPIKE #275: 44.1 ms at 11.3s (Draw: 4563, Bodies: 228)
⚡ FRAME SPIKE #276: 43.8 ms at 11.4s (Draw: 4312, Bodies: 229)
⚠️ SLOW FRAME 12.2ms: building=0.4 road=7.2 terrain=0.3 infra=0.6 veg=3.6 curb=0.0ms
⚡ FRAME SPIKE #277: 44.3 ms at 11.4s (Draw: 4337, Bodies: 230)
⚡ FRAME SPIKE #278: 39.3 ms at 11.5s (Draw: 4404, Bodies: 231)
🔴 FREEZE: road collision shape creation took 14.4 ms for chunk -1,-3 (type: residential)
OSM: ✅ Finalized road batch -1,-3/residential: 2166 vertices, 2110 triangles, material: <ImageTexture#-9223371972648368119>
OSM: ✅ Finalized road batch -1,-3/path: 792 vertices, 776 triangles, material: <ImageTexture#-9223371972547704822>
OSM: ✅ Finalized road batch -1,-3/primary: 410 vertices, 406 triangles, material: <ImageTexture#-9223371972749031416>
⚠️ SLOW: road batch finalization took 18.9 ms for chunk -1,-3
⚠️ SLOW FRAME 43.5ms: building=0.4 road=18.9 terrain=0.3 infra=0.5 veg=23.3 curb=0.0ms
⚡ FRAME SPIKE #279: 65.4 ms at 11.5s (Draw: 4435, Bodies: 232)
🔴 FREEZE: road collision shape creation took 14.7 ms for chunk 0,-3 (type: path)
OSM: ✅ Finalized road batch 0,-3/path: 2286 vertices, 2210 triangles, material: <ImageTexture#-9223371972547704822>
OSM: ✅ Finalized road batch 0,-3/primary: 962 vertices, 944 triangles, material: <ImageTexture#-9223371972749031416>
OSM: ✅ Finalized road batch 0,-3/residential: 1688 vertices, 1624 triangles, material: <ImageTexture#-9223371972648368119>
⚠️ SLOW: road batch finalization took 21.9 ms for chunk 0,-3
⚠️ SLOW FRAME 23.2ms: building=0.5 road=22.0 terrain=0.2 infra=0.4 veg=0.0 curb=0.0ms
⚡ FRAME SPIKE #280: 64.9 ms at 11.6s (Draw: 4676, Bodies: 233)
⚠️ SLOW FRAME 18.6ms: building=0.5 road=1.1 terrain=0.3 infra=0.8 veg=15.6 curb=0.3ms
⚡ FRAME SPIKE #281: 62.5 ms at 11.6s (Draw: 4692, Bodies: 233)
⚡ FRAME SPIKE #282: 54.3 ms at 11.7s (Draw: 4644, Bodies: 234)
⚡ FRAME SPIKE #283: 38.5 ms at 11.8s (Draw: 4635, Bodies: 235)
⚡ FRAME SPIKE #284: 38.3 ms at 11.8s (Draw: 4791, Bodies: 236)
⚡ FRAME SPIKE #285: 34.0 ms at 11.8s (Draw: 4743, Bodies: 237)
⚡ FRAME SPIKE #286: 36.2 ms at 11.9s (Draw: 4465, Bodies: 238)
⚡ FRAME SPIKE #287: 31.9 ms at 11.9s (Draw: 4348, Bodies: 239)
⚡ FRAME SPIKE #288: 31.1 ms at 11.9s (Draw: 4147, Bodies: 240)
⚡ FRAME SPIKE #289: 32.1 ms at 12.0s (Draw: 4051, Bodies: 240)
⚡ FRAME SPIKE #290: 29.6 ms at 12.0s (Draw: 3843, Bodies: 241)
⚡ FRAME SPIKE #291: 29.7 ms at 12.0s (Draw: 3772, Bodies: 242)
⚡ FRAME SPIKE #292: 31.9 ms at 12.1s (Draw: 3774, Bodies: 244)
⚡ FRAME SPIKE #293: 30.1 ms at 12.1s (Draw: 3776, Bodies: 244)
⚡ FRAME SPIKE #294: 29.0 ms at 12.1s (Draw: 3761, Bodies: 245)
🚗 Traffic: 27 active NPCs (Near: 9, Mid: 13, Far: 5), 1 pooled
  → Physics bodies from NPCs: 27 (All: 27×1, было бы 27×5=135)

========== Bottleneck Analysis Report ==========
Time: 22.4s | Frames: 673

📊 PERFORMANCE OVERVIEW:
  FPS: 30.2 avg | 20.0 min
  Frame Time: 34.47 ms avg | 90.17 ms max
  Physics Time: 6.30 ms avg

🔍 BOTTLENECK IDENTIFICATION:
  🔴 [CRITICAL] Frame Time
      Value: 34.47 ms (target: 16.67 ms)
      Impact: Overall performance bottleneck
      Suggestions:
        • Reduce draw calls
        • Optimize scripts in _process()
        • Check for expensive operations per frame

  🟠 [HIGH] Draw Calls
      Value: 6043 calls/frame
      Impact: GPU rendering overhead
      Suggestions:
        • Batch meshes by material
        • Use MultiMeshInstance3D
        • Implement LOD system
        • Enable frustum culling

  🟠 [HIGH] Physics Bodies
      Value: 221 active bodies
      Impact: Physics engine load
      Suggestions:
        • Reduce NPC count
        • Convert distant NPCs to kinematic
        • Disable physics for far objects

  🟡 [MEDIUM] Physics Time
      Value: 6.30 ms
      Impact: Physics simulation overhead
      Suggestions:
        • Reduce number of active physics bodies
        • Simplify collision shapes
        • Disable physics for distant objects

  🟡 [MEDIUM] Vertex Count
      Value: 42717776 vertices/frame
      Impact: GPU vertex processing
      Suggestions:
        • Implement LOD for distant objects
        • Simplify building meshes
        • Use lower poly models

  🟡 [MEDIUM] Node Count
      Value: 14221 nodes
      Impact: Scene tree traversal overhead
      Suggestions:
        • Unload distant chunks
        • Pool and reuse nodes
        • Flatten hierarchy where possible

  🟡 [MEDIUM] Post-Processing Effects
      Value: SSAO, Glow/Bloom, Volumetric Fog
      Impact: GPU shader overhead
      Suggestions:
        • Reduce SSR quality
        • Disable SSAO on low-end hardware
        • Use simpler fog

📈 DETAILED STATS:
  Draw Calls: 6043 avg | 7232 max
  Vertices: 42717776 avg | 56109292 max
  Physics Bodies: 221
  Nodes: 14221
  VRAM: 725.8 MB

=================================================

⚡ FRAME SPIKE #295: 30.0 ms at 12.2s (Draw: 3758, Bodies: 246)
⚡ FRAME SPIKE #296: 30.0 ms at 12.2s (Draw: 3752, Bodies: 247)
⚡ FRAME SPIKE #297: 30.0 ms at 12.2s (Draw: 3722, Bodies: 248)
⚡ FRAME SPIKE #298: 30.9 ms at 12.3s (Draw: 3713, Bodies: 249)
⚡ FRAME SPIKE #299: 29.6 ms at 12.3s (Draw: 3699, Bodies: 250)
⚡ FRAME SPIKE #300: 29.6 ms at 12.3s (Draw: 3699, Bodies: 251)
⚡ FRAME SPIKE #301: 29.6 ms at 12.4s (Draw: 3789, Bodies: 252)
⚡ FRAME SPIKE #302: 29.6 ms at 12.4s (Draw: 3883, Bodies: 253)
⚡ FRAME SPIKE #303: 29.6 ms at 12.4s (Draw: 3870, Bodies: 253)
⚡ FRAME SPIKE #304: 29.6 ms at 12.4s (Draw: 3867, Bodies: 255)
⚡ FRAME SPIKE #305: 29.6 ms at 12.5s (Draw: 3854, Bodies: 256)
⚡ FRAME SPIKE #306: 35.2 ms at 12.5s (Draw: 3862, Bodies: 257)
⚡ FRAME SPIKE #307: 33.2 ms at 12.5s (Draw: 3864, Bodies: 258)
⚡ FRAME SPIKE #308: 31.0 ms at 12.6s (Draw: 3859, Bodies: 259)
⚡ FRAME SPIKE #309: 31.7 ms at 12.6s (Draw: 3854, Bodies: 260)
⚡ FRAME SPIKE #310: 31.2 ms at 12.6s (Draw: 3793, Bodies: 261)
⚡ FRAME SPIKE #311: 30.3 ms at 12.7s (Draw: 3660, Bodies: 262)
⚡ FRAME SPIKE #312: 31.0 ms at 12.7s (Draw: 3622, Bodies: 263)
⚡ FRAME SPIKE #313: 31.0 ms at 12.7s (Draw: 3585, Bodies: 264)
OSM: 🌙 NIGHT Window batch 0,-3 | night_mgr: CACHED | is_night value: true
OSM: ✅ Finalized window batch 0,-3: 2329 windows (was 2329 draw calls before batching)
⚡ FRAME SPIKE #314: 31.0 ms at 12.8s (Draw: 3585, Bodies: 265)
OSM: 🌙 NIGHT Window batch -1,-3 | night_mgr: CACHED | is_night value: true
OSM: ✅ Finalized window batch -1,-3: 4341 windows (was 4341 draw calls before batching)
⚡ FRAME SPIKE #315: 31.0 ms at 12.8s (Draw: 3570, Bodies: 266)
⚡ PHYSICS SPIKE #60: 11.7 ms at 12.8s (Bodies: 266)
⚡ PHYSICS SPIKE #61: 11.7 ms at 12.8s (Bodies: 267)
⚡ FRAME SPIKE #316: 31.0 ms at 12.8s (Draw: 3565, Bodies: 267)
⚡ PHYSICS SPIKE #62: 11.7 ms at 12.9s (Bodies: 267)
⚡ PHYSICS SPIKE #63: 11.7 ms at 12.9s (Bodies: 268)
⚡ FRAME SPIKE #317: 31.0 ms at 12.9s (Draw: 3557, Bodies: 268)
⚡ PHYSICS SPIKE #64: 11.7 ms at 12.9s (Bodies: 268)
⚡ FRAME SPIKE #318: 30.9 ms at 12.9s (Draw: 3552, Bodies: 269)
⚡ PHYSICS SPIKE #65: 11.7 ms at 12.9s (Bodies: 269)
⚡ PHYSICS SPIKE #66: 11.7 ms at 12.9s (Bodies: 268)
⚡ FRAME SPIKE #319: 27.0 ms at 12.9s (Draw: 3553, Bodies: 268)
⚡ PHYSICS SPIKE #67: 11.7 ms at 12.9s (Bodies: 268)
⚡ PHYSICS SPIKE #68: 11.7 ms at 12.9s (Bodies: 269)
⚡ FRAME SPIKE #320: 30.4 ms at 12.9s (Draw: 3561, Bodies: 269)
⚡ PHYSICS SPIKE #69: 11.7 ms at 13.0s (Bodies: 269)
⚡ PHYSICS SPIKE #70: 11.7 ms at 13.0s (Bodies: 270)
⚡ FRAME SPIKE #321: 29.5 ms at 13.0s (Draw: 3553, Bodies: 270)
⚡ PHYSICS SPIKE #71: 11.7 ms at 13.0s (Bodies: 270)
⚡ PHYSICS SPIKE #72: 11.7 ms at 13.0s (Bodies: 271)
⚡ FRAME SPIKE #322: 30.0 ms at 13.0s (Draw: 3551, Bodies: 271)
⚡ PHYSICS SPIKE #73: 11.7 ms at 13.0s (Bodies: 271)
⚡ FRAME SPIKE #323: 28.4 ms at 13.0s (Draw: 3578, Bodies: 272)
⚡ PHYSICS SPIKE #74: 11.7 ms at 13.1s (Bodies: 272)
⚡ PHYSICS SPIKE #75: 11.7 ms at 13.1s (Bodies: 273)
⚡ PHYSICS SPIKE #76: 11.7 ms at 13.1s (Bodies: 273)
⚡ FRAME SPIKE #324: 27.8 ms at 13.1s (Draw: 3643, Bodies: 274)
⚡ PHYSICS SPIKE #77: 11.7 ms at 13.1s (Bodies: 274)
⚡ PHYSICS SPIKE #78: 11.7 ms at 13.1s (Bodies: 275)
⚡ FRAME SPIKE #325: 25.9 ms at 13.1s (Draw: 3634, Bodies: 275)
⚡ PHYSICS SPIKE #79: 11.7 ms at 13.1s (Bodies: 275)
⚡ PHYSICS SPIKE #80: 11.7 ms at 13.1s (Bodies: 276)
⚡ FRAME SPIKE #326: 27.8 ms at 13.1s (Draw: 3628, Bodies: 276)
⚡ PHYSICS SPIKE #81: 11.7 ms at 13.2s (Bodies: 276)
⚡ FRAME SPIKE #327: 27.8 ms at 13.2s (Draw: 3561, Bodies: 277)
⚡ PHYSICS SPIKE #82: 11.7 ms at 13.2s (Bodies: 277)
⚡ PHYSICS SPIKE #83: 11.7 ms at 13.2s (Bodies: 278)
⚡ FRAME SPIKE #328: 27.3 ms at 13.2s (Draw: 3557, Bodies: 278)
⚡ PHYSICS SPIKE #84: 11.7 ms at 13.2s (Bodies: 278)
⚡ PHYSICS SPIKE #85: 11.7 ms at 13.2s (Bodies: 279)
⚡ FRAME SPIKE #329: 27.8 ms at 13.2s (Draw: 3513, Bodies: 279)
⚡ PHYSICS SPIKE #86: 11.7 ms at 13.2s (Bodies: 279)
⚡ FRAME SPIKE #330: 27.8 ms at 13.2s (Draw: 3458, Bodies: 279)
⚡ PHYSICS SPIKE #87: 11.7 ms at 13.3s (Bodies: 279)
⚡ PHYSICS SPIKE #88: 11.7 ms at 13.3s (Bodies: 279)
⚡ FRAME SPIKE #331: 27.4 ms at 13.3s (Draw: 3420, Bodies: 279)
⚡ PHYSICS SPIKE #89: 11.7 ms at 13.3s (Bodies: 279)
⚡ PHYSICS SPIKE #90: 11.7 ms at 13.3s (Bodies: 279)
⚡ FRAME SPIKE #332: 27.8 ms at 13.3s (Draw: 3345, Bodies: 279)
⚡ PHYSICS SPIKE #91: 11.7 ms at 13.3s (Bodies: 279)
⚡ FRAME SPIKE #333: 27.3 ms at 13.3s (Draw: 3335, Bodies: 279)
⚡ PHYSICS SPIKE #92: 11.7 ms at 13.4s (Bodies: 279)
⚡ PHYSICS SPIKE #93: 11.7 ms at 13.4s (Bodies: 279)
⚡ PHYSICS SPIKE #94: 11.7 ms at 13.4s (Bodies: 279)
⚡ FRAME SPIKE #334: 27.3 ms at 13.4s (Draw: 3371, Bodies: 279)
⚡ PHYSICS SPIKE #95: 11.7 ms at 13.4s (Bodies: 279)
⚡ PHYSICS SPIKE #96: 11.7 ms at 13.4s (Bodies: 279)
⚡ PHYSICS SPIKE #97: 11.7 ms at 13.4s (Bodies: 279)
⚡ FRAME SPIKE #335: 26.7 ms at 13.4s (Draw: 3428, Bodies: 279)
⚡ PHYSICS SPIKE #98: 11.7 ms at 13.5s (Bodies: 279)
⚡ PHYSICS SPIKE #99: 11.7 ms at 13.5s (Bodies: 280)
⚡ PHYSICS SPIKE #100: 11.7 ms at 13.5s (Bodies: 280)
⚡ FRAME SPIKE #336: 25.9 ms at 13.5s (Draw: 3471, Bodies: 280)
⚡ PHYSICS SPIKE #101: 11.7 ms at 13.5s (Bodies: 280)
⚡ PHYSICS SPIKE #102: 11.7 ms at 13.5s (Bodies: 280)
⚡ FRAME SPIKE #337: 25.2 ms at 13.5s (Draw: 3487, Bodies: 280)
⚡ PHYSICS SPIKE #103: 11.7 ms at 13.5s (Bodies: 280)
⚡ FRAME SPIKE #338: 25.8 ms at 13.5s (Draw: 3503, Bodies: 280)
⚡ PHYSICS SPIKE #104: 11.7 ms at 13.6s (Bodies: 280)
⚡ PHYSICS SPIKE #105: 11.7 ms at 13.6s (Bodies: 280)
⚡ PHYSICS SPIKE #106: 11.7 ms at 13.6s (Bodies: 280)
⚡ PHYSICS SPIKE #107: 11.7 ms at 13.6s (Bodies: 280)
⚡ PHYSICS SPIKE #108: 11.7 ms at 13.6s (Bodies: 280)
⚡ PHYSICS SPIKE #109: 11.7 ms at 13.6s (Bodies: 280)
⚡ PHYSICS SPIKE #110: 11.7 ms at 13.7s (Bodies: 280)
⚡ PHYSICS SPIKE #111: 11.7 ms at 13.7s (Bodies: 280)
⚡ PHYSICS SPIKE #112: 11.7 ms at 13.7s (Bodies: 280)
⚡ PHYSICS SPIKE #113: 11.7 ms at 13.7s (Bodies: 280)
⚡ PHYSICS SPIKE #114: 11.7 ms at 13.7s (Bodies: 280)
⚡ PHYSICS SPIKE #115: 11.7 ms at 13.7s (Bodies: 280)
⚡ PHYSICS SPIKE #116: 11.7 ms at 13.8s (Bodies: 280)
⚡ PHYSICS SPIKE #117: 11.7 ms at 13.8s (Bodies: 280)
⚡ PHYSICS SPIKE #118: 11.7 ms at 13.8s (Bodies: 280)
⚡ PHYSICS SPIKE #119: 11.7 ms at 13.8s (Bodies: 280)
⚡ PHYSICS SPIKE #120: 11.7 ms at 13.8s (Bodies: 280)

=== PERFORMANCE METRICS ===
FPS: 38 | Frame: 31.7 ms (max 99.1) | Physics: 16.6 ms (max 95.9)
Godot Process: 18.21 ms | Physics: 7.10 ms
Objects: 38298 | Nodes: 15975 | Resources: 536
Draw calls: 3343 | Vertices: 6640797 | VRAM: 728.2 MB
Physics bodies: 279 | Collision pairs: 3035
--- System Times ---
  road_batch_finalize_total_-1,-1: 37.91 ms (max 37.91)
  road_batch_finalize_total_-1,-2: 5.38 ms (max 5.38)
  road_batch_finalize_total_-1,-3: 18.90 ms (max 18.90)
  road_batch_finalize_total_-1,0: 15.37 ms (max 15.37)
  road_batch_finalize_total_-2,-1: 21.62 ms (max 21.62)
  road_batch_finalize_total_-2,-2: 21.09 ms (max 21.09)
  road_batch_finalize_total_-2,0: 20.10 ms (max 20.10)
  road_batch_finalize_total_0,-1: 21.54 ms (max 21.54)
  road_batch_finalize_total_0,-2: 22.39 ms (max 22.39)
  road_batch_finalize_total_0,-3: 21.91 ms (max 21.91)
  road_batch_finalize_total_0,0: 21.71 ms (max 21.71)
  road_batch_finalize_total_0,1: 14.98 ms (max 14.98)
  road_batch_finalize_total_1,-1: 16.94 ms (max 16.94)
  road_batch_finalize_total_1,-2: 28.13 ms (max 28.13)
  road_batch_finalize_total_1,0: 12.65 ms (max 12.65)
  road_collision_create_-1,-1: 12.40 ms (max 31.01)
  road_collision_create_-1,-2: 2.46 ms (max 2.91)
  road_collision_create_-1,-3: 5.99 ms (max 14.40)
  road_collision_create_-1,0: 7.44 ms (max 12.79)
  road_collision_create_-2,-1: 6.98 ms (max 14.94)
  road_collision_create_-2,-2: 10.28 ms (max 18.80)
  road_collision_create_-2,0: 9.79 ms (max 16.48)
  road_collision_create_0,-1: 6.95 ms (max 15.59)
  road_collision_create_0,-2: 7.12 ms (max 15.17)
  road_collision_create_0,-3: 6.88 ms (max 14.64)
  road_collision_create_0,0: 7.01 ms (max 18.11)
  road_collision_create_0,1: 14.74 ms (max 14.74)
  road_collision_create_1,-1: 5.46 ms (max 13.21)
  road_collision_create_1,-2: 13.78 ms (max 25.15)
  road_collision_create_1,0: 12.42 ms (max 12.42)
===========================

=== PERFORMANCE METRICS ===
FPS: 38 | Frame: 31.7 ms (max 99.1) | Physics: 16.6 ms (max 96.1)
Godot Process: 18.21 ms | Physics: 7.10 ms
Objects: 38298 | Nodes: 15975 | Resources: 536
Draw calls: 3343 | Vertices: 6640797 | VRAM: 728.2 MB
Physics bodies: 279 | Collision pairs: 3035
===========================
🚗 Traffic: 26 active NPCs (Near: 8, Mid: 12, Far: 6), 2 pooled
  → Physics bodies from NPCs: 26 (All: 26×1, было бы 26×5=130)

========== Bottleneck Analysis Report ==========
Time: 24.4s | Frames: 746

📊 PERFORMANCE OVERVIEW:
  FPS: 29.7 avg | 20.0 min
  Frame Time: 41.27 ms avg | 90.17 ms max
  Physics Time: 8.16 ms avg

🔍 BOTTLENECK IDENTIFICATION:
  🔴 [CRITICAL] Frame Time
      Value: 41.27 ms (target: 16.67 ms)
      Impact: Overall performance bottleneck
      Suggestions:
        • Reduce draw calls
        • Optimize scripts in _process()
        • Check for expensive operations per frame

  🟠 [HIGH] Draw Calls
      Value: 4140 calls/frame
      Impact: GPU rendering overhead
      Suggestions:
        • Batch meshes by material
        • Use MultiMeshInstance3D
        • Implement LOD system
        • Enable frustum culling

  🟠 [HIGH] Physics Bodies
      Value: 254 active bodies
      Impact: Physics engine load
      Suggestions:
        • Reduce NPC count
        • Convert distant NPCs to kinematic
        • Disable physics for far objects

  🟡 [MEDIUM] Physics Time
      Value: 8.16 ms
      Impact: Physics simulation overhead
      Suggestions:
        • Reduce number of active physics bodies
        • Simplify collision shapes
        • Disable physics for distant objects

  🟡 [MEDIUM] Vertex Count
      Value: 13940214 vertices/frame
      Impact: GPU vertex processing
      Suggestions:
        • Implement LOD for distant objects
        • Simplify building meshes
        • Use lower poly models

  🟡 [MEDIUM] Node Count
      Value: 15975 nodes
      Impact: Scene tree traversal overhead
      Suggestions:
        • Unload distant chunks
        • Pool and reuse nodes
        • Flatten hierarchy where possible

  🟡 [MEDIUM] Post-Processing Effects
      Value: SSAO, Glow/Bloom, Volumetric Fog
      Impact: GPU shader overhead
      Suggestions:
        • Reduce SSR quality
        • Disable SSAO on low-end hardware
        • Use simpler fog

📈 DETAILED STATS:
  Draw Calls: 4140 avg | 6143 max
  Vertices: 13940214 avg | 49838330 max
  Physics Bodies: 254
  Nodes: 15975
  VRAM: 728.2 MB

=================================================

⚡ FRAME SPIKE #339: 25.2 ms at 14.7s (Draw: 3254, Bodies: 280)
⚡ FRAME SPIKE #340: 25.1 ms at 15.6s (Draw: 3218, Bodies: 282)
⚡ FRAME SPIKE #341: 25.9 ms at 15.8s (Draw: 3192, Bodies: 282)
⚡ FRAME SPIKE #342: 26.4 ms at 15.9s (Draw: 3190, Bodies: 282)
⚡ FRAME SPIKE #343: 25.4 ms at 15.9s (Draw: 3181, Bodies: 282)
🚗 Traffic: 29 active NPCs (Near: 3, Mid: 16, Far: 10), 0 pooled
  → Physics bodies from NPCs: 29 (All: 29×1, было бы 29×5=145)

========== Bottleneck Analysis Report ==========
Time: 26.4s | Frames: 830

📊 PERFORMANCE OVERVIEW:
  FPS: 38.5 avg | 32.0 min
  Frame Time: 19.14 ms avg | 25.21 ms max
  Physics Time: 7.84 ms avg

🔍 BOTTLENECK IDENTIFICATION:
  🟠 [HIGH] Frame Time
      Value: 19.14 ms (target: 16.67 ms)
      Impact: Overall performance bottleneck
      Suggestions:
        • Reduce draw calls
        • Optimize scripts in _process()
        • Check for expensive operations per frame

  🟠 [HIGH] Draw Calls
      Value: 3273 calls/frame
      Impact: GPU rendering overhead
      Suggestions:
        • Batch meshes by material
        • Use MultiMeshInstance3D
        • Implement LOD system
        • Enable frustum culling

  🟠 [HIGH] Physics Bodies
      Value: 280 active bodies
      Impact: Physics engine load
      Suggestions:
        • Reduce NPC count
        • Convert distant NPCs to kinematic
        • Disable physics for far objects

  🟡 [MEDIUM] Physics Time
      Value: 7.84 ms
      Impact: Physics simulation overhead
      Suggestions:
        • Reduce number of active physics bodies
        • Simplify collision shapes
        • Disable physics for distant objects

  🟡 [MEDIUM] Vertex Count
      Value: 6651204 vertices/frame
      Impact: GPU vertex processing
      Suggestions:
        • Implement LOD for distant objects
        • Simplify building meshes
        • Use lower poly models

  🟡 [MEDIUM] Node Count
      Value: 15996 nodes
      Impact: Scene tree traversal overhead
      Suggestions:
        • Unload distant chunks
        • Pool and reuse nodes
        • Flatten hierarchy where possible

  🟡 [MEDIUM] Post-Processing Effects
      Value: SSAO, Glow/Bloom, Volumetric Fog
      Impact: GPU shader overhead
      Suggestions:
        • Reduce SSR quality
        • Disable SSAO on low-end hardware
        • Use simpler fog

📈 DETAILED STATS:
  Draw Calls: 3273 avg | 3526 max
  Vertices: 6651204 avg | 6727999 max
  Physics Bodies: 280
  Nodes: 15996
  VRAM: 728.2 MB

=================================================

⚡ FRAME SPIKE #344: 53.2 ms at 16.5s (Draw: 3122, Bodies: 283)
⚡ FRAME SPIKE #345: 34.9 ms at 16.6s (Draw: 3127, Bodies: 283)
⚡ FRAME SPIKE #346: 33.3 ms at 16.6s (Draw: 3133, Bodies: 283)
⚡ FRAME SPIKE #347: 33.3 ms at 16.6s (Draw: 3156, Bodies: 283)
⚡ FRAME SPIKE #348: 33.3 ms at 16.7s (Draw: 3151, Bodies: 283)
⚡ FRAME SPIKE #349: 33.3 ms at 16.7s (Draw: 3146, Bodies: 283)
⚡ FRAME SPIKE #350: 32.0 ms at 16.7s (Draw: 3129, Bodies: 283)
⚡ FRAME SPIKE #351: 27.4 ms at 16.8s (Draw: 3129, Bodies: 283)
⚡ FRAME SPIKE #352: 28.9 ms at 16.8s (Draw: 3131, Bodies: 283)
⚡ FRAME SPIKE #353: 27.8 ms at 16.8s (Draw: 3128, Bodies: 283)
⚡ FRAME SPIKE #354: 26.2 ms at 16.9s (Draw: 3119, Bodies: 283)
⚡ FRAME SPIKE #355: 25.9 ms at 16.9s (Draw: 3112, Bodies: 283)
OSM: Loading chunk -2,-3 at lat=59.1235, lon=37.8921
OSM: Loaded from cache: osm_v2_59.1235_37.8921_250.json
OSM: Loading chunk 1,-3 at lat=59.1235, lon=37.9079
OSM: Loaded from cache: osm_v2_59.1235_37.9079_250.json
OSM: Chunk -2,-3 data loaded
OSM: Found 14 POI nodes in chunk
POI_DEBUG: Found 'Аптека+' inside building at local (-584.9, -728.9)
OSM: Generated 36 roads, 41 buildings, 0 trees, 0 signs, 0 lamps, 26 intersections
OSM: Marked chunk '-2,-3' for road batch finalization
OSM: Post-initial chunk loaded, pending_lamps=442
OSM: _create_pending_lamps started, count=442
OSM: Created 255 lamps, skipped 187 (added to infrastructure queue)
OSM: Chunk 1,-3 data loaded
OSM: Found 4 entrance nodes in chunk
OSM: Found 29 POI nodes in chunk
POI_DEBUG: Found 'Бон Аппетит' inside building at local (536.3, -777.3)
POI_DEBUG: Found 'Осетинские пироги' inside building at local (571.7, -769.5)
POI_DEBUG: Found 'Ткани для Вас' inside building at local (630.6, -755.6)
POI_DEBUG: Found 'Аста-запчасти' inside building at local (556.2, -773.0)
POI_DEBUG: Found 'Coffee Like' inside building at local (572.0, -760.4)
POI_DEBUG: Found 'Шексна' inside building at local (409.3, -852.9)
POI_DEBUG: Found 'Ozon' inside building at local (392.2, -869.7)
BusinessSign: Found logo for 'ozon' -> res://textures/brand_logos/ozon.png
POI_DEBUG: Found 'Академия слуха' inside building at local (369.2, -911.4)
POI_DEBUG: Found 'DNS' inside building at local (364.5, -739.9)
POI_DEBUG: Found 'Пятёрочка' inside building at local (336.8, -729.4)
POI_DEBUG: Found 'Антей' inside building at local (359.3, -721.5)
BusinessSign: Found logo for 'dns' -> res://textures/brand_logos/dns.png
Loading resource: res://textures/brand_logos/dns.png
Loading resource: res://.godot/imported/dns.png-a78c4eefe01684ddab8fef68c4a2d1e5.ctex
BusinessSign: Found logo for 'пятёрочка' -> res://textures/brand_logos/pyaterochka.png
POI_DEBUG: Found 'Десяточка' inside building at local (434.3, -758.0)
POI_DEBUG: Found 'Алоэ' inside building at local (425.4, -758.1)
POI_DEBUG: Found 'МТС' inside building at local (420.4, -759.2)
BusinessSign: Found logo for 'мтс' -> res://textures/brand_logos/mts.png
Loading resource: res://textures/brand_logos/mts.png
Loading resource: res://.godot/imported/mts.png-2f4f8c344a076d2089587acd6374089a.ctex
POI_DEBUG: Found 'Россельхозбанк' inside building at local (465.8, -706.4)
POI_DEBUG: Found 'OTP-банк' inside building at local (592.3, -604.5)
POI_DEBUG: Found 'ВТБ' inside building at local (594.8, -612.1)
POI_DEBUG: Found 'Шашлычек' inside building at local (589.3, -592.4)
POI_DEBUG: Found 'Easy Slip' inside building at local (581.6, -593.1)
BusinessSign: Found logo for 'втб' -> res://textures/brand_logos/vtb.png
POI_DEBUG: Found 'СДЭК' inside building at local (536.8, -743.2)
POI_DEBUG: Found 'Ozon' inside building at local (559.0, -660.9)
BusinessSign: Found logo for 'ozon' -> res://textures/brand_logos/ozon.png
BusinessSign: Found logo for 'пятёрочка' -> res://textures/brand_logos/pyaterochka.png
OSM: Generated 55 roads, 18 buildings, 0 trees, 0 signs, 0 lamps, 28 intersections
OSM: Marked chunk '1,-3' for road batch finalization
OSM: Post-initial chunk loaded, pending_lamps=0
OSM: _create_pending_lamps started, count=0
OSM: No pending lamps
⚡ FRAME SPIKE #356: 126.5 ms at 18.2s (Draw: 3395, Bodies: 285)
OSM: DEBUG _add_road_to_batch - first road for chunk '1,-3', parent.name='Chunk_1,-3'
OSM: DEBUG _add_road_to_batch - first road for chunk '-2,-3', parent.name='Chunk_-2,-3'
OSM: DEBUG - First lamp added to chunk 0,-3 batch
⚠️ SLOW FRAME 12.5ms: building=0.7 road=10.6 terrain=0.3 infra=0.9 veg=0.0 curb=0.0ms
🚗 Traffic: 29 active NPCs (Near: 0, Mid: 15, Far: 14), 2 pooled
  → Physics bodies from NPCs: 29 (All: 29×1, было бы 29×5=145)

========== Bottleneck Analysis Report ==========
Time: 28.6s | Frames: 911

📊 PERFORMANCE OVERVIEW:
  FPS: 40.1 avg | 37.0 min
  Frame Time: 27.08 ms avg | 42.95 ms max
  Physics Time: 7.19 ms avg

🔍 BOTTLENECK IDENTIFICATION:
  🟠 [HIGH] Frame Time
      Value: 27.08 ms (target: 16.67 ms)
      Impact: Overall performance bottleneck
      Suggestions:
        • Reduce draw calls
        • Optimize scripts in _process()
        • Check for expensive operations per frame

  🟠 [HIGH] Draw Calls
      Value: 3128 calls/frame
      Impact: GPU rendering overhead
      Suggestions:
        • Batch meshes by material
        • Use MultiMeshInstance3D
        • Implement LOD system
        • Enable frustum culling

  🟠 [HIGH] Physics Bodies
      Value: 282 active bodies
      Impact: Physics engine load
      Suggestions:
        • Reduce NPC count
        • Convert distant NPCs to kinematic
        • Disable physics for far objects

  🟡 [MEDIUM] Physics Time
      Value: 7.19 ms
      Impact: Physics simulation overhead
      Suggestions:
        • Reduce number of active physics bodies
        • Simplify collision shapes
        • Disable physics for distant objects

  🟡 [MEDIUM] Vertex Count
      Value: 6602218 vertices/frame
      Impact: GPU vertex processing
      Suggestions:
        • Implement LOD for distant objects
        • Simplify building meshes
        • Use lower poly models

  🟡 [MEDIUM] Node Count
      Value: 16812 nodes
      Impact: Scene tree traversal overhead
      Suggestions:
        • Unload distant chunks
        • Pool and reuse nodes
        • Flatten hierarchy where possible

  🟡 [MEDIUM] Post-Processing Effects
      Value: SSAO, Glow/Bloom, Volumetric Fog
      Impact: GPU shader overhead
      Suggestions:
        • Reduce SSR quality
        • Disable SSAO on low-end hardware
        • Use simpler fog

📈 DETAILED STATS:
  Draw Calls: 3128 avg | 3395 max
  Vertices: 6602218 avg | 6744803 max
  Physics Bodies: 282
  Nodes: 16812
  VRAM: 728.8 MB

=================================================

⚡ FRAME SPIKE #357: 87.1 ms at 18.3s (Draw: 3405, Bodies: 285)
⚡ FRAME SPIKE #358: 52.6 ms at 18.4s (Draw: 3415, Bodies: 285)
⚡ FRAME SPIKE #359: 47.4 ms at 18.5s (Draw: 3422, Bodies: 285)
⚠️ SLOW FRAME 12.1ms: building=0.7 road=5.2 terrain=0.2 infra=0.5 veg=5.5 curb=0.0ms
⚡ FRAME SPIKE #360: 40.3 ms at 18.5s (Draw: 3425, Bodies: 285)
⚠️ SLOW FRAME 11.8ms: building=0.5 road=10.6 terrain=0.2 infra=0.5 veg=0.0 curb=0.0ms
⚡ FRAME SPIKE #361: 45.8 ms at 18.5s (Draw: 3693, Bodies: 287)
⚡ FRAME SPIKE #362: 43.3 ms at 18.6s (Draw: 3706, Bodies: 287)
🔴 FREEZE: road collision shape creation took 10.4 ms for chunk -2,-3 (type: residential)
OSM: ✅ Finalized road batch -2,-3/residential: 1996 vertices, 1940 triangles, material: <ImageTexture#-9223371972648368119>
OSM: ✅ Finalized road batch -2,-3/primary: 410 vertices, 406 triangles, material: <ImageTexture#-9223371972749031416>
OSM: ✅ Finalized road batch -2,-3/path: 658 vertices, 646 triangles, material: <ImageTexture#-9223371972547704822>
⚠️ SLOW: road batch finalization took 14.9 ms for chunk -2,-3
⚠️ SLOW FRAME 16.2ms: building=0.5 road=15.0 terrain=0.2 infra=0.5 veg=0.0 curb=0.0ms
⚡ FRAME SPIKE #363: 44.4 ms at 18.6s (Draw: 3709, Bodies: 287)
OSM: ✅ Finalized road batch 1,-3/residential: 1686 vertices, 1624 triangles, material: <ImageTexture#-9223371972648368119>
OSM: ✅ Finalized road batch 1,-3/path: 1238 vertices, 1192 triangles, material: <ImageTexture#-9223371972547704822>
OSM: ✅ Finalized road batch 1,-3/primary: 180 vertices, 178 triangles, material: <ImageTexture#-9223371972749031416>
⚠️ SLOW: road batch finalization took 9.4 ms for chunk 1,-3
⚠️ SLOW FRAME 10.7ms: building=0.5 road=9.5 terrain=0.2 infra=0.5 veg=0.0 curb=0.0ms
⚡ FRAME SPIKE #364: 44.4 ms at 18.7s (Draw: 3709, Bodies: 287)
⚡ FRAME SPIKE #365: 43.8 ms at 18.7s (Draw: 3717, Bodies: 285)
⚡ FRAME SPIKE #366: 32.2 ms at 18.8s (Draw: 3723, Bodies: 285)
⚡ FRAME SPIKE #367: 32.0 ms at 18.8s (Draw: 3723, Bodies: 285)
⚡ FRAME SPIKE #368: 32.6 ms at 18.8s (Draw: 3720, Bodies: 285)
OSM: DEBUG - First lamp added to chunk -1,-3 batch
⚡ FRAME SPIKE #369: 31.5 ms at 18.9s (Draw: 3721, Bodies: 285)
⚡ FRAME SPIKE #370: 31.3 ms at 18.9s (Draw: 3729, Bodies: 284)
⚡ FRAME SPIKE #371: 33.3 ms at 18.9s (Draw: 3721, Bodies: 283)
⚡ FRAME SPIKE #372: 31.3 ms at 19.0s (Draw: 3732, Bodies: 283)
⚡ FRAME SPIKE #373: 33.4 ms at 19.0s (Draw: 3738, Bodies: 283)
⚡ FRAME SPIKE #374: 33.4 ms at 19.0s (Draw: 3763, Bodies: 283)
⚡ FRAME SPIKE #375: 32.3 ms at 19.1s (Draw: 3762, Bodies: 283)
⚡ FRAME SPIKE #376: 32.2 ms at 19.1s (Draw: 3752, Bodies: 283)
⚡ FRAME SPIKE #377: 31.4 ms at 19.1s (Draw: 3734, Bodies: 282)

=== PERFORMANCE METRICS ===
FPS: 27 | Frame: 28.7 ms (max 126.5) | Physics: 16.7 ms (max 124.6)
Godot Process: 117.91 ms | Physics: 7.40 ms
Objects: 42219 | Nodes: 17594 | Resources: 538
Draw calls: 3734 | Vertices: 6148292 | VRAM: 729.3 MB
Physics bodies: 282 | Collision pairs: 3352
--- System Times ---
  road_batch_finalize_total_-1,-1: 37.91 ms (max 37.91)
  road_batch_finalize_total_-1,-2: 5.38 ms (max 5.38)
  road_batch_finalize_total_-1,-3: 18.90 ms (max 18.90)
  road_batch_finalize_total_-1,0: 15.37 ms (max 15.37)
  road_batch_finalize_total_-2,-1: 21.62 ms (max 21.62)
  road_batch_finalize_total_-2,-2: 21.09 ms (max 21.09)
  road_batch_finalize_total_-2,-3: 14.94 ms (max 14.94)
  road_batch_finalize_total_-2,0: 20.10 ms (max 20.10)
  road_batch_finalize_total_0,-1: 21.54 ms (max 21.54)
  road_batch_finalize_total_0,-2: 22.39 ms (max 22.39)
  road_batch_finalize_total_0,-3: 21.91 ms (max 21.91)
  road_batch_finalize_total_0,0: 21.71 ms (max 21.71)
  road_batch_finalize_total_0,1: 14.98 ms (max 14.98)
  road_batch_finalize_total_1,-1: 16.94 ms (max 16.94)
  road_batch_finalize_total_1,-2: 28.13 ms (max 28.13)
  road_batch_finalize_total_1,-3: 9.44 ms (max 9.44)
  road_batch_finalize_total_1,0: 12.65 ms (max 12.65)
  road_collision_create_-1,-1: 12.40 ms (max 31.01)
  road_collision_create_-1,-2: 2.46 ms (max 2.91)
  road_collision_create_-1,-3: 5.99 ms (max 14.40)
  road_collision_create_-1,0: 7.44 ms (max 12.79)
  road_collision_create_-2,-1: 6.98 ms (max 14.94)
  road_collision_create_-2,-2: 10.28 ms (max 18.80)
  road_collision_create_-2,-3: 4.66 ms (max 10.35)
  road_collision_create_-2,0: 9.79 ms (max 16.48)
  road_collision_create_0,-1: 6.95 ms (max 15.59)
  road_collision_create_0,-2: 7.12 ms (max 15.17)
  road_collision_create_0,-3: 6.88 ms (max 14.64)
  road_collision_create_0,0: 7.01 ms (max 18.11)
  road_collision_create_0,1: 14.74 ms (max 14.74)
  road_collision_create_1,-1: 5.46 ms (max 13.21)
  road_collision_create_1,-2: 13.78 ms (max 25.15)
  road_collision_create_1,-3: 2.87 ms (max 4.69)
  road_collision_create_1,0: 12.42 ms (max 12.42)
===========================

=== PERFORMANCE METRICS ===
FPS: 27 | Frame: 28.7 ms (max 126.5) | Physics: 16.7 ms (max 124.7)
Godot Process: 117.91 ms | Physics: 7.40 ms
Objects: 42219 | Nodes: 17594 | Resources: 538
Draw calls: 3734 | Vertices: 6148292 | VRAM: 729.3 MB
Physics bodies: 282 | Collision pairs: 3352
===========================
⚡ FRAME SPIKE #378: 26.6 ms at 19.1s (Draw: 3728, Bodies: 282)
⚡ FRAME SPIKE #379: 31.3 ms at 19.2s (Draw: 3712, Bodies: 282)
⚡ FRAME SPIKE #380: 31.0 ms at 19.2s (Draw: 3671, Bodies: 282)
⚡ FRAME SPIKE #381: 31.3 ms at 19.2s (Draw: 3648, Bodies: 282)
⚡ FRAME SPIKE #382: 31.3 ms at 19.3s (Draw: 3638, Bodies: 282)
⚡ FRAME SPIKE #383: 30.6 ms at 19.3s (Draw: 3636, Bodies: 282)
⚡ FRAME SPIKE #384: 30.2 ms at 19.4s (Draw: 3631, Bodies: 282)
⚡ FRAME SPIKE #385: 31.1 ms at 19.4s (Draw: 3636, Bodies: 282)
⚡ FRAME SPIKE #386: 30.0 ms at 19.4s (Draw: 3640, Bodies: 282)
⚡ FRAME SPIKE #387: 28.9 ms at 19.4s (Draw: 3633, Bodies: 281)
⚡ FRAME SPIKE #388: 30.0 ms at 19.5s (Draw: 3648, Bodies: 281)
⚡ FRAME SPIKE #389: 30.0 ms at 19.5s (Draw: 3667, Bodies: 281)
⚡ FRAME SPIKE #390: 31.1 ms at 19.5s (Draw: 3667, Bodies: 281)
⚡ FRAME SPIKE #391: 29.8 ms at 19.6s (Draw: 3667, Bodies: 282)
⚡ FRAME SPIKE #392: 29.6 ms at 19.6s (Draw: 3677, Bodies: 282)
⚡ FRAME SPIKE #393: 29.6 ms at 19.6s (Draw: 3714, Bodies: 282)
⚡ FRAME SPIKE #394: 30.0 ms at 19.7s (Draw: 3737, Bodies: 282)
⚡ FRAME SPIKE #395: 31.0 ms at 19.7s (Draw: 3743, Bodies: 282)
⚡ FRAME SPIKE #396: 30.0 ms at 19.7s (Draw: 3745, Bodies: 282)
⚡ FRAME SPIKE #397: 29.6 ms at 19.7s (Draw: 3750, Bodies: 282)
⚡ FRAME SPIKE #398: 30.0 ms at 19.8s (Draw: 3737, Bodies: 282)
⚡ FRAME SPIKE #399: 30.0 ms at 19.8s (Draw: 3738, Bodies: 282)
⚡ FRAME SPIKE #400: 30.4 ms at 19.8s (Draw: 3720, Bodies: 282)
⚡ FRAME SPIKE #401: 30.0 ms at 19.9s (Draw: 3706, Bodies: 282)
⚡ FRAME SPIKE #402: 29.6 ms at 19.9s (Draw: 3694, Bodies: 282)
⚡ FRAME SPIKE #403: 30.0 ms at 19.9s (Draw: 3678, Bodies: 282)
⚡ FRAME SPIKE #404: 30.0 ms at 20.0s (Draw: 3653, Bodies: 282)
⚡ FRAME SPIKE #405: 30.4 ms at 20.0s (Draw: 3620, Bodies: 282)
⚡ FRAME SPIKE #406: 32.9 ms at 20.0s (Draw: 3620, Bodies: 282)
OSM: 🌙 NIGHT Window batch 1,-3 | night_mgr: CACHED | is_night value: true
OSM: ✅ Finalized window batch 1,-3: 4506 windows (was 4506 draw calls before batching)
⚡ FRAME SPIKE #407: 30.0 ms at 20.0s (Draw: 3640, Bodies: 282)
OSM: 🌙 NIGHT Window batch -2,-3 | night_mgr: CACHED | is_night value: true
OSM: ✅ Finalized window batch -2,-3: 5341 windows (was 5341 draw calls before batching)
⚡ FRAME SPIKE #408: 30.0 ms at 20.1s (Draw: 3654, Bodies: 282)
⚡ FRAME SPIKE #409: 30.0 ms at 20.1s (Draw: 3662, Bodies: 282)
⚡ FRAME SPIKE #410: 30.0 ms at 20.1s (Draw: 3665, Bodies: 282)
⚡ FRAME SPIKE #411: 30.0 ms at 20.2s (Draw: 3665, Bodies: 282)
⚡ FRAME SPIKE #412: 29.6 ms at 20.2s (Draw: 3665, Bodies: 282)
⚡ FRAME SPIKE #413: 29.6 ms at 20.2s (Draw: 3671, Bodies: 282)
⚡ FRAME SPIKE #414: 29.6 ms at 20.3s (Draw: 3673, Bodies: 282)
⚡ FRAME SPIKE #415: 28.2 ms at 20.3s (Draw: 3688, Bodies: 282)
🚗 Traffic: 26 active NPCs (Near: 0, Mid: 10, Far: 16), 5 pooled
  → Physics bodies from NPCs: 26 (All: 26×1, было бы 26×5=130)

========== Bottleneck Analysis Report ==========
Time: 30.5s | Frames: 971

📊 PERFORMANCE OVERVIEW:
  FPS: 35.1 avg | 27.0 min
  Frame Time: 54.65 ms avg | 117.91 ms max
  Physics Time: 7.36 ms avg

🔍 BOTTLENECK IDENTIFICATION:
  🔴 [CRITICAL] Frame Time
      Value: 54.65 ms (target: 16.67 ms)
      Impact: Overall performance bottleneck
      Suggestions:
        • Reduce draw calls
        • Optimize scripts in _process()
        • Check for expensive operations per frame

  🟠 [HIGH] Draw Calls
      Value: 3378 calls/frame
      Impact: GPU rendering overhead
      Suggestions:
        • Batch meshes by material
        • Use MultiMeshInstance3D
        • Implement LOD system
        • Enable frustum culling

  🟠 [HIGH] Physics Bodies
      Value: 282 active bodies
      Impact: Physics engine load
      Suggestions:
        • Reduce NPC count
        • Convert distant NPCs to kinematic
        • Disable physics for far objects

  🟡 [MEDIUM] Physics Time
      Value: 7.36 ms
      Impact: Physics simulation overhead
      Suggestions:
        • Reduce number of active physics bodies
        • Simplify collision shapes
        • Disable physics for distant objects

  🟡 [MEDIUM] Vertex Count
      Value: 6383668 vertices/frame
      Impact: GPU vertex processing
      Suggestions:
        • Implement LOD for distant objects
        • Simplify building meshes
        • Use lower poly models

  🟡 [MEDIUM] Node Count
      Value: 18988 nodes
      Impact: Scene tree traversal overhead
      Suggestions:
        • Unload distant chunks
        • Pool and reuse nodes
        • Flatten hierarchy where possible

  🟡 [MEDIUM] Post-Processing Effects
      Value: SSAO, Glow/Bloom, Volumetric Fog
      Impact: GPU shader overhead
      Suggestions:
        • Reduce SSR quality
        • Disable SSAO on low-end hardware
        • Use simpler fog

📈 DETAILED STATS:
  Draw Calls: 3378 avg | 3763 max
  Vertices: 6383668 avg | 6653969 max
  Physics Bodies: 282
  Nodes: 18988
  VRAM: 731.1 MB

=================================================

⚡ FRAME SPIKE #416: 29.6 ms at 20.3s (Draw: 3692, Bodies: 282)
⚡ FRAME SPIKE #417: 29.6 ms at 20.3s (Draw: 3701, Bodies: 282)
⚡ FRAME SPIKE #418: 29.6 ms at 20.4s (Draw: 3706, Bodies: 282)
⚡ FRAME SPIKE #419: 29.6 ms at 20.4s (Draw: 3703, Bodies: 282)
⚡ FRAME SPIKE #420: 29.6 ms at 20.4s (Draw: 3721, Bodies: 283)
⚡ FRAME SPIKE #421: 28.7 ms at 20.5s (Draw: 3723, Bodies: 282)
⚡ FRAME SPIKE #422: 28.5 ms at 20.5s (Draw: 3739, Bodies: 282)
⚡ FRAME SPIKE #423: 30.0 ms at 20.6s (Draw: 3749, Bodies: 284)
⚡ FRAME SPIKE #424: 28.3 ms at 20.6s (Draw: 3752, Bodies: 284)
⚡ FRAME SPIKE #425: 25.9 ms at 20.6s (Draw: 3755, Bodies: 284)
⚡ FRAME SPIKE #426: 29.1 ms at 20.7s (Draw: 3755, Bodies: 284)
⚡ FRAME SPIKE #427: 27.8 ms at 20.7s (Draw: 3756, Bodies: 284)
⚡ FRAME SPIKE #428: 25.9 ms at 20.7s (Draw: 3755, Bodies: 284)
⚡ FRAME SPIKE #429: 29.7 ms at 20.7s (Draw: 3757, Bodies: 284)
⚡ FRAME SPIKE #430: 27.8 ms at 20.8s (Draw: 3775, Bodies: 284)
⚡ FRAME SPIKE #431: 25.6 ms at 20.8s (Draw: 3785, Bodies: 284)
⚡ FRAME SPIKE #432: 30.0 ms at 20.8s (Draw: 3802, Bodies: 285)
⚡ FRAME SPIKE #433: 27.8 ms at 20.8s (Draw: 3823, Bodies: 285)
⚡ FRAME SPIKE #434: 26.3 ms at 20.9s (Draw: 3829, Bodies: 285)
⚡ FRAME SPIKE #435: 29.2 ms at 20.9s (Draw: 3831, Bodies: 286)
⚡ FRAME SPIKE #436: 27.8 ms at 20.9s (Draw: 3846, Bodies: 286)
⚡ FRAME SPIKE #437: 27.3 ms at 21.0s (Draw: 3844, Bodies: 286)
⚡ FRAME SPIKE #438: 28.3 ms at 21.0s (Draw: 3857, Bodies: 286)
⚡ FRAME SPIKE #439: 27.8 ms at 21.0s (Draw: 3866, Bodies: 285)
⚡ FRAME SPIKE #440: 27.8 ms at 21.0s (Draw: 3892, Bodies: 285)
⚡ FRAME SPIKE #441: 27.8 ms at 21.1s (Draw: 3919, Bodies: 285)
⚡ FRAME SPIKE #442: 27.8 ms at 21.1s (Draw: 3993, Bodies: 285)
⚡ FRAME SPIKE #443: 27.8 ms at 21.1s (Draw: 4010, Bodies: 285)
⚡ FRAME SPIKE #444: 27.8 ms at 21.2s (Draw: 4015, Bodies: 285)
⚡ FRAME SPIKE #445: 27.8 ms at 21.2s (Draw: 4020, Bodies: 285)
OSM: DEBUG - First lamp added to chunk -2,-3 batch
⚡ FRAME SPIKE #446: 27.8 ms at 21.2s (Draw: 4018, Bodies: 285)
⚡ FRAME SPIKE #447: 27.8 ms at 21.2s (Draw: 4029, Bodies: 285)
⚡ FRAME SPIKE #448: 27.8 ms at 21.3s (Draw: 4038, Bodies: 285)
⚡ FRAME SPIKE #449: 27.4 ms at 21.3s (Draw: 4048, Bodies: 285)
⚡ FRAME SPIKE #450: 28.1 ms at 21.3s (Draw: 4055, Bodies: 285)
⚡ FRAME SPIKE #451: 27.8 ms at 21.3s (Draw: 4066, Bodies: 286)
⚡ FRAME SPIKE #452: 26.5 ms at 21.4s (Draw: 4061, Bodies: 286)
⚡ FRAME SPIKE #453: 29.0 ms at 21.4s (Draw: 4057, Bodies: 286)
⚡ FRAME SPIKE #454: 27.8 ms at 21.4s (Draw: 4055, Bodies: 287)
⚡ FRAME SPIKE #455: 26.3 ms at 21.5s (Draw: 4055, Bodies: 287)
⚡ FRAME SPIKE #456: 27.3 ms at 21.5s (Draw: 4062, Bodies: 287)
⚡ FRAME SPIKE #457: 26.1 ms at 21.5s (Draw: 4079, Bodies: 288)
⚡ FRAME SPIKE #458: 27.3 ms at 21.5s (Draw: 4088, Bodies: 289)
⚡ FRAME SPIKE #459: 27.3 ms at 21.6s (Draw: 4086, Bodies: 290)
⚡ FRAME SPIKE #460: 27.3 ms at 21.6s (Draw: 4087, Bodies: 290)
⚡ FRAME SPIKE #461: 27.4 ms at 21.6s (Draw: 4086, Bodies: 291)
⚡ FRAME SPIKE #462: 27.8 ms at 21.6s (Draw: 4085, Bodies: 291)
⚡ FRAME SPIKE #463: 27.3 ms at 21.7s (Draw: 4087, Bodies: 291)
⚡ FRAME SPIKE #464: 28.3 ms at 21.7s (Draw: 4076, Bodies: 292)
⚡ FRAME SPIKE #465: 27.8 ms at 21.7s (Draw: 4072, Bodies: 292)
⚡ FRAME SPIKE #466: 27.3 ms at 21.8s (Draw: 4074, Bodies: 292)
⚡ FRAME SPIKE #467: 27.3 ms at 21.8s (Draw: 4066, Bodies: 292)
⚡ FRAME SPIKE #468: 27.3 ms at 21.8s (Draw: 4069, Bodies: 292)
⚡ FRAME SPIKE #469: 27.3 ms at 21.8s (Draw: 4061, Bodies: 293)
⚡ FRAME SPIKE #470: 27.8 ms at 21.9s (Draw: 4053, Bodies: 294)
⚡ FRAME SPIKE #471: 27.3 ms at 21.9s (Draw: 4043, Bodies: 294)
⚡ FRAME SPIKE #472: 27.8 ms at 21.9s (Draw: 4036, Bodies: 295)
⚡ FRAME SPIKE #473: 27.8 ms at 22.0s (Draw: 4026, Bodies: 295)
⚡ FRAME SPIKE #474: 27.3 ms at 22.0s (Draw: 4016, Bodies: 296)
⚡ FRAME SPIKE #475: 27.3 ms at 22.0s (Draw: 4011, Bodies: 297)
⚡ FRAME SPIKE #476: 27.8 ms at 22.0s (Draw: 4009, Bodies: 297)
⚡ FRAME SPIKE #477: 27.3 ms at 22.1s (Draw: 4001, Bodies: 297)
⚡ FRAME SPIKE #478: 27.3 ms at 22.1s (Draw: 3996, Bodies: 298)
⚡ FRAME SPIKE #479: 27.8 ms at 22.1s (Draw: 3995, Bodies: 299)
⚡ FRAME SPIKE #480: 27.3 ms at 22.1s (Draw: 3990, Bodies: 300)
⚡ FRAME SPIKE #481: 27.8 ms at 22.2s (Draw: 3992, Bodies: 301)
⚡ FRAME SPIKE #482: 27.8 ms at 22.2s (Draw: 3990, Bodies: 301)
⚡ FRAME SPIKE #483: 27.3 ms at 22.2s (Draw: 3988, Bodies: 302)
⚡ FRAME SPIKE #484: 27.8 ms at 22.3s (Draw: 3992, Bodies: 303)
⚡ FRAME SPIKE #485: 27.8 ms at 22.3s (Draw: 3990, Bodies: 303)
⚡ FRAME SPIKE #486: 27.3 ms at 22.3s (Draw: 3994, Bodies: 303)
🚗 Traffic: 24 active NPCs (Near: 0, Mid: 5, Far: 19), 7 pooled
  → Physics bodies from NPCs: 24 (All: 24×1, было бы 24×5=120)

========== Bottleneck Analysis Report ==========
Time: 32.5s | Frames: 1044

📊 PERFORMANCE OVERVIEW:
  FPS: 32.5 avg | 27.0 min
  Frame Time: 46.04 ms avg | 117.91 ms max
  Physics Time: 7.65 ms avg

🔍 BOTTLENECK IDENTIFICATION:
  🔴 [CRITICAL] Frame Time
      Value: 46.04 ms (target: 16.67 ms)
      Impact: Overall performance bottleneck
      Suggestions:
        • Reduce draw calls
        • Optimize scripts in _process()
        • Check for expensive operations per frame

  🟠 [HIGH] Draw Calls
      Value: 3840 calls/frame
      Impact: GPU rendering overhead
      Suggestions:
        • Batch meshes by material
        • Use MultiMeshInstance3D
        • Implement LOD system
        • Enable frustum culling

  🟠 [HIGH] Physics Bodies
      Value: 286 active bodies
      Impact: Physics engine load
      Suggestions:
        • Reduce NPC count
        • Convert distant NPCs to kinematic
        • Disable physics for far objects

  🟡 [MEDIUM] Physics Time
      Value: 7.65 ms
      Impact: Physics simulation overhead
      Suggestions:
        • Reduce number of active physics bodies
        • Simplify collision shapes
        • Disable physics for distant objects

  🟡 [MEDIUM] Vertex Count
      Value: 6280001 vertices/frame
      Impact: GPU vertex processing
      Suggestions:
        • Implement LOD for distant objects
        • Simplify building meshes
        • Use lower poly models

  🟡 [MEDIUM] Node Count
      Value: 19080 nodes
      Impact: Scene tree traversal overhead
      Suggestions:
        • Unload distant chunks
        • Pool and reuse nodes
        • Flatten hierarchy where possible

  🟡 [MEDIUM] Post-Processing Effects
      Value: SSAO, Glow/Bloom, Volumetric Fog
      Impact: GPU shader overhead
      Suggestions:
        • Reduce SSR quality
        • Disable SSAO on low-end hardware
        • Use simpler fog

📈 DETAILED STATS:
  Draw Calls: 3840 avg | 4088 max
  Vertices: 6280001 avg | 6419545 max
  Physics Bodies: 286
  Nodes: 19080
  VRAM: 731.5 MB

=================================================

⚡ FRAME SPIKE #487: 28.3 ms at 22.3s (Draw: 4002, Bodies: 303)
⚡ FRAME SPIKE #488: 27.8 ms at 22.4s (Draw: 4016, Bodies: 303)
⚡ FRAME SPIKE #489: 27.3 ms at 22.4s (Draw: 4028, Bodies: 303)
⚡ FRAME SPIKE #490: 28.3 ms at 22.4s (Draw: 4031, Bodies: 304)
⚡ FRAME SPIKE #491: 27.8 ms at 22.4s (Draw: 4019, Bodies: 305)
⚡ FRAME SPIKE #492: 27.3 ms at 22.5s (Draw: 4016, Bodies: 306)
⚡ FRAME SPIKE #493: 27.8 ms at 22.5s (Draw: 4013, Bodies: 307)
⚡ FRAME SPIKE #494: 27.3 ms at 22.5s (Draw: 4011, Bodies: 307)
⚡ FRAME SPIKE #495: 27.3 ms at 22.6s (Draw: 3982, Bodies: 308)
⚡ FRAME SPIKE #496: 27.3 ms at 22.6s (Draw: 3931, Bodies: 307)
⚡ FRAME SPIKE #497: 27.3 ms at 22.6s (Draw: 3922, Bodies: 309)
⚡ FRAME SPIKE #498: 27.3 ms at 22.6s (Draw: 3914, Bodies: 309)
⚡ FRAME SPIKE #499: 27.8 ms at 22.7s (Draw: 3924, Bodies: 310)
⚡ FRAME SPIKE #500: 27.3 ms at 22.7s (Draw: 3955, Bodies: 311)
⚡ FRAME SPIKE #501: 27.3 ms at 22.7s (Draw: 3962, Bodies: 312)
⚡ FRAME SPIKE #502: 27.3 ms at 22.8s (Draw: 3978, Bodies: 313)
⚡ FRAME SPIKE #503: 27.3 ms at 22.8s (Draw: 3991, Bodies: 313)
⚡ FRAME SPIKE #504: 27.3 ms at 22.8s (Draw: 3983, Bodies: 314)
⚡ FRAME SPIKE #505: 26.9 ms at 22.8s (Draw: 3987, Bodies: 315)
⚡ FRAME SPIKE #506: 27.3 ms at 22.9s (Draw: 4005, Bodies: 316)
⚡ FRAME SPIKE #507: 27.3 ms at 22.9s (Draw: 4014, Bodies: 316)
⚡ FRAME SPIKE #508: 27.3 ms at 22.9s (Draw: 4016, Bodies: 316)
⚡ FRAME SPIKE #509: 27.3 ms at 22.9s (Draw: 4019, Bodies: 317)
⚡ FRAME SPIKE #510: 27.3 ms at 23.0s (Draw: 4031, Bodies: 318)
⚡ FRAME SPIKE #511: 27.3 ms at 23.0s (Draw: 4036, Bodies: 319)
⚡ FRAME SPIKE #512: 27.3 ms at 23.0s (Draw: 4047, Bodies: 319)
⚡ FRAME SPIKE #513: 27.3 ms at 23.0s (Draw: 4044, Bodies: 319)
⚡ FRAME SPIKE #514: 27.1 ms at 23.1s (Draw: 4029, Bodies: 319)
⚡ FRAME SPIKE #515: 27.3 ms at 23.1s (Draw: 4017, Bodies: 320)
⚡ FRAME SPIKE #516: 25.3 ms at 23.1s (Draw: 4010, Bodies: 321)
⚡ FRAME SPIKE #517: 27.3 ms at 23.2s (Draw: 4010, Bodies: 321)
⚡ FRAME SPIKE #518: 27.3 ms at 23.2s (Draw: 4011, Bodies: 322)
⚡ FRAME SPIKE #519: 27.3 ms at 23.2s (Draw: 4002, Bodies: 322)
⚡ FRAME SPIKE #520: 27.3 ms at 23.2s (Draw: 3970, Bodies: 322)
⚡ FRAME SPIKE #521: 27.3 ms at 23.3s (Draw: 3965, Bodies: 322)
⚡ FRAME SPIKE #522: 25.7 ms at 23.3s (Draw: 3953, Bodies: 323)
⚡ FRAME SPIKE #523: 27.1 ms at 23.3s (Draw: 3960, Bodies: 323)
⚡ FRAME SPIKE #524: 27.8 ms at 23.4s (Draw: 3961, Bodies: 324)
⚡ FRAME SPIKE #525: 27.1 ms at 23.4s (Draw: 3959, Bodies: 324)
⚡ FRAME SPIKE #526: 25.3 ms at 23.4s (Draw: 3959, Bodies: 325)
⚡ FRAME SPIKE #527: 26.7 ms at 23.5s (Draw: 3979, Bodies: 325)
⚡ FRAME SPIKE #528: 26.4 ms at 23.5s (Draw: 4006, Bodies: 325)
⚡ FRAME SPIKE #529: 25.9 ms at 23.6s (Draw: 4003, Bodies: 325)
⚡ FRAME SPIKE #530: 28.8 ms at 23.6s (Draw: 3990, Bodies: 325)
⚡ FRAME SPIKE #531: 25.9 ms at 23.6s (Draw: 3990, Bodies: 326)
OSM: Infrastructure queue empty, finalizing 3 lamp batches...
OSM: ✅ Finalized lamp batch 0,-3: 56 lamps (3 MultiMeshes + 56 lights, was 168 draw calls before)
OSM: ✅ Finalized lamp batch -1,-3: 37 lamps (3 MultiMeshes + 37 lights, was 111 draw calls before)
OSM: ✅ Finalized lamp batch -2,-3: 38 lamps (3 MultiMeshes + 38 lights, was 114 draw calls before)
⚡ FRAME SPIKE #532: 25.9 ms at 23.7s (Draw: 4027, Bodies: 326)
⚡ FRAME SPIKE #533: 25.9 ms at 23.7s (Draw: 4011, Bodies: 326)
⚡ FRAME SPIKE #534: 25.9 ms at 23.7s (Draw: 3999, Bodies: 326)
⚡ FRAME SPIKE #535: 25.9 ms at 23.7s (Draw: 3999, Bodies: 326)
⚡ FRAME SPIKE #536: 25.9 ms at 23.8s (Draw: 3994, Bodies: 326)
⚡ FRAME SPIKE #537: 25.9 ms at 23.8s (Draw: 3979, Bodies: 325)
⚡ FRAME SPIKE #538: 25.9 ms at 23.8s (Draw: 3977, Bodies: 325)
⚡ FRAME SPIKE #539: 25.9 ms at 23.8s (Draw: 3972, Bodies: 325)
⚡ FRAME SPIKE #540: 25.9 ms at 23.9s (Draw: 3964, Bodies: 325)
⚡ FRAME SPIKE #541: 25.9 ms at 23.9s (Draw: 3963, Bodies: 325)
⚡ FRAME SPIKE #542: 25.9 ms at 23.9s (Draw: 3943, Bodies: 325)
⚡ FRAME SPIKE #543: 25.3 ms at 23.9s (Draw: 3939, Bodies: 325)
⚡ FRAME SPIKE #544: 25.9 ms at 24.0s (Draw: 3938, Bodies: 325)
⚡ FRAME SPIKE #545: 25.9 ms at 24.0s (Draw: 3926, Bodies: 324)
⚡ FRAME SPIKE #546: 25.8 ms at 24.1s (Draw: 3896, Bodies: 324)

=== PERFORMANCE METRICS ===
FPS: 38 | Frame: 28.0 ms (max 126.5) | Physics: 16.6 ms (max 28.4)
Godot Process: 20.79 ms | Physics: 6.72 ms
Objects: 45708 | Nodes: 19335 | Resources: 538
Draw calls: 3891 | Vertices: 6726860 | VRAM: 732.5 MB
Physics bodies: 324 | Collision pairs: 3809
--- System Times ---
  road_batch_finalize_total_-1,-1: 37.91 ms (max 37.91)
  road_batch_finalize_total_-1,-2: 5.38 ms (max 5.38)
  road_batch_finalize_total_-1,-3: 18.90 ms (max 18.90)
  road_batch_finalize_total_-1,0: 15.37 ms (max 15.37)
  road_batch_finalize_total_-2,-1: 21.62 ms (max 21.62)
  road_batch_finalize_total_-2,-2: 21.09 ms (max 21.09)
  road_batch_finalize_total_-2,-3: 14.94 ms (max 14.94)
  road_batch_finalize_total_-2,0: 20.10 ms (max 20.10)
  road_batch_finalize_total_0,-1: 21.54 ms (max 21.54)
  road_batch_finalize_total_0,-2: 22.39 ms (max 22.39)
  road_batch_finalize_total_0,-3: 21.91 ms (max 21.91)
  road_batch_finalize_total_0,0: 21.71 ms (max 21.71)
  road_batch_finalize_total_0,1: 14.98 ms (max 14.98)
  road_batch_finalize_total_1,-1: 16.94 ms (max 16.94)
  road_batch_finalize_total_1,-2: 28.13 ms (max 28.13)
  road_batch_finalize_total_1,-3: 9.44 ms (max 9.44)
  road_batch_finalize_total_1,0: 12.65 ms (max 12.65)
  road_collision_create_-1,-1: 12.40 ms (max 31.01)
  road_collision_create_-1,-2: 2.46 ms (max 2.91)
  road_collision_create_-1,-3: 5.99 ms (max 14.40)
  road_collision_create_-1,0: 7.44 ms (max 12.79)
  road_collision_create_-2,-1: 6.98 ms (max 14.94)
  road_collision_create_-2,-2: 10.28 ms (max 18.80)
  road_collision_create_-2,-3: 4.66 ms (max 10.35)
  road_collision_create_-2,0: 9.79 ms (max 16.48)
  road_collision_create_0,-1: 6.95 ms (max 15.59)
  road_collision_create_0,-2: 7.12 ms (max 15.17)
  road_collision_create_0,-3: 6.88 ms (max 14.64)
  road_collision_create_0,0: 7.01 ms (max 18.11)
  road_collision_create_0,1: 14.74 ms (max 14.74)
  road_collision_create_1,-1: 5.46 ms (max 13.21)
  road_collision_create_1,-2: 13.78 ms (max 25.15)
  road_collision_create_1,-3: 2.87 ms (max 4.69)
  road_collision_create_1,0: 12.42 ms (max 12.42)
===========================

=== PERFORMANCE METRICS ===
FPS: 38 | Frame: 28.0 ms (max 126.5) | Physics: 16.6 ms (max 28.4)
Godot Process: 20.79 ms | Physics: 6.72 ms
Objects: 45708 | Nodes: 19335 | Resources: 538
Draw calls: 3891 | Vertices: 6726860 | VRAM: 732.5 MB
Physics bodies: 324 | Collision pairs: 3809
===========================
🚗 Traffic: 16 active NPCs (Near: 0, Mid: 6, Far: 10), 15 pooled
  → Physics bodies from NPCs: 16 (All: 16×1, было бы 16×5=80)

========== Bottleneck Analysis Report ==========
Time: 34.5s | Frames: 1121

📊 PERFORMANCE OVERVIEW:
  FPS: 36.1 avg | 35.0 min
  Frame Time: 20.16 ms avg | 21.20 ms max
  Physics Time: 7.22 ms avg

🔍 BOTTLENECK IDENTIFICATION:
  🟠 [HIGH] Frame Time
      Value: 20.16 ms (target: 16.67 ms)
      Impact: Overall performance bottleneck
      Suggestions:
        • Reduce draw calls
        • Optimize scripts in _process()
        • Check for expensive operations per frame

  🟠 [HIGH] Draw Calls
      Value: 3998 calls/frame
      Impact: GPU rendering overhead
      Suggestions:
        • Batch meshes by material
        • Use MultiMeshInstance3D
        • Implement LOD system
        • Enable frustum culling

  🟠 [HIGH] Physics Bodies
      Value: 309 active bodies
      Impact: Physics engine load
      Suggestions:
        • Reduce NPC count
        • Convert distant NPCs to kinematic
        • Disable physics for far objects

  🟡 [MEDIUM] Physics Time
      Value: 7.22 ms
      Impact: Physics simulation overhead
      Suggestions:
        • Reduce number of active physics bodies
        • Simplify collision shapes
        • Disable physics for distant objects

  🟡 [MEDIUM] Vertex Count
      Value: 6288061 vertices/frame
      Impact: GPU vertex processing
      Suggestions:
        • Implement LOD for distant objects
        • Simplify building meshes
        • Use lower poly models

  🟡 [MEDIUM] Node Count
      Value: 19335 nodes
      Impact: Scene tree traversal overhead
      Suggestions:
        • Unload distant chunks
        • Pool and reuse nodes
        • Flatten hierarchy where possible

  🟡 [MEDIUM] Post-Processing Effects
      Value: SSAO, Glow/Bloom, Volumetric Fog
      Impact: GPU shader overhead
      Suggestions:
        • Reduce SSR quality
        • Disable SSAO on low-end hardware
        • Use simpler fog

📈 DETAILED STATS:
  Draw Calls: 3998 avg | 4088 max
  Vertices: 6288061 avg | 6889809 max
  Physics Bodies: 309
  Nodes: 19335
  VRAM: 732.5 MB

=================================================

⚡ FRAME SPIKE #547: 25.6 ms at 24.4s (Draw: 3948, Bodies: 323)
OSM: Loading chunk -1,-4 at lat=59.1262, lon=37.8974
OSM: Loaded from cache: osm_v2_59.1262_37.8974_250.json
OSM: Loading chunk 0,-4 at lat=59.1262, lon=37.9026
OSM: Loaded from cache: osm_v2_59.1262_37.9026_250.json
OSM: Chunk -1,-4 data loaded
OSM: Found 12 POI nodes in chunk
POI_DEBUG: Found 'Муниципальное учреждение здравоохранения Стомотологическая п-ка №1. Протезирование' inside building at local (-317.5, -1042.1)
POI_DEBUG: Found 'Сбербанк' inside building at local (-151.6, -859.4)
BusinessSign: Found logo for 'сбербанк' -> res://textures/brand_logos/sberbank.png
BusinessSign: Found logo for 'сбербанк' -> res://textures/brand_logos/sberbank.png
OSM: Generated 49 roads, 50 buildings, 0 trees, 0 signs, 0 lamps, 21 intersections
OSM: Marked chunk '-1,-4' for road batch finalization
OSM: Post-initial chunk loaded, pending_lamps=234
OSM: _create_pending_lamps started, count=234
OSM: Created 141 lamps, skipped 93 (added to infrastructure queue)
OSM: Chunk 0,-4 data loaded
OSM: Found 9 POI nodes in chunk
OSM: Generated 21 roads, 15 buildings, 0 trees, 0 signs, 0 lamps, 12 intersections
OSM: Marked chunk '0,-4' for road batch finalization
OSM: Post-initial chunk loaded, pending_lamps=0
OSM: _create_pending_lamps started, count=0
OSM: No pending lamps
⚡ FRAME SPIKE #548: 100.0 ms at 24.4s (Draw: 4011, Bodies: 333)
OSM: DEBUG _add_road_to_batch - first road for chunk '-1,-4', parent.name='Chunk_-1,-4'
OSM: DEBUG _add_road_to_batch - first road for chunk '0,-4', parent.name='Chunk_0,-4'
OSM: DEBUG - First lamp added to chunk 1,-3 batch
⚡ FRAME SPIKE #549: 83.3 ms at 24.5s (Draw: 4058, Bodies: 333)
⚡ FRAME SPIKE #550: 62.9 ms at 24.6s (Draw: 4103, Bodies: 333)
⚡ FRAME SPIKE #551: 52.3 ms at 24.6s (Draw: 4101, Bodies: 333)
🔴 FREEZE: road collision shape creation took 12.5 ms for chunk -1,-4 (type: residential)
OSM: ✅ Finalized road batch -1,-4/residential: 2272 vertices, 2226 triangles, material: <ImageTexture#-9223371972648368119>
OSM: ✅ Finalized road batch -1,-4/path: 1590 vertices, 1538 triangles, material: <ImageTexture#-9223371972547704822>
⚠️ SLOW: road batch finalization took 16.9 ms for chunk -1,-4
⚠️ SLOW FRAME 18.8ms: building=0.4 road=17.0 terrain=1.2 infra=0.2 veg=0.0 curb=0.0ms
⚡ FRAME SPIKE #552: 54.6 ms at 24.7s (Draw: 4114, Bodies: 332)
🔴 FREEZE: road collision shape creation took 14.6 ms for chunk 0,-4 (type: residential)
OSM: ✅ Finalized road batch 0,-4/residential: 1086 vertices, 1060 triangles, material: <ImageTexture#-9223371972648368119>
OSM: ✅ Finalized road batch 0,-4/path: 414 vertices, 400 triangles, material: <ImageTexture#-9223371972547704822>
OSM: ✅ Finalized road batch 0,-4/primary: 108 vertices, 106 triangles, material: <ImageTexture#-9223371972749031416>
⚠️ SLOW: road batch finalization took 17.9 ms for chunk 0,-4
⚠️ SLOW FRAME 19.7ms: building=0.5 road=18.0 terrain=0.9 infra=0.4 veg=0.0 curb=0.0ms
⚡ FRAME SPIKE #553: 58.3 ms at 24.7s (Draw: 4109, Bodies: 332)
⚡ FRAME SPIKE #554: 41.2 ms at 24.8s (Draw: 4121, Bodies: 330)
⚡ FRAME SPIKE #555: 41.3 ms at 24.8s (Draw: 4126, Bodies: 329)
⚠️ SLOW FRAME 13.4ms: building=0.5 road=0.9 terrain=11.2 infra=0.5 veg=0.0 curb=0.3ms
⚡ FRAME SPIKE #556: 41.0 ms at 24.9s (Draw: 4138, Bodies: 330)
⚠️ SLOW FRAME 13.2ms: building=0.4 road=0.8 terrain=11.2 infra=0.4 veg=0.0 curb=0.4ms
OSM: Unloaded chunk -2,1
⚡ FRAME SPIKE #557: 43.3 ms at 24.9s (Draw: 4162, Bodies: 331)
⚡ FRAME SPIKE #558: 35.7 ms at 25.0s (Draw: 4189, Bodies: 332)
⚠️ SLOW FRAME 15.3ms: building=0.5 road=1.1 terrain=13.0 infra=0.4 veg=0.0 curb=0.3ms
⚡ FRAME SPIKE #559: 41.7 ms at 25.0s (Draw: 4189, Bodies: 333)
⚡ FRAME SPIKE #560: 37.9 ms at 25.0s (Draw: 4195, Bodies: 333)
⚡ FRAME SPIKE #561: 30.3 ms at 25.1s (Draw: 4196, Bodies: 334)
⚡ FRAME SPIKE #562: 30.8 ms at 25.1s (Draw: 4198, Bodies: 334)
⚡ FRAME SPIKE #563: 30.9 ms at 25.1s (Draw: 4191, Bodies: 334)
⚡ FRAME SPIKE #564: 29.9 ms at 25.2s (Draw: 4189, Bodies: 335)
⚡ FRAME SPIKE #565: 25.8 ms at 25.2s (Draw: 4203, Bodies: 336)
⚡ FRAME SPIKE #566: 31.3 ms at 25.2s (Draw: 4210, Bodies: 336)
⚡ FRAME SPIKE #567: 32.8 ms at 25.3s (Draw: 4216, Bodies: 337)
⚡ FRAME SPIKE #568: 31.2 ms at 25.3s (Draw: 4239, Bodies: 337)
⚡ FRAME SPIKE #569: 31.0 ms at 25.3s (Draw: 4240, Bodies: 338)
⚡ FRAME SPIKE #570: 32.8 ms at 25.3s (Draw: 4249, Bodies: 339)
⚡ FRAME SPIKE #571: 32.9 ms at 25.4s (Draw: 4243, Bodies: 340)
⚡ FRAME SPIKE #572: 33.3 ms at 25.4s (Draw: 4254, Bodies: 339)
⚡ FRAME SPIKE #573: 33.3 ms at 25.4s (Draw: 4260, Bodies: 339)
⚡ FRAME SPIKE #574: 33.3 ms at 25.5s (Draw: 4251, Bodies: 339)
⚡ FRAME SPIKE #575: 33.3 ms at 25.5s (Draw: 4255, Bodies: 339)
⚡ FRAME SPIKE #576: 31.9 ms at 25.5s (Draw: 4258, Bodies: 338)
⚡ FRAME SPIKE #577: 25.4 ms at 25.6s (Draw: 4256, Bodies: 338)
⚡ FRAME SPIKE #578: 30.3 ms at 25.6s (Draw: 4254, Bodies: 339)
⚡ FRAME SPIKE #579: 29.8 ms at 25.6s (Draw: 4241, Bodies: 340)
⚡ FRAME SPIKE #580: 30.0 ms at 25.7s (Draw: 4250, Bodies: 340)
⚡ FRAME SPIKE #581: 28.6 ms at 25.7s (Draw: 4254, Bodies: 340)
⚡ FRAME SPIKE #582: 30.0 ms at 25.7s (Draw: 4260, Bodies: 340)
⚡ FRAME SPIKE #583: 30.0 ms at 25.8s (Draw: 4282, Bodies: 341)
⚡ FRAME SPIKE #584: 30.6 ms at 25.8s (Draw: 4283, Bodies: 341)
⚡ FRAME SPIKE #585: 29.6 ms at 25.8s (Draw: 4290, Bodies: 341)
⚡ FRAME SPIKE #586: 26.8 ms at 25.8s (Draw: 4295, Bodies: 342)
⚡ FRAME SPIKE #587: 29.6 ms at 25.9s (Draw: 4301, Bodies: 342)
⚡ FRAME SPIKE #588: 30.6 ms at 25.9s (Draw: 4306, Bodies: 342)
⚡ FRAME SPIKE #589: 29.6 ms at 25.9s (Draw: 4306, Bodies: 342)
⚡ FRAME SPIKE #590: 25.9 ms at 26.0s (Draw: 4313, Bodies: 343)
⚡ FRAME SPIKE #591: 29.2 ms at 26.0s (Draw: 4315, Bodies: 343)
⚡ FRAME SPIKE #592: 29.2 ms at 26.0s (Draw: 4300, Bodies: 344)
⚡ FRAME SPIKE #593: 29.2 ms at 26.1s (Draw: 4267, Bodies: 345)
⚡ FRAME SPIKE #594: 28.3 ms at 26.1s (Draw: 4255, Bodies: 345)
⚡ FRAME SPIKE #595: 25.0 ms at 26.1s (Draw: 4251, Bodies: 345)
⚡ FRAME SPIKE #596: 29.0 ms at 26.2s (Draw: 4268, Bodies: 346)
OSM: 🌙 NIGHT Window batch 0,-4 | night_mgr: CACHED | is_night value: true
OSM: ✅ Finalized window batch 0,-4: 2132 windows (was 2132 draw calls before batching)
⚡ FRAME SPIKE #597: 27.8 ms at 26.2s (Draw: 4259, Bodies: 346)
OSM: 🌙 NIGHT Window batch -1,-4 | night_mgr: CACHED | is_night value: true
OSM: ✅ Finalized window batch -1,-4: 6171 windows (was 6171 draw calls before batching)
⚡ FRAME SPIKE #598: 27.8 ms at 26.2s (Draw: 4228, Bodies: 347)
⚡ FRAME SPIKE #599: 27.8 ms at 26.2s (Draw: 4136, Bodies: 348)
⚡ FRAME SPIKE #600: 27.8 ms at 26.3s (Draw: 4116, Bodies: 349)
⚡ FRAME SPIKE #601: 27.2 ms at 26.3s (Draw: 4120, Bodies: 350)
⚡ FRAME SPIKE #602: 28.4 ms at 26.3s (Draw: 4089, Bodies: 351)
⚡ FRAME SPIKE #603: 27.8 ms at 26.3s (Draw: 4097, Bodies: 352)
🚗 Traffic: 9 active NPCs (Near: 0, Mid: 3, Far: 6), 22 pooled
  → Physics bodies from NPCs: 9 (All: 9×1, было бы 9×5=45)

========== Bottleneck Analysis Report ==========
Time: 36.6s | Frames: 1179

📊 PERFORMANCE OVERVIEW:
  FPS: 33.9 avg | 29.0 min
  Frame Time: 42.86 ms avg | 100.40 ms max
  Physics Time: 6.87 ms avg

🔍 BOTTLENECK IDENTIFICATION:
  🔴 [CRITICAL] Frame Time
      Value: 42.86 ms (target: 16.67 ms)
      Impact: Overall performance bottleneck
      Suggestions:
        • Reduce draw calls
        • Optimize scripts in _process()
        • Check for expensive operations per frame

  🟠 [HIGH] Draw Calls
      Value: 4087 calls/frame
      Impact: GPU rendering overhead
      Suggestions:
        • Batch meshes by material
        • Use MultiMeshInstance3D
        • Implement LOD system
        • Enable frustum culling

  🟠 [HIGH] Physics Bodies
      Value: 330 active bodies
      Impact: Physics engine load
      Suggestions:
        • Reduce NPC count
        • Convert distant NPCs to kinematic
        • Disable physics for far objects

  🟡 [MEDIUM] Physics Time
      Value: 6.87 ms
      Impact: Physics simulation overhead
      Suggestions:
        • Reduce number of active physics bodies
        • Simplify collision shapes
        • Disable physics for distant objects

  🟡 [MEDIUM] Vertex Count
      Value: 5866676 vertices/frame
      Impact: GPU vertex processing
      Suggestions:
        • Implement LOD for distant objects
        • Simplify building meshes
        • Use lower poly models

  🟡 [MEDIUM] Node Count
      Value: 21633 nodes
      Impact: Scene tree traversal overhead
      Suggestions:
        • Unload distant chunks
        • Pool and reuse nodes
        • Flatten hierarchy where possible

  🟡 [MEDIUM] Post-Processing Effects
      Value: SSAO, Glow/Bloom, Volumetric Fog
      Impact: GPU shader overhead
      Suggestions:
        • Reduce SSR quality
        • Disable SSAO on low-end hardware
        • Use simpler fog

📈 DETAILED STATS:
  Draw Calls: 4087 avg | 4315 max
  Vertices: 5866676 avg | 6889809 max
  Physics Bodies: 330
  Nodes: 21633
  VRAM: 734.9 MB

=================================================

⚡ FRAME SPIKE #604: 25.3 ms at 26.4s (Draw: 4081, Bodies: 353)
⚡ FRAME SPIKE #605: 30.3 ms at 26.4s (Draw: 4074, Bodies: 354)
⚡ FRAME SPIKE #606: 27.8 ms at 26.4s (Draw: 4094, Bodies: 355)
⚡ FRAME SPIKE #607: 27.8 ms at 26.5s (Draw: 4106, Bodies: 356)
⚡ FRAME SPIKE #608: 28.3 ms at 26.5s (Draw: 4115, Bodies: 357)
OSM: Infrastructure queue empty, finalizing 1 lamp batches...
OSM: ✅ Finalized lamp batch 1,-3: 30 lamps (3 MultiMeshes + 30 lights, was 90 draw calls before)
⚡ FRAME SPIKE #609: 32.8 ms at 26.5s (Draw: 4135, Bodies: 357)
⚡ FRAME SPIKE #610: 28.3 ms at 26.5s (Draw: 4089, Bodies: 357)
⚡ FRAME SPIKE #611: 30.8 ms at 26.6s (Draw: 4078, Bodies: 357)
⚡ FRAME SPIKE #612: 28.3 ms at 26.6s (Draw: 4068, Bodies: 357)
⚡ FRAME SPIKE #613: 28.3 ms at 26.6s (Draw: 4071, Bodies: 357)
⚡ FRAME SPIKE #614: 28.3 ms at 26.7s (Draw: 4059, Bodies: 357)
⚡ FRAME SPIKE #615: 28.3 ms at 26.7s (Draw: 4019, Bodies: 357)
⚡ FRAME SPIKE #616: 27.5 ms at 26.7s (Draw: 4003, Bodies: 357)
⚡ FRAME SPIKE #617: 27.8 ms at 26.7s (Draw: 3983, Bodies: 357)
⚡ FRAME SPIKE #618: 27.8 ms at 26.8s (Draw: 3967, Bodies: 357)
⚡ FRAME SPIKE #619: 27.8 ms at 26.8s (Draw: 3973, Bodies: 357)
⚡ FRAME SPIKE #620: 27.8 ms at 26.8s (Draw: 3994, Bodies: 357)
⚡ FRAME SPIKE #621: 27.8 ms at 26.9s (Draw: 4011, Bodies: 357)
⚡ FRAME SPIKE #622: 27.8 ms at 26.9s (Draw: 3978, Bodies: 357)
⚡ FRAME SPIKE #623: 27.8 ms at 26.9s (Draw: 3919, Bodies: 357)

========== PERFORMANCE METRICS ==========
Frames: 600
  total_frame: avg=1.18 ms, median=0.62 ms, max=43.51 ms, calls=600, total=707.2 ms
  road_queue: avg=0.57 ms, median=0.01 ms, max=21.97 ms, calls=600, total=339.5 ms
  infra_queue: avg=0.22 ms, median=0.09 ms, max=2.47 ms, calls=600, total=131.5 ms
  road_create: avg=0.38 ms, median=0.12 ms, max=9.22 ms, calls=278, total=105.1 ms
  curb_mesh: avg=0.18 ms, median=0.00 ms, max=1.84 ms, calls=570, total=101.2 ms
  road_batch_finalize: avg=16.72 ms, median=17.96 ms, max=21.96 ms, calls=6, total=100.3 ms
  infra_yield_sign: avg=0.49 ms, median=0.53 ms, max=0.78 ms, calls=140, total=68.6 ms
  building_results: avg=0.10 ms, median=0.28 ms, max=0.75 ms, calls=600, total=62.7 ms
  terrain_queue: avg=0.09 ms, median=0.00 ms, max=13.03 ms, calls=600, total=56.0 ms
  curb_collisions: avg=0.09 ms, median=0.00 ms, max=1.59 ms, calls=600, total=53.0 ms
  vegetation_queue: avg=0.09 ms, median=0.00 ms, max=23.30 ms, calls=600, total=51.1 ms
  veg_trees: avg=8.37 ms, median=5.49 ms, max=23.28 ms, calls=6, total=50.2 ms
  infra_sort: avg=0.20 ms, median=0.10 ms, max=0.80 ms, calls=245, total=48.0 ms
  terrain_leisure: avg=3.12 ms, median=0.87 ms, max=12.12 ms, calls=15, total=46.8 ms
  building_apply: avg=0.30 ms, median=0.29 ms, max=0.68 ms, calls=148, total=44.3 ms
  building_sort: avg=0.10 ms, median=0.09 ms, max=0.25 ms, calls=118, total=12.3 ms
  window_batch_finalize: avg=1.93 ms, median=2.08 ms, max=2.79 ms, calls=6, total=11.6 ms
  terrain_landuse: avg=0.11 ms, median=0.10 ms, max=0.24 ms, calls=51, total=5.9 ms
  curb_smooth: avg=0.03 ms, median=0.03 ms, max=0.14 ms, calls=170, total=5.8 ms
  infra_lamp: avg=0.03 ms, median=0.03 ms, max=0.06 ms, calls=161, total=4.1 ms
  road_sort: avg=0.32 ms, median=0.32 ms, max=0.57 ms, calls=11, total=3.5 ms
  infra_traffic_light: avg=0.69 ms, median=0.71 ms, max=0.71 ms, calls=4, total=2.8 ms
  curb_latlon: avg=0.01 ms, median=0.01 ms, max=0.04 ms, calls=170, total=2.1 ms
  terrain_natural: avg=0.11 ms, median=0.10 ms, max=0.15 ms, calls=6, total=0.7 ms
  terrain_sort: avg=0.08 ms, median=0.08 ms, max=0.11 ms, calls=8, total=0.6 ms
  veg_bushes_grass: avg=0.01 ms, median=0.01 ms, max=0.02 ms, calls=6, total=0.1 ms
==========================================


========== DRAW CALL BREAKDOWN ==========
Total tracked draw calls: 1671

  Vegetation  :   730 ( 43.7%) ████████
  Buildings   :   646 ( 38.7%) ███████
  Terrain     :   169 ( 10.1%) ██
  Roads       :    47 (  2.8%) 
  Lamps       :    36 (  2.2%) 
  Signs       :    26 (  1.6%) 
  Windows     :    17 (  1.0%) 

💡 RECOMMENDATIONS:
  🔴 Buildings: 38.7% of draw calls
     → Implement MultiMeshInstance3D for building base meshes
=========================================

⚡ FRAME SPIKE #624: 27.8 ms at 27.0s (Draw: 3832, Bodies: 357)
⚡ FRAME SPIKE #625: 27.2 ms at 27.0s (Draw: 3822, Bodies: 357)
⚡ FRAME SPIKE #626: 25.3 ms at 27.7s (Draw: 4376, Bodies: 356)
⚡ FRAME SPIKE #627: 28.9 ms at 27.7s (Draw: 5038, Bodies: 358)
⚡ FRAME SPIKE #628: 30.6 ms at 27.8s (Draw: 5040, Bodies: 358)
⚡ FRAME SPIKE #629: 30.3 ms at 27.8s (Draw: 5034, Bodies: 358)
⚡ FRAME SPIKE #630: 30.6 ms at 27.8s (Draw: 5042, Bodies: 358)
⚡ FRAME SPIKE #631: 27.8 ms at 27.9s (Draw: 5034, Bodies: 358)
⚡ FRAME SPIKE #632: 28.9 ms at 27.9s (Draw: 5053, Bodies: 358)
⚡ FRAME SPIKE #633: 30.8 ms at 27.9s (Draw: 5130, Bodies: 358)
⚡ FRAME SPIKE #634: 30.8 ms at 28.0s (Draw: 5150, Bodies: 358)
⚡ FRAME SPIKE #635: 29.2 ms at 28.0s (Draw: 5163, Bodies: 358)
⚡ FRAME SPIKE #636: 28.8 ms at 28.0s (Draw: 5157, Bodies: 358)
⚡ FRAME SPIKE #637: 29.2 ms at 28.1s (Draw: 5154, Bodies: 358)
⚡ FRAME SPIKE #638: 29.8 ms at 28.1s (Draw: 5155, Bodies: 358)
⚡ FRAME SPIKE #639: 29.2 ms at 28.1s (Draw: 5154, Bodies: 358)
⚡ FRAME SPIKE #640: 29.2 ms at 28.1s (Draw: 5149, Bodies: 358)
⚡ FRAME SPIKE #641: 29.3 ms at 28.2s (Draw: 5129, Bodies: 358)
⚡ FRAME SPIKE #642: 30.6 ms at 28.2s (Draw: 5125, Bodies: 358)
⚡ FRAME SPIKE #643: 31.3 ms at 28.2s (Draw: 5119, Bodies: 358)
⚡ FRAME SPIKE #644: 29.6 ms at 28.3s (Draw: 5121, Bodies: 358)
⚡ FRAME SPIKE #645: 29.6 ms at 28.3s (Draw: 5096, Bodies: 358)
⚡ FRAME SPIKE #646: 29.6 ms at 28.3s (Draw: 5078, Bodies: 358)
⚡ FRAME SPIKE #647: 28.4 ms at 28.4s (Draw: 5077, Bodies: 358)
🚗 Traffic: 10 active NPCs (Near: 0, Mid: 3, Far: 7), 21 pooled
  → Physics bodies from NPCs: 10 (All: 10×1, было бы 10×5=50)

========== Bottleneck Analysis Report ==========
Time: 38.6s | Frames: 1253

📊 PERFORMANCE OVERVIEW:
  FPS: 33.1 avg | 29.0 min
  Frame Time: 43.69 ms avg | 100.40 ms max
  Physics Time: 7.55 ms avg

🔍 BOTTLENECK IDENTIFICATION:
  🔴 [CRITICAL] Frame Time
      Value: 43.69 ms (target: 16.67 ms)
      Impact: Overall performance bottleneck
      Suggestions:
        • Reduce draw calls
        • Optimize scripts in _process()
        • Check for expensive operations per frame

  🟠 [HIGH] Draw Calls
      Value: 4368 calls/frame
      Impact: GPU rendering overhead
      Suggestions:
        • Batch meshes by material
        • Use MultiMeshInstance3D
        • Implement LOD system
        • Enable frustum culling

  🟠 [HIGH] Physics Bodies
      Value: 350 active bodies
      Impact: Physics engine load
      Suggestions:
        • Reduce NPC count
        • Convert distant NPCs to kinematic
        • Disable physics for far objects

  🟡 [MEDIUM] Physics Time
      Value: 7.55 ms
      Impact: Physics simulation overhead
      Suggestions:
        • Reduce number of active physics bodies
        • Simplify collision shapes
        • Disable physics for distant objects

  🟡 [MEDIUM] Vertex Count
      Value: 6334329 vertices/frame
      Impact: GPU vertex processing
      Suggestions:
        • Implement LOD for distant objects
        • Simplify building meshes
        • Use lower poly models

  🟡 [MEDIUM] Node Count
      Value: 21683 nodes
      Impact: Scene tree traversal overhead
      Suggestions:
        • Unload distant chunks
        • Pool and reuse nodes
        • Flatten hierarchy where possible

  🟡 [MEDIUM] Post-Processing Effects
      Value: SSAO, Glow/Bloom, Volumetric Fog
      Impact: GPU shader overhead
      Suggestions:
        • Reduce SSR quality
        • Disable SSAO on low-end hardware
        • Use simpler fog

📈 DETAILED STATS:
  Draw Calls: 4368 avg | 5163 max
  Vertices: 6334329 avg | 7880949 max
  Physics Bodies: 350
  Nodes: 21683
  VRAM: 735.2 MB

=================================================

⚡ FRAME SPIKE #648: 29.6 ms at 28.4s (Draw: 5081, Bodies: 358)
⚡ FRAME SPIKE #649: 29.6 ms at 28.4s (Draw: 5096, Bodies: 358)
⚡ FRAME SPIKE #650: 29.6 ms at 28.4s (Draw: 5097, Bodies: 358)
⚡ FRAME SPIKE #651: 29.6 ms at 28.5s (Draw: 5096, Bodies: 358)
⚡ FRAME SPIKE #652: 29.6 ms at 28.5s (Draw: 5111, Bodies: 358)
⚡ FRAME SPIKE #653: 29.6 ms at 28.5s (Draw: 5115, Bodies: 358)
⚡ FRAME SPIKE #654: 29.6 ms at 28.6s (Draw: 5107, Bodies: 358)
⚡ FRAME SPIKE #655: 29.6 ms at 28.6s (Draw: 5107, Bodies: 358)
⚡ FRAME SPIKE #656: 29.6 ms at 28.6s (Draw: 5103, Bodies: 358)
⚡ FRAME SPIKE #657: 29.6 ms at 28.6s (Draw: 5105, Bodies: 358)
⚡ FRAME SPIKE #658: 29.6 ms at 28.7s (Draw: 5100, Bodies: 358)
⚡ FRAME SPIKE #659: 29.6 ms at 28.7s (Draw: 5098, Bodies: 358)
⚡ FRAME SPIKE #660: 31.9 ms at 28.7s (Draw: 5775, Bodies: 361)
⚡ FRAME SPIKE #661: 33.6 ms at 28.8s (Draw: 5820, Bodies: 361)
⚡ FRAME SPIKE #662: 33.0 ms at 28.8s (Draw: 5857, Bodies: 361)
⚡ FRAME SPIKE #663: 33.6 ms at 28.8s (Draw: 5899, Bodies: 361)
⚡ FRAME SPIKE #664: 32.6 ms at 28.9s (Draw: 5897, Bodies: 361)
⚡ FRAME SPIKE #665: 33.3 ms at 28.9s (Draw: 5900, Bodies: 361)
⚡ FRAME SPIKE #666: 33.0 ms at 28.9s (Draw: 5900, Bodies: 361)
⚡ FRAME SPIKE #667: 34.4 ms at 29.0s (Draw: 5910, Bodies: 361)
⚡ FRAME SPIKE #668: 33.3 ms at 29.0s (Draw: 5921, Bodies: 361)
⚡ FRAME SPIKE #669: 33.3 ms at 29.0s (Draw: 5909, Bodies: 361)
⚡ FRAME SPIKE #670: 33.5 ms at 29.1s (Draw: 5929, Bodies: 361)
⚡ FRAME SPIKE #671: 33.4 ms at 29.1s (Draw: 5962, Bodies: 361)
⚡ FRAME SPIKE #672: 34.1 ms at 29.1s (Draw: 5995, Bodies: 361)

=== PERFORMANCE METRICS ===
FPS: 34 | Frame: 28.8 ms (max 100.0) | Physics: 16.7 ms (max 106.2)
Godot Process: 22.61 ms | Physics: 6.84 ms
Objects: 50438 | Nodes: 21683 | Resources: 538
Draw calls: 5995 | Vertices: 7641855 | VRAM: 735.2 MB
Physics bodies: 361 | Collision pairs: 4333
--- System Times ---
  road_batch_finalize_total_-1,-1: 37.91 ms (max 37.91)
  road_batch_finalize_total_-1,-2: 5.38 ms (max 5.38)
  road_batch_finalize_total_-1,-3: 18.90 ms (max 18.90)
  road_batch_finalize_total_-1,-4: 16.95 ms (max 16.95)
  road_batch_finalize_total_-1,0: 15.37 ms (max 15.37)
  road_batch_finalize_total_-2,-1: 21.62 ms (max 21.62)
  road_batch_finalize_total_-2,-2: 21.09 ms (max 21.09)
  road_batch_finalize_total_-2,-3: 14.94 ms (max 14.94)
  road_batch_finalize_total_-2,0: 20.10 ms (max 20.10)
  road_batch_finalize_total_0,-1: 21.54 ms (max 21.54)
  road_batch_finalize_total_0,-2: 22.39 ms (max 22.39)
  road_batch_finalize_total_0,-3: 21.91 ms (max 21.91)
  road_batch_finalize_total_0,-4: 17.93 ms (max 17.93)
  road_batch_finalize_total_0,0: 21.71 ms (max 21.71)
  road_batch_finalize_total_0,1: 14.98 ms (max 14.98)
  road_batch_finalize_total_1,-1: 16.94 ms (max 16.94)
  road_batch_finalize_total_1,-2: 28.13 ms (max 28.13)
  road_batch_finalize_total_1,-3: 9.44 ms (max 9.44)
  road_batch_finalize_total_1,0: 12.65 ms (max 12.65)
  road_collision_create_-1,-1: 12.40 ms (max 31.01)
  road_collision_create_-1,-2: 2.46 ms (max 2.91)
  road_collision_create_-1,-3: 5.99 ms (max 14.40)
  road_collision_create_-1,-4: 8.11 ms (max 12.51)
  road_collision_create_-1,0: 7.44 ms (max 12.79)
  road_collision_create_-2,-1: 6.98 ms (max 14.94)
  road_collision_create_-2,-2: 10.28 ms (max 18.80)
  road_collision_create_-2,-3: 4.66 ms (max 10.35)
  road_collision_create_-2,0: 9.79 ms (max 16.48)
  road_collision_create_0,-1: 6.95 ms (max 15.59)
  road_collision_create_0,-2: 7.12 ms (max 15.17)
  road_collision_create_0,-3: 6.88 ms (max 14.64)
  road_collision_create_0,-4: 5.74 ms (max 14.62)
  road_collision_create_0,0: 7.01 ms (max 18.11)
  road_collision_create_0,1: 14.74 ms (max 14.74)
  road_collision_create_1,-1: 5.46 ms (max 13.21)
  road_collision_create_1,-2: 13.78 ms (max 25.15)
  road_collision_create_1,-3: 2.87 ms (max 4.69)
  road_collision_create_1,0: 12.42 ms (max 12.42)
===========================

=== PERFORMANCE METRICS ===
FPS: 34 | Frame: 28.8 ms (max 100.0) | Physics: 16.7 ms (max 106.6)
Godot Process: 22.61 ms | Physics: 6.84 ms
Objects: 50438 | Nodes: 21683 | Resources: 538
Draw calls: 5995 | Vertices: 7641855 | VRAM: 735.2 MB
Physics bodies: 361 | Collision pairs: 4333
===========================
⚡ FRAME SPIKE #673: 34.0 ms at 29.2s (Draw: 6026, Bodies: 361)
⚡ FRAME SPIKE #674: 34.2 ms at 29.2s (Draw: 6059, Bodies: 361)
⚡ FRAME SPIKE #675: 33.3 ms at 29.2s (Draw: 6059, Bodies: 361)
⚡ FRAME SPIKE #676: 33.8 ms at 29.3s (Draw: 6043, Bodies: 361)
⚡ FRAME SPIKE #677: 34.3 ms at 29.3s (Draw: 6043, Bodies: 361)
⚡ FRAME SPIKE #678: 33.3 ms at 29.3s (Draw: 6046, Bodies: 361)
⚡ FRAME SPIKE #679: 33.4 ms at 29.4s (Draw: 6050, Bodies: 361)
⚡ FRAME SPIKE #680: 33.3 ms at 29.4s (Draw: 6062, Bodies: 361)
⚡ FRAME SPIKE #681: 33.3 ms at 29.4s (Draw: 6052, Bodies: 361)
⚡ FRAME SPIKE #682: 34.0 ms at 29.5s (Draw: 6047, Bodies: 361)
⚡ FRAME SPIKE #683: 33.7 ms at 29.5s (Draw: 6048, Bodies: 361)
⚡ FRAME SPIKE #684: 33.5 ms at 29.5s (Draw: 6035, Bodies: 361)
⚡ FRAME SPIKE #685: 34.4 ms at 29.6s (Draw: 6035, Bodies: 361)
⚡ FRAME SPIKE #686: 33.3 ms at 29.6s (Draw: 6027, Bodies: 361)
⚡ FRAME SPIKE #687: 33.4 ms at 29.6s (Draw: 6029, Bodies: 361)
⚡ FRAME SPIKE #688: 34.5 ms at 29.7s (Draw: 6029, Bodies: 361)
⚡ FRAME SPIKE #689: 36.3 ms at 29.7s (Draw: 6023, Bodies: 361)
⚡ FRAME SPIKE #690: 34.9 ms at 29.7s (Draw: 6030, Bodies: 362)
⚡ FRAME SPIKE #691: 34.7 ms at 29.8s (Draw: 6042, Bodies: 362)
⚡ FRAME SPIKE #692: 39.6 ms at 29.8s (Draw: 6140, Bodies: 362)
⚡ FRAME SPIKE #693: 34.7 ms at 29.9s (Draw: 6170, Bodies: 361)
⚡ FRAME SPIKE #694: 34.7 ms at 29.9s (Draw: 6199, Bodies: 361)
⚡ FRAME SPIKE #695: 34.7 ms at 29.9s (Draw: 6207, Bodies: 361)
⚡ FRAME SPIKE #696: 34.7 ms at 30.0s (Draw: 6212, Bodies: 361)
⚡ FRAME SPIKE #697: 34.7 ms at 30.0s (Draw: 6227, Bodies: 361)
⚡ FRAME SPIKE #698: 34.7 ms at 30.0s (Draw: 6230, Bodies: 361)
⚡ FRAME SPIKE #699: 34.4 ms at 30.1s (Draw: 6238, Bodies: 361)
⚡ FRAME SPIKE #700: 33.3 ms at 30.1s (Draw: 6246, Bodies: 361)
⚡ FRAME SPIKE #701: 34.7 ms at 30.1s (Draw: 6251, Bodies: 361)
⚡ FRAME SPIKE #702: 34.7 ms at 30.2s (Draw: 6247, Bodies: 361)
⚡ FRAME SPIKE #703: 34.7 ms at 30.2s (Draw: 6260, Bodies: 361)
⚡ FRAME SPIKE #704: 34.7 ms at 30.2s (Draw: 6273, Bodies: 361)
⚡ FRAME SPIKE #705: 34.7 ms at 30.3s (Draw: 6277, Bodies: 361)
⚡ FRAME SPIKE #706: 34.7 ms at 30.3s (Draw: 6274, Bodies: 361)
⚡ FRAME SPIKE #707: 34.7 ms at 30.3s (Draw: 6279, Bodies: 361)
⚡ FRAME SPIKE #708: 34.7 ms at 30.4s (Draw: 6277, Bodies: 361)
🚗 Traffic: 13 active NPCs (Near: 0, Mid: 6, Far: 7), 18 pooled
  → Physics bodies from NPCs: 13 (All: 13×1, было бы 13×5=65)

========== Bottleneck Analysis Report ==========
Time: 40.6s | Frames: 1314

📊 PERFORMANCE OVERVIEW:
  FPS: 35.0 avg | 29.0 min
  Frame Time: 23.10 ms avg | 32.55 ms max
  Physics Time: 7.31 ms avg

🔍 BOTTLENECK IDENTIFICATION:
  🟠 [HIGH] Frame Time
      Value: 23.10 ms (target: 16.67 ms)
      Impact: Overall performance bottleneck
      Suggestions:
        • Reduce draw calls
        • Optimize scripts in _process()
        • Check for expensive operations per frame

  🟠 [HIGH] Draw Calls
      Value: 5225 calls/frame
      Impact: GPU rendering overhead
      Suggestions:
        • Batch meshes by material
        • Use MultiMeshInstance3D
        • Implement LOD system
        • Enable frustum culling

  🟠 [HIGH] Physics Bodies
      Value: 358 active bodies
      Impact: Physics engine load
      Suggestions:
        • Reduce NPC count
        • Convert distant NPCs to kinematic
        • Disable physics for far objects

  🟡 [MEDIUM] Physics Time
      Value: 7.31 ms
      Impact: Physics simulation overhead
      Suggestions:
        • Reduce number of active physics bodies
        • Simplify collision shapes
        • Disable physics for distant objects

  🟡 [MEDIUM] Vertex Count
      Value: 7476090 vertices/frame
      Impact: GPU vertex processing
      Suggestions:
        • Implement LOD for distant objects
        • Simplify building meshes
        • Use lower poly models

  🟡 [MEDIUM] Node Count
      Value: 21683 nodes
      Impact: Scene tree traversal overhead
      Suggestions:
        • Unload distant chunks
        • Pool and reuse nodes
        • Flatten hierarchy where possible

  🟡 [MEDIUM] Post-Processing Effects
      Value: SSAO, Glow/Bloom, Volumetric Fog
      Impact: GPU shader overhead
      Suggestions:
        • Reduce SSR quality
        • Disable SSAO on low-end hardware
        • Use simpler fog

📈 DETAILED STATS:
  Draw Calls: 5225 avg | 6279 max
  Vertices: 7476090 avg | 7880949 max
  Physics Bodies: 358
  Nodes: 21683
  VRAM: 735.2 MB

=================================================

⚡ FRAME SPIKE #709: 34.7 ms at 30.4s (Draw: 6289, Bodies: 361)
⚡ FRAME SPIKE #710: 34.7 ms at 30.4s (Draw: 6286, Bodies: 361)
⚡ FRAME SPIKE #711: 34.3 ms at 30.5s (Draw: 6282, Bodies: 361)
⚡ FRAME SPIKE #712: 34.1 ms at 30.5s (Draw: 6292, Bodies: 361)
⚡ FRAME SPIKE #713: 34.7 ms at 30.5s (Draw: 6292, Bodies: 361)
OSM: Loading chunk 1,-4 at lat=59.1262, lon=37.9079
OSM: Loaded from cache: osm_v2_59.1262_37.9079_250.json
OSM: Chunk 1,-4 data loaded
OSM: Found 23 POI nodes in chunk
POI_DEBUG: Found 'Барбершоп Borodach' inside building at local (598.1, -1152.7)
POI_DEBUG: Found 'Laparet' inside building at local (515.0, -1168.2)
POI_DEBUG: Found 'Буквоед' inside building at local (439.2, -1181.7)
POI_DEBUG: Found 'Эдельвейс' inside building at local (364.3, -1199.0)
POI_DEBUG: Found 'Совкомбанк' inside building at local (328.8, -1220.7)
POI_DEBUG: Found 'Теплэко' inside building at local (458.7, -1132.0)
POI_DEBUG: Found 'Роскедр' inside building at local (472.2, -1125.1)
POI_DEBUG: Found 'Ozon' inside building at local (549.4, -1105.1)
BusinessSign: Found logo for 'ozon' -> res://textures/brand_logos/ozon.png
POI_DEBUG: Found 'Академия слуха' inside building at local (369.2, -911.4)
POI_DEBUG: Found 'Лабиринт' inside building at local (380.4, -997.8)
POI_DEBUG: Found 'Управдом' inside building at local (387.6, -1001.8)
POI_DEBUG: Found 'ИнжЭкон' inside building at local (480.2, -1020.0)
OSM: Generated 56 roads, 21 buildings, 0 trees, 0 signs, 0 lamps, 33 intersections
OSM: Marked chunk '1,-4' for road batch finalization
OSM: Post-initial chunk loaded, pending_lamps=24
OSM: _create_pending_lamps started, count=24
OSM: Created 19 lamps, skipped 5 (added to infrastructure queue)
⚡ FRAME SPIKE #714: 92.5 ms at 30.6s (Draw: 6410, Bodies: 362)
OSM: DEBUG _add_road_to_batch - first road for chunk '1,-4', parent.name='Chunk_1,-4'
OSM: DEBUG - First lamp added to chunk 1,-4 batch
⚡ FRAME SPIKE #715: 70.8 ms at 30.7s (Draw: 6425, Bodies: 362)
⚡ FRAME SPIKE #716: 63.2 ms at 30.7s (Draw: 6434, Bodies: 362)
OSM: DEBUG - First lamp added to chunk 0,-4 batch
⚡ FRAME SPIKE #717: 57.7 ms at 30.8s (Draw: 6441, Bodies: 363)
⚡ FRAME SPIKE #718: 56.1 ms at 30.9s (Draw: 6440, Bodies: 363)
⚡ FRAME SPIKE #719: 48.4 ms at 30.9s (Draw: 6432, Bodies: 364)
OSM: ✅ Finalized road batch 1,-4/path: 1222 vertices, 1190 triangles, material: <ImageTexture#-9223371972547704822>
OSM: ✅ Finalized road batch 1,-4/primary: 446 vertices, 432 triangles, material: <ImageTexture#-9223371972749031416>
OSM: ✅ Finalized road batch 1,-4/residential: 2004 vertices, 1938 triangles, material: <ImageTexture#-9223371972648368119>
⚠️ SLOW: road batch finalization took 8.9 ms for chunk 1,-4
⚡ FRAME SPIKE #720: 52.9 ms at 31.0s (Draw: 6448, Bodies: 365)
⚠️ SLOW FRAME 17.7ms: building=0.4 road=1.1 terrain=1.2 infra=0.1 veg=14.9 curb=0.0ms
⚡ FRAME SPIKE #721: 58.0 ms at 31.0s (Draw: 6453, Bodies: 365)
⚡ FRAME SPIKE #722: 54.2 ms at 31.1s (Draw: 6460, Bodies: 365)
⚡ FRAME SPIKE #723: 45.9 ms at 31.1s (Draw: 6470, Bodies: 366)
⚡ FRAME SPIKE #724: 44.3 ms at 31.2s (Draw: 6528, Bodies: 367)
⚡ FRAME SPIKE #725: 38.8 ms at 31.2s (Draw: 6572, Bodies: 367)
⚡ FRAME SPIKE #726: 39.2 ms at 31.3s (Draw: 6617, Bodies: 367)
⚡ FRAME SPIKE #727: 41.7 ms at 31.3s (Draw: 6682, Bodies: 368)
⚡ FRAME SPIKE #728: 37.9 ms at 31.3s (Draw: 6688, Bodies: 368)
⚡ FRAME SPIKE #729: 41.7 ms at 31.4s (Draw: 6685, Bodies: 368)
⚡ FRAME SPIKE #730: 41.5 ms at 31.4s (Draw: 6691, Bodies: 369)
⚡ FRAME SPIKE #731: 41.7 ms at 31.5s (Draw: 6686, Bodies: 369)
⚡ FRAME SPIKE #732: 41.0 ms at 31.5s (Draw: 6682, Bodies: 369)
OSM: 🌙 NIGHT Window batch 1,-4 | night_mgr: CACHED | is_night value: true
OSM: ✅ Finalized window batch 1,-4: 5946 windows (was 5946 draw calls before batching)
⚡ FRAME SPIKE #733: 41.7 ms at 31.5s (Draw: 6686, Bodies: 370)
OSM: 🌙 NIGHT Window batch 1,-4 | night_mgr: CACHED | is_night value: true
OSM: ✅ Finalized window batch 1,-4: 620 windows (was 620 draw calls before batching)
⚡ FRAME SPIKE #734: 41.7 ms at 31.6s (Draw: 6687, Bodies: 370)
⚡ FRAME SPIKE #735: 40.9 ms at 31.6s (Draw: 6691, Bodies: 370)
OSM: Loading chunk -2,-4 at lat=59.1262, lon=37.8921
OSM: Loaded from cache: osm_v2_59.1262_37.8921_250.json
OSM: Chunk -2,-4 data loaded
OSM: Found 17 POI nodes in chunk
POI_DEBUG: Found 'Семья7' inside building at local (-443.6, -1129.9)
POI_DEBUG: Found 'Северный' inside building at local (-453.0, -1083.6)
POI_DEBUG: Found 'Антей' inside building at local (-439.0, -1137.5)
POI_DEBUG: Found 'Быстрый заём' inside building at local (-401.3, -1066.1)
POI_DEBUG: Found 'Муниципальное учреждение здравоохранения Стомотологическая п-ка №1. Протезирование' inside building at local (-317.5, -1042.1)
POI_DEBUG: Found 'Мировые' inside building at local (-336.2, -995.9)
POI_DEBUG: Found 'полиц. пункт' inside building at local (-363.7, -1003.3)
POI_DEBUG: Found 'Ozon' inside building at local (-578.2, -925.2)
BusinessSign: Found logo for 'ozon' -> res://textures/brand_logos/ozon.png
POI_DEBUG: Found 'Ла Ла Ланч' inside building at local (-534.1, -955.2)
OSM: Generated 47 roads, 51 buildings, 1 trees, 0 signs, 0 lamps, 36 intersections
OSM: Marked chunk '-2,-4' for road batch finalization
OSM: Post-initial chunk loaded, pending_lamps=150
OSM: _create_pending_lamps started, count=150
OSM: Created 77 lamps, skipped 73 (added to infrastructure queue)
⚡ FRAME SPIKE #736: 91.2 ms at 31.7s (Draw: 6828, Bodies: 372)
OSM: DEBUG _add_road_to_batch - first road for chunk '-2,-4', parent.name='Chunk_-2,-4'
⚡ FRAME SPIKE #737: 78.4 ms at 31.8s (Draw: 6823, Bodies: 372)
⚡ FRAME SPIKE #738: 62.2 ms at 31.8s (Draw: 7627, Bodies: 374)
OSM: ✅ Finalized road batch -2,-4/path: 808 vertices, 786 triangles, material: <ImageTexture#-9223371972547704822>
🔴 FREEZE: road collision shape creation took 5.9 ms for chunk -2,-4 (type: residential)
OSM: ✅ Finalized road batch -2,-4/residential: 2952 vertices, 2880 triangles, material: <ImageTexture#-9223371972648368119>
⚠️ SLOW: road batch finalization took 9.3 ms for chunk -2,-4
⚠️ SLOW FRAME 10.3ms: building=0.4 road=9.3 terrain=0.3 infra=0.3 veg=0.0 curb=0.0ms
⚡ FRAME SPIKE #739: 70.7 ms at 31.9s (Draw: 7616, Bodies: 374)
⚡ FRAME SPIKE #740: 54.0 ms at 32.0s (Draw: 7613, Bodies: 374)
⚡ FRAME SPIKE #741: 48.7 ms at 32.0s (Draw: 7569, Bodies: 374)
⚡ FRAME SPIKE #742: 48.0 ms at 32.1s (Draw: 7555, Bodies: 374)
⚡ FRAME SPIKE #743: 47.0 ms at 32.1s (Draw: 7530, Bodies: 375)
OSM: Unloaded chunk -1,1
OSM: Unloaded chunk -2,-4
⚡ FRAME SPIKE #744: 52.8 ms at 32.2s (Draw: 7347, Bodies: 372)
⚡ FRAME SPIKE #745: 54.8 ms at 32.2s (Draw: 7346, Bodies: 372)
⚡ FRAME SPIKE #746: 51.0 ms at 32.3s (Draw: 7347, Bodies: 372)
⚡ FRAME SPIKE #747: 45.1 ms at 32.3s (Draw: 7338, Bodies: 372)
⚡ FRAME SPIKE #748: 38.8 ms at 32.4s (Draw: 7337, Bodies: 372)
🚗 Traffic: 15 active NPCs (Near: 0, Mid: 10, Far: 5), 16 pooled
  → Physics bodies from NPCs: 15 (All: 15×1, было бы 15×5=75)

========== Bottleneck Analysis Report ==========
Time: 42.6s | Frames: 1354

📊 PERFORMANCE OVERVIEW:
  FPS: 31.7 avg | 20.0 min
  Frame Time: 35.96 ms avg | 86.97 ms max
  Physics Time: 6.89 ms avg

🔍 BOTTLENECK IDENTIFICATION:
  🔴 [CRITICAL] Frame Time
      Value: 35.96 ms (target: 16.67 ms)
      Impact: Overall performance bottleneck
      Suggestions:
        • Reduce draw calls
        • Optimize scripts in _process()
        • Check for expensive operations per frame

  🟠 [HIGH] Draw Calls
      Value: 6061 calls/frame
      Impact: GPU rendering overhead
      Suggestions:
        • Batch meshes by material
        • Use MultiMeshInstance3D
        • Implement LOD system
        • Enable frustum culling

  🟠 [HIGH] Physics Bodies
      Value: 362 active bodies
      Impact: Physics engine load
      Suggestions:
        • Reduce NPC count
        • Convert distant NPCs to kinematic
        • Disable physics for far objects

  🟡 [MEDIUM] Physics Time
      Value: 6.89 ms
      Impact: Physics simulation overhead
      Suggestions:
        • Reduce number of active physics bodies
        • Simplify collision shapes
        • Disable physics for distant objects

  🟡 [MEDIUM] Vertex Count
      Value: 7558750 vertices/frame
      Impact: GPU vertex processing
      Suggestions:
        • Implement LOD for distant objects
        • Simplify building meshes
        • Use lower poly models

  🟡 [MEDIUM] Node Count
      Value: 23170 nodes
      Impact: Scene tree traversal overhead
      Suggestions:
        • Unload distant chunks
        • Pool and reuse nodes
        • Flatten hierarchy where possible

  🟡 [MEDIUM] Post-Processing Effects
      Value: SSAO, Glow/Bloom, Volumetric Fog
      Impact: GPU shader overhead
      Suggestions:
        • Reduce SSR quality
        • Disable SSAO on low-end hardware
        • Use simpler fog

📈 DETAILED STATS:
  Draw Calls: 6061 avg | 7627 max
  Vertices: 7558750 avg | 7880949 max
  Physics Bodies: 362
  Nodes: 23170
  VRAM: 736.8 MB

=================================================

⚡ FRAME SPIKE #749: 41.7 ms at 32.4s (Draw: 7336, Bodies: 372)
⚡ FRAME SPIKE #750: 42.1 ms at 32.5s (Draw: 7341, Bodies: 372)
⚡ FRAME SPIKE #751: 41.7 ms at 32.5s (Draw: 7342, Bodies: 371)
⚡ FRAME SPIKE #752: 42.5 ms at 32.5s (Draw: 7372, Bodies: 371)
⚡ FRAME SPIKE #753: 41.7 ms at 32.6s (Draw: 7356, Bodies: 371)
⚡ FRAME SPIKE #754: 39.3 ms at 32.6s (Draw: 7341, Bodies: 371)
⚡ FRAME SPIKE #755: 41.7 ms at 32.7s (Draw: 7334, Bodies: 371)
OSM: Loading chunk -2,-4 at lat=59.1262, lon=37.8921
OSM: Loaded from cache: osm_v2_59.1262_37.8921_250.json
OSM: Chunk -2,-4 data loaded
OSM: Found 17 POI nodes in chunk
POI_DEBUG: Found 'Семья7' inside building at local (-443.6, -1129.9)
POI_DEBUG: Found 'Северный' inside building at local (-453.0, -1083.6)
POI_DEBUG: Found 'Антей' inside building at local (-439.0, -1137.5)
POI_DEBUG: Found 'Быстрый заём' inside building at local (-401.3, -1066.1)
POI_DEBUG: Found 'Муниципальное учреждение здравоохранения Стомотологическая п-ка №1. Протезирование' inside building at local (-317.5, -1042.1)
POI_DEBUG: Found 'Мировые' inside building at local (-336.2, -995.9)
POI_DEBUG: Found 'полиц. пункт' inside building at local (-363.7, -1003.3)
POI_DEBUG: Found 'Ozon' inside building at local (-578.2, -925.2)
BusinessSign: Found logo for 'ozon' -> res://textures/brand_logos/ozon.png
POI_DEBUG: Found 'Ла Ла Ланч' inside building at local (-534.1, -955.2)
OSM: Generated 47 roads, 51 buildings, 1 trees, 0 signs, 0 lamps, 36 intersections
OSM: Marked chunk '-2,-4' for road batch finalization
OSM: Post-initial chunk loaded, pending_lamps=0
OSM: _create_pending_lamps started, count=0
OSM: No pending lamps
⚡ FRAME SPIKE #756: 83.1 ms at 32.7s (Draw: 7460, Bodies: 373)
OSM: DEBUG _add_road_to_batch - first road for chunk '-2,-4', parent.name='Chunk_-2,-4'
⚡ FRAME SPIKE #757: 76.9 ms at 32.8s (Draw: 7477, Bodies: 373)
⚡ FRAME SPIKE #758: 64.9 ms at 32.9s (Draw: 7490, Bodies: 374)
OSM: ✅ Finalized road batch -2,-4/path: 808 vertices, 786 triangles, material: <ImageTexture#-9223371972547704822>
🔴 FREEZE: road collision shape creation took 5.3 ms for chunk -2,-4 (type: residential)
OSM: ✅ Finalized road batch -2,-4/residential: 2952 vertices, 2880 triangles, material: <ImageTexture#-9223371972648368119>
⚠️ SLOW: road batch finalization took 8.1 ms for chunk -2,-4
⚡ FRAME SPIKE #759: 70.5 ms at 32.9s (Draw: 7497, Bodies: 375)
⚡ FRAME SPIKE #760: 56.6 ms at 33.0s (Draw: 7504, Bodies: 375)
⚡ FRAME SPIKE #761: 49.3 ms at 33.1s (Draw: 7501, Bodies: 375)
⚡ FRAME SPIKE #762: 47.7 ms at 33.1s (Draw: 7503, Bodies: 375)
⚡ FRAME SPIKE #763: 49.4 ms at 33.2s (Draw: 7506, Bodies: 375)
⚡ FRAME SPIKE #764: 49.0 ms at 33.2s (Draw: 7511, Bodies: 376)
OSM: Unloaded chunk 1,1
⚡ FRAME SPIKE #765: 50.2 ms at 33.3s (Draw: 7516, Bodies: 376)
⚡ FRAME SPIKE #766: 49.9 ms at 33.3s (Draw: 7584, Bodies: 376)
⚡ FRAME SPIKE #767: 47.3 ms at 33.4s (Draw: 7636, Bodies: 376)
⚡ FRAME SPIKE #768: 48.8 ms at 33.4s (Draw: 7632, Bodies: 375)
⚡ FRAME SPIKE #769: 47.5 ms at 33.5s (Draw: 7630, Bodies: 375)
⚡ FRAME SPIKE #770: 41.1 ms at 33.5s (Draw: 7626, Bodies: 375)
⚡ FRAME SPIKE #771: 47.0 ms at 33.5s (Draw: 7632, Bodies: 375)
⚡ FRAME SPIKE #772: 48.6 ms at 33.6s (Draw: 7625, Bodies: 375)
⚡ FRAME SPIKE #773: 48.6 ms at 33.6s (Draw: 7642, Bodies: 376)
⚡ FRAME SPIKE #774: 47.2 ms at 33.7s (Draw: 7716, Bodies: 376)
⚡ FRAME SPIKE #775: 42.1 ms at 33.7s (Draw: 7751, Bodies: 376)
⚡ FRAME SPIKE #776: 47.2 ms at 33.8s (Draw: 7773, Bodies: 377)
⚡ FRAME SPIKE #777: 47.2 ms at 33.8s (Draw: 7821, Bodies: 377)
⚡ FRAME SPIKE #778: 47.7 ms at 33.9s (Draw: 8819, Bodies: 381)
⚡ FRAME SPIKE #779: 50.0 ms at 33.9s (Draw: 8817, Bodies: 382)
⚡ FRAME SPIKE #780: 47.2 ms at 34.0s (Draw: 8808, Bodies: 382)
⚡ FRAME SPIKE #781: 47.2 ms at 34.0s (Draw: 8811, Bodies: 382)
⚡ FRAME SPIKE #782: 47.2 ms at 34.1s (Draw: 8810, Bodies: 383)
⚡ FRAME SPIKE #783: 48.3 ms at 34.1s (Draw: 8801, Bodies: 383)
⚡ FRAME SPIKE #784: 51.6 ms at 34.2s (Draw: 8762, Bodies: 383)

=== PERFORMANCE METRICS ===
FPS: 20 | Frame: 35.4 ms (max 100.0) | Physics: 16.7 ms (max 94.0)
Godot Process: 32.78 ms | Physics: 8.22 ms
Objects: 56908 | Nodes: 24679 | Resources: 538
Draw calls: 8762 | Vertices: 6641602 | VRAM: 737.7 MB
Physics bodies: 383 | Collision pairs: 5044
--- System Times ---
  road_batch_finalize_total_-1,-1: 37.91 ms (max 37.91)
  road_batch_finalize_total_-1,-2: 5.38 ms (max 5.38)
  road_batch_finalize_total_-1,-3: 18.90 ms (max 18.90)
  road_batch_finalize_total_-1,-4: 16.95 ms (max 16.95)
  road_batch_finalize_total_-1,0: 15.37 ms (max 15.37)
  road_batch_finalize_total_-2,-1: 21.62 ms (max 21.62)
  road_batch_finalize_total_-2,-2: 21.09 ms (max 21.09)
  road_batch_finalize_total_-2,-3: 14.94 ms (max 14.94)
  road_batch_finalize_total_-2,-4: 8.68 ms (max 9.28)
  road_batch_finalize_total_-2,0: 20.10 ms (max 20.10)
  road_batch_finalize_total_0,-1: 21.54 ms (max 21.54)
  road_batch_finalize_total_0,-2: 22.39 ms (max 22.39)
  road_batch_finalize_total_0,-3: 21.91 ms (max 21.91)
  road_batch_finalize_total_0,-4: 17.93 ms (max 17.93)
  road_batch_finalize_total_0,0: 21.71 ms (max 21.71)
  road_batch_finalize_total_0,1: 14.98 ms (max 14.98)
  road_batch_finalize_total_1,-1: 16.94 ms (max 16.94)
  road_batch_finalize_total_1,-2: 28.13 ms (max 28.13)
  road_batch_finalize_total_1,-3: 9.44 ms (max 9.44)
  road_batch_finalize_total_1,-4: 8.93 ms (max 8.93)
  road_batch_finalize_total_1,0: 12.65 ms (max 12.65)
  road_collision_create_-1,-1: 12.40 ms (max 31.01)
  road_collision_create_-1,-2: 2.46 ms (max 2.91)
  road_collision_create_-1,-3: 5.99 ms (max 14.40)
  road_collision_create_-1,-4: 8.11 ms (max 12.51)
  road_collision_create_-1,0: 7.44 ms (max 12.79)
  road_collision_create_-2,-1: 6.98 ms (max 14.94)
  road_collision_create_-2,-2: 10.28 ms (max 18.80)
  road_collision_create_-2,-3: 4.66 ms (max 10.35)
  road_collision_create_-2,-4: 3.95 ms (max 5.86)
  road_collision_create_-2,0: 9.79 ms (max 16.48)
  road_collision_create_0,-1: 6.95 ms (max 15.59)
  road_collision_create_0,-2: 7.12 ms (max 15.17)
  road_collision_create_0,-3: 6.88 ms (max 14.64)
  road_collision_create_0,-4: 5.74 ms (max 14.62)
  road_collision_create_0,0: 7.01 ms (max 18.11)
  road_collision_create_0,1: 14.74 ms (max 14.74)
  road_collision_create_1,-1: 5.46 ms (max 13.21)
  road_collision_create_1,-2: 13.78 ms (max 25.15)
  road_collision_create_1,-3: 2.87 ms (max 4.69)
  road_collision_create_1,-4: 2.69 ms (max 3.92)
  road_collision_create_1,0: 12.42 ms (max 12.42)
===========================

=== PERFORMANCE METRICS ===
FPS: 20 | Frame: 35.4 ms (max 100.0) | Physics: 16.7 ms (max 94.0)
Godot Process: 32.78 ms | Physics: 8.22 ms
Objects: 56908 | Nodes: 24679 | Resources: 538
Draw calls: 8762 | Vertices: 6641602 | VRAM: 737.7 MB
Physics bodies: 383 | Collision pairs: 5044
===========================
⚡ FRAME SPIKE #785: 52.6 ms at 34.2s (Draw: 8749, Bodies: 383)
⚡ FRAME SPIKE #786: 49.6 ms at 34.3s (Draw: 8685, Bodies: 383)
⚡ FRAME SPIKE #787: 50.7 ms at 34.3s (Draw: 8684, Bodies: 383)
⚡ FRAME SPIKE #788: 63.6 ms at 34.4s (Draw: 8653, Bodies: 383)
🚗 Traffic: 16 active NPCs (Near: 4, Mid: 9, Far: 3), 15 pooled
  → Physics bodies from NPCs: 16 (All: 16×1, было бы 16×5=80)

========== Bottleneck Analysis Report ==========
Time: 44.7s | Frames: 1394

📊 PERFORMANCE OVERVIEW:
  FPS: 25.6 avg | 20.0 min
  Frame Time: 50.91 ms avg | 86.97 ms max
  Physics Time: 7.38 ms avg

🔍 BOTTLENECK IDENTIFICATION:
  🔴 [CRITICAL] Frame Time
      Value: 50.91 ms (target: 16.67 ms)
      Impact: Overall performance bottleneck
      Suggestions:
        • Reduce draw calls
        • Optimize scripts in _process()
        • Check for expensive operations per frame

  🟠 [HIGH] Draw Calls
      Value: 6925 calls/frame
      Impact: GPU rendering overhead
      Suggestions:
        • Batch meshes by material
        • Use MultiMeshInstance3D
        • Implement LOD system
        • Enable frustum culling

  🟠 [HIGH] Physics Bodies
      Value: 368 active bodies
      Impact: Physics engine load
      Suggestions:
        • Reduce NPC count
        • Convert distant NPCs to kinematic
        • Disable physics for far objects

  🟡 [MEDIUM] Physics Time
      Value: 7.38 ms
      Impact: Physics simulation overhead
      Suggestions:
        • Reduce number of active physics bodies
        • Simplify collision shapes
        • Disable physics for distant objects

  🟡 [MEDIUM] Vertex Count
      Value: 7201396 vertices/frame
      Impact: GPU vertex processing
      Suggestions:
        • Implement LOD for distant objects
        • Simplify building meshes
        • Use lower poly models

  🟡 [MEDIUM] Node Count
      Value: 24787 nodes
      Impact: Scene tree traversal overhead
      Suggestions:
        • Unload distant chunks
        • Pool and reuse nodes
        • Flatten hierarchy where possible

  🟡 [MEDIUM] Post-Processing Effects
      Value: SSAO, Glow/Bloom, Volumetric Fog
      Impact: GPU shader overhead
      Suggestions:
        • Reduce SSR quality
        • Disable SSAO on low-end hardware
        • Use simpler fog

📈 DETAILED STATS:
  Draw Calls: 6925 avg | 8819 max
  Vertices: 7201396 avg | 7645463 max
  Physics Bodies: 368
  Nodes: 24787
  VRAM: 737.8 MB

=================================================

⚡ FRAME SPIKE #789: 63.9 ms at 34.4s (Draw: 8657, Bodies: 382)
⚡ FRAME SPIKE #790: 63.6 ms at 34.5s (Draw: 8645, Bodies: 382)
⚡ FRAME SPIKE #791: 62.5 ms at 34.6s (Draw: 8630, Bodies: 382)
⚡ FRAME SPIKE #792: 61.1 ms at 34.6s (Draw: 8608, Bodies: 383)
⚡ FRAME SPIKE #793: 61.1 ms at 34.7s (Draw: 8603, Bodies: 384)
⚡ FRAME SPIKE #794: 61.1 ms at 34.7s (Draw: 8578, Bodies: 384)
⚡ FRAME SPIKE #795: 58.5 ms at 34.8s (Draw: 8536, Bodies: 383)
⚡ PHYSICS SPIKE #121: 14.9 ms at 34.9s (Bodies: 383)
⚡ PHYSICS SPIKE #122: 14.9 ms at 34.9s (Bodies: 383)
⚡ PHYSICS SPIKE #123: 14.9 ms at 34.9s (Bodies: 383)
⚡ FRAME SPIKE #796: 58.5 ms at 34.9s (Draw: 8507, Bodies: 383)
⚡ PHYSICS SPIKE #124: 14.9 ms at 34.9s (Bodies: 383)
⚡ PHYSICS SPIKE #125: 14.9 ms at 34.9s (Bodies: 384)
⚡ PHYSICS SPIKE #126: 14.9 ms at 34.9s (Bodies: 384)
⚡ PHYSICS SPIKE #127: 14.9 ms at 34.9s (Bodies: 384)
⚡ FRAME SPIKE #797: 55.7 ms at 34.9s (Draw: 8744, Bodies: 384)
⚡ PHYSICS SPIKE #128: 14.9 ms at 35.0s (Bodies: 384)
⚡ PHYSICS SPIKE #129: 14.9 ms at 35.0s (Bodies: 384)
⚡ PHYSICS SPIKE #130: 14.9 ms at 35.0s (Bodies: 384)
⚡ FRAME SPIKE #798: 60.0 ms at 35.0s (Draw: 8807, Bodies: 384)
⚡ PHYSICS SPIKE #131: 14.9 ms at 35.0s (Bodies: 384)
⚡ PHYSICS SPIKE #132: 14.9 ms at 35.0s (Bodies: 384)
⚡ PHYSICS SPIKE #133: 14.9 ms at 35.0s (Bodies: 384)
⚡ PHYSICS SPIKE #134: 14.9 ms at 35.0s (Bodies: 384)
⚡ FRAME SPIKE #799: 54.5 ms at 35.0s (Draw: 8869, Bodies: 384)
⚡ PHYSICS SPIKE #135: 14.9 ms at 35.1s (Bodies: 384)
⚡ PHYSICS SPIKE #136: 14.9 ms at 35.1s (Bodies: 385)
⚡ PHYSICS SPIKE #137: 14.9 ms at 35.1s (Bodies: 385)
⚡ FRAME SPIKE #800: 59.3 ms at 35.1s (Draw: 8894, Bodies: 385)
⚡ PHYSICS SPIKE #138: 14.9 ms at 35.1s (Bodies: 385)
⚡ PHYSICS SPIKE #139: 14.9 ms at 35.1s (Bodies: 386)
⚡ PHYSICS SPIKE #140: 14.9 ms at 35.1s (Bodies: 386)
⚡ FRAME SPIKE #801: 54.4 ms at 35.1s (Draw: 8905, Bodies: 386)
⚡ PHYSICS SPIKE #141: 14.9 ms at 35.2s (Bodies: 386)
⚡ PHYSICS SPIKE #142: 14.9 ms at 35.2s (Bodies: 386)
⚡ PHYSICS SPIKE #143: 14.9 ms at 35.2s (Bodies: 386)
⚡ PHYSICS SPIKE #144: 14.9 ms at 35.2s (Bodies: 386)
⚡ FRAME SPIKE #802: 54.1 ms at 35.2s (Draw: 8938, Bodies: 386)
⚡ PHYSICS SPIKE #145: 14.9 ms at 35.3s (Bodies: 386)
⚡ PHYSICS SPIKE #146: 14.9 ms at 35.3s (Bodies: 386)
⚡ PHYSICS SPIKE #147: 14.9 ms at 35.3s (Bodies: 386)
⚡ FRAME SPIKE #803: 58.3 ms at 35.3s (Draw: 8952, Bodies: 386)
⚡ PHYSICS SPIKE #148: 14.9 ms at 35.3s (Bodies: 386)
⚡ PHYSICS SPIKE #149: 14.9 ms at 35.3s (Bodies: 387)
⚡ PHYSICS SPIKE #150: 14.9 ms at 35.3s (Bodies: 387)
⚡ PHYSICS SPIKE #151: 14.9 ms at 35.3s (Bodies: 387)
⚡ FRAME SPIKE #804: 57.3 ms at 35.3s (Draw: 8918, Bodies: 387)
OSM: Unloaded chunk 0,1
⚡ PHYSICS SPIKE #152: 14.9 ms at 35.4s (Bodies: 387)
⚡ PHYSICS SPIKE #153: 14.9 ms at 35.4s (Bodies: 387)
⚡ PHYSICS SPIKE #154: 14.9 ms at 35.4s (Bodies: 387)
⚡ FRAME SPIKE #805: 57.6 ms at 35.4s (Draw: 8790, Bodies: 387)
⚡ PHYSICS SPIKE #155: 14.9 ms at 35.4s (Bodies: 387)
⚡ PHYSICS SPIKE #156: 14.9 ms at 35.4s (Bodies: 387)
⚡ PHYSICS SPIKE #157: 14.9 ms at 35.4s (Bodies: 387)
⚡ FRAME SPIKE #806: 56.1 ms at 35.4s (Draw: 8636, Bodies: 387)
⚡ PHYSICS SPIKE #158: 14.9 ms at 35.5s (Bodies: 387)
⚡ PHYSICS SPIKE #159: 14.9 ms at 35.5s (Bodies: 387)
⚡ PHYSICS SPIKE #160: 14.9 ms at 35.5s (Bodies: 387)
⚡ PHYSICS SPIKE #161: 14.9 ms at 35.5s (Bodies: 387)
⚡ FRAME SPIKE #807: 51.1 ms at 35.5s (Draw: 8532, Bodies: 387)
⚡ PHYSICS SPIKE #162: 14.9 ms at 35.5s (Bodies: 387)
⚡ PHYSICS SPIKE #163: 14.9 ms at 35.5s (Bodies: 387)
⚡ PHYSICS SPIKE #164: 14.9 ms at 35.5s (Bodies: 387)
⚡ FRAME SPIKE #808: 56.9 ms at 35.5s (Draw: 8430, Bodies: 387)
⚡ PHYSICS SPIKE #165: 14.9 ms at 35.6s (Bodies: 387)
⚡ PHYSICS SPIKE #166: 14.9 ms at 35.6s (Bodies: 388)
⚡ PHYSICS SPIKE #167: 14.9 ms at 35.6s (Bodies: 388)
⚡ FRAME SPIKE #809: 52.1 ms at 35.6s (Draw: 8454, Bodies: 388)
⚡ PHYSICS SPIKE #168: 14.9 ms at 35.6s (Bodies: 388)
⚡ PHYSICS SPIKE #169: 14.9 ms at 35.6s (Bodies: 388)
⚡ PHYSICS SPIKE #170: 14.9 ms at 35.6s (Bodies: 388)
⚡ FRAME SPIKE #810: 51.2 ms at 35.6s (Draw: 8461, Bodies: 388)
⚡ PHYSICS SPIKE #171: 14.9 ms at 35.7s (Bodies: 388)
⚡ PHYSICS SPIKE #172: 14.9 ms at 35.7s (Bodies: 388)
⚡ PHYSICS SPIKE #173: 14.9 ms at 35.7s (Bodies: 388)
⚡ FRAME SPIKE #811: 49.1 ms at 35.7s (Draw: 8452, Bodies: 388)
⚡ PHYSICS SPIKE #174: 14.9 ms at 35.7s (Bodies: 388)
⚡ PHYSICS SPIKE #175: 14.9 ms at 35.7s (Bodies: 388)
⚡ PHYSICS SPIKE #176: 14.9 ms at 35.7s (Bodies: 388)
⚡ FRAME SPIKE #812: 50.9 ms at 35.7s (Draw: 8457, Bodies: 388)
⚡ PHYSICS SPIKE #177: 14.9 ms at 35.8s (Bodies: 388)
⚡ PHYSICS SPIKE #178: 14.9 ms at 35.8s (Bodies: 388)
⚡ PHYSICS SPIKE #179: 14.9 ms at 35.8s (Bodies: 388)
⚡ FRAME SPIKE #813: 49.7 ms at 35.8s (Draw: 8360, Bodies: 388)
⚡ FRAME SPIKE #814: 48.5 ms at 35.8s (Draw: 8218, Bodies: 388)
⚡ FRAME SPIKE #815: 47.6 ms at 35.9s (Draw: 8076, Bodies: 388)
⚡ FRAME SPIKE #816: 50.9 ms at 35.9s (Draw: 8042, Bodies: 390)
⚡ FRAME SPIKE #817: 49.0 ms at 36.0s (Draw: 7945, Bodies: 391)
⚡ FRAME SPIKE #818: 50.1 ms at 36.0s (Draw: 7873, Bodies: 391)
⚡ FRAME SPIKE #819: 49.1 ms at 36.1s (Draw: 7779, Bodies: 391)
⚡ FRAME SPIKE #820: 48.4 ms at 36.1s (Draw: 7748, Bodies: 391)
⚡ FRAME SPIKE #821: 49.0 ms at 36.2s (Draw: 7739, Bodies: 391)
⚡ FRAME SPIKE #822: 46.4 ms at 36.2s (Draw: 7741, Bodies: 391)
⚡ FRAME SPIKE #823: 42.3 ms at 36.3s (Draw: 7743, Bodies: 392)
⚡ FRAME SPIKE #824: 48.6 ms at 36.3s (Draw: 7713, Bodies: 392)
⚡ FRAME SPIKE #825: 48.6 ms at 36.4s (Draw: 7710, Bodies: 392)
OSM: 🌙 NIGHT Window batch -2,-4 | night_mgr: CACHED | is_night value: true
OSM: ✅ Finalized window batch -2,-4: 7309 windows (was 7309 draw calls before batching)
⚡ FRAME SPIKE #826: 50.0 ms at 36.4s (Draw: 7703, Bodies: 393)
🚗 Traffic: 18 active NPCs (Near: 6, Mid: 8, Far: 4), 13 pooled
  → Physics bodies from NPCs: 18 (All: 18×1, было бы 18×5=90)

========== Bottleneck Analysis Report ==========
Time: 46.7s | Frames: 1432

📊 PERFORMANCE OVERVIEW:
  FPS: 21.3 avg | 18.0 min
  Frame Time: 53.80 ms avg | 86.97 ms max
  Physics Time: 8.88 ms avg

🔍 BOTTLENECK IDENTIFICATION:
  🔴 [CRITICAL] Frame Time
      Value: 53.80 ms (target: 16.67 ms)
      Impact: Overall performance bottleneck
      Suggestions:
        • Reduce draw calls
        • Optimize scripts in _process()
        • Check for expensive operations per frame

  🟠 [HIGH] Draw Calls
      Value: 7645 calls/frame
      Impact: GPU rendering overhead
      Suggestions:
        • Batch meshes by material
        • Use MultiMeshInstance3D
        • Implement LOD system
        • Enable frustum culling

  🟠 [HIGH] Physics Bodies
      Value: 376 active bodies
      Impact: Physics engine load
      Suggestions:
        • Reduce NPC count
        • Convert distant NPCs to kinematic
        • Disable physics for far objects

  🟡 [MEDIUM] Physics Time
      Value: 8.88 ms
      Impact: Physics simulation overhead
      Suggestions:
        • Reduce number of active physics bodies
        • Simplify collision shapes
        • Disable physics for distant objects

  🟡 [MEDIUM] Vertex Count
      Value: 6820400 vertices/frame
      Impact: GPU vertex processing
      Suggestions:
        • Implement LOD for distant objects
        • Simplify building meshes
        • Use lower poly models

  🟡 [MEDIUM] Node Count
      Value: 24988 nodes
      Impact: Scene tree traversal overhead
      Suggestions:
        • Unload distant chunks
        • Pool and reuse nodes
        • Flatten hierarchy where possible

  🟡 [MEDIUM] Post-Processing Effects
      Value: SSAO, Glow/Bloom, Volumetric Fog
      Impact: GPU shader overhead
      Suggestions:
        • Reduce SSR quality
        • Disable SSAO on low-end hardware
        • Use simpler fog

📈 DETAILED STATS:
  Draw Calls: 7645 avg | 8952 max
  Vertices: 6820400 avg | 7577269 max
  Physics Bodies: 376
  Nodes: 24988
  VRAM: 739.4 MB

=================================================

⚡ FRAME SPIKE #827: 50.0 ms at 36.5s (Draw: 7711, Bodies: 393)
⚡ FRAME SPIKE #828: 50.0 ms at 36.5s (Draw: 7714, Bodies: 393)
⚡ FRAME SPIKE #829: 50.0 ms at 36.6s (Draw: 7696, Bodies: 394)
⚡ FRAME SPIKE #830: 50.0 ms at 36.6s (Draw: 7687, Bodies: 395)
⚡ FRAME SPIKE #831: 50.0 ms at 36.7s (Draw: 7696, Bodies: 395)
⚡ FRAME SPIKE #832: 50.0 ms at 36.7s (Draw: 7692, Bodies: 395)
⚡ FRAME SPIKE #833: 50.0 ms at 36.8s (Draw: 7678, Bodies: 395)
⚡ FRAME SPIKE #834: 48.8 ms at 36.8s (Draw: 7677, Bodies: 395)
⚡ FRAME SPIKE #835: 48.6 ms at 36.9s (Draw: 7673, Bodies: 395)
⚡ FRAME SPIKE #836: 48.6 ms at 36.9s (Draw: 7678, Bodies: 396)
OSM: Unloaded chunk -2,0
⚡ FRAME SPIKE #837: 50.0 ms at 37.0s (Draw: 7683, Bodies: 395)
⚡ FRAME SPIKE #838: 49.6 ms at 37.0s (Draw: 7686, Bodies: 395)
⚡ FRAME SPIKE #839: 48.6 ms at 37.1s (Draw: 7664, Bodies: 395)
OSM: Infrastructure queue empty, finalizing 2 lamp batches...
OSM: ✅ Finalized lamp batch 1,-4: 57 lamps (3 MultiMeshes + 57 lights, was 171 draw calls before)
OSM: ✅ Finalized lamp batch 0,-4: 3 lamps (3 MultiMeshes + 3 lights, was 9 draw calls before)
⚡ FRAME SPIKE #840: 48.3 ms at 37.1s (Draw: 7614, Bodies: 395)
⚡ FRAME SPIKE #841: 47.7 ms at 37.2s (Draw: 7413, Bodies: 395)
⚡ FRAME SPIKE #842: 46.9 ms at 37.2s (Draw: 7191, Bodies: 395)
⚡ FRAME SPIKE #843: 47.5 ms at 37.3s (Draw: 7051, Bodies: 395)
⚡ FRAME SPIKE #844: 45.6 ms at 37.3s (Draw: 7064, Bodies: 395)
⚡ FRAME SPIKE #845: 47.2 ms at 37.4s (Draw: 7066, Bodies: 395)
⚡ FRAME SPIKE #846: 38.6 ms at 37.4s (Draw: 7059, Bodies: 395)
⚡ FRAME SPIKE #847: 44.4 ms at 37.4s (Draw: 7054, Bodies: 395)
⚡ FRAME SPIKE #848: 39.9 ms at 37.5s (Draw: 7050, Bodies: 395)
⚡ FRAME SPIKE #849: 44.6 ms at 37.5s (Draw: 7048, Bodies: 395)
⚡ FRAME SPIKE #850: 44.4 ms at 37.6s (Draw: 7050, Bodies: 395)
⚡ FRAME SPIKE #851: 41.6 ms at 37.6s (Draw: 7031, Bodies: 395)
⚡ FRAME SPIKE #852: 43.3 ms at 37.7s (Draw: 6817, Bodies: 395)
⚡ FRAME SPIKE #853: 40.7 ms at 37.7s (Draw: 6593, Bodies: 395)
⚡ FRAME SPIKE #854: 43.1 ms at 37.7s (Draw: 6051, Bodies: 395)
⚡ FRAME SPIKE #855: 38.4 ms at 37.8s (Draw: 5672, Bodies: 395)
⚡ FRAME SPIKE #856: 42.6 ms at 37.8s (Draw: 5437, Bodies: 395)
⚡ FRAME SPIKE #857: 35.7 ms at 37.9s (Draw: 5272, Bodies: 395)
⚡ FRAME SPIKE #858: 34.5 ms at 37.9s (Draw: 5032, Bodies: 395)
⚡ FRAME SPIKE #859: 34.8 ms at 37.9s (Draw: 5031, Bodies: 395)
⚡ FRAME SPIKE #860: 34.3 ms at 38.0s (Draw: 5045, Bodies: 395)
OSM: Loading chunk 0,-5 at lat=59.1289, lon=37.9026
OSM: Loaded from cache: osm_v2_59.1289_37.9026_250.json
OSM: Chunk 0,-5 data loaded
OSM: Found 22 POI nodes in chunk
POI_DEBUG: Found 'Freestyle' inside building at local (367.8, -1455.9)
POI_DEBUG: Found 'Аптека+' inside building at local (184.5, -1499.9)
POI_DEBUG: Found 'Double S Electronics' inside building at local (138.1, -1509.8)
POI_DEBUG: Found 'Ozon' inside building at local (123.0, -1391.8)
BusinessSign: Found logo for 'ozon' -> res://textures/brand_logos/ozon.png
POI_DEBUG: Found 'Эдельвейс' inside building at local (364.3, -1199.0)
POI_DEBUG: Found 'Совкомбанк' inside building at local (328.8, -1220.7)
OSM: Generated 41 roads, 27 buildings, 0 trees, 0 signs, 0 lamps, 25 intersections
OSM: Marked chunk '0,-5' for road batch finalization
OSM: Post-initial chunk loaded, pending_lamps=0
OSM: _create_pending_lamps started, count=0
OSM: No pending lamps
⚡ FRAME SPIKE #861: 60.5 ms at 38.0s (Draw: 5132, Bodies: 398)
OSM: DEBUG _add_road_to_batch - first road for chunk '0,-5', parent.name='Chunk_0,-5'
⚠️ SLOW FRAME 12.0ms: building=0.5 road=7.1 terrain=4.0 infra=0.4 veg=0.0 curb=0.0ms
⚡ FRAME SPIKE #862: 55.6 ms at 38.1s (Draw: 4923, Bodies: 399)
⚡ FRAME SPIKE #863: 50.9 ms at 38.1s (Draw: 4581, Bodies: 400)
⚠️ SLOW FRAME 14.5ms: building=0.4 road=12.1 terrain=1.6 infra=0.3 veg=0.0 curb=0.0ms
⚡ FRAME SPIKE #864: 66.6 ms at 38.2s (Draw: 4542, Bodies: 401)
OSM: ✅ Finalized road batch 0,-5/residential: 1946 vertices, 1896 triangles, material: <ImageTexture#-9223371972648368119>
OSM: ✅ Finalized road batch 0,-5/path: 1522 vertices, 1490 triangles, material: <ImageTexture#-9223371972547704822>
⚡ FRAME SPIKE #865: 60.2 ms at 38.2s (Draw: 4555, Bodies: 402)
⚡ FRAME SPIKE #866: 58.3 ms at 38.3s (Draw: 4560, Bodies: 402)
⚡ FRAME SPIKE #867: 58.3 ms at 38.4s (Draw: 4551, Bodies: 403)
⚡ FRAME SPIKE #868: 45.3 ms at 38.4s (Draw: 4546, Bodies: 404)
⚡ FRAME SPIKE #869: 45.3 ms at 38.5s (Draw: 4434, Bodies: 405)
OSM: Loading chunk 2,-3 at lat=59.1235, lon=37.9132
OSM: Loaded from cache: osm_v2_59.1235_37.9132_250.json
🚗 Traffic: 22 active NPCs (Near: 7, Mid: 9, Far: 6), 9 pooled
  → Physics bodies from NPCs: 22 (All: 22×1, было бы 22×5=110)

========== Bottleneck Analysis Report ==========
Time: 48.7s | Frames: 1475

📊 PERFORMANCE OVERVIEW:
  FPS: 19.7 avg | 18.0 min
  Frame Time: 41.54 ms avg | 86.97 ms max
  Physics Time: 9.56 ms avg

🔍 BOTTLENECK IDENTIFICATION:
  🔴 [CRITICAL] Frame Time
      Value: 41.54 ms (target: 16.67 ms)
      Impact: Overall performance bottleneck
      Suggestions:
        • Reduce draw calls
        • Optimize scripts in _process()
        • Check for expensive operations per frame

  🟠 [HIGH] Draw Calls
      Value: 7535 calls/frame
      Impact: GPU rendering overhead
      Suggestions:
        • Batch meshes by material
        • Use MultiMeshInstance3D
        • Implement LOD system
        • Enable frustum culling

  🟠 [HIGH] Physics Bodies
      Value: 387 active bodies
      Impact: Physics engine load
      Suggestions:
        • Reduce NPC count
        • Convert distant NPCs to kinematic
        • Disable physics for far objects

  🟡 [MEDIUM] Physics Time
      Value: 9.56 ms
      Impact: Physics simulation overhead
      Suggestions:
        • Reduce number of active physics bodies
        • Simplify collision shapes
        • Disable physics for distant objects

  🟡 [MEDIUM] Vertex Count
      Value: 6499328 vertices/frame
      Impact: GPU vertex processing
      Suggestions:
        • Implement LOD for distant objects
        • Simplify building meshes
        • Use lower poly models

  🟡 [MEDIUM] Node Count
      Value: 25313 nodes
      Impact: Scene tree traversal overhead
      Suggestions:
        • Unload distant chunks
        • Pool and reuse nodes
        • Flatten hierarchy where possible

  🟡 [MEDIUM] Post-Processing Effects
      Value: SSAO, Glow/Bloom, Volumetric Fog
      Impact: GPU shader overhead
      Suggestions:
        • Reduce SSR quality
        • Disable SSAO on low-end hardware
        • Use simpler fog

📈 DETAILED STATS:
  Draw Calls: 7535 avg | 8952 max
  Vertices: 6499328 avg | 6886525 max
  Physics Bodies: 387
  Nodes: 25313
  VRAM: 739.5 MB

=================================================

OSM: Chunk 2,-3 data loaded
OSM: Found 3 entrance nodes in chunk
OSM: Found 16 POI nodes in chunk
POI_DEBUG: Found 'Бон Аппетит' inside building at local (536.3, -777.3)
POI_DEBUG: Found 'Осетинские пироги' inside building at local (571.7, -769.5)
POI_DEBUG: Found 'Ткани для Вас' inside building at local (630.6, -755.6)
POI_DEBUG: Found 'Аста-запчасти' inside building at local (556.2, -773.0)
POI_DEBUG: Found 'Coffee Like' inside building at local (572.0, -760.4)
POI_DEBUG: Found 'Отделение связи №162602' inside building at local (678.3, -792.8)
POI_DEBUG: Found 'Почта России' inside building at local (652.9, -803.9)
POI_DEBUG: Found 'Ozon' inside building at local (712.1, -787.8)
BusinessSign: Found logo for 'ozon' -> res://textures/brand_logos/ozon.png
POI_DEBUG: Found 'СДЭК' inside building at local (536.8, -743.2)
POI_DEBUG: Found 'Ozon' inside building at local (559.0, -660.9)
BusinessSign: Found logo for 'ozon' -> res://textures/brand_logos/ozon.png
OSM: Generated 37 roads, 41 buildings, 0 trees, 0 signs, 0 lamps, 20 intersections
OSM: Marked chunk '2,-3' for road batch finalization
OSM: Post-initial chunk loaded, pending_lamps=116
OSM: _create_pending_lamps started, count=116
OSM: Created 27 lamps, skipped 89 (added to infrastructure queue)
⚡ FRAME SPIKE #870: 98.9 ms at 38.5s (Draw: 4351, Bodies: 413)
OSM: DEBUG _add_road_to_batch - first road for chunk '2,-3', parent.name='Chunk_2,-3'
⚡ FRAME SPIKE #871: 100.0 ms at 38.6s (Draw: 4317, Bodies: 414)
OSM: DEBUG - First lamp added to chunk 0,-5 batch
⚡ FRAME SPIKE #872: 78.8 ms at 38.7s (Draw: 4302, Bodies: 414)
⚡ FRAME SPIKE #873: 73.3 ms at 38.8s (Draw: 4295, Bodies: 414)
OSM: ✅ Finalized road batch 2,-3/residential: 1746 vertices, 1698 triangles, material: <ImageTexture#-9223371972648368119>
OSM: ✅ Finalized road batch 2,-3/path: 798 vertices, 772 triangles, material: <ImageTexture#-9223371972547704822>
⚡ FRAME SPIKE #874: 69.1 ms at 38.9s (Draw: 4281, Bodies: 414)
⚡ FRAME SPIKE #875: 46.6 ms at 38.9s (Draw: 4281, Bodies: 414)
⚡ FRAME SPIKE #876: 48.9 ms at 39.0s (Draw: 4291, Bodies: 414)
⚡ FRAME SPIKE #877: 54.2 ms at 39.0s (Draw: 4295, Bodies: 415)
⚡ FRAME SPIKE #878: 48.8 ms at 39.1s (Draw: 4286, Bodies: 415)
⚡ FRAME SPIKE #879: 46.2 ms at 39.1s (Draw: 4268, Bodies: 415)
⚡ FRAME SPIKE #880: 37.4 ms at 39.2s (Draw: 4254, Bodies: 415)
⚡ FRAME SPIKE #881: 47.7 ms at 39.2s (Draw: 4238, Bodies: 415)

=== PERFORMANCE METRICS ===
FPS: 17 | Frame: 42.1 ms (max 100.0) | Physics: 16.6 ms (max 92.0)
Godot Process: 83.19 ms | Physics: 9.48 ms
Objects: 60500 | Nodes: 26195 | Resources: 538
Draw calls: 4238 | Vertices: 6426861 | VRAM: 740.0 MB
Physics bodies: 415 | Collision pairs: 5699
--- System Times ---
  road_batch_finalize_total_-1,-1: 37.91 ms (max 37.91)
  road_batch_finalize_total_-1,-2: 5.38 ms (max 5.38)
  road_batch_finalize_total_-1,-3: 18.90 ms (max 18.90)
  road_batch_finalize_total_-1,-4: 16.95 ms (max 16.95)
  road_batch_finalize_total_-1,0: 15.37 ms (max 15.37)
  road_batch_finalize_total_-2,-1: 21.62 ms (max 21.62)
  road_batch_finalize_total_-2,-2: 21.09 ms (max 21.09)
  road_batch_finalize_total_-2,-3: 14.94 ms (max 14.94)
  road_batch_finalize_total_-2,-4: 8.68 ms (max 9.28)
  road_batch_finalize_total_-2,0: 20.10 ms (max 20.10)
  road_batch_finalize_total_0,-1: 21.54 ms (max 21.54)
  road_batch_finalize_total_0,-2: 22.39 ms (max 22.39)
  road_batch_finalize_total_0,-3: 21.91 ms (max 21.91)
  road_batch_finalize_total_0,-4: 17.93 ms (max 17.93)
  road_batch_finalize_total_0,-5: 7.88 ms (max 7.88)
  road_batch_finalize_total_0,0: 21.71 ms (max 21.71)
  road_batch_finalize_total_0,1: 14.98 ms (max 14.98)
  road_batch_finalize_total_1,-1: 16.94 ms (max 16.94)
  road_batch_finalize_total_1,-2: 28.13 ms (max 28.13)
  road_batch_finalize_total_1,-3: 9.44 ms (max 9.44)
  road_batch_finalize_total_1,-4: 8.93 ms (max 8.93)
  road_batch_finalize_total_1,0: 12.65 ms (max 12.65)
  road_batch_finalize_total_2,-3: 6.45 ms (max 6.45)
  road_collision_create_-1,-1: 12.40 ms (max 31.01)
  road_collision_create_-1,-2: 2.46 ms (max 2.91)
  road_collision_create_-1,-3: 5.99 ms (max 14.40)
  road_collision_create_-1,-4: 8.11 ms (max 12.51)
  road_collision_create_-1,0: 7.44 ms (max 12.79)
  road_collision_create_-2,-1: 6.98 ms (max 14.94)
  road_collision_create_-2,-2: 10.28 ms (max 18.80)
  road_collision_create_-2,-3: 4.66 ms (max 10.35)
  road_collision_create_-2,-4: 3.95 ms (max 5.86)
  road_collision_create_-2,0: 9.79 ms (max 16.48)
  road_collision_create_0,-1: 6.95 ms (max 15.59)
  road_collision_create_0,-2: 7.12 ms (max 15.17)
  road_collision_create_0,-3: 6.88 ms (max 14.64)
  road_collision_create_0,-4: 5.74 ms (max 14.62)
  road_collision_create_0,-5: 3.53 ms (max 3.96)
  road_collision_create_0,0: 7.01 ms (max 18.11)
  road_collision_create_0,1: 14.74 ms (max 14.74)
  road_collision_create_1,-1: 5.46 ms (max 13.21)
  road_collision_create_1,-2: 13.78 ms (max 25.15)
  road_collision_create_1,-3: 2.87 ms (max 4.69)
  road_collision_create_1,-4: 2.69 ms (max 3.92)
  road_collision_create_1,0: 12.42 ms (max 12.42)
  road_collision_create_2,-3: 2.86 ms (max 3.52)
===========================

=== PERFORMANCE METRICS ===
FPS: 17 | Frame: 42.1 ms (max 100.0) | Physics: 16.6 ms (max 92.0)
Godot Process: 83.19 ms | Physics: 9.48 ms
Objects: 60500 | Nodes: 26195 | Resources: 538
Draw calls: 4238 | Vertices: 6426861 | VRAM: 740.0 MB
Physics bodies: 415 | Collision pairs: 5699
===========================
⚡ FRAME SPIKE #882: 45.8 ms at 39.2s (Draw: 4217, Bodies: 415)
⚡ FRAME SPIKE #883: 41.1 ms at 39.3s (Draw: 4216, Bodies: 415)
⚡ FRAME SPIKE #884: 45.8 ms at 39.3s (Draw: 4203, Bodies: 415)
⚡ FRAME SPIKE #885: 45.0 ms at 39.4s (Draw: 4193, Bodies: 415)
⚡ FRAME SPIKE #886: 43.3 ms at 39.4s (Draw: 4178, Bodies: 415)
⚡ FRAME SPIKE #887: 45.0 ms at 39.5s (Draw: 4177, Bodies: 415)
OSM: Loading chunk -1,-5 at lat=59.1289, lon=37.8974
OSM: Loaded from cache: osm_v2_59.1289_37.8974_250.json
OSM: Chunk -1,-5 data loaded
OSM: Found 15 POI nodes in chunk
POI_DEBUG: Found 'Магнит' inside building at local (-186.3, -1338.4)
POI_DEBUG: Found 'Магнит-косметик' inside building at local (-177.7, -1336.2)
BusinessSign: Found logo for 'магнит' -> res://textures/brand_logos/magnit.png
BusinessSign: Found logo for 'магнит-косметик' (matched 'магнит') -> res://textures/brand_logos/magnit.png
POI_DEBUG: Found 'Redial магазин одежды' inside building at local (-211.7, -1285.6)
POI_DEBUG: Found 'Еврочехол' inside building at local (-203.0, -1261.1)
POI_DEBUG: Found 'Галамарт' inside building at local (-200.2, -1277.9)
POI_DEBUG: Found 'МТС' inside building at local (-218.4, -1273.8)
POI_DEBUG: Found 'Fix Price' inside building at local (-216.9, -1262.8)
BusinessSign: Found logo for 'мтс' -> res://textures/brand_logos/mts.png
BusinessSign: Found logo for 'fix price' -> res://textures/brand_logos/fixprice.png
Loading resource: res://textures/brand_logos/fixprice.png
Loading resource: res://.godot/imported/fixprice.png-48650b68fe00fd82204fbbc1261f6d65.ctex
WARNING: Image format RGB8 not supported by hardware, converting to RGBA8.
     at: _validate_texture_format (servers/rendering/renderer_rd/storage_rd/texture_storage.cpp:2265)
     GDScript backtrace (most recent call first):
         [0] _create_logo_sign (res://osm/business_sign_generator.gd:198)
         [1] create_sign (res://osm/business_sign_generator.gd:139)
         [2] _add_business_signs_simple (res://osm/osm_terrain_generator.gd:7189)
         [3] _create_building (res://osm/osm_terrain_generator.gd:2905)
         [4] _generate_terrain (res://osm/osm_terrain_generator.gd:1568)
         [5] _generate_chunk_async (res://osm/osm_terrain_generator.gd:1207)
         [6] _on_chunk_data_loaded (res://osm/osm_terrain_generator.gd:1203)
         [7] _emit_cached_data (res://osm/osm_loader.gd:146)
POI_DEBUG: Found 'Ozon' inside building at local (-206.5, -1435.5)
BusinessSign: Found logo for 'ozon' -> res://textures/brand_logos/ozon.png
OSM: Generated 39 roads, 37 buildings, 0 trees, 0 signs, 0 lamps, 24 intersections
OSM: Marked chunk '-1,-5' for road batch finalization
OSM: Post-initial chunk loaded, pending_lamps=56
OSM: _create_pending_lamps started, count=56
OSM: Created 42 lamps, skipped 14 (added to infrastructure queue)
⚡ FRAME SPIKE #888: 79.1 ms at 39.5s (Draw: 4165, Bodies: 417)
OSM: DEBUG _add_road_to_batch - first road for chunk '-1,-5', parent.name='Chunk_-1,-5'
OSM: DEBUG - First lamp added to chunk 2,-3 batch
⚡ FRAME SPIKE #889: 81.8 ms at 39.6s (Draw: 4160, Bodies: 416)
⚡ FRAME SPIKE #890: 66.7 ms at 39.7s (Draw: 4149, Bodies: 416)
⚡ FRAME SPIKE #891: 66.7 ms at 39.7s (Draw: 4145, Bodies: 416)
OSM: ✅ Finalized road batch -1,-5/residential: 1978 vertices, 1926 triangles, material: <ImageTexture#-9223371972648368119>
OSM: ✅ Finalized road batch -1,-5/path: 1616 vertices, 1590 triangles, material: <ImageTexture#-9223371972547704822>
⚠️ SLOW: road batch finalization took 8.3 ms for chunk -1,-5
⚡ FRAME SPIKE #892: 65.2 ms at 39.8s (Draw: 4134, Bodies: 417)
⚡ PHYSICS SPIKE #180: 10.1 ms at 39.9s (Bodies: 417)
⚡ PHYSICS SPIKE #181: 10.1 ms at 39.9s (Bodies: 417)
⚡ PHYSICS SPIKE #182: 10.1 ms at 39.9s (Bodies: 417)
⚡ PHYSICS SPIKE #183: 10.1 ms at 39.9s (Bodies: 417)
⚡ FRAME SPIKE #893: 58.7 ms at 39.9s (Draw: 4112, Bodies: 417)
⚡ PHYSICS SPIKE #184: 10.1 ms at 39.9s (Bodies: 417)
⚡ PHYSICS SPIKE #185: 10.1 ms at 39.9s (Bodies: 418)
⚡ PHYSICS SPIKE #186: 10.1 ms at 39.9s (Bodies: 418)
⚡ FRAME SPIKE #894: 57.8 ms at 39.9s (Draw: 4111, Bodies: 418)
⚡ PHYSICS SPIKE #187: 10.1 ms at 40.0s (Bodies: 418)
⚡ PHYSICS SPIKE #188: 10.1 ms at 40.0s (Bodies: 419)
⚡ PHYSICS SPIKE #189: 10.1 ms at 40.0s (Bodies: 419)
⚡ FRAME SPIKE #895: 48.9 ms at 40.0s (Draw: 4120, Bodies: 419)
⚡ PHYSICS SPIKE #190: 10.1 ms at 40.0s (Bodies: 419)
⚡ PHYSICS SPIKE #191: 10.1 ms at 40.0s (Bodies: 421)
⚡ PHYSICS SPIKE #192: 10.1 ms at 40.0s (Bodies: 421)
⚡ FRAME SPIKE #896: 51.7 ms at 40.0s (Draw: 3961, Bodies: 421)
⚡ PHYSICS SPIKE #193: 10.1 ms at 40.1s (Bodies: 421)
⚡ PHYSICS SPIKE #194: 10.1 ms at 40.1s (Bodies: 421)
⚡ PHYSICS SPIKE #195: 10.1 ms at 40.1s (Bodies: 421)
⚡ FRAME SPIKE #897: 47.5 ms at 40.1s (Draw: 3929, Bodies: 421)
⚡ PHYSICS SPIKE #196: 10.1 ms at 40.1s (Bodies: 421)
⚡ PHYSICS SPIKE #197: 10.1 ms at 40.1s (Bodies: 421)
⚡ PHYSICS SPIKE #198: 10.1 ms at 40.1s (Bodies: 421)
⚡ FRAME SPIKE #898: 49.0 ms at 40.1s (Draw: 3894, Bodies: 421)
⚡ PHYSICS SPIKE #199: 10.1 ms at 40.2s (Bodies: 421)
⚡ PHYSICS SPIKE #200: 10.1 ms at 40.2s (Bodies: 422)
⚡ PHYSICS SPIKE #201: 10.1 ms at 40.2s (Bodies: 422)
⚡ FRAME SPIKE #899: 48.0 ms at 40.2s (Draw: 3890, Bodies: 422)
⚡ PHYSICS SPIKE #202: 10.1 ms at 40.2s (Bodies: 422)
⚡ PHYSICS SPIKE #203: 10.1 ms at 40.2s (Bodies: 423)
⚡ PHYSICS SPIKE #204: 10.1 ms at 40.2s (Bodies: 423)
⚡ FRAME SPIKE #900: 50.0 ms at 40.2s (Draw: 3903, Bodies: 423)
⚡ PHYSICS SPIKE #205: 10.1 ms at 40.3s (Bodies: 423)
⚡ PHYSICS SPIKE #206: 10.1 ms at 40.3s (Bodies: 424)
⚡ PHYSICS SPIKE #207: 10.1 ms at 40.3s (Bodies: 424)
⚡ FRAME SPIKE #901: 48.6 ms at 40.3s (Draw: 3863, Bodies: 424)
⚡ PHYSICS SPIKE #208: 10.1 ms at 40.3s (Bodies: 424)
⚡ PHYSICS SPIKE #209: 10.1 ms at 40.3s (Bodies: 425)
⚡ PHYSICS SPIKE #210: 10.1 ms at 40.3s (Bodies: 425)
⚡ FRAME SPIKE #902: 48.9 ms at 40.3s (Draw: 3892, Bodies: 425)
⚡ PHYSICS SPIKE #211: 10.1 ms at 40.4s (Bodies: 425)
⚡ PHYSICS SPIKE #212: 10.1 ms at 40.4s (Bodies: 426)
⚡ PHYSICS SPIKE #213: 10.1 ms at 40.4s (Bodies: 426)
⚡ FRAME SPIKE #903: 48.9 ms at 40.4s (Draw: 3998, Bodies: 426)
⚡ PHYSICS SPIKE #214: 10.1 ms at 40.4s (Bodies: 426)
⚡ PHYSICS SPIKE #215: 10.1 ms at 40.4s (Bodies: 427)
⚡ PHYSICS SPIKE #216: 10.1 ms at 40.4s (Bodies: 427)
⚡ FRAME SPIKE #904: 49.3 ms at 40.4s (Draw: 4005, Bodies: 427)
⚡ PHYSICS SPIKE #217: 10.1 ms at 40.5s (Bodies: 427)
⚡ PHYSICS SPIKE #218: 10.1 ms at 40.5s (Bodies: 428)
⚡ PHYSICS SPIKE #219: 10.1 ms at 40.5s (Bodies: 428)
⚡ FRAME SPIKE #905: 50.0 ms at 40.5s (Draw: 4024, Bodies: 428)
🚗 Traffic: 23 active NPCs (Near: 6, Mid: 10, Far: 7), 8 pooled
  → Physics bodies from NPCs: 23 (All: 23×1, было бы 23×5=115)

========== Bottleneck Analysis Report ==========
Time: 50.7s | Frames: 1511

📊 PERFORMANCE OVERVIEW:
  FPS: 19.2 avg | 17.0 min
  Frame Time: 42.56 ms avg | 83.19 ms max
  Physics Time: 10.07 ms avg

🔍 BOTTLENECK IDENTIFICATION:
  🔴 [CRITICAL] Frame Time
      Value: 42.56 ms (target: 16.67 ms)
      Impact: Overall performance bottleneck
      Suggestions:
        • Reduce draw calls
        • Optimize scripts in _process()
        • Check for expensive operations per frame

  🔴 [CRITICAL] Physics Time
      Value: 10.07 ms
      Impact: Physics simulation overhead
      Suggestions:
        • Reduce number of active physics bodies
        • Simplify collision shapes
        • Disable physics for distant objects

  🟠 [HIGH] Draw Calls
      Value: 6432 calls/frame
      Impact: GPU rendering overhead
      Suggestions:
        • Batch meshes by material
        • Use MultiMeshInstance3D
        • Implement LOD system
        • Enable frustum culling

  🟠 [HIGH] Physics Bodies
      Value: 399 active bodies
      Impact: Physics engine load
      Suggestions:
        • Reduce NPC count
        • Convert distant NPCs to kinematic
        • Disable physics for far objects

  🟡 [MEDIUM] Vertex Count
      Value: 6398955 vertices/frame
      Impact: GPU vertex processing
      Suggestions:
        • Implement LOD for distant objects
        • Simplify building meshes
        • Use lower poly models

  🟡 [MEDIUM] Node Count
      Value: 27390 nodes
      Impact: Scene tree traversal overhead
      Suggestions:
        • Unload distant chunks
        • Pool and reuse nodes
        • Flatten hierarchy where possible

  🟡 [MEDIUM] Post-Processing Effects
      Value: SSAO, Glow/Bloom, Volumetric Fog
      Impact: GPU shader overhead
      Suggestions:
        • Reduce SSR quality
        • Disable SSAO on low-end hardware
        • Use simpler fog

📈 DETAILED STATS:
  Draw Calls: 6432 avg | 8952 max
  Vertices: 6398955 avg | 6831495 max
  Physics Bodies: 399
  Nodes: 27390
  VRAM: 742.1 MB

=================================================

⚡ PHYSICS SPIKE #220: 10.1 ms at 40.5s (Bodies: 428)
⚡ PHYSICS SPIKE #221: 10.1 ms at 40.5s (Bodies: 429)
⚡ PHYSICS SPIKE #222: 10.1 ms at 40.5s (Bodies: 429)
⚡ FRAME SPIKE #906: 50.0 ms at 40.5s (Draw: 4022, Bodies: 429)
⚡ PHYSICS SPIKE #223: 10.1 ms at 40.6s (Bodies: 429)
⚡ PHYSICS SPIKE #224: 10.1 ms at 40.6s (Bodies: 430)
⚡ PHYSICS SPIKE #225: 10.1 ms at 40.6s (Bodies: 429)
⚡ FRAME SPIKE #907: 50.0 ms at 40.6s (Draw: 4018, Bodies: 429)
⚡ PHYSICS SPIKE #226: 10.1 ms at 40.6s (Bodies: 429)
⚡ PHYSICS SPIKE #227: 10.1 ms at 40.6s (Bodies: 429)
⚡ PHYSICS SPIKE #228: 10.1 ms at 40.6s (Bodies: 429)
⚡ FRAME SPIKE #908: 50.0 ms at 40.6s (Draw: 4019, Bodies: 429)
⚡ PHYSICS SPIKE #229: 10.1 ms at 40.7s (Bodies: 429)
⚡ PHYSICS SPIKE #230: 10.1 ms at 40.7s (Bodies: 430)
⚡ PHYSICS SPIKE #231: 10.1 ms at 40.7s (Bodies: 430)
⚡ FRAME SPIKE #909: 50.0 ms at 40.7s (Draw: 4010, Bodies: 430)
⚡ PHYSICS SPIKE #232: 10.1 ms at 40.7s (Bodies: 430)
⚡ PHYSICS SPIKE #233: 10.1 ms at 40.7s (Bodies: 430)
⚡ PHYSICS SPIKE #234: 10.1 ms at 40.7s (Bodies: 430)
⚡ FRAME SPIKE #910: 50.0 ms at 40.7s (Draw: 4003, Bodies: 430)
⚡ PHYSICS SPIKE #235: 10.1 ms at 40.8s (Bodies: 430)
⚡ PHYSICS SPIKE #236: 10.1 ms at 40.8s (Bodies: 431)
⚡ FRAME SPIKE #911: 48.6 ms at 40.8s (Draw: 4001, Bodies: 431)
⚡ PHYSICS SPIKE #237: 10.8 ms at 40.8s (Bodies: 431)
⚡ PHYSICS SPIKE #238: 10.8 ms at 40.8s (Bodies: 432)
⚡ PHYSICS SPIKE #239: 10.8 ms at 40.8s (Bodies: 432)
⚡ FRAME SPIKE #912: 41.2 ms at 40.8s (Draw: 3999, Bodies: 432)
⚡ PHYSICS SPIKE #240: 10.8 ms at 40.9s (Bodies: 432)
⚡ PHYSICS SPIKE #241: 10.8 ms at 40.9s (Bodies: 433)
⚡ PHYSICS SPIKE #242: 10.8 ms at 40.9s (Bodies: 433)
⚡ FRAME SPIKE #913: 48.6 ms at 40.9s (Draw: 4001, Bodies: 433)
⚡ PHYSICS SPIKE #243: 10.8 ms at 40.9s (Bodies: 433)
⚡ PHYSICS SPIKE #244: 10.8 ms at 40.9s (Bodies: 434)
⚡ PHYSICS SPIKE #245: 10.8 ms at 40.9s (Bodies: 434)
⚡ FRAME SPIKE #914: 48.6 ms at 40.9s (Draw: 4000, Bodies: 434)
⚡ PHYSICS SPIKE #246: 10.8 ms at 41.0s (Bodies: 434)
⚡ PHYSICS SPIKE #247: 10.8 ms at 41.0s (Bodies: 435)
⚡ PHYSICS SPIKE #248: 10.8 ms at 41.0s (Bodies: 435)
⚡ FRAME SPIKE #915: 48.6 ms at 41.0s (Draw: 4000, Bodies: 435)
⚡ PHYSICS SPIKE #249: 10.8 ms at 41.0s (Bodies: 435)
⚡ PHYSICS SPIKE #250: 10.8 ms at 41.0s (Bodies: 436)
⚡ PHYSICS SPIKE #251: 10.8 ms at 41.0s (Bodies: 436)
⚡ FRAME SPIKE #916: 48.6 ms at 41.0s (Draw: 3997, Bodies: 436)
⚡ PHYSICS SPIKE #252: 10.8 ms at 41.1s (Bodies: 436)
⚡ PHYSICS SPIKE #253: 10.8 ms at 41.1s (Bodies: 438)
⚡ PHYSICS SPIKE #254: 10.8 ms at 41.1s (Bodies: 438)
⚡ FRAME SPIKE #917: 48.7 ms at 41.1s (Draw: 3997, Bodies: 438)
⚡ PHYSICS SPIKE #255: 10.8 ms at 41.1s (Bodies: 438)
⚡ PHYSICS SPIKE #256: 10.8 ms at 41.1s (Bodies: 439)
⚡ PHYSICS SPIKE #257: 10.8 ms at 41.1s (Bodies: 439)
⚡ FRAME SPIKE #918: 50.0 ms at 41.1s (Draw: 4006, Bodies: 439)
⚡ PHYSICS SPIKE #258: 10.8 ms at 41.2s (Bodies: 439)
⚡ PHYSICS SPIKE #259: 10.8 ms at 41.2s (Bodies: 439)
⚡ PHYSICS SPIKE #260: 10.8 ms at 41.2s (Bodies: 439)
⚡ FRAME SPIKE #919: 50.0 ms at 41.2s (Draw: 4014, Bodies: 439)
⚡ PHYSICS SPIKE #261: 10.8 ms at 41.2s (Bodies: 439)
⚡ PHYSICS SPIKE #262: 10.8 ms at 41.2s (Bodies: 440)
⚡ PHYSICS SPIKE #263: 10.8 ms at 41.2s (Bodies: 440)
⚡ FRAME SPIKE #920: 50.0 ms at 41.2s (Draw: 4035, Bodies: 440)
⚡ PHYSICS SPIKE #264: 10.8 ms at 41.3s (Bodies: 440)
⚡ PHYSICS SPIKE #265: 10.8 ms at 41.3s (Bodies: 441)
⚡ PHYSICS SPIKE #266: 10.8 ms at 41.3s (Bodies: 441)
⚡ FRAME SPIKE #921: 50.0 ms at 41.3s (Draw: 4051, Bodies: 441)
⚡ PHYSICS SPIKE #267: 10.8 ms at 41.3s (Bodies: 441)
⚡ PHYSICS SPIKE #268: 10.8 ms at 41.3s (Bodies: 442)
⚡ PHYSICS SPIKE #269: 10.8 ms at 41.3s (Bodies: 442)
⚡ FRAME SPIKE #922: 50.0 ms at 41.3s (Draw: 4052, Bodies: 442)
⚡ PHYSICS SPIKE #270: 10.8 ms at 41.4s (Bodies: 442)
⚡ PHYSICS SPIKE #271: 10.8 ms at 41.4s (Bodies: 442)
⚡ PHYSICS SPIKE #272: 10.8 ms at 41.4s (Bodies: 442)
⚡ FRAME SPIKE #923: 50.0 ms at 41.4s (Draw: 4050, Bodies: 442)
⚡ PHYSICS SPIKE #273: 10.8 ms at 41.4s (Bodies: 442)
⚡ PHYSICS SPIKE #274: 10.8 ms at 41.4s (Bodies: 443)
⚡ PHYSICS SPIKE #275: 10.8 ms at 41.4s (Bodies: 443)
⚡ FRAME SPIKE #924: 50.0 ms at 41.4s (Draw: 4050, Bodies: 443)
⚡ PHYSICS SPIKE #276: 10.8 ms at 41.5s (Bodies: 443)
⚡ PHYSICS SPIKE #277: 10.8 ms at 41.5s (Bodies: 443)
⚡ PHYSICS SPIKE #278: 10.8 ms at 41.5s (Bodies: 443)
⚡ FRAME SPIKE #925: 50.0 ms at 41.5s (Draw: 4048, Bodies: 443)
⚡ PHYSICS SPIKE #279: 10.8 ms at 41.5s (Bodies: 443)
⚡ PHYSICS SPIKE #280: 10.8 ms at 41.5s (Bodies: 443)
⚡ PHYSICS SPIKE #281: 10.8 ms at 41.5s (Bodies: 443)
⚡ FRAME SPIKE #926: 50.0 ms at 41.5s (Draw: 4056, Bodies: 443)
⚡ PHYSICS SPIKE #282: 10.8 ms at 41.6s (Bodies: 443)
⚡ PHYSICS SPIKE #283: 10.8 ms at 41.6s (Bodies: 444)
⚡ PHYSICS SPIKE #284: 10.8 ms at 41.6s (Bodies: 444)
⚡ FRAME SPIKE #927: 50.0 ms at 41.6s (Draw: 4059, Bodies: 444)
⚡ PHYSICS SPIKE #285: 10.8 ms at 41.6s (Bodies: 444)
⚡ PHYSICS SPIKE #286: 10.8 ms at 41.6s (Bodies: 445)
⚡ PHYSICS SPIKE #287: 10.8 ms at 41.6s (Bodies: 445)
⚡ FRAME SPIKE #928: 50.0 ms at 41.6s (Draw: 4067, Bodies: 445)
⚡ PHYSICS SPIKE #288: 10.8 ms at 41.7s (Bodies: 445)
⚡ PHYSICS SPIKE #289: 10.8 ms at 41.7s (Bodies: 446)
⚡ PHYSICS SPIKE #290: 10.8 ms at 41.7s (Bodies: 446)
⚡ FRAME SPIKE #929: 50.0 ms at 41.7s (Draw: 4067, Bodies: 446)
⚡ PHYSICS SPIKE #291: 10.8 ms at 41.7s (Bodies: 446)
⚡ PHYSICS SPIKE #292: 10.8 ms at 41.7s (Bodies: 447)
⚡ PHYSICS SPIKE #293: 10.8 ms at 41.7s (Bodies: 447)
⚡ FRAME SPIKE #930: 50.0 ms at 41.7s (Draw: 4068, Bodies: 447)
⚡ PHYSICS SPIKE #294: 10.8 ms at 41.8s (Bodies: 447)
⚡ PHYSICS SPIKE #295: 10.8 ms at 41.8s (Bodies: 447)
⚡ PHYSICS SPIKE #296: 10.8 ms at 41.8s (Bodies: 447)
⚡ FRAME SPIKE #931: 50.0 ms at 41.8s (Draw: 4065, Bodies: 447)
⚡ PHYSICS SPIKE #297: 11.6 ms at 41.8s (Bodies: 447)
⚡ PHYSICS SPIKE #298: 11.6 ms at 41.8s (Bodies: 447)
⚡ PHYSICS SPIKE #299: 11.6 ms at 41.8s (Bodies: 447)
⚡ FRAME SPIKE #932: 50.0 ms at 41.8s (Draw: 4064, Bodies: 447)
⚡ PHYSICS SPIKE #300: 11.6 ms at 41.9s (Bodies: 447)
⚡ PHYSICS SPIKE #301: 11.6 ms at 41.9s (Bodies: 448)
⚡ PHYSICS SPIKE #302: 11.6 ms at 41.9s (Bodies: 448)
⚡ FRAME SPIKE #933: 52.3 ms at 41.9s (Draw: 4071, Bodies: 447)
⚡ PHYSICS SPIKE #303: 11.6 ms at 41.9s (Bodies: 447)
⚡ PHYSICS SPIKE #304: 11.6 ms at 41.9s (Bodies: 448)
⚡ PHYSICS SPIKE #305: 11.6 ms at 41.9s (Bodies: 448)
⚡ FRAME SPIKE #934: 55.9 ms at 41.9s (Draw: 4069, Bodies: 448)
⚡ PHYSICS SPIKE #306: 11.6 ms at 42.0s (Bodies: 448)
⚡ PHYSICS SPIKE #307: 11.6 ms at 42.0s (Bodies: 449)
⚡ PHYSICS SPIKE #308: 11.6 ms at 42.0s (Bodies: 449)
⚡ FRAME SPIKE #935: 50.0 ms at 42.0s (Draw: 4072, Bodies: 449)
⚡ PHYSICS SPIKE #309: 11.6 ms at 42.0s (Bodies: 449)
⚡ PHYSICS SPIKE #310: 11.6 ms at 42.0s (Bodies: 450)
⚡ PHYSICS SPIKE #311: 11.6 ms at 42.0s (Bodies: 450)
⚡ FRAME SPIKE #936: 50.0 ms at 42.0s (Draw: 4068, Bodies: 450)
⚡ PHYSICS SPIKE #312: 11.6 ms at 42.1s (Bodies: 450)
⚡ PHYSICS SPIKE #313: 11.6 ms at 42.1s (Bodies: 450)
⚡ PHYSICS SPIKE #314: 11.6 ms at 42.1s (Bodies: 450)
⚡ FRAME SPIKE #937: 50.8 ms at 42.1s (Draw: 4072, Bodies: 450)
⚡ PHYSICS SPIKE #315: 11.6 ms at 42.1s (Bodies: 450)
⚡ PHYSICS SPIKE #316: 11.6 ms at 42.1s (Bodies: 450)
⚡ PHYSICS SPIKE #317: 11.6 ms at 42.1s (Bodies: 450)
⚡ FRAME SPIKE #938: 51.1 ms at 42.1s (Draw: 4073, Bodies: 450)
⚡ PHYSICS SPIKE #318: 11.6 ms at 42.2s (Bodies: 450)
⚡ PHYSICS SPIKE #319: 11.6 ms at 42.2s (Bodies: 451)
⚡ PHYSICS SPIKE #320: 11.6 ms at 42.2s (Bodies: 451)
⚡ FRAME SPIKE #939: 50.0 ms at 42.2s (Draw: 4074, Bodies: 451)
⚡ PHYSICS SPIKE #321: 11.6 ms at 42.2s (Bodies: 451)
⚡ PHYSICS SPIKE #322: 11.6 ms at 42.2s (Bodies: 452)
⚡ PHYSICS SPIKE #323: 11.6 ms at 42.2s (Bodies: 452)
⚡ FRAME SPIKE #940: 50.0 ms at 42.2s (Draw: 4076, Bodies: 452)
⚡ PHYSICS SPIKE #324: 11.6 ms at 42.3s (Bodies: 452)
⚡ PHYSICS SPIKE #325: 11.6 ms at 42.3s (Bodies: 453)
⚡ PHYSICS SPIKE #326: 11.6 ms at 42.3s (Bodies: 453)
⚡ FRAME SPIKE #941: 50.0 ms at 42.3s (Draw: 4075, Bodies: 453)
⚡ PHYSICS SPIKE #327: 11.6 ms at 42.3s (Bodies: 453)
⚡ PHYSICS SPIKE #328: 11.6 ms at 42.3s (Bodies: 454)
⚡ PHYSICS SPIKE #329: 11.6 ms at 42.3s (Bodies: 454)
⚡ FRAME SPIKE #942: 50.0 ms at 42.3s (Draw: 4078, Bodies: 454)
⚡ PHYSICS SPIKE #330: 11.6 ms at 42.4s (Bodies: 454)
⚡ PHYSICS SPIKE #331: 11.6 ms at 42.4s (Bodies: 453)
⚡ PHYSICS SPIKE #332: 11.6 ms at 42.4s (Bodies: 453)
⚡ FRAME SPIKE #943: 50.0 ms at 42.4s (Draw: 4078, Bodies: 453)
⚡ PHYSICS SPIKE #333: 11.6 ms at 42.4s (Bodies: 453)
⚡ PHYSICS SPIKE #334: 11.6 ms at 42.4s (Bodies: 453)
⚡ PHYSICS SPIKE #335: 11.6 ms at 42.4s (Bodies: 453)
⚡ FRAME SPIKE #944: 50.0 ms at 42.4s (Draw: 4078, Bodies: 453)
⚡ PHYSICS SPIKE #336: 11.6 ms at 42.5s (Bodies: 453)
⚡ PHYSICS SPIKE #337: 11.6 ms at 42.5s (Bodies: 454)
⚡ PHYSICS SPIKE #338: 11.6 ms at 42.5s (Bodies: 454)
⚡ FRAME SPIKE #945: 48.6 ms at 42.5s (Draw: 4077, Bodies: 454)
⚡ PHYSICS SPIKE #339: 11.6 ms at 42.5s (Bodies: 454)
⚡ PHYSICS SPIKE #340: 11.6 ms at 42.5s (Bodies: 455)
⚡ PHYSICS SPIKE #341: 11.6 ms at 42.5s (Bodies: 455)
⚡ FRAME SPIKE #946: 49.2 ms at 42.5s (Draw: 4076, Bodies: 455)
🚗 Traffic: 21 active NPCs (Near: 7, Mid: 9, Far: 5), 10 pooled
  → Physics bodies from NPCs: 21 (All: 21×1, было бы 21×5=105)

========== Bottleneck Analysis Report ==========
Time: 52.8s | Frames: 1552

📊 PERFORMANCE OVERVIEW:
  FPS: 19.5 avg | 17.0 min
  Frame Time: 41.18 ms avg | 83.19 ms max
  Physics Time: 9.90 ms avg

🔍 BOTTLENECK IDENTIFICATION:
  🔴 [CRITICAL] Frame Time
      Value: 41.18 ms (target: 16.67 ms)
      Impact: Overall performance bottleneck
      Suggestions:
        • Reduce draw calls
        • Optimize scripts in _process()
        • Check for expensive operations per frame

  🟠 [HIGH] Draw Calls
      Value: 4944 calls/frame
      Impact: GPU rendering overhead
      Suggestions:
        • Batch meshes by material
        • Use MultiMeshInstance3D
        • Implement LOD system
        • Enable frustum culling

  🟠 [HIGH] Physics Bodies
      Value: 418 active bodies
      Impact: Physics engine load
      Suggestions:
        • Reduce NPC count
        • Convert distant NPCs to kinematic
        • Disable physics for far objects

  🟡 [MEDIUM] Physics Time
      Value: 9.90 ms
      Impact: Physics simulation overhead
      Suggestions:
        • Reduce number of active physics bodies
        • Simplify collision shapes
        • Disable physics for distant objects

  🟡 [MEDIUM] Vertex Count
      Value: 6360812 vertices/frame
      Impact: GPU vertex processing
      Suggestions:
        • Implement LOD for distant objects
        • Simplify building meshes
        • Use lower poly models

  🟡 [MEDIUM] Node Count
      Value: 28867 nodes
      Impact: Scene tree traversal overhead
      Suggestions:
        • Unload distant chunks
        • Pool and reuse nodes
        • Flatten hierarchy where possible

  🟡 [MEDIUM] Post-Processing Effects
      Value: SSAO, Glow/Bloom, Volumetric Fog
      Impact: GPU shader overhead
      Suggestions:
        • Reduce SSR quality
        • Disable SSAO on low-end hardware
        • Use simpler fog

📈 DETAILED STATS:
  Draw Calls: 4944 avg | 7714 max
  Vertices: 6360812 avg | 6831495 max
  Physics Bodies: 418
  Nodes: 28867
  VRAM: 743.2 MB

=================================================

⚡ PHYSICS SPIKE #342: 11.6 ms at 42.6s (Bodies: 455)
⚡ PHYSICS SPIKE #343: 11.6 ms at 42.6s (Bodies: 456)
⚡ PHYSICS SPIKE #344: 11.6 ms at 42.6s (Bodies: 456)
⚡ FRAME SPIKE #947: 48.9 ms at 42.6s (Draw: 4078, Bodies: 456)
⚡ PHYSICS SPIKE #345: 11.6 ms at 42.6s (Bodies: 456)
⚡ PHYSICS SPIKE #346: 11.6 ms at 42.6s (Bodies: 457)
⚡ PHYSICS SPIKE #347: 11.6 ms at 42.6s (Bodies: 457)
⚡ FRAME SPIKE #948: 48.6 ms at 42.6s (Draw: 4073, Bodies: 457)
⚡ PHYSICS SPIKE #348: 11.6 ms at 42.7s (Bodies: 457)
⚡ PHYSICS SPIKE #349: 11.6 ms at 42.7s (Bodies: 458)
⚡ PHYSICS SPIKE #350: 11.6 ms at 42.7s (Bodies: 458)
⚡ FRAME SPIKE #949: 49.8 ms at 42.7s (Draw: 4074, Bodies: 458)
⚡ PHYSICS SPIKE #351: 11.6 ms at 42.7s (Bodies: 458)
⚡ PHYSICS SPIKE #352: 11.6 ms at 42.7s (Bodies: 459)
⚡ PHYSICS SPIKE #353: 11.6 ms at 42.7s (Bodies: 459)
⚡ FRAME SPIKE #950: 48.6 ms at 42.7s (Draw: 4076, Bodies: 459)
⚡ PHYSICS SPIKE #354: 11.6 ms at 42.8s (Bodies: 459)
⚡ PHYSICS SPIKE #355: 11.6 ms at 42.8s (Bodies: 460)
⚡ PHYSICS SPIKE #356: 11.6 ms at 42.8s (Bodies: 460)
⚡ FRAME SPIKE #951: 48.6 ms at 42.8s (Draw: 4084, Bodies: 460)
OSM: 🌙 NIGHT Window batch 0,-5 | night_mgr: CACHED | is_night value: true
OSM: ✅ Finalized window batch 0,-5: 6360 windows (was 6360 draw calls before batching)
⚡ PHYSICS SPIKE #357: 12.9 ms at 42.8s (Bodies: 460)
⚡ PHYSICS SPIKE #358: 12.9 ms at 42.8s (Bodies: 460)
⚡ PHYSICS SPIKE #359: 12.9 ms at 42.8s (Bodies: 460)
⚡ FRAME SPIKE #952: 50.0 ms at 42.8s (Draw: 4087, Bodies: 460)
OSM: 🌙 NIGHT Window batch 2,-3 | night_mgr: CACHED | is_night value: true
OSM: ✅ Finalized window batch 2,-3: 5869 windows (was 5869 draw calls before batching)
⚡ PHYSICS SPIKE #360: 12.9 ms at 42.9s (Bodies: 460)
⚡ PHYSICS SPIKE #361: 12.9 ms at 42.9s (Bodies: 461)
⚡ PHYSICS SPIKE #362: 12.9 ms at 42.9s (Bodies: 461)
⚡ FRAME SPIKE #953: 50.0 ms at 42.9s (Draw: 4087, Bodies: 461)
OSM: 🌙 NIGHT Window batch -1,-5 | night_mgr: CACHED | is_night value: true
OSM: ✅ Finalized window batch -1,-5: 6514 windows (was 6514 draw calls before batching)
⚡ PHYSICS SPIKE #363: 12.9 ms at 42.9s (Bodies: 461)
⚡ PHYSICS SPIKE #364: 12.9 ms at 42.9s (Bodies: 461)
⚡ PHYSICS SPIKE #365: 12.9 ms at 42.9s (Bodies: 461)
⚡ FRAME SPIKE #954: 63.1 ms at 42.9s (Draw: 4088, Bodies: 461)
⚡ PHYSICS SPIKE #366: 12.9 ms at 43.0s (Bodies: 461)
⚡ PHYSICS SPIKE #367: 12.9 ms at 43.0s (Bodies: 462)
⚡ PHYSICS SPIKE #368: 12.9 ms at 43.0s (Bodies: 462)
⚡ FRAME SPIKE #955: 50.0 ms at 43.0s (Draw: 4090, Bodies: 462)
⚡ PHYSICS SPIKE #369: 12.9 ms at 43.0s (Bodies: 462)
⚡ PHYSICS SPIKE #370: 12.9 ms at 43.0s (Bodies: 463)
⚡ PHYSICS SPIKE #371: 12.9 ms at 43.0s (Bodies: 463)
⚡ FRAME SPIKE #956: 50.0 ms at 43.0s (Draw: 4089, Bodies: 463)
⚡ PHYSICS SPIKE #372: 12.9 ms at 43.1s (Bodies: 463)
⚡ PHYSICS SPIKE #373: 12.9 ms at 43.1s (Bodies: 465)
⚡ PHYSICS SPIKE #374: 12.9 ms at 43.1s (Bodies: 465)
⚡ FRAME SPIKE #957: 50.0 ms at 43.1s (Draw: 4094, Bodies: 465)
⚡ PHYSICS SPIKE #375: 12.9 ms at 43.1s (Bodies: 465)
⚡ PHYSICS SPIKE #376: 12.9 ms at 43.1s (Bodies: 466)
⚡ PHYSICS SPIKE #377: 12.9 ms at 43.1s (Bodies: 466)
⚡ FRAME SPIKE #958: 50.0 ms at 43.1s (Draw: 4092, Bodies: 466)
⚡ PHYSICS SPIKE #378: 12.9 ms at 43.2s (Bodies: 466)
⚡ PHYSICS SPIKE #379: 12.9 ms at 43.2s (Bodies: 467)
⚡ PHYSICS SPIKE #380: 12.9 ms at 43.2s (Bodies: 467)
⚡ FRAME SPIKE #959: 50.0 ms at 43.2s (Draw: 4096, Bodies: 467)
⚡ PHYSICS SPIKE #381: 12.9 ms at 43.2s (Bodies: 467)
⚡ PHYSICS SPIKE #382: 12.9 ms at 43.2s (Bodies: 467)
⚡ PHYSICS SPIKE #383: 12.9 ms at 43.2s (Bodies: 467)
⚡ FRAME SPIKE #960: 50.0 ms at 43.2s (Draw: 4096, Bodies: 467)
⚡ PHYSICS SPIKE #384: 12.9 ms at 43.3s (Bodies: 467)
⚡ PHYSICS SPIKE #385: 12.9 ms at 43.3s (Bodies: 467)
⚡ PHYSICS SPIKE #386: 12.9 ms at 43.3s (Bodies: 467)
⚡ FRAME SPIKE #961: 50.0 ms at 43.3s (Draw: 4096, Bodies: 467)
⚡ PHYSICS SPIKE #387: 12.9 ms at 43.3s (Bodies: 467)
⚡ PHYSICS SPIKE #388: 12.9 ms at 43.3s (Bodies: 468)
⚡ PHYSICS SPIKE #389: 12.9 ms at 43.3s (Bodies: 468)
⚡ FRAME SPIKE #962: 49.4 ms at 43.3s (Draw: 4095, Bodies: 468)
⚡ PHYSICS SPIKE #390: 12.9 ms at 43.4s (Bodies: 468)
⚡ PHYSICS SPIKE #391: 12.9 ms at 43.4s (Bodies: 468)
⚡ PHYSICS SPIKE #392: 12.9 ms at 43.4s (Bodies: 468)
⚡ FRAME SPIKE #963: 48.6 ms at 43.4s (Draw: 4095, Bodies: 468)
⚡ PHYSICS SPIKE #393: 12.9 ms at 43.4s (Bodies: 468)
⚡ PHYSICS SPIKE #394: 12.9 ms at 43.4s (Bodies: 468)
⚡ PHYSICS SPIKE #395: 12.9 ms at 43.4s (Bodies: 468)
⚡ FRAME SPIKE #964: 48.6 ms at 43.4s (Draw: 4094, Bodies: 468)
⚡ PHYSICS SPIKE #396: 12.9 ms at 43.5s (Bodies: 468)
⚡ PHYSICS SPIKE #397: 12.9 ms at 43.5s (Bodies: 468)
⚡ PHYSICS SPIKE #398: 12.9 ms at 43.5s (Bodies: 468)
⚡ FRAME SPIKE #965: 48.6 ms at 43.5s (Draw: 4096, Bodies: 468)
⚡ PHYSICS SPIKE #399: 12.9 ms at 43.5s (Bodies: 468)
⚡ PHYSICS SPIKE #400: 12.9 ms at 43.5s (Bodies: 468)
⚡ PHYSICS SPIKE #401: 12.9 ms at 43.5s (Bodies: 468)
⚡ FRAME SPIKE #966: 48.6 ms at 43.5s (Draw: 4095, Bodies: 468)
⚡ PHYSICS SPIKE #402: 12.9 ms at 43.6s (Bodies: 468)
⚡ PHYSICS SPIKE #403: 12.9 ms at 43.6s (Bodies: 469)
⚡ PHYSICS SPIKE #404: 12.9 ms at 43.6s (Bodies: 469)
⚡ FRAME SPIKE #967: 48.7 ms at 43.6s (Draw: 4093, Bodies: 469)
⚡ PHYSICS SPIKE #405: 12.9 ms at 43.6s (Bodies: 469)
⚡ PHYSICS SPIKE #406: 12.9 ms at 43.6s (Bodies: 470)
⚡ PHYSICS SPIKE #407: 12.9 ms at 43.6s (Bodies: 470)
⚡ FRAME SPIKE #968: 48.6 ms at 43.6s (Draw: 4092, Bodies: 470)
⚡ PHYSICS SPIKE #408: 12.9 ms at 43.7s (Bodies: 470)
⚡ PHYSICS SPIKE #409: 12.9 ms at 43.7s (Bodies: 471)
⚡ PHYSICS SPIKE #410: 12.9 ms at 43.7s (Bodies: 471)
⚡ FRAME SPIKE #969: 48.6 ms at 43.7s (Draw: 4097, Bodies: 471)
⚡ PHYSICS SPIKE #411: 12.9 ms at 43.7s (Bodies: 471)
⚡ PHYSICS SPIKE #412: 12.9 ms at 43.7s (Bodies: 472)
⚡ PHYSICS SPIKE #413: 12.9 ms at 43.7s (Bodies: 472)
⚡ FRAME SPIKE #970: 48.6 ms at 43.7s (Draw: 4094, Bodies: 472)
OSM: Infrastructure queue empty, finalizing 2 lamp batches...
OSM: ✅ Finalized lamp batch 0,-5: 21 lamps (3 MultiMeshes + 21 lights, was 63 draw calls before)
OSM: ✅ Finalized lamp batch 2,-3: 22 lamps (3 MultiMeshes + 22 lights, was 66 draw calls before)
⚡ PHYSICS SPIKE #414: 12.9 ms at 43.8s (Bodies: 472)
⚡ PHYSICS SPIKE #415: 12.9 ms at 43.8s (Bodies: 472)
⚡ PHYSICS SPIKE #416: 12.9 ms at 43.8s (Bodies: 472)
⚡ FRAME SPIKE #971: 49.8 ms at 43.8s (Draw: 4124, Bodies: 472)
⚡ PHYSICS SPIKE #417: 16.5 ms at 43.8s (Bodies: 472)
⚡ PHYSICS SPIKE #418: 16.5 ms at 43.8s (Bodies: 472)
⚡ PHYSICS SPIKE #419: 16.5 ms at 43.8s (Bodies: 472)
⚡ FRAME SPIKE #972: 49.1 ms at 43.8s (Draw: 4124, Bodies: 472)
⚡ PHYSICS SPIKE #420: 16.5 ms at 43.9s (Bodies: 472)
⚡ PHYSICS SPIKE #421: 16.5 ms at 43.9s (Bodies: 472)
⚡ PHYSICS SPIKE #422: 16.5 ms at 43.9s (Bodies: 472)
⚡ FRAME SPIKE #973: 48.6 ms at 43.9s (Draw: 4124, Bodies: 472)
⚡ PHYSICS SPIKE #423: 16.5 ms at 43.9s (Bodies: 472)
⚡ PHYSICS SPIKE #424: 16.5 ms at 43.9s (Bodies: 472)
⚡ PHYSICS SPIKE #425: 16.5 ms at 43.9s (Bodies: 472)
⚡ FRAME SPIKE #974: 48.4 ms at 43.9s (Draw: 4118, Bodies: 472)
⚡ PHYSICS SPIKE #426: 16.5 ms at 44.0s (Bodies: 472)
⚡ PHYSICS SPIKE #427: 16.5 ms at 44.0s (Bodies: 472)
⚡ PHYSICS SPIKE #428: 16.5 ms at 44.0s (Bodies: 471)
⚡ FRAME SPIKE #975: 50.0 ms at 44.0s (Draw: 4118, Bodies: 471)
⚡ PHYSICS SPIKE #429: 16.5 ms at 44.0s (Bodies: 471)
⚡ PHYSICS SPIKE #430: 16.5 ms at 44.0s (Bodies: 471)
⚡ PHYSICS SPIKE #431: 16.5 ms at 44.0s (Bodies: 471)
⚡ FRAME SPIKE #976: 50.0 ms at 44.0s (Draw: 4128, Bodies: 471)
⚡ PHYSICS SPIKE #432: 16.5 ms at 44.1s (Bodies: 471)
⚡ PHYSICS SPIKE #433: 16.5 ms at 44.1s (Bodies: 471)
⚡ PHYSICS SPIKE #434: 16.5 ms at 44.1s (Bodies: 471)
⚡ FRAME SPIKE #977: 50.0 ms at 44.1s (Draw: 4128, Bodies: 471)
⚡ PHYSICS SPIKE #435: 16.5 ms at 44.1s (Bodies: 471)
⚡ PHYSICS SPIKE #436: 16.5 ms at 44.1s (Bodies: 474)
⚡ PHYSICS SPIKE #437: 16.5 ms at 44.1s (Bodies: 474)
⚡ FRAME SPIKE #978: 50.0 ms at 44.1s (Draw: 4129, Bodies: 474)
⚡ PHYSICS SPIKE #438: 16.5 ms at 44.2s (Bodies: 474)
⚡ PHYSICS SPIKE #439: 16.5 ms at 44.2s (Bodies: 474)
⚡ FRAME SPIKE #979: 47.2 ms at 44.2s (Draw: 4124, Bodies: 474)
⚡ PHYSICS SPIKE #440: 16.5 ms at 44.2s (Bodies: 474)
⚡ PHYSICS SPIKE #441: 16.5 ms at 44.2s (Bodies: 474)
⚡ PHYSICS SPIKE #442: 16.5 ms at 44.2s (Bodies: 474)
⚡ FRAME SPIKE #980: 40.8 ms at 44.2s (Draw: 4124, Bodies: 474)

=== PERFORMANCE METRICS ===
FPS: 20 | Frame: 49.4 ms (max 100.0) | Physics: 16.7 ms (max 75.9)
Godot Process: 22.03 ms | Physics: 16.50 ms
Objects: 66406 | Nodes: 29048 | Resources: 539
Draw calls: 4124 | Vertices: 7120991 | VRAM: 746.1 MB
Physics bodies: 474 | Collision pairs: 6483
--- System Times ---
  road_batch_finalize_total_-1,-1: 37.91 ms (max 37.91)
  road_batch_finalize_total_-1,-2: 5.38 ms (max 5.38)
  road_batch_finalize_total_-1,-3: 18.90 ms (max 18.90)
  road_batch_finalize_total_-1,-4: 16.95 ms (max 16.95)
  road_batch_finalize_total_-1,-5: 8.25 ms (max 8.25)
  road_batch_finalize_total_-1,0: 15.37 ms (max 15.37)
  road_batch_finalize_total_-2,-1: 21.62 ms (max 21.62)
  road_batch_finalize_total_-2,-2: 21.09 ms (max 21.09)
  road_batch_finalize_total_-2,-3: 14.94 ms (max 14.94)
  road_batch_finalize_total_-2,-4: 8.68 ms (max 9.28)
  road_batch_finalize_total_-2,0: 20.10 ms (max 20.10)
  road_batch_finalize_total_0,-1: 21.54 ms (max 21.54)
  road_batch_finalize_total_0,-2: 22.39 ms (max 22.39)
  road_batch_finalize_total_0,-3: 21.91 ms (max 21.91)
  road_batch_finalize_total_0,-4: 17.93 ms (max 17.93)
  road_batch_finalize_total_0,-5: 7.88 ms (max 7.88)
  road_batch_finalize_total_0,0: 21.71 ms (max 21.71)
  road_batch_finalize_total_0,1: 14.98 ms (max 14.98)
  road_batch_finalize_total_1,-1: 16.94 ms (max 16.94)
  road_batch_finalize_total_1,-2: 28.13 ms (max 28.13)
  road_batch_finalize_total_1,-3: 9.44 ms (max 9.44)
  road_batch_finalize_total_1,-4: 8.93 ms (max 8.93)
  road_batch_finalize_total_1,0: 12.65 ms (max 12.65)
  road_batch_finalize_total_2,-3: 6.45 ms (max 6.45)
  road_collision_create_-1,-1: 12.40 ms (max 31.01)
  road_collision_create_-1,-2: 2.46 ms (max 2.91)
  road_collision_create_-1,-3: 5.99 ms (max 14.40)
  road_collision_create_-1,-4: 8.11 ms (max 12.51)
  road_collision_create_-1,-5: 3.70 ms (max 4.13)
  road_collision_create_-1,0: 7.44 ms (max 12.79)
  road_collision_create_-2,-1: 6.98 ms (max 14.94)
  road_collision_create_-2,-2: 10.28 ms (max 18.80)
  road_collision_create_-2,-3: 4.66 ms (max 10.35)
  road_collision_create_-2,-4: 3.95 ms (max 5.86)
  road_collision_create_-2,0: 9.79 ms (max 16.48)
  road_collision_create_0,-1: 6.95 ms (max 15.59)
  road_collision_create_0,-2: 7.12 ms (max 15.17)
  road_collision_create_0,-3: 6.88 ms (max 14.64)
  road_collision_create_0,-4: 5.74 ms (max 14.62)
  road_collision_create_0,-5: 3.53 ms (max 3.96)
  road_collision_create_0,0: 7.01 ms (max 18.11)
  road_collision_create_0,1: 14.74 ms (max 14.74)
  road_collision_create_1,-1: 5.46 ms (max 13.21)
  road_collision_create_1,-2: 13.78 ms (max 25.15)
  road_collision_create_1,-3: 2.87 ms (max 4.69)
  road_collision_create_1,-4: 2.69 ms (max 3.92)
  road_collision_create_1,0: 12.42 ms (max 12.42)
  road_collision_create_2,-3: 2.86 ms (max 3.52)
===========================

=== PERFORMANCE METRICS ===
FPS: 20 | Frame: 49.4 ms (max 100.0) | Physics: 16.7 ms (max 75.8)
Godot Process: 22.03 ms | Physics: 16.50 ms
Objects: 66406 | Nodes: 29048 | Resources: 539
Draw calls: 4124 | Vertices: 7120991 | VRAM: 746.1 MB
Physics bodies: 474 | Collision pairs: 6483
===========================
⚡ PHYSICS SPIKE #443: 16.5 ms at 44.3s (Bodies: 474)
⚡ PHYSICS SPIKE #444: 16.5 ms at 44.3s (Bodies: 474)
⚡ PHYSICS SPIKE #445: 16.5 ms at 44.3s (Bodies: 474)
⚡ FRAME SPIKE #981: 47.2 ms at 44.3s (Draw: 4124, Bodies: 474)
⚡ PHYSICS SPIKE #446: 16.5 ms at 44.3s (Bodies: 474)
⚡ PHYSICS SPIKE #447: 16.5 ms at 44.3s (Bodies: 474)
⚡ PHYSICS SPIKE #448: 16.5 ms at 44.3s (Bodies: 474)
⚡ FRAME SPIKE #982: 48.1 ms at 44.3s (Draw: 4129, Bodies: 474)
⚡ PHYSICS SPIKE #449: 16.5 ms at 44.3s (Bodies: 474)
⚡ PHYSICS SPIKE #450: 16.5 ms at 44.3s (Bodies: 474)
⚡ PHYSICS SPIKE #451: 16.5 ms at 44.3s (Bodies: 474)
⚡ FRAME SPIKE #983: 50.0 ms at 44.3s (Draw: 4125, Bodies: 474)
⚡ PHYSICS SPIKE #452: 16.5 ms at 44.4s (Bodies: 474)
⚡ PHYSICS SPIKE #453: 16.5 ms at 44.4s (Bodies: 474)
⚡ FRAME SPIKE #984: 46.7 ms at 44.4s (Draw: 4126, Bodies: 474)
⚡ PHYSICS SPIKE #454: 16.5 ms at 44.4s (Bodies: 474)
⚡ PHYSICS SPIKE #455: 16.5 ms at 44.4s (Bodies: 474)
⚡ PHYSICS SPIKE #456: 16.5 ms at 44.4s (Bodies: 474)
⚡ FRAME SPIKE #985: 41.9 ms at 44.4s (Draw: 4126, Bodies: 474)
⚡ PHYSICS SPIKE #457: 16.5 ms at 44.5s (Bodies: 474)
⚡ PHYSICS SPIKE #458: 16.5 ms at 44.5s (Bodies: 474)
⚡ PHYSICS SPIKE #459: 16.5 ms at 44.5s (Bodies: 474)
⚡ FRAME SPIKE #986: 46.7 ms at 44.5s (Draw: 4126, Bodies: 474)
⚡ PHYSICS SPIKE #460: 16.5 ms at 44.5s (Bodies: 474)
⚡ PHYSICS SPIKE #461: 16.5 ms at 44.5s (Bodies: 474)
⚡ PHYSICS SPIKE #462: 16.5 ms at 44.5s (Bodies: 474)
⚡ FRAME SPIKE #987: 48.1 ms at 44.5s (Draw: 4131, Bodies: 474)
🚗 Traffic: 24 active NPCs (Near: 8, Mid: 10, Far: 6), 7 pooled
  → Physics bodies from NPCs: 24 (All: 24×1, было бы 24×5=120)

========== Bottleneck Analysis Report ==========
Time: 54.8s | Frames: 1593

📊 PERFORMANCE OVERVIEW:
  FPS: 19.4 avg | 17.0 min
  Frame Time: 38.57 ms avg | 83.19 ms max
  Physics Time: 11.61 ms avg

🔍 BOTTLENECK IDENTIFICATION:
  🔴 [CRITICAL] Frame Time
      Value: 38.57 ms (target: 16.67 ms)
      Impact: Overall performance bottleneck
      Suggestions:
        • Reduce draw calls
        • Optimize scripts in _process()
        • Check for expensive operations per frame

  🔴 [CRITICAL] Physics Time
      Value: 11.61 ms
      Impact: Physics simulation overhead
      Suggestions:
        • Reduce number of active physics bodies
        • Simplify collision shapes
        • Disable physics for distant objects

  🟠 [HIGH] Draw Calls
      Value: 4101 calls/frame
      Impact: GPU rendering overhead
      Suggestions:
        • Batch meshes by material
        • Use MultiMeshInstance3D
        • Implement LOD system
        • Enable frustum culling

  🟠 [HIGH] Physics Bodies
      Value: 443 active bodies
      Impact: Physics engine load
      Suggestions:
        • Reduce NPC count
        • Convert distant NPCs to kinematic
        • Disable physics for far objects

  🟡 [MEDIUM] Vertex Count
      Value: 6471600 vertices/frame
      Impact: GPU vertex processing
      Suggestions:
        • Implement LOD for distant objects
        • Simplify building meshes
        • Use lower poly models

  🟡 [MEDIUM] Node Count
      Value: 29048 nodes
      Impact: Scene tree traversal overhead
      Suggestions:
        • Unload distant chunks
        • Pool and reuse nodes
        • Flatten hierarchy where possible

  🟡 [MEDIUM] Post-Processing Effects
      Value: SSAO, Glow/Bloom, Volumetric Fog
      Impact: GPU shader overhead
      Suggestions:
        • Reduce SSR quality
        • Disable SSAO on low-end hardware
        • Use simpler fog

📈 DETAILED STATS:
  Draw Calls: 4101 avg | 4546 max
  Vertices: 6471600 avg | 7121017 max
  Physics Bodies: 443
  Nodes: 29048
  VRAM: 746.1 MB

=================================================

⚡ PHYSICS SPIKE #463: 16.5 ms at 44.6s (Bodies: 474)
⚡ PHYSICS SPIKE #464: 16.5 ms at 44.6s (Bodies: 474)
⚡ PHYSICS SPIKE #465: 16.5 ms at 44.6s (Bodies: 474)
⚡ FRAME SPIKE #988: 50.0 ms at 44.6s (Draw: 4126, Bodies: 474)
⚡ PHYSICS SPIKE #466: 16.5 ms at 44.6s (Bodies: 474)
⚡ PHYSICS SPIKE #467: 16.5 ms at 44.6s (Bodies: 474)
⚡ FRAME SPIKE #989: 46.7 ms at 44.6s (Draw: 4131, Bodies: 474)
⚡ PHYSICS SPIKE #468: 16.5 ms at 44.7s (Bodies: 474)
⚡ PHYSICS SPIKE #469: 16.5 ms at 44.7s (Bodies: 474)
⚡ PHYSICS SPIKE #470: 16.5 ms at 44.7s (Bodies: 474)
⚡ FRAME SPIKE #990: 44.2 ms at 44.7s (Draw: 4126, Bodies: 474)
⚡ PHYSICS SPIKE #471: 16.5 ms at 44.7s (Bodies: 474)
⚡ PHYSICS SPIKE #472: 16.5 ms at 44.7s (Bodies: 474)
⚡ PHYSICS SPIKE #473: 16.5 ms at 44.7s (Bodies: 474)
⚡ FRAME SPIKE #991: 46.7 ms at 44.7s (Draw: 4126, Bodies: 474)
⚡ PHYSICS SPIKE #474: 16.5 ms at 44.8s (Bodies: 474)
⚡ PHYSICS SPIKE #475: 16.5 ms at 44.8s (Bodies: 474)
⚡ PHYSICS SPIKE #476: 16.5 ms at 44.8s (Bodies: 474)
⚡ FRAME SPIKE #992: 46.7 ms at 44.8s (Draw: 4120, Bodies: 474)
⚡ PHYSICS SPIKE #477: 16.5 ms at 44.8s (Bodies: 474)
⚡ PHYSICS SPIKE #478: 16.5 ms at 44.8s (Bodies: 474)
⚡ PHYSICS SPIKE #479: 16.5 ms at 44.8s (Bodies: 474)
⚡ FRAME SPIKE #993: 49.1 ms at 44.8s (Draw: 4120, Bodies: 474)
⚡ PHYSICS SPIKE #480: 11.4 ms at 44.9s (Bodies: 474)
⚡ PHYSICS SPIKE #481: 11.4 ms at 44.9s (Bodies: 474)
⚡ FRAME SPIKE #994: 46.7 ms at 44.9s (Draw: 4119, Bodies: 474)
⚡ PHYSICS SPIKE #482: 11.4 ms at 44.9s (Bodies: 474)
⚡ PHYSICS SPIKE #483: 11.4 ms at 44.9s (Bodies: 474)
⚡ PHYSICS SPIKE #484: 11.4 ms at 44.9s (Bodies: 474)
⚡ FRAME SPIKE #995: 44.0 ms at 44.9s (Draw: 4120, Bodies: 474)
⚡ PHYSICS SPIKE #485: 11.4 ms at 45.0s (Bodies: 474)
⚡ PHYSICS SPIKE #486: 11.4 ms at 45.0s (Bodies: 473)
⚡ PHYSICS SPIKE #487: 11.4 ms at 45.0s (Bodies: 473)
⚡ FRAME SPIKE #996: 46.7 ms at 45.0s (Draw: 4120, Bodies: 473)
⚡ PHYSICS SPIKE #488: 11.4 ms at 45.0s (Bodies: 473)
⚡ PHYSICS SPIKE #489: 11.4 ms at 45.0s (Bodies: 473)
⚡ PHYSICS SPIKE #490: 11.4 ms at 45.0s (Bodies: 473)
⚡ FRAME SPIKE #997: 46.7 ms at 45.0s (Draw: 4121, Bodies: 473)
⚡ PHYSICS SPIKE #491: 11.4 ms at 45.0s (Bodies: 473)
⚡ PHYSICS SPIKE #492: 11.4 ms at 45.0s (Bodies: 473)
⚡ PHYSICS SPIKE #493: 11.4 ms at 45.0s (Bodies: 473)
⚡ FRAME SPIKE #998: 49.4 ms at 45.0s (Draw: 4122, Bodies: 473)
⚡ PHYSICS SPIKE #494: 11.4 ms at 45.1s (Bodies: 473)
⚡ PHYSICS SPIKE #495: 11.4 ms at 45.1s (Bodies: 473)
⚡ FRAME SPIKE #999: 46.7 ms at 45.1s (Draw: 4117, Bodies: 473)
⚡ PHYSICS SPIKE #496: 11.4 ms at 45.1s (Bodies: 473)
⚡ PHYSICS SPIKE #497: 11.4 ms at 45.1s (Bodies: 475)
⚡ PHYSICS SPIKE #498: 11.4 ms at 45.1s (Bodies: 475)
⚡ FRAME SPIKE #1000: 45.4 ms at 45.1s (Draw: 4124, Bodies: 475)
⚡ PHYSICS SPIKE #499: 11.4 ms at 45.2s (Bodies: 475)
⚡ PHYSICS SPIKE #500: 11.4 ms at 45.2s (Bodies: 475)
⚡ PHYSICS SPIKE #501: 11.4 ms at 45.2s (Bodies: 475)
⚡ FRAME SPIKE #1001: 46.7 ms at 45.2s (Draw: 4126, Bodies: 475)
⚡ PHYSICS SPIKE #502: 11.4 ms at 45.2s (Bodies: 475)
⚡ PHYSICS SPIKE #503: 11.4 ms at 45.2s (Bodies: 475)
⚡ PHYSICS SPIKE #504: 11.4 ms at 45.2s (Bodies: 475)
⚡ FRAME SPIKE #1002: 46.7 ms at 45.2s (Draw: 4122, Bodies: 475)
⚡ PHYSICS SPIKE #505: 11.4 ms at 45.3s (Bodies: 475)
⚡ PHYSICS SPIKE #506: 11.4 ms at 45.3s (Bodies: 475)
⚡ PHYSICS SPIKE #507: 11.4 ms at 45.3s (Bodies: 475)
⚡ FRAME SPIKE #1003: 48.0 ms at 45.3s (Draw: 4126, Bodies: 475)
⚡ PHYSICS SPIKE #508: 11.4 ms at 45.3s (Bodies: 475)
⚡ PHYSICS SPIKE #509: 11.4 ms at 45.3s (Bodies: 475)
⚡ FRAME SPIKE #1004: 46.7 ms at 45.3s (Draw: 4118, Bodies: 475)
⚡ PHYSICS SPIKE #510: 11.4 ms at 45.4s (Bodies: 475)
⚡ PHYSICS SPIKE #511: 11.4 ms at 45.4s (Bodies: 475)
⚡ PHYSICS SPIKE #512: 11.4 ms at 45.4s (Bodies: 475)
⚡ FRAME SPIKE #1005: 46.7 ms at 45.4s (Draw: 4122, Bodies: 475)
⚡ PHYSICS SPIKE #513: 11.4 ms at 45.4s (Bodies: 475)
⚡ PHYSICS SPIKE #514: 11.4 ms at 45.4s (Bodies: 475)
⚡ PHYSICS SPIKE #515: 11.4 ms at 45.4s (Bodies: 475)
⚡ FRAME SPIKE #1006: 46.7 ms at 45.4s (Draw: 4122, Bodies: 475)
⚡ PHYSICS SPIKE #516: 11.4 ms at 45.5s (Bodies: 475)
⚡ PHYSICS SPIKE #517: 11.4 ms at 45.5s (Bodies: 475)
⚡ PHYSICS SPIKE #518: 11.4 ms at 45.5s (Bodies: 475)
⚡ FRAME SPIKE #1007: 46.7 ms at 45.5s (Draw: 4121, Bodies: 475)
⚡ PHYSICS SPIKE #519: 11.4 ms at 45.5s (Bodies: 475)
⚡ PHYSICS SPIKE #520: 11.4 ms at 45.5s (Bodies: 475)
⚡ PHYSICS SPIKE #521: 11.4 ms at 45.5s (Bodies: 475)
⚡ FRAME SPIKE #1008: 46.8 ms at 45.5s (Draw: 4125, Bodies: 475)
⚡ PHYSICS SPIKE #522: 11.4 ms at 45.6s (Bodies: 475)
⚡ PHYSICS SPIKE #523: 11.4 ms at 45.6s (Bodies: 475)
⚡ FRAME SPIKE #1009: 47.0 ms at 45.6s (Draw: 4118, Bodies: 475)
⚡ PHYSICS SPIKE #524: 11.4 ms at 45.6s (Bodies: 475)
⚡ PHYSICS SPIKE #525: 11.4 ms at 45.6s (Bodies: 475)
⚡ PHYSICS SPIKE #526: 11.4 ms at 45.6s (Bodies: 475)
⚡ FRAME SPIKE #1010: 46.7 ms at 45.6s (Draw: 4118, Bodies: 475)
⚡ PHYSICS SPIKE #527: 11.4 ms at 45.7s (Bodies: 475)
⚡ PHYSICS SPIKE #528: 11.4 ms at 45.7s (Bodies: 475)
⚡ PHYSICS SPIKE #529: 11.4 ms at 45.7s (Bodies: 475)
⚡ FRAME SPIKE #1011: 46.7 ms at 45.7s (Draw: 4118, Bodies: 475)
⚡ PHYSICS SPIKE #530: 11.4 ms at 45.7s (Bodies: 475)
⚡ PHYSICS SPIKE #531: 11.4 ms at 45.7s (Bodies: 475)
⚡ PHYSICS SPIKE #532: 11.4 ms at 45.7s (Bodies: 475)
⚡ FRAME SPIKE #1012: 47.0 ms at 45.7s (Draw: 4124, Bodies: 475)
⚡ PHYSICS SPIKE #533: 11.4 ms at 45.8s (Bodies: 475)
⚡ PHYSICS SPIKE #534: 11.4 ms at 45.8s (Bodies: 475)
⚡ PHYSICS SPIKE #535: 11.4 ms at 45.8s (Bodies: 475)
⚡ FRAME SPIKE #1013: 47.0 ms at 45.8s (Draw: 4119, Bodies: 475)
⚡ PHYSICS SPIKE #536: 11.4 ms at 45.8s (Bodies: 475)
⚡ PHYSICS SPIKE #537: 11.4 ms at 45.8s (Bodies: 475)
⚡ PHYSICS SPIKE #538: 11.4 ms at 45.8s (Bodies: 475)
⚡ FRAME SPIKE #1014: 48.9 ms at 45.8s (Draw: 4119, Bodies: 475)
⚡ PHYSICS SPIKE #539: 11.5 ms at 45.8s (Bodies: 475)
⚡ PHYSICS SPIKE #540: 11.5 ms at 45.8s (Bodies: 475)
⚡ FRAME SPIKE #1015: 47.0 ms at 45.8s (Draw: 4119, Bodies: 475)
⚡ PHYSICS SPIKE #541: 11.5 ms at 45.9s (Bodies: 475)
⚡ PHYSICS SPIKE #542: 11.5 ms at 45.9s (Bodies: 475)
⚡ PHYSICS SPIKE #543: 11.5 ms at 45.9s (Bodies: 475)
⚡ FRAME SPIKE #1016: 46.7 ms at 45.9s (Draw: 4120, Bodies: 475)
⚡ PHYSICS SPIKE #544: 11.5 ms at 45.9s (Bodies: 475)
⚡ PHYSICS SPIKE #545: 11.5 ms at 45.9s (Bodies: 475)
⚡ PHYSICS SPIKE #546: 11.5 ms at 45.9s (Bodies: 475)
⚡ FRAME SPIKE #1017: 47.0 ms at 45.9s (Draw: 4120, Bodies: 475)
⚡ PHYSICS SPIKE #547: 11.5 ms at 46.0s (Bodies: 475)
⚡ PHYSICS SPIKE #548: 11.5 ms at 46.0s (Bodies: 475)
⚡ PHYSICS SPIKE #549: 11.5 ms at 46.0s (Bodies: 475)
⚡ FRAME SPIKE #1018: 47.0 ms at 46.0s (Draw: 4120, Bodies: 475)
⚡ PHYSICS SPIKE #550: 11.5 ms at 46.0s (Bodies: 475)
⚡ PHYSICS SPIKE #551: 11.5 ms at 46.0s (Bodies: 475)
⚡ PHYSICS SPIKE #552: 11.5 ms at 46.0s (Bodies: 475)
⚡ FRAME SPIKE #1019: 47.0 ms at 46.0s (Draw: 4120, Bodies: 475)
⚡ PHYSICS SPIKE #553: 11.5 ms at 46.1s (Bodies: 475)
⚡ PHYSICS SPIKE #554: 11.5 ms at 46.1s (Bodies: 475)
⚡ PHYSICS SPIKE #555: 11.5 ms at 46.1s (Bodies: 475)
⚡ FRAME SPIKE #1020: 50.8 ms at 46.1s (Draw: 4120, Bodies: 475)
⚡ PHYSICS SPIKE #556: 11.5 ms at 46.1s (Bodies: 475)
⚡ PHYSICS SPIKE #557: 11.5 ms at 46.1s (Bodies: 475)
⚡ PHYSICS SPIKE #558: 11.5 ms at 46.1s (Bodies: 475)
⚡ FRAME SPIKE #1021: 50.1 ms at 46.1s (Draw: 4117, Bodies: 475)
⚡ PHYSICS SPIKE #559: 11.5 ms at 46.2s (Bodies: 475)
⚡ PHYSICS SPIKE #560: 11.5 ms at 46.2s (Bodies: 476)
⚡ PHYSICS SPIKE #561: 11.5 ms at 46.2s (Bodies: 476)
⚡ FRAME SPIKE #1022: 52.5 ms at 46.2s (Draw: 4114, Bodies: 476)
⚡ PHYSICS SPIKE #562: 11.5 ms at 46.2s (Bodies: 476)
⚡ PHYSICS SPIKE #563: 11.5 ms at 46.2s (Bodies: 476)
⚡ PHYSICS SPIKE #564: 11.5 ms at 46.2s (Bodies: 476)
⚡ FRAME SPIKE #1023: 49.3 ms at 46.2s (Draw: 4116, Bodies: 476)
⚡ PHYSICS SPIKE #565: 11.5 ms at 46.3s (Bodies: 476)
⚡ PHYSICS SPIKE #566: 11.5 ms at 46.3s (Bodies: 476)
⚡ PHYSICS SPIKE #567: 11.5 ms at 46.3s (Bodies: 476)
⚡ FRAME SPIKE #1024: 49.9 ms at 46.3s (Draw: 4116, Bodies: 476)
⚡ PHYSICS SPIKE #568: 11.5 ms at 46.3s (Bodies: 476)
⚡ PHYSICS SPIKE #569: 11.5 ms at 46.3s (Bodies: 476)
⚡ PHYSICS SPIKE #570: 11.5 ms at 46.3s (Bodies: 476)
⚡ FRAME SPIKE #1025: 49.9 ms at 46.3s (Draw: 4115, Bodies: 476)
⚡ PHYSICS SPIKE #571: 11.5 ms at 46.4s (Bodies: 476)
⚡ PHYSICS SPIKE #572: 11.5 ms at 46.4s (Bodies: 476)
⚡ PHYSICS SPIKE #573: 11.5 ms at 46.4s (Bodies: 476)
⚡ FRAME SPIKE #1026: 50.1 ms at 46.4s (Draw: 4116, Bodies: 476)
⚡ PHYSICS SPIKE #574: 11.5 ms at 46.4s (Bodies: 476)
⚡ PHYSICS SPIKE #575: 11.5 ms at 46.4s (Bodies: 476)
⚡ PHYSICS SPIKE #576: 11.5 ms at 46.4s (Bodies: 476)
⚡ FRAME SPIKE #1027: 50.0 ms at 46.4s (Draw: 4116, Bodies: 476)
⚡ PHYSICS SPIKE #577: 11.5 ms at 46.5s (Bodies: 476)
⚡ PHYSICS SPIKE #578: 11.5 ms at 46.5s (Bodies: 476)
⚡ PHYSICS SPIKE #579: 11.5 ms at 46.5s (Bodies: 476)
⚡ FRAME SPIKE #1028: 50.0 ms at 46.5s (Draw: 4116, Bodies: 476)
⚡ PHYSICS SPIKE #580: 11.5 ms at 46.5s (Bodies: 476)
⚡ PHYSICS SPIKE #581: 11.5 ms at 46.5s (Bodies: 476)
⚡ PHYSICS SPIKE #582: 11.5 ms at 46.5s (Bodies: 476)
⚡ FRAME SPIKE #1029: 50.0 ms at 46.5s (Draw: 4116, Bodies: 476)
🚗 Traffic: 26 active NPCs (Near: 8, Mid: 13, Far: 5), 5 pooled
  → Physics bodies from NPCs: 26 (All: 26×1, было бы 26×5=130)

========== Bottleneck Analysis Report ==========
Time: 56.8s | Frames: 1635

📊 PERFORMANCE OVERVIEW:
  FPS: 20.3 avg | 19.0 min
  Frame Time: 21.60 ms avg | 65.54 ms max
  Physics Time: 12.50 ms avg

🔍 BOTTLENECK IDENTIFICATION:
  🔴 [CRITICAL] Physics Time
      Value: 12.50 ms
      Impact: Physics simulation overhead
      Suggestions:
        • Reduce number of active physics bodies
        • Simplify collision shapes
        • Disable physics for distant objects

  🟠 [HIGH] Frame Time
      Value: 21.60 ms (target: 16.67 ms)
      Impact: Overall performance bottleneck
      Suggestions:
        • Reduce draw calls
        • Optimize scripts in _process()
        • Check for expensive operations per frame

  🟠 [HIGH] Draw Calls
      Value: 4092 calls/frame
      Impact: GPU rendering overhead
      Suggestions:
        • Batch meshes by material
        • Use MultiMeshInstance3D
        • Implement LOD system
        • Enable frustum culling

  🟠 [HIGH] Physics Bodies
      Value: 463 active bodies
      Impact: Physics engine load
      Suggestions:
        • Reduce NPC count
        • Convert distant NPCs to kinematic
        • Disable physics for far objects

  🟡 [MEDIUM] Vertex Count
      Value: 6727776 vertices/frame
      Impact: GPU vertex processing
      Suggestions:
        • Implement LOD for distant objects
        • Simplify building meshes
        • Use lower poly models

  🟡 [MEDIUM] Node Count
      Value: 29048 nodes
      Impact: Scene tree traversal overhead
      Suggestions:
        • Unload distant chunks
        • Pool and reuse nodes
        • Flatten hierarchy where possible

  🟡 [MEDIUM] Post-Processing Effects
      Value: SSAO, Glow/Bloom, Volumetric Fog
      Impact: GPU shader overhead
      Suggestions:
        • Reduce SSR quality
        • Disable SSAO on low-end hardware
        • Use simpler fog

📈 DETAILED STATS:
  Draw Calls: 4092 avg | 4131 max
  Vertices: 6727776 avg | 7122752 max
  Physics Bodies: 463
  Nodes: 29048
  VRAM: 746.1 MB

=================================================

⚡ PHYSICS SPIKE #583: 11.5 ms at 46.6s (Bodies: 476)
⚡ PHYSICS SPIKE #584: 11.5 ms at 46.6s (Bodies: 476)
⚡ PHYSICS SPIKE #585: 11.5 ms at 46.6s (Bodies: 476)
⚡ FRAME SPIKE #1030: 50.0 ms at 46.6s (Draw: 4115, Bodies: 476)
⚡ PHYSICS SPIKE #586: 11.5 ms at 46.6s (Bodies: 476)
⚡ PHYSICS SPIKE #587: 11.5 ms at 46.6s (Bodies: 476)
⚡ PHYSICS SPIKE #588: 11.5 ms at 46.6s (Bodies: 476)
⚡ FRAME SPIKE #1031: 50.0 ms at 46.6s (Draw: 4114, Bodies: 476)
⚡ PHYSICS SPIKE #589: 11.5 ms at 46.7s (Bodies: 476)
⚡ PHYSICS SPIKE #590: 11.5 ms at 46.7s (Bodies: 476)
⚡ PHYSICS SPIKE #591: 11.5 ms at 46.7s (Bodies: 476)
⚡ FRAME SPIKE #1032: 50.0 ms at 46.7s (Draw: 4113, Bodies: 476)
⚡ PHYSICS SPIKE #592: 11.5 ms at 46.7s (Bodies: 476)
⚡ PHYSICS SPIKE #593: 11.5 ms at 46.7s (Bodies: 476)
⚡ PHYSICS SPIKE #594: 11.5 ms at 46.7s (Bodies: 476)
⚡ FRAME SPIKE #1033: 50.0 ms at 46.7s (Draw: 4115, Bodies: 476)
⚡ PHYSICS SPIKE #595: 11.5 ms at 46.8s (Bodies: 476)
⚡ PHYSICS SPIKE #596: 11.5 ms at 46.8s (Bodies: 476)
⚡ PHYSICS SPIKE #597: 11.5 ms at 46.8s (Bodies: 476)
⚡ FRAME SPIKE #1034: 50.0 ms at 46.8s (Draw: 4115, Bodies: 476)
⚡ PHYSICS SPIKE #598: 11.9 ms at 46.8s (Bodies: 476)
⚡ PHYSICS SPIKE #599: 11.9 ms at 46.8s (Bodies: 476)
⚡ PHYSICS SPIKE #600: 11.9 ms at 46.8s (Bodies: 476)
⚡ FRAME SPIKE #1035: 50.0 ms at 46.8s (Draw: 4115, Bodies: 476)
⚡ PHYSICS SPIKE #601: 11.9 ms at 46.9s (Bodies: 476)
⚡ PHYSICS SPIKE #602: 11.9 ms at 46.9s (Bodies: 476)
⚡ PHYSICS SPIKE #603: 11.9 ms at 46.9s (Bodies: 476)
⚡ FRAME SPIKE #1036: 50.0 ms at 46.9s (Draw: 4118, Bodies: 476)
⚡ PHYSICS SPIKE #604: 11.9 ms at 46.9s (Bodies: 476)
⚡ PHYSICS SPIKE #605: 11.9 ms at 46.9s (Bodies: 476)
⚡ PHYSICS SPIKE #606: 11.9 ms at 46.9s (Bodies: 476)
⚡ FRAME SPIKE #1037: 50.0 ms at 46.9s (Draw: 4116, Bodies: 476)
⚡ PHYSICS SPIKE #607: 11.9 ms at 47.0s (Bodies: 476)
⚡ PHYSICS SPIKE #608: 11.9 ms at 47.0s (Bodies: 476)
⚡ PHYSICS SPIKE #609: 11.9 ms at 47.0s (Bodies: 476)
⚡ FRAME SPIKE #1038: 50.0 ms at 47.0s (Draw: 4115, Bodies: 476)
⚡ PHYSICS SPIKE #610: 11.9 ms at 47.0s (Bodies: 476)
⚡ PHYSICS SPIKE #611: 11.9 ms at 47.0s (Bodies: 476)
⚡ PHYSICS SPIKE #612: 11.9 ms at 47.0s (Bodies: 476)
⚡ FRAME SPIKE #1039: 50.0 ms at 47.0s (Draw: 4112, Bodies: 476)
⚡ PHYSICS SPIKE #613: 11.9 ms at 47.1s (Bodies: 476)
⚡ PHYSICS SPIKE #614: 11.9 ms at 47.1s (Bodies: 476)
⚡ PHYSICS SPIKE #615: 11.9 ms at 47.1s (Bodies: 476)
⚡ FRAME SPIKE #1040: 50.0 ms at 47.1s (Draw: 4112, Bodies: 476)
⚡ PHYSICS SPIKE #616: 11.9 ms at 47.1s (Bodies: 476)
⚡ PHYSICS SPIKE #617: 11.9 ms at 47.1s (Bodies: 476)
⚡ PHYSICS SPIKE #618: 11.9 ms at 47.1s (Bodies: 476)
⚡ FRAME SPIKE #1041: 50.0 ms at 47.1s (Draw: 4110, Bodies: 476)
⚡ PHYSICS SPIKE #619: 11.9 ms at 47.2s (Bodies: 476)
⚡ PHYSICS SPIKE #620: 11.9 ms at 47.2s (Bodies: 478)
⚡ PHYSICS SPIKE #621: 11.9 ms at 47.2s (Bodies: 478)
⚡ FRAME SPIKE #1042: 50.0 ms at 47.2s (Draw: 4111, Bodies: 478)
⚡ PHYSICS SPIKE #622: 11.9 ms at 47.2s (Bodies: 478)
⚡ PHYSICS SPIKE #623: 11.9 ms at 47.2s (Bodies: 478)
⚡ PHYSICS SPIKE #624: 11.9 ms at 47.2s (Bodies: 478)
⚡ FRAME SPIKE #1043: 50.0 ms at 47.2s (Draw: 4111, Bodies: 478)
⚡ PHYSICS SPIKE #625: 11.9 ms at 47.3s (Bodies: 478)
⚡ PHYSICS SPIKE #626: 11.9 ms at 47.3s (Bodies: 478)
⚡ PHYSICS SPIKE #627: 11.9 ms at 47.3s (Bodies: 478)
⚡ FRAME SPIKE #1044: 50.0 ms at 47.3s (Draw: 4110, Bodies: 478)
⚡ PHYSICS SPIKE #628: 11.9 ms at 47.3s (Bodies: 478)
⚡ PHYSICS SPIKE #629: 11.9 ms at 47.3s (Bodies: 478)
⚡ PHYSICS SPIKE #630: 11.9 ms at 47.3s (Bodies: 478)
⚡ FRAME SPIKE #1045: 50.0 ms at 47.3s (Draw: 4110, Bodies: 478)
⚡ PHYSICS SPIKE #631: 11.9 ms at 47.4s (Bodies: 478)
⚡ PHYSICS SPIKE #632: 11.9 ms at 47.4s (Bodies: 478)
⚡ PHYSICS SPIKE #633: 11.9 ms at 47.4s (Bodies: 478)
⚡ FRAME SPIKE #1046: 50.0 ms at 47.4s (Draw: 4108, Bodies: 478)
⚡ PHYSICS SPIKE #634: 11.9 ms at 47.4s (Bodies: 478)
⚡ PHYSICS SPIKE #635: 11.9 ms at 47.4s (Bodies: 478)
⚡ PHYSICS SPIKE #636: 11.9 ms at 47.4s (Bodies: 478)
⚡ FRAME SPIKE #1047: 50.0 ms at 47.4s (Draw: 4108, Bodies: 478)
⚡ PHYSICS SPIKE #637: 11.9 ms at 47.5s (Bodies: 478)
⚡ PHYSICS SPIKE #638: 11.9 ms at 47.5s (Bodies: 478)
⚡ PHYSICS SPIKE #639: 11.9 ms at 47.5s (Bodies: 478)
⚡ FRAME SPIKE #1048: 50.0 ms at 47.5s (Draw: 4107, Bodies: 478)
⚡ PHYSICS SPIKE #640: 11.9 ms at 47.5s (Bodies: 478)
⚡ PHYSICS SPIKE #641: 11.9 ms at 47.5s (Bodies: 478)
⚡ PHYSICS SPIKE #642: 11.9 ms at 47.5s (Bodies: 478)
⚡ FRAME SPIKE #1049: 50.0 ms at 47.5s (Draw: 4107, Bodies: 478)
⚡ PHYSICS SPIKE #643: 11.9 ms at 47.6s (Bodies: 478)
⚡ PHYSICS SPIKE #644: 11.9 ms at 47.6s (Bodies: 478)
⚡ PHYSICS SPIKE #645: 11.9 ms at 47.6s (Bodies: 478)
⚡ FRAME SPIKE #1050: 50.0 ms at 47.6s (Draw: 4106, Bodies: 478)
⚡ PHYSICS SPIKE #646: 11.9 ms at 47.6s (Bodies: 478)
⚡ PHYSICS SPIKE #647: 11.9 ms at 47.6s (Bodies: 478)
⚡ PHYSICS SPIKE #648: 11.9 ms at 47.6s (Bodies: 478)
⚡ FRAME SPIKE #1051: 50.0 ms at 47.6s (Draw: 4106, Bodies: 478)
⚡ PHYSICS SPIKE #649: 11.9 ms at 47.7s (Bodies: 478)
⚡ PHYSICS SPIKE #650: 11.9 ms at 47.7s (Bodies: 478)
⚡ PHYSICS SPIKE #651: 11.9 ms at 47.7s (Bodies: 478)
⚡ FRAME SPIKE #1052: 52.2 ms at 47.7s (Draw: 4105, Bodies: 478)
⚡ PHYSICS SPIKE #652: 11.9 ms at 47.7s (Bodies: 478)
⚡ PHYSICS SPIKE #653: 11.9 ms at 47.7s (Bodies: 478)
⚡ PHYSICS SPIKE #654: 11.9 ms at 47.7s (Bodies: 478)
⚡ FRAME SPIKE #1053: 50.8 ms at 47.7s (Draw: 4109, Bodies: 478)
⚡ PHYSICS SPIKE #655: 11.9 ms at 47.8s (Bodies: 478)
⚡ PHYSICS SPIKE #656: 11.9 ms at 47.8s (Bodies: 478)
⚡ PHYSICS SPIKE #657: 11.9 ms at 47.8s (Bodies: 478)
⚡ FRAME SPIKE #1054: 50.7 ms at 47.8s (Draw: 4109, Bodies: 478)
⚡ PHYSICS SPIKE #658: 12.0 ms at 47.8s (Bodies: 478)
⚡ PHYSICS SPIKE #659: 12.0 ms at 47.8s (Bodies: 478)
⚡ PHYSICS SPIKE #660: 12.0 ms at 47.8s (Bodies: 478)
⚡ FRAME SPIKE #1055: 50.0 ms at 47.8s (Draw: 4105, Bodies: 478)
⚡ PHYSICS SPIKE #661: 12.0 ms at 47.9s (Bodies: 478)
⚡ PHYSICS SPIKE #662: 12.0 ms at 47.9s (Bodies: 478)
⚡ PHYSICS SPIKE #663: 12.0 ms at 47.9s (Bodies: 478)
⚡ FRAME SPIKE #1056: 50.3 ms at 47.9s (Draw: 4110, Bodies: 478)
⚡ PHYSICS SPIKE #664: 12.0 ms at 47.9s (Bodies: 478)
⚡ PHYSICS SPIKE #665: 12.0 ms at 47.9s (Bodies: 478)
⚡ PHYSICS SPIKE #666: 12.0 ms at 47.9s (Bodies: 478)
⚡ FRAME SPIKE #1057: 51.4 ms at 47.9s (Draw: 4108, Bodies: 478)
⚡ PHYSICS SPIKE #667: 12.0 ms at 48.0s (Bodies: 478)
⚡ PHYSICS SPIKE #668: 12.0 ms at 48.0s (Bodies: 478)
⚡ PHYSICS SPIKE #669: 12.0 ms at 48.0s (Bodies: 478)
⚡ FRAME SPIKE #1058: 51.1 ms at 48.0s (Draw: 4108, Bodies: 478)
⚡ PHYSICS SPIKE #670: 12.0 ms at 48.0s (Bodies: 478)
⚡ PHYSICS SPIKE #671: 12.0 ms at 48.0s (Bodies: 478)
⚡ PHYSICS SPIKE #672: 12.0 ms at 48.0s (Bodies: 478)
⚡ FRAME SPIKE #1059: 51.1 ms at 48.0s (Draw: 4108, Bodies: 478)
⚡ PHYSICS SPIKE #673: 12.0 ms at 48.1s (Bodies: 478)
⚡ PHYSICS SPIKE #674: 12.0 ms at 48.1s (Bodies: 478)
⚡ PHYSICS SPIKE #675: 12.0 ms at 48.1s (Bodies: 478)
⚡ FRAME SPIKE #1060: 50.4 ms at 48.1s (Draw: 4105, Bodies: 478)
⚡ PHYSICS SPIKE #676: 12.0 ms at 48.1s (Bodies: 478)
⚡ PHYSICS SPIKE #677: 12.0 ms at 48.1s (Bodies: 478)
⚡ PHYSICS SPIKE #678: 12.0 ms at 48.1s (Bodies: 478)
⚡ FRAME SPIKE #1061: 51.0 ms at 48.1s (Draw: 4103, Bodies: 478)
⚡ PHYSICS SPIKE #679: 12.0 ms at 48.2s (Bodies: 478)
⚡ PHYSICS SPIKE #680: 12.0 ms at 48.2s (Bodies: 479)
⚡ PHYSICS SPIKE #681: 12.0 ms at 48.2s (Bodies: 479)
⚡ PHYSICS SPIKE #682: 12.0 ms at 48.2s (Bodies: 479)
⚡ FRAME SPIKE #1062: 53.8 ms at 48.2s (Draw: 4106, Bodies: 479)
⚡ PHYSICS SPIKE #683: 12.0 ms at 48.2s (Bodies: 479)
⚡ PHYSICS SPIKE #684: 12.0 ms at 48.2s (Bodies: 479)
⚡ PHYSICS SPIKE #685: 12.0 ms at 48.2s (Bodies: 479)
⚡ FRAME SPIKE #1063: 62.2 ms at 48.2s (Draw: 4105, Bodies: 479)
⚡ PHYSICS SPIKE #686: 12.0 ms at 48.3s (Bodies: 479)
⚡ PHYSICS SPIKE #687: 12.0 ms at 48.3s (Bodies: 479)
⚡ PHYSICS SPIKE #688: 12.0 ms at 48.3s (Bodies: 479)
⚡ FRAME SPIKE #1064: 51.4 ms at 48.3s (Draw: 4106, Bodies: 479)
⚡ PHYSICS SPIKE #689: 12.0 ms at 48.4s (Bodies: 479)
⚡ PHYSICS SPIKE #690: 12.0 ms at 48.4s (Bodies: 479)
⚡ PHYSICS SPIKE #691: 12.0 ms at 48.4s (Bodies: 479)
⚡ FRAME SPIKE #1065: 53.0 ms at 48.4s (Draw: 4104, Bodies: 479)
⚡ PHYSICS SPIKE #692: 12.0 ms at 48.4s (Bodies: 479)
⚡ PHYSICS SPIKE #693: 12.0 ms at 48.4s (Bodies: 479)
⚡ PHYSICS SPIKE #694: 12.0 ms at 48.4s (Bodies: 479)
⚡ PHYSICS SPIKE #695: 12.0 ms at 48.4s (Bodies: 479)
⚡ FRAME SPIKE #1066: 53.3 ms at 48.4s (Draw: 4106, Bodies: 479)
⚡ PHYSICS SPIKE #696: 12.0 ms at 48.5s (Bodies: 479)
⚡ PHYSICS SPIKE #697: 12.0 ms at 48.5s (Bodies: 479)
⚡ PHYSICS SPIKE #698: 12.0 ms at 48.5s (Bodies: 479)
⚡ PHYSICS SPIKE #699: 12.0 ms at 48.5s (Bodies: 479)
⚡ FRAME SPIKE #1067: 65.7 ms at 48.5s (Draw: 4103, Bodies: 479)
⚡ PHYSICS SPIKE #700: 12.0 ms at 48.5s (Bodies: 479)
⚡ PHYSICS SPIKE #701: 12.0 ms at 48.5s (Bodies: 479)
⚡ PHYSICS SPIKE #702: 12.0 ms at 48.5s (Bodies: 479)
⚡ FRAME SPIKE #1068: 63.5 ms at 48.5s (Draw: 4100, Bodies: 479)
🚗 Traffic: 29 active NPCs (Near: 9, Mid: 12, Far: 8), 2 pooled
  → Physics bodies from NPCs: 29 (All: 29×1, было бы 29×5=145)

========== Bottleneck Analysis Report ==========
Time: 58.8s | Frames: 1674

📊 PERFORMANCE OVERVIEW:
  FPS: 20.5 avg | 20.0 min
  Frame Time: 20.08 ms avg | 22.03 ms max
  Physics Time: 12.75 ms avg

🔍 BOTTLENECK IDENTIFICATION:
  🔴 [CRITICAL] Physics Time
      Value: 12.75 ms
      Impact: Physics simulation overhead
      Suggestions:
        • Reduce number of active physics bodies
        • Simplify collision shapes
        • Disable physics for distant objects

  🟠 [HIGH] Frame Time
      Value: 20.08 ms (target: 16.67 ms)
      Impact: Overall performance bottleneck
      Suggestions:
        • Reduce draw calls
        • Optimize scripts in _process()
        • Check for expensive operations per frame

  🟠 [HIGH] Draw Calls
      Value: 4111 calls/frame
      Impact: GPU rendering overhead
      Suggestions:
        • Batch meshes by material
        • Use MultiMeshInstance3D
        • Implement LOD system
        • Enable frustum culling

  🟠 [HIGH] Physics Bodies
      Value: 473 active bodies
      Impact: Physics engine load
      Suggestions:
        • Reduce NPC count
        • Convert distant NPCs to kinematic
        • Disable physics for far objects

  🟡 [MEDIUM] Vertex Count
      Value: 6993812 vertices/frame
      Impact: GPU vertex processing
      Suggestions:
        • Implement LOD for distant objects
        • Simplify building meshes
        • Use lower poly models

  🟡 [MEDIUM] Node Count
      Value: 29048 nodes
      Impact: Scene tree traversal overhead
      Suggestions:
        • Unload distant chunks
        • Pool and reuse nodes
        • Flatten hierarchy where possible

  🟡 [MEDIUM] Post-Processing Effects
      Value: SSAO, Glow/Bloom, Volumetric Fog
      Impact: GPU shader overhead
      Suggestions:
        • Reduce SSR quality
        • Disable SSAO on low-end hardware
        • Use simpler fog

📈 DETAILED STATS:
  Draw Calls: 4111 avg | 4131 max
  Vertices: 6993812 avg | 7123394 max
  Physics Bodies: 473
  Nodes: 29048
  VRAM: 746.1 MB

=================================================

⚡ PHYSICS SPIKE #703: 12.0 ms at 48.6s (Bodies: 479)
⚡ PHYSICS SPIKE #704: 12.0 ms at 48.6s (Bodies: 479)
⚡ PHYSICS SPIKE #705: 12.0 ms at 48.6s (Bodies: 479)
⚡ PHYSICS SPIKE #706: 12.0 ms at 48.6s (Bodies: 479)
⚡ FRAME SPIKE #1069: 58.3 ms at 48.6s (Draw: 4099, Bodies: 479)
⚡ PHYSICS SPIKE #707: 12.0 ms at 48.7s (Bodies: 479)
⚡ PHYSICS SPIKE #708: 12.0 ms at 48.7s (Bodies: 479)
⚡ PHYSICS SPIKE #709: 12.0 ms at 48.7s (Bodies: 479)
⚡ FRAME SPIKE #1070: 58.3 ms at 48.7s (Draw: 4100, Bodies: 479)
⚡ PHYSICS SPIKE #710: 12.0 ms at 48.7s (Bodies: 479)
⚡ PHYSICS SPIKE #711: 12.0 ms at 48.7s (Bodies: 479)
⚡ PHYSICS SPIKE #712: 12.0 ms at 48.7s (Bodies: 479)
⚡ PHYSICS SPIKE #713: 12.0 ms at 48.7s (Bodies: 479)
⚡ FRAME SPIKE #1071: 58.3 ms at 48.7s (Draw: 4100, Bodies: 479)
⚡ PHYSICS SPIKE #714: 12.0 ms at 48.8s (Bodies: 479)
⚡ PHYSICS SPIKE #715: 12.0 ms at 48.8s (Bodies: 479)
⚡ PHYSICS SPIKE #716: 12.0 ms at 48.8s (Bodies: 479)
⚡ FRAME SPIKE #1072: 58.3 ms at 48.8s (Draw: 4101, Bodies: 479)
⚡ PHYSICS SPIKE #717: 12.8 ms at 48.8s (Bodies: 479)
⚡ PHYSICS SPIKE #718: 12.8 ms at 48.8s (Bodies: 479)
⚡ PHYSICS SPIKE #719: 12.8 ms at 48.8s (Bodies: 479)
⚡ PHYSICS SPIKE #720: 12.8 ms at 48.8s (Bodies: 479)
⚡ FRAME SPIKE #1073: 58.3 ms at 48.8s (Draw: 4102, Bodies: 479)
⚡ PHYSICS SPIKE #721: 12.8 ms at 48.9s (Bodies: 479)
⚡ PHYSICS SPIKE #722: 12.8 ms at 48.9s (Bodies: 479)
⚡ PHYSICS SPIKE #723: 12.8 ms at 48.9s (Bodies: 479)
⚡ FRAME SPIKE #1074: 58.3 ms at 48.9s (Draw: 4103, Bodies: 479)
⚡ PHYSICS SPIKE #724: 12.8 ms at 48.9s (Bodies: 479)
⚡ PHYSICS SPIKE #725: 12.8 ms at 48.9s (Bodies: 479)
⚡ PHYSICS SPIKE #726: 12.8 ms at 48.9s (Bodies: 479)
⚡ PHYSICS SPIKE #727: 12.8 ms at 48.9s (Bodies: 479)
⚡ FRAME SPIKE #1075: 58.3 ms at 48.9s (Draw: 4102, Bodies: 479)
⚡ PHYSICS SPIKE #728: 12.8 ms at 49.0s (Bodies: 479)
⚡ PHYSICS SPIKE #729: 12.8 ms at 49.0s (Bodies: 479)
⚡ PHYSICS SPIKE #730: 12.8 ms at 49.0s (Bodies: 479)
⚡ FRAME SPIKE #1076: 58.3 ms at 49.0s (Draw: 4100, Bodies: 479)
⚡ PHYSICS SPIKE #731: 12.8 ms at 49.1s (Bodies: 479)
⚡ PHYSICS SPIKE #732: 12.8 ms at 49.1s (Bodies: 479)
⚡ PHYSICS SPIKE #733: 12.8 ms at 49.1s (Bodies: 479)
⚡ PHYSICS SPIKE #734: 12.8 ms at 49.1s (Bodies: 479)
⚡ FRAME SPIKE #1077: 58.3 ms at 49.1s (Draw: 4101, Bodies: 479)
⚡ PHYSICS SPIKE #735: 12.8 ms at 49.1s (Bodies: 479)
⚡ PHYSICS SPIKE #736: 12.8 ms at 49.1s (Bodies: 479)
⚡ PHYSICS SPIKE #737: 12.8 ms at 49.1s (Bodies: 479)
⚡ PHYSICS SPIKE #738: 12.8 ms at 49.1s (Bodies: 479)
⚡ FRAME SPIKE #1078: 59.2 ms at 49.1s (Draw: 4101, Bodies: 479)
⚡ PHYSICS SPIKE #739: 12.8 ms at 49.2s (Bodies: 479)
⚡ PHYSICS SPIKE #740: 12.8 ms at 49.2s (Bodies: 479)
⚡ PHYSICS SPIKE #741: 12.8 ms at 49.2s (Bodies: 479)
⚡ FRAME SPIKE #1079: 59.1 ms at 49.2s (Draw: 4101, Bodies: 479)
⚡ PHYSICS SPIKE #742: 12.8 ms at 49.2s (Bodies: 479)
⚡ PHYSICS SPIKE #743: 12.8 ms at 49.2s (Bodies: 480)
⚡ PHYSICS SPIKE #744: 12.8 ms at 49.2s (Bodies: 480)
⚡ PHYSICS SPIKE #745: 12.8 ms at 49.2s (Bodies: 480)
⚡ FRAME SPIKE #1080: 59.1 ms at 49.2s (Draw: 4103, Bodies: 480)

=== PERFORMANCE METRICS ===
FPS: 18 | Frame: 51.0 ms (max 100.0) | Physics: 16.7 ms (max 31.0)
Godot Process: 19.29 ms | Physics: 12.77 ms
Objects: 66406 | Nodes: 29048 | Resources: 539
Draw calls: 4103 | Vertices: 7116234 | VRAM: 746.1 MB
Physics bodies: 480 | Collision pairs: 6615
--- System Times ---
  road_batch_finalize_total_-1,-1: 37.91 ms (max 37.91)
  road_batch_finalize_total_-1,-2: 5.38 ms (max 5.38)
  road_batch_finalize_total_-1,-3: 18.90 ms (max 18.90)
  road_batch_finalize_total_-1,-4: 16.95 ms (max 16.95)
  road_batch_finalize_total_-1,-5: 8.25 ms (max 8.25)
  road_batch_finalize_total_-1,0: 15.37 ms (max 15.37)
  road_batch_finalize_total_-2,-1: 21.62 ms (max 21.62)
  road_batch_finalize_total_-2,-2: 21.09 ms (max 21.09)
  road_batch_finalize_total_-2,-3: 14.94 ms (max 14.94)
  road_batch_finalize_total_-2,-4: 8.68 ms (max 9.28)
  road_batch_finalize_total_-2,0: 20.10 ms (max 20.10)
  road_batch_finalize_total_0,-1: 21.54 ms (max 21.54)
  road_batch_finalize_total_0,-2: 22.39 ms (max 22.39)
  road_batch_finalize_total_0,-3: 21.91 ms (max 21.91)
  road_batch_finalize_total_0,-4: 17.93 ms (max 17.93)
  road_batch_finalize_total_0,-5: 7.88 ms (max 7.88)
  road_batch_finalize_total_0,0: 21.71 ms (max 21.71)
  road_batch_finalize_total_0,1: 14.98 ms (max 14.98)
  road_batch_finalize_total_1,-1: 16.94 ms (max 16.94)
  road_batch_finalize_total_1,-2: 28.13 ms (max 28.13)
  road_batch_finalize_total_1,-3: 9.44 ms (max 9.44)
  road_batch_finalize_total_1,-4: 8.93 ms (max 8.93)
  road_batch_finalize_total_1,0: 12.65 ms (max 12.65)
  road_batch_finalize_total_2,-3: 6.45 ms (max 6.45)
  road_collision_create_-1,-1: 12.40 ms (max 31.01)
  road_collision_create_-1,-2: 2.46 ms (max 2.91)
  road_collision_create_-1,-3: 5.99 ms (max 14.40)
  road_collision_create_-1,-4: 8.11 ms (max 12.51)
  road_collision_create_-1,-5: 3.70 ms (max 4.13)
  road_collision_create_-1,0: 7.44 ms (max 12.79)
  road_collision_create_-2,-1: 6.98 ms (max 14.94)
  road_collision_create_-2,-2: 10.28 ms (max 18.80)
  road_collision_create_-2,-3: 4.66 ms (max 10.35)
  road_collision_create_-2,-4: 3.95 ms (max 5.86)
  road_collision_create_-2,0: 9.79 ms (max 16.48)
  road_collision_create_0,-1: 6.95 ms (max 15.59)
  road_collision_create_0,-2: 7.12 ms (max 15.17)
  road_collision_create_0,-3: 6.88 ms (max 14.64)
  road_collision_create_0,-4: 5.74 ms (max 14.62)
  road_collision_create_0,-5: 3.53 ms (max 3.96)
  road_collision_create_0,0: 7.01 ms (max 18.11)
  road_collision_create_0,1: 14.74 ms (max 14.74)
  road_collision_create_1,-1: 5.46 ms (max 13.21)
  road_collision_create_1,-2: 13.78 ms (max 25.15)
  road_collision_create_1,-3: 2.87 ms (max 4.69)
  road_collision_create_1,-4: 2.69 ms (max 3.92)
  road_collision_create_1,0: 12.42 ms (max 12.42)
  road_collision_create_2,-3: 2.86 ms (max 3.52)
===========================

=== PERFORMANCE METRICS ===
FPS: 18 | Frame: 51.0 ms (max 100.0) | Physics: 16.7 ms (max 31.0)
Godot Process: 19.29 ms | Physics: 12.77 ms
Objects: 66406 | Nodes: 29048 | Resources: 539
Draw calls: 4103 | Vertices: 7116234 | VRAM: 746.1 MB
Physics bodies: 480 | Collision pairs: 6615
===========================
⚡ PHYSICS SPIKE #746: 12.8 ms at 49.3s (Bodies: 480)
⚡ PHYSICS SPIKE #747: 12.8 ms at 49.3s (Bodies: 480)
⚡ PHYSICS SPIKE #748: 12.8 ms at 49.3s (Bodies: 480)
⚡ FRAME SPIKE #1081: 59.1 ms at 49.3s (Draw: 4103, Bodies: 480)
⚡ PHYSICS SPIKE #749: 12.8 ms at 49.4s (Bodies: 480)
⚡ PHYSICS SPIKE #750: 12.8 ms at 49.4s (Bodies: 480)
⚡ PHYSICS SPIKE #751: 12.8 ms at 49.4s (Bodies: 480)
⚡ PHYSICS SPIKE #752: 12.8 ms at 49.4s (Bodies: 480)
⚡ FRAME SPIKE #1082: 59.1 ms at 49.4s (Draw: 4101, Bodies: 480)
⚡ PHYSICS SPIKE #753: 12.8 ms at 49.4s (Bodies: 480)
⚡ PHYSICS SPIKE #754: 12.8 ms at 49.4s (Bodies: 480)
⚡ PHYSICS SPIKE #755: 12.8 ms at 49.4s (Bodies: 480)
⚡ FRAME SPIKE #1083: 59.1 ms at 49.4s (Draw: 4103, Bodies: 480)
⚡ PHYSICS SPIKE #756: 12.8 ms at 49.5s (Bodies: 480)
⚡ PHYSICS SPIKE #757: 12.8 ms at 49.5s (Bodies: 480)
⚡ PHYSICS SPIKE #758: 12.8 ms at 49.5s (Bodies: 480)
⚡ PHYSICS SPIKE #759: 12.8 ms at 49.5s (Bodies: 480)
⚡ FRAME SPIKE #1084: 58.3 ms at 49.5s (Draw: 4103, Bodies: 480)
⚡ PHYSICS SPIKE #760: 12.8 ms at 49.5s (Bodies: 480)
⚡ PHYSICS SPIKE #761: 12.8 ms at 49.5s (Bodies: 480)
⚡ PHYSICS SPIKE #762: 12.8 ms at 49.5s (Bodies: 480)
⚡ FRAME SPIKE #1085: 59.1 ms at 49.5s (Draw: 4103, Bodies: 480)
⚡ PHYSICS SPIKE #763: 12.8 ms at 49.6s (Bodies: 480)
⚡ PHYSICS SPIKE #764: 12.8 ms at 49.6s (Bodies: 480)
⚡ PHYSICS SPIKE #765: 12.8 ms at 49.6s (Bodies: 480)
⚡ PHYSICS SPIKE #766: 12.8 ms at 49.6s (Bodies: 480)
⚡ FRAME SPIKE #1086: 58.3 ms at 49.6s (Draw: 4102, Bodies: 480)
⚡ PHYSICS SPIKE #767: 12.8 ms at 49.7s (Bodies: 480)
⚡ PHYSICS SPIKE #768: 12.8 ms at 49.7s (Bodies: 480)
⚡ PHYSICS SPIKE #769: 12.8 ms at 49.7s (Bodies: 480)
⚡ FRAME SPIKE #1087: 58.3 ms at 49.7s (Draw: 4104, Bodies: 480)
⚡ PHYSICS SPIKE #770: 12.8 ms at 49.7s (Bodies: 480)
⚡ PHYSICS SPIKE #771: 12.8 ms at 49.7s (Bodies: 480)
⚡ PHYSICS SPIKE #772: 12.8 ms at 49.7s (Bodies: 480)
⚡ PHYSICS SPIKE #773: 12.8 ms at 49.7s (Bodies: 480)
⚡ FRAME SPIKE #1088: 58.3 ms at 49.7s (Draw: 4104, Bodies: 480)
⚡ PHYSICS SPIKE #774: 12.8 ms at 49.8s (Bodies: 480)
⚡ PHYSICS SPIKE #775: 12.8 ms at 49.8s (Bodies: 480)
⚡ PHYSICS SPIKE #776: 12.8 ms at 49.8s (Bodies: 480)
⚡ FRAME SPIKE #1089: 58.3 ms at 49.8s (Draw: 4103, Bodies: 480)
⚡ PHYSICS SPIKE #777: 12.6 ms at 49.8s (Bodies: 480)
⚡ PHYSICS SPIKE #778: 12.6 ms at 49.8s (Bodies: 480)
⚡ PHYSICS SPIKE #779: 12.6 ms at 49.8s (Bodies: 480)
⚡ PHYSICS SPIKE #780: 12.6 ms at 49.8s (Bodies: 480)
⚡ FRAME SPIKE #1090: 58.3 ms at 49.8s (Draw: 4103, Bodies: 480)
⚡ PHYSICS SPIKE #781: 12.6 ms at 49.9s (Bodies: 480)
⚡ PHYSICS SPIKE #782: 12.6 ms at 49.9s (Bodies: 480)
⚡ PHYSICS SPIKE #783: 12.6 ms at 49.9s (Bodies: 480)
⚡ FRAME SPIKE #1091: 58.3 ms at 49.9s (Draw: 4103, Bodies: 480)
⚡ PHYSICS SPIKE #784: 12.6 ms at 49.9s (Bodies: 480)
⚡ PHYSICS SPIKE #785: 12.6 ms at 49.9s (Bodies: 480)
⚡ PHYSICS SPIKE #786: 12.6 ms at 49.9s (Bodies: 480)
⚡ PHYSICS SPIKE #787: 12.6 ms at 49.9s (Bodies: 480)
⚡ FRAME SPIKE #1092: 58.3 ms at 49.9s (Draw: 4101, Bodies: 480)
⚡ PHYSICS SPIKE #788: 12.6 ms at 50.0s (Bodies: 480)
⚡ PHYSICS SPIKE #789: 12.6 ms at 50.0s (Bodies: 480)
⚡ PHYSICS SPIKE #790: 12.6 ms at 50.0s (Bodies: 480)
⚡ FRAME SPIKE #1093: 58.3 ms at 50.0s (Draw: 4101, Bodies: 480)
⚡ PHYSICS SPIKE #791: 12.6 ms at 50.1s (Bodies: 480)
⚡ PHYSICS SPIKE #792: 12.6 ms at 50.1s (Bodies: 480)
⚡ PHYSICS SPIKE #793: 12.6 ms at 50.1s (Bodies: 480)
⚡ PHYSICS SPIKE #794: 12.6 ms at 50.1s (Bodies: 480)
⚡ FRAME SPIKE #1094: 58.3 ms at 50.1s (Draw: 4103, Bodies: 480)
⚡ PHYSICS SPIKE #795: 12.6 ms at 50.1s (Bodies: 480)
⚡ PHYSICS SPIKE #796: 12.6 ms at 50.1s (Bodies: 480)
⚡ PHYSICS SPIKE #797: 12.6 ms at 50.1s (Bodies: 480)
⚡ FRAME SPIKE #1095: 58.3 ms at 50.1s (Draw: 4103, Bodies: 480)
⚡ PHYSICS SPIKE #798: 12.6 ms at 50.2s (Bodies: 480)
⚡ PHYSICS SPIKE #799: 12.6 ms at 50.2s (Bodies: 480)
⚡ PHYSICS SPIKE #800: 12.6 ms at 50.2s (Bodies: 480)
⚡ PHYSICS SPIKE #801: 12.6 ms at 50.2s (Bodies: 480)
⚡ FRAME SPIKE #1096: 56.7 ms at 50.2s (Draw: 4103, Bodies: 480)
⚡ PHYSICS SPIKE #802: 12.6 ms at 50.2s (Bodies: 480)
⚡ PHYSICS SPIKE #803: 12.6 ms at 50.2s (Bodies: 480)
⚡ PHYSICS SPIKE #804: 12.6 ms at 50.2s (Bodies: 480)
⚡ FRAME SPIKE #1097: 58.3 ms at 50.2s (Draw: 4102, Bodies: 480)
⚡ PHYSICS SPIKE #805: 12.6 ms at 50.3s (Bodies: 480)
⚡ PHYSICS SPIKE #806: 12.6 ms at 50.3s (Bodies: 481)
⚡ PHYSICS SPIKE #807: 12.6 ms at 50.3s (Bodies: 481)
⚡ PHYSICS SPIKE #808: 12.6 ms at 50.3s (Bodies: 481)
⚡ FRAME SPIKE #1098: 58.3 ms at 50.3s (Draw: 4102, Bodies: 481)
⚡ PHYSICS SPIKE #809: 12.6 ms at 50.4s (Bodies: 481)
⚡ PHYSICS SPIKE #810: 12.6 ms at 50.4s (Bodies: 481)
⚡ PHYSICS SPIKE #811: 12.6 ms at 50.4s (Bodies: 481)
⚡ PHYSICS SPIKE #812: 12.6 ms at 50.4s (Bodies: 481)
⚡ FRAME SPIKE #1099: 80.5 ms at 50.4s (Draw: 4099, Bodies: 481)
⚡ PHYSICS SPIKE #813: 12.6 ms at 50.4s (Bodies: 481)
⚡ PHYSICS SPIKE #814: 12.6 ms at 50.4s (Bodies: 481)
⚡ PHYSICS SPIKE #815: 12.6 ms at 50.4s (Bodies: 481)
⚡ PHYSICS SPIKE #816: 12.6 ms at 50.4s (Bodies: 481)
⚡ FRAME SPIKE #1100: 65.4 ms at 50.4s (Draw: 4100, Bodies: 481)
⚡ PHYSICS SPIKE #817: 12.6 ms at 50.5s (Bodies: 481)
⚡ PHYSICS SPIKE #818: 12.6 ms at 50.5s (Bodies: 481)
⚡ PHYSICS SPIKE #819: 12.6 ms at 50.5s (Bodies: 481)
⚡ PHYSICS SPIKE #820: 12.6 ms at 50.5s (Bodies: 481)
⚡ FRAME SPIKE #1101: 67.1 ms at 50.5s (Draw: 4102, Bodies: 481)
⚡ PHYSICS SPIKE #821: 12.6 ms at 50.6s (Bodies: 481)
⚡ PHYSICS SPIKE #822: 12.6 ms at 50.6s (Bodies: 481)
⚡ PHYSICS SPIKE #823: 12.6 ms at 50.6s (Bodies: 481)
⚡ PHYSICS SPIKE #824: 12.6 ms at 50.6s (Bodies: 481)
⚡ FRAME SPIKE #1102: 65.9 ms at 50.6s (Draw: 4102, Bodies: 481)
🚗 Traffic: 31 active NPCs (Near: 9, Mid: 12, Far: 10), 1 pooled
  → Physics bodies from NPCs: 31 (All: 31×1, было бы 31×5=155)

========== Bottleneck Analysis Report ==========
Time: 60.9s | Frames: 1708

📊 PERFORMANCE OVERVIEW:
  FPS: 19.9 avg | 17.0 min
  Frame Time: 19.45 ms avg | 22.03 ms max
  Physics Time: 12.37 ms avg

🔍 BOTTLENECK IDENTIFICATION:
  🔴 [CRITICAL] Physics Time
      Value: 12.37 ms
      Impact: Physics simulation overhead
      Suggestions:
        • Reduce number of active physics bodies
        • Simplify collision shapes
        • Disable physics for distant objects

  🟠 [HIGH] Frame Time
      Value: 19.45 ms (target: 16.67 ms)
      Impact: Overall performance bottleneck
      Suggestions:
        • Reduce draw calls
        • Optimize scripts in _process()
        • Check for expensive operations per frame

  🟠 [HIGH] Draw Calls
      Value: 4111 calls/frame
      Impact: GPU rendering overhead
      Suggestions:
        • Batch meshes by material
        • Use MultiMeshInstance3D
        • Implement LOD system
        • Enable frustum culling

  🟠 [HIGH] Physics Bodies
      Value: 477 active bodies
      Impact: Physics engine load
      Suggestions:
        • Reduce NPC count
        • Convert distant NPCs to kinematic
        • Disable physics for far objects

  🟡 [MEDIUM] Vertex Count
      Value: 7132209 vertices/frame
      Impact: GPU vertex processing
      Suggestions:
        • Implement LOD for distant objects
        • Simplify building meshes
        • Use lower poly models

  🟡 [MEDIUM] Node Count
      Value: 29218 nodes
      Impact: Scene tree traversal overhead
      Suggestions:
        • Unload distant chunks
        • Pool and reuse nodes
        • Flatten hierarchy where possible

  🟡 [MEDIUM] Post-Processing Effects
      Value: SSAO, Glow/Bloom, Volumetric Fog
      Impact: GPU shader overhead
      Suggestions:
        • Reduce SSR quality
        • Disable SSAO on low-end hardware
        • Use simpler fog

📈 DETAILED STATS:
  Draw Calls: 4111 avg | 4131 max
  Vertices: 7132209 avg | 7186696 max
  Physics Bodies: 477
  Nodes: 29218
  VRAM: 746.1 MB

=================================================

⚡ PHYSICS SPIKE #825: 12.6 ms at 50.6s (Bodies: 481)
⚡ PHYSICS SPIKE #826: 12.6 ms at 50.6s (Bodies: 481)
⚡ PHYSICS SPIKE #827: 12.6 ms at 50.6s (Bodies: 481)
⚡ PHYSICS SPIKE #828: 12.6 ms at 50.6s (Bodies: 481)
⚡ FRAME SPIKE #1103: 65.5 ms at 50.6s (Draw: 4102, Bodies: 481)
⚡ PHYSICS SPIKE #829: 12.6 ms at 50.7s (Bodies: 481)
⚡ PHYSICS SPIKE #830: 12.6 ms at 50.7s (Bodies: 481)
⚡ PHYSICS SPIKE #831: 12.6 ms at 50.7s (Bodies: 481)
⚡ PHYSICS SPIKE #832: 12.6 ms at 50.7s (Bodies: 481)
⚡ FRAME SPIKE #1104: 64.6 ms at 50.7s (Draw: 4102, Bodies: 481)
⚡ PHYSICS SPIKE #833: 12.6 ms at 50.8s (Bodies: 481)
⚡ PHYSICS SPIKE #834: 12.6 ms at 50.8s (Bodies: 481)
⚡ PHYSICS SPIKE #835: 12.6 ms at 50.8s (Bodies: 481)
⚡ PHYSICS SPIKE #836: 12.6 ms at 50.8s (Bodies: 481)
⚡ FRAME SPIKE #1105: 64.8 ms at 50.8s (Draw: 4101, Bodies: 481)
⚡ PHYSICS SPIKE #837: 12.8 ms at 50.8s (Bodies: 481)
⚡ PHYSICS SPIKE #838: 12.8 ms at 50.8s (Bodies: 481)
⚡ PHYSICS SPIKE #839: 12.8 ms at 50.8s (Bodies: 481)
⚡ PHYSICS SPIKE #840: 12.8 ms at 50.8s (Bodies: 481)
⚡ FRAME SPIKE #1106: 65.0 ms at 50.8s (Draw: 4101, Bodies: 481)
⚡ PHYSICS SPIKE #841: 12.8 ms at 50.9s (Bodies: 481)
⚡ PHYSICS SPIKE #842: 12.8 ms at 50.9s (Bodies: 481)
⚡ PHYSICS SPIKE #843: 12.8 ms at 50.9s (Bodies: 481)
⚡ PHYSICS SPIKE #844: 12.8 ms at 50.9s (Bodies: 481)
⚡ FRAME SPIKE #1107: 65.2 ms at 50.9s (Draw: 4101, Bodies: 481)
⚡ PHYSICS SPIKE #845: 12.8 ms at 51.0s (Bodies: 481)
⚡ PHYSICS SPIKE #846: 12.8 ms at 51.0s (Bodies: 481)
⚡ PHYSICS SPIKE #847: 12.8 ms at 51.0s (Bodies: 481)
⚡ PHYSICS SPIKE #848: 12.8 ms at 51.0s (Bodies: 481)
⚡ FRAME SPIKE #1108: 65.3 ms at 51.0s (Draw: 4101, Bodies: 481)
⚡ PHYSICS SPIKE #849: 12.8 ms at 51.0s (Bodies: 481)
⚡ PHYSICS SPIKE #850: 12.8 ms at 51.0s (Bodies: 480)
⚡ PHYSICS SPIKE #851: 12.8 ms at 51.0s (Bodies: 480)
⚡ FRAME SPIKE #1109: 61.3 ms at 51.0s (Draw: 4100, Bodies: 480)
⚡ PHYSICS SPIKE #852: 12.8 ms at 51.1s (Bodies: 480)
⚡ PHYSICS SPIKE #853: 12.8 ms at 51.1s (Bodies: 480)
⚡ PHYSICS SPIKE #854: 12.8 ms at 51.1s (Bodies: 480)
⚡ PHYSICS SPIKE #855: 12.8 ms at 51.1s (Bodies: 480)
⚡ FRAME SPIKE #1110: 65.2 ms at 51.1s (Draw: 4102, Bodies: 480)
⚡ PHYSICS SPIKE #856: 12.8 ms at 51.1s (Bodies: 480)
⚡ PHYSICS SPIKE #857: 12.8 ms at 51.1s (Bodies: 480)
⚡ PHYSICS SPIKE #858: 12.8 ms at 51.1s (Bodies: 480)
⚡ PHYSICS SPIKE #859: 12.8 ms at 51.1s (Bodies: 480)
⚡ FRAME SPIKE #1111: 65.2 ms at 51.1s (Draw: 4100, Bodies: 480)
⚡ PHYSICS SPIKE #860: 12.8 ms at 51.2s (Bodies: 480)
⚡ PHYSICS SPIKE #861: 12.8 ms at 51.2s (Bodies: 480)
⚡ PHYSICS SPIKE #862: 12.8 ms at 51.2s (Bodies: 480)
⚡ PHYSICS SPIKE #863: 12.8 ms at 51.2s (Bodies: 480)
⚡ FRAME SPIKE #1112: 64.2 ms at 51.2s (Draw: 4100, Bodies: 480)
⚡ PHYSICS SPIKE #864: 12.8 ms at 51.3s (Bodies: 480)
⚡ PHYSICS SPIKE #865: 12.8 ms at 51.3s (Bodies: 480)
⚡ PHYSICS SPIKE #866: 12.8 ms at 51.3s (Bodies: 480)
⚡ PHYSICS SPIKE #867: 12.8 ms at 51.3s (Bodies: 480)
⚡ FRAME SPIKE #1113: 62.6 ms at 51.3s (Draw: 4099, Bodies: 480)
⚡ PHYSICS SPIKE #868: 12.8 ms at 51.3s (Bodies: 480)
⚡ PHYSICS SPIKE #869: 12.8 ms at 51.3s (Bodies: 481)
⚡ PHYSICS SPIKE #870: 12.8 ms at 51.3s (Bodies: 481)
⚡ PHYSICS SPIKE #871: 12.8 ms at 51.3s (Bodies: 481)
⚡ FRAME SPIKE #1114: 65.2 ms at 51.3s (Draw: 4099, Bodies: 481)
⚡ PHYSICS SPIKE #872: 12.8 ms at 51.4s (Bodies: 481)
⚡ PHYSICS SPIKE #873: 12.8 ms at 51.4s (Bodies: 481)
⚡ PHYSICS SPIKE #874: 12.8 ms at 51.4s (Bodies: 481)
⚡ PHYSICS SPIKE #875: 12.8 ms at 51.4s (Bodies: 481)
⚡ FRAME SPIKE #1115: 65.2 ms at 51.4s (Draw: 4099, Bodies: 481)
⚡ PHYSICS SPIKE #876: 12.8 ms at 51.5s (Bodies: 481)
⚡ PHYSICS SPIKE #877: 12.8 ms at 51.5s (Bodies: 481)
⚡ PHYSICS SPIKE #878: 12.8 ms at 51.5s (Bodies: 481)
⚡ PHYSICS SPIKE #879: 12.8 ms at 51.5s (Bodies: 481)
⚡ FRAME SPIKE #1116: 64.0 ms at 51.5s (Draw: 4097, Bodies: 481)
⚡ PHYSICS SPIKE #880: 12.8 ms at 51.5s (Bodies: 481)
⚡ PHYSICS SPIKE #881: 12.8 ms at 51.5s (Bodies: 481)
⚡ PHYSICS SPIKE #882: 12.8 ms at 51.5s (Bodies: 481)
⚡ FRAME SPIKE #1117: 63.1 ms at 51.5s (Draw: 4099, Bodies: 481)
⚡ PHYSICS SPIKE #883: 12.8 ms at 51.6s (Bodies: 481)
⚡ PHYSICS SPIKE #884: 12.8 ms at 51.6s (Bodies: 481)
⚡ PHYSICS SPIKE #885: 12.8 ms at 51.6s (Bodies: 481)
⚡ PHYSICS SPIKE #886: 12.8 ms at 51.6s (Bodies: 481)
⚡ FRAME SPIKE #1118: 52.5 ms at 51.6s (Draw: 4100, Bodies: 481)
⚡ PHYSICS SPIKE #887: 12.8 ms at 51.6s (Bodies: 481)
⚡ PHYSICS SPIKE #888: 12.8 ms at 51.6s (Bodies: 481)
⚡ PHYSICS SPIKE #889: 12.8 ms at 51.6s (Bodies: 481)
⚡ FRAME SPIKE #1119: 61.1 ms at 51.6s (Draw: 4097, Bodies: 481)
⚡ PHYSICS SPIKE #890: 12.8 ms at 51.7s (Bodies: 481)
⚡ PHYSICS SPIKE #891: 12.8 ms at 51.7s (Bodies: 481)
⚡ PHYSICS SPIKE #892: 12.8 ms at 51.7s (Bodies: 481)
⚡ FRAME SPIKE #1120: 55.0 ms at 51.7s (Draw: 4097, Bodies: 481)
⚡ PHYSICS SPIKE #893: 12.8 ms at 51.8s (Bodies: 481)
⚡ PHYSICS SPIKE #894: 12.8 ms at 51.8s (Bodies: 481)
⚡ PHYSICS SPIKE #895: 12.8 ms at 51.8s (Bodies: 481)
⚡ PHYSICS SPIKE #896: 12.8 ms at 51.8s (Bodies: 481)
⚡ FRAME SPIKE #1121: 52.7 ms at 51.8s (Draw: 4096, Bodies: 481)
⚡ PHYSICS SPIKE #897: 12.8 ms at 51.8s (Bodies: 481)
⚡ PHYSICS SPIKE #898: 12.8 ms at 51.8s (Bodies: 481)
⚡ PHYSICS SPIKE #899: 12.8 ms at 51.8s (Bodies: 481)
⚡ FRAME SPIKE #1122: 58.3 ms at 51.8s (Draw: 4098, Bodies: 481)
⚡ PHYSICS SPIKE #900: 13.1 ms at 51.9s (Bodies: 481)
⚡ PHYSICS SPIKE #901: 13.1 ms at 51.9s (Bodies: 481)
⚡ PHYSICS SPIKE #902: 13.1 ms at 51.9s (Bodies: 481)
⚡ PHYSICS SPIKE #903: 13.1 ms at 51.9s (Bodies: 481)
⚡ FRAME SPIKE #1123: 56.0 ms at 51.9s (Draw: 4096, Bodies: 481)
⚡ PHYSICS SPIKE #904: 13.1 ms at 51.9s (Bodies: 481)
⚡ PHYSICS SPIKE #905: 13.1 ms at 51.9s (Bodies: 481)
⚡ PHYSICS SPIKE #906: 13.1 ms at 51.9s (Bodies: 481)
⚡ FRAME SPIKE #1124: 58.3 ms at 51.9s (Draw: 4094, Bodies: 481)
⚡ PHYSICS SPIKE #907: 13.1 ms at 52.0s (Bodies: 481)
⚡ PHYSICS SPIKE #908: 13.1 ms at 52.0s (Bodies: 481)
⚡ PHYSICS SPIKE #909: 13.1 ms at 52.0s (Bodies: 481)
⚡ FRAME SPIKE #1125: 56.7 ms at 52.0s (Draw: 4094, Bodies: 481)
⚡ PHYSICS SPIKE #910: 13.1 ms at 52.0s (Bodies: 481)
⚡ PHYSICS SPIKE #911: 13.1 ms at 52.0s (Bodies: 481)
⚡ PHYSICS SPIKE #912: 13.1 ms at 52.0s (Bodies: 481)
⚡ PHYSICS SPIKE #913: 13.1 ms at 52.0s (Bodies: 481)
⚡ FRAME SPIKE #1126: 52.8 ms at 52.0s (Draw: 4092, Bodies: 481)
⚡ PHYSICS SPIKE #914: 13.1 ms at 52.1s (Bodies: 481)
⚡ PHYSICS SPIKE #915: 13.1 ms at 52.1s (Bodies: 481)
⚡ PHYSICS SPIKE #916: 13.1 ms at 52.1s (Bodies: 481)
⚡ FRAME SPIKE #1127: 56.9 ms at 52.1s (Draw: 4092, Bodies: 481)
⚡ PHYSICS SPIKE #917: 13.1 ms at 52.2s (Bodies: 481)
⚡ PHYSICS SPIKE #918: 13.1 ms at 52.2s (Bodies: 481)
⚡ PHYSICS SPIKE #919: 13.1 ms at 52.2s (Bodies: 481)
⚡ PHYSICS SPIKE #920: 13.1 ms at 52.2s (Bodies: 481)
⚡ FRAME SPIKE #1128: 58.4 ms at 52.2s (Draw: 4093, Bodies: 481)
⚡ PHYSICS SPIKE #921: 13.1 ms at 52.2s (Bodies: 481)
⚡ PHYSICS SPIKE #922: 13.1 ms at 52.2s (Bodies: 481)
⚡ PHYSICS SPIKE #923: 13.1 ms at 52.2s (Bodies: 481)
⚡ FRAME SPIKE #1129: 56.9 ms at 52.2s (Draw: 4093, Bodies: 481)
⚡ PHYSICS SPIKE #924: 13.1 ms at 52.3s (Bodies: 481)
⚡ PHYSICS SPIKE #925: 13.1 ms at 52.3s (Bodies: 481)
⚡ PHYSICS SPIKE #926: 13.1 ms at 52.3s (Bodies: 481)
⚡ FRAME SPIKE #1130: 56.7 ms at 52.3s (Draw: 4093, Bodies: 481)
⚡ PHYSICS SPIKE #927: 13.1 ms at 52.3s (Bodies: 481)
⚡ PHYSICS SPIKE #928: 13.1 ms at 52.3s (Bodies: 481)
⚡ PHYSICS SPIKE #929: 13.1 ms at 52.3s (Bodies: 481)
⚡ PHYSICS SPIKE #930: 13.1 ms at 52.3s (Bodies: 481)
⚡ FRAME SPIKE #1131: 53.7 ms at 52.3s (Draw: 4093, Bodies: 481)
⚡ PHYSICS SPIKE #931: 13.1 ms at 52.4s (Bodies: 481)
⚡ PHYSICS SPIKE #932: 13.1 ms at 52.4s (Bodies: 483)
⚡ PHYSICS SPIKE #933: 13.1 ms at 52.4s (Bodies: 483)
⚡ FRAME SPIKE #1132: 56.9 ms at 52.4s (Draw: 4092, Bodies: 483)
⚡ PHYSICS SPIKE #934: 13.1 ms at 52.4s (Bodies: 483)
⚡ PHYSICS SPIKE #935: 13.1 ms at 52.4s (Bodies: 483)
⚡ PHYSICS SPIKE #936: 13.1 ms at 52.4s (Bodies: 483)
⚡ PHYSICS SPIKE #937: 13.1 ms at 52.4s (Bodies: 483)
⚡ FRAME SPIKE #1133: 59.1 ms at 52.4s (Draw: 4091, Bodies: 483)
⚡ PHYSICS SPIKE #938: 13.1 ms at 52.5s (Bodies: 483)
⚡ PHYSICS SPIKE #939: 13.1 ms at 52.5s (Bodies: 483)
⚡ PHYSICS SPIKE #940: 13.1 ms at 52.5s (Bodies: 483)
⚡ FRAME SPIKE #1134: 62.0 ms at 52.5s (Draw: 4092, Bodies: 483)
⚡ PHYSICS SPIKE #941: 13.1 ms at 52.6s (Bodies: 483)
⚡ PHYSICS SPIKE #942: 13.1 ms at 52.6s (Bodies: 483)
⚡ PHYSICS SPIKE #943: 13.1 ms at 52.6s (Bodies: 483)
⚡ PHYSICS SPIKE #944: 13.1 ms at 52.6s (Bodies: 483)
⚡ FRAME SPIKE #1135: 56.9 ms at 52.6s (Draw: 4091, Bodies: 483)
⚡ PHYSICS SPIKE #945: 13.1 ms at 52.6s (Bodies: 483)
⚡ PHYSICS SPIKE #946: 13.1 ms at 52.6s (Bodies: 483)
⚡ PHYSICS SPIKE #947: 13.1 ms at 52.6s (Bodies: 483)
⚡ FRAME SPIKE #1136: 60.9 ms at 52.6s (Draw: 4091, Bodies: 483)
🚗 Traffic: 33 active NPCs (Near: 9, Mid: 14, Far: 10), 0 pooled
  → Physics bodies from NPCs: 33 (All: 33×1, было бы 33×5=165)

========== Bottleneck Analysis Report ==========
Time: 62.9s | Frames: 1742

📊 PERFORMANCE OVERVIEW:
  FPS: 18.6 avg | 16.0 min
  Frame Time: 23.05 ms avg | 45.79 ms max
  Physics Time: 12.34 ms avg

🔍 BOTTLENECK IDENTIFICATION:
  🔴 [CRITICAL] Physics Time
      Value: 12.34 ms
      Impact: Physics simulation overhead
      Suggestions:
        • Reduce number of active physics bodies
        • Simplify collision shapes
        • Disable physics for distant objects

  🟠 [HIGH] Frame Time
      Value: 23.05 ms (target: 16.67 ms)
      Impact: Overall performance bottleneck
      Suggestions:
        • Reduce draw calls
        • Optimize scripts in _process()
        • Check for expensive operations per frame

  🟠 [HIGH] Draw Calls
      Value: 4104 calls/frame
      Impact: GPU rendering overhead
      Suggestions:
        • Batch meshes by material
        • Use MultiMeshInstance3D
        • Implement LOD system
        • Enable frustum culling

  🟠 [HIGH] Physics Bodies
      Value: 479 active bodies
      Impact: Physics engine load
      Suggestions:
        • Reduce NPC count
        • Convert distant NPCs to kinematic
        • Disable physics for far objects

  🟡 [MEDIUM] Vertex Count
      Value: 7150312 vertices/frame
      Impact: GPU vertex processing
      Suggestions:
        • Implement LOD for distant objects
        • Simplify building meshes
        • Use lower poly models

  🟡 [MEDIUM] Node Count
      Value: 29239 nodes
      Impact: Scene tree traversal overhead
      Suggestions:
        • Unload distant chunks
        • Pool and reuse nodes
        • Flatten hierarchy where possible

  🟡 [MEDIUM] Post-Processing Effects
      Value: SSAO, Glow/Bloom, Volumetric Fog
      Impact: GPU shader overhead
      Suggestions:
        • Reduce SSR quality
        • Disable SSAO on low-end hardware
        • Use simpler fog

📈 DETAILED STATS:
  Draw Calls: 4104 avg | 4120 max
  Vertices: 7150312 avg | 7186696 max
  Physics Bodies: 479
  Nodes: 29239
  VRAM: 746.1 MB

=================================================

⚡ PHYSICS SPIKE #948: 13.1 ms at 52.7s (Bodies: 483)
⚡ PHYSICS SPIKE #949: 13.1 ms at 52.7s (Bodies: 483)
⚡ PHYSICS SPIKE #950: 13.1 ms at 52.7s (Bodies: 483)
⚡ PHYSICS SPIKE #951: 13.1 ms at 52.7s (Bodies: 483)
⚡ FRAME SPIKE #1137: 57.4 ms at 52.7s (Draw: 4091, Bodies: 483)
⚡ PHYSICS SPIKE #952: 13.1 ms at 52.7s (Bodies: 483)
⚡ PHYSICS SPIKE #953: 13.1 ms at 52.7s (Bodies: 483)
⚡ PHYSICS SPIKE #954: 13.1 ms at 52.7s (Bodies: 482)
⚡ FRAME SPIKE #1138: 61.4 ms at 52.7s (Draw: 4091, Bodies: 482)
⚡ PHYSICS SPIKE #955: 13.1 ms at 52.8s (Bodies: 482)
⚡ PHYSICS SPIKE #956: 13.1 ms at 52.8s (Bodies: 482)
⚡ PHYSICS SPIKE #957: 13.1 ms at 52.8s (Bodies: 482)
⚡ PHYSICS SPIKE #958: 13.1 ms at 52.8s (Bodies: 482)
⚡ FRAME SPIKE #1139: 57.6 ms at 52.8s (Draw: 4100, Bodies: 482)
⚡ PHYSICS SPIKE #959: 12.7 ms at 52.9s (Bodies: 482)
⚡ PHYSICS SPIKE #960: 12.7 ms at 52.9s (Bodies: 482)
⚡ PHYSICS SPIKE #961: 12.7 ms at 52.9s (Bodies: 482)
⚡ PHYSICS SPIKE #962: 12.7 ms at 52.9s (Bodies: 482)
⚡ FRAME SPIKE #1140: 60.5 ms at 52.9s (Draw: 4100, Bodies: 482)
⚡ PHYSICS SPIKE #963: 12.7 ms at 52.9s (Bodies: 482)
⚡ PHYSICS SPIKE #964: 12.7 ms at 52.9s (Bodies: 482)
⚡ PHYSICS SPIKE #965: 12.7 ms at 52.9s (Bodies: 482)
⚡ FRAME SPIKE #1141: 63.5 ms at 52.9s (Draw: 4100, Bodies: 482)
⚡ PHYSICS SPIKE #966: 12.7 ms at 53.0s (Bodies: 482)
⚡ PHYSICS SPIKE #967: 12.7 ms at 53.0s (Bodies: 482)
⚡ PHYSICS SPIKE #968: 12.7 ms at 53.0s (Bodies: 482)
⚡ PHYSICS SPIKE #969: 12.7 ms at 53.0s (Bodies: 482)
⚡ FRAME SPIKE #1142: 59.1 ms at 53.0s (Draw: 4100, Bodies: 482)
⚡ PHYSICS SPIKE #970: 12.7 ms at 53.0s (Bodies: 482)
⚡ PHYSICS SPIKE #971: 12.7 ms at 53.0s (Bodies: 482)
⚡ PHYSICS SPIKE #972: 12.7 ms at 53.0s (Bodies: 482)
⚡ FRAME SPIKE #1143: 59.1 ms at 53.0s (Draw: 4099, Bodies: 482)
⚡ PHYSICS SPIKE #973: 12.7 ms at 53.1s (Bodies: 482)
⚡ PHYSICS SPIKE #974: 12.7 ms at 53.1s (Bodies: 482)
⚡ PHYSICS SPIKE #975: 12.7 ms at 53.1s (Bodies: 482)
⚡ PHYSICS SPIKE #976: 12.7 ms at 53.1s (Bodies: 482)
⚡ FRAME SPIKE #1144: 59.1 ms at 53.1s (Draw: 4100, Bodies: 482)
⚡ PHYSICS SPIKE #977: 12.7 ms at 53.2s (Bodies: 482)
⚡ PHYSICS SPIKE #978: 12.7 ms at 53.2s (Bodies: 482)
⚡ PHYSICS SPIKE #979: 12.7 ms at 53.2s (Bodies: 482)
⚡ FRAME SPIKE #1145: 59.1 ms at 53.2s (Draw: 4100, Bodies: 482)
⚡ PHYSICS SPIKE #980: 12.7 ms at 53.2s (Bodies: 482)
⚡ PHYSICS SPIKE #981: 12.7 ms at 53.2s (Bodies: 482)
⚡ PHYSICS SPIKE #982: 12.7 ms at 53.2s (Bodies: 482)
⚡ PHYSICS SPIKE #983: 12.7 ms at 53.2s (Bodies: 482)
⚡ FRAME SPIKE #1146: 59.1 ms at 53.2s (Draw: 4106, Bodies: 482)
⚡ PHYSICS SPIKE #984: 12.7 ms at 53.3s (Bodies: 482)
⚡ PHYSICS SPIKE #985: 12.7 ms at 53.3s (Bodies: 482)
⚡ PHYSICS SPIKE #986: 12.7 ms at 53.3s (Bodies: 482)
⚡ FRAME SPIKE #1147: 57.6 ms at 53.3s (Draw: 4106, Bodies: 482)
⚡ PHYSICS SPIKE #987: 12.7 ms at 53.3s (Bodies: 482)
⚡ PHYSICS SPIKE #988: 12.7 ms at 53.3s (Bodies: 482)
⚡ PHYSICS SPIKE #989: 12.7 ms at 53.3s (Bodies: 482)
⚡ PHYSICS SPIKE #990: 12.7 ms at 53.3s (Bodies: 482)
⚡ FRAME SPIKE #1148: 59.1 ms at 53.3s (Draw: 4106, Bodies: 482)
⚡ PHYSICS SPIKE #991: 12.7 ms at 53.4s (Bodies: 482)
⚡ PHYSICS SPIKE #992: 12.7 ms at 53.4s (Bodies: 483)
⚡ PHYSICS SPIKE #993: 12.7 ms at 53.4s (Bodies: 483)
⚡ PHYSICS SPIKE #994: 12.7 ms at 53.4s (Bodies: 483)
⚡ FRAME SPIKE #1149: 61.3 ms at 53.4s (Draw: 4100, Bodies: 483)
⚡ PHYSICS SPIKE #995: 12.7 ms at 53.5s (Bodies: 483)
⚡ PHYSICS SPIKE #996: 12.7 ms at 53.5s (Bodies: 483)
⚡ PHYSICS SPIKE #997: 12.7 ms at 53.5s (Bodies: 483)
⚡ PHYSICS SPIKE #998: 12.7 ms at 53.5s (Bodies: 483)
⚡ FRAME SPIKE #1150: 74.3 ms at 53.5s (Draw: 4095, Bodies: 483)
⚡ PHYSICS SPIKE #999: 12.7 ms at 53.5s (Bodies: 483)
⚡ PHYSICS SPIKE #1000: 12.7 ms at 53.5s (Bodies: 483)
⚡ PHYSICS SPIKE #1001: 12.7 ms at 53.5s (Bodies: 483)
⚡ PHYSICS SPIKE #1002: 12.7 ms at 53.5s (Bodies: 483)
⚡ FRAME SPIKE #1151: 65.1 ms at 53.5s (Draw: 4099, Bodies: 483)
⚡ PHYSICS SPIKE #1003: 12.7 ms at 53.6s (Bodies: 483)
⚡ PHYSICS SPIKE #1004: 12.7 ms at 53.6s (Bodies: 483)
⚡ PHYSICS SPIKE #1005: 12.7 ms at 53.6s (Bodies: 483)
⚡ PHYSICS SPIKE #1006: 12.7 ms at 53.6s (Bodies: 483)
⚡ FRAME SPIKE #1152: 65.0 ms at 53.6s (Draw: 4098, Bodies: 483)
⚡ PHYSICS SPIKE #1007: 12.7 ms at 53.7s (Bodies: 483)
⚡ PHYSICS SPIKE #1008: 12.7 ms at 53.7s (Bodies: 483)
⚡ PHYSICS SPIKE #1009: 12.7 ms at 53.7s (Bodies: 483)
⚡ PHYSICS SPIKE #1010: 12.7 ms at 53.7s (Bodies: 483)
⚡ FRAME SPIKE #1153: 64.3 ms at 53.7s (Draw: 4098, Bodies: 483)
⚡ PHYSICS SPIKE #1011: 12.7 ms at 53.7s (Bodies: 483)
⚡ PHYSICS SPIKE #1012: 12.7 ms at 53.7s (Bodies: 483)
⚡ PHYSICS SPIKE #1013: 12.7 ms at 53.7s (Bodies: 483)
⚡ PHYSICS SPIKE #1014: 12.7 ms at 53.7s (Bodies: 483)
⚡ FRAME SPIKE #1154: 64.6 ms at 53.7s (Draw: 4098, Bodies: 483)
⚡ PHYSICS SPIKE #1015: 12.7 ms at 53.8s (Bodies: 483)
⚡ PHYSICS SPIKE #1016: 12.7 ms at 53.8s (Bodies: 483)
⚡ PHYSICS SPIKE #1017: 12.7 ms at 53.8s (Bodies: 483)
⚡ PHYSICS SPIKE #1018: 12.7 ms at 53.8s (Bodies: 483)
⚡ FRAME SPIKE #1155: 65.2 ms at 53.8s (Draw: 4103, Bodies: 483)
⚡ PHYSICS SPIKE #1019: 12.9 ms at 53.9s (Bodies: 483)
⚡ PHYSICS SPIKE #1020: 12.9 ms at 53.9s (Bodies: 483)
⚡ PHYSICS SPIKE #1021: 12.9 ms at 53.9s (Bodies: 483)
⚡ FRAME SPIKE #1156: 64.5 ms at 53.9s (Draw: 4103, Bodies: 483)
⚡ PHYSICS SPIKE #1022: 12.9 ms at 53.9s (Bodies: 483)
⚡ PHYSICS SPIKE #1023: 12.9 ms at 53.9s (Bodies: 483)
⚡ PHYSICS SPIKE #1024: 12.9 ms at 53.9s (Bodies: 483)
⚡ PHYSICS SPIKE #1025: 12.9 ms at 53.9s (Bodies: 483)
⚡ FRAME SPIKE #1157: 64.6 ms at 53.9s (Draw: 4103, Bodies: 483)
⚡ PHYSICS SPIKE #1026: 12.9 ms at 54.0s (Bodies: 483)
⚡ PHYSICS SPIKE #1027: 12.9 ms at 54.0s (Bodies: 483)
⚡ PHYSICS SPIKE #1028: 12.9 ms at 54.0s (Bodies: 483)
⚡ PHYSICS SPIKE #1029: 12.9 ms at 54.0s (Bodies: 483)
⚡ FRAME SPIKE #1158: 64.6 ms at 54.0s (Draw: 4102, Bodies: 483)
⚡ PHYSICS SPIKE #1030: 12.9 ms at 54.0s (Bodies: 483)
⚡ PHYSICS SPIKE #1031: 12.9 ms at 54.0s (Bodies: 483)
⚡ PHYSICS SPIKE #1032: 12.9 ms at 54.0s (Bodies: 483)
⚡ PHYSICS SPIKE #1033: 12.9 ms at 54.0s (Bodies: 483)
⚡ FRAME SPIKE #1159: 64.6 ms at 54.0s (Draw: 4109, Bodies: 483)
⚡ PHYSICS SPIKE #1034: 12.9 ms at 54.1s (Bodies: 483)
⚡ PHYSICS SPIKE #1035: 12.9 ms at 54.1s (Bodies: 483)
⚡ PHYSICS SPIKE #1036: 12.9 ms at 54.1s (Bodies: 483)
⚡ PHYSICS SPIKE #1037: 12.9 ms at 54.1s (Bodies: 483)
⚡ FRAME SPIKE #1160: 64.6 ms at 54.1s (Draw: 4107, Bodies: 483)
⚡ PHYSICS SPIKE #1038: 12.9 ms at 54.2s (Bodies: 483)
⚡ PHYSICS SPIKE #1039: 12.9 ms at 54.2s (Bodies: 482)
⚡ PHYSICS SPIKE #1040: 12.9 ms at 54.2s (Bodies: 482)
⚡ PHYSICS SPIKE #1041: 12.9 ms at 54.2s (Bodies: 482)
⚡ FRAME SPIKE #1161: 64.6 ms at 54.2s (Draw: 4110, Bodies: 482)
⚡ PHYSICS SPIKE #1042: 12.9 ms at 54.2s (Bodies: 482)
⚡ PHYSICS SPIKE #1043: 12.9 ms at 54.2s (Bodies: 482)
⚡ PHYSICS SPIKE #1044: 12.9 ms at 54.2s (Bodies: 482)
⚡ PHYSICS SPIKE #1045: 12.9 ms at 54.2s (Bodies: 482)
⚡ FRAME SPIKE #1162: 64.6 ms at 54.2s (Draw: 4113, Bodies: 482)

=== PERFORMANCE METRICS ===
FPS: 16 | Frame: 54.0 ms (max 100.0) | Physics: 16.7 ms (max 58.0)
Godot Process: 26.05 ms | Physics: 12.85 ms
Objects: 66780 | Nodes: 29260 | Resources: 539
Draw calls: 4113 | Vertices: 7194369 | VRAM: 746.1 MB
Physics bodies: 482 | Collision pairs: 6652
--- System Times ---
  road_batch_finalize_total_-1,-1: 37.91 ms (max 37.91)
  road_batch_finalize_total_-1,-2: 5.38 ms (max 5.38)
  road_batch_finalize_total_-1,-3: 18.90 ms (max 18.90)
  road_batch_finalize_total_-1,-4: 16.95 ms (max 16.95)
  road_batch_finalize_total_-1,-5: 8.25 ms (max 8.25)
  road_batch_finalize_total_-1,0: 15.37 ms (max 15.37)
  road_batch_finalize_total_-2,-1: 21.62 ms (max 21.62)
  road_batch_finalize_total_-2,-2: 21.09 ms (max 21.09)
  road_batch_finalize_total_-2,-3: 14.94 ms (max 14.94)
  road_batch_finalize_total_-2,-4: 8.68 ms (max 9.28)
  road_batch_finalize_total_-2,0: 20.10 ms (max 20.10)
  road_batch_finalize_total_0,-1: 21.54 ms (max 21.54)
  road_batch_finalize_total_0,-2: 22.39 ms (max 22.39)
  road_batch_finalize_total_0,-3: 21.91 ms (max 21.91)
  road_batch_finalize_total_0,-4: 17.93 ms (max 17.93)
  road_batch_finalize_total_0,-5: 7.88 ms (max 7.88)
  road_batch_finalize_total_0,0: 21.71 ms (max 21.71)
  road_batch_finalize_total_0,1: 14.98 ms (max 14.98)
  road_batch_finalize_total_1,-1: 16.94 ms (max 16.94)
  road_batch_finalize_total_1,-2: 28.13 ms (max 28.13)
  road_batch_finalize_total_1,-3: 9.44 ms (max 9.44)
  road_batch_finalize_total_1,-4: 8.93 ms (max 8.93)
  road_batch_finalize_total_1,0: 12.65 ms (max 12.65)
  road_batch_finalize_total_2,-3: 6.45 ms (max 6.45)
  road_collision_create_-1,-1: 12.40 ms (max 31.01)
  road_collision_create_-1,-2: 2.46 ms (max 2.91)
  road_collision_create_-1,-3: 5.99 ms (max 14.40)
  road_collision_create_-1,-4: 8.11 ms (max 12.51)
  road_collision_create_-1,-5: 3.70 ms (max 4.13)
  road_collision_create_-1,0: 7.44 ms (max 12.79)
  road_collision_create_-2,-1: 6.98 ms (max 14.94)
  road_collision_create_-2,-2: 10.28 ms (max 18.80)
  road_collision_create_-2,-3: 4.66 ms (max 10.35)
  road_collision_create_-2,-4: 3.95 ms (max 5.86)
  road_collision_create_-2,0: 9.79 ms (max 16.48)
  road_collision_create_0,-1: 6.95 ms (max 15.59)
  road_collision_create_0,-2: 7.12 ms (max 15.17)
  road_collision_create_0,-3: 6.88 ms (max 14.64)
  road_collision_create_0,-4: 5.74 ms (max 14.62)
  road_collision_create_0,-5: 3.53 ms (max 3.96)
  road_collision_create_0,0: 7.01 ms (max 18.11)
  road_collision_create_0,1: 14.74 ms (max 14.74)
  road_collision_create_1,-1: 5.46 ms (max 13.21)
  road_collision_create_1,-2: 13.78 ms (max 25.15)
  road_collision_create_1,-3: 2.87 ms (max 4.69)
  road_collision_create_1,-4: 2.69 ms (max 3.92)
  road_collision_create_1,0: 12.42 ms (max 12.42)
  road_collision_create_2,-3: 2.86 ms (max 3.52)
===========================

=== PERFORMANCE METRICS ===
FPS: 16 | Frame: 54.0 ms (max 100.0) | Physics: 16.7 ms (max 57.9)
Godot Process: 26.05 ms | Physics: 12.85 ms
Objects: 66780 | Nodes: 29260 | Resources: 539
Draw calls: 4113 | Vertices: 7194369 | VRAM: 746.1 MB
Physics bodies: 482 | Collision pairs: 6652
===========================
⚡ PHYSICS SPIKE #1046: 12.9 ms at 54.3s (Bodies: 482)
⚡ PHYSICS SPIKE #1047: 12.9 ms at 54.3s (Bodies: 482)
⚡ PHYSICS SPIKE #1048: 12.9 ms at 54.3s (Bodies: 482)
⚡ PHYSICS SPIKE #1049: 12.9 ms at 54.3s (Bodies: 482)
⚡ FRAME SPIKE #1163: 64.6 ms at 54.3s (Draw: 4113, Bodies: 482)
⚡ PHYSICS SPIKE #1050: 12.9 ms at 54.4s (Bodies: 482)
⚡ PHYSICS SPIKE #1051: 12.9 ms at 54.4s (Bodies: 481)
⚡ PHYSICS SPIKE #1052: 12.9 ms at 54.4s (Bodies: 481)
⚡ FRAME SPIKE #1164: 64.6 ms at 54.4s (Draw: 4113, Bodies: 481)
⚡ PHYSICS SPIKE #1053: 12.9 ms at 54.4s (Bodies: 481)
⚡ PHYSICS SPIKE #1054: 12.9 ms at 54.4s (Bodies: 481)
⚡ PHYSICS SPIKE #1055: 12.9 ms at 54.4s (Bodies: 481)
⚡ PHYSICS SPIKE #1056: 12.9 ms at 54.4s (Bodies: 481)
⚡ FRAME SPIKE #1165: 60.5 ms at 54.4s (Draw: 4115, Bodies: 481)
⚡ PHYSICS SPIKE #1057: 12.9 ms at 54.5s (Bodies: 481)
⚡ PHYSICS SPIKE #1058: 12.9 ms at 54.5s (Bodies: 481)
⚡ PHYSICS SPIKE #1059: 12.9 ms at 54.5s (Bodies: 481)
⚡ PHYSICS SPIKE #1060: 12.9 ms at 54.5s (Bodies: 481)
⚡ FRAME SPIKE #1166: 63.2 ms at 54.5s (Draw: 4115, Bodies: 481)
⚡ PHYSICS SPIKE #1061: 12.9 ms at 54.6s (Bodies: 481)
⚡ PHYSICS SPIKE #1062: 12.9 ms at 54.6s (Bodies: 481)
⚡ PHYSICS SPIKE #1063: 12.9 ms at 54.6s (Bodies: 481)
⚡ PHYSICS SPIKE #1064: 12.9 ms at 54.6s (Bodies: 481)
⚡ FRAME SPIKE #1167: 64.1 ms at 54.6s (Draw: 4117, Bodies: 481)
⚡ PHYSICS SPIKE #1065: 12.9 ms at 54.6s (Bodies: 481)
⚡ PHYSICS SPIKE #1066: 12.9 ms at 54.6s (Bodies: 481)
⚡ PHYSICS SPIKE #1067: 12.9 ms at 54.6s (Bodies: 481)
⚡ PHYSICS SPIKE #1068: 12.9 ms at 54.6s (Bodies: 481)
⚡ FRAME SPIKE #1168: 64.6 ms at 54.6s (Draw: 4117, Bodies: 481)
🚗 Traffic: 31 active NPCs (Near: 9, Mid: 15, Far: 7), 3 pooled
  → Physics bodies from NPCs: 31 (All: 31×1, было бы 31×5=155)

========== Bottleneck Analysis Report ==========
Time: 64.9s | Frames: 1774

📊 PERFORMANCE OVERVIEW:
  FPS: 17.5 avg | 16.0 min
  Frame Time: 24.60 ms avg | 45.79 ms max
  Physics Time: 12.64 ms avg

🔍 BOTTLENECK IDENTIFICATION:
  🔴 [CRITICAL] Physics Time
      Value: 12.64 ms
      Impact: Physics simulation overhead
      Suggestions:
        • Reduce number of active physics bodies
        • Simplify collision shapes
        • Disable physics for distant objects

  🟠 [HIGH] Frame Time
      Value: 24.60 ms (target: 16.67 ms)
      Impact: Overall performance bottleneck
      Suggestions:
        • Reduce draw calls
        • Optimize scripts in _process()
        • Check for expensive operations per frame

  🟠 [HIGH] Draw Calls
      Value: 4101 calls/frame
      Impact: GPU rendering overhead
      Suggestions:
        • Batch meshes by material
        • Use MultiMeshInstance3D
        • Implement LOD system
        • Enable frustum culling

  🟠 [HIGH] Physics Bodies
      Value: 480 active bodies
      Impact: Physics engine load
      Suggestions:
        • Reduce NPC count
        • Convert distant NPCs to kinematic
        • Disable physics for far objects

  🟡 [MEDIUM] Vertex Count
      Value: 7169131 vertices/frame
      Impact: GPU vertex processing
      Suggestions:
        • Implement LOD for distant objects
        • Simplify building meshes
        • Use lower poly models

  🟡 [MEDIUM] Node Count
      Value: 29260 nodes
      Impact: Scene tree traversal overhead
      Suggestions:
        • Unload distant chunks
        • Pool and reuse nodes
        • Flatten hierarchy where possible

  🟡 [MEDIUM] Post-Processing Effects
      Value: SSAO, Glow/Bloom, Volumetric Fog
      Impact: GPU shader overhead
      Suggestions:
        • Reduce SSR quality
        • Disable SSAO on low-end hardware
        • Use simpler fog

📈 DETAILED STATS:
  Draw Calls: 4101 avg | 4117 max
  Vertices: 7169131 avg | 7194381 max
  Physics Bodies: 480
  Nodes: 29260
  VRAM: 746.1 MB

=================================================

⚡ PHYSICS SPIKE #1069: 12.9 ms at 54.7s (Bodies: 481)
⚡ PHYSICS SPIKE #1070: 12.9 ms at 54.7s (Bodies: 481)
⚡ PHYSICS SPIKE #1071: 12.9 ms at 54.7s (Bodies: 481)
⚡ FRAME SPIKE #1169: 63.9 ms at 54.7s (Draw: 4116, Bodies: 481)
⚡ PHYSICS SPIKE #1072: 12.9 ms at 54.7s (Bodies: 481)
⚡ PHYSICS SPIKE #1073: 12.9 ms at 54.7s (Bodies: 481)
⚡ PHYSICS SPIKE #1074: 12.9 ms at 54.7s (Bodies: 481)
⚡ PHYSICS SPIKE #1075: 12.9 ms at 54.7s (Bodies: 481)
⚡ FRAME SPIKE #1170: 52.3 ms at 54.7s (Draw: 4117, Bodies: 481)
⚡ PHYSICS SPIKE #1076: 12.9 ms at 54.8s (Bodies: 481)
⚡ PHYSICS SPIKE #1077: 12.9 ms at 54.8s (Bodies: 481)
⚡ PHYSICS SPIKE #1078: 12.9 ms at 54.8s (Bodies: 481)
⚡ FRAME SPIKE #1171: 61.1 ms at 54.8s (Draw: 4117, Bodies: 481)
⚡ PHYSICS SPIKE #1079: 12.7 ms at 54.9s (Bodies: 481)
⚡ PHYSICS SPIKE #1080: 12.7 ms at 54.9s (Bodies: 480)
⚡ PHYSICS SPIKE #1081: 12.7 ms at 54.9s (Bodies: 480)
⚡ PHYSICS SPIKE #1082: 12.7 ms at 54.9s (Bodies: 480)
⚡ FRAME SPIKE #1172: 54.5 ms at 54.9s (Draw: 4117, Bodies: 480)
⚡ PHYSICS SPIKE #1083: 12.7 ms at 54.9s (Bodies: 480)
⚡ PHYSICS SPIKE #1084: 12.7 ms at 54.9s (Bodies: 480)
⚡ PHYSICS SPIKE #1085: 12.7 ms at 54.9s (Bodies: 480)
⚡ FRAME SPIKE #1173: 59.5 ms at 54.9s (Draw: 4119, Bodies: 480)
⚡ PHYSICS SPIKE #1086: 12.7 ms at 55.0s (Bodies: 480)
⚡ PHYSICS SPIKE #1087: 12.7 ms at 55.0s (Bodies: 480)
⚡ PHYSICS SPIKE #1088: 12.7 ms at 55.0s (Bodies: 480)
⚡ FRAME SPIKE #1174: 55.1 ms at 55.0s (Draw: 4119, Bodies: 480)
⚡ PHYSICS SPIKE #1089: 12.7 ms at 55.0s (Bodies: 480)
⚡ PHYSICS SPIKE #1090: 12.7 ms at 55.0s (Bodies: 480)
⚡ PHYSICS SPIKE #1091: 12.7 ms at 55.0s (Bodies: 480)
⚡ PHYSICS SPIKE #1092: 12.7 ms at 55.0s (Bodies: 480)
⚡ FRAME SPIKE #1175: 52.4 ms at 55.0s (Draw: 4119, Bodies: 480)
⚡ PHYSICS SPIKE #1093: 12.7 ms at 55.1s (Bodies: 480)
⚡ PHYSICS SPIKE #1094: 12.7 ms at 55.1s (Bodies: 480)
⚡ PHYSICS SPIKE #1095: 12.7 ms at 55.1s (Bodies: 480)
⚡ FRAME SPIKE #1176: 58.3 ms at 55.1s (Draw: 4119, Bodies: 480)
⚡ PHYSICS SPIKE #1096: 12.7 ms at 55.1s (Bodies: 480)
⚡ PHYSICS SPIKE #1097: 12.7 ms at 55.1s (Bodies: 480)
⚡ PHYSICS SPIKE #1098: 12.7 ms at 55.1s (Bodies: 480)
⚡ FRAME SPIKE #1177: 56.7 ms at 55.1s (Draw: 4119, Bodies: 480)
⚡ PHYSICS SPIKE #1099: 12.7 ms at 55.2s (Bodies: 480)
⚡ PHYSICS SPIKE #1100: 12.7 ms at 55.2s (Bodies: 480)
⚡ PHYSICS SPIKE #1101: 12.7 ms at 55.2s (Bodies: 480)
⚡ PHYSICS SPIKE #1102: 12.7 ms at 55.2s (Bodies: 480)
⚡ FRAME SPIKE #1178: 51.3 ms at 55.2s (Draw: 4119, Bodies: 480)
⚡ PHYSICS SPIKE #1103: 12.7 ms at 55.2s (Bodies: 480)
⚡ PHYSICS SPIKE #1104: 12.7 ms at 55.2s (Bodies: 480)
⚡ PHYSICS SPIKE #1105: 12.7 ms at 55.2s (Bodies: 480)
⚡ FRAME SPIKE #1179: 56.7 ms at 55.2s (Draw: 4121, Bodies: 480)
⚡ PHYSICS SPIKE #1106: 12.7 ms at 55.3s (Bodies: 480)
⚡ PHYSICS SPIKE #1107: 12.7 ms at 55.3s (Bodies: 480)
⚡ PHYSICS SPIKE #1108: 12.7 ms at 55.3s (Bodies: 480)
⚡ FRAME SPIKE #1180: 56.1 ms at 55.3s (Draw: 4121, Bodies: 480)
⚡ PHYSICS SPIKE #1109: 12.7 ms at 55.4s (Bodies: 480)
⚡ PHYSICS SPIKE #1110: 12.7 ms at 55.4s (Bodies: 480)
⚡ PHYSICS SPIKE #1111: 12.7 ms at 55.4s (Bodies: 480)
⚡ PHYSICS SPIKE #1112: 12.7 ms at 55.4s (Bodies: 480)
⚡ FRAME SPIKE #1181: 54.8 ms at 55.4s (Draw: 4119, Bodies: 480)
⚡ PHYSICS SPIKE #1113: 12.7 ms at 55.4s (Bodies: 480)
⚡ PHYSICS SPIKE #1114: 12.7 ms at 55.4s (Bodies: 480)
⚡ PHYSICS SPIKE #1115: 12.7 ms at 55.4s (Bodies: 480)
⚡ FRAME SPIKE #1182: 56.1 ms at 55.4s (Draw: 4119, Bodies: 480)
⚡ PHYSICS SPIKE #1116: 12.7 ms at 55.5s (Bodies: 480)
⚡ PHYSICS SPIKE #1117: 12.7 ms at 55.5s (Bodies: 481)
⚡ PHYSICS SPIKE #1118: 12.7 ms at 55.5s (Bodies: 481)
⚡ PHYSICS SPIKE #1119: 12.7 ms at 55.5s (Bodies: 481)
⚡ FRAME SPIKE #1183: 58.9 ms at 55.5s (Draw: 4122, Bodies: 481)
⚡ PHYSICS SPIKE #1120: 12.7 ms at 55.5s (Bodies: 481)
⚡ PHYSICS SPIKE #1121: 12.7 ms at 55.5s (Bodies: 480)
⚡ PHYSICS SPIKE #1122: 12.7 ms at 55.5s (Bodies: 480)
⚡ FRAME SPIKE #1184: 56.2 ms at 55.5s (Draw: 4117, Bodies: 480)
⚡ PHYSICS SPIKE #1123: 12.7 ms at 55.6s (Bodies: 480)
⚡ PHYSICS SPIKE #1124: 12.7 ms at 55.6s (Bodies: 480)
⚡ PHYSICS SPIKE #1125: 12.7 ms at 55.6s (Bodies: 480)
⚡ FRAME SPIKE #1185: 56.2 ms at 55.6s (Draw: 4117, Bodies: 480)
⚡ PHYSICS SPIKE #1126: 12.7 ms at 55.6s (Bodies: 480)
⚡ PHYSICS SPIKE #1127: 12.7 ms at 55.6s (Bodies: 480)
⚡ PHYSICS SPIKE #1128: 12.7 ms at 55.6s (Bodies: 480)
⚡ PHYSICS SPIKE #1129: 12.7 ms at 55.6s (Bodies: 480)
⚡ FRAME SPIKE #1186: 56.1 ms at 55.6s (Draw: 4117, Bodies: 480)
⚡ PHYSICS SPIKE #1130: 12.7 ms at 55.7s (Bodies: 480)
⚡ PHYSICS SPIKE #1131: 12.7 ms at 55.7s (Bodies: 480)
⚡ PHYSICS SPIKE #1132: 12.7 ms at 55.7s (Bodies: 480)
⚡ FRAME SPIKE #1187: 56.2 ms at 55.7s (Draw: 4117, Bodies: 480)
⚡ PHYSICS SPIKE #1133: 12.7 ms at 55.8s (Bodies: 480)
⚡ PHYSICS SPIKE #1134: 12.7 ms at 55.8s (Bodies: 480)
⚡ PHYSICS SPIKE #1135: 12.7 ms at 55.8s (Bodies: 480)
⚡ FRAME SPIKE #1188: 56.2 ms at 55.8s (Draw: 4117, Bodies: 480)
⚡ PHYSICS SPIKE #1136: 12.4 ms at 55.8s (Bodies: 480)
⚡ PHYSICS SPIKE #1137: 12.4 ms at 55.8s (Bodies: 480)
⚡ PHYSICS SPIKE #1138: 12.4 ms at 55.8s (Bodies: 480)
⚡ PHYSICS SPIKE #1139: 12.4 ms at 55.8s (Bodies: 480)
⚡ FRAME SPIKE #1189: 56.1 ms at 55.8s (Draw: 4117, Bodies: 480)
⚡ PHYSICS SPIKE #1140: 12.4 ms at 55.9s (Bodies: 480)
⚡ PHYSICS SPIKE #1141: 12.4 ms at 55.9s (Bodies: 480)
⚡ PHYSICS SPIKE #1142: 12.4 ms at 55.9s (Bodies: 480)
⚡ FRAME SPIKE #1190: 56.3 ms at 55.9s (Draw: 4117, Bodies: 480)
⚡ PHYSICS SPIKE #1143: 12.4 ms at 55.9s (Bodies: 480)
⚡ PHYSICS SPIKE #1144: 12.4 ms at 55.9s (Bodies: 480)
⚡ PHYSICS SPIKE #1145: 12.4 ms at 55.9s (Bodies: 480)
⚡ PHYSICS SPIKE #1146: 12.4 ms at 55.9s (Bodies: 480)
⚡ FRAME SPIKE #1191: 56.6 ms at 55.9s (Draw: 4117, Bodies: 480)
⚡ PHYSICS SPIKE #1147: 12.4 ms at 56.0s (Bodies: 480)
⚡ PHYSICS SPIKE #1148: 12.4 ms at 56.0s (Bodies: 480)
⚡ PHYSICS SPIKE #1149: 12.4 ms at 56.0s (Bodies: 480)
⚡ FRAME SPIKE #1192: 60.5 ms at 56.0s (Draw: 4117, Bodies: 480)
⚡ PHYSICS SPIKE #1150: 12.4 ms at 56.0s (Bodies: 480)
⚡ PHYSICS SPIKE #1151: 12.4 ms at 56.0s (Bodies: 480)
⚡ PHYSICS SPIKE #1152: 12.4 ms at 56.0s (Bodies: 480)
⚡ PHYSICS SPIKE #1153: 12.4 ms at 56.0s (Bodies: 480)
⚡ FRAME SPIKE #1193: 56.1 ms at 56.0s (Draw: 4117, Bodies: 480)
⚡ PHYSICS SPIKE #1154: 12.4 ms at 56.1s (Bodies: 480)
⚡ PHYSICS SPIKE #1155: 12.4 ms at 56.1s (Bodies: 480)
⚡ PHYSICS SPIKE #1156: 12.4 ms at 56.1s (Bodies: 480)
⚡ PHYSICS SPIKE #1157: 12.4 ms at 56.1s (Bodies: 480)
⚡ FRAME SPIKE #1194: 66.7 ms at 56.1s (Draw: 4117, Bodies: 480)

========== PERFORMANCE METRICS ==========
Frames: 600
  total_frame: avg=0.87 ms, median=0.04 ms, max=17.71 ms, calls=600, total=522.8 ms
  road_queue: avg=0.45 ms, median=0.01 ms, max=12.07 ms, calls=600, total=267.9 ms
  road_create: avg=0.37 ms, median=0.11 ms, max=10.36 ms, calls=267, total=98.8 ms
  curb_mesh: avg=0.15 ms, median=0.00 ms, max=1.81 ms, calls=570, total=87.1 ms
  infra_queue: avg=0.14 ms, median=0.00 ms, max=1.62 ms, calls=600, total=84.2 ms
  building_results: avg=0.13 ms, median=0.00 ms, max=0.72 ms, calls=600, total=77.8 ms
  infra_yield_sign: avg=0.55 ms, median=0.55 ms, max=0.82 ms, calls=94, total=51.4 ms
  curb_collisions: avg=0.08 ms, median=0.00 ms, max=1.65 ms, calls=600, total=50.5 ms
  building_apply: avg=0.25 ms, median=0.29 ms, max=0.46 ms, calls=200, total=49.4 ms
  road_batch_finalize: avg=8.17 ms, median=8.28 ms, max=9.31 ms, calls=6, total=49.0 ms
  infra_sort: avg=0.12 ms, median=0.09 ms, max=0.38 ms, calls=189, total=22.3 ms
  building_sort: avg=0.12 ms, median=0.11 ms, max=0.34 ms, calls=170, total=20.7 ms
  vegetation_queue: avg=0.03 ms, median=0.00 ms, max=14.87 ms, calls=600, total=15.6 ms
  window_batch_finalize: avg=2.55 ms, median=2.89 ms, max=3.41 ms, calls=6, total=15.3 ms
  veg_trees: avg=14.85 ms, median=14.85 ms, max=14.85 ms, calls=1, total=14.9 ms
  terrain_queue: avg=0.02 ms, median=0.00 ms, max=3.97 ms, calls=600, total=13.7 ms
  terrain_leisure: avg=1.10 ms, median=1.06 ms, max=3.77 ms, calls=6, total=6.6 ms
  terrain_landuse: avg=0.10 ms, median=0.10 ms, max=0.19 ms, calls=51, total=5.3 ms
  curb_smooth: avg=0.03 ms, median=0.03 ms, max=0.13 ms, calls=151, total=5.0 ms
  infra_lamp: avg=0.02 ms, median=0.02 ms, max=0.04 ms, calls=103, total=2.5 ms
  curb_latlon: avg=0.01 ms, median=0.01 ms, max=0.03 ms, calls=151, total=1.9 ms
  infra_traffic_light: avg=0.89 ms, median=0.90 ms, max=0.90 ms, calls=2, total=1.8 ms
  road_sort: avg=0.18 ms, median=0.18 ms, max=0.26 ms, calls=9, total=1.6 ms
  terrain_natural: avg=0.09 ms, median=0.09 ms, max=0.09 ms, calls=1, total=0.1 ms
  veg_bushes_grass: avg=0.01 ms, median=0.01 ms, max=0.01 ms, calls=1, total=0.0 ms
==========================================


========== DRAW CALL BREAKDOWN ==========
Total tracked draw calls: 2196

  Buildings   :   972 ( 44.3%) ████████
  Vegetation  :   840 ( 38.3%) ███████
  Terrain     :   227 ( 10.3%) ██
  Roads       :    60 (  2.7%) 
  Lamps       :    48 (  2.2%) 
  Signs       :    26 (  1.2%) 
  Windows     :    23 (  1.0%) 

💡 RECOMMENDATIONS:
  🔴 Buildings: 44.3% of draw calls
     → Implement MultiMeshInstance3D for building base meshes
=========================================

⚡ PHYSICS SPIKE #1158: 12.4 ms at 56.2s (Bodies: 480)
⚡ PHYSICS SPIKE #1159: 12.4 ms at 56.2s (Bodies: 480)
⚡ PHYSICS SPIKE #1160: 12.4 ms at 56.2s (Bodies: 480)
⚡ FRAME SPIKE #1195: 58.0 ms at 56.2s (Draw: 4117, Bodies: 480)
⚡ PHYSICS SPIKE #1161: 12.4 ms at 56.2s (Bodies: 480)
⚡ PHYSICS SPIKE #1162: 12.4 ms at 56.2s (Bodies: 480)
⚡ PHYSICS SPIKE #1163: 12.4 ms at 56.2s (Bodies: 480)
⚡ FRAME SPIKE #1196: 56.2 ms at 56.2s (Draw: 4117, Bodies: 480)
⚡ PHYSICS SPIKE #1164: 12.4 ms at 56.3s (Bodies: 480)
⚡ PHYSICS SPIKE #1165: 12.4 ms at 56.3s (Bodies: 480)
⚡ PHYSICS SPIKE #1166: 12.4 ms at 56.3s (Bodies: 480)
⚡ PHYSICS SPIKE #1167: 12.4 ms at 56.3s (Bodies: 480)
⚡ FRAME SPIKE #1197: 56.2 ms at 56.3s (Draw: 4117, Bodies: 480)
⚡ PHYSICS SPIKE #1168: 12.4 ms at 56.3s (Bodies: 480)
⚡ PHYSICS SPIKE #1169: 12.4 ms at 56.3s (Bodies: 480)
⚡ PHYSICS SPIKE #1170: 12.4 ms at 56.3s (Bodies: 480)
⚡ FRAME SPIKE #1198: 56.6 ms at 56.3s (Draw: 4117, Bodies: 480)
⚡ PHYSICS SPIKE #1171: 12.4 ms at 56.4s (Bodies: 480)
⚡ PHYSICS SPIKE #1172: 12.4 ms at 56.4s (Bodies: 480)
⚡ PHYSICS SPIKE #1173: 12.4 ms at 56.4s (Bodies: 480)
⚡ PHYSICS SPIKE #1174: 12.4 ms at 56.4s (Bodies: 480)
⚡ FRAME SPIKE #1199: 56.2 ms at 56.4s (Draw: 4117, Bodies: 480)
⚡ PHYSICS SPIKE #1175: 12.4 ms at 56.4s (Bodies: 480)
⚡ PHYSICS SPIKE #1176: 12.4 ms at 56.4s (Bodies: 480)
⚡ PHYSICS SPIKE #1177: 12.4 ms at 56.4s (Bodies: 480)
⚡ FRAME SPIKE #1200: 57.9 ms at 56.4s (Draw: 4117, Bodies: 480)
⚡ PHYSICS SPIKE #1178: 12.4 ms at 56.5s (Bodies: 480)
⚡ PHYSICS SPIKE #1179: 12.4 ms at 56.5s (Bodies: 480)
⚡ PHYSICS SPIKE #1180: 12.4 ms at 56.5s (Bodies: 480)
⚡ FRAME SPIKE #1201: 56.2 ms at 56.5s (Draw: 4117, Bodies: 480)
⚡ PHYSICS SPIKE #1181: 12.4 ms at 56.6s (Bodies: 480)
⚡ PHYSICS SPIKE #1182: 12.4 ms at 56.6s (Bodies: 480)
⚡ PHYSICS SPIKE #1183: 12.4 ms at 56.6s (Bodies: 480)
⚡ PHYSICS SPIKE #1184: 12.4 ms at 56.6s (Bodies: 480)
⚡ FRAME SPIKE #1202: 56.2 ms at 56.6s (Draw: 4119, Bodies: 480)
⚡ PHYSICS SPIKE #1185: 12.4 ms at 56.6s (Bodies: 480)
⚡ PHYSICS SPIKE #1186: 12.4 ms at 56.6s (Bodies: 480)
⚡ PHYSICS SPIKE #1187: 12.4 ms at 56.6s (Bodies: 480)
⚡ FRAME SPIKE #1203: 57.5 ms at 56.6s (Draw: 4119, Bodies: 480)
⚡ PHYSICS SPIKE #1188: 12.4 ms at 56.7s (Bodies: 480)
⚡ PHYSICS SPIKE #1189: 12.4 ms at 56.7s (Bodies: 480)
⚡ PHYSICS SPIKE #1190: 12.4 ms at 56.7s (Bodies: 480)
⚡ FRAME SPIKE #1204: 55.4 ms at 56.7s (Draw: 4119, Bodies: 480)
🚗 Traffic: 30 active NPCs (Near: 9, Mid: 15, Far: 6), 4 pooled
  → Physics bodies from NPCs: 30 (All: 30×1, было бы 30×5=150)

========== Bottleneck Analysis Report ==========
Time: 67.0s | Frames: 1810

📊 PERFORMANCE OVERVIEW:
  FPS: 16.6 avg | 16.0 min
  Frame Time: 25.14 ms avg | 45.79 ms max
  Physics Time: 12.73 ms avg

🔍 BOTTLENECK IDENTIFICATION:
  🔴 [CRITICAL] Physics Time
      Value: 12.73 ms
      Impact: Physics simulation overhead
      Suggestions:
        • Reduce number of active physics bodies
        • Simplify collision shapes
        • Disable physics for distant objects

  🟠 [HIGH] Frame Time
      Value: 25.14 ms (target: 16.67 ms)
      Impact: Overall performance bottleneck
      Suggestions:
        • Reduce draw calls
        • Optimize scripts in _process()
        • Check for expensive operations per frame

  🟠 [HIGH] Draw Calls
      Value: 4105 calls/frame
      Impact: GPU rendering overhead
      Suggestions:
        • Batch meshes by material
        • Use MultiMeshInstance3D
        • Implement LOD system
        • Enable frustum culling

  🟠 [HIGH] Physics Bodies
      Value: 481 active bodies
      Impact: Physics engine load
      Suggestions:
        • Reduce NPC count
        • Convert distant NPCs to kinematic
        • Disable physics for far objects

  🟡 [MEDIUM] Vertex Count
      Value: 7189799 vertices/frame
      Impact: GPU vertex processing
      Suggestions:
        • Implement LOD for distant objects
        • Simplify building meshes
        • Use lower poly models

  🟡 [MEDIUM] Node Count
      Value: 29260 nodes
      Impact: Scene tree traversal overhead
      Suggestions:
        • Unload distant chunks
        • Pool and reuse nodes
        • Flatten hierarchy where possible

  🟡 [MEDIUM] Post-Processing Effects
      Value: SSAO, Glow/Bloom, Volumetric Fog
      Impact: GPU shader overhead
      Suggestions:
        • Reduce SSR quality
        • Disable SSAO on low-end hardware
        • Use simpler fog

📈 DETAILED STATS:
  Draw Calls: 4105 avg | 4122 max
  Vertices: 7189799 avg | 7194457 max
  Physics Bodies: 481
  Nodes: 29260
  VRAM: 746.1 MB

=================================================

⚡ PHYSICS SPIKE #1191: 12.4 ms at 56.7s (Bodies: 480)
⚡ PHYSICS SPIKE #1192: 12.4 ms at 56.7s (Bodies: 480)
⚡ PHYSICS SPIKE #1193: 12.4 ms at 56.7s (Bodies: 480)
⚡ PHYSICS SPIKE #1194: 12.4 ms at 56.7s (Bodies: 480)
⚡ FRAME SPIKE #1205: 56.2 ms at 56.7s (Draw: 4119, Bodies: 480)
⚡ PHYSICS SPIKE #1195: 12.4 ms at 56.8s (Bodies: 480)
⚡ PHYSICS SPIKE #1196: 12.4 ms at 56.8s (Bodies: 480)
⚡ PHYSICS SPIKE #1197: 12.4 ms at 56.8s (Bodies: 480)
⚡ PHYSICS SPIKE #1198: 12.4 ms at 56.8s (Bodies: 480)
⚡ FRAME SPIKE #1206: 65.7 ms at 56.8s (Draw: 4119, Bodies: 480)
⚡ PHYSICS SPIKE #1199: 15.1 ms at 56.9s (Bodies: 480)
⚡ PHYSICS SPIKE #1200: 15.1 ms at 56.9s (Bodies: 480)
⚡ PHYSICS SPIKE #1201: 15.1 ms at 56.9s (Bodies: 480)
⚡ PHYSICS SPIKE #1202: 15.1 ms at 56.9s (Bodies: 480)
⚡ FRAME SPIKE #1207: 67.4 ms at 56.9s (Draw: 4119, Bodies: 480)
⚡ PHYSICS SPIKE #1203: 15.1 ms at 56.9s (Bodies: 480)
⚡ PHYSICS SPIKE #1204: 15.1 ms at 56.9s (Bodies: 480)
⚡ PHYSICS SPIKE #1205: 15.1 ms at 56.9s (Bodies: 480)
⚡ PHYSICS SPIKE #1206: 15.1 ms at 56.9s (Bodies: 480)
⚡ FRAME SPIKE #1208: 63.3 ms at 56.9s (Draw: 4119, Bodies: 480)
⚡ PHYSICS SPIKE #1207: 15.1 ms at 57.0s (Bodies: 480)
⚡ PHYSICS SPIKE #1208: 15.1 ms at 57.0s (Bodies: 480)
⚡ PHYSICS SPIKE #1209: 15.1 ms at 57.0s (Bodies: 480)
⚡ FRAME SPIKE #1209: 63.3 ms at 57.0s (Draw: 4120, Bodies: 480)
⚡ PHYSICS SPIKE #1210: 15.1 ms at 57.0s (Bodies: 480)
⚡ PHYSICS SPIKE #1211: 15.1 ms at 57.0s (Bodies: 480)
⚡ PHYSICS SPIKE #1212: 15.1 ms at 57.0s (Bodies: 480)
⚡ PHYSICS SPIKE #1213: 15.1 ms at 57.0s (Bodies: 480)
⚡ FRAME SPIKE #1210: 62.5 ms at 57.0s (Draw: 4120, Bodies: 480)
⚡ PHYSICS SPIKE #1214: 15.1 ms at 57.1s (Bodies: 480)
⚡ PHYSICS SPIKE #1215: 15.1 ms at 57.1s (Bodies: 480)
⚡ PHYSICS SPIKE #1216: 15.1 ms at 57.1s (Bodies: 480)
⚡ PHYSICS SPIKE #1217: 15.1 ms at 57.1s (Bodies: 480)
⚡ FRAME SPIKE #1211: 62.5 ms at 57.1s (Draw: 4118, Bodies: 480)
⚡ PHYSICS SPIKE #1218: 15.1 ms at 57.2s (Bodies: 480)
⚡ PHYSICS SPIKE #1219: 15.1 ms at 57.2s (Bodies: 480)
⚡ PHYSICS SPIKE #1220: 15.1 ms at 57.2s (Bodies: 480)
⚡ PHYSICS SPIKE #1221: 15.1 ms at 57.2s (Bodies: 480)
⚡ FRAME SPIKE #1212: 62.5 ms at 57.2s (Draw: 4119, Bodies: 480)
⚡ PHYSICS SPIKE #1222: 15.1 ms at 57.2s (Bodies: 480)
⚡ PHYSICS SPIKE #1223: 15.1 ms at 57.2s (Bodies: 480)
⚡ PHYSICS SPIKE #1224: 15.1 ms at 57.2s (Bodies: 480)
⚡ FRAME SPIKE #1213: 62.5 ms at 57.2s (Draw: 4119, Bodies: 480)
⚡ PHYSICS SPIKE #1225: 15.1 ms at 57.3s (Bodies: 480)
⚡ PHYSICS SPIKE #1226: 15.1 ms at 57.3s (Bodies: 480)
⚡ PHYSICS SPIKE #1227: 15.1 ms at 57.3s (Bodies: 480)
⚡ PHYSICS SPIKE #1228: 15.1 ms at 57.3s (Bodies: 480)
⚡ FRAME SPIKE #1214: 60.1 ms at 57.3s (Draw: 4119, Bodies: 480)
⚡ PHYSICS SPIKE #1229: 15.1 ms at 57.4s (Bodies: 480)
⚡ PHYSICS SPIKE #1230: 15.1 ms at 57.4s (Bodies: 480)
⚡ PHYSICS SPIKE #1231: 15.1 ms at 57.4s (Bodies: 480)
⚡ PHYSICS SPIKE #1232: 15.1 ms at 57.4s (Bodies: 480)
⚡ FRAME SPIKE #1215: 62.5 ms at 57.4s (Draw: 4119, Bodies: 480)
⚡ PHYSICS SPIKE #1233: 15.1 ms at 57.4s (Bodies: 480)
⚡ PHYSICS SPIKE #1234: 15.1 ms at 57.4s (Bodies: 480)
⚡ PHYSICS SPIKE #1235: 15.1 ms at 57.4s (Bodies: 480)
⚡ PHYSICS SPIKE #1236: 15.1 ms at 57.4s (Bodies: 480)
⚡ FRAME SPIKE #1216: 62.5 ms at 57.4s (Draw: 4119, Bodies: 480)
⚡ PHYSICS SPIKE #1237: 15.1 ms at 57.5s (Bodies: 480)
⚡ PHYSICS SPIKE #1238: 15.1 ms at 57.5s (Bodies: 480)
⚡ PHYSICS SPIKE #1239: 15.1 ms at 57.5s (Bodies: 480)
⚡ FRAME SPIKE #1217: 62.5 ms at 57.5s (Draw: 4119, Bodies: 480)
⚡ PHYSICS SPIKE #1240: 15.1 ms at 57.5s (Bodies: 480)
⚡ PHYSICS SPIKE #1241: 15.1 ms at 57.5s (Bodies: 481)
⚡ PHYSICS SPIKE #1242: 15.1 ms at 57.5s (Bodies: 481)
⚡ PHYSICS SPIKE #1243: 15.1 ms at 57.5s (Bodies: 481)
⚡ FRAME SPIKE #1218: 59.4 ms at 57.5s (Draw: 4119, Bodies: 481)
⚡ PHYSICS SPIKE #1244: 15.1 ms at 57.6s (Bodies: 481)
⚡ PHYSICS SPIKE #1245: 15.1 ms at 57.6s (Bodies: 481)
⚡ PHYSICS SPIKE #1246: 15.1 ms at 57.6s (Bodies: 481)
⚡ PHYSICS SPIKE #1247: 15.1 ms at 57.6s (Bodies: 481)
⚡ FRAME SPIKE #1219: 62.2 ms at 57.6s (Draw: 4117, Bodies: 481)
⚡ PHYSICS SPIKE #1248: 15.1 ms at 57.7s (Bodies: 481)
⚡ PHYSICS SPIKE #1249: 15.1 ms at 57.7s (Bodies: 481)
⚡ PHYSICS SPIKE #1250: 15.1 ms at 57.7s (Bodies: 481)
⚡ PHYSICS SPIKE #1251: 15.1 ms at 57.7s (Bodies: 481)
⚡ FRAME SPIKE #1220: 64.8 ms at 57.7s (Draw: 4116, Bodies: 481)
⚡ PHYSICS SPIKE #1252: 15.1 ms at 57.7s (Bodies: 481)
⚡ PHYSICS SPIKE #1253: 15.1 ms at 57.7s (Bodies: 481)
⚡ PHYSICS SPIKE #1254: 15.1 ms at 57.7s (Bodies: 481)
⚡ FRAME SPIKE #1221: 62.5 ms at 57.7s (Draw: 4116, Bodies: 481)
⚡ PHYSICS SPIKE #1255: 15.1 ms at 57.8s (Bodies: 481)
⚡ PHYSICS SPIKE #1256: 15.1 ms at 57.8s (Bodies: 481)
⚡ PHYSICS SPIKE #1257: 15.1 ms at 57.8s (Bodies: 481)
⚡ FRAME SPIKE #1222: 52.9 ms at 57.8s (Draw: 4116, Bodies: 481)
⚡ PHYSICS SPIKE #1258: 12.8 ms at 57.8s (Bodies: 481)
⚡ PHYSICS SPIKE #1259: 12.8 ms at 57.8s (Bodies: 481)
⚡ PHYSICS SPIKE #1260: 12.8 ms at 57.8s (Bodies: 481)
⚡ PHYSICS SPIKE #1261: 12.8 ms at 57.8s (Bodies: 481)
⚡ FRAME SPIKE #1223: 52.5 ms at 57.8s (Draw: 4115, Bodies: 481)
⚡ PHYSICS SPIKE #1262: 12.8 ms at 57.9s (Bodies: 481)
⚡ PHYSICS SPIKE #1263: 12.8 ms at 57.9s (Bodies: 481)
⚡ PHYSICS SPIKE #1264: 12.8 ms at 57.9s (Bodies: 481)
⚡ FRAME SPIKE #1224: 58.3 ms at 57.9s (Draw: 4115, Bodies: 481)
⚡ PHYSICS SPIKE #1265: 12.8 ms at 58.0s (Bodies: 481)
⚡ PHYSICS SPIKE #1266: 12.8 ms at 58.0s (Bodies: 481)
⚡ PHYSICS SPIKE #1267: 12.8 ms at 58.0s (Bodies: 481)
⚡ PHYSICS SPIKE #1268: 12.8 ms at 58.0s (Bodies: 481)
⚡ FRAME SPIKE #1225: 58.3 ms at 58.0s (Draw: 4115, Bodies: 481)
⚡ PHYSICS SPIKE #1269: 12.8 ms at 58.0s (Bodies: 481)
⚡ PHYSICS SPIKE #1270: 12.8 ms at 58.0s (Bodies: 481)
⚡ PHYSICS SPIKE #1271: 12.8 ms at 58.0s (Bodies: 481)
⚡ FRAME SPIKE #1226: 58.3 ms at 58.0s (Draw: 4113, Bodies: 481)
⚡ PHYSICS SPIKE #1272: 12.8 ms at 58.1s (Bodies: 481)
⚡ PHYSICS SPIKE #1273: 12.8 ms at 58.1s (Bodies: 481)
⚡ PHYSICS SPIKE #1274: 12.8 ms at 58.1s (Bodies: 481)
⚡ PHYSICS SPIKE #1275: 12.8 ms at 58.1s (Bodies: 481)
⚡ FRAME SPIKE #1227: 58.3 ms at 58.1s (Draw: 4113, Bodies: 481)
⚡ PHYSICS SPIKE #1276: 12.8 ms at 58.1s (Bodies: 481)
⚡ PHYSICS SPIKE #1277: 12.8 ms at 58.1s (Bodies: 481)
⚡ PHYSICS SPIKE #1278: 12.8 ms at 58.1s (Bodies: 481)
⚡ FRAME SPIKE #1228: 58.3 ms at 58.1s (Draw: 4113, Bodies: 481)
⚡ PHYSICS SPIKE #1279: 12.8 ms at 58.2s (Bodies: 481)
⚡ PHYSICS SPIKE #1280: 12.8 ms at 58.2s (Bodies: 481)
⚡ PHYSICS SPIKE #1281: 12.8 ms at 58.2s (Bodies: 481)
⚡ PHYSICS SPIKE #1282: 12.8 ms at 58.2s (Bodies: 481)
⚡ FRAME SPIKE #1229: 58.3 ms at 58.2s (Draw: 4113, Bodies: 481)
⚡ PHYSICS SPIKE #1283: 12.8 ms at 58.2s (Bodies: 481)
⚡ PHYSICS SPIKE #1284: 12.8 ms at 58.2s (Bodies: 481)
⚡ PHYSICS SPIKE #1285: 12.8 ms at 58.2s (Bodies: 481)
⚡ FRAME SPIKE #1230: 58.3 ms at 58.2s (Draw: 4113, Bodies: 481)
⚡ PHYSICS SPIKE #1286: 12.8 ms at 58.3s (Bodies: 481)
⚡ PHYSICS SPIKE #1287: 12.8 ms at 58.3s (Bodies: 481)
⚡ PHYSICS SPIKE #1288: 12.8 ms at 58.3s (Bodies: 481)
⚡ PHYSICS SPIKE #1289: 12.8 ms at 58.3s (Bodies: 481)
⚡ FRAME SPIKE #1231: 58.3 ms at 58.3s (Draw: 4113, Bodies: 481)
⚡ PHYSICS SPIKE #1290: 12.8 ms at 58.4s (Bodies: 481)
⚡ PHYSICS SPIKE #1291: 12.8 ms at 58.4s (Bodies: 481)
⚡ PHYSICS SPIKE #1292: 12.8 ms at 58.4s (Bodies: 481)
⚡ FRAME SPIKE #1232: 57.7 ms at 58.4s (Draw: 4113, Bodies: 481)
⚡ PHYSICS SPIKE #1293: 12.8 ms at 58.4s (Bodies: 481)
⚡ PHYSICS SPIKE #1294: 12.8 ms at 58.4s (Bodies: 481)
⚡ PHYSICS SPIKE #1295: 12.8 ms at 58.4s (Bodies: 481)
⚡ FRAME SPIKE #1233: 57.6 ms at 58.4s (Draw: 4113, Bodies: 481)
⚡ PHYSICS SPIKE #1296: 12.8 ms at 58.5s (Bodies: 481)
⚡ PHYSICS SPIKE #1297: 12.8 ms at 58.5s (Bodies: 481)
⚡ PHYSICS SPIKE #1298: 12.8 ms at 58.5s (Bodies: 481)
⚡ PHYSICS SPIKE #1299: 12.8 ms at 58.5s (Bodies: 480)
⚡ FRAME SPIKE #1234: 55.4 ms at 58.5s (Draw: 4113, Bodies: 480)
⚡ PHYSICS SPIKE #1300: 12.8 ms at 58.5s (Bodies: 480)
⚡ PHYSICS SPIKE #1301: 12.8 ms at 58.5s (Bodies: 480)
⚡ PHYSICS SPIKE #1302: 12.8 ms at 58.5s (Bodies: 480)
⚡ FRAME SPIKE #1235: 57.6 ms at 58.5s (Draw: 4110, Bodies: 480)
⚡ PHYSICS SPIKE #1303: 12.8 ms at 58.6s (Bodies: 480)
⚡ PHYSICS SPIKE #1304: 12.8 ms at 58.6s (Bodies: 481)
⚡ PHYSICS SPIKE #1305: 12.8 ms at 58.6s (Bodies: 481)
⚡ PHYSICS SPIKE #1306: 12.8 ms at 58.6s (Bodies: 481)
⚡ FRAME SPIKE #1236: 57.6 ms at 58.6s (Draw: 4112, Bodies: 481)
⚡ PHYSICS SPIKE #1307: 12.8 ms at 58.7s (Bodies: 481)
⚡ PHYSICS SPIKE #1308: 12.8 ms at 58.7s (Bodies: 481)
⚡ PHYSICS SPIKE #1309: 12.8 ms at 58.7s (Bodies: 481)
⚡ FRAME SPIKE #1237: 57.6 ms at 58.7s (Draw: 4112, Bodies: 481)
⚡ PHYSICS SPIKE #1310: 12.8 ms at 58.7s (Bodies: 481)
⚡ PHYSICS SPIKE #1311: 12.8 ms at 58.7s (Bodies: 481)
⚡ PHYSICS SPIKE #1312: 12.8 ms at 58.7s (Bodies: 481)
⚡ PHYSICS SPIKE #1313: 12.8 ms at 58.7s (Bodies: 481)
⚡ FRAME SPIKE #1238: 57.6 ms at 58.7s (Draw: 4112, Bodies: 481)
🚗 Traffic: 31 active NPCs (Near: 9, Mid: 17, Far: 5), 3 pooled
  → Physics bodies from NPCs: 31 (All: 31×1, было бы 31×5=155)

========== Bottleneck Analysis Report ==========
Time: 69.0s | Frames: 1844

📊 PERFORMANCE OVERVIEW:
  FPS: 16.7 avg | 16.0 min
  Frame Time: 22.86 ms avg | 45.79 ms max
  Physics Time: 13.06 ms avg

🔍 BOTTLENECK IDENTIFICATION:
  🔴 [CRITICAL] Physics Time
      Value: 13.06 ms
      Impact: Physics simulation overhead
      Suggestions:
        • Reduce number of active physics bodies
        • Simplify collision shapes
        • Disable physics for distant objects

  🟠 [HIGH] Frame Time
      Value: 22.86 ms (target: 16.67 ms)
      Impact: Overall performance bottleneck
      Suggestions:
        • Reduce draw calls
        • Optimize scripts in _process()
        • Check for expensive operations per frame

  🟠 [HIGH] Draw Calls
      Value: 4109 calls/frame
      Impact: GPU rendering overhead
      Suggestions:
        • Batch meshes by material
        • Use MultiMeshInstance3D
        • Implement LOD system
        • Enable frustum culling

  🟠 [HIGH] Physics Bodies
      Value: 481 active bodies
      Impact: Physics engine load
      Suggestions:
        • Reduce NPC count
        • Convert distant NPCs to kinematic
        • Disable physics for far objects

  🟡 [MEDIUM] Vertex Count
      Value: 7192291 vertices/frame
      Impact: GPU vertex processing
      Suggestions:
        • Implement LOD for distant objects
        • Simplify building meshes
        • Use lower poly models

  🟡 [MEDIUM] Node Count
      Value: 29260 nodes
      Impact: Scene tree traversal overhead
      Suggestions:
        • Unload distant chunks
        • Pool and reuse nodes
        • Flatten hierarchy where possible

  🟡 [MEDIUM] Post-Processing Effects
      Value: SSAO, Glow/Bloom, Volumetric Fog
      Impact: GPU shader overhead
      Suggestions:
        • Reduce SSR quality
        • Disable SSAO on low-end hardware
        • Use simpler fog

📈 DETAILED STATS:
  Draw Calls: 4109 avg | 4122 max
  Vertices: 7192291 avg | 7194457 max
  Physics Bodies: 481
  Nodes: 29260
  VRAM: 746.1 MB

=================================================

⚡ PHYSICS SPIKE #1314: 12.8 ms at 58.8s (Bodies: 481)
⚡ PHYSICS SPIKE #1315: 12.8 ms at 58.8s (Bodies: 481)
⚡ PHYSICS SPIKE #1316: 12.8 ms at 58.8s (Bodies: 481)
⚡ FRAME SPIKE #1239: 58.3 ms at 58.8s (Draw: 4115, Bodies: 481)
⚡ PHYSICS SPIKE #1317: 12.7 ms at 58.8s (Bodies: 481)
⚡ PHYSICS SPIKE #1318: 12.7 ms at 58.8s (Bodies: 481)
⚡ PHYSICS SPIKE #1319: 12.7 ms at 58.8s (Bodies: 481)
⚡ PHYSICS SPIKE #1320: 12.7 ms at 58.8s (Bodies: 481)
⚡ FRAME SPIKE #1240: 57.6 ms at 58.8s (Draw: 4115, Bodies: 481)
⚡ PHYSICS SPIKE #1321: 12.7 ms at 58.9s (Bodies: 481)
⚡ PHYSICS SPIKE #1322: 12.7 ms at 58.9s (Bodies: 481)
⚡ PHYSICS SPIKE #1323: 12.7 ms at 58.9s (Bodies: 481)
⚡ FRAME SPIKE #1241: 58.3 ms at 58.9s (Draw: 4115, Bodies: 481)
⚡ PHYSICS SPIKE #1324: 12.7 ms at 58.9s (Bodies: 481)
⚡ PHYSICS SPIKE #1325: 12.7 ms at 58.9s (Bodies: 481)
⚡ PHYSICS SPIKE #1326: 12.7 ms at 58.9s (Bodies: 481)
⚡ PHYSICS SPIKE #1327: 12.7 ms at 58.9s (Bodies: 481)
⚡ FRAME SPIKE #1242: 57.6 ms at 58.9s (Draw: 4115, Bodies: 481)
⚡ PHYSICS SPIKE #1328: 12.7 ms at 59.0s (Bodies: 481)
⚡ PHYSICS SPIKE #1329: 12.7 ms at 59.0s (Bodies: 481)
⚡ PHYSICS SPIKE #1330: 12.7 ms at 59.0s (Bodies: 481)
⚡ FRAME SPIKE #1243: 58.3 ms at 59.0s (Draw: 4115, Bodies: 481)
⚡ PHYSICS SPIKE #1331: 12.7 ms at 59.1s (Bodies: 481)
⚡ PHYSICS SPIKE #1332: 12.7 ms at 59.1s (Bodies: 481)
⚡ PHYSICS SPIKE #1333: 12.7 ms at 59.1s (Bodies: 481)
⚡ FRAME SPIKE #1244: 57.6 ms at 59.1s (Draw: 4112, Bodies: 481)
⚡ PHYSICS SPIKE #1334: 12.7 ms at 59.1s (Bodies: 481)
⚡ PHYSICS SPIKE #1335: 12.7 ms at 59.1s (Bodies: 481)
⚡ PHYSICS SPIKE #1336: 12.7 ms at 59.1s (Bodies: 481)
⚡ PHYSICS SPIKE #1337: 12.7 ms at 59.1s (Bodies: 481)
⚡ FRAME SPIKE #1245: 57.6 ms at 59.1s (Draw: 4112, Bodies: 481)
⚡ PHYSICS SPIKE #1338: 12.7 ms at 59.2s (Bodies: 481)
⚡ PHYSICS SPIKE #1339: 12.7 ms at 59.2s (Bodies: 481)
⚡ PHYSICS SPIKE #1340: 12.7 ms at 59.2s (Bodies: 481)
⚡ FRAME SPIKE #1246: 58.3 ms at 59.2s (Draw: 4112, Bodies: 481)
⚡ PHYSICS SPIKE #1341: 12.7 ms at 59.2s (Bodies: 481)
⚡ PHYSICS SPIKE #1342: 12.7 ms at 59.2s (Bodies: 481)
⚡ PHYSICS SPIKE #1343: 12.7 ms at 59.2s (Bodies: 481)
⚡ PHYSICS SPIKE #1344: 12.7 ms at 59.2s (Bodies: 481)
⚡ FRAME SPIKE #1247: 57.6 ms at 59.2s (Draw: 4112, Bodies: 481)
⚡ PHYSICS SPIKE #1345: 12.7 ms at 59.3s (Bodies: 481)
⚡ PHYSICS SPIKE #1346: 12.7 ms at 59.3s (Bodies: 481)
⚡ PHYSICS SPIKE #1347: 12.7 ms at 59.3s (Bodies: 481)
⚡ FRAME SPIKE #1248: 58.3 ms at 59.3s (Draw: 4112, Bodies: 481)

=== PERFORMANCE METRICS ===
FPS: 17 | Frame: 55.6 ms (max 80.5) | Physics: 16.7 ms (max 35.4)
Godot Process: 19.74 ms | Physics: 12.73 ms
Objects: 66780 | Nodes: 29260 | Resources: 539
Draw calls: 4112 | Vertices: 7195915 | VRAM: 746.1 MB
Physics bodies: 481 | Collision pairs: 6643
--- System Times ---
  road_batch_finalize_total_-1,-1: 37.91 ms (max 37.91)
  road_batch_finalize_total_-1,-2: 5.38 ms (max 5.38)
  road_batch_finalize_total_-1,-3: 18.90 ms (max 18.90)
  road_batch_finalize_total_-1,-4: 16.95 ms (max 16.95)
  road_batch_finalize_total_-1,-5: 8.25 ms (max 8.25)
  road_batch_finalize_total_-1,0: 15.37 ms (max 15.37)
  road_batch_finalize_total_-2,-1: 21.62 ms (max 21.62)
  road_batch_finalize_total_-2,-2: 21.09 ms (max 21.09)
  road_batch_finalize_total_-2,-3: 14.94 ms (max 14.94)
  road_batch_finalize_total_-2,-4: 8.68 ms (max 9.28)
  road_batch_finalize_total_-2,0: 20.10 ms (max 20.10)
  road_batch_finalize_total_0,-1: 21.54 ms (max 21.54)
  road_batch_finalize_total_0,-2: 22.39 ms (max 22.39)
  road_batch_finalize_total_0,-3: 21.91 ms (max 21.91)
  road_batch_finalize_total_0,-4: 17.93 ms (max 17.93)
  road_batch_finalize_total_0,-5: 7.88 ms (max 7.88)
  road_batch_finalize_total_0,0: 21.71 ms (max 21.71)
  road_batch_finalize_total_0,1: 14.98 ms (max 14.98)
  road_batch_finalize_total_1,-1: 16.94 ms (max 16.94)
  road_batch_finalize_total_1,-2: 28.13 ms (max 28.13)
  road_batch_finalize_total_1,-3: 9.44 ms (max 9.44)
  road_batch_finalize_total_1,-4: 8.93 ms (max 8.93)
  road_batch_finalize_total_1,0: 12.65 ms (max 12.65)
  road_batch_finalize_total_2,-3: 6.45 ms (max 6.45)
  road_collision_create_-1,-1: 12.40 ms (max 31.01)
  road_collision_create_-1,-2: 2.46 ms (max 2.91)
  road_collision_create_-1,-3: 5.99 ms (max 14.40)
  road_collision_create_-1,-4: 8.11 ms (max 12.51)
  road_collision_create_-1,-5: 3.70 ms (max 4.13)
  road_collision_create_-1,0: 7.44 ms (max 12.79)
  road_collision_create_-2,-1: 6.98 ms (max 14.94)
  road_collision_create_-2,-2: 10.28 ms (max 18.80)
  road_collision_create_-2,-3: 4.66 ms (max 10.35)
  road_collision_create_-2,-4: 3.95 ms (max 5.86)
  road_collision_create_-2,0: 9.79 ms (max 16.48)
  road_collision_create_0,-1: 6.95 ms (max 15.59)
  road_collision_create_0,-2: 7.12 ms (max 15.17)
  road_collision_create_0,-3: 6.88 ms (max 14.64)
  road_collision_create_0,-4: 5.74 ms (max 14.62)
  road_collision_create_0,-5: 3.53 ms (max 3.96)
  road_collision_create_0,0: 7.01 ms (max 18.11)
  road_collision_create_0,1: 14.74 ms (max 14.74)
  road_collision_create_1,-1: 5.46 ms (max 13.21)
  road_collision_create_1,-2: 13.78 ms (max 25.15)
  road_collision_create_1,-3: 2.87 ms (max 4.69)
  road_collision_create_1,-4: 2.69 ms (max 3.92)
  road_collision_create_1,0: 12.42 ms (max 12.42)
  road_collision_create_2,-3: 2.86 ms (max 3.52)
===========================

=== PERFORMANCE METRICS ===
FPS: 17 | Frame: 55.6 ms (max 80.5) | Physics: 16.7 ms (max 35.6)
Godot Process: 19.74 ms | Physics: 12.73 ms
Objects: 66780 | Nodes: 29260 | Resources: 539
Draw calls: 4112 | Vertices: 7195915 | VRAM: 746.1 MB
Physics bodies: 481 | Collision pairs: 6643
===========================
⚡ PHYSICS SPIKE #1348: 12.7 ms at 59.3s (Bodies: 481)
⚡ PHYSICS SPIKE #1349: 12.7 ms at 59.3s (Bodies: 481)
⚡ PHYSICS SPIKE #1350: 12.7 ms at 59.3s (Bodies: 481)
⚡ PHYSICS SPIKE #1351: 12.7 ms at 59.3s (Bodies: 481)
⚡ FRAME SPIKE #1249: 57.6 ms at 59.3s (Draw: 4112, Bodies: 481)
⚡ PHYSICS SPIKE #1352: 12.7 ms at 59.4s (Bodies: 481)
⚡ PHYSICS SPIKE #1353: 12.7 ms at 59.4s (Bodies: 481)
⚡ PHYSICS SPIKE #1354: 12.7 ms at 59.4s (Bodies: 481)
⚡ FRAME SPIKE #1250: 58.3 ms at 59.4s (Draw: 4112, Bodies: 481)
⚡ PHYSICS SPIKE #1355: 12.7 ms at 59.5s (Bodies: 481)
⚡ PHYSICS SPIKE #1356: 12.7 ms at 59.5s (Bodies: 481)
⚡ PHYSICS SPIKE #1357: 12.7 ms at 59.5s (Bodies: 481)
⚡ PHYSICS SPIKE #1358: 12.7 ms at 59.5s (Bodies: 481)
⚡ FRAME SPIKE #1251: 58.3 ms at 59.5s (Draw: 4104, Bodies: 481)
⚡ PHYSICS SPIKE #1359: 12.7 ms at 59.5s (Bodies: 481)
⚡ PHYSICS SPIKE #1360: 12.7 ms at 59.5s (Bodies: 481)
⚡ PHYSICS SPIKE #1361: 12.7 ms at 59.5s (Bodies: 481)
⚡ FRAME SPIKE #1252: 58.3 ms at 59.5s (Draw: 4104, Bodies: 481)
⚡ PHYSICS SPIKE #1362: 12.7 ms at 59.6s (Bodies: 481)
⚡ PHYSICS SPIKE #1363: 12.7 ms at 59.6s (Bodies: 481)
⚡ PHYSICS SPIKE #1364: 12.7 ms at 59.6s (Bodies: 481)
⚡ PHYSICS SPIKE #1365: 12.7 ms at 59.6s (Bodies: 481)
⚡ FRAME SPIKE #1253: 57.9 ms at 59.6s (Draw: 4104, Bodies: 481)
⚡ PHYSICS SPIKE #1366: 12.7 ms at 59.6s (Bodies: 481)
⚡ PHYSICS SPIKE #1367: 12.7 ms at 59.6s (Bodies: 481)
⚡ PHYSICS SPIKE #1368: 12.7 ms at 59.6s (Bodies: 481)
⚡ FRAME SPIKE #1254: 59.4 ms at 59.6s (Draw: 4104, Bodies: 481)
⚡ PHYSICS SPIKE #1369: 12.7 ms at 59.7s (Bodies: 481)
⚡ PHYSICS SPIKE #1370: 12.7 ms at 59.7s (Bodies: 481)
⚡ PHYSICS SPIKE #1371: 12.7 ms at 59.7s (Bodies: 481)
⚡ PHYSICS SPIKE #1372: 12.7 ms at 59.7s (Bodies: 481)
⚡ FRAME SPIKE #1255: 58.3 ms at 59.7s (Draw: 4104, Bodies: 481)
⚡ PHYSICS SPIKE #1373: 12.7 ms at 59.8s (Bodies: 481)
⚡ PHYSICS SPIKE #1374: 12.7 ms at 59.8s (Bodies: 481)
⚡ PHYSICS SPIKE #1375: 12.7 ms at 59.8s (Bodies: 481)
⚡ FRAME SPIKE #1256: 58.3 ms at 59.8s (Draw: 4104, Bodies: 481)
⚡ PHYSICS SPIKE #1376: 12.8 ms at 59.8s (Bodies: 481)
⚡ PHYSICS SPIKE #1377: 12.8 ms at 59.8s (Bodies: 481)
⚡ PHYSICS SPIKE #1378: 12.8 ms at 59.8s (Bodies: 481)
⚡ PHYSICS SPIKE #1379: 12.8 ms at 59.8s (Bodies: 481)
⚡ FRAME SPIKE #1257: 58.3 ms at 59.8s (Draw: 4104, Bodies: 481)
⚡ PHYSICS SPIKE #1380: 12.8 ms at 59.9s (Bodies: 481)
⚡ PHYSICS SPIKE #1381: 12.8 ms at 59.9s (Bodies: 481)
⚡ PHYSICS SPIKE #1382: 12.8 ms at 59.9s (Bodies: 481)
⚡ FRAME SPIKE #1258: 58.3 ms at 59.9s (Draw: 4104, Bodies: 481)
⚡ PHYSICS SPIKE #1383: 12.8 ms at 59.9s (Bodies: 481)
⚡ PHYSICS SPIKE #1384: 12.8 ms at 59.9s (Bodies: 481)
⚡ PHYSICS SPIKE #1385: 12.8 ms at 59.9s (Bodies: 481)
⚡ PHYSICS SPIKE #1386: 12.8 ms at 59.9s (Bodies: 481)
⚡ FRAME SPIKE #1259: 58.3 ms at 59.9s (Draw: 4106, Bodies: 481)
⚡ PHYSICS SPIKE #1387: 12.8 ms at 60.0s (Bodies: 481)
⚡ PHYSICS SPIKE #1388: 12.8 ms at 60.0s (Bodies: 481)
⚡ PHYSICS SPIKE #1389: 12.8 ms at 60.0s (Bodies: 481)
⚡ FRAME SPIKE #1260: 58.3 ms at 60.0s (Draw: 4104, Bodies: 481)
⚡ PHYSICS SPIKE #1390: 12.8 ms at 60.0s (Bodies: 481)
⚡ PHYSICS SPIKE #1391: 12.8 ms at 60.0s (Bodies: 481)
⚡ PHYSICS SPIKE #1392: 12.8 ms at 60.0s (Bodies: 481)
⚡ PHYSICS SPIKE #1393: 12.8 ms at 60.0s (Bodies: 481)
⚡ FRAME SPIKE #1261: 58.3 ms at 60.0s (Draw: 4104, Bodies: 481)
⚡ PHYSICS SPIKE #1394: 12.8 ms at 60.1s (Bodies: 481)
⚡ PHYSICS SPIKE #1395: 12.8 ms at 60.1s (Bodies: 481)
⚡ PHYSICS SPIKE #1396: 12.8 ms at 60.1s (Bodies: 481)
⚡ FRAME SPIKE #1262: 58.3 ms at 60.1s (Draw: 4104, Bodies: 481)
⚡ PHYSICS SPIKE #1397: 12.8 ms at 60.2s (Bodies: 481)
⚡ PHYSICS SPIKE #1398: 12.8 ms at 60.2s (Bodies: 481)
⚡ PHYSICS SPIKE #1399: 12.8 ms at 60.2s (Bodies: 481)
⚡ PHYSICS SPIKE #1400: 12.8 ms at 60.2s (Bodies: 481)
⚡ FRAME SPIKE #1263: 58.3 ms at 60.2s (Draw: 4104, Bodies: 481)
⚡ PHYSICS SPIKE #1401: 12.8 ms at 60.2s (Bodies: 481)
⚡ PHYSICS SPIKE #1402: 12.8 ms at 60.2s (Bodies: 481)
⚡ PHYSICS SPIKE #1403: 12.8 ms at 60.2s (Bodies: 481)
⚡ FRAME SPIKE #1264: 58.3 ms at 60.2s (Draw: 4104, Bodies: 481)
⚡ PHYSICS SPIKE #1404: 12.8 ms at 60.3s (Bodies: 481)
⚡ PHYSICS SPIKE #1405: 12.8 ms at 60.3s (Bodies: 481)
⚡ PHYSICS SPIKE #1406: 12.8 ms at 60.3s (Bodies: 481)
⚡ PHYSICS SPIKE #1407: 12.8 ms at 60.3s (Bodies: 481)
⚡ FRAME SPIKE #1265: 58.3 ms at 60.3s (Draw: 4104, Bodies: 481)
⚡ PHYSICS SPIKE #1408: 12.8 ms at 60.3s (Bodies: 481)
⚡ PHYSICS SPIKE #1409: 12.8 ms at 60.3s (Bodies: 481)
⚡ PHYSICS SPIKE #1410: 12.8 ms at 60.3s (Bodies: 481)
⚡ FRAME SPIKE #1266: 58.3 ms at 60.3s (Draw: 4104, Bodies: 481)
⚡ PHYSICS SPIKE #1411: 12.8 ms at 60.4s (Bodies: 481)
⚡ PHYSICS SPIKE #1412: 12.8 ms at 60.4s (Bodies: 481)
⚡ PHYSICS SPIKE #1413: 12.8 ms at 60.4s (Bodies: 481)
⚡ PHYSICS SPIKE #1414: 12.8 ms at 60.4s (Bodies: 481)
⚡ FRAME SPIKE #1267: 58.3 ms at 60.4s (Draw: 4103, Bodies: 481)
⚡ PHYSICS SPIKE #1415: 12.8 ms at 60.5s (Bodies: 481)
⚡ PHYSICS SPIKE #1416: 12.8 ms at 60.5s (Bodies: 481)
⚡ PHYSICS SPIKE #1417: 12.8 ms at 60.5s (Bodies: 481)
⚡ FRAME SPIKE #1268: 58.4 ms at 60.5s (Draw: 4103, Bodies: 481)
⚡ PHYSICS SPIKE #1418: 12.8 ms at 60.5s (Bodies: 481)
⚡ PHYSICS SPIKE #1419: 12.8 ms at 60.5s (Bodies: 481)
⚡ PHYSICS SPIKE #1420: 12.8 ms at 60.5s (Bodies: 481)
⚡ PHYSICS SPIKE #1421: 12.8 ms at 60.5s (Bodies: 481)
⚡ FRAME SPIKE #1269: 58.3 ms at 60.5s (Draw: 4103, Bodies: 481)
⚡ PHYSICS SPIKE #1422: 12.8 ms at 60.6s (Bodies: 481)
⚡ PHYSICS SPIKE #1423: 12.8 ms at 60.6s (Bodies: 481)
⚡ PHYSICS SPIKE #1424: 12.8 ms at 60.6s (Bodies: 481)
⚡ FRAME SPIKE #1270: 59.1 ms at 60.6s (Draw: 4103, Bodies: 481)
⚡ PHYSICS SPIKE #1425: 12.8 ms at 60.6s (Bodies: 481)
⚡ PHYSICS SPIKE #1426: 12.8 ms at 60.6s (Bodies: 481)
⚡ PHYSICS SPIKE #1427: 12.8 ms at 60.6s (Bodies: 481)
⚡ PHYSICS SPIKE #1428: 12.8 ms at 60.6s (Bodies: 481)
⚡ FRAME SPIKE #1271: 58.3 ms at 60.6s (Draw: 4103, Bodies: 481)
⚡ PHYSICS SPIKE #1429: 12.8 ms at 60.7s (Bodies: 481)
⚡ PHYSICS SPIKE #1430: 12.8 ms at 60.7s (Bodies: 482)
⚡ PHYSICS SPIKE #1431: 12.8 ms at 60.7s (Bodies: 482)
⚡ PHYSICS SPIKE #1432: 12.8 ms at 60.7s (Bodies: 482)
⚡ FRAME SPIKE #1272: 63.3 ms at 60.7s (Draw: 4103, Bodies: 482)
⚡ PHYSICS SPIKE #1433: 12.8 ms at 60.8s (Bodies: 482)
⚡ PHYSICS SPIKE #1434: 12.8 ms at 60.8s (Bodies: 482)
⚡ PHYSICS SPIKE #1435: 12.8 ms at 60.8s (Bodies: 482)
⚡ PHYSICS SPIKE #1436: 12.8 ms at 60.8s (Bodies: 482)
⚡ FRAME SPIKE #1273: 64.5 ms at 60.8s (Draw: 4104, Bodies: 482)
🚗 Traffic: 32 active NPCs (Near: 11, Mid: 16, Far: 5), 2 pooled
  → Physics bodies from NPCs: 32 (All: 32×1, было бы 32×5=160)

========== Bottleneck Analysis Report ==========
Time: 71.1s | Frames: 1879

📊 PERFORMANCE OVERVIEW:
  FPS: 16.7 avg | 16.0 min
  Frame Time: 21.40 ms avg | 26.05 ms max
  Physics Time: 13.03 ms avg

🔍 BOTTLENECK IDENTIFICATION:
  🔴 [CRITICAL] Physics Time
      Value: 13.03 ms
      Impact: Physics simulation overhead
      Suggestions:
        • Reduce number of active physics bodies
        • Simplify collision shapes
        • Disable physics for distant objects

  🟠 [HIGH] Frame Time
      Value: 21.40 ms (target: 16.67 ms)
      Impact: Overall performance bottleneck
      Suggestions:
        • Reduce draw calls
        • Optimize scripts in _process()
        • Check for expensive operations per frame

  🟠 [HIGH] Draw Calls
      Value: 4113 calls/frame
      Impact: GPU rendering overhead
      Suggestions:
        • Batch meshes by material
        • Use MultiMeshInstance3D
        • Implement LOD system
        • Enable frustum culling

  🟠 [HIGH] Physics Bodies
      Value: 480 active bodies
      Impact: Physics engine load
      Suggestions:
        • Reduce NPC count
        • Convert distant NPCs to kinematic
        • Disable physics for far objects

  🟡 [MEDIUM] Vertex Count
      Value: 7194707 vertices/frame
      Impact: GPU vertex processing
      Suggestions:
        • Implement LOD for distant objects
        • Simplify building meshes
        • Use lower poly models

  🟡 [MEDIUM] Node Count
      Value: 29260 nodes
      Impact: Scene tree traversal overhead
      Suggestions:
        • Unload distant chunks
        • Pool and reuse nodes
        • Flatten hierarchy where possible

  🟡 [MEDIUM] Post-Processing Effects
      Value: SSAO, Glow/Bloom, Volumetric Fog
      Impact: GPU shader overhead
      Suggestions:
        • Reduce SSR quality
        • Disable SSAO on low-end hardware
        • Use simpler fog

📈 DETAILED STATS:
  Draw Calls: 4113 avg | 4122 max
  Vertices: 7194707 avg | 7196037 max
  Physics Bodies: 480
  Nodes: 29260
  VRAM: 746.1 MB

=================================================

⚡ PHYSICS SPIKE #1437: 13.1 ms at 60.8s (Bodies: 482)
⚡ PHYSICS SPIKE #1438: 13.1 ms at 60.8s (Bodies: 482)
⚡ PHYSICS SPIKE #1439: 13.1 ms at 60.8s (Bodies: 482)
⚡ PHYSICS SPIKE #1440: 13.1 ms at 60.8s (Bodies: 482)
⚡ FRAME SPIKE #1274: 67.4 ms at 60.8s (Draw: 4103, Bodies: 482)
⚡ PHYSICS SPIKE #1441: 13.1 ms at 60.9s (Bodies: 482)
⚡ PHYSICS SPIKE #1442: 13.1 ms at 60.9s (Bodies: 482)
⚡ PHYSICS SPIKE #1443: 13.1 ms at 60.9s (Bodies: 482)
⚡ PHYSICS SPIKE #1444: 13.1 ms at 60.9s (Bodies: 482)
⚡ FRAME SPIKE #1275: 64.9 ms at 60.9s (Draw: 4102, Bodies: 482)
⚡ PHYSICS SPIKE #1445: 13.1 ms at 60.9s (Bodies: 482)
⚡ PHYSICS SPIKE #1446: 13.1 ms at 60.9s (Bodies: 481)
⚡ PHYSICS SPIKE #1447: 13.1 ms at 60.9s (Bodies: 481)
⚡ PHYSICS SPIKE #1448: 13.1 ms at 60.9s (Bodies: 481)
⚡ FRAME SPIKE #1276: 70.2 ms at 60.9s (Draw: 4106, Bodies: 481)
⚡ PHYSICS SPIKE #1449: 13.1 ms at 61.0s (Bodies: 481)
⚡ PHYSICS SPIKE #1450: 13.1 ms at 61.0s (Bodies: 481)
⚡ PHYSICS SPIKE #1451: 13.1 ms at 61.0s (Bodies: 481)
⚡ PHYSICS SPIKE #1452: 13.1 ms at 61.0s (Bodies: 481)
⚡ FRAME SPIKE #1277: 67.2 ms at 61.0s (Draw: 4106, Bodies: 481)
⚡ PHYSICS SPIKE #1453: 13.1 ms at 61.1s (Bodies: 481)
⚡ PHYSICS SPIKE #1454: 13.1 ms at 61.1s (Bodies: 481)
⚡ PHYSICS SPIKE #1455: 13.1 ms at 61.1s (Bodies: 481)
⚡ PHYSICS SPIKE #1456: 13.1 ms at 61.1s (Bodies: 481)
⚡ FRAME SPIKE #1278: 65.8 ms at 61.1s (Draw: 4106, Bodies: 481)
⚡ PHYSICS SPIKE #1457: 13.1 ms at 61.2s (Bodies: 481)
⚡ PHYSICS SPIKE #1458: 13.1 ms at 61.2s (Bodies: 481)
⚡ PHYSICS SPIKE #1459: 13.1 ms at 61.2s (Bodies: 481)
⚡ PHYSICS SPIKE #1460: 13.1 ms at 61.2s (Bodies: 481)
⚡ FRAME SPIKE #1279: 65.7 ms at 61.2s (Draw: 4106, Bodies: 481)
⚡ PHYSICS SPIKE #1461: 13.1 ms at 61.2s (Bodies: 481)
⚡ PHYSICS SPIKE #1462: 13.1 ms at 61.2s (Bodies: 481)
⚡ PHYSICS SPIKE #1463: 13.1 ms at 61.2s (Bodies: 481)
⚡ PHYSICS SPIKE #1464: 13.1 ms at 61.2s (Bodies: 481)
⚡ FRAME SPIKE #1280: 67.6 ms at 61.2s (Draw: 4106, Bodies: 481)
⚡ PHYSICS SPIKE #1465: 13.1 ms at 61.3s (Bodies: 481)
⚡ PHYSICS SPIKE #1466: 13.1 ms at 61.3s (Bodies: 481)
⚡ PHYSICS SPIKE #1467: 13.1 ms at 61.3s (Bodies: 481)
⚡ PHYSICS SPIKE #1468: 13.1 ms at 61.3s (Bodies: 481)
⚡ FRAME SPIKE #1281: 65.8 ms at 61.3s (Draw: 4106, Bodies: 481)
⚡ PHYSICS SPIKE #1469: 13.1 ms at 61.4s (Bodies: 481)
⚡ PHYSICS SPIKE #1470: 13.1 ms at 61.4s (Bodies: 481)
⚡ PHYSICS SPIKE #1471: 13.1 ms at 61.4s (Bodies: 481)
⚡ PHYSICS SPIKE #1472: 13.1 ms at 61.4s (Bodies: 481)
⚡ FRAME SPIKE #1282: 66.7 ms at 61.4s (Draw: 4106, Bodies: 481)
⚡ PHYSICS SPIKE #1473: 13.1 ms at 61.4s (Bodies: 481)
⚡ PHYSICS SPIKE #1474: 13.1 ms at 61.4s (Bodies: 481)
⚡ PHYSICS SPIKE #1475: 13.1 ms at 61.4s (Bodies: 481)
⚡ PHYSICS SPIKE #1476: 13.1 ms at 61.4s (Bodies: 481)
⚡ FRAME SPIKE #1283: 66.7 ms at 61.4s (Draw: 4106, Bodies: 481)
⚡ PHYSICS SPIKE #1477: 13.1 ms at 61.5s (Bodies: 481)
⚡ PHYSICS SPIKE #1478: 13.1 ms at 61.5s (Bodies: 481)
⚡ PHYSICS SPIKE #1479: 13.1 ms at 61.5s (Bodies: 481)
⚡ PHYSICS SPIKE #1480: 13.1 ms at 61.5s (Bodies: 481)
⚡ FRAME SPIKE #1284: 66.7 ms at 61.5s (Draw: 4106, Bodies: 481)
⚡ PHYSICS SPIKE #1481: 13.1 ms at 61.6s (Bodies: 481)
⚡ PHYSICS SPIKE #1482: 13.1 ms at 61.6s (Bodies: 481)
⚡ PHYSICS SPIKE #1483: 13.1 ms at 61.6s (Bodies: 481)
⚡ PHYSICS SPIKE #1484: 13.1 ms at 61.6s (Bodies: 481)
⚡ FRAME SPIKE #1285: 66.7 ms at 61.6s (Draw: 4106, Bodies: 481)
⚡ PHYSICS SPIKE #1485: 13.1 ms at 61.6s (Bodies: 481)
⚡ PHYSICS SPIKE #1486: 13.1 ms at 61.6s (Bodies: 481)
⚡ PHYSICS SPIKE #1487: 13.1 ms at 61.6s (Bodies: 481)
⚡ PHYSICS SPIKE #1488: 13.1 ms at 61.6s (Bodies: 481)
⚡ FRAME SPIKE #1286: 66.7 ms at 61.6s (Draw: 4100, Bodies: 481)
⚡ PHYSICS SPIKE #1489: 13.1 ms at 61.7s (Bodies: 481)
⚡ PHYSICS SPIKE #1490: 13.1 ms at 61.7s (Bodies: 481)
⚡ PHYSICS SPIKE #1491: 13.1 ms at 61.7s (Bodies: 481)
⚡ PHYSICS SPIKE #1492: 13.1 ms at 61.7s (Bodies: 481)
⚡ FRAME SPIKE #1287: 65.3 ms at 61.7s (Draw: 4100, Bodies: 481)
⚡ PHYSICS SPIKE #1493: 13.1 ms at 61.8s (Bodies: 481)
⚡ PHYSICS SPIKE #1494: 13.1 ms at 61.8s (Bodies: 482)
⚡ PHYSICS SPIKE #1495: 13.1 ms at 61.8s (Bodies: 482)
⚡ PHYSICS SPIKE #1496: 13.1 ms at 61.8s (Bodies: 482)
⚡ FRAME SPIKE #1288: 66.7 ms at 61.8s (Draw: 4099, Bodies: 482)
⚡ PHYSICS SPIKE #1497: 13.8 ms at 61.8s (Bodies: 482)
⚡ PHYSICS SPIKE #1498: 13.8 ms at 61.8s (Bodies: 482)
⚡ PHYSICS SPIKE #1499: 13.8 ms at 61.8s (Bodies: 482)
⚡ PHYSICS SPIKE #1500: 13.8 ms at 61.8s (Bodies: 482)
⚡ FRAME SPIKE #1289: 66.6 ms at 61.8s (Draw: 4099, Bodies: 482)
⚡ PHYSICS SPIKE #1501: 13.8 ms at 61.9s (Bodies: 482)
⚡ PHYSICS SPIKE #1502: 13.8 ms at 61.9s (Bodies: 482)
⚡ PHYSICS SPIKE #1503: 13.8 ms at 61.9s (Bodies: 482)
⚡ FRAME SPIKE #1290: 64.9 ms at 61.9s (Draw: 4099, Bodies: 482)
⚡ PHYSICS SPIKE #1504: 13.8 ms at 61.9s (Bodies: 482)
⚡ PHYSICS SPIKE #1505: 13.8 ms at 61.9s (Bodies: 482)
⚡ PHYSICS SPIKE #1506: 13.8 ms at 61.9s (Bodies: 482)
⚡ PHYSICS SPIKE #1507: 13.8 ms at 61.9s (Bodies: 482)
⚡ FRAME SPIKE #1291: 62.3 ms at 61.9s (Draw: 4098, Bodies: 482)
⚡ PHYSICS SPIKE #1508: 13.8 ms at 62.0s (Bodies: 482)
⚡ PHYSICS SPIKE #1509: 13.8 ms at 62.0s (Bodies: 482)
⚡ PHYSICS SPIKE #1510: 13.8 ms at 62.0s (Bodies: 482)
⚡ PHYSICS SPIKE #1511: 13.8 ms at 62.0s (Bodies: 482)
⚡ FRAME SPIKE #1292: 65.3 ms at 62.0s (Draw: 4098, Bodies: 482)
⚡ PHYSICS SPIKE #1512: 13.8 ms at 62.1s (Bodies: 482)
⚡ PHYSICS SPIKE #1513: 13.8 ms at 62.1s (Bodies: 482)
⚡ PHYSICS SPIKE #1514: 13.8 ms at 62.1s (Bodies: 482)
⚡ PHYSICS SPIKE #1515: 13.8 ms at 62.1s (Bodies: 482)
⚡ PHYSICS SPIKE #1516: 13.8 ms at 62.1s (Bodies: 482)
⚡ FRAME SPIKE #1293: 76.2 ms at 62.1s (Draw: 4093, Bodies: 482)
⚡ PHYSICS SPIKE #1517: 13.8 ms at 62.2s (Bodies: 482)
⚡ PHYSICS SPIKE #1518: 13.8 ms at 62.2s (Bodies: 482)
⚡ PHYSICS SPIKE #1519: 13.8 ms at 62.2s (Bodies: 482)
⚡ PHYSICS SPIKE #1520: 13.8 ms at 62.2s (Bodies: 482)
⚡ FRAME SPIKE #1294: 75.3 ms at 62.2s (Draw: 4090, Bodies: 482)
⚡ PHYSICS SPIKE #1521: 13.8 ms at 62.2s (Bodies: 482)
⚡ PHYSICS SPIKE #1522: 13.8 ms at 62.2s (Bodies: 482)
⚡ PHYSICS SPIKE #1523: 13.8 ms at 62.2s (Bodies: 482)
⚡ PHYSICS SPIKE #1524: 13.8 ms at 62.2s (Bodies: 482)
⚡ FRAME SPIKE #1295: 66.7 ms at 62.2s (Draw: 4090, Bodies: 482)
⚡ PHYSICS SPIKE #1525: 13.8 ms at 62.3s (Bodies: 482)
⚡ PHYSICS SPIKE #1526: 13.8 ms at 62.3s (Bodies: 482)
⚡ PHYSICS SPIKE #1527: 13.8 ms at 62.3s (Bodies: 482)
⚡ PHYSICS SPIKE #1528: 13.8 ms at 62.3s (Bodies: 482)
⚡ FRAME SPIKE #1296: 66.7 ms at 62.3s (Draw: 4092, Bodies: 482)
⚡ PHYSICS SPIKE #1529: 13.8 ms at 62.4s (Bodies: 482)
⚡ PHYSICS SPIKE #1530: 13.8 ms at 62.4s (Bodies: 482)
⚡ PHYSICS SPIKE #1531: 13.8 ms at 62.4s (Bodies: 482)
⚡ PHYSICS SPIKE #1532: 13.8 ms at 62.4s (Bodies: 482)
⚡ FRAME SPIKE #1297: 66.7 ms at 62.4s (Draw: 4094, Bodies: 482)
⚡ PHYSICS SPIKE #1533: 13.8 ms at 62.4s (Bodies: 482)
⚡ PHYSICS SPIKE #1534: 13.8 ms at 62.4s (Bodies: 482)
⚡ PHYSICS SPIKE #1535: 13.8 ms at 62.4s (Bodies: 482)
⚡ PHYSICS SPIKE #1536: 13.8 ms at 62.4s (Bodies: 482)
⚡ FRAME SPIKE #1298: 66.7 ms at 62.4s (Draw: 4093, Bodies: 482)
⚡ PHYSICS SPIKE #1537: 13.8 ms at 62.5s (Bodies: 482)
⚡ PHYSICS SPIKE #1538: 13.8 ms at 62.5s (Bodies: 482)
⚡ PHYSICS SPIKE #1539: 13.8 ms at 62.5s (Bodies: 482)
⚡ PHYSICS SPIKE #1540: 13.8 ms at 62.5s (Bodies: 482)
⚡ FRAME SPIKE #1299: 66.7 ms at 62.5s (Draw: 4093, Bodies: 481)
⚡ PHYSICS SPIKE #1541: 13.8 ms at 62.6s (Bodies: 481)
⚡ PHYSICS SPIKE #1542: 13.8 ms at 62.6s (Bodies: 481)
⚡ PHYSICS SPIKE #1543: 13.8 ms at 62.6s (Bodies: 481)
⚡ PHYSICS SPIKE #1544: 13.8 ms at 62.6s (Bodies: 481)
⚡ FRAME SPIKE #1300: 66.7 ms at 62.6s (Draw: 4093, Bodies: 481)
⚡ PHYSICS SPIKE #1545: 13.8 ms at 62.6s (Bodies: 481)
⚡ PHYSICS SPIKE #1546: 13.8 ms at 62.6s (Bodies: 481)
⚡ PHYSICS SPIKE #1547: 13.8 ms at 62.6s (Bodies: 481)
⚡ PHYSICS SPIKE #1548: 13.8 ms at 62.6s (Bodies: 481)
⚡ FRAME SPIKE #1301: 66.7 ms at 62.6s (Draw: 4093, Bodies: 481)
⚡ PHYSICS SPIKE #1549: 13.8 ms at 62.7s (Bodies: 481)
⚡ PHYSICS SPIKE #1550: 13.8 ms at 62.7s (Bodies: 481)
⚡ PHYSICS SPIKE #1551: 13.8 ms at 62.7s (Bodies: 481)
⚡ PHYSICS SPIKE #1552: 13.8 ms at 62.7s (Bodies: 481)
⚡ FRAME SPIKE #1302: 66.7 ms at 62.7s (Draw: 4093, Bodies: 481)
⚡ PHYSICS SPIKE #1553: 13.8 ms at 62.8s (Bodies: 481)
⚡ PHYSICS SPIKE #1554: 13.8 ms at 62.8s (Bodies: 482)
⚡ PHYSICS SPIKE #1555: 13.8 ms at 62.8s (Bodies: 482)
⚡ PHYSICS SPIKE #1556: 13.8 ms at 62.8s (Bodies: 482)
⚡ FRAME SPIKE #1303: 66.7 ms at 62.8s (Draw: 4093, Bodies: 482)
🚗 Traffic: 32 active NPCs (Near: 10, Mid: 18, Far: 4), 2 pooled
  → Physics bodies from NPCs: 32 (All: 32×1, было бы 32×5=160)

========== Bottleneck Analysis Report ==========
Time: 73.1s | Frames: 1909

📊 PERFORMANCE OVERVIEW:
  FPS: 16.7 avg | 15.0 min
  Frame Time: 20.62 ms avg | 23.02 ms max
  Physics Time: 13.20 ms avg

🔍 BOTTLENECK IDENTIFICATION:
  🔴 [CRITICAL] Physics Time
      Value: 13.20 ms
      Impact: Physics simulation overhead
      Suggestions:
        • Reduce number of active physics bodies
        • Simplify collision shapes
        • Disable physics for distant objects

  🟠 [HIGH] Frame Time
      Value: 20.62 ms (target: 16.67 ms)
      Impact: Overall performance bottleneck
      Suggestions:
        • Reduce draw calls
        • Optimize scripts in _process()
        • Check for expensive operations per frame

  🟠 [HIGH] Draw Calls
      Value: 4109 calls/frame
      Impact: GPU rendering overhead
      Suggestions:
        • Batch meshes by material
        • Use MultiMeshInstance3D
        • Implement LOD system
        • Enable frustum culling

  🟠 [HIGH] Physics Bodies
      Value: 480 active bodies
      Impact: Physics engine load
      Suggestions:
        • Reduce NPC count
        • Convert distant NPCs to kinematic
        • Disable physics for far objects

  🟡 [MEDIUM] Vertex Count
      Value: 7194743 vertices/frame
      Impact: GPU vertex processing
      Suggestions:
        • Implement LOD for distant objects
        • Simplify building meshes
        • Use lower poly models

  🟡 [MEDIUM] Node Count
      Value: 29260 nodes
      Impact: Scene tree traversal overhead
      Suggestions:
        • Unload distant chunks
        • Pool and reuse nodes
        • Flatten hierarchy where possible

  🟡 [MEDIUM] Post-Processing Effects
      Value: SSAO, Glow/Bloom, Volumetric Fog
      Impact: GPU shader overhead
      Suggestions:
        • Reduce SSR quality
        • Disable SSAO on low-end hardware
        • Use simpler fog

📈 DETAILED STATS:
  Draw Calls: 4109 avg | 4120 max
  Vertices: 7194743 avg | 7196037 max
  Physics Bodies: 480
  Nodes: 29260
  VRAM: 746.1 MB

=================================================

⚡ PHYSICS SPIKE #1557: 22.4 ms at 62.8s (Bodies: 482)
⚡ PHYSICS SPIKE #1558: 22.4 ms at 62.8s (Bodies: 482)
⚡ PHYSICS SPIKE #1559: 22.4 ms at 62.8s (Bodies: 482)
⚡ PHYSICS SPIKE #1560: 22.4 ms at 62.8s (Bodies: 482)
⚡ FRAME SPIKE #1304: 66.7 ms at 62.8s (Draw: 4094, Bodies: 482)
⚡ PHYSICS SPIKE #1561: 22.4 ms at 62.9s (Bodies: 482)
⚡ PHYSICS SPIKE #1562: 22.4 ms at 62.9s (Bodies: 482)
⚡ PHYSICS SPIKE #1563: 22.4 ms at 62.9s (Bodies: 482)
⚡ PHYSICS SPIKE #1564: 22.4 ms at 62.9s (Bodies: 482)
⚡ FRAME SPIKE #1305: 65.8 ms at 62.9s (Draw: 4092, Bodies: 482)
⚡ PHYSICS SPIKE #1565: 22.4 ms at 63.0s (Bodies: 482)
⚡ PHYSICS SPIKE #1566: 22.4 ms at 63.0s (Bodies: 482)
⚡ PHYSICS SPIKE #1567: 22.4 ms at 63.0s (Bodies: 482)
⚡ PHYSICS SPIKE #1568: 22.4 ms at 63.0s (Bodies: 482)
⚡ FRAME SPIKE #1306: 64.9 ms at 63.0s (Draw: 4093, Bodies: 482)
⚡ PHYSICS SPIKE #1569: 22.4 ms at 63.0s (Bodies: 482)
⚡ PHYSICS SPIKE #1570: 22.4 ms at 63.0s (Bodies: 482)
⚡ PHYSICS SPIKE #1571: 22.4 ms at 63.0s (Bodies: 482)
⚡ PHYSICS SPIKE #1572: 22.4 ms at 63.0s (Bodies: 482)
⚡ FRAME SPIKE #1307: 65.5 ms at 63.0s (Draw: 4097, Bodies: 482)
⚡ PHYSICS SPIKE #1573: 22.4 ms at 63.1s (Bodies: 482)
⚡ PHYSICS SPIKE #1574: 22.4 ms at 63.1s (Bodies: 482)
⚡ PHYSICS SPIKE #1575: 22.4 ms at 63.1s (Bodies: 482)
⚡ PHYSICS SPIKE #1576: 22.4 ms at 63.1s (Bodies: 482)
⚡ FRAME SPIKE #1308: 64.5 ms at 63.1s (Draw: 4096, Bodies: 482)
⚡ PHYSICS SPIKE #1577: 22.4 ms at 63.2s (Bodies: 482)
⚡ PHYSICS SPIKE #1578: 22.4 ms at 63.2s (Bodies: 482)
⚡ PHYSICS SPIKE #1579: 22.4 ms at 63.2s (Bodies: 482)
⚡ PHYSICS SPIKE #1580: 22.4 ms at 63.2s (Bodies: 482)
⚡ FRAME SPIKE #1309: 65.0 ms at 63.2s (Draw: 4096, Bodies: 482)
⚡ PHYSICS SPIKE #1581: 22.4 ms at 63.2s (Bodies: 482)
⚡ PHYSICS SPIKE #1582: 22.4 ms at 63.2s (Bodies: 482)
⚡ PHYSICS SPIKE #1583: 22.4 ms at 63.2s (Bodies: 482)
⚡ PHYSICS SPIKE #1584: 22.4 ms at 63.2s (Bodies: 482)
⚡ FRAME SPIKE #1310: 64.4 ms at 63.2s (Draw: 4096, Bodies: 482)
⚡ PHYSICS SPIKE #1585: 22.4 ms at 63.3s (Bodies: 482)
⚡ PHYSICS SPIKE #1586: 22.4 ms at 63.3s (Bodies: 482)
⚡ PHYSICS SPIKE #1587: 22.4 ms at 63.3s (Bodies: 482)
⚡ PHYSICS SPIKE #1588: 22.4 ms at 63.3s (Bodies: 482)
⚡ FRAME SPIKE #1311: 66.0 ms at 63.3s (Draw: 4095, Bodies: 482)
⚡ PHYSICS SPIKE #1589: 22.4 ms at 63.4s (Bodies: 482)
⚡ PHYSICS SPIKE #1590: 22.4 ms at 63.4s (Bodies: 482)
⚡ PHYSICS SPIKE #1591: 22.4 ms at 63.4s (Bodies: 482)
⚡ PHYSICS SPIKE #1592: 22.4 ms at 63.4s (Bodies: 482)
⚡ FRAME SPIKE #1312: 64.9 ms at 63.4s (Draw: 4098, Bodies: 482)
⚡ PHYSICS SPIKE #1593: 22.4 ms at 63.4s (Bodies: 482)
⚡ PHYSICS SPIKE #1594: 22.4 ms at 63.4s (Bodies: 482)
⚡ PHYSICS SPIKE #1595: 22.4 ms at 63.4s (Bodies: 482)
⚡ FRAME SPIKE #1313: 64.1 ms at 63.4s (Draw: 4092, Bodies: 482)
⚡ PHYSICS SPIKE #1596: 22.4 ms at 63.5s (Bodies: 482)
⚡ PHYSICS SPIKE #1597: 22.4 ms at 63.5s (Bodies: 482)
⚡ PHYSICS SPIKE #1598: 22.4 ms at 63.5s (Bodies: 482)
⚡ FRAME SPIKE #1314: 52.4 ms at 63.5s (Draw: 4097, Bodies: 482)
⚡ PHYSICS SPIKE #1599: 22.4 ms at 63.5s (Bodies: 482)
⚡ PHYSICS SPIKE #1600: 22.4 ms at 63.5s (Bodies: 482)
⚡ PHYSICS SPIKE #1601: 22.4 ms at 63.5s (Bodies: 482)
⚡ PHYSICS SPIKE #1602: 22.4 ms at 63.5s (Bodies: 482)
⚡ FRAME SPIKE #1315: 54.1 ms at 63.5s (Draw: 4097, Bodies: 482)
⚡ PHYSICS SPIKE #1603: 22.4 ms at 63.6s (Bodies: 482)
⚡ PHYSICS SPIKE #1604: 22.4 ms at 63.6s (Bodies: 482)
⚡ PHYSICS SPIKE #1605: 22.4 ms at 63.6s (Bodies: 482)
⚡ FRAME SPIKE #1316: 58.3 ms at 63.6s (Draw: 4091, Bodies: 482)
⚡ PHYSICS SPIKE #1606: 22.4 ms at 63.6s (Bodies: 482)
⚡ PHYSICS SPIKE #1607: 22.4 ms at 63.6s (Bodies: 482)
⚡ PHYSICS SPIKE #1608: 22.4 ms at 63.6s (Bodies: 482)
⚡ PHYSICS SPIKE #1609: 22.4 ms at 63.6s (Bodies: 482)
⚡ FRAME SPIKE #1317: 58.3 ms at 63.6s (Draw: 4097, Bodies: 482)
⚡ PHYSICS SPIKE #1610: 22.4 ms at 63.7s (Bodies: 482)
⚡ PHYSICS SPIKE #1611: 22.4 ms at 63.7s (Bodies: 482)
⚡ PHYSICS SPIKE #1612: 22.4 ms at 63.7s (Bodies: 482)
⚡ FRAME SPIKE #1318: 58.3 ms at 63.7s (Draw: 4097, Bodies: 482)
⚡ PHYSICS SPIKE #1613: 22.4 ms at 63.8s (Bodies: 482)
⚡ PHYSICS SPIKE #1614: 22.4 ms at 63.8s (Bodies: 482)
⚡ PHYSICS SPIKE #1615: 22.4 ms at 63.8s (Bodies: 482)
⚡ PHYSICS SPIKE #1616: 22.4 ms at 63.8s (Bodies: 482)
⚡ FRAME SPIKE #1319: 58.3 ms at 63.8s (Draw: 4089, Bodies: 482)
⚡ PHYSICS SPIKE #1617: 22.4 ms at 63.8s (Bodies: 482)
⚡ PHYSICS SPIKE #1618: 22.4 ms at 63.8s (Bodies: 484)
⚡ PHYSICS SPIKE #1619: 22.4 ms at 63.8s (Bodies: 484)
⚡ FRAME SPIKE #1320: 58.3 ms at 63.8s (Draw: 4107, Bodies: 484)
⚡ PHYSICS SPIKE #1620: 12.7 ms at 63.9s (Bodies: 484)
⚡ PHYSICS SPIKE #1621: 12.7 ms at 63.9s (Bodies: 484)
⚡ PHYSICS SPIKE #1622: 12.7 ms at 63.9s (Bodies: 484)
⚡ PHYSICS SPIKE #1623: 12.7 ms at 63.9s (Bodies: 484)
⚡ FRAME SPIKE #1321: 58.3 ms at 63.9s (Draw: 4097, Bodies: 484)
⚡ PHYSICS SPIKE #1624: 12.7 ms at 63.9s (Bodies: 484)
⚡ PHYSICS SPIKE #1625: 12.7 ms at 63.9s (Bodies: 484)
⚡ PHYSICS SPIKE #1626: 12.7 ms at 63.9s (Bodies: 484)
⚡ FRAME SPIKE #1322: 58.3 ms at 63.9s (Draw: 4102, Bodies: 484)
⚡ PHYSICS SPIKE #1627: 12.7 ms at 64.0s (Bodies: 484)
⚡ PHYSICS SPIKE #1628: 12.7 ms at 64.0s (Bodies: 484)
⚡ PHYSICS SPIKE #1629: 12.7 ms at 64.0s (Bodies: 484)
⚡ PHYSICS SPIKE #1630: 12.7 ms at 64.0s (Bodies: 484)
⚡ FRAME SPIKE #1323: 58.3 ms at 64.0s (Draw: 4102, Bodies: 484)
⚡ PHYSICS SPIKE #1631: 12.7 ms at 64.1s (Bodies: 484)
⚡ PHYSICS SPIKE #1632: 12.7 ms at 64.1s (Bodies: 484)
⚡ PHYSICS SPIKE #1633: 12.7 ms at 64.1s (Bodies: 484)
⚡ FRAME SPIKE #1324: 61.9 ms at 64.1s (Draw: 4093, Bodies: 484)
⚡ PHYSICS SPIKE #1634: 12.7 ms at 64.1s (Bodies: 484)
⚡ PHYSICS SPIKE #1635: 12.7 ms at 64.1s (Bodies: 484)
⚡ PHYSICS SPIKE #1636: 12.7 ms at 64.1s (Bodies: 484)
⚡ PHYSICS SPIKE #1637: 12.7 ms at 64.1s (Bodies: 484)
⚡ FRAME SPIKE #1325: 58.3 ms at 64.1s (Draw: 4093, Bodies: 484)
⚡ PHYSICS SPIKE #1638: 12.7 ms at 64.2s (Bodies: 484)
⚡ PHYSICS SPIKE #1639: 12.7 ms at 64.2s (Bodies: 484)
⚡ PHYSICS SPIKE #1640: 12.7 ms at 64.2s (Bodies: 484)
⚡ PHYSICS SPIKE #1641: 12.7 ms at 64.2s (Bodies: 484)
⚡ FRAME SPIKE #1326: 61.1 ms at 64.2s (Draw: 4099, Bodies: 484)
⚡ PHYSICS SPIKE #1642: 12.7 ms at 64.2s (Bodies: 484)
⚡ PHYSICS SPIKE #1643: 12.7 ms at 64.2s (Bodies: 484)
⚡ PHYSICS SPIKE #1644: 12.7 ms at 64.2s (Bodies: 484)
⚡ PHYSICS SPIKE #1645: 12.7 ms at 64.2s (Bodies: 484)
⚡ FRAME SPIKE #1327: 65.6 ms at 64.2s (Draw: 4093, Bodies: 484)
⚡ PHYSICS SPIKE #1646: 12.7 ms at 64.3s (Bodies: 484)
⚡ PHYSICS SPIKE #1647: 12.7 ms at 64.3s (Bodies: 484)
⚡ PHYSICS SPIKE #1648: 12.7 ms at 64.3s (Bodies: 484)
⚡ FRAME SPIKE #1328: 64.4 ms at 64.3s (Draw: 4093, Bodies: 484)

=== PERFORMANCE METRICS ===
FPS: 17 | Frame: 59.4 ms (max 80.5) | Physics: 16.6 ms (max 42.8)
Godot Process: 20.43 ms | Physics: 12.74 ms
Objects: 66781 | Nodes: 29260 | Resources: 539
Draw calls: 4093 | Vertices: 7190757 | VRAM: 746.1 MB
Physics bodies: 484 | Collision pairs: 6719
--- System Times ---
  road_batch_finalize_total_-1,-1: 37.91 ms (max 37.91)
  road_batch_finalize_total_-1,-2: 5.38 ms (max 5.38)
  road_batch_finalize_total_-1,-3: 18.90 ms (max 18.90)
  road_batch_finalize_total_-1,-4: 16.95 ms (max 16.95)
  road_batch_finalize_total_-1,-5: 8.25 ms (max 8.25)
  road_batch_finalize_total_-1,0: 15.37 ms (max 15.37)
  road_batch_finalize_total_-2,-1: 21.62 ms (max 21.62)
  road_batch_finalize_total_-2,-2: 21.09 ms (max 21.09)
  road_batch_finalize_total_-2,-3: 14.94 ms (max 14.94)
  road_batch_finalize_total_-2,-4: 8.68 ms (max 9.28)
  road_batch_finalize_total_-2,0: 20.10 ms (max 20.10)
  road_batch_finalize_total_0,-1: 21.54 ms (max 21.54)
  road_batch_finalize_total_0,-2: 22.39 ms (max 22.39)
  road_batch_finalize_total_0,-3: 21.91 ms (max 21.91)
  road_batch_finalize_total_0,-4: 17.93 ms (max 17.93)
  road_batch_finalize_total_0,-5: 7.88 ms (max 7.88)
  road_batch_finalize_total_0,0: 21.71 ms (max 21.71)
  road_batch_finalize_total_0,1: 14.98 ms (max 14.98)
  road_batch_finalize_total_1,-1: 16.94 ms (max 16.94)
  road_batch_finalize_total_1,-2: 28.13 ms (max 28.13)
  road_batch_finalize_total_1,-3: 9.44 ms (max 9.44)
  road_batch_finalize_total_1,-4: 8.93 ms (max 8.93)
  road_batch_finalize_total_1,0: 12.65 ms (max 12.65)
  road_batch_finalize_total_2,-3: 6.45 ms (max 6.45)
  road_collision_create_-1,-1: 12.40 ms (max 31.01)
  road_collision_create_-1,-2: 2.46 ms (max 2.91)
  road_collision_create_-1,-3: 5.99 ms (max 14.40)
  road_collision_create_-1,-4: 8.11 ms (max 12.51)
  road_collision_create_-1,-5: 3.70 ms (max 4.13)
  road_collision_create_-1,0: 7.44 ms (max 12.79)
  road_collision_create_-2,-1: 6.98 ms (max 14.94)
  road_collision_create_-2,-2: 10.28 ms (max 18.80)
  road_collision_create_-2,-3: 4.66 ms (max 10.35)
  road_collision_create_-2,-4: 3.95 ms (max 5.86)
  road_collision_create_-2,0: 9.79 ms (max 16.48)
  road_collision_create_0,-1: 6.95 ms (max 15.59)
  road_collision_create_0,-2: 7.12 ms (max 15.17)
  road_collision_create_0,-3: 6.88 ms (max 14.64)
  road_collision_create_0,-4: 5.74 ms (max 14.62)
  road_collision_create_0,-5: 3.53 ms (max 3.96)
  road_collision_create_0,0: 7.01 ms (max 18.11)
  road_collision_create_0,1: 14.74 ms (max 14.74)
  road_collision_create_1,-1: 5.46 ms (max 13.21)
  road_collision_create_1,-2: 13.78 ms (max 25.15)
  road_collision_create_1,-3: 2.87 ms (max 4.69)
  road_collision_create_1,-4: 2.69 ms (max 3.92)
  road_collision_create_1,0: 12.42 ms (max 12.42)
  road_collision_create_2,-3: 2.86 ms (max 3.52)
===========================

=== PERFORMANCE METRICS ===
FPS: 17 | Frame: 59.4 ms (max 80.5) | Physics: 16.6 ms (max 42.6)
Godot Process: 20.43 ms | Physics: 12.74 ms
Objects: 66781 | Nodes: 29260 | Resources: 539
Draw calls: 4093 | Vertices: 7190757 | VRAM: 746.1 MB
Physics bodies: 484 | Collision pairs: 6719
===========================
⚡ PHYSICS SPIKE #1649: 12.7 ms at 64.4s (Bodies: 484)
⚡ PHYSICS SPIKE #1650: 12.7 ms at 64.4s (Bodies: 484)
⚡ PHYSICS SPIKE #1651: 12.7 ms at 64.4s (Bodies: 484)
⚡ PHYSICS SPIKE #1652: 12.7 ms at 64.4s (Bodies: 484)
⚡ FRAME SPIKE #1329: 61.1 ms at 64.4s (Draw: 4092, Bodies: 484)
⚡ PHYSICS SPIKE #1653: 12.7 ms at 64.4s (Bodies: 484)
⚡ PHYSICS SPIKE #1654: 12.7 ms at 64.4s (Bodies: 484)
⚡ PHYSICS SPIKE #1655: 12.7 ms at 64.4s (Bodies: 484)
⚡ PHYSICS SPIKE #1656: 12.7 ms at 64.4s (Bodies: 484)
⚡ FRAME SPIKE #1330: 61.1 ms at 64.4s (Draw: 4091, Bodies: 484)
⚡ PHYSICS SPIKE #1657: 12.7 ms at 64.5s (Bodies: 484)
⚡ PHYSICS SPIKE #1658: 12.7 ms at 64.5s (Bodies: 484)
⚡ PHYSICS SPIKE #1659: 12.7 ms at 64.5s (Bodies: 484)
⚡ PHYSICS SPIKE #1660: 12.7 ms at 64.5s (Bodies: 484)
⚡ FRAME SPIKE #1331: 63.6 ms at 64.5s (Draw: 4091, Bodies: 484)
⚡ PHYSICS SPIKE #1661: 12.7 ms at 64.5s (Bodies: 484)
⚡ PHYSICS SPIKE #1662: 12.7 ms at 64.5s (Bodies: 484)
⚡ PHYSICS SPIKE #1663: 12.7 ms at 64.5s (Bodies: 484)
⚡ PHYSICS SPIKE #1664: 12.7 ms at 64.5s (Bodies: 484)
⚡ FRAME SPIKE #1332: 67.9 ms at 64.5s (Draw: 4091, Bodies: 484)
⚡ PHYSICS SPIKE #1665: 12.7 ms at 64.6s (Bodies: 484)
⚡ PHYSICS SPIKE #1666: 12.7 ms at 64.6s (Bodies: 484)
⚡ PHYSICS SPIKE #1667: 12.7 ms at 64.6s (Bodies: 484)
⚡ PHYSICS SPIKE #1668: 12.7 ms at 64.6s (Bodies: 484)
⚡ FRAME SPIKE #1333: 65.5 ms at 64.6s (Draw: 4093, Bodies: 484)
⚡ PHYSICS SPIKE #1669: 12.7 ms at 64.7s (Bodies: 484)
⚡ PHYSICS SPIKE #1670: 12.7 ms at 64.7s (Bodies: 484)
⚡ PHYSICS SPIKE #1671: 12.7 ms at 64.7s (Bodies: 484)
⚡ PHYSICS SPIKE #1672: 12.7 ms at 64.7s (Bodies: 484)
⚡ FRAME SPIKE #1334: 67.8 ms at 64.7s (Draw: 4098, Bodies: 484)
⚡ PHYSICS SPIKE #1673: 12.7 ms at 64.8s (Bodies: 484)
⚡ PHYSICS SPIKE #1674: 12.7 ms at 64.8s (Bodies: 484)
⚡ PHYSICS SPIKE #1675: 12.7 ms at 64.8s (Bodies: 484)
⚡ PHYSICS SPIKE #1676: 12.7 ms at 64.8s (Bodies: 484)
⚡ FRAME SPIKE #1335: 65.9 ms at 64.8s (Draw: 4093, Bodies: 484)
⚡ PHYSICS SPIKE #1677: 13.1 ms at 64.8s (Bodies: 484)
⚡ PHYSICS SPIKE #1678: 13.1 ms at 64.8s (Bodies: 484)
⚡ PHYSICS SPIKE #1679: 13.1 ms at 64.8s (Bodies: 484)
⚡ PHYSICS SPIKE #1680: 13.1 ms at 64.8s (Bodies: 484)
⚡ FRAME SPIKE #1336: 66.2 ms at 64.8s (Draw: 4093, Bodies: 484)
🚗 Traffic: 35 active NPCs (Near: 11, Mid: 19, Far: 5), 0 pooled
  → Physics bodies from NPCs: 35 (All: 35×1, было бы 35×5=175)

========== Bottleneck Analysis Report ==========
Time: 75.1s | Frames: 1942

📊 PERFORMANCE OVERVIEW:
  FPS: 16.4 avg | 15.0 min
  Frame Time: 20.42 ms avg | 23.02 ms max
  Physics Time: 14.44 ms avg

🔍 BOTTLENECK IDENTIFICATION:
  🔴 [CRITICAL] Physics Time
      Value: 14.44 ms
      Impact: Physics simulation overhead
      Suggestions:
        • Reduce number of active physics bodies
        • Simplify collision shapes
        • Disable physics for distant objects

  🟠 [HIGH] Frame Time
      Value: 20.42 ms (target: 16.67 ms)
      Impact: Overall performance bottleneck
      Suggestions:
        • Reduce draw calls
        • Optimize scripts in _process()
        • Check for expensive operations per frame

  🟠 [HIGH] Draw Calls
      Value: 4103 calls/frame
      Impact: GPU rendering overhead
      Suggestions:
        • Batch meshes by material
        • Use MultiMeshInstance3D
        • Implement LOD system
        • Enable frustum culling

  🟠 [HIGH] Physics Bodies
      Value: 481 active bodies
      Impact: Physics engine load
      Suggestions:
        • Reduce NPC count
        • Convert distant NPCs to kinematic
        • Disable physics for far objects

  🟡 [MEDIUM] Vertex Count
      Value: 7194082 vertices/frame
      Impact: GPU vertex processing
      Suggestions:
        • Implement LOD for distant objects
        • Simplify building meshes
        • Use lower poly models

  🟡 [MEDIUM] Node Count
      Value: 29284 nodes
      Impact: Scene tree traversal overhead
      Suggestions:
        • Unload distant chunks
        • Pool and reuse nodes
        • Flatten hierarchy where possible

  🟡 [MEDIUM] Post-Processing Effects
      Value: SSAO, Glow/Bloom, Volumetric Fog
      Impact: GPU shader overhead
      Suggestions:
        • Reduce SSR quality
        • Disable SSAO on low-end hardware
        • Use simpler fog

📈 DETAILED STATS:
  Draw Calls: 4103 avg | 4119 max
  Vertices: 7194082 avg | 7196037 max
  Physics Bodies: 481
  Nodes: 29284
  VRAM: 746.1 MB

=================================================

⚡ PHYSICS SPIKE #1681: 13.1 ms at 64.9s (Bodies: 484)
⚡ PHYSICS SPIKE #1682: 13.1 ms at 64.9s (Bodies: 485)
⚡ PHYSICS SPIKE #1683: 13.1 ms at 64.9s (Bodies: 485)
⚡ PHYSICS SPIKE #1684: 13.1 ms at 64.9s (Bodies: 485)
=== PAZ Model Meshes Debug ===
Total meshes found: 1
  - Mesh: bus_low_Material_006_0 (MeshInstance3D)
PAZ-32053 model setup complete
⚡ FRAME SPIKE #1337: 68.9 ms at 64.9s (Draw: 4080, Bodies: 485)
⚡ PHYSICS SPIKE #1685: 13.1 ms at 65.0s (Bodies: 485)
⚡ PHYSICS SPIKE #1686: 13.1 ms at 65.0s (Bodies: 485)
⚡ PHYSICS SPIKE #1687: 13.1 ms at 65.0s (Bodies: 485)
⚡ PHYSICS SPIKE #1688: 13.1 ms at 65.0s (Bodies: 485)
⚡ FRAME SPIKE #1338: 74.7 ms at 65.0s (Draw: 4087, Bodies: 485)
⚡ PHYSICS SPIKE #1689: 13.1 ms at 65.0s (Bodies: 485)
⚡ PHYSICS SPIKE #1690: 13.1 ms at 65.0s (Bodies: 485)
⚡ PHYSICS SPIKE #1691: 13.1 ms at 65.0s (Bodies: 485)
⚡ PHYSICS SPIKE #1692: 13.1 ms at 65.0s (Bodies: 485)
⚡ FRAME SPIKE #1339: 66.7 ms at 65.0s (Draw: 4086, Bodies: 485)
⚡ PHYSICS SPIKE #1693: 13.1 ms at 65.1s (Bodies: 485)
⚡ PHYSICS SPIKE #1694: 13.1 ms at 65.1s (Bodies: 485)
⚡ PHYSICS SPIKE #1695: 13.1 ms at 65.1s (Bodies: 485)
⚡ PHYSICS SPIKE #1696: 13.1 ms at 65.1s (Bodies: 485)
⚡ FRAME SPIKE #1340: 66.7 ms at 65.1s (Draw: 4086, Bodies: 485)
⚡ PHYSICS SPIKE #1697: 13.1 ms at 65.2s (Bodies: 485)
⚡ PHYSICS SPIKE #1698: 13.1 ms at 65.2s (Bodies: 485)
⚡ PHYSICS SPIKE #1699: 13.1 ms at 65.2s (Bodies: 485)
⚡ PHYSICS SPIKE #1700: 13.1 ms at 65.2s (Bodies: 485)
⚡ FRAME SPIKE #1341: 66.7 ms at 65.2s (Draw: 4086, Bodies: 485)
⚡ PHYSICS SPIKE #1701: 13.1 ms at 65.2s (Bodies: 485)
⚡ PHYSICS SPIKE #1702: 13.1 ms at 65.2s (Bodies: 485)
⚡ PHYSICS SPIKE #1703: 13.1 ms at 65.2s (Bodies: 485)
⚡ PHYSICS SPIKE #1704: 13.1 ms at 65.2s (Bodies: 485)
⚡ FRAME SPIKE #1342: 68.2 ms at 65.2s (Draw: 4086, Bodies: 485)
⚡ PHYSICS SPIKE #1705: 13.1 ms at 65.3s (Bodies: 485)
⚡ PHYSICS SPIKE #1706: 13.1 ms at 65.3s (Bodies: 485)
⚡ PHYSICS SPIKE #1707: 13.1 ms at 65.3s (Bodies: 485)
⚡ PHYSICS SPIKE #1708: 13.1 ms at 65.3s (Bodies: 485)
⚡ FRAME SPIKE #1343: 67.6 ms at 65.3s (Draw: 4087, Bodies: 485)
⚡ PHYSICS SPIKE #1709: 13.1 ms at 65.4s (Bodies: 485)
⚡ PHYSICS SPIKE #1710: 13.1 ms at 65.4s (Bodies: 485)
⚡ PHYSICS SPIKE #1711: 13.1 ms at 65.4s (Bodies: 485)
⚡ PHYSICS SPIKE #1712: 13.1 ms at 65.4s (Bodies: 485)
⚡ FRAME SPIKE #1344: 68.4 ms at 65.4s (Draw: 4089, Bodies: 485)
⚡ PHYSICS SPIKE #1713: 13.1 ms at 65.4s (Bodies: 485)
⚡ PHYSICS SPIKE #1714: 13.1 ms at 65.4s (Bodies: 485)
⚡ PHYSICS SPIKE #1715: 13.1 ms at 65.4s (Bodies: 485)
⚡ PHYSICS SPIKE #1716: 13.1 ms at 65.4s (Bodies: 485)
⚡ FRAME SPIKE #1345: 66.7 ms at 65.4s (Draw: 4087, Bodies: 485)
⚡ PHYSICS SPIKE #1717: 13.1 ms at 65.5s (Bodies: 485)
⚡ PHYSICS SPIKE #1718: 13.1 ms at 65.5s (Bodies: 485)
⚡ PHYSICS SPIKE #1719: 13.1 ms at 65.5s (Bodies: 485)
⚡ PHYSICS SPIKE #1720: 13.1 ms at 65.5s (Bodies: 485)
⚡ FRAME SPIKE #1346: 66.7 ms at 65.5s (Draw: 4083, Bodies: 485)
⚡ PHYSICS SPIKE #1721: 13.1 ms at 65.6s (Bodies: 485)
⚡ PHYSICS SPIKE #1722: 13.1 ms at 65.6s (Bodies: 485)
⚡ PHYSICS SPIKE #1723: 13.1 ms at 65.6s (Bodies: 485)
⚡ PHYSICS SPIKE #1724: 13.1 ms at 65.6s (Bodies: 485)
⚡ FRAME SPIKE #1347: 67.0 ms at 65.6s (Draw: 4083, Bodies: 485)
⚡ PHYSICS SPIKE #1725: 13.1 ms at 65.6s (Bodies: 485)
⚡ PHYSICS SPIKE #1726: 13.1 ms at 65.6s (Bodies: 485)
⚡ PHYSICS SPIKE #1727: 13.1 ms at 65.6s (Bodies: 485)
⚡ PHYSICS SPIKE #1728: 13.1 ms at 65.6s (Bodies: 485)
⚡ FRAME SPIKE #1348: 67.4 ms at 65.6s (Draw: 4083, Bodies: 485)
⚡ PHYSICS SPIKE #1729: 13.1 ms at 65.7s (Bodies: 485)
⚡ PHYSICS SPIKE #1730: 13.1 ms at 65.7s (Bodies: 485)
⚡ PHYSICS SPIKE #1731: 13.1 ms at 65.7s (Bodies: 485)
⚡ PHYSICS SPIKE #1732: 13.1 ms at 65.7s (Bodies: 485)
⚡ PHYSICS SPIKE #1733: 13.1 ms at 65.7s (Bodies: 485)
⚡ FRAME SPIKE #1349: 68.3 ms at 65.7s (Draw: 4083, Bodies: 485)
⚡ PHYSICS SPIKE #1734: 13.1 ms at 65.8s (Bodies: 485)
⚡ PHYSICS SPIKE #1735: 13.1 ms at 65.8s (Bodies: 485)
⚡ PHYSICS SPIKE #1736: 13.1 ms at 65.8s (Bodies: 485)
⚡ PHYSICS SPIKE #1737: 13.1 ms at 65.8s (Bodies: 485)
⚡ FRAME SPIKE #1350: 78.5 ms at 65.8s (Draw: 4083, Bodies: 485)
⚡ PHYSICS SPIKE #1738: 13.5 ms at 65.8s (Bodies: 485)
⚡ PHYSICS SPIKE #1739: 13.5 ms at 65.8s (Bodies: 485)
⚡ PHYSICS SPIKE #1740: 13.5 ms at 65.8s (Bodies: 485)
⚡ PHYSICS SPIKE #1741: 13.5 ms at 65.8s (Bodies: 485)
⚡ FRAME SPIKE #1351: 68.1 ms at 65.8s (Draw: 4084, Bodies: 485)
⚡ PHYSICS SPIKE #1742: 13.5 ms at 65.9s (Bodies: 485)
⚡ PHYSICS SPIKE #1743: 13.5 ms at 65.9s (Bodies: 486)
⚡ PHYSICS SPIKE #1744: 13.5 ms at 65.9s (Bodies: 486)
⚡ PHYSICS SPIKE #1745: 13.5 ms at 65.9s (Bodies: 486)
⚡ PHYSICS SPIKE #1746: 13.5 ms at 65.9s (Bodies: 486)
=== PAZ Model Meshes Debug ===
Total meshes found: 1
  - Mesh: bus_low_Material_006_0 (MeshInstance3D)
PAZ-32053 model setup complete
⚡ FRAME SPIKE #1352: 70.8 ms at 65.9s (Draw: 4086, Bodies: 486)
⚡ PHYSICS SPIKE #1747: 13.5 ms at 66.0s (Bodies: 486)
⚡ PHYSICS SPIKE #1748: 13.5 ms at 66.0s (Bodies: 486)
⚡ PHYSICS SPIKE #1749: 13.5 ms at 66.0s (Bodies: 486)
⚡ PHYSICS SPIKE #1750: 13.5 ms at 66.0s (Bodies: 486)
⚡ PHYSICS SPIKE #1751: 13.5 ms at 66.0s (Bodies: 486)
⚡ FRAME SPIKE #1353: 86.0 ms at 66.0s (Draw: 4091, Bodies: 486)
⚡ PHYSICS SPIKE #1752: 13.5 ms at 66.1s (Bodies: 486)
⚡ PHYSICS SPIKE #1753: 13.5 ms at 66.1s (Bodies: 486)
⚡ PHYSICS SPIKE #1754: 13.5 ms at 66.1s (Bodies: 486)
⚡ PHYSICS SPIKE #1755: 13.5 ms at 66.1s (Bodies: 486)
⚡ PHYSICS SPIKE #1756: 13.5 ms at 66.1s (Bodies: 486)
⚡ FRAME SPIKE #1354: 79.7 ms at 66.1s (Draw: 4091, Bodies: 486)
⚡ PHYSICS SPIKE #1757: 13.5 ms at 66.1s (Bodies: 486)
⚡ PHYSICS SPIKE #1758: 13.5 ms at 66.1s (Bodies: 486)
⚡ PHYSICS SPIKE #1759: 13.5 ms at 66.1s (Bodies: 486)
⚡ PHYSICS SPIKE #1760: 13.5 ms at 66.1s (Bodies: 486)
⚡ FRAME SPIKE #1355: 79.2 ms at 66.1s (Draw: 4087, Bodies: 486)
⚡ PHYSICS SPIKE #1761: 13.5 ms at 66.2s (Bodies: 486)
⚡ PHYSICS SPIKE #1762: 13.5 ms at 66.2s (Bodies: 486)
⚡ PHYSICS SPIKE #1763: 13.5 ms at 66.2s (Bodies: 486)
⚡ PHYSICS SPIKE #1764: 13.5 ms at 66.2s (Bodies: 486)
⚡ PHYSICS SPIKE #1765: 13.5 ms at 66.2s (Bodies: 486)
⚡ FRAME SPIKE #1356: 77.8 ms at 66.2s (Draw: 4080, Bodies: 486)
⚡ PHYSICS SPIKE #1766: 13.5 ms at 66.3s (Bodies: 486)
⚡ PHYSICS SPIKE #1767: 13.5 ms at 66.3s (Bodies: 486)
⚡ PHYSICS SPIKE #1768: 13.5 ms at 66.3s (Bodies: 486)
⚡ PHYSICS SPIKE #1769: 13.5 ms at 66.3s (Bodies: 486)
⚡ PHYSICS SPIKE #1770: 13.5 ms at 66.3s (Bodies: 486)
⚡ FRAME SPIKE #1357: 77.8 ms at 66.3s (Draw: 4081, Bodies: 486)
⚡ PHYSICS SPIKE #1771: 13.5 ms at 66.4s (Bodies: 486)
⚡ PHYSICS SPIKE #1772: 13.5 ms at 66.4s (Bodies: 486)
⚡ PHYSICS SPIKE #1773: 13.5 ms at 66.4s (Bodies: 486)
⚡ PHYSICS SPIKE #1774: 13.5 ms at 66.4s (Bodies: 486)
⚡ FRAME SPIKE #1358: 78.6 ms at 66.4s (Draw: 4081, Bodies: 486)
⚡ PHYSICS SPIKE #1775: 13.5 ms at 66.5s (Bodies: 486)
⚡ PHYSICS SPIKE #1776: 13.5 ms at 66.5s (Bodies: 486)
⚡ PHYSICS SPIKE #1777: 13.5 ms at 66.5s (Bodies: 486)
⚡ PHYSICS SPIKE #1778: 13.5 ms at 66.5s (Bodies: 486)
⚡ PHYSICS SPIKE #1779: 13.5 ms at 66.5s (Bodies: 486)
⚡ FRAME SPIKE #1359: 74.9 ms at 66.5s (Draw: 4081, Bodies: 486)
⚡ PHYSICS SPIKE #1780: 13.5 ms at 66.5s (Bodies: 486)
⚡ PHYSICS SPIKE #1781: 13.5 ms at 66.5s (Bodies: 486)
⚡ PHYSICS SPIKE #1782: 13.5 ms at 66.5s (Bodies: 486)
⚡ PHYSICS SPIKE #1783: 13.5 ms at 66.5s (Bodies: 486)
⚡ PHYSICS SPIKE #1784: 13.5 ms at 66.5s (Bodies: 486)
⚡ FRAME SPIKE #1360: 77.8 ms at 66.5s (Draw: 4082, Bodies: 486)
⚡ PHYSICS SPIKE #1785: 13.5 ms at 66.6s (Bodies: 486)
⚡ PHYSICS SPIKE #1786: 13.5 ms at 66.6s (Bodies: 486)
⚡ PHYSICS SPIKE #1787: 13.5 ms at 66.6s (Bodies: 486)
⚡ PHYSICS SPIKE #1788: 13.5 ms at 66.6s (Bodies: 486)
⚡ FRAME SPIKE #1361: 77.8 ms at 66.6s (Draw: 4082, Bodies: 486)
⚡ PHYSICS SPIKE #1789: 13.5 ms at 66.7s (Bodies: 486)
⚡ PHYSICS SPIKE #1790: 13.5 ms at 66.7s (Bodies: 486)
⚡ PHYSICS SPIKE #1791: 13.5 ms at 66.7s (Bodies: 486)
⚡ PHYSICS SPIKE #1792: 13.5 ms at 66.7s (Bodies: 486)
⚡ FRAME SPIKE #1362: 69.8 ms at 66.7s (Draw: 4081, Bodies: 486)
⚡ PHYSICS SPIKE #1793: 13.5 ms at 66.8s (Bodies: 486)
⚡ PHYSICS SPIKE #1794: 13.5 ms at 66.8s (Bodies: 486)
⚡ PHYSICS SPIKE #1795: 13.5 ms at 66.8s (Bodies: 486)
⚡ PHYSICS SPIKE #1796: 13.5 ms at 66.8s (Bodies: 486)
⚡ PHYSICS SPIKE #1797: 13.5 ms at 66.8s (Bodies: 486)
⚡ FRAME SPIKE #1363: 68.8 ms at 66.8s (Draw: 4081, Bodies: 486)
⚡ PHYSICS SPIKE #1798: 13.5 ms at 66.8s (Bodies: 486)
⚡ PHYSICS SPIKE #1799: 13.5 ms at 66.8s (Bodies: 485)
⚡ PHYSICS SPIKE #1800: 13.5 ms at 66.8s (Bodies: 485)
⚡ PHYSICS SPIKE #1801: 13.5 ms at 66.8s (Bodies: 485)
⚡ FRAME SPIKE #1364: 75.0 ms at 66.8s (Draw: 4081, Bodies: 485)
🚗 Traffic: 35 active NPCs (Near: 12, Mid: 17, Far: 6), 1 pooled
  → Physics bodies from NPCs: 35 (All: 35×1, было бы 35×5=175)

========== Bottleneck Analysis Report ==========
Time: 77.1s | Frames: 1970

📊 PERFORMANCE OVERVIEW:
  FPS: 16.0 avg | 13.0 min
  Frame Time: 20.83 ms avg | 26.61 ms max
  Physics Time: 14.44 ms avg

🔍 BOTTLENECK IDENTIFICATION:
  🔴 [CRITICAL] Physics Time
      Value: 14.44 ms
      Impact: Physics simulation overhead
      Suggestions:
        • Reduce number of active physics bodies
        • Simplify collision shapes
        • Disable physics for distant objects

  🟠 [HIGH] Frame Time
      Value: 20.83 ms (target: 16.67 ms)
      Impact: Overall performance bottleneck
      Suggestions:
        • Reduce draw calls
        • Optimize scripts in _process()
        • Check for expensive operations per frame

  🟠 [HIGH] Draw Calls
      Value: 4096 calls/frame
      Impact: GPU rendering overhead
      Suggestions:
        • Batch meshes by material
        • Use MultiMeshInstance3D
        • Implement LOD system
        • Enable frustum culling

  🟠 [HIGH] Physics Bodies
      Value: 482 active bodies
      Impact: Physics engine load
      Suggestions:
        • Reduce NPC count
        • Convert distant NPCs to kinematic
        • Disable physics for far objects

  🟡 [MEDIUM] Vertex Count
      Value: 7193842 vertices/frame
      Impact: GPU vertex processing
      Suggestions:
        • Implement LOD for distant objects
        • Simplify building meshes
        • Use lower poly models

  🟡 [MEDIUM] Node Count
      Value: 29308 nodes
      Impact: Scene tree traversal overhead
      Suggestions:
        • Unload distant chunks
        • Pool and reuse nodes
        • Flatten hierarchy where possible

  🟡 [MEDIUM] Post-Processing Effects
      Value: SSAO, Glow/Bloom, Volumetric Fog
      Impact: GPU shader overhead
      Suggestions:
        • Reduce SSR quality
        • Disable SSAO on low-end hardware
        • Use simpler fog

📈 DETAILED STATS:
  Draw Calls: 4096 avg | 4112 max
  Vertices: 7193842 avg | 7201709 max
  Physics Bodies: 482
  Nodes: 29308
  VRAM: 746.1 MB

=================================================

⚡ PHYSICS SPIKE #1802: 13.5 ms at 66.9s (Bodies: 485)
⚡ PHYSICS SPIKE #1803: 13.5 ms at 66.9s (Bodies: 485)
⚡ PHYSICS SPIKE #1804: 13.5 ms at 66.9s (Bodies: 485)
⚡ PHYSICS SPIKE #1805: 13.5 ms at 66.9s (Bodies: 485)
⚡ FRAME SPIKE #1365: 72.2 ms at 66.9s (Draw: 4086, Bodies: 485)
⚡ PHYSICS SPIKE #1806: 13.5 ms at 67.0s (Bodies: 485)
⚡ PHYSICS SPIKE #1807: 13.5 ms at 67.0s (Bodies: 485)
⚡ PHYSICS SPIKE #1808: 13.5 ms at 67.0s (Bodies: 485)
⚡ PHYSICS SPIKE #1809: 13.5 ms at 67.0s (Bodies: 485)
⚡ PHYSICS SPIKE #1810: 13.5 ms at 67.0s (Bodies: 485)
⚡ FRAME SPIKE #1366: 72.2 ms at 67.0s (Draw: 4086, Bodies: 485)
⚡ PHYSICS SPIKE #1811: 13.5 ms at 67.1s (Bodies: 485)
⚡ PHYSICS SPIKE #1812: 13.5 ms at 67.1s (Bodies: 485)
⚡ PHYSICS SPIKE #1813: 13.5 ms at 67.1s (Bodies: 485)
⚡ PHYSICS SPIKE #1814: 13.5 ms at 67.1s (Bodies: 485)
⚡ FRAME SPIKE #1367: 72.9 ms at 67.1s (Draw: 4086, Bodies: 485)
⚡ PHYSICS SPIKE #1815: 13.5 ms at 67.1s (Bodies: 485)
⚡ PHYSICS SPIKE #1816: 13.5 ms at 67.1s (Bodies: 485)
⚡ PHYSICS SPIKE #1817: 13.5 ms at 67.1s (Bodies: 485)
⚡ PHYSICS SPIKE #1818: 13.5 ms at 67.1s (Bodies: 485)
⚡ PHYSICS SPIKE #1819: 13.5 ms at 67.1s (Bodies: 485)
⚡ FRAME SPIKE #1368: 73.8 ms at 67.1s (Draw: 4086, Bodies: 485)
⚡ PHYSICS SPIKE #1820: 13.5 ms at 67.2s (Bodies: 485)
⚡ PHYSICS SPIKE #1821: 13.5 ms at 67.2s (Bodies: 485)
⚡ PHYSICS SPIKE #1822: 13.5 ms at 67.2s (Bodies: 485)
⚡ PHYSICS SPIKE #1823: 13.5 ms at 67.2s (Bodies: 485)
⚡ FRAME SPIKE #1369: 73.3 ms at 67.2s (Draw: 4086, Bodies: 485)
⚡ PHYSICS SPIKE #1824: 13.5 ms at 67.3s (Bodies: 485)
⚡ PHYSICS SPIKE #1825: 13.5 ms at 67.3s (Bodies: 485)
⚡ PHYSICS SPIKE #1826: 13.5 ms at 67.3s (Bodies: 485)
⚡ PHYSICS SPIKE #1827: 13.5 ms at 67.3s (Bodies: 485)
⚡ FRAME SPIKE #1370: 72.9 ms at 67.3s (Draw: 4085, Bodies: 485)
⚡ PHYSICS SPIKE #1828: 13.5 ms at 67.3s (Bodies: 485)
⚡ PHYSICS SPIKE #1829: 13.5 ms at 67.3s (Bodies: 485)
⚡ PHYSICS SPIKE #1830: 13.5 ms at 67.3s (Bodies: 485)
⚡ PHYSICS SPIKE #1831: 13.5 ms at 67.3s (Bodies: 485)
⚡ FRAME SPIKE #1371: 68.2 ms at 67.3s (Draw: 4085, Bodies: 485)
⚡ PHYSICS SPIKE #1832: 13.5 ms at 67.4s (Bodies: 485)
⚡ PHYSICS SPIKE #1833: 13.5 ms at 67.4s (Bodies: 484)
⚡ PHYSICS SPIKE #1834: 13.5 ms at 67.4s (Bodies: 484)
⚡ PHYSICS SPIKE #1835: 13.5 ms at 67.4s (Bodies: 484)
⚡ PHYSICS SPIKE #1836: 13.5 ms at 67.4s (Bodies: 484)
⚡ FRAME SPIKE #1372: 70.8 ms at 67.4s (Draw: 4085, Bodies: 484)
⚡ PHYSICS SPIKE #1837: 13.5 ms at 67.5s (Bodies: 484)
⚡ PHYSICS SPIKE #1838: 13.5 ms at 67.5s (Bodies: 484)
⚡ PHYSICS SPIKE #1839: 13.5 ms at 67.5s (Bodies: 484)
⚡ PHYSICS SPIKE #1840: 13.5 ms at 67.5s (Bodies: 484)
⚡ FRAME SPIKE #1373: 72.2 ms at 67.5s (Draw: 4085, Bodies: 484)
⚡ PHYSICS SPIKE #1841: 13.5 ms at 67.6s (Bodies: 484)
⚡ PHYSICS SPIKE #1842: 13.5 ms at 67.6s (Bodies: 484)
⚡ PHYSICS SPIKE #1843: 13.5 ms at 67.6s (Bodies: 484)
⚡ PHYSICS SPIKE #1844: 13.5 ms at 67.6s (Bodies: 484)
⚡ FRAME SPIKE #1374: 72.2 ms at 67.6s (Draw: 4084, Bodies: 484)
⚡ PHYSICS SPIKE #1845: 13.5 ms at 67.6s (Bodies: 484)
⚡ PHYSICS SPIKE #1846: 13.5 ms at 67.6s (Bodies: 484)
⚡ PHYSICS SPIKE #1847: 13.5 ms at 67.6s (Bodies: 484)
⚡ PHYSICS SPIKE #1848: 13.5 ms at 67.6s (Bodies: 484)
⚡ PHYSICS SPIKE #1849: 13.5 ms at 67.6s (Bodies: 484)
⚡ FRAME SPIKE #1375: 71.2 ms at 67.6s (Draw: 4084, Bodies: 484)
⚡ PHYSICS SPIKE #1850: 13.5 ms at 67.7s (Bodies: 484)
⚡ PHYSICS SPIKE #1851: 13.5 ms at 67.7s (Bodies: 484)
⚡ PHYSICS SPIKE #1852: 13.5 ms at 67.7s (Bodies: 484)
⚡ PHYSICS SPIKE #1853: 13.5 ms at 67.7s (Bodies: 484)
⚡ FRAME SPIKE #1376: 72.2 ms at 67.7s (Draw: 4084, Bodies: 484)
⚡ PHYSICS SPIKE #1854: 13.5 ms at 67.8s (Bodies: 484)
⚡ PHYSICS SPIKE #1855: 13.5 ms at 67.8s (Bodies: 484)
⚡ PHYSICS SPIKE #1856: 13.5 ms at 67.8s (Bodies: 484)
⚡ PHYSICS SPIKE #1857: 13.5 ms at 67.8s (Bodies: 484)
⚡ FRAME SPIKE #1377: 72.2 ms at 67.8s (Draw: 4084, Bodies: 484)
⚡ PHYSICS SPIKE #1858: 13.6 ms at 67.8s (Bodies: 484)
⚡ PHYSICS SPIKE #1859: 13.6 ms at 67.8s (Bodies: 483)
⚡ PHYSICS SPIKE #1860: 13.6 ms at 67.8s (Bodies: 482)
⚡ PHYSICS SPIKE #1861: 13.6 ms at 67.8s (Bodies: 482)
⚡ PHYSICS SPIKE #1862: 13.6 ms at 67.8s (Bodies: 482)
⚡ FRAME SPIKE #1378: 71.9 ms at 67.8s (Draw: 4083, Bodies: 482)
⚡ PHYSICS SPIKE #1863: 13.6 ms at 67.9s (Bodies: 482)
⚡ PHYSICS SPIKE #1864: 13.6 ms at 67.9s (Bodies: 482)
⚡ PHYSICS SPIKE #1865: 13.6 ms at 67.9s (Bodies: 482)
⚡ PHYSICS SPIKE #1866: 13.6 ms at 67.9s (Bodies: 482)
⚡ FRAME SPIKE #1379: 72.2 ms at 67.9s (Draw: 4059, Bodies: 482)
⚡ PHYSICS SPIKE #1867: 13.6 ms at 68.0s (Bodies: 482)
⚡ PHYSICS SPIKE #1868: 13.6 ms at 68.0s (Bodies: 482)
⚡ PHYSICS SPIKE #1869: 13.6 ms at 68.0s (Bodies: 482)
⚡ PHYSICS SPIKE #1870: 13.6 ms at 68.0s (Bodies: 482)
⚡ FRAME SPIKE #1380: 71.7 ms at 68.0s (Draw: 4059, Bodies: 482)
⚡ PHYSICS SPIKE #1871: 13.6 ms at 68.1s (Bodies: 482)
⚡ PHYSICS SPIKE #1872: 13.6 ms at 68.1s (Bodies: 482)
⚡ PHYSICS SPIKE #1873: 13.6 ms at 68.1s (Bodies: 482)
⚡ PHYSICS SPIKE #1874: 13.6 ms at 68.1s (Bodies: 482)
⚡ FRAME SPIKE #1381: 66.5 ms at 68.1s (Draw: 4061, Bodies: 482)
⚡ PHYSICS SPIKE #1875: 13.6 ms at 68.1s (Bodies: 482)
⚡ PHYSICS SPIKE #1876: 13.6 ms at 68.1s (Bodies: 482)
⚡ PHYSICS SPIKE #1877: 13.6 ms at 68.1s (Bodies: 482)
⚡ PHYSICS SPIKE #1878: 13.6 ms at 68.1s (Bodies: 482)
⚡ FRAME SPIKE #1382: 66.9 ms at 68.1s (Draw: 4063, Bodies: 482)
⚡ PHYSICS SPIKE #1879: 13.6 ms at 68.2s (Bodies: 482)
⚡ PHYSICS SPIKE #1880: 13.6 ms at 68.2s (Bodies: 481)
⚡ PHYSICS SPIKE #1881: 13.6 ms at 68.2s (Bodies: 481)
⚡ PHYSICS SPIKE #1882: 13.6 ms at 68.2s (Bodies: 481)
⚡ FRAME SPIKE #1383: 69.4 ms at 68.2s (Draw: 4056, Bodies: 481)
