WorkerThreadPool: 10 threads, 3 max low-priority.
Godot Engine v4.5.1.stable.official.f62fdbde1 - https://godotengine.org
TextServer: Added interface "Dummy"
TextServer: Added interface "ICU / HarfBuzz / Graphite (Built-in)"
Unrecognized output string "misc2" in mapping:
030000007e0500006920000001010000,Nintendo Switch 2 Pro Controller,a:b0,b:b1,back:b14,dpdown:b8,dpleft:b10,dpright:b9,dpup:b11,guide:b16,leftshoulder:b12,leftstick:b15,lefttrigger:b13,leftx:a0,lefty:a1~,misc1:b17,misc2:b20,paddle1:b18,paddle2:b19,rightshoulder:b4,rightstick:b7,righttrigger:b5,rightx:a2,righty:a3~,start:b6,x:b2,y:b3,platform:Mac OS X,
SDL: Init OK!
[mvk-info] MoltenVK version 1.2.9, supporting Vulkan version 1.2.283.
	The following 110 Vulkan extensions are supported:
		VK_KHR_16bit_storage v1
		VK_KHR_8bit_storage v1
		VK_KHR_bind_memory2 v1
		VK_KHR_buffer_device_address v1
		VK_KHR_calibrated_timestamps v1
		VK_KHR_copy_commands2 v1
		VK_KHR_create_renderpass2 v1
		VK_KHR_dedicated_allocation v3
		VK_KHR_deferred_host_operations v4
		VK_KHR_depth_stencil_resolve v1
		VK_KHR_descriptor_update_template v1
		VK_KHR_device_group v4
		VK_KHR_device_group_creation v1
		VK_KHR_driver_properties v1
		VK_KHR_dynamic_rendering v1
		VK_KHR_external_fence v1
		VK_KHR_external_fence_capabilities v1
		VK_KHR_external_memory v1
		VK_KHR_external_memory_capabilities v1
		VK_KHR_external_semaphore v1
		VK_KHR_external_semaphore_capabilities v1
		VK_KHR_fragment_shader_barycentric v1
		VK_KHR_format_feature_flags2 v2
		VK_KHR_get_memory_requirements2 v1
		VK_KHR_get_physical_device_properties2 v2
		VK_KHR_get_surface_capabilities2 v1
		VK_KHR_imageless_framebuffer v1
		VK_KHR_image_format_list v1
		VK_KHR_incremental_present v2
		VK_KHR_maintenance1 v2
		VK_KHR_maintenance2 v1
		VK_KHR_maintenance3 v1
		VK_KHR_map_memory2 v1
		VK_KHR_multiview v1
		VK_KHR_portability_subset v1
		VK_KHR_push_descriptor v2
		VK_KHR_relaxed_block_layout v1
		VK_KHR_sampler_mirror_clamp_to_edge v3
		VK_KHR_sampler_ycbcr_conversion v14
		VK_KHR_separate_depth_stencil_layouts v1
		VK_KHR_shader_draw_parameters v1
		VK_KHR_shader_float_controls v4
		VK_KHR_shader_float16_int8 v1
		VK_KHR_shader_integer_dot_product v1
		VK_KHR_shader_non_semantic_info v1
		VK_KHR_shader_subgroup_extended_types v1
		VK_KHR_spirv_1_4 v1
		VK_KHR_storage_buffer_storage_class v1
		VK_KHR_surface v25
		VK_KHR_swapchain v70
		VK_KHR_swapchain_mutable_format v1
		VK_KHR_synchronization2 v1
		VK_KHR_timeline_semaphore v2
		VK_KHR_uniform_buffer_standard_layout v1
		VK_KHR_variable_pointers v1
		VK_KHR_vertex_attribute_divisor v1
		VK_EXT_4444_formats v1
		VK_EXT_buffer_device_address v2
		VK_EXT_calibrated_timestamps v2
		VK_EXT_debug_marker v4
		VK_EXT_debug_report v10
		VK_EXT_debug_utils v2
		VK_EXT_descriptor_indexing v2
		VK_EXT_extended_dynamic_state v1
		VK_EXT_extended_dynamic_state2 v1
		VK_EXT_extended_dynamic_state3 v2
		VK_EXT_external_memory_host v1
		VK_EXT_fragment_shader_interlock v1
		VK_EXT_hdr_metadata v2
		VK_EXT_headless_surface v1
		VK_EXT_host_image_copy v1
		VK_EXT_host_query_reset v1
		VK_EXT_image_robustness v1
		VK_EXT_inline_uniform_block v1
		VK_EXT_layer_settings v2
		VK_EXT_memory_budget v1
		VK_EXT_metal_objects v2
		VK_EXT_metal_surface v1
		VK_EXT_pipeline_creation_cache_control v3
		VK_EXT_pipeline_creation_feedback v1
		VK_EXT_post_depth_coverage v1
		VK_EXT_private_data v1
		VK_EXT_robustness2 v1
		VK_EXT_sample_locations v1
		VK_EXT_scalar_block_layout v1
		VK_EXT_separate_stencil_usage v1
		VK_EXT_shader_atomic_float v1
		VK_EXT_shader_demote_to_helper_invocation v1
		VK_EXT_shader_stencil_export v1
		VK_EXT_shader_subgroup_ballot v1
		VK_EXT_shader_subgroup_vote v1
		VK_EXT_shader_viewport_index_layer v1
		VK_EXT_subgroup_size_control v2
		VK_EXT_surface_maintenance1 v1
		VK_EXT_swapchain_colorspace v4
		VK_EXT_swapchain_maintenance1 v1
		VK_EXT_texel_buffer_alignment v1
		VK_EXT_texture_compression_astc_hdr v1
		VK_EXT_vertex_attribute_divisor v3
		VK_AMD_gpu_shader_half_float v2
		VK_AMD_negative_viewport_height v1
		VK_AMD_shader_image_load_store_lod v1
		VK_AMD_shader_trinary_minmax v1
		VK_IMG_format_pvrtc v1
		VK_INTEL_shader_integer_functions2 v1
		VK_GOOGLE_display_timing v1
		VK_MVK_macos_surface v3
		VK_MVK_moltenvk v37
		VK_NV_fragment_shader_barycentric v1
		VK_NV_glsl_shader v1
[mvk-info] GPU device:
		model: Apple M1 Pro
		type: Integrated
		vendorID: 0x106b
		deviceID: 0xf0103ef
		pipelineCacheUUID: BF097EDC-0F01-03EF-0000-000000000000
		GPU memory available: 21845 MB
		GPU memory used: 0 MB
	supports the following Metal Versions, GPU's and Feature Sets:
		Metal Shading Language 3.1
		GPU Family Apple 7
		GPU Family Apple 6
		GPU Family Apple 5
		GPU Family Apple 4
		GPU Family Apple 3
		GPU Family Apple 2
		GPU Family Apple 1
		GPU Family Mac 2
		GPU Family Mac 1
		GPU Family Common 3
		GPU Family Common 2
		GPU Family Common 1
		macOS GPU Family 2 v1
		macOS GPU Family 1 v4
		macOS GPU Family 1 v3
		macOS GPU Family 1 v2
		macOS GPU Family 1 v1
[mvk-info] Created VkInstance for Vulkan version 1.2.0, as requested by app, with the following 4 Vulkan extensions enabled:
		VK_KHR_get_physical_device_properties2 v2
		VK_KHR_surface v25
		VK_EXT_debug_utils v2
		VK_EXT_metal_surface v1
Devices:
  #0: Apple Apple M1 Pro - Supported, Integrated
Optional extension VK_KHR_fragment_shading_rate not found
Optional extension VK_EXT_fragment_density_map not found
Optional extension VK_EXT_astc_decode_mode not found
Optional extension VK_KHR_vulkan_memory_model not found
Optional extension VK_KHR_external_memory_fd not found
Optional extension VK_EXT_device_fault not found
- Vulkan Variable Rate Shading not supported
- Vulkan Fragment Density Map not supported
- Vulkan multiview supported:
  max view count: 32
  max instances: 134217727
- Vulkan subgroup:
  size: 32
  min size: 32
  max size: 32
  stages: STAGE_TESSELLATION_CONTROL, STAGE_FRAGMENT, STAGE_COMPUTE
  supported ops: FEATURE_BASIC, FEATURE_VOTE, FEATURE_ARITHMETIC, FEATURE_BALLOT, FEATURE_SHUFFLE, FEATURE_SHUFFLE_RELATIVE, FEATURE_QUAD
  quad operations in all stages
[mvk-info] Vulkan semaphores using Metal implicit guarantees within a single queue.
[mvk-info] Created VkDevice to run on GPU Apple M1 Pro with the following 13 Vulkan extensions enabled:
		VK_KHR_16bit_storage v1
		VK_KHR_buffer_device_address v1
		VK_KHR_create_renderpass2 v1
		VK_KHR_image_format_list v1
		VK_KHR_maintenance2 v1
		VK_KHR_multiview v1
		VK_KHR_shader_float16_int8 v1
		VK_KHR_storage_buffer_storage_class v1
		VK_KHR_swapchain v70
		VK_EXT_debug_marker v4
		VK_EXT_pipeline_creation_cache_control v3
		VK_EXT_subgroup_size_control v2
		VK_EXT_texture_compression_astc_hdr v1
Vulkan 1.2.283 - Forward+ - Using Device #0: Apple - Apple M1 Pro
Startup PSO cache (41.1 MiB)
Using "default" pen tablet driver...
Creating VMA small objects pool for memory type index 0
Shader 'CanvasSdfShaderRD' (group 0) SHA256: e3e36a196484fd7752bf3d5dca5d9ff7512a4e981b5f5f57e6f0a0fc50640721
Loading cache for shader CanvasSdfShaderRD, variant 0
Loading cache for shader CanvasSdfShaderRD, variant 1
Loading cache for shader CanvasSdfShaderRD, variant 2
Loading cache for shader CanvasSdfShaderRD, variant 3
Loading cache for shader CanvasSdfShaderRD, variant 4
Loading cache for shader CanvasSdfShaderRD, variant 5
Shader 'SkeletonShaderRD' (group 0) SHA256: e0325885d3b45ea42d045525d1c732805f14a5a6cc4b6b67ce336626653e9573
Loading cache for shader SkeletonShaderRD, variant 0
Loading cache for shader SkeletonShaderRD, variant 1
Shader 'SortShaderRD' (group 0) SHA256: ce9b4120b1d1a35c1bea19b12a6206dee2526af5e61fd4520555d6b447f15e34
Loading cache for shader SortShaderRD, variant 0
Loading cache for shader SortShaderRD, variant 1
Loading cache for shader SortShaderRD, variant 2
Shader 'ParticlesShaderRD' (group 0) SHA256: c77129ff51da9b8bd8037785c1a2afcdca1f25aa602d8d22c4973640d55305a4
Loading cache for shader ParticlesShaderRD, variant 0
Shader 'ParticlesCopyShaderRD' (group 0) SHA256: 76ee6b7648ff369a05e8340a639ce08c065370fd23e6d18634d522db1c3ac055
Loading cache for shader ParticlesCopyShaderRD, variant 0
Loading cache for shader ParticlesCopyShaderRD, variant 1
Loading cache for shader ParticlesCopyShaderRD, variant 2
Loading cache for shader ParticlesCopyShaderRD, variant 3
Loading cache for shader ParticlesCopyShaderRD, variant 4
Loading cache for shader ParticlesCopyShaderRD, variant 5
Loading cache for shader ParticlesCopyShaderRD, variant 6
Loading cache for shader ParticlesCopyShaderRD, variant 7
Loading cache for shader ParticlesCopyShaderRD, variant 8
Loading cache for shader ParticlesCopyShaderRD, variant 9
Loading cache for shader ParticlesCopyShaderRD, variant 10
Loading cache for shader ParticlesCopyShaderRD, variant 11
Loading cache for shader ParticlesCopyShaderRD, variant 12
Loading cache for shader ParticlesCopyShaderRD, variant 13
Loading cache for shader ParticlesCopyShaderRD, variant 14
Loading cache for shader ParticlesCopyShaderRD, variant 15
Loading cache for shader ParticlesCopyShaderRD, variant 16
Loading cache for shader ParticlesCopyShaderRD, variant 17
Loading cache for shader ParticlesCopyShaderRD, variant 18
Loading cache for shader ParticlesCopyShaderRD, variant 19
Loading cache for shader ParticlesCopyShaderRD, variant 20
Shader 'CanvasShaderRD' (group 0) SHA256: 8f73ea59600218c7f4a72f38f0a825d4b9edae392f00688807259ea2faf43974
Loading cache for shader CanvasShaderRD, variant 0
Loading cache for shader CanvasShaderRD, variant 1
Loading cache for shader CanvasShaderRD, variant 2
Loading cache for shader CanvasShaderRD, variant 3
Loading cache for shader CanvasShaderRD, variant 4
Loading cache for shader CanvasShaderRD, variant 5
Shader 'CanvasOcclusionShaderRD' (group 0) SHA256: 2e1e40e085c85bd3960b7bad3be9bad88a3e02174708138d2eb3215933437ede
Loading cache for shader CanvasOcclusionShaderRD, variant 0
Loading cache for shader CanvasOcclusionShaderRD, variant 1
Loading cache for shader CanvasOcclusionShaderRD, variant 2
Loading cache for shader CanvasShaderRD, variant 0
Loading cache for shader CanvasShaderRD, variant 1
Loading cache for shader CanvasShaderRD, variant 2
Loading cache for shader CanvasShaderRD, variant 3
Loading cache for shader CanvasShaderRD, variant 4
Loading cache for shader CanvasShaderRD, variant 5
Loading cache for shader CanvasShaderRD, variant 0
Loading cache for shader CanvasShaderRD, variant 1
Loading cache for shader CanvasShaderRD, variant 2
Loading cache for shader CanvasShaderRD, variant 3
Loading cache for shader CanvasShaderRD, variant 4
Loading cache for shader CanvasShaderRD, variant 5
Shader 'ClusterRenderShaderRD' (group 0) SHA256: 5520632edde9dc7efc467666b1888d0f07fe10e4c2e113e68f1757bab97a847b
Loading cache for shader ClusterRenderShaderRD, variant 2
Loading cache for shader ClusterRenderShaderRD, variant 3
Shader 'ClusterStoreShaderRD' (group 0) SHA256: 9ca626ebec243544ae7398e49713da5e69391ab29de1ced02b03e718a013c28f
Loading cache for shader ClusterStoreShaderRD, variant 0
Shader 'ClusterDebugShaderRD' (group 0) SHA256: 7253e84e6deaaf9cd1391aff49a754db31e162f9ecaf776485fde4bc31121aa6
Loading cache for shader ClusterDebugShaderRD, variant 0
Shader 'SceneForwardClusteredShaderRD' (group 0) SHA256: df8d1dbb6fb950c04bcc78fb1667a6eb52d604ac1f0317023833936c838ed75f
Shader 'SceneForwardClusteredShaderRD' (group 1) SHA256: 6a184745fdc168cf1854f82e467b075c7754389099dd4260c7cfd820f974abb7
Shader 'SceneForwardClusteredShaderRD' (group 2) SHA256: e54e15eb9546bd2ff28fdb8fc19e33bec138fb364a5418eb6d90e784252ee190
Shader 'SceneForwardClusteredShaderRD' (group 3) SHA256: 210d14d006d21a3471e63300f334a93a8076f61ad1c3147dbd14466d95970249
Loading cache for shader SceneForwardClusteredShaderRD, variant 0
Loading cache for shader SceneForwardClusteredShaderRD, variant 1
Loading cache for shader SceneForwardClusteredShaderRD, variant 2
Loading cache for shader SceneForwardClusteredShaderRD, variant 3
Loading cache for shader SceneForwardClusteredShaderRD, variant 4
Loading cache for shader SceneForwardClusteredShaderRD, variant 5
Loading cache for shader SceneForwardClusteredShaderRD, variant 6
Loading cache for shader SceneForwardClusteredShaderRD, variant 7
Loading cache for shader SceneForwardClusteredShaderRD, variant 0
Loading cache for shader SceneForwardClusteredShaderRD, variant 1
Loading cache for shader SceneForwardClusteredShaderRD, variant 2
Loading cache for shader SceneForwardClusteredShaderRD, variant 3
Loading cache for shader SceneForwardClusteredShaderRD, variant 4
Loading cache for shader SceneForwardClusteredShaderRD, variant 5
Loading cache for shader SceneForwardClusteredShaderRD, variant 6
Loading cache for shader SceneForwardClusteredShaderRD, variant 7
Loading cache for shader SceneForwardClusteredShaderRD, variant 0
Loading cache for shader SceneForwardClusteredShaderRD, variant 1
Loading cache for shader SceneForwardClusteredShaderRD, variant 2
Loading cache for shader SceneForwardClusteredShaderRD, variant 3
Loading cache for shader SceneForwardClusteredShaderRD, variant 4
Loading cache for shader SceneForwardClusteredShaderRD, variant 5
Loading cache for shader SceneForwardClusteredShaderRD, variant 6
Loading cache for shader SceneForwardClusteredShaderRD, variant 7
Shader 'BestFitNormalShaderRD' (group 0) SHA256: 8c748b5176971d04b037d61fe8ee9c0da50efc42fb21ff2f4fc11dbf138ac284
Loading cache for shader BestFitNormalShaderRD, variant 0
Shader 'IntegrateDfgShaderRD' (group 0) SHA256: 287328d7c084c243ad82ac05423c4a58662ea18582b5b369f3288be49e4a66d8
Loading cache for shader IntegrateDfgShaderRD, variant 0
Shader 'ResolveShaderRD' (group 0) SHA256: 5e0937d6a862fc03f2a42b11dd8fcc8ca9fa948bc51bc5504f3e3a92e954cc33
Loading cache for shader ResolveShaderRD, variant 0
Loading cache for shader ResolveShaderRD, variant 1
Loading cache for shader ResolveShaderRD, variant 2
Shader 'TaaResolveShaderRD' (group 0) SHA256: 8e863ed5b6e6cf5b67a722559308f90a5653d397bdedd8d8c2abe45a89893049
Loading cache for shader TaaResolveShaderRD, variant 0
Shader 'Fsr2DepthClipPassShaderRD' (group 0) SHA256: 4130c931008b9d81bce5757c91876fb1c64a992525002d1a9d24c756cdaeb55f
Shader 'Fsr2ReconstructPreviousDepthPassShaderRD' (group 0) SHA256: 7ef7cdf239edd510c42b9e6ef2ca760f08ac92b57c6b2e5562cf430770b69d49
Shader 'Fsr2LockPassShaderRD' (group 0) SHA256: 50c95f98dbda1ad902b8fac4668d32cbfc11a3e86b890460da50600750d6d636
Shader 'Fsr2AccumulatePassShaderRD' (group 0) SHA256: acf7ce56f0f217fbe6fc54b42313d025af58be39a197ea6e6a9c10b1c03de903
Shader 'Fsr2RcasPassShaderRD' (group 0) SHA256: 3f4d394a0080ce37da6dc5f05c36e082efc8f3a0a333428f23697d21a1e665cd
Shader 'Fsr2ComputeLuminancePyramidPassShaderRD' (group 0) SHA256: 246789de2d6807e12325bb146b5b960cbec70a2119fe15f67d12c0a1d55213dd
Shader 'Fsr2AutogenReactivePassShaderRD' (group 0) SHA256: ea81f3d2612452e92eebad3230c8885356cf352779194322ac0b390d949e0a9f
Shader 'Fsr2TcrAutogenPassShaderRD' (group 0) SHA256: c6b965d8d141ea41ff88aa0df571ed29f4b8b5c974713f24b7fa44f23e3db020
Shader 'SsEffectsDownsampleShaderRD' (group 0) SHA256: 47ce5b07a7399a4ea52ee0ba0ba0016f7c1b3429f72c2ef29b4382bf8f1d92e7
Loading cache for shader SsEffectsDownsampleShaderRD, variant 0
Loading cache for shader SsEffectsDownsampleShaderRD, variant 1
Loading cache for shader SsEffectsDownsampleShaderRD, variant 2
Loading cache for shader SsEffectsDownsampleShaderRD, variant 3
Loading cache for shader SsEffectsDownsampleShaderRD, variant 4
Loading cache for shader SsEffectsDownsampleShaderRD, variant 5
Loading cache for shader SsEffectsDownsampleShaderRD, variant 6
Shader 'SsilShaderRD' (group 0) SHA256: 335e8f9954286db1ee28430b2c9ef17fb01fb4bb8b74d688be9cec967dee41e6
Loading cache for shader SsilShaderRD, variant 0
Loading cache for shader SsilShaderRD, variant 1
Loading cache for shader SsilShaderRD, variant 2
Shader 'SsilImportanceMapShaderRD' (group 0) SHA256: 3d668b995f5f00c0cdb73fd8c13cd3bed37bf5f45c10621fcc2475eefd50a7bd
Loading cache for shader SsilImportanceMapShaderRD, variant 0
Loading cache for shader SsilImportanceMapShaderRD, variant 1
Loading cache for shader SsilImportanceMapShaderRD, variant 2
Shader 'SsilBlurShaderRD' (group 0) SHA256: 9d2d3e521c5d1601e636d8fc3e533a52362ad011112fde07a344fe3511cea943
Loading cache for shader SsilBlurShaderRD, variant 0
Loading cache for shader SsilBlurShaderRD, variant 1
Loading cache for shader SsilBlurShaderRD, variant 2
Shader 'SsilInterleaveShaderRD' (group 0) SHA256: 36d769d4532c446edf161d4b3d932557d4fad2904fda9c5f6861ae7fd162c9ee
Loading cache for shader SsilInterleaveShaderRD, variant 0
Loading cache for shader SsilInterleaveShaderRD, variant 1
Loading cache for shader SsilInterleaveShaderRD, variant 2
Shader 'SsaoShaderRD' (group 0) SHA256: 6831fded981ced729634af4cf4f5515538ff84cbb773c0d583873e29462e1080
Loading cache for shader SsaoShaderRD, variant 0
Loading cache for shader SsaoShaderRD, variant 1
Loading cache for shader SsaoShaderRD, variant 2
Shader 'SsaoImportanceMapShaderRD' (group 0) SHA256: fe84d24f104b577d6ae2183f611ddfa9ef6ba4834d972f00460c66aa67c6e788
Loading cache for shader SsaoImportanceMapShaderRD, variant 0
Loading cache for shader SsaoImportanceMapShaderRD, variant 1
Loading cache for shader SsaoImportanceMapShaderRD, variant 2
Shader 'SsaoBlurShaderRD' (group 0) SHA256: 4d3910b2d37af6bb5a68153677dd3f49c424b932871284ee1bb2e31936b31ca0
Loading cache for shader SsaoBlurShaderRD, variant 0
Loading cache for shader SsaoBlurShaderRD, variant 1
Loading cache for shader SsaoBlurShaderRD, variant 2
Shader 'SsaoInterleaveShaderRD' (group 0) SHA256: b804d0579b589636ca331298d9f8885e277e5fd8be1d20d4560044000a029a49
Loading cache for shader SsaoInterleaveShaderRD, variant 0
Loading cache for shader SsaoInterleaveShaderRD, variant 1
Loading cache for shader SsaoInterleaveShaderRD, variant 2
Shader 'ScreenSpaceReflectionScaleShaderRD' (group 0) SHA256: f028513910f44db288a6d0d7315df152a910214dd680426d7817a0db185bb512
Loading cache for shader ScreenSpaceReflectionScaleShaderRD, variant 0
Shader 'ScreenSpaceReflectionShaderRD' (group 0) SHA256: aa7798f702ec7502be62da736ef869c792a69bb4310d9a535e0b6596ad1c4c8f
Loading cache for shader ScreenSpaceReflectionShaderRD, variant 0
Loading cache for shader ScreenSpaceReflectionShaderRD, variant 1
Shader 'ScreenSpaceReflectionFilterShaderRD' (group 0) SHA256: b8974626c582dd282d9ca1bd58b6ffeda45b41e5b160baa199088657ad7eca95
Loading cache for shader ScreenSpaceReflectionFilterShaderRD, variant 0
Loading cache for shader ScreenSpaceReflectionFilterShaderRD, variant 1
Shader 'SubsurfaceScatteringShaderRD' (group 0) SHA256: cfc79a4166aa45746b6bfa4b2a3345978e68ace79a0a82ab13fdda9f32a7a0b0
Loading cache for shader SubsurfaceScatteringShaderRD, variant 0
Loading cache for shader SubsurfaceScatteringShaderRD, variant 1
Loading cache for shader SubsurfaceScatteringShaderRD, variant 2
Shader 'SkyShaderRD' (group 0) SHA256: 9c26bd5dc001c975a8ec36520d74f1e5aa9d8125c8172a160acf52f8ebf362f3
Loading cache for shader SkyShaderRD, variant 0
Loading cache for shader SkyShaderRD, variant 1
Loading cache for shader SkyShaderRD, variant 2
Loading cache for shader SkyShaderRD, variant 3
Loading cache for shader SkyShaderRD, variant 4
Loading cache for shader SkyShaderRD, variant 5
Loading cache for shader SkyShaderRD, variant 0
Loading cache for shader SkyShaderRD, variant 1
Loading cache for shader SkyShaderRD, variant 2
Loading cache for shader SkyShaderRD, variant 3
Loading cache for shader SkyShaderRD, variant 4
Loading cache for shader SkyShaderRD, variant 5
Shader 'VoxelGiShaderRD' (group 0) SHA256: 3d7b0b0258a2977a47dc0a84db7cb49a5e1bfaa74053e42ffae7d3e87d48965f
Loading cache for shader VoxelGiShaderRD, variant 0
Loading cache for shader VoxelGiShaderRD, variant 1
Loading cache for shader VoxelGiShaderRD, variant 2
Loading cache for shader VoxelGiShaderRD, variant 3
Loading cache for shader VoxelGiShaderRD, variant 4
Loading cache for shader VoxelGiShaderRD, variant 5
Loading cache for shader VoxelGiShaderRD, variant 6
Loading cache for shader VoxelGiShaderRD, variant 7
Shader 'VoxelGiDebugShaderRD' (group 0) SHA256: 49ee1e463ded1be1341dc6ee222f492cd9f8484aabe4cf39ca46f519abecbb6c
Loading cache for shader VoxelGiDebugShaderRD, variant 0
Loading cache for shader VoxelGiDebugShaderRD, variant 1
Loading cache for shader VoxelGiDebugShaderRD, variant 2
Loading cache for shader VoxelGiDebugShaderRD, variant 3
Shader 'SdfgiPreprocessShaderRD' (group 0) SHA256: 60c77a38319fd7cc123270bcc0dfbdddd8f74e985d1907c08c726e3d4dbf7b06
Loading cache for shader SdfgiPreprocessShaderRD, variant 0
Loading cache for shader SdfgiPreprocessShaderRD, variant 1
Loading cache for shader SdfgiPreprocessShaderRD, variant 2
Loading cache for shader SdfgiPreprocessShaderRD, variant 3
Loading cache for shader SdfgiPreprocessShaderRD, variant 4
Loading cache for shader SdfgiPreprocessShaderRD, variant 5
Loading cache for shader SdfgiPreprocessShaderRD, variant 6
Loading cache for shader SdfgiPreprocessShaderRD, variant 7
Loading cache for shader SdfgiPreprocessShaderRD, variant 8
Shader 'SdfgiDirectLightShaderRD' (group 0) SHA256: a3474a0b60ebab5bb7010596e49cfb91bbfc3689c4df741b809ddc92e1fa90e9
Loading cache for shader SdfgiDirectLightShaderRD, variant 0
Loading cache for shader SdfgiDirectLightShaderRD, variant 1
Shader 'SdfgiIntegrateShaderRD' (group 0) SHA256: 62e2ae895bf90996b40c48aeab6a59c24d27c6c843ef9ee94adf3f6de80b26ac
Loading cache for shader SdfgiIntegrateShaderRD, variant 0
Loading cache for shader SdfgiIntegrateShaderRD, variant 1
Loading cache for shader SdfgiIntegrateShaderRD, variant 2
Loading cache for shader SdfgiIntegrateShaderRD, variant 3
Shader 'GiShaderRD' (group 0) SHA256: e4e3882307beba471cbf1d2ebf8ca49fedccbba528ef384e7d1e2461d14a71f0
Shader 'GiShaderRD' (group 1) SHA256: 69ca96412569cbef4a05e515b55b5744ab10048a32a6d2fef2a7c2ad984c9155
Loading cache for shader GiShaderRD, variant 0
Loading cache for shader GiShaderRD, variant 1
Loading cache for shader GiShaderRD, variant 2
Loading cache for shader GiShaderRD, variant 3
Loading cache for shader GiShaderRD, variant 4
Shader 'SdfgiDebugShaderRD' (group 0) SHA256: 6de37bb5aa871af3d348d47b0cbfc09f6873bf5a2500f0cf9280e404ff4ce97b
Loading cache for shader SdfgiDebugShaderRD, variant 0
Shader 'SdfgiDebugProbesShaderRD' (group 0) SHA256: c25d7a81827da688487a69637d3e61ae9f31c125940f4fbf05b6de4a2c1e78a9
Loading cache for shader SdfgiDebugProbesShaderRD, variant 0
Loading cache for shader SdfgiDebugProbesShaderRD, variant 1
Loading cache for shader SdfgiDebugProbesShaderRD, variant 2
Loading cache for shader SdfgiDebugProbesShaderRD, variant 3
Shader 'VolumetricFogShaderRD' (group 0) SHA256: 6120947dc0a3cd4bff5b217e63490686b128f0319aabd6f96d597268f68d60e3
Shader 'VolumetricFogShaderRD' (group 1) SHA256: f44655a2103d6cb3b1d0a206e66c4427aca3de3b5de59f72bf7e08db5144f83c
Shader 'VolumetricFogShaderRD' (group 2) SHA256: 963b90021bd602c144aa8f80b75ecdf64c2abe48940f55cf2f25f2deda808186
Shader 'VolumetricFogShaderRD' (group 3) SHA256: 5929600387c20b3c1eead45ba7f6c87fde922e0e4f78f80366f58cdfb10e63f7
Loading cache for shader VolumetricFogShaderRD, variant 0
Shader 'VolumetricFogProcessShaderRD' (group 0) SHA256: 2749f17fe5049db6df987d401e0fb5a52692635224ca129e06c3d6e15dd2dc29
Shader 'VolumetricFogProcessShaderRD' (group 1) SHA256: 8333ba62fcdf5c0ffe915641fe9faa88286844b2bb245d94b41eb48eca8e881d
Shader 'VolumetricFogProcessShaderRD' (group 2) SHA256: 6b05211651f14a1593c8b3be3b5932c64a3beba37ce1e1649b4ea67ac36d3c47
Shader 'VolumetricFogProcessShaderRD' (group 3) SHA256: 14fbd4a37cc30a2991dbfa525da8e6182def041c1eeaa20638fb2597e98f3c52
Loading cache for shader VolumetricFogProcessShaderRD, variant 0
Loading cache for shader VolumetricFogProcessShaderRD, variant 1
Loading cache for shader VolumetricFogProcessShaderRD, variant 2
Loading cache for shader VolumetricFogProcessShaderRD, variant 3
Loading cache for shader VolumetricFogProcessShaderRD, variant 4
Shader 'BokehDofShaderRD' (group 0) SHA256: 5a14c722b7cad6a5d1853b764825b687b8e8c26d08a7edef6f50a28c2a237b9c
Loading cache for shader BokehDofShaderRD, variant 0
Loading cache for shader BokehDofShaderRD, variant 1
Loading cache for shader BokehDofShaderRD, variant 3
Loading cache for shader BokehDofShaderRD, variant 5
Loading cache for shader BokehDofShaderRD, variant 6
Shader 'CopyShaderRD' (group 0) SHA256: 363226e4e754f4dd97b1000777a12a1e717a0202ef34a8bb5cbbee343880d1a3
Loading cache for shader CopyShaderRD, variant 0
Loading cache for shader CopyShaderRD, variant 1
Loading cache for shader CopyShaderRD, variant 2
Loading cache for shader CopyShaderRD, variant 3
Loading cache for shader CopyShaderRD, variant 4
Loading cache for shader CopyShaderRD, variant 5
Loading cache for shader CopyShaderRD, variant 6
Loading cache for shader CopyShaderRD, variant 7
Loading cache for shader CopyShaderRD, variant 8
Loading cache for shader CopyShaderRD, variant 9
Loading cache for shader CopyShaderRD, variant 10
Loading cache for shader CopyShaderRD, variant 11
Loading cache for shader CopyShaderRD, variant 12
Shader 'CopyToFbShaderRD' (group 0) SHA256: 0adebb67e6205ddab89bef68d0541718044b8408d301ef90fcc572ab1f1dc3c1
Loading cache for shader CopyToFbShaderRD, variant 0
Loading cache for shader CopyToFbShaderRD, variant 1
Loading cache for shader CopyToFbShaderRD, variant 2
Loading cache for shader CopyToFbShaderRD, variant 3
Shader 'CubeToDpShaderRD' (group 0) SHA256: f3ba78a7ce282686c1bace415c6d4852f8b5df07fd90aff0139030354b9c53e6
Loading cache for shader CubeToDpShaderRD, variant 0
Shader 'CubemapDownsamplerShaderRD' (group 0) SHA256: 831be8c39044041b2e1da3b55ee6c2d5d5242c0c11326369eda23b7ae42ee04c
Loading cache for shader CubemapDownsamplerShaderRD, variant 0
Shader 'CubemapFilterShaderRD' (group 0) SHA256: 73d1b21cf27dc843bbcc28dc35d902623419ae7f0c17dba1d9c725d82959f576
Loading cache for shader CubemapFilterShaderRD, variant 0
Loading cache for shader CubemapFilterShaderRD, variant 1
Loading cache for shader CubemapFilterShaderRD, variant 2
Loading cache for shader CubemapFilterShaderRD, variant 3
Shader 'CubemapRoughnessShaderRD' (group 0) SHA256: bb92ea060a11d89f9121ad84bf077cdf954f39a59c3cc78038611f19f3d94533
Loading cache for shader CubemapRoughnessShaderRD, variant 0
Shader 'SpecularMergeShaderRD' (group 0) SHA256: 99444119f03d2c92d5ab325e0fa261255c819d4cb4b019c0eaa369b2d0383a8f
Loading cache for shader SpecularMergeShaderRD, variant 0
Loading cache for shader SpecularMergeShaderRD, variant 1
Loading cache for shader SpecularMergeShaderRD, variant 2
Loading cache for shader SpecularMergeShaderRD, variant 3
Shader 'ShadowFrustumShaderRD' (group 0) SHA256: 851c9007fbee11476e65c3cbb595c7113c7e98676c38d49b88056bdb1eb5904b
Loading cache for shader ShadowFrustumShaderRD, variant 0
Shader 'MotionVectorsShaderRD' (group 0) SHA256: e9ac9ae0667a399f458196d55204937c545356cd64ba755844d9c9943cffdc55
Loading cache for shader MotionVectorsShaderRD, variant 0
Shader 'LuminanceReduceShaderRD' (group 0) SHA256: 62fd065f2a03f76e82ff0efdd729b029811828e67b3dc62b0dd4c1b2a8eb2c23
Loading cache for shader LuminanceReduceShaderRD, variant 0
Loading cache for shader LuminanceReduceShaderRD, variant 1
Loading cache for shader LuminanceReduceShaderRD, variant 2
Shader 'SmaaEdgeDetectionShaderRD' (group 0) SHA256: e4c623cbbd80f252ca1afe76f478a818c89eb124cff6ca285865b0ba733f1f07
Loading cache for shader SmaaEdgeDetectionShaderRD, variant 0
Shader 'SmaaWeightCalculationShaderRD' (group 0) SHA256: 604beebafad6f83aaaead58113c3a3e5b0ed7a7c5605fd197dd952e3821b5878
Loading cache for shader SmaaWeightCalculationShaderRD, variant 0
Shader 'SmaaBlendingShaderRD' (group 0) SHA256: 9f3b4dcf01e8d340348bba93235fb3c9c13964b1e1bd23e7d59891cc9748a71c
Loading cache for shader SmaaBlendingShaderRD, variant 0
Shader 'TonemapShaderRD' (group 0) SHA256: 06d49e3e1e33f4e3f9069e4df65b734ffc54e7ad36b2b03be9c40766a30f7576
Loading cache for shader TonemapShaderRD, variant 0
Loading cache for shader TonemapShaderRD, variant 1
Loading cache for shader TonemapShaderRD, variant 2
Loading cache for shader TonemapShaderRD, variant 3
Loading cache for shader TonemapShaderRD, variant 4
Loading cache for shader TonemapShaderRD, variant 5
Shader 'FsrUpscaleShaderRD' (group 0) SHA256: 0715ca028e84f0a9b6f91a4ac308d37a5c185438f466e254fac8b7377dc10759
Loading cache for shader FsrUpscaleShaderRD, variant 0
Loading cache for shader FsrUpscaleShaderRD, variant 1
Shader 'BlitShaderRD' (group 0) SHA256: 25c59c709fcd7c8e69780f3edeaebc055b68c06b660c69bb43d8246614325591
Loading cache for shader BlitShaderRD, variant 0
Loading cache for shader BlitShaderRD, variant 1
Loading cache for shader BlitShaderRD, variant 2
Loading cache for shader BlitShaderRD, variant 3
CoreAudio: detected 2 channels
CoreAudio: output sampling rate: 48000 Hz
CoreAudio: output audio buffer frames: 512 calculated latency: 10ms

[mvk-info] Created 3 swapchain images with size (3024, 1890) and contents scale 2.0 in layer CAMetalLayer: GodotContentView (0x7fdc43916c90) on screen Built-in Retina Display.
TextServer: Primary interface set to: "ICU / HarfBuzz / Graphite (Built-in)".
Loading resource: res://audio/default_bus_layout.tres
CORE API HASH: 937899573
EDITOR API HASH: 1777164193
SceneTreeFTI: traversal method DEFAULT
Loading resource: res://audio/music_manager.gd
Loading resource: res://race/race_state.gd
Loaded system CA certificates
Loading resource: res://tests/performance_test_detailed.tscn
Loading resource: res://addons/gevp/scenes/nexia_car.tscn
Loading resource: res://addons/gevp/scripts/vehicle.gd
Loading resource: res://car/models/nexia/scene.gltf
Loading resource: res://.godot/imported/scene.gltf-da3723215ad592219a17a8e3f5ec4079.scn
Loading resource: res://car/models/nexia/textures/Black_leather_baseColor.jpeg
Loading resource: res://.godot/imported/Black_leather_baseColor.jpeg-27dd6f30fef7f3a67c1452b21a139442.s3tc.ctex
Loading resource: res://car/models/nexia/textures/Black_leather_normal.png
Loading resource: res://.godot/imported/Black_leather_normal.png-645df4b6ce11f1f4aba9288d250b742d.s3tc.ctex
Loading resource: res://car/models/nexia/textures/Black_Opaque__Glass_baseColor.png
Loading resource: res://.godot/imported/Black_Opaque__Glass_baseColor.png-8658f51f68c57f44cb0f6d55f3c25917.s3tc.ctex
Loading resource: res://car/models/nexia/textures/Black_Opaque__Glass_emissive.jpeg
Loading resource: res://.godot/imported/Black_Opaque__Glass_emissive.jpeg-c45eddde3afb26a113f3ebe2e1d65d70.s3tc.ctex
Loading resource: res://car/models/nexia/textures/Black_Opaque__Glass_normal.png
Loading resource: res://.godot/imported/Black_Opaque__Glass_normal.png-483320fc9a3689ffc546bb08f7e8d3e6.s3tc.ctex
Loading cache for shader SceneForwardClusteredShaderRD, variant 0
Loading cache for shader SceneForwardClusteredShaderRD, variant 1
Loading cache for shader SceneForwardClusteredShaderRD, variant 2
Loading cache for shader SceneForwardClusteredShaderRD, variant 3
Loading cache for shader SceneForwardClusteredShaderRD, variant 4
Loading cache for shader SceneForwardClusteredShaderRD, variant 5
Loading cache for shader SceneForwardClusteredShaderRD, variant 6
Loading cache for shader SceneForwardClusteredShaderRD, variant 7
Loading cache for shader SceneForwardClusteredShaderRD, variant 0
Loading cache for shader SceneForwardClusteredShaderRD, variant 1
Loading cache for shader SceneForwardClusteredShaderRD, variant 2
Loading cache for shader SceneForwardClusteredShaderRD, variant 3
Loading cache for shader SceneForwardClusteredShaderRD, variant 4
Loading cache for shader SceneForwardClusteredShaderRD, variant 5
Loading cache for shader SceneForwardClusteredShaderRD, variant 6
Loading cache for shader SceneForwardClusteredShaderRD, variant 7
Loading cache for shader SceneForwardClusteredShaderRD, variant 0
Loading cache for shader SceneForwardClusteredShaderRD, variant 1
Loading cache for shader SceneForwardClusteredShaderRD, variant 2
Loading cache for shader SceneForwardClusteredShaderRD, variant 3
Loading cache for shader SceneForwardClusteredShaderRD, variant 4
Loading cache for shader SceneForwardClusteredShaderRD, variant 5
Loading cache for shader SceneForwardClusteredShaderRD, variant 6
Loading cache for shader SceneForwardClusteredShaderRD, variant 7
Loading resource: res://car/nexia_setup.gd
Loading resource: res://addons/gevp/scripts/wheel_visibility.gd
Loading resource: res://addons/gevp/scripts/vehicle_input.gd
Loading resource: res://addons/gevp/scripts/engine_sound.gd
Loading resource: res://addons/gevp/scripts/tire_squeal_sound.gd
Loading resource: res://addons/gevp/sounds/4000.wav
Loading resource: res://.godot/imported/4000.wav-5b7af0defc40e9d8fb80f07cca8d9fcd.sample
Loading resource: res://addons/gevp/sounds/tire_squeal.wav
Loading resource: res://.godot/imported/tire_squeal.wav-c8a8ffb33767ae9357a23caee4b04892.sample
Loading cache for shader SceneForwardClusteredShaderRD, variant 0
Loading cache for shader SceneForwardClusteredShaderRD, variant 1
Loading cache for shader SceneForwardClusteredShaderRD, variant 2
Loading cache for shader SceneForwardClusteredShaderRD, variant 3
Loading cache for shader SceneForwardClusteredShaderRD, variant 4
Loading cache for shader SceneForwardClusteredShaderRD, variant 5
Loading cache for shader SceneForwardClusteredShaderRD, variant 6
Loading cache for shader SceneForwardClusteredShaderRD, variant 7
Loading cache for shader SceneForwardClusteredShaderRD, variant 0
Loading cache for shader SceneForwardClusteredShaderRD, variant 1
Loading cache for shader SceneForwardClusteredShaderRD, variant 2
Loading cache for shader SceneForwardClusteredShaderRD, variant 3
Loading cache for shader SceneForwardClusteredShaderRD, variant 4
Loading cache for shader SceneForwardClusteredShaderRD, variant 5
Loading cache for shader SceneForwardClusteredShaderRD, variant 6
Loading cache for shader SceneForwardClusteredShaderRD, variant 7
Loading resource: res://tests/performance_test_detailed.gd
Loading resource: res://camera/follow_camera.gd
Loading resource: res://osm/osm_terrain_generator.gd
Loading resource: res://osm/building_wall.gdshader
Loading resource: res://models/trees/birch/scene.gltf
Loading resource: res://.godot/imported/scene.gltf-79a80a6e289860ce24a364f86dd8e784.scn
Loading resource: res://models/trees/birch/textures/Trunk_baseColor.png
Loading resource: res://.godot/imported/Trunk_baseColor.png-327e2ef3ab35d7fea241a502c77c236d.s3tc.ctex
Loading resource: res://traffic/npc_car.tscn
Loading resource: res://traffic/npc_car.gd
Loading resource: res://traffic/npc_lada_2109.tscn
WARNING: res://traffic/npc_lada_2109.tscn:4 - ext_resource, invalid UID: uid://bvnqxj3m4y5oa - using text path instead: res://car/models/lada_2109_dps/scene.gltf
     at: load (scene/resources/resource_format_text.cpp:444)
Loading resource: res://car/models/lada_2109_dps/scene.gltf
Loading resource: res://.godot/imported/scene.gltf-f24f699731375136b32f89ade3a8eddc.scn
Loading resource: res://car/models/lada_2109_dps/textures/Flashlight_lambert_baseColor.png
Loading resource: res://.godot/imported/Flashlight_lambert_baseColor.png-b355e794557fe548f6fa216b11a43455.s3tc.ctex
Loading resource: res://car/models/lada_2109_dps/textures/Flashlight_lambert_metallicRoughness.png
Loading resource: res://.godot/imported/Flashlight_lambert_metallicRoughness.png-b6f98fc79bf4819e1df6cfc74708587a.s3tc.ctex
Loading resource: res://car/models/lada_2109_dps/textures/Flashlight_lambert_normal.png
Loading resource: res://.godot/imported/Flashlight_lambert_normal.png-769f16b6d1cab547b5b4600e43f7af03.s3tc.ctex
Loading resource: res://car/models/lada_2109_dps/textures/Cleaner_lambert_baseColor.png
Loading resource: res://.godot/imported/Cleaner_lambert_baseColor.png-bb2ae7fcd466234fc794558247c635b5.s3tc.ctex
Loading resource: res://car/models/lada_2109_dps/textures/Mirror_lambert_baseColor.png
Loading resource: res://.godot/imported/Mirror_lambert_baseColor.png-5112edd329aff07d78e1ab96052b3e78.s3tc.ctex
Loading resource: res://car/models/lada_2109_dps/textures/Mirror_lambert_metallicRoughness.png
Loading resource: res://.godot/imported/Mirror_lambert_metallicRoughness.png-bbcd66006f159de42aba40ee24912bbc.s3tc.ctex
Loading resource: res://car/models/lada_2109_dps/textures/Mirror_lambert_normal.png
Loading resource: res://.godot/imported/Mirror_lambert_normal.png-58a0ac522a99e7fae172c676b4a29831.s3tc.ctex
Loading resource: res://car/models/lada_2109_dps/textures/taxycap_lambert_baseColor.png
Loading resource: res://.godot/imported/taxycap_lambert_baseColor.png-80673c8306ea25f20d6161d594f81adc.s3tc.ctex
Loading resource: res://car/models/lada_2109_dps/textures/taxycap_lambert_metallicRoughness.png
Loading resource: res://.godot/imported/taxycap_lambert_metallicRoughness.png-e537f5ae30215425bae2808fc2b3b833.s3tc.ctex
Loading resource: res://car/models/lada_2109_dps/textures/taxycap_lambert_normal.png
Loading resource: res://.godot/imported/taxycap_lambert_normal.png-a8eec270eb4e388f2bd7ac1cc98f65b7.s3tc.ctex
Loading resource: res://car/models/lada_2109_dps/textures/Whells3_lambert_baseColor.png
Loading resource: res://.godot/imported/Whells3_lambert_baseColor.png-534e942fd1713c61b1afb676d297402d.s3tc.ctex
Loading resource: res://car/models/lada_2109_dps/textures/Whells3_lambert_metallicRoughness.png
Loading resource: res://.godot/imported/Whells3_lambert_metallicRoughness.png-53a41be61f57b913febcf41fdd10c606.s3tc.ctex
Loading resource: res://car/models/lada_2109_dps/textures/Whells1_lambert_metallicRoughness.png
Loading resource: res://.godot/imported/Whells1_lambert_metallicRoughness.png-6b7c4747eed5d5f4d04e1d581b984c48.s3tc.ctex
Loading resource: res://car/models/lada_2109_dps/textures/CarBody_lambert_baseColor.png
Loading resource: res://.godot/imported/CarBody_lambert_baseColor.png-f4491e448971bed28d689a53e30c796d.s3tc.ctex
Loading resource: res://car/models/lada_2109_dps/textures/CarBody_lambert_metallicRoughness.png
Loading resource: res://.godot/imported/CarBody_lambert_metallicRoughness.png-e54ab5111cd11d73f9bb0c07746ae0d0.s3tc.ctex
Loading resource: res://car/models/lada_2109_dps/textures/CarBody_lambert_normal.png
Loading resource: res://.godot/imported/CarBody_lambert_normal.png-b5c3687dea7001e21bf71938599ff44a.s3tc.ctex
Loading cache for shader SceneForwardClusteredShaderRD, variant 0
Loading cache for shader SceneForwardClusteredShaderRD, variant 1
Loading cache for shader SceneForwardClusteredShaderRD, variant 2
Loading cache for shader SceneForwardClusteredShaderRD, variant 3
Loading cache for shader SceneForwardClusteredShaderRD, variant 4
Loading cache for shader SceneForwardClusteredShaderRD, variant 5
Loading cache for shader SceneForwardClusteredShaderRD, variant 6
Loading cache for shader SceneForwardClusteredShaderRD, variant 7
Loading cache for shader SceneForwardClusteredShaderRD, variant 0
Loading cache for shader SceneForwardClusteredShaderRD, variant 1
Loading cache for shader SceneForwardClusteredShaderRD, variant 2
Loading cache for shader SceneForwardClusteredShaderRD, variant 3
Loading cache for shader SceneForwardClusteredShaderRD, variant 4
Loading cache for shader SceneForwardClusteredShaderRD, variant 5
Loading cache for shader SceneForwardClusteredShaderRD, variant 6
Loading cache for shader SceneForwardClusteredShaderRD, variant 7
Loading resource: res://car/lada_2109_setup.gd
Loading resource: res://traffic/npc_taxi.tscn
WARNING: res://traffic/npc_taxi.tscn:4 - ext_resource, invalid UID: uid://taxi_model - using text path instead: res://car/models/lada_2109_taxi/scene.gltf
     at: load (scene/resources/resource_format_text.cpp:444)
Loading resource: res://car/models/lada_2109_taxi/scene.gltf
Loading resource: res://.godot/imported/scene.gltf-b52ab687efc1f0120251ce55fdab14dd.scn
Loading resource: res://car/models/lada_2109_taxi/textures/Cleaner_lambert_baseColor.png
Loading resource: res://.godot/imported/Cleaner_lambert_baseColor.png-bcf9981b53946007b4a8647d2cfcc91a.s3tc.ctex
Loading resource: res://car/models/lada_2109_taxi/textures/Mirror_lambert_baseColor.png
Loading resource: res://.godot/imported/Mirror_lambert_baseColor.png-427a768a217cd62a68b2ecded39220b3.s3tc.ctex
Loading resource: res://car/models/lada_2109_taxi/textures/Mirror_lambert_metallicRoughness.png
Loading resource: res://.godot/imported/Mirror_lambert_metallicRoughness.png-91c03a15ed7a5008d133f552f2119f55.s3tc.ctex
Loading resource: res://car/models/lada_2109_taxi/textures/taxycap_lambert_baseColor.png
Loading resource: res://.godot/imported/taxycap_lambert_baseColor.png-0bc8f32a9cd7551fd571d5415cd35c78.s3tc.ctex
Loading resource: res://car/models/lada_2109_taxi/textures/taxycap_lambert_metallicRoughness.png
Loading resource: res://.godot/imported/taxycap_lambert_metallicRoughness.png-a68effdd3bfc7b4fcef90951717e7a3d.s3tc.ctex
Loading resource: res://car/models/lada_2109_taxi/textures/Whells3_lambert_baseColor.png
Loading resource: res://.godot/imported/Whells3_lambert_baseColor.png-5d8885656e4f1d67fb2e2281623b52b2.s3tc.ctex
Loading resource: res://car/models/lada_2109_taxi/textures/Whells2_lambert_metallicRoughness.png
Loading resource: res://.godot/imported/Whells2_lambert_metallicRoughness.png-aaa6575caface87bf44297abb8c9b821.s3tc.ctex
Loading resource: res://car/models/lada_2109_taxi/textures/Whells3_lambert_metallicRoughness.png
Loading resource: res://.godot/imported/Whells3_lambert_metallicRoughness.png-a3ef1c1cc236839d0f7707a7d8869f9f.s3tc.ctex
Loading resource: res://car/models/lada_2109_taxi/textures/VAZ2109_BASE_lambert_baseColor.png
Loading resource: res://.godot/imported/VAZ2109_BASE_lambert_baseColor.png-bf15a1e211e98d1b58e2bab566b66185.s3tc.ctex
Loading resource: res://car/models/lada_2109_taxi/textures/VAZ2109_BASE_lambert_metallicRoughness.png
Loading resource: res://.godot/imported/VAZ2109_BASE_lambert_metallicRoughness.png-977fe43c5d7cc17bdc9b17cf06c70ef1.s3tc.ctex
Loading resource: res://car/models/lada_2109_taxi/textures/VAZ2109_BASE_lambert_normal.png
Loading resource: res://.godot/imported/VAZ2109_BASE_lambert_normal.png-cfeb2c0af6329849102c29c2e9bd8a65.s3tc.ctex
Loading resource: res://traffic/traffic_manager.gd
Loading resource: res://traffic/npc_paz.tscn
Loading resource: res://car/models/paz_32053/scene.gltf
Loading resource: res://.godot/imported/scene.gltf-e2ef1de0e6e96c2fdc37a92edd0871d3.scn
Loading resource: res://car/models/paz_32053/textures/Material.006_baseColor.png
Loading resource: res://.godot/imported/Material.006_baseColor.png-cfb6d2383ff6937aac0fe6a6e3e13a87.s3tc.ctex
Loading resource: res://car/models/paz_32053/textures/Material.006_metallicRoughness.png
Loading resource: res://.godot/imported/Material.006_metallicRoughness.png-b65e4d33e5f2d1bdd59486b591a744e1.s3tc.ctex
Loading resource: res://car/models/paz_32053/textures/Material.006_normal.png
Loading resource: res://.godot/imported/Material.006_normal.png-d1ec12af03a9dc62e01eb28b35da9f97.s3tc.ctex
Loading resource: res://car/paz_setup.gd
Loading resource: res://traffic/npc_vaz_2107.tscn
Loading resource: res://car/models/vaz_2107/scene.gltf
Loading resource: res://.godot/imported/scene.gltf-d7b131791e86e600027f4f17262117df.scn
Loading resource: res://car/models/vaz_2107/scene_0.png
Loading resource: res://.godot/imported/scene_0.png-e25bcb14a0f0651912c08347d50bbdc8.s3tc.ctex
Loading resource: res://car/models/vaz_2107/scene_1.png
Loading resource: res://.godot/imported/scene_1.png-4c7a5d36203d9d437746c6449e41c734.s3tc.ctex
Loading resource: res://car/models/vaz_2107/scene_2.png
Loading resource: res://.godot/imported/scene_2.png-1981eda6296e0043ff00aad2572e0abb.s3tc.ctex
Loading resource: res://car/models/vaz_2107/scene_3.png
Loading resource: res://.godot/imported/scene_3.png-d38c00ebf4e93dae6de409b7897aca58.s3tc.ctex
Loading resource: res://car/models/vaz_2107/scene_4.png
Loading resource: res://.godot/imported/scene_4.png-b3bddbd8efa4d8603c141a84c096ee55.s3tc.ctex
Loading cache for shader SceneForwardClusteredShaderRD, variant 0
Loading cache for shader SceneForwardClusteredShaderRD, variant 1
Loading cache for shader SceneForwardClusteredShaderRD, variant 2
Loading cache for shader SceneForwardClusteredShaderRD, variant 3
Loading cache for shader SceneForwardClusteredShaderRD, variant 4
Loading cache for shader SceneForwardClusteredShaderRD, variant 5
Loading cache for shader SceneForwardClusteredShaderRD, variant 6
Loading cache for shader SceneForwardClusteredShaderRD, variant 7
Loading resource: res://car/vaz_2107_setup.gd
Loading resource: res://night_mode/night_mode_manager.gd
Loading resource: res://settings/graphics_settings.gd
Loading resource: res://textures/ground_setup.gd
Loading resource: res://tests/bottleneck_analyzer.gd
Loading cache for shader SkyShaderRD, variant 0
Loading cache for shader SkyShaderRD, variant 1
Loading cache for shader SkyShaderRD, variant 2
Loading cache for shader SkyShaderRD, variant 3
Loading cache for shader SkyShaderRD, variant 4
Loading cache for shader SkyShaderRD, variant 5
ERROR: Error opening file 'res://icon.svg'.
   at: load_image (core/io/image_loader.cpp:89)
Loading resource: res://audio/music/petya_pavlov_ya_hochu_skorosti.ogg
Loading resource: res://.godot/imported/petya_pavlov_ya_hochu_skorosti.ogg-1975faad5a524bfffff2345ac5d67add.oggvorbisstr
MusicManager: Now playing track 0: Петя Павлов - Я хочу скорости
OSM: Initializing textures...
WARNING: Image format RGB8 not supported by hardware, converting to RGBA8.
     at: _validate_texture_format (servers/rendering/renderer_rd/storage_rd/texture_storage.cpp:2265)
     GDScript backtrace (most recent call first):
         [0] create_highway_texture (res://textures/texture_generator.gd:111)
         [1] _init_textures (res://osm/osm_terrain_generator.gd:291)
         [2] _ready (res://osm/osm_terrain_generator.gd:231)
WARNING: Image format RGB8 not supported by hardware, converting to RGBA8.
     at: _validate_texture_format (servers/rendering/renderer_rd/storage_rd/texture_storage.cpp:2265)
     GDScript backtrace (most recent call first):
         [0] create_primary_texture (res://textures/texture_generator.gd:160)
         [1] _init_textures (res://osm/osm_terrain_generator.gd:292)
         [2] _ready (res://osm/osm_terrain_generator.gd:231)
WARNING: Image format RGB8 not supported by hardware, converting to RGBA8.
     at: _validate_texture_format (servers/rendering/renderer_rd/storage_rd/texture_storage.cpp:2265)
     GDScript backtrace (most recent call first):
         [0] create_road_texture (res://textures/texture_generator.gd:61)
         [1] _init_textures (res://osm/osm_terrain_generator.gd:293)
         [2] _ready (res://osm/osm_terrain_generator.gd:231)
WARNING: Image format RGB8 not supported by hardware, converting to RGBA8.
     at: _validate_texture_format (servers/rendering/renderer_rd/storage_rd/texture_storage.cpp:2265)
     GDScript backtrace (most recent call first):
         [0] create_sidewalk_texture (res://textures/texture_generator.gd:209)
         [1] _init_textures (res://osm/osm_terrain_generator.gd:294)
         [2] _ready (res://osm/osm_terrain_generator.gd:231)
WARNING: Image format RGB8 not supported by hardware, converting to RGBA8.
     at: _validate_texture_format (servers/rendering/renderer_rd/storage_rd/texture_storage.cpp:2265)
     GDScript backtrace (most recent call first):
         [0] create_intersection_texture (res://textures/texture_generator.gd:184)
         [1] _init_textures (res://osm/osm_terrain_generator.gd:295)
         [2] _ready (res://osm/osm_terrain_generator.gd:231)
WARNING: Image format RGB8 not supported by hardware, converting to RGBA8.
     at: _validate_texture_format (servers/rendering/renderer_rd/storage_rd/texture_storage.cpp:2265)
     GDScript backtrace (most recent call first):
         [0] create_panel_building_no_windows (res://textures/texture_generator.gd:367)
         [1] _init_textures (res://osm/osm_terrain_generator.gd:298)
         [2] _ready (res://osm/osm_terrain_generator.gd:231)
WARNING: Image format RGB8 not supported by hardware, converting to RGBA8.
     at: _validate_texture_format (servers/rendering/renderer_rd/storage_rd/texture_storage.cpp:2265)
     GDScript backtrace (most recent call first):
         [0] create_brick_building_no_windows (res://textures/texture_generator.gd:401)
         [1] _init_textures (res://osm/osm_terrain_generator.gd:299)
         [2] _ready (res://osm/osm_terrain_generator.gd:231)
WARNING: Image format RGB8 not supported by hardware, converting to RGBA8.
     at: _validate_texture_format (servers/rendering/renderer_rd/storage_rd/texture_storage.cpp:2265)
     GDScript backtrace (most recent call first):
         [0] create_wall_texture (res://textures/texture_generator.gd:325)
         [1] _init_textures (res://osm/osm_terrain_generator.gd:300)
         [2] _ready (res://osm/osm_terrain_generator.gd:231)
WARNING: Image format RGB8 not supported by hardware, converting to RGBA8.
     at: _validate_texture_format (servers/rendering/renderer_rd/storage_rd/texture_storage.cpp:2265)
     GDScript backtrace (most recent call first):
         [0] create_roof_texture (res://textures/texture_generator.gd:309)
         [1] _init_textures (res://osm/osm_terrain_generator.gd:301)
         [2] _ready (res://osm/osm_terrain_generator.gd:231)
WARNING: Loaded resource as image file, this will not work on export: 'res://textures/Grass004_1K-JPG_Color.jpg'. Instead, import the image file as an Image resource and load it normally as a resource.
     at: load_from_file (core/io/image.cpp:2541)
     GDScript backtrace (most recent call first):
         [0] _init_textures (res://osm/osm_terrain_generator.gd:304)
         [1] _ready (res://osm/osm_terrain_generator.gd:231)
WARNING: Image format RGB8 not supported by hardware, converting to RGBA8.
     at: _validate_texture_format (servers/rendering/renderer_rd/storage_rd/texture_storage.cpp:2265)
     GDScript backtrace (most recent call first):
         [0] _init_textures (res://osm/osm_terrain_generator.gd:306)
         [1] _ready (res://osm/osm_terrain_generator.gd:231)
WARNING: Image format RGB8 not supported by hardware, converting to RGBA8.
     at: _validate_texture_format (servers/rendering/renderer_rd/storage_rd/texture_storage.cpp:2265)
     GDScript backtrace (most recent call first):
         [0] create_forest_texture (res://textures/texture_generator.gd:575)
         [1] _init_textures (res://osm/osm_terrain_generator.gd:309)
         [2] _ready (res://osm/osm_terrain_generator.gd:231)
WARNING: Image format RGB8 not supported by hardware, converting to RGBA8.
     at: _validate_texture_format (servers/rendering/renderer_rd/storage_rd/texture_storage.cpp:2265)
     GDScript backtrace (most recent call first):
         [0] create_asphalt_normal (res://textures/texture_generator.gd:627)
         [1] _init_textures (res://osm/osm_terrain_generator.gd:313)
         [2] _ready (res://osm/osm_terrain_generator.gd:231)
WARNING: Image format RGB8 not supported by hardware, converting to RGBA8.
     at: _validate_texture_format (servers/rendering/renderer_rd/storage_rd/texture_storage.cpp:2265)
     GDScript backtrace (most recent call first):
         [0] create_brick_normal (res://textures/texture_generator.gd:657)
         [1] _init_textures (res://osm/osm_terrain_generator.gd:314)
         [2] _ready (res://osm/osm_terrain_generator.gd:231)
WARNING: Image format RGB8 not supported by hardware, converting to RGBA8.
     at: _validate_texture_format (servers/rendering/renderer_rd/storage_rd/texture_storage.cpp:2265)
     GDScript backtrace (most recent call first):
         [0] create_concrete_normal (res://textures/texture_generator.gd:693)
         [1] _init_textures (res://osm/osm_terrain_generator.gd:315)
         [2] _ready (res://osm/osm_terrain_generator.gd:231)
WARNING: Image format RGB8 not supported by hardware, converting to RGBA8.
     at: _validate_texture_format (servers/rendering/renderer_rd/storage_rd/texture_storage.cpp:2265)
     GDScript backtrace (most recent call first):
         [0] create_panel_building_normal (res://textures/texture_generator.gd:744)
         [1] _init_textures (res://osm/osm_terrain_generator.gd:316)
         [2] _ready (res://osm/osm_terrain_generator.gd:231)
OSM: Textures initialized in 1437 ms
OSM: Initializing window shader (compile once, reuse for all batches)...
OSM: Window shader compiled
=== Performance Profiler Started ===
[OSMTerrain] Profiler created for diagnostics
OSMTerrainGenerator: Profiler connected - road performance will be measured

========== Bottleneck Analyzer Started ==========
Collecting performance data...
=================================================

Loading resource: res://tests/performance_logger.gd

========== DETAILED PERFORMANCE TEST ==========
Random seed: 12345 (fixed for reproducibility)
Location: Cherepovets (59.1167, 37.9000)
Duration: 90 seconds
Spike threshold: 25.0 ms
Tracking: Every spike > 25.0 ms
Night mode: ENABLED
==============================================

2026-01-31 07:14:08.253 Godot[69017:2121481] +[IMKClient subclass]: chose IMKClient_Modern
OSM: Night mode enabled
OSM: Chunk distances - load: 700, unload: 900
OSM: Fog enabled (density: 0.0013 for 600m)
OSM: Ready for loading (waiting for start_loading call)...
Nexia: Found mesh: body_Car Paint PL_0
  -> Created override material for surface 0
  -> Material: Car_Paint_PL (StandardMaterial3D)
  -> Changed body color to cherry (glossy)
Nexia: Found mesh: body_Car Paint PL_02
  -> Created override material for surface 0
  -> Material: Car_Paint_PL (StandardMaterial3D)
  -> Changed body color to cherry (glossy)
Nexia: Found mesh: body_Car Paint PL_03
  -> Created override material for surface 0
  -> Material: Car_Paint_PL (StandardMaterial3D)
  -> Changed body color to cherry (glossy)
Nexia: Found mesh: body_Black leather_0
  -> Skipping (light/wheel/chrome/interior)
Nexia: Found mesh: body_Black leather_02
  -> Skipping (light/wheel/chrome/interior)
Nexia: Found mesh: body_Black leather_03
  -> Skipping (light/wheel/chrome/interior)
Nexia: Found mesh: body_Black Opaque  Glass_0
  -> Created override material for surface 0
  -> Material: Black_Opaque__Glass (StandardMaterial3D)
  -> Changed glass to tinted (day mode)
Nexia: Found mesh: body_mattemetal_0
  -> Skipping (light/wheel/chrome/interior)
Nexia: Found mesh: body_orangeglass_0
  -> Skipping (light/wheel/chrome/interior)
Nexia: Found mesh: body_chrome_0
  -> Skipping (light/wheel/chrome/interior)
Nexia: Found mesh: body_chrome_02
  -> Skipping (light/wheel/chrome/interior)
Nexia: Found mesh: body_chrome_03
  -> Skipping (light/wheel/chrome/interior)
Nexia: Found mesh: body_chrome_04
  -> Skipping (light/wheel/chrome/interior)
Nexia: Found mesh: body_redglass_0
  -> Skipping (light/wheel/chrome/interior)
Nexia: Found mesh: body_AR3DMat Procedural Realistic Mirror_0
  -> Skipping (light/wheel/chrome/interior)
Nexia: Found mesh: wheel_front_left_TireProcedural_0
  -> Skipping (light/wheel/chrome/interior)
Nexia: Found mesh: wheel_front_left_rim_0
  -> Skipping (light/wheel/chrome/interior)
Nexia: Found mesh: wheel_front_left_black_0
  -> Skipping (light/wheel/chrome/interior)
Nexia: Found mesh: wheel_front_left_brakedisk_0
  -> Skipping (light/wheel/chrome/interior)
Nexia: Found mesh: wheel_front_left_mattemetal_0
  -> Skipping (light/wheel/chrome/interior)
Nexia: Found mesh: wheel_front_right_TireProcedural_0
  -> Skipping (light/wheel/chrome/interior)
Nexia: Found mesh: wheel_front_right_rim_0
  -> Skipping (light/wheel/chrome/interior)
Nexia: Found mesh: wheel_front_right_black_0
  -> Skipping (light/wheel/chrome/interior)
Nexia: Found mesh: wheel_front_right_brakedisk_0
  -> Skipping (light/wheel/chrome/interior)
Nexia: Found mesh: wheel_front_right_mattemetal_0
  -> Skipping (light/wheel/chrome/interior)
Nexia: Found mesh: wheel_rear_left_TireProcedural_0
  -> Skipping (light/wheel/chrome/interior)
Nexia: Found mesh: wheel_rear_left_black_0
  -> Skipping (light/wheel/chrome/interior)
Nexia: Found mesh: wheel_rear_left_brakedisk_0
  -> Skipping (light/wheel/chrome/interior)
Nexia: Found mesh: wheel_rear_left_rim_0
  -> Skipping (light/wheel/chrome/interior)
Nexia: Found mesh: wheel_rear_left_mattemetal_0
  -> Skipping (light/wheel/chrome/interior)
Nexia: Found mesh: wheel_rear_right_TireProcedural_0
  -> Skipping (light/wheel/chrome/interior)
Nexia: Found mesh: wheel_rear_right_black_0
  -> Skipping (light/wheel/chrome/interior)
Nexia: Found mesh: wheel_rear_right_brakedisk_0
  -> Skipping (light/wheel/chrome/interior)
Nexia: Found mesh: wheel_rear_right_rim_0
  -> Skipping (light/wheel/chrome/interior)
Nexia: Found mesh: wheel_rear_right_mattemetal_0
  -> Skipping (light/wheel/chrome/interior)
Nexia: Found taillight mesh: body_redglass_0
  -> Added taillight material
  -> Created brake SpotLight at (-0.5, 0.9, 1.95)
  -> Created brake SpotLight at (0.5, 0.9, 1.95)
Nexia: Found front marker mesh: body_orangeglass_0
  -> Added front marker material
  -> Created headlight SpotLight at (-0.55, 0.75, -1.9)
  -> Created headlight SpotLight at (0.55, 0.75, -1.9)
  -> Created underglow with 16 lights
Nexia model setup complete
=== Performance Profiler Started ===
[TrafficManager] Profiler created for diagnostics
TrafficManager: Initialized (max 200 NPCs)
Loading cache for shader SkyShaderRD, variant 0
Loading cache for shader SkyShaderRD, variant 1
Loading cache for shader SkyShaderRD, variant 2
Loading cache for shader SkyShaderRD, variant 3
Loading cache for shader SkyShaderRD, variant 4
Loading cache for shader SkyShaderRD, variant 5
Loading cache for shader SkyShaderRD, variant 0
Loading cache for shader SkyShaderRD, variant 1
Loading cache for shader SkyShaderRD, variant 2
Loading cache for shader SkyShaderRD, variant 3
Loading cache for shader SkyShaderRD, variant 4
Loading cache for shader SkyShaderRD, variant 5
Loading cache for shader ParticlesShaderRD, variant 0
Loading cache for shader SceneForwardClusteredShaderRD, variant 0
Loading cache for shader SceneForwardClusteredShaderRD, variant 1
Loading cache for shader SceneForwardClusteredShaderRD, variant 2
Loading cache for shader SceneForwardClusteredShaderRD, variant 3
Loading cache for shader SceneForwardClusteredShaderRD, variant 4
Loading cache for shader SceneForwardClusteredShaderRD, variant 5
Loading cache for shader SceneForwardClusteredShaderRD, variant 6
Loading cache for shader SceneForwardClusteredShaderRD, variant 7
NightModeManager: Ready (day mode, no rain)
GraphicsSettings: Found WorldEnvironment
GraphicsSettings: Found Camera3D: Camera3D
GraphicsSettings: Loading settings from file...
GraphicsSettings: Settings loaded - FXAA: false, TAA: true, MSAA: 1
GraphicsSettings: Applying initial settings...
SSR: OFF
Fog: ON
Glow: ON
SSAO: ON
TAA: ON
MSAA: 2X
FXAA disabled on root viewport
DOF: ON (far distance: 100m)
GraphicsSettings: Ready
[Systems Found]
  OSMTerrain: NO
  TrafficManager: NO
  NightModeManager: NO
  Player Car: YES

[PerformanceTestDetailed] Found nodes:
  Car: YES
  VehicleInput: YES
  OSMTerrain: YES
[PerformanceTestDetailed] Night mode ENABLED (windows + lights + moon)
[PerformanceTestDetailed] Connected to terrain loading signals
[PerformanceTestDetailed] Starting terrain loading...
OSM: Starting initial loading... (generation 0)
OSM: State before start: _loaded_chunks=0, _loading_chunks=0
OSM: Loading chunks around car position (0.0, 0.9, 0.0)
OSM: Need to load 16 chunks for initial area
OSM: Emitting initial_load_started signal...
OSM: initial_load_started signal emitted
OSM: Loading chunk -2,-2 at lat=59.1208, lon=37.8921
OSM: Loaded from cache: osm_v2_59.1208_37.8921_250.json
OSM: Loading chunk -2,-1 at lat=59.1181, lon=37.8921
OSM: Loaded from cache: osm_v2_59.1181_37.8921_250.json
OSM: Loading chunk -2,0 at lat=59.1153, lon=37.8921
OSM: Loaded from cache: osm_v2_59.1153_37.8921_250.json
OSM: Loading chunk -2,1 at lat=59.1126, lon=37.8921
OSM: Loaded from cache: osm_v2_59.1126_37.8921_250.json
OSM: Loading chunk -1,-2 at lat=59.1208, lon=37.8974
OSM: Loaded from cache: osm_v2_59.1208_37.8974_250.json
OSM: Loading chunk -1,-1 at lat=59.1181, lon=37.8974
OSM: Loaded from cache: osm_v2_59.1181_37.8974_250.json
OSM: Loading chunk -1,0 at lat=59.1153, lon=37.8974
OSM: Loaded from cache: osm_v2_59.1153_37.8974_250.json
OSM: Loading chunk -1,1 at lat=59.1126, lon=37.8974
OSM: Loaded from cache: osm_v2_59.1126_37.8974_250.json
OSM: Loading chunk 0,-2 at lat=59.1208, lon=37.9026
OSM: Loaded from cache: osm_v2_59.1208_37.9026_250.json
OSM: Loading chunk 0,-1 at lat=59.1181, lon=37.9026
OSM: Loaded from cache: osm_v2_59.1181_37.9026_250.json
OSM: Loading chunk 0,0 at lat=59.1153, lon=37.9026
OSM: Loaded from cache: osm_v2_59.1153_37.9026_250.json
OSM: Loading chunk 0,1 at lat=59.1126, lon=37.9026
OSM: Loaded from cache: osm_v2_59.1126_37.9026_250.json
OSM: Loading chunk 1,-2 at lat=59.1208, lon=37.9079
OSM: Loaded from cache: osm_v2_59.1208_37.9079_250.json
OSM: Loading chunk 1,-1 at lat=59.1181, lon=37.9079
OSM: Loaded from cache: osm_v2_59.1181_37.9079_250.json
OSM: Loading chunk 1,0 at lat=59.1153, lon=37.9079
OSM: Loaded from cache: osm_v2_59.1153_37.9079_250.json
OSM: Loading chunk 1,1 at lat=59.1126, lon=37.9079
OSM: Loaded from cache: osm_v2_59.1126_37.9079_250.json
OSM: Started loading 16 chunks (total needed: 16, already loaded: 0)
OSM: Chunk -2,-2 data loaded
OSM: Found 7 POI nodes in chunk
POI_DEBUG: Found 'Магнит' inside building at local (-583.6, -540.7)
POI_DEBUG: Found 'Бристоль' inside building at local (-593.0, -497.7)
POI_DEBUG: Found 'Антей' inside building at local (-591.1, -510.1)
BusinessSign: Found logo for 'магнит' -> res://textures/brand_logos/magnit.png
Loading resource: res://textures/brand_logos/magnit.png
Loading resource: res://.godot/imported/magnit.png-31fdba21c9aa2a67aac0029f80d6b4cb.ctex
Loading cache for shader SceneForwardClusteredShaderRD, variant 0
Loading cache for shader SceneForwardClusteredShaderRD, variant 1
Loading cache for shader SceneForwardClusteredShaderRD, variant 2
Loading cache for shader SceneForwardClusteredShaderRD, variant 3
Loading cache for shader SceneForwardClusteredShaderRD, variant 4
Loading cache for shader SceneForwardClusteredShaderRD, variant 5
Loading cache for shader SceneForwardClusteredShaderRD, variant 6
Loading cache for shader SceneForwardClusteredShaderRD, variant 7
Loading cache for shader SceneForwardClusteredShaderRD, variant 0
Loading cache for shader SceneForwardClusteredShaderRD, variant 1
Loading cache for shader SceneForwardClusteredShaderRD, variant 2
Loading cache for shader SceneForwardClusteredShaderRD, variant 3
Loading cache for shader SceneForwardClusteredShaderRD, variant 4
Loading cache for shader SceneForwardClusteredShaderRD, variant 5
Loading cache for shader SceneForwardClusteredShaderRD, variant 6
Loading cache for shader SceneForwardClusteredShaderRD, variant 7
POI_DEBUG: Found 'Ozon' inside building at local (-577.4, -467.7)
POI_DEBUG: Found 'Пятёрочка' inside building at local (-583.9, -471.4)
BusinessSign: Found logo for 'ozon' -> res://textures/brand_logos/ozon.png
Loading resource: res://textures/brand_logos/ozon.png
Loading resource: res://.godot/imported/ozon.png-cc772cb0e65a53f513cfd9ec9f032a08.ctex
BusinessSign: Found logo for 'пятёрочка' -> res://textures/brand_logos/pyaterochka.png
Loading resource: res://textures/brand_logos/pyaterochka.png
Loading resource: res://.godot/imported/pyaterochka.png-384b1f6c66bb2386d37f8481b233ca9c.ctex
Loading cache for shader SceneForwardClusteredShaderRD, variant 0
Loading cache for shader SceneForwardClusteredShaderRD, variant 1
Loading cache for shader SceneForwardClusteredShaderRD, variant 2
Loading cache for shader SceneForwardClusteredShaderRD, variant 3
Loading cache for shader SceneForwardClusteredShaderRD, variant 4
Loading cache for shader SceneForwardClusteredShaderRD, variant 5
Loading cache for shader SceneForwardClusteredShaderRD, variant 6
Loading cache for shader SceneForwardClusteredShaderRD, variant 7
OSM: Generated 39 roads, 29 buildings, 0 trees, 0 signs, 0 lamps, 22 intersections
OSM: Marked chunk '-2,-2' for road batch finalization
OSM DEBUG: Missing chunks (15): ["-2,-1", "-2,0", "-2,1", "-1,-2", "-1,-1", "-1,0", "-1,1", "0,-2", "0,-1", "0,0", "0,1", "1,-2", "1,-1", "1,0", "1,1"]
  - Currently loading: ["-2,-1", "-2,0", "-2,1", "-1,-2", "-1,-1", "-1,0", "-1,1", "0,-2", "0,-1", "0,0", "0,1", "1,-2", "1,-1", "1,0", "1,1"]
OSM: Chunk -2,-1 data loaded
OSM: Generated 30 roads, 10 buildings, 0 trees, 0 signs, 0 lamps, 6 intersections
OSM: Marked chunk '-2,-1' for road batch finalization
OSM DEBUG: Missing chunks (14): ["-2,0", "-2,1", "-1,-2", "-1,-1", "-1,0", "-1,1", "0,-2", "0,-1", "0,0", "0,1", "1,-2", "1,-1", "1,0", "1,1"]
  - Currently loading: ["-2,0", "-2,1", "-1,-2", "-1,-1", "-1,0", "-1,1", "0,-2", "0,-1", "0,0", "0,1", "1,-2", "1,-1", "1,0", "1,1"]
OSM: Chunk -2,0 data loaded
Loading cache for shader SceneForwardClusteredShaderRD, variant 0
Loading cache for shader SceneForwardClusteredShaderRD, variant 1
Loading cache for shader SceneForwardClusteredShaderRD, variant 2
Loading cache for shader SceneForwardClusteredShaderRD, variant 3
Loading cache for shader SceneForwardClusteredShaderRD, variant 4
Loading cache for shader SceneForwardClusteredShaderRD, variant 5
Loading cache for shader SceneForwardClusteredShaderRD, variant 6
Loading cache for shader SceneForwardClusteredShaderRD, variant 7
OSM: Generated 13 roads, 3 buildings, 0 trees, 0 signs, 0 lamps, 1 intersections
OSM: Marked chunk '-2,0' for road batch finalization
OSM DEBUG: Missing chunks (13): ["-2,1", "-1,-2", "-1,-1", "-1,0", "-1,1", "0,-2", "0,-1", "0,0", "0,1", "1,-2", "1,-1", "1,0", "1,1"]
  - Currently loading: ["-2,1", "-1,-2", "-1,-1", "-1,0", "-1,1", "0,-2", "0,-1", "0,0", "0,1", "1,-2", "1,-1", "1,0", "1,1"]
OSM: Chunk -2,1 data loaded
OSM: Generated 0 roads, 0 buildings, 0 trees, 0 signs, 0 lamps, 0 intersections
OSM: Marked chunk '-2,1' for road batch finalization
OSM DEBUG: Missing chunks (12): ["-1,-2", "-1,-1", "-1,0", "-1,1", "0,-2", "0,-1", "0,0", "0,1", "1,-2", "1,-1", "1,0", "1,1"]
  - Currently loading: ["-1,-2", "-1,-1", "-1,0", "-1,1", "0,-2", "0,-1", "0,0", "0,1", "1,-2", "1,-1", "1,0", "1,1"]
OSM: Chunk -1,-2 data loaded
OSM: Found 5 entrance nodes in chunk
OSM: Found 6 POI nodes in chunk
Loading cache for shader SceneForwardClusteredShaderRD, variant 0
Loading cache for shader SceneForwardClusteredShaderRD, variant 1
Loading cache for shader SceneForwardClusteredShaderRD, variant 2
Loading cache for shader SceneForwardClusteredShaderRD, variant 3
Loading cache for shader SceneForwardClusteredShaderRD, variant 4
Loading cache for shader SceneForwardClusteredShaderRD, variant 5
Loading cache for shader SceneForwardClusteredShaderRD, variant 6
Loading cache for shader SceneForwardClusteredShaderRD, variant 7
OSM: Generated 33 roads, 31 buildings, 0 trees, 0 signs, 0 lamps, 13 intersections
OSM: Marked chunk '-1,-2' for road batch finalization
OSM DEBUG: Missing chunks (11): ["-1,-1", "-1,0", "-1,1", "0,-2", "0,-1", "0,0", "0,1", "1,-2", "1,-1", "1,0", "1,1"]
  - Currently loading: ["-1,-1", "-1,0", "-1,1", "0,-2", "0,-1", "0,0", "0,1", "1,-2", "1,-1", "1,0", "1,1"]
OSM: Chunk -1,-1 data loaded
OSM: Found 3 POI nodes in chunk
POI_DEBUG: Found 'Магнит' inside building at local (-106.5, -187.7)
BusinessSign: Found logo for 'магнит' -> res://textures/brand_logos/magnit.png
POI_DEBUG: Found 'Северный градус' inside building at local (-108.4, -158.5)
BusinessSign: Found logo for 'северный градус' -> res://textures/brand_logos/severniy-gradus.png
Loading resource: res://textures/brand_logos/severniy-gradus.png
Loading resource: res://.godot/imported/severniy-gradus.png-79cfe55b765c858de7f261949750f3ce.ctex
OSM: Generated 55 roads, 21 buildings, 1 trees, 0 signs, 0 lamps, 27 intersections
OSM: Marked chunk '-1,-1' for road batch finalization
OSM DEBUG: Missing chunks (10): ["-1,0", "-1,1", "0,-2", "0,-1", "0,0", "0,1", "1,-2", "1,-1", "1,0", "1,1"]
  - Currently loading: ["-1,0", "-1,1", "0,-2", "0,-1", "0,0", "0,1", "1,-2", "1,-1", "1,0", "1,1"]
OSM: Chunk -1,0 data loaded
OSM: Found 1 POI nodes in chunk
OSM: Generated 20 roads, 11 buildings, 0 trees, 0 signs, 0 lamps, 9 intersections
OSM: Marked chunk '-1,0' for road batch finalization
OSM DEBUG: Missing chunks (9): ["-1,1", "0,-2", "0,-1", "0,0", "0,1", "1,-2", "1,-1", "1,0", "1,1"]
  - Currently loading: ["-1,1", "0,-2", "0,-1", "0,0", "0,1", "1,-2", "1,-1", "1,0", "1,1"]
OSM: Chunk -1,1 data loaded
OSM: Generated 0 roads, 0 buildings, 0 trees, 0 signs, 0 lamps, 0 intersections
OSM: Marked chunk '-1,1' for road batch finalization
OSM DEBUG: Missing chunks (8): ["0,-2", "0,-1", "0,0", "0,1", "1,-2", "1,-1", "1,0", "1,1"]
  - Currently loading: ["0,-2", "0,-1", "0,0", "0,1", "1,-2", "1,-1", "1,0", "1,1"]
OSM: Chunk 0,-2 data loaded
OSM: Found 10 POI nodes in chunk
POI_DEBUG: Found 'Антей' inside building at local (29.3, -584.4)
POI_DEBUG: Found 'Coffee Like' inside building at local (88.6, -413.9)
OSM: Generated 59 roads, 20 buildings, 0 trees, 0 signs, 0 lamps, 15 intersections
OSM: Marked chunk '0,-2' for road batch finalization
OSM DEBUG: Missing chunks (7): ["0,-1", "0,0", "0,1", "1,-2", "1,-1", "1,0", "1,1"]
  - Currently loading: ["0,-1", "0,0", "0,1", "1,-2", "1,-1", "1,0", "1,1"]
OSM: Chunk 0,-1 data loaded
OSM: Found 3 entrance nodes in chunk
OSM: Found 4 POI nodes in chunk
POI_DEBUG: Found 'Фонд капитального ремонта многоквартирных домов Вологодской области' inside building at local (283.4, -263.6)
POI_DEBUG: Found 'Пионер-сервис. Сервисный центр Самсунг' inside building at local (240.9, -141.4)
OSM: Generated 61 roads, 15 buildings, 0 trees, 0 signs, 0 lamps, 17 intersections
OSM: Marked chunk '0,-1' for road batch finalization
OSM DEBUG: Missing chunks (6): ["0,0", "0,1", "1,-2", "1,-1", "1,0", "1,1"]
  - Currently loading: ["0,0", "0,1", "1,-2", "1,-1", "1,0", "1,1"]
OSM: Chunk 0,0 data loaded
OSM: Found 2 entrance nodes in chunk
OSM: Generated 42 roads, 0 buildings, 0 trees, 0 signs, 0 lamps, 4 intersections
OSM: Marked chunk '0,0' for road batch finalization
OSM DEBUG: Missing chunks (5): ["0,1", "1,-2", "1,-1", "1,0", "1,1"]
  - Currently loading: ["0,1", "1,-2", "1,-1", "1,0", "1,1"]
OSM: Chunk 0,1 data loaded
OSM: Generated 1 roads, 0 buildings, 0 trees, 0 signs, 0 lamps, 0 intersections
OSM: Marked chunk '0,1' for road batch finalization
OSM DEBUG: Missing chunks (4): ["1,-2", "1,-1", "1,0", "1,1"]
  - Currently loading: ["1,-2", "1,-1", "1,0", "1,1"]
OSM: Chunk 1,-2 data loaded
OSM: Found 4 entrance nodes in chunk
OSM: Found 11 POI nodes in chunk
POI_DEBUG: Found 'Ли Лу' inside building at local (337.6, -257.6)
POI_DEBUG: Found 'ВТБ' inside building at local (407.3, -531.1)
BusinessSign: Found logo for 'втб' -> res://textures/brand_logos/vtb.png
Loading resource: res://textures/brand_logos/vtb.png
Loading resource: res://.godot/imported/vtb.png-4da497bc31ee73b71092cb16c05ad0ec.ctex
POI_DEBUG: Found 'OTP-банк' inside building at local (592.3, -604.5)
POI_DEBUG: Found 'ВТБ' inside building at local (594.8, -612.1)
POI_DEBUG: Found 'Шашлычек' inside building at local (589.3, -592.4)
POI_DEBUG: Found 'Easy Slip' inside building at local (581.6, -593.1)
BusinessSign: Found logo for 'втб' -> res://textures/brand_logos/vtb.png
OSM: Generated 52 roads, 35 buildings, 0 trees, 0 signs, 0 lamps, 34 intersections
OSM: Marked chunk '1,-2' for road batch finalization
OSM DEBUG: Missing chunks (3): ["1,-1", "1,0", "1,1"]
  - Currently loading: ["1,-1", "1,0", "1,1"]
OSM: Chunk 1,-1 data loaded
OSM: Found 8 entrance nodes in chunk
OSM: Found 5 POI nodes in chunk
POI_DEBUG: Found 'Фонд капитального ремонта многоквартирных домов Вологодской области' inside building at local (283.4, -263.6)
POI_DEBUG: Found 'Ли Лу' inside building at local (337.6, -257.6)
OSM: Generated 51 roads, 33 buildings, 0 trees, 0 signs, 0 lamps, 41 intersections
OSM: Marked chunk '1,-1' for road batch finalization
OSM DEBUG: Missing chunks (2): ["1,0", "1,1"]
  - Currently loading: ["1,0", "1,1"]
OSM: Chunk 1,0 data loaded
OSM: Found 4 entrance nodes in chunk
OSM: Generated 2 roads, 2 buildings, 0 trees, 0 signs, 0 lamps, 0 intersections
OSM: Marked chunk '1,0' for road batch finalization
OSM DEBUG: Missing chunks (1): ["1,1"]
  - Currently loading: ["1,1"]
OSM: Chunk 1,1 data loaded
OSM: Generated 0 roads, 0 buildings, 0 trees, 0 signs, 0 lamps, 0 intersections
OSM: Marked chunk '1,1' for road batch finalization
OSM DEBUG: Chunks loaded 16/16, but queues not empty:
  - _building_results: 176
  - _road_queue: 458
  - _terrain_objects_queue: 97
  - _infrastructure_queue: 177
  - _pending_building_tasks: 0
Loading cache for shader SceneForwardClusteredShaderRD, variant 0
Loading cache for shader SceneForwardClusteredShaderRD, variant 1
Loading cache for shader SceneForwardClusteredShaderRD, variant 2
Loading cache for shader SceneForwardClusteredShaderRD, variant 3
Loading cache for shader SceneForwardClusteredShaderRD, variant 4
Loading cache for shader SceneForwardClusteredShaderRD, variant 5
Loading cache for shader SceneForwardClusteredShaderRD, variant 6
Loading cache for shader SceneForwardClusteredShaderRD, variant 7
Loading cache for shader SceneForwardClusteredShaderRD, variant 0
Loading cache for shader SceneForwardClusteredShaderRD, variant 1
Loading cache for shader SceneForwardClusteredShaderRD, variant 2
Loading cache for shader SceneForwardClusteredShaderRD, variant 3
Loading cache for shader SceneForwardClusteredShaderRD, variant 4
Loading cache for shader SceneForwardClusteredShaderRD, variant 5
Loading cache for shader SceneForwardClusteredShaderRD, variant 6
Loading cache for shader SceneForwardClusteredShaderRD, variant 7
OSM: DEBUG _add_road_to_batch - first road for chunk '0,0', parent.name='Chunk_0,0'
OSM: DEBUG _add_road_to_batch - first road for chunk '-1,0', parent.name='Chunk_-1,0'
OSM: DEBUG _add_road_to_batch - first road for chunk '0,-1', parent.name='Chunk_0,-1'
OSM: DEBUG _add_road_to_batch - first road for chunk '-1,-1', parent.name='Chunk_-1,-1'
⚠️ SLOW FRAME 102.2ms: building=1.2 road=8.3 terrain=76.9 infra=1.2 veg=14.6 curb=0.0ms
OSM DEBUG: Chunks loaded 16/16, but queues not empty:
  - _building_results: 175
  - _road_queue: 436
  - _terrain_objects_queue: 95
  - _infrastructure_queue: 176
  - _pending_building_tasks: 0
Loading cache for shader SceneForwardClusteredShaderRD, variant 0
Loading cache for shader SceneForwardClusteredShaderRD, variant 1
Loading cache for shader SceneForwardClusteredShaderRD, variant 2
Loading cache for shader SceneForwardClusteredShaderRD, variant 3
Loading cache for shader SceneForwardClusteredShaderRD, variant 4
Loading cache for shader SceneForwardClusteredShaderRD, variant 5
Loading cache for shader SceneForwardClusteredShaderRD, variant 6
Loading cache for shader SceneForwardClusteredShaderRD, variant 7
Loading cache for shader SceneForwardClusteredShaderRD, variant 0
Loading cache for shader SceneForwardClusteredShaderRD, variant 1
Loading cache for shader SceneForwardClusteredShaderRD, variant 2
Loading cache for shader SceneForwardClusteredShaderRD, variant 3
Loading cache for shader SceneForwardClusteredShaderRD, variant 4
Loading cache for shader SceneForwardClusteredShaderRD, variant 5
Loading cache for shader SceneForwardClusteredShaderRD, variant 6
Loading cache for shader SceneForwardClusteredShaderRD, variant 7
Loading cache for shader SceneForwardClusteredShaderRD, variant 0
Loading cache for shader SceneForwardClusteredShaderRD, variant 1
Loading cache for shader SceneForwardClusteredShaderRD, variant 2
Loading cache for shader SceneForwardClusteredShaderRD, variant 3
Loading cache for shader SceneForwardClusteredShaderRD, variant 4
Loading cache for shader SceneForwardClusteredShaderRD, variant 5
Loading cache for shader SceneForwardClusteredShaderRD, variant 6
Loading cache for shader SceneForwardClusteredShaderRD, variant 7
Loading cache for shader SceneForwardClusteredShaderRD, variant 8
Loading cache for shader SceneForwardClusteredShaderRD, variant 9
Loading cache for shader SceneForwardClusteredShaderRD, variant 10
Loading cache for shader SceneForwardClusteredShaderRD, variant 11
Loading cache for shader SceneForwardClusteredShaderRD, variant 12
Loading cache for shader SceneForwardClusteredShaderRD, variant 13
Loading cache for shader SceneForwardClusteredShaderRD, variant 14
Loading cache for shader SceneForwardClusteredShaderRD, variant 15
Loading cache for shader SceneForwardClusteredShaderRD, variant 16
Loading cache for shader SceneForwardClusteredShaderRD, variant 17
Loading cache for shader SceneForwardClusteredShaderRD, variant 0
Loading cache for shader SceneForwardClusteredShaderRD, variant 1
Loading cache for shader SceneForwardClusteredShaderRD, variant 2
Loading cache for shader SceneForwardClusteredShaderRD, variant 3
Loading cache for shader SceneForwardClusteredShaderRD, variant 4
Loading cache for shader SceneForwardClusteredShaderRD, variant 5
Loading cache for shader SceneForwardClusteredShaderRD, variant 6
Loading cache for shader SceneForwardClusteredShaderRD, variant 7
Loading cache for shader SceneForwardClusteredShaderRD, variant 8
Loading cache for shader SceneForwardClusteredShaderRD, variant 9
Loading cache for shader SceneForwardClusteredShaderRD, variant 10
Loading cache for shader SceneForwardClusteredShaderRD, variant 11
Loading cache for shader SceneForwardClusteredShaderRD, variant 12
Loading cache for shader SceneForwardClusteredShaderRD, variant 13
Loading cache for shader SceneForwardClusteredShaderRD, variant 14
Loading cache for shader SceneForwardClusteredShaderRD, variant 15
Loading cache for shader SceneForwardClusteredShaderRD, variant 16
Loading cache for shader SceneForwardClusteredShaderRD, variant 17
Loading cache for shader SceneForwardClusteredShaderRD, variant 0
Loading cache for shader SceneForwardClusteredShaderRD, variant 1
Loading cache for shader SceneForwardClusteredShaderRD, variant 2
Loading cache for shader SceneForwardClusteredShaderRD, variant 3
Loading cache for shader SceneForwardClusteredShaderRD, variant 4
Loading cache for shader SceneForwardClusteredShaderRD, variant 5
Loading cache for shader SceneForwardClusteredShaderRD, variant 6
Loading cache for shader SceneForwardClusteredShaderRD, variant 7
Loading cache for shader SceneForwardClusteredShaderRD, variant 8
Loading cache for shader SceneForwardClusteredShaderRD, variant 9
Loading cache for shader SceneForwardClusteredShaderRD, variant 10
Loading cache for shader SceneForwardClusteredShaderRD, variant 11
Loading cache for shader SceneForwardClusteredShaderRD, variant 12
Loading cache for shader SceneForwardClusteredShaderRD, variant 13
Loading cache for shader SceneForwardClusteredShaderRD, variant 14
Loading cache for shader SceneForwardClusteredShaderRD, variant 15
Loading cache for shader SceneForwardClusteredShaderRD, variant 16
Loading cache for shader SceneForwardClusteredShaderRD, variant 17
Loading cache for shader SceneForwardClusteredShaderRD, variant 0
Loading cache for shader SceneForwardClusteredShaderRD, variant 1
Loading cache for shader SceneForwardClusteredShaderRD, variant 2
Loading cache for shader SceneForwardClusteredShaderRD, variant 3
Loading cache for shader SceneForwardClusteredShaderRD, variant 4
Loading cache for shader SceneForwardClusteredShaderRD, variant 5
Loading cache for shader SceneForwardClusteredShaderRD, variant 6
Loading cache for shader SceneForwardClusteredShaderRD, variant 7
Loading cache for shader SceneForwardClusteredShaderRD, variant 8
Loading cache for shader SceneForwardClusteredShaderRD, variant 9
Loading cache for shader SceneForwardClusteredShaderRD, variant 10
Loading cache for shader SceneForwardClusteredShaderRD, variant 11
Loading cache for shader SceneForwardClusteredShaderRD, variant 12
Loading cache for shader SceneForwardClusteredShaderRD, variant 13
Loading cache for shader SceneForwardClusteredShaderRD, variant 14
Loading cache for shader SceneForwardClusteredShaderRD, variant 15
Loading cache for shader SceneForwardClusteredShaderRD, variant 16
Loading cache for shader SceneForwardClusteredShaderRD, variant 17
Loading cache for shader SceneForwardClusteredShaderRD, variant 0
Loading cache for shader SceneForwardClusteredShaderRD, variant 1
Loading cache for shader SceneForwardClusteredShaderRD, variant 2
Loading cache for shader SceneForwardClusteredShaderRD, variant 3
Loading cache for shader SceneForwardClusteredShaderRD, variant 4
Loading cache for shader SceneForwardClusteredShaderRD, variant 5
Loading cache for shader SceneForwardClusteredShaderRD, variant 6
Loading cache for shader SceneForwardClusteredShaderRD, variant 7
Loading cache for shader SceneForwardClusteredShaderRD, variant 8
Loading cache for shader SceneForwardClusteredShaderRD, variant 9
Loading cache for shader SceneForwardClusteredShaderRD, variant 10
Loading cache for shader SceneForwardClusteredShaderRD, variant 11
Loading cache for shader SceneForwardClusteredShaderRD, variant 12
Loading cache for shader SceneForwardClusteredShaderRD, variant 13
Loading cache for shader SceneForwardClusteredShaderRD, variant 14
Loading cache for shader SceneForwardClusteredShaderRD, variant 15
Loading cache for shader SceneForwardClusteredShaderRD, variant 16
Loading cache for shader SceneForwardClusteredShaderRD, variant 17
Loading cache for shader SceneForwardClusteredShaderRD, variant 0
Loading cache for shader SceneForwardClusteredShaderRD, variant 1
Loading cache for shader SceneForwardClusteredShaderRD, variant 2
Loading cache for shader SceneForwardClusteredShaderRD, variant 3
Loading cache for shader SceneForwardClusteredShaderRD, variant 4
Loading cache for shader SceneForwardClusteredShaderRD, variant 5
Loading cache for shader SceneForwardClusteredShaderRD, variant 6
Loading cache for shader SceneForwardClusteredShaderRD, variant 7
Loading cache for shader SceneForwardClusteredShaderRD, variant 8
Loading cache for shader SceneForwardClusteredShaderRD, variant 9
Loading cache for shader SceneForwardClusteredShaderRD, variant 10
Loading cache for shader SceneForwardClusteredShaderRD, variant 11
Loading cache for shader SceneForwardClusteredShaderRD, variant 12
Loading cache for shader SceneForwardClusteredShaderRD, variant 13
Loading cache for shader SceneForwardClusteredShaderRD, variant 14
Loading cache for shader SceneForwardClusteredShaderRD, variant 15
Loading cache for shader SceneForwardClusteredShaderRD, variant 16
Loading cache for shader SceneForwardClusteredShaderRD, variant 17
Loading cache for shader SceneForwardClusteredShaderRD, variant 0
Loading cache for shader SceneForwardClusteredShaderRD, variant 1
Loading cache for shader SceneForwardClusteredShaderRD, variant 2
Loading cache for shader SceneForwardClusteredShaderRD, variant 3
Loading cache for shader SceneForwardClusteredShaderRD, variant 4
Loading cache for shader SceneForwardClusteredShaderRD, variant 5
Loading cache for shader SceneForwardClusteredShaderRD, variant 6
Loading cache for shader SceneForwardClusteredShaderRD, variant 7
Loading cache for shader SceneForwardClusteredShaderRD, variant 8
Loading cache for shader SceneForwardClusteredShaderRD, variant 9
Loading cache for shader SceneForwardClusteredShaderRD, variant 10
Loading cache for shader SceneForwardClusteredShaderRD, variant 11
Loading cache for shader SceneForwardClusteredShaderRD, variant 12
Loading cache for shader SceneForwardClusteredShaderRD, variant 13
Loading cache for shader SceneForwardClusteredShaderRD, variant 14
Loading cache for shader SceneForwardClusteredShaderRD, variant 15
Loading cache for shader SceneForwardClusteredShaderRD, variant 16
Loading cache for shader SceneForwardClusteredShaderRD, variant 17
Loading cache for shader SceneForwardClusteredShaderRD, variant 0
Loading cache for shader SceneForwardClusteredShaderRD, variant 1
Loading cache for shader SceneForwardClusteredShaderRD, variant 2
Loading cache for shader SceneForwardClusteredShaderRD, variant 3
Loading cache for shader SceneForwardClusteredShaderRD, variant 4
Loading cache for shader SceneForwardClusteredShaderRD, variant 5
Loading cache for shader SceneForwardClusteredShaderRD, variant 6
Loading cache for shader SceneForwardClusteredShaderRD, variant 7
Loading cache for shader SceneForwardClusteredShaderRD, variant 8
Loading cache for shader SceneForwardClusteredShaderRD, variant 9
Loading cache for shader SceneForwardClusteredShaderRD, variant 10
Loading cache for shader SceneForwardClusteredShaderRD, variant 11
Loading cache for shader SceneForwardClusteredShaderRD, variant 12
Loading cache for shader SceneForwardClusteredShaderRD, variant 13
Loading cache for shader SceneForwardClusteredShaderRD, variant 14
Loading cache for shader SceneForwardClusteredShaderRD, variant 15
Loading cache for shader SceneForwardClusteredShaderRD, variant 16
Loading cache for shader SceneForwardClusteredShaderRD, variant 17
Loading cache for shader SceneForwardClusteredShaderRD, variant 0
Loading cache for shader SceneForwardClusteredShaderRD, variant 1
Loading cache for shader SceneForwardClusteredShaderRD, variant 2
Loading cache for shader SceneForwardClusteredShaderRD, variant 3
Loading cache for shader SceneForwardClusteredShaderRD, variant 4
Loading cache for shader SceneForwardClusteredShaderRD, variant 5
Loading cache for shader SceneForwardClusteredShaderRD, variant 6
Loading cache for shader SceneForwardClusteredShaderRD, variant 7
Loading cache for shader SceneForwardClusteredShaderRD, variant 8
Loading cache for shader SceneForwardClusteredShaderRD, variant 9
Loading cache for shader SceneForwardClusteredShaderRD, variant 10
Loading cache for shader SceneForwardClusteredShaderRD, variant 11
Loading cache for shader SceneForwardClusteredShaderRD, variant 12
Loading cache for shader SceneForwardClusteredShaderRD, variant 13
Loading cache for shader SceneForwardClusteredShaderRD, variant 14
Loading cache for shader SceneForwardClusteredShaderRD, variant 15
Loading cache for shader SceneForwardClusteredShaderRD, variant 16
Loading cache for shader SceneForwardClusteredShaderRD, variant 17
Loading cache for shader SceneForwardClusteredShaderRD, variant 0
Loading cache for shader SceneForwardClusteredShaderRD, variant 1
Loading cache for shader SceneForwardClusteredShaderRD, variant 2
Loading cache for shader SceneForwardClusteredShaderRD, variant 3
Loading cache for shader SceneForwardClusteredShaderRD, variant 4
Loading cache for shader SceneForwardClusteredShaderRD, variant 5
Loading cache for shader SceneForwardClusteredShaderRD, variant 6
Loading cache for shader SceneForwardClusteredShaderRD, variant 7
Loading cache for shader SceneForwardClusteredShaderRD, variant 8
Loading cache for shader SceneForwardClusteredShaderRD, variant 9
Loading cache for shader SceneForwardClusteredShaderRD, variant 10
Loading cache for shader SceneForwardClusteredShaderRD, variant 11
Loading cache for shader SceneForwardClusteredShaderRD, variant 12
Loading cache for shader SceneForwardClusteredShaderRD, variant 13
Loading cache for shader SceneForwardClusteredShaderRD, variant 14
Loading cache for shader SceneForwardClusteredShaderRD, variant 15
Loading cache for shader SceneForwardClusteredShaderRD, variant 16
Loading cache for shader SceneForwardClusteredShaderRD, variant 17
Loading cache for shader SceneForwardClusteredShaderRD, variant 0
Loading cache for shader SceneForwardClusteredShaderRD, variant 1
Loading cache for shader SceneForwardClusteredShaderRD, variant 2
Loading cache for shader SceneForwardClusteredShaderRD, variant 3
Loading cache for shader SceneForwardClusteredShaderRD, variant 4
Loading cache for shader SceneForwardClusteredShaderRD, variant 5
Loading cache for shader SceneForwardClusteredShaderRD, variant 6
Loading cache for shader SceneForwardClusteredShaderRD, variant 7
Loading cache for shader SceneForwardClusteredShaderRD, variant 8
Loading cache for shader SceneForwardClusteredShaderRD, variant 9
Loading cache for shader SceneForwardClusteredShaderRD, variant 10
Loading cache for shader SceneForwardClusteredShaderRD, variant 11
Loading cache for shader SceneForwardClusteredShaderRD, variant 12
Loading cache for shader SceneForwardClusteredShaderRD, variant 13
Loading cache for shader SceneForwardClusteredShaderRD, variant 14
Loading cache for shader SceneForwardClusteredShaderRD, variant 15
Loading cache for shader SceneForwardClusteredShaderRD, variant 16
Loading cache for shader SceneForwardClusteredShaderRD, variant 17
Loading cache for shader SceneForwardClusteredShaderRD, variant 0
Loading cache for shader SceneForwardClusteredShaderRD, variant 1
Loading cache for shader SceneForwardClusteredShaderRD, variant 2
Loading cache for shader SceneForwardClusteredShaderRD, variant 3
Loading cache for shader SceneForwardClusteredShaderRD, variant 4
Loading cache for shader SceneForwardClusteredShaderRD, variant 5
Loading cache for shader SceneForwardClusteredShaderRD, variant 6
Loading cache for shader SceneForwardClusteredShaderRD, variant 7
Loading cache for shader SceneForwardClusteredShaderRD, variant 8
Loading cache for shader SceneForwardClusteredShaderRD, variant 9
Loading cache for shader SceneForwardClusteredShaderRD, variant 10
Loading cache for shader SceneForwardClusteredShaderRD, variant 11
Loading cache for shader SceneForwardClusteredShaderRD, variant 12
Loading cache for shader SceneForwardClusteredShaderRD, variant 13
Loading cache for shader SceneForwardClusteredShaderRD, variant 14
Loading cache for shader SceneForwardClusteredShaderRD, variant 15
Loading cache for shader SceneForwardClusteredShaderRD, variant 16
Loading cache for shader SceneForwardClusteredShaderRD, variant 17
Loading cache for shader SceneForwardClusteredShaderRD, variant 0
Loading cache for shader SceneForwardClusteredShaderRD, variant 1
Loading cache for shader SceneForwardClusteredShaderRD, variant 2
Loading cache for shader SceneForwardClusteredShaderRD, variant 3
Loading cache for shader SceneForwardClusteredShaderRD, variant 4
Loading cache for shader SceneForwardClusteredShaderRD, variant 5
Loading cache for shader SceneForwardClusteredShaderRD, variant 6
Loading cache for shader SceneForwardClusteredShaderRD, variant 7
Loading cache for shader SceneForwardClusteredShaderRD, variant 8
Loading cache for shader SceneForwardClusteredShaderRD, variant 9
Loading cache for shader SceneForwardClusteredShaderRD, variant 10
Loading cache for shader SceneForwardClusteredShaderRD, variant 11
Loading cache for shader SceneForwardClusteredShaderRD, variant 12
Loading cache for shader SceneForwardClusteredShaderRD, variant 13
Loading cache for shader SceneForwardClusteredShaderRD, variant 14
Loading cache for shader SceneForwardClusteredShaderRD, variant 15
Loading cache for shader SceneForwardClusteredShaderRD, variant 16
Loading cache for shader SceneForwardClusteredShaderRD, variant 17
Loading cache for shader SceneForwardClusteredShaderRD, variant 0
Loading cache for shader SceneForwardClusteredShaderRD, variant 1
Loading cache for shader SceneForwardClusteredShaderRD, variant 2
Loading cache for shader SceneForwardClusteredShaderRD, variant 3
Loading cache for shader SceneForwardClusteredShaderRD, variant 4
Loading cache for shader SceneForwardClusteredShaderRD, variant 5
Loading cache for shader SceneForwardClusteredShaderRD, variant 6
Loading cache for shader SceneForwardClusteredShaderRD, variant 7
Loading cache for shader SceneForwardClusteredShaderRD, variant 8
Loading cache for shader SceneForwardClusteredShaderRD, variant 9
Loading cache for shader SceneForwardClusteredShaderRD, variant 10
Loading cache for shader SceneForwardClusteredShaderRD, variant 11
Loading cache for shader SceneForwardClusteredShaderRD, variant 12
Loading cache for shader SceneForwardClusteredShaderRD, variant 13
Loading cache for shader SceneForwardClusteredShaderRD, variant 14
Loading cache for shader SceneForwardClusteredShaderRD, variant 15
Loading cache for shader SceneForwardClusteredShaderRD, variant 16
Loading cache for shader SceneForwardClusteredShaderRD, variant 17
Loading cache for shader SceneForwardClusteredShaderRD, variant 0
Loading cache for shader SceneForwardClusteredShaderRD, variant 1
Loading cache for shader SceneForwardClusteredShaderRD, variant 2
Loading cache for shader SceneForwardClusteredShaderRD, variant 3
Loading cache for shader SceneForwardClusteredShaderRD, variant 4
Loading cache for shader SceneForwardClusteredShaderRD, variant 5
Loading cache for shader SceneForwardClusteredShaderRD, variant 6
Loading cache for shader SceneForwardClusteredShaderRD, variant 7
Loading cache for shader SceneForwardClusteredShaderRD, variant 8
Loading cache for shader SceneForwardClusteredShaderRD, variant 9
Loading cache for shader SceneForwardClusteredShaderRD, variant 10
Loading cache for shader SceneForwardClusteredShaderRD, variant 11
Loading cache for shader SceneForwardClusteredShaderRD, variant 12
Loading cache for shader SceneForwardClusteredShaderRD, variant 13
Loading cache for shader SceneForwardClusteredShaderRD, variant 14
Loading cache for shader SceneForwardClusteredShaderRD, variant 15
Loading cache for shader SceneForwardClusteredShaderRD, variant 16
Loading cache for shader SceneForwardClusteredShaderRD, variant 17
Loading cache for shader SceneForwardClusteredShaderRD, variant 0
Loading cache for shader SceneForwardClusteredShaderRD, variant 1
Loading cache for shader SceneForwardClusteredShaderRD, variant 2
Loading cache for shader SceneForwardClusteredShaderRD, variant 3
Loading cache for shader SceneForwardClusteredShaderRD, variant 4
Loading cache for shader SceneForwardClusteredShaderRD, variant 5
Loading cache for shader SceneForwardClusteredShaderRD, variant 6
Loading cache for shader SceneForwardClusteredShaderRD, variant 7
Loading cache for shader SceneForwardClusteredShaderRD, variant 8
Loading cache for shader SceneForwardClusteredShaderRD, variant 9
Loading cache for shader SceneForwardClusteredShaderRD, variant 10
Loading cache for shader SceneForwardClusteredShaderRD, variant 11
Loading cache for shader SceneForwardClusteredShaderRD, variant 12
Loading cache for shader SceneForwardClusteredShaderRD, variant 13
Loading cache for shader SceneForwardClusteredShaderRD, variant 14
Loading cache for shader SceneForwardClusteredShaderRD, variant 15
Loading cache for shader SceneForwardClusteredShaderRD, variant 16
Loading cache for shader SceneForwardClusteredShaderRD, variant 17
Loading cache for shader SceneForwardClusteredShaderRD, variant 0
Loading cache for shader SceneForwardClusteredShaderRD, variant 1
Loading cache for shader SceneForwardClusteredShaderRD, variant 2
Loading cache for shader SceneForwardClusteredShaderRD, variant 3
Loading cache for shader SceneForwardClusteredShaderRD, variant 4
Loading cache for shader SceneForwardClusteredShaderRD, variant 5
Loading cache for shader SceneForwardClusteredShaderRD, variant 6
Loading cache for shader SceneForwardClusteredShaderRD, variant 7
Loading cache for shader SceneForwardClusteredShaderRD, variant 8
Loading cache for shader SceneForwardClusteredShaderRD, variant 9
Loading cache for shader SceneForwardClusteredShaderRD, variant 10
Loading cache for shader SceneForwardClusteredShaderRD, variant 11
Loading cache for shader SceneForwardClusteredShaderRD, variant 12
Loading cache for shader SceneForwardClusteredShaderRD, variant 13
Loading cache for shader SceneForwardClusteredShaderRD, variant 14
Loading cache for shader SceneForwardClusteredShaderRD, variant 15
Loading cache for shader SceneForwardClusteredShaderRD, variant 16
Loading cache for shader SceneForwardClusteredShaderRD, variant 17
Loading cache for shader SceneForwardClusteredShaderRD, variant 0
Loading cache for shader SceneForwardClusteredShaderRD, variant 1
Loading cache for shader SceneForwardClusteredShaderRD, variant 2
Loading cache for shader SceneForwardClusteredShaderRD, variant 3
Loading cache for shader SceneForwardClusteredShaderRD, variant 4
Loading cache for shader SceneForwardClusteredShaderRD, variant 5
Loading cache for shader SceneForwardClusteredShaderRD, variant 6
Loading cache for shader SceneForwardClusteredShaderRD, variant 7
Loading cache for shader SceneForwardClusteredShaderRD, variant 8
Loading cache for shader SceneForwardClusteredShaderRD, variant 9
Loading cache for shader SceneForwardClusteredShaderRD, variant 10
Loading cache for shader SceneForwardClusteredShaderRD, variant 11
Loading cache for shader SceneForwardClusteredShaderRD, variant 12
Loading cache for shader SceneForwardClusteredShaderRD, variant 13
Loading cache for shader SceneForwardClusteredShaderRD, variant 14
Loading cache for shader SceneForwardClusteredShaderRD, variant 15
Loading cache for shader SceneForwardClusteredShaderRD, variant 16
Loading cache for shader SceneForwardClusteredShaderRD, variant 17
Loading cache for shader SceneForwardClusteredShaderRD, variant 0
Loading cache for shader SceneForwardClusteredShaderRD, variant 1
Loading cache for shader SceneForwardClusteredShaderRD, variant 2
Loading cache for shader SceneForwardClusteredShaderRD, variant 3
Loading cache for shader SceneForwardClusteredShaderRD, variant 4
Loading cache for shader SceneForwardClusteredShaderRD, variant 5
Loading cache for shader SceneForwardClusteredShaderRD, variant 6
Loading cache for shader SceneForwardClusteredShaderRD, variant 7
Loading cache for shader SceneForwardClusteredShaderRD, variant 8
Loading cache for shader SceneForwardClusteredShaderRD, variant 9
Loading cache for shader SceneForwardClusteredShaderRD, variant 10
Loading cache for shader SceneForwardClusteredShaderRD, variant 11
Loading cache for shader SceneForwardClusteredShaderRD, variant 12
Loading cache for shader SceneForwardClusteredShaderRD, variant 13
Loading cache for shader SceneForwardClusteredShaderRD, variant 14
Loading cache for shader SceneForwardClusteredShaderRD, variant 15
Loading cache for shader SceneForwardClusteredShaderRD, variant 16
Loading cache for shader SceneForwardClusteredShaderRD, variant 17
Loading cache for shader SceneForwardClusteredShaderRD, variant 0
Loading cache for shader SceneForwardClusteredShaderRD, variant 1
Loading cache for shader SceneForwardClusteredShaderRD, variant 2
Loading cache for shader SceneForwardClusteredShaderRD, variant 3
Loading cache for shader SceneForwardClusteredShaderRD, variant 4
Loading cache for shader SceneForwardClusteredShaderRD, variant 5
Loading cache for shader SceneForwardClusteredShaderRD, variant 6
Loading cache for shader SceneForwardClusteredShaderRD, variant 7
Loading cache for shader SceneForwardClusteredShaderRD, variant 8
Loading cache for shader SceneForwardClusteredShaderRD, variant 9
Loading cache for shader SceneForwardClusteredShaderRD, variant 10
Loading cache for shader SceneForwardClusteredShaderRD, variant 11
Loading cache for shader SceneForwardClusteredShaderRD, variant 12
Loading cache for shader SceneForwardClusteredShaderRD, variant 13
Loading cache for shader SceneForwardClusteredShaderRD, variant 14
Loading cache for shader SceneForwardClusteredShaderRD, variant 15
Loading cache for shader SceneForwardClusteredShaderRD, variant 16
Loading cache for shader SceneForwardClusteredShaderRD, variant 17
[mvk-info] Created 3 swapchain images with size (3024, 1890) and contents scale 2.0 in layer CAMetalLayer: GodotContentView (0x7fdc43916c90) on screen Built-in Retina Display.
⚠️ SLOW FRAME 16.2ms: building=0.9 road=13.9 terrain=0.6 infra=0.8 veg=0.0 curb=0.0ms
OSM DEBUG: Chunks loaded 16/16, but queues not empty:
  - _building_results: 174
  - _road_queue: 422
  - _terrain_objects_queue: 93
  - _infrastructure_queue: 175
  - _pending_building_tasks: 0
OSM: DEBUG _add_road_to_batch - first road for chunk '-2,-1', parent.name='Chunk_-2,-1'
⚠️ SLOW FRAME 13.9ms: building=1.0 road=11.2 terrain=0.8 infra=0.8 veg=0.0 curb=0.0ms
OSM DEBUG: Chunks loaded 16/16, but queues not empty:
  - _building_results: 173
  - _road_queue: 421
  - _terrain_objects_queue: 91
  - _infrastructure_queue: 174
  - _pending_building_tasks: 0
Loading cache for shader SceneForwardClusteredShaderRD, variant 0
Loading cache for shader SceneForwardClusteredShaderRD, variant 1
Loading cache for shader SceneForwardClusteredShaderRD, variant 2
Loading cache for shader SceneForwardClusteredShaderRD, variant 3
Loading cache for shader SceneForwardClusteredShaderRD, variant 4
Loading cache for shader SceneForwardClusteredShaderRD, variant 5
Loading cache for shader SceneForwardClusteredShaderRD, variant 6
Loading cache for shader SceneForwardClusteredShaderRD, variant 7
Loading cache for shader SceneForwardClusteredShaderRD, variant 0
Loading cache for shader SceneForwardClusteredShaderRD, variant 1
Loading cache for shader SceneForwardClusteredShaderRD, variant 2
Loading cache for shader SceneForwardClusteredShaderRD, variant 3
Loading cache for shader SceneForwardClusteredShaderRD, variant 4
Loading cache for shader SceneForwardClusteredShaderRD, variant 5
Loading cache for shader SceneForwardClusteredShaderRD, variant 6
Loading cache for shader SceneForwardClusteredShaderRD, variant 7
Loading cache for shader SceneForwardClusteredShaderRD, variant 8
Loading cache for shader SceneForwardClusteredShaderRD, variant 9
Loading cache for shader SceneForwardClusteredShaderRD, variant 10
Loading cache for shader SceneForwardClusteredShaderRD, variant 11
Loading cache for shader SceneForwardClusteredShaderRD, variant 12
Loading cache for shader SceneForwardClusteredShaderRD, variant 13
Loading cache for shader SceneForwardClusteredShaderRD, variant 14
Loading cache for shader SceneForwardClusteredShaderRD, variant 15
Loading cache for shader SceneForwardClusteredShaderRD, variant 16
Loading cache for shader SceneForwardClusteredShaderRD, variant 17
OSM: DEBUG _add_road_to_batch - first road for chunk '0,-2', parent.name='Chunk_0,-2'
OSM: DEBUG _add_road_to_batch - first road for chunk '-1,-2', parent.name='Chunk_-1,-2'
OSM DEBUG: Chunks loaded 16/16, but queues not empty:
  - _building_results: 172
  - _road_queue: 385
  - _terrain_objects_queue: 89
  - _infrastructure_queue: 173
  - _pending_building_tasks: 0
OSM DEBUG: Chunks loaded 16/16, but queues not empty:
  - _building_results: 171
  - _road_queue: 370
  - _terrain_objects_queue: 87
  - _infrastructure_queue: 172
  - _pending_building_tasks: 0
OSM DEBUG: Chunks loaded 16/16, but queues not empty:
  - _building_results: 170
  - _road_queue: 358
  - _terrain_objects_queue: 85
  - _infrastructure_queue: 171
  - _pending_building_tasks: 0
⚠️ SLOW FRAME 11.1ms: building=0.9 road=8.4 terrain=0.6 infra=1.1 veg=0.0 curb=0.0ms
OSM DEBUG: Chunks loaded 16/16, but queues not empty:
  - _building_results: 169
  - _road_queue: 345
  - _terrain_objects_queue: 83
  - _infrastructure_queue: 170
  - _pending_building_tasks: 0
OSM: DEBUG _add_road_to_batch - first road for chunk '-2,0', parent.name='Chunk_-2,0'
OSM DEBUG: Chunks loaded 16/16, but queues not empty:
  - _building_results: 168
  - _road_queue: 312
  - _terrain_objects_queue: 81
  - _infrastructure_queue: 169
  - _pending_building_tasks: 0
OSM: DEBUG _add_road_to_batch - first road for chunk '1,-1', parent.name='Chunk_1,-1'
OSM DEBUG: Chunks loaded 16/16, but queues not empty:
  - _building_results: 167
  - _road_queue: 290
  - _terrain_objects_queue: 79
  - _infrastructure_queue: 168
  - _pending_building_tasks: 0
OSM DEBUG: Chunks loaded 16/16, but queues not empty:
  - _building_results: 166
  - _road_queue: 280
  - _terrain_objects_queue: 77
  - _infrastructure_queue: 167
  - _pending_building_tasks: 0
OSM: DEBUG _add_road_to_batch - first road for chunk '1,0', parent.name='Chunk_1,0'
OSM: DEBUG _add_road_to_batch - first road for chunk '1,-2', parent.name='Chunk_1,-2'
OSM: DEBUG _add_road_to_batch - first road for chunk '-2,-2', parent.name='Chunk_-2,-2'
OSM DEBUG: Chunks loaded 16/16, but queues not empty:
  - _building_results: 165
  - _road_queue: 244
  - _terrain_objects_queue: 75
  - _infrastructure_queue: 166
  - _pending_building_tasks: 0
OSM DEBUG: Chunks loaded 16/16, but queues not empty:
  - _building_results: 164
  - _road_queue: 218
  - _terrain_objects_queue: 73
  - _infrastructure_queue: 165
  - _pending_building_tasks: 0
OSM DEBUG: Chunks loaded 16/16, but queues not empty:
  - _building_results: 163
  - _road_queue: 205
  - _terrain_objects_queue: 71
  - _infrastructure_queue: 164
  - _pending_building_tasks: 0
OSM DEBUG: Chunks loaded 16/16, but queues not empty:
  - _building_results: 162
  - _road_queue: 168
  - _terrain_objects_queue: 69
  - _infrastructure_queue: 163
  - _pending_building_tasks: 0
OSM DEBUG: Chunks loaded 16/16, but queues not empty:
  - _building_results: 161
  - _road_queue: 106
  - _terrain_objects_queue: 67
  - _infrastructure_queue: 162
  - _pending_building_tasks: 0
OSM DEBUG: Chunks loaded 16/16, but queues not empty:
  - _building_results: 160
  - _road_queue: 79
  - _terrain_objects_queue: 65
  - _infrastructure_queue: 161
  - _pending_building_tasks: 0
OSM DEBUG: Chunks loaded 16/16, but queues not empty:
  - _building_results: 159
  - _road_queue: 57
  - _terrain_objects_queue: 63
  - _infrastructure_queue: 160
  - _pending_building_tasks: 0
OSM DEBUG: Chunks loaded 16/16, but queues not empty:
  - _building_results: 158
  - _road_queue: 19
  - _terrain_objects_queue: 61
  - _infrastructure_queue: 159
  - _pending_building_tasks: 0
OSM: DEBUG _add_road_to_batch - first road for chunk '0,1', parent.name='Chunk_0,1'
OSM DEBUG: Chunks loaded 16/16, but queues not empty:
  - _building_results: 157
  - _road_queue: 6
  - _terrain_objects_queue: 59
  - _infrastructure_queue: 158
  - _pending_building_tasks: 0
2026-01-31 07:14:09.393 Godot[69017:2121481] +[IMKInputSession subclass]: chose IMKInputSession_Modern
⚠️ SLOW FRAME 13.7ms: building=0.9 road=11.7 terrain=0.4 infra=0.7 veg=0.0 curb=0.0ms
OSM DEBUG: Chunks loaded 16/16, but queues not empty:
  - _building_results: 156
  - _road_queue: 1
  - _terrain_objects_queue: 57
  - _infrastructure_queue: 157
  - _pending_building_tasks: 0
[mvk-info] Created 3 swapchain images with size (3024, 1890) and contents scale 2.0 in layer CAMetalLayer: GodotContentView (0x7fdc43916c90) on screen Built-in Retina Display.
⚠️ SLOW FRAME 12.5ms: building=0.9 road=10.4 terrain=0.5 infra=0.7 veg=0.0 curb=0.0ms
OSM DEBUG: Chunks loaded 16/16, but queues not empty:
  - _building_results: 155
  - _road_queue: 0
  - _terrain_objects_queue: 55
  - _infrastructure_queue: 156
  - _pending_building_tasks: 0
🔴 FREEZE: road collision shape creation took 18.3 ms for chunk -2,-2 (type: residential)
OSM: ✅ Finalized road batch -2,-2/residential: 1688 vertices, 1638 triangles, material: <ImageTexture#-9223371972648368119>
OSM: ✅ Finalized road batch -2,-2/path: 494 vertices, 466 triangles, material: <ImageTexture#-9223371972547704822>
⚠️ SLOW: road batch finalization took 21.5 ms for chunk -2,-2
⚠️ SLOW FRAME 23.7ms: building=0.9 road=21.6 terrain=0.5 infra=0.7 veg=0.0 curb=0.0ms
OSM DEBUG: Chunks loaded 16/16, but queues not empty:
  - _building_results: 154
  - _road_queue: 0
  - _terrain_objects_queue: 53
  - _infrastructure_queue: 155
  - _pending_building_tasks: 0
🔴 FREEZE: road collision shape creation took 18.7 ms for chunk -2,-1 (type: primary)
OSM: ✅ Finalized road batch -2,-1/primary: 962 vertices, 958 triangles, material: <ImageTexture#-9223371972749031416>
OSM: ✅ Finalized road batch -2,-1/residential: 390 vertices, 372 triangles, material: <ImageTexture#-9223371972648368119>
OSM: ✅ Finalized road batch -2,-1/path: 1904 vertices, 1866 triangles, material: <ImageTexture#-9223371972547704822>
⚠️ SLOW: road batch finalization took 24.8 ms for chunk -2,-1
⚠️ SLOW FRAME 26.8ms: building=0.9 road=24.9 terrain=0.4 infra=0.6 veg=0.0 curb=0.0ms
OSM DEBUG: Chunks loaded 16/16, but queues not empty:
  - _building_results: 153
  - _road_queue: 0
  - _terrain_objects_queue: 51
  - _infrastructure_queue: 154
  - _pending_building_tasks: 0
🔴 FREEZE: road collision shape creation took 21.6 ms for chunk -2,0 (type: residential)
OSM: ✅ Finalized road batch -2,0/residential: 386 vertices, 376 triangles, material: <ImageTexture#-9223371972648368119>
OSM: ✅ Finalized road batch -2,0/path: 1336 vertices, 1320 triangles, material: <ImageTexture#-9223371972547704822>
⚠️ SLOW: road batch finalization took 25.2 ms for chunk -2,0
⚠️ SLOW FRAME 27.3ms: building=0.9 road=25.3 terrain=0.5 infra=0.7 veg=0.0 curb=0.0ms
OSM DEBUG: Chunks loaded 16/16, but queues not empty:
  - _building_results: 152
  - _road_queue: 0
  - _terrain_objects_queue: 49
  - _infrastructure_queue: 153
  - _pending_building_tasks: 0
⚠️ SLOW FRAME 23.9ms: building=0.9 road=0.0 terrain=1.6 infra=0.8 veg=20.6 curb=0.0ms
OSM DEBUG: Chunks loaded 16/16, but queues not empty:
  - _building_results: 151
  - _road_queue: 0
  - _terrain_objects_queue: 47
  - _infrastructure_queue: 152
  - _pending_building_tasks: 0
[mvk-info] Created 3 swapchain images with size (3024, 1890) and contents scale 2.0 in layer CAMetalLayer: GodotContentView (0x7fdc43916c90) on screen Built-in Retina Display.
OSM: ✅ Finalized road batch -1,-2/path: 522 vertices, 500 triangles, material: <ImageTexture#-9223371972547704822>
OSM: ✅ Finalized road batch -1,-2/residential: 1384 vertices, 1340 triangles, material: <ImageTexture#-9223371972648368119>
OSM DEBUG: Chunks loaded 16/16, but queues not empty:
  - _building_results: 150
  - _road_queue: 0
  - _terrain_objects_queue: 45
  - _infrastructure_queue: 151
  - _pending_building_tasks: 0
🔴 FREEZE: road collision shape creation took 30.5 ms for chunk -1,-1 (type: path)
OSM: ✅ Finalized road batch -1,-1/path: 1720 vertices, 1672 triangles, material: <ImageTexture#-9223371972547704822>
OSM: ✅ Finalized road batch -1,-1/primary: 1152 vertices, 1144 triangles, material: <ImageTexture#-9223371972749031416>
OSM: ✅ Finalized road batch -1,-1/residential: 1666 vertices, 1612 triangles, material: <ImageTexture#-9223371972648368119>
⚠️ SLOW: road batch finalization took 37.7 ms for chunk -1,-1
⚠️ SLOW FRAME 39.7ms: building=0.9 road=37.7 terrain=0.4 infra=0.7 veg=0.0 curb=0.0ms
OSM DEBUG: Chunks loaded 16/16, but queues not empty:
  - _building_results: 149
  - _road_queue: 0
  - _terrain_objects_queue: 43
  - _infrastructure_queue: 150
  - _pending_building_tasks: 0
🔴 FREEZE: road collision shape creation took 23.6 ms for chunk -1,0 (type: path)
OSM: ✅ Finalized road batch -1,0/path: 246 vertices, 234 triangles, material: <ImageTexture#-9223371972547704822>
OSM: ✅ Finalized road batch -1,0/residential: 928 vertices, 900 triangles, material: <ImageTexture#-9223371972648368119>
⚠️ SLOW: road batch finalization took 26.3 ms for chunk -1,0
⚠️ SLOW FRAME 28.3ms: building=0.8 road=26.4 terrain=0.4 infra=0.7 veg=0.0 curb=0.0ms
OSM DEBUG: Chunks loaded 16/16, but queues not empty:
  - _building_results: 148
  - _road_queue: 0
  - _terrain_objects_queue: 41
  - _infrastructure_queue: 149
  - _pending_building_tasks: 0
OSM DEBUG: Chunks loaded 16/16, but queues not empty:
  - _building_results: 147
  - _road_queue: 0
  - _terrain_objects_queue: 39
  - _infrastructure_queue: 148
  - _pending_building_tasks: 0
🔴 FREEZE: road collision shape creation took 16.0 ms for chunk 0,-2 (type: path)
OSM: ✅ Finalized road batch 0,-2/path: 1494 vertices, 1434 triangles, material: <ImageTexture#-9223371972547704822>
🔴 FREEZE: road collision shape creation took 5.2 ms for chunk 0,-2 (type: residential)
OSM: ✅ Finalized road batch 0,-2/residential: 2208 vertices, 2158 triangles, material: <ImageTexture#-9223371972648368119>
OSM: ✅ Finalized road batch 0,-2/primary: 362 vertices, 354 triangles, material: <ImageTexture#-9223371972749031416>
⚠️ SLOW: road batch finalization took 23.6 ms for chunk 0,-2
⚠️ SLOW FRAME 25.5ms: building=0.8 road=23.7 terrain=0.3 infra=0.7 veg=0.0 curb=0.0ms
OSM DEBUG: Chunks loaded 16/16, but queues not empty:
  - _building_results: 146
  - _road_queue: 0
  - _terrain_objects_queue: 37
  - _infrastructure_queue: 147
  - _pending_building_tasks: 0
🔴 FREEZE: road collision shape creation took 19.7 ms for chunk 0,-1 (type: path)
OSM: ✅ Finalized road batch 0,-1/path: 2306 vertices, 2236 triangles, material: <ImageTexture#-9223371972547704822>
OSM: ✅ Finalized road batch 0,-1/primary: 1070 vertices, 1046 triangles, material: <ImageTexture#-9223371972749031416>
OSM: ✅ Finalized road batch 0,-1/residential: 1164 vertices, 1136 triangles, material: <ImageTexture#-9223371972648368119>
⚠️ SLOW: road batch finalization took 25.7 ms for chunk 0,-1
⚠️ SLOW FRAME 27.9ms: building=0.9 road=25.7 terrain=0.4 infra=0.9 veg=0.0 curb=0.0ms
OSM DEBUG: Chunks loaded 16/16, but queues not empty:
  - _building_results: 145
  - _road_queue: 0
  - _terrain_objects_queue: 35
  - _infrastructure_queue: 146
  - _pending_building_tasks: 0
🔴 FREEZE: road collision shape creation took 17.9 ms for chunk 0,0 (type: path)
OSM: ✅ Finalized road batch 0,0/path: 1540 vertices, 1486 triangles, material: <ImageTexture#-9223371972547704822>
OSM: ✅ Finalized road batch 0,0/primary: 446 vertices, 432 triangles, material: <ImageTexture#-9223371972749031416>
OSM: ✅ Finalized road batch 0,0/residential: 336 vertices, 320 triangles, material: <ImageTexture#-9223371972648368119>
⚠️ SLOW: road batch finalization took 21.7 ms for chunk 0,0
⚠️ SLOW FRAME 24.0ms: building=0.9 road=21.7 terrain=0.3 infra=1.0 veg=0.0 curb=0.0ms
OSM DEBUG: Chunks loaded 16/16, but queues not empty:
  - _building_results: 144
  - _road_queue: 0
  - _terrain_objects_queue: 33
  - _infrastructure_queue: 145
  - _pending_building_tasks: 0
🔴 FREEZE: road collision shape creation took 23.5 ms for chunk 0,1 (type: path)
OSM: ✅ Finalized road batch 0,1/path: 156 vertices, 154 triangles, material: <ImageTexture#-9223371972547704822>
⚠️ SLOW: road batch finalization took 23.8 ms for chunk 0,1
⚠️ SLOW FRAME 25.8ms: building=0.8 road=23.8 terrain=0.4 infra=0.7 veg=0.0 curb=0.0ms
OSM DEBUG: Chunks loaded 16/16, but queues not empty:
  - _building_results: 143
  - _road_queue: 0
  - _terrain_objects_queue: 31
  - _infrastructure_queue: 144
  - _pending_building_tasks: 0
OSM: ✅ Finalized road batch 1,-2/residential: 2176 vertices, 2108 triangles, material: <ImageTexture#-9223371972648368119>
OSM: ✅ Finalized road batch 1,-2/path: 916 vertices, 880 triangles, material: <ImageTexture#-9223371972547704822>
OSM DEBUG: Chunks loaded 16/16, but queues not empty:
  - _building_results: 142
  - _road_queue: 0
  - _terrain_objects_queue: 29
  - _infrastructure_queue: 143
  - _pending_building_tasks: 0
🔴 FREEZE: road collision shape creation took 24.8 ms for chunk 1,-1 (type: residential)
OSM: ✅ Finalized road batch 1,-1/residential: 2006 vertices, 1930 triangles, material: <ImageTexture#-9223371972648368119>
OSM: ✅ Finalized road batch 1,-1/path: 840 vertices, 818 triangles, material: <ImageTexture#-9223371972547704822>
OSM: ✅ Finalized road batch 1,-1/primary: 254 vertices, 250 triangles, material: <ImageTexture#-9223371972749031416>
⚠️ SLOW: road batch finalization took 29.5 ms for chunk 1,-1
⚠️ SLOW FRAME 31.3ms: building=0.8 road=29.6 terrain=0.3 infra=0.6 veg=0.0 curb=0.0ms
OSM DEBUG: Chunks loaded 16/16, but queues not empty:
  - _building_results: 141
  - _road_queue: 0
  - _terrain_objects_queue: 27
  - _infrastructure_queue: 142
  - _pending_building_tasks: 0
🔴 FREEZE: road collision shape creation took 21.2 ms for chunk 1,0 (type: path)
OSM: ✅ Finalized road batch 1,0/path: 398 vertices, 394 triangles, material: <ImageTexture#-9223371972547704822>
⚠️ SLOW: road batch finalization took 21.5 ms for chunk 1,0
⚠️ SLOW FRAME 24.1ms: building=0.8 road=21.6 terrain=1.0 infra=0.7 veg=0.0 curb=0.0ms
OSM DEBUG: Chunks loaded 16/16, but queues not empty:
  - _building_results: 140
  - _road_queue: 0
  - _terrain_objects_queue: 25
  - _infrastructure_queue: 141
  - _pending_building_tasks: 0
OSM DEBUG: Chunks loaded 16/16, but queues not empty:
  - _building_results: 139
  - _road_queue: 0
  - _terrain_objects_queue: 23
  - _infrastructure_queue: 140
  - _pending_building_tasks: 0
Loading cache for shader SceneForwardClusteredShaderRD, variant 0
Loading cache for shader SceneForwardClusteredShaderRD, variant 1
Loading cache for shader SceneForwardClusteredShaderRD, variant 2
Loading cache for shader SceneForwardClusteredShaderRD, variant 3
Loading cache for shader SceneForwardClusteredShaderRD, variant 4
Loading cache for shader SceneForwardClusteredShaderRD, variant 5
Loading cache for shader SceneForwardClusteredShaderRD, variant 6
Loading cache for shader SceneForwardClusteredShaderRD, variant 7
Loading cache for shader SceneForwardClusteredShaderRD, variant 0
Loading cache for shader SceneForwardClusteredShaderRD, variant 1
Loading cache for shader SceneForwardClusteredShaderRD, variant 2
Loading cache for shader SceneForwardClusteredShaderRD, variant 3
Loading cache for shader SceneForwardClusteredShaderRD, variant 4
Loading cache for shader SceneForwardClusteredShaderRD, variant 5
Loading cache for shader SceneForwardClusteredShaderRD, variant 6
Loading cache for shader SceneForwardClusteredShaderRD, variant 7
Loading cache for shader SceneForwardClusteredShaderRD, variant 8
Loading cache for shader SceneForwardClusteredShaderRD, variant 9
Loading cache for shader SceneForwardClusteredShaderRD, variant 10
Loading cache for shader SceneForwardClusteredShaderRD, variant 11
Loading cache for shader SceneForwardClusteredShaderRD, variant 12
Loading cache for shader SceneForwardClusteredShaderRD, variant 13
Loading cache for shader SceneForwardClusteredShaderRD, variant 14
Loading cache for shader SceneForwardClusteredShaderRD, variant 15
Loading cache for shader SceneForwardClusteredShaderRD, variant 16
Loading cache for shader SceneForwardClusteredShaderRD, variant 17
⚠️ SLOW FRAME 14.6ms: building=0.9 road=12.3 terrain=0.4 infra=0.7 veg=0.0 curb=0.3ms
OSM DEBUG: Chunks loaded 16/16, but queues not empty:
  - _building_results: 138
  - _road_queue: 0
  - _terrain_objects_queue: 21
  - _infrastructure_queue: 139
  - _pending_building_tasks: 0
OSM DEBUG: Chunks loaded 16/16, but queues not empty:
  - _building_results: 137
  - _road_queue: 0
  - _terrain_objects_queue: 19
  - _infrastructure_queue: 138
  - _pending_building_tasks: 0
⚠️ SLOW FRAME 18.6ms: building=0.8 road=0.4 terrain=14.7 infra=0.7 veg=2.0 curb=0.0ms
OSM DEBUG: Chunks loaded 16/16, but queues not empty:
  - _building_results: 136
  - _road_queue: 0
  - _terrain_objects_queue: 17
  - _infrastructure_queue: 137
  - _pending_building_tasks: 0
⚠️ SLOW FRAME 17.1ms: building=0.8 road=1.1 terrain=14.1 infra=0.7 veg=0.0 curb=0.4ms
OSM DEBUG: Chunks loaded 16/16, but queues not empty:
  - _building_results: 135
  - _road_queue: 0
  - _terrain_objects_queue: 15
  - _infrastructure_queue: 136
  - _pending_building_tasks: 0
⚠️ SLOW FRAME 17.5ms: building=0.8 road=1.1 terrain=14.6 infra=0.6 veg=0.0 curb=0.4ms
OSM DEBUG: Chunks loaded 16/16, but queues not empty:
  - _building_results: 134
  - _road_queue: 0
  - _terrain_objects_queue: 13
  - _infrastructure_queue: 135
  - _pending_building_tasks: 0
OSM DEBUG: Chunks loaded 16/16, but queues not empty:
  - _building_results: 133
  - _road_queue: 0
  - _terrain_objects_queue: 11
  - _infrastructure_queue: 134
  - _pending_building_tasks: 0
OSM DEBUG: Chunks loaded 16/16, but queues not empty:
  - _building_results: 132
  - _road_queue: 0
  - _terrain_objects_queue: 9
  - _infrastructure_queue: 133
  - _pending_building_tasks: 0
OSM DEBUG: Chunks loaded 16/16, but queues not empty:
  - _building_results: 131
  - _road_queue: 0
  - _terrain_objects_queue: 7
  - _infrastructure_queue: 132
  - _pending_building_tasks: 0
OSM DEBUG: Chunks loaded 16/16, but queues not empty:
  - _building_results: 130
  - _road_queue: 0
  - _terrain_objects_queue: 5
  - _infrastructure_queue: 131
  - _pending_building_tasks: 0
OSM DEBUG: Chunks loaded 16/16, but queues not empty:
  - _building_results: 129
  - _road_queue: 0
  - _terrain_objects_queue: 3
  - _infrastructure_queue: 130
  - _pending_building_tasks: 0
OSM DEBUG: Chunks loaded 16/16, but queues not empty:
  - _building_results: 128
  - _road_queue: 0
  - _terrain_objects_queue: 1
  - _infrastructure_queue: 129
  - _pending_building_tasks: 0
OSM DEBUG: Chunks loaded 16/16, but queues not empty:
  - _building_results: 127
  - _road_queue: 0
  - _terrain_objects_queue: 0
  - _infrastructure_queue: 128
  - _pending_building_tasks: 0
OSM DEBUG: Chunks loaded 16/16, but queues not empty:
  - _building_results: 126
  - _road_queue: 0
  - _terrain_objects_queue: 0
  - _infrastructure_queue: 127
  - _pending_building_tasks: 0
OSM DEBUG: Chunks loaded 16/16, but queues not empty:
  - _building_results: 125
  - _road_queue: 0
  - _terrain_objects_queue: 0
  - _infrastructure_queue: 126
  - _pending_building_tasks: 0
OSM DEBUG: Chunks loaded 16/16, but queues not empty:
  - _building_results: 124
  - _road_queue: 0
  - _terrain_objects_queue: 0
  - _infrastructure_queue: 125
  - _pending_building_tasks: 0
OSM DEBUG: Chunks loaded 16/16, but queues not empty:
  - _building_results: 123
  - _road_queue: 0
  - _terrain_objects_queue: 0
  - _infrastructure_queue: 124
  - _pending_building_tasks: 0
OSM DEBUG: Chunks loaded 16/16, but queues not empty:
  - _building_results: 122
  - _road_queue: 0
  - _terrain_objects_queue: 0
  - _infrastructure_queue: 123
  - _pending_building_tasks: 0
OSM DEBUG: Chunks loaded 16/16, but queues not empty:
  - _building_results: 121
  - _road_queue: 0
  - _terrain_objects_queue: 0
  - _infrastructure_queue: 122
  - _pending_building_tasks: 0
OSM DEBUG: Chunks loaded 16/16, but queues not empty:
  - _building_results: 120
  - _road_queue: 0
  - _terrain_objects_queue: 0
  - _infrastructure_queue: 121
  - _pending_building_tasks: 0
OSM DEBUG: Chunks loaded 16/16, but queues not empty:
  - _building_results: 119
  - _road_queue: 0
  - _terrain_objects_queue: 0
  - _infrastructure_queue: 120
  - _pending_building_tasks: 0
OSM DEBUG: Chunks loaded 16/16, but queues not empty:
  - _building_results: 118
  - _road_queue: 0
  - _terrain_objects_queue: 0
  - _infrastructure_queue: 119
  - _pending_building_tasks: 0
OSM DEBUG: Chunks loaded 16/16, but queues not empty:
  - _building_results: 117
  - _road_queue: 0
  - _terrain_objects_queue: 0
  - _infrastructure_queue: 118
  - _pending_building_tasks: 0
OSM DEBUG: Chunks loaded 16/16, but queues not empty:
  - _building_results: 116
  - _road_queue: 0
  - _terrain_objects_queue: 0
  - _infrastructure_queue: 117
  - _pending_building_tasks: 0
OSM DEBUG: Chunks loaded 16/16, but queues not empty:
  - _building_results: 115
  - _road_queue: 0
  - _terrain_objects_queue: 0
  - _infrastructure_queue: 116
  - _pending_building_tasks: 0
OSM DEBUG: Chunks loaded 16/16, but queues not empty:
  - _building_results: 114
  - _road_queue: 0
  - _terrain_objects_queue: 0
  - _infrastructure_queue: 115
  - _pending_building_tasks: 0
OSM DEBUG: Chunks loaded 16/16, but queues not empty:
  - _building_results: 113
  - _road_queue: 0
  - _terrain_objects_queue: 0
  - _infrastructure_queue: 114
  - _pending_building_tasks: 0
OSM DEBUG: Chunks loaded 16/16, but queues not empty:
  - _building_results: 112
  - _road_queue: 0
  - _terrain_objects_queue: 0
  - _infrastructure_queue: 113
  - _pending_building_tasks: 0
OSM DEBUG: Chunks loaded 16/16, but queues not empty:
  - _building_results: 111
  - _road_queue: 0
  - _terrain_objects_queue: 0
  - _infrastructure_queue: 112
  - _pending_building_tasks: 0
OSM DEBUG: Chunks loaded 16/16, but queues not empty:
  - _building_results: 110
  - _road_queue: 0
  - _terrain_objects_queue: 0
  - _infrastructure_queue: 111
  - _pending_building_tasks: 0
OSM DEBUG: Chunks loaded 16/16, but queues not empty:
  - _building_results: 109
  - _road_queue: 0
  - _terrain_objects_queue: 0
  - _infrastructure_queue: 110
  - _pending_building_tasks: 0
OSM DEBUG: Chunks loaded 16/16, but queues not empty:
  - _building_results: 108
  - _road_queue: 0
  - _terrain_objects_queue: 0
  - _infrastructure_queue: 109
  - _pending_building_tasks: 0
OSM DEBUG: Chunks loaded 16/16, but queues not empty:
  - _building_results: 107
  - _road_queue: 0
  - _terrain_objects_queue: 0
  - _infrastructure_queue: 108
  - _pending_building_tasks: 0
OSM DEBUG: Chunks loaded 16/16, but queues not empty:
  - _building_results: 106
  - _road_queue: 0
  - _terrain_objects_queue: 0
  - _infrastructure_queue: 107
  - _pending_building_tasks: 0
OSM DEBUG: Chunks loaded 16/16, but queues not empty:
  - _building_results: 105
  - _road_queue: 0
  - _terrain_objects_queue: 0
  - _infrastructure_queue: 106
  - _pending_building_tasks: 0
OSM DEBUG: Chunks loaded 16/16, but queues not empty:
  - _building_results: 104
  - _road_queue: 0
  - _terrain_objects_queue: 0
  - _infrastructure_queue: 105
  - _pending_building_tasks: 0
OSM DEBUG: Chunks loaded 16/16, but queues not empty:
  - _building_results: 103
  - _road_queue: 0
  - _terrain_objects_queue: 0
  - _infrastructure_queue: 104
  - _pending_building_tasks: 0
🚗 Traffic: 6 active NPCs (Near: 1, Mid: 5, Far: 0), 0 pooled
  → Physics bodies from NPCs: 6 (All: 6×1, было бы 6×5=30)

========== Bottleneck Analysis Report ==========
Time: 6.4s | Frames: 73

📊 PERFORMANCE OVERVIEW:
  FPS: 17.4 avg | 1.0 min
  Frame Time: 56.43 ms avg | 710.33 ms max
  Physics Time: 1.44 ms avg

🔍 BOTTLENECK IDENTIFICATION:
  🔴 [CRITICAL] Frame Time
      Value: 56.43 ms (target: 16.67 ms)
      Impact: Overall performance bottleneck
      Suggestions:
        • Reduce draw calls
        • Optimize scripts in _process()
        • Check for expensive operations per frame

  🟡 [MEDIUM] Draw Calls
      Value: 2120 calls/frame
      Impact: GPU rendering overhead
      Suggestions:
        • Batch meshes by material
        • Use MultiMeshInstance3D
        • Implement LOD system
        • Enable frustum culling

  🟡 [MEDIUM] Vertex Count
      Value: 51319390 vertices/frame
      Impact: GPU vertex processing
      Suggestions:
        • Implement LOD for distant objects
        • Simplify building meshes
        • Use lower poly models

  🟡 [MEDIUM] Post-Processing Effects
      Value: SSAO, Glow/Bloom, Volumetric Fog
      Impact: GPU shader overhead
      Suggestions:
        • Reduce SSR quality
        • Disable SSAO on low-end hardware
        • Use simpler fog

📈 DETAILED STATS:
  Draw Calls: 2120 avg | 2891 max
  Vertices: 51319390 avg | 52259832 max
  Physics Bodies: 46
  Nodes: 4433
  VRAM: 705.9 MB

=================================================

OSM DEBUG: Chunks loaded 16/16, but queues not empty:
  - _building_results: 102
  - _road_queue: 0
  - _terrain_objects_queue: 0
  - _infrastructure_queue: 103
  - _pending_building_tasks: 0
OSM DEBUG: Chunks loaded 16/16, but queues not empty:
  - _building_results: 101
  - _road_queue: 0
  - _terrain_objects_queue: 0
  - _infrastructure_queue: 102
  - _pending_building_tasks: 0
OSM DEBUG: Chunks loaded 16/16, but queues not empty:
  - _building_results: 100
  - _road_queue: 0
  - _terrain_objects_queue: 0
  - _infrastructure_queue: 101
  - _pending_building_tasks: 0
OSM DEBUG: Chunks loaded 16/16, but queues not empty:
  - _building_results: 99
  - _road_queue: 0
  - _terrain_objects_queue: 0
  - _infrastructure_queue: 100
  - _pending_building_tasks: 0
OSM DEBUG: Chunks loaded 16/16, but queues not empty:
  - _building_results: 98
  - _road_queue: 0
  - _terrain_objects_queue: 0
  - _infrastructure_queue: 99
  - _pending_building_tasks: 0
OSM DEBUG: Chunks loaded 16/16, but queues not empty:
  - _building_results: 97
  - _road_queue: 0
  - _terrain_objects_queue: 0
  - _infrastructure_queue: 98
  - _pending_building_tasks: 0
OSM DEBUG: Chunks loaded 16/16, but queues not empty:
  - _building_results: 96
  - _road_queue: 0
  - _terrain_objects_queue: 0
  - _infrastructure_queue: 97
  - _pending_building_tasks: 0
OSM DEBUG: Chunks loaded 16/16, but queues not empty:
  - _building_results: 95
  - _road_queue: 0
  - _terrain_objects_queue: 0
  - _infrastructure_queue: 96
  - _pending_building_tasks: 0
OSM DEBUG: Chunks loaded 16/16, but queues not empty:
  - _building_results: 94
  - _road_queue: 0
  - _terrain_objects_queue: 0
  - _infrastructure_queue: 95
  - _pending_building_tasks: 0
OSM DEBUG: Chunks loaded 16/16, but queues not empty:
  - _building_results: 93
  - _road_queue: 0
  - _terrain_objects_queue: 0
  - _infrastructure_queue: 94
  - _pending_building_tasks: 0
OSM DEBUG: Chunks loaded 16/16, but queues not empty:
  - _building_results: 92
  - _road_queue: 0
  - _terrain_objects_queue: 0
  - _infrastructure_queue: 93
  - _pending_building_tasks: 0
OSM DEBUG: Chunks loaded 16/16, but queues not empty:
  - _building_results: 91
  - _road_queue: 0
  - _terrain_objects_queue: 0
  - _infrastructure_queue: 92
  - _pending_building_tasks: 0
OSM DEBUG: Chunks loaded 16/16, but queues not empty:
  - _building_results: 90
  - _road_queue: 0
  - _terrain_objects_queue: 0
  - _infrastructure_queue: 91
  - _pending_building_tasks: 0
OSM DEBUG: Chunks loaded 16/16, but queues not empty:
  - _building_results: 89
  - _road_queue: 0
  - _terrain_objects_queue: 0
  - _infrastructure_queue: 90
  - _pending_building_tasks: 0
OSM DEBUG: Chunks loaded 16/16, but queues not empty:
  - _building_results: 88
  - _road_queue: 0
  - _terrain_objects_queue: 0
  - _infrastructure_queue: 89
  - _pending_building_tasks: 0
OSM DEBUG: Chunks loaded 16/16, but queues not empty:
  - _building_results: 87
  - _road_queue: 0
  - _terrain_objects_queue: 0
  - _infrastructure_queue: 88
  - _pending_building_tasks: 0
OSM DEBUG: Chunks loaded 16/16, but queues not empty:
  - _building_results: 86
  - _road_queue: 0
  - _terrain_objects_queue: 0
  - _infrastructure_queue: 87
  - _pending_building_tasks: 0
OSM DEBUG: Chunks loaded 16/16, but queues not empty:
  - _building_results: 85
  - _road_queue: 0
  - _terrain_objects_queue: 0
  - _infrastructure_queue: 86
  - _pending_building_tasks: 0
OSM DEBUG: Chunks loaded 16/16, but queues not empty:
  - _building_results: 84
  - _road_queue: 0
  - _terrain_objects_queue: 0
  - _infrastructure_queue: 85
  - _pending_building_tasks: 0
OSM DEBUG: Chunks loaded 16/16, but queues not empty:
  - _building_results: 83
  - _road_queue: 0
  - _terrain_objects_queue: 0
  - _infrastructure_queue: 84
  - _pending_building_tasks: 0
OSM DEBUG: Chunks loaded 16/16, but queues not empty:
  - _building_results: 82
  - _road_queue: 0
  - _terrain_objects_queue: 0
  - _infrastructure_queue: 83
  - _pending_building_tasks: 0
OSM DEBUG: Chunks loaded 16/16, but queues not empty:
  - _building_results: 81
  - _road_queue: 0
  - _terrain_objects_queue: 0
  - _infrastructure_queue: 82
  - _pending_building_tasks: 0
OSM DEBUG: Chunks loaded 16/16, but queues not empty:
  - _building_results: 80
  - _road_queue: 0
  - _terrain_objects_queue: 0
  - _infrastructure_queue: 81
  - _pending_building_tasks: 0
OSM DEBUG: Chunks loaded 16/16, but queues not empty:
  - _building_results: 79
  - _road_queue: 0
  - _terrain_objects_queue: 0
  - _infrastructure_queue: 80
  - _pending_building_tasks: 0
OSM DEBUG: Chunks loaded 16/16, but queues not empty:
  - _building_results: 78
  - _road_queue: 0
  - _terrain_objects_queue: 0
  - _infrastructure_queue: 79
  - _pending_building_tasks: 0
OSM DEBUG: Chunks loaded 16/16, but queues not empty:
  - _building_results: 77
  - _road_queue: 0
  - _terrain_objects_queue: 0
  - _infrastructure_queue: 78
  - _pending_building_tasks: 0
OSM DEBUG: Chunks loaded 16/16, but queues not empty:
  - _building_results: 76
  - _road_queue: 0
  - _terrain_objects_queue: 0
  - _infrastructure_queue: 77
  - _pending_building_tasks: 0
OSM DEBUG: Chunks loaded 16/16, but queues not empty:
  - _building_results: 75
  - _road_queue: 0
  - _terrain_objects_queue: 0
  - _infrastructure_queue: 76
  - _pending_building_tasks: 0
OSM DEBUG: Chunks loaded 16/16, but queues not empty:
  - _building_results: 74
  - _road_queue: 0
  - _terrain_objects_queue: 0
  - _infrastructure_queue: 75
  - _pending_building_tasks: 0
OSM DEBUG: Chunks loaded 16/16, but queues not empty:
  - _building_results: 73
  - _road_queue: 0
  - _terrain_objects_queue: 0
  - _infrastructure_queue: 74
  - _pending_building_tasks: 0
OSM DEBUG: Chunks loaded 16/16, but queues not empty:
  - _building_results: 72
  - _road_queue: 0
  - _terrain_objects_queue: 0
  - _infrastructure_queue: 73
  - _pending_building_tasks: 0
OSM DEBUG: Chunks loaded 16/16, but queues not empty:
  - _building_results: 71
  - _road_queue: 0
  - _terrain_objects_queue: 0
  - _infrastructure_queue: 72
  - _pending_building_tasks: 0
OSM DEBUG: Chunks loaded 16/16, but queues not empty:
  - _building_results: 70
  - _road_queue: 0
  - _terrain_objects_queue: 0
  - _infrastructure_queue: 71
  - _pending_building_tasks: 0
OSM DEBUG: Chunks loaded 16/16, but queues not empty:
  - _building_results: 69
  - _road_queue: 0
  - _terrain_objects_queue: 0
  - _infrastructure_queue: 70
  - _pending_building_tasks: 0
OSM DEBUG: Chunks loaded 16/16, but queues not empty:
  - _building_results: 68
  - _road_queue: 0
  - _terrain_objects_queue: 0
  - _infrastructure_queue: 69
  - _pending_building_tasks: 0
OSM DEBUG: Chunks loaded 16/16, but queues not empty:
  - _building_results: 67
  - _road_queue: 0
  - _terrain_objects_queue: 0
  - _infrastructure_queue: 68
  - _pending_building_tasks: 0
OSM DEBUG: Chunks loaded 16/16, but queues not empty:
  - _building_results: 66
  - _road_queue: 0
  - _terrain_objects_queue: 0
  - _infrastructure_queue: 67
  - _pending_building_tasks: 0
OSM DEBUG: Chunks loaded 16/16, but queues not empty:
  - _building_results: 65
  - _road_queue: 0
  - _terrain_objects_queue: 0
  - _infrastructure_queue: 66
  - _pending_building_tasks: 0
OSM DEBUG: Chunks loaded 16/16, but queues not empty:
  - _building_results: 64
  - _road_queue: 0
  - _terrain_objects_queue: 0
  - _infrastructure_queue: 65
  - _pending_building_tasks: 0
OSM DEBUG: Chunks loaded 16/16, but queues not empty:
  - _building_results: 63
  - _road_queue: 0
  - _terrain_objects_queue: 0
  - _infrastructure_queue: 64
  - _pending_building_tasks: 0
OSM DEBUG: Chunks loaded 16/16, but queues not empty:
  - _building_results: 62
  - _road_queue: 0
  - _terrain_objects_queue: 0
  - _infrastructure_queue: 63
  - _pending_building_tasks: 0
OSM DEBUG: Chunks loaded 16/16, but queues not empty:
  - _building_results: 61
  - _road_queue: 0
  - _terrain_objects_queue: 0
  - _infrastructure_queue: 62
  - _pending_building_tasks: 0
OSM DEBUG: Chunks loaded 16/16, but queues not empty:
  - _building_results: 60
  - _road_queue: 0
  - _terrain_objects_queue: 0
  - _infrastructure_queue: 61
  - _pending_building_tasks: 0
OSM DEBUG: Chunks loaded 16/16, but queues not empty:
  - _building_results: 59
  - _road_queue: 0
  - _terrain_objects_queue: 0
  - _infrastructure_queue: 60
  - _pending_building_tasks: 0
OSM DEBUG: Chunks loaded 16/16, but queues not empty:
  - _building_results: 58
  - _road_queue: 0
  - _terrain_objects_queue: 0
  - _infrastructure_queue: 59
  - _pending_building_tasks: 0
OSM DEBUG: Chunks loaded 16/16, but queues not empty:
  - _building_results: 57
  - _road_queue: 0
  - _terrain_objects_queue: 0
  - _infrastructure_queue: 58
  - _pending_building_tasks: 0
OSM DEBUG: Chunks loaded 16/16, but queues not empty:
  - _building_results: 56
  - _road_queue: 0
  - _terrain_objects_queue: 0
  - _infrastructure_queue: 57
  - _pending_building_tasks: 0
OSM DEBUG: Chunks loaded 16/16, but queues not empty:
  - _building_results: 55
  - _road_queue: 0
  - _terrain_objects_queue: 0
  - _infrastructure_queue: 56
  - _pending_building_tasks: 0
OSM DEBUG: Chunks loaded 16/16, but queues not empty:
  - _building_results: 54
  - _road_queue: 0
  - _terrain_objects_queue: 0
  - _infrastructure_queue: 55
  - _pending_building_tasks: 0
OSM DEBUG: Chunks loaded 16/16, but queues not empty:
  - _building_results: 53
  - _road_queue: 0
  - _terrain_objects_queue: 0
  - _infrastructure_queue: 54
  - _pending_building_tasks: 0
OSM DEBUG: Chunks loaded 16/16, but queues not empty:
  - _building_results: 52
  - _road_queue: 0
  - _terrain_objects_queue: 0
  - _infrastructure_queue: 53
  - _pending_building_tasks: 0
OSM DEBUG: Chunks loaded 16/16, but queues not empty:
  - _building_results: 51
  - _road_queue: 0
  - _terrain_objects_queue: 0
  - _infrastructure_queue: 52
  - _pending_building_tasks: 0
OSM DEBUG: Chunks loaded 16/16, but queues not empty:
  - _building_results: 50
  - _road_queue: 0
  - _terrain_objects_queue: 0
  - _infrastructure_queue: 51
  - _pending_building_tasks: 0
OSM DEBUG: Chunks loaded 16/16, but queues not empty:
  - _building_results: 49
  - _road_queue: 0
  - _terrain_objects_queue: 0
  - _infrastructure_queue: 50
  - _pending_building_tasks: 0
OSM DEBUG: Chunks loaded 16/16, but queues not empty:
  - _building_results: 48
  - _road_queue: 0
  - _terrain_objects_queue: 0
  - _infrastructure_queue: 49
  - _pending_building_tasks: 0
OSM DEBUG: Chunks loaded 16/16, but queues not empty:
  - _building_results: 47
  - _road_queue: 0
  - _terrain_objects_queue: 0
  - _infrastructure_queue: 48
  - _pending_building_tasks: 0
OSM DEBUG: Chunks loaded 16/16, but queues not empty:
  - _building_results: 46
  - _road_queue: 0
  - _terrain_objects_queue: 0
  - _infrastructure_queue: 47
  - _pending_building_tasks: 0
OSM DEBUG: Chunks loaded 16/16, but queues not empty:
  - _building_results: 45
  - _road_queue: 0
  - _terrain_objects_queue: 0
  - _infrastructure_queue: 46
  - _pending_building_tasks: 0
OSM DEBUG: Chunks loaded 16/16, but queues not empty:
  - _building_results: 44
  - _road_queue: 0
  - _terrain_objects_queue: 0
  - _infrastructure_queue: 45
  - _pending_building_tasks: 0
=== PAZ Model Meshes Debug ===
Total meshes found: 1
  - Mesh: bus_low_Material_006_0 (MeshInstance3D)
PAZ-32053 model setup complete
=== PAZ Model Meshes Debug ===
Total meshes found: 1
  - Mesh: bus_low_Material_006_0 (MeshInstance3D)
PAZ-32053 model setup complete
OSM DEBUG: Chunks loaded 16/16, but queues not empty:
  - _building_results: 43
  - _road_queue: 0
  - _terrain_objects_queue: 0
  - _infrastructure_queue: 44
  - _pending_building_tasks: 0
OSM DEBUG: Chunks loaded 16/16, but queues not empty:
  - _building_results: 42
  - _road_queue: 0
  - _terrain_objects_queue: 0
  - _infrastructure_queue: 43
  - _pending_building_tasks: 0
OSM DEBUG: Chunks loaded 16/16, but queues not empty:
  - _building_results: 41
  - _road_queue: 0
  - _terrain_objects_queue: 0
  - _infrastructure_queue: 42
  - _pending_building_tasks: 0
OSM DEBUG: Chunks loaded 16/16, but queues not empty:
  - _building_results: 40
  - _road_queue: 0
  - _terrain_objects_queue: 0
  - _infrastructure_queue: 41
  - _pending_building_tasks: 0
OSM DEBUG: Chunks loaded 16/16, but queues not empty:
  - _building_results: 39
  - _road_queue: 0
  - _terrain_objects_queue: 0
  - _infrastructure_queue: 40
  - _pending_building_tasks: 0
OSM DEBUG: Chunks loaded 16/16, but queues not empty:
  - _building_results: 38
  - _road_queue: 0
  - _terrain_objects_queue: 0
  - _infrastructure_queue: 39
  - _pending_building_tasks: 0
OSM DEBUG: Chunks loaded 16/16, but queues not empty:
  - _building_results: 37
  - _road_queue: 0
  - _terrain_objects_queue: 0
  - _infrastructure_queue: 38
  - _pending_building_tasks: 0
OSM DEBUG: Chunks loaded 16/16, but queues not empty:
  - _building_results: 36
  - _road_queue: 0
  - _terrain_objects_queue: 0
  - _infrastructure_queue: 37
  - _pending_building_tasks: 0
OSM DEBUG: Chunks loaded 16/16, but queues not empty:
  - _building_results: 35
  - _road_queue: 0
  - _terrain_objects_queue: 0
  - _infrastructure_queue: 36
  - _pending_building_tasks: 0
OSM DEBUG: Chunks loaded 16/16, but queues not empty:
  - _building_results: 34
  - _road_queue: 0
  - _terrain_objects_queue: 0
  - _infrastructure_queue: 35
  - _pending_building_tasks: 0
OSM DEBUG: Chunks loaded 16/16, but queues not empty:
  - _building_results: 33
  - _road_queue: 0
  - _terrain_objects_queue: 0
  - _infrastructure_queue: 34
  - _pending_building_tasks: 0
OSM DEBUG: Chunks loaded 16/16, but queues not empty:
  - _building_results: 32
  - _road_queue: 0
  - _terrain_objects_queue: 0
  - _infrastructure_queue: 33
  - _pending_building_tasks: 0
OSM DEBUG: Chunks loaded 16/16, but queues not empty:
  - _building_results: 31
  - _road_queue: 0
  - _terrain_objects_queue: 0
  - _infrastructure_queue: 32
  - _pending_building_tasks: 0
OSM DEBUG: Chunks loaded 16/16, but queues not empty:
  - _building_results: 30
  - _road_queue: 0
  - _terrain_objects_queue: 0
  - _infrastructure_queue: 31
  - _pending_building_tasks: 0
OSM DEBUG: Chunks loaded 16/16, but queues not empty:
  - _building_results: 29
  - _road_queue: 0
  - _terrain_objects_queue: 0
  - _infrastructure_queue: 30
  - _pending_building_tasks: 0
OSM DEBUG: Chunks loaded 16/16, but queues not empty:
  - _building_results: 28
  - _road_queue: 0
  - _terrain_objects_queue: 0
  - _infrastructure_queue: 29
  - _pending_building_tasks: 0
OSM DEBUG: Chunks loaded 16/16, but queues not empty:
  - _building_results: 27
  - _road_queue: 0
  - _terrain_objects_queue: 0
  - _infrastructure_queue: 28
  - _pending_building_tasks: 0
OSM DEBUG: Chunks loaded 16/16, but queues not empty:
  - _building_results: 26
  - _road_queue: 0
  - _terrain_objects_queue: 0
  - _infrastructure_queue: 27
  - _pending_building_tasks: 0
OSM DEBUG: Chunks loaded 16/16, but queues not empty:
  - _building_results: 25
  - _road_queue: 0
  - _terrain_objects_queue: 0
  - _infrastructure_queue: 26
  - _pending_building_tasks: 0
OSM DEBUG: Chunks loaded 16/16, but queues not empty:
  - _building_results: 24
  - _road_queue: 0
  - _terrain_objects_queue: 0
  - _infrastructure_queue: 25
  - _pending_building_tasks: 0
OSM DEBUG: Chunks loaded 16/16, but queues not empty:
  - _building_results: 23
  - _road_queue: 0
  - _terrain_objects_queue: 0
  - _infrastructure_queue: 24
  - _pending_building_tasks: 0
OSM DEBUG: Chunks loaded 16/16, but queues not empty:
  - _building_results: 22
  - _road_queue: 0
  - _terrain_objects_queue: 0
  - _infrastructure_queue: 23
  - _pending_building_tasks: 0
OSM DEBUG: Chunks loaded 16/16, but queues not empty:
  - _building_results: 21
  - _road_queue: 0
  - _terrain_objects_queue: 0
  - _infrastructure_queue: 22
  - _pending_building_tasks: 0
OSM DEBUG: Chunks loaded 16/16, but queues not empty:
  - _building_results: 20
  - _road_queue: 0
  - _terrain_objects_queue: 0
  - _infrastructure_queue: 21
  - _pending_building_tasks: 0
OSM DEBUG: Chunks loaded 16/16, but queues not empty:
  - _building_results: 19
  - _road_queue: 0
  - _terrain_objects_queue: 0
  - _infrastructure_queue: 20
  - _pending_building_tasks: 0
OSM DEBUG: Chunks loaded 16/16, but queues not empty:
  - _building_results: 18
  - _road_queue: 0
  - _terrain_objects_queue: 0
  - _infrastructure_queue: 19
  - _pending_building_tasks: 0
OSM DEBUG: Chunks loaded 16/16, but queues not empty:
  - _building_results: 17
  - _road_queue: 0
  - _terrain_objects_queue: 0
  - _infrastructure_queue: 18
  - _pending_building_tasks: 0
OSM DEBUG: Chunks loaded 16/16, but queues not empty:
  - _building_results: 16
  - _road_queue: 0
  - _terrain_objects_queue: 0
  - _infrastructure_queue: 17
  - _pending_building_tasks: 0
OSM DEBUG: Chunks loaded 16/16, but queues not empty:
  - _building_results: 15
  - _road_queue: 0
  - _terrain_objects_queue: 0
  - _infrastructure_queue: 16
  - _pending_building_tasks: 0
OSM DEBUG: Chunks loaded 16/16, but queues not empty:
  - _building_results: 14
  - _road_queue: 0
  - _terrain_objects_queue: 0
  - _infrastructure_queue: 15
  - _pending_building_tasks: 0
OSM DEBUG: Chunks loaded 16/16, but queues not empty:
  - _building_results: 13
  - _road_queue: 0
  - _terrain_objects_queue: 0
  - _infrastructure_queue: 14
  - _pending_building_tasks: 0
OSM DEBUG: Chunks loaded 16/16, but queues not empty:
  - _building_results: 12
  - _road_queue: 0
  - _terrain_objects_queue: 0
  - _infrastructure_queue: 13
  - _pending_building_tasks: 0
OSM DEBUG: Chunks loaded 16/16, but queues not empty:
  - _building_results: 11
  - _road_queue: 0
  - _terrain_objects_queue: 0
  - _infrastructure_queue: 12
  - _pending_building_tasks: 0
OSM DEBUG: Chunks loaded 16/16, but queues not empty:
  - _building_results: 10
  - _road_queue: 0
  - _terrain_objects_queue: 0
  - _infrastructure_queue: 11
  - _pending_building_tasks: 0
OSM DEBUG: Chunks loaded 16/16, but queues not empty:
  - _building_results: 9
  - _road_queue: 0
  - _terrain_objects_queue: 0
  - _infrastructure_queue: 10
  - _pending_building_tasks: 0
OSM DEBUG: Chunks loaded 16/16, but queues not empty:
  - _building_results: 8
  - _road_queue: 0
  - _terrain_objects_queue: 0
  - _infrastructure_queue: 9
  - _pending_building_tasks: 0
OSM DEBUG: Chunks loaded 16/16, but queues not empty:
  - _building_results: 7
  - _road_queue: 0
  - _terrain_objects_queue: 0
  - _infrastructure_queue: 8
  - _pending_building_tasks: 0
OSM DEBUG: Chunks loaded 16/16, but queues not empty:
  - _building_results: 6
  - _road_queue: 0
  - _terrain_objects_queue: 0
  - _infrastructure_queue: 7
  - _pending_building_tasks: 0
OSM DEBUG: Chunks loaded 16/16, but queues not empty:
  - _building_results: 5
  - _road_queue: 0
  - _terrain_objects_queue: 0
  - _infrastructure_queue: 6
  - _pending_building_tasks: 0
OSM DEBUG: Chunks loaded 16/16, but queues not empty:
  - _building_results: 4
  - _road_queue: 0
  - _terrain_objects_queue: 0
  - _infrastructure_queue: 5
  - _pending_building_tasks: 0
OSM DEBUG: Chunks loaded 16/16, but queues not empty:
  - _building_results: 3
  - _road_queue: 0
  - _terrain_objects_queue: 0
  - _infrastructure_queue: 4
  - _pending_building_tasks: 0
🚗 Traffic: 10 active NPCs (Near: 2, Mid: 8, Far: 0), 0 pooled
  → Physics bodies from NPCs: 10 (All: 10×1, было бы 10×5=50)

========== Bottleneck Analysis Report ==========
Time: 8.4s | Frames: 173

📊 PERFORMANCE OVERVIEW:
  FPS: 43.8 avg | 32.0 min
  Frame Time: 42.99 ms avg | 56.62 ms max
  Physics Time: 6.42 ms avg

🔍 BOTTLENECK IDENTIFICATION:
  🔴 [CRITICAL] Frame Time
      Value: 42.99 ms (target: 16.67 ms)
      Impact: Overall performance bottleneck
      Suggestions:
        • Reduce draw calls
        • Optimize scripts in _process()
        • Check for expensive operations per frame

  🟠 [HIGH] Draw Calls
      Value: 3409 calls/frame
      Impact: GPU rendering overhead
      Suggestions:
        • Batch meshes by material
        • Use MultiMeshInstance3D
        • Implement LOD system
        • Enable frustum culling

  🟡 [MEDIUM] Physics Time
      Value: 6.42 ms
      Impact: Physics simulation overhead
      Suggestions:
        • Reduce number of active physics bodies
        • Simplify collision shapes
        • Disable physics for distant objects

  🟡 [MEDIUM] Vertex Count
      Value: 52352236 vertices/frame
      Impact: GPU vertex processing
      Suggestions:
        • Implement LOD for distant objects
        • Simplify building meshes
        • Use lower poly models

  🟡 [MEDIUM] Node Count
      Value: 10065 nodes
      Impact: Scene tree traversal overhead
      Suggestions:
        • Unload distant chunks
        • Pool and reuse nodes
        • Flatten hierarchy where possible

  🟡 [MEDIUM] Post-Processing Effects
      Value: SSAO, Glow/Bloom, Volumetric Fog
      Impact: GPU shader overhead
      Suggestions:
        • Reduce SSR quality
        • Disable SSAO on low-end hardware
        • Use simpler fog

📈 DETAILED STATS:
  Draw Calls: 3409 avg | 4145 max
  Vertices: 52352236 avg | 52476865 max
  Physics Bodies: 123
  Nodes: 10065
  VRAM: 710.0 MB

=================================================

OSM DEBUG: Chunks loaded 16/16, but queues not empty:
  - _building_results: 2
  - _road_queue: 0
  - _terrain_objects_queue: 0
  - _infrastructure_queue: 3
  - _pending_building_tasks: 0
OSM DEBUG: Chunks loaded 16/16, but queues not empty:
  - _building_results: 1
  - _road_queue: 0
  - _terrain_objects_queue: 0
  - _infrastructure_queue: 2
  - _pending_building_tasks: 0
Loading cache for shader SceneForwardClusteredShaderRD, variant 0
Loading cache for shader SceneForwardClusteredShaderRD, variant 1
Loading cache for shader SceneForwardClusteredShaderRD, variant 2
Loading cache for shader SceneForwardClusteredShaderRD, variant 3
Loading cache for shader SceneForwardClusteredShaderRD, variant 4
Loading cache for shader SceneForwardClusteredShaderRD, variant 5
Loading cache for shader SceneForwardClusteredShaderRD, variant 6
Loading cache for shader SceneForwardClusteredShaderRD, variant 7
Loading cache for shader SceneForwardClusteredShaderRD, variant 0
Loading cache for shader SceneForwardClusteredShaderRD, variant 1
Loading cache for shader SceneForwardClusteredShaderRD, variant 2
Loading cache for shader SceneForwardClusteredShaderRD, variant 3
Loading cache for shader SceneForwardClusteredShaderRD, variant 4
Loading cache for shader SceneForwardClusteredShaderRD, variant 5
Loading cache for shader SceneForwardClusteredShaderRD, variant 6
Loading cache for shader SceneForwardClusteredShaderRD, variant 7
Loading cache for shader SceneForwardClusteredShaderRD, variant 8
Loading cache for shader SceneForwardClusteredShaderRD, variant 9
Loading cache for shader SceneForwardClusteredShaderRD, variant 10
Loading cache for shader SceneForwardClusteredShaderRD, variant 11
Loading cache for shader SceneForwardClusteredShaderRD, variant 12
Loading cache for shader SceneForwardClusteredShaderRD, variant 13
Loading cache for shader SceneForwardClusteredShaderRD, variant 14
Loading cache for shader SceneForwardClusteredShaderRD, variant 15
Loading cache for shader SceneForwardClusteredShaderRD, variant 16
Loading cache for shader SceneForwardClusteredShaderRD, variant 17
OSM: 🌙 NIGHT Window batch 0,-1 | night_mgr: CACHED | is_night value: true
OSM: ✅ Finalized window batch 0,-1: 1555 windows (was 1555 draw calls before batching)
⚠️ SLOW FRAME 14.3ms: building=0.0 road=13.7 terrain=0.0 infra=0.4 veg=0.0 curb=0.1ms
OSM DEBUG: Chunks loaded 16/16, but queues not empty:
  - _building_results: 0
  - _road_queue: 0
  - _terrain_objects_queue: 0
  - _infrastructure_queue: 1
  - _pending_building_tasks: 0
OSM: 🌙 NIGHT Window batch -1,-1 | night_mgr: CACHED | is_night value: true
OSM: ✅ Finalized window batch -1,-1: 4286 windows (was 4286 draw calls before batching)
OSM: Starting finalization...
OSM: _create_pending_lamps started, count=942
OSM: DEBUG - First lamp added to chunk 0,-1 batch
OSM: DEBUG - First lamp added to chunk 0,0 batch
OSM: DEBUG - First lamp added to chunk -1,-1 batch
OSM: DEBUG - First lamp added to chunk -2,-1 batch
OSM: DEBUG - First lamp added to chunk -2,-2 batch
OSM: DEBUG - First lamp added to chunk 0,1 batch
OSM: DEBUG - First lamp added to chunk 1,-1 batch
OSM: DEBUG - First lamp added to chunk 0,-2 batch
OSM: Created 404 lamps, skipped 538 (added to batches)
OSM: Finalizing 8 lamp batches immediately...
Loading cache for shader SceneForwardClusteredShaderRD, variant 0
Loading cache for shader SceneForwardClusteredShaderRD, variant 1
Loading cache for shader SceneForwardClusteredShaderRD, variant 2
Loading cache for shader SceneForwardClusteredShaderRD, variant 3
Loading cache for shader SceneForwardClusteredShaderRD, variant 4
Loading cache for shader SceneForwardClusteredShaderRD, variant 5
Loading cache for shader SceneForwardClusteredShaderRD, variant 6
Loading cache for shader SceneForwardClusteredShaderRD, variant 7
Loading cache for shader SceneForwardClusteredShaderRD, variant 0
Loading cache for shader SceneForwardClusteredShaderRD, variant 1
Loading cache for shader SceneForwardClusteredShaderRD, variant 2
Loading cache for shader SceneForwardClusteredShaderRD, variant 3
Loading cache for shader SceneForwardClusteredShaderRD, variant 4
Loading cache for shader SceneForwardClusteredShaderRD, variant 5
Loading cache for shader SceneForwardClusteredShaderRD, variant 6
Loading cache for shader SceneForwardClusteredShaderRD, variant 7
Loading cache for shader SceneForwardClusteredShaderRD, variant 8
Loading cache for shader SceneForwardClusteredShaderRD, variant 9
Loading cache for shader SceneForwardClusteredShaderRD, variant 10
Loading cache for shader SceneForwardClusteredShaderRD, variant 11
Loading cache for shader SceneForwardClusteredShaderRD, variant 12
Loading cache for shader SceneForwardClusteredShaderRD, variant 13
Loading cache for shader SceneForwardClusteredShaderRD, variant 14
Loading cache for shader SceneForwardClusteredShaderRD, variant 15
Loading cache for shader SceneForwardClusteredShaderRD, variant 16
Loading cache for shader SceneForwardClusteredShaderRD, variant 17
OSM: ✅ Finalized lamp batch 0,-1: 62 lamps (3 MultiMeshes + 62 lights, was 186 draw calls before)
OSM: ✅ Finalized lamp batch 0,0: 6 lamps (3 MultiMeshes + 6 lights, was 18 draw calls before)
OSM: ✅ Finalized lamp batch -1,-1: 34 lamps (3 MultiMeshes + 34 lights, was 102 draw calls before)
OSM: ✅ Finalized lamp batch -2,-1: 50 lamps (3 MultiMeshes + 50 lights, was 150 draw calls before)
OSM: ✅ Finalized lamp batch -2,-2: 1 lamps (3 MultiMeshes + 1 lights, was 3 draw calls before)
OSM: ✅ Finalized lamp batch 0,1: 11 lamps (3 MultiMeshes + 11 lights, was 33 draw calls before)
OSM: ✅ Finalized lamp batch 1,-1: 14 lamps (3 MultiMeshes + 14 lights, was 42 draw calls before)
OSM: ✅ Finalized lamp batch 0,-2: 45 lamps (3 MultiMeshes + 45 lights, was 135 draw calls before)
OSM: Lamps done, starting parking signs...
OSM: _create_pending_parking_signs started, count=16, road_segments=2377
OSM: Created 16 parking signs
OSM: Parking signs done
OSM: Initial loading complete! 16 chunks loaded

[PerformanceTestDetailed] ✓ Terrain loaded! Starting test in 2 seconds...
OSM: 🌙 NIGHT Window batch -1,0 | night_mgr: CACHED | is_night value: true
OSM: ✅ Finalized window batch -1,0: 728 windows (was 728 draw calls before batching)
=== PAZ Model Meshes Debug ===
Total meshes found: 1
  - Mesh: bus_low_Material_006_0 (MeshInstance3D)
PAZ-32053 model setup complete
=== PAZ Model Meshes Debug ===
Total meshes found: 1
  - Mesh: bus_low_Material_006_0 (MeshInstance3D)
PAZ-32053 model setup complete
OSM: 🌙 NIGHT Window batch -2,0 | night_mgr: CACHED | is_night value: true
OSM: ✅ Finalized window batch -2,0: 96 windows (was 96 draw calls before batching)
OSM: 🌙 NIGHT Window batch -2,-1 | night_mgr: CACHED | is_night value: true
OSM: ✅ Finalized window batch -2,-1: 2311 windows (was 2311 draw calls before batching)
OSM: 🌙 NIGHT Window batch -1,-2 | night_mgr: CACHED | is_night value: true
OSM: ✅ Finalized window batch -1,-2: 5365 windows (was 5365 draw calls before batching)
OSM: 🌙 NIGHT Window batch 1,0 | night_mgr: CACHED | is_night value: true
OSM: ✅ Finalized window batch 1,0: 40 windows (was 40 draw calls before batching)
OSM: 🌙 NIGHT Window batch 1,-1 | night_mgr: CACHED | is_night value: true
OSM: ✅ Finalized window batch 1,-1: 4967 windows (was 4967 draw calls before batching)
OSM: 🌙 NIGHT Window batch 0,-2 | night_mgr: CACHED | is_night value: true
OSM: ✅ Finalized window batch 0,-2: 2148 windows (was 2148 draw calls before batching)
OSM: 🌙 NIGHT Window batch -2,-2 | night_mgr: CACHED | is_night value: true
OSM: ✅ Finalized window batch -2,-2: 5534 windows (was 5534 draw calls before batching)
OSM: 🌙 NIGHT Window batch 1,-2 | night_mgr: CACHED | is_night value: true
OSM: ✅ Finalized window batch 1,-2: 4954 windows (was 4954 draw calls before batching)

=== PERFORMANCE METRICS ===
FPS: 39 | Frame: 23.7 ms (max 144.7) | Physics: 18.3 ms (max 711.8)
Godot Process: 86.40 ms | Physics: 3.74 ms
Objects: 28223 | Nodes: 11570 | Resources: 535
Draw calls: 4422 | Vertices: 56723359 | VRAM: 717.8 MB
Physics bodies: 204 | Collision pairs: 1937
--- System Times ---
  road_batch_finalize_total_-1,-1: 37.67 ms (max 37.67)
  road_batch_finalize_total_-1,-2: 5.66 ms (max 5.66)
  road_batch_finalize_total_-1,0: 26.30 ms (max 26.30)
  road_batch_finalize_total_-2,-1: 24.83 ms (max 24.83)
  road_batch_finalize_total_-2,-2: 21.50 ms (max 21.50)
  road_batch_finalize_total_-2,0: 25.21 ms (max 25.21)
  road_batch_finalize_total_0,-1: 25.66 ms (max 25.66)
  road_batch_finalize_total_0,-2: 23.65 ms (max 23.65)
  road_batch_finalize_total_0,0: 21.70 ms (max 21.70)
  road_batch_finalize_total_0,1: 23.77 ms (max 23.77)
  road_batch_finalize_total_1,-1: 29.52 ms (max 29.52)
  road_batch_finalize_total_1,-2: 7.67 ms (max 7.67)
  road_batch_finalize_total_1,0: 21.52 ms (max 21.52)
  road_collision_create_-1,-1: 12.30 ms (max 30.46)
  road_collision_create_-1,-2: 2.57 ms (max 3.40)
  road_collision_create_-1,0: 12.90 ms (max 23.62)
  road_collision_create_-2,-1: 8.05 ms (max 18.66)
  road_collision_create_-2,-2: 10.42 ms (max 18.25)
  road_collision_create_-2,0: 12.32 ms (max 21.55)
  road_collision_create_0,-1: 8.33 ms (max 19.70)
  road_collision_create_0,-2: 7.60 ms (max 16.02)
  road_collision_create_0,0: 6.99 ms (max 17.84)
  road_collision_create_0,1: 23.51 ms (max 23.51)
  road_collision_create_1,-1: 9.61 ms (max 24.76)
  road_collision_create_1,-2: 3.63 ms (max 4.87)
  road_collision_create_1,0: 21.23 ms (max 21.23)
===========================

=== PERFORMANCE METRICS ===
FPS: 39 | Frame: 23.7 ms (max 144.7) | Physics: 16.3 ms (max 89.7)
Godot Process: 86.40 ms | Physics: 3.74 ms
Objects: 28223 | Nodes: 11570 | Resources: 535
Draw calls: 4422 | Vertices: 56723359 | VRAM: 717.8 MB
Physics bodies: 204 | Collision pairs: 1937
===========================
🚗 Traffic: 15 active NPCs (Near: 3, Mid: 12, Far: 0), 0 pooled
  → Physics bodies from NPCs: 15 (All: 15×1, было бы 15×5=75)

========== Bottleneck Analysis Report ==========
Time: 10.4s | Frames: 258

📊 PERFORMANCE OVERVIEW:
  FPS: 45.6 avg | 39.0 min
  Frame Time: 49.18 ms avg | 86.40 ms max
  Physics Time: 4.91 ms avg

🔍 BOTTLENECK IDENTIFICATION:
  🔴 [CRITICAL] Frame Time
      Value: 49.18 ms (target: 16.67 ms)
      Impact: Overall performance bottleneck
      Suggestions:
        • Reduce draw calls
        • Optimize scripts in _process()
        • Check for expensive operations per frame

  🟠 [HIGH] Draw Calls
      Value: 4288 calls/frame
      Impact: GPU rendering overhead
      Suggestions:
        • Batch meshes by material
        • Use MultiMeshInstance3D
        • Implement LOD system
        • Enable frustum culling

  🟡 [MEDIUM] Vertex Count
      Value: 55320671 vertices/frame
      Impact: GPU vertex processing
      Suggestions:
        • Implement LOD for distant objects
        • Simplify building meshes
        • Use lower poly models

  🟡 [MEDIUM] Physics Bodies
      Value: 192 active bodies
      Impact: Physics engine load
      Suggestions:
        • Reduce NPC count
        • Convert distant NPCs to kinematic
        • Disable physics for far objects

  🟡 [MEDIUM] Node Count
      Value: 11984 nodes
      Impact: Scene tree traversal overhead
      Suggestions:
        • Unload distant chunks
        • Pool and reuse nodes
        • Flatten hierarchy where possible

  🟡 [MEDIUM] Post-Processing Effects
      Value: SSAO, Glow/Bloom, Volumetric Fog
      Impact: GPU shader overhead
      Suggestions:
        • Reduce SSR quality
        • Disable SSAO on low-end hardware
        • Use simpler fog

📈 DETAILED STATS:
  Draw Calls: 4288 avg | 4455 max
  Vertices: 55320671 avg | 56730096 max
  Physics Bodies: 192
  Nodes: 11984
  VRAM: 718.0 MB

=================================================

[PerformanceLogger] Started logging: detailed_test_90s
🚀 Test started!

=== PAZ Model Meshes Debug ===
Total meshes found: 1
  - Mesh: bus_low_Material_006_0 (MeshInstance3D)
PAZ-32053 model setup complete
🚗 Traffic: 18 active NPCs (Near: 4, Mid: 14, Far: 0), 0 pooled
  → Physics bodies from NPCs: 18 (All: 18×1, было бы 18×5=90)

========== Bottleneck Analysis Report ==========
Time: 12.4s | Frames: 348

📊 PERFORMANCE OVERVIEW:
  FPS: 45.0 avg | 39.0 min
  Frame Time: 29.22 ms avg | 86.40 ms max
  Physics Time: 4.26 ms avg

🔍 BOTTLENECK IDENTIFICATION:
  🟠 [HIGH] Frame Time
      Value: 29.22 ms (target: 16.67 ms)
      Impact: Overall performance bottleneck
      Suggestions:
        • Reduce draw calls
        • Optimize scripts in _process()
        • Check for expensive operations per frame

  🟠 [HIGH] Draw Calls
      Value: 4477 calls/frame
      Impact: GPU rendering overhead
      Suggestions:
        • Batch meshes by material
        • Use MultiMeshInstance3D
        • Implement LOD system
        • Enable frustum culling

  🟠 [HIGH] Physics Bodies
      Value: 208 active bodies
      Impact: Physics engine load
      Suggestions:
        • Reduce NPC count
        • Convert distant NPCs to kinematic
        • Disable physics for far objects

  🟡 [MEDIUM] Vertex Count
      Value: 56727429 vertices/frame
      Impact: GPU vertex processing
      Suggestions:
        • Implement LOD for distant objects
        • Simplify building meshes
        • Use lower poly models

  🟡 [MEDIUM] Node Count
      Value: 12050 nodes
      Impact: Scene tree traversal overhead
      Suggestions:
        • Unload distant chunks
        • Pool and reuse nodes
        • Flatten hierarchy where possible

  🟡 [MEDIUM] Post-Processing Effects
      Value: SSAO, Glow/Bloom, Volumetric Fog
      Impact: GPU shader overhead
      Suggestions:
        • Reduce SSR quality
        • Disable SSAO on low-end hardware
        • Use simpler fog

📈 DETAILED STATS:
  Draw Calls: 4477 avg | 4510 max
  Vertices: 56727429 avg | 56743511 max
  Physics Bodies: 208
  Nodes: 12050
  VRAM: 718.0 MB

=================================================

⚡ FRAME SPIKE #1: 25.4 ms at 2.0s (Draw: 4483, Bodies: 210)
⚡ FRAME SPIKE #2: 28.5 ms at 2.2s (Draw: 4482, Bodies: 211)
⚡ FRAME SPIKE #3: 33.6 ms at 3.2s (Draw: 4451, Bodies: 212)
⚡ FRAME SPIKE #4: 27.1 ms at 3.2s (Draw: 4458, Bodies: 212)
⚡ FRAME SPIKE #5: 27.1 ms at 3.3s (Draw: 4458, Bodies: 211)

=== PERFORMANCE METRICS ===
FPS: 42 | Frame: 22.9 ms (max 100.8) | Physics: 16.6 ms (max 43.8)
Godot Process: 39.13 ms | Physics: 5.24 ms
Objects: 29484 | Nodes: 12262 | Resources: 535
Draw calls: 4465 | Vertices: 56432848 | VRAM: 718.1 MB
Physics bodies: 210 | Collision pairs: 2026
--- System Times ---
  road_batch_finalize_total_-1,-1: 37.67 ms (max 37.67)
  road_batch_finalize_total_-1,-2: 5.66 ms (max 5.66)
  road_batch_finalize_total_-1,0: 26.30 ms (max 26.30)
  road_batch_finalize_total_-2,-1: 24.83 ms (max 24.83)
  road_batch_finalize_total_-2,-2: 21.50 ms (max 21.50)
  road_batch_finalize_total_-2,0: 25.21 ms (max 25.21)
  road_batch_finalize_total_0,-1: 25.66 ms (max 25.66)
  road_batch_finalize_total_0,-2: 23.65 ms (max 23.65)
  road_batch_finalize_total_0,0: 21.70 ms (max 21.70)
  road_batch_finalize_total_0,1: 23.77 ms (max 23.77)
  road_batch_finalize_total_1,-1: 29.52 ms (max 29.52)
  road_batch_finalize_total_1,-2: 7.67 ms (max 7.67)
  road_batch_finalize_total_1,0: 21.52 ms (max 21.52)
  road_collision_create_-1,-1: 12.30 ms (max 30.46)
  road_collision_create_-1,-2: 2.57 ms (max 3.40)
  road_collision_create_-1,0: 12.90 ms (max 23.62)
  road_collision_create_-2,-1: 8.05 ms (max 18.66)
  road_collision_create_-2,-2: 10.42 ms (max 18.25)
  road_collision_create_-2,0: 12.32 ms (max 21.55)
  road_collision_create_0,-1: 8.33 ms (max 19.70)
  road_collision_create_0,-2: 7.60 ms (max 16.02)
  road_collision_create_0,0: 6.99 ms (max 17.84)
  road_collision_create_0,1: 23.51 ms (max 23.51)
  road_collision_create_1,-1: 9.61 ms (max 24.76)
  road_collision_create_1,-2: 3.63 ms (max 4.87)
  road_collision_create_1,0: 21.23 ms (max 21.23)
===========================

=== PERFORMANCE METRICS ===
FPS: 42 | Frame: 22.9 ms (max 100.8) | Physics: 16.6 ms (max 43.8)
Godot Process: 39.13 ms | Physics: 5.24 ms
Objects: 29484 | Nodes: 12262 | Resources: 535
Draw calls: 4465 | Vertices: 56432848 | VRAM: 718.1 MB
Physics bodies: 210 | Collision pairs: 2026
===========================
🚗 Traffic: 18 active NPCs (Near: 3, Mid: 14, Far: 1), 3 pooled
  → Physics bodies from NPCs: 18 (All: 18×1, было бы 18×5=90)

========== Bottleneck Analysis Report ==========
Time: 14.4s | Frames: 433

📊 PERFORMANCE OVERVIEW:
  FPS: 43.7 avg | 42.0 min
  Frame Time: 24.01 ms avg | 39.13 ms max
  Physics Time: 4.83 ms avg

🔍 BOTTLENECK IDENTIFICATION:
  🟠 [HIGH] Frame Time
      Value: 24.01 ms (target: 16.67 ms)
      Impact: Overall performance bottleneck
      Suggestions:
        • Reduce draw calls
        • Optimize scripts in _process()
        • Check for expensive operations per frame

  🟠 [HIGH] Draw Calls
      Value: 4467 calls/frame
      Impact: GPU rendering overhead
      Suggestions:
        • Batch meshes by material
        • Use MultiMeshInstance3D
        • Implement LOD system
        • Enable frustum culling

  🟠 [HIGH] Physics Bodies
      Value: 210 active bodies
      Impact: Physics engine load
      Suggestions:
        • Reduce NPC count
        • Convert distant NPCs to kinematic
        • Disable physics for far objects

  🟡 [MEDIUM] Vertex Count
      Value: 56651392 vertices/frame
      Impact: GPU vertex processing
      Suggestions:
        • Implement LOD for distant objects
        • Simplify building meshes
        • Use lower poly models

  🟡 [MEDIUM] Node Count
      Value: 12262 nodes
      Impact: Scene tree traversal overhead
      Suggestions:
        • Unload distant chunks
        • Pool and reuse nodes
        • Flatten hierarchy where possible

  🟡 [MEDIUM] Post-Processing Effects
      Value: SSAO, Glow/Bloom, Volumetric Fog
      Impact: GPU shader overhead
      Suggestions:
        • Reduce SSR quality
        • Disable SSAO on low-end hardware
        • Use simpler fog

📈 DETAILED STATS:
  Draw Calls: 4467 avg | 4510 max
  Vertices: 56651392 avg | 56724215 max
  Physics Bodies: 210
  Nodes: 12262
  VRAM: 718.1 MB

=================================================

⚡ FRAME SPIKE #6: 25.5 ms at 4.8s (Draw: 4556, Bodies: 211)
⚡ FRAME SPIKE #7: 27.2 ms at 5.2s (Draw: 5596, Bodies: 214)
⚡ FRAME SPIKE #8: 28.1 ms at 5.3s (Draw: 5602, Bodies: 214)
⚡ FRAME SPIKE #9: 27.8 ms at 5.3s (Draw: 5601, Bodies: 214)
⚡ FRAME SPIKE #10: 28.8 ms at 5.4s (Draw: 5600, Bodies: 214)
⚡ FRAME SPIKE #11: 28.2 ms at 5.4s (Draw: 5588, Bodies: 214)
⚡ FRAME SPIKE #12: 25.8 ms at 5.4s (Draw: 5581, Bodies: 214)
⚡ FRAME SPIKE #13: 27.0 ms at 5.5s (Draw: 5557, Bodies: 214)
⚡ FRAME SPIKE #14: 28.4 ms at 5.5s (Draw: 5529, Bodies: 214)
⚡ FRAME SPIKE #15: 26.7 ms at 5.5s (Draw: 5510, Bodies: 214)
⚡ FRAME SPIKE #16: 26.7 ms at 5.5s (Draw: 5489, Bodies: 214)
⚡ FRAME SPIKE #17: 26.7 ms at 5.6s (Draw: 5483, Bodies: 214)
⚡ FRAME SPIKE #18: 27.1 ms at 5.6s (Draw: 5478, Bodies: 214)
⚡ FRAME SPIKE #19: 27.1 ms at 5.6s (Draw: 5477, Bodies: 214)
⚡ FRAME SPIKE #20: 27.1 ms at 5.6s (Draw: 5477, Bodies: 214)
⚡ FRAME SPIKE #21: 27.1 ms at 5.7s (Draw: 5477, Bodies: 214)
⚡ FRAME SPIKE #22: 27.1 ms at 5.7s (Draw: 5470, Bodies: 214)
⚡ FRAME SPIKE #23: 27.1 ms at 5.7s (Draw: 5471, Bodies: 214)
⚡ FRAME SPIKE #24: 27.1 ms at 5.8s (Draw: 5466, Bodies: 214)
⚡ FRAME SPIKE #25: 27.1 ms at 5.8s (Draw: 5477, Bodies: 214)
⚡ FRAME SPIKE #26: 27.1 ms at 5.8s (Draw: 5481, Bodies: 214)
⚡ FRAME SPIKE #27: 27.1 ms at 5.8s (Draw: 5479, Bodies: 214)
⚡ FRAME SPIKE #28: 27.1 ms at 5.9s (Draw: 5497, Bodies: 214)
⚡ FRAME SPIKE #29: 27.1 ms at 5.9s (Draw: 5515, Bodies: 214)
⚡ FRAME SPIKE #30: 27.1 ms at 5.9s (Draw: 5529, Bodies: 214)
⚡ FRAME SPIKE #31: 27.1 ms at 5.9s (Draw: 5546, Bodies: 214)
🚗 Traffic: 22 active NPCs (Near: 6, Mid: 15, Far: 1), 0 pooled
  → Physics bodies from NPCs: 22 (All: 22×1, было бы 22×5=110)

========== Bottleneck Analysis Report ==========
Time: 16.4s | Frames: 516

📊 PERFORMANCE OVERVIEW:
  FPS: 42.7 avg | 41.0 min
  Frame Time: 26.98 ms avg | 39.13 ms max
  Physics Time: 5.06 ms avg

🔍 BOTTLENECK IDENTIFICATION:
  🟠 [HIGH] Frame Time
      Value: 26.98 ms (target: 16.67 ms)
      Impact: Overall performance bottleneck
      Suggestions:
        • Reduce draw calls
        • Optimize scripts in _process()
        • Check for expensive operations per frame

  🟠 [HIGH] Draw Calls
      Value: 4749 calls/frame
      Impact: GPU rendering overhead
      Suggestions:
        • Batch meshes by material
        • Use MultiMeshInstance3D
        • Implement LOD system
        • Enable frustum culling

  🟠 [HIGH] Physics Bodies
      Value: 211 active bodies
      Impact: Physics engine load
      Suggestions:
        • Reduce NPC count
        • Convert distant NPCs to kinematic
        • Disable physics for far objects

  🟡 [MEDIUM] Physics Time
      Value: 5.06 ms
      Impact: Physics simulation overhead
      Suggestions:
        • Reduce number of active physics bodies
        • Simplify collision shapes
        • Disable physics for distant objects

  🟡 [MEDIUM] Vertex Count
      Value: 56438171 vertices/frame
      Impact: GPU vertex processing
      Suggestions:
        • Implement LOD for distant objects
        • Simplify building meshes
        • Use lower poly models

  🟡 [MEDIUM] Node Count
      Value: 12283 nodes
      Impact: Scene tree traversal overhead
      Suggestions:
        • Unload distant chunks
        • Pool and reuse nodes
        • Flatten hierarchy where possible

  🟡 [MEDIUM] Post-Processing Effects
      Value: SSAO, Glow/Bloom, Volumetric Fog
      Impact: GPU shader overhead
      Suggestions:
        • Reduce SSR quality
        • Disable SSAO on low-end hardware
        • Use simpler fog

📈 DETAILED STATS:
  Draw Calls: 4749 avg | 5603 max
  Vertices: 56438171 avg | 56629505 max
  Physics Bodies: 211
  Nodes: 12283
  VRAM: 718.9 MB

=================================================

⚡ FRAME SPIKE #32: 27.1 ms at 6.0s (Draw: 5556, Bodies: 214)
⚡ FRAME SPIKE #33: 27.1 ms at 6.0s (Draw: 5559, Bodies: 214)
⚡ FRAME SPIKE #34: 27.1 ms at 6.0s (Draw: 5569, Bodies: 214)
⚡ FRAME SPIKE #35: 27.1 ms at 6.1s (Draw: 5586, Bodies: 214)
⚡ FRAME SPIKE #36: 27.1 ms at 6.1s (Draw: 5592, Bodies: 214)
⚡ FRAME SPIKE #37: 27.1 ms at 6.1s (Draw: 5607, Bodies: 214)
⚡ FRAME SPIKE #38: 27.1 ms at 6.1s (Draw: 5612, Bodies: 214)
⚡ FRAME SPIKE #39: 27.1 ms at 6.2s (Draw: 5617, Bodies: 214)
⚡ FRAME SPIKE #40: 27.1 ms at 6.2s (Draw: 5616, Bodies: 214)
⚡ FRAME SPIKE #41: 27.1 ms at 6.2s (Draw: 5609, Bodies: 214)
=== PAZ Model Meshes Debug ===
Total meshes found: 1
  - Mesh: bus_low_Material_006_0 (MeshInstance3D)
PAZ-32053 model setup complete
⚡ FRAME SPIKE #42: 29.1 ms at 6.2s (Draw: 6820, Bodies: 216)
⚡ FRAME SPIKE #43: 57.2 ms at 6.3s (Draw: 6867, Bodies: 216)
⚡ FRAME SPIKE #44: 37.3 ms at 6.3s (Draw: 6906, Bodies: 216)
⚡ FRAME SPIKE #45: 33.3 ms at 6.4s (Draw: 6932, Bodies: 216)
⚡ FRAME SPIKE #46: 33.3 ms at 6.4s (Draw: 6941, Bodies: 216)
⚡ FRAME SPIKE #47: 33.3 ms at 6.4s (Draw: 6950, Bodies: 216)
⚡ FRAME SPIKE #48: 33.3 ms at 6.5s (Draw: 6970, Bodies: 216)
⚡ FRAME SPIKE #49: 33.3 ms at 6.5s (Draw: 6977, Bodies: 216)
⚡ FRAME SPIKE #50: 33.3 ms at 6.5s (Draw: 6993, Bodies: 216)
⚡ FRAME SPIKE #51: 33.3 ms at 6.6s (Draw: 6998, Bodies: 216)
⚡ FRAME SPIKE #52: 34.0 ms at 6.6s (Draw: 7002, Bodies: 216)
⚡ FRAME SPIKE #53: 33.3 ms at 6.6s (Draw: 7001, Bodies: 216)
⚡ FRAME SPIKE #54: 33.3 ms at 6.7s (Draw: 7004, Bodies: 216)
⚡ FRAME SPIKE #55: 33.3 ms at 6.7s (Draw: 7001, Bodies: 216)
⚡ FRAME SPIKE #56: 33.3 ms at 6.7s (Draw: 7001, Bodies: 216)
⚡ FRAME SPIKE #57: 33.3 ms at 6.8s (Draw: 7003, Bodies: 216)
⚡ FRAME SPIKE #58: 33.3 ms at 6.8s (Draw: 7001, Bodies: 216)
⚡ FRAME SPIKE #59: 33.3 ms at 6.8s (Draw: 7005, Bodies: 216)
⚡ FRAME SPIKE #60: 33.3 ms at 6.9s (Draw: 7006, Bodies: 216)
⚡ FRAME SPIKE #61: 33.3 ms at 6.9s (Draw: 7009, Bodies: 216)
⚡ FRAME SPIKE #62: 33.3 ms at 6.9s (Draw: 7014, Bodies: 216)
⚡ FRAME SPIKE #63: 33.3 ms at 7.0s (Draw: 7008, Bodies: 216)
⚡ FRAME SPIKE #64: 31.8 ms at 7.0s (Draw: 7011, Bodies: 216)
⚡ FRAME SPIKE #65: 32.1 ms at 7.0s (Draw: 7012, Bodies: 216)
⚡ FRAME SPIKE #66: 31.7 ms at 7.1s (Draw: 7015, Bodies: 216)
⚡ FRAME SPIKE #67: 31.8 ms at 7.1s (Draw: 7011, Bodies: 216)
⚡ FRAME SPIKE #68: 32.6 ms at 7.1s (Draw: 7005, Bodies: 216)
⚡ FRAME SPIKE #69: 32.8 ms at 7.2s (Draw: 7005, Bodies: 216)
⚡ FRAME SPIKE #70: 32.4 ms at 7.2s (Draw: 7005, Bodies: 216)
⚡ FRAME SPIKE #71: 33.0 ms at 7.2s (Draw: 7005, Bodies: 216)
=== PAZ Model Meshes Debug ===
Total meshes found: 1
  - Mesh: bus_low_Material_006_0 (MeshInstance3D)
PAZ-32053 model setup complete
⚡ FRAME SPIKE #72: 33.3 ms at 7.3s (Draw: 7017, Bodies: 219)
⚡ FRAME SPIKE #73: 33.3 ms at 7.3s (Draw: 7020, Bodies: 219)
⚡ FRAME SPIKE #74: 33.3 ms at 7.3s (Draw: 7017, Bodies: 219)
⚡ FRAME SPIKE #75: 33.3 ms at 7.4s (Draw: 7021, Bodies: 219)
⚡ FRAME SPIKE #76: 33.3 ms at 7.4s (Draw: 7030, Bodies: 219)
⚡ FRAME SPIKE #77: 33.3 ms at 7.4s (Draw: 7021, Bodies: 219)
⚡ FRAME SPIKE #78: 33.3 ms at 7.5s (Draw: 7025, Bodies: 219)
⚡ FRAME SPIKE #79: 33.3 ms at 7.5s (Draw: 7024, Bodies: 219)
⚡ FRAME SPIKE #80: 33.3 ms at 7.5s (Draw: 7026, Bodies: 219)
⚡ FRAME SPIKE #81: 33.3 ms at 7.6s (Draw: 7023, Bodies: 219)
⚡ FRAME SPIKE #82: 33.3 ms at 7.6s (Draw: 7021, Bodies: 219)
⚡ FRAME SPIKE #83: 33.3 ms at 7.6s (Draw: 7023, Bodies: 219)
⚡ FRAME SPIKE #84: 33.3 ms at 7.7s (Draw: 7026, Bodies: 219)
⚡ FRAME SPIKE #85: 32.7 ms at 7.7s (Draw: 7026, Bodies: 219)
⚡ FRAME SPIKE #86: 32.2 ms at 7.7s (Draw: 7024, Bodies: 219)
⚡ FRAME SPIKE #87: 33.3 ms at 7.8s (Draw: 7028, Bodies: 219)
⚡ FRAME SPIKE #88: 32.3 ms at 7.8s (Draw: 7026, Bodies: 219)
⚡ FRAME SPIKE #89: 33.3 ms at 7.8s (Draw: 7030, Bodies: 219)
⚡ FRAME SPIKE #90: 33.3 ms at 7.9s (Draw: 7024, Bodies: 219)
⚡ FRAME SPIKE #91: 33.1 ms at 7.9s (Draw: 7030, Bodies: 219)
⚡ FRAME SPIKE #92: 33.3 ms at 7.9s (Draw: 7028, Bodies: 219)
⚡ FRAME SPIKE #93: 33.3 ms at 8.0s (Draw: 7020, Bodies: 219)
🚗 Traffic: 27 active NPCs (Near: 8, Mid: 19, Far: 0), 0 pooled
  → Physics bodies from NPCs: 27 (All: 27×1, было бы 27×5=135)

========== Bottleneck Analysis Report ==========
Time: 18.4s | Frames: 578

📊 PERFORMANCE OVERVIEW:
  FPS: 39.2 avg | 31.0 min
  Frame Time: 28.19 ms avg | 47.11 ms max
  Physics Time: 5.21 ms avg

🔍 BOTTLENECK IDENTIFICATION:
  🟠 [HIGH] Frame Time
      Value: 28.19 ms (target: 16.67 ms)
      Impact: Overall performance bottleneck
      Suggestions:
        • Reduce draw calls
        • Optimize scripts in _process()
        • Check for expensive operations per frame

  🟠 [HIGH] Draw Calls
      Value: 5928 calls/frame
      Impact: GPU rendering overhead
      Suggestions:
        • Batch meshes by material
        • Use MultiMeshInstance3D
        • Implement LOD system
        • Enable frustum culling

  🟠 [HIGH] Physics Bodies
      Value: 214 active bodies
      Impact: Physics engine load
      Suggestions:
        • Reduce NPC count
        • Convert distant NPCs to kinematic
        • Disable physics for far objects

  🟡 [MEDIUM] Physics Time
      Value: 5.21 ms
      Impact: Physics simulation overhead
      Suggestions:
        • Reduce number of active physics bodies
        • Simplify collision shapes
        • Disable physics for distant objects

  🟡 [MEDIUM] Vertex Count
      Value: 56322920 vertices/frame
      Impact: GPU vertex processing
      Suggestions:
        • Implement LOD for distant objects
        • Simplify building meshes
        • Use lower poly models

  🟡 [MEDIUM] Node Count
      Value: 12543 nodes
      Impact: Scene tree traversal overhead
      Suggestions:
        • Unload distant chunks
        • Pool and reuse nodes
        • Flatten hierarchy where possible

  🟡 [MEDIUM] Post-Processing Effects
      Value: SSAO, Glow/Bloom, Volumetric Fog
      Impact: GPU shader overhead
      Suggestions:
        • Reduce SSR quality
        • Disable SSAO on low-end hardware
        • Use simpler fog

📈 DETAILED STATS:
  Draw Calls: 5928 avg | 7030 max
  Vertices: 56322920 avg | 56422073 max
  Physics Bodies: 214
  Nodes: 12543
  VRAM: 718.9 MB

=================================================

⚡ FRAME SPIKE #94: 33.3 ms at 8.0s (Draw: 7019, Bodies: 219)
⚡ FRAME SPIKE #95: 32.9 ms at 8.0s (Draw: 7022, Bodies: 219)
⚡ FRAME SPIKE #96: 32.2 ms at 8.1s (Draw: 7013, Bodies: 219)
⚡ FRAME SPIKE #97: 32.8 ms at 8.1s (Draw: 7000, Bodies: 219)
⚡ FRAME SPIKE #98: 33.1 ms at 8.1s (Draw: 6985, Bodies: 219)
⚡ FRAME SPIKE #99: 33.0 ms at 8.2s (Draw: 6967, Bodies: 219)
⚡ FRAME SPIKE #100: 33.2 ms at 8.2s (Draw: 6968, Bodies: 219)
⚡ FRAME SPIKE #101: 32.1 ms at 8.2s (Draw: 6968, Bodies: 219)
⚡ FRAME SPIKE #102: 33.3 ms at 8.3s (Draw: 6961, Bodies: 219)
⚡ FRAME SPIKE #103: 33.3 ms at 8.3s (Draw: 6938, Bodies: 220)
⚡ FRAME SPIKE #104: 65.5 ms at 8.3s (Draw: 6934, Bodies: 220)
⚡ FRAME SPIKE #105: 41.7 ms at 8.4s (Draw: 6937, Bodies: 220)
⚡ FRAME SPIKE #106: 41.7 ms at 8.4s (Draw: 6862, Bodies: 220)
⚡ FRAME SPIKE #107: 41.7 ms at 8.5s (Draw: 6753, Bodies: 220)
⚡ FRAME SPIKE #108: 40.8 ms at 8.5s (Draw: 6597, Bodies: 220)
⚡ FRAME SPIKE #109: 32.7 ms at 8.6s (Draw: 6508, Bodies: 220)
⚡ FRAME SPIKE #110: 32.0 ms at 8.6s (Draw: 6446, Bodies: 220)
⚡ FRAME SPIKE #111: 32.0 ms at 8.6s (Draw: 6427, Bodies: 220)
⚡ FRAME SPIKE #112: 32.2 ms at 8.6s (Draw: 6426, Bodies: 220)
⚡ FRAME SPIKE #113: 32.4 ms at 8.7s (Draw: 6428, Bodies: 220)
⚡ FRAME SPIKE #114: 32.4 ms at 8.7s (Draw: 6433, Bodies: 220)
⚡ FRAME SPIKE #115: 33.0 ms at 8.7s (Draw: 6426, Bodies: 220)

========== PERFORMANCE METRICS ==========
Frames: 600
  total_frame: avg=1.87 ms, median=0.04 ms, max=102.24 ms, calls=600, total=1120.8 ms
  road_queue: avg=1.09 ms, median=0.01 ms, max=37.71 ms, calls=600, total=654.2 ms
  road_batch_finalize: avg=22.70 ms, median=23.80 ms, max=37.70 ms, calls=13, total=295.1 ms
  curb_mesh: avg=0.27 ms, median=0.00 ms, max=12.12 ms, calls=552, total=149.4 ms
  terrain_queue: avg=0.24 ms, median=0.00 ms, max=76.88 ms, calls=600, total=142.4 ms
  road_create: avg=0.29 ms, median=0.16 ms, max=10.34 ms, calls=458, total=134.3 ms
  terrain_leisure: avg=6.78 ms, median=0.15 ms, max=75.92 ms, calls=18, total=122.0 ms
  building_results: avg=0.19 ms, median=0.00 ms, max=1.19 ms, calls=600, total=111.8 ms
  infra_queue: avg=0.17 ms, median=0.00 ms, max=1.22 ms, calls=600, total=100.7 ms
  curb_collisions: avg=0.10 ms, median=0.00 ms, max=1.76 ms, calls=600, total=59.1 ms
  building_sort: avg=0.34 ms, median=0.21 ms, max=0.93 ms, calls=166, total=56.3 ms
  infra_yield_sign: avg=0.29 ms, median=0.30 ms, max=0.47 ms, calls=169, total=49.2 ms
  building_apply: avg=0.26 ms, median=0.26 ms, max=0.53 ms, calls=176, total=46.5 ms
  vegetation_queue: avg=0.07 ms, median=0.00 ms, max=20.63 ms, calls=600, total=40.0 ms
  infra_sort: avg=0.25 ms, median=0.17 ms, max=0.75 ms, calls=157, total=39.6 ms
  veg_trees: avg=9.81 ms, median=14.61 ms, max=20.61 ms, calls=4, total=39.3 ms
  window_batch_finalize: avg=2.67 ms, median=2.06 ms, max=13.63 ms, calls=11, total=29.4 ms
  road_sort: avg=1.24 ms, median=1.39 ms, max=2.79 ms, calls=18, total=22.4 ms
  terrain_landuse: avg=0.12 ms, median=0.10 ms, max=0.44 ms, calls=78, total=9.1 ms
  terrain_sort: avg=0.22 ms, median=0.20 ms, max=0.46 ms, calls=39, total=8.5 ms
  curb_smooth: avg=0.03 ms, median=0.03 ms, max=0.20 ms, calls=252, total=8.1 ms
  infra_parking_sign: avg=0.39 ms, median=0.38 ms, max=0.50 ms, calls=13, total=5.0 ms
  infra_traffic_light: avg=0.54 ms, median=0.55 ms, max=0.62 ms, calls=8, total=4.3 ms
  curb_latlon: avg=0.01 ms, median=0.01 ms, max=0.04 ms, calls=252, total=2.9 ms
  terrain_natural: avg=0.07 ms, median=0.07 ms, max=0.07 ms, calls=1, total=0.1 ms
  veg_bushes_grass: avg=0.02 ms, median=0.02 ms, max=0.02 ms, calls=4, total=0.1 ms
==========================================


========== DRAW CALL BREAKDOWN ==========
Total tracked draw calls: 908

  Vegetation  :   370 ( 40.7%) ████████
  Buildings   :   350 ( 38.5%) ███████
  Terrain     :    97 ( 10.7%) ██
  Roads       :    30 (  3.3%) 
  Signs       :    26 (  2.9%) 
  Lamps       :    24 (  2.6%) 
  Windows     :    11 (  1.2%) 

💡 RECOMMENDATIONS:
  🔴 Buildings: 38.5% of draw calls
     → Implement MultiMeshInstance3D for building base meshes
=========================================

⚡ FRAME SPIKE #116: 33.5 ms at 8.8s (Draw: 6398, Bodies: 220)
⚡ FRAME SPIKE #117: 32.6 ms at 8.8s (Draw: 6368, Bodies: 220)
⚡ FRAME SPIKE #118: 34.7 ms at 8.8s (Draw: 6309, Bodies: 220)
⚡ FRAME SPIKE #119: 33.3 ms at 8.9s (Draw: 6284, Bodies: 220)
⚡ FRAME SPIKE #120: 32.4 ms at 8.9s (Draw: 6269, Bodies: 220)

=== PERFORMANCE METRICS ===
FPS: 28 | Frame: 26.6 ms (max 65.5) | Physics: 16.6 ms (max 70.7)
Godot Process: 65.04 ms | Physics: 5.79 ms
Objects: 30586 | Nodes: 12883 | Resources: 535
Draw calls: 6269 | Vertices: 56101391 | VRAM: 719.0 MB
Physics bodies: 220 | Collision pairs: 2145
--- System Times ---
  road_batch_finalize_total_-1,-1: 37.67 ms (max 37.67)
  road_batch_finalize_total_-1,-2: 5.66 ms (max 5.66)
  road_batch_finalize_total_-1,0: 26.30 ms (max 26.30)
  road_batch_finalize_total_-2,-1: 24.83 ms (max 24.83)
  road_batch_finalize_total_-2,-2: 21.50 ms (max 21.50)
  road_batch_finalize_total_-2,0: 25.21 ms (max 25.21)
  road_batch_finalize_total_0,-1: 25.66 ms (max 25.66)
  road_batch_finalize_total_0,-2: 23.65 ms (max 23.65)
  road_batch_finalize_total_0,0: 21.70 ms (max 21.70)
  road_batch_finalize_total_0,1: 23.77 ms (max 23.77)
  road_batch_finalize_total_1,-1: 29.52 ms (max 29.52)
  road_batch_finalize_total_1,-2: 7.67 ms (max 7.67)
  road_batch_finalize_total_1,0: 21.52 ms (max 21.52)
  road_collision_create_-1,-1: 12.30 ms (max 30.46)
  road_collision_create_-1,-2: 2.57 ms (max 3.40)
  road_collision_create_-1,0: 12.90 ms (max 23.62)
  road_collision_create_-2,-1: 8.05 ms (max 18.66)
  road_collision_create_-2,-2: 10.42 ms (max 18.25)
  road_collision_create_-2,0: 12.32 ms (max 21.55)
  road_collision_create_0,-1: 8.33 ms (max 19.70)
  road_collision_create_0,-2: 7.60 ms (max 16.02)
  road_collision_create_0,0: 6.99 ms (max 17.84)
  road_collision_create_0,1: 23.51 ms (max 23.51)
  road_collision_create_1,-1: 9.61 ms (max 24.76)
  road_collision_create_1,-2: 3.63 ms (max 4.87)
  road_collision_create_1,0: 21.23 ms (max 21.23)
===========================

=== PERFORMANCE METRICS ===
FPS: 28 | Frame: 26.6 ms (max 65.5) | Physics: 16.6 ms (max 70.7)
Godot Process: 65.04 ms | Physics: 5.79 ms
Objects: 30586 | Nodes: 12883 | Resources: 535
Draw calls: 6269 | Vertices: 56101391 | VRAM: 719.0 MB
Physics bodies: 220 | Collision pairs: 2145
===========================
⚡ FRAME SPIKE #121: 32.4 ms at 8.9s (Draw: 6265, Bodies: 220)
⚡ FRAME SPIKE #122: 31.9 ms at 9.0s (Draw: 6260, Bodies: 220)
⚡ FRAME SPIKE #123: 33.2 ms at 9.0s (Draw: 6259, Bodies: 219)
⚡ FRAME SPIKE #124: 31.3 ms at 9.0s (Draw: 6252, Bodies: 219)
⚡ FRAME SPIKE #125: 31.6 ms at 9.1s (Draw: 6253, Bodies: 219)
⚡ FRAME SPIKE #126: 31.8 ms at 9.1s (Draw: 6262, Bodies: 219)
⚡ FRAME SPIKE #127: 32.6 ms at 9.1s (Draw: 6386, Bodies: 219)
⚡ FRAME SPIKE #128: 31.9 ms at 9.2s (Draw: 6362, Bodies: 219)
⚡ FRAME SPIKE #129: 26.5 ms at 9.2s (Draw: 6283, Bodies: 219)
⚡ FRAME SPIKE #130: 31.8 ms at 9.2s (Draw: 6253, Bodies: 219)
⚡ FRAME SPIKE #131: 31.8 ms at 9.3s (Draw: 6255, Bodies: 219)
⚡ FRAME SPIKE #132: 31.9 ms at 9.3s (Draw: 6254, Bodies: 220)
⚡ FRAME SPIKE #133: 31.9 ms at 9.3s (Draw: 6237, Bodies: 220)
⚡ FRAME SPIKE #134: 31.1 ms at 9.4s (Draw: 6091, Bodies: 220)
⚡ FRAME SPIKE #135: 30.7 ms at 9.4s (Draw: 6081, Bodies: 220)
⚡ FRAME SPIKE #136: 26.2 ms at 9.4s (Draw: 6086, Bodies: 220)
⚡ FRAME SPIKE #137: 31.0 ms at 9.4s (Draw: 6098, Bodies: 220)
⚡ FRAME SPIKE #138: 31.0 ms at 9.5s (Draw: 5996, Bodies: 220)
⚡ FRAME SPIKE #139: 31.0 ms at 9.5s (Draw: 6006, Bodies: 220)
⚡ FRAME SPIKE #140: 30.6 ms at 9.5s (Draw: 6039, Bodies: 220)
⚡ FRAME SPIKE #141: 27.3 ms at 9.6s (Draw: 6048, Bodies: 220)
⚡ FRAME SPIKE #142: 30.6 ms at 9.6s (Draw: 6057, Bodies: 220)
⚡ FRAME SPIKE #143: 30.6 ms at 9.6s (Draw: 6081, Bodies: 220)
⚡ FRAME SPIKE #144: 30.6 ms at 9.7s (Draw: 6139, Bodies: 220)
⚡ FRAME SPIKE #145: 33.1 ms at 9.7s (Draw: 6073, Bodies: 220)
⚡ FRAME SPIKE #146: 30.3 ms at 9.7s (Draw: 5958, Bodies: 220)
⚡ FRAME SPIKE #147: 30.3 ms at 9.7s (Draw: 5885, Bodies: 220)
⚡ FRAME SPIKE #148: 30.3 ms at 9.8s (Draw: 5764, Bodies: 220)
⚡ FRAME SPIKE #149: 30.3 ms at 9.8s (Draw: 5633, Bodies: 220)
⚡ FRAME SPIKE #150: 30.3 ms at 9.8s (Draw: 5586, Bodies: 220)
⚡ FRAME SPIKE #151: 30.3 ms at 9.9s (Draw: 5508, Bodies: 220)
⚡ FRAME SPIKE #152: 30.3 ms at 9.9s (Draw: 5429, Bodies: 220)
⚡ FRAME SPIKE #153: 30.3 ms at 9.9s (Draw: 5339, Bodies: 220)
⚡ FRAME SPIKE #154: 30.3 ms at 10.0s (Draw: 5205, Bodies: 220)
🚗 Traffic: 28 active NPCs (Near: 7, Mid: 19, Far: 2), 1 pooled
  → Physics bodies from NPCs: 28 (All: 28×1, было бы 28×5=140)

========== Bottleneck Analysis Report ==========
Time: 20.4s | Frames: 639

📊 PERFORMANCE OVERVIEW:
  FPS: 32.3 avg | 28.0 min
  Frame Time: 41.57 ms avg | 65.04 ms max
  Physics Time: 5.63 ms avg

🔍 BOTTLENECK IDENTIFICATION:
  🔴 [CRITICAL] Frame Time
      Value: 41.57 ms (target: 16.67 ms)
      Impact: Overall performance bottleneck
      Suggestions:
        • Reduce draw calls
        • Optimize scripts in _process()
        • Check for expensive operations per frame

  🟠 [HIGH] Draw Calls
      Value: 6571 calls/frame
      Impact: GPU rendering overhead
      Suggestions:
        • Batch meshes by material
        • Use MultiMeshInstance3D
        • Implement LOD system
        • Enable frustum culling

  🟠 [HIGH] Physics Bodies
      Value: 218 active bodies
      Impact: Physics engine load
      Suggestions:
        • Reduce NPC count
        • Convert distant NPCs to kinematic
        • Disable physics for far objects

  🟡 [MEDIUM] Physics Time
      Value: 5.63 ms
      Impact: Physics simulation overhead
      Suggestions:
        • Reduce number of active physics bodies
        • Simplify collision shapes
        • Disable physics for distant objects

  🟡 [MEDIUM] Vertex Count
      Value: 55552534 vertices/frame
      Impact: GPU vertex processing
      Suggestions:
        • Implement LOD for distant objects
        • Simplify building meshes
        • Use lower poly models

  🟡 [MEDIUM] Node Count
      Value: 12883 nodes
      Impact: Scene tree traversal overhead
      Suggestions:
        • Unload distant chunks
        • Pool and reuse nodes
        • Flatten hierarchy where possible

  🟡 [MEDIUM] Post-Processing Effects
      Value: SSAO, Glow/Bloom, Volumetric Fog
      Impact: GPU shader overhead
      Suggestions:
        • Reduce SSR quality
        • Disable SSAO on low-end hardware
        • Use simpler fog

📈 DETAILED STATS:
  Draw Calls: 6571 avg | 7030 max
  Vertices: 55552534 avg | 56342450 max
  Physics Bodies: 218
  Nodes: 12883
  VRAM: 719.0 MB

=================================================

⚡ FRAME SPIKE #155: 30.0 ms at 10.0s (Draw: 5041, Bodies: 220)
⚡ FRAME SPIKE #156: 28.2 ms at 10.0s (Draw: 4868, Bodies: 220)
⚡ FRAME SPIKE #157: 28.9 ms at 10.1s (Draw: 4622, Bodies: 220)
⚡ FRAME SPIKE #158: 28.7 ms at 10.1s (Draw: 4653, Bodies: 220)
⚡ FRAME SPIKE #159: 27.8 ms at 10.2s (Draw: 4685, Bodies: 219)
⚡ FRAME SPIKE #160: 26.7 ms at 10.2s (Draw: 4685, Bodies: 219)
⚡ FRAME SPIKE #161: 28.5 ms at 10.3s (Draw: 4609, Bodies: 219)
⚡ FRAME SPIKE #162: 26.7 ms at 10.3s (Draw: 4607, Bodies: 219)
⚡ FRAME SPIKE #163: 26.5 ms at 10.3s (Draw: 4604, Bodies: 219)
⚡ FRAME SPIKE #164: 26.4 ms at 10.3s (Draw: 4540, Bodies: 219)
⚡ FRAME SPIKE #165: 26.1 ms at 10.4s (Draw: 4469, Bodies: 219)
⚡ FRAME SPIKE #166: 27.7 ms at 10.4s (Draw: 4407, Bodies: 219)
⚡ FRAME SPIKE #167: 26.4 ms at 10.4s (Draw: 4296, Bodies: 219)
⚡ FRAME SPIKE #168: 26.4 ms at 10.5s (Draw: 4161, Bodies: 219)
⚡ FRAME SPIKE #169: 26.4 ms at 10.5s (Draw: 4180, Bodies: 219)
⚡ FRAME SPIKE #170: 26.4 ms at 10.5s (Draw: 4185, Bodies: 219)
⚡ FRAME SPIKE #171: 25.9 ms at 10.6s (Draw: 4195, Bodies: 219)
⚡ FRAME SPIKE #172: 25.1 ms at 10.6s (Draw: 4188, Bodies: 219)
⚡ FRAME SPIKE #173: 29.3 ms at 10.6s (Draw: 4186, Bodies: 219)
⚡ FRAME SPIKE #174: 25.9 ms at 10.7s (Draw: 4177, Bodies: 219)
⚡ FRAME SPIKE #175: 25.9 ms at 10.7s (Draw: 4152, Bodies: 219)
⚡ FRAME SPIKE #176: 25.9 ms at 10.7s (Draw: 4027, Bodies: 219)
⚡ FRAME SPIKE #177: 25.9 ms at 10.8s (Draw: 3972, Bodies: 219)
⚡ FRAME SPIKE #178: 25.9 ms at 10.8s (Draw: 3909, Bodies: 219)
OSM: Loading chunk -1,-3 at lat=59.1235, lon=37.8974
OSM: Loaded from cache: osm_v2_59.1235_37.8974_250.json
OSM: Loading chunk 0,-3 at lat=59.1235, lon=37.9026
OSM: Loaded from cache: osm_v2_59.1235_37.9026_250.json
OSM: Chunk -1,-3 data loaded
OSM: Found 2 entrance nodes in chunk
OSM: Found 10 POI nodes in chunk
POI_DEBUG: Found 'unknown' inside building at local (-132.4, -816.5)
BusinessSign: Found logo for 'втб' -> res://textures/brand_logos/vtb.png
POI_DEBUG: Found 'Ozon' inside building at local (-208.3, -750.2)
BusinessSign: Found logo for 'ozon' -> res://textures/brand_logos/ozon.png
POI_DEBUG: Found 'Сбербанк' inside building at local (-151.6, -859.4)
BusinessSign: Found logo for 'сбербанк' -> res://textures/brand_logos/sberbank.png
Loading resource: res://textures/brand_logos/sberbank.png
Loading resource: res://.godot/imported/sberbank.png-01daec8b385e47dc915e5db06368ee2f.ctex
BusinessSign: Found logo for 'сбербанк' -> res://textures/brand_logos/sberbank.png
POI_DEBUG: Found 'Ozon' inside building at local (-59.7, -662.5)
BusinessSign: Found logo for 'ozon' -> res://textures/brand_logos/ozon.png
OSM: Generated 38 roads, 35 buildings, 0 trees, 0 signs, 0 lamps, 28 intersections
OSM: Marked chunk '-1,-3' for road batch finalization
OSM: Post-initial chunk loaded, pending_lamps=0
OSM: _create_pending_lamps started, count=0
OSM: No pending lamps
OSM: Chunk 0,-3 data loaded
OSM: Found 14 POI nodes in chunk
POI_DEBUG: Found 'Антей' inside building at local (29.3, -584.4)
OSM: Generated 79 roads, 17 buildings, 0 trees, 0 signs, 0 lamps, 37 intersections
OSM: Marked chunk '0,-3' for road batch finalization
OSM: Post-initial chunk loaded, pending_lamps=0
OSM: _create_pending_lamps started, count=0
OSM: No pending lamps
⚡ FRAME SPIKE #179: 91.1 ms at 10.9s (Draw: 3935, Bodies: 224)
OSM: DEBUG _add_road_to_batch - first road for chunk '0,-3', parent.name='Chunk_0,-3'
OSM: DEBUG _add_road_to_batch - first road for chunk '-1,-3', parent.name='Chunk_-1,-3'
⚡ FRAME SPIKE #180: 59.3 ms at 11.0s (Draw: 3976, Bodies: 225)
⚠️ SLOW FRAME 10.9ms: building=0.4 road=9.7 terrain=0.3 infra=0.5 veg=0.0 curb=0.0ms
⚡ FRAME SPIKE #181: 48.2 ms at 11.0s (Draw: 4005, Bodies: 226)
⚡ FRAME SPIKE #182: 50.0 ms at 11.1s (Draw: 4010, Bodies: 227)
⚡ FRAME SPIKE #183: 42.0 ms at 11.1s (Draw: 4005, Bodies: 228)
⚡ FRAME SPIKE #184: 34.1 ms at 11.2s (Draw: 4010, Bodies: 229)
⚡ FRAME SPIKE #185: 35.6 ms at 11.2s (Draw: 4012, Bodies: 230)
⚡ FRAME SPIKE #186: 36.7 ms at 11.2s (Draw: 3993, Bodies: 231)
⚠️ SLOW FRAME 13.0ms: building=0.5 road=7.8 terrain=0.2 infra=0.5 veg=3.9 curb=0.0ms
⚡ FRAME SPIKE #187: 38.9 ms at 11.3s (Draw: 3856, Bodies: 232)
⚡ FRAME SPIKE #188: 34.3 ms at 11.3s (Draw: 3734, Bodies: 233)
🔴 FREEZE: road collision shape creation took 15.3 ms for chunk -1,-3 (type: residential)
OSM: ✅ Finalized road batch -1,-3/residential: 2166 vertices, 2110 triangles, material: <ImageTexture#-9223371972648368119>
OSM: ✅ Finalized road batch -1,-3/path: 792 vertices, 776 triangles, material: <ImageTexture#-9223371972547704822>
OSM: ✅ Finalized road batch -1,-3/primary: 410 vertices, 406 triangles, material: <ImageTexture#-9223371972749031416>
⚠️ SLOW: road batch finalization took 19.9 ms for chunk -1,-3
⚠️ SLOW FRAME 42.8ms: building=0.4 road=20.0 terrain=0.2 infra=0.3 veg=21.8 curb=0.0ms
⚡ FRAME SPIKE #189: 55.1 ms at 11.3s (Draw: 3695, Bodies: 234)
🔴 FREEZE: road collision shape creation took 19.8 ms for chunk 0,-3 (type: path)
OSM: ✅ Finalized road batch 0,-3/path: 2286 vertices, 2210 triangles, material: <ImageTexture#-9223371972547704822>
OSM: ✅ Finalized road batch 0,-3/primary: 962 vertices, 944 triangles, material: <ImageTexture#-9223371972749031416>
OSM: ✅ Finalized road batch 0,-3/residential: 1688 vertices, 1624 triangles, material: <ImageTexture#-9223371972648368119>
⚠️ SLOW: road batch finalization took 26.8 ms for chunk 0,-3
⚠️ SLOW FRAME 27.9ms: building=0.4 road=26.9 terrain=0.2 infra=0.4 veg=0.0 curb=0.0ms
⚡ FRAME SPIKE #190: 67.9 ms at 11.4s (Draw: 3669, Bodies: 235)
⚠️ SLOW FRAME 17.5ms: building=0.5 road=1.1 terrain=0.2 infra=0.8 veg=14.6 curb=0.3ms
⚡ FRAME SPIKE #191: 50.0 ms at 11.5s (Draw: 3707, Bodies: 235)
⚡ FRAME SPIKE #192: 49.8 ms at 11.5s (Draw: 3830, Bodies: 236)
⚡ FRAME SPIKE #193: 38.7 ms at 11.6s (Draw: 4016, Bodies: 237)
⚡ FRAME SPIKE #194: 36.6 ms at 11.6s (Draw: 4077, Bodies: 238)
⚡ FRAME SPIKE #195: 32.1 ms at 11.6s (Draw: 4203, Bodies: 239)
⚡ FRAME SPIKE #196: 31.8 ms at 11.7s (Draw: 4346, Bodies: 240)
⚡ FRAME SPIKE #197: 32.7 ms at 11.7s (Draw: 4354, Bodies: 241)
⚡ FRAME SPIKE #198: 31.9 ms at 11.7s (Draw: 4443, Bodies: 242)
⚡ FRAME SPIKE #199: 32.1 ms at 11.8s (Draw: 4463, Bodies: 242)
⚡ FRAME SPIKE #200: 30.6 ms at 11.8s (Draw: 4460, Bodies: 243)
⚡ FRAME SPIKE #201: 26.0 ms at 11.8s (Draw: 4462, Bodies: 244)
⚡ FRAME SPIKE #202: 31.2 ms at 11.9s (Draw: 4424, Bodies: 245)
⚡ FRAME SPIKE #203: 33.3 ms at 11.9s (Draw: 4213, Bodies: 246)
⚡ FRAME SPIKE #204: 31.8 ms at 11.9s (Draw: 4181, Bodies: 246)
⚡ FRAME SPIKE #205: 30.4 ms at 12.0s (Draw: 4232, Bodies: 247)
⚡ FRAME SPIKE #206: 30.6 ms at 12.0s (Draw: 4256, Bodies: 248)
🚗 Traffic: 26 active NPCs (Near: 6, Mid: 15, Far: 5), 3 pooled
  → Physics bodies from NPCs: 26 (All: 26×1, было бы 26×5=130)

========== Bottleneck Analysis Report ==========
Time: 22.5s | Frames: 701

📊 PERFORMANCE OVERVIEW:
  FPS: 30.7 avg | 26.0 min
  Frame Time: 43.13 ms avg | 88.80 ms max
  Physics Time: 5.93 ms avg

🔍 BOTTLENECK IDENTIFICATION:
  🔴 [CRITICAL] Frame Time
      Value: 43.13 ms (target: 16.67 ms)
      Impact: Overall performance bottleneck
      Suggestions:
        • Reduce draw calls
        • Optimize scripts in _process()
        • Check for expensive operations per frame

  🟠 [HIGH] Draw Calls
      Value: 5226 calls/frame
      Impact: GPU rendering overhead
      Suggestions:
        • Batch meshes by material
        • Use MultiMeshInstance3D
        • Implement LOD system
        • Enable frustum culling

  🟠 [HIGH] Physics Bodies
      Value: 223 active bodies
      Impact: Physics engine load
      Suggestions:
        • Reduce NPC count
        • Convert distant NPCs to kinematic
        • Disable physics for far objects

  🟡 [MEDIUM] Physics Time
      Value: 5.93 ms
      Impact: Physics simulation overhead
      Suggestions:
        • Reduce number of active physics bodies
        • Simplify collision shapes
        • Disable physics for distant objects

  🟡 [MEDIUM] Vertex Count
      Value: 46567057 vertices/frame
      Impact: GPU vertex processing
      Suggestions:
        • Implement LOD for distant objects
        • Simplify building meshes
        • Use lower poly models

  🟡 [MEDIUM] Node Count
      Value: 14562 nodes
      Impact: Scene tree traversal overhead
      Suggestions:
        • Unload distant chunks
        • Pool and reuse nodes
        • Flatten hierarchy where possible

  🟡 [MEDIUM] Post-Processing Effects
      Value: SSAO, Glow/Bloom, Volumetric Fog
      Impact: GPU shader overhead
      Suggestions:
        • Reduce SSR quality
        • Disable SSAO on low-end hardware
        • Use simpler fog

📈 DETAILED STATS:
  Draw Calls: 5226 avg | 7000 max
  Vertices: 46567057 avg | 56594951 max
  Physics Bodies: 223
  Nodes: 14562
  VRAM: 725.9 MB

=================================================

⚡ FRAME SPIKE #207: 28.0 ms at 12.0s (Draw: 4355, Bodies: 249)
⚡ FRAME SPIKE #208: 30.6 ms at 12.0s (Draw: 4554, Bodies: 250)
⚡ FRAME SPIKE #209: 30.6 ms at 12.1s (Draw: 4659, Bodies: 251)
⚡ FRAME SPIKE #210: 30.6 ms at 12.1s (Draw: 4618, Bodies: 252)
⚡ FRAME SPIKE #211: 32.0 ms at 12.1s (Draw: 4608, Bodies: 253)
⚡ FRAME SPIKE #212: 30.6 ms at 12.2s (Draw: 4580, Bodies: 254)
⚡ FRAME SPIKE #213: 30.6 ms at 12.2s (Draw: 4575, Bodies: 255)
⚡ FRAME SPIKE #214: 30.6 ms at 12.2s (Draw: 4668, Bodies: 256)
⚡ FRAME SPIKE #215: 30.6 ms at 12.3s (Draw: 5141, Bodies: 257)
⚡ FRAME SPIKE #216: 30.6 ms at 12.3s (Draw: 5038, Bodies: 258)
⚡ FRAME SPIKE #217: 31.0 ms at 12.3s (Draw: 5024, Bodies: 259)
⚡ FRAME SPIKE #218: 32.9 ms at 12.4s (Draw: 5037, Bodies: 262)
⚡ FRAME SPIKE #219: 31.0 ms at 12.4s (Draw: 4919, Bodies: 263)
⚡ FRAME SPIKE #220: 31.0 ms at 12.4s (Draw: 4810, Bodies: 264)
⚡ FRAME SPIKE #221: 31.6 ms at 12.4s (Draw: 4779, Bodies: 265)
⚡ FRAME SPIKE #222: 33.8 ms at 12.5s (Draw: 4881, Bodies: 266)
⚡ FRAME SPIKE #223: 34.5 ms at 12.5s (Draw: 5155, Bodies: 267)
⚡ FRAME SPIKE #224: 34.1 ms at 12.5s (Draw: 5131, Bodies: 268)
OSM: 🌙 NIGHT Window batch 0,-3 | night_mgr: CACHED | is_night value: true
OSM: ✅ Finalized window batch 0,-3: 2329 windows (was 2329 draw calls before batching)
⚡ FRAME SPIKE #225: 33.8 ms at 12.6s (Draw: 5062, Bodies: 269)
OSM: 🌙 NIGHT Window batch -1,-3 | night_mgr: CACHED | is_night value: true
OSM: ✅ Finalized window batch -1,-3: 4341 windows (was 4341 draw calls before batching)
⚡ FRAME SPIKE #226: 33.8 ms at 12.6s (Draw: 5001, Bodies: 270)
⚡ FRAME SPIKE #227: 33.5 ms at 12.6s (Draw: 5088, Bodies: 271)
⚡ FRAME SPIKE #228: 33.6 ms at 12.7s (Draw: 5318, Bodies: 271)
⚡ FRAME SPIKE #229: 33.6 ms at 12.7s (Draw: 5392, Bodies: 272)
⚡ FRAME SPIKE #230: 34.7 ms at 12.7s (Draw: 5430, Bodies: 272)
⚡ FRAME SPIKE #231: 34.8 ms at 12.8s (Draw: 5446, Bodies: 273)
⚡ FRAME SPIKE #232: 40.4 ms at 12.8s (Draw: 5392, Bodies: 274)
⚡ FRAME SPIKE #233: 34.7 ms at 12.9s (Draw: 5414, Bodies: 275)
⚡ FRAME SPIKE #234: 34.7 ms at 12.9s (Draw: 5553, Bodies: 276)
⚡ FRAME SPIKE #235: 34.7 ms at 12.9s (Draw: 5518, Bodies: 277)
⚡ FRAME SPIKE #236: 34.7 ms at 13.0s (Draw: 5521, Bodies: 278)
⚡ FRAME SPIKE #237: 34.7 ms at 13.0s (Draw: 5490, Bodies: 279)
⚡ FRAME SPIKE #238: 34.7 ms at 13.0s (Draw: 5374, Bodies: 280)
⚡ FRAME SPIKE #239: 34.2 ms at 13.1s (Draw: 5391, Bodies: 281)
⚡ FRAME SPIKE #240: 35.1 ms at 13.1s (Draw: 5378, Bodies: 282)
⚡ FRAME SPIKE #241: 34.7 ms at 13.1s (Draw: 5156, Bodies: 283)
⚡ FRAME SPIKE #242: 34.7 ms at 13.2s (Draw: 5051, Bodies: 283)
⚡ FRAME SPIKE #243: 34.7 ms at 13.2s (Draw: 5059, Bodies: 283)
⚡ FRAME SPIKE #244: 34.6 ms at 13.2s (Draw: 5100, Bodies: 283)
⚡ FRAME SPIKE #245: 33.3 ms at 13.3s (Draw: 5110, Bodies: 283)
⚡ FRAME SPIKE #246: 33.3 ms at 13.3s (Draw: 5129, Bodies: 283)
⚡ FRAME SPIKE #247: 33.3 ms at 13.3s (Draw: 5103, Bodies: 283)
⚡ FRAME SPIKE #248: 33.3 ms at 13.4s (Draw: 5262, Bodies: 284)
⚡ FRAME SPIKE #249: 33.3 ms at 13.4s (Draw: 5102, Bodies: 284)
⚡ FRAME SPIKE #250: 33.3 ms at 13.4s (Draw: 5022, Bodies: 284)
⚡ FRAME SPIKE #251: 33.3 ms at 13.5s (Draw: 4993, Bodies: 284)
⚡ FRAME SPIKE #252: 33.3 ms at 13.5s (Draw: 4986, Bodies: 284)
⚡ FRAME SPIKE #253: 32.8 ms at 13.5s (Draw: 4977, Bodies: 284)
⚡ FRAME SPIKE #254: 30.8 ms at 13.6s (Draw: 4989, Bodies: 284)
⚡ FRAME SPIKE #255: 31.9 ms at 13.6s (Draw: 5017, Bodies: 284)
⚡ FRAME SPIKE #256: 31.7 ms at 13.6s (Draw: 5033, Bodies: 284)
⚡ FRAME SPIKE #257: 31.1 ms at 13.7s (Draw: 5084, Bodies: 284)
⚡ FRAME SPIKE #258: 26.2 ms at 13.7s (Draw: 5097, Bodies: 284)
⚡ FRAME SPIKE #259: 31.4 ms at 13.7s (Draw: 5184, Bodies: 284)
⚡ FRAME SPIKE #260: 31.9 ms at 13.8s (Draw: 5291, Bodies: 284)
⚡ FRAME SPIKE #261: 31.9 ms at 13.8s (Draw: 5320, Bodies: 284)
⚡ FRAME SPIKE #262: 31.9 ms at 13.8s (Draw: 5363, Bodies: 284)
⚡ FRAME SPIKE #263: 31.9 ms at 13.9s (Draw: 5404, Bodies: 283)
⚡ FRAME SPIKE #264: 31.0 ms at 13.9s (Draw: 4603, Bodies: 283)
⚡ FRAME SPIKE #265: 25.5 ms at 13.9s (Draw: 4607, Bodies: 283)
⚡ FRAME SPIKE #266: 29.7 ms at 13.9s (Draw: 4600, Bodies: 283)

=== PERFORMANCE METRICS ===
FPS: 29 | Frame: 31.3 ms (max 91.1) | Physics: 16.7 ms (max 94.2)
Godot Process: 23.21 ms | Physics: 6.74 ms
Objects: 38756 | Nodes: 16253 | Resources: 536
Draw calls: 4600 | Vertices: 43540846 | VRAM: 728.2 MB
Physics bodies: 283 | Collision pairs: 3061
--- System Times ---
  road_batch_finalize_total_-1,-1: 37.67 ms (max 37.67)
  road_batch_finalize_total_-1,-2: 5.66 ms (max 5.66)
  road_batch_finalize_total_-1,-3: 19.93 ms (max 19.93)
  road_batch_finalize_total_-1,0: 26.30 ms (max 26.30)
  road_batch_finalize_total_-2,-1: 24.83 ms (max 24.83)
  road_batch_finalize_total_-2,-2: 21.50 ms (max 21.50)
  road_batch_finalize_total_-2,0: 25.21 ms (max 25.21)
  road_batch_finalize_total_0,-1: 25.66 ms (max 25.66)
  road_batch_finalize_total_0,-2: 23.65 ms (max 23.65)
  road_batch_finalize_total_0,-3: 26.79 ms (max 26.79)
  road_batch_finalize_total_0,0: 21.70 ms (max 21.70)
  road_batch_finalize_total_0,1: 23.77 ms (max 23.77)
  road_batch_finalize_total_1,-1: 29.52 ms (max 29.52)
  road_batch_finalize_total_1,-2: 7.67 ms (max 7.67)
  road_batch_finalize_total_1,0: 21.52 ms (max 21.52)
  road_collision_create_-1,-1: 12.30 ms (max 30.46)
  road_collision_create_-1,-2: 2.57 ms (max 3.40)
  road_collision_create_-1,-3: 6.40 ms (max 15.29)
  road_collision_create_-1,0: 12.90 ms (max 23.62)
  road_collision_create_-2,-1: 8.05 ms (max 18.66)
  road_collision_create_-2,-2: 10.42 ms (max 18.25)
  road_collision_create_-2,0: 12.32 ms (max 21.55)
  road_collision_create_0,-1: 8.33 ms (max 19.70)
  road_collision_create_0,-2: 7.60 ms (max 16.02)
  road_collision_create_0,-3: 8.58 ms (max 19.82)
  road_collision_create_0,0: 6.99 ms (max 17.84)
  road_collision_create_0,1: 23.51 ms (max 23.51)
  road_collision_create_1,-1: 9.61 ms (max 24.76)
  road_collision_create_1,-2: 3.63 ms (max 4.87)
  road_collision_create_1,0: 21.23 ms (max 21.23)
===========================

=== PERFORMANCE METRICS ===
FPS: 29 | Frame: 31.3 ms (max 91.1) | Physics: 16.7 ms (max 94.3)
Godot Process: 23.21 ms | Physics: 6.74 ms
Objects: 38756 | Nodes: 16253 | Resources: 536
Draw calls: 4600 | Vertices: 43540846 | VRAM: 728.2 MB
Physics bodies: 283 | Collision pairs: 3061
===========================
⚡ FRAME SPIKE #267: 31.0 ms at 14.0s (Draw: 4572, Bodies: 283)
⚡ FRAME SPIKE #268: 29.4 ms at 14.0s (Draw: 4577, Bodies: 283)
🚗 Traffic: 27 active NPCs (Near: 8, Mid: 14, Far: 5), 2 pooled
  → Physics bodies from NPCs: 27 (All: 27×1, было бы 27×5=135)

========== Bottleneck Analysis Report ==========
Time: 24.5s | Frames: 763

📊 PERFORMANCE OVERVIEW:
  FPS: 30.7 avg | 26.0 min
  Frame Time: 41.11 ms avg | 88.80 ms max
  Physics Time: 6.27 ms avg

🔍 BOTTLENECK IDENTIFICATION:
  🔴 [CRITICAL] Frame Time
      Value: 41.11 ms (target: 16.67 ms)
      Impact: Overall performance bottleneck
      Suggestions:
        • Reduce draw calls
        • Optimize scripts in _process()
        • Check for expensive operations per frame

  🟠 [HIGH] Draw Calls
      Value: 4638 calls/frame
      Impact: GPU rendering overhead
      Suggestions:
        • Batch meshes by material
        • Use MultiMeshInstance3D
        • Implement LOD system
        • Enable frustum culling

  🟠 [HIGH] Physics Bodies
      Value: 251 active bodies
      Impact: Physics engine load
      Suggestions:
        • Reduce NPC count
        • Convert distant NPCs to kinematic
        • Disable physics for far objects

  🟡 [MEDIUM] Physics Time
      Value: 6.27 ms
      Impact: Physics simulation overhead
      Suggestions:
        • Reduce number of active physics bodies
        • Simplify collision shapes
        • Disable physics for distant objects

  🟡 [MEDIUM] Vertex Count
      Value: 40597018 vertices/frame
      Impact: GPU vertex processing
      Suggestions:
        • Implement LOD for distant objects
        • Simplify building meshes
        • Use lower poly models

  🟡 [MEDIUM] Node Count
      Value: 16253 nodes
      Impact: Scene tree traversal overhead
      Suggestions:
        • Unload distant chunks
        • Pool and reuse nodes
        • Flatten hierarchy where possible

  🟡 [MEDIUM] Post-Processing Effects
      Value: SSAO, Glow/Bloom, Volumetric Fog
      Impact: GPU shader overhead
      Suggestions:
        • Reduce SSR quality
        • Disable SSAO on low-end hardware
        • Use simpler fog

📈 DETAILED STATS:
  Draw Calls: 4638 avg | 5553 max
  Vertices: 40597018 avg | 56652501 max
  Physics Bodies: 251
  Nodes: 16253
  VRAM: 728.2 MB

=================================================

⚡ FRAME SPIKE #269: 25.3 ms at 14.0s (Draw: 4584, Bodies: 283)
⚡ FRAME SPIKE #270: 29.5 ms at 14.1s (Draw: 4584, Bodies: 283)
⚡ FRAME SPIKE #271: 29.2 ms at 14.1s (Draw: 4580, Bodies: 283)
⚡ FRAME SPIKE #272: 29.2 ms at 14.1s (Draw: 4573, Bodies: 283)
⚡ FRAME SPIKE #273: 28.3 ms at 14.2s (Draw: 4582, Bodies: 283)
⚡ FRAME SPIKE #274: 27.1 ms at 14.2s (Draw: 4586, Bodies: 283)
⚡ FRAME SPIKE #275: 28.3 ms at 14.2s (Draw: 4592, Bodies: 283)
⚡ FRAME SPIKE #276: 31.1 ms at 14.3s (Draw: 4580, Bodies: 283)
⚡ FRAME SPIKE #277: 28.3 ms at 14.3s (Draw: 4575, Bodies: 283)
⚡ FRAME SPIKE #278: 26.2 ms at 14.3s (Draw: 4578, Bodies: 283)
⚡ FRAME SPIKE #279: 28.8 ms at 14.3s (Draw: 4585, Bodies: 282)
⚡ FRAME SPIKE #280: 28.3 ms at 14.4s (Draw: 4562, Bodies: 282)
⚡ FRAME SPIKE #281: 28.3 ms at 14.4s (Draw: 4702, Bodies: 284)
⚡ FRAME SPIKE #282: 28.3 ms at 14.4s (Draw: 4700, Bodies: 284)
⚡ FRAME SPIKE #283: 28.3 ms at 14.5s (Draw: 4704, Bodies: 284)
⚡ FRAME SPIKE #284: 28.3 ms at 14.5s (Draw: 4705, Bodies: 284)
⚡ FRAME SPIKE #285: 28.3 ms at 14.5s (Draw: 4697, Bodies: 284)
⚡ FRAME SPIKE #286: 30.0 ms at 14.5s (Draw: 4677, Bodies: 284)
⚡ FRAME SPIKE #287: 28.3 ms at 14.6s (Draw: 4680, Bodies: 284)
⚡ FRAME SPIKE #288: 28.3 ms at 14.6s (Draw: 4682, Bodies: 284)
⚡ FRAME SPIKE #289: 28.3 ms at 14.6s (Draw: 4680, Bodies: 284)
⚡ FRAME SPIKE #290: 28.3 ms at 14.7s (Draw: 4686, Bodies: 284)
⚡ FRAME SPIKE #291: 28.3 ms at 14.7s (Draw: 4682, Bodies: 284)
⚡ FRAME SPIKE #292: 28.3 ms at 14.7s (Draw: 4676, Bodies: 284)
⚡ FRAME SPIKE #293: 28.3 ms at 14.7s (Draw: 4672, Bodies: 284)
⚡ FRAME SPIKE #294: 28.3 ms at 14.8s (Draw: 4665, Bodies: 284)
⚡ FRAME SPIKE #295: 28.3 ms at 14.8s (Draw: 4665, Bodies: 284)
⚡ FRAME SPIKE #296: 28.3 ms at 14.8s (Draw: 4670, Bodies: 284)
⚡ FRAME SPIKE #297: 28.6 ms at 14.9s (Draw: 4666, Bodies: 284)
⚡ FRAME SPIKE #298: 28.3 ms at 14.9s (Draw: 4663, Bodies: 284)
⚡ FRAME SPIKE #299: 28.6 ms at 14.9s (Draw: 4659, Bodies: 284)
⚡ FRAME SPIKE #300: 28.6 ms at 14.9s (Draw: 4653, Bodies: 284)
⚡ FRAME SPIKE #301: 28.3 ms at 15.0s (Draw: 4656, Bodies: 284)
⚡ FRAME SPIKE #302: 28.6 ms at 15.0s (Draw: 4666, Bodies: 283)
⚡ FRAME SPIKE #303: 29.0 ms at 15.0s (Draw: 4667, Bodies: 283)
⚡ FRAME SPIKE #304: 28.6 ms at 15.1s (Draw: 4675, Bodies: 283)
⚡ FRAME SPIKE #305: 28.6 ms at 15.1s (Draw: 4684, Bodies: 283)
⚡ FRAME SPIKE #306: 28.6 ms at 15.1s (Draw: 4686, Bodies: 283)
⚡ FRAME SPIKE #307: 28.6 ms at 15.1s (Draw: 4684, Bodies: 283)
⚡ FRAME SPIKE #308: 28.3 ms at 15.2s (Draw: 4682, Bodies: 283)
⚡ FRAME SPIKE #309: 28.3 ms at 15.2s (Draw: 4673, Bodies: 283)
⚡ FRAME SPIKE #310: 29.0 ms at 15.2s (Draw: 4655, Bodies: 283)
⚡ FRAME SPIKE #311: 28.6 ms at 15.3s (Draw: 4633, Bodies: 283)
⚡ FRAME SPIKE #312: 28.3 ms at 15.3s (Draw: 4615, Bodies: 283)
⚡ FRAME SPIKE #313: 28.3 ms at 15.3s (Draw: 4594, Bodies: 283)
⚡ FRAME SPIKE #314: 28.3 ms at 15.3s (Draw: 4569, Bodies: 283)
⚡ FRAME SPIKE #315: 28.3 ms at 15.4s (Draw: 4546, Bodies: 283)
⚡ FRAME SPIKE #316: 28.3 ms at 15.4s (Draw: 4514, Bodies: 283)
⚡ FRAME SPIKE #317: 29.8 ms at 15.4s (Draw: 5568, Bodies: 285)
⚡ FRAME SPIKE #318: 28.6 ms at 15.5s (Draw: 5529, Bodies: 285)
⚡ FRAME SPIKE #319: 28.6 ms at 15.5s (Draw: 5522, Bodies: 285)
⚡ FRAME SPIKE #320: 28.6 ms at 15.5s (Draw: 5512, Bodies: 285)
⚡ FRAME SPIKE #321: 29.7 ms at 15.5s (Draw: 5477, Bodies: 285)
⚡ FRAME SPIKE #322: 28.6 ms at 15.6s (Draw: 5465, Bodies: 285)
⚡ FRAME SPIKE #323: 30.1 ms at 15.6s (Draw: 5435, Bodies: 285)
⚡ FRAME SPIKE #324: 33.3 ms at 15.6s (Draw: 5394, Bodies: 285)
⚡ FRAME SPIKE #325: 33.2 ms at 15.7s (Draw: 5330, Bodies: 285)
⚡ FRAME SPIKE #326: 33.6 ms at 15.7s (Draw: 5294, Bodies: 285)
⚡ FRAME SPIKE #327: 32.5 ms at 15.7s (Draw: 5287, Bodies: 285)
⚡ FRAME SPIKE #328: 33.2 ms at 15.8s (Draw: 5296, Bodies: 285)
⚡ FRAME SPIKE #329: 33.4 ms at 15.8s (Draw: 5290, Bodies: 285)
⚡ FRAME SPIKE #330: 32.6 ms at 15.8s (Draw: 5295, Bodies: 285)
⚡ FRAME SPIKE #331: 32.4 ms at 15.9s (Draw: 5287, Bodies: 285)
⚡ FRAME SPIKE #332: 33.1 ms at 15.9s (Draw: 5301, Bodies: 285)
⚡ FRAME SPIKE #333: 33.3 ms at 15.9s (Draw: 5318, Bodies: 285)
⚡ FRAME SPIKE #334: 33.3 ms at 16.0s (Draw: 5305, Bodies: 285)
⚡ FRAME SPIKE #335: 33.3 ms at 16.0s (Draw: 5306, Bodies: 285)
⚡ FRAME SPIKE #336: 33.3 ms at 16.0s (Draw: 5296, Bodies: 285)
🚗 Traffic: 29 active NPCs (Near: 8, Mid: 9, Far: 12), 0 pooled
  → Physics bodies from NPCs: 29 (All: 29×1, было бы 29×5=145)

========== Bottleneck Analysis Report ==========
Time: 26.5s | Frames: 832

📊 PERFORMANCE OVERVIEW:
  FPS: 31.8 avg | 26.0 min
  Frame Time: 26.20 ms avg | 88.80 ms max
  Physics Time: 6.80 ms avg

🔍 BOTTLENECK IDENTIFICATION:
  🟠 [HIGH] Frame Time
      Value: 26.20 ms (target: 16.67 ms)
      Impact: Overall performance bottleneck
      Suggestions:
        • Reduce draw calls
        • Optimize scripts in _process()
        • Check for expensive operations per frame

  🟠 [HIGH] Draw Calls
      Value: 4967 calls/frame
      Impact: GPU rendering overhead
      Suggestions:
        • Batch meshes by material
        • Use MultiMeshInstance3D
        • Implement LOD system
        • Enable frustum culling

  🟠 [HIGH] Physics Bodies
      Value: 281 active bodies
      Impact: Physics engine load
      Suggestions:
        • Reduce NPC count
        • Convert distant NPCs to kinematic
        • Disable physics for far objects

  🟡 [MEDIUM] Physics Time
      Value: 6.80 ms
      Impact: Physics simulation overhead
      Suggestions:
        • Reduce number of active physics bodies
        • Simplify collision shapes
        • Disable physics for distant objects

  🟡 [MEDIUM] Vertex Count
      Value: 44193286 vertices/frame
      Impact: GPU vertex processing
      Suggestions:
        • Implement LOD for distant objects
        • Simplify building meshes
        • Use lower poly models

  🟡 [MEDIUM] Node Count
      Value: 16253 nodes
      Impact: Scene tree traversal overhead
      Suggestions:
        • Unload distant chunks
        • Pool and reuse nodes
        • Flatten hierarchy where possible

  🟡 [MEDIUM] Post-Processing Effects
      Value: SSAO, Glow/Bloom, Volumetric Fog
      Impact: GPU shader overhead
      Suggestions:
        • Reduce SSR quality
        • Disable SSAO on low-end hardware
        • Use simpler fog

📈 DETAILED STATS:
  Draw Calls: 4967 avg | 5568 max
  Vertices: 44193286 avg | 49741965 max
  Physics Bodies: 281
  Nodes: 16253
  VRAM: 728.2 MB

=================================================

⚡ FRAME SPIKE #337: 33.3 ms at 16.1s (Draw: 5298, Bodies: 285)
⚡ FRAME SPIKE #338: 33.3 ms at 16.1s (Draw: 5291, Bodies: 285)
⚡ FRAME SPIKE #339: 33.3 ms at 16.1s (Draw: 5291, Bodies: 285)
⚡ FRAME SPIKE #340: 33.3 ms at 16.2s (Draw: 5306, Bodies: 285)
⚡ FRAME SPIKE #341: 32.3 ms at 16.2s (Draw: 5295, Bodies: 285)
⚡ FRAME SPIKE #342: 33.2 ms at 16.2s (Draw: 5281, Bodies: 285)
⚡ FRAME SPIKE #343: 32.0 ms at 16.3s (Draw: 5285, Bodies: 285)
⚡ FRAME SPIKE #344: 32.6 ms at 16.3s (Draw: 5282, Bodies: 285)
⚡ FRAME SPIKE #345: 32.8 ms at 16.3s (Draw: 5272, Bodies: 285)
⚡ FRAME SPIKE #346: 32.1 ms at 16.4s (Draw: 5264, Bodies: 285)
⚡ FRAME SPIKE #347: 33.3 ms at 16.4s (Draw: 5264, Bodies: 285)
⚡ FRAME SPIKE #348: 33.3 ms at 16.4s (Draw: 5276, Bodies: 285)
⚡ FRAME SPIKE #349: 33.3 ms at 16.5s (Draw: 5285, Bodies: 286)
⚡ FRAME SPIKE #350: 67.1 ms at 16.5s (Draw: 5286, Bodies: 286)
⚡ FRAME SPIKE #351: 50.0 ms at 16.6s (Draw: 5303, Bodies: 286)
⚡ FRAME SPIKE #352: 48.5 ms at 16.6s (Draw: 5277, Bodies: 286)
⚡ FRAME SPIKE #353: 39.7 ms at 16.7s (Draw: 5233, Bodies: 286)
⚡ FRAME SPIKE #354: 39.0 ms at 16.7s (Draw: 5165, Bodies: 286)
⚡ FRAME SPIKE #355: 32.3 ms at 16.7s (Draw: 5127, Bodies: 286)
⚡ FRAME SPIKE #356: 32.2 ms at 16.8s (Draw: 5089, Bodies: 286)
⚡ FRAME SPIKE #357: 32.5 ms at 16.8s (Draw: 5063, Bodies: 286)
⚡ FRAME SPIKE #358: 33.0 ms at 16.8s (Draw: 5051, Bodies: 286)
⚡ FRAME SPIKE #359: 31.5 ms at 16.9s (Draw: 5001, Bodies: 286)
⚡ FRAME SPIKE #360: 31.8 ms at 16.9s (Draw: 4953, Bodies: 286)
⚡ FRAME SPIKE #361: 32.3 ms at 16.9s (Draw: 4901, Bodies: 286)
⚡ FRAME SPIKE #362: 31.2 ms at 17.0s (Draw: 4827, Bodies: 286)
⚡ FRAME SPIKE #363: 30.7 ms at 17.0s (Draw: 4763, Bodies: 286)
⚡ FRAME SPIKE #364: 25.2 ms at 17.0s (Draw: 4740, Bodies: 286)
⚡ FRAME SPIKE #365: 31.0 ms at 17.0s (Draw: 4685, Bodies: 286)
⚡ FRAME SPIKE #366: 30.6 ms at 17.1s (Draw: 4619, Bodies: 286)
OSM: Loading chunk -3,-1 at lat=59.1181, lon=37.8868
OSM: Loaded from cache: osm_v2_59.1181_37.8868_250.json
OSM: Chunk -3,-1 data loaded
OSM: Generated 12 roads, 0 buildings, 0 trees, 0 signs, 0 lamps, 0 intersections
OSM: Marked chunk '-3,-1' for road batch finalization
OSM: Post-initial chunk loaded, pending_lamps=442
OSM: _create_pending_lamps started, count=442
OSM: DEBUG - First lamp added to chunk 0,-3 batch
OSM: DEBUG - First lamp added to chunk -1,-3 batch
OSM: Created 179 lamps, skipped 263 (added to batches)
OSM: Finalizing 2 lamp batches immediately...
OSM: ✅ Finalized lamp batch 0,-3: 56 lamps (3 MultiMeshes + 56 lights, was 168 draw calls before)
OSM: ✅ Finalized lamp batch -1,-3: 37 lamps (3 MultiMeshes + 37 lights, was 111 draw calls before)
⚡ FRAME SPIKE #367: 41.5 ms at 17.1s (Draw: 4607, Bodies: 286)
OSM: DEBUG _add_road_to_batch - first road for chunk '-3,-1', parent.name='Chunk_-3,-1'
⚡ FRAME SPIKE #368: 35.8 ms at 17.1s (Draw: 4530, Bodies: 286)
⚡ FRAME SPIKE #369: 33.3 ms at 17.2s (Draw: 4470, Bodies: 286)
🔴 FREEZE: road collision shape creation took 23.1 ms for chunk -3,-1 (type: path)
OSM: ✅ Finalized road batch -3,-1/path: 2550 vertices, 2530 triangles, material: <ImageTexture#-9223371972547704822>
OSM: ✅ Finalized road batch -3,-1/residential: 8 vertices, 4 triangles, material: <ImageTexture#-9223371972648368119>
⚠️ SLOW: road batch finalization took 25.3 ms for chunk -3,-1
⚠️ SLOW FRAME 25.3ms: building=0.0 road=25.3 terrain=0.0 infra=0.0 veg=0.0 curb=0.0ms
⚡ FRAME SPIKE #370: 52.4 ms at 17.2s (Draw: 4425, Bodies: 286)
⚡ FRAME SPIKE #371: 41.7 ms at 17.3s (Draw: 4417, Bodies: 286)
⚡ FRAME SPIKE #372: 41.7 ms at 17.3s (Draw: 4415, Bodies: 285)
⚡ FRAME SPIKE #373: 36.9 ms at 17.3s (Draw: 4411, Bodies: 285)
⚡ FRAME SPIKE #374: 35.1 ms at 17.4s (Draw: 4382, Bodies: 284)
⚡ FRAME SPIKE #375: 30.1 ms at 17.4s (Draw: 4328, Bodies: 284)
⚡ FRAME SPIKE #376: 31.4 ms at 17.5s (Draw: 4253, Bodies: 285)
⚡ FRAME SPIKE #377: 30.0 ms at 17.5s (Draw: 4160, Bodies: 285)
⚡ FRAME SPIKE #378: 27.8 ms at 17.5s (Draw: 4128, Bodies: 285)
⚡ FRAME SPIKE #379: 25.3 ms at 17.6s (Draw: 4133, Bodies: 285)
⚡ FRAME SPIKE #380: 29.2 ms at 17.6s (Draw: 4130, Bodies: 285)
⚡ FRAME SPIKE #381: 27.8 ms at 17.6s (Draw: 4129, Bodies: 285)
⚡ FRAME SPIKE #382: 25.0 ms at 17.6s (Draw: 4133, Bodies: 285)
⚡ FRAME SPIKE #383: 27.3 ms at 17.7s (Draw: 4135, Bodies: 285)
⚡ FRAME SPIKE #384: 27.8 ms at 17.7s (Draw: 4134, Bodies: 285)
⚡ FRAME SPIKE #385: 27.3 ms at 17.8s (Draw: 4137, Bodies: 285)
⚡ FRAME SPIKE #386: 26.1 ms at 17.8s (Draw: 4132, Bodies: 285)
⚡ FRAME SPIKE #387: 26.7 ms at 17.8s (Draw: 4121, Bodies: 285)
⚡ FRAME SPIKE #388: 25.6 ms at 17.8s (Draw: 4126, Bodies: 285)
⚡ FRAME SPIKE #389: 27.7 ms at 17.9s (Draw: 4126, Bodies: 285)
⚡ FRAME SPIKE #390: 26.7 ms at 17.9s (Draw: 4132, Bodies: 285)
⚡ FRAME SPIKE #391: 26.7 ms at 17.9s (Draw: 4137, Bodies: 285)
⚡ FRAME SPIKE #392: 26.7 ms at 17.9s (Draw: 4131, Bodies: 285)
⚡ FRAME SPIKE #393: 25.9 ms at 18.0s (Draw: 4127, Bodies: 285)
⚡ FRAME SPIKE #394: 27.4 ms at 18.0s (Draw: 4139, Bodies: 285)
⚡ FRAME SPIKE #395: 26.7 ms at 18.0s (Draw: 4104, Bodies: 285)
⚡ FRAME SPIKE #396: 26.0 ms at 18.0s (Draw: 4106, Bodies: 285)
🚗 Traffic: 29 active NPCs (Near: 9, Mid: 4, Far: 16), 2 pooled
  → Physics bodies from NPCs: 29 (All: 29×1, было бы 29×5=145)

========== Bottleneck Analysis Report ==========
Time: 28.5s | Frames: 894

📊 PERFORMANCE OVERVIEW:
  FPS: 32.0 avg | 28.0 min
  Frame Time: 31.59 ms avg | 48.33 ms max
  Physics Time: 7.10 ms avg

🔍 BOTTLENECK IDENTIFICATION:
  🟠 [HIGH] Frame Time
      Value: 31.59 ms (target: 16.67 ms)
      Impact: Overall performance bottleneck
      Suggestions:
        • Reduce draw calls
        • Optimize scripts in _process()
        • Check for expensive operations per frame

  🟠 [HIGH] Draw Calls
      Value: 4778 calls/frame
      Impact: GPU rendering overhead
      Suggestions:
        • Batch meshes by material
        • Use MultiMeshInstance3D
        • Implement LOD system
        • Enable frustum culling

  🟠 [HIGH] Physics Bodies
      Value: 284 active bodies
      Impact: Physics engine load
      Suggestions:
        • Reduce NPC count
        • Convert distant NPCs to kinematic
        • Disable physics for far objects

  🟡 [MEDIUM] Physics Time
      Value: 7.10 ms
      Impact: Physics simulation overhead
      Suggestions:
        • Reduce number of active physics bodies
        • Simplify collision shapes
        • Disable physics for distant objects

  🟡 [MEDIUM] Vertex Count
      Value: 37943688 vertices/frame
      Impact: GPU vertex processing
      Suggestions:
        • Implement LOD for distant objects
        • Simplify building meshes
        • Use lower poly models

  🟡 [MEDIUM] Node Count
      Value: 16560 nodes
      Impact: Scene tree traversal overhead
      Suggestions:
        • Unload distant chunks
        • Pool and reuse nodes
        • Flatten hierarchy where possible

  🟡 [MEDIUM] Post-Processing Effects
      Value: SSAO, Glow/Bloom, Volumetric Fog
      Impact: GPU shader overhead
      Suggestions:
        • Reduce SSR quality
        • Disable SSAO on low-end hardware
        • Use simpler fog

📈 DETAILED STATS:
  Draw Calls: 4778 avg | 5568 max
  Vertices: 37943688 avg | 49741965 max
  Physics Bodies: 284
  Nodes: 16560
  VRAM: 728.6 MB

=================================================

⚡ FRAME SPIKE #397: 26.7 ms at 18.1s (Draw: 4101, Bodies: 285)
⚡ FRAME SPIKE #398: 25.5 ms at 18.1s (Draw: 4105, Bodies: 285)
⚡ FRAME SPIKE #399: 28.4 ms at 18.1s (Draw: 4073, Bodies: 285)
⚡ FRAME SPIKE #400: 26.7 ms at 18.2s (Draw: 4033, Bodies: 285)
⚡ FRAME SPIKE #401: 25.9 ms at 18.2s (Draw: 4005, Bodies: 285)
⚡ FRAME SPIKE #402: 26.7 ms at 18.2s (Draw: 3965, Bodies: 285)
⚡ FRAME SPIKE #403: 25.6 ms at 18.2s (Draw: 3946, Bodies: 285)
⚡ FRAME SPIKE #404: 28.5 ms at 18.3s (Draw: 3945, Bodies: 285)
⚡ FRAME SPIKE #405: 26.7 ms at 18.3s (Draw: 3939, Bodies: 285)
⚡ FRAME SPIKE #406: 25.4 ms at 18.3s (Draw: 3937, Bodies: 285)
⚡ FRAME SPIKE #407: 26.7 ms at 18.3s (Draw: 3936, Bodies: 285)
⚡ FRAME SPIKE #408: 26.4 ms at 18.4s (Draw: 3936, Bodies: 284)
⚡ FRAME SPIKE #409: 25.9 ms at 18.4s (Draw: 3932, Bodies: 284)
⚡ FRAME SPIKE #410: 25.9 ms at 18.5s (Draw: 3934, Bodies: 284)
⚡ FRAME SPIKE #411: 27.8 ms at 18.5s (Draw: 3934, Bodies: 284)
⚡ FRAME SPIKE #412: 25.9 ms at 18.5s (Draw: 3936, Bodies: 284)
⚡ FRAME SPIKE #413: 25.2 ms at 18.5s (Draw: 3939, Bodies: 284)
⚡ FRAME SPIKE #414: 25.9 ms at 18.6s (Draw: 3946, Bodies: 283)
⚡ FRAME SPIKE #415: 25.9 ms at 18.6s (Draw: 3935, Bodies: 283)
OSM: Loading chunk -3,0 at lat=59.1153, lon=37.8868
OSM: Loaded from cache: osm_v2_59.1153_37.8868_250.json
OSM: Chunk -3,0 data loaded
OSM: Generated 8 roads, 1 buildings, 0 trees, 0 signs, 0 lamps, 2 intersections
OSM: Marked chunk '-3,0' for road batch finalization
OSM: Post-initial chunk loaded, pending_lamps=0
OSM: _create_pending_lamps started, count=0
OSM: No pending lamps
⚡ FRAME SPIKE #416: 25.9 ms at 18.6s (Draw: 3930, Bodies: 283)
OSM: DEBUG _add_road_to_batch - first road for chunk '-3,0', parent.name='Chunk_-3,0'
⚡ FRAME SPIKE #417: 29.6 ms at 18.7s (Draw: 3921, Bodies: 284)
⚡ FRAME SPIKE #418: 26.2 ms at 18.7s (Draw: 3910, Bodies: 285)
🔴 FREEZE: road collision shape creation took 19.7 ms for chunk -3,0 (type: residential)
OSM: ✅ Finalized road batch -3,0/residential: 544 vertices, 538 triangles, material: <ImageTexture#-9223371972648368119>
🔴 FREEZE: road collision shape creation took 5.3 ms for chunk -3,0 (type: path)
OSM: ✅ Finalized road batch -3,0/path: 2408 vertices, 2398 triangles, material: <ImageTexture#-9223371972547704822>
⚠️ SLOW: road batch finalization took 25.9 ms for chunk -3,0
⚠️ SLOW FRAME 26.0ms: building=0.0 road=26.0 terrain=0.0 infra=0.0 veg=0.0 curb=0.0ms
⚡ FRAME SPIKE #419: 42.0 ms at 18.7s (Draw: 3904, Bodies: 285)
OSM: 🌙 NIGHT Window batch -3,0 | night_mgr: CACHED | is_night value: true
OSM: ✅ Finalized window batch -3,0: 80 windows (was 80 draw calls before batching)
⚡ FRAME SPIKE #420: 33.8 ms at 18.8s (Draw: 3882, Bodies: 285)
⚡ FRAME SPIKE #421: 33.3 ms at 18.8s (Draw: 3870, Bodies: 285)
⚡ FRAME SPIKE #422: 33.3 ms at 18.8s (Draw: 3869, Bodies: 285)
⚡ FRAME SPIKE #423: 33.3 ms at 18.9s (Draw: 3834, Bodies: 285)
⚡ FRAME SPIKE #424: 30.7 ms at 18.9s (Draw: 3781, Bodies: 285)
⚡ FRAME SPIKE #425: 27.4 ms at 19.0s (Draw: 3698, Bodies: 285)

=== PERFORMANCE METRICS ===
FPS: 38 | Frame: 31.2 ms (max 91.1) | Physics: 16.7 ms (max 55.2)
Godot Process: 17.44 ms | Physics: 7.11 ms
Objects: 39679 | Nodes: 16771 | Resources: 536
Draw calls: 3698 | Vertices: 20296178 | VRAM: 728.8 MB
Physics bodies: 285 | Collision pairs: 3099
--- System Times ---
  road_batch_finalize_total_-1,-1: 37.67 ms (max 37.67)
  road_batch_finalize_total_-1,-2: 5.66 ms (max 5.66)
  road_batch_finalize_total_-1,-3: 19.93 ms (max 19.93)
  road_batch_finalize_total_-1,0: 26.30 ms (max 26.30)
  road_batch_finalize_total_-2,-1: 24.83 ms (max 24.83)
  road_batch_finalize_total_-2,-2: 21.50 ms (max 21.50)
  road_batch_finalize_total_-2,0: 25.21 ms (max 25.21)
  road_batch_finalize_total_-3,-1: 25.26 ms (max 25.26)
  road_batch_finalize_total_-3,0: 25.95 ms (max 25.95)
  road_batch_finalize_total_0,-1: 25.66 ms (max 25.66)
  road_batch_finalize_total_0,-2: 23.65 ms (max 23.65)
  road_batch_finalize_total_0,-3: 26.79 ms (max 26.79)
  road_batch_finalize_total_0,0: 21.70 ms (max 21.70)
  road_batch_finalize_total_0,1: 23.77 ms (max 23.77)
  road_batch_finalize_total_1,-1: 29.52 ms (max 29.52)
  road_batch_finalize_total_1,-2: 7.67 ms (max 7.67)
  road_batch_finalize_total_1,0: 21.52 ms (max 21.52)
  road_collision_create_-1,-1: 12.30 ms (max 30.46)
  road_collision_create_-1,-2: 2.57 ms (max 3.40)
  road_collision_create_-1,-3: 6.40 ms (max 15.29)
  road_collision_create_-1,0: 12.90 ms (max 23.62)
  road_collision_create_-2,-1: 8.05 ms (max 18.66)
  road_collision_create_-2,-2: 10.42 ms (max 18.25)
  road_collision_create_-2,0: 12.32 ms (max 21.55)
  road_collision_create_-3,-1: 12.21 ms (max 23.07)
  road_collision_create_-3,0: 12.53 ms (max 19.73)
  road_collision_create_0,-1: 8.33 ms (max 19.70)
  road_collision_create_0,-2: 7.60 ms (max 16.02)
  road_collision_create_0,-3: 8.58 ms (max 19.82)
  road_collision_create_0,0: 6.99 ms (max 17.84)
  road_collision_create_0,1: 23.51 ms (max 23.51)
  road_collision_create_1,-1: 9.61 ms (max 24.76)
  road_collision_create_1,-2: 3.63 ms (max 4.87)
  road_collision_create_1,0: 21.23 ms (max 21.23)
===========================

=== PERFORMANCE METRICS ===
FPS: 38 | Frame: 31.2 ms (max 91.1) | Physics: 16.7 ms (max 55.2)
Godot Process: 17.44 ms | Physics: 7.11 ms
Objects: 39679 | Nodes: 16771 | Resources: 536
Draw calls: 3698 | Vertices: 20296178 | VRAM: 728.8 MB
Physics bodies: 285 | Collision pairs: 3099
===========================
⚡ FRAME SPIKE #426: 26.2 ms at 19.0s (Draw: 3636, Bodies: 285)
⚡ FRAME SPIKE #427: 25.9 ms at 19.1s (Draw: 3608, Bodies: 285)
⚡ FRAME SPIKE #428: 25.8 ms at 19.1s (Draw: 3595, Bodies: 285)
🚗 Traffic: 26 active NPCs (Near: 9, Mid: 4, Far: 13), 5 pooled
  → Physics bodies from NPCs: 26 (All: 26×1, было бы 26×5=130)

========== Bottleneck Analysis Report ==========
Time: 30.6s | Frames: 974

📊 PERFORMANCE OVERVIEW:
  FPS: 33.6 avg | 28.0 min
  Frame Time: 35.93 ms avg | 48.33 ms max
  Physics Time: 7.09 ms avg

🔍 BOTTLENECK IDENTIFICATION:
  🔴 [CRITICAL] Frame Time
      Value: 35.93 ms (target: 16.67 ms)
      Impact: Overall performance bottleneck
      Suggestions:
        • Reduce draw calls
        • Optimize scripts in _process()
        • Check for expensive operations per frame

  🟠 [HIGH] Draw Calls
      Value: 3915 calls/frame
      Impact: GPU rendering overhead
      Suggestions:
        • Batch meshes by material
        • Use MultiMeshInstance3D
        • Implement LOD system
        • Enable frustum culling

  🟠 [HIGH] Physics Bodies
      Value: 285 active bodies
      Impact: Physics engine load
      Suggestions:
        • Reduce NPC count
        • Convert distant NPCs to kinematic
        • Disable physics for far objects

  🟡 [MEDIUM] Physics Time
      Value: 7.09 ms
      Impact: Physics simulation overhead
      Suggestions:
        • Reduce number of active physics bodies
        • Simplify collision shapes
        • Disable physics for distant objects

  🟡 [MEDIUM] Vertex Count
      Value: 23305610 vertices/frame
      Impact: GPU vertex processing
      Suggestions:
        • Implement LOD for distant objects
        • Simplify building meshes
        • Use lower poly models

  🟡 [MEDIUM] Node Count
      Value: 16771 nodes
      Impact: Scene tree traversal overhead
      Suggestions:
        • Unload distant chunks
        • Pool and reuse nodes
        • Flatten hierarchy where possible

  🟡 [MEDIUM] Post-Processing Effects
      Value: SSAO, Glow/Bloom, Volumetric Fog
      Impact: GPU shader overhead
      Suggestions:
        • Reduce SSR quality
        • Disable SSAO on low-end hardware
        • Use simpler fog

📈 DETAILED STATS:
  Draw Calls: 3915 avg | 5001 max
  Vertices: 23305610 avg | 37324203 max
  Physics Bodies: 285
  Nodes: 16771
  VRAM: 728.8 MB

=================================================

⚡ FRAME SPIKE #429: 26.5 ms at 20.4s (Draw: 1802, Bodies: 282)
⚡ FRAME SPIKE #430: 25.9 ms at 21.6s (Draw: 2866, Bodies: 281)
🚗 Traffic: 22 active NPCs (Near: 7, Mid: 8, Far: 7), 9 pooled
  → Physics bodies from NPCs: 22 (All: 22×1, было бы 22×5=110)

========== Bottleneck Analysis Report ==========
Time: 32.6s | Frames: 1076

📊 PERFORMANCE OVERVIEW:
  FPS: 44.5 avg | 39.0 min
  Frame Time: 24.79 ms avg | 40.85 ms max
  Physics Time: 7.18 ms avg

🔍 BOTTLENECK IDENTIFICATION:
  🟠 [HIGH] Frame Time
      Value: 24.79 ms (target: 16.67 ms)
      Impact: Overall performance bottleneck
      Suggestions:
        • Reduce draw calls
        • Optimize scripts in _process()
        • Check for expensive operations per frame

  🟠 [HIGH] Physics Bodies
      Value: 281 active bodies
      Impact: Physics engine load
      Suggestions:
        • Reduce NPC count
        • Convert distant NPCs to kinematic
        • Disable physics for far objects

  🟡 [MEDIUM] Physics Time
      Value: 7.18 ms
      Impact: Physics simulation overhead
      Suggestions:
        • Reduce number of active physics bodies
        • Simplify collision shapes
        • Disable physics for distant objects

  🟡 [MEDIUM] Draw Calls
      Value: 2469 calls/frame
      Impact: GPU rendering overhead
      Suggestions:
        • Batch meshes by material
        • Use MultiMeshInstance3D
        • Implement LOD system
        • Enable frustum culling

  🟡 [MEDIUM] Vertex Count
      Value: 8411259 vertices/frame
      Impact: GPU vertex processing
      Suggestions:
        • Implement LOD for distant objects
        • Simplify building meshes
        • Use lower poly models

  🟡 [MEDIUM] Node Count
      Value: 16771 nodes
      Impact: Scene tree traversal overhead
      Suggestions:
        • Unload distant chunks
        • Pool and reuse nodes
        • Flatten hierarchy where possible

  🟡 [MEDIUM] Post-Processing Effects
      Value: SSAO, Glow/Bloom, Volumetric Fog
      Impact: GPU shader overhead
      Suggestions:
        • Reduce SSR quality
        • Disable SSAO on low-end hardware
        • Use simpler fog

📈 DETAILED STATS:
  Draw Calls: 2469 avg | 3753 max
  Vertices: 8411259 avg | 20258497 max
  Physics Bodies: 281
  Nodes: 16771
  VRAM: 728.8 MB

=================================================

OSM: Loading chunk -3,-2 at lat=59.1208, lon=37.8868
OSM: Loaded from cache: osm_v2_59.1208_37.8868_250.json
OSM: Chunk -3,-2 data loaded
OSM: Found 7 POI nodes in chunk
POI_DEBUG: Found 'МЦ Надежда' inside building at local (-617.5, -410.7)
OSM: Generated 38 roads, 17 buildings, 0 trees, 0 signs, 0 lamps, 20 intersections
OSM: Marked chunk '-3,-2' for road batch finalization
OSM: Post-initial chunk loaded, pending_lamps=0
OSM: _create_pending_lamps started, count=0
OSM: No pending lamps
⚡ FRAME SPIKE #431: 29.0 ms at 23.8s (Draw: 2847, Bodies: 281)
OSM: DEBUG _add_road_to_batch - first road for chunk '-3,-2', parent.name='Chunk_-3,-2'
⚠️ SLOW FRAME 12.8ms: building=0.4 road=11.7 terrain=0.2 infra=0.5 veg=0.0 curb=0.0ms
⚡ FRAME SPIKE #432: 52.6 ms at 23.8s (Draw: 2849, Bodies: 282)
⚡ FRAME SPIKE #433: 33.3 ms at 23.8s (Draw: 2829, Bodies: 283)
⚠️ SLOW FRAME 16.9ms: building=0.3 road=16.0 terrain=0.0 infra=0.5 veg=0.0 curb=0.0ms
⚡ FRAME SPIKE #434: 41.7 ms at 23.9s (Draw: 2815, Bodies: 284)
🔴 FREEZE: road collision shape creation took 13.3 ms for chunk -3,-2 (type: primary)
OSM: ✅ Finalized road batch -3,-2/primary: 962 vertices, 958 triangles, material: <ImageTexture#-9223371972749031416>
OSM: ✅ Finalized road batch -3,-2/path: 2110 vertices, 2084 triangles, material: <ImageTexture#-9223371972547704822>
OSM: ✅ Finalized road batch -3,-2/residential: 2222 vertices, 2176 triangles, material: <ImageTexture#-9223371972648368119>
⚠️ SLOW: road batch finalization took 23.1 ms for chunk -3,-2
⚠️ SLOW FRAME 24.0ms: building=0.4 road=23.1 terrain=0.0 infra=0.5 veg=0.0 curb=0.0ms
⚡ FRAME SPIKE #435: 49.7 ms at 23.9s (Draw: 2796, Bodies: 284)
⚡ FRAME SPIKE #436: 41.7 ms at 24.0s (Draw: 2794, Bodies: 285)

=== PERFORMANCE METRICS ===
FPS: 47 | Frame: 23.3 ms (max 52.6) | Physics: 16.7 ms (max 45.8)
Godot Process: 15.57 ms | Physics: 6.24 ms
Objects: 41016 | Nodes: 16915 | Resources: 536
Draw calls: 2794 | Vertices: 7523703 | VRAM: 729.2 MB
Physics bodies: 285 | Collision pairs: 3254
--- System Times ---
  road_batch_finalize_total_-1,-1: 37.67 ms (max 37.67)
  road_batch_finalize_total_-1,-2: 5.66 ms (max 5.66)
  road_batch_finalize_total_-1,-3: 19.93 ms (max 19.93)
  road_batch_finalize_total_-1,0: 26.30 ms (max 26.30)
  road_batch_finalize_total_-2,-1: 24.83 ms (max 24.83)
  road_batch_finalize_total_-2,-2: 21.50 ms (max 21.50)
  road_batch_finalize_total_-2,0: 25.21 ms (max 25.21)
  road_batch_finalize_total_-3,-1: 25.26 ms (max 25.26)
  road_batch_finalize_total_-3,-2: 23.07 ms (max 23.07)
  road_batch_finalize_total_-3,0: 25.95 ms (max 25.95)
  road_batch_finalize_total_0,-1: 25.66 ms (max 25.66)
  road_batch_finalize_total_0,-2: 23.65 ms (max 23.65)
  road_batch_finalize_total_0,-3: 26.79 ms (max 26.79)
  road_batch_finalize_total_0,0: 21.70 ms (max 21.70)
  road_batch_finalize_total_0,1: 23.77 ms (max 23.77)
  road_batch_finalize_total_1,-1: 29.52 ms (max 29.52)
  road_batch_finalize_total_1,-2: 7.67 ms (max 7.67)
  road_batch_finalize_total_1,0: 21.52 ms (max 21.52)
  road_collision_create_-1,-1: 12.30 ms (max 30.46)
  road_collision_create_-1,-2: 2.57 ms (max 3.40)
  road_collision_create_-1,-3: 6.40 ms (max 15.29)
  road_collision_create_-1,0: 12.90 ms (max 23.62)
  road_collision_create_-2,-1: 8.05 ms (max 18.66)
  road_collision_create_-2,-2: 10.42 ms (max 18.25)
  road_collision_create_-2,0: 12.32 ms (max 21.55)
  road_collision_create_-3,-1: 12.21 ms (max 23.07)
  road_collision_create_-3,-2: 7.36 ms (max 13.27)
  road_collision_create_-3,0: 12.53 ms (max 19.73)
  road_collision_create_0,-1: 8.33 ms (max 19.70)
  road_collision_create_0,-2: 7.60 ms (max 16.02)
  road_collision_create_0,-3: 8.58 ms (max 19.82)
  road_collision_create_0,0: 6.99 ms (max 17.84)
  road_collision_create_0,1: 23.51 ms (max 23.51)
  road_collision_create_1,-1: 9.61 ms (max 24.76)
  road_collision_create_1,-2: 3.63 ms (max 4.87)
  road_collision_create_1,0: 21.23 ms (max 21.23)
===========================

=== PERFORMANCE METRICS ===
FPS: 47 | Frame: 23.3 ms (max 52.6) | Physics: 16.7 ms (max 45.8)
Godot Process: 15.57 ms | Physics: 6.24 ms
Objects: 41016 | Nodes: 16915 | Resources: 536
Draw calls: 2794 | Vertices: 7523703 | VRAM: 729.2 MB
Physics bodies: 285 | Collision pairs: 3254
===========================
⚡ FRAME SPIKE #437: 34.9 ms at 24.0s (Draw: 2785, Bodies: 286)
⚡ FRAME SPIKE #438: 30.3 ms at 24.0s (Draw: 2783, Bodies: 287)
⚡ FRAME SPIKE #439: 27.5 ms at 24.1s (Draw: 2787, Bodies: 287)
⚡ FRAME SPIKE #440: 27.3 ms at 24.1s (Draw: 2790, Bodies: 288)
🚗 Traffic: 21 active NPCs (Near: 6, Mid: 9, Far: 6), 10 pooled
  → Physics bodies from NPCs: 21 (All: 21×1, было бы 21×5=105)

========== Bottleneck Analysis Report ==========
Time: 34.6s | Frames: 1163

📊 PERFORMANCE OVERVIEW:
  FPS: 49.6 avg | 44.0 min
  Frame Time: 16.50 ms avg | 18.09 ms max
  Physics Time: 6.75 ms avg

🔍 BOTTLENECK IDENTIFICATION:
  🟠 [HIGH] Physics Bodies
      Value: 280 active bodies
      Impact: Physics engine load
      Suggestions:
        • Reduce NPC count
        • Convert distant NPCs to kinematic
        • Disable physics for far objects

  🟡 [MEDIUM] Physics Time
      Value: 6.75 ms
      Impact: Physics simulation overhead
      Suggestions:
        • Reduce number of active physics bodies
        • Simplify collision shapes
        • Disable physics for distant objects

  🟡 [MEDIUM] Draw Calls
      Value: 2850 calls/frame
      Impact: GPU rendering overhead
      Suggestions:
        • Batch meshes by material
        • Use MultiMeshInstance3D
        • Implement LOD system
        • Enable frustum culling

  🟡 [MEDIUM] Vertex Count
      Value: 7475797 vertices/frame
      Impact: GPU vertex processing
      Suggestions:
        • Implement LOD for distant objects
        • Simplify building meshes
        • Use lower poly models

  🟡 [MEDIUM] Node Count
      Value: 17197 nodes
      Impact: Scene tree traversal overhead
      Suggestions:
        • Unload distant chunks
        • Pool and reuse nodes
        • Flatten hierarchy where possible

  🟡 [MEDIUM] Post-Processing Effects
      Value: SSAO, Glow/Bloom, Volumetric Fog
      Impact: GPU shader overhead
      Suggestions:
        • Reduce SSR quality
        • Disable SSAO on low-end hardware
        • Use simpler fog

📈 DETAILED STATS:
  Draw Calls: 2850 avg | 2988 max
  Vertices: 7475797 avg | 7616809 max
  Physics Bodies: 280
  Nodes: 17197
  VRAM: 729.4 MB

=================================================

⚡ FRAME SPIKE #441: 29.0 ms at 24.1s (Draw: 2788, Bodies: 289)
⚡ FRAME SPIKE #442: 27.3 ms at 24.2s (Draw: 2794, Bodies: 291)
OSM: 🌙 NIGHT Window batch -3,-2 | night_mgr: CACHED | is_night value: true
OSM: ✅ Finalized window batch -3,-2: 2464 windows (was 2464 draw calls before batching)
⚡ FRAME SPIKE #443: 25.7 ms at 24.6s (Draw: 3744, Bodies: 297)
⚡ FRAME SPIKE #444: 28.1 ms at 24.7s (Draw: 3735, Bodies: 297)
⚡ FRAME SPIKE #445: 26.2 ms at 24.8s (Draw: 3730, Bodies: 297)
⚡ FRAME SPIKE #446: 29.0 ms at 24.8s (Draw: 3717, Bodies: 297)
⚡ FRAME SPIKE #447: 28.0 ms at 24.8s (Draw: 3714, Bodies: 297)
⚡ FRAME SPIKE #448: 25.8 ms at 25.0s (Draw: 3702, Bodies: 296)

========== PERFORMANCE METRICS ==========
Frames: 600
  total_frame: avg=0.79 ms, median=0.04 ms, max=42.81 ms, calls=600, total=473.6 ms
  road_queue: avg=0.52 ms, median=0.01 ms, max=26.85 ms, calls=600, total=314.5 ms
  road_batch_finalize: avg=24.23 ms, median=25.29 ms, max=26.84 ms, calls=5, total=121.2 ms
  road_create: avg=0.58 ms, median=0.14 ms, max=11.94 ms, calls=175, total=101.7 ms
  curb_mesh: avg=0.12 ms, median=0.00 ms, max=2.65 ms, calls=575, total=71.2 ms
  vegetation_queue: avg=0.07 ms, median=0.00 ms, max=21.82 ms, calls=600, total=43.5 ms
  veg_trees: avg=8.56 ms, median=3.89 ms, max=21.81 ms, calls=5, total=42.8 ms
  infra_queue: avg=0.07 ms, median=0.00 ms, max=0.88 ms, calls=600, total=40.8 ms
  infra_yield_sign: avg=0.42 ms, median=0.41 ms, max=0.75 ms, calls=77, total=32.3 ms
  curb_collisions: avg=0.05 ms, median=0.00 ms, max=1.80 ms, calls=600, total=32.0 ms
  building_results: avg=0.04 ms, median=0.00 ms, max=0.70 ms, calls=600, total=24.0 ms
  building_apply: avg=0.28 ms, median=0.27 ms, max=0.46 ms, calls=61, total=17.1 ms
  terrain_queue: avg=0.01 ms, median=0.00 ms, max=0.41 ms, calls=600, total=5.5 ms
  window_batch_finalize: avg=1.06 ms, median=1.27 ms, max=1.77 ms, calls=4, total=4.2 ms
  curb_smooth: avg=0.04 ms, median=0.03 ms, max=0.20 ms, calls=101, total=4.1 ms
  infra_sort: avg=0.09 ms, median=0.09 ms, max=0.21 ms, calls=42, total=3.7 ms
  building_sort: avg=0.09 ms, median=0.08 ms, max=0.21 ms, calls=40, total=3.6 ms
  infra_traffic_light: avg=0.64 ms, median=0.65 ms, max=0.77 ms, calls=5, total=3.2 ms
  terrain_landuse: avg=0.10 ms, median=0.09 ms, max=0.20 ms, calls=28, total=2.8 ms
  road_sort: avg=0.30 ms, median=0.31 ms, max=0.57 ms, calls=7, total=2.1 ms
  curb_latlon: avg=0.01 ms, median=0.01 ms, max=0.03 ms, calls=101, total=1.3 ms
  terrain_natural: avg=0.11 ms, median=0.11 ms, max=0.15 ms, calls=6, total=0.6 ms
  terrain_sort: avg=0.09 ms, median=0.09 ms, max=0.12 ms, calls=6, total=0.5 ms
  veg_bushes_grass: avg=0.01 ms, median=0.01 ms, max=0.02 ms, calls=5, total=0.1 ms
==========================================


========== DRAW CALL BREAKDOWN ==========
Total tracked draw calls: 1407

  Vegetation  :   690 ( 49.0%) █████████
  Buildings   :   472 ( 33.5%) ██████
  Terrain     :   131 (  9.3%) █
  Roads       :    43 (  3.1%) 
  Lamps       :    30 (  2.1%) 
  Signs       :    26 (  1.8%) 
  Windows     :    15 (  1.1%) 

💡 RECOMMENDATIONS:
  🔴 Buildings: 33.5% of draw calls
     → Implement MultiMeshInstance3D for building base meshes
=========================================

⚡ FRAME SPIKE #449: 25.8 ms at 25.0s (Draw: 3705, Bodies: 296)
⚡ FRAME SPIKE #450: 25.3 ms at 25.0s (Draw: 3688, Bodies: 296)
🚗 Traffic: 21 active NPCs (Near: 5, Mid: 10, Far: 6), 10 pooled
  → Physics bodies from NPCs: 21 (All: 21×1, было бы 21×5=105)

========== Bottleneck Analysis Report ==========
Time: 36.6s | Frames: 1249

📊 PERFORMANCE OVERVIEW:
  FPS: 43.2 avg | 39.0 min
  Frame Time: 24.51 ms avg | 39.62 ms max
  Physics Time: 6.48 ms avg

🔍 BOTTLENECK IDENTIFICATION:
  🟠 [HIGH] Frame Time
      Value: 24.51 ms (target: 16.67 ms)
      Impact: Overall performance bottleneck
      Suggestions:
        • Reduce draw calls
        • Optimize scripts in _process()
        • Check for expensive operations per frame

  🟠 [HIGH] Draw Calls
      Value: 3320 calls/frame
      Impact: GPU rendering overhead
      Suggestions:
        • Batch meshes by material
        • Use MultiMeshInstance3D
        • Implement LOD system
        • Enable frustum culling

  🟠 [HIGH] Physics Bodies
      Value: 292 active bodies
      Impact: Physics engine load
      Suggestions:
        • Reduce NPC count
        • Convert distant NPCs to kinematic
        • Disable physics for far objects

  🟡 [MEDIUM] Physics Time
      Value: 6.48 ms
      Impact: Physics simulation overhead
      Suggestions:
        • Reduce number of active physics bodies
        • Simplify collision shapes
        • Disable physics for distant objects

  🟡 [MEDIUM] Vertex Count
      Value: 7503775 vertices/frame
      Impact: GPU vertex processing
      Suggestions:
        • Implement LOD for distant objects
        • Simplify building meshes
        • Use lower poly models

  🟡 [MEDIUM] Node Count
      Value: 18135 nodes
      Impact: Scene tree traversal overhead
      Suggestions:
        • Unload distant chunks
        • Pool and reuse nodes
        • Flatten hierarchy where possible

  🟡 [MEDIUM] Post-Processing Effects
      Value: SSAO, Glow/Bloom, Volumetric Fog
      Impact: GPU shader overhead
      Suggestions:
        • Reduce SSR quality
        • Disable SSAO on low-end hardware
        • Use simpler fog

📈 DETAILED STATS:
  Draw Calls: 3320 avg | 3775 max
  Vertices: 7503775 avg | 7600297 max
  Physics Bodies: 292
  Nodes: 18135
  VRAM: 730.3 MB

=================================================

OSM: Loading chunk -2,-3 at lat=59.1235, lon=37.8921
OSM: Loaded from cache: osm_v2_59.1235_37.8921_250.json
OSM: Chunk -2,-3 data loaded
OSM: Found 14 POI nodes in chunk
POI_DEBUG: Found 'Аптека+' inside building at local (-584.9, -728.9)
OSM: Generated 36 roads, 41 buildings, 0 trees, 0 signs, 0 lamps, 26 intersections
OSM: Marked chunk '-2,-3' for road batch finalization
OSM: Post-initial chunk loaded, pending_lamps=292
OSM: _create_pending_lamps started, count=292
OSM: DEBUG - First lamp added to chunk -3,-2 batch
OSM: DEBUG - First lamp added to chunk -3,-1 batch
OSM: Created 135 lamps, skipped 157 (added to batches)
OSM: Finalizing 2 lamp batches immediately...
OSM: ✅ Finalized lamp batch -3,-2: 53 lamps (3 MultiMeshes + 53 lights, was 159 draw calls before)
OSM: ✅ Finalized lamp batch -3,-1: 3 lamps (3 MultiMeshes + 3 lights, was 9 draw calls before)
⚡ FRAME SPIKE #451: 61.9 ms at 26.3s (Draw: 3632, Bodies: 298)
OSM: DEBUG _add_road_to_batch - first road for chunk '-2,-3', parent.name='Chunk_-2,-3'
⚠️ SLOW FRAME 13.0ms: building=0.5 road=11.7 terrain=0.3 infra=0.6 veg=0.0 curb=0.0ms
⚡ FRAME SPIKE #452: 53.6 ms at 26.4s (Draw: 3650, Bodies: 299)
⚠️ SLOW FRAME 11.8ms: building=0.4 road=10.7 terrain=0.0 infra=0.6 veg=0.0 curb=0.0ms
⚡ FRAME SPIKE #453: 50.4 ms at 26.4s (Draw: 3586, Bodies: 300)
🔴 FREEZE: road collision shape creation took 11.4 ms for chunk -2,-3 (type: path)
OSM: ✅ Finalized road batch -2,-3/path: 658 vertices, 646 triangles, material: <ImageTexture#-9223371972547704822>
OSM: ✅ Finalized road batch -2,-3/residential: 1996 vertices, 1940 triangles, material: <ImageTexture#-9223371972648368119>
OSM: ✅ Finalized road batch -2,-3/primary: 410 vertices, 406 triangles, material: <ImageTexture#-9223371972749031416>
⚠️ SLOW: road batch finalization took 18.4 ms for chunk -2,-3
⚠️ SLOW FRAME 19.2ms: building=0.4 road=18.5 terrain=0.0 infra=0.3 veg=0.0 curb=0.0ms
⚡ FRAME SPIKE #454: 50.8 ms at 26.5s (Draw: 3560, Bodies: 301)
⚡ FRAME SPIKE #455: 46.0 ms at 26.5s (Draw: 3551, Bodies: 302)
⚡ FRAME SPIKE #456: 39.6 ms at 26.6s (Draw: 3548, Bodies: 303)
⚡ FRAME SPIKE #457: 34.0 ms at 26.6s (Draw: 3538, Bodies: 304)
⚡ FRAME SPIKE #458: 29.0 ms at 26.6s (Draw: 3536, Bodies: 304)
⚡ FRAME SPIKE #459: 25.5 ms at 26.7s (Draw: 3528, Bodies: 305)
⚡ FRAME SPIKE #460: 29.6 ms at 26.7s (Draw: 3486, Bodies: 306)
⚡ FRAME SPIKE #461: 28.9 ms at 26.7s (Draw: 3430, Bodies: 307)
⚡ FRAME SPIKE #462: 28.4 ms at 26.8s (Draw: 3390, Bodies: 308)
⚡ FRAME SPIKE #463: 27.8 ms at 26.8s (Draw: 3381, Bodies: 310)
⚡ FRAME SPIKE #464: 25.3 ms at 26.8s (Draw: 3372, Bodies: 311)
⚡ FRAME SPIKE #465: 27.8 ms at 26.9s (Draw: 3371, Bodies: 312)
⚡ FRAME SPIKE #466: 27.8 ms at 26.9s (Draw: 3374, Bodies: 313)
⚡ FRAME SPIKE #467: 27.8 ms at 26.9s (Draw: 3377, Bodies: 313)
⚡ FRAME SPIKE #468: 27.8 ms at 26.9s (Draw: 3380, Bodies: 314)
⚡ FRAME SPIKE #469: 27.8 ms at 27.0s (Draw: 3382, Bodies: 315)
⚡ FRAME SPIKE #470: 27.8 ms at 27.0s (Draw: 3384, Bodies: 316)
⚡ FRAME SPIKE #471: 27.8 ms at 27.0s (Draw: 3386, Bodies: 317)
⚡ FRAME SPIKE #472: 27.3 ms at 27.1s (Draw: 3395, Bodies: 318)
⚡ FRAME SPIKE #473: 27.3 ms at 27.1s (Draw: 3394, Bodies: 319)
⚡ FRAME SPIKE #474: 27.3 ms at 27.1s (Draw: 3393, Bodies: 320)
⚡ FRAME SPIKE #475: 27.3 ms at 27.1s (Draw: 3387, Bodies: 321)
⚡ FRAME SPIKE #476: 27.3 ms at 27.2s (Draw: 3381, Bodies: 321)
⚡ FRAME SPIKE #477: 27.3 ms at 27.2s (Draw: 3362, Bodies: 321)
⚡ FRAME SPIKE #478: 25.0 ms at 27.2s (Draw: 3342, Bodies: 321)
⚡ FRAME SPIKE #479: 27.9 ms at 27.2s (Draw: 3327, Bodies: 321)
⚡ FRAME SPIKE #480: 27.3 ms at 27.3s (Draw: 3294, Bodies: 321)
OSM: 🌙 NIGHT Window batch -2,-3 | night_mgr: CACHED | is_night value: true
OSM: ✅ Finalized window batch -2,-3: 5141 windows (was 5141 draw calls before batching)
OSM: 🌙 NIGHT Window batch -2,-3 | night_mgr: CACHED | is_night value: true
OSM: ✅ Finalized window batch -2,-3: 200 windows (was 200 draw calls before batching)
🚗 Traffic: 18 active NPCs (Near: 3, Mid: 8, Far: 7), 13 pooled
  → Physics bodies from NPCs: 18 (All: 18×1, было бы 18×5=90)

========== Bottleneck Analysis Report ==========
Time: 38.6s | Frames: 1325

📊 PERFORMANCE OVERVIEW:
  FPS: 38.7 avg | 36.0 min
  Frame Time: 33.47 ms avg | 55.86 ms max
  Physics Time: 6.77 ms avg

🔍 BOTTLENECK IDENTIFICATION:
  🔴 [CRITICAL] Frame Time
      Value: 33.47 ms (target: 16.67 ms)
      Impact: Overall performance bottleneck
      Suggestions:
        • Reduce draw calls
        • Optimize scripts in _process()
        • Check for expensive operations per frame

  🟠 [HIGH] Draw Calls
      Value: 3467 calls/frame
      Impact: GPU rendering overhead
      Suggestions:
        • Batch meshes by material
        • Use MultiMeshInstance3D
        • Implement LOD system
        • Enable frustum culling

  🟠 [HIGH] Physics Bodies
      Value: 308 active bodies
      Impact: Physics engine load
      Suggestions:
        • Reduce NPC count
        • Convert distant NPCs to kinematic
        • Disable physics for far objects

  🟡 [MEDIUM] Physics Time
      Value: 6.77 ms
      Impact: Physics simulation overhead
      Suggestions:
        • Reduce number of active physics bodies
        • Simplify collision shapes
        • Disable physics for distant objects

  🟡 [MEDIUM] Vertex Count
      Value: 7817835 vertices/frame
      Impact: GPU vertex processing
      Suggestions:
        • Implement LOD for distant objects
        • Simplify building meshes
        • Use lower poly models

  🟡 [MEDIUM] Node Count
      Value: 19585 nodes
      Impact: Scene tree traversal overhead
      Suggestions:
        • Unload distant chunks
        • Pool and reuse nodes
        • Flatten hierarchy where possible

  🟡 [MEDIUM] Post-Processing Effects
      Value: SSAO, Glow/Bloom, Volumetric Fog
      Impact: GPU shader overhead
      Suggestions:
        • Reduce SSR quality
        • Disable SSAO on low-end hardware
        • Use simpler fog

📈 DETAILED STATS:
  Draw Calls: 3467 avg | 3757 max
  Vertices: 7817835 avg | 8482272 max
  Physics Bodies: 308
  Nodes: 19585
  VRAM: 732.3 MB

=================================================

⚡ FRAME SPIKE #481: 27.6 ms at 28.7s (Draw: 3903, Bodies: 322)
⚡ FRAME SPIKE #482: 28.0 ms at 28.7s (Draw: 3879, Bodies: 322)
⚡ FRAME SPIKE #483: 26.3 ms at 28.8s (Draw: 3861, Bodies: 322)
⚡ FRAME SPIKE #484: 27.7 ms at 28.8s (Draw: 3847, Bodies: 322)
⚡ FRAME SPIKE #485: 28.3 ms at 28.9s (Draw: 3851, Bodies: 322)
⚡ FRAME SPIKE #486: 25.8 ms at 28.9s (Draw: 3845, Bodies: 322)
⚡ FRAME SPIKE #487: 25.8 ms at 28.9s (Draw: 3846, Bodies: 322)
⚡ FRAME SPIKE #488: 25.8 ms at 29.0s (Draw: 3827, Bodies: 322)
⚡ FRAME SPIKE #489: 25.8 ms at 29.0s (Draw: 3824, Bodies: 322)

=== PERFORMANCE METRICS ===
FPS: 45 | Frame: 24.0 ms (max 61.9) | Physics: 16.6 ms (max 61.7)
Godot Process: 18.67 ms | Physics: 6.68 ms
Objects: 47034 | Nodes: 19585 | Resources: 536
Draw calls: 3824 | Vertices: 8265469 | VRAM: 732.3 MB
Physics bodies: 322 | Collision pairs: 4081
--- System Times ---
  road_batch_finalize_total_-1,-1: 37.67 ms (max 37.67)
  road_batch_finalize_total_-1,-2: 5.66 ms (max 5.66)
  road_batch_finalize_total_-1,-3: 19.93 ms (max 19.93)
  road_batch_finalize_total_-1,0: 26.30 ms (max 26.30)
  road_batch_finalize_total_-2,-1: 24.83 ms (max 24.83)
  road_batch_finalize_total_-2,-2: 21.50 ms (max 21.50)
  road_batch_finalize_total_-2,-3: 18.42 ms (max 18.42)
  road_batch_finalize_total_-2,0: 25.21 ms (max 25.21)
  road_batch_finalize_total_-3,-1: 25.26 ms (max 25.26)
  road_batch_finalize_total_-3,-2: 23.07 ms (max 23.07)
  road_batch_finalize_total_-3,0: 25.95 ms (max 25.95)
  road_batch_finalize_total_0,-1: 25.66 ms (max 25.66)
  road_batch_finalize_total_0,-2: 23.65 ms (max 23.65)
  road_batch_finalize_total_0,-3: 26.79 ms (max 26.79)
  road_batch_finalize_total_0,0: 21.70 ms (max 21.70)
  road_batch_finalize_total_0,1: 23.77 ms (max 23.77)
  road_batch_finalize_total_1,-1: 29.52 ms (max 29.52)
  road_batch_finalize_total_1,-2: 7.67 ms (max 7.67)
  road_batch_finalize_total_1,0: 21.52 ms (max 21.52)
  road_collision_create_-1,-1: 12.30 ms (max 30.46)
  road_collision_create_-1,-2: 2.57 ms (max 3.40)
  road_collision_create_-1,-3: 6.40 ms (max 15.29)
  road_collision_create_-1,0: 12.90 ms (max 23.62)
  road_collision_create_-2,-1: 8.05 ms (max 18.66)
  road_collision_create_-2,-2: 10.42 ms (max 18.25)
  road_collision_create_-2,-3: 5.82 ms (max 11.37)
  road_collision_create_-2,0: 12.32 ms (max 21.55)
  road_collision_create_-3,-1: 12.21 ms (max 23.07)
  road_collision_create_-3,-2: 7.36 ms (max 13.27)
  road_collision_create_-3,0: 12.53 ms (max 19.73)
  road_collision_create_0,-1: 8.33 ms (max 19.70)
  road_collision_create_0,-2: 7.60 ms (max 16.02)
  road_collision_create_0,-3: 8.58 ms (max 19.82)
  road_collision_create_0,0: 6.99 ms (max 17.84)
  road_collision_create_0,1: 23.51 ms (max 23.51)
  road_collision_create_1,-1: 9.61 ms (max 24.76)
  road_collision_create_1,-2: 3.63 ms (max 4.87)
  road_collision_create_1,0: 21.23 ms (max 21.23)
===========================

=== PERFORMANCE METRICS ===
FPS: 45 | Frame: 24.0 ms (max 61.9) | Physics: 16.6 ms (max 61.9)
Godot Process: 18.67 ms | Physics: 6.68 ms
Objects: 47034 | Nodes: 19585 | Resources: 536
Draw calls: 3824 | Vertices: 8265469 | VRAM: 732.3 MB
Physics bodies: 322 | Collision pairs: 4081
===========================
⚡ FRAME SPIKE #490: 25.3 ms at 29.0s (Draw: 3806, Bodies: 322)
⚡ FRAME SPIKE #491: 25.8 ms at 29.0s (Draw: 3795, Bodies: 322)
⚡ FRAME SPIKE #492: 25.8 ms at 29.1s (Draw: 3770, Bodies: 322)
⚡ FRAME SPIKE #493: 25.8 ms at 29.1s (Draw: 4047, Bodies: 322)
⚡ FRAME SPIKE #494: 25.8 ms at 29.1s (Draw: 4028, Bodies: 322)
⚡ FRAME SPIKE #495: 25.8 ms at 29.2s (Draw: 4013, Bodies: 322)
⚡ FRAME SPIKE #496: 25.8 ms at 29.2s (Draw: 4001, Bodies: 322)
⚡ FRAME SPIKE #497: 25.8 ms at 29.2s (Draw: 3990, Bodies: 322)
⚡ FRAME SPIKE #498: 25.8 ms at 29.2s (Draw: 3973, Bodies: 322)
⚡ FRAME SPIKE #499: 25.8 ms at 29.3s (Draw: 3963, Bodies: 322)
⚡ FRAME SPIKE #500: 25.8 ms at 29.3s (Draw: 3955, Bodies: 322)
⚡ FRAME SPIKE #501: 25.8 ms at 29.3s (Draw: 3946, Bodies: 322)
⚡ FRAME SPIKE #502: 25.8 ms at 29.3s (Draw: 3607, Bodies: 322)
⚡ FRAME SPIKE #503: 25.6 ms at 29.4s (Draw: 3593, Bodies: 322)
⚡ FRAME SPIKE #504: 25.8 ms at 29.4s (Draw: 3572, Bodies: 322)
⚡ FRAME SPIKE #505: 25.8 ms at 29.4s (Draw: 3566, Bodies: 322)
⚡ FRAME SPIKE #506: 25.4 ms at 29.5s (Draw: 3548, Bodies: 322)
🚗 Traffic: 21 active NPCs (Near: 4, Mid: 9, Far: 8), 10 pooled
  → Physics bodies from NPCs: 21 (All: 21×1, было бы 21×5=105)

========== Bottleneck Analysis Report ==========
Time: 40.6s | Frames: 1408

📊 PERFORMANCE OVERVIEW:
  FPS: 40.5 avg | 36.0 min
  Frame Time: 22.03 ms avg | 55.86 ms max
  Physics Time: 6.96 ms avg

🔍 BOTTLENECK IDENTIFICATION:
  🟠 [HIGH] Frame Time
      Value: 22.03 ms (target: 16.67 ms)
      Impact: Overall performance bottleneck
      Suggestions:
        • Reduce draw calls
        • Optimize scripts in _process()
        • Check for expensive operations per frame

  🟠 [HIGH] Draw Calls
      Value: 3495 calls/frame
      Impact: GPU rendering overhead
      Suggestions:
        • Batch meshes by material
        • Use MultiMeshInstance3D
        • Implement LOD system
        • Enable frustum culling

  🟠 [HIGH] Physics Bodies
      Value: 321 active bodies
      Impact: Physics engine load
      Suggestions:
        • Reduce NPC count
        • Convert distant NPCs to kinematic
        • Disable physics for far objects

  🟡 [MEDIUM] Physics Time
      Value: 6.96 ms
      Impact: Physics simulation overhead
      Suggestions:
        • Reduce number of active physics bodies
        • Simplify collision shapes
        • Disable physics for distant objects

  🟡 [MEDIUM] Vertex Count
      Value: 8058393 vertices/frame
      Impact: GPU vertex processing
      Suggestions:
        • Implement LOD for distant objects
        • Simplify building meshes
        • Use lower poly models

  🟡 [MEDIUM] Node Count
      Value: 19585 nodes
      Impact: Scene tree traversal overhead
      Suggestions:
        • Unload distant chunks
        • Pool and reuse nodes
        • Flatten hierarchy where possible

  🟡 [MEDIUM] Post-Processing Effects
      Value: SSAO, Glow/Bloom, Volumetric Fog
      Impact: GPU shader overhead
      Suggestions:
        • Reduce SSR quality
        • Disable SSAO on low-end hardware
        • Use simpler fog

📈 DETAILED STATS:
  Draw Calls: 3495 avg | 4047 max
  Vertices: 8058393 avg | 8408879 max
  Physics Bodies: 321
  Nodes: 19585
  VRAM: 732.3 MB

=================================================

⚡ FRAME SPIKE #507: 25.9 ms at 30.6s (Draw: 3584, Bodies: 324)
🚗 Traffic: 20 active NPCs (Near: 6, Mid: 9, Far: 5), 11 pooled
  → Physics bodies from NPCs: 20 (All: 20×1, было бы 20×5=100)

========== Bottleneck Analysis Report ==========
Time: 42.6s | Frames: 1495

📊 PERFORMANCE OVERVIEW:
  FPS: 41.4 avg | 40.0 min
  Frame Time: 16.96 ms avg | 18.67 ms max
  Physics Time: 7.02 ms avg

🔍 BOTTLENECK IDENTIFICATION:
  🟠 [HIGH] Frame Time
      Value: 16.96 ms (target: 16.67 ms)
      Impact: Overall performance bottleneck
      Suggestions:
        • Reduce draw calls
        • Optimize scripts in _process()
        • Check for expensive operations per frame

  🟠 [HIGH] Draw Calls
      Value: 3379 calls/frame
      Impact: GPU rendering overhead
      Suggestions:
        • Batch meshes by material
        • Use MultiMeshInstance3D
        • Implement LOD system
        • Enable frustum culling

  🟠 [HIGH] Physics Bodies
      Value: 323 active bodies
      Impact: Physics engine load
      Suggestions:
        • Reduce NPC count
        • Convert distant NPCs to kinematic
        • Disable physics for far objects

  🟡 [MEDIUM] Physics Time
      Value: 7.02 ms
      Impact: Physics simulation overhead
      Suggestions:
        • Reduce number of active physics bodies
        • Simplify collision shapes
        • Disable physics for distant objects

  🟡 [MEDIUM] Vertex Count
      Value: 7975865 vertices/frame
      Impact: GPU vertex processing
      Suggestions:
        • Implement LOD for distant objects
        • Simplify building meshes
        • Use lower poly models

  🟡 [MEDIUM] Node Count
      Value: 19585 nodes
      Impact: Scene tree traversal overhead
      Suggestions:
        • Unload distant chunks
        • Pool and reuse nodes
        • Flatten hierarchy where possible

  🟡 [MEDIUM] Post-Processing Effects
      Value: SSAO, Glow/Bloom, Volumetric Fog
      Impact: GPU shader overhead
      Suggestions:
        • Reduce SSR quality
        • Disable SSAO on low-end hardware
        • Use simpler fog

📈 DETAILED STATS:
  Draw Calls: 3379 avg | 3877 max
  Vertices: 7975865 avg | 8260323 max
  Physics Bodies: 323
  Nodes: 19585
  VRAM: 732.3 MB

=================================================


=== PERFORMANCE METRICS ===
FPS: 47 | Frame: 23.0 ms (max 28.3) | Physics: 16.6 ms (max 25.1)
Godot Process: 18.83 ms | Physics: 6.69 ms
Objects: 47033 | Nodes: 19585 | Resources: 536
Draw calls: 3264 | Vertices: 7571871 | VRAM: 732.3 MB
Physics bodies: 321 | Collision pairs: 4121
--- System Times ---
  road_batch_finalize_total_-1,-1: 37.67 ms (max 37.67)
  road_batch_finalize_total_-1,-2: 5.66 ms (max 5.66)
  road_batch_finalize_total_-1,-3: 19.93 ms (max 19.93)
  road_batch_finalize_total_-1,0: 26.30 ms (max 26.30)
  road_batch_finalize_total_-2,-1: 24.83 ms (max 24.83)
  road_batch_finalize_total_-2,-2: 21.50 ms (max 21.50)
  road_batch_finalize_total_-2,-3: 18.42 ms (max 18.42)
  road_batch_finalize_total_-2,0: 25.21 ms (max 25.21)
  road_batch_finalize_total_-3,-1: 25.26 ms (max 25.26)
  road_batch_finalize_total_-3,-2: 23.07 ms (max 23.07)
  road_batch_finalize_total_-3,0: 25.95 ms (max 25.95)
  road_batch_finalize_total_0,-1: 25.66 ms (max 25.66)
  road_batch_finalize_total_0,-2: 23.65 ms (max 23.65)
  road_batch_finalize_total_0,-3: 26.79 ms (max 26.79)
  road_batch_finalize_total_0,0: 21.70 ms (max 21.70)
  road_batch_finalize_total_0,1: 23.77 ms (max 23.77)
  road_batch_finalize_total_1,-1: 29.52 ms (max 29.52)
  road_batch_finalize_total_1,-2: 7.67 ms (max 7.67)
  road_batch_finalize_total_1,0: 21.52 ms (max 21.52)
  road_collision_create_-1,-1: 12.30 ms (max 30.46)
  road_collision_create_-1,-2: 2.57 ms (max 3.40)
  road_collision_create_-1,-3: 6.40 ms (max 15.29)
  road_collision_create_-1,0: 12.90 ms (max 23.62)
  road_collision_create_-2,-1: 8.05 ms (max 18.66)
  road_collision_create_-2,-2: 10.42 ms (max 18.25)
  road_collision_create_-2,-3: 5.82 ms (max 11.37)
  road_collision_create_-2,0: 12.32 ms (max 21.55)
  road_collision_create_-3,-1: 12.21 ms (max 23.07)
  road_collision_create_-3,-2: 7.36 ms (max 13.27)
  road_collision_create_-3,0: 12.53 ms (max 19.73)
  road_collision_create_0,-1: 8.33 ms (max 19.70)
  road_collision_create_0,-2: 7.60 ms (max 16.02)
  road_collision_create_0,-3: 8.58 ms (max 19.82)
  road_collision_create_0,0: 6.99 ms (max 17.84)
  road_collision_create_0,1: 23.51 ms (max 23.51)
  road_collision_create_1,-1: 9.61 ms (max 24.76)
  road_collision_create_1,-2: 3.63 ms (max 4.87)
  road_collision_create_1,0: 21.23 ms (max 21.23)
===========================

=== PERFORMANCE METRICS ===
FPS: 47 | Frame: 23.0 ms (max 28.3) | Physics: 16.6 ms (max 25.2)
Godot Process: 18.83 ms | Physics: 6.69 ms
Objects: 47033 | Nodes: 19585 | Resources: 536
Draw calls: 3264 | Vertices: 7571871 | VRAM: 732.3 MB
Physics bodies: 321 | Collision pairs: 4121
===========================
🚗 Traffic: 18 active NPCs (Near: 8, Mid: 6, Far: 4), 13 pooled
  → Physics bodies from NPCs: 18 (All: 18×1, было бы 18×5=90)

========== Bottleneck Analysis Report ==========
Time: 44.6s | Frames: 1588

📊 PERFORMANCE OVERVIEW:
  FPS: 44.7 avg | 43.0 min
  Frame Time: 16.12 ms avg | 18.83 ms max
  Physics Time: 6.97 ms avg

🔍 BOTTLENECK IDENTIFICATION:
  🟠 [HIGH] Draw Calls
      Value: 3137 calls/frame
      Impact: GPU rendering overhead
      Suggestions:
        • Batch meshes by material
        • Use MultiMeshInstance3D
        • Implement LOD system
        • Enable frustum culling

  🟠 [HIGH] Physics Bodies
      Value: 321 active bodies
      Impact: Physics engine load
      Suggestions:
        • Reduce NPC count
        • Convert distant NPCs to kinematic
        • Disable physics for far objects

  🟡 [MEDIUM] Physics Time
      Value: 6.97 ms
      Impact: Physics simulation overhead
      Suggestions:
        • Reduce number of active physics bodies
        • Simplify collision shapes
        • Disable physics for distant objects

  🟡 [MEDIUM] Vertex Count
      Value: 7740541 vertices/frame
      Impact: GPU vertex processing
      Suggestions:
        • Implement LOD for distant objects
        • Simplify building meshes
        • Use lower poly models

  🟡 [MEDIUM] Node Count
      Value: 19585 nodes
      Impact: Scene tree traversal overhead
      Suggestions:
        • Unload distant chunks
        • Pool and reuse nodes
        • Flatten hierarchy where possible

  🟡 [MEDIUM] Post-Processing Effects
      Value: SSAO, Glow/Bloom, Volumetric Fog
      Impact: GPU shader overhead
      Suggestions:
        • Reduce SSR quality
        • Disable SSAO on low-end hardware
        • Use simpler fog

📈 DETAILED STATS:
  Draw Calls: 3137 avg | 3618 max
  Vertices: 7740541 avg | 7880082 max
  Physics Bodies: 321
  Nodes: 19585
  VRAM: 732.3 MB

=================================================

🚗 Traffic: 19 active NPCs (Near: 9, Mid: 6, Far: 4), 12 pooled
  → Physics bodies from NPCs: 19 (All: 19×1, было бы 19×5=95)

========== Bottleneck Analysis Report ==========
Time: 46.7s | Frames: 1681

📊 PERFORMANCE OVERVIEW:
  FPS: 46.2 avg | 45.0 min
  Frame Time: 17.31 ms avg | 18.83 ms max
  Physics Time: 6.64 ms avg

🔍 BOTTLENECK IDENTIFICATION:
  🟠 [HIGH] Frame Time
      Value: 17.31 ms (target: 16.67 ms)
      Impact: Overall performance bottleneck
      Suggestions:
        • Reduce draw calls
        • Optimize scripts in _process()
        • Check for expensive operations per frame

  🟠 [HIGH] Draw Calls
      Value: 3273 calls/frame
      Impact: GPU rendering overhead
      Suggestions:
        • Batch meshes by material
        • Use MultiMeshInstance3D
        • Implement LOD system
        • Enable frustum culling

  🟠 [HIGH] Physics Bodies
      Value: 320 active bodies
      Impact: Physics engine load
      Suggestions:
        • Reduce NPC count
        • Convert distant NPCs to kinematic
        • Disable physics for far objects

  🟡 [MEDIUM] Physics Time
      Value: 6.64 ms
      Impact: Physics simulation overhead
      Suggestions:
        • Reduce number of active physics bodies
        • Simplify collision shapes
        • Disable physics for distant objects

  🟡 [MEDIUM] Vertex Count
      Value: 7442688 vertices/frame
      Impact: GPU vertex processing
      Suggestions:
        • Implement LOD for distant objects
        • Simplify building meshes
        • Use lower poly models

  🟡 [MEDIUM] Node Count
      Value: 19585 nodes
      Impact: Scene tree traversal overhead
      Suggestions:
        • Unload distant chunks
        • Pool and reuse nodes
        • Flatten hierarchy where possible

  🟡 [MEDIUM] Post-Processing Effects
      Value: SSAO, Glow/Bloom, Volumetric Fog
      Impact: GPU shader overhead
      Suggestions:
        • Reduce SSR quality
        • Disable SSAO on low-end hardware
        • Use simpler fog

📈 DETAILED STATS:
  Draw Calls: 3273 avg | 3618 max
  Vertices: 7442688 avg | 7837840 max
  Physics Bodies: 320
  Nodes: 19585
  VRAM: 732.3 MB

=================================================

⚡ FRAME SPIKE #508: 28.2 ms at 36.9s (Draw: 3756, Bodies: 322)
⚡ FRAME SPIKE #509: 26.6 ms at 37.0s (Draw: 3816, Bodies: 322)
⚡ FRAME SPIKE #510: 28.3 ms at 37.0s (Draw: 3846, Bodies: 322)
⚡ FRAME SPIKE #511: 27.1 ms at 37.1s (Draw: 3727, Bodies: 322)
OSM: Loading chunk -4,-1 at lat=59.1181, lon=37.8816
OSM: Loaded from cache: osm_v2_59.1181_37.8816_250.json
OSM: Loading chunk -3,1 at lat=59.1126, lon=37.8868
OSM: Loaded from cache: osm_v2_59.1126_37.8868_250.json
OSM: Chunk -4,-1 data loaded
OSM: Found 1 POI nodes in chunk
OSM: Generated 7 roads, 10 buildings, 0 trees, 0 signs, 0 lamps, 4 intersections
OSM: Marked chunk '-4,-1' for road batch finalization
OSM: Post-initial chunk loaded, pending_lamps=172
OSM: _create_pending_lamps started, count=172
OSM: DEBUG - First lamp added to chunk -2,-3 batch
OSM: Created 107 lamps, skipped 65 (added to batches)
OSM: Finalizing 1 lamp batches immediately...
OSM: ✅ Finalized lamp batch -2,-3: 38 lamps (3 MultiMeshes + 38 lights, was 114 draw calls before)
OSM: Chunk -3,1 data loaded
OSM: Generated 0 roads, 0 buildings, 0 trees, 0 signs, 0 lamps, 0 intersections
OSM: Marked chunk '-3,1' for road batch finalization
OSM: Post-initial chunk loaded, pending_lamps=0
OSM: _create_pending_lamps started, count=0
OSM: No pending lamps
OSM: DEBUG _add_road_to_batch - first road for chunk '-4,-1', parent.name='Chunk_-4,-1'
⚡ FRAME SPIKE #512: 31.5 ms at 37.6s (Draw: 3357, Bodies: 323)
🔴 FREEZE: road collision shape creation took 7.6 ms for chunk -4,-1 (type: residential)
OSM: ✅ Finalized road batch -4,-1/residential: 904 vertices, 892 triangles, material: <ImageTexture#-9223371972648368119>
OSM: ✅ Finalized road batch -4,-1/path: 1292 vertices, 1290 triangles, material: <ImageTexture#-9223371972547704822>
⚠️ SLOW: road batch finalization took 11.0 ms for chunk -4,-1
⚠️ SLOW FRAME 11.7ms: building=0.3 road=11.1 terrain=0.0 infra=0.3 veg=0.0 curb=0.0ms
⚡ FRAME SPIKE #513: 37.1 ms at 37.6s (Draw: 3362, Bodies: 324)
⚡ FRAME SPIKE #514: 30.0 ms at 37.6s (Draw: 3364, Bodies: 325)
⚡ FRAME SPIKE #515: 30.0 ms at 37.7s (Draw: 3628, Bodies: 327)
⚡ FRAME SPIKE #516: 30.0 ms at 37.7s (Draw: 3621, Bodies: 327)
⚡ FRAME SPIKE #517: 29.2 ms at 37.7s (Draw: 3595, Bodies: 327)
⚡ FRAME SPIKE #518: 29.2 ms at 37.7s (Draw: 3567, Bodies: 327)
⚡ FRAME SPIKE #519: 28.7 ms at 37.8s (Draw: 3560, Bodies: 327)
⚡ FRAME SPIKE #520: 29.2 ms at 37.8s (Draw: 3570, Bodies: 327)
OSM: 🌙 NIGHT Window batch -4,-1 | night_mgr: CACHED | is_night value: true
OSM: ✅ Finalized window batch -4,-1: 602 windows (was 602 draw calls before batching)
⚡ FRAME SPIKE #521: 28.9 ms at 37.8s (Draw: 3557, Bodies: 326)
OSM: 🌙 NIGHT Window batch -4,-1 | night_mgr: CACHED | is_night value: true
OSM: ✅ Finalized window batch -4,-1: 60 windows (was 60 draw calls before batching)
⚡ FRAME SPIKE #522: 26.7 ms at 37.9s (Draw: 3517, Bodies: 326)
⚡ FRAME SPIKE #523: 27.3 ms at 37.9s (Draw: 3443, Bodies: 326)
🚗 Traffic: 20 active NPCs (Near: 11, Mid: 5, Far: 4), 11 pooled
  → Physics bodies from NPCs: 20 (All: 20×1, было бы 20×5=100)

========== Bottleneck Analysis Report ==========
Time: 48.7s | Frames: 1771

📊 PERFORMANCE OVERVIEW:
  FPS: 46.1 avg | 45.0 min
  Frame Time: 20.94 ms avg | 34.88 ms max
  Physics Time: 6.84 ms avg

🔍 BOTTLENECK IDENTIFICATION:
  🟠 [HIGH] Frame Time
      Value: 20.94 ms (target: 16.67 ms)
      Impact: Overall performance bottleneck
      Suggestions:
        • Reduce draw calls
        • Optimize scripts in _process()
        • Check for expensive operations per frame

  🟠 [HIGH] Draw Calls
      Value: 3060 calls/frame
      Impact: GPU rendering overhead
      Suggestions:
        • Batch meshes by material
        • Use MultiMeshInstance3D
        • Implement LOD system
        • Enable frustum culling

  🟠 [HIGH] Physics Bodies
      Value: 322 active bodies
      Impact: Physics engine load
      Suggestions:
        • Reduce NPC count
        • Convert distant NPCs to kinematic
        • Disable physics for far objects

  🟡 [MEDIUM] Physics Time
      Value: 6.84 ms
      Impact: Physics simulation overhead
      Suggestions:
        • Reduce number of active physics bodies
        • Simplify collision shapes
        • Disable physics for distant objects

  🟡 [MEDIUM] Vertex Count
      Value: 7084503 vertices/frame
      Impact: GPU vertex processing
      Suggestions:
        • Implement LOD for distant objects
        • Simplify building meshes
        • Use lower poly models

  🟡 [MEDIUM] Node Count
      Value: 20099 nodes
      Impact: Scene tree traversal overhead
      Suggestions:
        • Unload distant chunks
        • Pool and reuse nodes
        • Flatten hierarchy where possible

  🟡 [MEDIUM] Post-Processing Effects
      Value: SSAO, Glow/Bloom, Volumetric Fog
      Impact: GPU shader overhead
      Suggestions:
        • Reduce SSR quality
        • Disable SSAO on low-end hardware
        • Use simpler fog

📈 DETAILED STATS:
  Draw Calls: 3060 avg | 3849 max
  Vertices: 7084503 avg | 7705776 max
  Physics Bodies: 322
  Nodes: 20099
  VRAM: 732.9 MB

=================================================

⚡ FRAME SPIKE #524: 25.2 ms at 38.5s (Draw: 2877, Bodies: 326)

========== PERFORMANCE METRICS ==========
Frames: 600
  total_frame: avg=0.26 ms, median=0.04 ms, max=19.16 ms, calls=600, total=155.9 ms
  road_queue: avg=0.16 ms, median=0.01 ms, max=18.47 ms, calls=600, total=94.9 ms
  road_batch_finalize: avg=14.76 ms, median=18.46 ms, max=18.46 ms, calls=2, total=29.5 ms
  curb_mesh: avg=0.05 ms, median=0.00 ms, max=1.92 ms, calls=590, total=26.6 ms
  road_create: avg=0.62 ms, median=0.16 ms, max=8.45 ms, calls=43, total=26.5 ms
  building_results: avg=0.03 ms, median=0.00 ms, max=0.49 ms, calls=600, total=17.6 ms
  curb_collisions: avg=0.02 ms, median=0.00 ms, max=1.51 ms, calls=600, total=14.8 ms
  infra_queue: avg=0.02 ms, median=0.00 ms, max=0.70 ms, calls=600, total=14.3 ms
  infra_yield_sign: avg=0.45 ms, median=0.45 ms, max=0.69 ms, calls=29, total=13.0 ms
  building_apply: avg=0.29 ms, median=0.28 ms, max=0.47 ms, calls=44, total=12.8 ms
  window_batch_finalize: avg=0.91 ms, median=0.41 ms, max=2.46 ms, calls=4, total=3.6 ms
  building_sort: avg=0.08 ms, median=0.08 ms, max=0.15 ms, calls=24, total=1.9 ms
  curb_smooth: avg=0.04 ms, median=0.03 ms, max=0.14 ms, calls=36, total=1.5 ms
  terrain_queue: avg=0.00 ms, median=0.00 ms, max=0.30 ms, calls=600, total=1.3 ms
  vegetation_queue: avg=0.00 ms, median=0.00 ms, max=0.01 ms, calls=600, total=0.6 ms
  curb_latlon: avg=0.01 ms, median=0.01 ms, max=0.03 ms, calls=36, total=0.5 ms
  infra_sort: avg=0.06 ms, median=0.05 ms, max=0.09 ms, calls=5, total=0.3 ms
  terrain_landuse: avg=0.14 ms, median=0.19 ms, max=0.19 ms, calls=2, total=0.3 ms
  road_sort: avg=0.16 ms, median=0.16 ms, max=0.16 ms, calls=1, total=0.2 ms
==========================================


========== DRAW CALL BREAKDOWN ==========
Total tracked draw calls: 1513

  Vegetation  :   690 ( 45.6%) █████████
  Buildings   :   558 ( 36.9%) ███████
  Terrain     :   133 (  8.8%) █
  Roads       :    48 (  3.2%) 
  Lamps       :    39 (  2.6%) 
  Signs       :    26 (  1.7%) 
  Windows     :    19 (  1.3%) 

💡 RECOMMENDATIONS:
  🔴 Buildings: 36.9% of draw calls
     → Implement MultiMeshInstance3D for building base meshes
=========================================


=== PERFORMANCE METRICS ===
FPS: 46 | Frame: 21.3 ms (max 37.1) | Physics: 16.6 ms (max 41.6)
Godot Process: 24.61 ms | Physics: 7.24 ms
Objects: 48051 | Nodes: 20099 | Resources: 536
Draw calls: 2652 | Vertices: 7538902 | VRAM: 732.9 MB
Physics bodies: 326 | Collision pairs: 4212
--- System Times ---
  road_batch_finalize_total_-1,-1: 37.67 ms (max 37.67)
  road_batch_finalize_total_-1,-2: 5.66 ms (max 5.66)
  road_batch_finalize_total_-1,-3: 19.93 ms (max 19.93)
  road_batch_finalize_total_-1,0: 26.30 ms (max 26.30)
  road_batch_finalize_total_-2,-1: 24.83 ms (max 24.83)
  road_batch_finalize_total_-2,-2: 21.50 ms (max 21.50)
  road_batch_finalize_total_-2,-3: 18.42 ms (max 18.42)
  road_batch_finalize_total_-2,0: 25.21 ms (max 25.21)
  road_batch_finalize_total_-3,-1: 25.26 ms (max 25.26)
  road_batch_finalize_total_-3,-2: 23.07 ms (max 23.07)
  road_batch_finalize_total_-3,0: 25.95 ms (max 25.95)
  road_batch_finalize_total_-4,-1: 11.02 ms (max 11.02)
  road_batch_finalize_total_0,-1: 25.66 ms (max 25.66)
  road_batch_finalize_total_0,-2: 23.65 ms (max 23.65)
  road_batch_finalize_total_0,-3: 26.79 ms (max 26.79)
  road_batch_finalize_total_0,0: 21.70 ms (max 21.70)
  road_batch_finalize_total_0,1: 23.77 ms (max 23.77)
  road_batch_finalize_total_1,-1: 29.52 ms (max 29.52)
  road_batch_finalize_total_1,-2: 7.67 ms (max 7.67)
  road_batch_finalize_total_1,0: 21.52 ms (max 21.52)
  road_collision_create_-1,-1: 12.30 ms (max 30.46)
  road_collision_create_-1,-2: 2.57 ms (max 3.40)
  road_collision_create_-1,-3: 6.40 ms (max 15.29)
  road_collision_create_-1,0: 12.90 ms (max 23.62)
  road_collision_create_-2,-1: 8.05 ms (max 18.66)
  road_collision_create_-2,-2: 10.42 ms (max 18.25)
  road_collision_create_-2,-3: 5.82 ms (max 11.37)
  road_collision_create_-2,0: 12.32 ms (max 21.55)
  road_collision_create_-3,-1: 12.21 ms (max 23.07)
  road_collision_create_-3,-2: 7.36 ms (max 13.27)
  road_collision_create_-3,0: 12.53 ms (max 19.73)
  road_collision_create_-4,-1: 5.22 ms (max 7.57)
  road_collision_create_0,-1: 8.33 ms (max 19.70)
  road_collision_create_0,-2: 7.60 ms (max 16.02)
  road_collision_create_0,-3: 8.58 ms (max 19.82)
  road_collision_create_0,0: 6.99 ms (max 17.84)
  road_collision_create_0,1: 23.51 ms (max 23.51)
  road_collision_create_1,-1: 9.61 ms (max 24.76)
  road_collision_create_1,-2: 3.63 ms (max 4.87)
  road_collision_create_1,0: 21.23 ms (max 21.23)
===========================

=== PERFORMANCE METRICS ===
FPS: 46 | Frame: 21.3 ms (max 37.1) | Physics: 16.6 ms (max 41.6)
Godot Process: 24.61 ms | Physics: 7.24 ms
Objects: 48051 | Nodes: 20099 | Resources: 536
Draw calls: 2652 | Vertices: 7538902 | VRAM: 732.9 MB
Physics bodies: 326 | Collision pairs: 4212
===========================
OSM: Loading chunk -4,0 at lat=59.1153, lon=37.8816
OSM: Loaded from cache: osm_v2_59.1153_37.8816_250.json
OSM: Chunk -4,0 data loaded
OSM: Found 1 POI nodes in chunk
OSM: Generated 3 roads, 10 buildings, 0 trees, 0 signs, 0 lamps, 0 intersections
OSM: Marked chunk '-4,0' for road batch finalization
OSM: Post-initial chunk loaded, pending_lamps=0
OSM: _create_pending_lamps started, count=0
OSM: No pending lamps
OSM: DEBUG _add_road_to_batch - first road for chunk '-4,0', parent.name='Chunk_-4,0'
🔴 FREEZE: road collision shape creation took 9.2 ms for chunk -4,0 (type: residential)
OSM: ✅ Finalized road batch -4,0/residential: 356 vertices, 352 triangles, material: <ImageTexture#-9223371972648368119>
OSM: ✅ Finalized road batch -4,0/path: 1292 vertices, 1290 triangles, material: <ImageTexture#-9223371972547704822>
⚠️ SLOW: road batch finalization took 12.7 ms for chunk -4,0
⚠️ SLOW FRAME 13.1ms: building=0.3 road=12.8 terrain=0.0 infra=0.0 veg=0.0 curb=0.0ms
⚡ FRAME SPIKE #525: 30.0 ms at 40.1s (Draw: 1960, Bodies: 325)
⚡ FRAME SPIKE #526: 33.5 ms at 40.2s (Draw: 1973, Bodies: 325)
🚗 Traffic: 19 active NPCs (Near: 9, Mid: 6, Far: 4), 12 pooled
  → Physics bodies from NPCs: 19 (All: 19×1, было бы 19×5=95)

========== Bottleneck Analysis Report ==========
Time: 50.7s | Frames: 1883

📊 PERFORMANCE OVERVIEW:
  FPS: 49.0 avg | 45.0 min
  Frame Time: 23.88 ms avg | 34.88 ms max
  Physics Time: 7.26 ms avg

🔍 BOTTLENECK IDENTIFICATION:
  🟠 [HIGH] Frame Time
      Value: 23.88 ms (target: 16.67 ms)
      Impact: Overall performance bottleneck
      Suggestions:
        • Reduce draw calls
        • Optimize scripts in _process()
        • Check for expensive operations per frame

  🟠 [HIGH] Physics Bodies
      Value: 325 active bodies
      Impact: Physics engine load
      Suggestions:
        • Reduce NPC count
        • Convert distant NPCs to kinematic
        • Disable physics for far objects

  🟡 [MEDIUM] Physics Time
      Value: 7.26 ms
      Impact: Physics simulation overhead
      Suggestions:
        • Reduce number of active physics bodies
        • Simplify collision shapes
        • Disable physics for distant objects

  🟡 [MEDIUM] Vertex Count
      Value: 7241147 vertices/frame
      Impact: GPU vertex processing
      Suggestions:
        • Implement LOD for distant objects
        • Simplify building meshes
        • Use lower poly models

  🟡 [MEDIUM] Node Count
      Value: 20286 nodes
      Impact: Scene tree traversal overhead
      Suggestions:
        • Unload distant chunks
        • Pool and reuse nodes
        • Flatten hierarchy where possible

  🟡 [MEDIUM] Post-Processing Effects
      Value: SSAO, Glow/Bloom, Volumetric Fog
      Impact: GPU shader overhead
      Suggestions:
        • Reduce SSR quality
        • Disable SSAO on low-end hardware
        • Use simpler fog

📈 DETAILED STATS:
  Draw Calls: 1939 avg | 3108 max
  Vertices: 7241147 avg | 7639290 max
  Physics Bodies: 325
  Nodes: 20286
  VRAM: 733.0 MB

=================================================

⚡ FRAME SPIKE #527: 25.4 ms at 40.2s (Draw: 1972, Bodies: 325)
⚡ FRAME SPIKE #528: 25.9 ms at 40.3s (Draw: 1972, Bodies: 325)
OSM: 🌙 NIGHT Window batch -4,0 | night_mgr: CACHED | is_night value: true
OSM: ✅ Finalized window batch -4,0: 686 windows (was 686 draw calls before batching)
OSM: 🌙 NIGHT Window batch -4,0 | night_mgr: CACHED | is_night value: true
OSM: ✅ Finalized window batch -4,0: 8 windows (was 8 draw calls before batching)
OSM: Loading chunk -4,-2 at lat=59.1208, lon=37.8816
OSM: Loaded from cache: osm_v2_59.1208_37.8816_250.json
OSM: Loading chunk -3,-3 at lat=59.1235, lon=37.8868
OSM: Loaded from cache: osm_v2_59.1235_37.8868_250.json
OSM: Chunk -4,-2 data loaded
OSM: Found 1 entrance nodes in chunk
OSM: Found 1 POI nodes in chunk
POI_DEBUG: Found 'Ozon' inside building at local (-921.6, -523.9)
BusinessSign: Found logo for 'ozon' -> res://textures/brand_logos/ozon.png
OSM: Generated 26 roads, 18 buildings, 0 trees, 0 signs, 0 lamps, 19 intersections
OSM: Marked chunk '-4,-2' for road batch finalization
OSM: Post-initial chunk loaded, pending_lamps=0
OSM: _create_pending_lamps started, count=0
OSM: No pending lamps
OSM: Chunk -3,-3 data loaded
OSM: Found 1 entrance nodes in chunk
OSM: Found 14 POI nodes in chunk
POI_DEBUG: Found 'Отделение лицензионно-разрешительной работы УМВД России по г. Череповцу' inside building at local (-733.7, -929.5)
POI_DEBUG: Found 'Библиотека № 10' inside building at local (-653.6, -864.5)
POI_DEBUG: Found 'Нотно-музыкальная библиотека (№ 11)' inside building at local (-664.9, -867.3)
POI_DEBUG: Found 'Аптека+' inside building at local (-584.9, -728.9)
POI_DEBUG: Found 'Ozon' inside building at local (-655.0, -744.4)
BusinessSign: Found logo for 'ozon' -> res://textures/brand_logos/ozon.png
OSM: Generated 34 roads, 28 buildings, 0 trees, 0 signs, 0 lamps, 27 intersections
OSM: Marked chunk '-3,-3' for road batch finalization
OSM: Post-initial chunk loaded, pending_lamps=0
OSM: _create_pending_lamps started, count=0
OSM: No pending lamps
⚡ FRAME SPIKE #529: 68.4 ms at 41.1s (Draw: 1451, Bodies: 326)
OSM: DEBUG _add_road_to_batch - first road for chunk '-3,-3', parent.name='Chunk_-3,-3'
OSM: DEBUG _add_road_to_batch - first road for chunk '-4,-2', parent.name='Chunk_-4,-2'
⚠️ SLOW FRAME 14.5ms: building=0.6 road=12.9 terrain=0.3 infra=0.6 veg=0.0 curb=0.0ms
⚡ FRAME SPIKE #530: 56.6 ms at 41.1s (Draw: 1470, Bodies: 327)
⚡ FRAME SPIKE #531: 49.4 ms at 41.2s (Draw: 1863, Bodies: 327)
⚠️ SLOW FRAME 14.5ms: building=0.4 road=13.2 terrain=0.2 infra=0.6 veg=0.0 curb=0.0ms
⚡ FRAME SPIKE #532: 44.7 ms at 41.3s (Draw: 1921, Bodies: 328)
⚡ FRAME SPIKE #533: 25.2 ms at 41.3s (Draw: 1933, Bodies: 329)
⚠️ SLOW FRAME 15.0ms: building=0.5 road=13.8 terrain=0.0 infra=0.7 veg=0.0 curb=0.0ms
⚡ FRAME SPIKE #534: 46.7 ms at 41.3s (Draw: 1932, Bodies: 330)
🔴 FREEZE: road collision shape creation took 5.4 ms for chunk -4,-2 (type: primary)
OSM: ✅ Finalized road batch -4,-2/primary: 962 vertices, 958 triangles, material: <ImageTexture#-9223371972749031416>
OSM: ✅ Finalized road batch -4,-2/residential: 1424 vertices, 1388 triangles, material: <ImageTexture#-9223371972648368119>
OSM: ✅ Finalized road batch -4,-2/path: 1404 vertices, 1392 triangles, material: <ImageTexture#-9223371972547704822>
⚠️ SLOW: road batch finalization took 13.5 ms for chunk -4,-2
⚠️ SLOW FRAME 14.3ms: building=0.4 road=13.5 terrain=0.0 infra=0.3 veg=0.0 curb=0.0ms
⚡ FRAME SPIKE #535: 40.0 ms at 41.4s (Draw: 1895, Bodies: 331)
🔴 FREEZE: road collision shape creation took 22.6 ms for chunk -3,-3 (type: path)
OSM: ✅ Finalized road batch -3,-3/path: 462 vertices, 450 triangles, material: <ImageTexture#-9223371972547704822>
OSM: ✅ Finalized road batch -3,-3/residential: 1482 vertices, 1432 triangles, material: <ImageTexture#-9223371972648368119>
OSM: ✅ Finalized road batch -3,-3/primary: 414 vertices, 408 triangles, material: <ImageTexture#-9223371972749031416>
⚠️ SLOW: road batch finalization took 28.6 ms for chunk -3,-3
⚠️ SLOW FRAME 29.4ms: building=0.4 road=28.6 terrain=0.0 infra=0.4 veg=0.0 curb=0.0ms
⚡ FRAME SPIKE #536: 43.3 ms at 41.4s (Draw: 1852, Bodies: 332)
⚡ FRAME SPIKE #537: 40.5 ms at 41.5s (Draw: 1819, Bodies: 333)
⚡ FRAME SPIKE #538: 33.5 ms at 41.5s (Draw: 1837, Bodies: 334)
⚡ FRAME SPIKE #539: 26.1 ms at 41.5s (Draw: 1856, Bodies: 335)
⚡ FRAME SPIKE #540: 27.1 ms at 41.6s (Draw: 1545, Bodies: 336)
OSM: 🌙 NIGHT Window batch -3,-3 | night_mgr: CACHED | is_night value: true
OSM: ✅ Finalized window batch -3,-3: 4579 windows (was 4579 draw calls before batching)
🚗 Traffic: 18 active NPCs (Near: 6, Mid: 9, Far: 3), 13 pooled
  → Physics bodies from NPCs: 18 (All: 18×1, было бы 18×5=90)

========== Bottleneck Analysis Report ==========
Time: 52.7s | Frames: 1974

📊 PERFORMANCE OVERVIEW:
  FPS: 52.6 avg | 44.0 min
  Frame Time: 31.13 ms avg | 61.64 ms max
  Physics Time: 7.20 ms avg

🔍 BOTTLENECK IDENTIFICATION:
  🟠 [HIGH] Frame Time
      Value: 31.13 ms (target: 16.67 ms)
      Impact: Overall performance bottleneck
      Suggestions:
        • Reduce draw calls
        • Optimize scripts in _process()
        • Check for expensive operations per frame

  🟠 [HIGH] Physics Bodies
      Value: 332 active bodies
      Impact: Physics engine load
      Suggestions:
        • Reduce NPC count
        • Convert distant NPCs to kinematic
        • Disable physics for far objects

  🟡 [MEDIUM] Physics Time
      Value: 7.20 ms
      Impact: Physics simulation overhead
      Suggestions:
        • Reduce number of active physics bodies
        • Simplify collision shapes
        • Disable physics for distant objects

  🟡 [MEDIUM] Vertex Count
      Value: 6906610 vertices/frame
      Impact: GPU vertex processing
      Suggestions:
        • Implement LOD for distant objects
        • Simplify building meshes
        • Use lower poly models

  🟡 [MEDIUM] Node Count
      Value: 22290 nodes
      Impact: Scene tree traversal overhead
      Suggestions:
        • Unload distant chunks
        • Pool and reuse nodes
        • Flatten hierarchy where possible

  🟡 [MEDIUM] Post-Processing Effects
      Value: SSAO, Glow/Bloom, Volumetric Fog
      Impact: GPU shader overhead
      Suggestions:
        • Reduce SSR quality
        • Disable SSAO on low-end hardware
        • Use simpler fog

📈 DETAILED STATS:
  Draw Calls: 1620 avg | 2260 max
  Vertices: 6906610 avg | 7453758 max
  Physics Bodies: 332
  Nodes: 22290
  VRAM: 734.9 MB

=================================================

OSM: 🌙 NIGHT Window batch -4,-2 | night_mgr: CACHED | is_night value: true
OSM: ✅ Finalized window batch -4,-2: 3176 windows (was 3176 draw calls before batching)
OSM: Unloaded chunk 1,-2
OSM: Unloaded chunk 0,-3
⚡ FRAME SPIKE #541: 45.7 ms at 43.1s (Draw: 1494, Bodies: 287)
⚡ FRAME SPIKE #542: 45.8 ms at 43.1s (Draw: 1498, Bodies: 287)
⚡ FRAME SPIKE #543: 25.2 ms at 43.2s (Draw: 1502, Bodies: 287)
⚡ FRAME SPIKE #544: 30.7 ms at 43.2s (Draw: 1505, Bodies: 287)
⚡ FRAME SPIKE #545: 25.7 ms at 43.2s (Draw: 1510, Bodies: 287)
OSM: Unloaded chunk 1,1

=== PERFORMANCE METRICS ===
FPS: 53 | Frame: 19.2 ms (max 68.4) | Physics: 16.7 ms (max 68.3)
Godot Process: 42.93 ms | Physics: 8.15 ms
Objects: 48287 | Nodes: 19179 | Resources: 536
Draw calls: 1938 | Vertices: 5380365 | VRAM: 732.9 MB
Physics bodies: 290 | Collision pairs: 4068
--- System Times ---
  road_batch_finalize_total_-1,-1: 37.67 ms (max 37.67)
  road_batch_finalize_total_-1,-2: 5.66 ms (max 5.66)
  road_batch_finalize_total_-1,-3: 19.93 ms (max 19.93)
  road_batch_finalize_total_-1,0: 26.30 ms (max 26.30)
  road_batch_finalize_total_-2,-1: 24.83 ms (max 24.83)
  road_batch_finalize_total_-2,-2: 21.50 ms (max 21.50)
  road_batch_finalize_total_-2,-3: 18.42 ms (max 18.42)
  road_batch_finalize_total_-2,0: 25.21 ms (max 25.21)
  road_batch_finalize_total_-3,-1: 25.26 ms (max 25.26)
  road_batch_finalize_total_-3,-2: 23.07 ms (max 23.07)
  road_batch_finalize_total_-3,-3: 28.56 ms (max 28.56)
  road_batch_finalize_total_-3,0: 25.95 ms (max 25.95)
  road_batch_finalize_total_-4,-1: 11.02 ms (max 11.02)
  road_batch_finalize_total_-4,-2: 13.47 ms (max 13.47)
  road_batch_finalize_total_-4,0: 12.72 ms (max 12.72)
  road_batch_finalize_total_0,-1: 25.66 ms (max 25.66)
  road_batch_finalize_total_0,-2: 23.65 ms (max 23.65)
  road_batch_finalize_total_0,-3: 26.79 ms (max 26.79)
  road_batch_finalize_total_0,0: 21.70 ms (max 21.70)
  road_batch_finalize_total_0,1: 23.77 ms (max 23.77)
  road_batch_finalize_total_1,-1: 29.52 ms (max 29.52)
  road_batch_finalize_total_1,-2: 7.67 ms (max 7.67)
  road_batch_finalize_total_1,0: 21.52 ms (max 21.52)
  road_collision_create_-1,-1: 12.30 ms (max 30.46)
  road_collision_create_-1,-2: 2.57 ms (max 3.40)
  road_collision_create_-1,-3: 6.40 ms (max 15.29)
  road_collision_create_-1,0: 12.90 ms (max 23.62)
  road_collision_create_-2,-1: 8.05 ms (max 18.66)
  road_collision_create_-2,-2: 10.42 ms (max 18.25)
  road_collision_create_-2,-3: 5.82 ms (max 11.37)
  road_collision_create_-2,0: 12.32 ms (max 21.55)
  road_collision_create_-3,-1: 12.21 ms (max 23.07)
  road_collision_create_-3,-2: 7.36 ms (max 13.27)
  road_collision_create_-3,-3: 9.19 ms (max 22.55)
  road_collision_create_-3,0: 12.53 ms (max 19.73)
  road_collision_create_-4,-1: 5.22 ms (max 7.57)
  road_collision_create_-4,-2: 4.19 ms (max 5.37)
  road_collision_create_-4,0: 6.05 ms (max 9.23)
  road_collision_create_0,-1: 8.33 ms (max 19.70)
  road_collision_create_0,-2: 7.60 ms (max 16.02)
  road_collision_create_0,-3: 8.58 ms (max 19.82)
  road_collision_create_0,0: 6.99 ms (max 17.84)
  road_collision_create_0,1: 23.51 ms (max 23.51)
  road_collision_create_1,-1: 9.61 ms (max 24.76)
  road_collision_create_1,-2: 3.63 ms (max 4.87)
  road_collision_create_1,0: 21.23 ms (max 21.23)
===========================

=== PERFORMANCE METRICS ===
FPS: 53 | Frame: 19.2 ms (max 68.4) | Physics: 16.7 ms (max 68.3)
Godot Process: 42.93 ms | Physics: 8.15 ms
Objects: 48287 | Nodes: 19179 | Resources: 536
Draw calls: 1938 | Vertices: 5380365 | VRAM: 732.9 MB
Physics bodies: 290 | Collision pairs: 4068
===========================
🚗 Traffic: 21 active NPCs (Near: 2, Mid: 13, Far: 6), 10 pooled
  → Physics bodies from NPCs: 21 (All: 21×1, было бы 21×5=105)

========== Bottleneck Analysis Report ==========
Time: 54.7s | Frames: 2087

📊 PERFORMANCE OVERVIEW:
  FPS: 48.5 avg | 44.0 min
  Frame Time: 34.72 ms avg | 61.64 ms max
  Physics Time: 7.77 ms avg

🔍 BOTTLENECK IDENTIFICATION:
  🔴 [CRITICAL] Frame Time
      Value: 34.72 ms (target: 16.67 ms)
      Impact: Overall performance bottleneck
      Suggestions:
        • Reduce draw calls
        • Optimize scripts in _process()
        • Check for expensive operations per frame

  🟠 [HIGH] Physics Bodies
      Value: 320 active bodies
      Impact: Physics engine load
      Suggestions:
        • Reduce NPC count
        • Convert distant NPCs to kinematic
        • Disable physics for far objects

  🟡 [MEDIUM] Physics Time
      Value: 7.77 ms
      Impact: Physics simulation overhead
      Suggestions:
        • Reduce number of active physics bodies
        • Simplify collision shapes
        • Disable physics for distant objects

  🟡 [MEDIUM] Vertex Count
      Value: 5877976 vertices/frame
      Impact: GPU vertex processing
      Suggestions:
        • Implement LOD for distant objects
        • Simplify building meshes
        • Use lower poly models

  🟡 [MEDIUM] Node Count
      Value: 19179 nodes
      Impact: Scene tree traversal overhead
      Suggestions:
        • Unload distant chunks
        • Pool and reuse nodes
        • Flatten hierarchy where possible

  🟡 [MEDIUM] Post-Processing Effects
      Value: SSAO, Glow/Bloom, Volumetric Fog
      Impact: GPU shader overhead
      Suggestions:
        • Reduce SSR quality
        • Disable SSAO on low-end hardware
        • Use simpler fog

📈 DETAILED STATS:
  Draw Calls: 1645 avg | 1938 max
  Vertices: 5877976 avg | 6817288 max
  Physics Bodies: 320
  Nodes: 19179
  VRAM: 732.9 MB

=================================================

🚗 Traffic: 21 active NPCs (Near: 0, Mid: 15, Far: 6), 10 pooled
  → Physics bodies from NPCs: 21 (All: 21×1, было бы 21×5=105)

========== Bottleneck Analysis Report ==========
Time: 56.7s | Frames: 2212

📊 PERFORMANCE OVERVIEW:
  FPS: 61.3 avg | 53.0 min
  Frame Time: 17.10 ms avg | 42.93 ms max
  Physics Time: 6.89 ms avg

🔍 BOTTLENECK IDENTIFICATION:
  🟠 [HIGH] Frame Time
      Value: 17.10 ms (target: 16.67 ms)
      Impact: Overall performance bottleneck
      Suggestions:
        • Reduce draw calls
        • Optimize scripts in _process()
        • Check for expensive operations per frame

  🟠 [HIGH] Physics Bodies
      Value: 288 active bodies
      Impact: Physics engine load
      Suggestions:
        • Reduce NPC count
        • Convert distant NPCs to kinematic
        • Disable physics for far objects

  🟡 [MEDIUM] Physics Time
      Value: 6.89 ms
      Impact: Physics simulation overhead
      Suggestions:
        • Reduce number of active physics bodies
        • Simplify collision shapes
        • Disable physics for distant objects

  🟡 [MEDIUM] Vertex Count
      Value: 5256624 vertices/frame
      Impact: GPU vertex processing
      Suggestions:
        • Implement LOD for distant objects
        • Simplify building meshes
        • Use lower poly models

  🟡 [MEDIUM] Node Count
      Value: 19179 nodes
      Impact: Scene tree traversal overhead
      Suggestions:
        • Unload distant chunks
        • Pool and reuse nodes
        • Flatten hierarchy where possible

  🟡 [MEDIUM] Post-Processing Effects
      Value: SSAO, Glow/Bloom, Volumetric Fog
      Impact: GPU shader overhead
      Suggestions:
        • Reduce SSR quality
        • Disable SSAO on low-end hardware
        • Use simpler fog

📈 DETAILED STATS:
  Draw Calls: 1698 avg | 2207 max
  Vertices: 5256624 avg | 5632160 max
  Physics Bodies: 288
  Nodes: 19179
  VRAM: 732.9 MB

=================================================

⚡ PHYSICS SPIKE #1: 10.5 ms at 47.6s (Bodies: 290)
⚡ PHYSICS SPIKE #2: 10.5 ms at 47.6s (Bodies: 290)
⚡ PHYSICS SPIKE #3: 10.5 ms at 47.6s (Bodies: 290)
⚡ PHYSICS SPIKE #4: 10.5 ms at 47.6s (Bodies: 290)
⚡ PHYSICS SPIKE #5: 10.5 ms at 47.6s (Bodies: 290)
⚡ PHYSICS SPIKE #6: 10.5 ms at 47.7s (Bodies: 290)
⚡ PHYSICS SPIKE #7: 10.5 ms at 47.7s (Bodies: 290)
OSM: Unloaded chunk 1,-1
⚡ PHYSICS SPIKE #8: 10.5 ms at 47.7s (Bodies: 290)
⚡ PHYSICS SPIKE #9: 10.5 ms at 47.7s (Bodies: 251)
⚡ FRAME SPIKE #546: 30.8 ms at 47.7s (Draw: 1962, Bodies: 251)
⚡ PHYSICS SPIKE #10: 10.5 ms at 47.7s (Bodies: 251)
⚡ PHYSICS SPIKE #11: 10.5 ms at 47.7s (Bodies: 251)
⚡ FRAME SPIKE #547: 32.0 ms at 47.7s (Draw: 1949, Bodies: 251)
⚡ PHYSICS SPIKE #12: 10.5 ms at 47.8s (Bodies: 251)
⚡ PHYSICS SPIKE #13: 10.5 ms at 47.8s (Bodies: 251)
⚡ PHYSICS SPIKE #14: 10.5 ms at 47.8s (Bodies: 254)
⚡ PHYSICS SPIKE #15: 10.5 ms at 47.8s (Bodies: 254)
⚡ PHYSICS SPIKE #16: 10.5 ms at 47.8s (Bodies: 254)
⚡ PHYSICS SPIKE #17: 10.5 ms at 47.8s (Bodies: 254)
⚡ PHYSICS SPIKE #18: 10.5 ms at 47.9s (Bodies: 254)
⚡ PHYSICS SPIKE #19: 10.5 ms at 47.9s (Bodies: 254)
⚡ PHYSICS SPIKE #20: 10.5 ms at 47.9s (Bodies: 254)
⚡ PHYSICS SPIKE #21: 10.5 ms at 47.9s (Bodies: 254)
⚡ PHYSICS SPIKE #22: 10.5 ms at 47.9s (Bodies: 254)
⚡ PHYSICS SPIKE #23: 10.5 ms at 47.9s (Bodies: 254)
⚡ PHYSICS SPIKE #24: 10.5 ms at 48.0s (Bodies: 254)
⚡ PHYSICS SPIKE #25: 10.5 ms at 48.0s (Bodies: 254)
⚡ PHYSICS SPIKE #26: 10.5 ms at 48.0s (Bodies: 254)
⚡ PHYSICS SPIKE #27: 10.5 ms at 48.0s (Bodies: 254)
⚡ PHYSICS SPIKE #28: 10.5 ms at 48.0s (Bodies: 254)
⚡ PHYSICS SPIKE #29: 10.5 ms at 48.0s (Bodies: 254)
⚡ PHYSICS SPIKE #30: 10.5 ms at 48.1s (Bodies: 254)
⚡ PHYSICS SPIKE #31: 10.5 ms at 48.1s (Bodies: 254)
⚡ PHYSICS SPIKE #32: 10.5 ms at 48.1s (Bodies: 254)
⚡ PHYSICS SPIKE #33: 10.5 ms at 48.1s (Bodies: 254)
⚡ PHYSICS SPIKE #34: 10.5 ms at 48.1s (Bodies: 254)
⚡ PHYSICS SPIKE #35: 10.5 ms at 48.1s (Bodies: 254)
⚡ PHYSICS SPIKE #36: 10.5 ms at 48.2s (Bodies: 254)
⚡ PHYSICS SPIKE #37: 10.5 ms at 48.2s (Bodies: 254)
OSM: Unloaded chunk 1,0
⚡ PHYSICS SPIKE #38: 10.5 ms at 48.2s (Bodies: 254)
⚡ PHYSICS SPIKE #39: 10.5 ms at 48.2s (Bodies: 254)
⚡ PHYSICS SPIKE #40: 10.5 ms at 48.2s (Bodies: 254)
⚡ PHYSICS SPIKE #41: 10.5 ms at 48.2s (Bodies: 254)
🚗 Traffic: 24 active NPCs (Near: 0, Mid: 17, Far: 7), 7 pooled
  → Physics bodies from NPCs: 24 (All: 24×1, было бы 24×5=120)

========== Bottleneck Analysis Report ==========
Time: 58.7s | Frames: 2329

📊 PERFORMANCE OVERVIEW:
  FPS: 61.7 avg | 61.0 min
  Frame Time: 14.82 ms avg | 16.52 ms max
  Physics Time: 7.97 ms avg

🔍 BOTTLENECK IDENTIFICATION:
  🟠 [HIGH] Physics Bodies
      Value: 280 active bodies
      Impact: Physics engine load
      Suggestions:
        • Reduce NPC count
        • Convert distant NPCs to kinematic
        • Disable physics for far objects

  🟡 [MEDIUM] Physics Time
      Value: 7.97 ms
      Impact: Physics simulation overhead
      Suggestions:
        • Reduce number of active physics bodies
        • Simplify collision shapes
        • Disable physics for distant objects

  🟡 [MEDIUM] Vertex Count
      Value: 4802459 vertices/frame
      Impact: GPU vertex processing
      Suggestions:
        • Implement LOD for distant objects
        • Simplify building meshes
        • Use lower poly models

  🟡 [MEDIUM] Node Count
      Value: 17503 nodes
      Impact: Scene tree traversal overhead
      Suggestions:
        • Unload distant chunks
        • Pool and reuse nodes
        • Flatten hierarchy where possible

  🟡 [MEDIUM] Post-Processing Effects
      Value: SSAO, Glow/Bloom, Volumetric Fog
      Impact: GPU shader overhead
      Suggestions:
        • Reduce SSR quality
        • Disable SSAO on low-end hardware
        • Use simpler fog

📈 DETAILED STATS:
  Draw Calls: 1748 avg | 2180 max
  Vertices: 4802459 avg | 5134012 max
  Physics Bodies: 280
  Nodes: 17503
  VRAM: 731.4 MB

=================================================

⚡ PHYSICS SPIKE #42: 10.5 ms at 48.3s (Bodies: 254)
⚡ PHYSICS SPIKE #43: 10.5 ms at 48.3s (Bodies: 254)
⚡ PHYSICS SPIKE #44: 10.5 ms at 48.3s (Bodies: 254)
⚡ PHYSICS SPIKE #45: 10.5 ms at 48.3s (Bodies: 254)
⚡ PHYSICS SPIKE #46: 10.5 ms at 48.3s (Bodies: 254)
⚡ PHYSICS SPIKE #47: 10.5 ms at 48.3s (Bodies: 254)
⚡ PHYSICS SPIKE #48: 10.5 ms at 48.4s (Bodies: 254)
⚡ PHYSICS SPIKE #49: 10.5 ms at 48.4s (Bodies: 254)
⚡ PHYSICS SPIKE #50: 10.5 ms at 48.4s (Bodies: 254)
⚡ PHYSICS SPIKE #51: 10.5 ms at 48.4s (Bodies: 254)
⚡ PHYSICS SPIKE #52: 10.5 ms at 48.4s (Bodies: 254)
⚡ PHYSICS SPIKE #53: 10.5 ms at 48.4s (Bodies: 254)
⚡ PHYSICS SPIKE #54: 10.5 ms at 48.5s (Bodies: 254)
⚡ PHYSICS SPIKE #55: 10.5 ms at 48.5s (Bodies: 254)
⚡ PHYSICS SPIKE #56: 10.5 ms at 48.5s (Bodies: 254)
⚡ PHYSICS SPIKE #57: 10.5 ms at 48.5s (Bodies: 254)
⚡ PHYSICS SPIKE #58: 10.5 ms at 48.5s (Bodies: 254)
⚡ PHYSICS SPIKE #59: 10.5 ms at 48.5s (Bodies: 254)
⚡ PHYSICS SPIKE #60: 10.5 ms at 48.6s (Bodies: 253)
⚡ PHYSICS SPIKE #61: 12.8 ms at 48.6s (Bodies: 253)
⚡ PHYSICS SPIKE #62: 12.8 ms at 48.6s (Bodies: 253)
⚡ PHYSICS SPIKE #63: 12.8 ms at 48.6s (Bodies: 253)
⚡ PHYSICS SPIKE #64: 12.8 ms at 48.6s (Bodies: 253)
⚡ PHYSICS SPIKE #65: 12.8 ms at 48.6s (Bodies: 253)
⚡ PHYSICS SPIKE #66: 12.8 ms at 48.7s (Bodies: 253)
⚡ PHYSICS SPIKE #67: 12.8 ms at 48.7s (Bodies: 253)
⚡ PHYSICS SPIKE #68: 12.8 ms at 48.7s (Bodies: 253)
⚡ PHYSICS SPIKE #69: 12.8 ms at 48.7s (Bodies: 253)
⚡ PHYSICS SPIKE #70: 12.8 ms at 48.7s (Bodies: 253)
⚡ PHYSICS SPIKE #71: 12.8 ms at 48.7s (Bodies: 253)
⚡ PHYSICS SPIKE #72: 12.8 ms at 48.8s (Bodies: 253)
⚡ PHYSICS SPIKE #73: 12.8 ms at 48.8s (Bodies: 253)
⚡ PHYSICS SPIKE #74: 12.8 ms at 48.8s (Bodies: 252)
⚡ PHYSICS SPIKE #75: 12.8 ms at 48.8s (Bodies: 252)
⚡ PHYSICS SPIKE #76: 12.8 ms at 48.8s (Bodies: 252)
⚡ PHYSICS SPIKE #77: 12.8 ms at 48.8s (Bodies: 252)
⚡ PHYSICS SPIKE #78: 12.8 ms at 48.9s (Bodies: 252)
⚡ PHYSICS SPIKE #79: 12.8 ms at 48.9s (Bodies: 252)
⚡ PHYSICS SPIKE #80: 12.8 ms at 48.9s (Bodies: 252)
⚡ PHYSICS SPIKE #81: 12.8 ms at 48.9s (Bodies: 252)
⚡ PHYSICS SPIKE #82: 12.8 ms at 48.9s (Bodies: 252)
⚡ PHYSICS SPIKE #83: 12.8 ms at 48.9s (Bodies: 252)
⚡ PHYSICS SPIKE #84: 12.8 ms at 49.0s (Bodies: 252)
⚡ PHYSICS SPIKE #85: 12.8 ms at 49.0s (Bodies: 252)
⚡ PHYSICS SPIKE #86: 12.8 ms at 49.0s (Bodies: 252)
⚡ PHYSICS SPIKE #87: 12.8 ms at 49.0s (Bodies: 252)
⚡ PHYSICS SPIKE #88: 12.8 ms at 49.0s (Bodies: 252)
⚡ PHYSICS SPIKE #89: 12.8 ms at 49.0s (Bodies: 252)

=== PERFORMANCE METRICS ===
FPS: 56 | Frame: 16.5 ms (max 32.0) | Physics: 16.6 ms (max 32.7)
Godot Process: 25.86 ms | Physics: 12.80 ms
Objects: 45014 | Nodes: 17503 | Resources: 536
Draw calls: 1517 | Vertices: 4858889 | VRAM: 731.4 MB
Physics bodies: 252 | Collision pairs: 3871
--- System Times ---
  road_batch_finalize_total_-1,-1: 37.67 ms (max 37.67)
  road_batch_finalize_total_-1,-2: 5.66 ms (max 5.66)
  road_batch_finalize_total_-1,-3: 19.93 ms (max 19.93)
  road_batch_finalize_total_-1,0: 26.30 ms (max 26.30)
  road_batch_finalize_total_-2,-1: 24.83 ms (max 24.83)
  road_batch_finalize_total_-2,-2: 21.50 ms (max 21.50)
  road_batch_finalize_total_-2,-3: 18.42 ms (max 18.42)
  road_batch_finalize_total_-2,0: 25.21 ms (max 25.21)
  road_batch_finalize_total_-3,-1: 25.26 ms (max 25.26)
  road_batch_finalize_total_-3,-2: 23.07 ms (max 23.07)
  road_batch_finalize_total_-3,-3: 28.56 ms (max 28.56)
  road_batch_finalize_total_-3,0: 25.95 ms (max 25.95)
  road_batch_finalize_total_-4,-1: 11.02 ms (max 11.02)
  road_batch_finalize_total_-4,-2: 13.47 ms (max 13.47)
  road_batch_finalize_total_-4,0: 12.72 ms (max 12.72)
  road_batch_finalize_total_0,-1: 25.66 ms (max 25.66)
  road_batch_finalize_total_0,-2: 23.65 ms (max 23.65)
  road_batch_finalize_total_0,-3: 26.79 ms (max 26.79)
  road_batch_finalize_total_0,0: 21.70 ms (max 21.70)
  road_batch_finalize_total_0,1: 23.77 ms (max 23.77)
  road_batch_finalize_total_1,-1: 29.52 ms (max 29.52)
  road_batch_finalize_total_1,-2: 7.67 ms (max 7.67)
  road_batch_finalize_total_1,0: 21.52 ms (max 21.52)
  road_collision_create_-1,-1: 12.30 ms (max 30.46)
  road_collision_create_-1,-2: 2.57 ms (max 3.40)
  road_collision_create_-1,-3: 6.40 ms (max 15.29)
  road_collision_create_-1,0: 12.90 ms (max 23.62)
  road_collision_create_-2,-1: 8.05 ms (max 18.66)
  road_collision_create_-2,-2: 10.42 ms (max 18.25)
  road_collision_create_-2,-3: 5.82 ms (max 11.37)
  road_collision_create_-2,0: 12.32 ms (max 21.55)
  road_collision_create_-3,-1: 12.21 ms (max 23.07)
  road_collision_create_-3,-2: 7.36 ms (max 13.27)
  road_collision_create_-3,-3: 9.19 ms (max 22.55)
  road_collision_create_-3,0: 12.53 ms (max 19.73)
  road_collision_create_-4,-1: 5.22 ms (max 7.57)
  road_collision_create_-4,-2: 4.19 ms (max 5.37)
  road_collision_create_-4,0: 6.05 ms (max 9.23)
  road_collision_create_0,-1: 8.33 ms (max 19.70)
  road_collision_create_0,-2: 7.60 ms (max 16.02)
  road_collision_create_0,-3: 8.58 ms (max 19.82)
  road_collision_create_0,0: 6.99 ms (max 17.84)
  road_collision_create_0,1: 23.51 ms (max 23.51)
  road_collision_create_1,-1: 9.61 ms (max 24.76)
  road_collision_create_1,-2: 3.63 ms (max 4.87)
  road_collision_create_1,0: 21.23 ms (max 21.23)
===========================

=== PERFORMANCE METRICS ===
FPS: 56 | Frame: 16.5 ms (max 32.0) | Physics: 16.6 ms (max 32.7)
Godot Process: 25.86 ms | Physics: 12.80 ms
Objects: 45014 | Nodes: 17503 | Resources: 536
Draw calls: 1517 | Vertices: 4858889 | VRAM: 731.4 MB
Physics bodies: 252 | Collision pairs: 3871
===========================
⚡ PHYSICS SPIKE #90: 12.8 ms at 49.1s (Bodies: 252)
⚡ PHYSICS SPIKE #91: 12.8 ms at 49.1s (Bodies: 252)
⚡ PHYSICS SPIKE #92: 12.8 ms at 49.1s (Bodies: 252)
⚡ PHYSICS SPIKE #93: 12.8 ms at 49.1s (Bodies: 252)
⚡ PHYSICS SPIKE #94: 12.8 ms at 49.1s (Bodies: 252)
⚡ PHYSICS SPIKE #95: 12.8 ms at 49.1s (Bodies: 252)
⚡ PHYSICS SPIKE #96: 12.8 ms at 49.2s (Bodies: 252)
⚡ PHYSICS SPIKE #97: 12.8 ms at 49.2s (Bodies: 252)
⚡ PHYSICS SPIKE #98: 12.8 ms at 49.2s (Bodies: 252)
⚡ PHYSICS SPIKE #99: 12.8 ms at 49.2s (Bodies: 252)
⚡ PHYSICS SPIKE #100: 12.8 ms at 49.2s (Bodies: 252)
⚡ PHYSICS SPIKE #101: 12.8 ms at 49.2s (Bodies: 252)
⚡ PHYSICS SPIKE #102: 12.8 ms at 49.3s (Bodies: 252)
⚡ PHYSICS SPIKE #103: 12.8 ms at 49.3s (Bodies: 252)
⚡ PHYSICS SPIKE #104: 12.8 ms at 49.3s (Bodies: 252)
⚡ PHYSICS SPIKE #105: 12.8 ms at 49.3s (Bodies: 252)
⚡ PHYSICS SPIKE #106: 12.8 ms at 49.3s (Bodies: 252)
⚡ PHYSICS SPIKE #107: 12.8 ms at 49.4s (Bodies: 252)
⚡ PHYSICS SPIKE #108: 12.8 ms at 49.4s (Bodies: 252)

========== PERFORMANCE METRICS ==========
Frames: 600
  total_frame: avg=0.40 ms, median=0.04 ms, max=29.41 ms, calls=600, total=238.1 ms
  road_queue: avg=0.27 ms, median=0.01 ms, max=28.61 ms, calls=600, total=164.6 ms
  road_create: avg=0.92 ms, median=0.12 ms, max=12.41 ms, calls=63, total=57.8 ms
  road_batch_finalize: avg=18.29 ms, median=13.51 ms, max=28.59 ms, calls=3, total=54.9 ms
  curb_mesh: avg=0.06 ms, median=0.00 ms, max=2.54 ms, calls=587, total=36.8 ms
  building_results: avg=0.03 ms, median=0.00 ms, max=0.63 ms, calls=600, total=20.9 ms
  infra_queue: avg=0.03 ms, median=0.00 ms, max=0.72 ms, calls=600, total=19.9 ms
  curb_collisions: avg=0.03 ms, median=0.00 ms, max=1.94 ms, calls=600, total=18.3 ms
  infra_yield_sign: avg=0.47 ms, median=0.47 ms, max=0.60 ms, calls=36, total=16.9 ms
  building_apply: avg=0.28 ms, median=0.29 ms, max=0.41 ms, calls=52, total=14.6 ms
  window_batch_finalize: avg=1.22 ms, median=1.70 ms, max=2.40 ms, calls=4, total=4.9 ms
  building_sort: avg=0.10 ms, median=0.09 ms, max=0.20 ms, calls=32, total=3.1 ms
  curb_smooth: avg=0.04 ms, median=0.03 ms, max=0.18 ms, calls=50, total=2.1 ms
  terrain_queue: avg=0.00 ms, median=0.00 ms, max=0.34 ms, calls=600, total=1.9 ms
  infra_sort: avg=0.07 ms, median=0.07 ms, max=0.12 ms, calls=17, total=1.1 ms
  terrain_landuse: avg=0.12 ms, median=0.10 ms, max=0.22 ms, calls=7, total=0.8 ms
  infra_traffic_light: avg=0.71 ms, median=0.71 ms, max=0.71 ms, calls=1, total=0.7 ms
  curb_latlon: avg=0.01 ms, median=0.01 ms, max=0.03 ms, calls=50, total=0.7 ms
  road_sort: avg=0.20 ms, median=0.17 ms, max=0.28 ms, calls=3, total=0.6 ms
  vegetation_queue: avg=0.00 ms, median=0.00 ms, max=0.01 ms, calls=600, total=0.6 ms
==========================================


========== DRAW CALL BREAKDOWN ==========
Total tracked draw calls: 1630

  Vegetation  :   690 ( 42.3%) ████████
  Buildings   :   656 ( 40.2%) ████████
  Terrain     :   140 (  8.6%) █
  Roads       :    56 (  3.4%) 
  Lamps       :    39 (  2.4%) 
  Signs       :    26 (  1.6%) 
  Windows     :    23 (  1.4%) 

💡 RECOMMENDATIONS:
  🔴 Buildings: 40.2% of draw calls
     → Implement MultiMeshInstance3D for building base meshes
=========================================

⚡ PHYSICS SPIKE #109: 12.8 ms at 49.4s (Bodies: 252)
⚡ PHYSICS SPIKE #110: 12.8 ms at 49.4s (Bodies: 251)
⚡ PHYSICS SPIKE #111: 12.8 ms at 49.4s (Bodies: 251)
⚡ PHYSICS SPIKE #112: 12.8 ms at 49.4s (Bodies: 251)
⚡ PHYSICS SPIKE #113: 12.8 ms at 49.4s (Bodies: 251)
⚡ PHYSICS SPIKE #114: 12.8 ms at 49.5s (Bodies: 251)
⚡ PHYSICS SPIKE #115: 12.8 ms at 49.5s (Bodies: 251)
⚡ PHYSICS SPIKE #116: 12.8 ms at 49.5s (Bodies: 251)
⚡ PHYSICS SPIKE #117: 12.8 ms at 49.5s (Bodies: 251)
⚡ PHYSICS SPIKE #118: 12.8 ms at 49.5s (Bodies: 251)
⚡ PHYSICS SPIKE #119: 12.8 ms at 49.6s (Bodies: 251)
🚗 Traffic: 22 active NPCs (Near: 0, Mid: 14, Far: 8), 9 pooled
  → Physics bodies from NPCs: 22 (All: 22×1, было бы 22×5=110)

========== Bottleneck Analysis Report ==========
Time: 60.7s | Frames: 2456

📊 PERFORMANCE OVERVIEW:
  FPS: 59.5 avg | 56.0 min
  Frame Time: 20.68 ms avg | 25.86 ms max
  Physics Time: 10.46 ms avg

🔍 BOTTLENECK IDENTIFICATION:
  🔴 [CRITICAL] Physics Time
      Value: 10.46 ms
      Impact: Physics simulation overhead
      Suggestions:
        • Reduce number of active physics bodies
        • Simplify collision shapes
        • Disable physics for distant objects

  🟠 [HIGH] Frame Time
      Value: 20.68 ms (target: 16.67 ms)
      Impact: Overall performance bottleneck
      Suggestions:
        • Reduce draw calls
        • Optimize scripts in _process()
        • Check for expensive operations per frame

  🟠 [HIGH] Physics Bodies
      Value: 252 active bodies
      Impact: Physics engine load
      Suggestions:
        • Reduce NPC count
        • Convert distant NPCs to kinematic
        • Disable physics for far objects

  🟡 [MEDIUM] Vertex Count
      Value: 4872700 vertices/frame
      Impact: GPU vertex processing
      Suggestions:
        • Implement LOD for distant objects
        • Simplify building meshes
        • Use lower poly models

  🟡 [MEDIUM] Node Count
      Value: 17503 nodes
      Impact: Scene tree traversal overhead
      Suggestions:
        • Unload distant chunks
        • Pool and reuse nodes
        • Flatten hierarchy where possible

  🟡 [MEDIUM] Post-Processing Effects
      Value: SSAO, Glow/Bloom, Volumetric Fog
      Impact: GPU shader overhead
      Suggestions:
        • Reduce SSR quality
        • Disable SSAO on low-end hardware
        • Use simpler fog

📈 DETAILED STATS:
  Draw Calls: 1628 avg | 1904 max
  Vertices: 4872700 avg | 4921885 max
  Physics Bodies: 252
  Nodes: 17503
  VRAM: 731.4 MB

=================================================

OSM: Loading chunk -5,-1 at lat=59.1181, lon=37.8763
OSM: Trying server https://overpass.kumi.systems/api/interpreter (attempt 1)
thirdparty/mbedtls/library/ssl_tls13_generic.c:1552: 0x7fdbd7fdc658: Perform PSA-based ECDH/FFDH computation.
thirdparty/mbedtls/library/ssl_tls13_client.c:1950: 0x7fdbd7fdc658: Switch to handshake keys for inbound traffic
thirdparty/mbedtls/library/ssl_tls13_generic.c:0403: 0x7fdbd7fdc658: mbedtls_ssl_tls13_process_certificate_verify() returned 0 (-0x0000)
thirdparty/mbedtls/library/ssl_tls13_client.c:2640: 0x7fdbd7fdc658: Switch to handshake traffic keys for outbound traffic
thirdparty/mbedtls/library/ssl_tls13_generic.c:1235: 0x7fdbd7fdc658: Switch to application keys for inbound traffic
thirdparty/mbedtls/library/ssl_tls13_generic.c:1238: 0x7fdbd7fdc658: Switch to application keys for outbound traffic
OSM: Loading chunk -4,-3 at lat=59.1235, lon=37.8816
OSM: Loaded from cache: osm_v2_59.1235_37.8816_250.json
OSM: Chunk -4,-3 data loaded
OSM: Found 3 entrance nodes in chunk
OSM: Found 9 POI nodes in chunk
POI_DEBUG: Found 'Ozon' inside building at local (-1183.2, -847.7)
BusinessSign: Found logo for 'ozon' -> res://textures/brand_logos/ozon.png
POI_DEBUG: Found 'Магнит' inside building at local (-1083.3, -822.3)
POI_DEBUG: Found 'Маэстро' inside building at local (-1105.3, -814.5)
BusinessSign: Found logo for 'магнит' -> res://textures/brand_logos/magnit.png
POI_DEBUG: Found 'Детский музыкальный театр г. Череповца' inside building at local (-982.0, -803.9)
OSM: Generated 32 roads, 17 buildings, 0 trees, 0 signs, 0 lamps, 17 intersections
OSM: Marked chunk '-4,-3' for road batch finalization
OSM: Post-initial chunk loaded, pending_lamps=466
OSM: _create_pending_lamps started, count=466
OSM: DEBUG - First lamp added to chunk -4,-2 batch
OSM: DEBUG - First lamp added to chunk -3,-3 batch
OSM: DEBUG - First lamp added to chunk -4,-3 batch
OSM: Created 298 lamps, skipped 168 (added to batches)
OSM: Finalizing 3 lamp batches immediately...
OSM: ✅ Finalized lamp batch -4,-2: 37 lamps (3 MultiMeshes + 37 lights, was 111 draw calls before)
OSM: ✅ Finalized lamp batch -3,-3: 41 lamps (3 MultiMeshes + 41 lights, was 123 draw calls before)
OSM: ✅ Finalized lamp batch -4,-3: 10 lamps (3 MultiMeshes + 10 lights, was 30 draw calls before)
⚡ FRAME SPIKE #548: 60.4 ms at 51.8s (Draw: 859, Bodies: 253)
OSM: DEBUG _add_road_to_batch - first road for chunk '-4,-3', parent.name='Chunk_-4,-3'
⚡ FRAME SPIKE #549: 36.9 ms at 51.8s (Draw: 878, Bodies: 254)
⚡ FRAME SPIKE #550: 33.0 ms at 51.9s (Draw: 1793, Bodies: 255)
🔴 FREEZE: road collision shape creation took 7.2 ms for chunk -4,-3 (type: residential)
OSM: ✅ Finalized road batch -4,-3/residential: 1710 vertices, 1664 triangles, material: <ImageTexture#-9223371972648368119>
OSM: ✅ Finalized road batch -4,-3/path: 632 vertices, 614 triangles, material: <ImageTexture#-9223371972547704822>
⚠️ SLOW: road batch finalization took 10.1 ms for chunk -4,-3
⚠️ SLOW FRAME 12.3ms: building=0.4 road=10.1 terrain=1.5 infra=0.2 veg=0.0 curb=0.0ms
⚡ FRAME SPIKE #551: 38.9 ms at 51.9s (Draw: 1780, Bodies: 256)
⚡ FRAME SPIKE #552: 35.8 ms at 51.9s (Draw: 1776, Bodies: 257)
⚡ FRAME SPIKE #553: 29.5 ms at 52.0s (Draw: 1794, Bodies: 258)
⚡ FRAME SPIKE #554: 27.7 ms at 52.0s (Draw: 1798, Bodies: 259)
⚡ FRAME SPIKE #555: 25.8 ms at 52.0s (Draw: 1814, Bodies: 261)
OSM: 🌙 NIGHT Window batch -4,-3 | night_mgr: CACHED | is_night value: true
OSM: ✅ Finalized window batch -4,-3: 4878 windows (was 4878 draw calls before batching)
OSM: 🌙 NIGHT Window batch -4,-3 | night_mgr: CACHED | is_night value: true
OSM: ✅ Finalized window batch -4,-3: 300 windows (was 300 draw calls before batching)
🚗 Traffic: 22 active NPCs (Near: 0, Mid: 12, Far: 10), 9 pooled
  → Physics bodies from NPCs: 22 (All: 22×1, было бы 22×5=110)

========== Bottleneck Analysis Report ==========
Time: 62.7s | Frames: 2567

📊 PERFORMANCE OVERVIEW:
  FPS: 62.2 avg | 61.0 min
  Frame Time: 14.46 ms avg | 14.53 ms max
  Physics Time: 6.95 ms avg

🔍 BOTTLENECK IDENTIFICATION:
  🟠 [HIGH] Physics Bodies
      Value: 254 active bodies
      Impact: Physics engine load
      Suggestions:
        • Reduce NPC count
        • Convert distant NPCs to kinematic
        • Disable physics for far objects

  🟡 [MEDIUM] Physics Time
      Value: 6.95 ms
      Impact: Physics simulation overhead
      Suggestions:
        • Reduce number of active physics bodies
        • Simplify collision shapes
        • Disable physics for distant objects

  🟡 [MEDIUM] Vertex Count
      Value: 4844106 vertices/frame
      Impact: GPU vertex processing
      Suggestions:
        • Implement LOD for distant objects
        • Simplify building meshes
        • Use lower poly models

  🟡 [MEDIUM] Node Count
      Value: 18525 nodes
      Impact: Scene tree traversal overhead
      Suggestions:
        • Unload distant chunks
        • Pool and reuse nodes
        • Flatten hierarchy where possible

  🟡 [MEDIUM] Post-Processing Effects
      Value: SSAO, Glow/Bloom, Volumetric Fog
      Impact: GPU shader overhead
      Suggestions:
        • Reduce SSR quality
        • Disable SSAO on low-end hardware
        • Use simpler fog

📈 DETAILED STATS:
  Draw Calls: 1715 avg | 1909 max
  Vertices: 4844106 avg | 6090601 max
  Physics Bodies: 254
  Nodes: 18525
  VRAM: 733.1 MB

=================================================

OSM: Loading chunk -4,1 at lat=59.1126, lon=37.8816
OSM: Trying server https://overpass.kumi.systems/api/interpreter (attempt 1)
thirdparty/mbedtls/library/ssl_tls13_generic.c:1552: 0x7fdbd6992058: Perform PSA-based ECDH/FFDH computation.
thirdparty/mbedtls/library/ssl_tls13_client.c:1950: 0x7fdbd6992058: Switch to handshake keys for inbound traffic
thirdparty/mbedtls/library/ssl_tls13_generic.c:0403: 0x7fdbd6992058: mbedtls_ssl_tls13_process_certificate_verify() returned 0 (-0x0000)
thirdparty/mbedtls/library/ssl_tls13_client.c:2640: 0x7fdbd6992058: Switch to handshake traffic keys for outbound traffic
thirdparty/mbedtls/library/ssl_tls13_generic.c:1235: 0x7fdbd6992058: Switch to application keys for inbound traffic
thirdparty/mbedtls/library/ssl_tls13_generic.c:1238: 0x7fdbd6992058: Switch to application keys for outbound traffic
OSM: Loading chunk -5,-2 at lat=59.1208, lon=37.8763
OSM: Loaded from cache: osm_v2_59.1208_37.8763_250.json
OSM: Loading chunk -5,0 at lat=59.1153, lon=37.8763
OSM: Loaded from cache: osm_v2_59.1153_37.8763_250.json
OSM: Chunk -5,-2 data loaded
OSM: Found 1 entrance nodes in chunk
OSM: Generated 1 roads, 10 buildings, 0 trees, 0 signs, 0 lamps, 0 intersections
OSM: Marked chunk '-5,-2' for road batch finalization
OSM: Post-initial chunk loaded, pending_lamps=36
OSM: _create_pending_lamps started, count=36
OSM: Created 25 lamps, skipped 11 (added to batches)
OSM: Chunk -5,0 data loaded
OSM: Found 1 POI nodes in chunk
OSM: Generated 3 roads, 10 buildings, 0 trees, 0 signs, 0 lamps, 0 intersections
OSM: Marked chunk '-5,0' for road batch finalization
OSM: Post-initial chunk loaded, pending_lamps=0
OSM: _create_pending_lamps started, count=0
OSM: No pending lamps
OSM: DEBUG _add_road_to_batch - first road for chunk '-5,-2', parent.name='Chunk_-5,-2'
OSM: DEBUG _add_road_to_batch - first road for chunk '-5,0', parent.name='Chunk_-5,0'
🔴 FREEZE: road collision shape creation took 7.0 ms for chunk -5,-2 (type: residential)
OSM: ✅ Finalized road batch -5,-2/residential: 214 vertices, 212 triangles, material: <ImageTexture#-9223371972648368119>
🔴 FREEZE: road collision shape creation took 7.0 ms for chunk -5,0 (type: residential)
OSM: ✅ Finalized road batch -5,0/residential: 82 vertices, 76 triangles, material: <ImageTexture#-9223371972648368119>
OSM: 🌙 NIGHT Window batch -5,-2 | night_mgr: CACHED | is_night value: true
OSM: ✅ Finalized window batch -5,-2: 1776 windows (was 1776 draw calls before batching)
OSM: 🌙 NIGHT Window batch -5,0 | night_mgr: CACHED | is_night value: true
OSM: ✅ Finalized window batch -5,0: 732 windows (was 732 draw calls before batching)
OSM: Parsed 323 nodes, 55 ways, 1 point objects, 0 entrances, 1 POI nodes
OSM: Cached data to osm_v2_59.1181_37.8763_250.json
OSM: Chunk -5,-1 data loaded
OSM: Found 1 POI nodes in chunk
OSM: Generated 7 roads, 18 buildings, 0 trees, 0 signs, 0 lamps, 3 intersections
OSM: Marked chunk '-5,-1' for road batch finalization
OSM: Post-initial chunk loaded, pending_lamps=0
OSM: _create_pending_lamps started, count=0
OSM: No pending lamps
OSM: DEBUG _add_road_to_batch - first road for chunk '-5,-1', parent.name='Chunk_-5,-1'
🔴 FREEZE: road collision shape creation took 8.1 ms for chunk -5,-1 (type: residential)
OSM: ✅ Finalized road batch -5,-1/residential: 606 vertices, 592 triangles, material: <ImageTexture#-9223371972648368119>
⚠️ SLOW: road batch finalization took 8.6 ms for chunk -5,-1

=== PERFORMANCE METRICS ===
FPS: 61 | Frame: 16.8 ms (max 60.4) | Physics: 16.7 ms (max 68.7)
Godot Process: 24.97 ms | Physics: 6.91 ms
Objects: 48746 | Nodes: 19306 | Resources: 536
Draw calls: 1122 | Vertices: 5749598 | VRAM: 733.8 MB
Physics bodies: 269 | Collision pairs: 4120
--- System Times ---
  road_batch_finalize_total_-1,-1: 37.67 ms (max 37.67)
  road_batch_finalize_total_-1,-2: 5.66 ms (max 5.66)
  road_batch_finalize_total_-1,-3: 19.93 ms (max 19.93)
  road_batch_finalize_total_-1,0: 26.30 ms (max 26.30)
  road_batch_finalize_total_-2,-1: 24.83 ms (max 24.83)
  road_batch_finalize_total_-2,-2: 21.50 ms (max 21.50)
  road_batch_finalize_total_-2,-3: 18.42 ms (max 18.42)
  road_batch_finalize_total_-2,0: 25.21 ms (max 25.21)
  road_batch_finalize_total_-3,-1: 25.26 ms (max 25.26)
  road_batch_finalize_total_-3,-2: 23.07 ms (max 23.07)
  road_batch_finalize_total_-3,-3: 28.56 ms (max 28.56)
  road_batch_finalize_total_-3,0: 25.95 ms (max 25.95)
  road_batch_finalize_total_-4,-1: 11.02 ms (max 11.02)
  road_batch_finalize_total_-4,-2: 13.47 ms (max 13.47)
  road_batch_finalize_total_-4,-3: 10.07 ms (max 10.07)
  road_batch_finalize_total_-4,0: 12.72 ms (max 12.72)
  road_batch_finalize_total_-5,-1: 8.61 ms (max 8.61)
  road_batch_finalize_total_-5,-2: 7.38 ms (max 7.38)
  road_batch_finalize_total_-5,0: 7.42 ms (max 7.42)
  road_batch_finalize_total_0,-1: 25.66 ms (max 25.66)
  road_batch_finalize_total_0,-2: 23.65 ms (max 23.65)
  road_batch_finalize_total_0,-3: 26.79 ms (max 26.79)
  road_batch_finalize_total_0,0: 21.70 ms (max 21.70)
  road_batch_finalize_total_0,1: 23.77 ms (max 23.77)
  road_batch_finalize_total_1,-1: 29.52 ms (max 29.52)
  road_batch_finalize_total_1,-2: 7.67 ms (max 7.67)
  road_batch_finalize_total_1,0: 21.52 ms (max 21.52)
  road_collision_create_-1,-1: 12.30 ms (max 30.46)
  road_collision_create_-1,-2: 2.57 ms (max 3.40)
  road_collision_create_-1,-3: 6.40 ms (max 15.29)
  road_collision_create_-1,0: 12.90 ms (max 23.62)
  road_collision_create_-2,-1: 8.05 ms (max 18.66)
  road_collision_create_-2,-2: 10.42 ms (max 18.25)
  road_collision_create_-2,-3: 5.82 ms (max 11.37)
  road_collision_create_-2,0: 12.32 ms (max 21.55)
  road_collision_create_-3,-1: 12.21 ms (max 23.07)
  road_collision_create_-3,-2: 7.36 ms (max 13.27)
  road_collision_create_-3,-3: 9.19 ms (max 22.55)
  road_collision_create_-3,0: 12.53 ms (max 19.73)
  road_collision_create_-4,-1: 5.22 ms (max 7.57)
  road_collision_create_-4,-2: 4.19 ms (max 5.37)
  road_collision_create_-4,-3: 4.66 ms (max 7.18)
  road_collision_create_-4,0: 6.05 ms (max 9.23)
  road_collision_create_-5,-1: 8.10 ms (max 8.10)
  road_collision_create_-5,-2: 6.96 ms (max 6.96)
  road_collision_create_-5,0: 6.96 ms (max 6.96)
  road_collision_create_0,-1: 8.33 ms (max 19.70)
  road_collision_create_0,-2: 7.60 ms (max 16.02)
  road_collision_create_0,-3: 8.58 ms (max 19.82)
  road_collision_create_0,0: 6.99 ms (max 17.84)
  road_collision_create_0,1: 23.51 ms (max 23.51)
  road_collision_create_1,-1: 9.61 ms (max 24.76)
  road_collision_create_1,-2: 3.63 ms (max 4.87)
  road_collision_create_1,0: 21.23 ms (max 21.23)
===========================

=== PERFORMANCE METRICS ===
FPS: 61 | Frame: 16.8 ms (max 60.4) | Physics: 16.7 ms (max 68.8)
Godot Process: 24.97 ms | Physics: 6.91 ms
Objects: 48746 | Nodes: 19306 | Resources: 536
Draw calls: 1122 | Vertices: 5749598 | VRAM: 733.8 MB
Physics bodies: 269 | Collision pairs: 4120
===========================
OSM: Parsed 71 nodes, 1 ways, 0 point objects, 0 entrances, 0 POI nodes
OSM: Cached data to osm_v2_59.1126_37.8816_250.json
OSM: Chunk -4,1 data loaded
OSM: Generated 0 roads, 0 buildings, 0 trees, 0 signs, 0 lamps, 0 intersections
OSM: Marked chunk '-4,1' for road batch finalization
OSM: Post-initial chunk loaded, pending_lamps=0
OSM: _create_pending_lamps started, count=0
OSM: No pending lamps
OSM: 🌙 NIGHT Window batch -5,-1 | night_mgr: CACHED | is_night value: true
OSM: ✅ Finalized window batch -5,-1: 1282 windows (was 1282 draw calls before batching)
🚗 Traffic: 20 active NPCs (Near: 0, Mid: 10, Far: 10), 11 pooled
  → Physics bodies from NPCs: 20 (All: 20×1, было бы 20×5=100)

========== Bottleneck Analysis Report ==========
Time: 64.7s | Frames: 2689

📊 PERFORMANCE OVERVIEW:
  FPS: 56.4 avg | 52.0 min
  Frame Time: 42.34 ms avg | 62.21 ms max
  Physics Time: 6.86 ms avg

🔍 BOTTLENECK IDENTIFICATION:
  🔴 [CRITICAL] Frame Time
      Value: 42.34 ms (target: 16.67 ms)
      Impact: Overall performance bottleneck
      Suggestions:
        • Reduce draw calls
        • Optimize scripts in _process()
        • Check for expensive operations per frame

  🟠 [HIGH] Physics Bodies
      Value: 267 active bodies
      Impact: Physics engine load
      Suggestions:
        • Reduce NPC count
        • Convert distant NPCs to kinematic
        • Disable physics for far objects

  🟡 [MEDIUM] Physics Time
      Value: 6.86 ms
      Impact: Physics simulation overhead
      Suggestions:
        • Reduce number of active physics bodies
        • Simplify collision shapes
        • Disable physics for distant objects

  🟡 [MEDIUM] Vertex Count
      Value: 5821630 vertices/frame
      Impact: GPU vertex processing
      Suggestions:
        • Implement LOD for distant objects
        • Simplify building meshes
        • Use lower poly models

  🟡 [MEDIUM] Node Count
      Value: 19348 nodes
      Impact: Scene tree traversal overhead
      Suggestions:
        • Unload distant chunks
        • Pool and reuse nodes
        • Flatten hierarchy where possible

  🟡 [MEDIUM] Post-Processing Effects
      Value: SSAO, Glow/Bloom, Volumetric Fog
      Impact: GPU shader overhead
      Suggestions:
        • Reduce SSR quality
        • Disable SSAO on low-end hardware
        • Use simpler fog

📈 DETAILED STATS:
  Draw Calls: 1442 avg | 1847 max
  Vertices: 5821630 avg | 5967754 max
  Physics Bodies: 267
  Nodes: 19348
  VRAM: 734.0 MB

=================================================

OSM: Unloaded chunk 0,1
OSM: Unloaded chunk 0,-2
🚗 Traffic: 16 active NPCs (Near: 0, Mid: 2, Far: 14), 15 pooled
  → Physics bodies from NPCs: 16 (All: 16×1, было бы 16×5=80)

========== Bottleneck Analysis Report ==========
Time: 66.7s | Frames: 2820

📊 PERFORMANCE OVERVIEW:
  FPS: 61.7 avg | 60.0 min
  Frame Time: 18.40 ms avg | 24.97 ms max
  Physics Time: 6.68 ms avg

🔍 BOTTLENECK IDENTIFICATION:
  🟠 [HIGH] Frame Time
      Value: 18.40 ms (target: 16.67 ms)
      Impact: Overall performance bottleneck
      Suggestions:
        • Reduce draw calls
        • Optimize scripts in _process()
        • Check for expensive operations per frame

  🟠 [HIGH] Physics Bodies
      Value: 262 active bodies
      Impact: Physics engine load
      Suggestions:
        • Reduce NPC count
        • Convert distant NPCs to kinematic
        • Disable physics for far objects

  🟡 [MEDIUM] Physics Time
      Value: 6.68 ms
      Impact: Physics simulation overhead
      Suggestions:
        • Reduce number of active physics bodies
        • Simplify collision shapes
        • Disable physics for distant objects

  🟡 [MEDIUM] Vertex Count
      Value: 5654965 vertices/frame
      Impact: GPU vertex processing
      Suggestions:
        • Implement LOD for distant objects
        • Simplify building meshes
        • Use lower poly models

  🟡 [MEDIUM] Node Count
      Value: 17963 nodes
      Impact: Scene tree traversal overhead
      Suggestions:
        • Unload distant chunks
        • Pool and reuse nodes
        • Flatten hierarchy where possible

  🟡 [MEDIUM] Post-Processing Effects
      Value: SSAO, Glow/Bloom, Volumetric Fog
      Impact: GPU shader overhead
      Suggestions:
        • Reduce SSR quality
        • Disable SSAO on low-end hardware
        • Use simpler fog

📈 DETAILED STATS:
  Draw Calls: 1541 avg | 1600 max
  Vertices: 5654965 avg | 5812211 max
  Physics Bodies: 262
  Nodes: 17963
  VRAM: 732.6 MB

=================================================

OSM: Unloaded chunk -1,-3
🚗 Traffic: 13 active NPCs (Near: 0, Mid: 0, Far: 13), 18 pooled
  → Physics bodies from NPCs: 13 (All: 13×1, было бы 13×5=65)

========== Bottleneck Analysis Report ==========
Time: 68.7s | Frames: 2973

📊 PERFORMANCE OVERVIEW:
  FPS: 71.5 avg | 70.0 min
  Frame Time: 22.92 ms avg | 23.21 ms max
  Physics Time: 6.03 ms avg

🔍 BOTTLENECK IDENTIFICATION:
  🟠 [HIGH] Frame Time
      Value: 22.92 ms (target: 16.67 ms)
      Impact: Overall performance bottleneck
      Suggestions:
        • Reduce draw calls
        • Optimize scripts in _process()
        • Check for expensive operations per frame

  🟠 [HIGH] Physics Bodies
      Value: 228 active bodies
      Impact: Physics engine load
      Suggestions:
        • Reduce NPC count
        • Convert distant NPCs to kinematic
        • Disable physics for far objects

  🟡 [MEDIUM] Physics Time
      Value: 6.03 ms
      Impact: Physics simulation overhead
      Suggestions:
        • Reduce number of active physics bodies
        • Simplify collision shapes
        • Disable physics for distant objects

  🟡 [MEDIUM] Vertex Count
      Value: 5085883 vertices/frame
      Impact: GPU vertex processing
      Suggestions:
        • Implement LOD for distant objects
        • Simplify building meshes
        • Use lower poly models

  🟡 [MEDIUM] Node Count
      Value: 16393 nodes
      Impact: Scene tree traversal overhead
      Suggestions:
        • Unload distant chunks
        • Pool and reuse nodes
        • Flatten hierarchy where possible

  🟡 [MEDIUM] Post-Processing Effects
      Value: SSAO, Glow/Bloom, Volumetric Fog
      Impact: GPU shader overhead
      Suggestions:
        • Reduce SSR quality
        • Disable SSAO on low-end hardware
        • Use simpler fog

📈 DETAILED STATS:
  Draw Calls: 1026 avg | 1497 max
  Vertices: 5085883 avg | 5221642 max
  Physics Bodies: 228
  Nodes: 16393
  VRAM: 731.2 MB

=================================================


========== PERFORMANCE METRICS ==========
Frames: 600
  total_frame: avg=0.24 ms, median=0.04 ms, max=12.32 ms, calls=600, total=146.9 ms
  road_queue: avg=0.13 ms, median=0.01 ms, max=10.11 ms, calls=600, total=78.2 ms
  road_batch_finalize: avg=8.39 ms, median=8.63 ms, max=10.10 ms, calls=4, total=33.6 ms
  curb_mesh: avg=0.04 ms, median=0.00 ms, max=1.71 ms, calls=586, total=20.6 ms
  building_results: avg=0.03 ms, median=0.00 ms, max=0.44 ms, calls=600, total=18.6 ms
  building_apply: avg=0.26 ms, median=0.26 ms, max=0.36 ms, calls=55, total=14.1 ms
  curb_collisions: avg=0.02 ms, median=0.00 ms, max=1.12 ms, calls=600, total=11.3 ms
  road_create: avg=0.24 ms, median=0.12 ms, max=3.90 ms, calls=43, total=10.4 ms
  terrain_queue: avg=0.02 ms, median=0.00 ms, max=4.98 ms, calls=600, total=9.8 ms
  infra_queue: avg=0.01 ms, median=0.00 ms, max=0.50 ms, calls=600, total=8.6 ms
  terrain_leisure: avg=1.65 ms, median=0.84 ms, max=4.11 ms, calls=5, total=8.2 ms
  infra_yield_sign: avg=0.41 ms, median=0.44 ms, max=0.48 ms, calls=19, total=7.8 ms
  vegetation_queue: avg=0.01 ms, median=0.00 ms, max=3.93 ms, calls=600, total=6.7 ms
  veg_trees: avg=1.20 ms, median=0.01 ms, max=3.92 ms, calls=5, total=6.0 ms
  window_batch_finalize: avg=1.07 ms, median=0.93 ms, max=2.33 ms, calls=5, total=5.3 ms
  building_sort: avg=0.06 ms, median=0.05 ms, max=0.09 ms, calls=25, total=1.4 ms
  curb_smooth: avg=0.04 ms, median=0.03 ms, max=0.14 ms, calls=34, total=1.2 ms
  curb_latlon: avg=0.01 ms, median=0.01 ms, max=0.02 ms, calls=34, total=0.4 ms
  terrain_landuse: avg=0.10 ms, median=0.10 ms, max=0.14 ms, calls=4, total=0.4 ms
  road_sort: avg=0.14 ms, median=0.14 ms, max=0.14 ms, calls=1, total=0.1 ms
  veg_bushes_grass: avg=0.02 ms, median=0.01 ms, max=0.03 ms, calls=5, total=0.1 ms
==========================================


========== DRAW CALL BREAKDOWN ==========
Total tracked draw calls: 1794

  Buildings   :   762 ( 42.5%) ████████
  Vegetation  :   720 ( 40.1%) ████████
  Terrain     :   149 (  8.3%) █
  Roads       :    61 (  3.4%) 
  Lamps       :    48 (  2.7%) 
  Windows     :    28 (  1.6%) 
  Signs       :    26 (  1.4%) 

💡 RECOMMENDATIONS:
  🔴 Buildings: 42.5% of draw calls
     → Implement MultiMeshInstance3D for building base meshes
=========================================


=== PERFORMANCE METRICS ===
FPS: 79 | Frame: 13.6 ms (max 22.1) | Physics: 16.6 ms (max 30.0)
Godot Process: 13.06 ms | Physics: 5.08 ms
Objects: 42914 | Nodes: 16393 | Resources: 536
Draw calls: 962 | Vertices: 5009209 | VRAM: 731.2 MB
Physics bodies: 216 | Collision pairs: 3083
--- System Times ---
  road_batch_finalize_total_-1,-1: 37.67 ms (max 37.67)
  road_batch_finalize_total_-1,-2: 5.66 ms (max 5.66)
  road_batch_finalize_total_-1,-3: 19.93 ms (max 19.93)
  road_batch_finalize_total_-1,0: 26.30 ms (max 26.30)
  road_batch_finalize_total_-2,-1: 24.83 ms (max 24.83)
  road_batch_finalize_total_-2,-2: 21.50 ms (max 21.50)
  road_batch_finalize_total_-2,-3: 18.42 ms (max 18.42)
  road_batch_finalize_total_-2,0: 25.21 ms (max 25.21)
  road_batch_finalize_total_-3,-1: 25.26 ms (max 25.26)
  road_batch_finalize_total_-3,-2: 23.07 ms (max 23.07)
  road_batch_finalize_total_-3,-3: 28.56 ms (max 28.56)
  road_batch_finalize_total_-3,0: 25.95 ms (max 25.95)
  road_batch_finalize_total_-4,-1: 11.02 ms (max 11.02)
  road_batch_finalize_total_-4,-2: 13.47 ms (max 13.47)
  road_batch_finalize_total_-4,-3: 10.07 ms (max 10.07)
  road_batch_finalize_total_-4,0: 12.72 ms (max 12.72)
  road_batch_finalize_total_-5,-1: 8.61 ms (max 8.61)
  road_batch_finalize_total_-5,-2: 7.38 ms (max 7.38)
  road_batch_finalize_total_-5,0: 7.42 ms (max 7.42)
  road_batch_finalize_total_0,-1: 25.66 ms (max 25.66)
  road_batch_finalize_total_0,-2: 23.65 ms (max 23.65)
  road_batch_finalize_total_0,-3: 26.79 ms (max 26.79)
  road_batch_finalize_total_0,0: 21.70 ms (max 21.70)
  road_batch_finalize_total_0,1: 23.77 ms (max 23.77)
  road_batch_finalize_total_1,-1: 29.52 ms (max 29.52)
  road_batch_finalize_total_1,-2: 7.67 ms (max 7.67)
  road_batch_finalize_total_1,0: 21.52 ms (max 21.52)
  road_collision_create_-1,-1: 12.30 ms (max 30.46)
  road_collision_create_-1,-2: 2.57 ms (max 3.40)
  road_collision_create_-1,-3: 6.40 ms (max 15.29)
  road_collision_create_-1,0: 12.90 ms (max 23.62)
  road_collision_create_-2,-1: 8.05 ms (max 18.66)
  road_collision_create_-2,-2: 10.42 ms (max 18.25)
  road_collision_create_-2,-3: 5.82 ms (max 11.37)
  road_collision_create_-2,0: 12.32 ms (max 21.55)
  road_collision_create_-3,-1: 12.21 ms (max 23.07)
  road_collision_create_-3,-2: 7.36 ms (max 13.27)
  road_collision_create_-3,-3: 9.19 ms (max 22.55)
  road_collision_create_-3,0: 12.53 ms (max 19.73)
  road_collision_create_-4,-1: 5.22 ms (max 7.57)
  road_collision_create_-4,-2: 4.19 ms (max 5.37)
  road_collision_create_-4,-3: 4.66 ms (max 7.18)
  road_collision_create_-4,0: 6.05 ms (max 9.23)
  road_collision_create_-5,-1: 8.10 ms (max 8.10)
  road_collision_create_-5,-2: 6.96 ms (max 6.96)
  road_collision_create_-5,0: 6.96 ms (max 6.96)
  road_collision_create_0,-1: 8.33 ms (max 19.70)
  road_collision_create_0,-2: 7.60 ms (max 16.02)
  road_collision_create_0,-3: 8.58 ms (max 19.82)
  road_collision_create_0,0: 6.99 ms (max 17.84)
  road_collision_create_0,1: 23.51 ms (max 23.51)
  road_collision_create_1,-1: 9.61 ms (max 24.76)
  road_collision_create_1,-2: 3.63 ms (max 4.87)
  road_collision_create_1,0: 21.23 ms (max 21.23)
===========================

=== PERFORMANCE METRICS ===
FPS: 79 | Frame: 13.6 ms (max 22.1) | Physics: 16.6 ms (max 30.0)
Godot Process: 13.06 ms | Physics: 5.08 ms
Objects: 42914 | Nodes: 16393 | Resources: 536
Draw calls: 962 | Vertices: 5009209 | VRAM: 731.2 MB
Physics bodies: 216 | Collision pairs: 3083
===========================
OSM: Unloaded chunk 0,-1
OSM: Unloaded chunk 0,0
🚗 Traffic: 7 active NPCs (Near: 0, Mid: 0, Far: 7), 24 pooled
  → Physics bodies from NPCs: 7 (All: 7×1, было бы 7×5=35)

========== Bottleneck Analysis Report ==========
Time: 70.8s | Frames: 3133

📊 PERFORMANCE OVERVIEW:
  FPS: 79.5 avg | 79.0 min
  Frame Time: 12.90 ms avg | 13.06 ms max
  Physics Time: 4.99 ms avg

🔍 BOTTLENECK IDENTIFICATION:
  🟠 [HIGH] Physics Bodies
      Value: 209 active bodies
      Impact: Physics engine load
      Suggestions:
        • Reduce NPC count
        • Convert distant NPCs to kinematic
        • Disable physics for far objects

  🟡 [MEDIUM] Vertex Count
      Value: 4989737 vertices/frame
      Impact: GPU vertex processing
      Suggestions:
        • Implement LOD for distant objects
        • Simplify building meshes
        • Use lower poly models

  🟡 [MEDIUM] Node Count
      Value: 14975 nodes
      Impact: Scene tree traversal overhead
      Suggestions:
        • Unload distant chunks
        • Pool and reuse nodes
        • Flatten hierarchy where possible

  🟡 [MEDIUM] Post-Processing Effects
      Value: SSAO, Glow/Bloom, Volumetric Fog
      Impact: GPU shader overhead
      Suggestions:
        • Reduce SSR quality
        • Disable SSAO on low-end hardware
        • Use simpler fog

📈 DETAILED STATS:
  Draw Calls: 990 avg | 1169 max
  Vertices: 4989737 avg | 5060307 max
  Physics Bodies: 209
  Nodes: 14975
  VRAM: 729.6 MB

=================================================

OSM: Loading chunk -5,-3 at lat=59.1235, lon=37.8763
OSM: Loaded from cache: osm_v2_59.1235_37.8763_250.json
OSM: Chunk -5,-3 data loaded
OSM: Found 1 entrance nodes in chunk
OSM: Found 7 POI nodes in chunk
POI_DEBUG: Found 'Ozon' inside building at local (-1488.9, -787.9)
BusinessSign: Found logo for 'ozon' -> res://textures/brand_logos/ozon.png
OSM: Generated 30 roads, 30 buildings, 0 trees, 0 signs, 0 lamps, 20 intersections
OSM: Marked chunk '-5,-3' for road batch finalization
OSM: Post-initial chunk loaded, pending_lamps=0
OSM: _create_pending_lamps started, count=0
OSM: No pending lamps
⚡ FRAME SPIKE #556: 25.1 ms at 61.9s (Draw: 933, Bodies: 194)
OSM: DEBUG _add_road_to_batch - first road for chunk '-5,-3', parent.name='Chunk_-5,-3'
⚠️ SLOW FRAME 15.4ms: building=0.5 road=14.3 terrain=0.3 infra=0.3 veg=0.0 curb=0.0ms
⚡ FRAME SPIKE #557: 27.6 ms at 61.9s (Draw: 941, Bodies: 195)
⚠️ SLOW FRAME 15.0ms: building=0.5 road=13.9 terrain=0.2 infra=0.3 veg=0.0 curb=0.0ms
⚡ FRAME SPIKE #558: 25.4 ms at 61.9s (Draw: 946, Bodies: 196)
🔴 FREEZE: road collision shape creation took 11.9 ms for chunk -5,-3 (type: residential)
OSM: ✅ Finalized road batch -5,-3/residential: 1350 vertices, 1310 triangles, material: <ImageTexture#-9223371972648368119>
OSM: ✅ Finalized road batch -5,-3/primary: 962 vertices, 958 triangles, material: <ImageTexture#-9223371972749031416>
OSM: ✅ Finalized road batch -5,-3/path: 752 vertices, 736 triangles, material: <ImageTexture#-9223371972547704822>
⚠️ SLOW: road batch finalization took 17.3 ms for chunk -5,-3
⚠️ SLOW FRAME 18.3ms: building=0.4 road=17.4 terrain=0.2 infra=0.3 veg=0.0 curb=0.0ms
🚗 Traffic: 2 active NPCs (Near: 0, Mid: 0, Far: 2), 29 pooled
  → Physics bodies from NPCs: 2 (All: 2×1, было бы 2×5=10)

========== Bottleneck Analysis Report ==========
Time: 72.8s | Frames: 3288

📊 PERFORMANCE OVERVIEW:
  FPS: 80.4 avg | 80.0 min
  Frame Time: 17.73 ms avg | 20.19 ms max
  Physics Time: 4.17 ms avg

🔍 BOTTLENECK IDENTIFICATION:
  🟠 [HIGH] Frame Time
      Value: 17.73 ms (target: 16.67 ms)
      Impact: Overall performance bottleneck
      Suggestions:
        • Reduce draw calls
        • Optimize scripts in _process()
        • Check for expensive operations per frame

  🟡 [MEDIUM] Vertex Count
      Value: 4701794 vertices/frame
      Impact: GPU vertex processing
      Suggestions:
        • Implement LOD for distant objects
        • Simplify building meshes
        • Use lower poly models

  🟡 [MEDIUM] Physics Bodies
      Value: 198 active bodies
      Impact: Physics engine load
      Suggestions:
        • Reduce NPC count
        • Convert distant NPCs to kinematic
        • Disable physics for far objects

  🟡 [MEDIUM] Node Count
      Value: 16166 nodes
      Impact: Scene tree traversal overhead
      Suggestions:
        • Unload distant chunks
        • Pool and reuse nodes
        • Flatten hierarchy where possible

  🟡 [MEDIUM] Post-Processing Effects
      Value: SSAO, Glow/Bloom, Volumetric Fog
      Impact: GPU shader overhead
      Suggestions:
        • Reduce SSR quality
        • Disable SSAO on low-end hardware
        • Use simpler fog

📈 DETAILED STATS:
  Draw Calls: 1011 avg | 1233 max
  Vertices: 4701794 avg | 4883466 max
  Physics Bodies: 198
  Nodes: 16166
  VRAM: 730.5 MB

=================================================

OSM: 🌙 NIGHT Window batch -5,-3 | night_mgr: CACHED | is_night value: true
OSM: ✅ Finalized window batch -5,-3: 5598 windows (was 5598 draw calls before batching)
OSM: Loading chunk -6,-1 at lat=59.1181, lon=37.8710
OSM: Loaded from cache: osm_v2_59.1181_37.8710_250.json
OSM: Chunk -6,-1 data loaded
OSM: Generated 6 roads, 16 buildings, 0 trees, 0 signs, 0 lamps, 4 intersections
OSM: Marked chunk '-6,-1' for road batch finalization
OSM: Post-initial chunk loaded, pending_lamps=256
OSM: _create_pending_lamps started, count=256
OSM: DEBUG - First lamp added to chunk -5,-3 batch
OSM: DEBUG - First lamp added to chunk -5,-2 batch
OSM: Created 214 lamps, skipped 42 (added to batches)
OSM: Finalizing 2 lamp batches immediately...
OSM: ✅ Finalized lamp batch -5,-3: 47 lamps (3 MultiMeshes + 47 lights, was 141 draw calls before)
OSM: ✅ Finalized lamp batch -5,-2: 3 lamps (3 MultiMeshes + 3 lights, was 9 draw calls before)
OSM: DEBUG _add_road_to_batch - first road for chunk '-6,-1', parent.name='Chunk_-6,-1'
🔴 FREEZE: road collision shape creation took 9.4 ms for chunk -6,-1 (type: residential)
OSM: ✅ Finalized road batch -6,-1/residential: 394 vertices, 382 triangles, material: <ImageTexture#-9223371972648368119>
⚠️ SLOW: road batch finalization took 9.7 ms for chunk -6,-1
⚠️ SLOW FRAME 10.4ms: building=0.4 road=9.7 terrain=0.0 infra=0.2 veg=0.0 curb=0.0ms
OSM: 🌙 NIGHT Window batch -6,-1 | night_mgr: CACHED | is_night value: true
OSM: ✅ Finalized window batch -6,-1: 1652 windows (was 1652 draw calls before batching)

=== PERFORMANCE METRICS ===
FPS: 79 | Frame: 12.9 ms (max 27.6) | Physics: 16.6 ms (max 37.6)
Godot Process: 13.79 ms | Physics: 8.83 ms
Objects: 44111 | Nodes: 16532 | Resources: 536
Draw calls: 991 | Vertices: 4547368 | VRAM: 731.8 MB
Physics bodies: 215 | Collision pairs: 3105
--- System Times ---
  road_batch_finalize_total_-1,-1: 37.67 ms (max 37.67)
  road_batch_finalize_total_-1,-2: 5.66 ms (max 5.66)
  road_batch_finalize_total_-1,-3: 19.93 ms (max 19.93)
  road_batch_finalize_total_-1,0: 26.30 ms (max 26.30)
  road_batch_finalize_total_-2,-1: 24.83 ms (max 24.83)
  road_batch_finalize_total_-2,-2: 21.50 ms (max 21.50)
  road_batch_finalize_total_-2,-3: 18.42 ms (max 18.42)
  road_batch_finalize_total_-2,0: 25.21 ms (max 25.21)
  road_batch_finalize_total_-3,-1: 25.26 ms (max 25.26)
  road_batch_finalize_total_-3,-2: 23.07 ms (max 23.07)
  road_batch_finalize_total_-3,-3: 28.56 ms (max 28.56)
  road_batch_finalize_total_-3,0: 25.95 ms (max 25.95)
  road_batch_finalize_total_-4,-1: 11.02 ms (max 11.02)
  road_batch_finalize_total_-4,-2: 13.47 ms (max 13.47)
  road_batch_finalize_total_-4,-3: 10.07 ms (max 10.07)
  road_batch_finalize_total_-4,0: 12.72 ms (max 12.72)
  road_batch_finalize_total_-5,-1: 8.61 ms (max 8.61)
  road_batch_finalize_total_-5,-2: 7.38 ms (max 7.38)
  road_batch_finalize_total_-5,-3: 17.31 ms (max 17.31)
  road_batch_finalize_total_-5,0: 7.42 ms (max 7.42)
  road_batch_finalize_total_-6,-1: 9.66 ms (max 9.66)
  road_batch_finalize_total_0,-1: 25.66 ms (max 25.66)
  road_batch_finalize_total_0,-2: 23.65 ms (max 23.65)
  road_batch_finalize_total_0,-3: 26.79 ms (max 26.79)
  road_batch_finalize_total_0,0: 21.70 ms (max 21.70)
  road_batch_finalize_total_0,1: 23.77 ms (max 23.77)
  road_batch_finalize_total_1,-1: 29.52 ms (max 29.52)
  road_batch_finalize_total_1,-2: 7.67 ms (max 7.67)
  road_batch_finalize_total_1,0: 21.52 ms (max 21.52)
  road_collision_create_-1,-1: 12.30 ms (max 30.46)
  road_collision_create_-1,-2: 2.57 ms (max 3.40)
  road_collision_create_-1,-3: 6.40 ms (max 15.29)
  road_collision_create_-1,0: 12.90 ms (max 23.62)
  road_collision_create_-2,-1: 8.05 ms (max 18.66)
  road_collision_create_-2,-2: 10.42 ms (max 18.25)
  road_collision_create_-2,-3: 5.82 ms (max 11.37)
  road_collision_create_-2,0: 12.32 ms (max 21.55)
  road_collision_create_-3,-1: 12.21 ms (max 23.07)
  road_collision_create_-3,-2: 7.36 ms (max 13.27)
  road_collision_create_-3,-3: 9.19 ms (max 22.55)
  road_collision_create_-3,0: 12.53 ms (max 19.73)
  road_collision_create_-4,-1: 5.22 ms (max 7.57)
  road_collision_create_-4,-2: 4.19 ms (max 5.37)
  road_collision_create_-4,-3: 4.66 ms (max 7.18)
  road_collision_create_-4,0: 6.05 ms (max 9.23)
  road_collision_create_-5,-1: 8.10 ms (max 8.10)
  road_collision_create_-5,-2: 6.96 ms (max 6.96)
  road_collision_create_-5,-3: 5.41 ms (max 11.86)
  road_collision_create_-5,0: 6.96 ms (max 6.96)
  road_collision_create_-6,-1: 9.36 ms (max 9.36)
  road_collision_create_0,-1: 8.33 ms (max 19.70)
  road_collision_create_0,-2: 7.60 ms (max 16.02)
  road_collision_create_0,-3: 8.58 ms (max 19.82)
  road_collision_create_0,0: 6.99 ms (max 17.84)
  road_collision_create_0,1: 23.51 ms (max 23.51)
  road_collision_create_1,-1: 9.61 ms (max 24.76)
  road_collision_create_1,-2: 3.63 ms (max 4.87)
  road_collision_create_1,0: 21.23 ms (max 21.23)
===========================

=== PERFORMANCE METRICS ===
FPS: 79 | Frame: 12.9 ms (max 27.6) | Physics: 16.6 ms (max 37.5)
Godot Process: 13.79 ms | Physics: 8.83 ms
Objects: 44111 | Nodes: 16532 | Resources: 536
Draw calls: 991 | Vertices: 4547368 | VRAM: 731.8 MB
Physics bodies: 215 | Collision pairs: 3105
===========================
🚗 Traffic: 0 active NPCs (Near: 0, Mid: 0, Far: 0), 31 pooled
  → Physics bodies from NPCs: 0 (All: 0×1, было бы 0×5=0)

========== Bottleneck Analysis Report ==========
Time: 74.8s | Frames: 3444

📊 PERFORMANCE OVERVIEW:
  FPS: 74.5 avg | 70.0 min
  Frame Time: 24.15 ms avg | 34.52 ms max
  Physics Time: 6.04 ms avg

🔍 BOTTLENECK IDENTIFICATION:
  🟠 [HIGH] Frame Time
      Value: 24.15 ms (target: 16.67 ms)
      Impact: Overall performance bottleneck
      Suggestions:
        • Reduce draw calls
        • Optimize scripts in _process()
        • Check for expensive operations per frame

  🟠 [HIGH] Physics Bodies
      Value: 215 active bodies
      Impact: Physics engine load
      Suggestions:
        • Reduce NPC count
        • Convert distant NPCs to kinematic
        • Disable physics for far objects

  🟡 [MEDIUM] Physics Time
      Value: 6.04 ms
      Impact: Physics simulation overhead
      Suggestions:
        • Reduce number of active physics bodies
        • Simplify collision shapes
        • Disable physics for distant objects

  🟡 [MEDIUM] Vertex Count
      Value: 4860921 vertices/frame
      Impact: GPU vertex processing
      Suggestions:
        • Implement LOD for distant objects
        • Simplify building meshes
        • Use lower poly models

  🟡 [MEDIUM] Node Count
      Value: 16532 nodes
      Impact: Scene tree traversal overhead
      Suggestions:
        • Unload distant chunks
        • Pool and reuse nodes
        • Flatten hierarchy where possible

  🟡 [MEDIUM] Post-Processing Effects
      Value: SSAO, Glow/Bloom, Volumetric Fog
      Impact: GPU shader overhead
      Suggestions:
        • Reduce SSR quality
        • Disable SSAO on low-end hardware
        • Use simpler fog

📈 DETAILED STATS:
  Draw Calls: 997 avg | 1040 max
  Vertices: 4860921 avg | 5000997 max
  Physics Bodies: 215
  Nodes: 16532
  VRAM: 731.8 MB

=================================================

OSM: Loading chunk -6,-2 at lat=59.1208, lon=37.8710
OSM: Trying server https://overpass.kumi.systems/api/interpreter (attempt 1)
thirdparty/mbedtls/library/ssl_tls13_generic.c:1552: 0x7fdc04349658: Perform PSA-based ECDH/FFDH computation.
thirdparty/mbedtls/library/ssl_tls13_client.c:1950: 0x7fdc04349658: Switch to handshake keys for inbound traffic
thirdparty/mbedtls/library/ssl_tls13_generic.c:0403: 0x7fdc04349658: mbedtls_ssl_tls13_process_certificate_verify() returned 0 (-0x0000)
thirdparty/mbedtls/library/ssl_tls13_client.c:2640: 0x7fdc04349658: Switch to handshake traffic keys for outbound traffic
thirdparty/mbedtls/library/ssl_tls13_generic.c:1235: 0x7fdc04349658: Switch to application keys for inbound traffic
thirdparty/mbedtls/library/ssl_tls13_generic.c:1238: 0x7fdc04349658: Switch to application keys for outbound traffic
OSM: Loading chunk -6,0 at lat=59.1153, lon=37.8710
OSM: Trying server https://overpass.kumi.systems/api/interpreter (attempt 1)
thirdparty/mbedtls/library/ssl_tls13_generic.c:1552: 0x7fdc05e4ca58: Perform PSA-based ECDH/FFDH computation.
thirdparty/mbedtls/library/ssl_tls13_client.c:1950: 0x7fdc05e4ca58: Switch to handshake keys for inbound traffic
thirdparty/mbedtls/library/ssl_tls13_generic.c:0403: 0x7fdc05e4ca58: mbedtls_ssl_tls13_process_certificate_verify() returned 0 (-0x0000)
thirdparty/mbedtls/library/ssl_tls13_client.c:2640: 0x7fdc05e4ca58: Switch to handshake traffic keys for outbound traffic
thirdparty/mbedtls/library/ssl_tls13_generic.c:1235: 0x7fdc05e4ca58: Switch to application keys for inbound traffic
thirdparty/mbedtls/library/ssl_tls13_generic.c:1238: 0x7fdc05e4ca58: Switch to application keys for outbound traffic

========== PERFORMANCE METRICS ==========
Frames: 600
  total_frame: avg=0.24 ms, median=0.05 ms, max=18.27 ms, calls=600, total=141.9 ms
  road_queue: avg=0.15 ms, median=0.01 ms, max=17.36 ms, calls=600, total=89.9 ms
  road_create: avg=0.85 ms, median=0.12 ms, max=13.18 ms, calls=36, total=30.6 ms
  road_batch_finalize: avg=13.52 ms, median=17.35 ms, max=17.35 ms, calls=2, total=27.0 ms
  curb_mesh: avg=0.03 ms, median=0.00 ms, max=2.42 ms, calls=592, total=20.4 ms
  building_results: avg=0.03 ms, median=0.00 ms, max=0.55 ms, calls=600, total=17.4 ms
  building_apply: avg=0.27 ms, median=0.28 ms, max=0.39 ms, calls=46, total=12.3 ms
  curb_collisions: avg=0.01 ms, median=0.00 ms, max=1.31 ms, calls=600, total=8.8 ms
  infra_queue: avg=0.01 ms, median=0.00 ms, max=0.40 ms, calls=600, total=8.2 ms
  infra_yield_sign: avg=0.30 ms, median=0.31 ms, max=0.39 ms, calls=24, total=7.2 ms
  window_batch_finalize: avg=1.75 ms, median=2.61 ms, max=2.61 ms, calls=2, total=3.5 ms
  terrain_queue: avg=0.00 ms, median=0.00 ms, max=0.37 ms, calls=600, total=2.2 ms
  building_sort: avg=0.07 ms, median=0.07 ms, max=0.14 ms, calls=26, total=1.9 ms
  curb_smooth: avg=0.04 ms, median=0.03 ms, max=0.20 ms, calls=28, total=1.2 ms
  terrain_landuse: avg=0.12 ms, median=0.12 ms, max=0.20 ms, calls=9, total=1.1 ms
  vegetation_queue: avg=0.00 ms, median=0.00 ms, max=0.01 ms, calls=600, total=0.6 ms
  curb_latlon: avg=0.02 ms, median=0.01 ms, max=0.03 ms, calls=28, total=0.5 ms
==========================================


========== DRAW CALL BREAKDOWN ==========
Total tracked draw calls: 1903

  Buildings   :   850 ( 44.7%) ████████
  Vegetation  :   720 ( 37.8%) ███████
  Terrain     :   158 (  8.3%) █
  Roads       :    65 (  3.4%) 
  Lamps       :    54 (  2.8%) 
  Windows     :    30 (  1.6%) 
  Signs       :    26 (  1.4%) 

💡 RECOMMENDATIONS:
  🔴 Buildings: 44.7% of draw calls
     → Implement MultiMeshInstance3D for building base meshes
=========================================

🚗 Traffic: 0 active NPCs (Near: 0, Mid: 0, Far: 0), 31 pooled
  → Physics bodies from NPCs: 0 (All: 0×1, было бы 0×5=0)

========== Bottleneck Analysis Report ==========
Time: 76.8s | Frames: 3608

📊 PERFORMANCE OVERVIEW:
  FPS: 81.0 avg | 81.0 min
  Frame Time: 16.73 ms avg | 20.78 ms max
  Physics Time: 3.13 ms avg

🔍 BOTTLENECK IDENTIFICATION:
  🟠 [HIGH] Frame Time
      Value: 16.73 ms (target: 16.67 ms)
      Impact: Overall performance bottleneck
      Suggestions:
        • Reduce draw calls
        • Optimize scripts in _process()
        • Check for expensive operations per frame

  🟠 [HIGH] Physics Bodies
      Value: 215 active bodies
      Impact: Physics engine load
      Suggestions:
        • Reduce NPC count
        • Convert distant NPCs to kinematic
        • Disable physics for far objects

  🟡 [MEDIUM] Vertex Count
      Value: 4225721 vertices/frame
      Impact: GPU vertex processing
      Suggestions:
        • Implement LOD for distant objects
        • Simplify building meshes
        • Use lower poly models

  🟡 [MEDIUM] Node Count
      Value: 16538 nodes
      Impact: Scene tree traversal overhead
      Suggestions:
        • Unload distant chunks
        • Pool and reuse nodes
        • Flatten hierarchy where possible

  🟡 [MEDIUM] Post-Processing Effects
      Value: SSAO, Glow/Bloom, Volumetric Fog
      Impact: GPU shader overhead
      Suggestions:
        • Reduce SSR quality
        • Disable SSAO on low-end hardware
        • Use simpler fog

📈 DETAILED STATS:
  Draw Calls: 1007 avg | 1153 max
  Vertices: 4225721 avg | 4658137 max
  Physics Bodies: 215
  Nodes: 16538
  VRAM: 731.8 MB

=================================================

OSM: Parsed 485 nodes, 86 ways, 0 point objects, 0 entrances, 0 POI nodes
OSM: Cached data to osm_v2_59.1208_37.8710_250.json
OSM: Chunk -6,-2 data loaded
OSM: Generated 8 roads, 26 buildings, 0 trees, 0 signs, 0 lamps, 3 intersections
OSM: Marked chunk '-6,-2' for road batch finalization
OSM: Post-initial chunk loaded, pending_lamps=0
OSM: _create_pending_lamps started, count=0
OSM: No pending lamps
OSM: DEBUG _add_road_to_batch - first road for chunk '-6,-2', parent.name='Chunk_-6,-2'
🔴 FREEZE: road collision shape creation took 10.7 ms for chunk -6,-2 (type: residential)
OSM: ✅ Finalized road batch -6,-2/residential: 760 vertices, 744 triangles, material: <ImageTexture#-9223371972648368119>
⚠️ SLOW: road batch finalization took 11.0 ms for chunk -6,-2
⚠️ SLOW FRAME 11.7ms: building=0.4 road=11.0 terrain=0.0 infra=0.2 veg=0.0 curb=0.0ms
OSM: Unloaded chunk -1,1
OSM: Loading chunk -5,1 at lat=59.1126, lon=37.8763
OSM: Trying server https://overpass.kumi.systems/api/interpreter (attempt 1)
thirdparty/mbedtls/library/ssl_tls13_generic.c:1552: 0x7fdbe3029058: Perform PSA-based ECDH/FFDH computation.
thirdparty/mbedtls/library/ssl_tls13_client.c:1950: 0x7fdbe3029058: Switch to handshake keys for inbound traffic
thirdparty/mbedtls/library/ssl_tls13_generic.c:0403: 0x7fdbe3029058: mbedtls_ssl_tls13_process_certificate_verify() returned 0 (-0x0000)
thirdparty/mbedtls/library/ssl_tls13_client.c:2640: 0x7fdbe3029058: Switch to handshake traffic keys for outbound traffic
thirdparty/mbedtls/library/ssl_tls13_generic.c:1235: 0x7fdbe3029058: Switch to application keys for inbound traffic
thirdparty/mbedtls/library/ssl_tls13_generic.c:1238: 0x7fdbe3029058: Switch to application keys for outbound traffic
OSM: Unloaded chunk -1,-2
🚗 Traffic: 0 active NPCs (Near: 0, Mid: 0, Far: 0), 31 pooled
  → Physics bodies from NPCs: 0 (All: 0×1, было бы 0×5=0)

========== Bottleneck Analysis Report ==========
Time: 78.8s | Frames: 3773

📊 PERFORMANCE OVERVIEW:
  FPS: 82.1 avg | 80.0 min
  Frame Time: 17.23 ms avg | 22.74 ms max
  Physics Time: 3.12 ms avg

🔍 BOTTLENECK IDENTIFICATION:
  🟠 [HIGH] Frame Time
      Value: 17.23 ms (target: 16.67 ms)
      Impact: Overall performance bottleneck
      Suggestions:
        • Reduce draw calls
        • Optimize scripts in _process()
        • Check for expensive operations per frame

  🟠 [HIGH] Physics Bodies
      Value: 212 active bodies
      Impact: Physics engine load
      Suggestions:
        • Reduce NPC count
        • Convert distant NPCs to kinematic
        • Disable physics for far objects

  🟡 [MEDIUM] Vertex Count
      Value: 3806628 vertices/frame
      Impact: GPU vertex processing
      Suggestions:
        • Implement LOD for distant objects
        • Simplify building meshes
        • Use lower poly models

  🟡 [MEDIUM] Node Count
      Value: 16112 nodes
      Impact: Scene tree traversal overhead
      Suggestions:
        • Unload distant chunks
        • Pool and reuse nodes
        • Flatten hierarchy where possible

  🟡 [MEDIUM] Post-Processing Effects
      Value: SSAO, Glow/Bloom, Volumetric Fog
      Impact: GPU shader overhead
      Suggestions:
        • Reduce SSR quality
        • Disable SSAO on low-end hardware
        • Use simpler fog

📈 DETAILED STATS:
  Draw Calls: 976 avg | 998 max
  Vertices: 3806628 avg | 3891628 max
  Physics Bodies: 212
  Nodes: 16112
  VRAM: 731.3 MB

=================================================


=== PERFORMANCE METRICS ===
FPS: 82 | Frame: 12.1 ms (max 21.4) | Physics: 16.6 ms (max 27.1)
Godot Process: 16.80 ms | Physics: 3.10 ms
Objects: 43249 | Nodes: 16112 | Resources: 536
Draw calls: 906 | Vertices: 3251372 | VRAM: 731.3 MB
Physics bodies: 199 | Collision pairs: 2815
--- System Times ---
  road_batch_finalize_total_-1,-1: 37.67 ms (max 37.67)
  road_batch_finalize_total_-1,-2: 5.66 ms (max 5.66)
  road_batch_finalize_total_-1,-3: 19.93 ms (max 19.93)
  road_batch_finalize_total_-1,0: 26.30 ms (max 26.30)
  road_batch_finalize_total_-2,-1: 24.83 ms (max 24.83)
  road_batch_finalize_total_-2,-2: 21.50 ms (max 21.50)
  road_batch_finalize_total_-2,-3: 18.42 ms (max 18.42)
  road_batch_finalize_total_-2,0: 25.21 ms (max 25.21)
  road_batch_finalize_total_-3,-1: 25.26 ms (max 25.26)
  road_batch_finalize_total_-3,-2: 23.07 ms (max 23.07)
  road_batch_finalize_total_-3,-3: 28.56 ms (max 28.56)
  road_batch_finalize_total_-3,0: 25.95 ms (max 25.95)
  road_batch_finalize_total_-4,-1: 11.02 ms (max 11.02)
  road_batch_finalize_total_-4,-2: 13.47 ms (max 13.47)
  road_batch_finalize_total_-4,-3: 10.07 ms (max 10.07)
  road_batch_finalize_total_-4,0: 12.72 ms (max 12.72)
  road_batch_finalize_total_-5,-1: 8.61 ms (max 8.61)
  road_batch_finalize_total_-5,-2: 7.38 ms (max 7.38)
  road_batch_finalize_total_-5,-3: 17.31 ms (max 17.31)
  road_batch_finalize_total_-5,0: 7.42 ms (max 7.42)
  road_batch_finalize_total_-6,-1: 9.66 ms (max 9.66)
  road_batch_finalize_total_-6,-2: 10.99 ms (max 10.99)
  road_batch_finalize_total_0,-1: 25.66 ms (max 25.66)
  road_batch_finalize_total_0,-2: 23.65 ms (max 23.65)
  road_batch_finalize_total_0,-3: 26.79 ms (max 26.79)
  road_batch_finalize_total_0,0: 21.70 ms (max 21.70)
  road_batch_finalize_total_0,1: 23.77 ms (max 23.77)
  road_batch_finalize_total_1,-1: 29.52 ms (max 29.52)
  road_batch_finalize_total_1,-2: 7.67 ms (max 7.67)
  road_batch_finalize_total_1,0: 21.52 ms (max 21.52)
  road_collision_create_-1,-1: 12.30 ms (max 30.46)
  road_collision_create_-1,-2: 2.57 ms (max 3.40)
  road_collision_create_-1,-3: 6.40 ms (max 15.29)
  road_collision_create_-1,0: 12.90 ms (max 23.62)
  road_collision_create_-2,-1: 8.05 ms (max 18.66)
  road_collision_create_-2,-2: 10.42 ms (max 18.25)
  road_collision_create_-2,-3: 5.82 ms (max 11.37)
  road_collision_create_-2,0: 12.32 ms (max 21.55)
  road_collision_create_-3,-1: 12.21 ms (max 23.07)
  road_collision_create_-3,-2: 7.36 ms (max 13.27)
  road_collision_create_-3,-3: 9.19 ms (max 22.55)
  road_collision_create_-3,0: 12.53 ms (max 19.73)
  road_collision_create_-4,-1: 5.22 ms (max 7.57)
  road_collision_create_-4,-2: 4.19 ms (max 5.37)
  road_collision_create_-4,-3: 4.66 ms (max 7.18)
  road_collision_create_-4,0: 6.05 ms (max 9.23)
  road_collision_create_-5,-1: 8.10 ms (max 8.10)
  road_collision_create_-5,-2: 6.96 ms (max 6.96)
  road_collision_create_-5,-3: 5.41 ms (max 11.86)
  road_collision_create_-5,0: 6.96 ms (max 6.96)
  road_collision_create_-6,-1: 9.36 ms (max 9.36)
  road_collision_create_-6,-2: 10.68 ms (max 10.68)
  road_collision_create_0,-1: 8.33 ms (max 19.70)
  road_collision_create_0,-2: 7.60 ms (max 16.02)
  road_collision_create_0,-3: 8.58 ms (max 19.82)
  road_collision_create_0,0: 6.99 ms (max 17.84)
  road_collision_create_0,1: 23.51 ms (max 23.51)
  road_collision_create_1,-1: 9.61 ms (max 24.76)
  road_collision_create_1,-2: 3.63 ms (max 4.87)
  road_collision_create_1,0: 21.23 ms (max 21.23)
===========================

=== PERFORMANCE METRICS ===
FPS: 82 | Frame: 12.1 ms (max 21.4) | Physics: 16.6 ms (max 27.1)
Godot Process: 16.80 ms | Physics: 3.10 ms
Objects: 43249 | Nodes: 16112 | Resources: 536
Draw calls: 906 | Vertices: 3251372 | VRAM: 731.3 MB
Physics bodies: 199 | Collision pairs: 2815
===========================
OSM: Parsed 71 nodes, 1 ways, 0 point objects, 0 entrances, 0 POI nodes
OSM: Cached data to osm_v2_59.1126_37.8763_250.json
OSM: Chunk -5,1 data loaded
OSM: Generated 0 roads, 0 buildings, 0 trees, 0 signs, 0 lamps, 0 intersections
OSM: Marked chunk '-5,1' for road batch finalization
OSM: Post-initial chunk loaded, pending_lamps=0
OSM: _create_pending_lamps started, count=0
OSM: No pending lamps
🚗 Traffic: 0 active NPCs (Near: 0, Mid: 0, Far: 0), 31 pooled
  → Physics bodies from NPCs: 0 (All: 0×1, было бы 0×5=0)

========== Bottleneck Analysis Report ==========
Time: 80.8s | Frames: 3941

📊 PERFORMANCE OVERVIEW:
  FPS: 83.1 avg | 82.0 min
  Frame Time: 14.84 ms avg | 16.80 ms max
  Physics Time: 3.01 ms avg

🔍 BOTTLENECK IDENTIFICATION:
  🟡 [MEDIUM] Vertex Count
      Value: 3317853 vertices/frame
      Impact: GPU vertex processing
      Suggestions:
        • Implement LOD for distant objects
        • Simplify building meshes
        • Use lower poly models

  🟡 [MEDIUM] Physics Bodies
      Value: 199 active bodies
      Impact: Physics engine load
      Suggestions:
        • Reduce NPC count
        • Convert distant NPCs to kinematic
        • Disable physics for far objects

  🟡 [MEDIUM] Node Count
      Value: 16110 nodes
      Impact: Scene tree traversal overhead
      Suggestions:
        • Unload distant chunks
        • Pool and reuse nodes
        • Flatten hierarchy where possible

  🟡 [MEDIUM] Post-Processing Effects
      Value: SSAO, Glow/Bloom, Volumetric Fog
      Impact: GPU shader overhead
      Suggestions:
        • Reduce SSR quality
        • Disable SSAO on low-end hardware
        • Use simpler fog

📈 DETAILED STATS:
  Draw Calls: 931 avg | 1091 max
  Vertices: 3317853 avg | 3875776 max
  Physics Bodies: 199
  Nodes: 16110
  VRAM: 731.3 MB

=================================================

OSM: Unloaded chunk -2,-3
OSM: Unloaded chunk -1,0
OSM: Unloaded chunk -1,-1
OSM: Loading chunk -6,-3 at lat=59.1235, lon=37.8710
OSM: Trying server https://overpass.kumi.systems/api/interpreter (attempt 1)
thirdparty/mbedtls/library/ssl_tls13_generic.c:1552: 0x7fdbe3381858: Perform PSA-based ECDH/FFDH computation.
thirdparty/mbedtls/library/ssl_tls13_client.c:1950: 0x7fdbe3381858: Switch to handshake keys for inbound traffic
thirdparty/mbedtls/library/ssl_tls13_generic.c:0403: 0x7fdbe3381858: mbedtls_ssl_tls13_process_certificate_verify() returned 0 (-0x0000)
thirdparty/mbedtls/library/ssl_tls13_client.c:2640: 0x7fdbe3381858: Switch to handshake traffic keys for outbound traffic
thirdparty/mbedtls/library/ssl_tls13_generic.c:1235: 0x7fdbe3381858: Switch to application keys for inbound traffic
thirdparty/mbedtls/library/ssl_tls13_generic.c:1238: 0x7fdbe3381858: Switch to application keys for outbound traffic
OSM: Parsed 152 nodes, 16 ways, 0 point objects, 0 entrances, 0 POI nodes
OSM: Cached data to osm_v2_59.1153_37.8710_250.json
OSM: Chunk -6,0 data loaded
OSM: Generated 1 roads, 5 buildings, 0 trees, 0 signs, 0 lamps, 0 intersections
OSM: Marked chunk '-6,0' for road batch finalization
OSM: Post-initial chunk loaded, pending_lamps=0
OSM: _create_pending_lamps started, count=0
OSM: No pending lamps
OSM: DEBUG _add_road_to_batch - first road for chunk '-6,0', parent.name='Chunk_-6,0'
🚗 Traffic: 0 active NPCs (Near: 0, Mid: 0, Far: 0), 31 pooled
  → Physics bodies from NPCs: 0 (All: 0×1, было бы 0×5=0)

========== Bottleneck Analysis Report ==========
Time: 82.8s | Frames: 4112

📊 PERFORMANCE OVERVIEW:
  FPS: 84.6 avg | 84.0 min
  Frame Time: 20.02 ms avg | 21.22 ms max
  Physics Time: 3.07 ms avg

🔍 BOTTLENECK IDENTIFICATION:
  🟠 [HIGH] Frame Time
      Value: 20.02 ms (target: 16.67 ms)
      Impact: Overall performance bottleneck
      Suggestions:
        • Reduce draw calls
        • Optimize scripts in _process()
        • Check for expensive operations per frame

  🟡 [MEDIUM] Vertex Count
      Value: 3012963 vertices/frame
      Impact: GPU vertex processing
      Suggestions:
        • Implement LOD for distant objects
        • Simplify building meshes
        • Use lower poly models

  🟡 [MEDIUM] Node Count
      Value: 12693 nodes
      Impact: Scene tree traversal overhead
      Suggestions:
        • Unload distant chunks
        • Pool and reuse nodes
        • Flatten hierarchy where possible

  🟡 [MEDIUM] Post-Processing Effects
      Value: SSAO, Glow/Bloom, Volumetric Fog
      Impact: GPU shader overhead
      Suggestions:
        • Reduce SSR quality
        • Disable SSAO on low-end hardware
        • Use simpler fog

📈 DETAILED STATS:
  Draw Calls: 874 avg | 1029 max
  Vertices: 3012963 avg | 3640354 max
  Physics Bodies: 149
  Nodes: 12693
  VRAM: 728.2 MB

=================================================

🔴 FREEZE: road collision shape creation took 11.8 ms for chunk -6,0 (type: residential)
OSM: ✅ Finalized road batch -6,0/residential: 50 vertices, 48 triangles, material: <ImageTexture#-9223371972648368119>
⚠️ SLOW: road batch finalization took 12.1 ms for chunk -6,0
⚠️ SLOW FRAME 12.5ms: building=0.4 road=12.1 terrain=0.0 infra=0.0 veg=0.0 curb=0.0ms

========== PERFORMANCE METRICS ==========
Frames: 600
  total_frame: avg=0.12 ms, median=0.04 ms, max=12.50 ms, calls=600, total=71.2 ms
  road_queue: avg=0.06 ms, median=0.01 ms, max=12.12 ms, calls=600, total=37.6 ms
  road_batch_finalize: avg=11.56 ms, median=12.11 ms, max=12.11 ms, calls=2, total=23.1 ms
  building_results: avg=0.02 ms, median=0.00 ms, max=0.53 ms, calls=600, total=12.0 ms
  building_apply: avg=0.27 ms, median=0.27 ms, max=0.36 ms, calls=31, total=8.3 ms
  curb_mesh: avg=0.01 ms, median=0.00 ms, max=1.14 ms, calls=595, total=6.9 ms
  curb_collisions: avg=0.01 ms, median=0.00 ms, max=0.63 ms, calls=600, total=3.6 ms
  road_create: avg=0.23 ms, median=0.19 ms, max=0.59 ms, calls=9, total=2.0 ms
  infra_queue: avg=0.00 ms, median=0.00 ms, max=0.33 ms, calls=600, total=1.6 ms
  building_sort: avg=0.07 ms, median=0.07 ms, max=0.12 ms, calls=16, total=1.1 ms
  terrain_queue: avg=0.00 ms, median=0.00 ms, max=0.01 ms, calls=600, total=1.0 ms
  infra_yield_sign: avg=0.29 ms, median=0.32 ms, max=0.32 ms, calls=3, total=0.9 ms
  vegetation_queue: avg=0.00 ms, median=0.00 ms, max=0.01 ms, calls=600, total=0.6 ms
  curb_smooth: avg=0.04 ms, median=0.03 ms, max=0.09 ms, calls=9, total=0.4 ms
  curb_latlon: avg=0.01 ms, median=0.01 ms, max=0.03 ms, calls=9, total=0.1 ms
==========================================


========== DRAW CALL BREAKDOWN ==========
Total tracked draw calls: 1965

  Buildings   :   910 ( 46.3%) █████████
  Vegetation  :   720 ( 36.6%) ███████
  Terrain     :   158 (  8.0%) █
  Roads       :    67 (  3.4%) 
  Lamps       :    54 (  2.7%) 
  Windows     :    30 (  1.5%) 
  Signs       :    26 (  1.3%) 

💡 RECOMMENDATIONS:
  🔴 Buildings: 46.3% of draw calls
     → Implement MultiMeshInstance3D for building base meshes
=========================================

OSM: Loading chunk -7,-1 at lat=59.1181, lon=37.8658
OSM: Trying server https://overpass.kumi.systems/api/interpreter (attempt 1)
thirdparty/mbedtls/library/ssl_tls13_generic.c:1552: 0x7fdc06045658: Perform PSA-based ECDH/FFDH computation.
thirdparty/mbedtls/library/ssl_tls13_client.c:1950: 0x7fdc06045658: Switch to handshake keys for inbound traffic
thirdparty/mbedtls/library/ssl_tls13_generic.c:0403: 0x7fdc06045658: mbedtls_ssl_tls13_process_certificate_verify() returned 0 (-0x0000)
thirdparty/mbedtls/library/ssl_tls13_client.c:2640: 0x7fdc06045658: Switch to handshake traffic keys for outbound traffic
thirdparty/mbedtls/library/ssl_tls13_generic.c:1235: 0x7fdc06045658: Switch to application keys for inbound traffic
thirdparty/mbedtls/library/ssl_tls13_generic.c:1238: 0x7fdc06045658: Switch to application keys for outbound traffic

=== PERFORMANCE METRICS ===
FPS: 88 | Frame: 11.6 ms (max 15.2) | Physics: 16.6 ms (max 34.4)
Godot Process: 13.15 ms | Physics: 2.34 ms
Objects: 36586 | Nodes: 12768 | Resources: 536
Draw calls: 816 | Vertices: 2591895 | VRAM: 728.2 MB
Physics bodies: 140 | Collision pairs: 1808
--- System Times ---
  road_batch_finalize_total_-1,-1: 37.67 ms (max 37.67)
  road_batch_finalize_total_-1,-2: 5.66 ms (max 5.66)
  road_batch_finalize_total_-1,-3: 19.93 ms (max 19.93)
  road_batch_finalize_total_-1,0: 26.30 ms (max 26.30)
  road_batch_finalize_total_-2,-1: 24.83 ms (max 24.83)
  road_batch_finalize_total_-2,-2: 21.50 ms (max 21.50)
  road_batch_finalize_total_-2,-3: 18.42 ms (max 18.42)
  road_batch_finalize_total_-2,0: 25.21 ms (max 25.21)
  road_batch_finalize_total_-3,-1: 25.26 ms (max 25.26)
  road_batch_finalize_total_-3,-2: 23.07 ms (max 23.07)
  road_batch_finalize_total_-3,-3: 28.56 ms (max 28.56)
  road_batch_finalize_total_-3,0: 25.95 ms (max 25.95)
  road_batch_finalize_total_-4,-1: 11.02 ms (max 11.02)
  road_batch_finalize_total_-4,-2: 13.47 ms (max 13.47)
  road_batch_finalize_total_-4,-3: 10.07 ms (max 10.07)
  road_batch_finalize_total_-4,0: 12.72 ms (max 12.72)
  road_batch_finalize_total_-5,-1: 8.61 ms (max 8.61)
  road_batch_finalize_total_-5,-2: 7.38 ms (max 7.38)
  road_batch_finalize_total_-5,-3: 17.31 ms (max 17.31)
  road_batch_finalize_total_-5,0: 7.42 ms (max 7.42)
  road_batch_finalize_total_-6,-1: 9.66 ms (max 9.66)
  road_batch_finalize_total_-6,-2: 10.99 ms (max 10.99)
  road_batch_finalize_total_-6,0: 12.07 ms (max 12.07)
  road_batch_finalize_total_0,-1: 25.66 ms (max 25.66)
  road_batch_finalize_total_0,-2: 23.65 ms (max 23.65)
  road_batch_finalize_total_0,-3: 26.79 ms (max 26.79)
  road_batch_finalize_total_0,0: 21.70 ms (max 21.70)
  road_batch_finalize_total_0,1: 23.77 ms (max 23.77)
  road_batch_finalize_total_1,-1: 29.52 ms (max 29.52)
  road_batch_finalize_total_1,-2: 7.67 ms (max 7.67)
  road_batch_finalize_total_1,0: 21.52 ms (max 21.52)
  road_collision_create_-1,-1: 12.30 ms (max 30.46)
  road_collision_create_-1,-2: 2.57 ms (max 3.40)
  road_collision_create_-1,-3: 6.40 ms (max 15.29)
  road_collision_create_-1,0: 12.90 ms (max 23.62)
  road_collision_create_-2,-1: 8.05 ms (max 18.66)
  road_collision_create_-2,-2: 10.42 ms (max 18.25)
  road_collision_create_-2,-3: 5.82 ms (max 11.37)
  road_collision_create_-2,0: 12.32 ms (max 21.55)
  road_collision_create_-3,-1: 12.21 ms (max 23.07)
  road_collision_create_-3,-2: 7.36 ms (max 13.27)
  road_collision_create_-3,-3: 9.19 ms (max 22.55)
  road_collision_create_-3,0: 12.53 ms (max 19.73)
  road_collision_create_-4,-1: 5.22 ms (max 7.57)
  road_collision_create_-4,-2: 4.19 ms (max 5.37)
  road_collision_create_-4,-3: 4.66 ms (max 7.18)
  road_collision_create_-4,0: 6.05 ms (max 9.23)
  road_collision_create_-5,-1: 8.10 ms (max 8.10)
  road_collision_create_-5,-2: 6.96 ms (max 6.96)
  road_collision_create_-5,-3: 5.41 ms (max 11.86)
  road_collision_create_-5,0: 6.96 ms (max 6.96)
  road_collision_create_-6,-1: 9.36 ms (max 9.36)
  road_collision_create_-6,-2: 10.68 ms (max 10.68)
  road_collision_create_-6,0: 11.79 ms (max 11.79)
  road_collision_create_0,-1: 8.33 ms (max 19.70)
  road_collision_create_0,-2: 7.60 ms (max 16.02)
  road_collision_create_0,-3: 8.58 ms (max 19.82)
  road_collision_create_0,0: 6.99 ms (max 17.84)
  road_collision_create_0,1: 23.51 ms (max 23.51)
  road_collision_create_1,-1: 9.61 ms (max 24.76)
  road_collision_create_1,-2: 3.63 ms (max 4.87)
  road_collision_create_1,0: 21.23 ms (max 21.23)
===========================

=== PERFORMANCE METRICS ===
FPS: 88 | Frame: 11.6 ms (max 15.2) | Physics: 16.6 ms (max 34.4)
Godot Process: 13.15 ms | Physics: 2.34 ms
Objects: 36586 | Nodes: 12768 | Resources: 536
Draw calls: 816 | Vertices: 2591895 | VRAM: 728.2 MB
Physics bodies: 140 | Collision pairs: 1808
===========================
OSM: Parsed 794 nodes, 153 ways, 5 point objects, 0 entrances, 5 POI nodes
OSM: Cached data to osm_v2_59.1235_37.8710_250.json
OSM: Chunk -6,-3 data loaded
OSM: Found 5 POI nodes in chunk
POI_DEBUG: Found 'Ozon' inside building at local (-1488.9, -787.9)
BusinessSign: Found logo for 'ozon' -> res://textures/brand_logos/ozon.png
POI_DEBUG: Found 'Пожарно-спасательная часть №14' inside building at local (-1630.6, -890.6)
POI_DEBUG: Found 'Первый металлист' inside building at local (-1713.2, -714.8)
OSM: Generated 36 roads, 29 buildings, 0 trees, 0 signs, 0 lamps, 22 intersections
OSM: Marked chunk '-6,-3' for road batch finalization
OSM: Post-initial chunk loaded, pending_lamps=0
OSM: _create_pending_lamps started, count=0
OSM: No pending lamps
⚡ FRAME SPIKE #559: 31.4 ms at 74.1s (Draw: 825, Bodies: 140)
OSM: DEBUG _add_road_to_batch - first road for chunk '-6,-3', parent.name='Chunk_-6,-3'
⚠️ SLOW FRAME 17.9ms: building=0.5 road=16.8 terrain=0.3 infra=0.3 veg=0.0 curb=0.0ms
⚡ FRAME SPIKE #560: 26.5 ms at 74.1s (Draw: 843, Bodies: 141)
⚠️ SLOW FRAME 13.3ms: building=0.4 road=12.6 terrain=0.0 infra=0.3 veg=0.0 curb=0.0ms
🔴 FREEZE: road collision shape creation took 11.8 ms for chunk -6,-3 (type: residential)
OSM: ✅ Finalized road batch -6,-3/residential: 1536 vertices, 1498 triangles, material: <ImageTexture#-9223371972648368119>
OSM: ✅ Finalized road batch -6,-3/primary: 1224 vertices, 1208 triangles, material: <ImageTexture#-9223371972749031416>
OSM: ✅ Finalized road batch -6,-3/path: 996 vertices, 978 triangles, material: <ImageTexture#-9223371972547704822>
⚠️ SLOW: road batch finalization took 18.8 ms for chunk -6,-3
⚠️ SLOW FRAME 19.5ms: building=0.4 road=18.8 terrain=0.0 infra=0.3 veg=0.0 curb=0.0ms
⚡ FRAME SPIKE #561: 27.7 ms at 74.2s (Draw: 847, Bodies: 143)
🚗 Traffic: 0 active NPCs (Near: 0, Mid: 0, Far: 0), 31 pooled
  → Physics bodies from NPCs: 0 (All: 0×1, было бы 0×5=0)

========== Bottleneck Analysis Report ==========
Time: 84.8s | Frames: 4278

📊 PERFORMANCE OVERVIEW:
  FPS: 87.0 avg | 86.0 min
  Frame Time: 15.63 ms avg | 18.03 ms max
  Physics Time: 6.04 ms avg

🔍 BOTTLENECK IDENTIFICATION:
  🟡 [MEDIUM] Physics Time
      Value: 6.04 ms
      Impact: Physics simulation overhead
      Suggestions:
        • Reduce number of active physics bodies
        • Simplify collision shapes
        • Disable physics for distant objects

  🟡 [MEDIUM] Vertex Count
      Value: 2611951 vertices/frame
      Impact: GPU vertex processing
      Suggestions:
        • Implement LOD for distant objects
        • Simplify building meshes
        • Use lower poly models

  🟡 [MEDIUM] Node Count
      Value: 13237 nodes
      Impact: Scene tree traversal overhead
      Suggestions:
        • Unload distant chunks
        • Pool and reuse nodes
        • Flatten hierarchy where possible

  🟡 [MEDIUM] Post-Processing Effects
      Value: SSAO, Glow/Bloom, Volumetric Fog
      Impact: GPU shader overhead
      Suggestions:
        • Reduce SSR quality
        • Disable SSAO on low-end hardware
        • Use simpler fog

📈 DETAILED STATS:
  Draw Calls: 813 avg | 858 max
  Vertices: 2611951 avg | 2642214 max
  Physics Bodies: 140
  Nodes: 13237
  VRAM: 729.1 MB

=================================================

OSM: Loading chunk -7,-2 at lat=59.1208, lon=37.8658
OSM: Trying server https://overpass.kumi.systems/api/interpreter (attempt 1)
thirdparty/mbedtls/library/ssl_tls13_generic.c:1552: 0x7fdc05b5be58: Perform PSA-based ECDH/FFDH computation.
thirdparty/mbedtls/library/ssl_tls13_client.c:1950: 0x7fdc05b5be58: Switch to handshake keys for inbound traffic
thirdparty/mbedtls/library/ssl_tls13_generic.c:0403: 0x7fdc05b5be58: mbedtls_ssl_tls13_process_certificate_verify() returned 0 (-0x0000)
thirdparty/mbedtls/library/ssl_tls13_client.c:2640: 0x7fdc05b5be58: Switch to handshake traffic keys for outbound traffic
thirdparty/mbedtls/library/ssl_tls13_generic.c:1235: 0x7fdc05b5be58: Switch to application keys for inbound traffic
thirdparty/mbedtls/library/ssl_tls13_generic.c:1238: 0x7fdc05b5be58: Switch to application keys for outbound traffic
OSM: Parsed 267 nodes, 51 ways, 0 point objects, 0 entrances, 0 POI nodes
OSM: Cached data to osm_v2_59.1181_37.8658_250.json
OSM: Chunk -7,-1 data loaded
OSM: Generated 9 roads, 11 buildings, 0 trees, 0 signs, 0 lamps, 5 intersections
OSM: Marked chunk '-7,-1' for road batch finalization
OSM: Post-initial chunk loaded, pending_lamps=356
OSM: _create_pending_lamps started, count=356
OSM: DEBUG - First lamp added to chunk -6,-3 batch
OSM: DEBUG - First lamp added to chunk -7,-1 batch
OSM: Created 242 lamps, skipped 114 (added to batches)
OSM: Finalizing 2 lamp batches immediately...
OSM: ✅ Finalized lamp batch -6,-3: 46 lamps (3 MultiMeshes + 46 lights, was 138 draw calls before)
OSM: ✅ Finalized lamp batch -7,-1: 8 lamps (3 MultiMeshes + 8 lights, was 24 draw calls before)
⚡ FRAME SPIKE #562: 33.6 ms at 75.2s (Draw: 974, Bodies: 155)
OSM: DEBUG _add_road_to_batch - first road for chunk '-7,-1', parent.name='Chunk_-7,-1'
🔴 FREEZE: road collision shape creation took 11.7 ms for chunk -7,-1 (type: residential)
OSM: ✅ Finalized road batch -7,-1/residential: 850 vertices, 832 triangles, material: <ImageTexture#-9223371972648368119>
⚠️ SLOW: road batch finalization took 12.1 ms for chunk -7,-1
⚠️ SLOW FRAME 12.8ms: building=0.3 road=12.1 terrain=0.0 infra=0.3 veg=0.0 curb=0.0ms
🚗 Traffic: 0 active NPCs (Near: 0, Mid: 0, Far: 0), 31 pooled
  → Physics bodies from NPCs: 0 (All: 0×1, было бы 0×5=0)

========== Bottleneck Analysis Report ==========
Time: 86.8s | Frames: 4443

📊 PERFORMANCE OVERVIEW:
  FPS: 80.6 avg | 79.0 min
  Frame Time: 42.93 ms avg | 46.13 ms max
  Physics Time: 2.62 ms avg

🔍 BOTTLENECK IDENTIFICATION:
  🔴 [CRITICAL] Frame Time
      Value: 42.93 ms (target: 16.67 ms)
      Impact: Overall performance bottleneck
      Suggestions:
        • Reduce draw calls
        • Optimize scripts in _process()
        • Check for expensive operations per frame

  🟡 [MEDIUM] Vertex Count
      Value: 3404844 vertices/frame
      Impact: GPU vertex processing
      Suggestions:
        • Implement LOD for distant objects
        • Simplify building meshes
        • Use lower poly models

  🟡 [MEDIUM] Physics Bodies
      Value: 158 active bodies
      Impact: Physics engine load
      Suggestions:
        • Reduce NPC count
        • Convert distant NPCs to kinematic
        • Disable physics for far objects

  🟡 [MEDIUM] Node Count
      Value: 14525 nodes
      Impact: Scene tree traversal overhead
      Suggestions:
        • Unload distant chunks
        • Pool and reuse nodes
        • Flatten hierarchy where possible

  🟡 [MEDIUM] Post-Processing Effects
      Value: SSAO, Glow/Bloom, Volumetric Fog
      Impact: GPU shader overhead
      Suggestions:
        • Reduce SSR quality
        • Disable SSAO on low-end hardware
        • Use simpler fog

📈 DETAILED STATS:
  Draw Calls: 1027 avg | 1175 max
  Vertices: 3404844 avg | 4091730 max
  Physics Bodies: 158
  Nodes: 14525
  VRAM: 730.2 MB

=================================================

🚗 Traffic: 0 active NPCs (Near: 0, Mid: 0, Far: 0), 31 pooled
  → Physics bodies from NPCs: 0 (All: 0×1, было бы 0×5=0)

========== Bottleneck Analysis Report ==========
Time: 88.8s | Frames: 4605

📊 PERFORMANCE OVERVIEW:
  FPS: 81.0 avg | 81.0 min
  Frame Time: 12.54 ms avg | 12.57 ms max
  Physics Time: 2.23 ms avg

🔍 BOTTLENECK IDENTIFICATION:
  🟡 [MEDIUM] Vertex Count
      Value: 4023703 vertices/frame
      Impact: GPU vertex processing
      Suggestions:
        • Implement LOD for distant objects
        • Simplify building meshes
        • Use lower poly models

  🟡 [MEDIUM] Physics Bodies
      Value: 160 active bodies
      Impact: Physics engine load
      Suggestions:
        • Reduce NPC count
        • Convert distant NPCs to kinematic
        • Disable physics for far objects

  🟡 [MEDIUM] Node Count
      Value: 14525 nodes
      Impact: Scene tree traversal overhead
      Suggestions:
        • Unload distant chunks
        • Pool and reuse nodes
        • Flatten hierarchy where possible

  🟡 [MEDIUM] Post-Processing Effects
      Value: SSAO, Glow/Bloom, Volumetric Fog
      Impact: GPU shader overhead
      Suggestions:
        • Reduce SSR quality
        • Disable SSAO on low-end hardware
        • Use simpler fog

📈 DETAILED STATS:
  Draw Calls: 1155 avg | 1163 max
  Vertices: 4023703 avg | 4033328 max
  Physics Bodies: 160
  Nodes: 14525
  VRAM: 730.2 MB

=================================================


=== PERFORMANCE METRICS ===
FPS: 81 | Frame: 12.3 ms (max 12.5) | Physics: 16.7 ms (max 48.1)
Godot Process: 12.49 ms | Physics: 2.39 ms
Objects: 41848 | Nodes: 14525 | Resources: 536
Draw calls: 1153 | Vertices: 4033289 | VRAM: 730.2 MB
Physics bodies: 160 | Collision pairs: 2269
--- System Times ---
  road_batch_finalize_total_-1,-1: 37.67 ms (max 37.67)
  road_batch_finalize_total_-1,-2: 5.66 ms (max 5.66)
  road_batch_finalize_total_-1,-3: 19.93 ms (max 19.93)
  road_batch_finalize_total_-1,0: 26.30 ms (max 26.30)
  road_batch_finalize_total_-2,-1: 24.83 ms (max 24.83)
  road_batch_finalize_total_-2,-2: 21.50 ms (max 21.50)
  road_batch_finalize_total_-2,-3: 18.42 ms (max 18.42)
  road_batch_finalize_total_-2,0: 25.21 ms (max 25.21)
  road_batch_finalize_total_-3,-1: 25.26 ms (max 25.26)
  road_batch_finalize_total_-3,-2: 23.07 ms (max 23.07)
  road_batch_finalize_total_-3,-3: 28.56 ms (max 28.56)
  road_batch_finalize_total_-3,0: 25.95 ms (max 25.95)
  road_batch_finalize_total_-4,-1: 11.02 ms (max 11.02)
  road_batch_finalize_total_-4,-2: 13.47 ms (max 13.47)
  road_batch_finalize_total_-4,-3: 10.07 ms (max 10.07)
  road_batch_finalize_total_-4,0: 12.72 ms (max 12.72)
  road_batch_finalize_total_-5,-1: 8.61 ms (max 8.61)
  road_batch_finalize_total_-5,-2: 7.38 ms (max 7.38)
  road_batch_finalize_total_-5,-3: 17.31 ms (max 17.31)
  road_batch_finalize_total_-5,0: 7.42 ms (max 7.42)
  road_batch_finalize_total_-6,-1: 9.66 ms (max 9.66)
  road_batch_finalize_total_-6,-2: 10.99 ms (max 10.99)
  road_batch_finalize_total_-6,-3: 18.79 ms (max 18.79)
  road_batch_finalize_total_-6,0: 12.07 ms (max 12.07)
  road_batch_finalize_total_-7,-1: 12.08 ms (max 12.08)
  road_batch_finalize_total_0,-1: 25.66 ms (max 25.66)
  road_batch_finalize_total_0,-2: 23.65 ms (max 23.65)
  road_batch_finalize_total_0,-3: 26.79 ms (max 26.79)
  road_batch_finalize_total_0,0: 21.70 ms (max 21.70)
  road_batch_finalize_total_0,1: 23.77 ms (max 23.77)
  road_batch_finalize_total_1,-1: 29.52 ms (max 29.52)
  road_batch_finalize_total_1,-2: 7.67 ms (max 7.67)
  road_batch_finalize_total_1,0: 21.52 ms (max 21.52)
  road_collision_create_-1,-1: 12.30 ms (max 30.46)
  road_collision_create_-1,-2: 2.57 ms (max 3.40)
  road_collision_create_-1,-3: 6.40 ms (max 15.29)
  road_collision_create_-1,0: 12.90 ms (max 23.62)
  road_collision_create_-2,-1: 8.05 ms (max 18.66)
  road_collision_create_-2,-2: 10.42 ms (max 18.25)
  road_collision_create_-2,-3: 5.82 ms (max 11.37)
  road_collision_create_-2,0: 12.32 ms (max 21.55)
  road_collision_create_-3,-1: 12.21 ms (max 23.07)
  road_collision_create_-3,-2: 7.36 ms (max 13.27)
  road_collision_create_-3,-3: 9.19 ms (max 22.55)
  road_collision_create_-3,0: 12.53 ms (max 19.73)
  road_collision_create_-4,-1: 5.22 ms (max 7.57)
  road_collision_create_-4,-2: 4.19 ms (max 5.37)
  road_collision_create_-4,-3: 4.66 ms (max 7.18)
  road_collision_create_-4,0: 6.05 ms (max 9.23)
  road_collision_create_-5,-1: 8.10 ms (max 8.10)
  road_collision_create_-5,-2: 6.96 ms (max 6.96)
  road_collision_create_-5,-3: 5.41 ms (max 11.86)
  road_collision_create_-5,0: 6.96 ms (max 6.96)
  road_collision_create_-6,-1: 9.36 ms (max 9.36)
  road_collision_create_-6,-2: 10.68 ms (max 10.68)
  road_collision_create_-6,-3: 5.92 ms (max 11.77)
  road_collision_create_-6,0: 11.79 ms (max 11.79)
  road_collision_create_-7,-1: 11.70 ms (max 11.70)
  road_collision_create_0,-1: 8.33 ms (max 19.70)
  road_collision_create_0,-2: 7.60 ms (max 16.02)
  road_collision_create_0,-3: 8.58 ms (max 19.82)
  road_collision_create_0,0: 6.99 ms (max 17.84)
  road_collision_create_0,1: 23.51 ms (max 23.51)
  road_collision_create_1,-1: 9.61 ms (max 24.76)
  road_collision_create_1,-2: 3.63 ms (max 4.87)
  road_collision_create_1,0: 21.23 ms (max 21.23)
===========================

=== PERFORMANCE METRICS ===
FPS: 81 | Frame: 12.3 ms (max 12.5) | Physics: 16.7 ms (max 48.1)
Godot Process: 12.49 ms | Physics: 2.39 ms
Objects: 41848 | Nodes: 14525 | Resources: 536
Draw calls: 1153 | Vertices: 4033289 | VRAM: 730.2 MB
Physics bodies: 160 | Collision pairs: 2269
===========================
OSM: Parsed 386 nodes, 76 ways, 1 point objects, 0 entrances, 0 POI nodes
OSM: Cached data to osm_v2_59.1208_37.8658_250.json
OSM: Chunk -7,-2 data loaded
OSM: Generated 21 roads, 20 buildings, 0 trees, 0 signs, 0 lamps, 14 intersections
OSM: Marked chunk '-7,-2' for road batch finalization
OSM: Post-initial chunk loaded, pending_lamps=96
OSM: _create_pending_lamps started, count=96
OSM: DEBUG - First lamp added to chunk -7,-2 batch
OSM: DEBUG - First lamp added to chunk -7,-1 batch
OSM: Created 45 lamps, skipped 51 (added to batches)
OSM: Finalizing 2 lamp batches immediately...
OSM: ✅ Finalized lamp batch -7,-2: 19 lamps (3 MultiMeshes + 19 lights, was 57 draw calls before)
OSM: ✅ Finalized lamp batch -7,-1: 4 lamps (3 MultiMeshes + 4 lights, was 12 draw calls before)
OSM: DEBUG _add_road_to_batch - first road for chunk '-7,-2', parent.name='Chunk_-7,-2'
🔴 FREEZE: road collision shape creation took 12.3 ms for chunk -7,-2 (type: residential)
OSM: ✅ Finalized road batch -7,-2/residential: 1110 vertices, 1078 triangles, material: <ImageTexture#-9223371972648368119>
OSM: ✅ Finalized road batch -7,-2/path: 314 vertices, 304 triangles, material: <ImageTexture#-9223371972547704822>
⚠️ SLOW: road batch finalization took 14.0 ms for chunk -7,-2
⚠️ SLOW FRAME 14.7ms: building=0.3 road=14.0 terrain=0.0 infra=0.3 veg=0.0 curb=0.0ms
🚗 Traffic: 0 active NPCs (Near: 0, Mid: 0, Far: 0), 31 pooled
  → Physics bodies from NPCs: 0 (All: 0×1, было бы 0×5=0)

========== Bottleneck Analysis Report ==========
Time: 90.8s | Frames: 4763

📊 PERFORMANCE OVERVIEW:
  FPS: 80.5 avg | 80.0 min
  Frame Time: 15.22 ms avg | 17.95 ms max
  Physics Time: 2.32 ms avg

🔍 BOTTLENECK IDENTIFICATION:
  🟡 [MEDIUM] Vertex Count
      Value: 4091669 vertices/frame
      Impact: GPU vertex processing
      Suggestions:
        • Implement LOD for distant objects
        • Simplify building meshes
        • Use lower poly models

  🟡 [MEDIUM] Physics Bodies
      Value: 161 active bodies
      Impact: Physics engine load
      Suggestions:
        • Reduce NPC count
        • Convert distant NPCs to kinematic
        • Disable physics for far objects

  🟡 [MEDIUM] Node Count
      Value: 15160 nodes
      Impact: Scene tree traversal overhead
      Suggestions:
        • Unload distant chunks
        • Pool and reuse nodes
        • Flatten hierarchy where possible

  🟡 [MEDIUM] Post-Processing Effects
      Value: SSAO, Glow/Bloom, Volumetric Fog
      Impact: GPU shader overhead
      Suggestions:
        • Reduce SSR quality
        • Disable SSAO on low-end hardware
        • Use simpler fog

📈 DETAILED STATS:
  Draw Calls: 1159 avg | 1190 max
  Vertices: 4091669 avg | 4361415 max
  Physics Bodies: 161
  Nodes: 15160
  VRAM: 730.9 MB

=================================================


========== PERFORMANCE METRICS ==========
Frames: 600
  total_frame: avg=0.35 ms, median=0.04 ms, max=19.48 ms, calls=600, total=211.2 ms
  road_queue: avg=0.25 ms, median=0.01 ms, max=18.83 ms, calls=600, total=148.9 ms
  road_create: avg=0.93 ms, median=0.11 ms, max=12.48 ms, calls=66, total=61.4 ms
  road_batch_finalize: avg=14.99 ms, median=14.03 ms, max=18.82 ms, calls=3, total=45.0 ms
  curb_mesh: avg=0.06 ms, median=0.00 ms, max=2.37 ms, calls=589, total=33.9 ms
  building_results: avg=0.03 ms, median=0.00 ms, max=0.48 ms, calls=600, total=20.7 ms
  building_apply: avg=0.26 ms, median=0.27 ms, max=0.36 ms, calls=59, total=15.4 ms
  curb_collisions: avg=0.02 ms, median=0.00 ms, max=1.28 ms, calls=600, total=13.3 ms
  infra_queue: avg=0.02 ms, median=0.00 ms, max=0.61 ms, calls=600, total=12.9 ms
  infra_yield_sign: avg=0.27 ms, median=0.27 ms, max=0.40 ms, calls=34, total=9.2 ms
  infra_traffic_light: avg=0.54 ms, median=0.53 ms, max=0.60 ms, calls=5, total=2.7 ms
  curb_smooth: avg=0.04 ms, median=0.02 ms, max=0.19 ms, calls=52, total=2.0 ms
  building_sort: avg=0.07 ms, median=0.06 ms, max=0.13 ms, calls=29, total=2.0 ms
  terrain_queue: avg=0.00 ms, median=0.00 ms, max=0.32 ms, calls=600, total=1.6 ms
  curb_latlon: avg=0.02 ms, median=0.01 ms, max=0.04 ms, calls=52, total=0.8 ms
  vegetation_queue: avg=0.00 ms, median=0.00 ms, max=0.01 ms, calls=600, total=0.6 ms
  terrain_landuse: avg=0.17 ms, median=0.20 ms, max=0.25 ms, calls=3, total=0.5 ms
  road_sort: avg=0.15 ms, median=0.15 ms, max=0.15 ms, calls=1, total=0.2 ms
==========================================


========== DRAW CALL BREAKDOWN ==========
Total tracked draw calls: 2098

  Buildings   :  1022 ( 48.7%) █████████
  Vegetation  :   720 ( 34.3%) ██████
  Terrain     :   161 (  7.7%) █
  Roads       :    73 (  3.5%) 
  Lamps       :    66 (  3.1%) 
  Windows     :    30 (  1.4%) 
  Signs       :    26 (  1.2%) 

💡 RECOMMENDATIONS:
  🔴 Buildings: 48.7% of draw calls
     → Implement MultiMeshInstance3D for building base meshes
=========================================

🚗 Traffic: 0 active NPCs (Near: 0, Mid: 0, Far: 0), 31 pooled
  → Physics bodies from NPCs: 0 (All: 0×1, было бы 0×5=0)

========== Bottleneck Analysis Report ==========
Time: 92.8s | Frames: 4923

📊 PERFORMANCE OVERVIEW:
  FPS: 78.5 avg | 78.0 min
  Frame Time: 20.76 ms avg | 28.51 ms max
  Physics Time: 2.32 ms avg

🔍 BOTTLENECK IDENTIFICATION:
  🟠 [HIGH] Frame Time
      Value: 20.76 ms (target: 16.67 ms)
      Impact: Overall performance bottleneck
      Suggestions:
        • Reduce draw calls
        • Optimize scripts in _process()
        • Check for expensive operations per frame

  🟡 [MEDIUM] Vertex Count
      Value: 4380119 vertices/frame
      Impact: GPU vertex processing
      Suggestions:
        • Implement LOD for distant objects
        • Simplify building meshes
        • Use lower poly models

  🟡 [MEDIUM] Physics Bodies
      Value: 174 active bodies
      Impact: Physics engine load
      Suggestions:
        • Reduce NPC count
        • Convert distant NPCs to kinematic
        • Disable physics for far objects

  🟡 [MEDIUM] Node Count
      Value: 15160 nodes
      Impact: Scene tree traversal overhead
      Suggestions:
        • Unload distant chunks
        • Pool and reuse nodes
        • Flatten hierarchy where possible

  🟡 [MEDIUM] Post-Processing Effects
      Value: SSAO, Glow/Bloom, Volumetric Fog
      Impact: GPU shader overhead
      Suggestions:
        • Reduce SSR quality
        • Disable SSAO on low-end hardware
        • Use simpler fog

📈 DETAILED STATS:
  Draw Calls: 1183 avg | 1193 max
  Vertices: 4380119 avg | 4388770 max
  Physics Bodies: 174
  Nodes: 15160
  VRAM: 730.9 MB

=================================================


=== PERFORMANCE METRICS ===
FPS: 80 | Frame: 12.6 ms (max 13.0) | Physics: 16.6 ms (max 30.8)
Godot Process: 12.74 ms | Physics: 2.39 ms
Objects: 43386 | Nodes: 15160 | Resources: 536
Draw calls: 1191 | Vertices: 4388096 | VRAM: 730.9 MB
Physics bodies: 174 | Collision pairs: 2410
--- System Times ---
  road_batch_finalize_total_-1,-1: 37.67 ms (max 37.67)
  road_batch_finalize_total_-1,-2: 5.66 ms (max 5.66)
  road_batch_finalize_total_-1,-3: 19.93 ms (max 19.93)
  road_batch_finalize_total_-1,0: 26.30 ms (max 26.30)
  road_batch_finalize_total_-2,-1: 24.83 ms (max 24.83)
  road_batch_finalize_total_-2,-2: 21.50 ms (max 21.50)
  road_batch_finalize_total_-2,-3: 18.42 ms (max 18.42)
  road_batch_finalize_total_-2,0: 25.21 ms (max 25.21)
  road_batch_finalize_total_-3,-1: 25.26 ms (max 25.26)
  road_batch_finalize_total_-3,-2: 23.07 ms (max 23.07)
  road_batch_finalize_total_-3,-3: 28.56 ms (max 28.56)
  road_batch_finalize_total_-3,0: 25.95 ms (max 25.95)
  road_batch_finalize_total_-4,-1: 11.02 ms (max 11.02)
  road_batch_finalize_total_-4,-2: 13.47 ms (max 13.47)
  road_batch_finalize_total_-4,-3: 10.07 ms (max 10.07)
  road_batch_finalize_total_-4,0: 12.72 ms (max 12.72)
  road_batch_finalize_total_-5,-1: 8.61 ms (max 8.61)
  road_batch_finalize_total_-5,-2: 7.38 ms (max 7.38)
  road_batch_finalize_total_-5,-3: 17.31 ms (max 17.31)
  road_batch_finalize_total_-5,0: 7.42 ms (max 7.42)
  road_batch_finalize_total_-6,-1: 9.66 ms (max 9.66)
  road_batch_finalize_total_-6,-2: 10.99 ms (max 10.99)
  road_batch_finalize_total_-6,-3: 18.79 ms (max 18.79)
  road_batch_finalize_total_-6,0: 12.07 ms (max 12.07)
  road_batch_finalize_total_-7,-1: 12.08 ms (max 12.08)
  road_batch_finalize_total_-7,-2: 14.00 ms (max 14.00)
  road_batch_finalize_total_0,-1: 25.66 ms (max 25.66)
  road_batch_finalize_total_0,-2: 23.65 ms (max 23.65)
  road_batch_finalize_total_0,-3: 26.79 ms (max 26.79)
  road_batch_finalize_total_0,0: 21.70 ms (max 21.70)
  road_batch_finalize_total_0,1: 23.77 ms (max 23.77)
  road_batch_finalize_total_1,-1: 29.52 ms (max 29.52)
  road_batch_finalize_total_1,-2: 7.67 ms (max 7.67)
  road_batch_finalize_total_1,0: 21.52 ms (max 21.52)
  road_collision_create_-1,-1: 12.30 ms (max 30.46)
  road_collision_create_-1,-2: 2.57 ms (max 3.40)
  road_collision_create_-1,-3: 6.40 ms (max 15.29)
  road_collision_create_-1,0: 12.90 ms (max 23.62)
  road_collision_create_-2,-1: 8.05 ms (max 18.66)
  road_collision_create_-2,-2: 10.42 ms (max 18.25)
  road_collision_create_-2,-3: 5.82 ms (max 11.37)
  road_collision_create_-2,0: 12.32 ms (max 21.55)
  road_collision_create_-3,-1: 12.21 ms (max 23.07)
  road_collision_create_-3,-2: 7.36 ms (max 13.27)
  road_collision_create_-3,-3: 9.19 ms (max 22.55)
  road_collision_create_-3,0: 12.53 ms (max 19.73)
  road_collision_create_-4,-1: 5.22 ms (max 7.57)
  road_collision_create_-4,-2: 4.19 ms (max 5.37)
  road_collision_create_-4,-3: 4.66 ms (max 7.18)
  road_collision_create_-4,0: 6.05 ms (max 9.23)
  road_collision_create_-5,-1: 8.10 ms (max 8.10)
  road_collision_create_-5,-2: 6.96 ms (max 6.96)
  road_collision_create_-5,-3: 5.41 ms (max 11.86)
  road_collision_create_-5,0: 6.96 ms (max 6.96)
  road_collision_create_-6,-1: 9.36 ms (max 9.36)
  road_collision_create_-6,-2: 10.68 ms (max 10.68)
  road_collision_create_-6,-3: 5.92 ms (max 11.77)
  road_collision_create_-6,0: 11.79 ms (max 11.79)
  road_collision_create_-7,-1: 11.70 ms (max 11.70)
  road_collision_create_-7,-2: 6.70 ms (max 12.24)
  road_collision_create_0,-1: 8.33 ms (max 19.70)
  road_collision_create_0,-2: 7.60 ms (max 16.02)
  road_collision_create_0,-3: 8.58 ms (max 19.82)
  road_collision_create_0,0: 6.99 ms (max 17.84)
  road_collision_create_0,1: 23.51 ms (max 23.51)
  road_collision_create_1,-1: 9.61 ms (max 24.76)
  road_collision_create_1,-2: 3.63 ms (max 4.87)
  road_collision_create_1,0: 21.23 ms (max 21.23)
===========================

=== PERFORMANCE METRICS ===
FPS: 80 | Frame: 12.6 ms (max 13.0) | Physics: 16.6 ms (max 30.9)
Godot Process: 12.74 ms | Physics: 2.39 ms
Objects: 43386 | Nodes: 15160 | Resources: 536
Draw calls: 1191 | Vertices: 4388096 | VRAM: 730.9 MB
Physics bodies: 174 | Collision pairs: 2410
===========================
🚗 Traffic: 0 active NPCs (Near: 0, Mid: 0, Far: 0), 31 pooled
  → Physics bodies from NPCs: 0 (All: 0×1, было бы 0×5=0)

========== Bottleneck Analysis Report ==========
Time: 94.8s | Frames: 5082

📊 PERFORMANCE OVERVIEW:
  FPS: 79.5 avg | 79.0 min
  Frame Time: 12.78 ms avg | 12.81 ms max
  Physics Time: 2.41 ms avg

🔍 BOTTLENECK IDENTIFICATION:
  🟡 [MEDIUM] Vertex Count
      Value: 4387578 vertices/frame
      Impact: GPU vertex processing
      Suggestions:
        • Implement LOD for distant objects
        • Simplify building meshes
        • Use lower poly models

  🟡 [MEDIUM] Physics Bodies
      Value: 174 active bodies
      Impact: Physics engine load
      Suggestions:
        • Reduce NPC count
        • Convert distant NPCs to kinematic
        • Disable physics for far objects

  🟡 [MEDIUM] Node Count
      Value: 15160 nodes
      Impact: Scene tree traversal overhead
      Suggestions:
        • Unload distant chunks
        • Pool and reuse nodes
        • Flatten hierarchy where possible

  🟡 [MEDIUM] Post-Processing Effects
      Value: SSAO, Glow/Bloom, Volumetric Fog
      Impact: GPU shader overhead
      Suggestions:
        • Reduce SSR quality
        • Disable SSAO on low-end hardware
        • Use simpler fog

📈 DETAILED STATS:
  Draw Calls: 1195 avg | 1201 max
  Vertices: 4387578 avg | 4388888 max
  Physics Bodies: 174
  Nodes: 15160
  VRAM: 730.9 MB

=================================================

🚗 Traffic: 0 active NPCs (Near: 0, Mid: 0, Far: 0), 31 pooled
  → Physics bodies from NPCs: 0 (All: 0×1, было бы 0×5=0)

========== Bottleneck Analysis Report ==========
Time: 96.8s | Frames: 5241

📊 PERFORMANCE OVERVIEW:
  FPS: 79.0 avg | 79.0 min
  Frame Time: 14.85 ms avg | 16.12 ms max
  Physics Time: 5.26 ms avg

🔍 BOTTLENECK IDENTIFICATION:
  🟡 [MEDIUM] Physics Time
      Value: 5.26 ms
      Impact: Physics simulation overhead
      Suggestions:
        • Reduce number of active physics bodies
        • Simplify collision shapes
        • Disable physics for distant objects

  🟡 [MEDIUM] Vertex Count
      Value: 4406948 vertices/frame
      Impact: GPU vertex processing
      Suggestions:
        • Implement LOD for distant objects
        • Simplify building meshes
        • Use lower poly models

  🟡 [MEDIUM] Physics Bodies
      Value: 174 active bodies
      Impact: Physics engine load
      Suggestions:
        • Reduce NPC count
        • Convert distant NPCs to kinematic
        • Disable physics for far objects

  🟡 [MEDIUM] Node Count
      Value: 15160 nodes
      Impact: Scene tree traversal overhead
      Suggestions:
        • Unload distant chunks
        • Pool and reuse nodes
        • Flatten hierarchy where possible

  🟡 [MEDIUM] Post-Processing Effects
      Value: SSAO, Glow/Bloom, Volumetric Fog
      Impact: GPU shader overhead
      Suggestions:
        • Reduce SSR quality
        • Disable SSAO on low-end hardware
        • Use simpler fog

📈 DETAILED STATS:
  Draw Calls: 1190 avg | 1196 max
  Vertices: 4406948 avg | 4423626 max
  Physics Bodies: 174
  Nodes: 15160
  VRAM: 730.9 MB

=================================================


========== PERFORMANCE METRICS ==========
Frames: 600
  total_frame: avg=0.04 ms, median=0.04 ms, max=0.08 ms, calls=600, total=23.7 ms
  road_queue: avg=0.01 ms, median=0.01 ms, max=0.03 ms, calls=600, total=5.4 ms
  building_results: avg=0.00 ms, median=0.00 ms, max=0.01 ms, calls=600, total=1.8 ms
  terrain_queue: avg=0.00 ms, median=0.00 ms, max=0.01 ms, calls=600, total=1.0 ms
  curb_mesh: avg=0.00 ms, median=0.00 ms, max=0.01 ms, calls=600, total=0.8 ms
  infra_queue: avg=0.00 ms, median=0.00 ms, max=0.00 ms, calls=600, total=0.7 ms
  curb_collisions: avg=0.00 ms, median=0.00 ms, max=0.01 ms, calls=600, total=0.7 ms
  vegetation_queue: avg=0.00 ms, median=0.00 ms, max=0.00 ms, calls=600, total=0.6 ms
==========================================


========== DRAW CALL BREAKDOWN ==========
Total tracked draw calls: 2098

  Buildings   :  1022 ( 48.7%) █████████
  Vegetation  :   720 ( 34.3%) ██████
  Terrain     :   161 (  7.7%) █
  Roads       :    73 (  3.5%) 
  Lamps       :    66 (  3.1%) 
  Windows     :    30 (  1.4%) 
  Signs       :    26 (  1.2%) 

💡 RECOMMENDATIONS:
  🔴 Buildings: 48.7% of draw calls
     → Implement MultiMeshInstance3D for building base meshes
=========================================

🚗 Traffic: 0 active NPCs (Near: 0, Mid: 0, Far: 0), 31 pooled
  → Physics bodies from NPCs: 0 (All: 0×1, было бы 0×5=0)

========== Bottleneck Analysis Report ==========
Time: 98.8s | Frames: 5401

📊 PERFORMANCE OVERVIEW:
  FPS: 79.5 avg | 79.0 min
  Frame Time: 14.00 ms avg | 15.09 ms max
  Physics Time: 2.32 ms avg

🔍 BOTTLENECK IDENTIFICATION:
  🟡 [MEDIUM] Vertex Count
      Value: 3843478 vertices/frame
      Impact: GPU vertex processing
      Suggestions:
        • Implement LOD for distant objects
        • Simplify building meshes
        • Use lower poly models

  🟡 [MEDIUM] Physics Bodies
      Value: 174 active bodies
      Impact: Physics engine load
      Suggestions:
        • Reduce NPC count
        • Convert distant NPCs to kinematic
        • Disable physics for far objects

  🟡 [MEDIUM] Node Count
      Value: 15160 nodes
      Impact: Scene tree traversal overhead
      Suggestions:
        • Unload distant chunks
        • Pool and reuse nodes
        • Flatten hierarchy where possible

  🟡 [MEDIUM] Post-Processing Effects
      Value: SSAO, Glow/Bloom, Volumetric Fog
      Impact: GPU shader overhead
      Suggestions:
        • Reduce SSR quality
        • Disable SSAO on low-end hardware
        • Use simpler fog

📈 DETAILED STATS:
  Draw Calls: 1009 avg | 1015 max
  Vertices: 3843478 avg | 3861299 max
  Physics Bodies: 174
  Nodes: 15160
  VRAM: 730.9 MB

=================================================


=== PERFORMANCE METRICS ===
FPS: 80 | Frame: 12.6 ms (max 13.6) | Physics: 16.6 ms (max 31.2)
Godot Process: 13.70 ms | Physics: 3.76 ms
Objects: 43386 | Nodes: 15160 | Resources: 536
Draw calls: 1025 | Vertices: 3862889 | VRAM: 730.9 MB
Physics bodies: 174 | Collision pairs: 2410
--- System Times ---
  road_batch_finalize_total_-1,-1: 37.67 ms (max 37.67)
  road_batch_finalize_total_-1,-2: 5.66 ms (max 5.66)
  road_batch_finalize_total_-1,-3: 19.93 ms (max 19.93)
  road_batch_finalize_total_-1,0: 26.30 ms (max 26.30)
  road_batch_finalize_total_-2,-1: 24.83 ms (max 24.83)
  road_batch_finalize_total_-2,-2: 21.50 ms (max 21.50)
  road_batch_finalize_total_-2,-3: 18.42 ms (max 18.42)
  road_batch_finalize_total_-2,0: 25.21 ms (max 25.21)
  road_batch_finalize_total_-3,-1: 25.26 ms (max 25.26)
  road_batch_finalize_total_-3,-2: 23.07 ms (max 23.07)
  road_batch_finalize_total_-3,-3: 28.56 ms (max 28.56)
  road_batch_finalize_total_-3,0: 25.95 ms (max 25.95)
  road_batch_finalize_total_-4,-1: 11.02 ms (max 11.02)
  road_batch_finalize_total_-4,-2: 13.47 ms (max 13.47)
  road_batch_finalize_total_-4,-3: 10.07 ms (max 10.07)
  road_batch_finalize_total_-4,0: 12.72 ms (max 12.72)
  road_batch_finalize_total_-5,-1: 8.61 ms (max 8.61)
  road_batch_finalize_total_-5,-2: 7.38 ms (max 7.38)
  road_batch_finalize_total_-5,-3: 17.31 ms (max 17.31)
  road_batch_finalize_total_-5,0: 7.42 ms (max 7.42)
  road_batch_finalize_total_-6,-1: 9.66 ms (max 9.66)
  road_batch_finalize_total_-6,-2: 10.99 ms (max 10.99)
  road_batch_finalize_total_-6,-3: 18.79 ms (max 18.79)
  road_batch_finalize_total_-6,0: 12.07 ms (max 12.07)
  road_batch_finalize_total_-7,-1: 12.08 ms (max 12.08)
  road_batch_finalize_total_-7,-2: 14.00 ms (max 14.00)
  road_batch_finalize_total_0,-1: 25.66 ms (max 25.66)
  road_batch_finalize_total_0,-2: 23.65 ms (max 23.65)
  road_batch_finalize_total_0,-3: 26.79 ms (max 26.79)
  road_batch_finalize_total_0,0: 21.70 ms (max 21.70)
  road_batch_finalize_total_0,1: 23.77 ms (max 23.77)
  road_batch_finalize_total_1,-1: 29.52 ms (max 29.52)
  road_batch_finalize_total_1,-2: 7.67 ms (max 7.67)
  road_batch_finalize_total_1,0: 21.52 ms (max 21.52)
  road_collision_create_-1,-1: 12.30 ms (max 30.46)
  road_collision_create_-1,-2: 2.57 ms (max 3.40)
  road_collision_create_-1,-3: 6.40 ms (max 15.29)
  road_collision_create_-1,0: 12.90 ms (max 23.62)
  road_collision_create_-2,-1: 8.05 ms (max 18.66)
  road_collision_create_-2,-2: 10.42 ms (max 18.25)
  road_collision_create_-2,-3: 5.82 ms (max 11.37)
  road_collision_create_-2,0: 12.32 ms (max 21.55)
  road_collision_create_-3,-1: 12.21 ms (max 23.07)
  road_collision_create_-3,-2: 7.36 ms (max 13.27)
  road_collision_create_-3,-3: 9.19 ms (max 22.55)
  road_collision_create_-3,0: 12.53 ms (max 19.73)
  road_collision_create_-4,-1: 5.22 ms (max 7.57)
  road_collision_create_-4,-2: 4.19 ms (max 5.37)
  road_collision_create_-4,-3: 4.66 ms (max 7.18)
  road_collision_create_-4,0: 6.05 ms (max 9.23)
  road_collision_create_-5,-1: 8.10 ms (max 8.10)
  road_collision_create_-5,-2: 6.96 ms (max 6.96)
  road_collision_create_-5,-3: 5.41 ms (max 11.86)
  road_collision_create_-5,0: 6.96 ms (max 6.96)
  road_collision_create_-6,-1: 9.36 ms (max 9.36)
  road_collision_create_-6,-2: 10.68 ms (max 10.68)
  road_collision_create_-6,-3: 5.92 ms (max 11.77)
  road_collision_create_-6,0: 11.79 ms (max 11.79)
  road_collision_create_-7,-1: 11.70 ms (max 11.70)
  road_collision_create_-7,-2: 6.70 ms (max 12.24)
  road_collision_create_0,-1: 8.33 ms (max 19.70)
  road_collision_create_0,-2: 7.60 ms (max 16.02)
  road_collision_create_0,-3: 8.58 ms (max 19.82)
  road_collision_create_0,0: 6.99 ms (max 17.84)
  road_collision_create_0,1: 23.51 ms (max 23.51)
  road_collision_create_1,-1: 9.61 ms (max 24.76)
  road_collision_create_1,-2: 3.63 ms (max 4.87)
  road_collision_create_1,0: 21.23 ms (max 21.23)
===========================

=== PERFORMANCE METRICS ===
FPS: 80 | Frame: 12.6 ms (max 13.6) | Physics: 16.6 ms (max 31.2)
Godot Process: 13.70 ms | Physics: 3.76 ms
Objects: 43386 | Nodes: 15160 | Resources: 536
Draw calls: 1025 | Vertices: 3862889 | VRAM: 730.9 MB
Physics bodies: 174 | Collision pairs: 2410
===========================

========== DETAILED TEST RESULTS ==========
Test duration: 90.0 seconds

📊 FRAME SPIKES (> 25.0 ms): 562 total
  Early (0-30s): 506 spikes
  Mid (30-60s): 49 spikes
  Late (60-90s): 7 spikes

  🔴 WORST SPIKE:
    Time: 10.9s
    Frame time: 91.1 ms
    FPS: 36
    Draw calls: 3935
    Vertices: 43548433
    Physics bodies: 224
    Nodes: 13221

  First 5 spikes:
    2.0s: 25.4 ms (Draw: 4483, Bodies: 210)
    2.2s: 28.5 ms (Draw: 4482, Bodies: 211)
    3.2s: 33.6 ms (Draw: 4451, Bodies: 212)
    3.2s: 27.1 ms (Draw: 4458, Bodies: 212)
    3.3s: 27.1 ms (Draw: 4458, Bodies: 211)

📊 PHYSICS SPIKES (> 10ms): 119 total
  🔴 WORST PHYSICS SPIKE:
    Time: 48.6s
    Physics time: 12.8 ms
    Bodies: 253

✅ Detailed spike data saved to:
   /Users/sergey/Library/Application Support/Godot/app_userdata/OSM Racing/detailed_performance.json
[PerformanceLogger] Stopped logging: detailed_test_90s
[PerformanceLogger] Exported metrics to: user://detailed_test_90s.csv

========== Performance Test Summary ==========
Test: detailed_test_90s
Duration: 90.02 seconds
Frames: 5270

FPS:
  Average: 64.1
  Median (50th): 70.0
  95th Percentile: 84.0
  5th Percentile: 34.0
  Min: 26.0
  Max: 88.0

Frame Time (ms):
  Average: 21.76
  Min: 12.25
  Max: 88.80

Rendering:
  Avg Draw Calls: 1993
  Max Draw Calls: 7030
  Avg Vertices: 10621923
  Max Vertices: 56743511
  VRAM: 730.9 MB

Physics:
  Active Bodies: 174

Scene:
  Node Count: 15160
==============================================


===========================================

Quitting application...
🚗 Traffic: 0 active NPCs (Near: 0, Mid: 0, Far: 0), 31 pooled
  → Physics bodies from NPCs: 0 (All: 0×1, было бы 0×5=0)

========== Bottleneck Analysis Report ==========
Time: 100.8s | Frames: 5557

📊 PERFORMANCE OVERVIEW:
  FPS: 79.5 avg | 79.0 min
  Frame Time: 14.22 ms avg | 14.72 ms max
  Physics Time: 3.04 ms avg

🔍 BOTTLENECK IDENTIFICATION:
  🟡 [MEDIUM] Vertex Count
      Value: 3863042 vertices/frame
      Impact: GPU vertex processing
      Suggestions:
        • Implement LOD for distant objects
        • Simplify building meshes
        • Use lower poly models

  🟡 [MEDIUM] Physics Bodies
      Value: 174 active bodies
      Impact: Physics engine load
      Suggestions:
        • Reduce NPC count
        • Convert distant NPCs to kinematic
        • Disable physics for far objects

  🟡 [MEDIUM] Node Count
      Value: 15160 nodes
      Impact: Scene tree traversal overhead
      Suggestions:
        • Unload distant chunks
        • Pool and reuse nodes
        • Flatten hierarchy where possible

  🟡 [MEDIUM] Post-Processing Effects
      Value: SSAO, Glow/Bloom, Volumetric Fog
      Impact: GPU shader overhead
      Suggestions:
        • Reduce SSR quality
        • Disable SSAO on low-end hardware
        • Use simpler fog

📈 DETAILED STATS:
  Draw Calls: 1020 avg | 1030 max
  Vertices: 3863042 avg | 3863673 max
  Physics Bodies: 174
  Nodes: 15160
  VRAM: 730.9 MB

=================================================

XR: Clearing primary interface
XR: Removed interface "Native mobile"
XR: Removed interface "OpenXR"
[mvk-info] Destroyed VkDevice on GPU Apple M1 Pro with 13 Vulkan extensions enabled.
[mvk-info] Destroyed VkPhysicalDevice for GPU Apple M1 Pro with 72 MB of GPU memory still allocated.
[mvk-info] Destroying VkInstance for Vulkan version 1.2.0 with 4 Vulkan extensions enabled.
WARNING: ObjectDB instances leaked at exit (run with --verbose for details).
     at: cleanup (core/object/object.cpp:2514)
Leaked instance: GDScriptNativeClass:9223372055678812869
Leaked instance: GDScript:9223372076516115864 - Resource path: res://osm/osm_loader.gd
ERROR: Cannot get path of node as it is not in a scene tree.
   at: get_path (scene/main/node.cpp:2374)
Leaked instance: Node:70632081439 - Node path: 
ERROR: Cannot get path of node as it is not in a scene tree.
   at: get_path (scene/main/node.cpp:2374)
Leaked instance: Node:76453775829 - Node path: 
ERROR: Cannot get path of node as it is not in a scene tree.
   at: get_path (scene/main/node.cpp:2374)
Leaked instance: Node:76789320168 - Node path: 
ERROR: Cannot get path of node as it is not in a scene tree.
   at: get_path (scene/main/node.cpp:2374)
Leaked instance: Node:78047611433 - Node path: 
ERROR: Cannot get path of node as it is not in a scene tree.
   at: get_path (scene/main/node.cpp:2374)
Leaked instance: Node:4551037946413 - Node path: 
ERROR: Cannot get path of node as it is not in a scene tree.
   at: get_path (scene/main/node.cpp:2374)
Leaked instance: Node:78131497518 - Node path: 
ERROR: Cannot get path of node as it is not in a scene tree.
   at: get_path (scene/main/node.cpp:2374)
Leaked instance: Node:80463530665 - Node path: 
ERROR: Cannot get path of node as it is not in a scene tree.
   at: get_path (scene/main/node.cpp:2374)
Leaked instance: Node:4612442557111 - Node path: 
ERROR: Cannot get path of node as it is not in a scene tree.
   at: get_path (scene/main/node.cpp:2374)
Leaked instance: Node:4666918177616 - Node path: 
ERROR: Cannot get path of node as it is not in a scene tree.
   at: get_path (scene/main/node.cpp:2374)
Leaked instance: Node:83886082904 - Node path: 
ERROR: Cannot get path of node as it is not in a scene tree.
   at: get_path (scene/main/node.cpp:2374)
Leaked instance: Node:83919637338 - Node path: 
ERROR: Cannot get path of node as it is not in a scene tree.
   at: get_path (scene/main/node.cpp:2374)
Leaked instance: Node:84003523423 - Node path: 
ERROR: Cannot get path of node as it is not in a scene tree.
   at: get_path (scene/main/node.cpp:2374)
Leaked instance: Node:88566926436 - Node path: 
ERROR: Cannot get path of node as it is not in a scene tree.
   at: get_path (scene/main/node.cpp:2374)
Leaked instance: Node:91888815391 - Node path: 
ERROR: Cannot get path of node as it is not in a scene tree.
   at: get_path (scene/main/node.cpp:2374)
Leaked instance: Node:4209554492713 - Node path: 
ERROR: Cannot get path of node as it is not in a scene tree.
   at: get_path (scene/main/node.cpp:2374)
Leaked instance: Node:92241136944 - Node path: 
ERROR: Cannot get path of node as it is not in a scene tree.
   at: get_path (scene/main/node.cpp:2374)
Leaked instance: Node:92274691378 - Node path: 
ERROR: Cannot get path of node as it is not in a scene tree.
   at: get_path (scene/main/node.cpp:2374)
Leaked instance: Node:100076097251 - Node path: 
ERROR: Cannot get path of node as it is not in a scene tree.
   at: get_path (scene/main/node.cpp:2374)
Leaked instance: Node:102995333000 - Node path: 
ERROR: Cannot get path of node as it is not in a scene tree.
   at: get_path (scene/main/node.cpp:2374)
Leaked instance: Node:103079219085 - Node path: 
ERROR: Cannot get path of node as it is not in a scene tree.
   at: get_path (scene/main/node.cpp:2374)
Leaked instance: Node:3707664083148 - Node path: 
ERROR: Cannot get path of node as it is not in a scene tree.
   at: get_path (scene/main/node.cpp:2374)
Leaked instance: Node:3818829926968 - Node path: 
ERROR: Cannot get path of node as it is not in a scene tree.
   at: get_path (scene/main/node.cpp:2374)
Leaked instance: Node:3818863481404 - Node path: 
ERROR: Cannot get path of node as it is not in a scene tree.
   at: get_path (scene/main/node.cpp:2374)
Leaked instance: Node:3856226343197 - Node path: 
ERROR: Cannot get path of node as it is not in a scene tree.
   at: get_path (scene/main/node.cpp:2374)
Leaked instance: Node:1218629891978 - Node path: 
ERROR: Cannot get path of node as it is not in a scene tree.
   at: get_path (scene/main/node.cpp:2374)
Leaked instance: Node:1222773864551 - Node path: 
ERROR: Cannot get path of node as it is not in a scene tree.
   at: get_path (scene/main/node.cpp:2374)
Leaked instance: Node:3879982891250 - Node path: 
ERROR: Cannot get path of node as it is not in a scene tree.
   at: get_path (scene/main/node.cpp:2374)
Leaked instance: Node:4281059017662 - Node path: 
ERROR: Cannot get path of node as it is not in a scene tree.
   at: get_path (scene/main/node.cpp:2374)
Leaked instance: Node:4413078931550 - Node path: 
ERROR: Cannot get path of node as it is not in a scene tree.
   at: get_path (scene/main/node.cpp:2374)
Leaked instance: Node:1688425502915 - Node path: 
ERROR: Cannot get path of node as it is not in a scene tree.
   at: get_path (scene/main/node.cpp:2374)
Leaked instance: Node:1775281150296 - Node path: 
ERROR: Cannot get path of node as it is not in a scene tree.
   at: get_path (scene/main/node.cpp:2374)
Leaked instance: Node:2056601508616 - Node path: 
ERROR: Cannot get path of node as it is not in a scene tree.
   at: get_path (scene/main/node.cpp:2374)
Leaked instance: Node:2248113433064 - Node path: 
ERROR: Cannot get path of node as it is not in a scene tree.
   at: get_path (scene/main/node.cpp:2374)
Leaked instance: Node:4766390332842 - Node path: 
ERROR: Cannot get path of node as it is not in a scene tree.
   at: get_path (scene/main/node.cpp:2374)
Leaked instance: Node:4918660346473 - Node path: 
ERROR: Cannot get path of node as it is not in a scene tree.
   at: get_path (scene/main/node.cpp:2374)
Leaked instance: Node:2870044833737 - Node path: 
ERROR: Cannot get path of node as it is not in a scene tree.
   at: get_path (scene/main/node.cpp:2374)
Leaked instance: Node:2871118575623 - Node path: 
ERROR: Cannot get path of node as it is not in a scene tree.
   at: get_path (scene/main/node.cpp:2374)
Leaked instance: Node:3023187262395 - Node path: 
ERROR: Cannot get path of node as it is not in a scene tree.
   at: get_path (scene/main/node.cpp:2374)
Leaked instance: Node:3084524764555 - Node path: 
ERROR: Cannot get path of node as it is not in a scene tree.
   at: get_path (scene/main/node.cpp:2374)
Leaked instance: Node:3086001159639 - Node path: 
Hint: Leaked instances typically happen when nodes are removed from the scene tree (with `remove_child()`) but not freed (with `free()` or `queue_free()`).
ERROR: 1 resources still in use at exit.
   at: clear (core/io/resource.cpp:790)
Resource still in use: res://osm/osm_loader.gd (GDScript)
Orphan StringName: _ready (static: 1, total: 2)
Orphan StringName: current_server_index (static: 0, total: 44)
Orphan StringName: is_cached (static: 0, total: 1)
Orphan StringName: HTTPRequest (static: 1, total: 3)
Orphan StringName: CACHE_VERSION (static: 0, total: 1)
Orphan StringName: _emit_cached_data (static: 0, total: 1)
Orphan StringName: use_cache (static: 0, total: 44)
Orphan StringName: OSMLoader (static: 0, total: 3)
Orphan StringName: CACHE_DIR (static: 0, total: 1)
Orphan StringName: _ensure_cache_dir (static: 0, total: 1)
Orphan StringName: OVERPASS_SERVERS (static: 0, total: 1)
Orphan StringName: radius_meters (static: 0, total: 43)
Orphan StringName: max_retries (static: 0, total: 44)
Orphan StringName: get_cache_size (static: 0, total: 1)
Orphan StringName: _parse_osm_data (static: 0, total: 1)
Orphan StringName: current_cache_key (static: 0, total: 44)
Orphan StringName: center_lat (static: 0, total: 43)
Orphan StringName: center_lon (static: 0, total: 43)
Orphan StringName: Master (static: 0, total: 1)
Orphan StringName: load_failed (static: 0, total: 2)
Orphan StringName: _get_cache_path (static: 0, total: 1)
Orphan StringName: _send_request (static: 0, total: 1)
Orphan StringName: load_area (static: 0, total: 1)
Orphan StringName: _try_next_server (static: 0, total: 1)
Orphan StringName: data_loaded (static: 0, total: 2)
Orphan StringName: latlon_to_local (static: 0, total: 1)
Orphan StringName: Node (static: 3, total: 4)
Orphan StringName: _on_request_completed (static: 0, total: 1)
Orphan StringName: http_request (static: 0, total: 43)
Orphan StringName: clear_cache (static: 0, total: 1)
Orphan StringName: retry_count (static: 0, total: 44)
Orphan StringName: _load_from_cache (static: 0, total: 1)
Orphan StringName: pending_query (static: 0, total: 44)
Orphan StringName: _get_cache_key (static: 0, total: 1)
Orphan StringName: _save_to_cache (static: 0, total: 1)
StringName: 35 unclaimed string names at exit.
