WorkerThreadPool: 10 threads, 3 max low-priority.
Godot Engine v4.5.1.stable.official.f62fdbde1 - https://godotengine.org
TextServer: Added interface "Dummy"
TextServer: Added interface "ICU / HarfBuzz / Graphite (Built-in)"
Unrecognized output string "misc2" in mapping:
030000007e0500006920000001010000,Nintendo Switch 2 Pro Controller,a:b0,b:b1,back:b14,dpdown:b8,dpleft:b10,dpright:b9,dpup:b11,guide:b16,leftshoulder:b12,leftstick:b15,lefttrigger:b13,leftx:a0,lefty:a1~,misc1:b17,misc2:b20,paddle1:b18,paddle2:b19,rightshoulder:b4,rightstick:b7,righttrigger:b5,rightx:a2,righty:a3~,start:b6,x:b2,y:b3,platform:Mac OS X,
SDL: Init OK!
[mvk-info] MoltenVK version 1.2.9, supporting Vulkan version 1.2.283.
	The following 110 Vulkan extensions are supported:
		VK_KHR_16bit_storage v1
		VK_KHR_8bit_storage v1
		VK_KHR_bind_memory2 v1
		VK_KHR_buffer_device_address v1
		VK_KHR_calibrated_timestamps v1
		VK_KHR_copy_commands2 v1
		VK_KHR_create_renderpass2 v1
		VK_KHR_dedicated_allocation v3
		VK_KHR_deferred_host_operations v4
		VK_KHR_depth_stencil_resolve v1
		VK_KHR_descriptor_update_template v1
		VK_KHR_device_group v4
		VK_KHR_device_group_creation v1
		VK_KHR_driver_properties v1
		VK_KHR_dynamic_rendering v1
		VK_KHR_external_fence v1
		VK_KHR_external_fence_capabilities v1
		VK_KHR_external_memory v1
		VK_KHR_external_memory_capabilities v1
		VK_KHR_external_semaphore v1
		VK_KHR_external_semaphore_capabilities v1
		VK_KHR_fragment_shader_barycentric v1
		VK_KHR_format_feature_flags2 v2
		VK_KHR_get_memory_requirements2 v1
		VK_KHR_get_physical_device_properties2 v2
		VK_KHR_get_surface_capabilities2 v1
		VK_KHR_imageless_framebuffer v1
		VK_KHR_image_format_list v1
		VK_KHR_incremental_present v2
		VK_KHR_maintenance1 v2
		VK_KHR_maintenance2 v1
		VK_KHR_maintenance3 v1
		VK_KHR_map_memory2 v1
		VK_KHR_multiview v1
		VK_KHR_portability_subset v1
		VK_KHR_push_descriptor v2
		VK_KHR_relaxed_block_layout v1
		VK_KHR_sampler_mirror_clamp_to_edge v3
		VK_KHR_sampler_ycbcr_conversion v14
		VK_KHR_separate_depth_stencil_layouts v1
		VK_KHR_shader_draw_parameters v1
		VK_KHR_shader_float_controls v4
		VK_KHR_shader_float16_int8 v1
		VK_KHR_shader_integer_dot_product v1
		VK_KHR_shader_non_semantic_info v1
		VK_KHR_shader_subgroup_extended_types v1
		VK_KHR_spirv_1_4 v1
		VK_KHR_storage_buffer_storage_class v1
		VK_KHR_surface v25
		VK_KHR_swapchain v70
		VK_KHR_swapchain_mutable_format v1
		VK_KHR_synchronization2 v1
		VK_KHR_timeline_semaphore v2
		VK_KHR_uniform_buffer_standard_layout v1
		VK_KHR_variable_pointers v1
		VK_KHR_vertex_attribute_divisor v1
		VK_EXT_4444_formats v1
		VK_EXT_buffer_device_address v2
		VK_EXT_calibrated_timestamps v2
		VK_EXT_debug_marker v4
		VK_EXT_debug_report v10
		VK_EXT_debug_utils v2
		VK_EXT_descriptor_indexing v2
		VK_EXT_extended_dynamic_state v1
		VK_EXT_extended_dynamic_state2 v1
		VK_EXT_extended_dynamic_state3 v2
		VK_EXT_external_memory_host v1
		VK_EXT_fragment_shader_interlock v1
		VK_EXT_hdr_metadata v2
		VK_EXT_headless_surface v1
		VK_EXT_host_image_copy v1
		VK_EXT_host_query_reset v1
		VK_EXT_image_robustness v1
		VK_EXT_inline_uniform_block v1
		VK_EXT_layer_settings v2
		VK_EXT_memory_budget v1
		VK_EXT_metal_objects v2
		VK_EXT_metal_surface v1
		VK_EXT_pipeline_creation_cache_control v3
		VK_EXT_pipeline_creation_feedback v1
		VK_EXT_post_depth_coverage v1
		VK_EXT_private_data v1
		VK_EXT_robustness2 v1
		VK_EXT_sample_locations v1
		VK_EXT_scalar_block_layout v1
		VK_EXT_separate_stencil_usage v1
		VK_EXT_shader_atomic_float v1
		VK_EXT_shader_demote_to_helper_invocation v1
		VK_EXT_shader_stencil_export v1
		VK_EXT_shader_subgroup_ballot v1
		VK_EXT_shader_subgroup_vote v1
		VK_EXT_shader_viewport_index_layer v1
		VK_EXT_subgroup_size_control v2
		VK_EXT_surface_maintenance1 v1
		VK_EXT_swapchain_colorspace v4
		VK_EXT_swapchain_maintenance1 v1
		VK_EXT_texel_buffer_alignment v1
		VK_EXT_texture_compression_astc_hdr v1
		VK_EXT_vertex_attribute_divisor v3
		VK_AMD_gpu_shader_half_float v2
		VK_AMD_negative_viewport_height v1
		VK_AMD_shader_image_load_store_lod v1
		VK_AMD_shader_trinary_minmax v1
		VK_IMG_format_pvrtc v1
		VK_INTEL_shader_integer_functions2 v1
		VK_GOOGLE_display_timing v1
		VK_MVK_macos_surface v3
		VK_MVK_moltenvk v37
		VK_NV_fragment_shader_barycentric v1
		VK_NV_glsl_shader v1
[mvk-info] GPU device:
		model: Apple M1 Pro
		type: Integrated
		vendorID: 0x106b
		deviceID: 0xf0103ef
		pipelineCacheUUID: BF097EDC-0F01-03EF-0000-000000000000
		GPU memory available: 21845 MB
		GPU memory used: 0 MB
	supports the following Metal Versions, GPU's and Feature Sets:
		Metal Shading Language 3.1
		GPU Family Apple 7
		GPU Family Apple 6
		GPU Family Apple 5
		GPU Family Apple 4
		GPU Family Apple 3
		GPU Family Apple 2
		GPU Family Apple 1
		GPU Family Mac 2
		GPU Family Mac 1
		GPU Family Common 3
		GPU Family Common 2
		GPU Family Common 1
		macOS GPU Family 2 v1
		macOS GPU Family 1 v4
		macOS GPU Family 1 v3
		macOS GPU Family 1 v2
		macOS GPU Family 1 v1
[mvk-info] Created VkInstance for Vulkan version 1.2.0, as requested by app, with the following 4 Vulkan extensions enabled:
		VK_KHR_get_physical_device_properties2 v2
		VK_KHR_surface v25
		VK_EXT_debug_utils v2
		VK_EXT_metal_surface v1
Devices:
  #0: Apple Apple M1 Pro - Supported, Integrated
Optional extension VK_KHR_fragment_shading_rate not found
Optional extension VK_EXT_fragment_density_map not found
Optional extension VK_EXT_astc_decode_mode not found
Optional extension VK_KHR_vulkan_memory_model not found
Optional extension VK_KHR_external_memory_fd not found
Optional extension VK_EXT_device_fault not found
- Vulkan Variable Rate Shading not supported
- Vulkan Fragment Density Map not supported
- Vulkan multiview supported:
  max view count: 32
  max instances: 134217727
- Vulkan subgroup:
  size: 32
  min size: 32
  max size: 32
  stages: STAGE_TESSELLATION_CONTROL, STAGE_FRAGMENT, STAGE_COMPUTE
  supported ops: FEATURE_BASIC, FEATURE_VOTE, FEATURE_ARITHMETIC, FEATURE_BALLOT, FEATURE_SHUFFLE, FEATURE_SHUFFLE_RELATIVE, FEATURE_QUAD
  quad operations in all stages
[mvk-info] Vulkan semaphores using Metal implicit guarantees within a single queue.
[mvk-info] Created VkDevice to run on GPU Apple M1 Pro with the following 13 Vulkan extensions enabled:
		VK_KHR_16bit_storage v1
		VK_KHR_buffer_device_address v1
		VK_KHR_create_renderpass2 v1
		VK_KHR_image_format_list v1
		VK_KHR_maintenance2 v1
		VK_KHR_multiview v1
		VK_KHR_shader_float16_int8 v1
		VK_KHR_storage_buffer_storage_class v1
		VK_KHR_swapchain v70
		VK_EXT_debug_marker v4
		VK_EXT_pipeline_creation_cache_control v3
		VK_EXT_subgroup_size_control v2
		VK_EXT_texture_compression_astc_hdr v1
Vulkan 1.2.283 - Forward+ - Using Device #0: Apple - Apple M1 Pro
Startup PSO cache (41.1 MiB)
Using "default" pen tablet driver...
Creating VMA small objects pool for memory type index 0
Shader 'CanvasSdfShaderRD' (group 0) SHA256: e3e36a196484fd7752bf3d5dca5d9ff7512a4e981b5f5f57e6f0a0fc50640721
Loading cache for shader CanvasSdfShaderRD, variant 0
Loading cache for shader CanvasSdfShaderRD, variant 1
Loading cache for shader CanvasSdfShaderRD, variant 2
Loading cache for shader CanvasSdfShaderRD, variant 3
Loading cache for shader CanvasSdfShaderRD, variant 4
Loading cache for shader CanvasSdfShaderRD, variant 5
Shader 'SkeletonShaderRD' (group 0) SHA256: e0325885d3b45ea42d045525d1c732805f14a5a6cc4b6b67ce336626653e9573
Loading cache for shader SkeletonShaderRD, variant 0
Loading cache for shader SkeletonShaderRD, variant 1
Shader 'SortShaderRD' (group 0) SHA256: ce9b4120b1d1a35c1bea19b12a6206dee2526af5e61fd4520555d6b447f15e34
Loading cache for shader SortShaderRD, variant 0
Loading cache for shader SortShaderRD, variant 1
Loading cache for shader SortShaderRD, variant 2
Shader 'ParticlesShaderRD' (group 0) SHA256: c77129ff51da9b8bd8037785c1a2afcdca1f25aa602d8d22c4973640d55305a4
Loading cache for shader ParticlesShaderRD, variant 0
Shader 'ParticlesCopyShaderRD' (group 0) SHA256: 76ee6b7648ff369a05e8340a639ce08c065370fd23e6d18634d522db1c3ac055
Loading cache for shader ParticlesCopyShaderRD, variant 0
Loading cache for shader ParticlesCopyShaderRD, variant 1
Loading cache for shader ParticlesCopyShaderRD, variant 2
Loading cache for shader ParticlesCopyShaderRD, variant 3
Loading cache for shader ParticlesCopyShaderRD, variant 4
Loading cache for shader ParticlesCopyShaderRD, variant 5
Loading cache for shader ParticlesCopyShaderRD, variant 6
Loading cache for shader ParticlesCopyShaderRD, variant 7
Loading cache for shader ParticlesCopyShaderRD, variant 8
Loading cache for shader ParticlesCopyShaderRD, variant 9
Loading cache for shader ParticlesCopyShaderRD, variant 10
Loading cache for shader ParticlesCopyShaderRD, variant 11
Loading cache for shader ParticlesCopyShaderRD, variant 12
Loading cache for shader ParticlesCopyShaderRD, variant 13
Loading cache for shader ParticlesCopyShaderRD, variant 14
Loading cache for shader ParticlesCopyShaderRD, variant 15
Loading cache for shader ParticlesCopyShaderRD, variant 16
Loading cache for shader ParticlesCopyShaderRD, variant 17
Loading cache for shader ParticlesCopyShaderRD, variant 18
Loading cache for shader ParticlesCopyShaderRD, variant 19
Loading cache for shader ParticlesCopyShaderRD, variant 20
Shader 'CanvasShaderRD' (group 0) SHA256: 8f73ea59600218c7f4a72f38f0a825d4b9edae392f00688807259ea2faf43974
Loading cache for shader CanvasShaderRD, variant 0
Loading cache for shader CanvasShaderRD, variant 1
Loading cache for shader CanvasShaderRD, variant 2
Loading cache for shader CanvasShaderRD, variant 3
Loading cache for shader CanvasShaderRD, variant 4
Loading cache for shader CanvasShaderRD, variant 5
Shader 'CanvasOcclusionShaderRD' (group 0) SHA256: 2e1e40e085c85bd3960b7bad3be9bad88a3e02174708138d2eb3215933437ede
Loading cache for shader CanvasOcclusionShaderRD, variant 0
Loading cache for shader CanvasOcclusionShaderRD, variant 1
Loading cache for shader CanvasOcclusionShaderRD, variant 2
Loading cache for shader CanvasShaderRD, variant 0
Loading cache for shader CanvasShaderRD, variant 1
Loading cache for shader CanvasShaderRD, variant 2
Loading cache for shader CanvasShaderRD, variant 3
Loading cache for shader CanvasShaderRD, variant 4
Loading cache for shader CanvasShaderRD, variant 5
Loading cache for shader CanvasShaderRD, variant 0
Loading cache for shader CanvasShaderRD, variant 1
Loading cache for shader CanvasShaderRD, variant 2
Loading cache for shader CanvasShaderRD, variant 3
Loading cache for shader CanvasShaderRD, variant 4
Loading cache for shader CanvasShaderRD, variant 5
Shader 'ClusterRenderShaderRD' (group 0) SHA256: 5520632edde9dc7efc467666b1888d0f07fe10e4c2e113e68f1757bab97a847b
Loading cache for shader ClusterRenderShaderRD, variant 2
Loading cache for shader ClusterRenderShaderRD, variant 3
Shader 'ClusterStoreShaderRD' (group 0) SHA256: 9ca626ebec243544ae7398e49713da5e69391ab29de1ced02b03e718a013c28f
Loading cache for shader ClusterStoreShaderRD, variant 0
Shader 'ClusterDebugShaderRD' (group 0) SHA256: 7253e84e6deaaf9cd1391aff49a754db31e162f9ecaf776485fde4bc31121aa6
Loading cache for shader ClusterDebugShaderRD, variant 0
Shader 'SceneForwardClusteredShaderRD' (group 0) SHA256: df8d1dbb6fb950c04bcc78fb1667a6eb52d604ac1f0317023833936c838ed75f
Shader 'SceneForwardClusteredShaderRD' (group 1) SHA256: 6a184745fdc168cf1854f82e467b075c7754389099dd4260c7cfd820f974abb7
Shader 'SceneForwardClusteredShaderRD' (group 2) SHA256: e54e15eb9546bd2ff28fdb8fc19e33bec138fb364a5418eb6d90e784252ee190
Shader 'SceneForwardClusteredShaderRD' (group 3) SHA256: 210d14d006d21a3471e63300f334a93a8076f61ad1c3147dbd14466d95970249
Loading cache for shader SceneForwardClusteredShaderRD, variant 0
Loading cache for shader SceneForwardClusteredShaderRD, variant 1
Loading cache for shader SceneForwardClusteredShaderRD, variant 2
Loading cache for shader SceneForwardClusteredShaderRD, variant 3
Loading cache for shader SceneForwardClusteredShaderRD, variant 4
Loading cache for shader SceneForwardClusteredShaderRD, variant 5
Loading cache for shader SceneForwardClusteredShaderRD, variant 6
Loading cache for shader SceneForwardClusteredShaderRD, variant 7
Loading cache for shader SceneForwardClusteredShaderRD, variant 0
Loading cache for shader SceneForwardClusteredShaderRD, variant 1
Loading cache for shader SceneForwardClusteredShaderRD, variant 2
Loading cache for shader SceneForwardClusteredShaderRD, variant 3
Loading cache for shader SceneForwardClusteredShaderRD, variant 4
Loading cache for shader SceneForwardClusteredShaderRD, variant 5
Loading cache for shader SceneForwardClusteredShaderRD, variant 6
Loading cache for shader SceneForwardClusteredShaderRD, variant 7
Loading cache for shader SceneForwardClusteredShaderRD, variant 0
Loading cache for shader SceneForwardClusteredShaderRD, variant 1
Loading cache for shader SceneForwardClusteredShaderRD, variant 2
Loading cache for shader SceneForwardClusteredShaderRD, variant 3
Loading cache for shader SceneForwardClusteredShaderRD, variant 4
Loading cache for shader SceneForwardClusteredShaderRD, variant 5
Loading cache for shader SceneForwardClusteredShaderRD, variant 6
Loading cache for shader SceneForwardClusteredShaderRD, variant 7
Shader 'BestFitNormalShaderRD' (group 0) SHA256: 8c748b5176971d04b037d61fe8ee9c0da50efc42fb21ff2f4fc11dbf138ac284
Loading cache for shader BestFitNormalShaderRD, variant 0
Shader 'IntegrateDfgShaderRD' (group 0) SHA256: 287328d7c084c243ad82ac05423c4a58662ea18582b5b369f3288be49e4a66d8
Loading cache for shader IntegrateDfgShaderRD, variant 0
Shader 'ResolveShaderRD' (group 0) SHA256: 5e0937d6a862fc03f2a42b11dd8fcc8ca9fa948bc51bc5504f3e3a92e954cc33
Loading cache for shader ResolveShaderRD, variant 0
Loading cache for shader ResolveShaderRD, variant 1
Loading cache for shader ResolveShaderRD, variant 2
Shader 'TaaResolveShaderRD' (group 0) SHA256: 8e863ed5b6e6cf5b67a722559308f90a5653d397bdedd8d8c2abe45a89893049
Loading cache for shader TaaResolveShaderRD, variant 0
Shader 'Fsr2DepthClipPassShaderRD' (group 0) SHA256: 4130c931008b9d81bce5757c91876fb1c64a992525002d1a9d24c756cdaeb55f
Shader 'Fsr2ReconstructPreviousDepthPassShaderRD' (group 0) SHA256: 7ef7cdf239edd510c42b9e6ef2ca760f08ac92b57c6b2e5562cf430770b69d49
Shader 'Fsr2LockPassShaderRD' (group 0) SHA256: 50c95f98dbda1ad902b8fac4668d32cbfc11a3e86b890460da50600750d6d636
Shader 'Fsr2AccumulatePassShaderRD' (group 0) SHA256: acf7ce56f0f217fbe6fc54b42313d025af58be39a197ea6e6a9c10b1c03de903
Shader 'Fsr2RcasPassShaderRD' (group 0) SHA256: 3f4d394a0080ce37da6dc5f05c36e082efc8f3a0a333428f23697d21a1e665cd
Shader 'Fsr2ComputeLuminancePyramidPassShaderRD' (group 0) SHA256: 246789de2d6807e12325bb146b5b960cbec70a2119fe15f67d12c0a1d55213dd
Shader 'Fsr2AutogenReactivePassShaderRD' (group 0) SHA256: ea81f3d2612452e92eebad3230c8885356cf352779194322ac0b390d949e0a9f
Shader 'Fsr2TcrAutogenPassShaderRD' (group 0) SHA256: c6b965d8d141ea41ff88aa0df571ed29f4b8b5c974713f24b7fa44f23e3db020
Shader 'SsEffectsDownsampleShaderRD' (group 0) SHA256: 47ce5b07a7399a4ea52ee0ba0ba0016f7c1b3429f72c2ef29b4382bf8f1d92e7
Loading cache for shader SsEffectsDownsampleShaderRD, variant 0
Loading cache for shader SsEffectsDownsampleShaderRD, variant 1
Loading cache for shader SsEffectsDownsampleShaderRD, variant 2
Loading cache for shader SsEffectsDownsampleShaderRD, variant 3
Loading cache for shader SsEffectsDownsampleShaderRD, variant 4
Loading cache for shader SsEffectsDownsampleShaderRD, variant 5
Loading cache for shader SsEffectsDownsampleShaderRD, variant 6
Shader 'SsilShaderRD' (group 0) SHA256: 335e8f9954286db1ee28430b2c9ef17fb01fb4bb8b74d688be9cec967dee41e6
Loading cache for shader SsilShaderRD, variant 0
Loading cache for shader SsilShaderRD, variant 1
Loading cache for shader SsilShaderRD, variant 2
Shader 'SsilImportanceMapShaderRD' (group 0) SHA256: 3d668b995f5f00c0cdb73fd8c13cd3bed37bf5f45c10621fcc2475eefd50a7bd
Loading cache for shader SsilImportanceMapShaderRD, variant 0
Loading cache for shader SsilImportanceMapShaderRD, variant 1
Loading cache for shader SsilImportanceMapShaderRD, variant 2
Shader 'SsilBlurShaderRD' (group 0) SHA256: 9d2d3e521c5d1601e636d8fc3e533a52362ad011112fde07a344fe3511cea943
Loading cache for shader SsilBlurShaderRD, variant 0
Loading cache for shader SsilBlurShaderRD, variant 1
Loading cache for shader SsilBlurShaderRD, variant 2
Shader 'SsilInterleaveShaderRD' (group 0) SHA256: 36d769d4532c446edf161d4b3d932557d4fad2904fda9c5f6861ae7fd162c9ee
Loading cache for shader SsilInterleaveShaderRD, variant 0
Loading cache for shader SsilInterleaveShaderRD, variant 1
Loading cache for shader SsilInterleaveShaderRD, variant 2
Shader 'SsaoShaderRD' (group 0) SHA256: 6831fded981ced729634af4cf4f5515538ff84cbb773c0d583873e29462e1080
Loading cache for shader SsaoShaderRD, variant 0
Loading cache for shader SsaoShaderRD, variant 1
Loading cache for shader SsaoShaderRD, variant 2
Shader 'SsaoImportanceMapShaderRD' (group 0) SHA256: fe84d24f104b577d6ae2183f611ddfa9ef6ba4834d972f00460c66aa67c6e788
Loading cache for shader SsaoImportanceMapShaderRD, variant 0
Loading cache for shader SsaoImportanceMapShaderRD, variant 1
Loading cache for shader SsaoImportanceMapShaderRD, variant 2
Shader 'SsaoBlurShaderRD' (group 0) SHA256: 4d3910b2d37af6bb5a68153677dd3f49c424b932871284ee1bb2e31936b31ca0
Loading cache for shader SsaoBlurShaderRD, variant 0
Loading cache for shader SsaoBlurShaderRD, variant 1
Loading cache for shader SsaoBlurShaderRD, variant 2
Shader 'SsaoInterleaveShaderRD' (group 0) SHA256: b804d0579b589636ca331298d9f8885e277e5fd8be1d20d4560044000a029a49
Loading cache for shader SsaoInterleaveShaderRD, variant 0
Loading cache for shader SsaoInterleaveShaderRD, variant 1
Loading cache for shader SsaoInterleaveShaderRD, variant 2
Shader 'ScreenSpaceReflectionScaleShaderRD' (group 0) SHA256: f028513910f44db288a6d0d7315df152a910214dd680426d7817a0db185bb512
Loading cache for shader ScreenSpaceReflectionScaleShaderRD, variant 0
Shader 'ScreenSpaceReflectionShaderRD' (group 0) SHA256: aa7798f702ec7502be62da736ef869c792a69bb4310d9a535e0b6596ad1c4c8f
Loading cache for shader ScreenSpaceReflectionShaderRD, variant 0
Loading cache for shader ScreenSpaceReflectionShaderRD, variant 1
Shader 'ScreenSpaceReflectionFilterShaderRD' (group 0) SHA256: b8974626c582dd282d9ca1bd58b6ffeda45b41e5b160baa199088657ad7eca95
Loading cache for shader ScreenSpaceReflectionFilterShaderRD, variant 0
Loading cache for shader ScreenSpaceReflectionFilterShaderRD, variant 1
Shader 'SubsurfaceScatteringShaderRD' (group 0) SHA256: cfc79a4166aa45746b6bfa4b2a3345978e68ace79a0a82ab13fdda9f32a7a0b0
Loading cache for shader SubsurfaceScatteringShaderRD, variant 0
Loading cache for shader SubsurfaceScatteringShaderRD, variant 1
Loading cache for shader SubsurfaceScatteringShaderRD, variant 2
Shader 'SkyShaderRD' (group 0) SHA256: 9c26bd5dc001c975a8ec36520d74f1e5aa9d8125c8172a160acf52f8ebf362f3
Loading cache for shader SkyShaderRD, variant 0
Loading cache for shader SkyShaderRD, variant 1
Loading cache for shader SkyShaderRD, variant 2
Loading cache for shader SkyShaderRD, variant 3
Loading cache for shader SkyShaderRD, variant 4
Loading cache for shader SkyShaderRD, variant 5
Loading cache for shader SkyShaderRD, variant 0
Loading cache for shader SkyShaderRD, variant 1
Loading cache for shader SkyShaderRD, variant 2
Loading cache for shader SkyShaderRD, variant 3
Loading cache for shader SkyShaderRD, variant 4
Loading cache for shader SkyShaderRD, variant 5
Shader 'VoxelGiShaderRD' (group 0) SHA256: 3d7b0b0258a2977a47dc0a84db7cb49a5e1bfaa74053e42ffae7d3e87d48965f
Loading cache for shader VoxelGiShaderRD, variant 0
Loading cache for shader VoxelGiShaderRD, variant 1
Loading cache for shader VoxelGiShaderRD, variant 2
Loading cache for shader VoxelGiShaderRD, variant 3
Loading cache for shader VoxelGiShaderRD, variant 4
Loading cache for shader VoxelGiShaderRD, variant 5
Loading cache for shader VoxelGiShaderRD, variant 6
Loading cache for shader VoxelGiShaderRD, variant 7
Shader 'VoxelGiDebugShaderRD' (group 0) SHA256: 49ee1e463ded1be1341dc6ee222f492cd9f8484aabe4cf39ca46f519abecbb6c
Loading cache for shader VoxelGiDebugShaderRD, variant 0
Loading cache for shader VoxelGiDebugShaderRD, variant 1
Loading cache for shader VoxelGiDebugShaderRD, variant 2
Loading cache for shader VoxelGiDebugShaderRD, variant 3
Shader 'SdfgiPreprocessShaderRD' (group 0) SHA256: 60c77a38319fd7cc123270bcc0dfbdddd8f74e985d1907c08c726e3d4dbf7b06
Loading cache for shader SdfgiPreprocessShaderRD, variant 0
Loading cache for shader SdfgiPreprocessShaderRD, variant 1
Loading cache for shader SdfgiPreprocessShaderRD, variant 2
Loading cache for shader SdfgiPreprocessShaderRD, variant 3
Loading cache for shader SdfgiPreprocessShaderRD, variant 4
Loading cache for shader SdfgiPreprocessShaderRD, variant 5
Loading cache for shader SdfgiPreprocessShaderRD, variant 6
Loading cache for shader SdfgiPreprocessShaderRD, variant 7
Loading cache for shader SdfgiPreprocessShaderRD, variant 8
Shader 'SdfgiDirectLightShaderRD' (group 0) SHA256: a3474a0b60ebab5bb7010596e49cfb91bbfc3689c4df741b809ddc92e1fa90e9
Loading cache for shader SdfgiDirectLightShaderRD, variant 0
Loading cache for shader SdfgiDirectLightShaderRD, variant 1
Shader 'SdfgiIntegrateShaderRD' (group 0) SHA256: 62e2ae895bf90996b40c48aeab6a59c24d27c6c843ef9ee94adf3f6de80b26ac
Loading cache for shader SdfgiIntegrateShaderRD, variant 0
Loading cache for shader SdfgiIntegrateShaderRD, variant 1
Loading cache for shader SdfgiIntegrateShaderRD, variant 2
Loading cache for shader SdfgiIntegrateShaderRD, variant 3
Shader 'GiShaderRD' (group 0) SHA256: e4e3882307beba471cbf1d2ebf8ca49fedccbba528ef384e7d1e2461d14a71f0
Shader 'GiShaderRD' (group 1) SHA256: 69ca96412569cbef4a05e515b55b5744ab10048a32a6d2fef2a7c2ad984c9155
Loading cache for shader GiShaderRD, variant 0
Loading cache for shader GiShaderRD, variant 1
Loading cache for shader GiShaderRD, variant 2
Loading cache for shader GiShaderRD, variant 3
Loading cache for shader GiShaderRD, variant 4
Shader 'SdfgiDebugShaderRD' (group 0) SHA256: 6de37bb5aa871af3d348d47b0cbfc09f6873bf5a2500f0cf9280e404ff4ce97b
Loading cache for shader SdfgiDebugShaderRD, variant 0
Shader 'SdfgiDebugProbesShaderRD' (group 0) SHA256: c25d7a81827da688487a69637d3e61ae9f31c125940f4fbf05b6de4a2c1e78a9
Loading cache for shader SdfgiDebugProbesShaderRD, variant 0
Loading cache for shader SdfgiDebugProbesShaderRD, variant 1
Loading cache for shader SdfgiDebugProbesShaderRD, variant 2
Loading cache for shader SdfgiDebugProbesShaderRD, variant 3
Shader 'VolumetricFogShaderRD' (group 0) SHA256: 6120947dc0a3cd4bff5b217e63490686b128f0319aabd6f96d597268f68d60e3
Shader 'VolumetricFogShaderRD' (group 1) SHA256: f44655a2103d6cb3b1d0a206e66c4427aca3de3b5de59f72bf7e08db5144f83c
Shader 'VolumetricFogShaderRD' (group 2) SHA256: 963b90021bd602c144aa8f80b75ecdf64c2abe48940f55cf2f25f2deda808186
Shader 'VolumetricFogShaderRD' (group 3) SHA256: 5929600387c20b3c1eead45ba7f6c87fde922e0e4f78f80366f58cdfb10e63f7
Loading cache for shader VolumetricFogShaderRD, variant 0
Shader 'VolumetricFogProcessShaderRD' (group 0) SHA256: 2749f17fe5049db6df987d401e0fb5a52692635224ca129e06c3d6e15dd2dc29
Shader 'VolumetricFogProcessShaderRD' (group 1) SHA256: 8333ba62fcdf5c0ffe915641fe9faa88286844b2bb245d94b41eb48eca8e881d
Shader 'VolumetricFogProcessShaderRD' (group 2) SHA256: 6b05211651f14a1593c8b3be3b5932c64a3beba37ce1e1649b4ea67ac36d3c47
Shader 'VolumetricFogProcessShaderRD' (group 3) SHA256: 14fbd4a37cc30a2991dbfa525da8e6182def041c1eeaa20638fb2597e98f3c52
Loading cache for shader VolumetricFogProcessShaderRD, variant 0
Loading cache for shader VolumetricFogProcessShaderRD, variant 1
Loading cache for shader VolumetricFogProcessShaderRD, variant 2
Loading cache for shader VolumetricFogProcessShaderRD, variant 3
Loading cache for shader VolumetricFogProcessShaderRD, variant 4
Shader 'BokehDofShaderRD' (group 0) SHA256: 5a14c722b7cad6a5d1853b764825b687b8e8c26d08a7edef6f50a28c2a237b9c
Loading cache for shader BokehDofShaderRD, variant 0
Loading cache for shader BokehDofShaderRD, variant 1
Loading cache for shader BokehDofShaderRD, variant 3
Loading cache for shader BokehDofShaderRD, variant 5
Loading cache for shader BokehDofShaderRD, variant 6
Shader 'CopyShaderRD' (group 0) SHA256: 363226e4e754f4dd97b1000777a12a1e717a0202ef34a8bb5cbbee343880d1a3
Loading cache for shader CopyShaderRD, variant 0
Loading cache for shader CopyShaderRD, variant 1
Loading cache for shader CopyShaderRD, variant 2
Loading cache for shader CopyShaderRD, variant 3
Loading cache for shader CopyShaderRD, variant 4
Loading cache for shader CopyShaderRD, variant 5
Loading cache for shader CopyShaderRD, variant 6
Loading cache for shader CopyShaderRD, variant 7
Loading cache for shader CopyShaderRD, variant 8
Loading cache for shader CopyShaderRD, variant 9
Loading cache for shader CopyShaderRD, variant 10
Loading cache for shader CopyShaderRD, variant 11
Loading cache for shader CopyShaderRD, variant 12
Shader 'CopyToFbShaderRD' (group 0) SHA256: 0adebb67e6205ddab89bef68d0541718044b8408d301ef90fcc572ab1f1dc3c1
Loading cache for shader CopyToFbShaderRD, variant 0
Loading cache for shader CopyToFbShaderRD, variant 1
Loading cache for shader CopyToFbShaderRD, variant 2
Loading cache for shader CopyToFbShaderRD, variant 3
Shader 'CubeToDpShaderRD' (group 0) SHA256: f3ba78a7ce282686c1bace415c6d4852f8b5df07fd90aff0139030354b9c53e6
Loading cache for shader CubeToDpShaderRD, variant 0
Shader 'CubemapDownsamplerShaderRD' (group 0) SHA256: 831be8c39044041b2e1da3b55ee6c2d5d5242c0c11326369eda23b7ae42ee04c
Loading cache for shader CubemapDownsamplerShaderRD, variant 0
Shader 'CubemapFilterShaderRD' (group 0) SHA256: 73d1b21cf27dc843bbcc28dc35d902623419ae7f0c17dba1d9c725d82959f576
Loading cache for shader CubemapFilterShaderRD, variant 0
Loading cache for shader CubemapFilterShaderRD, variant 1
Loading cache for shader CubemapFilterShaderRD, variant 2
Loading cache for shader CubemapFilterShaderRD, variant 3
Shader 'CubemapRoughnessShaderRD' (group 0) SHA256: bb92ea060a11d89f9121ad84bf077cdf954f39a59c3cc78038611f19f3d94533
Loading cache for shader CubemapRoughnessShaderRD, variant 0
Shader 'SpecularMergeShaderRD' (group 0) SHA256: 99444119f03d2c92d5ab325e0fa261255c819d4cb4b019c0eaa369b2d0383a8f
Loading cache for shader SpecularMergeShaderRD, variant 0
Loading cache for shader SpecularMergeShaderRD, variant 1
Loading cache for shader SpecularMergeShaderRD, variant 2
Loading cache for shader SpecularMergeShaderRD, variant 3
Shader 'ShadowFrustumShaderRD' (group 0) SHA256: 851c9007fbee11476e65c3cbb595c7113c7e98676c38d49b88056bdb1eb5904b
Loading cache for shader ShadowFrustumShaderRD, variant 0
Shader 'MotionVectorsShaderRD' (group 0) SHA256: e9ac9ae0667a399f458196d55204937c545356cd64ba755844d9c9943cffdc55
Loading cache for shader MotionVectorsShaderRD, variant 0
Shader 'LuminanceReduceShaderRD' (group 0) SHA256: 62fd065f2a03f76e82ff0efdd729b029811828e67b3dc62b0dd4c1b2a8eb2c23
Loading cache for shader LuminanceReduceShaderRD, variant 0
Loading cache for shader LuminanceReduceShaderRD, variant 1
Loading cache for shader LuminanceReduceShaderRD, variant 2
Shader 'SmaaEdgeDetectionShaderRD' (group 0) SHA256: e4c623cbbd80f252ca1afe76f478a818c89eb124cff6ca285865b0ba733f1f07
Loading cache for shader SmaaEdgeDetectionShaderRD, variant 0
Shader 'SmaaWeightCalculationShaderRD' (group 0) SHA256: 604beebafad6f83aaaead58113c3a3e5b0ed7a7c5605fd197dd952e3821b5878
Loading cache for shader SmaaWeightCalculationShaderRD, variant 0
Shader 'SmaaBlendingShaderRD' (group 0) SHA256: 9f3b4dcf01e8d340348bba93235fb3c9c13964b1e1bd23e7d59891cc9748a71c
Loading cache for shader SmaaBlendingShaderRD, variant 0
Shader 'TonemapShaderRD' (group 0) SHA256: 06d49e3e1e33f4e3f9069e4df65b734ffc54e7ad36b2b03be9c40766a30f7576
Loading cache for shader TonemapShaderRD, variant 0
Loading cache for shader TonemapShaderRD, variant 1
Loading cache for shader TonemapShaderRD, variant 2
Loading cache for shader TonemapShaderRD, variant 3
Loading cache for shader TonemapShaderRD, variant 4
Loading cache for shader TonemapShaderRD, variant 5
Shader 'FsrUpscaleShaderRD' (group 0) SHA256: 0715ca028e84f0a9b6f91a4ac308d37a5c185438f466e254fac8b7377dc10759
Loading cache for shader FsrUpscaleShaderRD, variant 0
Loading cache for shader FsrUpscaleShaderRD, variant 1
Shader 'BlitShaderRD' (group 0) SHA256: 25c59c709fcd7c8e69780f3edeaebc055b68c06b660c69bb43d8246614325591
Loading cache for shader BlitShaderRD, variant 0
Loading cache for shader BlitShaderRD, variant 1
Loading cache for shader BlitShaderRD, variant 2
Loading cache for shader BlitShaderRD, variant 3
CoreAudio: detected 2 channels
CoreAudio: output sampling rate: 48000 Hz
CoreAudio: output audio buffer frames: 512 calculated latency: 10ms

[mvk-info] Created 3 swapchain images with size (3024, 1890) and contents scale 2.0 in layer CAMetalLayer: GodotContentView (0x7fecc09510a0) on screen Built-in Retina Display.
TextServer: Primary interface set to: "ICU / HarfBuzz / Graphite (Built-in)".
Loading resource: res://audio/default_bus_layout.tres
CORE API HASH: 937899573
EDITOR API HASH: 1777164193
SceneTreeFTI: traversal method DEFAULT
Loading resource: res://audio/music_manager.gd
Loading resource: res://race/race_state.gd
Loaded system CA certificates
Loading resource: res://tests/performance_test_detailed.tscn
Loading resource: res://addons/gevp/scenes/nexia_car.tscn
Loading resource: res://addons/gevp/scripts/vehicle.gd
Loading resource: res://car/models/nexia/scene.gltf
Loading resource: res://.godot/imported/scene.gltf-da3723215ad592219a17a8e3f5ec4079.scn
Loading resource: res://car/models/nexia/textures/Black_leather_baseColor.jpeg
Loading resource: res://.godot/imported/Black_leather_baseColor.jpeg-27dd6f30fef7f3a67c1452b21a139442.s3tc.ctex
Loading resource: res://car/models/nexia/textures/Black_leather_normal.png
Loading resource: res://.godot/imported/Black_leather_normal.png-645df4b6ce11f1f4aba9288d250b742d.s3tc.ctex
Loading resource: res://car/models/nexia/textures/Black_Opaque__Glass_baseColor.png
Loading resource: res://.godot/imported/Black_Opaque__Glass_baseColor.png-8658f51f68c57f44cb0f6d55f3c25917.s3tc.ctex
Loading resource: res://car/models/nexia/textures/Black_Opaque__Glass_emissive.jpeg
Loading resource: res://.godot/imported/Black_Opaque__Glass_emissive.jpeg-c45eddde3afb26a113f3ebe2e1d65d70.s3tc.ctex
Loading resource: res://car/models/nexia/textures/Black_Opaque__Glass_normal.png
Loading resource: res://.godot/imported/Black_Opaque__Glass_normal.png-483320fc9a3689ffc546bb08f7e8d3e6.s3tc.ctex
Loading cache for shader SceneForwardClusteredShaderRD, variant 0
Loading cache for shader SceneForwardClusteredShaderRD, variant 1
Loading cache for shader SceneForwardClusteredShaderRD, variant 2
Loading cache for shader SceneForwardClusteredShaderRD, variant 3
Loading cache for shader SceneForwardClusteredShaderRD, variant 4
Loading cache for shader SceneForwardClusteredShaderRD, variant 5
Loading cache for shader SceneForwardClusteredShaderRD, variant 6
Loading cache for shader SceneForwardClusteredShaderRD, variant 7
Loading cache for shader SceneForwardClusteredShaderRD, variant 0
Loading cache for shader SceneForwardClusteredShaderRD, variant 1
Loading cache for shader SceneForwardClusteredShaderRD, variant 2
Loading cache for shader SceneForwardClusteredShaderRD, variant 3
Loading cache for shader SceneForwardClusteredShaderRD, variant 4
Loading cache for shader SceneForwardClusteredShaderRD, variant 5
Loading cache for shader SceneForwardClusteredShaderRD, variant 6
Loading cache for shader SceneForwardClusteredShaderRD, variant 7
Loading cache for shader SceneForwardClusteredShaderRD, variant 0
Loading cache for shader SceneForwardClusteredShaderRD, variant 1
Loading cache for shader SceneForwardClusteredShaderRD, variant 2
Loading cache for shader SceneForwardClusteredShaderRD, variant 3
Loading cache for shader SceneForwardClusteredShaderRD, variant 4
Loading cache for shader SceneForwardClusteredShaderRD, variant 5
Loading cache for shader SceneForwardClusteredShaderRD, variant 6
Loading cache for shader SceneForwardClusteredShaderRD, variant 7
Loading resource: res://car/nexia_setup.gd
Loading resource: res://addons/gevp/scripts/wheel_visibility.gd
Loading resource: res://addons/gevp/scripts/vehicle_input.gd
Loading resource: res://addons/gevp/scripts/engine_sound.gd
Loading resource: res://addons/gevp/scripts/tire_squeal_sound.gd
Loading resource: res://addons/gevp/sounds/4000.wav
Loading resource: res://.godot/imported/4000.wav-5b7af0defc40e9d8fb80f07cca8d9fcd.sample
Loading resource: res://addons/gevp/sounds/tire_squeal.wav
Loading resource: res://.godot/imported/tire_squeal.wav-c8a8ffb33767ae9357a23caee4b04892.sample
Loading cache for shader SceneForwardClusteredShaderRD, variant 0
Loading cache for shader SceneForwardClusteredShaderRD, variant 1
Loading cache for shader SceneForwardClusteredShaderRD, variant 2
Loading cache for shader SceneForwardClusteredShaderRD, variant 3
Loading cache for shader SceneForwardClusteredShaderRD, variant 4
Loading cache for shader SceneForwardClusteredShaderRD, variant 5
Loading cache for shader SceneForwardClusteredShaderRD, variant 6
Loading cache for shader SceneForwardClusteredShaderRD, variant 7
Loading cache for shader SceneForwardClusteredShaderRD, variant 0
Loading cache for shader SceneForwardClusteredShaderRD, variant 1
Loading cache for shader SceneForwardClusteredShaderRD, variant 2
Loading cache for shader SceneForwardClusteredShaderRD, variant 3
Loading cache for shader SceneForwardClusteredShaderRD, variant 4
Loading cache for shader SceneForwardClusteredShaderRD, variant 5
Loading cache for shader SceneForwardClusteredShaderRD, variant 6
Loading cache for shader SceneForwardClusteredShaderRD, variant 7
Loading resource: res://tests/performance_test_detailed.gd
Loading resource: res://camera/follow_camera.gd
Loading resource: res://osm/osm_terrain_generator.gd
Loading resource: res://osm/building_wall.gdshader
Loading resource: res://models/trees/birch/scene.gltf
Loading resource: res://.godot/imported/scene.gltf-79a80a6e289860ce24a364f86dd8e784.scn
Loading resource: res://models/trees/birch/textures/Trunk_baseColor.png
Loading resource: res://.godot/imported/Trunk_baseColor.png-327e2ef3ab35d7fea241a502c77c236d.s3tc.ctex
Loading resource: res://traffic/npc_car.tscn
Loading resource: res://traffic/npc_car.gd
Loading resource: res://traffic/npc_lada_2109.tscn
WARNING: res://traffic/npc_lada_2109.tscn:4 - ext_resource, invalid UID: uid://bvnqxj3m4y5oa - using text path instead: res://car/models/lada_2109_dps/scene.gltf
     at: load (scene/resources/resource_format_text.cpp:444)
Loading resource: res://car/models/lada_2109_dps/scene.gltf
Loading resource: res://.godot/imported/scene.gltf-f24f699731375136b32f89ade3a8eddc.scn
Loading resource: res://car/models/lada_2109_dps/textures/Flashlight_lambert_baseColor.png
Loading resource: res://.godot/imported/Flashlight_lambert_baseColor.png-b355e794557fe548f6fa216b11a43455.s3tc.ctex
Loading resource: res://car/models/lada_2109_dps/textures/Flashlight_lambert_metallicRoughness.png
Loading resource: res://.godot/imported/Flashlight_lambert_metallicRoughness.png-b6f98fc79bf4819e1df6cfc74708587a.s3tc.ctex
Loading resource: res://car/models/lada_2109_dps/textures/Flashlight_lambert_normal.png
Loading resource: res://.godot/imported/Flashlight_lambert_normal.png-769f16b6d1cab547b5b4600e43f7af03.s3tc.ctex
Loading resource: res://car/models/lada_2109_dps/textures/Cleaner_lambert_baseColor.png
Loading resource: res://.godot/imported/Cleaner_lambert_baseColor.png-bb2ae7fcd466234fc794558247c635b5.s3tc.ctex
Loading resource: res://car/models/lada_2109_dps/textures/Mirror_lambert_baseColor.png
Loading resource: res://.godot/imported/Mirror_lambert_baseColor.png-5112edd329aff07d78e1ab96052b3e78.s3tc.ctex
Loading resource: res://car/models/lada_2109_dps/textures/Mirror_lambert_metallicRoughness.png
Loading resource: res://.godot/imported/Mirror_lambert_metallicRoughness.png-bbcd66006f159de42aba40ee24912bbc.s3tc.ctex
Loading resource: res://car/models/lada_2109_dps/textures/Mirror_lambert_normal.png
Loading resource: res://.godot/imported/Mirror_lambert_normal.png-58a0ac522a99e7fae172c676b4a29831.s3tc.ctex
Loading resource: res://car/models/lada_2109_dps/textures/taxycap_lambert_baseColor.png
Loading resource: res://.godot/imported/taxycap_lambert_baseColor.png-80673c8306ea25f20d6161d594f81adc.s3tc.ctex
Loading resource: res://car/models/lada_2109_dps/textures/taxycap_lambert_metallicRoughness.png
Loading resource: res://.godot/imported/taxycap_lambert_metallicRoughness.png-e537f5ae30215425bae2808fc2b3b833.s3tc.ctex
Loading resource: res://car/models/lada_2109_dps/textures/taxycap_lambert_normal.png
Loading resource: res://.godot/imported/taxycap_lambert_normal.png-a8eec270eb4e388f2bd7ac1cc98f65b7.s3tc.ctex
Loading resource: res://car/models/lada_2109_dps/textures/Whells3_lambert_baseColor.png
Loading resource: res://.godot/imported/Whells3_lambert_baseColor.png-534e942fd1713c61b1afb676d297402d.s3tc.ctex
Loading resource: res://car/models/lada_2109_dps/textures/Whells3_lambert_metallicRoughness.png
Loading resource: res://.godot/imported/Whells3_lambert_metallicRoughness.png-53a41be61f57b913febcf41fdd10c606.s3tc.ctex
Loading resource: res://car/models/lada_2109_dps/textures/Whells1_lambert_metallicRoughness.png
Loading resource: res://.godot/imported/Whells1_lambert_metallicRoughness.png-6b7c4747eed5d5f4d04e1d581b984c48.s3tc.ctex
Loading resource: res://car/models/lada_2109_dps/textures/CarBody_lambert_baseColor.png
Loading resource: res://.godot/imported/CarBody_lambert_baseColor.png-f4491e448971bed28d689a53e30c796d.s3tc.ctex
Loading resource: res://car/models/lada_2109_dps/textures/CarBody_lambert_metallicRoughness.png
Loading resource: res://.godot/imported/CarBody_lambert_metallicRoughness.png-e54ab5111cd11d73f9bb0c07746ae0d0.s3tc.ctex
Loading resource: res://car/models/lada_2109_dps/textures/CarBody_lambert_normal.png
Loading resource: res://.godot/imported/CarBody_lambert_normal.png-b5c3687dea7001e21bf71938599ff44a.s3tc.ctex
Loading cache for shader SceneForwardClusteredShaderRD, variant 0
Loading cache for shader SceneForwardClusteredShaderRD, variant 1
Loading cache for shader SceneForwardClusteredShaderRD, variant 2
Loading cache for shader SceneForwardClusteredShaderRD, variant 3
Loading cache for shader SceneForwardClusteredShaderRD, variant 4
Loading cache for shader SceneForwardClusteredShaderRD, variant 5
Loading cache for shader SceneForwardClusteredShaderRD, variant 6
Loading cache for shader SceneForwardClusteredShaderRD, variant 7
Loading cache for shader SceneForwardClusteredShaderRD, variant 0
Loading cache for shader SceneForwardClusteredShaderRD, variant 1
Loading cache for shader SceneForwardClusteredShaderRD, variant 2
Loading cache for shader SceneForwardClusteredShaderRD, variant 3
Loading cache for shader SceneForwardClusteredShaderRD, variant 4
Loading cache for shader SceneForwardClusteredShaderRD, variant 5
Loading cache for shader SceneForwardClusteredShaderRD, variant 6
Loading cache for shader SceneForwardClusteredShaderRD, variant 7
Loading resource: res://car/lada_2109_setup.gd
Loading resource: res://traffic/npc_taxi.tscn
WARNING: res://traffic/npc_taxi.tscn:4 - ext_resource, invalid UID: uid://taxi_model - using text path instead: res://car/models/lada_2109_taxi/scene.gltf
     at: load (scene/resources/resource_format_text.cpp:444)
Loading resource: res://car/models/lada_2109_taxi/scene.gltf
Loading resource: res://.godot/imported/scene.gltf-b52ab687efc1f0120251ce55fdab14dd.scn
Loading resource: res://car/models/lada_2109_taxi/textures/Cleaner_lambert_baseColor.png
Loading resource: res://.godot/imported/Cleaner_lambert_baseColor.png-bcf9981b53946007b4a8647d2cfcc91a.s3tc.ctex
Loading resource: res://car/models/lada_2109_taxi/textures/Mirror_lambert_baseColor.png
Loading resource: res://.godot/imported/Mirror_lambert_baseColor.png-427a768a217cd62a68b2ecded39220b3.s3tc.ctex
Loading resource: res://car/models/lada_2109_taxi/textures/Mirror_lambert_metallicRoughness.png
Loading resource: res://.godot/imported/Mirror_lambert_metallicRoughness.png-91c03a15ed7a5008d133f552f2119f55.s3tc.ctex
Loading resource: res://car/models/lada_2109_taxi/textures/taxycap_lambert_baseColor.png
Loading resource: res://.godot/imported/taxycap_lambert_baseColor.png-0bc8f32a9cd7551fd571d5415cd35c78.s3tc.ctex
Loading resource: res://car/models/lada_2109_taxi/textures/taxycap_lambert_metallicRoughness.png
Loading resource: res://.godot/imported/taxycap_lambert_metallicRoughness.png-a68effdd3bfc7b4fcef90951717e7a3d.s3tc.ctex
Loading resource: res://car/models/lada_2109_taxi/textures/Whells3_lambert_baseColor.png
Loading resource: res://.godot/imported/Whells3_lambert_baseColor.png-5d8885656e4f1d67fb2e2281623b52b2.s3tc.ctex
Loading resource: res://car/models/lada_2109_taxi/textures/Whells2_lambert_metallicRoughness.png
Loading resource: res://.godot/imported/Whells2_lambert_metallicRoughness.png-aaa6575caface87bf44297abb8c9b821.s3tc.ctex
Loading resource: res://car/models/lada_2109_taxi/textures/Whells3_lambert_metallicRoughness.png
Loading resource: res://.godot/imported/Whells3_lambert_metallicRoughness.png-a3ef1c1cc236839d0f7707a7d8869f9f.s3tc.ctex
Loading resource: res://car/models/lada_2109_taxi/textures/VAZ2109_BASE_lambert_baseColor.png
Loading resource: res://.godot/imported/VAZ2109_BASE_lambert_baseColor.png-bf15a1e211e98d1b58e2bab566b66185.s3tc.ctex
Loading resource: res://car/models/lada_2109_taxi/textures/VAZ2109_BASE_lambert_metallicRoughness.png
Loading resource: res://.godot/imported/VAZ2109_BASE_lambert_metallicRoughness.png-977fe43c5d7cc17bdc9b17cf06c70ef1.s3tc.ctex
Loading resource: res://car/models/lada_2109_taxi/textures/VAZ2109_BASE_lambert_normal.png
Loading resource: res://.godot/imported/VAZ2109_BASE_lambert_normal.png-cfeb2c0af6329849102c29c2e9bd8a65.s3tc.ctex
Loading resource: res://traffic/traffic_manager.gd
Loading resource: res://traffic/npc_paz.tscn
Loading resource: res://car/models/paz_32053/scene.gltf
Loading resource: res://.godot/imported/scene.gltf-e2ef1de0e6e96c2fdc37a92edd0871d3.scn
Loading resource: res://car/models/paz_32053/textures/Material.006_baseColor.png
Loading resource: res://.godot/imported/Material.006_baseColor.png-cfb6d2383ff6937aac0fe6a6e3e13a87.s3tc.ctex
Loading resource: res://car/models/paz_32053/textures/Material.006_metallicRoughness.png
Loading resource: res://.godot/imported/Material.006_metallicRoughness.png-b65e4d33e5f2d1bdd59486b591a744e1.s3tc.ctex
Loading resource: res://car/models/paz_32053/textures/Material.006_normal.png
Loading resource: res://.godot/imported/Material.006_normal.png-d1ec12af03a9dc62e01eb28b35da9f97.s3tc.ctex
Loading resource: res://car/paz_setup.gd
Loading resource: res://traffic/npc_vaz_2107.tscn
Loading resource: res://car/models/vaz_2107/scene.gltf
Loading resource: res://.godot/imported/scene.gltf-d7b131791e86e600027f4f17262117df.scn
Loading resource: res://car/models/vaz_2107/scene_0.png
Loading resource: res://.godot/imported/scene_0.png-e25bcb14a0f0651912c08347d50bbdc8.s3tc.ctex
Loading resource: res://car/models/vaz_2107/scene_1.png
Loading resource: res://.godot/imported/scene_1.png-4c7a5d36203d9d437746c6449e41c734.s3tc.ctex
Loading resource: res://car/models/vaz_2107/scene_2.png
Loading resource: res://.godot/imported/scene_2.png-1981eda6296e0043ff00aad2572e0abb.s3tc.ctex
Loading resource: res://car/models/vaz_2107/scene_3.png
Loading resource: res://.godot/imported/scene_3.png-d38c00ebf4e93dae6de409b7897aca58.s3tc.ctex
Loading resource: res://car/models/vaz_2107/scene_4.png
Loading resource: res://.godot/imported/scene_4.png-b3bddbd8efa4d8603c141a84c096ee55.s3tc.ctex
Loading cache for shader SceneForwardClusteredShaderRD, variant 0
Loading cache for shader SceneForwardClusteredShaderRD, variant 1
Loading cache for shader SceneForwardClusteredShaderRD, variant 2
Loading cache for shader SceneForwardClusteredShaderRD, variant 3
Loading cache for shader SceneForwardClusteredShaderRD, variant 4
Loading cache for shader SceneForwardClusteredShaderRD, variant 5
Loading cache for shader SceneForwardClusteredShaderRD, variant 6
Loading cache for shader SceneForwardClusteredShaderRD, variant 7
Loading resource: res://car/vaz_2107_setup.gd
Loading resource: res://night_mode/night_mode_manager.gd
Loading resource: res://settings/graphics_settings.gd
Loading resource: res://textures/ground_setup.gd
Loading resource: res://tests/bottleneck_analyzer.gd
Loading cache for shader SkyShaderRD, variant 0
Loading cache for shader SkyShaderRD, variant 1
Loading cache for shader SkyShaderRD, variant 2
Loading cache for shader SkyShaderRD, variant 3
Loading cache for shader SkyShaderRD, variant 4
Loading cache for shader SkyShaderRD, variant 5
ERROR: Error opening file 'res://icon.svg'.
   at: load_image (core/io/image_loader.cpp:89)
Loading resource: res://audio/music/petya_pavlov_ya_hochu_skorosti.ogg
Loading resource: res://.godot/imported/petya_pavlov_ya_hochu_skorosti.ogg-1975faad5a524bfffff2345ac5d67add.oggvorbisstr
MusicManager: Now playing track 0: Петя Павлов - Я хочу скорости
OSM: Initializing textures...
WARNING: Image format RGB8 not supported by hardware, converting to RGBA8.
     at: _validate_texture_format (servers/rendering/renderer_rd/storage_rd/texture_storage.cpp:2265)
     GDScript backtrace (most recent call first):
         [0] create_highway_texture (res://textures/texture_generator.gd:111)
         [1] _init_textures (res://osm/osm_terrain_generator.gd:291)
         [2] _ready (res://osm/osm_terrain_generator.gd:231)
WARNING: Image format RGB8 not supported by hardware, converting to RGBA8.
     at: _validate_texture_format (servers/rendering/renderer_rd/storage_rd/texture_storage.cpp:2265)
     GDScript backtrace (most recent call first):
         [0] create_primary_texture (res://textures/texture_generator.gd:160)
         [1] _init_textures (res://osm/osm_terrain_generator.gd:292)
         [2] _ready (res://osm/osm_terrain_generator.gd:231)
WARNING: Image format RGB8 not supported by hardware, converting to RGBA8.
     at: _validate_texture_format (servers/rendering/renderer_rd/storage_rd/texture_storage.cpp:2265)
     GDScript backtrace (most recent call first):
         [0] create_road_texture (res://textures/texture_generator.gd:61)
         [1] _init_textures (res://osm/osm_terrain_generator.gd:293)
         [2] _ready (res://osm/osm_terrain_generator.gd:231)
WARNING: Image format RGB8 not supported by hardware, converting to RGBA8.
     at: _validate_texture_format (servers/rendering/renderer_rd/storage_rd/texture_storage.cpp:2265)
     GDScript backtrace (most recent call first):
         [0] create_sidewalk_texture (res://textures/texture_generator.gd:209)
         [1] _init_textures (res://osm/osm_terrain_generator.gd:294)
         [2] _ready (res://osm/osm_terrain_generator.gd:231)
WARNING: Image format RGB8 not supported by hardware, converting to RGBA8.
     at: _validate_texture_format (servers/rendering/renderer_rd/storage_rd/texture_storage.cpp:2265)
     GDScript backtrace (most recent call first):
         [0] create_intersection_texture (res://textures/texture_generator.gd:184)
         [1] _init_textures (res://osm/osm_terrain_generator.gd:295)
         [2] _ready (res://osm/osm_terrain_generator.gd:231)
WARNING: Image format RGB8 not supported by hardware, converting to RGBA8.
     at: _validate_texture_format (servers/rendering/renderer_rd/storage_rd/texture_storage.cpp:2265)
     GDScript backtrace (most recent call first):
         [0] create_panel_building_no_windows (res://textures/texture_generator.gd:367)
         [1] _init_textures (res://osm/osm_terrain_generator.gd:298)
         [2] _ready (res://osm/osm_terrain_generator.gd:231)
WARNING: Image format RGB8 not supported by hardware, converting to RGBA8.
     at: _validate_texture_format (servers/rendering/renderer_rd/storage_rd/texture_storage.cpp:2265)
     GDScript backtrace (most recent call first):
         [0] create_brick_building_no_windows (res://textures/texture_generator.gd:401)
         [1] _init_textures (res://osm/osm_terrain_generator.gd:299)
         [2] _ready (res://osm/osm_terrain_generator.gd:231)
WARNING: Image format RGB8 not supported by hardware, converting to RGBA8.
     at: _validate_texture_format (servers/rendering/renderer_rd/storage_rd/texture_storage.cpp:2265)
     GDScript backtrace (most recent call first):
         [0] create_wall_texture (res://textures/texture_generator.gd:325)
         [1] _init_textures (res://osm/osm_terrain_generator.gd:300)
         [2] _ready (res://osm/osm_terrain_generator.gd:231)
WARNING: Image format RGB8 not supported by hardware, converting to RGBA8.
     at: _validate_texture_format (servers/rendering/renderer_rd/storage_rd/texture_storage.cpp:2265)
     GDScript backtrace (most recent call first):
         [0] create_roof_texture (res://textures/texture_generator.gd:309)
         [1] _init_textures (res://osm/osm_terrain_generator.gd:301)
         [2] _ready (res://osm/osm_terrain_generator.gd:231)
WARNING: Loaded resource as image file, this will not work on export: 'res://textures/Grass004_1K-JPG_Color.jpg'. Instead, import the image file as an Image resource and load it normally as a resource.
     at: load_from_file (core/io/image.cpp:2541)
     GDScript backtrace (most recent call first):
         [0] _init_textures (res://osm/osm_terrain_generator.gd:304)
         [1] _ready (res://osm/osm_terrain_generator.gd:231)
WARNING: Image format RGB8 not supported by hardware, converting to RGBA8.
     at: _validate_texture_format (servers/rendering/renderer_rd/storage_rd/texture_storage.cpp:2265)
     GDScript backtrace (most recent call first):
         [0] _init_textures (res://osm/osm_terrain_generator.gd:306)
         [1] _ready (res://osm/osm_terrain_generator.gd:231)
WARNING: Image format RGB8 not supported by hardware, converting to RGBA8.
     at: _validate_texture_format (servers/rendering/renderer_rd/storage_rd/texture_storage.cpp:2265)
     GDScript backtrace (most recent call first):
         [0] create_forest_texture (res://textures/texture_generator.gd:575)
         [1] _init_textures (res://osm/osm_terrain_generator.gd:309)
         [2] _ready (res://osm/osm_terrain_generator.gd:231)
WARNING: Image format RGB8 not supported by hardware, converting to RGBA8.
     at: _validate_texture_format (servers/rendering/renderer_rd/storage_rd/texture_storage.cpp:2265)
     GDScript backtrace (most recent call first):
         [0] create_asphalt_normal (res://textures/texture_generator.gd:627)
         [1] _init_textures (res://osm/osm_terrain_generator.gd:313)
         [2] _ready (res://osm/osm_terrain_generator.gd:231)
WARNING: Image format RGB8 not supported by hardware, converting to RGBA8.
     at: _validate_texture_format (servers/rendering/renderer_rd/storage_rd/texture_storage.cpp:2265)
     GDScript backtrace (most recent call first):
         [0] create_brick_normal (res://textures/texture_generator.gd:657)
         [1] _init_textures (res://osm/osm_terrain_generator.gd:314)
         [2] _ready (res://osm/osm_terrain_generator.gd:231)
WARNING: Image format RGB8 not supported by hardware, converting to RGBA8.
     at: _validate_texture_format (servers/rendering/renderer_rd/storage_rd/texture_storage.cpp:2265)
     GDScript backtrace (most recent call first):
         [0] create_concrete_normal (res://textures/texture_generator.gd:693)
         [1] _init_textures (res://osm/osm_terrain_generator.gd:315)
         [2] _ready (res://osm/osm_terrain_generator.gd:231)
WARNING: Image format RGB8 not supported by hardware, converting to RGBA8.
     at: _validate_texture_format (servers/rendering/renderer_rd/storage_rd/texture_storage.cpp:2265)
     GDScript backtrace (most recent call first):
         [0] create_panel_building_normal (res://textures/texture_generator.gd:744)
         [1] _init_textures (res://osm/osm_terrain_generator.gd:316)
         [2] _ready (res://osm/osm_terrain_generator.gd:231)
OSM: Textures initialized in 1380 ms
OSM: Initializing window shader (compile once, reuse for all batches)...
OSM: Window shader compiled
=== Performance Profiler Started ===
[OSMTerrain] Profiler created for diagnostics
OSMTerrainGenerator: Profiler connected - road performance will be measured

========== Bottleneck Analyzer Started ==========
Collecting performance data...
=================================================

Loading resource: res://tests/performance_logger.gd

========== DETAILED PERFORMANCE TEST ==========
Random seed: 12345 (fixed for reproducibility)
Location: Cherepovets (59.1167, 37.9000)
Duration: 90 seconds
Spike threshold: 25.0 ms
Tracking: Every spike > 25.0 ms
Night mode: ENABLED
==============================================

2026-01-31 07:17:09.622 Godot[69198:2124782] +[IMKClient subclass]: chose IMKClient_Modern
OSM: Night mode enabled
OSM: Chunk distances - load: 700, unload: 900
OSM: Fog enabled (density: 0.0013 for 600m)
OSM: Ready for loading (waiting for start_loading call)...
Nexia: Found mesh: body_Car Paint PL_0
  -> Created override material for surface 0
  -> Material: Car_Paint_PL (StandardMaterial3D)
  -> Changed body color to cherry (glossy)
Nexia: Found mesh: body_Car Paint PL_02
  -> Created override material for surface 0
  -> Material: Car_Paint_PL (StandardMaterial3D)
  -> Changed body color to cherry (glossy)
Nexia: Found mesh: body_Car Paint PL_03
  -> Created override material for surface 0
  -> Material: Car_Paint_PL (StandardMaterial3D)
  -> Changed body color to cherry (glossy)
Nexia: Found mesh: body_Black leather_0
  -> Skipping (light/wheel/chrome/interior)
Nexia: Found mesh: body_Black leather_02
  -> Skipping (light/wheel/chrome/interior)
Nexia: Found mesh: body_Black leather_03
  -> Skipping (light/wheel/chrome/interior)
Nexia: Found mesh: body_Black Opaque  Glass_0
  -> Created override material for surface 0
  -> Material: Black_Opaque__Glass (StandardMaterial3D)
  -> Changed glass to tinted (day mode)
Nexia: Found mesh: body_mattemetal_0
  -> Skipping (light/wheel/chrome/interior)
Nexia: Found mesh: body_orangeglass_0
  -> Skipping (light/wheel/chrome/interior)
Nexia: Found mesh: body_chrome_0
  -> Skipping (light/wheel/chrome/interior)
Nexia: Found mesh: body_chrome_02
  -> Skipping (light/wheel/chrome/interior)
Nexia: Found mesh: body_chrome_03
  -> Skipping (light/wheel/chrome/interior)
Nexia: Found mesh: body_chrome_04
  -> Skipping (light/wheel/chrome/interior)
Nexia: Found mesh: body_redglass_0
  -> Skipping (light/wheel/chrome/interior)
Nexia: Found mesh: body_AR3DMat Procedural Realistic Mirror_0
  -> Skipping (light/wheel/chrome/interior)
Nexia: Found mesh: wheel_front_left_TireProcedural_0
  -> Skipping (light/wheel/chrome/interior)
Nexia: Found mesh: wheel_front_left_rim_0
  -> Skipping (light/wheel/chrome/interior)
Nexia: Found mesh: wheel_front_left_black_0
  -> Skipping (light/wheel/chrome/interior)
Nexia: Found mesh: wheel_front_left_brakedisk_0
  -> Skipping (light/wheel/chrome/interior)
Nexia: Found mesh: wheel_front_left_mattemetal_0
  -> Skipping (light/wheel/chrome/interior)
Nexia: Found mesh: wheel_front_right_TireProcedural_0
  -> Skipping (light/wheel/chrome/interior)
Nexia: Found mesh: wheel_front_right_rim_0
  -> Skipping (light/wheel/chrome/interior)
Nexia: Found mesh: wheel_front_right_black_0
  -> Skipping (light/wheel/chrome/interior)
Nexia: Found mesh: wheel_front_right_brakedisk_0
  -> Skipping (light/wheel/chrome/interior)
Nexia: Found mesh: wheel_front_right_mattemetal_0
  -> Skipping (light/wheel/chrome/interior)
Nexia: Found mesh: wheel_rear_left_TireProcedural_0
  -> Skipping (light/wheel/chrome/interior)
Nexia: Found mesh: wheel_rear_left_black_0
  -> Skipping (light/wheel/chrome/interior)
Nexia: Found mesh: wheel_rear_left_brakedisk_0
  -> Skipping (light/wheel/chrome/interior)
Nexia: Found mesh: wheel_rear_left_rim_0
  -> Skipping (light/wheel/chrome/interior)
Nexia: Found mesh: wheel_rear_left_mattemetal_0
  -> Skipping (light/wheel/chrome/interior)
Nexia: Found mesh: wheel_rear_right_TireProcedural_0
  -> Skipping (light/wheel/chrome/interior)
Nexia: Found mesh: wheel_rear_right_black_0
  -> Skipping (light/wheel/chrome/interior)
Nexia: Found mesh: wheel_rear_right_brakedisk_0
  -> Skipping (light/wheel/chrome/interior)
Nexia: Found mesh: wheel_rear_right_rim_0
  -> Skipping (light/wheel/chrome/interior)
Nexia: Found mesh: wheel_rear_right_mattemetal_0
  -> Skipping (light/wheel/chrome/interior)
Nexia: Found taillight mesh: body_redglass_0
  -> Added taillight material
  -> Created brake SpotLight at (-0.5, 0.9, 1.95)
  -> Created brake SpotLight at (0.5, 0.9, 1.95)
Nexia: Found front marker mesh: body_orangeglass_0
  -> Added front marker material
  -> Created headlight SpotLight at (-0.55, 0.75, -1.9)
  -> Created headlight SpotLight at (0.55, 0.75, -1.9)
  -> Created underglow with 16 lights
Nexia model setup complete
=== Performance Profiler Started ===
[TrafficManager] Profiler created for diagnostics
TrafficManager: Initialized (max 200 NPCs)
Loading cache for shader SkyShaderRD, variant 0
Loading cache for shader SkyShaderRD, variant 1
Loading cache for shader SkyShaderRD, variant 2
Loading cache for shader SkyShaderRD, variant 3
Loading cache for shader SkyShaderRD, variant 4
Loading cache for shader SkyShaderRD, variant 5
Loading cache for shader SkyShaderRD, variant 0
Loading cache for shader SkyShaderRD, variant 1
Loading cache for shader SkyShaderRD, variant 2
Loading cache for shader SkyShaderRD, variant 3
Loading cache for shader SkyShaderRD, variant 4
Loading cache for shader SkyShaderRD, variant 5
Loading cache for shader ParticlesShaderRD, variant 0
Loading cache for shader SceneForwardClusteredShaderRD, variant 0
Loading cache for shader SceneForwardClusteredShaderRD, variant 1
Loading cache for shader SceneForwardClusteredShaderRD, variant 2
Loading cache for shader SceneForwardClusteredShaderRD, variant 3
Loading cache for shader SceneForwardClusteredShaderRD, variant 4
Loading cache for shader SceneForwardClusteredShaderRD, variant 5
Loading cache for shader SceneForwardClusteredShaderRD, variant 6
Loading cache for shader SceneForwardClusteredShaderRD, variant 7
NightModeManager: Ready (day mode, no rain)
GraphicsSettings: Found WorldEnvironment
GraphicsSettings: Found Camera3D: Camera3D
GraphicsSettings: Loading settings from file...
GraphicsSettings: Settings loaded - FXAA: false, TAA: true, MSAA: 1
GraphicsSettings: Applying initial settings...
SSR: OFF
Fog: ON
Glow: ON
SSAO: ON
TAA: ON
MSAA: 2X
FXAA disabled on root viewport
DOF: ON (far distance: 100m)
GraphicsSettings: Ready
[Systems Found]
  OSMTerrain: NO
  TrafficManager: NO
  NightModeManager: NO
  Player Car: YES

[PerformanceTestDetailed] Found nodes:
  Car: YES
  VehicleInput: YES
  OSMTerrain: YES
[PerformanceTestDetailed] Night mode ENABLED (windows + lights + moon)
[PerformanceTestDetailed] Connected to terrain loading signals
[PerformanceTestDetailed] Starting terrain loading...
OSM: Starting initial loading... (generation 0)
OSM: State before start: _loaded_chunks=0, _loading_chunks=0
OSM: Loading chunks around car position (0.0, 0.9, 0.0)
OSM: Need to load 16 chunks for initial area
OSM: Emitting initial_load_started signal...
OSM: initial_load_started signal emitted
OSM: Loading chunk -2,-2 at lat=59.1208, lon=37.8921
OSM: Loaded from cache: osm_v2_59.1208_37.8921_250.json
OSM: Loading chunk -2,-1 at lat=59.1181, lon=37.8921
OSM: Loaded from cache: osm_v2_59.1181_37.8921_250.json
OSM: Loading chunk -2,0 at lat=59.1153, lon=37.8921
OSM: Loaded from cache: osm_v2_59.1153_37.8921_250.json
OSM: Loading chunk -2,1 at lat=59.1126, lon=37.8921
OSM: Loaded from cache: osm_v2_59.1126_37.8921_250.json
OSM: Loading chunk -1,-2 at lat=59.1208, lon=37.8974
OSM: Loaded from cache: osm_v2_59.1208_37.8974_250.json
OSM: Loading chunk -1,-1 at lat=59.1181, lon=37.8974
OSM: Loaded from cache: osm_v2_59.1181_37.8974_250.json
OSM: Loading chunk -1,0 at lat=59.1153, lon=37.8974
OSM: Loaded from cache: osm_v2_59.1153_37.8974_250.json
OSM: Loading chunk -1,1 at lat=59.1126, lon=37.8974
OSM: Loaded from cache: osm_v2_59.1126_37.8974_250.json
OSM: Loading chunk 0,-2 at lat=59.1208, lon=37.9026
OSM: Loaded from cache: osm_v2_59.1208_37.9026_250.json
OSM: Loading chunk 0,-1 at lat=59.1181, lon=37.9026
OSM: Loaded from cache: osm_v2_59.1181_37.9026_250.json
OSM: Loading chunk 0,0 at lat=59.1153, lon=37.9026
OSM: Loaded from cache: osm_v2_59.1153_37.9026_250.json
OSM: Loading chunk 0,1 at lat=59.1126, lon=37.9026
OSM: Loaded from cache: osm_v2_59.1126_37.9026_250.json
OSM: Loading chunk 1,-2 at lat=59.1208, lon=37.9079
OSM: Loaded from cache: osm_v2_59.1208_37.9079_250.json
OSM: Loading chunk 1,-1 at lat=59.1181, lon=37.9079
OSM: Loaded from cache: osm_v2_59.1181_37.9079_250.json
OSM: Loading chunk 1,0 at lat=59.1153, lon=37.9079
OSM: Loaded from cache: osm_v2_59.1153_37.9079_250.json
OSM: Loading chunk 1,1 at lat=59.1126, lon=37.9079
OSM: Loaded from cache: osm_v2_59.1126_37.9079_250.json
OSM: Started loading 16 chunks (total needed: 16, already loaded: 0)
OSM: Chunk -2,-2 data loaded
OSM: Found 7 POI nodes in chunk
POI_DEBUG: Found 'Магнит' inside building at local (-583.6, -540.7)
POI_DEBUG: Found 'Бристоль' inside building at local (-593.0, -497.7)
POI_DEBUG: Found 'Антей' inside building at local (-591.1, -510.1)
BusinessSign: Found logo for 'магнит' -> res://textures/brand_logos/magnit.png
Loading resource: res://textures/brand_logos/magnit.png
Loading resource: res://.godot/imported/magnit.png-31fdba21c9aa2a67aac0029f80d6b4cb.ctex
Loading cache for shader SceneForwardClusteredShaderRD, variant 0
Loading cache for shader SceneForwardClusteredShaderRD, variant 1
Loading cache for shader SceneForwardClusteredShaderRD, variant 2
Loading cache for shader SceneForwardClusteredShaderRD, variant 3
Loading cache for shader SceneForwardClusteredShaderRD, variant 4
Loading cache for shader SceneForwardClusteredShaderRD, variant 5
Loading cache for shader SceneForwardClusteredShaderRD, variant 6
Loading cache for shader SceneForwardClusteredShaderRD, variant 7
Loading cache for shader SceneForwardClusteredShaderRD, variant 0
Loading cache for shader SceneForwardClusteredShaderRD, variant 1
Loading cache for shader SceneForwardClusteredShaderRD, variant 2
Loading cache for shader SceneForwardClusteredShaderRD, variant 3
Loading cache for shader SceneForwardClusteredShaderRD, variant 4
Loading cache for shader SceneForwardClusteredShaderRD, variant 5
Loading cache for shader SceneForwardClusteredShaderRD, variant 6
Loading cache for shader SceneForwardClusteredShaderRD, variant 7
POI_DEBUG: Found 'Ozon' inside building at local (-577.4, -467.7)
POI_DEBUG: Found 'Пятёрочка' inside building at local (-583.9, -471.4)
BusinessSign: Found logo for 'ozon' -> res://textures/brand_logos/ozon.png
Loading resource: res://textures/brand_logos/ozon.png
Loading resource: res://.godot/imported/ozon.png-cc772cb0e65a53f513cfd9ec9f032a08.ctex
BusinessSign: Found logo for 'пятёрочка' -> res://textures/brand_logos/pyaterochka.png
Loading resource: res://textures/brand_logos/pyaterochka.png
Loading resource: res://.godot/imported/pyaterochka.png-384b1f6c66bb2386d37f8481b233ca9c.ctex
Loading cache for shader SceneForwardClusteredShaderRD, variant 0
Loading cache for shader SceneForwardClusteredShaderRD, variant 1
Loading cache for shader SceneForwardClusteredShaderRD, variant 2
Loading cache for shader SceneForwardClusteredShaderRD, variant 3
Loading cache for shader SceneForwardClusteredShaderRD, variant 4
Loading cache for shader SceneForwardClusteredShaderRD, variant 5
Loading cache for shader SceneForwardClusteredShaderRD, variant 6
Loading cache for shader SceneForwardClusteredShaderRD, variant 7
OSM: Generated 39 roads, 29 buildings, 0 trees, 0 signs, 0 lamps, 22 intersections
OSM: Marked chunk '-2,-2' for road batch finalization
OSM DEBUG: Missing chunks (15): ["-2,-1", "-2,0", "-2,1", "-1,-2", "-1,-1", "-1,0", "-1,1", "0,-2", "0,-1", "0,0", "0,1", "1,-2", "1,-1", "1,0", "1,1"]
  - Currently loading: ["-2,-1", "-2,0", "-2,1", "-1,-2", "-1,-1", "-1,0", "-1,1", "0,-2", "0,-1", "0,0", "0,1", "1,-2", "1,-1", "1,0", "1,1"]
OSM: Chunk -2,-1 data loaded
OSM: Generated 30 roads, 10 buildings, 0 trees, 0 signs, 0 lamps, 6 intersections
OSM: Marked chunk '-2,-1' for road batch finalization
OSM DEBUG: Missing chunks (14): ["-2,0", "-2,1", "-1,-2", "-1,-1", "-1,0", "-1,1", "0,-2", "0,-1", "0,0", "0,1", "1,-2", "1,-1", "1,0", "1,1"]
  - Currently loading: ["-2,0", "-2,1", "-1,-2", "-1,-1", "-1,0", "-1,1", "0,-2", "0,-1", "0,0", "0,1", "1,-2", "1,-1", "1,0", "1,1"]
OSM: Chunk -2,0 data loaded
Loading cache for shader SceneForwardClusteredShaderRD, variant 0
Loading cache for shader SceneForwardClusteredShaderRD, variant 1
Loading cache for shader SceneForwardClusteredShaderRD, variant 2
Loading cache for shader SceneForwardClusteredShaderRD, variant 3
Loading cache for shader SceneForwardClusteredShaderRD, variant 4
Loading cache for shader SceneForwardClusteredShaderRD, variant 5
Loading cache for shader SceneForwardClusteredShaderRD, variant 6
Loading cache for shader SceneForwardClusteredShaderRD, variant 7
OSM: Generated 13 roads, 3 buildings, 0 trees, 0 signs, 0 lamps, 1 intersections
OSM: Marked chunk '-2,0' for road batch finalization
OSM DEBUG: Missing chunks (13): ["-2,1", "-1,-2", "-1,-1", "-1,0", "-1,1", "0,-2", "0,-1", "0,0", "0,1", "1,-2", "1,-1", "1,0", "1,1"]
  - Currently loading: ["-2,1", "-1,-2", "-1,-1", "-1,0", "-1,1", "0,-2", "0,-1", "0,0", "0,1", "1,-2", "1,-1", "1,0", "1,1"]
OSM: Chunk -2,1 data loaded
OSM: Generated 0 roads, 0 buildings, 0 trees, 0 signs, 0 lamps, 0 intersections
OSM: Marked chunk '-2,1' for road batch finalization
OSM DEBUG: Missing chunks (12): ["-1,-2", "-1,-1", "-1,0", "-1,1", "0,-2", "0,-1", "0,0", "0,1", "1,-2", "1,-1", "1,0", "1,1"]
  - Currently loading: ["-1,-2", "-1,-1", "-1,0", "-1,1", "0,-2", "0,-1", "0,0", "0,1", "1,-2", "1,-1", "1,0", "1,1"]
OSM: Chunk -1,-2 data loaded
OSM: Found 5 entrance nodes in chunk
OSM: Found 6 POI nodes in chunk
Loading cache for shader SceneForwardClusteredShaderRD, variant 0
Loading cache for shader SceneForwardClusteredShaderRD, variant 1
Loading cache for shader SceneForwardClusteredShaderRD, variant 2
Loading cache for shader SceneForwardClusteredShaderRD, variant 3
Loading cache for shader SceneForwardClusteredShaderRD, variant 4
Loading cache for shader SceneForwardClusteredShaderRD, variant 5
Loading cache for shader SceneForwardClusteredShaderRD, variant 6
Loading cache for shader SceneForwardClusteredShaderRD, variant 7
OSM: Generated 33 roads, 31 buildings, 0 trees, 0 signs, 0 lamps, 13 intersections
OSM: Marked chunk '-1,-2' for road batch finalization
OSM DEBUG: Missing chunks (11): ["-1,-1", "-1,0", "-1,1", "0,-2", "0,-1", "0,0", "0,1", "1,-2", "1,-1", "1,0", "1,1"]
  - Currently loading: ["-1,-1", "-1,0", "-1,1", "0,-2", "0,-1", "0,0", "0,1", "1,-2", "1,-1", "1,0", "1,1"]
OSM: Chunk -1,-1 data loaded
OSM: Found 3 POI nodes in chunk
POI_DEBUG: Found 'Магнит' inside building at local (-106.5, -187.7)
BusinessSign: Found logo for 'магнит' -> res://textures/brand_logos/magnit.png
POI_DEBUG: Found 'Северный градус' inside building at local (-108.4, -158.5)
BusinessSign: Found logo for 'северный градус' -> res://textures/brand_logos/severniy-gradus.png
Loading resource: res://textures/brand_logos/severniy-gradus.png
Loading resource: res://.godot/imported/severniy-gradus.png-79cfe55b765c858de7f261949750f3ce.ctex
OSM: Generated 55 roads, 21 buildings, 1 trees, 0 signs, 0 lamps, 27 intersections
OSM: Marked chunk '-1,-1' for road batch finalization
OSM DEBUG: Missing chunks (10): ["-1,0", "-1,1", "0,-2", "0,-1", "0,0", "0,1", "1,-2", "1,-1", "1,0", "1,1"]
  - Currently loading: ["-1,0", "-1,1", "0,-2", "0,-1", "0,0", "0,1", "1,-2", "1,-1", "1,0", "1,1"]
OSM: Chunk -1,0 data loaded
OSM: Found 1 POI nodes in chunk
OSM: Generated 20 roads, 11 buildings, 0 trees, 0 signs, 0 lamps, 9 intersections
OSM: Marked chunk '-1,0' for road batch finalization
OSM DEBUG: Missing chunks (9): ["-1,1", "0,-2", "0,-1", "0,0", "0,1", "1,-2", "1,-1", "1,0", "1,1"]
  - Currently loading: ["-1,1", "0,-2", "0,-1", "0,0", "0,1", "1,-2", "1,-1", "1,0", "1,1"]
OSM: Chunk -1,1 data loaded
OSM: Generated 0 roads, 0 buildings, 0 trees, 0 signs, 0 lamps, 0 intersections
OSM: Marked chunk '-1,1' for road batch finalization
OSM DEBUG: Missing chunks (8): ["0,-2", "0,-1", "0,0", "0,1", "1,-2", "1,-1", "1,0", "1,1"]
  - Currently loading: ["0,-2", "0,-1", "0,0", "0,1", "1,-2", "1,-1", "1,0", "1,1"]
OSM: Chunk 0,-2 data loaded
OSM: Found 10 POI nodes in chunk
POI_DEBUG: Found 'Антей' inside building at local (29.3, -584.4)
POI_DEBUG: Found 'Coffee Like' inside building at local (88.6, -413.9)
OSM: Generated 59 roads, 20 buildings, 0 trees, 0 signs, 0 lamps, 15 intersections
OSM: Marked chunk '0,-2' for road batch finalization
OSM DEBUG: Missing chunks (7): ["0,-1", "0,0", "0,1", "1,-2", "1,-1", "1,0", "1,1"]
  - Currently loading: ["0,-1", "0,0", "0,1", "1,-2", "1,-1", "1,0", "1,1"]
OSM: Chunk 0,-1 data loaded
OSM: Found 3 entrance nodes in chunk
OSM: Found 4 POI nodes in chunk
POI_DEBUG: Found 'Фонд капитального ремонта многоквартирных домов Вологодской области' inside building at local (283.4, -263.6)
POI_DEBUG: Found 'Пионер-сервис. Сервисный центр Самсунг' inside building at local (240.9, -141.4)
OSM: Generated 61 roads, 15 buildings, 0 trees, 0 signs, 0 lamps, 17 intersections
OSM: Marked chunk '0,-1' for road batch finalization
OSM DEBUG: Missing chunks (6): ["0,0", "0,1", "1,-2", "1,-1", "1,0", "1,1"]
  - Currently loading: ["0,0", "0,1", "1,-2", "1,-1", "1,0", "1,1"]
OSM: Chunk 0,0 data loaded
OSM: Found 2 entrance nodes in chunk
OSM: Generated 42 roads, 0 buildings, 0 trees, 0 signs, 0 lamps, 4 intersections
OSM: Marked chunk '0,0' for road batch finalization
OSM DEBUG: Missing chunks (5): ["0,1", "1,-2", "1,-1", "1,0", "1,1"]
  - Currently loading: ["0,1", "1,-2", "1,-1", "1,0", "1,1"]
OSM: Chunk 0,1 data loaded
OSM: Generated 1 roads, 0 buildings, 0 trees, 0 signs, 0 lamps, 0 intersections
OSM: Marked chunk '0,1' for road batch finalization
OSM DEBUG: Missing chunks (4): ["1,-2", "1,-1", "1,0", "1,1"]
  - Currently loading: ["1,-2", "1,-1", "1,0", "1,1"]
OSM: Chunk 1,-2 data loaded
OSM: Found 4 entrance nodes in chunk
OSM: Found 11 POI nodes in chunk
POI_DEBUG: Found 'Ли Лу' inside building at local (337.6, -257.6)
POI_DEBUG: Found 'ВТБ' inside building at local (407.3, -531.1)
BusinessSign: Found logo for 'втб' -> res://textures/brand_logos/vtb.png
Loading resource: res://textures/brand_logos/vtb.png
Loading resource: res://.godot/imported/vtb.png-4da497bc31ee73b71092cb16c05ad0ec.ctex
POI_DEBUG: Found 'OTP-банк' inside building at local (592.3, -604.5)
POI_DEBUG: Found 'ВТБ' inside building at local (594.8, -612.1)
POI_DEBUG: Found 'Шашлычек' inside building at local (589.3, -592.4)
POI_DEBUG: Found 'Easy Slip' inside building at local (581.6, -593.1)
BusinessSign: Found logo for 'втб' -> res://textures/brand_logos/vtb.png
OSM: Generated 52 roads, 35 buildings, 0 trees, 0 signs, 0 lamps, 34 intersections
OSM: Marked chunk '1,-2' for road batch finalization
OSM DEBUG: Missing chunks (3): ["1,-1", "1,0", "1,1"]
  - Currently loading: ["1,-1", "1,0", "1,1"]
OSM: Chunk 1,-1 data loaded
OSM: Found 8 entrance nodes in chunk
OSM: Found 5 POI nodes in chunk
POI_DEBUG: Found 'Фонд капитального ремонта многоквартирных домов Вологодской области' inside building at local (283.4, -263.6)
POI_DEBUG: Found 'Ли Лу' inside building at local (337.6, -257.6)
OSM: Generated 51 roads, 33 buildings, 0 trees, 0 signs, 0 lamps, 41 intersections
OSM: Marked chunk '1,-1' for road batch finalization
OSM DEBUG: Missing chunks (2): ["1,0", "1,1"]
  - Currently loading: ["1,0", "1,1"]
OSM: Chunk 1,0 data loaded
OSM: Found 4 entrance nodes in chunk
OSM: Generated 2 roads, 2 buildings, 0 trees, 0 signs, 0 lamps, 0 intersections
OSM: Marked chunk '1,0' for road batch finalization
OSM DEBUG: Missing chunks (1): ["1,1"]
  - Currently loading: ["1,1"]
OSM: Chunk 1,1 data loaded
OSM: Generated 0 roads, 0 buildings, 0 trees, 0 signs, 0 lamps, 0 intersections
OSM: Marked chunk '1,1' for road batch finalization
OSM DEBUG: Chunks loaded 16/16, but queues not empty:
  - _building_results: 176
  - _road_queue: 458
  - _terrain_objects_queue: 97
  - _infrastructure_queue: 177
  - _pending_building_tasks: 0
Loading cache for shader SceneForwardClusteredShaderRD, variant 0
Loading cache for shader SceneForwardClusteredShaderRD, variant 1
Loading cache for shader SceneForwardClusteredShaderRD, variant 2
Loading cache for shader SceneForwardClusteredShaderRD, variant 3
Loading cache for shader SceneForwardClusteredShaderRD, variant 4
Loading cache for shader SceneForwardClusteredShaderRD, variant 5
Loading cache for shader SceneForwardClusteredShaderRD, variant 6
Loading cache for shader SceneForwardClusteredShaderRD, variant 7
Loading cache for shader SceneForwardClusteredShaderRD, variant 0
Loading cache for shader SceneForwardClusteredShaderRD, variant 1
Loading cache for shader SceneForwardClusteredShaderRD, variant 2
Loading cache for shader SceneForwardClusteredShaderRD, variant 3
Loading cache for shader SceneForwardClusteredShaderRD, variant 4
Loading cache for shader SceneForwardClusteredShaderRD, variant 5
Loading cache for shader SceneForwardClusteredShaderRD, variant 6
Loading cache for shader SceneForwardClusteredShaderRD, variant 7
OSM: DEBUG _add_road_to_batch - first road for chunk '0,0', parent.name='Chunk_0,0'
OSM: DEBUG _add_road_to_batch - first road for chunk '-1,0', parent.name='Chunk_-1,0'
OSM: DEBUG _add_road_to_batch - first road for chunk '0,-1', parent.name='Chunk_0,-1'
OSM: DEBUG _add_road_to_batch - first road for chunk '-1,-1', parent.name='Chunk_-1,-1'
⚠️ SLOW FRAME 103.8ms: building=1.2 road=8.3 terrain=78.6 infra=1.2 veg=14.5 curb=0.0ms
OSM DEBUG: Chunks loaded 16/16, but queues not empty:
  - _building_results: 175
  - _road_queue: 436
  - _terrain_objects_queue: 95
  - _infrastructure_queue: 176
  - _pending_building_tasks: 0
Loading cache for shader SceneForwardClusteredShaderRD, variant 0
Loading cache for shader SceneForwardClusteredShaderRD, variant 1
Loading cache for shader SceneForwardClusteredShaderRD, variant 2
Loading cache for shader SceneForwardClusteredShaderRD, variant 3
Loading cache for shader SceneForwardClusteredShaderRD, variant 4
Loading cache for shader SceneForwardClusteredShaderRD, variant 5
Loading cache for shader SceneForwardClusteredShaderRD, variant 6
Loading cache for shader SceneForwardClusteredShaderRD, variant 7
Loading cache for shader SceneForwardClusteredShaderRD, variant 0
Loading cache for shader SceneForwardClusteredShaderRD, variant 1
Loading cache for shader SceneForwardClusteredShaderRD, variant 2
Loading cache for shader SceneForwardClusteredShaderRD, variant 3
Loading cache for shader SceneForwardClusteredShaderRD, variant 4
Loading cache for shader SceneForwardClusteredShaderRD, variant 5
Loading cache for shader SceneForwardClusteredShaderRD, variant 6
Loading cache for shader SceneForwardClusteredShaderRD, variant 7
Loading cache for shader SceneForwardClusteredShaderRD, variant 0
Loading cache for shader SceneForwardClusteredShaderRD, variant 1
Loading cache for shader SceneForwardClusteredShaderRD, variant 2
Loading cache for shader SceneForwardClusteredShaderRD, variant 3
Loading cache for shader SceneForwardClusteredShaderRD, variant 4
Loading cache for shader SceneForwardClusteredShaderRD, variant 5
Loading cache for shader SceneForwardClusteredShaderRD, variant 6
Loading cache for shader SceneForwardClusteredShaderRD, variant 7
Loading cache for shader SceneForwardClusteredShaderRD, variant 8
Loading cache for shader SceneForwardClusteredShaderRD, variant 9
Loading cache for shader SceneForwardClusteredShaderRD, variant 10
Loading cache for shader SceneForwardClusteredShaderRD, variant 11
Loading cache for shader SceneForwardClusteredShaderRD, variant 12
Loading cache for shader SceneForwardClusteredShaderRD, variant 13
Loading cache for shader SceneForwardClusteredShaderRD, variant 14
Loading cache for shader SceneForwardClusteredShaderRD, variant 15
Loading cache for shader SceneForwardClusteredShaderRD, variant 16
Loading cache for shader SceneForwardClusteredShaderRD, variant 17
Loading cache for shader SceneForwardClusteredShaderRD, variant 0
Loading cache for shader SceneForwardClusteredShaderRD, variant 1
Loading cache for shader SceneForwardClusteredShaderRD, variant 2
Loading cache for shader SceneForwardClusteredShaderRD, variant 3
Loading cache for shader SceneForwardClusteredShaderRD, variant 4
Loading cache for shader SceneForwardClusteredShaderRD, variant 5
Loading cache for shader SceneForwardClusteredShaderRD, variant 6
Loading cache for shader SceneForwardClusteredShaderRD, variant 7
Loading cache for shader SceneForwardClusteredShaderRD, variant 8
Loading cache for shader SceneForwardClusteredShaderRD, variant 9
Loading cache for shader SceneForwardClusteredShaderRD, variant 10
Loading cache for shader SceneForwardClusteredShaderRD, variant 11
Loading cache for shader SceneForwardClusteredShaderRD, variant 12
Loading cache for shader SceneForwardClusteredShaderRD, variant 13
Loading cache for shader SceneForwardClusteredShaderRD, variant 14
Loading cache for shader SceneForwardClusteredShaderRD, variant 15
Loading cache for shader SceneForwardClusteredShaderRD, variant 16
Loading cache for shader SceneForwardClusteredShaderRD, variant 17
Loading cache for shader SceneForwardClusteredShaderRD, variant 0
Loading cache for shader SceneForwardClusteredShaderRD, variant 1
Loading cache for shader SceneForwardClusteredShaderRD, variant 2
Loading cache for shader SceneForwardClusteredShaderRD, variant 3
Loading cache for shader SceneForwardClusteredShaderRD, variant 4
Loading cache for shader SceneForwardClusteredShaderRD, variant 5
Loading cache for shader SceneForwardClusteredShaderRD, variant 6
Loading cache for shader SceneForwardClusteredShaderRD, variant 7
Loading cache for shader SceneForwardClusteredShaderRD, variant 8
Loading cache for shader SceneForwardClusteredShaderRD, variant 9
Loading cache for shader SceneForwardClusteredShaderRD, variant 10
Loading cache for shader SceneForwardClusteredShaderRD, variant 11
Loading cache for shader SceneForwardClusteredShaderRD, variant 12
Loading cache for shader SceneForwardClusteredShaderRD, variant 13
Loading cache for shader SceneForwardClusteredShaderRD, variant 14
Loading cache for shader SceneForwardClusteredShaderRD, variant 15
Loading cache for shader SceneForwardClusteredShaderRD, variant 16
Loading cache for shader SceneForwardClusteredShaderRD, variant 17
Loading cache for shader SceneForwardClusteredShaderRD, variant 0
Loading cache for shader SceneForwardClusteredShaderRD, variant 1
Loading cache for shader SceneForwardClusteredShaderRD, variant 2
Loading cache for shader SceneForwardClusteredShaderRD, variant 3
Loading cache for shader SceneForwardClusteredShaderRD, variant 4
Loading cache for shader SceneForwardClusteredShaderRD, variant 5
Loading cache for shader SceneForwardClusteredShaderRD, variant 6
Loading cache for shader SceneForwardClusteredShaderRD, variant 7
Loading cache for shader SceneForwardClusteredShaderRD, variant 8
Loading cache for shader SceneForwardClusteredShaderRD, variant 9
Loading cache for shader SceneForwardClusteredShaderRD, variant 10
Loading cache for shader SceneForwardClusteredShaderRD, variant 11
Loading cache for shader SceneForwardClusteredShaderRD, variant 12
Loading cache for shader SceneForwardClusteredShaderRD, variant 13
Loading cache for shader SceneForwardClusteredShaderRD, variant 14
Loading cache for shader SceneForwardClusteredShaderRD, variant 15
Loading cache for shader SceneForwardClusteredShaderRD, variant 16
Loading cache for shader SceneForwardClusteredShaderRD, variant 17
Loading cache for shader SceneForwardClusteredShaderRD, variant 0
Loading cache for shader SceneForwardClusteredShaderRD, variant 1
Loading cache for shader SceneForwardClusteredShaderRD, variant 2
Loading cache for shader SceneForwardClusteredShaderRD, variant 3
Loading cache for shader SceneForwardClusteredShaderRD, variant 4
Loading cache for shader SceneForwardClusteredShaderRD, variant 5
Loading cache for shader SceneForwardClusteredShaderRD, variant 6
Loading cache for shader SceneForwardClusteredShaderRD, variant 7
Loading cache for shader SceneForwardClusteredShaderRD, variant 8
Loading cache for shader SceneForwardClusteredShaderRD, variant 9
Loading cache for shader SceneForwardClusteredShaderRD, variant 10
Loading cache for shader SceneForwardClusteredShaderRD, variant 11
Loading cache for shader SceneForwardClusteredShaderRD, variant 12
Loading cache for shader SceneForwardClusteredShaderRD, variant 13
Loading cache for shader SceneForwardClusteredShaderRD, variant 14
Loading cache for shader SceneForwardClusteredShaderRD, variant 15
Loading cache for shader SceneForwardClusteredShaderRD, variant 16
Loading cache for shader SceneForwardClusteredShaderRD, variant 17
Loading cache for shader SceneForwardClusteredShaderRD, variant 0
Loading cache for shader SceneForwardClusteredShaderRD, variant 1
Loading cache for shader SceneForwardClusteredShaderRD, variant 2
Loading cache for shader SceneForwardClusteredShaderRD, variant 3
Loading cache for shader SceneForwardClusteredShaderRD, variant 4
Loading cache for shader SceneForwardClusteredShaderRD, variant 5
Loading cache for shader SceneForwardClusteredShaderRD, variant 6
Loading cache for shader SceneForwardClusteredShaderRD, variant 7
Loading cache for shader SceneForwardClusteredShaderRD, variant 8
Loading cache for shader SceneForwardClusteredShaderRD, variant 9
Loading cache for shader SceneForwardClusteredShaderRD, variant 10
Loading cache for shader SceneForwardClusteredShaderRD, variant 11
Loading cache for shader SceneForwardClusteredShaderRD, variant 12
Loading cache for shader SceneForwardClusteredShaderRD, variant 13
Loading cache for shader SceneForwardClusteredShaderRD, variant 14
Loading cache for shader SceneForwardClusteredShaderRD, variant 15
Loading cache for shader SceneForwardClusteredShaderRD, variant 16
Loading cache for shader SceneForwardClusteredShaderRD, variant 17
Loading cache for shader SceneForwardClusteredShaderRD, variant 0
Loading cache for shader SceneForwardClusteredShaderRD, variant 1
Loading cache for shader SceneForwardClusteredShaderRD, variant 2
Loading cache for shader SceneForwardClusteredShaderRD, variant 3
Loading cache for shader SceneForwardClusteredShaderRD, variant 4
Loading cache for shader SceneForwardClusteredShaderRD, variant 5
Loading cache for shader SceneForwardClusteredShaderRD, variant 6
Loading cache for shader SceneForwardClusteredShaderRD, variant 7
Loading cache for shader SceneForwardClusteredShaderRD, variant 8
Loading cache for shader SceneForwardClusteredShaderRD, variant 9
Loading cache for shader SceneForwardClusteredShaderRD, variant 10
Loading cache for shader SceneForwardClusteredShaderRD, variant 11
Loading cache for shader SceneForwardClusteredShaderRD, variant 12
Loading cache for shader SceneForwardClusteredShaderRD, variant 13
Loading cache for shader SceneForwardClusteredShaderRD, variant 14
Loading cache for shader SceneForwardClusteredShaderRD, variant 15
Loading cache for shader SceneForwardClusteredShaderRD, variant 16
Loading cache for shader SceneForwardClusteredShaderRD, variant 17
Loading cache for shader SceneForwardClusteredShaderRD, variant 0
Loading cache for shader SceneForwardClusteredShaderRD, variant 1
Loading cache for shader SceneForwardClusteredShaderRD, variant 2
Loading cache for shader SceneForwardClusteredShaderRD, variant 3
Loading cache for shader SceneForwardClusteredShaderRD, variant 4
Loading cache for shader SceneForwardClusteredShaderRD, variant 5
Loading cache for shader SceneForwardClusteredShaderRD, variant 6
Loading cache for shader SceneForwardClusteredShaderRD, variant 7
Loading cache for shader SceneForwardClusteredShaderRD, variant 8
Loading cache for shader SceneForwardClusteredShaderRD, variant 9
Loading cache for shader SceneForwardClusteredShaderRD, variant 10
Loading cache for shader SceneForwardClusteredShaderRD, variant 11
Loading cache for shader SceneForwardClusteredShaderRD, variant 12
Loading cache for shader SceneForwardClusteredShaderRD, variant 13
Loading cache for shader SceneForwardClusteredShaderRD, variant 14
Loading cache for shader SceneForwardClusteredShaderRD, variant 15
Loading cache for shader SceneForwardClusteredShaderRD, variant 16
Loading cache for shader SceneForwardClusteredShaderRD, variant 17
Loading cache for shader SceneForwardClusteredShaderRD, variant 0
Loading cache for shader SceneForwardClusteredShaderRD, variant 1
Loading cache for shader SceneForwardClusteredShaderRD, variant 2
Loading cache for shader SceneForwardClusteredShaderRD, variant 3
Loading cache for shader SceneForwardClusteredShaderRD, variant 4
Loading cache for shader SceneForwardClusteredShaderRD, variant 5
Loading cache for shader SceneForwardClusteredShaderRD, variant 6
Loading cache for shader SceneForwardClusteredShaderRD, variant 7
Loading cache for shader SceneForwardClusteredShaderRD, variant 8
Loading cache for shader SceneForwardClusteredShaderRD, variant 9
Loading cache for shader SceneForwardClusteredShaderRD, variant 10
Loading cache for shader SceneForwardClusteredShaderRD, variant 11
Loading cache for shader SceneForwardClusteredShaderRD, variant 12
Loading cache for shader SceneForwardClusteredShaderRD, variant 13
Loading cache for shader SceneForwardClusteredShaderRD, variant 14
Loading cache for shader SceneForwardClusteredShaderRD, variant 15
Loading cache for shader SceneForwardClusteredShaderRD, variant 16
Loading cache for shader SceneForwardClusteredShaderRD, variant 17
Loading cache for shader SceneForwardClusteredShaderRD, variant 0
Loading cache for shader SceneForwardClusteredShaderRD, variant 1
Loading cache for shader SceneForwardClusteredShaderRD, variant 2
Loading cache for shader SceneForwardClusteredShaderRD, variant 3
Loading cache for shader SceneForwardClusteredShaderRD, variant 4
Loading cache for shader SceneForwardClusteredShaderRD, variant 5
Loading cache for shader SceneForwardClusteredShaderRD, variant 6
Loading cache for shader SceneForwardClusteredShaderRD, variant 7
Loading cache for shader SceneForwardClusteredShaderRD, variant 8
Loading cache for shader SceneForwardClusteredShaderRD, variant 9
Loading cache for shader SceneForwardClusteredShaderRD, variant 10
Loading cache for shader SceneForwardClusteredShaderRD, variant 11
Loading cache for shader SceneForwardClusteredShaderRD, variant 12
Loading cache for shader SceneForwardClusteredShaderRD, variant 13
Loading cache for shader SceneForwardClusteredShaderRD, variant 14
Loading cache for shader SceneForwardClusteredShaderRD, variant 15
Loading cache for shader SceneForwardClusteredShaderRD, variant 16
Loading cache for shader SceneForwardClusteredShaderRD, variant 17
Loading cache for shader SceneForwardClusteredShaderRD, variant 0
Loading cache for shader SceneForwardClusteredShaderRD, variant 1
Loading cache for shader SceneForwardClusteredShaderRD, variant 2
Loading cache for shader SceneForwardClusteredShaderRD, variant 3
Loading cache for shader SceneForwardClusteredShaderRD, variant 4
Loading cache for shader SceneForwardClusteredShaderRD, variant 5
Loading cache for shader SceneForwardClusteredShaderRD, variant 6
Loading cache for shader SceneForwardClusteredShaderRD, variant 7
Loading cache for shader SceneForwardClusteredShaderRD, variant 8
Loading cache for shader SceneForwardClusteredShaderRD, variant 9
Loading cache for shader SceneForwardClusteredShaderRD, variant 10
Loading cache for shader SceneForwardClusteredShaderRD, variant 11
Loading cache for shader SceneForwardClusteredShaderRD, variant 12
Loading cache for shader SceneForwardClusteredShaderRD, variant 13
Loading cache for shader SceneForwardClusteredShaderRD, variant 14
Loading cache for shader SceneForwardClusteredShaderRD, variant 15
Loading cache for shader SceneForwardClusteredShaderRD, variant 16
Loading cache for shader SceneForwardClusteredShaderRD, variant 17
Loading cache for shader SceneForwardClusteredShaderRD, variant 0
Loading cache for shader SceneForwardClusteredShaderRD, variant 1
Loading cache for shader SceneForwardClusteredShaderRD, variant 2
Loading cache for shader SceneForwardClusteredShaderRD, variant 3
Loading cache for shader SceneForwardClusteredShaderRD, variant 4
Loading cache for shader SceneForwardClusteredShaderRD, variant 5
Loading cache for shader SceneForwardClusteredShaderRD, variant 6
Loading cache for shader SceneForwardClusteredShaderRD, variant 7
Loading cache for shader SceneForwardClusteredShaderRD, variant 8
Loading cache for shader SceneForwardClusteredShaderRD, variant 9
Loading cache for shader SceneForwardClusteredShaderRD, variant 10
Loading cache for shader SceneForwardClusteredShaderRD, variant 11
Loading cache for shader SceneForwardClusteredShaderRD, variant 12
Loading cache for shader SceneForwardClusteredShaderRD, variant 13
Loading cache for shader SceneForwardClusteredShaderRD, variant 14
Loading cache for shader SceneForwardClusteredShaderRD, variant 15
Loading cache for shader SceneForwardClusteredShaderRD, variant 16
Loading cache for shader SceneForwardClusteredShaderRD, variant 17
Loading cache for shader SceneForwardClusteredShaderRD, variant 0
Loading cache for shader SceneForwardClusteredShaderRD, variant 1
Loading cache for shader SceneForwardClusteredShaderRD, variant 2
Loading cache for shader SceneForwardClusteredShaderRD, variant 3
Loading cache for shader SceneForwardClusteredShaderRD, variant 4
Loading cache for shader SceneForwardClusteredShaderRD, variant 5
Loading cache for shader SceneForwardClusteredShaderRD, variant 6
Loading cache for shader SceneForwardClusteredShaderRD, variant 7
Loading cache for shader SceneForwardClusteredShaderRD, variant 8
Loading cache for shader SceneForwardClusteredShaderRD, variant 9
Loading cache for shader SceneForwardClusteredShaderRD, variant 10
Loading cache for shader SceneForwardClusteredShaderRD, variant 11
Loading cache for shader SceneForwardClusteredShaderRD, variant 12
Loading cache for shader SceneForwardClusteredShaderRD, variant 13
Loading cache for shader SceneForwardClusteredShaderRD, variant 14
Loading cache for shader SceneForwardClusteredShaderRD, variant 15
Loading cache for shader SceneForwardClusteredShaderRD, variant 16
Loading cache for shader SceneForwardClusteredShaderRD, variant 17
Loading cache for shader SceneForwardClusteredShaderRD, variant 0
Loading cache for shader SceneForwardClusteredShaderRD, variant 1
Loading cache for shader SceneForwardClusteredShaderRD, variant 2
Loading cache for shader SceneForwardClusteredShaderRD, variant 3
Loading cache for shader SceneForwardClusteredShaderRD, variant 4
Loading cache for shader SceneForwardClusteredShaderRD, variant 5
Loading cache for shader SceneForwardClusteredShaderRD, variant 6
Loading cache for shader SceneForwardClusteredShaderRD, variant 7
Loading cache for shader SceneForwardClusteredShaderRD, variant 8
Loading cache for shader SceneForwardClusteredShaderRD, variant 9
Loading cache for shader SceneForwardClusteredShaderRD, variant 10
Loading cache for shader SceneForwardClusteredShaderRD, variant 11
Loading cache for shader SceneForwardClusteredShaderRD, variant 12
Loading cache for shader SceneForwardClusteredShaderRD, variant 13
Loading cache for shader SceneForwardClusteredShaderRD, variant 14
Loading cache for shader SceneForwardClusteredShaderRD, variant 15
Loading cache for shader SceneForwardClusteredShaderRD, variant 16
Loading cache for shader SceneForwardClusteredShaderRD, variant 17
Loading cache for shader SceneForwardClusteredShaderRD, variant 0
Loading cache for shader SceneForwardClusteredShaderRD, variant 1
Loading cache for shader SceneForwardClusteredShaderRD, variant 2
Loading cache for shader SceneForwardClusteredShaderRD, variant 3
Loading cache for shader SceneForwardClusteredShaderRD, variant 4
Loading cache for shader SceneForwardClusteredShaderRD, variant 5
Loading cache for shader SceneForwardClusteredShaderRD, variant 6
Loading cache for shader SceneForwardClusteredShaderRD, variant 7
Loading cache for shader SceneForwardClusteredShaderRD, variant 8
Loading cache for shader SceneForwardClusteredShaderRD, variant 9
Loading cache for shader SceneForwardClusteredShaderRD, variant 10
Loading cache for shader SceneForwardClusteredShaderRD, variant 11
Loading cache for shader SceneForwardClusteredShaderRD, variant 12
Loading cache for shader SceneForwardClusteredShaderRD, variant 13
Loading cache for shader SceneForwardClusteredShaderRD, variant 14
Loading cache for shader SceneForwardClusteredShaderRD, variant 15
Loading cache for shader SceneForwardClusteredShaderRD, variant 16
Loading cache for shader SceneForwardClusteredShaderRD, variant 17
Loading cache for shader SceneForwardClusteredShaderRD, variant 0
Loading cache for shader SceneForwardClusteredShaderRD, variant 1
Loading cache for shader SceneForwardClusteredShaderRD, variant 2
Loading cache for shader SceneForwardClusteredShaderRD, variant 3
Loading cache for shader SceneForwardClusteredShaderRD, variant 4
Loading cache for shader SceneForwardClusteredShaderRD, variant 5
Loading cache for shader SceneForwardClusteredShaderRD, variant 6
Loading cache for shader SceneForwardClusteredShaderRD, variant 7
Loading cache for shader SceneForwardClusteredShaderRD, variant 8
Loading cache for shader SceneForwardClusteredShaderRD, variant 9
Loading cache for shader SceneForwardClusteredShaderRD, variant 10
Loading cache for shader SceneForwardClusteredShaderRD, variant 11
Loading cache for shader SceneForwardClusteredShaderRD, variant 12
Loading cache for shader SceneForwardClusteredShaderRD, variant 13
Loading cache for shader SceneForwardClusteredShaderRD, variant 14
Loading cache for shader SceneForwardClusteredShaderRD, variant 15
Loading cache for shader SceneForwardClusteredShaderRD, variant 16
Loading cache for shader SceneForwardClusteredShaderRD, variant 17
Loading cache for shader SceneForwardClusteredShaderRD, variant 0
Loading cache for shader SceneForwardClusteredShaderRD, variant 1
Loading cache for shader SceneForwardClusteredShaderRD, variant 2
Loading cache for shader SceneForwardClusteredShaderRD, variant 3
Loading cache for shader SceneForwardClusteredShaderRD, variant 4
Loading cache for shader SceneForwardClusteredShaderRD, variant 5
Loading cache for shader SceneForwardClusteredShaderRD, variant 6
Loading cache for shader SceneForwardClusteredShaderRD, variant 7
Loading cache for shader SceneForwardClusteredShaderRD, variant 8
Loading cache for shader SceneForwardClusteredShaderRD, variant 9
Loading cache for shader SceneForwardClusteredShaderRD, variant 10
Loading cache for shader SceneForwardClusteredShaderRD, variant 11
Loading cache for shader SceneForwardClusteredShaderRD, variant 12
Loading cache for shader SceneForwardClusteredShaderRD, variant 13
Loading cache for shader SceneForwardClusteredShaderRD, variant 14
Loading cache for shader SceneForwardClusteredShaderRD, variant 15
Loading cache for shader SceneForwardClusteredShaderRD, variant 16
Loading cache for shader SceneForwardClusteredShaderRD, variant 17
Loading cache for shader SceneForwardClusteredShaderRD, variant 0
Loading cache for shader SceneForwardClusteredShaderRD, variant 1
Loading cache for shader SceneForwardClusteredShaderRD, variant 2
Loading cache for shader SceneForwardClusteredShaderRD, variant 3
Loading cache for shader SceneForwardClusteredShaderRD, variant 4
Loading cache for shader SceneForwardClusteredShaderRD, variant 5
Loading cache for shader SceneForwardClusteredShaderRD, variant 6
Loading cache for shader SceneForwardClusteredShaderRD, variant 7
Loading cache for shader SceneForwardClusteredShaderRD, variant 8
Loading cache for shader SceneForwardClusteredShaderRD, variant 9
Loading cache for shader SceneForwardClusteredShaderRD, variant 10
Loading cache for shader SceneForwardClusteredShaderRD, variant 11
Loading cache for shader SceneForwardClusteredShaderRD, variant 12
Loading cache for shader SceneForwardClusteredShaderRD, variant 13
Loading cache for shader SceneForwardClusteredShaderRD, variant 14
Loading cache for shader SceneForwardClusteredShaderRD, variant 15
Loading cache for shader SceneForwardClusteredShaderRD, variant 16
Loading cache for shader SceneForwardClusteredShaderRD, variant 17
Loading cache for shader SceneForwardClusteredShaderRD, variant 0
Loading cache for shader SceneForwardClusteredShaderRD, variant 1
Loading cache for shader SceneForwardClusteredShaderRD, variant 2
Loading cache for shader SceneForwardClusteredShaderRD, variant 3
Loading cache for shader SceneForwardClusteredShaderRD, variant 4
Loading cache for shader SceneForwardClusteredShaderRD, variant 5
Loading cache for shader SceneForwardClusteredShaderRD, variant 6
Loading cache for shader SceneForwardClusteredShaderRD, variant 7
Loading cache for shader SceneForwardClusteredShaderRD, variant 8
Loading cache for shader SceneForwardClusteredShaderRD, variant 9
Loading cache for shader SceneForwardClusteredShaderRD, variant 10
Loading cache for shader SceneForwardClusteredShaderRD, variant 11
Loading cache for shader SceneForwardClusteredShaderRD, variant 12
Loading cache for shader SceneForwardClusteredShaderRD, variant 13
Loading cache for shader SceneForwardClusteredShaderRD, variant 14
Loading cache for shader SceneForwardClusteredShaderRD, variant 15
Loading cache for shader SceneForwardClusteredShaderRD, variant 16
Loading cache for shader SceneForwardClusteredShaderRD, variant 17
Loading cache for shader SceneForwardClusteredShaderRD, variant 0
Loading cache for shader SceneForwardClusteredShaderRD, variant 1
Loading cache for shader SceneForwardClusteredShaderRD, variant 2
Loading cache for shader SceneForwardClusteredShaderRD, variant 3
Loading cache for shader SceneForwardClusteredShaderRD, variant 4
Loading cache for shader SceneForwardClusteredShaderRD, variant 5
Loading cache for shader SceneForwardClusteredShaderRD, variant 6
Loading cache for shader SceneForwardClusteredShaderRD, variant 7
Loading cache for shader SceneForwardClusteredShaderRD, variant 8
Loading cache for shader SceneForwardClusteredShaderRD, variant 9
Loading cache for shader SceneForwardClusteredShaderRD, variant 10
Loading cache for shader SceneForwardClusteredShaderRD, variant 11
Loading cache for shader SceneForwardClusteredShaderRD, variant 12
Loading cache for shader SceneForwardClusteredShaderRD, variant 13
Loading cache for shader SceneForwardClusteredShaderRD, variant 14
Loading cache for shader SceneForwardClusteredShaderRD, variant 15
Loading cache for shader SceneForwardClusteredShaderRD, variant 16
Loading cache for shader SceneForwardClusteredShaderRD, variant 17
[mvk-info] Created 3 swapchain images with size (3024, 1890) and contents scale 2.0 in layer CAMetalLayer: GodotContentView (0x7fecc09510a0) on screen Built-in Retina Display.
⚠️ SLOW FRAME 16.0ms: building=1.0 road=13.6 terrain=0.6 infra=0.7 veg=0.0 curb=0.0ms
OSM DEBUG: Chunks loaded 16/16, but queues not empty:
  - _building_results: 174
  - _road_queue: 422
  - _terrain_objects_queue: 93
  - _infrastructure_queue: 175
  - _pending_building_tasks: 0
OSM: DEBUG _add_road_to_batch - first road for chunk '-2,-1', parent.name='Chunk_-2,-1'
⚠️ SLOW FRAME 13.4ms: building=1.0 road=11.0 terrain=0.7 infra=0.7 veg=0.0 curb=0.0ms
OSM DEBUG: Chunks loaded 16/16, but queues not empty:
  - _building_results: 173
  - _road_queue: 421
  - _terrain_objects_queue: 91
  - _infrastructure_queue: 174
  - _pending_building_tasks: 0
Loading cache for shader SceneForwardClusteredShaderRD, variant 0
Loading cache for shader SceneForwardClusteredShaderRD, variant 1
Loading cache for shader SceneForwardClusteredShaderRD, variant 2
Loading cache for shader SceneForwardClusteredShaderRD, variant 3
Loading cache for shader SceneForwardClusteredShaderRD, variant 4
Loading cache for shader SceneForwardClusteredShaderRD, variant 5
Loading cache for shader SceneForwardClusteredShaderRD, variant 6
Loading cache for shader SceneForwardClusteredShaderRD, variant 7
Loading cache for shader SceneForwardClusteredShaderRD, variant 0
Loading cache for shader SceneForwardClusteredShaderRD, variant 1
Loading cache for shader SceneForwardClusteredShaderRD, variant 2
Loading cache for shader SceneForwardClusteredShaderRD, variant 3
Loading cache for shader SceneForwardClusteredShaderRD, variant 4
Loading cache for shader SceneForwardClusteredShaderRD, variant 5
Loading cache for shader SceneForwardClusteredShaderRD, variant 6
Loading cache for shader SceneForwardClusteredShaderRD, variant 7
Loading cache for shader SceneForwardClusteredShaderRD, variant 8
Loading cache for shader SceneForwardClusteredShaderRD, variant 9
Loading cache for shader SceneForwardClusteredShaderRD, variant 10
Loading cache for shader SceneForwardClusteredShaderRD, variant 11
Loading cache for shader SceneForwardClusteredShaderRD, variant 12
Loading cache for shader SceneForwardClusteredShaderRD, variant 13
Loading cache for shader SceneForwardClusteredShaderRD, variant 14
Loading cache for shader SceneForwardClusteredShaderRD, variant 15
Loading cache for shader SceneForwardClusteredShaderRD, variant 16
Loading cache for shader SceneForwardClusteredShaderRD, variant 17
OSM: DEBUG _add_road_to_batch - first road for chunk '0,-2', parent.name='Chunk_0,-2'
OSM: DEBUG _add_road_to_batch - first road for chunk '-1,-2', parent.name='Chunk_-1,-2'
OSM DEBUG: Chunks loaded 16/16, but queues not empty:
  - _building_results: 172
  - _road_queue: 385
  - _terrain_objects_queue: 89
  - _infrastructure_queue: 173
  - _pending_building_tasks: 0
OSM DEBUG: Chunks loaded 16/16, but queues not empty:
  - _building_results: 171
  - _road_queue: 370
  - _terrain_objects_queue: 87
  - _infrastructure_queue: 172
  - _pending_building_tasks: 0
OSM DEBUG: Chunks loaded 16/16, but queues not empty:
  - _building_results: 170
  - _road_queue: 358
  - _terrain_objects_queue: 85
  - _infrastructure_queue: 171
  - _pending_building_tasks: 0
⚠️ SLOW FRAME 10.9ms: building=1.0 road=8.1 terrain=0.6 infra=1.2 veg=0.0 curb=0.0ms
OSM DEBUG: Chunks loaded 16/16, but queues not empty:
  - _building_results: 169
  - _road_queue: 345
  - _terrain_objects_queue: 83
  - _infrastructure_queue: 170
  - _pending_building_tasks: 0
OSM: DEBUG _add_road_to_batch - first road for chunk '-2,0', parent.name='Chunk_-2,0'
OSM DEBUG: Chunks loaded 16/16, but queues not empty:
  - _building_results: 168
  - _road_queue: 312
  - _terrain_objects_queue: 81
  - _infrastructure_queue: 169
  - _pending_building_tasks: 0
OSM: DEBUG _add_road_to_batch - first road for chunk '1,-1', parent.name='Chunk_1,-1'
OSM DEBUG: Chunks loaded 16/16, but queues not empty:
  - _building_results: 167
  - _road_queue: 290
  - _terrain_objects_queue: 79
  - _infrastructure_queue: 168
  - _pending_building_tasks: 0
OSM DEBUG: Chunks loaded 16/16, but queues not empty:
  - _building_results: 166
  - _road_queue: 279
  - _terrain_objects_queue: 77
  - _infrastructure_queue: 167
  - _pending_building_tasks: 0
OSM: DEBUG _add_road_to_batch - first road for chunk '1,0', parent.name='Chunk_1,0'
OSM: DEBUG _add_road_to_batch - first road for chunk '1,-2', parent.name='Chunk_1,-2'
OSM: DEBUG _add_road_to_batch - first road for chunk '-2,-2', parent.name='Chunk_-2,-2'
OSM DEBUG: Chunks loaded 16/16, but queues not empty:
  - _building_results: 165
  - _road_queue: 241
  - _terrain_objects_queue: 75
  - _infrastructure_queue: 166
  - _pending_building_tasks: 0
OSM DEBUG: Chunks loaded 16/16, but queues not empty:
  - _building_results: 164
  - _road_queue: 218
  - _terrain_objects_queue: 73
  - _infrastructure_queue: 165
  - _pending_building_tasks: 0
OSM DEBUG: Chunks loaded 16/16, but queues not empty:
  - _building_results: 163
  - _road_queue: 205
  - _terrain_objects_queue: 71
  - _infrastructure_queue: 164
  - _pending_building_tasks: 0
OSM DEBUG: Chunks loaded 16/16, but queues not empty:
  - _building_results: 162
  - _road_queue: 168
  - _terrain_objects_queue: 69
  - _infrastructure_queue: 163
  - _pending_building_tasks: 0
OSM DEBUG: Chunks loaded 16/16, but queues not empty:
  - _building_results: 161
  - _road_queue: 101
  - _terrain_objects_queue: 67
  - _infrastructure_queue: 162
  - _pending_building_tasks: 0
OSM DEBUG: Chunks loaded 16/16, but queues not empty:
  - _building_results: 160
  - _road_queue: 76
  - _terrain_objects_queue: 65
  - _infrastructure_queue: 161
  - _pending_building_tasks: 0
2026-01-31 07:17:10.683 Godot[69198:2124782] +[IMKInputSession subclass]: chose IMKInputSession_Modern
OSM DEBUG: Chunks loaded 16/16, but queues not empty:
  - _building_results: 159
  - _road_queue: 52
  - _terrain_objects_queue: 63
  - _infrastructure_queue: 160
  - _pending_building_tasks: 0
[mvk-info] Created 3 swapchain images with size (3024, 1890) and contents scale 2.0 in layer CAMetalLayer: GodotContentView (0x7fecc09510a0) on screen Built-in Retina Display.
OSM DEBUG: Chunks loaded 16/16, but queues not empty:
  - _building_results: 158
  - _road_queue: 17
  - _terrain_objects_queue: 61
  - _infrastructure_queue: 159
  - _pending_building_tasks: 0
OSM: DEBUG _add_road_to_batch - first road for chunk '0,1', parent.name='Chunk_0,1'
OSM DEBUG: Chunks loaded 16/16, but queues not empty:
  - _building_results: 157
  - _road_queue: 6
  - _terrain_objects_queue: 59
  - _infrastructure_queue: 158
  - _pending_building_tasks: 0
⚠️ SLOW FRAME 13.9ms: building=0.8 road=11.8 terrain=0.5 infra=0.7 veg=0.0 curb=0.0ms
OSM DEBUG: Chunks loaded 16/16, but queues not empty:
  - _building_results: 156
  - _road_queue: 1
  - _terrain_objects_queue: 57
  - _infrastructure_queue: 157
  - _pending_building_tasks: 0
⚠️ SLOW FRAME 11.7ms: building=0.9 road=9.6 terrain=0.4 infra=0.7 veg=0.0 curb=0.0ms
OSM DEBUG: Chunks loaded 16/16, but queues not empty:
  - _building_results: 155
  - _road_queue: 0
  - _terrain_objects_queue: 55
  - _infrastructure_queue: 156
  - _pending_building_tasks: 0
🔴 FREEZE: road collision shape creation took 16.6 ms for chunk -2,-2 (type: residential)
OSM: ✅ Finalized road batch -2,-2/residential: 1688 vertices, 1638 triangles, material: <ImageTexture#-9223371972648368119>
OSM: ✅ Finalized road batch -2,-2/path: 494 vertices, 466 triangles, material: <ImageTexture#-9223371972547704822>
⚠️ SLOW: road batch finalization took 18.9 ms for chunk -2,-2
⚠️ SLOW FRAME 20.9ms: building=0.8 road=19.0 terrain=0.4 infra=0.7 veg=0.0 curb=0.0ms
OSM DEBUG: Chunks loaded 16/16, but queues not empty:
  - _building_results: 154
  - _road_queue: 0
  - _terrain_objects_queue: 53
  - _infrastructure_queue: 155
  - _pending_building_tasks: 0
🔴 FREEZE: road collision shape creation took 19.3 ms for chunk -2,-1 (type: primary)
OSM: ✅ Finalized road batch -2,-1/primary: 962 vertices, 958 triangles, material: <ImageTexture#-9223371972749031416>
OSM: ✅ Finalized road batch -2,-1/residential: 390 vertices, 372 triangles, material: <ImageTexture#-9223371972648368119>
OSM: ✅ Finalized road batch -2,-1/path: 1904 vertices, 1866 triangles, material: <ImageTexture#-9223371972547704822>
⚠️ SLOW: road batch finalization took 26.0 ms for chunk -2,-1
⚠️ SLOW FRAME 28.0ms: building=0.9 road=26.0 terrain=0.4 infra=0.6 veg=0.0 curb=0.0ms
OSM DEBUG: Chunks loaded 16/16, but queues not empty:
  - _building_results: 153
  - _road_queue: 0
  - _terrain_objects_queue: 51
  - _infrastructure_queue: 154
  - _pending_building_tasks: 0
🔴 FREEZE: road collision shape creation took 21.6 ms for chunk -2,0 (type: residential)
OSM: ✅ Finalized road batch -2,0/residential: 386 vertices, 376 triangles, material: <ImageTexture#-9223371972648368119>
OSM: ✅ Finalized road batch -2,0/path: 1336 vertices, 1320 triangles, material: <ImageTexture#-9223371972547704822>
⚠️ SLOW: road batch finalization took 25.2 ms for chunk -2,0
⚠️ SLOW FRAME 27.2ms: building=0.8 road=25.3 terrain=0.4 infra=0.7 veg=0.0 curb=0.0ms
OSM DEBUG: Chunks loaded 16/16, but queues not empty:
  - _building_results: 152
  - _road_queue: 0
  - _terrain_objects_queue: 49
  - _infrastructure_queue: 153
  - _pending_building_tasks: 0
⚠️ SLOW FRAME 33.8ms: building=0.8 road=0.0 terrain=11.4 infra=0.7 veg=20.9 curb=0.0ms
OSM DEBUG: Chunks loaded 16/16, but queues not empty:
  - _building_results: 151
  - _road_queue: 0
  - _terrain_objects_queue: 47
  - _infrastructure_queue: 152
  - _pending_building_tasks: 0
[mvk-info] Created 3 swapchain images with size (3024, 1890) and contents scale 2.0 in layer CAMetalLayer: GodotContentView (0x7fecc09510a0) on screen Built-in Retina Display.
OSM: ✅ Finalized road batch -1,-2/path: 522 vertices, 500 triangles, material: <ImageTexture#-9223371972547704822>
OSM: ✅ Finalized road batch -1,-2/residential: 1384 vertices, 1340 triangles, material: <ImageTexture#-9223371972648368119>
OSM DEBUG: Chunks loaded 16/16, but queues not empty:
  - _building_results: 150
  - _road_queue: 0
  - _terrain_objects_queue: 45
  - _infrastructure_queue: 151
  - _pending_building_tasks: 0
🔴 FREEZE: road collision shape creation took 17.4 ms for chunk -1,-1 (type: path)
OSM: ✅ Finalized road batch -1,-1/path: 1720 vertices, 1672 triangles, material: <ImageTexture#-9223371972547704822>
OSM: ✅ Finalized road batch -1,-1/primary: 1152 vertices, 1144 triangles, material: <ImageTexture#-9223371972749031416>
OSM: ✅ Finalized road batch -1,-1/residential: 1666 vertices, 1612 triangles, material: <ImageTexture#-9223371972648368119>
⚠️ SLOW: road batch finalization took 23.9 ms for chunk -1,-1
⚠️ SLOW FRAME 25.8ms: building=0.8 road=23.9 terrain=0.4 infra=0.6 veg=0.0 curb=0.0ms
OSM DEBUG: Chunks loaded 16/16, but queues not empty:
  - _building_results: 149
  - _road_queue: 0
  - _terrain_objects_queue: 43
  - _infrastructure_queue: 150
  - _pending_building_tasks: 0
🔴 FREEZE: road collision shape creation took 17.8 ms for chunk -1,0 (type: path)
OSM: ✅ Finalized road batch -1,0/path: 246 vertices, 234 triangles, material: <ImageTexture#-9223371972547704822>
OSM: ✅ Finalized road batch -1,0/residential: 928 vertices, 900 triangles, material: <ImageTexture#-9223371972648368119>
⚠️ SLOW: road batch finalization took 20.4 ms for chunk -1,0
⚠️ SLOW FRAME 22.4ms: building=0.9 road=20.5 terrain=0.4 infra=0.7 veg=0.0 curb=0.0ms
OSM DEBUG: Chunks loaded 16/16, but queues not empty:
  - _building_results: 148
  - _road_queue: 0
  - _terrain_objects_queue: 41
  - _infrastructure_queue: 149
  - _pending_building_tasks: 0
OSM DEBUG: Chunks loaded 16/16, but queues not empty:
  - _building_results: 147
  - _road_queue: 0
  - _terrain_objects_queue: 39
  - _infrastructure_queue: 148
  - _pending_building_tasks: 0
🔴 FREEZE: road collision shape creation took 23.9 ms for chunk 0,-2 (type: path)
OSM: ✅ Finalized road batch 0,-2/path: 1494 vertices, 1434 triangles, material: <ImageTexture#-9223371972547704822>
OSM: ✅ Finalized road batch 0,-2/residential: 2208 vertices, 2158 triangles, material: <ImageTexture#-9223371972648368119>
OSM: ✅ Finalized road batch 0,-2/primary: 362 vertices, 354 triangles, material: <ImageTexture#-9223371972749031416>
⚠️ SLOW: road batch finalization took 30.8 ms for chunk 0,-2
⚠️ SLOW FRAME 32.9ms: building=0.9 road=30.9 terrain=0.4 infra=0.7 veg=0.0 curb=0.0ms
OSM DEBUG: Chunks loaded 16/16, but queues not empty:
  - _building_results: 146
  - _road_queue: 0
  - _terrain_objects_queue: 37
  - _infrastructure_queue: 147
  - _pending_building_tasks: 0
🔴 FREEZE: road collision shape creation took 27.6 ms for chunk 0,-1 (type: path)
OSM: ✅ Finalized road batch 0,-1/path: 2306 vertices, 2236 triangles, material: <ImageTexture#-9223371972547704822>
OSM: ✅ Finalized road batch 0,-1/primary: 1070 vertices, 1046 triangles, material: <ImageTexture#-9223371972749031416>
OSM: ✅ Finalized road batch 0,-1/residential: 1164 vertices, 1136 triangles, material: <ImageTexture#-9223371972648368119>
⚠️ SLOW: road batch finalization took 33.6 ms for chunk 0,-1
⚠️ SLOW FRAME 35.9ms: building=0.9 road=33.7 terrain=0.4 infra=0.9 veg=0.0 curb=0.0ms
OSM DEBUG: Chunks loaded 16/16, but queues not empty:
  - _building_results: 145
  - _road_queue: 0
  - _terrain_objects_queue: 35
  - _infrastructure_queue: 146
  - _pending_building_tasks: 0
🔴 FREEZE: road collision shape creation took 25.7 ms for chunk 0,0 (type: path)
OSM: ✅ Finalized road batch 0,0/path: 1540 vertices, 1486 triangles, material: <ImageTexture#-9223371972547704822>
OSM: ✅ Finalized road batch 0,0/primary: 446 vertices, 432 triangles, material: <ImageTexture#-9223371972749031416>
OSM: ✅ Finalized road batch 0,0/residential: 336 vertices, 320 triangles, material: <ImageTexture#-9223371972648368119>
⚠️ SLOW: road batch finalization took 29.4 ms for chunk 0,0
⚠️ SLOW FRAME 31.6ms: building=0.8 road=29.4 terrain=0.4 infra=1.0 veg=0.0 curb=0.0ms
OSM DEBUG: Chunks loaded 16/16, but queues not empty:
  - _building_results: 144
  - _road_queue: 0
  - _terrain_objects_queue: 33
  - _infrastructure_queue: 145
  - _pending_building_tasks: 0
🔴 FREEZE: road collision shape creation took 13.1 ms for chunk 0,1 (type: path)
OSM: ✅ Finalized road batch 0,1/path: 156 vertices, 154 triangles, material: <ImageTexture#-9223371972547704822>
⚠️ SLOW: road batch finalization took 13.3 ms for chunk 0,1
⚠️ SLOW FRAME 15.3ms: building=0.9 road=13.3 terrain=0.4 infra=0.7 veg=0.0 curb=0.0ms
OSM DEBUG: Chunks loaded 16/16, but queues not empty:
  - _building_results: 143
  - _road_queue: 0
  - _terrain_objects_queue: 31
  - _infrastructure_queue: 144
  - _pending_building_tasks: 0
OSM: ✅ Finalized road batch 1,-2/residential: 2176 vertices, 2108 triangles, material: <ImageTexture#-9223371972648368119>
OSM: ✅ Finalized road batch 1,-2/path: 916 vertices, 880 triangles, material: <ImageTexture#-9223371972547704822>
OSM DEBUG: Chunks loaded 16/16, but queues not empty:
  - _building_results: 142
  - _road_queue: 0
  - _terrain_objects_queue: 29
  - _infrastructure_queue: 143
  - _pending_building_tasks: 0
🔴 FREEZE: road collision shape creation took 29.4 ms for chunk 1,-1 (type: residential)
OSM: ✅ Finalized road batch 1,-1/residential: 2006 vertices, 1930 triangles, material: <ImageTexture#-9223371972648368119>
OSM: ✅ Finalized road batch 1,-1/path: 840 vertices, 818 triangles, material: <ImageTexture#-9223371972547704822>
OSM: ✅ Finalized road batch 1,-1/primary: 254 vertices, 250 triangles, material: <ImageTexture#-9223371972749031416>
⚠️ SLOW: road batch finalization took 34.0 ms for chunk 1,-1
⚠️ SLOW FRAME 35.7ms: building=0.8 road=34.0 terrain=0.3 infra=0.6 veg=0.0 curb=0.0ms
OSM DEBUG: Chunks loaded 16/16, but queues not empty:
  - _building_results: 141
  - _road_queue: 0
  - _terrain_objects_queue: 27
  - _infrastructure_queue: 142
  - _pending_building_tasks: 0
🔴 FREEZE: road collision shape creation took 10.9 ms for chunk 1,0 (type: path)
OSM: ✅ Finalized road batch 1,0/path: 398 vertices, 394 triangles, material: <ImageTexture#-9223371972547704822>
⚠️ SLOW: road batch finalization took 11.2 ms for chunk 1,0
⚠️ SLOW FRAME 13.6ms: building=0.8 road=11.2 terrain=0.9 infra=0.6 veg=0.0 curb=0.0ms
OSM DEBUG: Chunks loaded 16/16, but queues not empty:
  - _building_results: 140
  - _road_queue: 0
  - _terrain_objects_queue: 25
  - _infrastructure_queue: 141
  - _pending_building_tasks: 0
OSM DEBUG: Chunks loaded 16/16, but queues not empty:
  - _building_results: 139
  - _road_queue: 0
  - _terrain_objects_queue: 23
  - _infrastructure_queue: 140
  - _pending_building_tasks: 0
Loading cache for shader SceneForwardClusteredShaderRD, variant 0
Loading cache for shader SceneForwardClusteredShaderRD, variant 1
Loading cache for shader SceneForwardClusteredShaderRD, variant 2
Loading cache for shader SceneForwardClusteredShaderRD, variant 3
Loading cache for shader SceneForwardClusteredShaderRD, variant 4
Loading cache for shader SceneForwardClusteredShaderRD, variant 5
Loading cache for shader SceneForwardClusteredShaderRD, variant 6
Loading cache for shader SceneForwardClusteredShaderRD, variant 7
Loading cache for shader SceneForwardClusteredShaderRD, variant 0
Loading cache for shader SceneForwardClusteredShaderRD, variant 1
Loading cache for shader SceneForwardClusteredShaderRD, variant 2
Loading cache for shader SceneForwardClusteredShaderRD, variant 3
Loading cache for shader SceneForwardClusteredShaderRD, variant 4
Loading cache for shader SceneForwardClusteredShaderRD, variant 5
Loading cache for shader SceneForwardClusteredShaderRD, variant 6
Loading cache for shader SceneForwardClusteredShaderRD, variant 7
Loading cache for shader SceneForwardClusteredShaderRD, variant 8
Loading cache for shader SceneForwardClusteredShaderRD, variant 9
Loading cache for shader SceneForwardClusteredShaderRD, variant 10
Loading cache for shader SceneForwardClusteredShaderRD, variant 11
Loading cache for shader SceneForwardClusteredShaderRD, variant 12
Loading cache for shader SceneForwardClusteredShaderRD, variant 13
Loading cache for shader SceneForwardClusteredShaderRD, variant 14
Loading cache for shader SceneForwardClusteredShaderRD, variant 15
Loading cache for shader SceneForwardClusteredShaderRD, variant 16
Loading cache for shader SceneForwardClusteredShaderRD, variant 17
⚠️ SLOW FRAME 14.6ms: building=0.9 road=12.3 terrain=0.4 infra=0.7 veg=0.0 curb=0.3ms
OSM DEBUG: Chunks loaded 16/16, but queues not empty:
  - _building_results: 138
  - _road_queue: 0
  - _terrain_objects_queue: 21
  - _infrastructure_queue: 139
  - _pending_building_tasks: 0
OSM DEBUG: Chunks loaded 16/16, but queues not empty:
  - _building_results: 137
  - _road_queue: 0
  - _terrain_objects_queue: 19
  - _infrastructure_queue: 138
  - _pending_building_tasks: 0
⚠️ SLOW FRAME 17.5ms: building=0.8 road=0.4 terrain=13.6 infra=0.7 veg=2.0 curb=0.0ms
OSM DEBUG: Chunks loaded 16/16, but queues not empty:
  - _building_results: 136
  - _road_queue: 0
  - _terrain_objects_queue: 17
  - _infrastructure_queue: 137
  - _pending_building_tasks: 0
⚠️ SLOW FRAME 12.4ms: building=0.9 road=1.0 terrain=9.5 infra=0.6 veg=0.0 curb=0.4ms
OSM DEBUG: Chunks loaded 16/16, but queues not empty:
  - _building_results: 135
  - _road_queue: 0
  - _terrain_objects_queue: 15
  - _infrastructure_queue: 136
  - _pending_building_tasks: 0
⚠️ SLOW FRAME 15.6ms: building=0.7 road=1.0 terrain=12.7 infra=0.6 veg=0.0 curb=0.4ms
OSM DEBUG: Chunks loaded 16/16, but queues not empty:
  - _building_results: 134
  - _road_queue: 0
  - _terrain_objects_queue: 13
  - _infrastructure_queue: 135
  - _pending_building_tasks: 0
OSM DEBUG: Chunks loaded 16/16, but queues not empty:
  - _building_results: 133
  - _road_queue: 0
  - _terrain_objects_queue: 11
  - _infrastructure_queue: 134
  - _pending_building_tasks: 0
OSM DEBUG: Chunks loaded 16/16, but queues not empty:
  - _building_results: 132
  - _road_queue: 0
  - _terrain_objects_queue: 9
  - _infrastructure_queue: 133
  - _pending_building_tasks: 0
OSM DEBUG: Chunks loaded 16/16, but queues not empty:
  - _building_results: 131
  - _road_queue: 0
  - _terrain_objects_queue: 7
  - _infrastructure_queue: 132
  - _pending_building_tasks: 0
OSM DEBUG: Chunks loaded 16/16, but queues not empty:
  - _building_results: 130
  - _road_queue: 0
  - _terrain_objects_queue: 5
  - _infrastructure_queue: 131
  - _pending_building_tasks: 0
OSM DEBUG: Chunks loaded 16/16, but queues not empty:
  - _building_results: 129
  - _road_queue: 0
  - _terrain_objects_queue: 3
  - _infrastructure_queue: 130
  - _pending_building_tasks: 0
OSM DEBUG: Chunks loaded 16/16, but queues not empty:
  - _building_results: 128
  - _road_queue: 0
  - _terrain_objects_queue: 1
  - _infrastructure_queue: 129
  - _pending_building_tasks: 0
OSM DEBUG: Chunks loaded 16/16, but queues not empty:
  - _building_results: 127
  - _road_queue: 0
  - _terrain_objects_queue: 0
  - _infrastructure_queue: 128
  - _pending_building_tasks: 0
OSM DEBUG: Chunks loaded 16/16, but queues not empty:
  - _building_results: 126
  - _road_queue: 0
  - _terrain_objects_queue: 0
  - _infrastructure_queue: 127
  - _pending_building_tasks: 0
OSM DEBUG: Chunks loaded 16/16, but queues not empty:
  - _building_results: 125
  - _road_queue: 0
  - _terrain_objects_queue: 0
  - _infrastructure_queue: 126
  - _pending_building_tasks: 0
OSM DEBUG: Chunks loaded 16/16, but queues not empty:
  - _building_results: 124
  - _road_queue: 0
  - _terrain_objects_queue: 0
  - _infrastructure_queue: 125
  - _pending_building_tasks: 0
OSM DEBUG: Chunks loaded 16/16, but queues not empty:
  - _building_results: 123
  - _road_queue: 0
  - _terrain_objects_queue: 0
  - _infrastructure_queue: 124
  - _pending_building_tasks: 0
OSM DEBUG: Chunks loaded 16/16, but queues not empty:
  - _building_results: 122
  - _road_queue: 0
  - _terrain_objects_queue: 0
  - _infrastructure_queue: 123
  - _pending_building_tasks: 0
OSM DEBUG: Chunks loaded 16/16, but queues not empty:
  - _building_results: 121
  - _road_queue: 0
  - _terrain_objects_queue: 0
  - _infrastructure_queue: 122
  - _pending_building_tasks: 0
OSM DEBUG: Chunks loaded 16/16, but queues not empty:
  - _building_results: 120
  - _road_queue: 0
  - _terrain_objects_queue: 0
  - _infrastructure_queue: 121
  - _pending_building_tasks: 0
OSM DEBUG: Chunks loaded 16/16, but queues not empty:
  - _building_results: 119
  - _road_queue: 0
  - _terrain_objects_queue: 0
  - _infrastructure_queue: 120
  - _pending_building_tasks: 0
OSM DEBUG: Chunks loaded 16/16, but queues not empty:
  - _building_results: 118
  - _road_queue: 0
  - _terrain_objects_queue: 0
  - _infrastructure_queue: 119
  - _pending_building_tasks: 0
OSM DEBUG: Chunks loaded 16/16, but queues not empty:
  - _building_results: 117
  - _road_queue: 0
  - _terrain_objects_queue: 0
  - _infrastructure_queue: 118
  - _pending_building_tasks: 0
OSM DEBUG: Chunks loaded 16/16, but queues not empty:
  - _building_results: 116
  - _road_queue: 0
  - _terrain_objects_queue: 0
  - _infrastructure_queue: 117
  - _pending_building_tasks: 0
OSM DEBUG: Chunks loaded 16/16, but queues not empty:
  - _building_results: 115
  - _road_queue: 0
  - _terrain_objects_queue: 0
  - _infrastructure_queue: 116
  - _pending_building_tasks: 0
OSM DEBUG: Chunks loaded 16/16, but queues not empty:
  - _building_results: 114
  - _road_queue: 0
  - _terrain_objects_queue: 0
  - _infrastructure_queue: 115
  - _pending_building_tasks: 0
OSM DEBUG: Chunks loaded 16/16, but queues not empty:
  - _building_results: 113
  - _road_queue: 0
  - _terrain_objects_queue: 0
  - _infrastructure_queue: 114
  - _pending_building_tasks: 0
OSM DEBUG: Chunks loaded 16/16, but queues not empty:
  - _building_results: 112
  - _road_queue: 0
  - _terrain_objects_queue: 0
  - _infrastructure_queue: 113
  - _pending_building_tasks: 0
OSM DEBUG: Chunks loaded 16/16, but queues not empty:
  - _building_results: 111
  - _road_queue: 0
  - _terrain_objects_queue: 0
  - _infrastructure_queue: 112
  - _pending_building_tasks: 0
OSM DEBUG: Chunks loaded 16/16, but queues not empty:
  - _building_results: 110
  - _road_queue: 0
  - _terrain_objects_queue: 0
  - _infrastructure_queue: 111
  - _pending_building_tasks: 0
OSM DEBUG: Chunks loaded 16/16, but queues not empty:
  - _building_results: 109
  - _road_queue: 0
  - _terrain_objects_queue: 0
  - _infrastructure_queue: 110
  - _pending_building_tasks: 0
OSM DEBUG: Chunks loaded 16/16, but queues not empty:
  - _building_results: 108
  - _road_queue: 0
  - _terrain_objects_queue: 0
  - _infrastructure_queue: 109
  - _pending_building_tasks: 0
OSM DEBUG: Chunks loaded 16/16, but queues not empty:
  - _building_results: 107
  - _road_queue: 0
  - _terrain_objects_queue: 0
  - _infrastructure_queue: 108
  - _pending_building_tasks: 0
OSM DEBUG: Chunks loaded 16/16, but queues not empty:
  - _building_results: 106
  - _road_queue: 0
  - _terrain_objects_queue: 0
  - _infrastructure_queue: 107
  - _pending_building_tasks: 0
OSM DEBUG: Chunks loaded 16/16, but queues not empty:
  - _building_results: 105
  - _road_queue: 0
  - _terrain_objects_queue: 0
  - _infrastructure_queue: 106
  - _pending_building_tasks: 0
OSM DEBUG: Chunks loaded 16/16, but queues not empty:
  - _building_results: 104
  - _road_queue: 0
  - _terrain_objects_queue: 0
  - _infrastructure_queue: 105
  - _pending_building_tasks: 0
OSM DEBUG: Chunks loaded 16/16, but queues not empty:
  - _building_results: 103
  - _road_queue: 0
  - _terrain_objects_queue: 0
  - _infrastructure_queue: 104
  - _pending_building_tasks: 0
OSM DEBUG: Chunks loaded 16/16, but queues not empty:
  - _building_results: 102
  - _road_queue: 0
  - _terrain_objects_queue: 0
  - _infrastructure_queue: 103
  - _pending_building_tasks: 0
OSM DEBUG: Chunks loaded 16/16, but queues not empty:
  - _building_results: 101
  - _road_queue: 0
  - _terrain_objects_queue: 0
  - _infrastructure_queue: 102
  - _pending_building_tasks: 0
🚗 Traffic: 6 active NPCs (Near: 1, Mid: 5, Far: 0), 0 pooled
  → Physics bodies from NPCs: 6 (All: 6×1, было бы 6×5=30)

========== Bottleneck Analysis Report ==========
Time: 6.3s | Frames: 75

📊 PERFORMANCE OVERVIEW:
  FPS: 18.1 avg | 1.0 min
  Frame Time: 55.04 ms avg | 688.93 ms max
  Physics Time: 1.37 ms avg

🔍 BOTTLENECK IDENTIFICATION:
  🔴 [CRITICAL] Frame Time
      Value: 55.04 ms (target: 16.67 ms)
      Impact: Overall performance bottleneck
      Suggestions:
        • Reduce draw calls
        • Optimize scripts in _process()
        • Check for expensive operations per frame

  🟡 [MEDIUM] Draw Calls
      Value: 2140 calls/frame
      Impact: GPU rendering overhead
      Suggestions:
        • Batch meshes by material
        • Use MultiMeshInstance3D
        • Implement LOD system
        • Enable frustum culling

  🟡 [MEDIUM] Vertex Count
      Value: 51346204 vertices/frame
      Impact: GPU vertex processing
      Suggestions:
        • Implement LOD for distant objects
        • Simplify building meshes
        • Use lower poly models

  🟡 [MEDIUM] Post-Processing Effects
      Value: SSAO, Glow/Bloom, Volumetric Fog
      Impact: GPU shader overhead
      Suggestions:
        • Reduce SSR quality
        • Disable SSAO on low-end hardware
        • Use simpler fog

📈 DETAILED STATS:
  Draw Calls: 2140 avg | 2903 max
  Vertices: 51346204 avg | 52263016 max
  Physics Bodies: 47
  Nodes: 4504
  VRAM: 706.0 MB

=================================================

OSM DEBUG: Chunks loaded 16/16, but queues not empty:
  - _building_results: 100
  - _road_queue: 0
  - _terrain_objects_queue: 0
  - _infrastructure_queue: 101
  - _pending_building_tasks: 0
OSM DEBUG: Chunks loaded 16/16, but queues not empty:
  - _building_results: 99
  - _road_queue: 0
  - _terrain_objects_queue: 0
  - _infrastructure_queue: 100
  - _pending_building_tasks: 0
OSM DEBUG: Chunks loaded 16/16, but queues not empty:
  - _building_results: 98
  - _road_queue: 0
  - _terrain_objects_queue: 0
  - _infrastructure_queue: 99
  - _pending_building_tasks: 0
OSM DEBUG: Chunks loaded 16/16, but queues not empty:
  - _building_results: 97
  - _road_queue: 0
  - _terrain_objects_queue: 0
  - _infrastructure_queue: 98
  - _pending_building_tasks: 0
OSM DEBUG: Chunks loaded 16/16, but queues not empty:
  - _building_results: 96
  - _road_queue: 0
  - _terrain_objects_queue: 0
  - _infrastructure_queue: 97
  - _pending_building_tasks: 0
OSM DEBUG: Chunks loaded 16/16, but queues not empty:
  - _building_results: 95
  - _road_queue: 0
  - _terrain_objects_queue: 0
  - _infrastructure_queue: 96
  - _pending_building_tasks: 0
OSM DEBUG: Chunks loaded 16/16, but queues not empty:
  - _building_results: 94
  - _road_queue: 0
  - _terrain_objects_queue: 0
  - _infrastructure_queue: 95
  - _pending_building_tasks: 0
OSM DEBUG: Chunks loaded 16/16, but queues not empty:
  - _building_results: 93
  - _road_queue: 0
  - _terrain_objects_queue: 0
  - _infrastructure_queue: 94
  - _pending_building_tasks: 0
OSM DEBUG: Chunks loaded 16/16, but queues not empty:
  - _building_results: 92
  - _road_queue: 0
  - _terrain_objects_queue: 0
  - _infrastructure_queue: 93
  - _pending_building_tasks: 0
OSM DEBUG: Chunks loaded 16/16, but queues not empty:
  - _building_results: 91
  - _road_queue: 0
  - _terrain_objects_queue: 0
  - _infrastructure_queue: 92
  - _pending_building_tasks: 0
=== PAZ Model Meshes Debug ===
Total meshes found: 1
  - Mesh: bus_low_Material_006_0 (MeshInstance3D)
PAZ-32053 model setup complete
OSM DEBUG: Chunks loaded 16/16, but queues not empty:
  - _building_results: 90
  - _road_queue: 0
  - _terrain_objects_queue: 0
  - _infrastructure_queue: 91
  - _pending_building_tasks: 0
OSM DEBUG: Chunks loaded 16/16, but queues not empty:
  - _building_results: 89
  - _road_queue: 0
  - _terrain_objects_queue: 0
  - _infrastructure_queue: 90
  - _pending_building_tasks: 0
OSM DEBUG: Chunks loaded 16/16, but queues not empty:
  - _building_results: 88
  - _road_queue: 0
  - _terrain_objects_queue: 0
  - _infrastructure_queue: 89
  - _pending_building_tasks: 0
OSM DEBUG: Chunks loaded 16/16, but queues not empty:
  - _building_results: 87
  - _road_queue: 0
  - _terrain_objects_queue: 0
  - _infrastructure_queue: 88
  - _pending_building_tasks: 0
OSM DEBUG: Chunks loaded 16/16, but queues not empty:
  - _building_results: 86
  - _road_queue: 0
  - _terrain_objects_queue: 0
  - _infrastructure_queue: 87
  - _pending_building_tasks: 0
OSM DEBUG: Chunks loaded 16/16, but queues not empty:
  - _building_results: 85
  - _road_queue: 0
  - _terrain_objects_queue: 0
  - _infrastructure_queue: 86
  - _pending_building_tasks: 0
OSM DEBUG: Chunks loaded 16/16, but queues not empty:
  - _building_results: 84
  - _road_queue: 0
  - _terrain_objects_queue: 0
  - _infrastructure_queue: 85
  - _pending_building_tasks: 0
OSM DEBUG: Chunks loaded 16/16, but queues not empty:
  - _building_results: 83
  - _road_queue: 0
  - _terrain_objects_queue: 0
  - _infrastructure_queue: 84
  - _pending_building_tasks: 0
OSM DEBUG: Chunks loaded 16/16, but queues not empty:
  - _building_results: 82
  - _road_queue: 0
  - _terrain_objects_queue: 0
  - _infrastructure_queue: 83
  - _pending_building_tasks: 0
OSM DEBUG: Chunks loaded 16/16, but queues not empty:
  - _building_results: 81
  - _road_queue: 0
  - _terrain_objects_queue: 0
  - _infrastructure_queue: 82
  - _pending_building_tasks: 0
OSM DEBUG: Chunks loaded 16/16, but queues not empty:
  - _building_results: 80
  - _road_queue: 0
  - _terrain_objects_queue: 0
  - _infrastructure_queue: 81
  - _pending_building_tasks: 0
OSM DEBUG: Chunks loaded 16/16, but queues not empty:
  - _building_results: 79
  - _road_queue: 0
  - _terrain_objects_queue: 0
  - _infrastructure_queue: 80
  - _pending_building_tasks: 0
OSM DEBUG: Chunks loaded 16/16, but queues not empty:
  - _building_results: 78
  - _road_queue: 0
  - _terrain_objects_queue: 0
  - _infrastructure_queue: 79
  - _pending_building_tasks: 0
OSM DEBUG: Chunks loaded 16/16, but queues not empty:
  - _building_results: 77
  - _road_queue: 0
  - _terrain_objects_queue: 0
  - _infrastructure_queue: 78
  - _pending_building_tasks: 0
OSM DEBUG: Chunks loaded 16/16, but queues not empty:
  - _building_results: 76
  - _road_queue: 0
  - _terrain_objects_queue: 0
  - _infrastructure_queue: 77
  - _pending_building_tasks: 0
OSM DEBUG: Chunks loaded 16/16, but queues not empty:
  - _building_results: 75
  - _road_queue: 0
  - _terrain_objects_queue: 0
  - _infrastructure_queue: 76
  - _pending_building_tasks: 0
OSM DEBUG: Chunks loaded 16/16, but queues not empty:
  - _building_results: 74
  - _road_queue: 0
  - _terrain_objects_queue: 0
  - _infrastructure_queue: 75
  - _pending_building_tasks: 0
OSM DEBUG: Chunks loaded 16/16, but queues not empty:
  - _building_results: 73
  - _road_queue: 0
  - _terrain_objects_queue: 0
  - _infrastructure_queue: 74
  - _pending_building_tasks: 0
OSM DEBUG: Chunks loaded 16/16, but queues not empty:
  - _building_results: 72
  - _road_queue: 0
  - _terrain_objects_queue: 0
  - _infrastructure_queue: 73
  - _pending_building_tasks: 0
OSM DEBUG: Chunks loaded 16/16, but queues not empty:
  - _building_results: 71
  - _road_queue: 0
  - _terrain_objects_queue: 0
  - _infrastructure_queue: 72
  - _pending_building_tasks: 0
OSM DEBUG: Chunks loaded 16/16, but queues not empty:
  - _building_results: 70
  - _road_queue: 0
  - _terrain_objects_queue: 0
  - _infrastructure_queue: 71
  - _pending_building_tasks: 0
OSM DEBUG: Chunks loaded 16/16, but queues not empty:
  - _building_results: 69
  - _road_queue: 0
  - _terrain_objects_queue: 0
  - _infrastructure_queue: 70
  - _pending_building_tasks: 0
OSM DEBUG: Chunks loaded 16/16, but queues not empty:
  - _building_results: 68
  - _road_queue: 0
  - _terrain_objects_queue: 0
  - _infrastructure_queue: 69
  - _pending_building_tasks: 0
OSM DEBUG: Chunks loaded 16/16, but queues not empty:
  - _building_results: 67
  - _road_queue: 0
  - _terrain_objects_queue: 0
  - _infrastructure_queue: 68
  - _pending_building_tasks: 0
OSM DEBUG: Chunks loaded 16/16, but queues not empty:
  - _building_results: 66
  - _road_queue: 0
  - _terrain_objects_queue: 0
  - _infrastructure_queue: 67
  - _pending_building_tasks: 0
OSM DEBUG: Chunks loaded 16/16, but queues not empty:
  - _building_results: 65
  - _road_queue: 0
  - _terrain_objects_queue: 0
  - _infrastructure_queue: 66
  - _pending_building_tasks: 0
OSM DEBUG: Chunks loaded 16/16, but queues not empty:
  - _building_results: 64
  - _road_queue: 0
  - _terrain_objects_queue: 0
  - _infrastructure_queue: 65
  - _pending_building_tasks: 0
OSM DEBUG: Chunks loaded 16/16, but queues not empty:
  - _building_results: 63
  - _road_queue: 0
  - _terrain_objects_queue: 0
  - _infrastructure_queue: 64
  - _pending_building_tasks: 0
OSM DEBUG: Chunks loaded 16/16, but queues not empty:
  - _building_results: 62
  - _road_queue: 0
  - _terrain_objects_queue: 0
  - _infrastructure_queue: 63
  - _pending_building_tasks: 0
OSM DEBUG: Chunks loaded 16/16, but queues not empty:
  - _building_results: 61
  - _road_queue: 0
  - _terrain_objects_queue: 0
  - _infrastructure_queue: 62
  - _pending_building_tasks: 0
OSM DEBUG: Chunks loaded 16/16, but queues not empty:
  - _building_results: 60
  - _road_queue: 0
  - _terrain_objects_queue: 0
  - _infrastructure_queue: 61
  - _pending_building_tasks: 0
OSM DEBUG: Chunks loaded 16/16, but queues not empty:
  - _building_results: 59
  - _road_queue: 0
  - _terrain_objects_queue: 0
  - _infrastructure_queue: 60
  - _pending_building_tasks: 0
OSM DEBUG: Chunks loaded 16/16, but queues not empty:
  - _building_results: 58
  - _road_queue: 0
  - _terrain_objects_queue: 0
  - _infrastructure_queue: 59
  - _pending_building_tasks: 0
OSM DEBUG: Chunks loaded 16/16, but queues not empty:
  - _building_results: 57
  - _road_queue: 0
  - _terrain_objects_queue: 0
  - _infrastructure_queue: 58
  - _pending_building_tasks: 0
OSM DEBUG: Chunks loaded 16/16, but queues not empty:
  - _building_results: 56
  - _road_queue: 0
  - _terrain_objects_queue: 0
  - _infrastructure_queue: 57
  - _pending_building_tasks: 0
OSM DEBUG: Chunks loaded 16/16, but queues not empty:
  - _building_results: 55
  - _road_queue: 0
  - _terrain_objects_queue: 0
  - _infrastructure_queue: 56
  - _pending_building_tasks: 0
OSM DEBUG: Chunks loaded 16/16, but queues not empty:
  - _building_results: 54
  - _road_queue: 0
  - _terrain_objects_queue: 0
  - _infrastructure_queue: 55
  - _pending_building_tasks: 0
OSM DEBUG: Chunks loaded 16/16, but queues not empty:
  - _building_results: 53
  - _road_queue: 0
  - _terrain_objects_queue: 0
  - _infrastructure_queue: 54
  - _pending_building_tasks: 0
OSM DEBUG: Chunks loaded 16/16, but queues not empty:
  - _building_results: 52
  - _road_queue: 0
  - _terrain_objects_queue: 0
  - _infrastructure_queue: 53
  - _pending_building_tasks: 0
OSM DEBUG: Chunks loaded 16/16, but queues not empty:
  - _building_results: 51
  - _road_queue: 0
  - _terrain_objects_queue: 0
  - _infrastructure_queue: 52
  - _pending_building_tasks: 0
OSM DEBUG: Chunks loaded 16/16, but queues not empty:
  - _building_results: 50
  - _road_queue: 0
  - _terrain_objects_queue: 0
  - _infrastructure_queue: 51
  - _pending_building_tasks: 0
OSM DEBUG: Chunks loaded 16/16, but queues not empty:
  - _building_results: 49
  - _road_queue: 0
  - _terrain_objects_queue: 0
  - _infrastructure_queue: 50
  - _pending_building_tasks: 0
OSM DEBUG: Chunks loaded 16/16, but queues not empty:
  - _building_results: 48
  - _road_queue: 0
  - _terrain_objects_queue: 0
  - _infrastructure_queue: 49
  - _pending_building_tasks: 0
OSM DEBUG: Chunks loaded 16/16, but queues not empty:
  - _building_results: 47
  - _road_queue: 0
  - _terrain_objects_queue: 0
  - _infrastructure_queue: 48
  - _pending_building_tasks: 0
OSM DEBUG: Chunks loaded 16/16, but queues not empty:
  - _building_results: 46
  - _road_queue: 0
  - _terrain_objects_queue: 0
  - _infrastructure_queue: 47
  - _pending_building_tasks: 0
OSM DEBUG: Chunks loaded 16/16, but queues not empty:
  - _building_results: 45
  - _road_queue: 0
  - _terrain_objects_queue: 0
  - _infrastructure_queue: 46
  - _pending_building_tasks: 0
OSM DEBUG: Chunks loaded 16/16, but queues not empty:
  - _building_results: 44
  - _road_queue: 0
  - _terrain_objects_queue: 0
  - _infrastructure_queue: 45
  - _pending_building_tasks: 0
OSM DEBUG: Chunks loaded 16/16, but queues not empty:
  - _building_results: 43
  - _road_queue: 0
  - _terrain_objects_queue: 0
  - _infrastructure_queue: 44
  - _pending_building_tasks: 0
OSM DEBUG: Chunks loaded 16/16, but queues not empty:
  - _building_results: 42
  - _road_queue: 0
  - _terrain_objects_queue: 0
  - _infrastructure_queue: 43
  - _pending_building_tasks: 0
OSM DEBUG: Chunks loaded 16/16, but queues not empty:
  - _building_results: 41
  - _road_queue: 0
  - _terrain_objects_queue: 0
  - _infrastructure_queue: 42
  - _pending_building_tasks: 0
OSM DEBUG: Chunks loaded 16/16, but queues not empty:
  - _building_results: 40
  - _road_queue: 0
  - _terrain_objects_queue: 0
  - _infrastructure_queue: 41
  - _pending_building_tasks: 0
OSM DEBUG: Chunks loaded 16/16, but queues not empty:
  - _building_results: 39
  - _road_queue: 0
  - _terrain_objects_queue: 0
  - _infrastructure_queue: 40
  - _pending_building_tasks: 0
OSM DEBUG: Chunks loaded 16/16, but queues not empty:
  - _building_results: 38
  - _road_queue: 0
  - _terrain_objects_queue: 0
  - _infrastructure_queue: 39
  - _pending_building_tasks: 0
OSM DEBUG: Chunks loaded 16/16, but queues not empty:
  - _building_results: 37
  - _road_queue: 0
  - _terrain_objects_queue: 0
  - _infrastructure_queue: 38
  - _pending_building_tasks: 0
=== PAZ Model Meshes Debug ===
Total meshes found: 1
  - Mesh: bus_low_Material_006_0 (MeshInstance3D)
PAZ-32053 model setup complete
OSM DEBUG: Chunks loaded 16/16, but queues not empty:
  - _building_results: 36
  - _road_queue: 0
  - _terrain_objects_queue: 0
  - _infrastructure_queue: 37
  - _pending_building_tasks: 0
OSM DEBUG: Chunks loaded 16/16, but queues not empty:
  - _building_results: 35
  - _road_queue: 0
  - _terrain_objects_queue: 0
  - _infrastructure_queue: 36
  - _pending_building_tasks: 0
OSM DEBUG: Chunks loaded 16/16, but queues not empty:
  - _building_results: 34
  - _road_queue: 0
  - _terrain_objects_queue: 0
  - _infrastructure_queue: 35
  - _pending_building_tasks: 0
OSM DEBUG: Chunks loaded 16/16, but queues not empty:
  - _building_results: 33
  - _road_queue: 0
  - _terrain_objects_queue: 0
  - _infrastructure_queue: 34
  - _pending_building_tasks: 0
OSM DEBUG: Chunks loaded 16/16, but queues not empty:
  - _building_results: 32
  - _road_queue: 0
  - _terrain_objects_queue: 0
  - _infrastructure_queue: 33
  - _pending_building_tasks: 0
OSM DEBUG: Chunks loaded 16/16, but queues not empty:
  - _building_results: 31
  - _road_queue: 0
  - _terrain_objects_queue: 0
  - _infrastructure_queue: 32
  - _pending_building_tasks: 0
OSM DEBUG: Chunks loaded 16/16, but queues not empty:
  - _building_results: 30
  - _road_queue: 0
  - _terrain_objects_queue: 0
  - _infrastructure_queue: 31
  - _pending_building_tasks: 0
OSM DEBUG: Chunks loaded 16/16, but queues not empty:
  - _building_results: 29
  - _road_queue: 0
  - _terrain_objects_queue: 0
  - _infrastructure_queue: 30
  - _pending_building_tasks: 0
OSM DEBUG: Chunks loaded 16/16, but queues not empty:
  - _building_results: 28
  - _road_queue: 0
  - _terrain_objects_queue: 0
  - _infrastructure_queue: 29
  - _pending_building_tasks: 0
OSM DEBUG: Chunks loaded 16/16, but queues not empty:
  - _building_results: 27
  - _road_queue: 0
  - _terrain_objects_queue: 0
  - _infrastructure_queue: 28
  - _pending_building_tasks: 0
OSM DEBUG: Chunks loaded 16/16, but queues not empty:
  - _building_results: 26
  - _road_queue: 0
  - _terrain_objects_queue: 0
  - _infrastructure_queue: 27
  - _pending_building_tasks: 0
OSM DEBUG: Chunks loaded 16/16, but queues not empty:
  - _building_results: 25
  - _road_queue: 0
  - _terrain_objects_queue: 0
  - _infrastructure_queue: 26
  - _pending_building_tasks: 0
OSM DEBUG: Chunks loaded 16/16, but queues not empty:
  - _building_results: 24
  - _road_queue: 0
  - _terrain_objects_queue: 0
  - _infrastructure_queue: 25
  - _pending_building_tasks: 0
OSM DEBUG: Chunks loaded 16/16, but queues not empty:
  - _building_results: 23
  - _road_queue: 0
  - _terrain_objects_queue: 0
  - _infrastructure_queue: 24
  - _pending_building_tasks: 0
OSM DEBUG: Chunks loaded 16/16, but queues not empty:
  - _building_results: 22
  - _road_queue: 0
  - _terrain_objects_queue: 0
  - _infrastructure_queue: 23
  - _pending_building_tasks: 0
OSM DEBUG: Chunks loaded 16/16, but queues not empty:
  - _building_results: 21
  - _road_queue: 0
  - _terrain_objects_queue: 0
  - _infrastructure_queue: 22
  - _pending_building_tasks: 0
OSM DEBUG: Chunks loaded 16/16, but queues not empty:
  - _building_results: 20
  - _road_queue: 0
  - _terrain_objects_queue: 0
  - _infrastructure_queue: 21
  - _pending_building_tasks: 0
OSM DEBUG: Chunks loaded 16/16, but queues not empty:
  - _building_results: 19
  - _road_queue: 0
  - _terrain_objects_queue: 0
  - _infrastructure_queue: 20
  - _pending_building_tasks: 0
OSM DEBUG: Chunks loaded 16/16, but queues not empty:
  - _building_results: 18
  - _road_queue: 0
  - _terrain_objects_queue: 0
  - _infrastructure_queue: 19
  - _pending_building_tasks: 0
OSM DEBUG: Chunks loaded 16/16, but queues not empty:
  - _building_results: 17
  - _road_queue: 0
  - _terrain_objects_queue: 0
  - _infrastructure_queue: 18
  - _pending_building_tasks: 0
OSM DEBUG: Chunks loaded 16/16, but queues not empty:
  - _building_results: 16
  - _road_queue: 0
  - _terrain_objects_queue: 0
  - _infrastructure_queue: 17
  - _pending_building_tasks: 0
OSM DEBUG: Chunks loaded 16/16, but queues not empty:
  - _building_results: 15
  - _road_queue: 0
  - _terrain_objects_queue: 0
  - _infrastructure_queue: 16
  - _pending_building_tasks: 0
OSM DEBUG: Chunks loaded 16/16, but queues not empty:
  - _building_results: 14
  - _road_queue: 0
  - _terrain_objects_queue: 0
  - _infrastructure_queue: 15
  - _pending_building_tasks: 0
OSM DEBUG: Chunks loaded 16/16, but queues not empty:
  - _building_results: 13
  - _road_queue: 0
  - _terrain_objects_queue: 0
  - _infrastructure_queue: 14
  - _pending_building_tasks: 0
OSM DEBUG: Chunks loaded 16/16, but queues not empty:
  - _building_results: 12
  - _road_queue: 0
  - _terrain_objects_queue: 0
  - _infrastructure_queue: 13
  - _pending_building_tasks: 0
OSM DEBUG: Chunks loaded 16/16, but queues not empty:
  - _building_results: 11
  - _road_queue: 0
  - _terrain_objects_queue: 0
  - _infrastructure_queue: 12
  - _pending_building_tasks: 0
OSM DEBUG: Chunks loaded 16/16, but queues not empty:
  - _building_results: 10
  - _road_queue: 0
  - _terrain_objects_queue: 0
  - _infrastructure_queue: 11
  - _pending_building_tasks: 0
OSM DEBUG: Chunks loaded 16/16, but queues not empty:
  - _building_results: 9
  - _road_queue: 0
  - _terrain_objects_queue: 0
  - _infrastructure_queue: 10
  - _pending_building_tasks: 0
OSM DEBUG: Chunks loaded 16/16, but queues not empty:
  - _building_results: 8
  - _road_queue: 0
  - _terrain_objects_queue: 0
  - _infrastructure_queue: 9
  - _pending_building_tasks: 0
OSM DEBUG: Chunks loaded 16/16, but queues not empty:
  - _building_results: 7
  - _road_queue: 0
  - _terrain_objects_queue: 0
  - _infrastructure_queue: 8
  - _pending_building_tasks: 0
OSM DEBUG: Chunks loaded 16/16, but queues not empty:
  - _building_results: 6
  - _road_queue: 0
  - _terrain_objects_queue: 0
  - _infrastructure_queue: 7
  - _pending_building_tasks: 0
OSM DEBUG: Chunks loaded 16/16, but queues not empty:
  - _building_results: 5
  - _road_queue: 0
  - _terrain_objects_queue: 0
  - _infrastructure_queue: 6
  - _pending_building_tasks: 0
OSM DEBUG: Chunks loaded 16/16, but queues not empty:
  - _building_results: 4
  - _road_queue: 0
  - _terrain_objects_queue: 0
  - _infrastructure_queue: 5
  - _pending_building_tasks: 0
OSM DEBUG: Chunks loaded 16/16, but queues not empty:
  - _building_results: 3
  - _road_queue: 0
  - _terrain_objects_queue: 0
  - _infrastructure_queue: 4
  - _pending_building_tasks: 0
OSM DEBUG: Chunks loaded 16/16, but queues not empty:
  - _building_results: 2
  - _road_queue: 0
  - _terrain_objects_queue: 0
  - _infrastructure_queue: 3
  - _pending_building_tasks: 0
OSM DEBUG: Chunks loaded 16/16, but queues not empty:
  - _building_results: 1
  - _road_queue: 0
  - _terrain_objects_queue: 0
  - _infrastructure_queue: 2
  - _pending_building_tasks: 0
Loading cache for shader SceneForwardClusteredShaderRD, variant 0
Loading cache for shader SceneForwardClusteredShaderRD, variant 1
Loading cache for shader SceneForwardClusteredShaderRD, variant 2
Loading cache for shader SceneForwardClusteredShaderRD, variant 3
Loading cache for shader SceneForwardClusteredShaderRD, variant 4
Loading cache for shader SceneForwardClusteredShaderRD, variant 5
Loading cache for shader SceneForwardClusteredShaderRD, variant 6
Loading cache for shader SceneForwardClusteredShaderRD, variant 7
Loading cache for shader SceneForwardClusteredShaderRD, variant 0
Loading cache for shader SceneForwardClusteredShaderRD, variant 1
Loading cache for shader SceneForwardClusteredShaderRD, variant 2
Loading cache for shader SceneForwardClusteredShaderRD, variant 3
Loading cache for shader SceneForwardClusteredShaderRD, variant 4
Loading cache for shader SceneForwardClusteredShaderRD, variant 5
Loading cache for shader SceneForwardClusteredShaderRD, variant 6
Loading cache for shader SceneForwardClusteredShaderRD, variant 7
Loading cache for shader SceneForwardClusteredShaderRD, variant 8
Loading cache for shader SceneForwardClusteredShaderRD, variant 9
Loading cache for shader SceneForwardClusteredShaderRD, variant 10
Loading cache for shader SceneForwardClusteredShaderRD, variant 11
Loading cache for shader SceneForwardClusteredShaderRD, variant 12
Loading cache for shader SceneForwardClusteredShaderRD, variant 13
Loading cache for shader SceneForwardClusteredShaderRD, variant 14
Loading cache for shader SceneForwardClusteredShaderRD, variant 15
Loading cache for shader SceneForwardClusteredShaderRD, variant 16
Loading cache for shader SceneForwardClusteredShaderRD, variant 17
OSM: 🌙 NIGHT Window batch 0,-1 | night_mgr: CACHED | is_night value: true
OSM: ✅ Finalized window batch 0,-1: 1555 windows (was 1555 draw calls before batching)
⚠️ SLOW FRAME 13.8ms: building=0.0 road=13.2 terrain=0.0 infra=0.4 veg=0.0 curb=0.1ms
OSM DEBUG: Chunks loaded 16/16, but queues not empty:
  - _building_results: 0
  - _road_queue: 0
  - _terrain_objects_queue: 0
  - _infrastructure_queue: 1
  - _pending_building_tasks: 0
OSM: 🌙 NIGHT Window batch -1,-1 | night_mgr: CACHED | is_night value: true
OSM: ✅ Finalized window batch -1,-1: 4286 windows (was 4286 draw calls before batching)
OSM: Starting finalization...
OSM: _create_pending_lamps started, count=942
OSM: DEBUG - First lamp for chunk 0,-1: world_pos=(83.7,0.0,-24.3), parent_offset=(0.0,0.0,0.0), local_pos=(83.7,0.0,-24.3)
OSM: DEBUG - First lamp for chunk 0,0: world_pos=(124.7,0.0,10.5), parent_offset=(0.0,0.0,0.0), local_pos=(124.7,0.0,10.5)
OSM: DEBUG - First lamp for chunk -1,-1: world_pos=(-51.3,0.0,-64.0), parent_offset=(0.0,0.0,0.0), local_pos=(-51.3,0.0,-64.0)
OSM: DEBUG - First lamp for chunk -2,-1: world_pos=(-301.3,0.0,-151.5), parent_offset=(0.0,0.0,0.0), local_pos=(-301.3,0.0,-151.5)
OSM: DEBUG - First lamp for chunk -2,-2: world_pos=(-593.2,0.0,-304.7), parent_offset=(0.0,0.0,0.0), local_pos=(-593.2,0.0,-304.7)
OSM: DEBUG - First lamp for chunk 0,1: world_pos=(191.6,0.0,331.4), parent_offset=(0.0,0.0,0.0), local_pos=(191.6,0.0,331.4)
OSM: DEBUG - First lamp for chunk 1,-1: world_pos=(311.6,0.0,-229.8), parent_offset=(0.0,0.0,0.0), local_pos=(311.6,0.0,-229.8)
OSM: DEBUG - First lamp for chunk 0,-2: world_pos=(205.4,0.0,-319.7), parent_offset=(0.0,0.0,0.0), local_pos=(205.4,0.0,-319.7)
OSM: Created 404 lamps, skipped 538 (added to batches)
OSM: Finalizing 8 lamp batches immediately...
Loading cache for shader SceneForwardClusteredShaderRD, variant 0
Loading cache for shader SceneForwardClusteredShaderRD, variant 1
Loading cache for shader SceneForwardClusteredShaderRD, variant 2
Loading cache for shader SceneForwardClusteredShaderRD, variant 3
Loading cache for shader SceneForwardClusteredShaderRD, variant 4
Loading cache for shader SceneForwardClusteredShaderRD, variant 5
Loading cache for shader SceneForwardClusteredShaderRD, variant 6
Loading cache for shader SceneForwardClusteredShaderRD, variant 7
Loading cache for shader SceneForwardClusteredShaderRD, variant 0
Loading cache for shader SceneForwardClusteredShaderRD, variant 1
Loading cache for shader SceneForwardClusteredShaderRD, variant 2
Loading cache for shader SceneForwardClusteredShaderRD, variant 3
Loading cache for shader SceneForwardClusteredShaderRD, variant 4
Loading cache for shader SceneForwardClusteredShaderRD, variant 5
Loading cache for shader SceneForwardClusteredShaderRD, variant 6
Loading cache for shader SceneForwardClusteredShaderRD, variant 7
Loading cache for shader SceneForwardClusteredShaderRD, variant 8
Loading cache for shader SceneForwardClusteredShaderRD, variant 9
Loading cache for shader SceneForwardClusteredShaderRD, variant 10
Loading cache for shader SceneForwardClusteredShaderRD, variant 11
Loading cache for shader SceneForwardClusteredShaderRD, variant 12
Loading cache for shader SceneForwardClusteredShaderRD, variant 13
Loading cache for shader SceneForwardClusteredShaderRD, variant 14
Loading cache for shader SceneForwardClusteredShaderRD, variant 15
Loading cache for shader SceneForwardClusteredShaderRD, variant 16
Loading cache for shader SceneForwardClusteredShaderRD, variant 17
OSM: ✅ Finalized lamp batch 0,-1: 62 lamps (3 MultiMeshes + 62 lights, was 186 draw calls before)
OSM: ✅ Finalized lamp batch 0,0: 6 lamps (3 MultiMeshes + 6 lights, was 18 draw calls before)
OSM: ✅ Finalized lamp batch -1,-1: 34 lamps (3 MultiMeshes + 34 lights, was 102 draw calls before)
OSM: ✅ Finalized lamp batch -2,-1: 50 lamps (3 MultiMeshes + 50 lights, was 150 draw calls before)
OSM: ✅ Finalized lamp batch -2,-2: 1 lamps (3 MultiMeshes + 1 lights, was 3 draw calls before)
OSM: ✅ Finalized lamp batch 0,1: 11 lamps (3 MultiMeshes + 11 lights, was 33 draw calls before)
OSM: ✅ Finalized lamp batch 1,-1: 14 lamps (3 MultiMeshes + 14 lights, was 42 draw calls before)
OSM: ✅ Finalized lamp batch 0,-2: 45 lamps (3 MultiMeshes + 45 lights, was 135 draw calls before)
OSM: Lamps done, starting parking signs...
OSM: _create_pending_parking_signs started, count=16, road_segments=2377
OSM: Created 16 parking signs
OSM: Parking signs done
OSM: Initial loading complete! 16 chunks loaded

[PerformanceTestDetailed] ✓ Terrain loaded! Starting test in 2 seconds...
🚗 Traffic: 10 active NPCs (Near: 2, Mid: 8, Far: 0), 1 pooled
  → Physics bodies from NPCs: 10 (All: 10×1, было бы 10×5=50)

========== Bottleneck Analysis Report ==========
Time: 8.3s | Frames: 177

📊 PERFORMANCE OVERVIEW:
  FPS: 45.9 avg | 21.0 min
  Frame Time: 41.47 ms avg | 60.59 ms max
  Physics Time: 3.33 ms avg

🔍 BOTTLENECK IDENTIFICATION:
  🔴 [CRITICAL] Frame Time
      Value: 41.47 ms (target: 16.67 ms)
      Impact: Overall performance bottleneck
      Suggestions:
        • Reduce draw calls
        • Optimize scripts in _process()
        • Check for expensive operations per frame

  🟠 [HIGH] Draw Calls
      Value: 3440 calls/frame
      Impact: GPU rendering overhead
      Suggestions:
        • Batch meshes by material
        • Use MultiMeshInstance3D
        • Implement LOD system
        • Enable frustum culling

  🟡 [MEDIUM] Vertex Count
      Value: 52353650 vertices/frame
      Impact: GPU vertex processing
      Suggestions:
        • Implement LOD for distant objects
        • Simplify building meshes
        • Use lower poly models

  🟡 [MEDIUM] Node Count
      Value: 10324 nodes
      Impact: Scene tree traversal overhead
      Suggestions:
        • Unload distant chunks
        • Pool and reuse nodes
        • Flatten hierarchy where possible

  🟡 [MEDIUM] Post-Processing Effects
      Value: SSAO, Glow/Bloom, Volumetric Fog
      Impact: GPU shader overhead
      Suggestions:
        • Reduce SSR quality
        • Disable SSAO on low-end hardware
        • Use simpler fog

📈 DETAILED STATS:
  Draw Calls: 3440 avg | 4159 max
  Vertices: 52353650 avg | 52484569 max
  Physics Bodies: 127
  Nodes: 10324
  VRAM: 710.4 MB

=================================================

OSM: 🌙 NIGHT Window batch -1,0 | night_mgr: CACHED | is_night value: true
OSM: ✅ Finalized window batch -1,0: 728 windows (was 728 draw calls before batching)
OSM: 🌙 NIGHT Window batch -2,0 | night_mgr: CACHED | is_night value: true
OSM: ✅ Finalized window batch -2,0: 96 windows (was 96 draw calls before batching)
OSM: 🌙 NIGHT Window batch -2,-1 | night_mgr: CACHED | is_night value: true
OSM: ✅ Finalized window batch -2,-1: 2311 windows (was 2311 draw calls before batching)
OSM: 🌙 NIGHT Window batch -1,-2 | night_mgr: CACHED | is_night value: true
OSM: ✅ Finalized window batch -1,-2: 5365 windows (was 5365 draw calls before batching)
OSM: 🌙 NIGHT Window batch 1,0 | night_mgr: CACHED | is_night value: true
OSM: ✅ Finalized window batch 1,0: 40 windows (was 40 draw calls before batching)
OSM: 🌙 NIGHT Window batch 1,-1 | night_mgr: CACHED | is_night value: true
OSM: ✅ Finalized window batch 1,-1: 4967 windows (was 4967 draw calls before batching)
OSM: 🌙 NIGHT Window batch 0,-2 | night_mgr: CACHED | is_night value: true
OSM: ✅ Finalized window batch 0,-2: 2148 windows (was 2148 draw calls before batching)
OSM: 🌙 NIGHT Window batch -2,-2 | night_mgr: CACHED | is_night value: true
OSM: ✅ Finalized window batch -2,-2: 5534 windows (was 5534 draw calls before batching)
OSM: 🌙 NIGHT Window batch 1,-2 | night_mgr: CACHED | is_night value: true
OSM: ✅ Finalized window batch 1,-2: 4954 windows (was 4954 draw calls before batching)

=== PERFORMANCE METRICS ===
FPS: 39 | Frame: 23.1 ms (max 148.1) | Physics: 18.1 ms (max 690.3)
Godot Process: 86.54 ms | Physics: 3.90 ms
Objects: 28309 | Nodes: 11611 | Resources: 535
Draw calls: 4414 | Vertices: 56697845 | VRAM: 717.9 MB
Physics bodies: 205 | Collision pairs: 1920
--- System Times ---
  road_batch_finalize_total_-1,-1: 23.87 ms (max 23.87)
  road_batch_finalize_total_-1,-2: 4.99 ms (max 4.99)
  road_batch_finalize_total_-1,0: 20.42 ms (max 20.42)
  road_batch_finalize_total_-2,-1: 25.99 ms (max 25.99)
  road_batch_finalize_total_-2,-2: 18.91 ms (max 18.91)
  road_batch_finalize_total_-2,0: 25.22 ms (max 25.22)
  road_batch_finalize_total_0,-1: 33.61 ms (max 33.61)
  road_batch_finalize_total_0,-2: 30.84 ms (max 30.84)
  road_batch_finalize_total_0,0: 29.39 ms (max 29.39)
  road_batch_finalize_total_0,1: 13.30 ms (max 13.30)
  road_batch_finalize_total_1,-1: 33.95 ms (max 33.95)
  road_batch_finalize_total_1,-2: 7.65 ms (max 7.65)
  road_batch_finalize_total_1,0: 11.16 ms (max 11.16)
  road_collision_create_-1,-1: 7.72 ms (max 17.39)
  road_collision_create_-1,-2: 2.32 ms (max 2.98)
  road_collision_create_-1,0: 9.98 ms (max 17.80)
  road_collision_create_-2,-1: 8.43 ms (max 19.28)
  road_collision_create_-2,-2: 9.21 ms (max 16.57)
  road_collision_create_-2,0: 12.37 ms (max 21.62)
  road_collision_create_0,-1: 10.96 ms (max 27.63)
  road_collision_create_0,-2: 10.04 ms (max 23.89)
  road_collision_create_0,0: 9.58 ms (max 25.68)
  road_collision_create_0,1: 13.06 ms (max 13.06)
  road_collision_create_1,-1: 11.11 ms (max 29.41)
  road_collision_create_1,-2: 3.62 ms (max 4.88)
  road_collision_create_1,0: 10.91 ms (max 10.91)
===========================

=== PERFORMANCE METRICS ===
FPS: 39 | Frame: 23.1 ms (max 148.1) | Physics: 16.2 ms (max 89.7)
Godot Process: 86.54 ms | Physics: 3.90 ms
Objects: 28309 | Nodes: 11611 | Resources: 535
Draw calls: 4414 | Vertices: 56697845 | VRAM: 717.9 MB
Physics bodies: 205 | Collision pairs: 1920
===========================
=== PAZ Model Meshes Debug ===
Total meshes found: 1
  - Mesh: bus_low_Material_006_0 (MeshInstance3D)
PAZ-32053 model setup complete
=== PAZ Model Meshes Debug ===
Total meshes found: 1
  - Mesh: bus_low_Material_006_0 (MeshInstance3D)
PAZ-32053 model setup complete
[PerformanceLogger] Started logging: detailed_test_90s
🚀 Test started!

🚗 Traffic: 15 active NPCs (Near: 4, Mid: 11, Far: 0), 1 pooled
  → Physics bodies from NPCs: 15 (All: 15×1, было бы 15×5=75)

========== Bottleneck Analysis Report ==========
Time: 10.3s | Frames: 263

📊 PERFORMANCE OVERVIEW:
  FPS: 46.4 avg | 39.0 min
  Frame Time: 49.17 ms avg | 86.54 ms max
  Physics Time: 3.85 ms avg

🔍 BOTTLENECK IDENTIFICATION:
  🔴 [CRITICAL] Frame Time
      Value: 49.17 ms (target: 16.67 ms)
      Impact: Overall performance bottleneck
      Suggestions:
        • Reduce draw calls
        • Optimize scripts in _process()
        • Check for expensive operations per frame

  🟠 [HIGH] Draw Calls
      Value: 4312 calls/frame
      Impact: GPU rendering overhead
      Suggestions:
        • Batch meshes by material
        • Use MultiMeshInstance3D
        • Implement LOD system
        • Enable frustum culling

  🟡 [MEDIUM] Vertex Count
      Value: 55484239 vertices/frame
      Impact: GPU vertex processing
      Suggestions:
        • Implement LOD for distant objects
        • Simplify building meshes
        • Use lower poly models

  🟡 [MEDIUM] Physics Bodies
      Value: 195 active bodies
      Impact: Physics engine load
      Suggestions:
        • Reduce NPC count
        • Convert distant NPCs to kinematic
        • Disable physics for far objects

  🟡 [MEDIUM] Node Count
      Value: 12007 nodes
      Impact: Scene tree traversal overhead
      Suggestions:
        • Unload distant chunks
        • Pool and reuse nodes
        • Flatten hierarchy where possible

  🟡 [MEDIUM] Post-Processing Effects
      Value: SSAO, Glow/Bloom, Volumetric Fog
      Impact: GPU shader overhead
      Suggestions:
        • Reduce SSR quality
        • Disable SSAO on low-end hardware
        • Use simpler fog

📈 DETAILED STATS:
  Draw Calls: 4312 avg | 4483 max
  Vertices: 55484239 avg | 56729872 max
  Physics Bodies: 195
  Nodes: 12007
  VRAM: 718.0 MB

=================================================

⚡ FRAME SPIKE #1: 52.8 ms at 1.3s (Draw: 4882, Bodies: 209)
⚡ FRAME SPIKE #2: 33.3 ms at 1.3s (Draw: 4882, Bodies: 209)
⚡ FRAME SPIKE #3: 30.8 ms at 1.3s (Draw: 4876, Bodies: 209)
⚡ FRAME SPIKE #4: 26.3 ms at 1.4s (Draw: 4862, Bodies: 209)
⚡ FRAME SPIKE #5: 25.9 ms at 1.4s (Draw: 4858, Bodies: 209)
⚡ FRAME SPIKE #6: 25.7 ms at 1.5s (Draw: 4859, Bodies: 209)
🚗 Traffic: 17 active NPCs (Near: 5, Mid: 11, Far: 1), 1 pooled
  → Physics bodies from NPCs: 17 (All: 17×1, было бы 17×5=85)

========== Bottleneck Analysis Report ==========
Time: 12.3s | Frames: 352

📊 PERFORMANCE OVERVIEW:
  FPS: 44.6 avg | 39.0 min
  Frame Time: 41.04 ms avg | 86.54 ms max
  Physics Time: 4.21 ms avg

🔍 BOTTLENECK IDENTIFICATION:
  🔴 [CRITICAL] Frame Time
      Value: 41.04 ms (target: 16.67 ms)
      Impact: Overall performance bottleneck
      Suggestions:
        • Reduce draw calls
        • Optimize scripts in _process()
        • Check for expensive operations per frame

  🟠 [HIGH] Draw Calls
      Value: 4571 calls/frame
      Impact: GPU rendering overhead
      Suggestions:
        • Batch meshes by material
        • Use MultiMeshInstance3D
        • Implement LOD system
        • Enable frustum culling

  🟠 [HIGH] Physics Bodies
      Value: 207 active bodies
      Impact: Physics engine load
      Suggestions:
        • Reduce NPC count
        • Convert distant NPCs to kinematic
        • Disable physics for far objects

  🟡 [MEDIUM] Vertex Count
      Value: 56720833 vertices/frame
      Impact: GPU vertex processing
      Suggestions:
        • Implement LOD for distant objects
        • Simplify building meshes
        • Use lower poly models

  🟡 [MEDIUM] Node Count
      Value: 12214 nodes
      Impact: Scene tree traversal overhead
      Suggestions:
        • Unload distant chunks
        • Pool and reuse nodes
        • Flatten hierarchy where possible

  🟡 [MEDIUM] Post-Processing Effects
      Value: SSAO, Glow/Bloom, Volumetric Fog
      Impact: GPU shader overhead
      Suggestions:
        • Reduce SSR quality
        • Disable SSAO on low-end hardware
        • Use simpler fog

📈 DETAILED STATS:
  Draw Calls: 4571 avg | 4882 max
  Vertices: 56720833 avg | 56729836 max
  Physics Bodies: 207
  Nodes: 12214
  VRAM: 718.1 MB

=================================================


=== PERFORMANCE METRICS ===
FPS: 43 | Frame: 22.9 ms (max 91.5) | Physics: 16.7 ms (max 47.1)
Godot Process: 20.88 ms | Physics: 5.11 ms
Objects: 29469 | Nodes: 12256 | Resources: 535
Draw calls: 4748 | Vertices: 56428452 | VRAM: 718.1 MB
Physics bodies: 211 | Collision pairs: 1990
--- System Times ---
  road_batch_finalize_total_-1,-1: 23.87 ms (max 23.87)
  road_batch_finalize_total_-1,-2: 4.99 ms (max 4.99)
  road_batch_finalize_total_-1,0: 20.42 ms (max 20.42)
  road_batch_finalize_total_-2,-1: 25.99 ms (max 25.99)
  road_batch_finalize_total_-2,-2: 18.91 ms (max 18.91)
  road_batch_finalize_total_-2,0: 25.22 ms (max 25.22)
  road_batch_finalize_total_0,-1: 33.61 ms (max 33.61)
  road_batch_finalize_total_0,-2: 30.84 ms (max 30.84)
  road_batch_finalize_total_0,0: 29.39 ms (max 29.39)
  road_batch_finalize_total_0,1: 13.30 ms (max 13.30)
  road_batch_finalize_total_1,-1: 33.95 ms (max 33.95)
  road_batch_finalize_total_1,-2: 7.65 ms (max 7.65)
  road_batch_finalize_total_1,0: 11.16 ms (max 11.16)
  road_collision_create_-1,-1: 7.72 ms (max 17.39)
  road_collision_create_-1,-2: 2.32 ms (max 2.98)
  road_collision_create_-1,0: 9.98 ms (max 17.80)
  road_collision_create_-2,-1: 8.43 ms (max 19.28)
  road_collision_create_-2,-2: 9.21 ms (max 16.57)
  road_collision_create_-2,0: 12.37 ms (max 21.62)
  road_collision_create_0,-1: 10.96 ms (max 27.63)
  road_collision_create_0,-2: 10.04 ms (max 23.89)
  road_collision_create_0,0: 9.58 ms (max 25.68)
  road_collision_create_0,1: 13.06 ms (max 13.06)
  road_collision_create_1,-1: 11.11 ms (max 29.41)
  road_collision_create_1,-2: 3.62 ms (max 4.88)
  road_collision_create_1,0: 10.91 ms (max 10.91)
===========================
🚗 Traffic: 19 active NPCs (Near: 6, Mid: 10, Far: 3), 1 pooled
  → Physics bodies from NPCs: 19 (All: 19×1, было бы 19×5=95)

=== PERFORMANCE METRICS ===
FPS: 43 | Frame: 22.9 ms (max 91.5) | Physics: 16.7 ms (max 47.1)
Godot Process: 20.88 ms | Physics: 5.11 ms
Objects: 29469 | Nodes: 12256 | Resources: 535
Draw calls: 4748 | Vertices: 56428452 | VRAM: 718.1 MB
Physics bodies: 211 | Collision pairs: 1990
===========================

========== Bottleneck Analysis Report ==========
Time: 14.3s | Frames: 439

📊 PERFORMANCE OVERVIEW:
  FPS: 44.1 avg | 43.0 min
  Frame Time: 27.88 ms avg | 40.11 ms max
  Physics Time: 4.62 ms avg

🔍 BOTTLENECK IDENTIFICATION:
  🟠 [HIGH] Frame Time
      Value: 27.88 ms (target: 16.67 ms)
      Impact: Overall performance bottleneck
      Suggestions:
        • Reduce draw calls
        • Optimize scripts in _process()
        • Check for expensive operations per frame

  🟠 [HIGH] Draw Calls
      Value: 4723 calls/frame
      Impact: GPU rendering overhead
      Suggestions:
        • Batch meshes by material
        • Use MultiMeshInstance3D
        • Implement LOD system
        • Enable frustum culling

  🟠 [HIGH] Physics Bodies
      Value: 209 active bodies
      Impact: Physics engine load
      Suggestions:
        • Reduce NPC count
        • Convert distant NPCs to kinematic
        • Disable physics for far objects

  🟡 [MEDIUM] Vertex Count
      Value: 56636179 vertices/frame
      Impact: GPU vertex processing
      Suggestions:
        • Implement LOD for distant objects
        • Simplify building meshes
        • Use lower poly models

  🟡 [MEDIUM] Node Count
      Value: 12256 nodes
      Impact: Scene tree traversal overhead
      Suggestions:
        • Unload distant chunks
        • Pool and reuse nodes
        • Flatten hierarchy where possible

  🟡 [MEDIUM] Post-Processing Effects
      Value: SSAO, Glow/Bloom, Volumetric Fog
      Impact: GPU shader overhead
      Suggestions:
        • Reduce SSR quality
        • Disable SSAO on low-end hardware
        • Use simpler fog

📈 DETAILED STATS:
  Draw Calls: 4723 avg | 4882 max
  Vertices: 56636179 avg | 56726340 max
  Physics Bodies: 209
  Nodes: 12256
  VRAM: 718.1 MB

=================================================

=== PAZ Model Meshes Debug ===
Total meshes found: 1
  - Mesh: bus_low_Material_006_0 (MeshInstance3D)
PAZ-32053 model setup complete
⚡ FRAME SPIKE #7: 26.6 ms at 4.3s (Draw: 5085, Bodies: 213)
⚡ FRAME SPIKE #8: 25.6 ms at 4.4s (Draw: 5094, Bodies: 213)
⚡ FRAME SPIKE #9: 26.3 ms at 4.4s (Draw: 5088, Bodies: 213)
⚡ FRAME SPIKE #10: 27.2 ms at 4.5s (Draw: 5093, Bodies: 213)
⚡ FRAME SPIKE #11: 25.9 ms at 4.5s (Draw: 5087, Bodies: 213)
=== PAZ Model Meshes Debug ===
Total meshes found: 1
  - Mesh: bus_low_Material_006_0 (MeshInstance3D)
PAZ-32053 model setup complete
🚗 Traffic: 22 active NPCs (Near: 6, Mid: 13, Far: 3), 0 pooled
  → Physics bodies from NPCs: 22 (All: 22×1, было бы 22×5=110)

========== Bottleneck Analysis Report ==========
Time: 16.3s | Frames: 521

📊 PERFORMANCE OVERVIEW:
  FPS: 42.3 avg | 41.0 min
  Frame Time: 21.27 ms avg | 21.77 ms max
  Physics Time: 4.97 ms avg

🔍 BOTTLENECK IDENTIFICATION:
  🟠 [HIGH] Frame Time
      Value: 21.27 ms (target: 16.67 ms)
      Impact: Overall performance bottleneck
      Suggestions:
        • Reduce draw calls
        • Optimize scripts in _process()
        • Check for expensive operations per frame

  🟠 [HIGH] Draw Calls
      Value: 4860 calls/frame
      Impact: GPU rendering overhead
      Suggestions:
        • Batch meshes by material
        • Use MultiMeshInstance3D
        • Implement LOD system
        • Enable frustum culling

  🟠 [HIGH] Physics Bodies
      Value: 212 active bodies
      Impact: Physics engine load
      Suggestions:
        • Reduce NPC count
        • Convert distant NPCs to kinematic
        • Disable physics for far objects

  🟡 [MEDIUM] Vertex Count
      Value: 56414236 vertices/frame
      Impact: GPU vertex processing
      Suggestions:
        • Implement LOD for distant objects
        • Simplify building meshes
        • Use lower poly models

  🟡 [MEDIUM] Node Count
      Value: 12304 nodes
      Impact: Scene tree traversal overhead
      Suggestions:
        • Unload distant chunks
        • Pool and reuse nodes
        • Flatten hierarchy where possible

  🟡 [MEDIUM] Post-Processing Effects
      Value: SSAO, Glow/Bloom, Volumetric Fog
      Impact: GPU shader overhead
      Suggestions:
        • Reduce SSR quality
        • Disable SSAO on low-end hardware
        • Use simpler fog

📈 DETAILED STATS:
  Draw Calls: 4860 avg | 5095 max
  Vertices: 56414236 avg | 56624429 max
  Physics Bodies: 212
  Nodes: 12304
  VRAM: 718.9 MB

=================================================

⚡ FRAME SPIKE #12: 42.2 ms at 6.4s (Draw: 5272, Bodies: 217)
⚡ FRAME SPIKE #13: 29.7 ms at 6.4s (Draw: 5276, Bodies: 217)
⚡ FRAME SPIKE #14: 30.0 ms at 6.4s (Draw: 5275, Bodies: 217)
⚡ FRAME SPIKE #15: 29.9 ms at 6.5s (Draw: 5268, Bodies: 217)
⚡ FRAME SPIKE #16: 29.2 ms at 6.5s (Draw: 5269, Bodies: 217)
⚡ FRAME SPIKE #17: 29.2 ms at 6.5s (Draw: 5268, Bodies: 217)
⚡ FRAME SPIKE #18: 29.2 ms at 6.5s (Draw: 5272, Bodies: 217)
⚡ FRAME SPIKE #19: 29.2 ms at 6.6s (Draw: 5274, Bodies: 217)
⚡ FRAME SPIKE #20: 28.7 ms at 6.6s (Draw: 5273, Bodies: 217)
⚡ FRAME SPIKE #21: 28.2 ms at 6.6s (Draw: 5270, Bodies: 217)
⚡ FRAME SPIKE #22: 28.3 ms at 6.7s (Draw: 5276, Bodies: 217)
⚡ FRAME SPIKE #23: 28.5 ms at 6.7s (Draw: 5277, Bodies: 217)
⚡ FRAME SPIKE #24: 27.4 ms at 6.7s (Draw: 5274, Bodies: 217)
⚡ FRAME SPIKE #25: 28.5 ms at 6.8s (Draw: 5276, Bodies: 217)
⚡ FRAME SPIKE #26: 27.8 ms at 6.8s (Draw: 5274, Bodies: 217)
⚡ FRAME SPIKE #27: 26.7 ms at 6.9s (Draw: 5278, Bodies: 217)
⚡ FRAME SPIKE #28: 25.0 ms at 6.9s (Draw: 5280, Bodies: 217)
⚡ FRAME SPIKE #29: 29.1 ms at 6.9s (Draw: 5286, Bodies: 217)
⚡ FRAME SPIKE #30: 26.7 ms at 7.0s (Draw: 5286, Bodies: 217)
⚡ FRAME SPIKE #31: 26.7 ms at 7.0s (Draw: 5285, Bodies: 217)
⚡ FRAME SPIKE #32: 25.1 ms at 7.0s (Draw: 5284, Bodies: 217)
⚡ FRAME SPIKE #33: 26.4 ms at 7.1s (Draw: 5286, Bodies: 217)
⚡ FRAME SPIKE #34: 25.9 ms at 7.1s (Draw: 5282, Bodies: 217)
⚡ FRAME SPIKE #35: 25.7 ms at 7.1s (Draw: 5284, Bodies: 217)
⚡ FRAME SPIKE #36: 25.8 ms at 7.2s (Draw: 5279, Bodies: 217)
⚡ FRAME SPIKE #37: 25.8 ms at 7.2s (Draw: 5279, Bodies: 217)
⚡ FRAME SPIKE #38: 26.8 ms at 7.2s (Draw: 5279, Bodies: 217)
⚡ FRAME SPIKE #39: 25.8 ms at 7.2s (Draw: 5282, Bodies: 217)
⚡ FRAME SPIKE #40: 25.8 ms at 7.3s (Draw: 5282, Bodies: 217)
⚡ FRAME SPIKE #41: 25.8 ms at 7.3s (Draw: 5284, Bodies: 217)
⚡ FRAME SPIKE #42: 25.8 ms at 7.3s (Draw: 5282, Bodies: 217)
=== PAZ Model Meshes Debug ===
Total meshes found: 1
  - Mesh: bus_low_Material_006_0 (MeshInstance3D)
PAZ-32053 model setup complete
⚡ FRAME SPIKE #43: 25.9 ms at 7.3s (Draw: 5546, Bodies: 219)
⚡ FRAME SPIKE #44: 54.1 ms at 7.4s (Draw: 5549, Bodies: 219)
⚡ FRAME SPIKE #45: 34.2 ms at 7.4s (Draw: 5545, Bodies: 219)
⚡ FRAME SPIKE #46: 34.3 ms at 7.5s (Draw: 5541, Bodies: 219)
⚡ FRAME SPIKE #47: 37.9 ms at 7.5s (Draw: 5546, Bodies: 219)
⚡ FRAME SPIKE #48: 29.7 ms at 7.5s (Draw: 5556, Bodies: 219)
⚡ FRAME SPIKE #49: 29.4 ms at 7.6s (Draw: 5563, Bodies: 219)
⚡ FRAME SPIKE #50: 25.1 ms at 7.6s (Draw: 5562, Bodies: 219)
⚡ FRAME SPIKE #51: 29.9 ms at 7.6s (Draw: 5554, Bodies: 219)
⚡ FRAME SPIKE #52: 28.6 ms at 7.6s (Draw: 5558, Bodies: 219)
⚡ FRAME SPIKE #53: 26.0 ms at 7.7s (Draw: 5557, Bodies: 219)
⚡ FRAME SPIKE #54: 29.1 ms at 7.7s (Draw: 5563, Bodies: 219)
⚡ FRAME SPIKE #55: 28.3 ms at 7.7s (Draw: 5567, Bodies: 219)
⚡ FRAME SPIKE #56: 25.3 ms at 7.7s (Draw: 5568, Bodies: 219)
⚡ FRAME SPIKE #57: 28.3 ms at 7.8s (Draw: 5571, Bodies: 219)
⚡ FRAME SPIKE #58: 27.8 ms at 7.8s (Draw: 5574, Bodies: 219)
⚡ FRAME SPIKE #59: 27.8 ms at 7.8s (Draw: 5576, Bodies: 219)
⚡ FRAME SPIKE #60: 27.8 ms at 7.9s (Draw: 5582, Bodies: 219)
⚡ FRAME SPIKE #61: 27.8 ms at 7.9s (Draw: 5580, Bodies: 219)
⚡ FRAME SPIKE #62: 27.8 ms at 7.9s (Draw: 5576, Bodies: 219)
⚡ FRAME SPIKE #63: 27.8 ms at 7.9s (Draw: 5572, Bodies: 219)
⚡ FRAME SPIKE #64: 28.3 ms at 8.0s (Draw: 5584, Bodies: 219)
⚡ FRAME SPIKE #65: 27.8 ms at 8.0s (Draw: 5584, Bodies: 219)
⚡ FRAME SPIKE #66: 27.8 ms at 8.0s (Draw: 5586, Bodies: 219)
⚡ FRAME SPIKE #67: 28.3 ms at 8.1s (Draw: 5596, Bodies: 219)
🚗 Traffic: 27 active NPCs (Near: 6, Mid: 19, Far: 2), 1 pooled
  → Physics bodies from NPCs: 27 (All: 27×1, было бы 27×5=135)

========== Bottleneck Analysis Report ==========
Time: 18.3s | Frames: 594

📊 PERFORMANCE OVERVIEW:
  FPS: 39.9 avg | 35.0 min
  Frame Time: 30.17 ms avg | 45.07 ms max
  Physics Time: 5.18 ms avg

🔍 BOTTLENECK IDENTIFICATION:
  🟠 [HIGH] Frame Time
      Value: 30.17 ms (target: 16.67 ms)
      Impact: Overall performance bottleneck
      Suggestions:
        • Reduce draw calls
        • Optimize scripts in _process()
        • Check for expensive operations per frame

  🟠 [HIGH] Draw Calls
      Value: 5157 calls/frame
      Impact: GPU rendering overhead
      Suggestions:
        • Batch meshes by material
        • Use MultiMeshInstance3D
        • Implement LOD system
        • Enable frustum culling

  🟠 [HIGH] Physics Bodies
      Value: 215 active bodies
      Impact: Physics engine load
      Suggestions:
        • Reduce NPC count
        • Convert distant NPCs to kinematic
        • Disable physics for far objects

  🟡 [MEDIUM] Physics Time
      Value: 5.18 ms
      Impact: Physics simulation overhead
      Suggestions:
        • Reduce number of active physics bodies
        • Simplify collision shapes
        • Disable physics for distant objects

  🟡 [MEDIUM] Vertex Count
      Value: 56252421 vertices/frame
      Impact: GPU vertex processing
      Suggestions:
        • Implement LOD for distant objects
        • Simplify building meshes
        • Use lower poly models

  🟡 [MEDIUM] Node Count
      Value: 12747 nodes
      Impact: Scene tree traversal overhead
      Suggestions:
        • Unload distant chunks
        • Pool and reuse nodes
        • Flatten hierarchy where possible

  🟡 [MEDIUM] Post-Processing Effects
      Value: SSAO, Glow/Bloom, Volumetric Fog
      Impact: GPU shader overhead
      Suggestions:
        • Reduce SSR quality
        • Disable SSAO on low-end hardware
        • Use simpler fog

📈 DETAILED STATS:
  Draw Calls: 5157 avg | 5596 max
  Vertices: 56252421 avg | 56383421 max
  Physics Bodies: 215
  Nodes: 12747
  VRAM: 718.9 MB

=================================================

⚡ FRAME SPIKE #68: 27.8 ms at 8.1s (Draw: 5591, Bodies: 219)
⚡ FRAME SPIKE #69: 28.3 ms at 8.1s (Draw: 5597, Bodies: 219)
⚡ FRAME SPIKE #70: 29.0 ms at 8.1s (Draw: 5586, Bodies: 219)
⚡ FRAME SPIKE #71: 28.3 ms at 8.2s (Draw: 5570, Bodies: 219)
⚡ FRAME SPIKE #72: 28.3 ms at 8.2s (Draw: 5561, Bodies: 219)
⚡ FRAME SPIKE #73: 28.3 ms at 8.2s (Draw: 5560, Bodies: 219)

========== PERFORMANCE METRICS ==========
Frames: 600
  total_frame: avg=1.84 ms, median=0.04 ms, max=103.84 ms, calls=600, total=1101.5 ms
  road_queue: avg=1.06 ms, median=0.01 ms, max=34.00 ms, calls=600, total=634.3 ms
  road_batch_finalize: avg=21.52 ms, median=23.90 ms, max=33.99 ms, calls=13, total=279.7 ms
  curb_mesh: avg=0.27 ms, median=0.00 ms, max=12.14 ms, calls=552, total=149.1 ms
  terrain_queue: avg=0.24 ms, median=0.00 ms, max=78.61 ms, calls=600, total=145.1 ms
  road_create: avg=0.29 ms, median=0.16 ms, max=9.86 ms, calls=458, total=130.9 ms
  terrain_leisure: avg=6.99 ms, median=0.13 ms, max=77.63 ms, calls=18, total=125.9 ms
  building_results: avg=0.18 ms, median=0.00 ms, max=1.18 ms, calls=600, total=109.6 ms
  infra_queue: avg=0.17 ms, median=0.00 ms, max=1.24 ms, calls=600, total=100.7 ms
  curb_collisions: avg=0.10 ms, median=0.00 ms, max=1.74 ms, calls=600, total=59.5 ms
  building_sort: avg=0.33 ms, median=0.20 ms, max=0.92 ms, calls=166, total=54.8 ms
  infra_yield_sign: avg=0.29 ms, median=0.30 ms, max=0.47 ms, calls=169, total=49.3 ms
  building_apply: avg=0.26 ms, median=0.26 ms, max=0.40 ms, calls=176, total=46.1 ms
  vegetation_queue: avg=0.07 ms, median=0.00 ms, max=20.88 ms, calls=600, total=40.1 ms
  veg_trees: avg=9.86 ms, median=14.52 ms, max=20.87 ms, calls=4, total=39.4 ms
  infra_sort: avg=0.25 ms, median=0.17 ms, max=0.77 ms, calls=157, total=39.3 ms
  window_batch_finalize: avg=2.64 ms, median=2.13 ms, max=13.16 ms, calls=11, total=29.0 ms
  road_sort: avg=1.23 ms, median=1.32 ms, max=2.78 ms, calls=18, total=22.1 ms
  terrain_landuse: avg=0.11 ms, median=0.10 ms, max=0.46 ms, calls=78, total=8.4 ms
  terrain_sort: avg=0.21 ms, median=0.19 ms, max=0.46 ms, calls=39, total=8.2 ms
  curb_smooth: avg=0.03 ms, median=0.03 ms, max=0.20 ms, calls=252, total=8.1 ms
  infra_parking_sign: avg=0.39 ms, median=0.40 ms, max=0.45 ms, calls=13, total=5.1 ms
  infra_traffic_light: avg=0.54 ms, median=0.55 ms, max=0.64 ms, calls=8, total=4.3 ms
  curb_latlon: avg=0.01 ms, median=0.01 ms, max=0.04 ms, calls=252, total=2.8 ms
  terrain_natural: avg=0.07 ms, median=0.07 ms, max=0.07 ms, calls=1, total=0.1 ms
  veg_bushes_grass: avg=0.02 ms, median=0.01 ms, max=0.02 ms, calls=4, total=0.1 ms
==========================================


========== DRAW CALL BREAKDOWN ==========
Total tracked draw calls: 908

  Vegetation  :   370 ( 40.7%) ████████
  Buildings   :   350 ( 38.5%) ███████
  Terrain     :    97 ( 10.7%) ██
  Roads       :    30 (  3.3%) 
  Signs       :    26 (  2.9%) 
  Lamps       :    24 (  2.6%) 
  Windows     :    11 (  1.2%) 

💡 RECOMMENDATIONS:
  🔴 Buildings: 38.5% of draw calls
     → Implement MultiMeshInstance3D for building base meshes
=========================================

⚡ FRAME SPIKE #74: 28.3 ms at 8.3s (Draw: 5560, Bodies: 219)
⚡ FRAME SPIKE #75: 28.3 ms at 8.3s (Draw: 5565, Bodies: 219)
⚡ FRAME SPIKE #76: 28.3 ms at 8.3s (Draw: 5571, Bodies: 219)
⚡ FRAME SPIKE #77: 28.3 ms at 8.3s (Draw: 5576, Bodies: 219)
⚡ FRAME SPIKE #78: 28.3 ms at 8.4s (Draw: 5580, Bodies: 219)
⚡ FRAME SPIKE #79: 28.3 ms at 8.4s (Draw: 5568, Bodies: 219)
⚡ FRAME SPIKE #80: 28.3 ms at 8.4s (Draw: 5484, Bodies: 219)
⚡ FRAME SPIKE #81: 28.3 ms at 8.5s (Draw: 5341, Bodies: 219)
⚡ FRAME SPIKE #82: 28.3 ms at 8.5s (Draw: 5300, Bodies: 219)
⚡ FRAME SPIKE #83: 28.3 ms at 8.5s (Draw: 5186, Bodies: 219)
⚡ FRAME SPIKE #84: 28.3 ms at 8.5s (Draw: 5074, Bodies: 219)
⚡ FRAME SPIKE #85: 28.3 ms at 8.6s (Draw: 5047, Bodies: 219)
⚡ FRAME SPIKE #86: 28.3 ms at 8.6s (Draw: 4983, Bodies: 219)
⚡ FRAME SPIKE #87: 28.3 ms at 8.6s (Draw: 4986, Bodies: 219)
⚡ FRAME SPIKE #88: 27.8 ms at 8.6s (Draw: 4993, Bodies: 219)
⚡ FRAME SPIKE #89: 27.8 ms at 8.7s (Draw: 4995, Bodies: 219)
⚡ FRAME SPIKE #90: 27.8 ms at 8.7s (Draw: 4995, Bodies: 219)
⚡ FRAME SPIKE #91: 27.8 ms at 8.7s (Draw: 4989, Bodies: 219)
⚡ FRAME SPIKE #92: 27.8 ms at 8.8s (Draw: 4991, Bodies: 219)
⚡ FRAME SPIKE #93: 27.8 ms at 8.8s (Draw: 4983, Bodies: 219)
⚡ FRAME SPIKE #94: 27.8 ms at 8.8s (Draw: 4981, Bodies: 219)
⚡ FRAME SPIKE #95: 27.8 ms at 8.8s (Draw: 4973, Bodies: 219)
⚡ FRAME SPIKE #96: 27.8 ms at 8.9s (Draw: 4975, Bodies: 219)
⚡ FRAME SPIKE #97: 27.8 ms at 8.9s (Draw: 4974, Bodies: 219)
⚡ FRAME SPIKE #98: 27.8 ms at 8.9s (Draw: 4975, Bodies: 219)
⚡ FRAME SPIKE #99: 27.8 ms at 9.0s (Draw: 4963, Bodies: 219)
⚡ FRAME SPIKE #100: 26.9 ms at 9.0s (Draw: 4960, Bodies: 219)
⚡ FRAME SPIKE #101: 27.8 ms at 9.0s (Draw: 4949, Bodies: 219)
⚡ FRAME SPIKE #102: 27.8 ms at 9.0s (Draw: 4948, Bodies: 219)

=== PERFORMANCE METRICS ===
FPS: 36 | Frame: 25.1 ms (max 54.1) | Physics: 16.7 ms (max 50.4)
Godot Process: 20.93 ms | Physics: 5.67 ms
Objects: 30309 | Nodes: 12747 | Resources: 535
Draw calls: 4948 | Vertices: 56031229 | VRAM: 718.9 MB
Physics bodies: 219 | Collision pairs: 2103
--- System Times ---
  road_batch_finalize_total_-1,-1: 23.87 ms (max 23.87)
  road_batch_finalize_total_-1,-2: 4.99 ms (max 4.99)
  road_batch_finalize_total_-1,0: 20.42 ms (max 20.42)
  road_batch_finalize_total_-2,-1: 25.99 ms (max 25.99)
  road_batch_finalize_total_-2,-2: 18.91 ms (max 18.91)
  road_batch_finalize_total_-2,0: 25.22 ms (max 25.22)
  road_batch_finalize_total_0,-1: 33.61 ms (max 33.61)
  road_batch_finalize_total_0,-2: 30.84 ms (max 30.84)
  road_batch_finalize_total_0,0: 29.39 ms (max 29.39)
  road_batch_finalize_total_0,1: 13.30 ms (max 13.30)
  road_batch_finalize_total_1,-1: 33.95 ms (max 33.95)
  road_batch_finalize_total_1,-2: 7.65 ms (max 7.65)
  road_batch_finalize_total_1,0: 11.16 ms (max 11.16)
  road_collision_create_-1,-1: 7.72 ms (max 17.39)
  road_collision_create_-1,-2: 2.32 ms (max 2.98)
  road_collision_create_-1,0: 9.98 ms (max 17.80)
  road_collision_create_-2,-1: 8.43 ms (max 19.28)
  road_collision_create_-2,-2: 9.21 ms (max 16.57)
  road_collision_create_-2,0: 12.37 ms (max 21.62)
  road_collision_create_0,-1: 10.96 ms (max 27.63)
  road_collision_create_0,-2: 10.04 ms (max 23.89)
  road_collision_create_0,0: 9.58 ms (max 25.68)
  road_collision_create_0,1: 13.06 ms (max 13.06)
  road_collision_create_1,-1: 11.11 ms (max 29.41)
  road_collision_create_1,-2: 3.62 ms (max 4.88)
  road_collision_create_1,0: 10.91 ms (max 10.91)
===========================

=== PERFORMANCE METRICS ===
FPS: 36 | Frame: 25.1 ms (max 54.1) | Physics: 16.7 ms (max 50.4)
Godot Process: 20.93 ms | Physics: 5.67 ms
Objects: 30309 | Nodes: 12747 | Resources: 535
Draw calls: 4948 | Vertices: 56031229 | VRAM: 718.9 MB
Physics bodies: 219 | Collision pairs: 2103
===========================
⚡ FRAME SPIKE #103: 28.0 ms at 9.1s (Draw: 4953, Bodies: 219)
⚡ FRAME SPIKE #104: 27.8 ms at 9.1s (Draw: 4957, Bodies: 219)
⚡ FRAME SPIKE #105: 27.3 ms at 9.2s (Draw: 4978, Bodies: 219)
⚡ FRAME SPIKE #106: 25.4 ms at 9.2s (Draw: 4967, Bodies: 219)
⚡ FRAME SPIKE #107: 26.7 ms at 9.2s (Draw: 4965, Bodies: 219)
⚡ FRAME SPIKE #108: 27.0 ms at 9.3s (Draw: 4934, Bodies: 219)
⚡ FRAME SPIKE #109: 26.7 ms at 9.3s (Draw: 4920, Bodies: 219)
⚡ FRAME SPIKE #110: 25.3 ms at 9.3s (Draw: 4832, Bodies: 219)
⚡ FRAME SPIKE #111: 26.4 ms at 9.4s (Draw: 4765, Bodies: 219)
⚡ FRAME SPIKE #112: 25.2 ms at 9.4s (Draw: 4723, Bodies: 219)
⚡ FRAME SPIKE #113: 29.8 ms at 9.4s (Draw: 4620, Bodies: 218)
⚡ FRAME SPIKE #114: 26.4 ms at 9.4s (Draw: 4652, Bodies: 218)
⚡ FRAME SPIKE #115: 26.4 ms at 9.5s (Draw: 4661, Bodies: 218)
⚡ FRAME SPIKE #116: 26.7 ms at 9.5s (Draw: 4665, Bodies: 218)
⚡ FRAME SPIKE #117: 26.4 ms at 9.5s (Draw: 4675, Bodies: 218)
⚡ FRAME SPIKE #118: 27.5 ms at 9.5s (Draw: 4753, Bodies: 218)
⚡ FRAME SPIKE #119: 26.7 ms at 9.6s (Draw: 4804, Bodies: 218)
⚡ FRAME SPIKE #120: 26.7 ms at 9.6s (Draw: 4799, Bodies: 218)
⚡ FRAME SPIKE #121: 26.7 ms at 9.6s (Draw: 4797, Bodies: 218)
⚡ FRAME SPIKE #122: 26.7 ms at 9.6s (Draw: 4789, Bodies: 218)
⚡ FRAME SPIKE #123: 26.7 ms at 9.7s (Draw: 4814, Bodies: 218)
⚡ FRAME SPIKE #124: 26.8 ms at 9.7s (Draw: 4877, Bodies: 218)
⚡ FRAME SPIKE #125: 26.7 ms at 9.7s (Draw: 4874, Bodies: 218)
⚡ FRAME SPIKE #126: 27.3 ms at 9.8s (Draw: 4864, Bodies: 218)
⚡ FRAME SPIKE #127: 26.7 ms at 9.8s (Draw: 4835, Bodies: 218)
⚡ FRAME SPIKE #128: 27.2 ms at 9.8s (Draw: 4768, Bodies: 218)
⚡ FRAME SPIKE #129: 28.2 ms at 9.8s (Draw: 4759, Bodies: 218)
⚡ FRAME SPIKE #130: 26.7 ms at 9.9s (Draw: 4741, Bodies: 218)
⚡ FRAME SPIKE #131: 27.2 ms at 9.9s (Draw: 4718, Bodies: 218)
⚡ FRAME SPIKE #132: 26.7 ms at 9.9s (Draw: 4713, Bodies: 218)
⚡ FRAME SPIKE #133: 26.7 ms at 9.9s (Draw: 4647, Bodies: 218)
⚡ FRAME SPIKE #134: 26.7 ms at 10.0s (Draw: 4539, Bodies: 218)
⚡ FRAME SPIKE #135: 26.7 ms at 10.0s (Draw: 4529, Bodies: 218)
⚡ FRAME SPIKE #136: 26.7 ms at 10.0s (Draw: 4521, Bodies: 217)
⚡ FRAME SPIKE #137: 26.7 ms at 10.0s (Draw: 4523, Bodies: 217)
⚡ FRAME SPIKE #138: 26.7 ms at 10.1s (Draw: 4542, Bodies: 217)
🚗 Traffic: 25 active NPCs (Near: 6, Mid: 15, Far: 4), 3 pooled
  → Physics bodies from NPCs: 25 (All: 25×1, было бы 25×5=125)

========== Bottleneck Analysis Report ==========
Time: 20.4s | Frames: 668

📊 PERFORMANCE OVERVIEW:
  FPS: 36.7 avg | 35.0 min
  Frame Time: 34.99 ms avg | 45.07 ms max
  Physics Time: 5.58 ms avg

🔍 BOTTLENECK IDENTIFICATION:
  🔴 [CRITICAL] Frame Time
      Value: 34.99 ms (target: 16.67 ms)
      Impact: Overall performance bottleneck
      Suggestions:
        • Reduce draw calls
        • Optimize scripts in _process()
        • Check for expensive operations per frame

  🟠 [HIGH] Draw Calls
      Value: 5161 calls/frame
      Impact: GPU rendering overhead
      Suggestions:
        • Batch meshes by material
        • Use MultiMeshInstance3D
        • Implement LOD system
        • Enable frustum culling

  🟠 [HIGH] Physics Bodies
      Value: 218 active bodies
      Impact: Physics engine load
      Suggestions:
        • Reduce NPC count
        • Convert distant NPCs to kinematic
        • Disable physics for far objects

  🟡 [MEDIUM] Physics Time
      Value: 5.58 ms
      Impact: Physics simulation overhead
      Suggestions:
        • Reduce number of active physics bodies
        • Simplify collision shapes
        • Disable physics for distant objects

  🟡 [MEDIUM] Vertex Count
      Value: 54882994 vertices/frame
      Impact: GPU vertex processing
      Suggestions:
        • Implement LOD for distant objects
        • Simplify building meshes
        • Use lower poly models

  🟡 [MEDIUM] Node Count
      Value: 12747 nodes
      Impact: Scene tree traversal overhead
      Suggestions:
        • Unload distant chunks
        • Pool and reuse nodes
        • Flatten hierarchy where possible

  🟡 [MEDIUM] Post-Processing Effects
      Value: SSAO, Glow/Bloom, Volumetric Fog
      Impact: GPU shader overhead
      Suggestions:
        • Reduce SSR quality
        • Disable SSAO on low-end hardware
        • Use simpler fog

📈 DETAILED STATS:
  Draw Calls: 5161 avg | 5597 max
  Vertices: 54882994 avg | 56226931 max
  Physics Bodies: 218
  Nodes: 12747
  VRAM: 718.9 MB

=================================================

⚡ FRAME SPIKE #139: 26.7 ms at 10.1s (Draw: 4573, Bodies: 217)
⚡ FRAME SPIKE #140: 26.7 ms at 10.1s (Draw: 4628, Bodies: 217)
⚡ FRAME SPIKE #141: 26.7 ms at 10.2s (Draw: 4706, Bodies: 217)
⚡ FRAME SPIKE #142: 26.7 ms at 10.2s (Draw: 4706, Bodies: 217)
⚡ FRAME SPIKE #143: 26.7 ms at 10.2s (Draw: 4710, Bodies: 217)
⚡ FRAME SPIKE #144: 26.7 ms at 10.2s (Draw: 4706, Bodies: 217)
⚡ FRAME SPIKE #145: 26.4 ms at 10.3s (Draw: 4698, Bodies: 217)
⚡ FRAME SPIKE #146: 26.7 ms at 10.3s (Draw: 4656, Bodies: 217)
⚡ FRAME SPIKE #147: 26.4 ms at 10.3s (Draw: 4619, Bodies: 217)
⚡ FRAME SPIKE #148: 26.7 ms at 10.3s (Draw: 4551, Bodies: 217)
⚡ FRAME SPIKE #149: 26.7 ms at 10.4s (Draw: 4882, Bodies: 220)
⚡ FRAME SPIKE #150: 26.7 ms at 10.4s (Draw: 4847, Bodies: 220)
⚡ FRAME SPIKE #151: 26.7 ms at 10.4s (Draw: 4666, Bodies: 220)
⚡ FRAME SPIKE #152: 26.7 ms at 10.4s (Draw: 4650, Bodies: 220)
⚡ FRAME SPIKE #153: 26.7 ms at 10.5s (Draw: 4642, Bodies: 220)
⚡ FRAME SPIKE #154: 26.7 ms at 10.5s (Draw: 4635, Bodies: 220)
⚡ FRAME SPIKE #155: 26.7 ms at 10.5s (Draw: 4667, Bodies: 220)
⚡ FRAME SPIKE #156: 26.7 ms at 10.6s (Draw: 4722, Bodies: 219)
⚡ FRAME SPIKE #157: 26.4 ms at 10.6s (Draw: 4719, Bodies: 219)
⚡ FRAME SPIKE #158: 26.7 ms at 10.6s (Draw: 4668, Bodies: 219)
⚡ FRAME SPIKE #159: 26.7 ms at 10.6s (Draw: 4605, Bodies: 219)
⚡ FRAME SPIKE #160: 26.4 ms at 10.7s (Draw: 4566, Bodies: 219)
⚡ FRAME SPIKE #161: 26.4 ms at 10.7s (Draw: 4441, Bodies: 219)
⚡ FRAME SPIKE #162: 26.4 ms at 10.7s (Draw: 4399, Bodies: 219)
⚡ FRAME SPIKE #163: 25.0 ms at 10.7s (Draw: 4327, Bodies: 219)
⚡ FRAME SPIKE #164: 26.4 ms at 10.8s (Draw: 4318, Bodies: 219)
⚡ FRAME SPIKE #165: 26.4 ms at 10.8s (Draw: 4395, Bodies: 219)
⚡ FRAME SPIKE #166: 26.4 ms at 10.8s (Draw: 4432, Bodies: 219)
⚡ FRAME SPIKE #167: 26.4 ms at 10.8s (Draw: 4437, Bodies: 219)
⚡ FRAME SPIKE #168: 26.4 ms at 10.9s (Draw: 4450, Bodies: 219)
OSM: Loading chunk -1,-3 at lat=59.1235, lon=37.8974
OSM: Loaded from cache: osm_v2_59.1235_37.8974_250.json
OSM: Loading chunk 0,-3 at lat=59.1235, lon=37.9026
OSM: Loaded from cache: osm_v2_59.1235_37.9026_250.json
OSM: Chunk -1,-3 data loaded
OSM: Found 2 entrance nodes in chunk
OSM: Found 10 POI nodes in chunk
POI_DEBUG: Found 'unknown' inside building at local (-132.4, -816.5)
BusinessSign: Found logo for 'втб' -> res://textures/brand_logos/vtb.png
POI_DEBUG: Found 'Ozon' inside building at local (-208.3, -750.2)
BusinessSign: Found logo for 'ozon' -> res://textures/brand_logos/ozon.png
POI_DEBUG: Found 'Сбербанк' inside building at local (-151.6, -859.4)
BusinessSign: Found logo for 'сбербанк' -> res://textures/brand_logos/sberbank.png
Loading resource: res://textures/brand_logos/sberbank.png
Loading resource: res://.godot/imported/sberbank.png-01daec8b385e47dc915e5db06368ee2f.ctex
BusinessSign: Found logo for 'сбербанк' -> res://textures/brand_logos/sberbank.png
POI_DEBUG: Found 'Ozon' inside building at local (-59.7, -662.5)
BusinessSign: Found logo for 'ozon' -> res://textures/brand_logos/ozon.png
OSM: Generated 38 roads, 35 buildings, 0 trees, 0 signs, 0 lamps, 28 intersections
OSM: Marked chunk '-1,-3' for road batch finalization
OSM: Post-initial chunk loaded, pending_lamps=0
OSM: _create_pending_lamps started, count=0
OSM: No pending lamps
OSM: Chunk 0,-3 data loaded
OSM: Found 14 POI nodes in chunk
POI_DEBUG: Found 'Антей' inside building at local (29.3, -584.4)
OSM: Generated 79 roads, 17 buildings, 0 trees, 0 signs, 0 lamps, 37 intersections
OSM: Marked chunk '0,-3' for road batch finalization
OSM: Post-initial chunk loaded, pending_lamps=0
OSM: _create_pending_lamps started, count=0
OSM: No pending lamps
⚡ FRAME SPIKE #169: 84.7 ms at 10.9s (Draw: 4547, Bodies: 224)
OSM: DEBUG _add_road_to_batch - first road for chunk '0,-3', parent.name='Chunk_0,-3'
OSM: DEBUG _add_road_to_batch - first road for chunk '-1,-3', parent.name='Chunk_-1,-3'
⚡ FRAME SPIKE #170: 59.8 ms at 11.0s (Draw: 4692, Bodies: 225)
⚠️ SLOW FRAME 10.9ms: building=0.5 road=9.6 terrain=0.3 infra=0.5 veg=0.0 curb=0.0ms
⚡ FRAME SPIKE #171: 56.9 ms at 11.0s (Draw: 4648, Bodies: 226)
⚡ FRAME SPIKE #172: 40.5 ms at 11.1s (Draw: 4599, Bodies: 227)
⚡ FRAME SPIKE #173: 37.5 ms at 11.1s (Draw: 4546, Bodies: 228)
⚡ FRAME SPIKE #174: 34.3 ms at 11.2s (Draw: 4346, Bodies: 229)
⚡ FRAME SPIKE #175: 35.1 ms at 11.2s (Draw: 4270, Bodies: 230)
⚡ FRAME SPIKE #176: 36.7 ms at 11.2s (Draw: 4282, Bodies: 231)
⚠️ SLOW FRAME 11.9ms: building=0.4 road=7.2 terrain=0.2 infra=0.5 veg=3.5 curb=0.0ms
⚡ FRAME SPIKE #177: 37.5 ms at 11.3s (Draw: 4234, Bodies: 232)
⚡ FRAME SPIKE #178: 36.7 ms at 11.3s (Draw: 4092, Bodies: 233)
🔴 FREEZE: road collision shape creation took 28.5 ms for chunk -1,-3 (type: residential)
OSM: ✅ Finalized road batch -1,-3/residential: 2166 vertices, 2110 triangles, material: <ImageTexture#-9223371972648368119>
OSM: ✅ Finalized road batch -1,-3/path: 792 vertices, 776 triangles, material: <ImageTexture#-9223371972547704822>
OSM: ✅ Finalized road batch -1,-3/primary: 410 vertices, 406 triangles, material: <ImageTexture#-9223371972749031416>
⚠️ SLOW: road batch finalization took 33.6 ms for chunk -1,-3
⚠️ SLOW FRAME 57.2ms: building=0.4 road=33.7 terrain=0.2 infra=0.4 veg=22.5 curb=0.0ms
⚡ FRAME SPIKE #179: 86.2 ms at 11.4s (Draw: 4137, Bodies: 234)
🔴 FREEZE: road collision shape creation took 5.9 ms for chunk 0,-3 (type: path)
OSM: ✅ Finalized road batch 0,-3/path: 2286 vertices, 2210 triangles, material: <ImageTexture#-9223371972547704822>
OSM: ✅ Finalized road batch 0,-3/primary: 962 vertices, 944 triangles, material: <ImageTexture#-9223371972749031416>
OSM: ✅ Finalized road batch 0,-3/residential: 1688 vertices, 1624 triangles, material: <ImageTexture#-9223371972648368119>
⚠️ SLOW: road batch finalization took 13.1 ms for chunk 0,-3
⚠️ SLOW FRAME 14.3ms: building=0.5 road=13.2 terrain=0.2 infra=0.4 veg=0.0 curb=0.0ms
⚡ FRAME SPIKE #180: 62.1 ms at 11.4s (Draw: 4607, Bodies: 236)
⚠️ SLOW FRAME 18.5ms: building=0.4 road=1.0 terrain=0.2 infra=0.8 veg=15.7 curb=0.3ms
⚡ FRAME SPIKE #181: 63.0 ms at 11.5s (Draw: 4610, Bodies: 236)
⚡ FRAME SPIKE #182: 52.5 ms at 11.6s (Draw: 4674, Bodies: 237)
⚡ FRAME SPIKE #183: 33.4 ms at 11.6s (Draw: 4667, Bodies: 238)
⚡ FRAME SPIKE #184: 33.8 ms at 11.7s (Draw: 4656, Bodies: 239)
⚡ FRAME SPIKE #185: 37.5 ms at 11.7s (Draw: 4650, Bodies: 240)
⚡ FRAME SPIKE #186: 36.7 ms at 11.7s (Draw: 4586, Bodies: 241)
⚡ FRAME SPIKE #187: 34.2 ms at 11.8s (Draw: 4536, Bodies: 242)
⚡ FRAME SPIKE #188: 32.0 ms at 11.8s (Draw: 4497, Bodies: 243)
⚡ FRAME SPIKE #189: 33.3 ms at 11.8s (Draw: 4428, Bodies: 243)
⚡ FRAME SPIKE #190: 30.8 ms at 11.9s (Draw: 4261, Bodies: 244)
⚡ FRAME SPIKE #191: 31.3 ms at 11.9s (Draw: 4115, Bodies: 245)
⚡ FRAME SPIKE #192: 31.0 ms at 11.9s (Draw: 4022, Bodies: 246)
⚡ FRAME SPIKE #193: 32.7 ms at 12.0s (Draw: 3983, Bodies: 247)
⚡ FRAME SPIKE #194: 30.7 ms at 12.0s (Draw: 3974, Bodies: 247)
⚡ FRAME SPIKE #195: 29.8 ms at 12.0s (Draw: 3980, Bodies: 248)
⚡ FRAME SPIKE #196: 25.8 ms at 12.0s (Draw: 3985, Bodies: 249)
⚡ FRAME SPIKE #197: 31.0 ms at 12.1s (Draw: 3991, Bodies: 250)
🚗 Traffic: 28 active NPCs (Near: 8, Mid: 14, Far: 6), 0 pooled
  → Physics bodies from NPCs: 28 (All: 28×1, было бы 28×5=140)

========== Bottleneck Analysis Report ==========
Time: 22.3s | Frames: 727

📊 PERFORMANCE OVERVIEW:
  FPS: 35.5 avg | 23.0 min
  Frame Time: 29.24 ms avg | 88.01 ms max
  Physics Time: 5.83 ms avg

🔍 BOTTLENECK IDENTIFICATION:
  🟠 [HIGH] Frame Time
      Value: 29.24 ms (target: 16.67 ms)
      Impact: Overall performance bottleneck
      Suggestions:
        • Reduce draw calls
        • Optimize scripts in _process()
        • Check for expensive operations per frame

  🟠 [HIGH] Draw Calls
      Value: 4679 calls/frame
      Impact: GPU rendering overhead
      Suggestions:
        • Batch meshes by material
        • Use MultiMeshInstance3D
        • Implement LOD system
        • Enable frustum culling

  🟠 [HIGH] Physics Bodies
      Value: 223 active bodies
      Impact: Physics engine load
      Suggestions:
        • Reduce NPC count
        • Convert distant NPCs to kinematic
        • Disable physics for far objects

  🟡 [MEDIUM] Physics Time
      Value: 5.83 ms
      Impact: Physics simulation overhead
      Suggestions:
        • Reduce number of active physics bodies
        • Simplify collision shapes
        • Disable physics for distant objects

  🟡 [MEDIUM] Vertex Count
      Value: 41685901 vertices/frame
      Impact: GPU vertex processing
      Suggestions:
        • Implement LOD for distant objects
        • Simplify building meshes
        • Use lower poly models

  🟡 [MEDIUM] Node Count
      Value: 14456 nodes
      Impact: Scene tree traversal overhead
      Suggestions:
        • Unload distant chunks
        • Pool and reuse nodes
        • Flatten hierarchy where possible

  🟡 [MEDIUM] Post-Processing Effects
      Value: SSAO, Glow/Bloom, Volumetric Fog
      Impact: GPU shader overhead
      Suggestions:
        • Reduce SSR quality
        • Disable SSAO on low-end hardware
        • Use simpler fog

📈 DETAILED STATS:
  Draw Calls: 4679 avg | 5341 max
  Vertices: 41685901 avg | 56056599 max
  Physics Bodies: 223
  Nodes: 14456
  VRAM: 726.0 MB

=================================================

⚡ FRAME SPIKE #198: 31.9 ms at 12.1s (Draw: 3949, Bodies: 251)
⚡ FRAME SPIKE #199: 31.7 ms at 12.1s (Draw: 3945, Bodies: 252)
⚡ FRAME SPIKE #200: 31.0 ms at 12.2s (Draw: 3944, Bodies: 253)
⚡ FRAME SPIKE #201: 30.6 ms at 12.2s (Draw: 3963, Bodies: 254)
⚡ FRAME SPIKE #202: 26.8 ms at 12.2s (Draw: 3974, Bodies: 255)
⚡ FRAME SPIKE #203: 29.6 ms at 12.3s (Draw: 3922, Bodies: 256)
⚡ FRAME SPIKE #204: 30.5 ms at 12.3s (Draw: 3919, Bodies: 257)
⚡ FRAME SPIKE #205: 30.0 ms at 12.3s (Draw: 3940, Bodies: 258)
⚡ FRAME SPIKE #206: 26.6 ms at 12.3s (Draw: 3969, Bodies: 259)
⚡ FRAME SPIKE #207: 30.0 ms at 12.4s (Draw: 4016, Bodies: 260)
⚡ FRAME SPIKE #208: 30.0 ms at 12.4s (Draw: 3999, Bodies: 261)
⚡ FRAME SPIKE #209: 32.0 ms at 12.4s (Draw: 3944, Bodies: 262)
⚡ FRAME SPIKE #210: 29.9 ms at 12.5s (Draw: 3926, Bodies: 265)
⚡ FRAME SPIKE #211: 43.3 ms at 12.5s (Draw: 3900, Bodies: 266)
⚡ FRAME SPIKE #212: 45.9 ms at 12.5s (Draw: 3885, Bodies: 267)
⚡ FRAME SPIKE #213: 35.8 ms at 12.6s (Draw: 3892, Bodies: 268)
⚡ FRAME SPIKE #214: 38.9 ms at 12.6s (Draw: 3873, Bodies: 269)
OSM: 🌙 NIGHT Window batch 0,-3 | night_mgr: CACHED | is_night value: true
OSM: ✅ Finalized window batch 0,-3: 2329 windows (was 2329 draw calls before batching)
⚡ FRAME SPIKE #215: 32.7 ms at 12.7s (Draw: 3848, Bodies: 270)
OSM: 🌙 NIGHT Window batch -1,-3 | night_mgr: CACHED | is_night value: true
OSM: ✅ Finalized window batch -1,-3: 4341 windows (was 4341 draw calls before batching)
⚡ FRAME SPIKE #216: 31.8 ms at 12.7s (Draw: 3764, Bodies: 271)
⚡ FRAME SPIKE #217: 30.6 ms at 12.7s (Draw: 3721, Bodies: 272)
⚡ FRAME SPIKE #218: 30.3 ms at 12.8s (Draw: 3698, Bodies: 273)
⚡ FRAME SPIKE #219: 30.3 ms at 12.8s (Draw: 3679, Bodies: 274)
⚡ FRAME SPIKE #220: 31.2 ms at 12.8s (Draw: 3665, Bodies: 275)
⚡ FRAME SPIKE #221: 31.0 ms at 12.9s (Draw: 3657, Bodies: 276)
⚡ FRAME SPIKE #222: 30.7 ms at 12.9s (Draw: 3652, Bodies: 277)
⚡ FRAME SPIKE #223: 30.0 ms at 12.9s (Draw: 3641, Bodies: 278)
⚡ FRAME SPIKE #224: 29.3 ms at 13.0s (Draw: 3624, Bodies: 279)
⚡ FRAME SPIKE #225: 30.4 ms at 13.0s (Draw: 3577, Bodies: 280)
⚡ FRAME SPIKE #226: 30.6 ms at 13.0s (Draw: 3565, Bodies: 281)
⚡ FRAME SPIKE #227: 30.6 ms at 13.1s (Draw: 3641, Bodies: 282)
⚡ FRAME SPIKE #228: 32.1 ms at 13.1s (Draw: 3711, Bodies: 283)
⚡ FRAME SPIKE #229: 30.3 ms at 13.1s (Draw: 3662, Bodies: 284)
⚡ FRAME SPIKE #230: 28.3 ms at 13.1s (Draw: 3592, Bodies: 285)
⚡ FRAME SPIKE #231: 30.0 ms at 13.2s (Draw: 3540, Bodies: 285)
⚡ FRAME SPIKE #232: 30.3 ms at 13.2s (Draw: 3477, Bodies: 285)
⚡ FRAME SPIKE #233: 31.1 ms at 13.2s (Draw: 3278, Bodies: 285)
⚡ FRAME SPIKE #234: 28.5 ms at 13.3s (Draw: 3228, Bodies: 285)
⚡ FRAME SPIKE #235: 27.8 ms at 13.3s (Draw: 3238, Bodies: 285)
⚡ FRAME SPIKE #236: 26.2 ms at 13.4s (Draw: 3258, Bodies: 285)
⚡ FRAME SPIKE #237: 25.9 ms at 13.4s (Draw: 3248, Bodies: 284)
⚡ FRAME SPIKE #238: 25.9 ms at 13.4s (Draw: 3248, Bodies: 284)
⚡ FRAME SPIKE #239: 30.2 ms at 13.5s (Draw: 3260, Bodies: 284)
⚡ FRAME SPIKE #240: 25.9 ms at 13.5s (Draw: 3271, Bodies: 284)
⚡ FRAME SPIKE #241: 25.9 ms at 13.5s (Draw: 3275, Bodies: 284)
⚡ FRAME SPIKE #242: 25.9 ms at 13.6s (Draw: 3286, Bodies: 284)
⚡ FRAME SPIKE #243: 25.9 ms at 13.6s (Draw: 3286, Bodies: 284)
⚡ FRAME SPIKE #244: 26.2 ms at 13.6s (Draw: 3293, Bodies: 284)
⚡ FRAME SPIKE #245: 25.9 ms at 13.6s (Draw: 3298, Bodies: 284)
⚡ FRAME SPIKE #246: 26.2 ms at 13.7s (Draw: 3323, Bodies: 284)
⚡ FRAME SPIKE #247: 25.9 ms at 13.7s (Draw: 3340, Bodies: 284)
⚡ FRAME SPIKE #248: 26.2 ms at 13.7s (Draw: 3397, Bodies: 284)
⚡ FRAME SPIKE #249: 26.2 ms at 13.7s (Draw: 3417, Bodies: 284)
⚡ FRAME SPIKE #250: 26.2 ms at 13.8s (Draw: 3408, Bodies: 284)
⚡ FRAME SPIKE #251: 26.2 ms at 13.8s (Draw: 3402, Bodies: 284)
⚡ FRAME SPIKE #252: 26.2 ms at 13.8s (Draw: 3385, Bodies: 283)
⚡ FRAME SPIKE #253: 26.2 ms at 13.8s (Draw: 3374, Bodies: 283)
⚡ FRAME SPIKE #254: 26.2 ms at 13.9s (Draw: 3351, Bodies: 283)
⚡ FRAME SPIKE #255: 26.2 ms at 13.9s (Draw: 3348, Bodies: 283)
⚡ FRAME SPIKE #256: 26.2 ms at 13.9s (Draw: 3369, Bodies: 283)
⚡ FRAME SPIKE #257: 26.2 ms at 13.9s (Draw: 3364, Bodies: 283)
⚡ FRAME SPIKE #258: 26.2 ms at 14.0s (Draw: 3360, Bodies: 282)
⚡ FRAME SPIKE #259: 25.9 ms at 14.0s (Draw: 3364, Bodies: 282)
⚡ FRAME SPIKE #260: 26.2 ms at 14.0s (Draw: 3361, Bodies: 282)
⚡ FRAME SPIKE #261: 25.9 ms at 14.0s (Draw: 3357, Bodies: 282)

=== PERFORMANCE METRICS ===
FPS: 35 | Frame: 28.8 ms (max 86.2) | Physics: 16.7 ms (max 93.6)
Godot Process: 22.89 ms | Physics: 8.11 ms
Objects: 38789 | Nodes: 16285 | Resources: 536
Draw calls: 3357 | Vertices: 6651182 | VRAM: 728.2 MB
Physics bodies: 282 | Collision pairs: 3056
--- System Times ---
  road_batch_finalize_total_-1,-1: 23.87 ms (max 23.87)
  road_batch_finalize_total_-1,-2: 4.99 ms (max 4.99)
  road_batch_finalize_total_-1,-3: 33.62 ms (max 33.62)
  road_batch_finalize_total_-1,0: 20.42 ms (max 20.42)
  road_batch_finalize_total_-2,-1: 25.99 ms (max 25.99)
  road_batch_finalize_total_-2,-2: 18.91 ms (max 18.91)
  road_batch_finalize_total_-2,0: 25.22 ms (max 25.22)
  road_batch_finalize_total_0,-1: 33.61 ms (max 33.61)
  road_batch_finalize_total_0,-2: 30.84 ms (max 30.84)
  road_batch_finalize_total_0,-3: 13.13 ms (max 13.13)
  road_batch_finalize_total_0,0: 29.39 ms (max 29.39)
  road_batch_finalize_total_0,1: 13.30 ms (max 13.30)
  road_batch_finalize_total_1,-1: 33.95 ms (max 33.95)
  road_batch_finalize_total_1,-2: 7.65 ms (max 7.65)
  road_batch_finalize_total_1,0: 11.16 ms (max 11.16)
  road_collision_create_-1,-1: 7.72 ms (max 17.39)
  road_collision_create_-1,-2: 2.32 ms (max 2.98)
  road_collision_create_-1,-3: 10.81 ms (max 28.49)
  road_collision_create_-1,0: 9.98 ms (max 17.80)
  road_collision_create_-2,-1: 8.43 ms (max 19.28)
  road_collision_create_-2,-2: 9.21 ms (max 16.57)
  road_collision_create_-2,0: 12.37 ms (max 21.62)
  road_collision_create_0,-1: 10.96 ms (max 27.63)
  road_collision_create_0,-2: 10.04 ms (max 23.89)
  road_collision_create_0,-3: 3.95 ms (max 5.85)
  road_collision_create_0,0: 9.58 ms (max 25.68)
  road_collision_create_0,1: 13.06 ms (max 13.06)
  road_collision_create_1,-1: 11.11 ms (max 29.41)
  road_collision_create_1,-2: 3.62 ms (max 4.88)
  road_collision_create_1,0: 10.91 ms (max 10.91)
===========================

=== PERFORMANCE METRICS ===
FPS: 35 | Frame: 28.8 ms (max 86.2) | Physics: 16.7 ms (max 93.7)
Godot Process: 22.89 ms | Physics: 8.11 ms
Objects: 38789 | Nodes: 16285 | Resources: 536
Draw calls: 3357 | Vertices: 6651182 | VRAM: 728.2 MB
Physics bodies: 282 | Collision pairs: 3056
===========================
⚡ FRAME SPIKE #262: 25.9 ms at 14.1s (Draw: 3344, Bodies: 282)
⚡ FRAME SPIKE #263: 25.9 ms at 14.1s (Draw: 3345, Bodies: 282)
🚗 Traffic: 27 active NPCs (Near: 5, Mid: 15, Far: 7), 3 pooled
  → Physics bodies from NPCs: 27 (All: 27×1, было бы 27×5=135)

========== Bottleneck Analysis Report ==========
Time: 24.4s | Frames: 797

📊 PERFORMANCE OVERVIEW:
  FPS: 31.6 avg | 23.0 min
  Frame Time: 45.79 ms avg | 88.01 ms max
  Physics Time: 6.59 ms avg

🔍 BOTTLENECK IDENTIFICATION:
  🔴 [CRITICAL] Frame Time
      Value: 45.79 ms (target: 16.67 ms)
      Impact: Overall performance bottleneck
      Suggestions:
        • Reduce draw calls
        • Optimize scripts in _process()
        • Check for expensive operations per frame

  🟠 [HIGH] Draw Calls
      Value: 3931 calls/frame
      Impact: GPU rendering overhead
      Suggestions:
        • Batch meshes by material
        • Use MultiMeshInstance3D
        • Implement LOD system
        • Enable frustum culling

  🟠 [HIGH] Physics Bodies
      Value: 256 active bodies
      Impact: Physics engine load
      Suggestions:
        • Reduce NPC count
        • Convert distant NPCs to kinematic
        • Disable physics for far objects

  🟡 [MEDIUM] Physics Time
      Value: 6.59 ms
      Impact: Physics simulation overhead
      Suggestions:
        • Reduce number of active physics bodies
        • Simplify collision shapes
        • Disable physics for distant objects

  🟡 [MEDIUM] Vertex Count
      Value: 14595689 vertices/frame
      Impact: GPU vertex processing
      Suggestions:
        • Implement LOD for distant objects
        • Simplify building meshes
        • Use lower poly models

  🟡 [MEDIUM] Node Count
      Value: 16285 nodes
      Impact: Scene tree traversal overhead
      Suggestions:
        • Unload distant chunks
        • Pool and reuse nodes
        • Flatten hierarchy where possible

  🟡 [MEDIUM] Post-Processing Effects
      Value: SSAO, Glow/Bloom, Volumetric Fog
      Impact: GPU shader overhead
      Suggestions:
        • Reduce SSR quality
        • Disable SSAO on low-end hardware
        • Use simpler fog

📈 DETAILED STATS:
  Draw Calls: 3931 avg | 4882 max
  Vertices: 14595689 avg | 49805423 max
  Physics Bodies: 256
  Nodes: 16285
  VRAM: 728.2 MB

=================================================

⚡ FRAME SPIKE #264: 25.9 ms at 14.1s (Draw: 3319, Bodies: 282)
⚡ FRAME SPIKE #265: 25.9 ms at 14.2s (Draw: 3297, Bodies: 282)
⚡ FRAME SPIKE #266: 25.9 ms at 14.2s (Draw: 3292, Bodies: 282)
⚡ FRAME SPIKE #267: 25.9 ms at 14.2s (Draw: 3291, Bodies: 282)
⚡ FRAME SPIKE #268: 25.9 ms at 14.3s (Draw: 3296, Bodies: 282)
⚡ FRAME SPIKE #269: 25.9 ms at 14.3s (Draw: 3289, Bodies: 282)
⚡ FRAME SPIKE #270: 25.7 ms at 14.3s (Draw: 3288, Bodies: 282)
⚡ FRAME SPIKE #271: 25.8 ms at 14.4s (Draw: 3277, Bodies: 282)
⚡ FRAME SPIKE #272: 25.0 ms at 14.6s (Draw: 3269, Bodies: 284)
🚗 Traffic: 28 active NPCs (Near: 1, Mid: 19, Far: 8), 2 pooled
  → Physics bodies from NPCs: 28 (All: 28×1, было бы 28×5=140)

========== Bottleneck Analysis Report ==========
Time: 26.4s | Frames: 879

📊 PERFORMANCE OVERVIEW:
  FPS: 36.8 avg | 31.0 min
  Frame Time: 25.24 ms avg | 45.43 ms max
  Physics Time: 7.31 ms avg

🔍 BOTTLENECK IDENTIFICATION:
  🟠 [HIGH] Frame Time
      Value: 25.24 ms (target: 16.67 ms)
      Impact: Overall performance bottleneck
      Suggestions:
        • Reduce draw calls
        • Optimize scripts in _process()
        • Check for expensive operations per frame

  🟠 [HIGH] Draw Calls
      Value: 3279 calls/frame
      Impact: GPU rendering overhead
      Suggestions:
        • Batch meshes by material
        • Use MultiMeshInstance3D
        • Implement LOD system
        • Enable frustum culling

  🟠 [HIGH] Physics Bodies
      Value: 283 active bodies
      Impact: Physics engine load
      Suggestions:
        • Reduce NPC count
        • Convert distant NPCs to kinematic
        • Disable physics for far objects

  🟡 [MEDIUM] Physics Time
      Value: 7.31 ms
      Impact: Physics simulation overhead
      Suggestions:
        • Reduce number of active physics bodies
        • Simplify collision shapes
        • Disable physics for distant objects

  🟡 [MEDIUM] Vertex Count
      Value: 6665414 vertices/frame
      Impact: GPU vertex processing
      Suggestions:
        • Implement LOD for distant objects
        • Simplify building meshes
        • Use lower poly models

  🟡 [MEDIUM] Node Count
      Value: 16285 nodes
      Impact: Scene tree traversal overhead
      Suggestions:
        • Unload distant chunks
        • Pool and reuse nodes
        • Flatten hierarchy where possible

  🟡 [MEDIUM] Post-Processing Effects
      Value: SSAO, Glow/Bloom, Volumetric Fog
      Impact: GPU shader overhead
      Suggestions:
        • Reduce SSR quality
        • Disable SSAO on low-end hardware
        • Use simpler fog

📈 DETAILED STATS:
  Draw Calls: 3279 avg | 3662 max
  Vertices: 6665414 avg | 6880817 max
  Physics Bodies: 283
  Nodes: 16285
  VRAM: 728.2 MB

=================================================

⚡ FRAME SPIKE #273: 25.2 ms at 17.9s (Draw: 3093, Bodies: 284)
OSM: Loading chunk -2,-3 at lat=59.1235, lon=37.8921
OSM: Loaded from cache: osm_v2_59.1235_37.8921_250.json
OSM: Loading chunk 1,-3 at lat=59.1235, lon=37.9079
OSM: Loaded from cache: osm_v2_59.1235_37.9079_250.json
OSM: Chunk -2,-3 data loaded
OSM: Found 14 POI nodes in chunk
POI_DEBUG: Found 'Аптека+' inside building at local (-584.9, -728.9)
OSM: Generated 36 roads, 41 buildings, 0 trees, 0 signs, 0 lamps, 26 intersections
OSM: Marked chunk '-2,-3' for road batch finalization
OSM: Post-initial chunk loaded, pending_lamps=442
OSM: _create_pending_lamps started, count=442
OSM: DEBUG - First lamp for chunk 0,-3: world_pos=(276.0,0.0,-603.5), parent_offset=(0.0,0.0,0.0), local_pos=(276.0,0.0,-603.5)
OSM: DEBUG - First lamp for chunk -1,-3: world_pos=(-5.1,0.0,-691.8), parent_offset=(0.0,0.0,0.0), local_pos=(-5.1,0.0,-691.8)
OSM: DEBUG - First lamp for chunk -2,-3: world_pos=(-308.0,0.0,-755.9), parent_offset=(0.0,0.0,0.0), local_pos=(-308.0,0.0,-755.9)
OSM: Created 255 lamps, skipped 187 (added to batches)
OSM: Finalizing 3 lamp batches immediately...
OSM: ✅ Finalized lamp batch 0,-3: 56 lamps (3 MultiMeshes + 56 lights, was 168 draw calls before)
OSM: ✅ Finalized lamp batch -1,-3: 37 lamps (3 MultiMeshes + 37 lights, was 111 draw calls before)
OSM: ✅ Finalized lamp batch -2,-3: 38 lamps (3 MultiMeshes + 38 lights, was 114 draw calls before)
OSM: Chunk 1,-3 data loaded
OSM: Found 4 entrance nodes in chunk
OSM: Found 29 POI nodes in chunk
POI_DEBUG: Found 'Бон Аппетит' inside building at local (536.3, -777.3)
POI_DEBUG: Found 'Осетинские пироги' inside building at local (571.7, -769.5)
POI_DEBUG: Found 'Ткани для Вас' inside building at local (630.6, -755.6)
POI_DEBUG: Found 'Аста-запчасти' inside building at local (556.2, -773.0)
POI_DEBUG: Found 'Coffee Like' inside building at local (572.0, -760.4)
POI_DEBUG: Found 'Шексна' inside building at local (409.3, -852.9)
POI_DEBUG: Found 'Ozon' inside building at local (392.2, -869.7)
BusinessSign: Found logo for 'ozon' -> res://textures/brand_logos/ozon.png
POI_DEBUG: Found 'Академия слуха' inside building at local (369.2, -911.4)
POI_DEBUG: Found 'DNS' inside building at local (364.5, -739.9)
POI_DEBUG: Found 'Пятёрочка' inside building at local (336.8, -729.4)
POI_DEBUG: Found 'Антей' inside building at local (359.3, -721.5)
BusinessSign: Found logo for 'dns' -> res://textures/brand_logos/dns.png
Loading resource: res://textures/brand_logos/dns.png
Loading resource: res://.godot/imported/dns.png-a78c4eefe01684ddab8fef68c4a2d1e5.ctex
BusinessSign: Found logo for 'пятёрочка' -> res://textures/brand_logos/pyaterochka.png
POI_DEBUG: Found 'Десяточка' inside building at local (434.3, -758.0)
POI_DEBUG: Found 'Алоэ' inside building at local (425.4, -758.1)
POI_DEBUG: Found 'МТС' inside building at local (420.4, -759.2)
BusinessSign: Found logo for 'мтс' -> res://textures/brand_logos/mts.png
Loading resource: res://textures/brand_logos/mts.png
Loading resource: res://.godot/imported/mts.png-2f4f8c344a076d2089587acd6374089a.ctex
POI_DEBUG: Found 'Россельхозбанк' inside building at local (465.8, -706.4)
POI_DEBUG: Found 'OTP-банк' inside building at local (592.3, -604.5)
POI_DEBUG: Found 'ВТБ' inside building at local (594.8, -612.1)
POI_DEBUG: Found 'Шашлычек' inside building at local (589.3, -592.4)
POI_DEBUG: Found 'Easy Slip' inside building at local (581.6, -593.1)
BusinessSign: Found logo for 'втб' -> res://textures/brand_logos/vtb.png
POI_DEBUG: Found 'СДЭК' inside building at local (536.8, -743.2)
POI_DEBUG: Found 'Ozon' inside building at local (559.0, -660.9)
BusinessSign: Found logo for 'ozon' -> res://textures/brand_logos/ozon.png
BusinessSign: Found logo for 'пятёрочка' -> res://textures/brand_logos/pyaterochka.png
OSM: Generated 55 roads, 18 buildings, 0 trees, 0 signs, 0 lamps, 28 intersections
OSM: Marked chunk '1,-3' for road batch finalization
OSM: Post-initial chunk loaded, pending_lamps=0
OSM: _create_pending_lamps started, count=0
OSM: No pending lamps
⚡ FRAME SPIKE #274: 124.6 ms at 18.1s (Draw: 3446, Bodies: 285)
OSM: DEBUG _add_road_to_batch - first road for chunk '1,-3', parent.name='Chunk_1,-3'
OSM: DEBUG _add_road_to_batch - first road for chunk '-2,-3', parent.name='Chunk_-2,-3'
⚠️ SLOW FRAME 12.7ms: building=0.7 road=10.9 terrain=0.4 infra=0.7 veg=0.0 curb=0.0ms
🚗 Traffic: 29 active NPCs (Near: 0, Mid: 20, Far: 9), 1 pooled
  → Physics bodies from NPCs: 29 (All: 29×1, было бы 29×5=145)

========== Bottleneck Analysis Report ==========
Time: 28.5s | Frames: 962

📊 PERFORMANCE OVERVIEW:
  FPS: 40.8 avg | 40.0 min
  Frame Time: 18.58 ms avg | 19.44 ms max
  Physics Time: 7.07 ms avg

🔍 BOTTLENECK IDENTIFICATION:
  🟠 [HIGH] Frame Time
      Value: 18.58 ms (target: 16.67 ms)
      Impact: Overall performance bottleneck
      Suggestions:
        • Reduce draw calls
        • Optimize scripts in _process()
        • Check for expensive operations per frame

  🟠 [HIGH] Draw Calls
      Value: 3163 calls/frame
      Impact: GPU rendering overhead
      Suggestions:
        • Batch meshes by material
        • Use MultiMeshInstance3D
        • Implement LOD system
        • Enable frustum culling

  🟠 [HIGH] Physics Bodies
      Value: 283 active bodies
      Impact: Physics engine load
      Suggestions:
        • Reduce NPC count
        • Convert distant NPCs to kinematic
        • Disable physics for far objects

  🟡 [MEDIUM] Physics Time
      Value: 7.07 ms
      Impact: Physics simulation overhead
      Suggestions:
        • Reduce number of active physics bodies
        • Simplify collision shapes
        • Disable physics for distant objects

  🟡 [MEDIUM] Vertex Count
      Value: 6639207 vertices/frame
      Impact: GPU vertex processing
      Suggestions:
        • Implement LOD for distant objects
        • Simplify building meshes
        • Use lower poly models

  🟡 [MEDIUM] Node Count
      Value: 16979 nodes
      Impact: Scene tree traversal overhead
      Suggestions:
        • Unload distant chunks
        • Pool and reuse nodes
        • Flatten hierarchy where possible

  🟡 [MEDIUM] Post-Processing Effects
      Value: SSAO, Glow/Bloom, Volumetric Fog
      Impact: GPU shader overhead
      Suggestions:
        • Reduce SSR quality
        • Disable SSAO on low-end hardware
        • Use simpler fog

📈 DETAILED STATS:
  Draw Calls: 3163 avg | 3446 max
  Vertices: 6639207 avg | 8229395 max
  Physics Bodies: 283
  Nodes: 16979
  VRAM: 729.3 MB

=================================================

⚡ FRAME SPIKE #275: 77.1 ms at 18.2s (Draw: 3480, Bodies: 286)
⚡ FRAME SPIKE #276: 60.7 ms at 18.3s (Draw: 3481, Bodies: 287)
⚡ FRAME SPIKE #277: 41.6 ms at 18.4s (Draw: 3494, Bodies: 288)
⚠️ SLOW FRAME 11.9ms: building=0.5 road=5.1 terrain=0.2 infra=0.5 veg=5.5 curb=0.0ms
⚡ FRAME SPIKE #278: 41.4 ms at 18.4s (Draw: 3508, Bodies: 289)
⚠️ SLOW FRAME 12.5ms: building=0.5 road=11.0 terrain=0.3 infra=0.6 veg=0.0 curb=0.0ms
⚡ FRAME SPIKE #279: 41.4 ms at 18.5s (Draw: 3518, Bodies: 289)
⚡ FRAME SPIKE #280: 39.5 ms at 18.5s (Draw: 3806, Bodies: 291)
🔴 FREEZE: road collision shape creation took 18.4 ms for chunk -2,-3 (type: residential)
OSM: ✅ Finalized road batch -2,-3/residential: 1996 vertices, 1940 triangles, material: <ImageTexture#-9223371972648368119>
OSM: ✅ Finalized road batch -2,-3/primary: 410 vertices, 406 triangles, material: <ImageTexture#-9223371972749031416>
OSM: ✅ Finalized road batch -2,-3/path: 658 vertices, 646 triangles, material: <ImageTexture#-9223371972547704822>
⚠️ SLOW: road batch finalization took 22.8 ms for chunk -2,-3
⚠️ SLOW FRAME 24.0ms: building=0.5 road=22.8 terrain=0.2 infra=0.4 veg=0.0 curb=0.0ms
⚡ FRAME SPIKE #281: 45.3 ms at 18.5s (Draw: 3810, Bodies: 292)
🔴 FREEZE: road collision shape creation took 16.7 ms for chunk 1,-3 (type: residential)
OSM: ✅ Finalized road batch 1,-3/residential: 1686 vertices, 1624 triangles, material: <ImageTexture#-9223371972648368119>
OSM: ✅ Finalized road batch 1,-3/path: 1238 vertices, 1192 triangles, material: <ImageTexture#-9223371972547704822>
OSM: ✅ Finalized road batch 1,-3/primary: 180 vertices, 178 triangles, material: <ImageTexture#-9223371972749031416>
⚠️ SLOW: road batch finalization took 21.9 ms for chunk 1,-3
⚠️ SLOW FRAME 23.1ms: building=0.4 road=21.9 terrain=0.2 infra=0.4 veg=0.0 curb=0.0ms
⚡ FRAME SPIKE #282: 59.6 ms at 18.6s (Draw: 3827, Bodies: 293)
⚡ FRAME SPIKE #283: 50.0 ms at 18.7s (Draw: 3860, Bodies: 294)
⚡ FRAME SPIKE #284: 50.0 ms at 18.7s (Draw: 3836, Bodies: 295)
⚡ FRAME SPIKE #285: 38.3 ms at 18.8s (Draw: 3836, Bodies: 296)
⚡ FRAME SPIKE #286: 32.9 ms at 18.8s (Draw: 3831, Bodies: 297)
⚡ FRAME SPIKE #287: 31.6 ms at 18.8s (Draw: 3838, Bodies: 298)
⚡ FRAME SPIKE #288: 31.9 ms at 18.9s (Draw: 3841, Bodies: 299)
⚡ FRAME SPIKE #289: 33.5 ms at 18.9s (Draw: 3844, Bodies: 300)
⚡ FRAME SPIKE #290: 33.3 ms at 18.9s (Draw: 3849, Bodies: 301)
⚡ FRAME SPIKE #291: 32.1 ms at 19.0s (Draw: 3869, Bodies: 302)
⚡ FRAME SPIKE #292: 33.4 ms at 19.0s (Draw: 3872, Bodies: 303)
⚡ FRAME SPIKE #293: 32.8 ms at 19.0s (Draw: 3888, Bodies: 303)
⚡ FRAME SPIKE #294: 33.5 ms at 19.1s (Draw: 3895, Bodies: 304)

=== PERFORMANCE METRICS ===
FPS: 26 | Frame: 28.7 ms (max 124.6) | Physics: 16.6 ms (max 126.6)
Godot Process: 120.31 ms | Physics: 6.83 ms
Objects: 42474 | Nodes: 17774 | Resources: 538
Draw calls: 3895 | Vertices: 7868512 | VRAM: 730.1 MB
Physics bodies: 304 | Collision pairs: 3634
--- System Times ---
  road_batch_finalize_total_-1,-1: 23.87 ms (max 23.87)
  road_batch_finalize_total_-1,-2: 4.99 ms (max 4.99)
  road_batch_finalize_total_-1,-3: 33.62 ms (max 33.62)
  road_batch_finalize_total_-1,0: 20.42 ms (max 20.42)
  road_batch_finalize_total_-2,-1: 25.99 ms (max 25.99)
  road_batch_finalize_total_-2,-2: 18.91 ms (max 18.91)
  road_batch_finalize_total_-2,-3: 22.80 ms (max 22.80)
  road_batch_finalize_total_-2,0: 25.22 ms (max 25.22)
  road_batch_finalize_total_0,-1: 33.61 ms (max 33.61)
  road_batch_finalize_total_0,-2: 30.84 ms (max 30.84)
  road_batch_finalize_total_0,-3: 13.13 ms (max 13.13)
  road_batch_finalize_total_0,0: 29.39 ms (max 29.39)
  road_batch_finalize_total_0,1: 13.30 ms (max 13.30)
  road_batch_finalize_total_1,-1: 33.95 ms (max 33.95)
  road_batch_finalize_total_1,-2: 7.65 ms (max 7.65)
  road_batch_finalize_total_1,-3: 21.88 ms (max 21.88)
  road_batch_finalize_total_1,0: 11.16 ms (max 11.16)
  road_collision_create_-1,-1: 7.72 ms (max 17.39)
  road_collision_create_-1,-2: 2.32 ms (max 2.98)
  road_collision_create_-1,-3: 10.81 ms (max 28.49)
  road_collision_create_-1,0: 9.98 ms (max 17.80)
  road_collision_create_-2,-1: 8.43 ms (max 19.28)
  road_collision_create_-2,-2: 9.21 ms (max 16.57)
  road_collision_create_-2,-3: 7.25 ms (max 18.36)
  road_collision_create_-2,0: 12.37 ms (max 21.62)
  road_collision_create_0,-1: 10.96 ms (max 27.63)
  road_collision_create_0,-2: 10.04 ms (max 23.89)
  road_collision_create_0,-3: 3.95 ms (max 5.85)
  road_collision_create_0,0: 9.58 ms (max 25.68)
  road_collision_create_0,1: 13.06 ms (max 13.06)
  road_collision_create_1,-1: 11.11 ms (max 29.41)
  road_collision_create_1,-2: 3.62 ms (max 4.88)
  road_collision_create_1,-3: 6.94 ms (max 16.65)
  road_collision_create_1,0: 10.91 ms (max 10.91)
===========================

=== PERFORMANCE METRICS ===
FPS: 26 | Frame: 28.7 ms (max 124.6) | Physics: 16.6 ms (max 126.7)
Godot Process: 120.31 ms | Physics: 6.83 ms
Objects: 42474 | Nodes: 17774 | Resources: 538
Draw calls: 3895 | Vertices: 7868512 | VRAM: 730.1 MB
Physics bodies: 304 | Collision pairs: 3634
===========================
⚡ FRAME SPIKE #295: 32.8 ms at 19.1s (Draw: 3906, Bodies: 305)
⚡ FRAME SPIKE #296: 32.8 ms at 19.1s (Draw: 3903, Bodies: 306)
⚡ FRAME SPIKE #297: 34.7 ms at 19.2s (Draw: 3919, Bodies: 307)
⚡ FRAME SPIKE #298: 34.7 ms at 19.2s (Draw: 3927, Bodies: 308)
⚡ FRAME SPIKE #299: 34.7 ms at 19.2s (Draw: 3933, Bodies: 309)
⚡ FRAME SPIKE #300: 33.4 ms at 19.3s (Draw: 3923, Bodies: 310)
⚡ FRAME SPIKE #301: 34.4 ms at 19.3s (Draw: 3927, Bodies: 311)
⚡ FRAME SPIKE #302: 33.3 ms at 19.3s (Draw: 3922, Bodies: 312)
⚡ FRAME SPIKE #303: 33.3 ms at 19.4s (Draw: 3919, Bodies: 313)
⚡ FRAME SPIKE #304: 33.3 ms at 19.4s (Draw: 3914, Bodies: 313)
⚡ FRAME SPIKE #305: 33.3 ms at 19.4s (Draw: 3910, Bodies: 314)
⚡ FRAME SPIKE #306: 33.3 ms at 19.5s (Draw: 3911, Bodies: 315)
⚡ FRAME SPIKE #307: 33.3 ms at 19.5s (Draw: 3922, Bodies: 315)
⚡ FRAME SPIKE #308: 33.3 ms at 19.5s (Draw: 3950, Bodies: 318)
⚡ FRAME SPIKE #309: 33.3 ms at 19.6s (Draw: 3969, Bodies: 319)
⚡ FRAME SPIKE #310: 33.3 ms at 19.6s (Draw: 3992, Bodies: 320)
⚡ FRAME SPIKE #311: 33.3 ms at 19.6s (Draw: 4002, Bodies: 321)
⚡ FRAME SPIKE #312: 33.3 ms at 19.7s (Draw: 4030, Bodies: 322)
⚡ FRAME SPIKE #313: 33.3 ms at 19.7s (Draw: 4040, Bodies: 323)
⚡ FRAME SPIKE #314: 33.3 ms at 19.7s (Draw: 4044, Bodies: 324)
⚡ FRAME SPIKE #315: 33.3 ms at 19.8s (Draw: 4040, Bodies: 325)
⚡ PHYSICS SPIKE #1: 16.2 ms at 19.8s (Bodies: 325)
⚡ PHYSICS SPIKE #2: 16.2 ms at 19.8s (Bodies: 326)
⚡ FRAME SPIKE #316: 33.3 ms at 19.8s (Draw: 4056, Bodies: 326)
⚡ PHYSICS SPIKE #3: 16.2 ms at 19.8s (Bodies: 326)
⚡ PHYSICS SPIKE #4: 16.2 ms at 19.8s (Bodies: 327)
⚡ FRAME SPIKE #317: 33.3 ms at 19.8s (Draw: 4043, Bodies: 327)
⚡ PHYSICS SPIKE #5: 16.2 ms at 19.9s (Bodies: 327)
⚡ PHYSICS SPIKE #6: 16.2 ms at 19.9s (Bodies: 328)
⚡ FRAME SPIKE #318: 33.3 ms at 19.9s (Draw: 4047, Bodies: 328)
⚡ PHYSICS SPIKE #7: 16.2 ms at 19.9s (Bodies: 328)
⚡ PHYSICS SPIKE #8: 16.2 ms at 19.9s (Bodies: 329)
⚡ FRAME SPIKE #319: 33.3 ms at 19.9s (Draw: 4041, Bodies: 329)
⚡ PHYSICS SPIKE #9: 16.2 ms at 19.9s (Bodies: 329)
⚡ PHYSICS SPIKE #10: 16.2 ms at 19.9s (Bodies: 330)
⚡ FRAME SPIKE #320: 33.3 ms at 19.9s (Draw: 4050, Bodies: 330)
⚡ PHYSICS SPIKE #11: 16.2 ms at 20.0s (Bodies: 330)
⚡ PHYSICS SPIKE #12: 16.2 ms at 20.0s (Bodies: 331)
⚡ FRAME SPIKE #321: 33.3 ms at 20.0s (Draw: 4061, Bodies: 331)
⚡ PHYSICS SPIKE #13: 16.2 ms at 20.0s (Bodies: 331)
⚡ PHYSICS SPIKE #14: 16.2 ms at 20.0s (Bodies: 332)
⚡ FRAME SPIKE #322: 33.3 ms at 20.0s (Draw: 4045, Bodies: 332)
⚡ PHYSICS SPIKE #15: 16.2 ms at 20.0s (Bodies: 332)
⚡ PHYSICS SPIKE #16: 16.2 ms at 20.0s (Bodies: 333)
⚡ FRAME SPIKE #323: 33.3 ms at 20.0s (Draw: 4043, Bodies: 333)
⚡ PHYSICS SPIKE #17: 16.2 ms at 20.1s (Bodies: 333)
⚡ PHYSICS SPIKE #18: 16.2 ms at 20.1s (Bodies: 334)
⚡ FRAME SPIKE #324: 33.3 ms at 20.1s (Draw: 4069, Bodies: 334)
⚡ PHYSICS SPIKE #19: 16.2 ms at 20.1s (Bodies: 334)
⚡ PHYSICS SPIKE #20: 16.2 ms at 20.1s (Bodies: 335)
⚡ FRAME SPIKE #325: 33.3 ms at 20.1s (Draw: 4085, Bodies: 335)
OSM: 🌙 NIGHT Window batch 1,-3 | night_mgr: CACHED | is_night value: true
OSM: ✅ Finalized window batch 1,-3: 4506 windows (was 4506 draw calls before batching)
⚡ PHYSICS SPIKE #21: 16.2 ms at 20.1s (Bodies: 335)
⚡ PHYSICS SPIKE #22: 16.2 ms at 20.1s (Bodies: 335)
⚡ FRAME SPIKE #326: 33.3 ms at 20.1s (Draw: 4089, Bodies: 335)
OSM: 🌙 NIGHT Window batch -2,-3 | night_mgr: CACHED | is_night value: true
OSM: ✅ Finalized window batch -2,-3: 5341 windows (was 5341 draw calls before batching)
⚡ PHYSICS SPIKE #23: 16.2 ms at 20.2s (Bodies: 335)
⚡ PHYSICS SPIKE #24: 16.2 ms at 20.2s (Bodies: 335)
⚡ FRAME SPIKE #327: 33.3 ms at 20.2s (Draw: 4089, Bodies: 335)
⚡ PHYSICS SPIKE #25: 16.2 ms at 20.2s (Bodies: 335)
⚡ PHYSICS SPIKE #26: 16.2 ms at 20.2s (Bodies: 335)
⚡ FRAME SPIKE #328: 33.3 ms at 20.2s (Draw: 4094, Bodies: 335)
⚡ PHYSICS SPIKE #27: 16.2 ms at 20.2s (Bodies: 335)
⚡ PHYSICS SPIKE #28: 16.2 ms at 20.2s (Bodies: 335)
⚡ FRAME SPIKE #329: 31.8 ms at 20.2s (Draw: 4093, Bodies: 335)
🚗 Traffic: 28 active NPCs (Near: 0, Mid: 13, Far: 15), 2 pooled
  → Physics bodies from NPCs: 28 (All: 28×1, было бы 28×5=140)

========== Bottleneck Analysis Report ==========
Time: 30.5s | Frames: 1017

📊 PERFORMANCE OVERVIEW:
  FPS: 36.1 avg | 26.0 min
  Frame Time: 44.16 ms avg | 120.31 ms max
  Physics Time: 8.08 ms avg

🔍 BOTTLENECK IDENTIFICATION:
  🔴 [CRITICAL] Frame Time
      Value: 44.16 ms (target: 16.67 ms)
      Impact: Overall performance bottleneck
      Suggestions:
        • Reduce draw calls
        • Optimize scripts in _process()
        • Check for expensive operations per frame

  🟠 [HIGH] Draw Calls
      Value: 3487 calls/frame
      Impact: GPU rendering overhead
      Suggestions:
        • Batch meshes by material
        • Use MultiMeshInstance3D
        • Implement LOD system
        • Enable frustum culling

  🟠 [HIGH] Physics Bodies
      Value: 296 active bodies
      Impact: Physics engine load
      Suggestions:
        • Reduce NPC count
        • Convert distant NPCs to kinematic
        • Disable physics for far objects

  🟡 [MEDIUM] Physics Time
      Value: 8.08 ms
      Impact: Physics simulation overhead
      Suggestions:
        • Reduce number of active physics bodies
        • Simplify collision shapes
        • Disable physics for distant objects

  🟡 [MEDIUM] Vertex Count
      Value: 7233613 vertices/frame
      Impact: GPU vertex processing
      Suggestions:
        • Implement LOD for distant objects
        • Simplify building meshes
        • Use lower poly models

  🟡 [MEDIUM] Node Count
      Value: 19355 nodes
      Impact: Scene tree traversal overhead
      Suggestions:
        • Unload distant chunks
        • Pool and reuse nodes
        • Flatten hierarchy where possible

  🟡 [MEDIUM] Post-Processing Effects
      Value: SSAO, Glow/Bloom, Volumetric Fog
      Impact: GPU shader overhead
      Suggestions:
        • Reduce SSR quality
        • Disable SSAO on low-end hardware
        • Use simpler fog

📈 DETAILED STATS:
  Draw Calls: 3487 avg | 4094 max
  Vertices: 7233613 avg | 8229395 max
  Physics Bodies: 296
  Nodes: 19355
  VRAM: 732.5 MB

=================================================

⚡ PHYSICS SPIKE #29: 16.2 ms at 20.3s (Bodies: 335)
⚡ PHYSICS SPIKE #30: 16.2 ms at 20.3s (Bodies: 335)
⚡ FRAME SPIKE #330: 31.0 ms at 20.3s (Draw: 4084, Bodies: 335)
⚡ PHYSICS SPIKE #31: 16.2 ms at 20.3s (Bodies: 335)
⚡ PHYSICS SPIKE #32: 16.2 ms at 20.3s (Bodies: 334)
⚡ FRAME SPIKE #331: 30.8 ms at 20.3s (Draw: 4085, Bodies: 334)
⚡ PHYSICS SPIKE #33: 16.2 ms at 20.3s (Bodies: 334)
⚡ FRAME SPIKE #332: 31.9 ms at 20.3s (Draw: 4090, Bodies: 334)
⚡ PHYSICS SPIKE #34: 16.2 ms at 20.3s (Bodies: 334)
⚡ PHYSICS SPIKE #35: 16.2 ms at 20.3s (Bodies: 334)
⚡ FRAME SPIKE #333: 25.7 ms at 20.3s (Draw: 4099, Bodies: 334)
⚡ PHYSICS SPIKE #36: 16.2 ms at 20.4s (Bodies: 334)
⚡ PHYSICS SPIKE #37: 16.2 ms at 20.4s (Bodies: 334)
⚡ FRAME SPIKE #334: 31.0 ms at 20.4s (Draw: 4101, Bodies: 334)
⚡ PHYSICS SPIKE #38: 16.2 ms at 20.4s (Bodies: 334)
⚡ PHYSICS SPIKE #39: 16.2 ms at 20.4s (Bodies: 334)
⚡ FRAME SPIKE #335: 31.8 ms at 20.4s (Draw: 4129, Bodies: 334)
⚡ PHYSICS SPIKE #40: 16.2 ms at 20.4s (Bodies: 334)
⚡ PHYSICS SPIKE #41: 16.2 ms at 20.4s (Bodies: 334)
⚡ FRAME SPIKE #336: 31.7 ms at 20.4s (Draw: 4146, Bodies: 334)
⚡ PHYSICS SPIKE #42: 16.2 ms at 20.5s (Bodies: 334)
⚡ PHYSICS SPIKE #43: 16.2 ms at 20.5s (Bodies: 334)
⚡ FRAME SPIKE #337: 31.9 ms at 20.5s (Draw: 4150, Bodies: 334)
⚡ PHYSICS SPIKE #44: 16.2 ms at 20.5s (Bodies: 334)
⚡ FRAME SPIKE #338: 30.6 ms at 20.5s (Draw: 4153, Bodies: 334)
⚡ PHYSICS SPIKE #45: 16.2 ms at 20.5s (Bodies: 334)
⚡ PHYSICS SPIKE #46: 16.2 ms at 20.5s (Bodies: 336)
⚡ FRAME SPIKE #339: 28.3 ms at 20.5s (Draw: 4153, Bodies: 336)
⚡ PHYSICS SPIKE #47: 16.2 ms at 20.6s (Bodies: 336)
⚡ PHYSICS SPIKE #48: 16.2 ms at 20.6s (Bodies: 336)
⚡ FRAME SPIKE #340: 30.6 ms at 20.6s (Draw: 4158, Bodies: 336)
⚡ PHYSICS SPIKE #49: 16.2 ms at 20.6s (Bodies: 336)
⚡ PHYSICS SPIKE #50: 16.2 ms at 20.6s (Bodies: 336)
⚡ FRAME SPIKE #341: 30.6 ms at 20.6s (Draw: 4159, Bodies: 336)
⚡ PHYSICS SPIKE #51: 16.2 ms at 20.6s (Bodies: 336)
⚡ PHYSICS SPIKE #52: 16.2 ms at 20.6s (Bodies: 335)
⚡ FRAME SPIKE #342: 30.6 ms at 20.6s (Draw: 4160, Bodies: 335)
⚡ PHYSICS SPIKE #53: 16.2 ms at 20.7s (Bodies: 335)
⚡ PHYSICS SPIKE #54: 16.2 ms at 20.7s (Bodies: 335)
⚡ FRAME SPIKE #343: 32.0 ms at 20.7s (Draw: 4165, Bodies: 335)
⚡ PHYSICS SPIKE #55: 16.2 ms at 20.7s (Bodies: 335)
⚡ FRAME SPIKE #344: 30.6 ms at 20.7s (Draw: 4164, Bodies: 335)
⚡ PHYSICS SPIKE #56: 16.2 ms at 20.7s (Bodies: 335)
⚡ PHYSICS SPIKE #57: 16.2 ms at 20.7s (Bodies: 335)
⚡ FRAME SPIKE #345: 25.8 ms at 20.7s (Draw: 4166, Bodies: 335)
⚡ PHYSICS SPIKE #58: 16.2 ms at 20.7s (Bodies: 335)
⚡ PHYSICS SPIKE #59: 16.2 ms at 20.7s (Bodies: 335)
⚡ FRAME SPIKE #346: 30.6 ms at 20.7s (Draw: 4162, Bodies: 335)
⚡ PHYSICS SPIKE #60: 16.2 ms at 20.8s (Bodies: 335)
⚡ PHYSICS SPIKE #61: 16.2 ms at 20.8s (Bodies: 335)
⚡ FRAME SPIKE #347: 30.6 ms at 20.8s (Draw: 4173, Bodies: 335)
⚡ FRAME SPIKE #348: 30.0 ms at 20.8s (Draw: 4165, Bodies: 335)
⚡ FRAME SPIKE #349: 30.0 ms at 20.9s (Draw: 4173, Bodies: 335)
⚡ FRAME SPIKE #350: 29.2 ms at 20.9s (Draw: 4183, Bodies: 335)
⚡ FRAME SPIKE #351: 29.2 ms at 20.9s (Draw: 4213, Bodies: 335)
⚡ FRAME SPIKE #352: 31.1 ms at 21.0s (Draw: 4219, Bodies: 335)
⚡ FRAME SPIKE #353: 28.8 ms at 21.0s (Draw: 4273, Bodies: 335)
⚡ FRAME SPIKE #354: 27.6 ms at 21.0s (Draw: 4318, Bodies: 335)
⚡ FRAME SPIKE #355: 28.8 ms at 21.1s (Draw: 4381, Bodies: 335)
⚡ FRAME SPIKE #356: 31.5 ms at 21.1s (Draw: 4391, Bodies: 335)
⚡ FRAME SPIKE #357: 28.8 ms at 21.1s (Draw: 4406, Bodies: 335)
⚡ FRAME SPIKE #358: 28.8 ms at 21.1s (Draw: 4407, Bodies: 335)
⚡ FRAME SPIKE #359: 28.8 ms at 21.2s (Draw: 4407, Bodies: 334)
⚡ FRAME SPIKE #360: 28.8 ms at 21.2s (Draw: 4425, Bodies: 334)
⚡ FRAME SPIKE #361: 27.6 ms at 21.2s (Draw: 4426, Bodies: 334)
⚡ FRAME SPIKE #362: 28.8 ms at 21.3s (Draw: 4424, Bodies: 334)
⚡ FRAME SPIKE #363: 28.8 ms at 21.3s (Draw: 4424, Bodies: 334)
⚡ FRAME SPIKE #364: 28.8 ms at 21.3s (Draw: 4422, Bodies: 333)
⚡ FRAME SPIKE #365: 28.8 ms at 21.3s (Draw: 4415, Bodies: 333)
⚡ FRAME SPIKE #366: 28.8 ms at 21.4s (Draw: 4417, Bodies: 333)
⚡ FRAME SPIKE #367: 29.9 ms at 21.4s (Draw: 4412, Bodies: 333)
⚡ FRAME SPIKE #368: 28.8 ms at 21.4s (Draw: 4435, Bodies: 333)
⚡ FRAME SPIKE #369: 28.8 ms at 21.5s (Draw: 4441, Bodies: 333)
⚡ FRAME SPIKE #370: 28.8 ms at 21.5s (Draw: 4448, Bodies: 333)
⚡ FRAME SPIKE #371: 28.8 ms at 21.5s (Draw: 4437, Bodies: 333)
⚡ FRAME SPIKE #372: 28.8 ms at 21.5s (Draw: 4430, Bodies: 333)
⚡ FRAME SPIKE #373: 28.8 ms at 21.6s (Draw: 4390, Bodies: 333)
⚡ FRAME SPIKE #374: 29.2 ms at 21.6s (Draw: 4327, Bodies: 333)
⚡ FRAME SPIKE #375: 29.2 ms at 21.6s (Draw: 4310, Bodies: 333)
⚡ FRAME SPIKE #376: 29.1 ms at 21.7s (Draw: 4297, Bodies: 333)
⚡ FRAME SPIKE #377: 29.2 ms at 21.7s (Draw: 4295, Bodies: 333)
⚡ FRAME SPIKE #378: 29.2 ms at 21.7s (Draw: 4294, Bodies: 332)
⚡ FRAME SPIKE #379: 29.2 ms at 21.8s (Draw: 4277, Bodies: 332)
⚡ FRAME SPIKE #380: 29.2 ms at 21.8s (Draw: 4280, Bodies: 332)
⚡ FRAME SPIKE #381: 29.2 ms at 21.8s (Draw: 4257, Bodies: 332)
⚡ FRAME SPIKE #382: 29.2 ms at 21.8s (Draw: 4255, Bodies: 332)
⚡ FRAME SPIKE #383: 29.2 ms at 21.9s (Draw: 4256, Bodies: 332)
⚡ FRAME SPIKE #384: 28.8 ms at 21.9s (Draw: 4251, Bodies: 332)
⚡ FRAME SPIKE #385: 28.8 ms at 21.9s (Draw: 4237, Bodies: 332)
⚡ FRAME SPIKE #386: 28.8 ms at 22.0s (Draw: 4215, Bodies: 332)
⚡ FRAME SPIKE #387: 29.0 ms at 22.0s (Draw: 4180, Bodies: 332)
⚡ FRAME SPIKE #388: 28.8 ms at 22.0s (Draw: 4152, Bodies: 332)
⚡ FRAME SPIKE #389: 28.8 ms at 22.0s (Draw: 4113, Bodies: 331)
⚡ FRAME SPIKE #390: 28.8 ms at 22.1s (Draw: 4093, Bodies: 331)
⚡ FRAME SPIKE #391: 28.1 ms at 22.1s (Draw: 4096, Bodies: 331)
⚡ FRAME SPIKE #392: 28.8 ms at 22.1s (Draw: 4093, Bodies: 331)
⚡ FRAME SPIKE #393: 28.8 ms at 22.2s (Draw: 4096, Bodies: 331)
⚡ FRAME SPIKE #394: 28.8 ms at 22.2s (Draw: 4090, Bodies: 331)
⚡ FRAME SPIKE #395: 28.8 ms at 22.2s (Draw: 4101, Bodies: 331)
🚗 Traffic: 24 active NPCs (Near: 0, Mid: 5, Far: 19), 6 pooled
  → Physics bodies from NPCs: 24 (All: 24×1, было бы 24×5=120)

========== Bottleneck Analysis Report ==========
Time: 32.5s | Frames: 1086

📊 PERFORMANCE OVERVIEW:
  FPS: 30.8 avg | 26.0 min
  Frame Time: 45.63 ms avg | 120.31 ms max
  Physics Time: 9.65 ms avg

🔍 BOTTLENECK IDENTIFICATION:
  🔴 [CRITICAL] Frame Time
      Value: 45.63 ms (target: 16.67 ms)
      Impact: Overall performance bottleneck
      Suggestions:
        • Reduce draw calls
        • Optimize scripts in _process()
        • Check for expensive operations per frame

  🟠 [HIGH] Draw Calls
      Value: 4117 calls/frame
      Impact: GPU rendering overhead
      Suggestions:
        • Batch meshes by material
        • Use MultiMeshInstance3D
        • Implement LOD system
        • Enable frustum culling

  🟠 [HIGH] Physics Bodies
      Value: 325 active bodies
      Impact: Physics engine load
      Suggestions:
        • Reduce NPC count
        • Convert distant NPCs to kinematic
        • Disable physics for far objects

  🟡 [MEDIUM] Physics Time
      Value: 9.65 ms
      Impact: Physics simulation overhead
      Suggestions:
        • Reduce number of active physics bodies
        • Simplify collision shapes
        • Disable physics for distant objects

  🟡 [MEDIUM] Vertex Count
      Value: 8021083 vertices/frame
      Impact: GPU vertex processing
      Suggestions:
        • Implement LOD for distant objects
        • Simplify building meshes
        • Use lower poly models

  🟡 [MEDIUM] Node Count
      Value: 19355 nodes
      Impact: Scene tree traversal overhead
      Suggestions:
        • Unload distant chunks
        • Pool and reuse nodes
        • Flatten hierarchy where possible

  🟡 [MEDIUM] Post-Processing Effects
      Value: SSAO, Glow/Bloom, Volumetric Fog
      Impact: GPU shader overhead
      Suggestions:
        • Reduce SSR quality
        • Disable SSAO on low-end hardware
        • Use simpler fog

📈 DETAILED STATS:
  Draw Calls: 4117 avg | 4448 max
  Vertices: 8021083 avg | 8150401 max
  Physics Bodies: 325
  Nodes: 19355
  VRAM: 732.5 MB

=================================================

⚡ FRAME SPIKE #396: 28.6 ms at 22.3s (Draw: 4105, Bodies: 331)
⚡ FRAME SPIKE #397: 26.2 ms at 22.3s (Draw: 4105, Bodies: 331)
⚡ FRAME SPIKE #398: 28.6 ms at 22.3s (Draw: 4110, Bodies: 331)
⚡ FRAME SPIKE #399: 28.3 ms at 22.4s (Draw: 4117, Bodies: 331)
⚡ FRAME SPIKE #400: 25.2 ms at 22.4s (Draw: 4140, Bodies: 331)
⚡ FRAME SPIKE #401: 29.1 ms at 22.4s (Draw: 4152, Bodies: 331)
⚡ FRAME SPIKE #402: 27.8 ms at 22.4s (Draw: 4124, Bodies: 331)
⚡ FRAME SPIKE #403: 27.3 ms at 22.5s (Draw: 4106, Bodies: 331)
⚡ FRAME SPIKE #404: 26.7 ms at 22.5s (Draw: 4025, Bodies: 331)
⚡ FRAME SPIKE #405: 26.7 ms at 22.6s (Draw: 3987, Bodies: 333)
⚡ FRAME SPIKE #406: 26.7 ms at 22.6s (Draw: 3979, Bodies: 333)
⚡ FRAME SPIKE #407: 26.7 ms at 22.6s (Draw: 3980, Bodies: 333)
⚡ FRAME SPIKE #408: 26.7 ms at 22.6s (Draw: 3976, Bodies: 333)
⚡ FRAME SPIKE #409: 26.4 ms at 22.7s (Draw: 3977, Bodies: 333)
⚡ FRAME SPIKE #410: 26.4 ms at 22.7s (Draw: 4041, Bodies: 333)
⚡ FRAME SPIKE #411: 26.5 ms at 22.7s (Draw: 4075, Bodies: 333)
⚡ FRAME SPIKE #412: 26.5 ms at 22.8s (Draw: 4090, Bodies: 333)
⚡ FRAME SPIKE #413: 26.7 ms at 22.8s (Draw: 4093, Bodies: 333)
⚡ FRAME SPIKE #414: 26.7 ms at 22.8s (Draw: 4117, Bodies: 333)
⚡ FRAME SPIKE #415: 26.7 ms at 22.8s (Draw: 4124, Bodies: 333)
⚡ FRAME SPIKE #416: 26.8 ms at 22.9s (Draw: 4114, Bodies: 333)
⚡ FRAME SPIKE #417: 29.8 ms at 22.9s (Draw: 4114, Bodies: 333)
⚡ FRAME SPIKE #418: 26.7 ms at 22.9s (Draw: 4123, Bodies: 333)
⚡ FRAME SPIKE #419: 26.7 ms at 22.9s (Draw: 4127, Bodies: 333)
⚡ FRAME SPIKE #420: 26.7 ms at 23.0s (Draw: 4130, Bodies: 333)
⚡ FRAME SPIKE #421: 26.9 ms at 23.0s (Draw: 4128, Bodies: 333)
⚡ FRAME SPIKE #422: 29.1 ms at 23.0s (Draw: 4111, Bodies: 333)
⚡ FRAME SPIKE #423: 26.7 ms at 23.0s (Draw: 4106, Bodies: 333)
⚡ FRAME SPIKE #424: 27.2 ms at 23.1s (Draw: 4108, Bodies: 333)
⚡ FRAME SPIKE #425: 30.3 ms at 23.1s (Draw: 4090, Bodies: 333)
⚡ FRAME SPIKE #426: 29.5 ms at 23.1s (Draw: 4081, Bodies: 332)
⚡ FRAME SPIKE #427: 27.8 ms at 23.2s (Draw: 4081, Bodies: 332)
⚡ FRAME SPIKE #428: 27.8 ms at 23.2s (Draw: 4077, Bodies: 332)
⚡ FRAME SPIKE #429: 27.8 ms at 23.2s (Draw: 4044, Bodies: 332)
⚡ FRAME SPIKE #430: 27.8 ms at 23.2s (Draw: 4039, Bodies: 332)
⚡ FRAME SPIKE #431: 28.3 ms at 23.3s (Draw: 3973, Bodies: 332)
⚡ FRAME SPIKE #432: 28.3 ms at 23.3s (Draw: 3941, Bodies: 332)
⚡ FRAME SPIKE #433: 27.8 ms at 23.3s (Draw: 3936, Bodies: 332)
⚡ FRAME SPIKE #434: 28.3 ms at 23.4s (Draw: 3925, Bodies: 332)
⚡ FRAME SPIKE #435: 29.9 ms at 23.4s (Draw: 3991, Bodies: 332)
⚡ FRAME SPIKE #436: 28.3 ms at 23.4s (Draw: 4026, Bodies: 332)
⚡ FRAME SPIKE #437: 27.8 ms at 23.4s (Draw: 4033, Bodies: 332)
⚡ FRAME SPIKE #438: 27.8 ms at 23.5s (Draw: 4063, Bodies: 332)
⚡ FRAME SPIKE #439: 28.3 ms at 23.5s (Draw: 4080, Bodies: 332)
⚡ FRAME SPIKE #440: 27.8 ms at 23.5s (Draw: 4088, Bodies: 332)
⚡ FRAME SPIKE #441: 27.8 ms at 23.6s (Draw: 4091, Bodies: 332)
⚡ FRAME SPIKE #442: 28.3 ms at 23.6s (Draw: 4092, Bodies: 333)
⚡ FRAME SPIKE #443: 27.8 ms at 23.6s (Draw: 4090, Bodies: 333)
⚡ FRAME SPIKE #444: 27.8 ms at 23.6s (Draw: 4085, Bodies: 333)
⚡ FRAME SPIKE #445: 27.8 ms at 23.7s (Draw: 4084, Bodies: 333)
⚡ FRAME SPIKE #446: 27.8 ms at 23.7s (Draw: 4080, Bodies: 333)
⚡ FRAME SPIKE #447: 27.8 ms at 23.7s (Draw: 4057, Bodies: 333)
⚡ FRAME SPIKE #448: 27.8 ms at 23.8s (Draw: 4046, Bodies: 333)
⚡ FRAME SPIKE #449: 27.8 ms at 23.8s (Draw: 4030, Bodies: 331)
⚡ FRAME SPIKE #450: 27.8 ms at 23.8s (Draw: 4009, Bodies: 331)
⚡ FRAME SPIKE #451: 27.8 ms at 23.8s (Draw: 3979, Bodies: 331)
⚡ FRAME SPIKE #452: 27.8 ms at 23.9s (Draw: 3983, Bodies: 331)
⚡ FRAME SPIKE #453: 27.8 ms at 23.9s (Draw: 3968, Bodies: 331)
⚡ FRAME SPIKE #454: 27.8 ms at 23.9s (Draw: 3953, Bodies: 331)
⚡ FRAME SPIKE #455: 26.2 ms at 23.9s (Draw: 3927, Bodies: 331)
⚡ FRAME SPIKE #456: 27.8 ms at 24.0s (Draw: 3859, Bodies: 331)
⚡ FRAME SPIKE #457: 27.8 ms at 24.0s (Draw: 3854, Bodies: 331)
⚡ FRAME SPIKE #458: 27.3 ms at 24.1s (Draw: 3855, Bodies: 331)

=== PERFORMANCE METRICS ===
FPS: 36 | Frame: 28.7 ms (max 124.6) | Physics: 16.6 ms (max 30.9)
Godot Process: 18.69 ms | Physics: 7.11 ms
Objects: 45722 | Nodes: 19355 | Resources: 538
Draw calls: 3851 | Vertices: 6805353 | VRAM: 732.5 MB
Physics bodies: 331 | Collision pairs: 3908
--- System Times ---
  road_batch_finalize_total_-1,-1: 23.87 ms (max 23.87)
  road_batch_finalize_total_-1,-2: 4.99 ms (max 4.99)
  road_batch_finalize_total_-1,-3: 33.62 ms (max 33.62)
  road_batch_finalize_total_-1,0: 20.42 ms (max 20.42)
  road_batch_finalize_total_-2,-1: 25.99 ms (max 25.99)
  road_batch_finalize_total_-2,-2: 18.91 ms (max 18.91)
  road_batch_finalize_total_-2,-3: 22.80 ms (max 22.80)
  road_batch_finalize_total_-2,0: 25.22 ms (max 25.22)
  road_batch_finalize_total_0,-1: 33.61 ms (max 33.61)
  road_batch_finalize_total_0,-2: 30.84 ms (max 30.84)
  road_batch_finalize_total_0,-3: 13.13 ms (max 13.13)
  road_batch_finalize_total_0,0: 29.39 ms (max 29.39)
  road_batch_finalize_total_0,1: 13.30 ms (max 13.30)
  road_batch_finalize_total_1,-1: 33.95 ms (max 33.95)
  road_batch_finalize_total_1,-2: 7.65 ms (max 7.65)
  road_batch_finalize_total_1,-3: 21.88 ms (max 21.88)
  road_batch_finalize_total_1,0: 11.16 ms (max 11.16)
  road_collision_create_-1,-1: 7.72 ms (max 17.39)
  road_collision_create_-1,-2: 2.32 ms (max 2.98)
  road_collision_create_-1,-3: 10.81 ms (max 28.49)
  road_collision_create_-1,0: 9.98 ms (max 17.80)
  road_collision_create_-2,-1: 8.43 ms (max 19.28)
  road_collision_create_-2,-2: 9.21 ms (max 16.57)
  road_collision_create_-2,-3: 7.25 ms (max 18.36)
  road_collision_create_-2,0: 12.37 ms (max 21.62)
  road_collision_create_0,-1: 10.96 ms (max 27.63)
  road_collision_create_0,-2: 10.04 ms (max 23.89)
  road_collision_create_0,-3: 3.95 ms (max 5.85)
  road_collision_create_0,0: 9.58 ms (max 25.68)
  road_collision_create_0,1: 13.06 ms (max 13.06)
  road_collision_create_1,-1: 11.11 ms (max 29.41)
  road_collision_create_1,-2: 3.62 ms (max 4.88)
  road_collision_create_1,-3: 6.94 ms (max 16.65)
  road_collision_create_1,0: 10.91 ms (max 10.91)
===========================

=== PERFORMANCE METRICS ===
FPS: 36 | Frame: 28.7 ms (max 124.6) | Physics: 16.6 ms (max 30.7)
Godot Process: 18.69 ms | Physics: 7.11 ms
Objects: 45722 | Nodes: 19355 | Resources: 538
Draw calls: 3851 | Vertices: 6805353 | VRAM: 732.5 MB
Physics bodies: 331 | Collision pairs: 3908
===========================
⚡ FRAME SPIKE #459: 26.7 ms at 24.1s (Draw: 3849, Bodies: 331)
⚡ FRAME SPIKE #460: 25.7 ms at 24.1s (Draw: 3846, Bodies: 331)
⚡ FRAME SPIKE #461: 25.9 ms at 24.2s (Draw: 3847, Bodies: 331)
⚡ FRAME SPIKE #462: 25.6 ms at 24.2s (Draw: 3847, Bodies: 331)
⚡ FRAME SPIKE #463: 27.8 ms at 24.2s (Draw: 3838, Bodies: 331)
⚡ FRAME SPIKE #464: 25.9 ms at 24.2s (Draw: 3934, Bodies: 331)
⚡ FRAME SPIKE #465: 25.9 ms at 24.3s (Draw: 3936, Bodies: 331)
🚗 Traffic: 24 active NPCs (Near: 0, Mid: 7, Far: 17), 6 pooled
  → Physics bodies from NPCs: 24 (All: 24×1, было бы 24×5=120)

========== Bottleneck Analysis Report ==========
Time: 34.5s | Frames: 1160

📊 PERFORMANCE OVERVIEW:
  FPS: 34.4 avg | 32.0 min
  Frame Time: 20.79 ms avg | 22.67 ms max
  Physics Time: 7.24 ms avg

🔍 BOTTLENECK IDENTIFICATION:
  🟠 [HIGH] Frame Time
      Value: 20.79 ms (target: 16.67 ms)
      Impact: Overall performance bottleneck
      Suggestions:
        • Reduce draw calls
        • Optimize scripts in _process()
        • Check for expensive operations per frame

  🟠 [HIGH] Draw Calls
      Value: 4130 calls/frame
      Impact: GPU rendering overhead
      Suggestions:
        • Batch meshes by material
        • Use MultiMeshInstance3D
        • Implement LOD system
        • Enable frustum culling

  🟠 [HIGH] Physics Bodies
      Value: 332 active bodies
      Impact: Physics engine load
      Suggestions:
        • Reduce NPC count
        • Convert distant NPCs to kinematic
        • Disable physics for far objects

  🟡 [MEDIUM] Physics Time
      Value: 7.24 ms
      Impact: Physics simulation overhead
      Suggestions:
        • Reduce number of active physics bodies
        • Simplify collision shapes
        • Disable physics for distant objects

  🟡 [MEDIUM] Vertex Count
      Value: 7702988 vertices/frame
      Impact: GPU vertex processing
      Suggestions:
        • Implement LOD for distant objects
        • Simplify building meshes
        • Use lower poly models

  🟡 [MEDIUM] Node Count
      Value: 19355 nodes
      Impact: Scene tree traversal overhead
      Suggestions:
        • Unload distant chunks
        • Pool and reuse nodes
        • Flatten hierarchy where possible

  🟡 [MEDIUM] Post-Processing Effects
      Value: SSAO, Glow/Bloom, Volumetric Fog
      Impact: GPU shader overhead
      Suggestions:
        • Reduce SSR quality
        • Disable SSAO on low-end hardware
        • Use simpler fog

📈 DETAILED STATS:
  Draw Calls: 4130 avg | 4448 max
  Vertices: 7702988 avg | 8150401 max
  Physics Bodies: 332
  Nodes: 19355
  VRAM: 732.5 MB

=================================================

⚡ FRAME SPIKE #466: 25.9 ms at 24.3s (Draw: 3964, Bodies: 331)
⚡ FRAME SPIKE #467: 25.9 ms at 24.3s (Draw: 3970, Bodies: 331)
OSM: Loading chunk -1,-4 at lat=59.1262, lon=37.8974
OSM: Loaded from cache: osm_v2_59.1262_37.8974_250.json
OSM: Loading chunk 0,-4 at lat=59.1262, lon=37.9026
OSM: Loaded from cache: osm_v2_59.1262_37.9026_250.json
OSM: Chunk -1,-4 data loaded
OSM: Found 12 POI nodes in chunk
POI_DEBUG: Found 'Муниципальное учреждение здравоохранения Стомотологическая п-ка №1. Протезирование' inside building at local (-317.5, -1042.1)
POI_DEBUG: Found 'Сбербанк' inside building at local (-151.6, -859.4)
BusinessSign: Found logo for 'сбербанк' -> res://textures/brand_logos/sberbank.png
BusinessSign: Found logo for 'сбербанк' -> res://textures/brand_logos/sberbank.png
OSM: Generated 49 roads, 50 buildings, 0 trees, 0 signs, 0 lamps, 21 intersections
OSM: Marked chunk '-1,-4' for road batch finalization
OSM: Post-initial chunk loaded, pending_lamps=234
OSM: _create_pending_lamps started, count=234
OSM: DEBUG - First lamp for chunk 1,-3: world_pos=(309.9,0.0,-743.9), parent_offset=(0.0,0.0,0.0), local_pos=(309.9,0.0,-743.9)
OSM: Created 141 lamps, skipped 93 (added to batches)
OSM: Finalizing 1 lamp batches immediately...
OSM: ✅ Finalized lamp batch 1,-3: 30 lamps (3 MultiMeshes + 30 lights, was 90 draw calls before)
OSM: Chunk 0,-4 data loaded
OSM: Found 9 POI nodes in chunk
OSM: Generated 21 roads, 15 buildings, 0 trees, 0 signs, 0 lamps, 12 intersections
OSM: Marked chunk '0,-4' for road batch finalization
OSM: Post-initial chunk loaded, pending_lamps=0
OSM: _create_pending_lamps started, count=0
OSM: No pending lamps
⚡ FRAME SPIKE #468: 111.0 ms at 24.3s (Draw: 4063, Bodies: 342)
OSM: DEBUG _add_road_to_batch - first road for chunk '-1,-4', parent.name='Chunk_-1,-4'
OSM: DEBUG _add_road_to_batch - first road for chunk '0,-4', parent.name='Chunk_0,-4'
⚡ FRAME SPIKE #469: 93.5 ms at 24.4s (Draw: 4160, Bodies: 342)
⚡ FRAME SPIKE #470: 64.7 ms at 24.5s (Draw: 4123, Bodies: 341)
⚡ FRAME SPIKE #471: 48.7 ms at 24.6s (Draw: 4073, Bodies: 343)
🔴 FREEZE: road collision shape creation took 6.7 ms for chunk -1,-4 (type: residential)
OSM: ✅ Finalized road batch -1,-4/residential: 2272 vertices, 2226 triangles, material: <ImageTexture#-9223371972648368119>
OSM: ✅ Finalized road batch -1,-4/path: 1590 vertices, 1538 triangles, material: <ImageTexture#-9223371972547704822>
⚠️ SLOW: road batch finalization took 11.0 ms for chunk -1,-4
⚠️ SLOW FRAME 13.2ms: building=0.5 road=11.1 terrain=1.2 infra=0.3 veg=0.0 curb=0.0ms
⚡ FRAME SPIKE #472: 50.5 ms at 24.7s (Draw: 4080, Bodies: 344)
🔴 FREEZE: road collision shape creation took 6.5 ms for chunk 0,-4 (type: residential)
OSM: ✅ Finalized road batch 0,-4/residential: 1086 vertices, 1060 triangles, material: <ImageTexture#-9223371972648368119>
OSM: ✅ Finalized road batch 0,-4/path: 414 vertices, 400 triangles, material: <ImageTexture#-9223371972547704822>
OSM: ✅ Finalized road batch 0,-4/primary: 108 vertices, 106 triangles, material: <ImageTexture#-9223371972749031416>
⚠️ SLOW: road batch finalization took 10.5 ms for chunk 0,-4
⚠️ SLOW FRAME 12.2ms: building=0.5 road=10.5 terrain=0.9 infra=0.3 veg=0.0 curb=0.0ms
⚡ FRAME SPIKE #473: 54.2 ms at 24.7s (Draw: 4090, Bodies: 344)
⚡ FRAME SPIKE #474: 50.5 ms at 24.8s (Draw: 4097, Bodies: 345)
⚠️ SLOW FRAME 11.3ms: building=0.4 road=0.9 terrain=9.1 infra=0.3 veg=0.0 curb=0.5ms
⚡ FRAME SPIKE #475: 47.6 ms at 24.8s (Draw: 4116, Bodies: 345)
⚠️ SLOW FRAME 10.1ms: building=0.5 road=0.8 terrain=8.2 infra=0.3 veg=0.0 curb=0.3ms
OSM: Unloaded chunk -2,1
⚡ FRAME SPIKE #476: 47.7 ms at 24.9s (Draw: 4183, Bodies: 344)
⚠️ SLOW FRAME 12.5ms: building=0.5 road=0.8 terrain=10.4 infra=0.4 veg=0.0 curb=0.4ms
⚡ FRAME SPIKE #477: 48.7 ms at 24.9s (Draw: 4197, Bodies: 344)
⚡ FRAME SPIKE #478: 37.6 ms at 25.0s (Draw: 4212, Bodies: 344)
⚠️ SLOW FRAME 21.0ms: building=0.5 road=1.1 terrain=18.8 infra=0.4 veg=0.0 curb=0.3ms
⚡ FRAME SPIKE #479: 50.0 ms at 25.0s (Draw: 4213, Bodies: 345)
⚡ FRAME SPIKE #480: 39.2 ms at 25.0s (Draw: 4203, Bodies: 345)
⚡ FRAME SPIKE #481: 30.2 ms at 25.1s (Draw: 4242, Bodies: 346)
⚡ FRAME SPIKE #482: 32.2 ms at 25.1s (Draw: 4237, Bodies: 345)
⚡ FRAME SPIKE #483: 30.6 ms at 25.1s (Draw: 4186, Bodies: 346)
⚡ FRAME SPIKE #484: 31.2 ms at 25.2s (Draw: 4201, Bodies: 347)
⚡ FRAME SPIKE #485: 30.4 ms at 25.2s (Draw: 4204, Bodies: 348)
⚡ FRAME SPIKE #486: 30.9 ms at 25.2s (Draw: 4210, Bodies: 349)
⚡ FRAME SPIKE #487: 25.9 ms at 25.3s (Draw: 4208, Bodies: 350)
⚡ FRAME SPIKE #488: 30.6 ms at 25.3s (Draw: 4209, Bodies: 351)
⚡ FRAME SPIKE #489: 30.6 ms at 25.3s (Draw: 4210, Bodies: 351)
⚡ FRAME SPIKE #490: 29.9 ms at 25.4s (Draw: 4214, Bodies: 352)
⚡ FRAME SPIKE #491: 30.6 ms at 25.4s (Draw: 4226, Bodies: 353)
⚡ FRAME SPIKE #492: 26.9 ms at 25.4s (Draw: 4222, Bodies: 354)
⚡ FRAME SPIKE #493: 29.7 ms at 25.4s (Draw: 4208, Bodies: 355)
⚡ FRAME SPIKE #494: 30.0 ms at 25.5s (Draw: 4215, Bodies: 356)
⚡ FRAME SPIKE #495: 29.6 ms at 25.5s (Draw: 4225, Bodies: 357)
⚡ FRAME SPIKE #496: 26.5 ms at 25.5s (Draw: 4218, Bodies: 358)
⚡ FRAME SPIKE #497: 29.6 ms at 25.6s (Draw: 4225, Bodies: 359)
⚡ FRAME SPIKE #498: 30.4 ms at 25.6s (Draw: 4238, Bodies: 360)
⚡ FRAME SPIKE #499: 33.3 ms at 25.6s (Draw: 4264, Bodies: 361)
⚡ FRAME SPIKE #500: 29.6 ms at 25.7s (Draw: 4263, Bodies: 361)
⚡ FRAME SPIKE #501: 28.1 ms at 25.7s (Draw: 4267, Bodies: 361)
⚡ FRAME SPIKE #502: 29.6 ms at 25.7s (Draw: 4267, Bodies: 361)
⚡ FRAME SPIKE #503: 29.6 ms at 25.7s (Draw: 4269, Bodies: 361)
⚡ FRAME SPIKE #504: 29.6 ms at 25.8s (Draw: 4266, Bodies: 361)
⚡ FRAME SPIKE #505: 26.3 ms at 25.8s (Draw: 4261, Bodies: 361)

========== PERFORMANCE METRICS ==========
Frames: 600
  total_frame: avg=1.09 ms, median=0.04 ms, max=57.22 ms, calls=600, total=652.5 ms
  road_queue: avg=0.59 ms, median=0.01 ms, max=33.67 ms, calls=600, total=351.3 ms
  road_batch_finalize: avg=18.87 ms, median=21.93 ms, max=33.66 ms, calls=6, total=113.2 ms
  road_create: avg=0.38 ms, median=0.12 ms, max=9.58 ms, calls=278, total=105.7 ms
  curb_mesh: avg=0.18 ms, median=0.00 ms, max=1.91 ms, calls=572, total=103.1 ms
  infra_queue: avg=0.12 ms, median=0.00 ms, max=0.77 ms, calls=600, total=71.5 ms
  terrain_queue: avg=0.11 ms, median=0.00 ms, max=18.78 ms, calls=600, total=65.7 ms
  infra_yield_sign: avg=0.43 ms, median=0.43 ms, max=0.54 ms, calls=140, total=59.8 ms
  building_results: avg=0.10 ms, median=0.00 ms, max=0.74 ms, calls=600, total=57.3 ms
  terrain_leisure: avg=3.80 ms, median=0.79 ms, max=18.03 ms, calls=15, total=57.0 ms
  vegetation_queue: avg=0.08 ms, median=0.00 ms, max=22.49 ms, calls=600, total=50.3 ms
  veg_trees: avg=8.27 ms, median=5.52 ms, max=22.47 ms, calls=6, total=49.6 ms
  curb_collisions: avg=0.07 ms, median=0.00 ms, max=1.41 ms, calls=600, total=43.9 ms
  building_apply: avg=0.29 ms, median=0.29 ms, max=0.46 ms, calls=136, total=39.5 ms
  building_sort: avg=0.10 ms, median=0.09 ms, max=0.26 ms, calls=116, total=12.2 ms
  window_batch_finalize: avg=1.90 ms, median=2.03 ms, max=2.49 ms, calls=4, total=7.6 ms
  infra_sort: avg=0.08 ms, median=0.08 ms, max=0.22 ms, calls=84, total=6.7 ms
  curb_smooth: avg=0.04 ms, median=0.03 ms, max=0.15 ms, calls=170, total=6.1 ms
  terrain_landuse: avg=0.11 ms, median=0.10 ms, max=0.23 ms, calls=51, total=5.5 ms
  road_sort: avg=0.31 ms, median=0.31 ms, max=0.58 ms, calls=11, total=3.4 ms
  infra_traffic_light: avg=0.67 ms, median=0.67 ms, max=0.70 ms, calls=4, total=2.7 ms
  curb_latlon: avg=0.01 ms, median=0.01 ms, max=0.03 ms, calls=170, total=2.1 ms
  terrain_sort: avg=0.08 ms, median=0.08 ms, max=0.12 ms, calls=8, total=0.7 ms
  terrain_natural: avg=0.09 ms, median=0.10 ms, max=0.13 ms, calls=6, total=0.6 ms
  veg_bushes_grass: avg=0.01 ms, median=0.01 ms, max=0.02 ms, calls=6, total=0.1 ms
==========================================


========== DRAW CALL BREAKDOWN ==========
Total tracked draw calls: 1645

  Vegetation  :   730 ( 44.4%) ████████
  Buildings   :   622 ( 37.8%) ███████
  Terrain     :   169 ( 10.3%) ██
  Roads       :    47 (  2.9%) 
  Lamps       :    36 (  2.2%) 
  Signs       :    26 (  1.6%) 
  Windows     :    15 (  0.9%) 

💡 RECOMMENDATIONS:
  🔴 Buildings: 37.8% of draw calls
     → Implement MultiMeshInstance3D for building base meshes
=========================================

⚡ FRAME SPIKE #506: 29.6 ms at 25.8s (Draw: 4259, Bodies: 360)
⚡ FRAME SPIKE #507: 30.8 ms at 25.9s (Draw: 4267, Bodies: 360)
⚡ FRAME SPIKE #508: 29.2 ms at 25.9s (Draw: 4264, Bodies: 359)
⚡ FRAME SPIKE #509: 25.5 ms at 25.9s (Draw: 4312, Bodies: 359)
⚡ FRAME SPIKE #510: 29.1 ms at 25.9s (Draw: 4355, Bodies: 359)
⚡ FRAME SPIKE #511: 28.7 ms at 26.0s (Draw: 4345, Bodies: 359)
⚡ FRAME SPIKE #512: 27.8 ms at 26.0s (Draw: 4237, Bodies: 359)
⚡ FRAME SPIKE #513: 25.3 ms at 26.0s (Draw: 4142, Bodies: 359)
⚡ FRAME SPIKE #514: 27.8 ms at 26.1s (Draw: 4152, Bodies: 359)
⚡ FRAME SPIKE #515: 27.8 ms at 26.1s (Draw: 4121, Bodies: 359)
⚡ FRAME SPIKE #516: 25.1 ms at 26.1s (Draw: 4118, Bodies: 358)
OSM: 🌙 NIGHT Window batch 0,-4 | night_mgr: CACHED | is_night value: true
OSM: ✅ Finalized window batch 0,-4: 2132 windows (was 2132 draw calls before batching)
⚡ FRAME SPIKE #517: 26.7 ms at 26.2s (Draw: 4111, Bodies: 358)
OSM: 🌙 NIGHT Window batch -1,-4 | night_mgr: CACHED | is_night value: true
OSM: ✅ Finalized window batch -1,-4: 6171 windows (was 6171 draw calls before batching)
⚡ FRAME SPIKE #518: 26.7 ms at 26.2s (Draw: 4112, Bodies: 358)
⚡ FRAME SPIKE #519: 26.9 ms at 26.2s (Draw: 4103, Bodies: 358)
⚡ FRAME SPIKE #520: 26.7 ms at 26.2s (Draw: 4101, Bodies: 358)
⚡ FRAME SPIKE #521: 26.7 ms at 26.3s (Draw: 4098, Bodies: 358)
🚗 Traffic: 9 active NPCs (Near: 0, Mid: 6, Far: 3), 21 pooled
  → Physics bodies from NPCs: 9 (All: 9×1, было бы 9×5=45)

========== Bottleneck Analysis Report ==========
Time: 36.5s | Frames: 1218

📊 PERFORMANCE OVERVIEW:
  FPS: 32.9 avg | 28.0 min
  Frame Time: 44.61 ms avg | 104.46 ms max
  Physics Time: 6.99 ms avg

🔍 BOTTLENECK IDENTIFICATION:
  🔴 [CRITICAL] Frame Time
      Value: 44.61 ms (target: 16.67 ms)
      Impact: Overall performance bottleneck
      Suggestions:
        • Reduce draw calls
        • Optimize scripts in _process()
        • Check for expensive operations per frame

  🟠 [HIGH] Draw Calls
      Value: 4098 calls/frame
      Impact: GPU rendering overhead
      Suggestions:
        • Batch meshes by material
        • Use MultiMeshInstance3D
        • Implement LOD system
        • Enable frustum culling

  🟠 [HIGH] Physics Bodies
      Value: 342 active bodies
      Impact: Physics engine load
      Suggestions:
        • Reduce NPC count
        • Convert distant NPCs to kinematic
        • Disable physics for far objects

  🟡 [MEDIUM] Physics Time
      Value: 6.99 ms
      Impact: Physics simulation overhead
      Suggestions:
        • Reduce number of active physics bodies
        • Simplify collision shapes
        • Disable physics for distant objects

  🟡 [MEDIUM] Vertex Count
      Value: 6810216 vertices/frame
      Impact: GPU vertex processing
      Suggestions:
        • Implement LOD for distant objects
        • Simplify building meshes
        • Use lower poly models

  🟡 [MEDIUM] Node Count
      Value: 21774 nodes
      Impact: Scene tree traversal overhead
      Suggestions:
        • Unload distant chunks
        • Pool and reuse nodes
        • Flatten hierarchy where possible

  🟡 [MEDIUM] Post-Processing Effects
      Value: SSAO, Glow/Bloom, Volumetric Fog
      Impact: GPU shader overhead
      Suggestions:
        • Reduce SSR quality
        • Disable SSAO on low-end hardware
        • Use simpler fog

📈 DETAILED STATS:
  Draw Calls: 4098 avg | 4355 max
  Vertices: 6810216 avg | 8064143 max
  Physics Bodies: 342
  Nodes: 21774
  VRAM: 735.2 MB

=================================================

⚡ FRAME SPIKE #522: 26.4 ms at 26.3s (Draw: 4097, Bodies: 358)
⚡ FRAME SPIKE #523: 25.9 ms at 26.4s (Draw: 4153, Bodies: 358)
⚡ FRAME SPIKE #524: 25.8 ms at 26.4s (Draw: 4139, Bodies: 358)
⚡ FRAME SPIKE #525: 27.3 ms at 27.7s (Draw: 4636, Bodies: 359)
⚡ FRAME SPIKE #526: 27.9 ms at 27.7s (Draw: 4595, Bodies: 359)
⚡ FRAME SPIKE #527: 25.8 ms at 27.7s (Draw: 4595, Bodies: 359)
⚡ FRAME SPIKE #528: 25.8 ms at 27.7s (Draw: 4568, Bodies: 359)
⚡ FRAME SPIKE #529: 25.8 ms at 27.8s (Draw: 4553, Bodies: 359)
⚡ FRAME SPIKE #530: 25.8 ms at 27.8s (Draw: 4555, Bodies: 359)
⚡ FRAME SPIKE #531: 25.8 ms at 27.8s (Draw: 4536, Bodies: 359)
⚡ FRAME SPIKE #532: 26.8 ms at 27.8s (Draw: 4530, Bodies: 359)
⚡ FRAME SPIKE #533: 29.7 ms at 27.9s (Draw: 4541, Bodies: 359)
⚡ FRAME SPIKE #534: 26.2 ms at 27.9s (Draw: 4547, Bodies: 359)
⚡ FRAME SPIKE #535: 27.1 ms at 27.9s (Draw: 4558, Bodies: 359)
⚡ FRAME SPIKE #536: 29.1 ms at 28.0s (Draw: 4581, Bodies: 359)
⚡ FRAME SPIKE #537: 26.7 ms at 28.0s (Draw: 4582, Bodies: 359)
⚡ FRAME SPIKE #538: 26.7 ms at 28.0s (Draw: 4581, Bodies: 359)
⚡ FRAME SPIKE #539: 26.7 ms at 28.0s (Draw: 4582, Bodies: 359)
⚡ FRAME SPIKE #540: 27.1 ms at 28.1s (Draw: 4574, Bodies: 359)
⚡ FRAME SPIKE #541: 27.1 ms at 28.1s (Draw: 4570, Bodies: 359)
⚡ FRAME SPIKE #542: 27.1 ms at 28.1s (Draw: 4564, Bodies: 359)
⚡ FRAME SPIKE #543: 27.1 ms at 28.1s (Draw: 4568, Bodies: 359)
⚡ FRAME SPIKE #544: 27.1 ms at 28.2s (Draw: 4563, Bodies: 359)
⚡ FRAME SPIKE #545: 27.1 ms at 28.2s (Draw: 4558, Bodies: 359)
⚡ FRAME SPIKE #546: 27.1 ms at 28.2s (Draw: 4557, Bodies: 359)
⚡ FRAME SPIKE #547: 27.1 ms at 28.2s (Draw: 4559, Bodies: 359)
⚡ FRAME SPIKE #548: 27.1 ms at 28.3s (Draw: 4567, Bodies: 359)
⚡ FRAME SPIKE #549: 27.1 ms at 28.3s (Draw: 4567, Bodies: 359)
🚗 Traffic: 10 active NPCs (Near: 0, Mid: 4, Far: 6), 20 pooled
  → Physics bodies from NPCs: 10 (All: 10×1, было бы 10×5=50)

========== Bottleneck Analysis Report ==========
Time: 38.6s | Frames: 1298

📊 PERFORMANCE OVERVIEW:
  FPS: 34.1 avg | 28.0 min
  Frame Time: 40.25 ms avg | 104.46 ms max
  Physics Time: 6.60 ms avg

🔍 BOTTLENECK IDENTIFICATION:
  🔴 [CRITICAL] Frame Time
      Value: 40.25 ms (target: 16.67 ms)
      Impact: Overall performance bottleneck
      Suggestions:
        • Reduce draw calls
        • Optimize scripts in _process()
        • Check for expensive operations per frame

  🟠 [HIGH] Draw Calls
      Value: 4302 calls/frame
      Impact: GPU rendering overhead
      Suggestions:
        • Batch meshes by material
        • Use MultiMeshInstance3D
        • Implement LOD system
        • Enable frustum culling

  🟠 [HIGH] Physics Bodies
      Value: 357 active bodies
      Impact: Physics engine load
      Suggestions:
        • Reduce NPC count
        • Convert distant NPCs to kinematic
        • Disable physics for far objects

  🟡 [MEDIUM] Physics Time
      Value: 6.60 ms
      Impact: Physics simulation overhead
      Suggestions:
        • Reduce number of active physics bodies
        • Simplify collision shapes
        • Disable physics for distant objects

  🟡 [MEDIUM] Vertex Count
      Value: 6586224 vertices/frame
      Impact: GPU vertex processing
      Suggestions:
        • Implement LOD for distant objects
        • Simplify building meshes
        • Use lower poly models

  🟡 [MEDIUM] Node Count
      Value: 21774 nodes
      Impact: Scene tree traversal overhead
      Suggestions:
        • Unload distant chunks
        • Pool and reuse nodes
        • Flatten hierarchy where possible

  🟡 [MEDIUM] Post-Processing Effects
      Value: SSAO, Glow/Bloom, Volumetric Fog
      Impact: GPU shader overhead
      Suggestions:
        • Reduce SSR quality
        • Disable SSAO on low-end hardware
        • Use simpler fog

📈 DETAILED STATS:
  Draw Calls: 4302 avg | 4642 max
  Vertices: 6586224 avg | 7873293 max
  Physics Bodies: 357
  Nodes: 21774
  VRAM: 735.2 MB

=================================================

⚡ FRAME SPIKE #550: 26.7 ms at 28.3s (Draw: 4570, Bodies: 359)
⚡ FRAME SPIKE #551: 27.1 ms at 28.4s (Draw: 4551, Bodies: 359)
⚡ FRAME SPIKE #552: 27.1 ms at 28.4s (Draw: 4540, Bodies: 359)
⚡ FRAME SPIKE #553: 26.7 ms at 28.4s (Draw: 4509, Bodies: 359)
⚡ FRAME SPIKE #554: 27.1 ms at 28.4s (Draw: 4500, Bodies: 359)
⚡ FRAME SPIKE #555: 26.7 ms at 28.5s (Draw: 4510, Bodies: 359)
⚡ FRAME SPIKE #556: 27.1 ms at 28.5s (Draw: 4526, Bodies: 359)
⚡ FRAME SPIKE #557: 27.1 ms at 28.5s (Draw: 4539, Bodies: 359)
⚡ FRAME SPIKE #558: 27.1 ms at 28.5s (Draw: 4535, Bodies: 359)
⚡ FRAME SPIKE #559: 27.5 ms at 28.6s (Draw: 4529, Bodies: 358)
⚡ FRAME SPIKE #560: 27.1 ms at 28.6s (Draw: 4542, Bodies: 358)
⚡ FRAME SPIKE #561: 27.1 ms at 28.6s (Draw: 4532, Bodies: 358)
⚡ FRAME SPIKE #562: 27.1 ms at 28.7s (Draw: 5237, Bodies: 360)
⚡ FRAME SPIKE #563: 27.1 ms at 28.7s (Draw: 5235, Bodies: 360)
⚡ FRAME SPIKE #564: 27.8 ms at 28.7s (Draw: 5220, Bodies: 360)
⚡ FRAME SPIKE #565: 31.6 ms at 28.7s (Draw: 5220, Bodies: 360)
⚡ FRAME SPIKE #566: 31.3 ms at 28.8s (Draw: 5219, Bodies: 360)
⚡ FRAME SPIKE #567: 27.8 ms at 28.8s (Draw: 5219, Bodies: 360)
⚡ FRAME SPIKE #568: 31.1 ms at 28.8s (Draw: 5219, Bodies: 360)
⚡ FRAME SPIKE #569: 32.1 ms at 28.9s (Draw: 5215, Bodies: 360)
⚡ FRAME SPIKE #570: 31.5 ms at 28.9s (Draw: 5219, Bodies: 360)
⚡ FRAME SPIKE #571: 31.2 ms at 28.9s (Draw: 5215, Bodies: 360)
⚡ FRAME SPIKE #572: 31.6 ms at 29.0s (Draw: 5210, Bodies: 360)
⚡ FRAME SPIKE #573: 31.1 ms at 29.0s (Draw: 5209, Bodies: 360)
⚡ FRAME SPIKE #574: 31.0 ms at 29.0s (Draw: 5209, Bodies: 360)
⚡ FRAME SPIKE #575: 31.0 ms at 29.0s (Draw: 5212, Bodies: 360)
⚡ FRAME SPIKE #576: 31.0 ms at 29.1s (Draw: 5214, Bodies: 360)

=== PERFORMANCE METRICS ===
FPS: 37 | Frame: 28.7 ms (max 111.0) | Physics: 16.7 ms (max 111.1)
Godot Process: 21.28 ms | Physics: 6.79 ms
Objects: 50534 | Nodes: 21774 | Resources: 538
Draw calls: 5214 | Vertices: 7617670 | VRAM: 735.2 MB
Physics bodies: 360 | Collision pairs: 4318
--- System Times ---
  road_batch_finalize_total_-1,-1: 23.87 ms (max 23.87)
  road_batch_finalize_total_-1,-2: 4.99 ms (max 4.99)
  road_batch_finalize_total_-1,-3: 33.62 ms (max 33.62)
  road_batch_finalize_total_-1,-4: 11.04 ms (max 11.04)
  road_batch_finalize_total_-1,0: 20.42 ms (max 20.42)
  road_batch_finalize_total_-2,-1: 25.99 ms (max 25.99)
  road_batch_finalize_total_-2,-2: 18.91 ms (max 18.91)
  road_batch_finalize_total_-2,-3: 22.80 ms (max 22.80)
  road_batch_finalize_total_-2,0: 25.22 ms (max 25.22)
  road_batch_finalize_total_0,-1: 33.61 ms (max 33.61)
  road_batch_finalize_total_0,-2: 30.84 ms (max 30.84)
  road_batch_finalize_total_0,-3: 13.13 ms (max 13.13)
  road_batch_finalize_total_0,-4: 10.46 ms (max 10.46)
  road_batch_finalize_total_0,0: 29.39 ms (max 29.39)
  road_batch_finalize_total_0,1: 13.30 ms (max 13.30)
  road_batch_finalize_total_1,-1: 33.95 ms (max 33.95)
  road_batch_finalize_total_1,-2: 7.65 ms (max 7.65)
  road_batch_finalize_total_1,-3: 21.88 ms (max 21.88)
  road_batch_finalize_total_1,0: 11.16 ms (max 11.16)
  road_collision_create_-1,-1: 7.72 ms (max 17.39)
  road_collision_create_-1,-2: 2.32 ms (max 2.98)
  road_collision_create_-1,-3: 10.81 ms (max 28.49)
  road_collision_create_-1,-4: 5.13 ms (max 6.66)
  road_collision_create_-1,0: 9.98 ms (max 17.80)
  road_collision_create_-2,-1: 8.43 ms (max 19.28)
  road_collision_create_-2,-2: 9.21 ms (max 16.57)
  road_collision_create_-2,-3: 7.25 ms (max 18.36)
  road_collision_create_-2,0: 12.37 ms (max 21.62)
  road_collision_create_0,-1: 10.96 ms (max 27.63)
  road_collision_create_0,-2: 10.04 ms (max 23.89)
  road_collision_create_0,-3: 3.95 ms (max 5.85)
  road_collision_create_0,-4: 3.25 ms (max 6.45)
  road_collision_create_0,0: 9.58 ms (max 25.68)
  road_collision_create_0,1: 13.06 ms (max 13.06)
  road_collision_create_1,-1: 11.11 ms (max 29.41)
  road_collision_create_1,-2: 3.62 ms (max 4.88)
  road_collision_create_1,-3: 6.94 ms (max 16.65)
  road_collision_create_1,0: 10.91 ms (max 10.91)
===========================

=== PERFORMANCE METRICS ===
FPS: 37 | Frame: 28.7 ms (max 111.0) | Physics: 16.7 ms (max 111.5)
Godot Process: 21.28 ms | Physics: 6.79 ms
Objects: 50534 | Nodes: 21774 | Resources: 538
Draw calls: 5214 | Vertices: 7617670 | VRAM: 735.2 MB
Physics bodies: 360 | Collision pairs: 4318
===========================
⚡ FRAME SPIKE #577: 30.6 ms at 29.1s (Draw: 5213, Bodies: 360)
⚡ FRAME SPIKE #578: 31.0 ms at 29.1s (Draw: 5215, Bodies: 360)
⚡ FRAME SPIKE #579: 31.0 ms at 29.2s (Draw: 5219, Bodies: 360)
⚡ FRAME SPIKE #580: 31.0 ms at 29.2s (Draw: 5230, Bodies: 360)
⚡ FRAME SPIKE #581: 31.0 ms at 29.2s (Draw: 5237, Bodies: 360)
⚡ FRAME SPIKE #582: 30.7 ms at 29.3s (Draw: 5244, Bodies: 360)
⚡ FRAME SPIKE #583: 31.0 ms at 29.3s (Draw: 5258, Bodies: 360)
⚡ FRAME SPIKE #584: 31.0 ms at 29.3s (Draw: 5271, Bodies: 360)
⚡ FRAME SPIKE #585: 31.0 ms at 29.4s (Draw: 5269, Bodies: 360)
⚡ FRAME SPIKE #586: 31.0 ms at 29.4s (Draw: 5279, Bodies: 360)
⚡ FRAME SPIKE #587: 31.0 ms at 29.4s (Draw: 5314, Bodies: 360)
⚡ FRAME SPIKE #588: 31.0 ms at 29.4s (Draw: 5345, Bodies: 360)
⚡ FRAME SPIKE #589: 31.0 ms at 29.5s (Draw: 5400, Bodies: 360)
⚡ FRAME SPIKE #590: 30.8 ms at 29.5s (Draw: 5425, Bodies: 360)
⚡ FRAME SPIKE #591: 31.0 ms at 29.5s (Draw: 5415, Bodies: 360)
⚡ FRAME SPIKE #592: 31.0 ms at 29.6s (Draw: 5411, Bodies: 360)
⚡ FRAME SPIKE #593: 31.0 ms at 29.6s (Draw: 5412, Bodies: 360)
⚡ FRAME SPIKE #594: 31.0 ms at 29.6s (Draw: 5421, Bodies: 360)
⚡ FRAME SPIKE #595: 31.0 ms at 29.7s (Draw: 5439, Bodies: 362)
⚡ FRAME SPIKE #596: 31.0 ms at 29.7s (Draw: 5438, Bodies: 362)
⚡ FRAME SPIKE #597: 31.0 ms at 29.7s (Draw: 5433, Bodies: 362)
⚡ FRAME SPIKE #598: 31.6 ms at 29.8s (Draw: 5422, Bodies: 362)
⚡ FRAME SPIKE #599: 32.8 ms at 29.8s (Draw: 5420, Bodies: 362)
⚡ FRAME SPIKE #600: 32.5 ms at 29.8s (Draw: 5422, Bodies: 362)
⚡ FRAME SPIKE #601: 31.7 ms at 29.9s (Draw: 5411, Bodies: 362)
⚡ FRAME SPIKE #602: 32.4 ms at 29.9s (Draw: 5408, Bodies: 362)
⚡ FRAME SPIKE #603: 32.3 ms at 29.9s (Draw: 5408, Bodies: 362)
⚡ FRAME SPIKE #604: 31.7 ms at 30.0s (Draw: 5413, Bodies: 362)
⚡ FRAME SPIKE #605: 31.7 ms at 30.0s (Draw: 5424, Bodies: 362)
⚡ FRAME SPIKE #606: 31.7 ms at 30.0s (Draw: 5458, Bodies: 362)
⚡ FRAME SPIKE #607: 31.7 ms at 30.0s (Draw: 5495, Bodies: 362)
⚡ FRAME SPIKE #608: 31.7 ms at 30.1s (Draw: 5544, Bodies: 362)
⚡ FRAME SPIKE #609: 31.7 ms at 30.1s (Draw: 5572, Bodies: 362)
⚡ FRAME SPIKE #610: 31.7 ms at 30.1s (Draw: 5576, Bodies: 362)
⚡ FRAME SPIKE #611: 31.7 ms at 30.2s (Draw: 5580, Bodies: 362)
⚡ FRAME SPIKE #612: 31.7 ms at 30.2s (Draw: 5586, Bodies: 361)
⚡ FRAME SPIKE #613: 31.7 ms at 30.2s (Draw: 5597, Bodies: 361)
⚡ FRAME SPIKE #614: 31.7 ms at 30.3s (Draw: 5600, Bodies: 361)
⚡ FRAME SPIKE #615: 31.7 ms at 30.3s (Draw: 5608, Bodies: 361)
🚗 Traffic: 12 active NPCs (Near: 0, Mid: 7, Far: 5), 18 pooled
  → Physics bodies from NPCs: 12 (All: 12×1, было бы 12×5=60)

========== Bottleneck Analysis Report ==========
Time: 40.6s | Frames: 1364

📊 PERFORMANCE OVERVIEW:
  FPS: 37.5 avg | 32.0 min
  Frame Time: 20.59 ms avg | 26.05 ms max
  Physics Time: 6.51 ms avg

🔍 BOTTLENECK IDENTIFICATION:
  🟠 [HIGH] Frame Time
      Value: 20.59 ms (target: 16.67 ms)
      Impact: Overall performance bottleneck
      Suggestions:
        • Reduce draw calls
        • Optimize scripts in _process()
        • Check for expensive operations per frame

  🟠 [HIGH] Draw Calls
      Value: 4879 calls/frame
      Impact: GPU rendering overhead
      Suggestions:
        • Batch meshes by material
        • Use MultiMeshInstance3D
        • Implement LOD system
        • Enable frustum culling

  🟠 [HIGH] Physics Bodies
      Value: 359 active bodies
      Impact: Physics engine load
      Suggestions:
        • Reduce NPC count
        • Convert distant NPCs to kinematic
        • Disable physics for far objects

  🟡 [MEDIUM] Physics Time
      Value: 6.51 ms
      Impact: Physics simulation overhead
      Suggestions:
        • Reduce number of active physics bodies
        • Simplify collision shapes
        • Disable physics for distant objects

  🟡 [MEDIUM] Vertex Count
      Value: 7535076 vertices/frame
      Impact: GPU vertex processing
      Suggestions:
        • Implement LOD for distant objects
        • Simplify building meshes
        • Use lower poly models

  🟡 [MEDIUM] Node Count
      Value: 21774 nodes
      Impact: Scene tree traversal overhead
      Suggestions:
        • Unload distant chunks
        • Pool and reuse nodes
        • Flatten hierarchy where possible

  🟡 [MEDIUM] Post-Processing Effects
      Value: SSAO, Glow/Bloom, Volumetric Fog
      Impact: GPU shader overhead
      Suggestions:
        • Reduce SSR quality
        • Disable SSAO on low-end hardware
        • Use simpler fog

📈 DETAILED STATS:
  Draw Calls: 4879 avg | 5608 max
  Vertices: 7535076 avg | 7873293 max
  Physics Bodies: 359
  Nodes: 21774
  VRAM: 735.2 MB

=================================================

⚡ FRAME SPIKE #616: 31.7 ms at 30.3s (Draw: 5612, Bodies: 361)
⚡ FRAME SPIKE #617: 31.7 ms at 30.4s (Draw: 5612, Bodies: 361)
⚡ FRAME SPIKE #618: 31.7 ms at 30.4s (Draw: 5618, Bodies: 361)
⚡ FRAME SPIKE #619: 31.7 ms at 30.4s (Draw: 5613, Bodies: 361)
⚡ FRAME SPIKE #620: 33.5 ms at 30.5s (Draw: 5622, Bodies: 361)
⚡ FRAME SPIKE #621: 33.5 ms at 30.5s (Draw: 5628, Bodies: 361)
⚡ FRAME SPIKE #622: 34.1 ms at 30.5s (Draw: 5633, Bodies: 361)
OSM: Loading chunk 1,-4 at lat=59.1262, lon=37.9079
OSM: Loaded from cache: osm_v2_59.1262_37.9079_250.json
OSM: Chunk 1,-4 data loaded
OSM: Found 23 POI nodes in chunk
POI_DEBUG: Found 'Барбершоп Borodach' inside building at local (598.1, -1152.7)
POI_DEBUG: Found 'Laparet' inside building at local (515.0, -1168.2)
POI_DEBUG: Found 'Буквоед' inside building at local (439.2, -1181.7)
POI_DEBUG: Found 'Эдельвейс' inside building at local (364.3, -1199.0)
POI_DEBUG: Found 'Совкомбанк' inside building at local (328.8, -1220.7)
POI_DEBUG: Found 'Теплэко' inside building at local (458.7, -1132.0)
POI_DEBUG: Found 'Роскедр' inside building at local (472.2, -1125.1)
POI_DEBUG: Found 'Ozon' inside building at local (549.4, -1105.1)
BusinessSign: Found logo for 'ozon' -> res://textures/brand_logos/ozon.png
POI_DEBUG: Found 'Академия слуха' inside building at local (369.2, -911.4)
POI_DEBUG: Found 'Лабиринт' inside building at local (380.4, -997.8)
POI_DEBUG: Found 'Управдом' inside building at local (387.6, -1001.8)
POI_DEBUG: Found 'ИнжЭкон' inside building at local (480.2, -1020.0)
OSM: Generated 56 roads, 21 buildings, 0 trees, 0 signs, 0 lamps, 33 intersections
OSM: Marked chunk '1,-4' for road batch finalization
OSM: Post-initial chunk loaded, pending_lamps=24
OSM: _create_pending_lamps started, count=24
OSM: DEBUG - First lamp for chunk 1,-4: world_pos=(337.9,0.0,-1110.5), parent_offset=(0.0,0.0,0.0), local_pos=(337.9,0.0,-1110.5)
OSM: DEBUG - First lamp for chunk 0,-4: world_pos=(299.2,0.0,-961.7), parent_offset=(0.0,0.0,0.0), local_pos=(299.2,0.0,-961.7)
OSM: Created 19 lamps, skipped 5 (added to batches)
OSM: Finalizing 2 lamp batches immediately...
OSM: ✅ Finalized lamp batch 1,-4: 15 lamps (3 MultiMeshes + 15 lights, was 45 draw calls before)
OSM: ✅ Finalized lamp batch 0,-4: 1 lamps (3 MultiMeshes + 1 lights, was 3 draw calls before)
⚡ FRAME SPIKE #623: 88.4 ms at 30.6s (Draw: 5755, Bodies: 361)
OSM: DEBUG _add_road_to_batch - first road for chunk '1,-4', parent.name='Chunk_1,-4'
⚡ FRAME SPIKE #624: 58.8 ms at 30.6s (Draw: 5771, Bodies: 362)
⚡ FRAME SPIKE #625: 61.1 ms at 30.7s (Draw: 6572, Bodies: 365)
⚡ FRAME SPIKE #626: 59.5 ms at 30.8s (Draw: 6610, Bodies: 366)
⚡ FRAME SPIKE #627: 48.0 ms at 30.8s (Draw: 6678, Bodies: 367)
⚡ FRAME SPIKE #628: 48.1 ms at 30.9s (Draw: 6722, Bodies: 368)
🔴 FREEZE: road collision shape creation took 23.9 ms for chunk 1,-4 (type: path)
OSM: ✅ Finalized road batch 1,-4/path: 1222 vertices, 1190 triangles, material: <ImageTexture#-9223371972547704822>
OSM: ✅ Finalized road batch 1,-4/primary: 446 vertices, 432 triangles, material: <ImageTexture#-9223371972749031416>
OSM: ✅ Finalized road batch 1,-4/residential: 2004 vertices, 1938 triangles, material: <ImageTexture#-9223371972648368119>
⚠️ SLOW: road batch finalization took 31.6 ms for chunk 1,-4
⚠️ SLOW FRAME 32.6ms: building=0.4 road=31.6 terrain=0.3 infra=0.3 veg=0.0 curb=0.0ms
⚡ FRAME SPIKE #629: 61.0 ms at 30.9s (Draw: 6744, Bodies: 369)
⚠️ SLOW FRAME 24.0ms: building=0.4 road=1.2 terrain=6.4 infra=0.3 veg=15.7 curb=0.0ms
⚡ FRAME SPIKE #630: 70.4 ms at 31.0s (Draw: 6757, Bodies: 369)
⚡ FRAME SPIKE #631: 58.3 ms at 31.1s (Draw: 6772, Bodies: 370)
⚡ FRAME SPIKE #632: 53.7 ms at 31.1s (Draw: 6779, Bodies: 371)
⚡ FRAME SPIKE #633: 42.6 ms at 31.2s (Draw: 6771, Bodies: 371)
⚡ FRAME SPIKE #634: 44.2 ms at 31.2s (Draw: 6761, Bodies: 372)
⚡ FRAME SPIKE #635: 44.7 ms at 31.3s (Draw: 6780, Bodies: 373)
⚡ FRAME SPIKE #636: 36.8 ms at 31.3s (Draw: 6777, Bodies: 374)
⚡ FRAME SPIKE #637: 41.8 ms at 31.3s (Draw: 6791, Bodies: 375)
⚡ FRAME SPIKE #638: 39.3 ms at 31.4s (Draw: 6806, Bodies: 376)
⚡ FRAME SPIKE #639: 38.1 ms at 31.4s (Draw: 6810, Bodies: 377)
⚡ FRAME SPIKE #640: 41.7 ms at 31.5s (Draw: 6822, Bodies: 378)
⚡ FRAME SPIKE #641: 40.8 ms at 31.5s (Draw: 6835, Bodies: 379)
OSM: 🌙 NIGHT Window batch 1,-4 | night_mgr: CACHED | is_night value: true
OSM: ✅ Finalized window batch 1,-4: 5946 windows (was 5946 draw calls before batching)
⚡ FRAME SPIKE #642: 41.7 ms at 31.5s (Draw: 6874, Bodies: 378)
OSM: 🌙 NIGHT Window batch 1,-4 | night_mgr: CACHED | is_night value: true
OSM: ✅ Finalized window batch 1,-4: 620 windows (was 620 draw calls before batching)
⚡ FRAME SPIKE #643: 40.7 ms at 31.6s (Draw: 6898, Bodies: 379)
OSM: Loading chunk -2,-4 at lat=59.1262, lon=37.8921
OSM: Loaded from cache: osm_v2_59.1262_37.8921_250.json
OSM: Chunk -2,-4 data loaded
OSM: Found 17 POI nodes in chunk
POI_DEBUG: Found 'Семья7' inside building at local (-443.6, -1129.9)
POI_DEBUG: Found 'Северный' inside building at local (-453.0, -1083.6)
POI_DEBUG: Found 'Антей' inside building at local (-439.0, -1137.5)
POI_DEBUG: Found 'Быстрый заём' inside building at local (-401.3, -1066.1)
POI_DEBUG: Found 'Муниципальное учреждение здравоохранения Стомотологическая п-ка №1. Протезирование' inside building at local (-317.5, -1042.1)
POI_DEBUG: Found 'Мировые' inside building at local (-336.2, -995.9)
POI_DEBUG: Found 'полиц. пункт' inside building at local (-363.7, -1003.3)
POI_DEBUG: Found 'Ozon' inside building at local (-578.2, -925.2)
BusinessSign: Found logo for 'ozon' -> res://textures/brand_logos/ozon.png
POI_DEBUG: Found 'Ла Ла Ланч' inside building at local (-534.1, -955.2)
OSM: Generated 47 roads, 51 buildings, 1 trees, 0 signs, 0 lamps, 36 intersections
OSM: Marked chunk '-2,-4' for road batch finalization
OSM: Post-initial chunk loaded, pending_lamps=150
OSM: _create_pending_lamps started, count=150
OSM: DEBUG - First lamp for chunk 1,-4: world_pos=(348.8,0.0,-905.1), parent_offset=(0.0,0.0,0.0), local_pos=(348.8,0.0,-905.1)
OSM: DEBUG - First lamp for chunk 0,-4: world_pos=(264.8,0.0,-1199.0), parent_offset=(0.0,0.0,0.0), local_pos=(264.8,0.0,-1199.0)
OSM: Created 77 lamps, skipped 73 (added to batches)
OSM: Finalizing 2 lamp batches immediately...
OSM: ✅ Finalized lamp batch 1,-4: 42 lamps (3 MultiMeshes + 42 lights, was 126 draw calls before)
OSM: ✅ Finalized lamp batch 0,-4: 2 lamps (3 MultiMeshes + 2 lights, was 6 draw calls before)
⚡ FRAME SPIKE #644: 111.9 ms at 31.6s (Draw: 7074, Bodies: 384)
OSM: DEBUG _add_road_to_batch - first road for chunk '-2,-4', parent.name='Chunk_-2,-4'
⚡ FRAME SPIKE #645: 88.4 ms at 31.7s (Draw: 7090, Bodies: 386)
⚡ FRAME SPIKE #646: 65.5 ms at 31.8s (Draw: 7094, Bodies: 387)
🔴 FREEZE: road collision shape creation took 15.6 ms for chunk -2,-4 (type: path)
OSM: ✅ Finalized road batch -2,-4/path: 808 vertices, 786 triangles, material: <ImageTexture#-9223371972547704822>
🔴 FREEZE: road collision shape creation took 6.2 ms for chunk -2,-4 (type: residential)
OSM: ✅ Finalized road batch -2,-4/residential: 2952 vertices, 2880 triangles, material: <ImageTexture#-9223371972648368119>
⚠️ SLOW: road batch finalization took 22.8 ms for chunk -2,-4
⚠️ SLOW FRAME 24.1ms: building=0.5 road=22.8 terrain=0.3 infra=0.4 veg=0.0 curb=0.0ms
⚡ FRAME SPIKE #647: 74.0 ms at 31.9s (Draw: 7096, Bodies: 388)
⚡ FRAME SPIKE #648: 58.7 ms at 32.0s (Draw: 7100, Bodies: 389)
⚡ FRAME SPIKE #649: 59.4 ms at 32.0s (Draw: 7107, Bodies: 389)
⚡ FRAME SPIKE #650: 47.1 ms at 32.1s (Draw: 7109, Bodies: 390)
OSM: Unloaded chunk -2,-4
⚡ FRAME SPIKE #651: 53.5 ms at 32.1s (Draw: 6910, Bodies: 380)
⚡ FRAME SPIKE #652: 51.9 ms at 32.2s (Draw: 6900, Bodies: 380)
⚡ FRAME SPIKE #653: 43.6 ms at 32.2s (Draw: 6895, Bodies: 380)
⚡ FRAME SPIKE #654: 42.8 ms at 32.3s (Draw: 6889, Bodies: 380)
⚡ FRAME SPIKE #655: 37.4 ms at 32.3s (Draw: 6845, Bodies: 380)
🚗 Traffic: 11 active NPCs (Near: 0, Mid: 8, Far: 3), 19 pooled
  → Physics bodies from NPCs: 11 (All: 11×1, было бы 11×5=55)

========== Bottleneck Analysis Report ==========
Time: 42.6s | Frames: 1404

📊 PERFORMANCE OVERVIEW:
  FPS: 33.8 avg | 19.0 min
  Frame Time: 35.69 ms avg | 101.41 ms max
  Physics Time: 6.74 ms avg

🔍 BOTTLENECK IDENTIFICATION:
  🔴 [CRITICAL] Frame Time
      Value: 35.69 ms (target: 16.67 ms)
      Impact: Overall performance bottleneck
      Suggestions:
        • Reduce draw calls
        • Optimize scripts in _process()
        • Check for expensive operations per frame

  🟠 [HIGH] Draw Calls
      Value: 5591 calls/frame
      Impact: GPU rendering overhead
      Suggestions:
        • Batch meshes by material
        • Use MultiMeshInstance3D
        • Implement LOD system
        • Enable frustum culling

  🟠 [HIGH] Physics Bodies
      Value: 364 active bodies
      Impact: Physics engine load
      Suggestions:
        • Reduce NPC count
        • Convert distant NPCs to kinematic
        • Disable physics for far objects

  🟡 [MEDIUM] Physics Time
      Value: 6.74 ms
      Impact: Physics simulation overhead
      Suggestions:
        • Reduce number of active physics bodies
        • Simplify collision shapes
        • Disable physics for distant objects

  🟡 [MEDIUM] Vertex Count
      Value: 7734827 vertices/frame
      Impact: GPU vertex processing
      Suggestions:
        • Implement LOD for distant objects
        • Simplify building meshes
        • Use lower poly models

  🟡 [MEDIUM] Node Count
      Value: 23322 nodes
      Impact: Scene tree traversal overhead
      Suggestions:
        • Unload distant chunks
        • Pool and reuse nodes
        • Flatten hierarchy where possible

  🟡 [MEDIUM] Post-Processing Effects
      Value: SSAO, Glow/Bloom, Volumetric Fog
      Impact: GPU shader overhead
      Suggestions:
        • Reduce SSR quality
        • Disable SSAO on low-end hardware
        • Use simpler fog

📈 DETAILED STATS:
  Draw Calls: 5591 avg | 7109 max
  Vertices: 7734827 avg | 8545543 max
  Physics Bodies: 364
  Nodes: 23322
  VRAM: 737.7 MB

=================================================

⚡ FRAME SPIKE #656: 44.4 ms at 32.4s (Draw: 6824, Bodies: 380)
⚡ FRAME SPIKE #657: 35.5 ms at 32.4s (Draw: 6794, Bodies: 380)
⚡ FRAME SPIKE #658: 35.1 ms at 32.4s (Draw: 6795, Bodies: 380)
⚡ FRAME SPIKE #659: 41.4 ms at 32.5s (Draw: 6803, Bodies: 380)
⚡ FRAME SPIKE #660: 35.2 ms at 32.5s (Draw: 6802, Bodies: 380)
⚡ FRAME SPIKE #661: 35.5 ms at 32.5s (Draw: 6803, Bodies: 380)
⚡ FRAME SPIKE #662: 35.9 ms at 32.6s (Draw: 6795, Bodies: 380)
⚡ FRAME SPIKE #663: 35.7 ms at 32.6s (Draw: 6795, Bodies: 380)
OSM: Loading chunk -2,-4 at lat=59.1262, lon=37.8921
OSM: Loaded from cache: osm_v2_59.1262_37.8921_250.json
OSM: Unloaded chunk -1,1
OSM: Chunk -2,-4 data loaded
OSM: Found 17 POI nodes in chunk
POI_DEBUG: Found 'Семья7' inside building at local (-443.6, -1129.9)
POI_DEBUG: Found 'Северный' inside building at local (-453.0, -1083.6)
POI_DEBUG: Found 'Антей' inside building at local (-439.0, -1137.5)
POI_DEBUG: Found 'Быстрый заём' inside building at local (-401.3, -1066.1)
POI_DEBUG: Found 'Муниципальное учреждение здравоохранения Стомотологическая п-ка №1. Протезирование' inside building at local (-317.5, -1042.1)
POI_DEBUG: Found 'Мировые' inside building at local (-336.2, -995.9)
POI_DEBUG: Found 'полиц. пункт' inside building at local (-363.7, -1003.3)
POI_DEBUG: Found 'Ozon' inside building at local (-578.2, -925.2)
BusinessSign: Found logo for 'ozon' -> res://textures/brand_logos/ozon.png
POI_DEBUG: Found 'Ла Ла Ланч' inside building at local (-534.1, -955.2)
OSM: Generated 47 roads, 51 buildings, 1 trees, 0 signs, 0 lamps, 36 intersections
OSM: Marked chunk '-2,-4' for road batch finalization
OSM: Post-initial chunk loaded, pending_lamps=0
OSM: _create_pending_lamps started, count=0
OSM: No pending lamps
⚡ FRAME SPIKE #664: 82.4 ms at 32.7s (Draw: 6927, Bodies: 383)
OSM: DEBUG _add_road_to_batch - first road for chunk '-2,-4', parent.name='Chunk_-2,-4'
⚡ FRAME SPIKE #665: 78.3 ms at 32.7s (Draw: 6950, Bodies: 385)
⚡ FRAME SPIKE #666: 66.7 ms at 32.8s (Draw: 6995, Bodies: 385)
🔴 FREEZE: road collision shape creation took 8.3 ms for chunk -2,-4 (type: path)
OSM: ✅ Finalized road batch -2,-4/path: 808 vertices, 786 triangles, material: <ImageTexture#-9223371972547704822>
🔴 FREEZE: road collision shape creation took 5.6 ms for chunk -2,-4 (type: residential)
OSM: ✅ Finalized road batch -2,-4/residential: 2952 vertices, 2880 triangles, material: <ImageTexture#-9223371972648368119>
⚠️ SLOW: road batch finalization took 14.8 ms for chunk -2,-4
⚠️ SLOW FRAME 15.8ms: building=0.6 road=14.9 terrain=0.3 infra=0.1 veg=0.0 curb=0.0ms
⚡ FRAME SPIKE #667: 66.7 ms at 32.9s (Draw: 6977, Bodies: 385)
⚡ FRAME SPIKE #668: 54.9 ms at 32.9s (Draw: 6957, Bodies: 384)
⚡ FRAME SPIKE #669: 44.9 ms at 33.0s (Draw: 6956, Bodies: 384)
⚡ FRAME SPIKE #670: 45.6 ms at 33.0s (Draw: 6957, Bodies: 384)
⚡ FRAME SPIKE #671: 45.5 ms at 33.1s (Draw: 6957, Bodies: 384)
⚡ FRAME SPIKE #672: 47.4 ms at 33.1s (Draw: 6947, Bodies: 384)
OSM: Unloaded chunk 1,1
⚡ FRAME SPIKE #673: 40.0 ms at 33.2s (Draw: 6956, Bodies: 384)
⚡ FRAME SPIKE #674: 45.8 ms at 33.2s (Draw: 6947, Bodies: 384)
⚡ FRAME SPIKE #675: 45.6 ms at 33.3s (Draw: 6953, Bodies: 385)
⚡ FRAME SPIKE #676: 38.6 ms at 33.3s (Draw: 6948, Bodies: 385)
⚡ FRAME SPIKE #677: 44.4 ms at 33.4s (Draw: 6965, Bodies: 386)
⚡ FRAME SPIKE #678: 42.1 ms at 33.4s (Draw: 6965, Bodies: 386)
⚡ FRAME SPIKE #679: 44.4 ms at 33.4s (Draw: 6974, Bodies: 386)
⚡ FRAME SPIKE #680: 44.4 ms at 33.5s (Draw: 7018, Bodies: 386)
⚡ FRAME SPIKE #681: 41.4 ms at 33.5s (Draw: 7074, Bodies: 387)
⚡ FRAME SPIKE #682: 46.7 ms at 33.6s (Draw: 7127, Bodies: 388)
⚡ FRAME SPIKE #683: 43.9 ms at 33.6s (Draw: 7120, Bodies: 389)
⚡ FRAME SPIKE #684: 43.7 ms at 33.7s (Draw: 7108, Bodies: 389)
⚡ FRAME SPIKE #685: 45.7 ms at 33.7s (Draw: 7116, Bodies: 390)
⚡ FRAME SPIKE #686: 43.9 ms at 33.7s (Draw: 7188, Bodies: 392)
⚡ FRAME SPIKE #687: 43.9 ms at 33.8s (Draw: 7219, Bodies: 393)
⚡ FRAME SPIKE #688: 43.9 ms at 33.8s (Draw: 7263, Bodies: 393)
⚡ FRAME SPIKE #689: 43.9 ms at 33.9s (Draw: 7245, Bodies: 393)
⚡ FRAME SPIKE #690: 43.9 ms at 33.9s (Draw: 7256, Bodies: 393)
⚡ FRAME SPIKE #691: 43.9 ms at 34.0s (Draw: 7264, Bodies: 393)
⚡ FRAME SPIKE #692: 43.9 ms at 34.0s (Draw: 7257, Bodies: 393)
⚡ FRAME SPIKE #693: 43.9 ms at 34.1s (Draw: 7238, Bodies: 393)
⚡ FRAME SPIKE #694: 43.9 ms at 34.1s (Draw: 7245, Bodies: 393)

=== PERFORMANCE METRICS ===
FPS: 21 | Frame: 34.4 ms (max 111.9) | Physics: 16.7 ms (max 108.5)
Godot Process: 39.58 ms | Physics: 7.53 ms
Objects: 57368 | Nodes: 24944 | Resources: 538
Draw calls: 7245 | Vertices: 7689420 | VRAM: 738.7 MB
Physics bodies: 393 | Collision pairs: 5070
--- System Times ---
  road_batch_finalize_total_-1,-1: 23.87 ms (max 23.87)
  road_batch_finalize_total_-1,-2: 4.99 ms (max 4.99)
  road_batch_finalize_total_-1,-3: 33.62 ms (max 33.62)
  road_batch_finalize_total_-1,-4: 11.04 ms (max 11.04)
  road_batch_finalize_total_-1,0: 20.42 ms (max 20.42)
  road_batch_finalize_total_-2,-1: 25.99 ms (max 25.99)
  road_batch_finalize_total_-2,-2: 18.91 ms (max 18.91)
  road_batch_finalize_total_-2,-3: 22.80 ms (max 22.80)
  road_batch_finalize_total_-2,-4: 18.82 ms (max 22.80)
  road_batch_finalize_total_-2,0: 25.22 ms (max 25.22)
  road_batch_finalize_total_0,-1: 33.61 ms (max 33.61)
  road_batch_finalize_total_0,-2: 30.84 ms (max 30.84)
  road_batch_finalize_total_0,-3: 13.13 ms (max 13.13)
  road_batch_finalize_total_0,-4: 10.46 ms (max 10.46)
  road_batch_finalize_total_0,0: 29.39 ms (max 29.39)
  road_batch_finalize_total_0,1: 13.30 ms (max 13.30)
  road_batch_finalize_total_1,-1: 33.95 ms (max 33.95)
  road_batch_finalize_total_1,-2: 7.65 ms (max 7.65)
  road_batch_finalize_total_1,-3: 21.88 ms (max 21.88)
  road_batch_finalize_total_1,-4: 31.59 ms (max 31.59)
  road_batch_finalize_total_1,0: 11.16 ms (max 11.16)
  road_collision_create_-1,-1: 7.72 ms (max 17.39)
  road_collision_create_-1,-2: 2.32 ms (max 2.98)
  road_collision_create_-1,-3: 10.81 ms (max 28.49)
  road_collision_create_-1,-4: 5.13 ms (max 6.66)
  road_collision_create_-1,0: 9.98 ms (max 17.80)
  road_collision_create_-2,-1: 8.43 ms (max 19.28)
  road_collision_create_-2,-2: 9.21 ms (max 16.57)
  road_collision_create_-2,-3: 7.25 ms (max 18.36)
  road_collision_create_-2,-4: 8.91 ms (max 15.58)
  road_collision_create_-2,0: 12.37 ms (max 21.62)
  road_collision_create_0,-1: 10.96 ms (max 27.63)
  road_collision_create_0,-2: 10.04 ms (max 23.89)
  road_collision_create_0,-3: 3.95 ms (max 5.85)
  road_collision_create_0,-4: 3.25 ms (max 6.45)
  road_collision_create_0,0: 9.58 ms (max 25.68)
  road_collision_create_0,1: 13.06 ms (max 13.06)
  road_collision_create_1,-1: 11.11 ms (max 29.41)
  road_collision_create_1,-2: 3.62 ms (max 4.88)
  road_collision_create_1,-3: 6.94 ms (max 16.65)
  road_collision_create_1,-4: 10.13 ms (max 23.89)
  road_collision_create_1,0: 10.91 ms (max 10.91)
===========================

=== PERFORMANCE METRICS ===
FPS: 21 | Frame: 34.4 ms (max 111.9) | Physics: 16.7 ms (max 108.4)
Godot Process: 39.58 ms | Physics: 7.53 ms
Objects: 57368 | Nodes: 24944 | Resources: 538
Draw calls: 7245 | Vertices: 7689420 | VRAM: 738.7 MB
Physics bodies: 393 | Collision pairs: 5070
===========================
⚡ FRAME SPIKE #695: 43.9 ms at 34.1s (Draw: 7232, Bodies: 393)
⚡ FRAME SPIKE #696: 43.9 ms at 34.2s (Draw: 7220, Bodies: 393)
⚡ FRAME SPIKE #697: 43.9 ms at 34.2s (Draw: 7210, Bodies: 393)
⚡ FRAME SPIKE #698: 43.9 ms at 34.3s (Draw: 7210, Bodies: 393)
⚡ FRAME SPIKE #699: 43.9 ms at 34.3s (Draw: 7209, Bodies: 393)
🚗 Traffic: 14 active NPCs (Near: 4, Mid: 8, Far: 2), 16 pooled
  → Physics bodies from NPCs: 14 (All: 14×1, было бы 14×5=70)

========== Bottleneck Analysis Report ==========
Time: 44.6s | Frames: 1448

📊 PERFORMANCE OVERVIEW:
  FPS: 26.8 avg | 19.0 min
  Frame Time: 54.56 ms avg | 101.41 ms max
  Physics Time: 7.02 ms avg

🔍 BOTTLENECK IDENTIFICATION:
  🔴 [CRITICAL] Frame Time
      Value: 54.56 ms (target: 16.67 ms)
      Impact: Overall performance bottleneck
      Suggestions:
        • Reduce draw calls
        • Optimize scripts in _process()
        • Check for expensive operations per frame

  🟠 [HIGH] Draw Calls
      Value: 6402 calls/frame
      Impact: GPU rendering overhead
      Suggestions:
        • Batch meshes by material
        • Use MultiMeshInstance3D
        • Implement LOD system
        • Enable frustum culling

  🟠 [HIGH] Physics Bodies
      Value: 374 active bodies
      Impact: Physics engine load
      Suggestions:
        • Reduce NPC count
        • Convert distant NPCs to kinematic
        • Disable physics for far objects

  🟡 [MEDIUM] Physics Time
      Value: 7.02 ms
      Impact: Physics simulation overhead
      Suggestions:
        • Reduce number of active physics bodies
        • Simplify collision shapes
        • Disable physics for distant objects

  🟡 [MEDIUM] Vertex Count
      Value: 7789805 vertices/frame
      Impact: GPU vertex processing
      Suggestions:
        • Implement LOD for distant objects
        • Simplify building meshes
        • Use lower poly models

  🟡 [MEDIUM] Node Count
      Value: 24996 nodes
      Impact: Scene tree traversal overhead
      Suggestions:
        • Unload distant chunks
        • Pool and reuse nodes
        • Flatten hierarchy where possible

  🟡 [MEDIUM] Post-Processing Effects
      Value: SSAO, Glow/Bloom, Volumetric Fog
      Impact: GPU shader overhead
      Suggestions:
        • Reduce SSR quality
        • Disable SSAO on low-end hardware
        • Use simpler fog

📈 DETAILED STATS:
  Draw Calls: 6402 avg | 7264 max
  Vertices: 7789805 avg | 8545543 max
  Physics Bodies: 374
  Nodes: 24996
  VRAM: 738.7 MB

=================================================

⚡ FRAME SPIKE #700: 43.9 ms at 34.4s (Draw: 7206, Bodies: 393)
⚡ FRAME SPIKE #701: 43.9 ms at 34.4s (Draw: 7188, Bodies: 393)
⚡ FRAME SPIKE #702: 43.9 ms at 34.5s (Draw: 7150, Bodies: 393)
⚡ FRAME SPIKE #703: 43.9 ms at 34.5s (Draw: 7043, Bodies: 393)
⚡ FRAME SPIKE #704: 43.9 ms at 34.5s (Draw: 7021, Bodies: 393)
⚡ FRAME SPIKE #705: 43.9 ms at 34.6s (Draw: 7038, Bodies: 393)
⚡ FRAME SPIKE #706: 42.8 ms at 34.6s (Draw: 7091, Bodies: 393)
⚡ FRAME SPIKE #707: 43.7 ms at 34.7s (Draw: 7164, Bodies: 393)
⚡ FRAME SPIKE #708: 38.7 ms at 34.7s (Draw: 7185, Bodies: 393)
⚡ FRAME SPIKE #709: 45.9 ms at 34.8s (Draw: 8103, Bodies: 395)
⚡ FRAME SPIKE #710: 43.8 ms at 34.8s (Draw: 8100, Bodies: 395)
⚡ FRAME SPIKE #711: 43.8 ms at 34.8s (Draw: 8117, Bodies: 395)
⚡ FRAME SPIKE #712: 45.8 ms at 34.9s (Draw: 8159, Bodies: 395)
⚡ FRAME SPIKE #713: 43.9 ms at 34.9s (Draw: 8210, Bodies: 395)
⚡ FRAME SPIKE #714: 43.8 ms at 35.0s (Draw: 8211, Bodies: 395)
⚡ FRAME SPIKE #715: 45.6 ms at 35.0s (Draw: 8185, Bodies: 395)
⚡ FRAME SPIKE #716: 43.9 ms at 35.1s (Draw: 8155, Bodies: 395)
⚡ FRAME SPIKE #717: 43.9 ms at 35.1s (Draw: 8144, Bodies: 395)
⚡ FRAME SPIKE #718: 43.9 ms at 35.2s (Draw: 8145, Bodies: 395)
⚡ FRAME SPIKE #719: 43.9 ms at 35.2s (Draw: 8172, Bodies: 395)
⚡ FRAME SPIKE #720: 43.9 ms at 35.2s (Draw: 8227, Bodies: 395)
⚡ FRAME SPIKE #721: 48.7 ms at 35.3s (Draw: 8219, Bodies: 395)
⚡ FRAME SPIKE #722: 47.4 ms at 35.3s (Draw: 8209, Bodies: 395)
⚡ FRAME SPIKE #723: 44.4 ms at 35.4s (Draw: 8208, Bodies: 395)
⚡ FRAME SPIKE #724: 45.6 ms at 35.4s (Draw: 8211, Bodies: 395)
⚡ FRAME SPIKE #725: 48.0 ms at 35.5s (Draw: 8197, Bodies: 395)
⚡ FRAME SPIKE #726: 48.0 ms at 35.5s (Draw: 8209, Bodies: 395)
⚡ FRAME SPIKE #727: 47.9 ms at 35.6s (Draw: 8192, Bodies: 395)
⚡ FRAME SPIKE #728: 46.3 ms at 35.6s (Draw: 8189, Bodies: 395)
⚡ FRAME SPIKE #729: 45.8 ms at 35.7s (Draw: 8195, Bodies: 395)
⚡ FRAME SPIKE #730: 46.3 ms at 35.7s (Draw: 8193, Bodies: 394)
⚡ FRAME SPIKE #731: 49.1 ms at 35.8s (Draw: 8188, Bodies: 395)
OSM: Unloaded chunk 0,1
⚡ FRAME SPIKE #732: 49.6 ms at 35.8s (Draw: 8200, Bodies: 395)
⚡ FRAME SPIKE #733: 48.9 ms at 35.9s (Draw: 8201, Bodies: 395)
OSM: 🌙 NIGHT Window batch -2,-4 | night_mgr: CACHED | is_night value: true
OSM: ✅ Finalized window batch -2,-4: 7273 windows (was 7273 draw calls before batching)
⚡ FRAME SPIKE #734: 51.3 ms at 35.9s (Draw: 8220, Bodies: 395)
⚡ FRAME SPIKE #735: 48.1 ms at 36.0s (Draw: 8216, Bodies: 395)
⚡ FRAME SPIKE #736: 48.1 ms at 36.0s (Draw: 8197, Bodies: 395)
⚡ FRAME SPIKE #737: 47.9 ms at 36.0s (Draw: 8203, Bodies: 395)
⚡ FRAME SPIKE #738: 47.9 ms at 36.1s (Draw: 8201, Bodies: 395)
⚡ FRAME SPIKE #739: 47.9 ms at 36.1s (Draw: 8194, Bodies: 395)
⚡ FRAME SPIKE #740: 47.9 ms at 36.2s (Draw: 8166, Bodies: 395)
⚡ FRAME SPIKE #741: 47.9 ms at 36.2s (Draw: 8147, Bodies: 395)
⚡ FRAME SPIKE #742: 47.9 ms at 36.3s (Draw: 8110, Bodies: 395)
⚡ FRAME SPIKE #743: 47.9 ms at 36.3s (Draw: 7987, Bodies: 395)
🚗 Traffic: 16 active NPCs (Near: 6, Mid: 8, Far: 2), 14 pooled
  → Physics bodies from NPCs: 16 (All: 16×1, было бы 16×5=80)

========== Bottleneck Analysis Report ==========
Time: 46.6s | Frames: 1492

📊 PERFORMANCE OVERVIEW:
  FPS: 22.5 avg | 19.0 min
  Frame Time: 56.96 ms avg | 101.41 ms max
  Physics Time: 7.80 ms avg

🔍 BOTTLENECK IDENTIFICATION:
  🔴 [CRITICAL] Frame Time
      Value: 56.96 ms (target: 16.67 ms)
      Impact: Overall performance bottleneck
      Suggestions:
        • Reduce draw calls
        • Optimize scripts in _process()
        • Check for expensive operations per frame

  🟠 [HIGH] Draw Calls
      Value: 7318 calls/frame
      Impact: GPU rendering overhead
      Suggestions:
        • Batch meshes by material
        • Use MultiMeshInstance3D
        • Implement LOD system
        • Enable frustum culling

  🟠 [HIGH] Physics Bodies
      Value: 386 active bodies
      Impact: Physics engine load
      Suggestions:
        • Reduce NPC count
        • Convert distant NPCs to kinematic
        • Disable physics for far objects

  🟡 [MEDIUM] Physics Time
      Value: 7.80 ms
      Impact: Physics simulation overhead
      Suggestions:
        • Reduce number of active physics bodies
        • Simplify collision shapes
        • Disable physics for distant objects

  🟡 [MEDIUM] Vertex Count
      Value: 7810396 vertices/frame
      Impact: GPU vertex processing
      Suggestions:
        • Implement LOD for distant objects
        • Simplify building meshes
        • Use lower poly models

  🟡 [MEDIUM] Node Count
      Value: 25133 nodes
      Impact: Scene tree traversal overhead
      Suggestions:
        • Unload distant chunks
        • Pool and reuse nodes
        • Flatten hierarchy where possible

  🟡 [MEDIUM] Post-Processing Effects
      Value: SSAO, Glow/Bloom, Volumetric Fog
      Impact: GPU shader overhead
      Suggestions:
        • Reduce SSR quality
        • Disable SSAO on low-end hardware
        • Use simpler fog

📈 DETAILED STATS:
  Draw Calls: 7318 avg | 8227 max
  Vertices: 7810396 avg | 8545543 max
  Physics Bodies: 386
  Nodes: 25133
  VRAM: 739.5 MB

=================================================

⚡ FRAME SPIKE #744: 47.9 ms at 36.4s (Draw: 7970, Bodies: 395)
⚡ FRAME SPIKE #745: 40.1 ms at 36.4s (Draw: 7956, Bodies: 395)
⚡ FRAME SPIKE #746: 46.4 ms at 36.5s (Draw: 7953, Bodies: 395)
⚡ FRAME SPIKE #747: 47.9 ms at 36.5s (Draw: 7961, Bodies: 395)
⚡ FRAME SPIKE #748: 46.7 ms at 36.6s (Draw: 7940, Bodies: 395)
⚡ FRAME SPIKE #749: 39.3 ms at 36.6s (Draw: 7938, Bodies: 395)
⚡ FRAME SPIKE #750: 46.7 ms at 36.7s (Draw: 7939, Bodies: 395)
⚡ FRAME SPIKE #751: 45.8 ms at 36.7s (Draw: 7897, Bodies: 395)
⚡ FRAME SPIKE #752: 39.0 ms at 36.7s (Draw: 7710, Bodies: 395)
⚡ FRAME SPIKE #753: 48.2 ms at 36.8s (Draw: 7822, Bodies: 397)
⚡ FRAME SPIKE #754: 45.0 ms at 36.8s (Draw: 7677, Bodies: 397)
OSM: Unloaded chunk -2,0
⚡ FRAME SPIKE #755: 45.0 ms at 36.9s (Draw: 7684, Bodies: 394)
⚡ FRAME SPIKE #756: 45.0 ms at 36.9s (Draw: 7687, Bodies: 394)
⚡ FRAME SPIKE #757: 48.3 ms at 37.0s (Draw: 7690, Bodies: 394)
⚡ FRAME SPIKE #758: 45.0 ms at 37.0s (Draw: 7703, Bodies: 394)
⚡ FRAME SPIKE #759: 45.0 ms at 37.1s (Draw: 7707, Bodies: 394)
⚡ FRAME SPIKE #760: 45.0 ms at 37.1s (Draw: 7720, Bodies: 394)
⚡ FRAME SPIKE #761: 45.2 ms at 37.2s (Draw: 7734, Bodies: 394)
⚡ FRAME SPIKE #762: 45.0 ms at 37.2s (Draw: 7744, Bodies: 394)
⚡ FRAME SPIKE #763: 45.0 ms at 37.2s (Draw: 7746, Bodies: 394)
⚡ FRAME SPIKE #764: 45.0 ms at 37.3s (Draw: 7739, Bodies: 394)
⚡ FRAME SPIKE #765: 45.0 ms at 37.3s (Draw: 7749, Bodies: 394)
⚡ FRAME SPIKE #766: 45.0 ms at 37.4s (Draw: 7736, Bodies: 394)
⚡ FRAME SPIKE #767: 45.0 ms at 37.4s (Draw: 7738, Bodies: 394)
⚡ FRAME SPIKE #768: 45.0 ms at 37.5s (Draw: 7739, Bodies: 394)
⚡ FRAME SPIKE #769: 45.0 ms at 37.5s (Draw: 7754, Bodies: 394)
⚡ FRAME SPIKE #770: 45.0 ms at 37.6s (Draw: 7773, Bodies: 394)
⚡ FRAME SPIKE #771: 45.0 ms at 37.6s (Draw: 7781, Bodies: 394)
⚡ FRAME SPIKE #772: 45.0 ms at 37.6s (Draw: 7771, Bodies: 394)
⚡ FRAME SPIKE #773: 45.0 ms at 37.7s (Draw: 7766, Bodies: 394)
⚡ FRAME SPIKE #774: 45.0 ms at 37.7s (Draw: 7784, Bodies: 394)
⚡ FRAME SPIKE #775: 44.3 ms at 37.8s (Draw: 7787, Bodies: 394)
⚡ FRAME SPIKE #776: 45.0 ms at 37.8s (Draw: 7773, Bodies: 395)
⚡ FRAME SPIKE #777: 45.5 ms at 37.9s (Draw: 7611, Bodies: 395)
⚡ FRAME SPIKE #778: 45.2 ms at 37.9s (Draw: 7192, Bodies: 395)
⚡ FRAME SPIKE #779: 45.0 ms at 38.0s (Draw: 7056, Bodies: 395)
⚡ FRAME SPIKE #780: 45.0 ms at 38.0s (Draw: 7032, Bodies: 395)
⚡ FRAME SPIKE #781: 45.0 ms at 38.1s (Draw: 7030, Bodies: 395)
⚡ FRAME SPIKE #782: 45.0 ms at 38.1s (Draw: 6969, Bodies: 395)
⚡ FRAME SPIKE #783: 45.0 ms at 38.1s (Draw: 6951, Bodies: 395)
⚡ FRAME SPIKE #784: 45.0 ms at 38.2s (Draw: 6882, Bodies: 395)
⚡ FRAME SPIKE #785: 40.7 ms at 38.2s (Draw: 6888, Bodies: 395)
⚡ FRAME SPIKE #786: 45.0 ms at 38.3s (Draw: 7015, Bodies: 395)
⚡ FRAME SPIKE #787: 44.4 ms at 38.3s (Draw: 6765, Bodies: 395)
⚡ FRAME SPIKE #788: 40.9 ms at 38.4s (Draw: 6477, Bodies: 395)
🚗 Traffic: 19 active NPCs (Near: 8, Mid: 7, Far: 4), 11 pooled
  → Physics bodies from NPCs: 19 (All: 19×1, было бы 19×5=95)

========== Bottleneck Analysis Report ==========
Time: 48.7s | Frames: 1537

📊 PERFORMANCE OVERVIEW:
  FPS: 21.5 avg | 20.0 min
  Frame Time: 37.50 ms avg | 75.66 ms max
  Physics Time: 8.25 ms avg

🔍 BOTTLENECK IDENTIFICATION:
  🔴 [CRITICAL] Frame Time
      Value: 37.50 ms (target: 16.67 ms)
      Impact: Overall performance bottleneck
      Suggestions:
        • Reduce draw calls
        • Optimize scripts in _process()
        • Check for expensive operations per frame

  🟠 [HIGH] Draw Calls
      Value: 7596 calls/frame
      Impact: GPU rendering overhead
      Suggestions:
        • Batch meshes by material
        • Use MultiMeshInstance3D
        • Implement LOD system
        • Enable frustum culling

  🟠 [HIGH] Physics Bodies
      Value: 393 active bodies
      Impact: Physics engine load
      Suggestions:
        • Reduce NPC count
        • Convert distant NPCs to kinematic
        • Disable physics for far objects

  🟡 [MEDIUM] Physics Time
      Value: 8.25 ms
      Impact: Physics simulation overhead
      Suggestions:
        • Reduce number of active physics bodies
        • Simplify collision shapes
        • Disable physics for distant objects

  🟡 [MEDIUM] Vertex Count
      Value: 7377571 vertices/frame
      Impact: GPU vertex processing
      Suggestions:
        • Implement LOD for distant objects
        • Simplify building meshes
        • Use lower poly models

  🟡 [MEDIUM] Node Count
      Value: 24922 nodes
      Impact: Scene tree traversal overhead
      Suggestions:
        • Unload distant chunks
        • Pool and reuse nodes
        • Flatten hierarchy where possible

  🟡 [MEDIUM] Post-Processing Effects
      Value: SSAO, Glow/Bloom, Volumetric Fog
      Impact: GPU shader overhead
      Suggestions:
        • Reduce SSR quality
        • Disable SSAO on low-end hardware
        • Use simpler fog

📈 DETAILED STATS:
  Draw Calls: 7596 avg | 8227 max
  Vertices: 7377571 avg | 7975079 max
  Physics Bodies: 393
  Nodes: 24922
  VRAM: 739.3 MB

=================================================

⚡ FRAME SPIKE #789: 43.9 ms at 38.4s (Draw: 6241, Bodies: 395)
⚡ FRAME SPIKE #790: 44.9 ms at 38.4s (Draw: 5856, Bodies: 395)
OSM: Loading chunk 0,-5 at lat=59.1289, lon=37.9026
OSM: Loaded from cache: osm_v2_59.1289_37.9026_250.json
OSM: Chunk 0,-5 data loaded
OSM: Found 22 POI nodes in chunk
POI_DEBUG: Found 'Freestyle' inside building at local (367.8, -1455.9)
POI_DEBUG: Found 'Аптека+' inside building at local (184.5, -1499.9)
POI_DEBUG: Found 'Double S Electronics' inside building at local (138.1, -1509.8)
POI_DEBUG: Found 'Ozon' inside building at local (123.0, -1391.8)
BusinessSign: Found logo for 'ozon' -> res://textures/brand_logos/ozon.png
POI_DEBUG: Found 'Эдельвейс' inside building at local (364.3, -1199.0)
POI_DEBUG: Found 'Совкомбанк' inside building at local (328.8, -1220.7)
OSM: Generated 41 roads, 27 buildings, 0 trees, 0 signs, 0 lamps, 25 intersections
OSM: Marked chunk '0,-5' for road batch finalization
OSM: Post-initial chunk loaded, pending_lamps=0
OSM: _create_pending_lamps started, count=0
OSM: No pending lamps
⚡ FRAME SPIKE #791: 87.8 ms at 38.5s (Draw: 5657, Bodies: 395)
OSM: DEBUG _add_road_to_batch - first road for chunk '0,-5', parent.name='Chunk_0,-5'
⚡ FRAME SPIKE #792: 70.2 ms at 38.6s (Draw: 5630, Bodies: 396)
⚡ FRAME SPIKE #793: 66.7 ms at 38.6s (Draw: 5535, Bodies: 397)
⚠️ SLOW FRAME 14.5ms: building=0.4 road=12.2 terrain=1.5 infra=0.3 veg=0.0 curb=0.0ms
⚡ FRAME SPIKE #794: 66.7 ms at 38.7s (Draw: 5492, Bodies: 398)
OSM: ✅ Finalized road batch 0,-5/residential: 1946 vertices, 1896 triangles, material: <ImageTexture#-9223371972648368119>
OSM: ✅ Finalized road batch 0,-5/path: 1522 vertices, 1490 triangles, material: <ImageTexture#-9223371972547704822>
⚠️ SLOW: road batch finalization took 8.6 ms for chunk 0,-5
⚡ FRAME SPIKE #795: 63.7 ms at 38.8s (Draw: 5480, Bodies: 399)
⚡ FRAME SPIKE #796: 56.2 ms at 38.8s (Draw: 5351, Bodies: 403)
⚡ FRAME SPIKE #797: 55.3 ms at 38.9s (Draw: 5401, Bodies: 404)
⚡ FRAME SPIKE #798: 46.7 ms at 39.0s (Draw: 5295, Bodies: 405)
⚡ FRAME SPIKE #799: 46.8 ms at 39.0s (Draw: 5076, Bodies: 406)
⚡ FRAME SPIKE #800: 46.0 ms at 39.1s (Draw: 4904, Bodies: 407)
⚡ FRAME SPIKE #801: 39.0 ms at 39.1s (Draw: 4970, Bodies: 408)
⚡ FRAME SPIKE #802: 48.0 ms at 39.1s (Draw: 4977, Bodies: 409)

=== PERFORMANCE METRICS ===
FPS: 20 | Frame: 40.2 ms (max 111.9) | Physics: 16.6 ms (max 63.2)
Godot Process: 54.63 ms | Physics: 9.82 ms
Objects: 59050 | Nodes: 25531 | Resources: 538
Draw calls: 4977 | Vertices: 6345254 | VRAM: 739.9 MB
Physics bodies: 409 | Collision pairs: 5509
--- System Times ---
  road_batch_finalize_total_-1,-1: 23.87 ms (max 23.87)
  road_batch_finalize_total_-1,-2: 4.99 ms (max 4.99)
  road_batch_finalize_total_-1,-3: 33.62 ms (max 33.62)
  road_batch_finalize_total_-1,-4: 11.04 ms (max 11.04)
  road_batch_finalize_total_-1,0: 20.42 ms (max 20.42)
  road_batch_finalize_total_-2,-1: 25.99 ms (max 25.99)
  road_batch_finalize_total_-2,-2: 18.91 ms (max 18.91)
  road_batch_finalize_total_-2,-3: 22.80 ms (max 22.80)
  road_batch_finalize_total_-2,-4: 18.82 ms (max 22.80)
  road_batch_finalize_total_-2,0: 25.22 ms (max 25.22)
  road_batch_finalize_total_0,-1: 33.61 ms (max 33.61)
  road_batch_finalize_total_0,-2: 30.84 ms (max 30.84)
  road_batch_finalize_total_0,-3: 13.13 ms (max 13.13)
  road_batch_finalize_total_0,-4: 10.46 ms (max 10.46)
  road_batch_finalize_total_0,-5: 8.62 ms (max 8.62)
  road_batch_finalize_total_0,0: 29.39 ms (max 29.39)
  road_batch_finalize_total_0,1: 13.30 ms (max 13.30)
  road_batch_finalize_total_1,-1: 33.95 ms (max 33.95)
  road_batch_finalize_total_1,-2: 7.65 ms (max 7.65)
  road_batch_finalize_total_1,-3: 21.88 ms (max 21.88)
  road_batch_finalize_total_1,-4: 31.59 ms (max 31.59)
  road_batch_finalize_total_1,0: 11.16 ms (max 11.16)
  road_collision_create_-1,-1: 7.72 ms (max 17.39)
  road_collision_create_-1,-2: 2.32 ms (max 2.98)
  road_collision_create_-1,-3: 10.81 ms (max 28.49)
  road_collision_create_-1,-4: 5.13 ms (max 6.66)
  road_collision_create_-1,0: 9.98 ms (max 17.80)
  road_collision_create_-2,-1: 8.43 ms (max 19.28)
  road_collision_create_-2,-2: 9.21 ms (max 16.57)
  road_collision_create_-2,-3: 7.25 ms (max 18.36)
  road_collision_create_-2,-4: 8.91 ms (max 15.58)
  road_collision_create_-2,0: 12.37 ms (max 21.62)
  road_collision_create_0,-1: 10.96 ms (max 27.63)
  road_collision_create_0,-2: 10.04 ms (max 23.89)
  road_collision_create_0,-3: 3.95 ms (max 5.85)
  road_collision_create_0,-4: 3.25 ms (max 6.45)
  road_collision_create_0,-5: 3.93 ms (max 4.50)
  road_collision_create_0,0: 9.58 ms (max 25.68)
  road_collision_create_0,1: 13.06 ms (max 13.06)
  road_collision_create_1,-1: 11.11 ms (max 29.41)
  road_collision_create_1,-2: 3.62 ms (max 4.88)
  road_collision_create_1,-3: 6.94 ms (max 16.65)
  road_collision_create_1,-4: 10.13 ms (max 23.89)
  road_collision_create_1,0: 10.91 ms (max 10.91)
===========================

=== PERFORMANCE METRICS ===
FPS: 20 | Frame: 40.2 ms (max 111.9) | Physics: 16.6 ms (max 63.1)
Godot Process: 54.63 ms | Physics: 9.82 ms
Objects: 59050 | Nodes: 25531 | Resources: 538
Draw calls: 4977 | Vertices: 6345254 | VRAM: 739.9 MB
Physics bodies: 409 | Collision pairs: 5509
===========================
⚡ FRAME SPIKE #803: 45.2 ms at 39.2s (Draw: 4978, Bodies: 410)
⚡ FRAME SPIKE #804: 39.2 ms at 39.2s (Draw: 4897, Bodies: 411)
⚡ FRAME SPIKE #805: 44.4 ms at 39.3s (Draw: 4719, Bodies: 412)
⚡ FRAME SPIKE #806: 38.1 ms at 39.3s (Draw: 4584, Bodies: 413)
⚡ FRAME SPIKE #807: 43.3 ms at 39.4s (Draw: 4418, Bodies: 414)
⚡ FRAME SPIKE #808: 37.3 ms at 39.4s (Draw: 4370, Bodies: 415)
⚡ FRAME SPIKE #809: 37.8 ms at 39.4s (Draw: 4337, Bodies: 416)
⚡ FRAME SPIKE #810: 41.7 ms at 39.5s (Draw: 4323, Bodies: 417)
⚡ FRAME SPIKE #811: 41.1 ms at 39.5s (Draw: 4325, Bodies: 418)
⚡ FRAME SPIKE #812: 41.7 ms at 39.6s (Draw: 4312, Bodies: 419)
⚡ FRAME SPIKE #813: 41.7 ms at 39.6s (Draw: 4295, Bodies: 420)
⚡ FRAME SPIKE #814: 40.9 ms at 39.6s (Draw: 4301, Bodies: 421)
⚡ FRAME SPIKE #815: 40.9 ms at 39.7s (Draw: 4324, Bodies: 422)
⚡ FRAME SPIKE #816: 40.9 ms at 39.7s (Draw: 4335, Bodies: 422)
OSM: 🌙 NIGHT Window batch 0,-5 | night_mgr: CACHED | is_night value: true
OSM: ✅ Finalized window batch 0,-5: 5912 windows (was 5912 draw calls before batching)
⚡ FRAME SPIKE #817: 41.0 ms at 39.8s (Draw: 4358, Bodies: 422)
OSM: 🌙 NIGHT Window batch 0,-5 | night_mgr: CACHED | is_night value: true
OSM: ✅ Finalized window batch 0,-5: 448 windows (was 448 draw calls before batching)
⚡ FRAME SPIKE #818: 40.9 ms at 39.8s (Draw: 4355, Bodies: 422)
⚡ FRAME SPIKE #819: 40.6 ms at 39.8s (Draw: 4349, Bodies: 422)
⚡ FRAME SPIKE #820: 37.7 ms at 39.9s (Draw: 4335, Bodies: 423)
⚡ FRAME SPIKE #821: 40.9 ms at 39.9s (Draw: 4327, Bodies: 423)
⚡ FRAME SPIKE #822: 36.9 ms at 40.0s (Draw: 4315, Bodies: 423)
⚡ FRAME SPIKE #823: 34.0 ms at 40.0s (Draw: 4304, Bodies: 423)
OSM: Loading chunk -1,-5 at lat=59.1289, lon=37.8974
OSM: Loaded from cache: osm_v2_59.1289_37.8974_250.json
OSM: Loading chunk 2,-3 at lat=59.1235, lon=37.9132
OSM: Loaded from cache: osm_v2_59.1235_37.9132_250.json
OSM: Chunk -1,-5 data loaded
OSM: Found 15 POI nodes in chunk
POI_DEBUG: Found 'Магнит' inside building at local (-186.3, -1338.4)
POI_DEBUG: Found 'Магнит-косметик' inside building at local (-177.7, -1336.2)
BusinessSign: Found logo for 'магнит' -> res://textures/brand_logos/magnit.png
BusinessSign: Found logo for 'магнит-косметик' (matched 'магнит') -> res://textures/brand_logos/magnit.png
POI_DEBUG: Found 'Redial магазин одежды' inside building at local (-211.7, -1285.6)
POI_DEBUG: Found 'Еврочехол' inside building at local (-203.0, -1261.1)
POI_DEBUG: Found 'Галамарт' inside building at local (-200.2, -1277.9)
POI_DEBUG: Found 'МТС' inside building at local (-218.4, -1273.8)
POI_DEBUG: Found 'Fix Price' inside building at local (-216.9, -1262.8)
BusinessSign: Found logo for 'мтс' -> res://textures/brand_logos/mts.png
BusinessSign: Found logo for 'fix price' -> res://textures/brand_logos/fixprice.png
Loading resource: res://textures/brand_logos/fixprice.png
Loading resource: res://.godot/imported/fixprice.png-48650b68fe00fd82204fbbc1261f6d65.ctex
WARNING: Image format RGB8 not supported by hardware, converting to RGBA8.
     at: _validate_texture_format (servers/rendering/renderer_rd/storage_rd/texture_storage.cpp:2265)
     GDScript backtrace (most recent call first):
         [0] _create_logo_sign (res://osm/business_sign_generator.gd:198)
         [1] create_sign (res://osm/business_sign_generator.gd:139)
         [2] _add_business_signs_simple (res://osm/osm_terrain_generator.gd:7195)
         [3] _create_building (res://osm/osm_terrain_generator.gd:2905)
         [4] _generate_terrain (res://osm/osm_terrain_generator.gd:1568)
         [5] _generate_chunk_async (res://osm/osm_terrain_generator.gd:1207)
         [6] _on_chunk_data_loaded (res://osm/osm_terrain_generator.gd:1203)
         [7] _emit_cached_data (res://osm/osm_loader.gd:146)
POI_DEBUG: Found 'Ozon' inside building at local (-206.5, -1435.5)
BusinessSign: Found logo for 'ozon' -> res://textures/brand_logos/ozon.png
OSM: Generated 39 roads, 37 buildings, 0 trees, 0 signs, 0 lamps, 24 intersections
OSM: Marked chunk '-1,-5' for road batch finalization
OSM: Post-initial chunk loaded, pending_lamps=116
OSM: _create_pending_lamps started, count=116
OSM: DEBUG - First lamp for chunk 0,-5: world_pos=(30.1,0.0,-1258.3), parent_offset=(0.0,0.0,0.0), local_pos=(30.1,0.0,-1258.3)
OSM: DEBUG - First lamp for chunk -1,-5: world_pos=(-296.9,0.0,-1339.6), parent_offset=(0.0,0.0,0.0), local_pos=(-296.9,0.0,-1339.6)
OSM: Created 51 lamps, skipped 65 (added to batches)
OSM: Finalizing 2 lamp batches immediately...
OSM: ✅ Finalized lamp batch 0,-5: 21 lamps (3 MultiMeshes + 21 lights, was 63 draw calls before)
OSM: ✅ Finalized lamp batch -1,-5: 24 lamps (3 MultiMeshes + 24 lights, was 72 draw calls before)
OSM: Chunk 2,-3 data loaded
OSM: Found 3 entrance nodes in chunk
OSM: Found 16 POI nodes in chunk
POI_DEBUG: Found 'Бон Аппетит' inside building at local (536.3, -777.3)
POI_DEBUG: Found 'Осетинские пироги' inside building at local (571.7, -769.5)
POI_DEBUG: Found 'Ткани для Вас' inside building at local (630.6, -755.6)
POI_DEBUG: Found 'Аста-запчасти' inside building at local (556.2, -773.0)
POI_DEBUG: Found 'Coffee Like' inside building at local (572.0, -760.4)
POI_DEBUG: Found 'Отделение связи №162602' inside building at local (678.3, -792.8)
POI_DEBUG: Found 'Почта России' inside building at local (652.9, -803.9)
POI_DEBUG: Found 'Ozon' inside building at local (712.1, -787.8)
BusinessSign: Found logo for 'ozon' -> res://textures/brand_logos/ozon.png
POI_DEBUG: Found 'СДЭК' inside building at local (536.8, -743.2)
POI_DEBUG: Found 'Ozon' inside building at local (559.0, -660.9)
BusinessSign: Found logo for 'ozon' -> res://textures/brand_logos/ozon.png
OSM: Generated 37 roads, 41 buildings, 0 trees, 0 signs, 0 lamps, 20 intersections
OSM: Marked chunk '2,-3' for road batch finalization
OSM: Post-initial chunk loaded, pending_lamps=0
OSM: _create_pending_lamps started, count=0
OSM: No pending lamps
⚡ FRAME SPIKE #824: 135.7 ms at 40.0s (Draw: 4421, Bodies: 431)
OSM: DEBUG _add_road_to_batch - first road for chunk '-1,-5', parent.name='Chunk_-1,-5'
OSM: DEBUG _add_road_to_batch - first road for chunk '2,-3', parent.name='Chunk_2,-3'
⚡ FRAME SPIKE #825: 133.3 ms at 40.2s (Draw: 4399, Bodies: 432)
⚠️ SLOW FRAME 10.6ms: building=0.6 road=9.1 terrain=0.3 infra=0.6 veg=0.0 curb=0.0ms
⚡ FRAME SPIKE #826: 107.3 ms at 40.3s (Draw: 4375, Bodies: 433)
🚗 Traffic: 23 active NPCs (Near: 8, Mid: 8, Far: 7), 7 pooled
  → Physics bodies from NPCs: 23 (All: 23×1, было бы 23×5=115)

========== Bottleneck Analysis Report ==========
Time: 50.7s | Frames: 1575

📊 PERFORMANCE OVERVIEW:
  FPS: 21.7 avg | 20.0 min
  Frame Time: 33.19 ms avg | 54.63 ms max
  Physics Time: 8.93 ms avg

🔍 BOTTLENECK IDENTIFICATION:
  🟠 [HIGH] Frame Time
      Value: 33.19 ms (target: 16.67 ms)
      Impact: Overall performance bottleneck
      Suggestions:
        • Reduce draw calls
        • Optimize scripts in _process()
        • Check for expensive operations per frame

  🟠 [HIGH] Draw Calls
      Value: 6861 calls/frame
      Impact: GPU rendering overhead
      Suggestions:
        • Batch meshes by material
        • Use MultiMeshInstance3D
        • Implement LOD system
        • Enable frustum culling

  🟠 [HIGH] Physics Bodies
      Value: 400 active bodies
      Impact: Physics engine load
      Suggestions:
        • Reduce NPC count
        • Convert distant NPCs to kinematic
        • Disable physics for far objects

  🟡 [MEDIUM] Physics Time
      Value: 8.93 ms
      Impact: Physics simulation overhead
      Suggestions:
        • Reduce number of active physics bodies
        • Simplify collision shapes
        • Disable physics for distant objects

  🟡 [MEDIUM] Vertex Count
      Value: 6859168 vertices/frame
      Impact: GPU vertex processing
      Suggestions:
        • Implement LOD for distant objects
        • Simplify building meshes
        • Use lower poly models

  🟡 [MEDIUM] Node Count
      Value: 26893 nodes
      Impact: Scene tree traversal overhead
      Suggestions:
        • Unload distant chunks
        • Pool and reuse nodes
        • Flatten hierarchy where possible

  🟡 [MEDIUM] Post-Processing Effects
      Value: SSAO, Glow/Bloom, Volumetric Fog
      Impact: GPU shader overhead
      Suggestions:
        • Reduce SSR quality
        • Disable SSAO on low-end hardware
        • Use simpler fog

📈 DETAILED STATS:
  Draw Calls: 6861 avg | 8227 max
  Vertices: 6859168 avg | 7927713 max
  Physics Bodies: 400
  Nodes: 26893
  VRAM: 743.1 MB

=================================================

⚡ FRAME SPIKE #827: 97.9 ms at 40.4s (Draw: 4377, Bodies: 434)
⚡ FRAME SPIKE #828: 78.2 ms at 40.5s (Draw: 4367, Bodies: 435)
⚡ FRAME SPIKE #829: 66.7 ms at 40.6s (Draw: 4357, Bodies: 435)
OSM: ✅ Finalized road batch -1,-5/residential: 1978 vertices, 1926 triangles, material: <ImageTexture#-9223371972648368119>
OSM: ✅ Finalized road batch -1,-5/path: 1616 vertices, 1590 triangles, material: <ImageTexture#-9223371972547704822>
⚠️ SLOW: road batch finalization took 8.8 ms for chunk -1,-5
⚠️ SLOW FRAME 10.0ms: building=0.5 road=8.9 terrain=0.2 infra=0.3 veg=0.0 curb=0.0ms
⚡ FRAME SPIKE #830: 66.7 ms at 40.7s (Draw: 4339, Bodies: 436)
OSM: ✅ Finalized road batch 2,-3/residential: 1746 vertices, 1698 triangles, material: <ImageTexture#-9223371972648368119>
OSM: ✅ Finalized road batch 2,-3/path: 798 vertices, 772 triangles, material: <ImageTexture#-9223371972547704822>
⚡ FRAME SPIKE #831: 66.8 ms at 40.7s (Draw: 4301, Bodies: 437)
⚡ PHYSICS SPIKE #62: 10.1 ms at 40.8s (Bodies: 437)
⚡ PHYSICS SPIKE #63: 10.1 ms at 40.8s (Bodies: 438)
⚡ PHYSICS SPIKE #64: 10.1 ms at 40.8s (Bodies: 438)
⚡ FRAME SPIKE #832: 57.0 ms at 40.8s (Draw: 4260, Bodies: 438)
⚡ PHYSICS SPIKE #65: 10.1 ms at 40.8s (Bodies: 438)
⚡ PHYSICS SPIKE #66: 10.1 ms at 40.8s (Bodies: 439)
⚡ PHYSICS SPIKE #67: 10.1 ms at 40.8s (Bodies: 439)
⚡ FRAME SPIKE #833: 49.9 ms at 40.8s (Draw: 4257, Bodies: 439)
⚡ PHYSICS SPIKE #68: 10.1 ms at 40.9s (Bodies: 439)
⚡ PHYSICS SPIKE #69: 10.1 ms at 40.9s (Bodies: 441)
⚡ PHYSICS SPIKE #70: 10.1 ms at 40.9s (Bodies: 441)
⚡ FRAME SPIKE #834: 52.4 ms at 40.9s (Draw: 4219, Bodies: 441)
⚡ PHYSICS SPIKE #71: 10.1 ms at 40.9s (Bodies: 441)
⚡ PHYSICS SPIKE #72: 10.1 ms at 40.9s (Bodies: 442)
⚡ PHYSICS SPIKE #73: 10.1 ms at 40.9s (Bodies: 442)
⚡ FRAME SPIKE #835: 49.6 ms at 40.9s (Draw: 4214, Bodies: 442)
⚡ PHYSICS SPIKE #74: 10.1 ms at 41.0s (Bodies: 442)
⚡ PHYSICS SPIKE #75: 10.1 ms at 41.0s (Bodies: 443)
⚡ PHYSICS SPIKE #76: 10.1 ms at 41.0s (Bodies: 443)
⚡ FRAME SPIKE #836: 50.0 ms at 41.0s (Draw: 4214, Bodies: 443)
⚡ PHYSICS SPIKE #77: 10.1 ms at 41.0s (Bodies: 443)
⚡ PHYSICS SPIKE #78: 10.1 ms at 41.0s (Bodies: 444)
⚡ PHYSICS SPIKE #79: 10.1 ms at 41.0s (Bodies: 444)
⚡ FRAME SPIKE #837: 49.1 ms at 41.0s (Draw: 4206, Bodies: 444)
⚡ PHYSICS SPIKE #80: 10.1 ms at 41.1s (Bodies: 444)
⚡ PHYSICS SPIKE #81: 10.1 ms at 41.1s (Bodies: 445)
⚡ PHYSICS SPIKE #82: 10.1 ms at 41.1s (Bodies: 445)
⚡ FRAME SPIKE #838: 50.3 ms at 41.1s (Draw: 4189, Bodies: 445)
⚡ PHYSICS SPIKE #83: 10.1 ms at 41.1s (Bodies: 445)
⚡ PHYSICS SPIKE #84: 10.1 ms at 41.1s (Bodies: 446)
⚡ PHYSICS SPIKE #85: 10.1 ms at 41.1s (Bodies: 446)
⚡ FRAME SPIKE #839: 49.2 ms at 41.1s (Draw: 4188, Bodies: 446)
⚡ PHYSICS SPIKE #86: 10.1 ms at 41.2s (Bodies: 446)
⚡ PHYSICS SPIKE #87: 10.1 ms at 41.2s (Bodies: 447)
⚡ PHYSICS SPIKE #88: 10.1 ms at 41.2s (Bodies: 447)
⚡ FRAME SPIKE #840: 47.9 ms at 41.2s (Draw: 4196, Bodies: 447)
⚡ PHYSICS SPIKE #89: 10.1 ms at 41.2s (Bodies: 447)
⚡ PHYSICS SPIKE #90: 10.1 ms at 41.2s (Bodies: 448)
⚡ PHYSICS SPIKE #91: 10.1 ms at 41.2s (Bodies: 448)
⚡ FRAME SPIKE #841: 51.2 ms at 41.2s (Draw: 3971, Bodies: 448)
⚡ PHYSICS SPIKE #92: 10.1 ms at 41.3s (Bodies: 448)
⚡ PHYSICS SPIKE #93: 10.1 ms at 41.3s (Bodies: 449)
⚡ PHYSICS SPIKE #94: 10.1 ms at 41.3s (Bodies: 449)
⚡ FRAME SPIKE #842: 48.6 ms at 41.3s (Draw: 4056, Bodies: 449)
⚡ PHYSICS SPIKE #95: 10.1 ms at 41.3s (Bodies: 449)
⚡ PHYSICS SPIKE #96: 10.1 ms at 41.3s (Bodies: 450)
⚡ PHYSICS SPIKE #97: 10.1 ms at 41.3s (Bodies: 450)
⚡ FRAME SPIKE #843: 50.0 ms at 41.3s (Draw: 4245, Bodies: 450)
⚡ PHYSICS SPIKE #98: 10.1 ms at 41.4s (Bodies: 450)
⚡ PHYSICS SPIKE #99: 10.1 ms at 41.4s (Bodies: 451)
⚡ PHYSICS SPIKE #100: 10.1 ms at 41.4s (Bodies: 451)
⚡ FRAME SPIKE #844: 50.0 ms at 41.4s (Draw: 4313, Bodies: 450)
⚡ PHYSICS SPIKE #101: 10.1 ms at 41.4s (Bodies: 450)
⚡ PHYSICS SPIKE #102: 10.1 ms at 41.4s (Bodies: 451)
⚡ PHYSICS SPIKE #103: 10.1 ms at 41.4s (Bodies: 451)
⚡ FRAME SPIKE #845: 49.8 ms at 41.4s (Draw: 4262, Bodies: 451)
⚡ PHYSICS SPIKE #104: 10.1 ms at 41.5s (Bodies: 451)
⚡ PHYSICS SPIKE #105: 10.1 ms at 41.5s (Bodies: 452)
⚡ PHYSICS SPIKE #106: 10.1 ms at 41.5s (Bodies: 452)
⚡ FRAME SPIKE #846: 47.8 ms at 41.5s (Draw: 4293, Bodies: 452)
⚡ PHYSICS SPIKE #107: 10.1 ms at 41.5s (Bodies: 452)
⚡ PHYSICS SPIKE #108: 10.1 ms at 41.5s (Bodies: 453)
⚡ PHYSICS SPIKE #109: 10.1 ms at 41.5s (Bodies: 453)
⚡ FRAME SPIKE #847: 50.0 ms at 41.5s (Draw: 4364, Bodies: 453)
⚡ PHYSICS SPIKE #110: 10.1 ms at 41.6s (Bodies: 453)
⚡ PHYSICS SPIKE #111: 10.1 ms at 41.6s (Bodies: 454)
⚡ PHYSICS SPIKE #112: 10.1 ms at 41.6s (Bodies: 454)
⚡ FRAME SPIKE #848: 49.3 ms at 41.6s (Draw: 4378, Bodies: 454)
⚡ PHYSICS SPIKE #113: 10.1 ms at 41.6s (Bodies: 454)
⚡ PHYSICS SPIKE #114: 10.1 ms at 41.6s (Bodies: 455)
⚡ PHYSICS SPIKE #115: 10.1 ms at 41.6s (Bodies: 455)
⚡ FRAME SPIKE #849: 49.0 ms at 41.6s (Draw: 4407, Bodies: 455)
⚡ PHYSICS SPIKE #116: 10.1 ms at 41.7s (Bodies: 455)
⚡ PHYSICS SPIKE #117: 10.1 ms at 41.7s (Bodies: 456)
⚡ PHYSICS SPIKE #118: 10.1 ms at 41.7s (Bodies: 456)
⚡ FRAME SPIKE #850: 50.0 ms at 41.7s (Draw: 4393, Bodies: 456)
⚡ PHYSICS SPIKE #119: 10.1 ms at 41.7s (Bodies: 456)
⚡ PHYSICS SPIKE #120: 10.1 ms at 41.7s (Bodies: 457)
⚡ PHYSICS SPIKE #121: 10.1 ms at 41.7s (Bodies: 457)
⚡ FRAME SPIKE #851: 49.7 ms at 41.7s (Draw: 4403, Bodies: 457)
⚡ PHYSICS SPIKE #122: 10.6 ms at 41.8s (Bodies: 457)
⚡ PHYSICS SPIKE #123: 10.6 ms at 41.8s (Bodies: 458)
⚡ PHYSICS SPIKE #124: 10.6 ms at 41.8s (Bodies: 458)
⚡ FRAME SPIKE #852: 49.7 ms at 41.8s (Draw: 4360, Bodies: 458)
⚡ PHYSICS SPIKE #125: 10.6 ms at 41.8s (Bodies: 458)
⚡ PHYSICS SPIKE #126: 10.6 ms at 41.8s (Bodies: 459)
⚡ FRAME SPIKE #853: 48.6 ms at 41.8s (Draw: 4261, Bodies: 459)
⚡ PHYSICS SPIKE #127: 10.6 ms at 41.9s (Bodies: 459)
⚡ PHYSICS SPIKE #128: 10.6 ms at 41.9s (Bodies: 460)
⚡ PHYSICS SPIKE #129: 10.6 ms at 41.9s (Bodies: 460)
⚡ FRAME SPIKE #854: 41.3 ms at 41.9s (Draw: 4225, Bodies: 460)
⚡ PHYSICS SPIKE #130: 10.6 ms at 41.9s (Bodies: 460)
⚡ PHYSICS SPIKE #131: 10.6 ms at 41.9s (Bodies: 463)
⚡ PHYSICS SPIKE #132: 10.6 ms at 41.9s (Bodies: 463)
⚡ FRAME SPIKE #855: 48.6 ms at 41.9s (Draw: 4210, Bodies: 463)
⚡ PHYSICS SPIKE #133: 10.6 ms at 42.0s (Bodies: 463)
⚡ PHYSICS SPIKE #134: 10.6 ms at 42.0s (Bodies: 464)
⚡ PHYSICS SPIKE #135: 10.6 ms at 42.0s (Bodies: 464)
⚡ FRAME SPIKE #856: 48.6 ms at 42.0s (Draw: 4191, Bodies: 464)
⚡ PHYSICS SPIKE #136: 10.6 ms at 42.0s (Bodies: 464)
⚡ PHYSICS SPIKE #137: 10.6 ms at 42.0s (Bodies: 465)
⚡ PHYSICS SPIKE #138: 10.6 ms at 42.0s (Bodies: 465)
⚡ FRAME SPIKE #857: 49.1 ms at 42.0s (Draw: 4208, Bodies: 465)
⚡ PHYSICS SPIKE #139: 10.6 ms at 42.1s (Bodies: 465)
⚡ PHYSICS SPIKE #140: 10.6 ms at 42.1s (Bodies: 466)
⚡ PHYSICS SPIKE #141: 10.6 ms at 42.1s (Bodies: 466)
⚡ FRAME SPIKE #858: 50.0 ms at 42.1s (Draw: 4221, Bodies: 466)
⚡ PHYSICS SPIKE #142: 10.6 ms at 42.1s (Bodies: 466)
⚡ PHYSICS SPIKE #143: 10.6 ms at 42.1s (Bodies: 467)
⚡ PHYSICS SPIKE #144: 10.6 ms at 42.1s (Bodies: 467)
⚡ FRAME SPIKE #859: 50.0 ms at 42.1s (Draw: 4267, Bodies: 467)
⚡ PHYSICS SPIKE #145: 10.6 ms at 42.2s (Bodies: 467)
⚡ PHYSICS SPIKE #146: 10.6 ms at 42.2s (Bodies: 468)
⚡ PHYSICS SPIKE #147: 10.6 ms at 42.2s (Bodies: 468)
⚡ FRAME SPIKE #860: 50.0 ms at 42.2s (Draw: 4285, Bodies: 468)
⚡ PHYSICS SPIKE #148: 10.6 ms at 42.2s (Bodies: 468)
⚡ PHYSICS SPIKE #149: 10.6 ms at 42.2s (Bodies: 469)
⚡ PHYSICS SPIKE #150: 10.6 ms at 42.2s (Bodies: 469)
⚡ FRAME SPIKE #861: 50.0 ms at 42.2s (Draw: 4334, Bodies: 469)
⚡ PHYSICS SPIKE #151: 10.6 ms at 42.3s (Bodies: 469)
⚡ PHYSICS SPIKE #152: 10.6 ms at 42.3s (Bodies: 470)
⚡ PHYSICS SPIKE #153: 10.6 ms at 42.3s (Bodies: 470)
⚡ FRAME SPIKE #862: 50.0 ms at 42.3s (Draw: 4341, Bodies: 470)
⚡ PHYSICS SPIKE #154: 10.6 ms at 42.3s (Bodies: 470)
⚡ PHYSICS SPIKE #155: 10.6 ms at 42.3s (Bodies: 471)
⚡ PHYSICS SPIKE #156: 10.6 ms at 42.3s (Bodies: 471)
⚡ FRAME SPIKE #863: 50.0 ms at 42.3s (Draw: 4297, Bodies: 471)
⚡ PHYSICS SPIKE #157: 10.6 ms at 42.4s (Bodies: 471)
⚡ PHYSICS SPIKE #158: 10.6 ms at 42.4s (Bodies: 472)
⚡ PHYSICS SPIKE #159: 10.6 ms at 42.4s (Bodies: 472)
⚡ FRAME SPIKE #864: 50.0 ms at 42.4s (Draw: 4267, Bodies: 472)
🚗 Traffic: 24 active NPCs (Near: 6, Mid: 11, Far: 7), 6 pooled
  → Physics bodies from NPCs: 24 (All: 24×1, было бы 24×5=120)

========== Bottleneck Analysis Report ==========
Time: 52.7s | Frames: 1613

📊 PERFORMANCE OVERVIEW:
  FPS: 20.0 avg | 14.0 min
  Frame Time: 48.88 ms avg | 128.58 ms max
  Physics Time: 9.30 ms avg

🔍 BOTTLENECK IDENTIFICATION:
  🔴 [CRITICAL] Frame Time
      Value: 48.88 ms (target: 16.67 ms)
      Impact: Overall performance bottleneck
      Suggestions:
        • Reduce draw calls
        • Optimize scripts in _process()
        • Check for expensive operations per frame

  🟠 [HIGH] Draw Calls
      Value: 5642 calls/frame
      Impact: GPU rendering overhead
      Suggestions:
        • Batch meshes by material
        • Use MultiMeshInstance3D
        • Implement LOD system
        • Enable frustum culling

  🟠 [HIGH] Physics Bodies
      Value: 418 active bodies
      Impact: Physics engine load
      Suggestions:
        • Reduce NPC count
        • Convert distant NPCs to kinematic
        • Disable physics for far objects

  🟡 [MEDIUM] Physics Time
      Value: 9.30 ms
      Impact: Physics simulation overhead
      Suggestions:
        • Reduce number of active physics bodies
        • Simplify collision shapes
        • Disable physics for distant objects

  🟡 [MEDIUM] Vertex Count
      Value: 6308116 vertices/frame
      Impact: GPU vertex processing
      Suggestions:
        • Implement LOD for distant objects
        • Simplify building meshes
        • Use lower poly models

  🟡 [MEDIUM] Node Count
      Value: 28670 nodes
      Impact: Scene tree traversal overhead
      Suggestions:
        • Unload distant chunks
        • Pool and reuse nodes
        • Flatten hierarchy where possible

  🟡 [MEDIUM] Post-Processing Effects
      Value: SSAO, Glow/Bloom, Volumetric Fog
      Impact: GPU shader overhead
      Suggestions:
        • Reduce SSR quality
        • Disable SSAO on low-end hardware
        • Use simpler fog

📈 DETAILED STATS:
  Draw Calls: 5642 avg | 7961 max
  Vertices: 6308116 avg | 7336731 max
  Physics Bodies: 418
  Nodes: 28670
  VRAM: 744.7 MB

=================================================

⚡ PHYSICS SPIKE #160: 10.6 ms at 42.4s (Bodies: 472)
⚡ PHYSICS SPIKE #161: 10.6 ms at 42.4s (Bodies: 473)
⚡ PHYSICS SPIKE #162: 10.6 ms at 42.4s (Bodies: 473)
⚡ FRAME SPIKE #865: 50.0 ms at 42.4s (Draw: 4260, Bodies: 473)
⚡ PHYSICS SPIKE #163: 10.6 ms at 42.5s (Bodies: 473)
⚡ PHYSICS SPIKE #164: 10.6 ms at 42.5s (Bodies: 474)
⚡ PHYSICS SPIKE #165: 10.6 ms at 42.5s (Bodies: 474)
⚡ FRAME SPIKE #866: 50.7 ms at 42.5s (Draw: 4257, Bodies: 474)
⚡ PHYSICS SPIKE #166: 10.6 ms at 42.5s (Bodies: 474)
⚡ PHYSICS SPIKE #167: 10.6 ms at 42.5s (Bodies: 474)
⚡ PHYSICS SPIKE #168: 10.6 ms at 42.5s (Bodies: 474)
⚡ FRAME SPIKE #867: 54.2 ms at 42.5s (Draw: 4238, Bodies: 474)
⚡ PHYSICS SPIKE #169: 10.6 ms at 42.6s (Bodies: 474)
⚡ PHYSICS SPIKE #170: 10.6 ms at 42.6s (Bodies: 474)
⚡ PHYSICS SPIKE #171: 10.6 ms at 42.6s (Bodies: 474)
⚡ FRAME SPIKE #868: 50.0 ms at 42.6s (Draw: 4232, Bodies: 474)
⚡ PHYSICS SPIKE #172: 10.6 ms at 42.6s (Bodies: 474)
⚡ PHYSICS SPIKE #173: 10.6 ms at 42.6s (Bodies: 474)
⚡ PHYSICS SPIKE #174: 10.6 ms at 42.6s (Bodies: 474)
⚡ FRAME SPIKE #869: 50.0 ms at 42.6s (Draw: 4250, Bodies: 474)
⚡ PHYSICS SPIKE #175: 10.6 ms at 42.7s (Bodies: 474)
⚡ PHYSICS SPIKE #176: 10.6 ms at 42.7s (Bodies: 474)
⚡ PHYSICS SPIKE #177: 10.6 ms at 42.7s (Bodies: 474)
⚡ FRAME SPIKE #870: 50.0 ms at 42.7s (Draw: 4250, Bodies: 474)
⚡ PHYSICS SPIKE #178: 10.6 ms at 42.7s (Bodies: 474)
⚡ PHYSICS SPIKE #179: 10.6 ms at 42.7s (Bodies: 474)
⚡ PHYSICS SPIKE #180: 10.6 ms at 42.7s (Bodies: 474)
⚡ FRAME SPIKE #871: 50.0 ms at 42.7s (Draw: 4251, Bodies: 474)
⚡ PHYSICS SPIKE #181: 11.4 ms at 42.8s (Bodies: 474)
⚡ PHYSICS SPIKE #182: 11.4 ms at 42.8s (Bodies: 474)
⚡ PHYSICS SPIKE #183: 11.4 ms at 42.8s (Bodies: 474)
⚡ FRAME SPIKE #872: 50.1 ms at 42.8s (Draw: 4264, Bodies: 474)
⚡ PHYSICS SPIKE #184: 11.4 ms at 42.8s (Bodies: 474)
⚡ PHYSICS SPIKE #185: 11.4 ms at 42.8s (Bodies: 474)
⚡ PHYSICS SPIKE #186: 11.4 ms at 42.8s (Bodies: 474)
⚡ FRAME SPIKE #873: 50.0 ms at 42.8s (Draw: 4261, Bodies: 474)
⚡ PHYSICS SPIKE #187: 11.4 ms at 42.9s (Bodies: 474)
⚡ PHYSICS SPIKE #188: 11.4 ms at 42.9s (Bodies: 474)
⚡ PHYSICS SPIKE #189: 11.4 ms at 42.9s (Bodies: 474)
⚡ FRAME SPIKE #874: 50.0 ms at 42.9s (Draw: 4258, Bodies: 474)
⚡ PHYSICS SPIKE #190: 11.4 ms at 42.9s (Bodies: 474)
⚡ PHYSICS SPIKE #191: 11.4 ms at 42.9s (Bodies: 476)
⚡ PHYSICS SPIKE #192: 11.4 ms at 42.9s (Bodies: 476)
⚡ FRAME SPIKE #875: 50.8 ms at 42.9s (Draw: 4260, Bodies: 476)
⚡ PHYSICS SPIKE #193: 11.4 ms at 43.0s (Bodies: 476)
⚡ PHYSICS SPIKE #194: 11.4 ms at 43.0s (Bodies: 476)
⚡ PHYSICS SPIKE #195: 11.4 ms at 43.0s (Bodies: 476)
⚡ FRAME SPIKE #876: 50.0 ms at 43.0s (Draw: 4262, Bodies: 476)
⚡ PHYSICS SPIKE #196: 11.4 ms at 43.0s (Bodies: 476)
⚡ PHYSICS SPIKE #197: 11.4 ms at 43.0s (Bodies: 476)
⚡ PHYSICS SPIKE #198: 11.4 ms at 43.0s (Bodies: 476)
⚡ FRAME SPIKE #877: 51.3 ms at 43.0s (Draw: 4269, Bodies: 476)
⚡ PHYSICS SPIKE #199: 11.4 ms at 43.1s (Bodies: 476)
⚡ PHYSICS SPIKE #200: 11.4 ms at 43.1s (Bodies: 476)
⚡ PHYSICS SPIKE #201: 11.4 ms at 43.1s (Bodies: 476)
⚡ FRAME SPIKE #878: 50.9 ms at 43.1s (Draw: 4263, Bodies: 476)
⚡ PHYSICS SPIKE #202: 11.4 ms at 43.1s (Bodies: 476)
⚡ PHYSICS SPIKE #203: 11.4 ms at 43.1s (Bodies: 476)
⚡ PHYSICS SPIKE #204: 11.4 ms at 43.1s (Bodies: 476)
⚡ FRAME SPIKE #879: 51.9 ms at 43.1s (Draw: 4260, Bodies: 476)
⚡ PHYSICS SPIKE #205: 11.4 ms at 43.2s (Bodies: 476)
⚡ PHYSICS SPIKE #206: 11.4 ms at 43.2s (Bodies: 476)
⚡ PHYSICS SPIKE #207: 11.4 ms at 43.2s (Bodies: 476)
⚡ FRAME SPIKE #880: 51.6 ms at 43.2s (Draw: 4258, Bodies: 476)
⚡ PHYSICS SPIKE #208: 11.4 ms at 43.2s (Bodies: 476)
⚡ PHYSICS SPIKE #209: 11.4 ms at 43.2s (Bodies: 476)
⚡ PHYSICS SPIKE #210: 11.4 ms at 43.2s (Bodies: 476)
⚡ PHYSICS SPIKE #211: 11.4 ms at 43.2s (Bodies: 476)
⚡ FRAME SPIKE #881: 52.5 ms at 43.2s (Draw: 4263, Bodies: 476)
⚡ PHYSICS SPIKE #212: 11.4 ms at 43.3s (Bodies: 476)
⚡ PHYSICS SPIKE #213: 11.4 ms at 43.3s (Bodies: 476)
⚡ PHYSICS SPIKE #214: 11.4 ms at 43.3s (Bodies: 476)
⚡ FRAME SPIKE #882: 60.4 ms at 43.3s (Draw: 4264, Bodies: 476)
⚡ PHYSICS SPIKE #215: 11.4 ms at 43.3s (Bodies: 476)
⚡ PHYSICS SPIKE #216: 11.4 ms at 43.3s (Bodies: 476)
⚡ PHYSICS SPIKE #217: 11.4 ms at 43.3s (Bodies: 476)
⚡ FRAME SPIKE #883: 51.4 ms at 43.3s (Draw: 4264, Bodies: 476)
⚡ PHYSICS SPIKE #218: 11.4 ms at 43.4s (Bodies: 476)
⚡ PHYSICS SPIKE #219: 11.4 ms at 43.4s (Bodies: 476)
⚡ PHYSICS SPIKE #220: 11.4 ms at 43.4s (Bodies: 476)
⚡ FRAME SPIKE #884: 51.4 ms at 43.4s (Draw: 4266, Bodies: 476)
⚡ PHYSICS SPIKE #221: 11.4 ms at 43.4s (Bodies: 476)
⚡ PHYSICS SPIKE #222: 11.4 ms at 43.4s (Bodies: 476)
⚡ PHYSICS SPIKE #223: 11.4 ms at 43.4s (Bodies: 476)
⚡ FRAME SPIKE #885: 51.4 ms at 43.4s (Draw: 4265, Bodies: 476)
⚡ PHYSICS SPIKE #224: 11.4 ms at 43.5s (Bodies: 476)
⚡ PHYSICS SPIKE #225: 11.4 ms at 43.5s (Bodies: 476)
⚡ PHYSICS SPIKE #226: 11.4 ms at 43.5s (Bodies: 476)
⚡ FRAME SPIKE #886: 51.4 ms at 43.5s (Draw: 4263, Bodies: 476)
⚡ PHYSICS SPIKE #227: 11.4 ms at 43.5s (Bodies: 476)
⚡ PHYSICS SPIKE #228: 11.4 ms at 43.5s (Bodies: 476)
⚡ PHYSICS SPIKE #229: 11.4 ms at 43.5s (Bodies: 476)
⚡ FRAME SPIKE #887: 50.1 ms at 43.5s (Draw: 4261, Bodies: 476)
⚡ PHYSICS SPIKE #230: 11.4 ms at 43.6s (Bodies: 476)
⚡ PHYSICS SPIKE #231: 11.4 ms at 43.6s (Bodies: 476)
⚡ PHYSICS SPIKE #232: 11.4 ms at 43.6s (Bodies: 476)
⚡ PHYSICS SPIKE #233: 11.4 ms at 43.6s (Bodies: 476)
⚡ FRAME SPIKE #888: 50.0 ms at 43.6s (Draw: 4265, Bodies: 476)
OSM: 🌙 NIGHT Window batch 2,-3 | night_mgr: CACHED | is_night value: true
OSM: ✅ Finalized window batch 2,-3: 5675 windows (was 5675 draw calls before batching)
⚡ PHYSICS SPIKE #234: 11.4 ms at 43.7s (Bodies: 476)
⚡ PHYSICS SPIKE #235: 11.4 ms at 43.7s (Bodies: 476)
⚡ PHYSICS SPIKE #236: 11.4 ms at 43.7s (Bodies: 476)
⚡ FRAME SPIKE #889: 61.6 ms at 43.7s (Draw: 4260, Bodies: 476)
OSM: 🌙 NIGHT Window batch -1,-5 | night_mgr: CACHED | is_night value: true
OSM: ✅ Finalized window batch -1,-5: 6514 windows (was 6514 draw calls before batching)
⚡ PHYSICS SPIKE #237: 11.4 ms at 43.7s (Bodies: 476)
⚡ PHYSICS SPIKE #238: 11.4 ms at 43.7s (Bodies: 476)
⚡ PHYSICS SPIKE #239: 11.4 ms at 43.7s (Bodies: 476)
⚡ FRAME SPIKE #890: 53.0 ms at 43.7s (Draw: 4254, Bodies: 476)
OSM: 🌙 NIGHT Window batch 2,-3 | night_mgr: CACHED | is_night value: true
OSM: ✅ Finalized window batch 2,-3: 194 windows (was 194 draw calls before batching)
⚡ PHYSICS SPIKE #240: 11.7 ms at 43.8s (Bodies: 476)
⚡ PHYSICS SPIKE #241: 11.7 ms at 43.8s (Bodies: 476)
⚡ PHYSICS SPIKE #242: 11.7 ms at 43.8s (Bodies: 476)
⚡ FRAME SPIKE #891: 51.4 ms at 43.8s (Draw: 4250, Bodies: 476)
⚡ PHYSICS SPIKE #243: 11.7 ms at 43.8s (Bodies: 476)
⚡ PHYSICS SPIKE #244: 11.7 ms at 43.8s (Bodies: 476)
⚡ PHYSICS SPIKE #245: 11.7 ms at 43.8s (Bodies: 476)
⚡ PHYSICS SPIKE #246: 11.7 ms at 43.8s (Bodies: 476)
⚡ FRAME SPIKE #892: 50.7 ms at 43.8s (Draw: 4252, Bodies: 476)
⚡ PHYSICS SPIKE #247: 11.7 ms at 43.9s (Bodies: 476)
⚡ PHYSICS SPIKE #248: 11.7 ms at 43.9s (Bodies: 476)
⚡ PHYSICS SPIKE #249: 11.7 ms at 43.9s (Bodies: 476)
⚡ FRAME SPIKE #893: 57.8 ms at 43.9s (Draw: 4252, Bodies: 476)
⚡ PHYSICS SPIKE #250: 11.7 ms at 43.9s (Bodies: 476)
⚡ PHYSICS SPIKE #251: 11.7 ms at 43.9s (Bodies: 476)
⚡ PHYSICS SPIKE #252: 11.7 ms at 43.9s (Bodies: 476)
⚡ FRAME SPIKE #894: 51.4 ms at 43.9s (Draw: 4250, Bodies: 476)
⚡ PHYSICS SPIKE #253: 11.7 ms at 44.0s (Bodies: 476)
⚡ PHYSICS SPIKE #254: 11.7 ms at 44.0s (Bodies: 477)
⚡ PHYSICS SPIKE #255: 11.7 ms at 44.0s (Bodies: 477)
⚡ PHYSICS SPIKE #256: 11.7 ms at 44.0s (Bodies: 477)
⚡ FRAME SPIKE #895: 57.5 ms at 44.0s (Draw: 4252, Bodies: 477)
⚡ PHYSICS SPIKE #257: 11.7 ms at 44.0s (Bodies: 477)
⚡ PHYSICS SPIKE #258: 11.7 ms at 44.0s (Bodies: 477)
⚡ PHYSICS SPIKE #259: 11.7 ms at 44.0s (Bodies: 477)
⚡ FRAME SPIKE #896: 52.2 ms at 44.0s (Draw: 4256, Bodies: 477)
⚡ PHYSICS SPIKE #260: 11.7 ms at 44.1s (Bodies: 477)
⚡ PHYSICS SPIKE #261: 11.7 ms at 44.1s (Bodies: 477)
⚡ PHYSICS SPIKE #262: 11.7 ms at 44.1s (Bodies: 477)
⚡ FRAME SPIKE #897: 51.4 ms at 44.1s (Draw: 4257, Bodies: 477)
⚡ PHYSICS SPIKE #263: 11.7 ms at 44.1s (Bodies: 477)
⚡ PHYSICS SPIKE #264: 11.7 ms at 44.1s (Bodies: 477)
⚡ PHYSICS SPIKE #265: 11.7 ms at 44.1s (Bodies: 477)
⚡ FRAME SPIKE #898: 51.4 ms at 44.1s (Draw: 4258, Bodies: 477)

=== PERFORMANCE METRICS ===
FPS: 19 | Frame: 48.0 ms (max 135.7) | Physics: 16.7 ms (max 137.5)
Godot Process: 21.33 ms | Physics: 11.67 ms
Objects: 66456 | Nodes: 29082 | Resources: 539
Draw calls: 4258 | Vertices: 6507021 | VRAM: 746.3 MB
Physics bodies: 477 | Collision pairs: 6559
--- System Times ---
  road_batch_finalize_total_-1,-1: 23.87 ms (max 23.87)
  road_batch_finalize_total_-1,-2: 4.99 ms (max 4.99)
  road_batch_finalize_total_-1,-3: 33.62 ms (max 33.62)
  road_batch_finalize_total_-1,-4: 11.04 ms (max 11.04)
  road_batch_finalize_total_-1,-5: 8.84 ms (max 8.84)
  road_batch_finalize_total_-1,0: 20.42 ms (max 20.42)
  road_batch_finalize_total_-2,-1: 25.99 ms (max 25.99)
  road_batch_finalize_total_-2,-2: 18.91 ms (max 18.91)
  road_batch_finalize_total_-2,-3: 22.80 ms (max 22.80)
  road_batch_finalize_total_-2,-4: 18.82 ms (max 22.80)
  road_batch_finalize_total_-2,0: 25.22 ms (max 25.22)
  road_batch_finalize_total_0,-1: 33.61 ms (max 33.61)
  road_batch_finalize_total_0,-2: 30.84 ms (max 30.84)
  road_batch_finalize_total_0,-3: 13.13 ms (max 13.13)
  road_batch_finalize_total_0,-4: 10.46 ms (max 10.46)
  road_batch_finalize_total_0,-5: 8.62 ms (max 8.62)
  road_batch_finalize_total_0,0: 29.39 ms (max 29.39)
  road_batch_finalize_total_0,1: 13.30 ms (max 13.30)
  road_batch_finalize_total_1,-1: 33.95 ms (max 33.95)
  road_batch_finalize_total_1,-2: 7.65 ms (max 7.65)
  road_batch_finalize_total_1,-3: 21.88 ms (max 21.88)
  road_batch_finalize_total_1,-4: 31.59 ms (max 31.59)
  road_batch_finalize_total_1,0: 11.16 ms (max 11.16)
  road_batch_finalize_total_2,-3: 7.03 ms (max 7.03)
  road_collision_create_-1,-1: 7.72 ms (max 17.39)
  road_collision_create_-1,-2: 2.32 ms (max 2.98)
  road_collision_create_-1,-3: 10.81 ms (max 28.49)
  road_collision_create_-1,-4: 5.13 ms (max 6.66)
  road_collision_create_-1,-5: 3.98 ms (max 4.51)
  road_collision_create_-1,0: 9.98 ms (max 17.80)
  road_collision_create_-2,-1: 8.43 ms (max 19.28)
  road_collision_create_-2,-2: 9.21 ms (max 16.57)
  road_collision_create_-2,-3: 7.25 ms (max 18.36)
  road_collision_create_-2,-4: 8.91 ms (max 15.58)
  road_collision_create_-2,0: 12.37 ms (max 21.62)
  road_collision_create_0,-1: 10.96 ms (max 27.63)
  road_collision_create_0,-2: 10.04 ms (max 23.89)
  road_collision_create_0,-3: 3.95 ms (max 5.85)
  road_collision_create_0,-4: 3.25 ms (max 6.45)
  road_collision_create_0,-5: 3.93 ms (max 4.50)
  road_collision_create_0,0: 9.58 ms (max 25.68)
  road_collision_create_0,1: 13.06 ms (max 13.06)
  road_collision_create_1,-1: 11.11 ms (max 29.41)
  road_collision_create_1,-2: 3.62 ms (max 4.88)
  road_collision_create_1,-3: 6.94 ms (max 16.65)
  road_collision_create_1,-4: 10.13 ms (max 23.89)
  road_collision_create_1,0: 10.91 ms (max 10.91)
  road_collision_create_2,-3: 3.09 ms (max 4.07)
===========================

=== PERFORMANCE METRICS ===
FPS: 19 | Frame: 48.0 ms (max 135.7) | Physics: 16.7 ms (max 137.9)
Godot Process: 21.33 ms | Physics: 11.67 ms
Objects: 66456 | Nodes: 29082 | Resources: 539
Draw calls: 4258 | Vertices: 6507021 | VRAM: 746.3 MB
Physics bodies: 477 | Collision pairs: 6559
===========================
⚡ PHYSICS SPIKE #266: 11.7 ms at 44.2s (Bodies: 477)
⚡ PHYSICS SPIKE #267: 11.7 ms at 44.2s (Bodies: 477)
⚡ PHYSICS SPIKE #268: 11.7 ms at 44.2s (Bodies: 477)
⚡ FRAME SPIKE #899: 51.4 ms at 44.2s (Draw: 4258, Bodies: 477)
⚡ PHYSICS SPIKE #269: 11.7 ms at 44.2s (Bodies: 477)
⚡ PHYSICS SPIKE #270: 11.7 ms at 44.2s (Bodies: 477)
⚡ PHYSICS SPIKE #271: 11.7 ms at 44.2s (Bodies: 477)
⚡ FRAME SPIKE #900: 51.4 ms at 44.2s (Draw: 4257, Bodies: 477)
⚡ PHYSICS SPIKE #272: 11.7 ms at 44.3s (Bodies: 477)
⚡ PHYSICS SPIKE #273: 11.7 ms at 44.3s (Bodies: 477)
⚡ PHYSICS SPIKE #274: 11.7 ms at 44.3s (Bodies: 477)
⚡ FRAME SPIKE #901: 51.4 ms at 44.3s (Draw: 4252, Bodies: 477)
⚡ PHYSICS SPIKE #275: 11.7 ms at 44.3s (Bodies: 477)
⚡ PHYSICS SPIKE #276: 11.7 ms at 44.3s (Bodies: 477)
⚡ PHYSICS SPIKE #277: 11.7 ms at 44.3s (Bodies: 477)
⚡ FRAME SPIKE #902: 51.0 ms at 44.3s (Draw: 4247, Bodies: 477)
⚡ PHYSICS SPIKE #278: 11.7 ms at 44.4s (Bodies: 477)
⚡ PHYSICS SPIKE #279: 11.7 ms at 44.4s (Bodies: 477)
⚡ PHYSICS SPIKE #280: 11.7 ms at 44.4s (Bodies: 477)
⚡ FRAME SPIKE #903: 51.3 ms at 44.4s (Draw: 4249, Bodies: 477)
🚗 Traffic: 27 active NPCs (Near: 6, Mid: 14, Far: 7), 3 pooled
  → Physics bodies from NPCs: 27 (All: 27×1, было бы 27×5=135)

========== Bottleneck Analysis Report ==========
Time: 54.7s | Frames: 1652

📊 PERFORMANCE OVERVIEW:
  FPS: 19.4 avg | 14.0 min
  Frame Time: 46.89 ms avg | 128.58 ms max
  Physics Time: 10.28 ms avg

🔍 BOTTLENECK IDENTIFICATION:
  🔴 [CRITICAL] Frame Time
      Value: 46.89 ms (target: 16.67 ms)
      Impact: Overall performance bottleneck
      Suggestions:
        • Reduce draw calls
        • Optimize scripts in _process()
        • Check for expensive operations per frame

  🔴 [CRITICAL] Physics Time
      Value: 10.28 ms
      Impact: Physics simulation overhead
      Suggestions:
        • Reduce number of active physics bodies
        • Simplify collision shapes
        • Disable physics for distant objects

  🟠 [HIGH] Draw Calls
      Value: 4534 calls/frame
      Impact: GPU rendering overhead
      Suggestions:
        • Batch meshes by material
        • Use MultiMeshInstance3D
        • Implement LOD system
        • Enable frustum culling

  🟠 [HIGH] Physics Bodies
      Value: 445 active bodies
      Impact: Physics engine load
      Suggestions:
        • Reduce NPC count
        • Convert distant NPCs to kinematic
        • Disable physics for far objects

  🟡 [MEDIUM] Vertex Count
      Value: 6186147 vertices/frame
      Impact: GPU vertex processing
      Suggestions:
        • Implement LOD for distant objects
        • Simplify building meshes
        • Use lower poly models

  🟡 [MEDIUM] Node Count
      Value: 29082 nodes
      Impact: Scene tree traversal overhead
      Suggestions:
        • Unload distant chunks
        • Pool and reuse nodes
        • Flatten hierarchy where possible

  🟡 [MEDIUM] Post-Processing Effects
      Value: SSAO, Glow/Bloom, Volumetric Fog
      Impact: GPU shader overhead
      Suggestions:
        • Reduce SSR quality
        • Disable SSAO on low-end hardware
        • Use simpler fog

📈 DETAILED STATS:
  Draw Calls: 4534 avg | 7015 max
  Vertices: 6186147 avg | 6600723 max
  Physics Bodies: 445
  Nodes: 29082
  VRAM: 746.3 MB

=================================================

⚡ PHYSICS SPIKE #281: 11.7 ms at 44.4s (Bodies: 477)
⚡ PHYSICS SPIKE #282: 11.7 ms at 44.4s (Bodies: 477)
⚡ PHYSICS SPIKE #283: 11.7 ms at 44.4s (Bodies: 477)
⚡ FRAME SPIKE #904: 51.2 ms at 44.4s (Draw: 4242, Bodies: 477)
⚡ PHYSICS SPIKE #284: 11.7 ms at 44.5s (Bodies: 477)
⚡ PHYSICS SPIKE #285: 11.7 ms at 44.5s (Bodies: 477)
⚡ PHYSICS SPIKE #286: 11.7 ms at 44.5s (Bodies: 477)
⚡ FRAME SPIKE #905: 50.0 ms at 44.5s (Draw: 4234, Bodies: 477)
⚡ PHYSICS SPIKE #287: 11.7 ms at 44.5s (Bodies: 477)
⚡ PHYSICS SPIKE #288: 11.7 ms at 44.5s (Bodies: 477)
⚡ PHYSICS SPIKE #289: 11.7 ms at 44.5s (Bodies: 477)
⚡ FRAME SPIKE #906: 50.8 ms at 44.5s (Draw: 4234, Bodies: 477)
⚡ PHYSICS SPIKE #290: 11.7 ms at 44.6s (Bodies: 477)
⚡ PHYSICS SPIKE #291: 11.7 ms at 44.6s (Bodies: 477)
⚡ PHYSICS SPIKE #292: 11.7 ms at 44.6s (Bodies: 477)
⚡ FRAME SPIKE #907: 51.2 ms at 44.6s (Draw: 4242, Bodies: 477)
⚡ PHYSICS SPIKE #293: 11.7 ms at 44.6s (Bodies: 477)
⚡ PHYSICS SPIKE #294: 11.7 ms at 44.6s (Bodies: 477)
⚡ PHYSICS SPIKE #295: 11.7 ms at 44.6s (Bodies: 477)
⚡ FRAME SPIKE #908: 50.0 ms at 44.6s (Draw: 4242, Bodies: 477)
⚡ PHYSICS SPIKE #296: 11.7 ms at 44.7s (Bodies: 477)
⚡ PHYSICS SPIKE #297: 11.7 ms at 44.7s (Bodies: 477)
⚡ PHYSICS SPIKE #298: 11.7 ms at 44.7s (Bodies: 477)
⚡ FRAME SPIKE #909: 50.0 ms at 44.7s (Draw: 4249, Bodies: 477)
⚡ PHYSICS SPIKE #299: 11.7 ms at 44.7s (Bodies: 477)
⚡ PHYSICS SPIKE #300: 11.7 ms at 44.7s (Bodies: 477)
⚡ PHYSICS SPIKE #301: 11.7 ms at 44.7s (Bodies: 477)
⚡ FRAME SPIKE #910: 50.0 ms at 44.7s (Draw: 4249, Bodies: 477)
⚡ PHYSICS SPIKE #302: 11.6 ms at 44.8s (Bodies: 477)
⚡ PHYSICS SPIKE #303: 11.6 ms at 44.8s (Bodies: 477)
⚡ PHYSICS SPIKE #304: 11.6 ms at 44.8s (Bodies: 477)
⚡ FRAME SPIKE #911: 50.0 ms at 44.8s (Draw: 4261, Bodies: 477)
⚡ PHYSICS SPIKE #305: 11.6 ms at 44.8s (Bodies: 477)
⚡ PHYSICS SPIKE #306: 11.6 ms at 44.8s (Bodies: 477)
⚡ PHYSICS SPIKE #307: 11.6 ms at 44.8s (Bodies: 477)
⚡ FRAME SPIKE #912: 50.0 ms at 44.8s (Draw: 4262, Bodies: 477)
⚡ PHYSICS SPIKE #308: 11.6 ms at 44.9s (Bodies: 477)
⚡ PHYSICS SPIKE #309: 11.6 ms at 44.9s (Bodies: 477)
⚡ PHYSICS SPIKE #310: 11.6 ms at 44.9s (Bodies: 477)
⚡ FRAME SPIKE #913: 50.0 ms at 44.9s (Draw: 4256, Bodies: 477)
⚡ PHYSICS SPIKE #311: 11.6 ms at 44.9s (Bodies: 477)
⚡ PHYSICS SPIKE #312: 11.6 ms at 44.9s (Bodies: 477)
⚡ PHYSICS SPIKE #313: 11.6 ms at 44.9s (Bodies: 477)
⚡ FRAME SPIKE #914: 50.0 ms at 44.9s (Draw: 4253, Bodies: 477)
⚡ PHYSICS SPIKE #314: 11.6 ms at 45.0s (Bodies: 477)
⚡ PHYSICS SPIKE #315: 11.6 ms at 45.0s (Bodies: 477)
⚡ PHYSICS SPIKE #316: 11.6 ms at 45.0s (Bodies: 477)
⚡ FRAME SPIKE #915: 50.0 ms at 45.0s (Draw: 4260, Bodies: 477)
⚡ PHYSICS SPIKE #317: 11.6 ms at 45.0s (Bodies: 477)
⚡ PHYSICS SPIKE #318: 11.6 ms at 45.0s (Bodies: 477)
⚡ PHYSICS SPIKE #319: 11.6 ms at 45.0s (Bodies: 477)
⚡ FRAME SPIKE #916: 50.0 ms at 45.0s (Draw: 4252, Bodies: 477)
⚡ PHYSICS SPIKE #320: 11.6 ms at 45.1s (Bodies: 477)
⚡ PHYSICS SPIKE #321: 11.6 ms at 45.1s (Bodies: 477)
⚡ PHYSICS SPIKE #322: 11.6 ms at 45.1s (Bodies: 477)
⚡ FRAME SPIKE #917: 50.0 ms at 45.1s (Draw: 4260, Bodies: 477)
⚡ PHYSICS SPIKE #323: 11.6 ms at 45.1s (Bodies: 477)
⚡ PHYSICS SPIKE #324: 11.6 ms at 45.1s (Bodies: 477)
⚡ PHYSICS SPIKE #325: 11.6 ms at 45.1s (Bodies: 477)
⚡ FRAME SPIKE #918: 50.0 ms at 45.1s (Draw: 4254, Bodies: 477)
⚡ PHYSICS SPIKE #326: 11.6 ms at 45.2s (Bodies: 477)
⚡ PHYSICS SPIKE #327: 11.6 ms at 45.2s (Bodies: 477)
⚡ PHYSICS SPIKE #328: 11.6 ms at 45.2s (Bodies: 477)
⚡ FRAME SPIKE #919: 50.0 ms at 45.2s (Draw: 4250, Bodies: 477)
⚡ PHYSICS SPIKE #329: 11.6 ms at 45.2s (Bodies: 477)
⚡ PHYSICS SPIKE #330: 11.6 ms at 45.2s (Bodies: 477)
⚡ PHYSICS SPIKE #331: 11.6 ms at 45.2s (Bodies: 477)
⚡ FRAME SPIKE #920: 50.0 ms at 45.2s (Draw: 4245, Bodies: 477)
⚡ PHYSICS SPIKE #332: 11.6 ms at 45.3s (Bodies: 477)
⚡ PHYSICS SPIKE #333: 11.6 ms at 45.3s (Bodies: 477)
⚡ PHYSICS SPIKE #334: 11.6 ms at 45.3s (Bodies: 477)
⚡ FRAME SPIKE #921: 50.0 ms at 45.3s (Draw: 4235, Bodies: 477)
⚡ PHYSICS SPIKE #335: 11.6 ms at 45.3s (Bodies: 477)
⚡ PHYSICS SPIKE #336: 11.6 ms at 45.3s (Bodies: 477)
⚡ PHYSICS SPIKE #337: 11.6 ms at 45.3s (Bodies: 477)
⚡ FRAME SPIKE #922: 50.0 ms at 45.3s (Draw: 4232, Bodies: 477)
⚡ PHYSICS SPIKE #338: 11.6 ms at 45.4s (Bodies: 477)
⚡ PHYSICS SPIKE #339: 11.6 ms at 45.4s (Bodies: 477)
⚡ PHYSICS SPIKE #340: 11.6 ms at 45.4s (Bodies: 477)
⚡ FRAME SPIKE #923: 50.0 ms at 45.4s (Draw: 4231, Bodies: 477)
⚡ PHYSICS SPIKE #341: 11.6 ms at 45.4s (Bodies: 477)
⚡ PHYSICS SPIKE #342: 11.6 ms at 45.4s (Bodies: 477)
⚡ PHYSICS SPIKE #343: 11.6 ms at 45.4s (Bodies: 477)
⚡ FRAME SPIKE #924: 50.0 ms at 45.4s (Draw: 4227, Bodies: 477)
⚡ PHYSICS SPIKE #344: 11.6 ms at 45.5s (Bodies: 477)
⚡ PHYSICS SPIKE #345: 11.6 ms at 45.5s (Bodies: 477)
⚡ PHYSICS SPIKE #346: 11.6 ms at 45.5s (Bodies: 477)
⚡ FRAME SPIKE #925: 50.0 ms at 45.5s (Draw: 4227, Bodies: 477)
⚡ PHYSICS SPIKE #347: 11.6 ms at 45.5s (Bodies: 477)
⚡ PHYSICS SPIKE #348: 11.6 ms at 45.5s (Bodies: 477)
⚡ PHYSICS SPIKE #349: 11.6 ms at 45.5s (Bodies: 477)
⚡ FRAME SPIKE #926: 50.0 ms at 45.5s (Draw: 4228, Bodies: 477)
⚡ PHYSICS SPIKE #350: 11.6 ms at 45.6s (Bodies: 477)
⚡ PHYSICS SPIKE #351: 11.6 ms at 45.6s (Bodies: 477)
⚡ PHYSICS SPIKE #352: 11.6 ms at 45.6s (Bodies: 477)
⚡ FRAME SPIKE #927: 50.0 ms at 45.6s (Draw: 4231, Bodies: 477)
⚡ PHYSICS SPIKE #353: 11.6 ms at 45.6s (Bodies: 477)
⚡ PHYSICS SPIKE #354: 11.6 ms at 45.6s (Bodies: 476)
⚡ PHYSICS SPIKE #355: 11.6 ms at 45.6s (Bodies: 476)
⚡ FRAME SPIKE #928: 50.0 ms at 45.6s (Draw: 4230, Bodies: 476)
⚡ PHYSICS SPIKE #356: 11.6 ms at 45.7s (Bodies: 476)
⚡ PHYSICS SPIKE #357: 11.6 ms at 45.7s (Bodies: 476)
⚡ PHYSICS SPIKE #358: 11.6 ms at 45.7s (Bodies: 476)
⚡ FRAME SPIKE #929: 50.0 ms at 45.7s (Draw: 4227, Bodies: 476)
⚡ PHYSICS SPIKE #359: 11.6 ms at 45.7s (Bodies: 476)
⚡ PHYSICS SPIKE #360: 11.6 ms at 45.7s (Bodies: 476)
⚡ PHYSICS SPIKE #361: 11.6 ms at 45.7s (Bodies: 476)
⚡ FRAME SPIKE #930: 50.0 ms at 45.7s (Draw: 4226, Bodies: 476)
⚡ PHYSICS SPIKE #362: 11.6 ms at 45.8s (Bodies: 476)
⚡ PHYSICS SPIKE #363: 11.6 ms at 45.8s (Bodies: 476)
⚡ PHYSICS SPIKE #364: 11.6 ms at 45.8s (Bodies: 476)
⚡ FRAME SPIKE #931: 50.0 ms at 45.8s (Draw: 4229, Bodies: 476)
⚡ PHYSICS SPIKE #365: 11.6 ms at 45.8s (Bodies: 476)
⚡ PHYSICS SPIKE #366: 11.6 ms at 45.8s (Bodies: 476)
⚡ PHYSICS SPIKE #367: 11.6 ms at 45.8s (Bodies: 476)
⚡ FRAME SPIKE #932: 50.0 ms at 45.8s (Draw: 4224, Bodies: 476)
⚡ PHYSICS SPIKE #368: 11.6 ms at 45.9s (Bodies: 476)
⚡ PHYSICS SPIKE #369: 11.6 ms at 45.9s (Bodies: 476)
⚡ PHYSICS SPIKE #370: 11.6 ms at 45.9s (Bodies: 476)
⚡ FRAME SPIKE #933: 50.0 ms at 45.9s (Draw: 4220, Bodies: 476)
⚡ PHYSICS SPIKE #371: 11.6 ms at 45.9s (Bodies: 476)
⚡ PHYSICS SPIKE #372: 11.6 ms at 45.9s (Bodies: 476)
⚡ PHYSICS SPIKE #373: 11.6 ms at 45.9s (Bodies: 476)
⚡ FRAME SPIKE #934: 50.0 ms at 45.9s (Draw: 4228, Bodies: 476)
⚡ PHYSICS SPIKE #374: 11.6 ms at 46.0s (Bodies: 476)
⚡ PHYSICS SPIKE #375: 11.6 ms at 46.0s (Bodies: 477)
⚡ PHYSICS SPIKE #376: 11.6 ms at 46.0s (Bodies: 477)
⚡ FRAME SPIKE #935: 50.0 ms at 46.0s (Draw: 4233, Bodies: 477)
⚡ PHYSICS SPIKE #377: 11.6 ms at 46.0s (Bodies: 477)
⚡ PHYSICS SPIKE #378: 11.6 ms at 46.0s (Bodies: 477)
⚡ PHYSICS SPIKE #379: 11.6 ms at 46.0s (Bodies: 477)
⚡ FRAME SPIKE #936: 50.0 ms at 46.0s (Draw: 4233, Bodies: 477)
⚡ PHYSICS SPIKE #380: 11.6 ms at 46.1s (Bodies: 477)
⚡ PHYSICS SPIKE #381: 11.6 ms at 46.1s (Bodies: 477)
⚡ PHYSICS SPIKE #382: 11.6 ms at 46.1s (Bodies: 477)
⚡ FRAME SPIKE #937: 50.0 ms at 46.1s (Draw: 4230, Bodies: 477)
⚡ PHYSICS SPIKE #383: 11.6 ms at 46.1s (Bodies: 477)
⚡ PHYSICS SPIKE #384: 11.6 ms at 46.1s (Bodies: 477)
⚡ PHYSICS SPIKE #385: 11.6 ms at 46.1s (Bodies: 477)
⚡ FRAME SPIKE #938: 50.0 ms at 46.1s (Draw: 4234, Bodies: 477)
⚡ PHYSICS SPIKE #386: 11.6 ms at 46.2s (Bodies: 477)
⚡ PHYSICS SPIKE #387: 11.6 ms at 46.2s (Bodies: 477)
⚡ PHYSICS SPIKE #388: 11.6 ms at 46.2s (Bodies: 477)
⚡ FRAME SPIKE #939: 50.0 ms at 46.2s (Draw: 4230, Bodies: 477)
⚡ PHYSICS SPIKE #389: 11.6 ms at 46.2s (Bodies: 477)
⚡ PHYSICS SPIKE #390: 11.6 ms at 46.2s (Bodies: 477)
⚡ PHYSICS SPIKE #391: 11.6 ms at 46.2s (Bodies: 477)
⚡ FRAME SPIKE #940: 50.0 ms at 46.2s (Draw: 4234, Bodies: 477)
⚡ PHYSICS SPIKE #392: 11.6 ms at 46.3s (Bodies: 477)
⚡ PHYSICS SPIKE #393: 11.6 ms at 46.3s (Bodies: 477)
⚡ PHYSICS SPIKE #394: 11.6 ms at 46.3s (Bodies: 477)
⚡ FRAME SPIKE #941: 50.0 ms at 46.3s (Draw: 4239, Bodies: 477)
⚡ PHYSICS SPIKE #395: 11.6 ms at 46.3s (Bodies: 477)
⚡ PHYSICS SPIKE #396: 11.6 ms at 46.3s (Bodies: 477)
⚡ PHYSICS SPIKE #397: 11.6 ms at 46.3s (Bodies: 477)
⚡ FRAME SPIKE #942: 50.0 ms at 46.3s (Draw: 4239, Bodies: 477)
⚡ PHYSICS SPIKE #398: 11.6 ms at 46.4s (Bodies: 477)
⚡ PHYSICS SPIKE #399: 11.6 ms at 46.4s (Bodies: 477)
⚡ PHYSICS SPIKE #400: 11.6 ms at 46.4s (Bodies: 477)
⚡ FRAME SPIKE #943: 50.0 ms at 46.4s (Draw: 4242, Bodies: 477)
🚗 Traffic: 27 active NPCs (Near: 8, Mid: 12, Far: 7), 3 pooled
  → Physics bodies from NPCs: 27 (All: 27×1, было бы 27×5=135)

========== Bottleneck Analysis Report ==========
Time: 56.7s | Frames: 1692

📊 PERFORMANCE OVERVIEW:
  FPS: 19.0 avg | 14.0 min
  Frame Time: 39.31 ms avg | 128.58 ms max
  Physics Time: 11.02 ms avg

🔍 BOTTLENECK IDENTIFICATION:
  🔴 [CRITICAL] Frame Time
      Value: 39.31 ms (target: 16.67 ms)
      Impact: Overall performance bottleneck
      Suggestions:
        • Reduce draw calls
        • Optimize scripts in _process()
        • Check for expensive operations per frame

  🔴 [CRITICAL] Physics Time
      Value: 11.02 ms
      Impact: Physics simulation overhead
      Suggestions:
        • Reduce number of active physics bodies
        • Simplify collision shapes
        • Disable physics for distant objects

  🟠 [HIGH] Draw Calls
      Value: 4258 calls/frame
      Impact: GPU rendering overhead
      Suggestions:
        • Batch meshes by material
        • Use MultiMeshInstance3D
        • Implement LOD system
        • Enable frustum culling

  🟠 [HIGH] Physics Bodies
      Value: 467 active bodies
      Impact: Physics engine load
      Suggestions:
        • Reduce NPC count
        • Convert distant NPCs to kinematic
        • Disable physics for far objects

  🟡 [MEDIUM] Vertex Count
      Value: 6284898 vertices/frame
      Impact: GPU vertex processing
      Suggestions:
        • Implement LOD for distant objects
        • Simplify building meshes
        • Use lower poly models

  🟡 [MEDIUM] Node Count
      Value: 29082 nodes
      Impact: Scene tree traversal overhead
      Suggestions:
        • Unload distant chunks
        • Pool and reuse nodes
        • Flatten hierarchy where possible

  🟡 [MEDIUM] Post-Processing Effects
      Value: SSAO, Glow/Bloom, Volumetric Fog
      Impact: GPU shader overhead
      Suggestions:
        • Reduce SSR quality
        • Disable SSAO on low-end hardware
        • Use simpler fog

📈 DETAILED STATS:
  Draw Calls: 4258 avg | 4421 max
  Vertices: 6284898 avg | 6554681 max
  Physics Bodies: 467
  Nodes: 29082
  VRAM: 746.3 MB

=================================================

⚡ PHYSICS SPIKE #401: 11.6 ms at 46.4s (Bodies: 477)
⚡ PHYSICS SPIKE #402: 11.6 ms at 46.4s (Bodies: 477)
⚡ PHYSICS SPIKE #403: 11.6 ms at 46.4s (Bodies: 477)
⚡ FRAME SPIKE #944: 50.0 ms at 46.4s (Draw: 4244, Bodies: 477)
⚡ PHYSICS SPIKE #404: 11.6 ms at 46.5s (Bodies: 477)
⚡ PHYSICS SPIKE #405: 11.6 ms at 46.5s (Bodies: 477)
⚡ PHYSICS SPIKE #406: 11.6 ms at 46.5s (Bodies: 477)
⚡ FRAME SPIKE #945: 50.0 ms at 46.5s (Draw: 4243, Bodies: 477)
⚡ PHYSICS SPIKE #407: 11.6 ms at 46.5s (Bodies: 477)
⚡ PHYSICS SPIKE #408: 11.6 ms at 46.5s (Bodies: 477)
⚡ PHYSICS SPIKE #409: 11.6 ms at 46.5s (Bodies: 477)
⚡ FRAME SPIKE #946: 50.0 ms at 46.5s (Draw: 4243, Bodies: 477)
⚡ PHYSICS SPIKE #410: 11.6 ms at 46.6s (Bodies: 477)
⚡ PHYSICS SPIKE #411: 11.6 ms at 46.6s (Bodies: 477)
⚡ PHYSICS SPIKE #412: 11.6 ms at 46.6s (Bodies: 477)
⚡ FRAME SPIKE #947: 50.0 ms at 46.6s (Draw: 4247, Bodies: 477)
⚡ PHYSICS SPIKE #413: 11.6 ms at 46.6s (Bodies: 477)
⚡ PHYSICS SPIKE #414: 11.6 ms at 46.6s (Bodies: 477)
⚡ PHYSICS SPIKE #415: 11.6 ms at 46.6s (Bodies: 477)
⚡ FRAME SPIKE #948: 50.0 ms at 46.6s (Draw: 4246, Bodies: 477)
⚡ PHYSICS SPIKE #416: 11.6 ms at 46.7s (Bodies: 477)
⚡ PHYSICS SPIKE #417: 11.6 ms at 46.7s (Bodies: 477)
⚡ PHYSICS SPIKE #418: 11.6 ms at 46.7s (Bodies: 477)
⚡ FRAME SPIKE #949: 50.0 ms at 46.7s (Draw: 4246, Bodies: 477)
⚡ PHYSICS SPIKE #419: 11.6 ms at 46.7s (Bodies: 477)
⚡ PHYSICS SPIKE #420: 11.6 ms at 46.7s (Bodies: 477)
⚡ PHYSICS SPIKE #421: 11.6 ms at 46.7s (Bodies: 477)
⚡ FRAME SPIKE #950: 50.0 ms at 46.7s (Draw: 4247, Bodies: 477)
⚡ PHYSICS SPIKE #422: 12.1 ms at 46.8s (Bodies: 477)
⚡ PHYSICS SPIKE #423: 12.1 ms at 46.8s (Bodies: 477)
⚡ PHYSICS SPIKE #424: 12.1 ms at 46.8s (Bodies: 477)
⚡ FRAME SPIKE #951: 50.0 ms at 46.8s (Draw: 4248, Bodies: 477)
⚡ PHYSICS SPIKE #425: 12.1 ms at 46.8s (Bodies: 477)
⚡ PHYSICS SPIKE #426: 12.1 ms at 46.8s (Bodies: 477)
⚡ PHYSICS SPIKE #427: 12.1 ms at 46.8s (Bodies: 477)
⚡ FRAME SPIKE #952: 50.0 ms at 46.8s (Draw: 4249, Bodies: 477)
⚡ PHYSICS SPIKE #428: 12.1 ms at 46.9s (Bodies: 477)
⚡ PHYSICS SPIKE #429: 12.1 ms at 46.9s (Bodies: 477)
⚡ PHYSICS SPIKE #430: 12.1 ms at 46.9s (Bodies: 477)
⚡ FRAME SPIKE #953: 50.0 ms at 46.9s (Draw: 4247, Bodies: 477)
⚡ PHYSICS SPIKE #431: 12.1 ms at 46.9s (Bodies: 477)
⚡ PHYSICS SPIKE #432: 12.1 ms at 46.9s (Bodies: 477)
⚡ PHYSICS SPIKE #433: 12.1 ms at 46.9s (Bodies: 477)
⚡ FRAME SPIKE #954: 50.0 ms at 46.9s (Draw: 4247, Bodies: 477)
⚡ PHYSICS SPIKE #434: 12.1 ms at 47.0s (Bodies: 477)
⚡ PHYSICS SPIKE #435: 12.1 ms at 47.0s (Bodies: 477)
⚡ PHYSICS SPIKE #436: 12.1 ms at 47.0s (Bodies: 477)
⚡ FRAME SPIKE #955: 50.0 ms at 47.0s (Draw: 4258, Bodies: 477)
⚡ PHYSICS SPIKE #437: 12.1 ms at 47.0s (Bodies: 477)
⚡ PHYSICS SPIKE #438: 12.1 ms at 47.0s (Bodies: 477)
⚡ PHYSICS SPIKE #439: 12.1 ms at 47.0s (Bodies: 477)
⚡ FRAME SPIKE #956: 50.0 ms at 47.0s (Draw: 4263, Bodies: 477)
⚡ PHYSICS SPIKE #440: 12.1 ms at 47.1s (Bodies: 477)
⚡ PHYSICS SPIKE #441: 12.1 ms at 47.1s (Bodies: 477)
⚡ PHYSICS SPIKE #442: 12.1 ms at 47.1s (Bodies: 477)
⚡ FRAME SPIKE #957: 50.0 ms at 47.1s (Draw: 4275, Bodies: 477)
⚡ PHYSICS SPIKE #443: 12.1 ms at 47.1s (Bodies: 477)
⚡ PHYSICS SPIKE #444: 12.1 ms at 47.1s (Bodies: 477)
⚡ PHYSICS SPIKE #445: 12.1 ms at 47.1s (Bodies: 477)
⚡ FRAME SPIKE #958: 50.0 ms at 47.1s (Draw: 4275, Bodies: 477)
⚡ PHYSICS SPIKE #446: 12.1 ms at 47.2s (Bodies: 477)
⚡ PHYSICS SPIKE #447: 12.1 ms at 47.2s (Bodies: 477)
⚡ PHYSICS SPIKE #448: 12.1 ms at 47.2s (Bodies: 477)
⚡ FRAME SPIKE #959: 50.0 ms at 47.2s (Draw: 4283, Bodies: 477)
⚡ PHYSICS SPIKE #449: 12.1 ms at 47.2s (Bodies: 477)
⚡ PHYSICS SPIKE #450: 12.1 ms at 47.2s (Bodies: 477)
⚡ PHYSICS SPIKE #451: 12.1 ms at 47.2s (Bodies: 477)
⚡ FRAME SPIKE #960: 50.0 ms at 47.2s (Draw: 4293, Bodies: 477)
